0 0.165039 0.334635 0.165039 0.335938 0.162109 0.339844 0.162109 0.341146 0.160156 0.345052 0.160156 0.347656 0.159180 0.348958 0.159180 0.352865 0.158203 0.354167 0.158203 0.365885 0.157227 0.367188 0.157227 0.372396 0.160156 0.376302 0.162109 0.376302 0.164062 0.378906 0.165039 0.378906 0.168945 0.382812 0.178711 0.382812 0.179688 0.381510 0.181641 0.381510 0.182617 0.380208 0.184570 0.380208 0.185547 0.378906 0.189453 0.378906 0.190430 0.377604 0.192383 0.377604 0.195312 0.373698 0.195312 0.372396 0.196289 0.371094 0.196289 0.368490 0.197266 0.367188 0.197266 0.365885 0.196289 0.364583 0.196289 0.359375 0.195312 0.358073 0.195312 0.355469 0.193359 0.351562 0.193359 0.348958 0.192383 0.347656 0.192383 0.346354 0.189453 0.342448 0.184570 0.343750 0.183594 0.342448 0.182617 0.342448 0.180664 0.339844 0.180664 0.338542 0.179688 0.338542 0.178711 0.337240 0.176758 0.337240 0.173828 0.334635 0.169922 0.338542 0.166016 0.334635
0 0.154297 0.376302 0.151367 0.381510 0.150391 0.385417 0.145508 0.393229 0.145508 0.395833 0.144531 0.397135 0.144531 0.398438 0.147461 0.403646 0.149414 0.410156 0.153320 0.415365 0.156250 0.416667 0.163086 0.424479 0.166016 0.424479 0.166992 0.425781 0.178711 0.425781 0.179688 0.424479 0.181641 0.424479 0.185547 0.419271 0.185547 0.414062 0.186523 0.412760 0.186523 0.404948 0.184570 0.402344 0.184570 0.399740 0.183594 0.398438 0.183594 0.397135 0.184570 0.395833 0.189453 0.395833 0.189453 0.391927 0.188477 0.391927 0.184570 0.385417 0.182617 0.385417 0.181641 0.384115 0.180664 0.384115 0.179688 0.385417 0.172852 0.385417 0.171875 0.384115 0.166992 0.382812 0.166016 0.381510 0.161133 0.378906 0.158203 0.375000 0.157227 0.375000 0.156250 0.376302
0 0.219727 0.345052 0.219727 0.348958 0.220703 0.350260 0.220703 0.355469 0.219727 0.358073 0.220703 0.358073 0.220703 0.351562 0.222656 0.348958 0.227539 0.348958 0.228516 0.350260 0.228516 0.352865 0.226562 0.354167 0.226562 0.361979 0.225586 0.363281 0.215820 0.361979 0.208008 0.352865 0.205078 0.356771 0.204102 0.356771 0.199219 0.369792 0.199219 0.384115 0.198242 0.385417 0.198242 0.388021 0.199219 0.389323 0.201172 0.389323 0.204102 0.393229 0.204102 0.394531 0.206055 0.395833 0.213867 0.397135 0.214844 0.398438 0.220703 0.399740 0.224609 0.402344 0.230469 0.402344 0.232422 0.401042 0.234375 0.397135 0.234375 0.394531 0.236328 0.389323 0.237305 0.378906 0.240234 0.375000 0.241211 0.364583 0.240234 0.363281 0.239258 0.354167 0.235352 0.351562 0.231445 0.346354 0.229492 0.346354 0.228516 0.345052
0 0.228516 0.299479 0.223633 0.304688 0.222656 0.308594 0.220703 0.309896 0.219727 0.312500 0.219727 0.315104 0.217773 0.319010 0.217773 0.322917 0.216797 0.324219 0.216797 0.326823 0.217773 0.328125 0.217773 0.332031 0.219727 0.334635 0.223633 0.337240 0.225586 0.339844 0.225586 0.341146 0.227539 0.342448 0.229492 0.342448 0.232422 0.345052 0.234375 0.345052 0.237305 0.347656 0.242188 0.348958 0.244141 0.350260 0.245117 0.352865 0.248047 0.355469 0.250000 0.352865 0.250977 0.352865 0.251953 0.348958 0.259766 0.338542 0.259766 0.337240 0.262695 0.332031 0.262695 0.328125 0.263672 0.326823 0.263672 0.315104 0.260742 0.307292 0.260742 0.304688 0.259766 0.302083 0.256836 0.300781 0.250977 0.294271 0.246094 0.295573 0.242188 0.300781 0.237305 0.300781 0.236328 0.299479 0.234375 0.299479 0.233398 0.300781 0.229492 0.300781
0 0.270508 0.272135 0.267578 0.277344 0.267578 0.279948 0.266602 0.281250 0.266602 0.285156 0.265625 0.286458 0.265625 0.291667 0.264648 0.292969 0.264648 0.296875 0.265625 0.298177 0.265625 0.302083 0.266602 0.303385 0.266602 0.304688 0.265625 0.305990 0.265625 0.311198 0.267578 0.315104 0.270508 0.316406 0.276367 0.322917 0.277344 0.322917 0.278320 0.324219 0.280273 0.324219 0.281250 0.325521 0.285156 0.325521 0.286133 0.326823 0.287109 0.326823 0.288086 0.325521 0.289062 0.325521 0.292969 0.320312 0.294922 0.313802 0.297852 0.309896 0.297852 0.308594 0.303711 0.294271 0.303711 0.292969 0.302734 0.291667 0.302734 0.282552 0.299805 0.277344 0.296875 0.276042 0.292969 0.272135 0.290039 0.272135 0.289062 0.270833 0.285156 0.270833 0.284180 0.269531 0.279297 0.269531 0.278320 0.270833 0.275391 0.270833 0.274414 0.272135
0 0.221680 0.429688 0.220703 0.429688 0.213867 0.424479 0.209961 0.424479 0.207031 0.427083 0.204102 0.427083 0.203125 0.428385 0.201172 0.428385 0.199219 0.430990 0.196289 0.432292 0.192383 0.436198 0.189453 0.434896 0.185547 0.440104 0.185547 0.442708 0.184570 0.444010 0.184570 0.453125 0.183594 0.454427 0.184570 0.455729 0.185547 0.459635 0.187500 0.462240 0.187500 0.463542 0.193359 0.471354 0.194336 0.471354 0.197266 0.475260 0.200195 0.475260 0.201172 0.476562 0.205078 0.476562 0.206055 0.475260 0.208008 0.475260 0.208984 0.473958 0.215820 0.470052 0.217773 0.467448 0.218750 0.467448 0.221680 0.463542 0.221680 0.462240 0.222656 0.460938 0.222656 0.451823 0.223633 0.450521 0.223633 0.444010 0.224609 0.442708 0.225586 0.442708 0.225586 0.441406 0.226562 0.440104 0.223633 0.434896 0.223633 0.433594 0.222656 0.433594 0.221680 0.432292
0 0.165039 0.485677 0.165039 0.486979 0.164062 0.488281 0.164062 0.490885 0.163086 0.492188 0.163086 0.503906 0.164062 0.505208 0.164062 0.506510 0.169922 0.514323 0.170898 0.514323 0.171875 0.515625 0.176758 0.518229 0.178711 0.520833 0.179688 0.520833 0.180664 0.522135 0.187500 0.522135 0.188477 0.520833 0.191406 0.520833 0.192383 0.519531 0.195312 0.519531 0.198242 0.515625 0.198242 0.514323 0.200195 0.511719 0.200195 0.510417 0.201172 0.509115 0.201172 0.506510 0.203125 0.502604 0.203125 0.494792 0.202148 0.493490 0.202148 0.490885 0.200195 0.488281 0.190430 0.488281 0.189453 0.486979 0.186523 0.486979 0.185547 0.485677 0.181641 0.485677 0.176758 0.489583 0.174805 0.489583 0.174805 0.490885 0.173828 0.492188 0.172852 0.492188 0.171875 0.490885 0.171875 0.488281 0.170898 0.486979 0.169922 0.486979 0.168945 0.485677
0 0.126953 0.563802 0.126953 0.566406 0.127930 0.567708 0.127930 0.571615 0.128906 0.572917 0.128906 0.580729 0.129883 0.582031 0.129883 0.584635 0.131836 0.587240 0.131836 0.588542 0.134766 0.593750 0.134766 0.595052 0.135742 0.595052 0.138672 0.597656 0.142578 0.597656 0.143555 0.598958 0.148438 0.598958 0.149414 0.600260 0.155273 0.600260 0.156250 0.598958 0.158203 0.598958 0.160156 0.596354 0.161133 0.596354 0.166992 0.585938 0.166992 0.582031 0.168945 0.578125 0.168945 0.575521 0.167969 0.575521 0.166016 0.578125 0.159180 0.567708 0.157227 0.567708 0.156250 0.569010 0.155273 0.569010 0.155273 0.571615 0.158203 0.574219 0.157227 0.575521 0.153320 0.575521 0.152344 0.574219 0.152344 0.571615 0.153320 0.570312 0.150391 0.566406 0.149414 0.566406 0.148438 0.565104 0.146484 0.565104 0.145508 0.563802 0.143555 0.563802 0.142578 0.562500 0.133789 0.562500 0.131836 0.559896 0.129883 0.559896
0 0.216797 0.596354 0.213867 0.592448 0.212891 0.588542 0.209961 0.584635 0.208984 0.584635 0.208008 0.583333 0.206055 0.583333 0.205078 0.582031 0.201172 0.582031 0.200195 0.583333 0.196289 0.583333 0.195312 0.584635 0.194336 0.584635 0.192383 0.587240 0.187500 0.587240 0.184570 0.584635 0.183594 0.585938 0.180664 0.585938 0.180664 0.587240 0.179688 0.588542 0.179688 0.591146 0.180664 0.592448 0.180664 0.596354 0.182617 0.600260 0.182617 0.602865 0.183594 0.604167 0.183594 0.606771 0.186523 0.610677 0.188477 0.610677 0.189453 0.611979 0.191406 0.611979 0.192383 0.613281 0.204102 0.613281 0.205078 0.611979 0.206055 0.611979 0.208984 0.608073 0.209961 0.608073 0.211914 0.605469 0.213867 0.605469 0.216797 0.602865
0 0.205078 0.656250 0.200195 0.662760 0.200195 0.664062 0.198242 0.666667 0.198242 0.667969 0.197266 0.669271 0.197266 0.670573 0.195312 0.674479 0.195312 0.678385 0.197266 0.680990 0.198242 0.680990 0.199219 0.682292 0.200195 0.682292 0.201172 0.683594 0.202148 0.683594 0.205078 0.686198 0.207031 0.686198 0.208008 0.687500 0.220703 0.687500 0.221680 0.688802 0.224609 0.688802 0.227539 0.684896 0.228516 0.680990 0.230469 0.678385 0.231445 0.678385 0.231445 0.677083 0.233398 0.673177 0.233398 0.670573 0.234375 0.669271 0.234375 0.665365 0.235352 0.664062 0.235352 0.662760 0.217773 0.662760 0.216797 0.661458 0.213867 0.660156 0.211914 0.657552 0.209961 0.657552 0.208984 0.656250
0 0.198242 0.684896 0.195312 0.691406 0.195312 0.694010 0.193359 0.696615 0.193359 0.697917 0.192383 0.699219 0.192383 0.703125 0.191406 0.704427 0.191406 0.710938 0.193359 0.713542 0.196289 0.713542 0.198242 0.716146 0.199219 0.716146 0.202148 0.718750 0.204102 0.718750 0.207031 0.721354 0.208984 0.721354 0.209961 0.722656 0.210938 0.722656 0.211914 0.723958 0.213867 0.723958 0.214844 0.725260 0.219727 0.725260 0.222656 0.721354 0.223633 0.721354 0.227539 0.713542 0.227539 0.708333 0.226562 0.707031 0.226562 0.704427 0.225586 0.703125 0.225586 0.700521 0.224609 0.699219 0.224609 0.694010 0.223633 0.692708 0.223633 0.691406 0.220703 0.691406 0.219727 0.690104 0.212891 0.690104 0.211914 0.688802 0.207031 0.688802 0.206055 0.687500 0.204102 0.687500 0.201172 0.684896
0 0.228516 0.686198 0.228516 0.687500 0.227539 0.688802 0.227539 0.697917 0.226562 0.699219 0.227539 0.700521 0.227539 0.704427 0.228516 0.705729 0.228516 0.707031 0.229492 0.708333 0.230469 0.712240 0.232422 0.714844 0.233398 0.714844 0.236328 0.718750 0.238281 0.718750 0.239258 0.720052 0.243164 0.720052 0.244141 0.721354 0.248047 0.721354 0.249023 0.722656 0.254883 0.722656 0.260742 0.713542 0.260742 0.712240 0.261719 0.710938 0.261719 0.705729 0.263672 0.701823 0.263672 0.694010 0.262695 0.692708 0.260742 0.695312 0.259766 0.695312 0.259766 0.696615 0.258789 0.697917 0.257812 0.697917 0.256836 0.699219 0.254883 0.699219 0.252930 0.696615 0.251953 0.696615 0.250977 0.695312 0.249023 0.695312 0.245117 0.690104 0.244141 0.690104 0.240234 0.684896 0.239258 0.684896 0.238281 0.683594 0.236328 0.683594 0.235352 0.682292 0.232422 0.682292 0.229492 0.686198
0 0.232422 0.746094 0.232422 0.753906 0.231445 0.755208 0.231445 0.761719 0.232422 0.763021 0.232422 0.766927 0.234375 0.769531 0.234375 0.770833 0.236328 0.773438 0.236328 0.774740 0.239258 0.778646 0.242188 0.778646 0.243164 0.779948 0.254883 0.779948 0.255859 0.778646 0.257812 0.778646 0.258789 0.777344 0.259766 0.777344 0.262695 0.773438 0.262695 0.760417 0.261719 0.759115 0.261719 0.751302 0.260742 0.750000 0.260742 0.747396 0.258789 0.743490 0.253906 0.748698 0.249023 0.748698 0.247070 0.744792 0.247070 0.742188 0.245117 0.742188 0.244141 0.740885 0.243164 0.742188 0.245117 0.744792 0.246094 0.744792 0.247070 0.746094 0.245117 0.748698 0.243164 0.748698 0.241211 0.751302 0.238281 0.751302 0.237305 0.752604 0.235352 0.752604 0.232422 0.748698
0 0.259766 0.860677 0.258789 0.859375 0.255859 0.859375 0.254883 0.858073 0.251953 0.858073 0.250977 0.859375 0.248047 0.860677 0.248047 0.861979 0.246094 0.865885 0.245117 0.865885 0.240234 0.869792 0.238281 0.869792 0.237305 0.868490 0.234375 0.868490 0.233398 0.867188 0.231445 0.867188 0.230469 0.868490 0.226562 0.868490 0.224609 0.864583 0.222656 0.864583 0.222656 0.867188 0.223633 0.868490 0.224609 0.868490 0.226562 0.871094 0.226562 0.872396 0.228516 0.875000 0.228516 0.876302 0.229492 0.876302 0.230469 0.877604 0.233398 0.877604 0.237305 0.882812 0.238281 0.882812 0.242188 0.888021 0.242188 0.889323 0.244141 0.891927 0.246094 0.891927 0.247070 0.893229 0.248047 0.893229 0.248047 0.891927 0.250000 0.889323 0.250000 0.888021 0.250977 0.886719 0.250977 0.884115 0.250000 0.882812 0.250000 0.881510 0.250977 0.880208 0.250977 0.877604 0.251953 0.876302 0.252930 0.876302 0.256836 0.871094 0.257812 0.867188 0.259766 0.864583
0 0.294922 0.798177 0.293945 0.798177 0.292969 0.799479 0.291992 0.799479 0.291016 0.800781 0.290039 0.800781 0.289062 0.802083 0.289062 0.803385 0.288086 0.804688 0.288086 0.805990 0.284180 0.811198 0.284180 0.812500 0.283203 0.813802 0.283203 0.815104 0.282227 0.816406 0.281250 0.816406 0.281250 0.819010 0.280273 0.820312 0.280273 0.822917 0.279297 0.824219 0.279297 0.826823 0.278320 0.828125 0.278320 0.829427 0.279297 0.830729 0.279297 0.832031 0.280273 0.833333 0.291992 0.833333 0.293945 0.830729 0.293945 0.829427 0.294922 0.828125 0.294922 0.824219 0.295898 0.822917 0.295898 0.821615 0.296875 0.820312 0.296875 0.819010 0.297852 0.817708 0.297852 0.816406 0.298828 0.815104 0.298828 0.813802 0.299805 0.812500 0.299805 0.805990 0.298828 0.804688 0.298828 0.803385
0 0.335938 0.865885 0.334961 0.864583 0.334961 0.861979 0.333008 0.858073 0.333008 0.859375 0.331055 0.861979 0.331055 0.863281 0.330078 0.864583 0.330078 0.867188 0.329102 0.868490 0.329102 0.871094 0.328125 0.872396 0.328125 0.873698 0.326172 0.876302 0.318359 0.876302 0.317383 0.877604 0.316406 0.877604 0.315430 0.878906 0.315430 0.880208 0.313477 0.882812 0.312500 0.882812 0.311523 0.881510 0.311523 0.877604 0.308594 0.875000 0.303711 0.875000 0.302734 0.876302 0.295898 0.876302 0.295898 0.880208 0.296875 0.881510 0.297852 0.881510 0.299805 0.884115 0.300781 0.884115 0.303711 0.888021 0.304688 0.888021 0.307617 0.890625 0.309570 0.890625 0.310547 0.891927 0.311523 0.891927 0.312500 0.890625 0.321289 0.890625 0.322266 0.891927 0.325195 0.891927 0.328125 0.888021 0.331055 0.886719 0.332031 0.885417 0.332031 0.884115 0.333984 0.881510 0.333984 0.877604 0.333008 0.876302 0.333008 0.873698 0.332031 0.872396 0.333008 0.871094 0.333008 0.869792
0 0.336914 0.833333 0.336914 0.835938 0.335938 0.837240 0.335938 0.842448 0.336914 0.843750 0.336914 0.846354 0.338867 0.850260 0.339844 0.850260 0.342773 0.852865 0.347656 0.852865 0.348633 0.854167 0.358398 0.854167 0.359375 0.852865 0.362305 0.852865 0.363281 0.851562 0.364258 0.851562 0.366211 0.848958 0.367188 0.848958 0.369141 0.846354 0.369141 0.834635 0.370117 0.833333 0.370117 0.829427 0.367188 0.825521 0.364258 0.825521 0.363281 0.824219 0.359375 0.824219 0.358398 0.822917 0.350586 0.822917 0.349609 0.824219 0.347656 0.824219 0.346680 0.825521 0.344727 0.825521 0.343750 0.826823 0.342773 0.826823 0.341797 0.828125 0.340820 0.828125
0 0.290039 0.739583 0.289062 0.740885 0.289062 0.742188 0.287109 0.744792 0.286133 0.744792 0.285156 0.743490 0.285156 0.742188 0.282227 0.739583 0.279297 0.742188 0.277344 0.742188 0.277344 0.746094 0.276367 0.747396 0.274414 0.747396 0.273438 0.746094 0.273438 0.742188 0.271484 0.742188 0.271484 0.746094 0.266602 0.750000 0.266602 0.751302 0.265625 0.752604 0.265625 0.755208 0.264648 0.756510 0.264648 0.768229 0.265625 0.769531 0.265625 0.770833 0.266602 0.770833 0.267578 0.772135 0.271484 0.772135 0.273438 0.774740 0.273438 0.776042 0.274414 0.777344 0.288086 0.777344 0.289062 0.776042 0.291016 0.776042 0.292969 0.772135 0.292969 0.768229 0.293945 0.766927 0.293945 0.763021 0.294922 0.761719 0.294922 0.750000 0.293945 0.748698 0.293945 0.746094 0.291992 0.746094 0.291016 0.744792 0.291016 0.740885
0 0.307617 0.748698 0.307617 0.752604 0.306641 0.753906 0.306641 0.764323 0.307617 0.765625 0.307617 0.774740 0.308594 0.776042 0.309570 0.776042 0.314453 0.779948 0.316406 0.779948 0.317383 0.781250 0.319336 0.781250 0.320312 0.782552 0.331055 0.782552 0.332031 0.781250 0.333984 0.781250 0.335938 0.778646 0.336914 0.778646 0.340820 0.773438 0.340820 0.772135 0.341797 0.770833 0.341797 0.763021 0.340820 0.761719 0.340820 0.753906 0.338867 0.756510 0.334961 0.756510 0.333984 0.755208 0.328125 0.755208 0.327148 0.753906 0.321289 0.753906 0.320312 0.755208 0.317383 0.755208 0.316406 0.756510 0.313477 0.756510 0.310547 0.752604 0.310547 0.750000 0.309570 0.748698 0.309570 0.747396 0.308594 0.748698
0 0.315430 0.700521 0.314453 0.699219 0.313477 0.699219 0.311523 0.696615 0.307617 0.696615 0.306641 0.697917 0.305664 0.697917 0.304688 0.696615 0.301758 0.696615 0.300781 0.695312 0.300781 0.692708 0.301758 0.691406 0.303711 0.691406 0.304688 0.690104 0.305664 0.690104 0.304688 0.690104 0.303711 0.688802 0.300781 0.688802 0.299805 0.690104 0.297852 0.690104 0.295898 0.692708 0.293945 0.692708 0.292969 0.694010 0.289062 0.694010 0.288086 0.695312 0.287109 0.695312 0.287109 0.696615 0.286133 0.697917 0.286133 0.700521 0.285156 0.701823 0.285156 0.704427 0.284180 0.705729 0.284180 0.722656 0.285156 0.723958 0.285156 0.725260 0.286133 0.725260 0.288086 0.727865 0.289062 0.727865 0.290039 0.729167 0.292969 0.729167 0.293945 0.730469 0.295898 0.730469 0.296875 0.729167 0.307617 0.729167 0.308594 0.727865 0.310547 0.727865 0.311523 0.726562 0.312500 0.726562 0.313477 0.725260 0.313477 0.723958 0.316406 0.720052 0.316406 0.712240 0.315430 0.710938
0 0.371094 0.738281 0.370117 0.736979 0.367188 0.736979 0.366211 0.738281 0.363281 0.738281 0.362305 0.739583 0.356445 0.739583 0.355469 0.738281 0.350586 0.738281 0.349609 0.739583 0.346680 0.739583 0.345703 0.740885 0.345703 0.743490 0.344727 0.744792 0.344727 0.753906 0.343750 0.755208 0.343750 0.757812 0.344727 0.759115 0.344727 0.761719 0.345703 0.763021 0.345703 0.764323 0.346680 0.765625 0.347656 0.765625 0.350586 0.769531 0.351562 0.769531 0.352539 0.770833 0.356445 0.770833 0.357422 0.772135 0.366211 0.772135 0.367188 0.770833 0.368164 0.770833 0.372070 0.765625 0.372070 0.763021 0.373047 0.761719 0.372070 0.760417 0.372070 0.756510 0.373047 0.755208 0.373047 0.744792 0.372070 0.743490 0.372070 0.740885 0.371094 0.739583
0 0.285156 0.648438 0.283203 0.651042 0.282227 0.651042 0.281250 0.652344 0.280273 0.652344 0.279297 0.653646 0.278320 0.653646 0.277344 0.654948 0.276367 0.654948 0.275391 0.656250 0.274414 0.656250 0.271484 0.658854 0.271484 0.661458 0.270508 0.662760 0.270508 0.669271 0.269531 0.670573 0.269531 0.679688 0.273438 0.684896 0.274414 0.684896 0.275391 0.686198 0.277344 0.686198 0.278320 0.687500 0.281250 0.687500 0.282227 0.688802 0.284180 0.688802 0.285156 0.690104 0.288086 0.690104 0.289062 0.691406 0.290039 0.691406 0.291016 0.690104 0.293945 0.690104 0.294922 0.688802 0.296875 0.688802 0.297852 0.687500 0.298828 0.687500 0.298828 0.686198 0.300781 0.682292 0.300781 0.665365 0.297852 0.661458 0.297852 0.660156 0.293945 0.654948 0.292969 0.654948 0.291016 0.652344 0.291016 0.651042 0.289062 0.648438
0 0.287109 0.622396 0.286133 0.621094 0.285156 0.621094 0.284180 0.622396 0.282227 0.622396 0.281250 0.621094 0.283203 0.617188 0.282227 0.617188 0.282227 0.618490 0.281250 0.619792 0.277344 0.619792 0.276367 0.618490 0.274414 0.618490 0.273438 0.619792 0.271484 0.619792 0.266602 0.623698 0.264648 0.623698 0.261719 0.626302 0.259766 0.626302 0.258789 0.627604 0.256836 0.627604 0.255859 0.628906 0.254883 0.628906 0.250000 0.632812 0.250000 0.643229 0.252930 0.647135 0.253906 0.647135 0.255859 0.649740 0.256836 0.649740 0.261719 0.656250 0.262695 0.656250 0.263672 0.657552 0.269531 0.657552 0.270508 0.656250 0.272461 0.656250 0.274414 0.653646 0.275391 0.653646 0.276367 0.652344 0.279297 0.651042 0.283203 0.645833 0.283203 0.643229 0.284180 0.641927 0.284180 0.639323 0.285156 0.638021 0.285156 0.635417 0.286133 0.634115 0.286133 0.631510 0.287109 0.630208
0 0.232422 0.598958 0.232422 0.608073 0.233398 0.609375 0.233398 0.614583 0.234375 0.615885 0.235352 0.619792 0.240234 0.626302 0.241211 0.626302 0.244141 0.628906 0.251953 0.628906 0.252930 0.627604 0.254883 0.627604 0.255859 0.626302 0.257812 0.626302 0.258789 0.625000 0.260742 0.625000 0.262695 0.622396 0.266602 0.622396 0.267578 0.621094 0.267578 0.617188 0.268555 0.615885 0.268555 0.611979 0.265625 0.608073 0.259766 0.605469 0.255859 0.600260 0.250977 0.600260 0.250000 0.598958 0.249023 0.598958 0.247070 0.596354 0.246094 0.596354 0.241211 0.602865 0.241211 0.604167 0.240234 0.605469 0.239258 0.605469 0.236328 0.601562 0.234375 0.601562
0 0.249023 0.584635 0.249023 0.593750 0.250000 0.595052 0.250000 0.596354 0.251953 0.598958 0.254883 0.598958 0.255859 0.600260 0.256836 0.600260 0.258789 0.602865 0.259766 0.602865 0.261719 0.605469 0.263672 0.605469 0.264648 0.606771 0.272461 0.606771 0.273438 0.605469 0.276367 0.604167 0.279297 0.600260 0.282227 0.598958 0.286133 0.592448 0.286133 0.584635 0.282227 0.579427 0.282227 0.576823 0.281250 0.575521 0.280273 0.575521 0.279297 0.574219 0.277344 0.574219 0.276367 0.572917 0.269531 0.572917 0.268555 0.571615 0.265625 0.571615 0.264648 0.572917 0.262695 0.572917 0.261719 0.574219 0.259766 0.574219 0.258789 0.575521 0.258789 0.576823 0.255859 0.580729 0.253906 0.580729 0.252930 0.582031 0.251953 0.582031
0 0.301758 0.584635 0.299805 0.584635 0.298828 0.583333 0.293945 0.583333 0.292969 0.584635 0.291016 0.584635 0.289062 0.588542 0.289062 0.591146 0.288086 0.592448 0.288086 0.593750 0.287109 0.595052 0.287109 0.596354 0.284180 0.600260 0.283203 0.600260 0.282227 0.601562 0.280273 0.601562 0.276367 0.606771 0.277344 0.608073 0.277344 0.610677 0.278320 0.611979 0.279297 0.611979 0.281250 0.614583 0.283203 0.614583 0.284180 0.615885 0.286133 0.615885 0.290039 0.621094 0.290039 0.622396 0.294922 0.622396 0.297852 0.619792 0.300781 0.619792 0.302734 0.617188 0.302734 0.615885 0.303711 0.614583 0.303711 0.613281 0.304688 0.611979 0.304688 0.610677 0.306641 0.606771 0.306641 0.589844 0.305664 0.589844
0 0.301758 0.628906 0.300781 0.630208 0.297852 0.631510 0.297852 0.632812 0.296875 0.634115 0.295898 0.638021 0.291992 0.643229 0.291992 0.645833 0.291016 0.647135 0.291016 0.648438 0.294922 0.653646 0.294922 0.654948 0.298828 0.660156 0.299805 0.660156 0.301758 0.662760 0.301758 0.664062 0.303711 0.666667 0.304688 0.666667 0.306641 0.669271 0.307617 0.669271 0.308594 0.670573 0.309570 0.670573 0.312500 0.673177 0.314453 0.673177 0.318359 0.667969 0.321289 0.666667 0.322266 0.665365 0.322266 0.664062 0.327148 0.657552 0.327148 0.654948 0.328125 0.653646 0.328125 0.651042 0.327148 0.649740 0.327148 0.644531 0.326172 0.643229 0.325195 0.643229 0.322266 0.640625 0.320312 0.640625 0.319336 0.639323 0.316406 0.639323 0.315430 0.638021 0.314453 0.638021 0.311523 0.634115 0.310547 0.634115 0.309570 0.632812 0.308594 0.632812 0.307617 0.631510 0.306641 0.631510 0.303711 0.628906
0 0.310547 0.601562 0.310547 0.602865 0.309570 0.604167 0.309570 0.606771 0.307617 0.609375 0.306641 0.609375 0.306641 0.611979 0.305664 0.613281 0.305664 0.615885 0.304688 0.617188 0.304688 0.618490 0.302734 0.621094 0.302734 0.626302 0.303711 0.627604 0.304688 0.627604 0.306641 0.630208 0.307617 0.630208 0.309570 0.632812 0.310547 0.632812 0.311523 0.634115 0.312500 0.634115 0.317383 0.638021 0.320312 0.638021 0.321289 0.639323 0.324219 0.639323 0.325195 0.640625 0.327148 0.640625 0.328125 0.639323 0.331055 0.639323 0.332031 0.638021 0.333008 0.638021 0.334961 0.635417 0.334961 0.634115 0.337891 0.630208 0.337891 0.628906 0.338867 0.627604 0.338867 0.625000 0.341797 0.621094 0.341797 0.619792 0.343750 0.615885 0.342773 0.614583 0.342773 0.610677 0.341797 0.609375 0.339844 0.609375 0.336914 0.606771 0.334961 0.606771 0.333008 0.604167 0.329102 0.604167 0.326172 0.606771 0.324219 0.606771 0.323242 0.605469 0.320312 0.605469 0.319336 0.606771 0.314453 0.606771
0 0.324219 0.664062 0.324219 0.666667 0.323242 0.667969 0.323242 0.670573 0.324219 0.671875 0.324219 0.674479 0.326172 0.678385 0.326172 0.680990 0.327148 0.682292 0.327148 0.683594 0.329102 0.686198 0.334961 0.686198 0.335938 0.687500 0.337891 0.687500 0.338867 0.688802 0.349609 0.688802 0.350586 0.687500 0.353516 0.686198 0.357422 0.680990 0.357422 0.679688 0.359375 0.677083 0.359375 0.673177 0.361328 0.669271 0.361328 0.657552 0.360352 0.656250 0.360352 0.654948 0.359375 0.656250 0.355469 0.656250 0.354492 0.654948 0.347656 0.654948 0.346680 0.653646 0.338867 0.653646 0.337891 0.652344 0.335938 0.652344 0.334961 0.651042 0.333008 0.651042 0.333008 0.652344 0.328125 0.658854 0.328125 0.660156 0.327148 0.661458 0.326172 0.661458
0 0.327148 0.686198 0.327148 0.700521 0.329102 0.700521 0.330078 0.701823 0.331055 0.701823 0.332031 0.703125 0.333008 0.703125 0.333984 0.704427 0.334961 0.704427 0.335938 0.705729 0.338867 0.705729 0.339844 0.707031 0.347656 0.707031 0.348633 0.705729 0.349609 0.705729 0.351562 0.703125 0.351562 0.700521 0.352539 0.699219 0.352539 0.696615 0.353516 0.695312 0.353516 0.690104 0.352539 0.688802 0.350586 0.688802 0.349609 0.690104 0.340820 0.690104 0.339844 0.688802 0.335938 0.688802 0.334961 0.687500 0.333008 0.687500 0.332031 0.686198 0.330078 0.686198 0.329102 0.684896 0.328125 0.686198
0 0.383789 0.680990 0.382812 0.680990 0.381836 0.679688 0.378906 0.679688 0.377930 0.678385 0.376953 0.678385 0.374023 0.674479 0.373047 0.674479 0.370117 0.671875 0.368164 0.671875 0.364258 0.677083 0.363281 0.677083 0.361328 0.679688 0.360352 0.679688 0.356445 0.684896 0.356445 0.687500 0.355469 0.688802 0.355469 0.691406 0.353516 0.695312 0.353516 0.699219 0.352539 0.700521 0.352539 0.704427 0.351562 0.705729 0.352539 0.707031 0.352539 0.710938 0.353516 0.712240 0.354492 0.712240 0.359375 0.716146 0.362305 0.716146 0.363281 0.714844 0.375000 0.714844 0.375977 0.716146 0.376953 0.716146 0.380859 0.710938 0.380859 0.709635 0.382812 0.707031 0.382812 0.705729 0.383789 0.704427 0.383789 0.700521 0.384766 0.699219 0.384766 0.694010 0.385742 0.692708 0.385742 0.684896
0 0.402344 0.694010 0.397461 0.687500 0.396484 0.687500 0.395508 0.686198 0.392578 0.686198 0.391602 0.684896 0.388672 0.684896 0.387695 0.686198 0.387695 0.688802 0.385742 0.692708 0.385742 0.696615 0.384766 0.697917 0.384766 0.701823 0.383789 0.703125 0.383789 0.704427 0.382812 0.705729 0.382812 0.707031 0.380859 0.709635 0.378906 0.709635 0.377930 0.710938 0.376953 0.710938 0.375000 0.713542 0.375000 0.716146 0.376953 0.718750 0.378906 0.718750 0.379883 0.720052 0.386719 0.720052 0.387695 0.721354 0.391602 0.721354 0.392578 0.720052 0.394531 0.720052 0.395508 0.718750 0.396484 0.718750 0.402344 0.710938 0.402344 0.708333 0.403320 0.707031 0.403320 0.701823 0.404297 0.700521 0.404297 0.699219 0.403320 0.697917 0.403320 0.696615 0.402344 0.695312
0 0.375977 0.721354 0.375977 0.725260 0.375000 0.726562 0.375000 0.736979 0.374023 0.738281 0.374023 0.746094 0.375000 0.747396 0.375977 0.751302 0.376953 0.751302 0.379883 0.753906 0.381836 0.753906 0.382812 0.755208 0.387695 0.755208 0.388672 0.756510 0.396484 0.756510 0.397461 0.755208 0.401367 0.755208 0.403320 0.752604 0.403320 0.747396 0.404297 0.746094 0.404297 0.742188 0.405273 0.740885 0.405273 0.734375 0.404297 0.733073 0.404297 0.731771 0.403320 0.730469 0.403320 0.729167 0.402344 0.727865 0.401367 0.723958 0.399414 0.721354 0.393555 0.721354 0.392578 0.722656 0.386719 0.722656 0.385742 0.721354
0 0.373047 0.799479 0.373047 0.825521 0.374023 0.826823 0.376953 0.826823 0.377930 0.828125 0.384766 0.828125 0.385742 0.826823 0.387695 0.826823 0.388672 0.825521 0.390625 0.825521 0.391602 0.824219 0.392578 0.824219 0.393555 0.822917 0.394531 0.822917 0.395508 0.821615 0.396484 0.821615 0.397461 0.820312 0.398438 0.820312 0.401367 0.816406 0.401367 0.813802 0.402344 0.812500 0.402344 0.795573 0.401367 0.795573 0.400391 0.794271 0.399414 0.795573 0.396484 0.795573 0.395508 0.796875 0.394531 0.795573 0.382812 0.795573 0.381836 0.794271 0.377930 0.794271 0.376953 0.795573 0.375000 0.795573
0 0.404297 0.785156 0.404297 0.786458 0.403320 0.787760 0.403320 0.794271 0.402344 0.795573 0.402344 0.807292 0.401367 0.808594 0.401367 0.817708 0.400391 0.819010 0.399414 0.819010 0.406250 0.819010 0.407227 0.820312 0.408203 0.820312 0.409180 0.819010 0.413086 0.819010 0.415039 0.816406 0.415039 0.800781 0.414062 0.799479 0.414062 0.792969 0.413086 0.791667 0.413086 0.790365 0.410156 0.786458 0.410156 0.785156
0 0.421875 0.815104 0.421875 0.826823 0.422852 0.828125 0.422852 0.829427 0.426758 0.834635 0.441406 0.834635 0.442383 0.833333 0.447266 0.833333 0.448242 0.834635 0.454102 0.834635 0.456055 0.832031 0.456055 0.830729 0.457031 0.829427 0.457031 0.813802 0.456055 0.812500 0.456055 0.809896 0.455078 0.808594 0.455078 0.807292 0.451172 0.802083 0.448242 0.802083 0.447266 0.803385 0.446289 0.803385 0.446289 0.804688 0.443359 0.808594 0.440430 0.807292 0.438477 0.804688 0.438477 0.803385 0.439453 0.802083 0.440430 0.802083 0.442383 0.799479 0.443359 0.799479 0.443359 0.798177 0.442383 0.798177 0.439453 0.794271 0.437500 0.796875 0.435547 0.796875 0.434570 0.798177 0.432617 0.798177 0.431641 0.799479 0.430664 0.799479 0.426758 0.804688 0.425781 0.808594
0 0.458008 0.897135 0.459961 0.897135 0.460938 0.895833 0.461914 0.895833 0.464844 0.893229 0.473633 0.893229 0.474609 0.894531 0.480469 0.894531 0.481445 0.893229 0.485352 0.893229 0.486328 0.891927 0.487305 0.891927 0.489258 0.889323 0.489258 0.886719 0.490234 0.885417 0.490234 0.878906 0.489258 0.877604 0.489258 0.871094 0.488281 0.869792 0.488281 0.868490 0.484375 0.868490 0.483398 0.869792 0.480469 0.869792 0.479492 0.868490 0.471680 0.868490 0.470703 0.867188 0.468750 0.867188 0.467773 0.868490 0.464844 0.868490 0.463867 0.869792 0.462891 0.869792 0.461914 0.871094 0.460938 0.871094 0.460938 0.872396 0.459961 0.873698 0.459961 0.880208 0.458984 0.881510 0.458984 0.885417 0.458008 0.886719
0 0.495117 0.881510 0.495117 0.884115 0.494141 0.885417 0.494141 0.893229 0.496094 0.895833 0.496094 0.897135 0.497070 0.897135 0.498047 0.898438 0.502930 0.898438 0.503906 0.899740 0.506836 0.901042 0.509766 0.904948 0.510742 0.904948 0.512695 0.907552 0.514648 0.907552 0.515625 0.906250 0.518555 0.906250 0.519531 0.904948 0.522461 0.904948 0.523438 0.903646 0.526367 0.902344 0.526367 0.901042 0.528320 0.898438 0.528320 0.894531 0.529297 0.893229 0.529297 0.889323 0.530273 0.888021 0.530273 0.885417 0.529297 0.884115 0.529297 0.881510 0.528320 0.880208 0.528320 0.878906 0.522461 0.878906 0.521484 0.877604 0.510742 0.877604 0.509766 0.876302 0.508789 0.877604 0.507812 0.877604 0.505859 0.880208 0.500977 0.880208 0.500000 0.878906 0.497070 0.878906
0 0.437500 0.765625 0.436523 0.765625 0.435547 0.764323 0.433594 0.764323 0.432617 0.765625 0.420898 0.765625 0.419922 0.766927 0.414062 0.766927 0.413086 0.768229 0.413086 0.779948 0.414062 0.781250 0.414062 0.783854 0.415039 0.785156 0.415039 0.787760 0.416992 0.790365 0.416992 0.791667 0.419922 0.795573 0.421875 0.795573 0.422852 0.796875 0.428711 0.796875 0.429688 0.795573 0.431641 0.795573 0.432617 0.794271 0.434570 0.794271 0.435547 0.792969 0.436523 0.792969 0.438477 0.790365 0.439453 0.790365 0.441406 0.787760 0.442383 0.787760 0.444336 0.785156 0.444336 0.781250 0.443359 0.779948 0.443359 0.778646 0.441406 0.774740 0.441406 0.772135 0.440430 0.770833 0.440430 0.769531
0 0.434570 0.730469 0.432617 0.730469 0.431641 0.729167 0.424805 0.729167 0.423828 0.730469 0.420898 0.730469 0.419922 0.731771 0.412109 0.731771 0.410156 0.734375 0.410156 0.736979 0.409180 0.738281 0.409180 0.740885 0.408203 0.742188 0.408203 0.744792 0.407227 0.746094 0.407227 0.750000 0.408203 0.751302 0.408203 0.755208 0.409180 0.756510 0.409180 0.759115 0.411133 0.761719 0.411133 0.763021 0.412109 0.763021 0.415039 0.765625 0.419922 0.765625 0.420898 0.764323 0.429688 0.764323 0.430664 0.763021 0.432617 0.763021 0.433594 0.761719 0.434570 0.761719 0.437500 0.757812 0.437500 0.755208 0.438477 0.753906 0.438477 0.740885 0.437500 0.739583 0.437500 0.734375
0 0.474609 0.765625 0.473633 0.764323 0.471680 0.766927 0.470703 0.766927 0.469727 0.768229 0.460938 0.768229 0.459961 0.769531 0.455078 0.769531 0.454102 0.770833 0.452148 0.770833 0.451172 0.772135 0.448242 0.772135 0.447266 0.770833 0.445312 0.773438 0.445312 0.781250 0.446289 0.782552 0.446289 0.783854 0.447266 0.785156 0.448242 0.785156 0.449219 0.786458 0.449219 0.787760 0.452148 0.791667 0.453125 0.791667 0.454102 0.792969 0.457031 0.792969 0.458008 0.794271 0.463867 0.794271 0.464844 0.792969 0.468750 0.792969 0.471680 0.789062 0.471680 0.787760 0.472656 0.786458 0.472656 0.785156 0.474609 0.782552 0.474609 0.781250 0.475586 0.779948 0.475586 0.769531 0.474609 0.768229
0 0.470703 0.731771 0.469727 0.730469 0.465820 0.730469 0.465820 0.731771 0.464844 0.733073 0.463867 0.733073 0.461914 0.735677 0.460938 0.735677 0.458008 0.739583 0.457031 0.739583 0.455078 0.742188 0.442383 0.742188 0.440430 0.744792 0.440430 0.750000 0.439453 0.751302 0.439453 0.756510 0.440430 0.757812 0.440430 0.760417 0.441406 0.761719 0.441406 0.764323 0.442383 0.765625 0.442383 0.768229 0.443359 0.768229 0.446289 0.770833 0.448242 0.770833 0.449219 0.769531 0.453125 0.769531 0.454102 0.768229 0.458008 0.768229 0.458984 0.766927 0.459961 0.766927 0.462891 0.763021 0.463867 0.763021 0.466797 0.760417 0.468750 0.760417 0.469727 0.759115 0.470703 0.759115 0.472656 0.761719 0.472656 0.765625 0.473633 0.766927 0.473633 0.761719 0.474609 0.760417 0.474609 0.755208 0.473633 0.753906 0.473633 0.750000 0.471680 0.747396 0.471680 0.740885 0.470703 0.739583
0 0.431641 0.691406 0.426758 0.691406 0.423828 0.694010 0.420898 0.694010 0.419922 0.695312 0.416016 0.695312 0.415039 0.696615 0.414062 0.696615 0.411133 0.699219 0.409180 0.699219 0.408203 0.700521 0.407227 0.700521 0.404297 0.704427 0.404297 0.710938 0.405273 0.712240 0.405273 0.714844 0.407227 0.718750 0.407227 0.721354 0.408203 0.722656 0.408203 0.725260 0.410156 0.727865 0.411133 0.727865 0.412109 0.729167 0.420898 0.729167 0.421875 0.727865 0.424805 0.727865 0.425781 0.726562 0.426758 0.726562 0.427734 0.725260 0.428711 0.725260 0.431641 0.721354 0.431641 0.720052 0.433594 0.717448 0.433594 0.716146 0.434570 0.714844 0.434570 0.712240 0.435547 0.710938 0.435547 0.700521 0.434570 0.699219 0.434570 0.696615 0.431641 0.692708
0 0.469727 0.700521 0.468750 0.700521 0.467773 0.701823 0.464844 0.701823 0.463867 0.700521 0.461914 0.700521 0.460938 0.701823 0.457031 0.701823 0.456055 0.703125 0.452148 0.703125 0.451172 0.704427 0.449219 0.704427 0.448242 0.703125 0.444336 0.703125 0.443359 0.701823 0.442383 0.703125 0.442383 0.710938 0.441406 0.712240 0.441406 0.716146 0.440430 0.717448 0.440430 0.738281 0.442383 0.740885 0.455078 0.740885 0.457031 0.738281 0.458008 0.738281 0.459961 0.735677 0.460938 0.735677 0.464844 0.730469 0.464844 0.729167 0.465820 0.727865 0.465820 0.726562 0.467773 0.723958 0.467773 0.722656 0.469727 0.718750 0.469727 0.716146 0.470703 0.714844 0.470703 0.701823
0 0.400391 0.651042 0.398438 0.648438 0.396484 0.648438 0.395508 0.647135 0.393555 0.647135 0.392578 0.645833 0.388672 0.645833 0.387695 0.644531 0.386719 0.645833 0.381836 0.645833 0.380859 0.647135 0.378906 0.647135 0.377930 0.648438 0.376953 0.648438 0.373047 0.653646 0.371094 0.653646 0.370117 0.654948 0.369141 0.654948 0.369141 0.666667 0.370117 0.667969 0.370117 0.669271 0.375000 0.675781 0.375977 0.675781 0.376953 0.677083 0.378906 0.677083 0.379883 0.678385 0.383789 0.678385 0.384766 0.679688 0.389648 0.679688 0.390625 0.678385 0.393555 0.678385 0.394531 0.677083 0.395508 0.677083 0.397461 0.674479 0.398438 0.674479 0.400391 0.671875 0.401367 0.671875 0.403320 0.667969 0.403320 0.664062 0.402344 0.662760 0.402344 0.658854 0.400391 0.654948
0 0.426758 0.664062 0.422852 0.664062 0.421875 0.665365 0.416016 0.665365 0.415039 0.666667 0.409180 0.666667 0.408203 0.665365 0.407227 0.665365 0.406250 0.666667 0.405273 0.666667 0.404297 0.667969 0.404297 0.669271 0.401367 0.673177 0.400391 0.673177 0.395508 0.679688 0.396484 0.680990 0.396484 0.682292 0.399414 0.686198 0.399414 0.687500 0.400391 0.688802 0.400391 0.690104 0.401367 0.691406 0.401367 0.692708 0.403320 0.695312 0.404297 0.695312 0.405273 0.696615 0.411133 0.696615 0.412109 0.695312 0.414062 0.695312 0.415039 0.694010 0.418945 0.694010 0.419922 0.692708 0.422852 0.692708 0.423828 0.691406 0.424805 0.691406 0.425781 0.690104 0.426758 0.690104 0.429688 0.686198 0.430664 0.686198 0.430664 0.684896 0.431641 0.683594 0.431641 0.678385 0.427734 0.671875 0.427734 0.667969 0.426758 0.666667
0 0.470703 0.658854 0.469727 0.658854 0.469727 0.661458 0.466797 0.665365 0.465820 0.665365 0.464844 0.664062 0.461914 0.664062 0.460938 0.662760 0.458008 0.662760 0.457031 0.664062 0.442383 0.664062 0.442383 0.665365 0.441406 0.666667 0.441406 0.673177 0.440430 0.674479 0.440430 0.675781 0.438477 0.678385 0.438477 0.687500 0.439453 0.688802 0.439453 0.690104 0.440430 0.691406 0.440430 0.692708 0.441406 0.694010 0.442383 0.697917 0.443359 0.697917 0.445312 0.700521 0.446289 0.700521 0.447266 0.701823 0.455078 0.701823 0.456055 0.700521 0.458984 0.700521 0.459961 0.699219 0.461914 0.699219 0.463867 0.696615 0.464844 0.696615 0.464844 0.695312 0.465820 0.694010 0.468750 0.692708 0.470703 0.690104 0.470703 0.686198 0.471680 0.684896 0.471680 0.665365 0.470703 0.664062
0 0.427734 0.626302 0.426758 0.626302 0.425781 0.625000 0.422852 0.625000 0.421875 0.626302 0.420898 0.626302 0.418945 0.628906 0.416992 0.628906 0.416016 0.630208 0.412109 0.630208 0.411133 0.631510 0.409180 0.631510 0.408203 0.632812 0.407227 0.632812 0.406250 0.634115 0.405273 0.634115 0.403320 0.636719 0.403320 0.644531 0.402344 0.645833 0.402344 0.656250 0.403320 0.657552 0.403320 0.658854 0.406250 0.662760 0.407227 0.662760 0.410156 0.665365 0.418945 0.665365 0.424805 0.660156 0.424805 0.658854 0.427734 0.654948 0.427734 0.653646 0.429688 0.649740 0.429688 0.644531 0.430664 0.643229 0.430664 0.636719 0.429688 0.635417 0.429688 0.632812 0.427734 0.628906
0 0.438477 0.626302 0.438477 0.627604 0.436523 0.630208 0.436523 0.631510 0.432617 0.638021 0.432617 0.643229 0.431641 0.644531 0.431641 0.648438 0.430664 0.649740 0.430664 0.653646 0.431641 0.654948 0.432617 0.654948 0.434570 0.657552 0.435547 0.657552 0.438477 0.660156 0.440430 0.660156 0.441406 0.661458 0.445312 0.661458 0.446289 0.662760 0.454102 0.662760 0.455078 0.661458 0.458008 0.661458 0.458984 0.660156 0.459961 0.660156 0.459961 0.658854 0.460938 0.657552 0.460938 0.656250 0.461914 0.654948 0.462891 0.651042 0.464844 0.648438 0.464844 0.644531 0.465820 0.643229 0.465820 0.640625 0.462891 0.639323 0.460938 0.636719 0.460938 0.635417 0.458984 0.635417 0.458008 0.634115 0.452148 0.634115 0.449219 0.631510 0.447266 0.631510 0.446289 0.630208 0.445312 0.630208 0.442383 0.626302
0 0.435547 0.595052 0.435547 0.604167 0.436523 0.605469 0.436523 0.611979 0.438477 0.615885 0.438477 0.618490 0.439453 0.619792 0.440430 0.623698 0.443359 0.625000 0.447266 0.630208 0.448242 0.630208 0.449219 0.631510 0.451172 0.631510 0.452148 0.632812 0.458984 0.632812 0.463867 0.627604 0.465820 0.627604 0.466797 0.626302 0.467773 0.626302 0.467773 0.625000 0.469727 0.622396 0.469727 0.610677 0.468750 0.609375 0.468750 0.605469 0.467773 0.604167 0.467773 0.600260 0.466797 0.598958 0.465820 0.595052 0.460938 0.595052 0.459961 0.593750 0.453125 0.593750 0.452148 0.595052 0.451172 0.595052 0.450195 0.596354 0.447266 0.597656 0.444336 0.601562 0.443359 0.601562 0.442383 0.602865 0.441406 0.601562 0.438477 0.601562 0.436523 0.598958 0.436523 0.596354
0 0.426758 0.579427 0.424805 0.579427 0.423828 0.578125 0.416992 0.578125 0.416016 0.579427 0.414062 0.579427 0.413086 0.580729 0.410156 0.580729 0.409180 0.582031 0.407227 0.582031 0.406250 0.583333 0.405273 0.587240 0.400391 0.592448 0.400391 0.595052 0.399414 0.596354 0.399414 0.604167 0.400391 0.605469 0.400391 0.608073 0.401367 0.609375 0.401367 0.611979 0.402344 0.613281 0.402344 0.617188 0.403320 0.618490 0.403320 0.623698 0.404297 0.625000 0.404297 0.626302 0.406250 0.626302 0.407227 0.627604 0.410156 0.627604 0.411133 0.628906 0.412109 0.627604 0.415039 0.627604 0.419922 0.623698 0.421875 0.623698 0.422852 0.622396 0.423828 0.622396 0.429688 0.614583 0.429688 0.613281 0.431641 0.610677 0.431641 0.609375 0.432617 0.608073 0.432617 0.596354 0.431641 0.595052 0.431641 0.591146 0.430664 0.589844 0.430664 0.587240 0.429688 0.585938 0.429688 0.583333
0 0.395508 0.557292 0.392578 0.555990 0.391602 0.557292 0.390625 0.557292 0.387695 0.559896 0.385742 0.559896 0.384766 0.561198 0.373047 0.561198 0.372070 0.559896 0.369141 0.559896 0.366211 0.557292 0.364258 0.557292 0.364258 0.558594 0.361328 0.562500 0.361328 0.563802 0.357422 0.569010 0.357422 0.575521 0.358398 0.576823 0.358398 0.578125 0.360352 0.580729 0.360352 0.582031 0.362305 0.584635 0.362305 0.585938 0.364258 0.588542 0.364258 0.589844 0.367188 0.593750 0.368164 0.593750 0.369141 0.595052 0.376953 0.595052 0.377930 0.593750 0.380859 0.593750 0.381836 0.592448 0.382812 0.592448 0.383789 0.591146 0.386719 0.589844 0.394531 0.579427 0.394531 0.578125 0.395508 0.576823
0 0.348633 0.528646 0.341797 0.528646 0.340820 0.529948 0.337891 0.529948 0.333008 0.533854 0.333008 0.536458 0.333984 0.536458 0.334961 0.537760 0.333984 0.539062 0.330078 0.539062 0.327148 0.541667 0.323242 0.541667 0.322266 0.540365 0.320312 0.542969 0.320312 0.544271 0.316406 0.549479 0.316406 0.552083 0.317383 0.553385 0.317383 0.554688 0.319336 0.557292 0.320312 0.557292 0.322266 0.559896 0.322266 0.561198 0.330078 0.571615 0.331055 0.571615 0.333008 0.574219 0.335938 0.574219 0.336914 0.575521 0.343750 0.575521 0.344727 0.574219 0.347656 0.574219 0.348633 0.572917 0.353516 0.571615 0.358398 0.563802 0.358398 0.562500 0.360352 0.558594 0.360352 0.553385 0.361328 0.552083 0.361328 0.546875 0.360352 0.545573 0.360352 0.542969 0.359375 0.541667 0.358398 0.537760 0.354492 0.532552 0.353516 0.532552
0 0.388672 0.520833 0.380859 0.520833 0.379883 0.522135 0.376953 0.522135 0.375977 0.523438 0.375000 0.523438 0.373047 0.526042 0.370117 0.527344 0.368164 0.529948 0.365234 0.529948 0.363281 0.532552 0.363281 0.544271 0.364258 0.545573 0.365234 0.549479 0.372070 0.558594 0.374023 0.558594 0.375000 0.559896 0.383789 0.559896 0.384766 0.558594 0.385742 0.558594 0.386719 0.557292 0.387695 0.557292 0.388672 0.555990 0.391602 0.554688 0.394531 0.550781 0.395508 0.550781 0.399414 0.545573 0.399414 0.537760 0.397461 0.535156 0.396484 0.531250 0.395508 0.529948 0.394531 0.529948 0.392578 0.527344 0.392578 0.526042
0 0.292969 0.498698 0.292969 0.500000 0.291992 0.501302 0.291992 0.515625 0.292969 0.516927 0.292969 0.519531 0.293945 0.520833 0.293945 0.522135 0.294922 0.523438 0.295898 0.527344 0.298828 0.531250 0.299805 0.531250 0.300781 0.532552 0.303711 0.532552 0.304688 0.533854 0.307617 0.533854 0.308594 0.535156 0.314453 0.535156 0.315430 0.533854 0.318359 0.533854 0.319336 0.532552 0.321289 0.532552 0.323242 0.529948 0.323242 0.528646 0.325195 0.526042 0.325195 0.524740 0.326172 0.523438 0.326172 0.520833 0.325195 0.519531 0.325195 0.516927 0.324219 0.515625 0.324219 0.513021 0.322266 0.510417 0.320312 0.510417 0.319336 0.509115 0.314453 0.509115 0.312500 0.506510 0.309570 0.505208 0.307617 0.502604 0.307617 0.501302 0.305664 0.498698 0.305664 0.497396 0.304688 0.497396 0.303711 0.496094 0.299805 0.496094 0.298828 0.497396 0.294922 0.497396 0.293945 0.498698
0 0.286133 0.501302 0.286133 0.502604 0.284180 0.505208 0.282227 0.505208 0.276367 0.500000 0.274414 0.500000 0.273438 0.498698 0.271484 0.498698 0.268555 0.496094 0.266602 0.496094 0.260742 0.501302 0.258789 0.501302 0.257812 0.502604 0.255859 0.502604 0.253906 0.505208 0.252930 0.505208 0.250977 0.507812 0.250000 0.507812 0.249023 0.509115 0.249023 0.510417 0.248047 0.511719 0.248047 0.518229 0.249023 0.519531 0.249023 0.523438 0.250000 0.524740 0.250000 0.526042 0.251953 0.528646 0.251953 0.529948 0.253906 0.532552 0.256836 0.533854 0.259766 0.537760 0.260742 0.537760 0.261719 0.539062 0.267578 0.539062 0.268555 0.537760 0.273438 0.535156 0.277344 0.529948 0.282227 0.527344 0.284180 0.524740 0.284180 0.523438 0.285156 0.522135 0.285156 0.510417 0.286133 0.509115
0 0.216797 0.479167 0.216797 0.480469 0.214844 0.483073 0.214844 0.484375 0.212891 0.486979 0.212891 0.488281 0.210938 0.492188 0.210938 0.510417 0.211914 0.511719 0.211914 0.513021 0.214844 0.515625 0.219727 0.515625 0.220703 0.516927 0.226562 0.516927 0.227539 0.518229 0.232422 0.518229 0.233398 0.516927 0.236328 0.516927 0.237305 0.515625 0.239258 0.515625 0.240234 0.514323 0.241211 0.514323 0.242188 0.513021 0.242188 0.511719 0.244141 0.507812 0.243164 0.506510 0.243164 0.503906 0.241211 0.501302 0.241211 0.500000 0.235352 0.492188 0.235352 0.490885 0.234375 0.489583 0.234375 0.485677 0.225586 0.477865 0.218750 0.477865 0.217773 0.479167
0 0.264648 0.454427 0.263672 0.454427 0.262695 0.453125 0.258789 0.453125 0.257812 0.454427 0.253906 0.454427 0.252930 0.455729 0.236328 0.455729 0.233398 0.458333 0.233398 0.459635 0.232422 0.460938 0.232422 0.463542 0.228516 0.471354 0.228516 0.476562 0.229492 0.477865 0.229492 0.479167 0.235352 0.485677 0.235352 0.488281 0.236328 0.489583 0.236328 0.492188 0.237305 0.493490 0.237305 0.494792 0.238281 0.496094 0.239258 0.496094 0.244141 0.502604 0.246094 0.502604 0.247070 0.503906 0.250977 0.503906 0.251953 0.502604 0.253906 0.502604 0.254883 0.501302 0.257812 0.501302 0.258789 0.500000 0.261719 0.498698 0.264648 0.494792 0.265625 0.494792 0.265625 0.493490 0.269531 0.486979 0.269531 0.484375 0.270508 0.483073 0.270508 0.481771 0.271484 0.480469 0.271484 0.477865 0.272461 0.476562 0.272461 0.472656 0.273438 0.471354 0.273438 0.468750 0.272461 0.467448 0.272461 0.466146
0 0.232422 0.408854 0.229492 0.414062 0.229492 0.416667 0.228516 0.417969 0.228516 0.425781 0.227539 0.427083 0.227539 0.433594 0.228516 0.434896 0.228516 0.437500 0.229492 0.438802 0.231445 0.445312 0.236328 0.451823 0.240234 0.451823 0.241211 0.453125 0.245117 0.453125 0.246094 0.454427 0.249023 0.454427 0.250000 0.453125 0.255859 0.453125 0.256836 0.451823 0.261719 0.450521 0.263672 0.447917 0.263672 0.446615 0.266602 0.440104 0.266602 0.436198 0.267578 0.434896 0.267578 0.432292 0.268555 0.430990 0.268555 0.428385 0.269531 0.427083 0.269531 0.420573 0.268555 0.419271 0.268555 0.417969 0.264648 0.412760 0.263672 0.412760 0.262695 0.411458 0.259766 0.411458 0.258789 0.410156 0.256836 0.410156 0.255859 0.408854 0.254883 0.408854 0.254883 0.410156 0.255859 0.411458 0.255859 0.414062 0.252930 0.416667 0.237305 0.416667 0.233398 0.412760 0.233398 0.410156
0 0.258789 0.355469 0.255859 0.359375 0.252930 0.367188 0.252930 0.369792 0.250977 0.373698 0.250977 0.378906 0.250000 0.380208 0.250000 0.393229 0.263672 0.410156 0.267578 0.412760 0.274414 0.412760 0.276367 0.410156 0.277344 0.410156 0.279297 0.407552 0.279297 0.406250 0.286133 0.397135 0.287109 0.394531 0.287109 0.391927 0.289062 0.389323 0.290039 0.385417 0.291992 0.382812 0.291992 0.380208 0.292969 0.378906 0.292969 0.365885 0.290039 0.359375 0.286133 0.359375 0.285156 0.360677 0.282227 0.360677 0.281250 0.359375 0.276367 0.359375 0.275391 0.358073 0.271484 0.358073 0.267578 0.354167 0.265625 0.355469
0 0.298828 0.389323 0.298828 0.391927 0.296875 0.395833 0.295898 0.395833 0.294922 0.397135 0.289062 0.397135 0.288086 0.398438 0.287109 0.398438 0.279297 0.408854 0.279297 0.410156 0.275391 0.415365 0.275391 0.417969 0.274414 0.419271 0.274414 0.425781 0.277344 0.429688 0.277344 0.430990 0.279297 0.433594 0.279297 0.434896 0.281250 0.437500 0.282227 0.437500 0.287109 0.442708 0.291016 0.442708 0.291992 0.444010 0.298828 0.444010 0.301758 0.440104 0.301758 0.438802 0.303711 0.436198 0.303711 0.434896 0.306641 0.430990 0.308594 0.424479 0.310547 0.421875 0.310547 0.420573 0.311523 0.419271 0.311523 0.415365 0.312500 0.414062 0.312500 0.410156 0.313477 0.408854 0.313477 0.406250 0.312500 0.404948 0.312500 0.403646 0.310547 0.401042 0.308594 0.401042 0.302734 0.394531 0.299805 0.393229 0.298828 0.391927
0 0.309570 0.325521 0.309570 0.326823 0.308594 0.328125 0.307617 0.328125 0.301758 0.335938 0.301758 0.338542 0.299805 0.342448 0.299805 0.345052 0.297852 0.347656 0.297852 0.348958 0.296875 0.350260 0.296875 0.354167 0.295898 0.355469 0.295898 0.359375 0.294922 0.360677 0.296875 0.364583 0.297852 0.364583 0.301758 0.369792 0.302734 0.369792 0.305664 0.373698 0.306641 0.373698 0.307617 0.375000 0.309570 0.375000 0.310547 0.376302 0.325195 0.376302 0.326172 0.375000 0.329102 0.373698 0.333008 0.368490 0.333008 0.365885 0.333984 0.364583 0.333984 0.348958 0.333008 0.347656 0.333008 0.346354 0.327148 0.338542 0.327148 0.337240 0.326172 0.337240 0.323242 0.333333 0.322266 0.333333 0.315430 0.324219 0.312500 0.324219 0.311523 0.325521
0 0.297852 0.226562 0.296875 0.229167 0.293945 0.230469 0.293945 0.233073 0.291016 0.238281 0.290039 0.243490 0.288086 0.247396 0.288086 0.252604 0.287109 0.253906 0.287109 0.257812 0.289062 0.260417 0.289062 0.261719 0.292969 0.265625 0.292969 0.266927 0.296875 0.272135 0.296875 0.273438 0.299805 0.274740 0.303711 0.279948 0.305664 0.279948 0.308594 0.282552 0.320312 0.282552 0.321289 0.281250 0.325195 0.279948 0.326172 0.278646 0.326172 0.266927 0.327148 0.265625 0.328125 0.256510 0.331055 0.248698 0.331055 0.242188 0.327148 0.233073 0.326172 0.225260 0.325195 0.225260 0.321289 0.220052 0.312500 0.220052 0.310547 0.221354 0.312500 0.225260 0.309570 0.227865 0.303711 0.227865 0.301758 0.229167 0.299805 0.226562
0 0.314453 0.165365 0.312500 0.167969 0.312500 0.169271 0.310547 0.173177 0.310547 0.175781 0.309570 0.177083 0.309570 0.180990 0.308594 0.182292 0.308594 0.184896 0.307617 0.186198 0.307617 0.194010 0.308594 0.195312 0.308594 0.197917 0.309570 0.199219 0.309570 0.200521 0.310547 0.200521 0.312500 0.203125 0.313477 0.203125 0.318359 0.209635 0.338867 0.209635 0.341797 0.205729 0.341797 0.204427 0.344727 0.197917 0.344727 0.195312 0.345703 0.194010 0.344727 0.192708 0.344727 0.188802 0.345703 0.187500 0.348633 0.187500 0.348633 0.186198 0.349609 0.184896 0.349609 0.178385 0.347656 0.178385 0.345703 0.182292 0.343750 0.178385 0.343750 0.169271 0.341797 0.166667 0.336914 0.165365 0.333008 0.161458 0.329102 0.161458 0.328125 0.160156 0.322266 0.160156 0.321289 0.161458
0 0.357422 0.178385 0.357422 0.187500 0.356445 0.188802 0.356445 0.194010 0.357422 0.195312 0.357422 0.200521 0.356445 0.201823 0.356445 0.208333 0.355469 0.209635 0.355469 0.212240 0.357422 0.216146 0.358398 0.216146 0.359375 0.217448 0.361328 0.217448 0.362305 0.218750 0.363281 0.218750 0.364258 0.220052 0.366211 0.220052 0.367188 0.221354 0.376953 0.221354 0.377930 0.220052 0.379883 0.220052 0.380859 0.218750 0.383789 0.217448 0.390625 0.209635 0.390625 0.208333 0.393555 0.201823 0.393555 0.187500 0.392578 0.186198 0.392578 0.183594 0.390625 0.179688 0.389648 0.179688 0.388672 0.178385 0.378906 0.178385 0.377930 0.177083 0.375000 0.177083 0.373047 0.174479 0.370117 0.174479 0.366211 0.178385 0.366211 0.182292 0.367188 0.183594 0.365234 0.186198 0.364258 0.186198 0.363281 0.184896 0.363281 0.182292 0.361328 0.179688 0.358398 0.179688
0 0.340820 0.279948 0.336914 0.279948 0.333984 0.282552 0.331055 0.282552 0.330078 0.283854 0.329102 0.282552 0.324219 0.282552 0.323242 0.283854 0.320312 0.283854 0.318359 0.286458 0.318359 0.289062 0.317383 0.290365 0.317383 0.296875 0.315430 0.302083 0.315430 0.309896 0.314453 0.311198 0.314453 0.321615 0.316406 0.324219 0.317383 0.324219 0.327148 0.337240 0.328125 0.337240 0.332031 0.343750 0.333984 0.345052 0.337891 0.345052 0.338867 0.343750 0.340820 0.343750 0.342773 0.342448 0.345703 0.338542 0.346680 0.335938 0.346680 0.333333 0.348633 0.330729 0.348633 0.328125 0.349609 0.326823 0.350586 0.317708 0.352539 0.313802 0.352539 0.307292 0.354492 0.302083 0.354492 0.291667 0.353516 0.289062 0.347656 0.282552 0.345703 0.281250 0.341797 0.281250
0 0.356445 0.251302 0.355469 0.252604 0.355469 0.253906 0.351562 0.259115 0.351562 0.270833 0.352539 0.272135 0.352539 0.276042 0.353516 0.277344 0.353516 0.279948 0.355469 0.282552 0.355469 0.283854 0.357422 0.287760 0.358398 0.294271 0.361328 0.298177 0.362305 0.298177 0.363281 0.299479 0.365234 0.299479 0.366211 0.300781 0.368164 0.300781 0.369141 0.302083 0.371094 0.302083 0.372070 0.303385 0.374023 0.303385 0.375000 0.302083 0.379883 0.302083 0.380859 0.300781 0.381836 0.300781 0.383789 0.298177 0.383789 0.295573 0.384766 0.294271 0.384766 0.287760 0.385742 0.286458 0.385742 0.278646 0.384766 0.277344 0.384766 0.270833 0.383789 0.269531 0.383789 0.259115 0.382812 0.257812 0.382812 0.256510 0.380859 0.253906 0.375977 0.253906 0.375000 0.252604 0.372070 0.252604 0.371094 0.251302 0.366211 0.251302 0.365234 0.252604 0.364258 0.252604 0.362305 0.250000 0.359375 0.250000 0.358398 0.251302
0 0.361328 0.315104 0.358398 0.316406 0.356445 0.319010 0.353516 0.319010 0.351562 0.322917 0.351562 0.325521 0.350586 0.326823 0.350586 0.329427 0.349609 0.330729 0.349609 0.333333 0.348633 0.334635 0.348633 0.337240 0.340820 0.348958 0.340820 0.356771 0.344727 0.365885 0.344727 0.368490 0.345703 0.371094 0.351562 0.378906 0.353516 0.380208 0.358398 0.380208 0.364258 0.376302 0.366211 0.373698 0.371094 0.371094 0.373047 0.368490 0.375000 0.367188 0.376953 0.367188 0.378906 0.364583 0.379883 0.364583 0.381836 0.360677 0.380859 0.359375 0.380859 0.352865 0.377930 0.346354 0.377930 0.338542 0.376953 0.337240 0.376953 0.332031 0.375000 0.326823 0.373047 0.324219 0.370117 0.322917 0.367188 0.319010
0 0.344727 0.371094 0.343750 0.372396 0.340820 0.372396 0.339844 0.373698 0.337891 0.373698 0.336914 0.375000 0.333984 0.376302 0.332031 0.378906 0.330078 0.378906 0.329102 0.380208 0.327148 0.380208 0.324219 0.384115 0.323242 0.384115 0.323242 0.385417 0.322266 0.386719 0.322266 0.393229 0.321289 0.394531 0.321289 0.403646 0.322266 0.403646 0.323242 0.404948 0.324219 0.404948 0.325195 0.406250 0.328125 0.407552 0.333008 0.414062 0.333984 0.414062 0.336914 0.416667 0.345703 0.416667 0.346680 0.415365 0.348633 0.415365 0.349609 0.414062 0.350586 0.414062 0.354492 0.408854 0.354492 0.407552 0.356445 0.404948 0.356445 0.403646 0.357422 0.402344 0.357422 0.399740 0.358398 0.398438 0.358398 0.382812 0.357422 0.382812 0.356445 0.381510 0.353516 0.381510 0.352539 0.380208 0.351562 0.380208
0 0.310547 0.467448 0.310547 0.468750 0.309570 0.470052 0.309570 0.475260 0.307617 0.479167 0.307617 0.483073 0.306641 0.484375 0.306641 0.497396 0.308594 0.500000 0.308594 0.501302 0.311523 0.505208 0.312500 0.505208 0.315430 0.507812 0.321289 0.507812 0.322266 0.509115 0.323242 0.507812 0.329102 0.507812 0.330078 0.506510 0.332031 0.506510 0.333984 0.503906 0.334961 0.503906 0.336914 0.501302 0.337891 0.501302 0.337891 0.500000 0.341797 0.493490 0.341797 0.479167 0.340820 0.479167 0.338867 0.481771 0.336914 0.481771 0.334961 0.479167 0.334961 0.477865 0.333984 0.477865 0.331055 0.475260 0.331055 0.471354 0.328125 0.468750 0.323242 0.468750 0.322266 0.467448 0.321289 0.468750 0.315430 0.468750 0.314453 0.467448
0 0.352539 0.462240 0.351562 0.463542 0.350586 0.463542 0.348633 0.466146 0.348633 0.467448 0.346680 0.471354 0.346680 0.473958 0.345703 0.475260 0.345703 0.479167 0.344727 0.480469 0.344727 0.483073 0.343750 0.484375 0.343750 0.488281 0.345703 0.492188 0.346680 0.492188 0.348633 0.494792 0.349609 0.494792 0.351562 0.497396 0.352539 0.497396 0.353516 0.498698 0.355469 0.498698 0.356445 0.500000 0.357422 0.500000 0.360352 0.502604 0.362305 0.502604 0.363281 0.501302 0.365234 0.501302 0.367188 0.498698 0.368164 0.498698 0.369141 0.497396 0.370117 0.497396 0.373047 0.493490 0.374023 0.493490 0.375000 0.492188 0.375000 0.489583 0.375977 0.488281 0.375977 0.485677 0.375000 0.484375 0.373047 0.484375 0.371094 0.481771 0.370117 0.481771 0.367188 0.477865 0.366211 0.477865 0.363281 0.473958 0.363281 0.472656 0.362305 0.471354 0.362305 0.467448 0.361328 0.466146 0.361328 0.464844 0.359375 0.462240
0 0.381836 0.428385 0.380859 0.429688 0.381836 0.430990 0.383789 0.430990 0.385742 0.433594 0.385742 0.434896 0.384766 0.436198 0.376953 0.436198 0.375000 0.437500 0.371094 0.442708 0.370117 0.445312 0.368164 0.444010 0.368164 0.440104 0.365234 0.437500 0.362305 0.440104 0.362305 0.444010 0.361328 0.445312 0.361328 0.457031 0.360352 0.458333 0.360352 0.460938 0.361328 0.462240 0.361328 0.464844 0.362305 0.466146 0.363281 0.471354 0.368164 0.479167 0.373047 0.480469 0.375000 0.481771 0.375977 0.484375 0.377930 0.483073 0.381836 0.483073 0.387695 0.486979 0.393555 0.483073 0.395508 0.477865 0.400391 0.471354 0.400391 0.445312 0.398438 0.441406 0.397461 0.436198 0.385742 0.428385
0 0.403320 0.537760 0.403320 0.546875 0.402344 0.548177 0.403320 0.549479 0.403320 0.553385 0.404297 0.554688 0.404297 0.557292 0.405273 0.558594 0.405273 0.559896 0.407227 0.562500 0.407227 0.563802 0.410156 0.567708 0.411133 0.567708 0.413086 0.570312 0.414062 0.570312 0.416992 0.572917 0.424805 0.572917 0.425781 0.571615 0.427734 0.571615 0.428711 0.570312 0.431641 0.569010 0.436523 0.563802 0.436523 0.557292 0.435547 0.555990 0.435547 0.541667 0.434570 0.541667 0.431641 0.545573 0.426758 0.545573 0.425781 0.544271 0.424805 0.544271 0.423828 0.542969 0.422852 0.542969 0.417969 0.539062 0.412109 0.539062 0.410156 0.536458 0.410156 0.533854 0.409180 0.532552 0.407227 0.532552 0.406250 0.533854 0.406250 0.535156
0 0.489258 0.727865 0.487305 0.727865 0.486328 0.729167 0.485352 0.729167 0.484375 0.730469 0.483398 0.730469 0.477539 0.738281 0.476562 0.738281 0.475586 0.739583 0.475586 0.742188 0.474609 0.743490 0.474609 0.751302 0.475586 0.752604 0.475586 0.753906 0.476562 0.755208 0.478516 0.755208 0.479492 0.756510 0.486328 0.756510 0.487305 0.755208 0.487305 0.753906 0.488281 0.752604 0.488281 0.750000 0.489258 0.748698 0.489258 0.736979 0.490234 0.735677 0.490234 0.729167
0 0.490234 0.731771 0.490234 0.747396 0.489258 0.748698 0.489258 0.751302 0.488281 0.752604 0.488281 0.756510 0.489258 0.757812 0.489258 0.759115 0.490234 0.760417 0.490234 0.763021 0.492188 0.766927 0.493164 0.766927 0.494141 0.768229 0.495117 0.768229 0.498047 0.770833 0.502930 0.770833 0.503906 0.772135 0.508789 0.772135 0.509766 0.770833 0.512695 0.770833 0.513672 0.769531 0.516602 0.768229 0.516602 0.766927 0.518555 0.764323 0.519531 0.764323 0.520508 0.763021 0.520508 0.761719 0.521484 0.760417 0.521484 0.756510 0.520508 0.755208 0.520508 0.753906 0.518555 0.750000 0.518555 0.744792 0.517578 0.743490 0.517578 0.742188 0.515625 0.742188 0.514648 0.740885 0.511719 0.740885 0.510742 0.739583 0.508789 0.739583 0.505859 0.736979 0.502930 0.736979 0.500000 0.734375 0.498047 0.734375 0.497070 0.733073 0.496094 0.733073 0.494141 0.730469 0.492188 0.730469 0.491211 0.731771
0 0.493164 0.709635 0.493164 0.716146 0.492188 0.717448 0.492188 0.726562 0.494141 0.730469 0.496094 0.730469 0.497070 0.731771 0.498047 0.731771 0.499023 0.733073 0.500000 0.733073 0.502930 0.735677 0.504883 0.735677 0.505859 0.736979 0.507812 0.736979 0.508789 0.738281 0.511719 0.738281 0.512695 0.739583 0.515625 0.739583 0.516602 0.738281 0.519531 0.738281 0.520508 0.736979 0.520508 0.735677 0.521484 0.734375 0.521484 0.727865 0.522461 0.726562 0.522461 0.723958 0.523438 0.722656 0.523438 0.716146 0.522461 0.714844 0.521484 0.714844 0.519531 0.712240 0.518555 0.712240 0.516602 0.709635 0.515625 0.709635 0.513672 0.707031 0.507812 0.707031 0.504883 0.709635 0.496094 0.709635 0.495117 0.708333 0.494141 0.708333
0 0.481445 0.652344 0.481445 0.661458 0.482422 0.662760 0.482422 0.664062 0.483398 0.665365 0.484375 0.669271 0.485352 0.669271 0.489258 0.675781 0.492188 0.677083 0.494141 0.679688 0.499023 0.679688 0.500000 0.680990 0.507812 0.680990 0.508789 0.679688 0.509766 0.679688 0.512695 0.675781 0.512695 0.674479 0.513672 0.673177 0.513672 0.670573 0.514648 0.669271 0.514648 0.660156 0.513672 0.658854 0.513672 0.653646 0.512695 0.652344 0.512695 0.651042 0.510742 0.648438 0.510742 0.645833 0.509766 0.644531 0.509766 0.643229 0.508789 0.643229 0.507812 0.641927 0.500000 0.641927 0.499023 0.643229 0.497070 0.643229 0.494141 0.645833 0.492188 0.645833 0.490234 0.648438 0.488281 0.648438 0.487305 0.649740 0.485352 0.649740 0.484375 0.651042 0.482422 0.651042
0 0.493164 0.591146 0.492188 0.591146 0.491211 0.592448 0.476562 0.592448 0.473633 0.595052 0.473633 0.597656 0.472656 0.598958 0.472656 0.611979 0.471680 0.613281 0.471680 0.625000 0.472656 0.626302 0.472656 0.628906 0.475586 0.635417 0.475586 0.638021 0.476562 0.639323 0.477539 0.643229 0.478516 0.643229 0.479492 0.644531 0.483398 0.644531 0.484375 0.643229 0.486328 0.643229 0.487305 0.641927 0.489258 0.641927 0.490234 0.640625 0.491211 0.640625 0.502930 0.625000 0.502930 0.623698 0.503906 0.622396 0.502930 0.621094 0.502930 0.618490 0.500977 0.614583 0.500977 0.604167 0.501953 0.602865 0.501953 0.601562 0.500977 0.600260 0.500977 0.598958 0.497070 0.593750 0.496094 0.593750
0 0.480469 0.541667 0.475586 0.541667 0.474609 0.542969 0.471680 0.544271 0.469727 0.546875 0.468750 0.546875 0.463867 0.550781 0.461914 0.550781 0.459961 0.553385 0.459961 0.554688 0.458008 0.558594 0.458008 0.572917 0.462891 0.578125 0.463867 0.578125 0.464844 0.579427 0.465820 0.579427 0.466797 0.580729 0.469727 0.582031 0.473633 0.587240 0.475586 0.587240 0.476562 0.585938 0.480469 0.585938 0.481445 0.584635 0.486328 0.584635 0.492188 0.575521 0.492188 0.572917 0.493164 0.571615 0.493164 0.569010 0.492188 0.567708 0.492188 0.566406 0.490234 0.563802 0.490234 0.558594 0.488281 0.555990 0.488281 0.554688 0.487305 0.553385 0.487305 0.550781 0.486328 0.549479 0.485352 0.545573 0.483398 0.542969 0.481445 0.542969
0 0.513672 0.550781 0.508789 0.550781 0.507812 0.552083 0.502930 0.552083 0.501953 0.553385 0.498047 0.553385 0.495117 0.557292 0.492188 0.558594 0.492188 0.565104 0.494141 0.569010 0.494141 0.574219 0.492188 0.576823 0.492188 0.578125 0.491211 0.579427 0.491211 0.582031 0.499023 0.592448 0.500000 0.592448 0.500977 0.593750 0.501953 0.593750 0.502930 0.592448 0.504883 0.592448 0.505859 0.591146 0.509766 0.591146 0.510742 0.589844 0.511719 0.589844 0.512695 0.588542 0.515625 0.587240 0.519531 0.582031 0.519531 0.580729 0.520508 0.579427 0.520508 0.576823 0.521484 0.575521 0.521484 0.566406 0.520508 0.565104 0.520508 0.562500 0.519531 0.561198 0.519531 0.559896 0.518555 0.558594 0.517578 0.554688 0.515625 0.552083 0.514648 0.552083
0 0.421875 0.490885 0.420898 0.492188 0.417969 0.493490 0.412109 0.501302 0.411133 0.501302 0.411133 0.502604 0.408203 0.506510 0.408203 0.516927 0.409180 0.518229 0.408203 0.519531 0.408203 0.528646 0.410156 0.531250 0.410156 0.532552 0.414062 0.537760 0.418945 0.539062 0.425781 0.544271 0.429688 0.544271 0.430664 0.542969 0.433594 0.541667 0.438477 0.536458 0.439453 0.536458 0.444336 0.529948 0.444336 0.528646 0.445312 0.527344 0.445312 0.506510 0.441406 0.501302 0.441406 0.500000 0.439453 0.496094 0.438477 0.496094 0.435547 0.493490 0.433594 0.493490 0.432617 0.492188 0.429688 0.492188 0.428711 0.490885
0 0.451172 0.503906 0.447266 0.509115 0.447266 0.511719 0.446289 0.513021 0.446289 0.528646 0.444336 0.531250 0.444336 0.535156 0.446289 0.539062 0.447266 0.539062 0.450195 0.541667 0.452148 0.541667 0.453125 0.542969 0.456055 0.544271 0.458984 0.548177 0.462891 0.548177 0.463867 0.546875 0.464844 0.546875 0.466797 0.544271 0.469727 0.542969 0.476562 0.535156 0.476562 0.533854 0.477539 0.532552 0.477539 0.531250 0.480469 0.524740 0.480469 0.516927 0.478516 0.514323 0.478516 0.513021 0.477539 0.511719 0.476562 0.511719 0.474609 0.509115 0.472656 0.509115 0.469727 0.506510 0.466797 0.506510 0.465820 0.505208 0.463867 0.505208 0.462891 0.503906 0.459961 0.503906 0.458984 0.505208 0.452148 0.505208
0 0.497070 0.500000 0.496094 0.501302 0.495117 0.501302 0.493164 0.503906 0.492188 0.503906 0.491211 0.505208 0.491211 0.506510 0.489258 0.509115 0.488281 0.509115 0.487305 0.510417 0.487305 0.511719 0.484375 0.515625 0.484375 0.518229 0.483398 0.519531 0.483398 0.524740 0.484375 0.526042 0.484375 0.528646 0.486328 0.532552 0.486328 0.535156 0.488281 0.539062 0.489258 0.539062 0.492188 0.542969 0.493164 0.542969 0.498047 0.548177 0.500000 0.548177 0.500977 0.549479 0.504883 0.549479 0.506836 0.546875 0.507812 0.546875 0.516602 0.535156 0.516602 0.533854 0.518555 0.531250 0.518555 0.529948 0.519531 0.528646 0.519531 0.520833 0.518555 0.519531 0.518555 0.516927 0.517578 0.515625 0.517578 0.513021 0.516602 0.511719 0.516602 0.510417 0.513672 0.503906 0.512695 0.503906 0.509766 0.501302 0.504883 0.501302 0.503906 0.500000
0 0.431641 0.442708 0.430664 0.442708 0.427734 0.440104 0.425781 0.440104 0.424805 0.438802 0.421875 0.438802 0.420898 0.440104 0.413086 0.440104 0.410156 0.442708 0.408203 0.442708 0.403320 0.449219 0.403320 0.455729 0.402344 0.457031 0.402344 0.475260 0.403320 0.476562 0.403320 0.477865 0.408203 0.484375 0.409180 0.484375 0.411133 0.486979 0.415039 0.486979 0.416016 0.488281 0.416992 0.488281 0.417969 0.486979 0.428711 0.486979 0.430664 0.484375 0.430664 0.483073 0.431641 0.481771 0.433594 0.475260 0.435547 0.472656 0.435547 0.471354 0.436523 0.470052 0.436523 0.467448 0.437500 0.466146 0.437500 0.454427 0.436523 0.453125 0.435547 0.449219
0 0.442383 0.459635 0.441406 0.460938 0.441406 0.467448 0.440430 0.468750 0.440430 0.472656 0.441406 0.473958 0.441406 0.477865 0.442383 0.479167 0.442383 0.481771 0.443359 0.483073 0.443359 0.484375 0.444336 0.485677 0.444336 0.486979 0.445312 0.488281 0.445312 0.489583 0.446289 0.490885 0.447266 0.494792 0.448242 0.494792 0.451172 0.498698 0.453125 0.498698 0.454102 0.497396 0.455078 0.498698 0.457031 0.498698 0.458008 0.500000 0.461914 0.500000 0.462891 0.498698 0.463867 0.498698 0.464844 0.497396 0.465820 0.497396 0.466797 0.496094 0.467773 0.496094 0.468750 0.494792 0.471680 0.493490 0.471680 0.492188 0.473633 0.489583 0.473633 0.488281 0.475586 0.484375 0.475586 0.475260 0.474609 0.473958 0.474609 0.471354 0.467773 0.462240 0.466797 0.462240 0.465820 0.460938 0.464844 0.460938 0.459961 0.457031 0.456055 0.457031 0.455078 0.458333 0.454102 0.458333 0.453125 0.459635 0.452148 0.459635 0.447266 0.463542 0.446289 0.463542 0.443359 0.459635
0 0.387695 0.365885 0.386719 0.367188 0.384766 0.367188 0.383789 0.368490 0.380859 0.369792 0.378906 0.372396 0.377930 0.372396 0.375977 0.375000 0.375000 0.375000 0.375000 0.376302 0.372070 0.380208 0.372070 0.382812 0.371094 0.384115 0.371094 0.395833 0.370117 0.397135 0.370117 0.402344 0.371094 0.403646 0.371094 0.407552 0.372070 0.408854 0.372070 0.410156 0.375000 0.414062 0.377930 0.415365 0.383789 0.423177 0.386719 0.423177 0.387695 0.424479 0.396484 0.424479 0.397461 0.423177 0.402344 0.420573 0.402344 0.419271 0.403320 0.417969 0.403320 0.412760 0.404297 0.411458 0.404297 0.408854 0.405273 0.407552 0.405273 0.404948 0.406250 0.403646 0.406250 0.399740 0.407227 0.398438 0.407227 0.394531 0.408203 0.393229 0.408203 0.384115 0.407227 0.382812 0.407227 0.377604 0.405273 0.375000 0.404297 0.375000 0.403320 0.373698 0.401367 0.373698 0.393555 0.365885
0 0.415039 0.386719 0.410156 0.391927 0.410156 0.394531 0.407227 0.401042 0.407227 0.404948 0.406250 0.406250 0.406250 0.408854 0.405273 0.410156 0.405273 0.415365 0.404297 0.416667 0.404297 0.423177 0.405273 0.424479 0.405273 0.425781 0.409180 0.430990 0.410156 0.434896 0.413086 0.437500 0.426758 0.437500 0.427734 0.436198 0.431641 0.436198 0.432617 0.434896 0.433594 0.434896 0.435547 0.432292 0.435547 0.430990 0.436523 0.429688 0.437500 0.425781 0.439453 0.423177 0.439453 0.420573 0.440430 0.419271 0.440430 0.411458 0.439453 0.410156 0.439453 0.406250 0.438477 0.404948 0.438477 0.402344 0.437500 0.401042 0.437500 0.398438 0.435547 0.395833 0.432617 0.394531 0.428711 0.389323 0.427734 0.389323 0.426758 0.388021 0.423828 0.388021 0.422852 0.386719
0 0.483398 0.415365 0.480469 0.415365 0.479492 0.416667 0.466797 0.416667 0.465820 0.417969 0.462891 0.419271 0.461914 0.420573 0.460938 0.424479 0.458984 0.427083 0.458008 0.427083 0.455078 0.429688 0.454102 0.429688 0.452148 0.427083 0.452148 0.421875 0.451172 0.420573 0.451172 0.419271 0.450195 0.419271 0.450195 0.420573 0.449219 0.421875 0.449219 0.427083 0.450195 0.428385 0.450195 0.430990 0.451172 0.432292 0.451172 0.440104 0.452148 0.441406 0.452148 0.442708 0.460938 0.454427 0.461914 0.454427 0.465820 0.459635 0.468750 0.459635 0.469727 0.460938 0.476562 0.460938 0.477539 0.462240 0.478516 0.462240 0.479492 0.460938 0.482422 0.459635 0.485352 0.454427 0.485352 0.453125 0.486328 0.451823 0.486328 0.449219 0.487305 0.447917 0.487305 0.438802 0.488281 0.437500 0.488281 0.427083 0.484375 0.420573 0.484375 0.419271 0.483398 0.417969
0 0.513672 0.450521 0.510742 0.447917 0.507812 0.447917 0.506836 0.449219 0.490234 0.449219 0.489258 0.450521 0.489258 0.451823 0.484375 0.458333 0.484375 0.459635 0.483398 0.460938 0.482422 0.460938 0.482422 0.462240 0.480469 0.464844 0.480469 0.467448 0.482422 0.471354 0.482422 0.473958 0.483398 0.475260 0.484375 0.479167 0.486328 0.481771 0.487305 0.481771 0.492188 0.485677 0.494141 0.485677 0.497070 0.488281 0.502930 0.488281 0.503906 0.486979 0.505859 0.486979 0.506836 0.485677 0.509766 0.484375 0.512695 0.480469 0.513672 0.480469 0.514648 0.479167 0.514648 0.477865 0.515625 0.476562 0.515625 0.472656 0.516602 0.471354 0.516602 0.460938 0.513672 0.454427
0 0.520508 0.462240 0.518555 0.466146 0.518555 0.470052 0.517578 0.471354 0.517578 0.477865 0.515625 0.480469 0.514648 0.480469 0.511719 0.484375 0.508789 0.485677 0.506836 0.488281 0.506836 0.493490 0.508789 0.496094 0.508789 0.497396 0.509766 0.498698 0.512695 0.498698 0.514648 0.501302 0.515625 0.501302 0.516602 0.502604 0.520508 0.502604 0.521484 0.503906 0.523438 0.503906 0.524414 0.505208 0.526367 0.505208 0.527344 0.503906 0.529297 0.503906 0.530273 0.502604 0.532227 0.502604 0.533203 0.501302 0.536133 0.501302 0.538086 0.497396 0.538086 0.493490 0.539062 0.492188 0.539062 0.481771 0.538086 0.480469 0.538086 0.479167 0.536133 0.476562 0.536133 0.475260 0.533203 0.471354 0.533203 0.470052 0.532227 0.468750 0.530273 0.468750 0.529297 0.467448 0.526367 0.467448
0 0.390625 0.295573 0.389648 0.296875 0.387695 0.296875 0.383789 0.302083 0.382812 0.302083 0.379883 0.305990 0.379883 0.307292 0.378906 0.308594 0.378906 0.311198 0.377930 0.312500 0.377930 0.334635 0.378906 0.335938 0.378906 0.338542 0.379883 0.339844 0.379883 0.345052 0.381836 0.348958 0.382812 0.348958 0.387695 0.352865 0.394531 0.352865 0.395508 0.351562 0.398438 0.351562 0.399414 0.350260 0.406250 0.346354 0.410156 0.341146 0.411133 0.341146 0.411133 0.339844 0.412109 0.338542 0.412109 0.325521 0.410156 0.321615 0.410156 0.307292 0.409180 0.305990 0.409180 0.303385 0.405273 0.299479 0.404297 0.299479 0.403320 0.298177 0.401367 0.298177 0.400391 0.296875 0.398438 0.296875 0.397461 0.295573
0 0.444336 0.333333 0.443359 0.333333 0.442383 0.332031 0.440430 0.332031 0.439453 0.330729 0.436523 0.330729 0.435547 0.332031 0.430664 0.332031 0.429688 0.333333 0.427734 0.333333 0.426758 0.334635 0.425781 0.334635 0.425781 0.335938 0.421875 0.339844 0.421875 0.341146 0.416992 0.352865 0.416992 0.355469 0.415039 0.359375 0.415039 0.361979 0.413086 0.365885 0.413086 0.377604 0.414062 0.378906 0.414062 0.380208 0.415039 0.380208 0.416016 0.381510 0.420898 0.381510 0.421875 0.382812 0.435547 0.382812 0.436523 0.384115 0.441406 0.384115 0.444336 0.381510 0.444336 0.380208 0.449219 0.372396 0.449219 0.369792 0.451172 0.365885 0.451172 0.363281 0.452148 0.361979 0.452148 0.359375 0.453125 0.358073 0.453125 0.351562 0.452148 0.350260 0.449219 0.341146
0 0.416016 0.242188 0.415039 0.242188 0.415039 0.243490 0.416016 0.244792 0.416016 0.247396 0.413086 0.251302 0.411133 0.251302 0.408203 0.248698 0.406250 0.248698 0.405273 0.250000 0.402344 0.250000 0.401367 0.251302 0.400391 0.251302 0.397461 0.255208 0.397461 0.256510 0.391602 0.264323 0.390625 0.264323 0.389648 0.265625 0.389648 0.266927 0.387695 0.269531 0.387695 0.272135 0.386719 0.273438 0.386719 0.278646 0.387695 0.279948 0.387695 0.283854 0.391602 0.289062 0.391602 0.290365 0.392578 0.291667 0.394531 0.291667 0.395508 0.292969 0.397461 0.292969 0.398438 0.294271 0.401367 0.294271 0.402344 0.295573 0.403320 0.295573 0.408203 0.299479 0.410156 0.299479 0.411133 0.300781 0.416016 0.298177 0.419922 0.292969 0.421875 0.286458 0.424805 0.282552 0.424805 0.281250 0.426758 0.278646 0.426758 0.277344 0.428711 0.273438 0.428711 0.260417 0.427734 0.259115 0.426758 0.252604 0.423828 0.251302 0.419922 0.246094 0.416992 0.246094 0.416016 0.244792
0 0.442383 0.276042 0.438477 0.276042 0.435547 0.273438 0.431641 0.273438 0.430664 0.274740 0.430664 0.276042 0.426758 0.281250 0.426758 0.282552 0.422852 0.287760 0.422852 0.289062 0.419922 0.294271 0.418945 0.298177 0.415039 0.303385 0.415039 0.311198 0.416016 0.312500 0.416016 0.316406 0.416992 0.317708 0.416992 0.319010 0.422852 0.326823 0.423828 0.326823 0.426758 0.329427 0.431641 0.329427 0.432617 0.328125 0.436523 0.328125 0.437500 0.326823 0.439453 0.326823 0.440430 0.325521 0.441406 0.325521 0.443359 0.322917 0.446289 0.321615 0.449219 0.317708 0.449219 0.316406 0.452148 0.311198 0.452148 0.307292 0.453125 0.305990 0.453125 0.296875 0.454102 0.295573 0.454102 0.289062 0.453125 0.287760 0.453125 0.286458 0.450195 0.285156
0 0.400391 0.196615 0.400391 0.197917 0.399414 0.199219 0.399414 0.201823 0.398438 0.203125 0.398438 0.208333 0.397461 0.209635 0.398438 0.210938 0.398438 0.213542 0.399414 0.214844 0.399414 0.216146 0.400391 0.217448 0.401367 0.217448 0.404297 0.221354 0.404297 0.222656 0.406250 0.225260 0.406250 0.226562 0.414062 0.236979 0.415039 0.236979 0.416016 0.238281 0.418945 0.238281 0.419922 0.239583 0.420898 0.238281 0.428711 0.238281 0.429688 0.236979 0.430664 0.236979 0.434570 0.231771 0.434570 0.226562 0.435547 0.225260 0.435547 0.221354 0.436523 0.220052 0.436523 0.214844 0.437500 0.213542 0.437500 0.205729 0.438477 0.204427 0.438477 0.199219 0.437500 0.197917 0.437500 0.194010 0.434570 0.190104 0.432617 0.190104 0.431641 0.188802 0.428711 0.188802 0.426758 0.186198 0.417969 0.186198 0.416992 0.187500 0.413086 0.187500 0.410156 0.190104 0.408203 0.190104 0.408203 0.191406 0.405273 0.196615 0.405273 0.199219 0.403320 0.203125 0.401367 0.200521
0 0.457031 0.220052 0.451172 0.220052 0.450195 0.221354 0.449219 0.221354 0.449219 0.222656 0.447266 0.225260 0.436523 0.230469 0.436523 0.231771 0.434570 0.235677 0.434570 0.248698 0.435547 0.250000 0.435547 0.252604 0.437500 0.256510 0.437500 0.259115 0.440430 0.264323 0.440430 0.265625 0.442383 0.268229 0.442383 0.269531 0.444336 0.272135 0.444336 0.273438 0.446289 0.276042 0.446289 0.277344 0.449219 0.281250 0.450195 0.281250 0.451172 0.282552 0.452148 0.281250 0.456055 0.281250 0.457031 0.279948 0.458984 0.279948 0.459961 0.278646 0.460938 0.278646 0.472656 0.263021 0.473633 0.263021 0.476562 0.257812 0.476562 0.251302 0.475586 0.250000 0.475586 0.246094 0.474609 0.244792 0.473633 0.240885 0.469727 0.235677 0.469727 0.234375 0.466797 0.230469 0.466797 0.229167 0.461914 0.222656 0.460938 0.222656 0.459961 0.221354 0.458008 0.221354
0 0.473633 0.162760 0.472656 0.164062 0.468750 0.164062 0.467773 0.162760 0.464844 0.162760 0.463867 0.164062 0.460938 0.164062 0.459961 0.165365 0.454102 0.165365 0.451172 0.167969 0.448242 0.167969 0.447266 0.169271 0.445312 0.169271 0.444336 0.170573 0.443359 0.170573 0.440430 0.174479 0.440430 0.175781 0.439453 0.177083 0.438477 0.177083 0.438477 0.178385 0.437500 0.179688 0.437500 0.180990 0.438477 0.182292 0.438477 0.188802 0.439453 0.190104 0.439453 0.194010 0.440430 0.195312 0.440430 0.196615 0.445312 0.201823 0.446289 0.201823 0.450195 0.205729 0.451172 0.205729 0.452148 0.207031 0.454102 0.207031 0.455078 0.208333 0.462891 0.208333 0.463867 0.207031 0.465820 0.207031 0.466797 0.205729 0.469727 0.205729 0.470703 0.204427 0.473633 0.204427 0.475586 0.200521 0.475586 0.192708 0.477539 0.188802 0.477539 0.186198 0.478516 0.184896 0.478516 0.180990 0.479492 0.179688 0.479492 0.174479 0.478516 0.173177 0.478516 0.170573
0 0.500977 0.182292 0.500000 0.182292 0.497070 0.186198 0.496094 0.186198 0.493164 0.188802 0.485352 0.188802 0.484375 0.190104 0.482422 0.190104 0.481445 0.191406 0.481445 0.192708 0.479492 0.195312 0.478516 0.195312 0.477539 0.201823 0.474609 0.207031 0.474609 0.210938 0.476562 0.214844 0.476562 0.217448 0.477539 0.218750 0.477539 0.222656 0.478516 0.223958 0.478516 0.226562 0.479492 0.227865 0.479492 0.231771 0.480469 0.233073 0.480469 0.235677 0.481445 0.236979 0.496094 0.236979 0.497070 0.235677 0.500977 0.235677 0.505859 0.231771 0.507812 0.231771 0.510742 0.227865 0.510742 0.223958 0.513672 0.220052 0.513672 0.214844 0.512695 0.213542 0.511719 0.209635 0.508789 0.204427 0.508789 0.201823 0.507812 0.200521 0.506836 0.194010 0.505859 0.192708 0.504883 0.188802
0 0.480469 0.257812 0.476562 0.263021 0.473633 0.264323 0.470703 0.268229 0.469727 0.268229 0.466797 0.272135 0.466797 0.273438 0.462891 0.279948 0.461914 0.282552 0.461914 0.285156 0.460938 0.286458 0.460938 0.298177 0.462891 0.303385 0.466797 0.309896 0.466797 0.311198 0.470703 0.313802 0.475586 0.315104 0.476562 0.316406 0.479492 0.316406 0.480469 0.317708 0.486328 0.317708 0.490234 0.320312 0.491211 0.319010 0.493164 0.319010 0.500977 0.308594 0.502930 0.303385 0.502930 0.299479 0.503906 0.298177 0.503906 0.291667 0.502930 0.290365 0.502930 0.285156 0.501953 0.283854 0.501953 0.281250 0.499023 0.273438 0.497070 0.270833 0.497070 0.268229 0.495117 0.263021 0.492188 0.259115 0.490234 0.259115 0.489258 0.257812
0 0.455078 0.321615 0.455078 0.342448 0.456055 0.343750 0.456055 0.351562 0.458008 0.355469 0.458984 0.361979 0.461914 0.365885 0.462891 0.368490 0.466797 0.371094 0.471680 0.372396 0.472656 0.373698 0.475586 0.373698 0.480469 0.369792 0.484375 0.369792 0.497070 0.359375 0.498047 0.356771 0.498047 0.348958 0.497070 0.347656 0.497070 0.345052 0.495117 0.339844 0.493164 0.337240 0.491211 0.329427 0.486328 0.321615 0.482422 0.319010 0.478516 0.319010 0.477539 0.317708 0.474609 0.317708 0.473633 0.316406 0.471680 0.316406 0.469727 0.313802 0.465820 0.313802 0.462891 0.316406 0.458984 0.316406
0 0.500000 0.345052 0.500000 0.355469 0.497070 0.359375 0.497070 0.360677 0.496094 0.361979 0.495117 0.361979 0.493164 0.364583 0.492188 0.364583 0.490234 0.367188 0.489258 0.367188 0.485352 0.372396 0.485352 0.376302 0.487305 0.380208 0.487305 0.382812 0.494141 0.391927 0.495117 0.391927 0.498047 0.394531 0.504883 0.394531 0.505859 0.395833 0.508789 0.395833 0.509766 0.397135 0.510742 0.395833 0.513672 0.395833 0.515625 0.393229 0.515625 0.391927 0.517578 0.389323 0.517578 0.388021 0.522461 0.381510 0.522461 0.380208 0.524414 0.377604 0.524414 0.376302 0.525391 0.375000 0.525391 0.372396 0.526367 0.371094 0.525391 0.369792 0.525391 0.367188 0.522461 0.363281 0.522461 0.361979 0.521484 0.360677 0.521484 0.356771 0.520508 0.355469 0.520508 0.351562 0.516602 0.345052 0.511719 0.345052 0.510742 0.343750 0.507812 0.343750 0.506836 0.345052
0 0.523438 0.122396 0.522461 0.122396 0.521484 0.121094 0.519531 0.121094 0.517578 0.123698 0.508789 0.123698 0.507812 0.125000 0.505859 0.125000 0.500000 0.132812 0.498047 0.139323 0.491211 0.151042 0.491211 0.152344 0.490234 0.153646 0.491211 0.154948 0.495117 0.166667 0.500977 0.174479 0.502930 0.174479 0.503906 0.175781 0.508789 0.175781 0.509766 0.177083 0.510742 0.175781 0.514648 0.175781 0.515625 0.174479 0.518555 0.174479 0.519531 0.173177 0.521484 0.173177 0.523438 0.170573 0.524414 0.170573 0.530273 0.161458 0.530273 0.160156 0.531250 0.158854 0.531250 0.152344 0.532227 0.151042 0.532227 0.147135 0.531250 0.145833 0.531250 0.143229 0.530273 0.141927 0.529297 0.135417 0.526367 0.130208 0.526367 0.126302
0 0.553711 0.110677 0.549805 0.114583 0.546875 0.114583 0.536133 0.127604 0.534180 0.127604 0.533203 0.126302 0.532227 0.127604 0.532227 0.128906 0.533203 0.130208 0.533203 0.134115 0.534180 0.135417 0.534180 0.156250 0.536133 0.158854 0.537109 0.158854 0.538086 0.160156 0.540039 0.160156 0.543945 0.164062 0.544922 0.164062 0.545898 0.165365 0.547852 0.165365 0.548828 0.166667 0.560547 0.166667 0.561523 0.165365 0.568359 0.161458 0.570312 0.157552 0.570312 0.154948 0.571289 0.153646 0.571289 0.139323 0.572266 0.138021 0.572266 0.132812 0.571289 0.131510 0.571289 0.127604 0.570312 0.126302 0.570312 0.119792 0.568359 0.115885 0.567383 0.115885 0.563477 0.111979 0.561523 0.111979 0.560547 0.110677
0 0.581055 0.165365 0.580078 0.165365 0.577148 0.162760 0.575195 0.162760 0.574219 0.161458 0.570312 0.161458 0.569336 0.162760 0.566406 0.164062 0.562500 0.167969 0.560547 0.167969 0.559570 0.169271 0.555664 0.169271 0.554688 0.170573 0.550781 0.170573 0.549805 0.171875 0.549805 0.177083 0.548828 0.178385 0.548828 0.179688 0.549805 0.180990 0.549805 0.186198 0.548828 0.187500 0.548828 0.191406 0.549805 0.192708 0.549805 0.199219 0.550781 0.200521 0.551758 0.204427 0.553711 0.207031 0.554688 0.207031 0.555664 0.208333 0.557617 0.208333 0.558594 0.209635 0.561523 0.209635 0.562500 0.210938 0.572266 0.210938 0.573242 0.209635 0.576172 0.209635 0.577148 0.208333 0.582031 0.205729 0.585938 0.200521 0.585938 0.199219 0.586914 0.197917 0.587891 0.197917 0.590820 0.195312 0.590820 0.191406 0.591797 0.190104 0.590820 0.188802 0.590820 0.184896 0.586914 0.179688 0.586914 0.178385 0.584961 0.175781 0.583984 0.171875 0.582031 0.169271
0 0.601562 0.126302 0.597656 0.130208 0.594727 0.131510 0.594727 0.132812 0.598633 0.136719 0.596680 0.139323 0.594727 0.139323 0.591797 0.144531 0.588867 0.144531 0.584961 0.148438 0.583984 0.151042 0.583984 0.169271 0.585938 0.171875 0.585938 0.173177 0.591797 0.180990 0.592773 0.180990 0.594727 0.183594 0.596680 0.183594 0.597656 0.184896 0.603516 0.184896 0.604492 0.186198 0.608398 0.186198 0.609375 0.184896 0.612305 0.184896 0.613281 0.183594 0.621094 0.180990 0.625000 0.177083 0.625977 0.177083 0.626953 0.174479 0.626953 0.170573 0.627930 0.169271 0.627930 0.165365 0.626953 0.164062 0.627930 0.162760 0.627930 0.157552 0.626953 0.156250 0.626953 0.151042 0.625977 0.149740 0.625977 0.134115 0.624023 0.130208 0.620117 0.128906 0.619141 0.127604 0.614258 0.128906 0.610352 0.126302
0 0.623047 0.190104 0.616211 0.190104 0.615234 0.191406 0.605469 0.191406 0.604492 0.192708 0.602539 0.192708 0.599609 0.195312 0.595703 0.195312 0.594727 0.196615 0.592773 0.196615 0.591797 0.197917 0.591797 0.199219 0.590820 0.200521 0.590820 0.209635 0.589844 0.210938 0.589844 0.216146 0.590820 0.217448 0.590820 0.226562 0.591797 0.227865 0.592773 0.231771 0.598633 0.239583 0.599609 0.239583 0.604492 0.243490 0.614258 0.243490 0.615234 0.242188 0.620117 0.239583 0.622070 0.236979 0.625000 0.235677 0.628906 0.230469 0.628906 0.227865 0.629883 0.226562 0.629883 0.223958 0.628906 0.222656 0.628906 0.203125 0.627930 0.201823 0.625000 0.192708
0 0.521484 0.235677 0.517578 0.240885 0.516602 0.240885 0.516602 0.244792 0.512695 0.248698 0.512695 0.253906 0.509766 0.261719 0.510742 0.263021 0.510742 0.266927 0.514648 0.273438 0.515625 0.277344 0.518555 0.281250 0.522461 0.283854 0.526367 0.289062 0.534180 0.294271 0.540039 0.294271 0.542969 0.290365 0.546875 0.287760 0.550781 0.282552 0.552734 0.281250 0.552734 0.279948 0.554688 0.277344 0.554688 0.274740 0.558594 0.268229 0.558594 0.260417 0.556641 0.256510 0.554688 0.255208 0.552734 0.255208 0.546875 0.247396 0.545898 0.247396 0.540039 0.240885 0.538086 0.243490 0.535156 0.243490 0.533203 0.240885 0.533203 0.236979 0.529297 0.239583 0.526367 0.239583 0.524414 0.240885
0 0.572266 0.221354 0.569336 0.226562 0.569336 0.227865 0.567383 0.230469 0.565430 0.230469 0.564453 0.231771 0.563477 0.231771 0.562500 0.230469 0.559570 0.230469 0.559570 0.231771 0.556641 0.236979 0.556641 0.238281 0.552734 0.242188 0.552734 0.247396 0.557617 0.253906 0.557617 0.255208 0.560547 0.261719 0.560547 0.265625 0.563477 0.269531 0.564453 0.269531 0.567383 0.272135 0.572266 0.273438 0.575195 0.276042 0.581055 0.276042 0.583984 0.270833 0.585938 0.270833 0.586914 0.269531 0.587891 0.269531 0.592773 0.263021 0.592773 0.261719 0.594727 0.257812 0.594727 0.253906 0.595703 0.252604 0.595703 0.246094 0.594727 0.244792 0.593750 0.235677 0.591797 0.233073 0.590820 0.233073 0.588867 0.230469 0.586914 0.230469 0.583008 0.226562 0.580078 0.226562 0.579102 0.225260 0.577148 0.225260 0.575195 0.222656 0.573242 0.222656
0 0.517578 0.286458 0.517578 0.289062 0.515625 0.291667 0.514648 0.291667 0.513672 0.292969 0.508789 0.292969 0.504883 0.298177 0.504883 0.300781 0.503906 0.302083 0.503906 0.304688 0.501953 0.307292 0.501953 0.308594 0.498047 0.313802 0.498047 0.316406 0.497070 0.317708 0.497070 0.320312 0.505859 0.333333 0.506836 0.333333 0.508789 0.335938 0.509766 0.335938 0.512695 0.338542 0.515625 0.338542 0.516602 0.339844 0.518555 0.339844 0.521484 0.337240 0.521484 0.335938 0.526367 0.329427 0.526367 0.328125 0.529297 0.324219 0.529297 0.322917 0.534180 0.317708 0.534180 0.316406 0.537109 0.309896 0.537109 0.308594 0.536133 0.307292 0.536133 0.304688 0.534180 0.302083 0.534180 0.300781 0.529297 0.294271 0.528320 0.294271 0.527344 0.292969 0.522461 0.290365 0.520508 0.287760 0.518555 0.287760
0 0.559570 0.272135 0.557617 0.274740 0.556641 0.274740 0.555664 0.276042 0.554688 0.279948 0.548828 0.287760 0.547852 0.287760 0.543945 0.292969 0.543945 0.294271 0.542969 0.295573 0.542969 0.302083 0.543945 0.303385 0.543945 0.309896 0.544922 0.311198 0.545898 0.315104 0.547852 0.317708 0.548828 0.317708 0.551758 0.320312 0.553711 0.320312 0.554688 0.321615 0.557617 0.321615 0.558594 0.322917 0.560547 0.322917 0.561523 0.324219 0.564453 0.324219 0.565430 0.322917 0.568359 0.321615 0.571289 0.317708 0.574219 0.316406 0.577148 0.312500 0.577148 0.311198 0.578125 0.309896 0.578125 0.307292 0.580078 0.303385 0.580078 0.298177 0.579102 0.296875 0.579102 0.294271 0.578125 0.292969 0.578125 0.291667 0.577148 0.290365 0.576172 0.290365 0.565430 0.274740 0.564453 0.274740 0.561523 0.272135
0 0.539062 0.322917 0.536133 0.326823 0.531250 0.329427 0.528320 0.333333 0.528320 0.335938 0.527344 0.337240 0.527344 0.342448 0.526367 0.343750 0.526367 0.346354 0.527344 0.347656 0.527344 0.352865 0.528320 0.354167 0.528320 0.359375 0.529297 0.360677 0.529297 0.361979 0.533203 0.367188 0.534180 0.367188 0.536133 0.369792 0.538086 0.369792 0.539062 0.371094 0.541992 0.372396 0.543945 0.375000 0.545898 0.375000 0.546875 0.376302 0.550781 0.376302 0.551758 0.375000 0.556641 0.372396 0.564453 0.363281 0.564453 0.361979 0.565430 0.360677 0.565430 0.356771 0.566406 0.355469 0.566406 0.346354 0.563477 0.341146 0.563477 0.339844 0.562500 0.338542 0.561523 0.338542 0.554688 0.328125 0.553711 0.328125 0.548828 0.322917
0 0.532227 0.377604 0.534180 0.380208 0.534180 0.382812 0.532227 0.385417 0.532227 0.390625 0.531250 0.391927 0.531250 0.394531 0.530273 0.395833 0.530273 0.397135 0.527344 0.401042 0.527344 0.408854 0.528320 0.410156 0.528320 0.411458 0.536133 0.421875 0.537109 0.421875 0.541992 0.428385 0.542969 0.428385 0.545898 0.430990 0.549805 0.430990 0.550781 0.429688 0.552734 0.429688 0.554688 0.427083 0.555664 0.427083 0.556641 0.425781 0.556641 0.424479 0.559570 0.420573 0.559570 0.419271 0.560547 0.417969 0.564453 0.406250 0.567383 0.402344 0.567383 0.395833 0.565430 0.393229 0.565430 0.391927 0.560547 0.385417 0.559570 0.385417 0.558594 0.384115 0.556641 0.384115 0.555664 0.382812 0.551758 0.382812 0.550781 0.381510 0.545898 0.381510 0.544922 0.380208 0.539062 0.380208 0.538086 0.378906 0.535156 0.378906 0.534180 0.377604
0 0.560547 0.438802 0.550781 0.438802 0.547852 0.442708 0.543945 0.442708 0.540039 0.447917 0.540039 0.449219 0.539062 0.450521 0.540039 0.451823 0.540039 0.457031 0.536133 0.466146 0.536133 0.471354 0.541016 0.483073 0.541016 0.488281 0.541992 0.488281 0.542969 0.489583 0.546875 0.489583 0.547852 0.490885 0.548828 0.489583 0.550781 0.489583 0.551758 0.488281 0.553711 0.488281 0.554688 0.486979 0.556641 0.486979 0.557617 0.485677 0.558594 0.485677 0.559570 0.484375 0.564453 0.481771 0.566406 0.479167 0.567383 0.479167 0.568359 0.477865 0.568359 0.476562 0.572266 0.467448 0.572266 0.459635 0.571289 0.458333 0.571289 0.457031 0.570312 0.455729 0.568359 0.449219 0.564453 0.444010 0.564453 0.442708 0.562500 0.440104 0.561523 0.440104
0 0.568359 0.481771 0.565430 0.485677 0.563477 0.485677 0.562500 0.486979 0.559570 0.486979 0.558594 0.488281 0.555664 0.488281 0.554688 0.489583 0.553711 0.489583 0.552734 0.490885 0.550781 0.490885 0.547852 0.493490 0.545898 0.493490 0.544922 0.494792 0.541016 0.494792 0.540039 0.496094 0.540039 0.506510 0.541016 0.507812 0.541016 0.509115 0.542969 0.511719 0.543945 0.515625 0.544922 0.515625 0.547852 0.519531 0.548828 0.519531 0.552734 0.524740 0.553711 0.524740 0.554688 0.526042 0.556641 0.526042 0.557617 0.527344 0.561523 0.527344 0.562500 0.526042 0.568359 0.526042 0.569336 0.524740 0.569336 0.523438 0.571289 0.520833 0.571289 0.519531 0.573242 0.516927 0.573242 0.514323 0.574219 0.513021 0.574219 0.511719 0.576172 0.509115 0.577148 0.505208 0.579102 0.502604 0.579102 0.497396 0.578125 0.496094 0.578125 0.494792 0.572266 0.486979 0.571289 0.486979 0.569336 0.484375 0.569336 0.483073
0 0.563477 0.537760 0.562500 0.537760 0.560547 0.535156 0.558594 0.535156 0.556641 0.532552 0.553711 0.532552 0.550781 0.536458 0.549805 0.536458 0.547852 0.539062 0.546875 0.539062 0.545898 0.540365 0.543945 0.540365 0.542969 0.541667 0.541992 0.541667 0.540039 0.544271 0.539062 0.544271 0.537109 0.548177 0.536133 0.548177 0.533203 0.544271 0.533203 0.545573 0.532227 0.546875 0.532227 0.552083 0.533203 0.553385 0.533203 0.561198 0.534180 0.562500 0.534180 0.565104 0.536133 0.567708 0.537109 0.567708 0.541016 0.572917 0.541992 0.572917 0.542969 0.574219 0.555664 0.574219 0.558594 0.570312 0.559570 0.570312 0.564453 0.563802 0.564453 0.544271 0.563477 0.542969
0 0.544922 0.615885 0.543945 0.615885 0.541016 0.619792 0.537109 0.614583 0.536133 0.614583 0.535156 0.613281 0.530273 0.613281 0.529297 0.614583 0.524414 0.614583 0.523438 0.615885 0.522461 0.615885 0.522461 0.617188 0.521484 0.618490 0.520508 0.618490 0.517578 0.621094 0.516602 0.621094 0.515625 0.619792 0.512695 0.619792 0.512695 0.631510 0.513672 0.632812 0.513672 0.635417 0.514648 0.636719 0.515625 0.640625 0.516602 0.641927 0.517578 0.641927 0.520508 0.645833 0.521484 0.645833 0.522461 0.647135 0.524414 0.647135 0.525391 0.648438 0.530273 0.648438 0.531250 0.647135 0.533203 0.647135 0.534180 0.645833 0.537109 0.644531 0.541016 0.639323 0.541992 0.639323 0.546875 0.632812 0.546875 0.630208 0.547852 0.628906 0.547852 0.619792
0 0.557617 0.630208 0.555664 0.630208 0.554688 0.628906 0.549805 0.628906 0.548828 0.630208 0.548828 0.631510 0.541016 0.641927 0.540039 0.641927 0.536133 0.647135 0.534180 0.647135 0.533203 0.648438 0.533203 0.652344 0.537109 0.657552 0.538086 0.657552 0.541016 0.661458 0.545898 0.661458 0.546875 0.662760 0.547852 0.662760 0.550781 0.658854 0.551758 0.658854 0.552734 0.657552 0.553711 0.657552 0.556641 0.653646 0.556641 0.652344 0.557617 0.651042 0.557617 0.644531 0.558594 0.643229 0.558594 0.632812 0.557617 0.631510
0 0.533203 0.658854 0.534180 0.658854 0.537109 0.662760 0.534180 0.666667 0.532227 0.666667 0.531250 0.667969 0.527344 0.667969 0.525391 0.671875 0.524414 0.671875 0.523438 0.670573 0.523438 0.667969 0.522461 0.666667 0.520508 0.666667 0.519531 0.667969 0.519531 0.669271 0.520508 0.670573 0.520508 0.680990 0.521484 0.682292 0.521484 0.686198 0.522461 0.687500 0.523438 0.691406 0.526367 0.695312 0.526367 0.696615 0.529297 0.700521 0.530273 0.700521 0.533203 0.703125 0.538086 0.704427 0.539062 0.703125 0.541992 0.703125 0.542969 0.701823 0.545898 0.700521 0.549805 0.695312 0.550781 0.695312 0.554688 0.690104 0.554688 0.688802 0.555664 0.687500 0.555664 0.682292 0.552734 0.675781 0.552734 0.673177 0.551758 0.671875 0.550781 0.667969 0.547852 0.664062 0.538086 0.664062 0.536133 0.661458 0.536133 0.658854
0 0.566406 0.710938 0.559570 0.701823 0.559570 0.697917 0.558594 0.696615 0.558594 0.694010 0.557617 0.692708 0.557617 0.690104 0.556641 0.688802 0.548828 0.699219 0.547852 0.699219 0.544922 0.703125 0.542969 0.703125 0.541992 0.704427 0.538086 0.704427 0.537109 0.705729 0.535156 0.705729 0.535156 0.710938 0.537109 0.713542 0.538086 0.713542 0.539062 0.714844 0.540039 0.714844 0.541992 0.717448 0.542969 0.717448 0.543945 0.718750 0.545898 0.718750 0.546875 0.720052 0.552734 0.720052 0.553711 0.718750 0.556641 0.718750 0.557617 0.717448 0.558594 0.717448 0.559570 0.716146 0.560547 0.716146 0.561523 0.714844 0.562500 0.714844 0.563477 0.713542 0.564453 0.713542
0 0.528320 0.750000 0.528320 0.757812 0.529297 0.759115 0.529297 0.760417 0.530273 0.761719 0.530273 0.763021 0.532227 0.765625 0.532227 0.766927 0.533203 0.768229 0.533203 0.769531 0.534180 0.770833 0.534180 0.772135 0.535156 0.773438 0.536133 0.773438 0.537109 0.774740 0.538086 0.774740 0.541016 0.777344 0.543945 0.777344 0.544922 0.778646 0.549805 0.778646 0.550781 0.777344 0.552734 0.777344 0.554688 0.774740 0.556641 0.774740 0.557617 0.773438 0.558594 0.773438 0.560547 0.769531 0.560547 0.765625 0.559570 0.764323 0.559570 0.763021 0.558594 0.761719 0.557617 0.761719 0.553711 0.756510 0.552734 0.756510 0.550781 0.753906 0.549805 0.753906 0.548828 0.752604 0.543945 0.752604 0.542969 0.751302 0.533203 0.751302 0.532227 0.750000 0.530273 0.750000 0.529297 0.748698
0 0.531250 0.776042 0.531250 0.777344 0.530273 0.778646 0.530273 0.785156 0.531250 0.786458 0.531250 0.791667 0.532227 0.792969 0.532227 0.795573 0.534180 0.799479 0.534180 0.802083 0.535156 0.802083 0.538086 0.804688 0.540039 0.804688 0.541016 0.805990 0.543945 0.805990 0.544922 0.807292 0.549805 0.807292 0.550781 0.808594 0.552734 0.808594 0.553711 0.807292 0.558594 0.807292 0.559570 0.805990 0.560547 0.805990 0.562500 0.803385 0.562500 0.792969 0.561523 0.791667 0.561523 0.789062 0.556641 0.782552 0.555664 0.782552 0.553711 0.779948 0.542969 0.779948 0.541992 0.778646 0.539062 0.778646 0.538086 0.777344 0.537109 0.777344 0.534180 0.774740 0.532227 0.774740
0 0.587891 0.764323 0.583984 0.764323 0.583008 0.763021 0.577148 0.763021 0.574219 0.766927 0.569336 0.766927 0.568359 0.768229 0.565430 0.768229 0.564453 0.769531 0.563477 0.769531 0.563477 0.770833 0.561523 0.774740 0.561523 0.778646 0.560547 0.779948 0.560547 0.783854 0.561523 0.785156 0.561523 0.787760 0.562500 0.789062 0.562500 0.792969 0.563477 0.794271 0.563477 0.796875 0.564453 0.798177 0.583984 0.798177 0.585938 0.795573 0.586914 0.795573 0.587891 0.794271 0.587891 0.785156 0.588867 0.783854 0.588867 0.782552 0.587891 0.781250 0.587891 0.776042 0.588867 0.774740 0.588867 0.766927 0.587891 0.765625
0 0.606445 0.757812 0.605469 0.757812 0.604492 0.756510 0.602539 0.756510 0.601562 0.757812 0.600586 0.757812 0.599609 0.759115 0.598633 0.759115 0.597656 0.760417 0.596680 0.760417 0.595703 0.761719 0.592773 0.761719 0.591797 0.763021 0.590820 0.763021 0.589844 0.764323 0.589844 0.766927 0.588867 0.768229 0.588867 0.772135 0.587891 0.773438 0.588867 0.774740 0.588867 0.782552 0.589844 0.783854 0.591797 0.783854 0.592773 0.785156 0.594727 0.785156 0.595703 0.786458 0.596680 0.786458 0.597656 0.787760 0.600586 0.787760 0.601562 0.786458 0.603516 0.786458 0.605469 0.783854 0.605469 0.765625 0.606445 0.764323
0 0.607422 0.730469 0.607422 0.734375 0.606445 0.735677 0.606445 0.742188 0.605469 0.743490 0.605469 0.747396 0.604492 0.748698 0.604492 0.753906 0.607422 0.757812 0.611328 0.757812 0.612305 0.756510 0.615234 0.756510 0.617188 0.753906 0.618164 0.753906 0.619141 0.752604 0.619141 0.751302 0.620117 0.750000 0.620117 0.748698 0.621094 0.747396 0.621094 0.740885 0.617188 0.735677 0.616211 0.735677 0.615234 0.734375 0.614258 0.734375 0.613281 0.733073 0.612305 0.733073 0.611328 0.731771 0.608398 0.731771
0 0.563477 0.718750 0.562500 0.720052 0.560547 0.720052 0.559570 0.721354 0.558594 0.721354 0.556641 0.723958 0.555664 0.723958 0.554688 0.725260 0.553711 0.725260 0.551758 0.727865 0.550781 0.727865 0.548828 0.731771 0.548828 0.738281 0.549805 0.739583 0.549805 0.742188 0.550781 0.743490 0.550781 0.744792 0.552734 0.748698 0.552734 0.752604 0.553711 0.753906 0.553711 0.755208 0.555664 0.759115 0.556641 0.759115 0.560547 0.764323 0.572266 0.764323 0.574219 0.761719 0.574219 0.760417 0.575195 0.759115 0.575195 0.756510 0.576172 0.755208 0.576172 0.742188 0.575195 0.740885 0.575195 0.738281 0.574219 0.736979 0.574219 0.735677 0.573242 0.734375 0.573242 0.733073 0.571289 0.729167 0.571289 0.726562 0.569336 0.723958 0.568359 0.720052 0.565430 0.720052 0.564453 0.718750
0 0.601562 0.714844 0.600586 0.714844 0.599609 0.713542 0.596680 0.713542 0.595703 0.712240 0.595703 0.710938 0.594727 0.710938 0.594727 0.712240 0.595703 0.713542 0.595703 0.714844 0.594727 0.716146 0.593750 0.714844 0.590820 0.714844 0.587891 0.712240 0.586914 0.713542 0.584961 0.713542 0.583984 0.714844 0.579102 0.716146 0.575195 0.720052 0.572266 0.720052 0.572266 0.723958 0.573242 0.725260 0.573242 0.727865 0.574219 0.729167 0.574219 0.733073 0.575195 0.734375 0.575195 0.738281 0.576172 0.739583 0.576172 0.742188 0.577148 0.743490 0.577148 0.753906 0.576172 0.755208 0.576172 0.757812 0.577148 0.759115 0.584961 0.759115 0.585938 0.760417 0.588867 0.760417 0.589844 0.761719 0.593750 0.761719 0.596680 0.759115 0.598633 0.759115 0.599609 0.757812 0.601562 0.757812 0.602539 0.756510 0.602539 0.755208 0.603516 0.753906 0.603516 0.751302 0.604492 0.750000 0.604492 0.746094 0.605469 0.744792 0.605469 0.739583 0.606445 0.738281 0.606445 0.731771 0.605469 0.730469 0.605469 0.727865 0.604492 0.726562 0.604492 0.722656 0.603516 0.721354 0.603516 0.717448
0 0.587891 0.677083 0.579102 0.677083 0.576172 0.679688 0.570312 0.679688 0.570312 0.683594 0.568359 0.686198 0.565430 0.683594 0.566406 0.679688 0.565430 0.679688 0.564453 0.678385 0.561523 0.679688 0.559570 0.682292 0.559570 0.696615 0.560547 0.697917 0.560547 0.700521 0.561523 0.701823 0.562500 0.705729 0.568359 0.710938 0.573242 0.710938 0.574219 0.712240 0.582031 0.712240 0.583008 0.710938 0.584961 0.710938 0.587891 0.707031 0.588867 0.703125 0.590820 0.700521 0.590820 0.683594 0.589844 0.682292 0.589844 0.680990 0.587891 0.678385
0 0.560547 0.631510 0.560547 0.632812 0.559570 0.634115 0.559570 0.641927 0.558594 0.643229 0.558594 0.658854 0.559570 0.658854 0.560547 0.660156 0.563477 0.660156 0.564453 0.661458 0.569336 0.661458 0.570312 0.662760 0.581055 0.662760 0.583984 0.660156 0.583984 0.658854 0.584961 0.657552 0.584961 0.656250 0.587891 0.652344 0.587891 0.649740 0.588867 0.648438 0.588867 0.645833 0.587891 0.644531 0.587891 0.640625 0.586914 0.639323 0.586914 0.636719 0.585938 0.635417 0.585938 0.634115 0.584961 0.634115 0.583984 0.632812 0.582031 0.632812 0.581055 0.631510 0.569336 0.631510 0.568359 0.630208 0.565430 0.630208 0.564453 0.631510
0 0.589844 0.601562 0.584961 0.595052 0.580078 0.595052 0.579102 0.596354 0.576172 0.596354 0.575195 0.597656 0.573242 0.597656 0.572266 0.598958 0.571289 0.598958 0.569336 0.601562 0.568359 0.601562 0.567383 0.602865 0.562500 0.602865 0.560547 0.598958 0.556641 0.598958 0.555664 0.600260 0.555664 0.610677 0.556641 0.611979 0.556641 0.617188 0.558594 0.621094 0.558594 0.623698 0.559570 0.625000 0.560547 0.628906 0.566406 0.628906 0.567383 0.630208 0.576172 0.630208 0.577148 0.628906 0.581055 0.628906 0.582031 0.627604 0.583984 0.627604 0.585938 0.625000 0.585938 0.623698 0.589844 0.618490
0 0.591797 0.649740 0.591797 0.662760 0.590820 0.664062 0.590820 0.669271 0.591797 0.670573 0.591797 0.674479 0.592773 0.675781 0.592773 0.678385 0.593750 0.679688 0.603516 0.679688 0.604492 0.680990 0.609375 0.680990 0.610352 0.682292 0.615234 0.682292 0.618164 0.684896 0.621094 0.684896 0.621094 0.683594 0.622070 0.682292 0.622070 0.674479 0.625000 0.667969 0.625000 0.651042 0.623047 0.648438 0.613281 0.648438 0.612305 0.647135 0.610352 0.647135 0.607422 0.649740 0.604492 0.649740 0.603516 0.651042 0.598633 0.651042 0.597656 0.649740
0 0.592773 0.680990 0.592773 0.692708 0.591797 0.694010 0.591797 0.700521 0.595703 0.705729 0.596680 0.705729 0.598633 0.708333 0.600586 0.708333 0.601562 0.709635 0.604492 0.709635 0.605469 0.708333 0.608398 0.708333 0.609375 0.707031 0.612305 0.707031 0.613281 0.705729 0.615234 0.705729 0.618164 0.701823 0.619141 0.701823 0.621094 0.699219 0.621094 0.697917 0.622070 0.696615 0.622070 0.687500 0.621094 0.686198 0.621094 0.680990 0.620117 0.679688 0.618164 0.679688 0.615234 0.682292 0.609375 0.682292 0.608398 0.680990 0.604492 0.680990 0.603516 0.679688 0.601562 0.679688 0.600586 0.678385 0.596680 0.678385 0.595703 0.679688 0.593750 0.679688
0 0.645508 0.657552 0.643555 0.657552 0.642578 0.656250 0.641602 0.656250 0.637695 0.662760 0.636719 0.662760 0.634766 0.665365 0.633789 0.665365 0.630859 0.667969 0.629883 0.667969 0.626953 0.665365 0.626953 0.667969 0.625977 0.669271 0.625977 0.673177 0.625000 0.674479 0.625000 0.679688 0.624023 0.680990 0.624023 0.690104 0.625000 0.691406 0.625000 0.694010 0.628906 0.699219 0.629883 0.699219 0.630859 0.700521 0.641602 0.700521 0.642578 0.699219 0.643555 0.699219 0.646484 0.695312 0.647461 0.695312 0.649414 0.692708 0.650391 0.692708 0.653320 0.690104 0.653320 0.687500 0.655273 0.683594 0.655273 0.678385 0.653320 0.674479 0.653320 0.671875 0.652344 0.670573 0.652344 0.669271 0.650391 0.666667 0.650391 0.665365 0.646484 0.660156 0.646484 0.658854
0 0.613281 0.709635 0.613281 0.717448 0.614258 0.718750 0.614258 0.721354 0.616211 0.723958 0.616211 0.726562 0.617188 0.727865 0.617188 0.730469 0.618164 0.731771 0.618164 0.735677 0.619141 0.736979 0.620117 0.736979 0.623047 0.739583 0.625977 0.739583 0.626953 0.738281 0.629883 0.738281 0.630859 0.736979 0.634766 0.736979 0.635742 0.735677 0.636719 0.735677 0.637695 0.734375 0.638672 0.734375 0.639648 0.733073 0.640625 0.733073 0.641602 0.731771 0.644531 0.730469 0.644531 0.729167 0.645508 0.727865 0.645508 0.716146 0.644531 0.714844 0.643555 0.710938 0.639648 0.704427 0.634766 0.704427 0.633789 0.703125 0.630859 0.703125 0.629883 0.701823 0.626953 0.701823 0.625977 0.700521 0.622070 0.700521 0.620117 0.703125 0.619141 0.703125 0.617188 0.705729 0.616211 0.705729
0 0.662109 0.694010 0.658203 0.694010 0.657227 0.695312 0.655273 0.695312 0.654297 0.696615 0.649414 0.696615 0.646484 0.700521 0.646484 0.701823 0.647461 0.703125 0.647461 0.705729 0.646484 0.707031 0.646484 0.722656 0.647461 0.723958 0.647461 0.726562 0.648438 0.727865 0.648438 0.729167 0.649414 0.730469 0.650391 0.730469 0.653320 0.733073 0.660156 0.733073 0.661133 0.731771 0.663086 0.731771 0.664062 0.730469 0.665039 0.730469 0.666016 0.729167 0.666992 0.729167 0.667969 0.727865 0.668945 0.727865 0.670898 0.725260 0.670898 0.722656 0.671875 0.721354 0.671875 0.720052 0.670898 0.718750 0.670898 0.716146 0.669922 0.714844 0.669922 0.712240 0.668945 0.710938 0.668945 0.708333 0.667969 0.707031 0.667969 0.704427 0.666992 0.703125 0.666992 0.701823 0.666016 0.700521 0.666016 0.699219
0 0.650391 0.657552 0.649414 0.658854 0.650391 0.660156 0.650391 0.661458 0.651367 0.662760 0.651367 0.664062 0.652344 0.665365 0.652344 0.666667 0.653320 0.667969 0.653320 0.669271 0.654297 0.670573 0.654297 0.671875 0.655273 0.673177 0.655273 0.675781 0.656250 0.677083 0.656250 0.678385 0.657227 0.679688 0.657227 0.683594 0.659180 0.686198 0.660156 0.686198 0.661133 0.687500 0.662109 0.687500 0.662109 0.686198 0.665039 0.682292 0.665039 0.680990 0.666992 0.678385 0.666992 0.677083 0.668945 0.674479 0.668945 0.669271 0.669922 0.667969 0.669922 0.658854 0.668945 0.657552 0.663086 0.657552 0.662109 0.658854 0.656250 0.658854 0.655273 0.657552
0 0.646484 0.613281 0.645508 0.613281 0.643555 0.615885 0.642578 0.615885 0.641602 0.617188 0.640625 0.615885 0.635742 0.615885 0.634766 0.614583 0.633789 0.614583 0.632812 0.615885 0.625977 0.615885 0.624023 0.618490 0.621094 0.618490 0.619141 0.615885 0.618164 0.615885 0.618164 0.622396 0.619141 0.623698 0.619141 0.626302 0.621094 0.630208 0.621094 0.632812 0.623047 0.636719 0.623047 0.639323 0.624023 0.640625 0.625000 0.644531 0.626953 0.647135 0.629883 0.647135 0.630859 0.648438 0.632812 0.648438 0.633789 0.649740 0.642578 0.649740 0.643555 0.648438 0.644531 0.644531 0.648438 0.638021 0.648438 0.635417 0.649414 0.634115 0.649414 0.623698 0.648438 0.622396 0.648438 0.619792 0.647461 0.618490 0.647461 0.615885 0.646484 0.614583
0 0.665039 0.614583 0.663086 0.614583 0.661133 0.617188 0.661133 0.618490 0.660156 0.619792 0.657227 0.619792 0.654297 0.623698 0.653320 0.623698 0.653320 0.625000 0.652344 0.626302 0.652344 0.630208 0.651367 0.631510 0.651367 0.632812 0.650391 0.634115 0.650391 0.635417 0.649414 0.636719 0.649414 0.638021 0.648438 0.639323 0.648438 0.640625 0.646484 0.643229 0.646484 0.644531 0.644531 0.647135 0.644531 0.649740 0.648438 0.654948 0.649414 0.654948 0.650391 0.656250 0.654297 0.656250 0.655273 0.657552 0.661133 0.657552 0.666016 0.651042 0.666016 0.649740 0.666992 0.648438 0.666992 0.647135 0.668945 0.643229 0.668945 0.636719 0.669922 0.635417 0.669922 0.628906 0.668945 0.627604 0.668945 0.621094 0.666992 0.618490 0.666992 0.617188
0 0.620117 0.570312 0.619141 0.570312 0.615234 0.565104 0.613281 0.565104 0.612305 0.566406 0.610352 0.566406 0.607422 0.570312 0.606445 0.570312 0.604492 0.572917 0.601562 0.574219 0.599609 0.576823 0.593750 0.576823 0.591797 0.574219 0.589844 0.574219 0.588867 0.572917 0.587891 0.572917 0.586914 0.574219 0.586914 0.575521 0.587891 0.576823 0.587891 0.578125 0.588867 0.579427 0.588867 0.582031 0.589844 0.583333 0.589844 0.591146 0.590820 0.592448 0.590820 0.596354 0.591797 0.597656 0.608398 0.597656 0.611328 0.595052 0.613281 0.595052 0.614258 0.593750 0.615234 0.593750 0.616211 0.592448 0.619141 0.591146 0.621094 0.588542 0.621094 0.585938 0.622070 0.584635 0.621094 0.583333 0.621094 0.575521 0.620117 0.574219
0 0.611328 0.535156 0.607422 0.535156 0.605469 0.537760 0.602539 0.539062 0.602539 0.540365 0.601562 0.541667 0.600586 0.541667 0.596680 0.546875 0.595703 0.546875 0.594727 0.548177 0.592773 0.548177 0.591797 0.549479 0.589844 0.549479 0.588867 0.548177 0.583008 0.548177 0.580078 0.552083 0.580078 0.553385 0.579102 0.554688 0.580078 0.555990 0.580078 0.562500 0.584961 0.569010 0.584961 0.570312 0.586914 0.572917 0.587891 0.576823 0.588867 0.576823 0.589844 0.578125 0.591797 0.578125 0.592773 0.576823 0.599609 0.576823 0.601562 0.574219 0.602539 0.574219 0.604492 0.571615 0.605469 0.571615 0.609375 0.566406 0.610352 0.566406 0.613281 0.562500 0.613281 0.557292 0.614258 0.555990 0.614258 0.553385 0.615234 0.552083 0.615234 0.542969 0.614258 0.541667 0.614258 0.539062
0 0.583008 0.501302 0.582031 0.502604 0.581055 0.506510 0.578125 0.510417 0.578125 0.511719 0.574219 0.516927 0.574219 0.518229 0.572266 0.520833 0.572266 0.522135 0.569336 0.528646 0.570312 0.529948 0.571289 0.533854 0.572266 0.533854 0.577148 0.540365 0.578125 0.540365 0.582031 0.545573 0.583984 0.545573 0.584961 0.546875 0.586914 0.546875 0.587891 0.548177 0.592773 0.548177 0.593750 0.546875 0.594727 0.546875 0.595703 0.545573 0.598633 0.544271 0.604492 0.536458 0.605469 0.536458 0.607422 0.533854 0.607422 0.527344 0.606445 0.526042 0.606445 0.524740 0.603516 0.520833 0.603516 0.519531 0.600586 0.515625 0.600586 0.514323 0.593750 0.505208 0.592773 0.505208 0.591797 0.503906 0.589844 0.503906 0.586914 0.501302
0 0.667969 0.126302 0.664062 0.126302 0.661133 0.130208 0.658203 0.130208 0.657227 0.134115 0.655273 0.136719 0.655273 0.138021 0.652344 0.143229 0.652344 0.144531 0.649414 0.147135 0.649414 0.149740 0.648438 0.151042 0.648438 0.152344 0.642578 0.158854 0.643555 0.162760 0.647461 0.166667 0.647461 0.167969 0.649414 0.170573 0.649414 0.171875 0.654297 0.178385 0.655273 0.178385 0.656250 0.179688 0.658203 0.179688 0.659180 0.180990 0.663086 0.180990 0.664062 0.182292 0.666016 0.182292 0.666992 0.180990 0.671875 0.180990 0.672852 0.179688 0.674805 0.179688 0.675781 0.178385 0.676758 0.178385 0.679688 0.173177 0.679688 0.169271 0.680664 0.167969 0.680664 0.161458 0.681641 0.160156 0.681641 0.143229 0.680664 0.141927 0.679688 0.138021 0.674805 0.131510 0.673828 0.131510 0.671875 0.128906 0.670898 0.128906
0 0.637695 0.229167 0.635742 0.229167 0.634766 0.227865 0.633789 0.227865 0.632812 0.229167 0.631836 0.229167 0.630859 0.230469 0.630859 0.231771 0.627930 0.235677 0.626953 0.235677 0.625977 0.236979 0.624023 0.236979 0.619141 0.242188 0.610352 0.247396 0.610352 0.250000 0.609375 0.251302 0.609375 0.257812 0.608398 0.259115 0.608398 0.266927 0.610352 0.269531 0.610352 0.270833 0.611328 0.270833 0.615234 0.276042 0.616211 0.276042 0.617188 0.277344 0.628906 0.277344 0.629883 0.278646 0.631836 0.278646 0.632812 0.277344 0.638672 0.277344 0.637695 0.277344 0.634766 0.273438 0.636719 0.270833 0.639648 0.270833 0.640625 0.272135 0.640625 0.273438 0.641602 0.273438 0.642578 0.272135 0.642578 0.270833 0.643555 0.269531 0.643555 0.264323 0.642578 0.263021 0.642578 0.260417 0.643555 0.259115 0.643555 0.250000 0.642578 0.248698 0.642578 0.239583 0.641602 0.238281 0.639648 0.231771
0 0.593750 0.270833 0.588867 0.277344 0.588867 0.278646 0.585938 0.281250 0.585938 0.282552 0.583984 0.285156 0.583984 0.286458 0.582031 0.289062 0.582031 0.290365 0.581055 0.291667 0.581055 0.296875 0.582031 0.298177 0.582031 0.302083 0.583008 0.303385 0.583008 0.308594 0.583984 0.309896 0.583984 0.313802 0.588867 0.317708 0.592773 0.317708 0.593750 0.319010 0.597656 0.319010 0.598633 0.320312 0.608398 0.320312 0.609375 0.321615 0.611328 0.321615 0.614258 0.319010 0.614258 0.317708 0.616211 0.313802 0.616211 0.309896 0.617188 0.308594 0.617188 0.299479 0.614258 0.292969 0.614258 0.277344 0.610352 0.272135 0.609375 0.272135 0.606445 0.269531 0.597656 0.269531 0.596680 0.270833
0 0.583984 0.319010 0.581055 0.319010 0.580078 0.320312 0.577148 0.320312 0.576172 0.321615 0.573242 0.321615 0.572266 0.322917 0.571289 0.322917 0.570312 0.324219 0.570312 0.330729 0.566406 0.339844 0.566406 0.343750 0.567383 0.345052 0.567383 0.363281 0.572266 0.369792 0.573242 0.369792 0.576172 0.373698 0.577148 0.373698 0.578125 0.375000 0.583984 0.375000 0.584961 0.373698 0.586914 0.373698 0.587891 0.372396 0.590820 0.371094 0.600586 0.358073 0.600586 0.356771 0.602539 0.352865 0.602539 0.347656 0.601562 0.346354 0.601562 0.343750 0.600586 0.342448 0.600586 0.339844 0.598633 0.335938 0.598633 0.333333 0.597656 0.332031 0.597656 0.330729 0.588867 0.321615 0.587891 0.321615 0.586914 0.320312 0.584961 0.320312
0 0.637695 0.287760 0.636719 0.287760 0.633789 0.285156 0.630859 0.285156 0.629883 0.283854 0.628906 0.285156 0.623047 0.285156 0.622070 0.286458 0.618164 0.286458 0.617188 0.287760 0.616211 0.287760 0.616211 0.295573 0.618164 0.299479 0.618164 0.307292 0.617188 0.308594 0.617188 0.311198 0.616211 0.312500 0.616211 0.316406 0.614258 0.320312 0.614258 0.325521 0.615234 0.326823 0.625000 0.326823 0.625977 0.328125 0.626953 0.326823 0.633789 0.326823 0.636719 0.324219 0.636719 0.322917 0.637695 0.321615 0.637695 0.320312 0.638672 0.319010 0.638672 0.317708 0.640625 0.313802 0.640625 0.300781 0.641602 0.299479 0.640625 0.298177 0.640625 0.294271 0.639648 0.292969 0.639648 0.291667
0 0.610352 0.337240 0.609375 0.337240 0.608398 0.338542 0.608398 0.339844 0.606445 0.342448 0.605469 0.341146 0.603516 0.341146 0.603516 0.351562 0.602539 0.352865 0.601562 0.356771 0.599609 0.359375 0.599609 0.360677 0.596680 0.364583 0.595703 0.364583 0.594727 0.365885 0.594727 0.367188 0.592773 0.369792 0.591797 0.369792 0.589844 0.372396 0.589844 0.378906 0.595703 0.386719 0.606445 0.386719 0.607422 0.385417 0.611328 0.385417 0.612305 0.384115 0.613281 0.384115 0.613281 0.382812 0.614258 0.381510 0.614258 0.380208 0.615234 0.378906 0.615234 0.377604 0.616211 0.376302 0.617188 0.372396 0.619141 0.369792 0.619141 0.368490 0.620117 0.367188 0.620117 0.364583 0.622070 0.360677 0.622070 0.358073 0.623047 0.356771 0.623047 0.355469 0.622070 0.354167 0.621094 0.350260 0.619141 0.347656 0.618164 0.347656
0 0.571289 0.403646 0.571289 0.404948 0.570312 0.406250 0.570312 0.419271 0.569336 0.420573 0.569336 0.428385 0.570312 0.429688 0.570312 0.433594 0.571289 0.434896 0.571289 0.436198 0.575195 0.441406 0.576172 0.441406 0.577148 0.442708 0.579102 0.442708 0.580078 0.444010 0.590820 0.444010 0.591797 0.442708 0.594727 0.441406 0.596680 0.438802 0.597656 0.438802 0.600586 0.436198 0.602539 0.436198 0.603516 0.434896 0.603516 0.432292 0.605469 0.428385 0.605469 0.414062 0.603516 0.410156 0.603516 0.407552 0.602539 0.406250 0.602539 0.403646 0.599609 0.399740 0.598633 0.399740 0.595703 0.397135 0.580078 0.397135 0.577148 0.399740 0.575195 0.399740 0.574219 0.401042 0.573242 0.401042
0 0.608398 0.386719 0.607422 0.388021 0.605469 0.388021 0.604492 0.389323 0.601562 0.389323 0.599609 0.391927 0.599609 0.397135 0.602539 0.401042 0.602539 0.402344 0.603516 0.403646 0.603516 0.407552 0.605469 0.411458 0.605469 0.415365 0.606445 0.416667 0.606445 0.428385 0.607422 0.429688 0.611328 0.429688 0.612305 0.428385 0.614258 0.428385 0.616211 0.425781 0.617188 0.425781 0.618164 0.424479 0.619141 0.424479 0.624023 0.417969 0.624023 0.416667 0.625000 0.415365 0.625000 0.412760 0.625977 0.411458 0.625977 0.398438 0.622070 0.393229 0.621094 0.393229 0.619141 0.390625 0.618164 0.390625 0.617188 0.389323 0.616211 0.389323 0.613281 0.386719
0 0.580078 0.457031 0.578125 0.459635 0.578125 0.462240 0.577148 0.463542 0.577148 0.467448 0.578125 0.468750 0.578125 0.471354 0.579102 0.472656 0.579102 0.475260 0.580078 0.476562 0.580078 0.479167 0.581055 0.480469 0.581055 0.483073 0.582031 0.484375 0.582031 0.488281 0.583008 0.489583 0.583008 0.490885 0.585938 0.494792 0.586914 0.494792 0.590820 0.501302 0.593750 0.501302 0.594727 0.502604 0.598633 0.502604 0.599609 0.501302 0.602539 0.501302 0.604492 0.498698 0.605469 0.498698 0.610352 0.492188 0.611328 0.492188 0.613281 0.489583 0.614258 0.489583 0.617188 0.486979 0.617188 0.484375 0.618164 0.483073 0.618164 0.480469 0.617188 0.479167 0.617188 0.475260 0.616211 0.473958 0.616211 0.472656 0.615234 0.471354 0.612305 0.462240 0.609375 0.458333 0.608398 0.458333 0.607422 0.457031 0.604492 0.457031 0.603516 0.455729 0.601562 0.455729 0.600586 0.454427 0.589844 0.454427 0.588867 0.455729 0.582031 0.455729 0.581055 0.457031
0 0.627930 0.497396 0.619141 0.485677 0.619141 0.484375 0.614258 0.490885 0.613281 0.490885 0.611328 0.493490 0.610352 0.493490 0.608398 0.496094 0.607422 0.496094 0.602539 0.502604 0.601562 0.502604 0.598633 0.506510 0.598633 0.507812 0.602539 0.513021 0.608398 0.513021 0.609375 0.514323 0.613281 0.514323 0.614258 0.513021 0.617188 0.513021 0.618164 0.511719 0.620117 0.511719 0.621094 0.510417 0.622070 0.510417 0.623047 0.509115 0.624023 0.509115 0.627930 0.503906 0.627930 0.502604 0.628906 0.501302 0.627930 0.500000
0 0.620117 0.449219 0.619141 0.450521 0.619141 0.451823 0.617188 0.454427 0.617188 0.455729 0.615234 0.459635 0.615234 0.464844 0.618164 0.471354 0.618164 0.473958 0.619141 0.475260 0.619141 0.477865 0.620117 0.479167 0.620117 0.483073 0.621094 0.484375 0.621094 0.486979 0.625977 0.493490 0.625977 0.494792 0.626953 0.496094 0.628906 0.496094 0.629883 0.497396 0.630859 0.497396 0.631836 0.496094 0.635742 0.496094 0.636719 0.494792 0.638672 0.494792 0.640625 0.492188 0.641602 0.492188 0.646484 0.485677 0.646484 0.484375 0.647461 0.483073 0.647461 0.479167 0.648438 0.477865 0.648438 0.473958 0.649414 0.472656 0.649414 0.467448 0.648438 0.466146 0.648438 0.464844 0.647461 0.463542 0.646484 0.459635 0.644531 0.457031 0.643555 0.457031 0.642578 0.455729 0.642578 0.454427 0.640625 0.450521 0.635742 0.450521 0.634766 0.449219
0 0.641602 0.497396 0.640625 0.497396 0.639648 0.496094 0.637695 0.496094 0.636719 0.497396 0.632812 0.497396 0.631836 0.498698 0.630859 0.498698 0.629883 0.500000 0.629883 0.501302 0.628906 0.502604 0.628906 0.503906 0.624023 0.510417 0.623047 0.510417 0.622070 0.511719 0.621094 0.511719 0.620117 0.513021 0.618164 0.513021 0.617188 0.514323 0.616211 0.514323 0.616211 0.518229 0.623047 0.527344 0.624023 0.527344 0.625000 0.528646 0.627930 0.528646 0.628906 0.529948 0.629883 0.529948 0.630859 0.528646 0.632812 0.528646 0.633789 0.527344 0.635742 0.527344 0.636719 0.526042 0.639648 0.526042 0.640625 0.524740 0.641602 0.524740 0.642578 0.523438 0.642578 0.514323 0.643555 0.513021 0.643555 0.511719 0.642578 0.510417 0.642578 0.498698
0 0.637695 0.528646 0.636719 0.529948 0.635742 0.529948 0.634766 0.531250 0.631836 0.532552 0.627930 0.539062 0.627930 0.544271 0.625977 0.546875 0.625977 0.549479 0.625000 0.550781 0.625000 0.555990 0.624023 0.557292 0.624023 0.559896 0.625000 0.561198 0.625000 0.565104 0.625977 0.566406 0.626953 0.570312 0.629883 0.574219 0.629883 0.575521 0.633789 0.580729 0.635742 0.580729 0.636719 0.582031 0.643555 0.582031 0.644531 0.580729 0.646484 0.580729 0.649414 0.576823 0.650391 0.572917 0.654297 0.567708 0.654297 0.566406 0.655273 0.565104 0.655273 0.563802 0.658203 0.557292 0.658203 0.552083 0.657227 0.550781 0.657227 0.549479 0.654297 0.545573 0.653320 0.545573 0.651367 0.542969 0.651367 0.541667 0.650391 0.540365 0.650391 0.539062 0.648438 0.536458 0.648438 0.535156 0.644531 0.529948 0.643555 0.529948 0.642578 0.528646
0 0.666016 0.580729 0.666016 0.589844 0.666992 0.591146 0.666992 0.593750 0.667969 0.595052 0.667969 0.597656 0.669922 0.600260 0.670898 0.604167 0.677734 0.613281 0.678711 0.613281 0.679688 0.614583 0.687500 0.614583 0.688477 0.613281 0.691406 0.613281 0.692383 0.611979 0.693359 0.611979 0.694336 0.610677 0.697266 0.609375 0.699219 0.606771 0.699219 0.604167 0.700195 0.602865 0.700195 0.592448 0.699219 0.591146 0.699219 0.589844 0.697266 0.587240 0.697266 0.585938 0.695312 0.583333 0.691406 0.583333 0.690430 0.582031 0.685547 0.582031 0.684570 0.583333 0.680664 0.583333 0.679688 0.584635 0.676758 0.585938 0.671875 0.579427 0.670898 0.579427 0.669922 0.578125 0.668945 0.578125
0 0.692383 0.546875 0.691406 0.546875 0.688477 0.542969 0.681641 0.542969 0.680664 0.544271 0.676758 0.544271 0.675781 0.545573 0.671875 0.545573 0.670898 0.546875 0.666992 0.546875 0.666016 0.545573 0.661133 0.545573 0.660156 0.549479 0.661133 0.550781 0.661133 0.555990 0.662109 0.557292 0.662109 0.559896 0.663086 0.561198 0.663086 0.563802 0.664062 0.565104 0.665039 0.569010 0.669922 0.575521 0.670898 0.575521 0.671875 0.576823 0.677734 0.576823 0.678711 0.578125 0.686523 0.578125 0.687500 0.576823 0.688477 0.576823 0.689453 0.575521 0.692383 0.574219 0.696289 0.569010 0.696289 0.567708 0.697266 0.566406 0.697266 0.561198 0.698242 0.559896 0.697266 0.558594 0.697266 0.555990 0.696289 0.554688 0.696289 0.553385 0.693359 0.549479 0.693359 0.548177
0 0.701172 0.566406 0.701172 0.567708 0.698242 0.571615 0.698242 0.572917 0.697266 0.574219 0.697266 0.582031 0.698242 0.583333 0.698242 0.584635 0.699219 0.585938 0.699219 0.587240 0.701172 0.591146 0.701172 0.593750 0.702148 0.595052 0.703125 0.598958 0.705078 0.601562 0.707031 0.601562 0.708008 0.602865 0.716797 0.602865 0.717773 0.601562 0.724609 0.601562 0.727539 0.597656 0.727539 0.596354 0.728516 0.595052 0.728516 0.593750 0.730469 0.589844 0.730469 0.572917 0.729492 0.571615 0.729492 0.570312 0.728516 0.569010 0.727539 0.569010 0.724609 0.566406 0.719727 0.566406 0.718750 0.567708 0.712891 0.567708 0.711914 0.569010 0.708984 0.569010 0.707031 0.566406 0.706055 0.566406 0.705078 0.565104 0.703125 0.565104 0.702148 0.566406
0 0.766602 0.561198 0.762695 0.561198 0.761719 0.562500 0.759766 0.562500 0.758789 0.563802 0.756836 0.563802 0.755859 0.565104 0.752930 0.565104 0.751953 0.566406 0.750977 0.566406 0.750000 0.567708 0.749023 0.567708 0.746094 0.571615 0.745117 0.571615 0.744141 0.572917 0.743164 0.572917 0.742188 0.574219 0.741211 0.574219 0.739258 0.576823 0.739258 0.578125 0.738281 0.579427 0.739258 0.580729 0.739258 0.582031 0.740234 0.583333 0.740234 0.584635 0.742188 0.587240 0.742188 0.588542 0.743164 0.589844 0.743164 0.591146 0.749023 0.598958 0.750000 0.598958 0.750977 0.600260 0.757812 0.600260 0.758789 0.598958 0.762695 0.598958 0.763672 0.597656 0.763672 0.596354 0.764648 0.595052 0.764648 0.593750 0.766602 0.591146 0.766602 0.589844 0.767578 0.588542 0.767578 0.587240 0.769531 0.584635 0.769531 0.580729 0.770508 0.579427 0.770508 0.575521 0.769531 0.574219 0.769531 0.569010 0.768555 0.567708 0.768555 0.565104
0 0.654297 0.480469 0.648438 0.488281 0.648438 0.489583 0.647461 0.490885 0.647461 0.493490 0.646484 0.494792 0.646484 0.497396 0.645508 0.498698 0.645508 0.507812 0.647461 0.510417 0.650391 0.511719 0.653320 0.515625 0.654297 0.515625 0.655273 0.516927 0.657227 0.516927 0.660156 0.519531 0.663086 0.519531 0.664062 0.520833 0.666992 0.520833 0.667969 0.519531 0.670898 0.518229 0.673828 0.514323 0.674805 0.514323 0.679688 0.507812 0.679688 0.505208 0.680664 0.503906 0.680664 0.498698 0.681641 0.497396 0.680664 0.496094 0.680664 0.490885 0.679688 0.489583 0.678711 0.485677 0.677734 0.484375 0.674805 0.483073 0.672852 0.480469 0.666992 0.480469 0.666016 0.479167 0.658203 0.479167 0.657227 0.480469
0 0.692383 0.513021 0.692383 0.514323 0.691406 0.515625 0.691406 0.518229 0.693359 0.522135 0.693359 0.524740 0.694336 0.526042 0.694336 0.528646 0.695312 0.529948 0.695312 0.532552 0.703125 0.542969 0.703125 0.544271 0.705078 0.546875 0.706055 0.546875 0.708984 0.549479 0.709961 0.548177 0.713867 0.548177 0.714844 0.546875 0.718750 0.546875 0.719727 0.545573 0.720703 0.545573 0.724609 0.540365 0.724609 0.539062 0.726562 0.535156 0.726562 0.532552 0.727539 0.531250 0.727539 0.516927 0.724609 0.513021 0.710938 0.513021 0.708008 0.510417 0.706055 0.510417 0.703125 0.506510 0.702148 0.506510 0.701172 0.505208 0.700195 0.505208 0.696289 0.510417 0.695312 0.510417
0 0.699219 0.492188 0.699219 0.496094 0.700195 0.497396 0.701172 0.501302 0.702148 0.501302 0.704102 0.503906 0.705078 0.503906 0.708008 0.507812 0.708008 0.509115 0.708984 0.509115 0.709961 0.510417 0.723633 0.510417 0.724609 0.509115 0.726562 0.509115 0.727539 0.507812 0.732422 0.507812 0.733398 0.506510 0.733398 0.505208 0.734375 0.503906 0.734375 0.501302 0.735352 0.500000 0.735352 0.485677 0.734375 0.484375 0.734375 0.483073 0.732422 0.480469 0.730469 0.480469 0.729492 0.481771 0.727539 0.481771 0.726562 0.483073 0.723633 0.483073 0.722656 0.481771 0.722656 0.480469 0.718750 0.475260 0.717773 0.475260 0.714844 0.472656 0.711914 0.472656 0.710938 0.473958 0.708008 0.475260 0.702148 0.484375 0.702148 0.485677
0 0.745117 0.475260 0.744141 0.476562 0.742188 0.476562 0.741211 0.477865 0.740234 0.477865 0.737305 0.481771 0.737305 0.484375 0.736328 0.485677 0.736328 0.494792 0.737305 0.496094 0.736328 0.497396 0.736328 0.502604 0.735352 0.503906 0.735352 0.509115 0.737305 0.511719 0.737305 0.513021 0.739258 0.515625 0.740234 0.515625 0.743164 0.519531 0.744141 0.519531 0.745117 0.520833 0.750977 0.520833 0.751953 0.519531 0.752930 0.519531 0.754883 0.516927 0.755859 0.516927 0.755859 0.515625 0.758789 0.511719 0.758789 0.510417 0.759766 0.509115 0.759766 0.507812 0.761719 0.503906 0.761719 0.501302 0.763672 0.497396 0.763672 0.492188 0.762695 0.490885 0.762695 0.488281 0.754883 0.477865 0.753906 0.477865 0.750977 0.475260
0 0.687500 0.441406 0.686523 0.442708 0.683594 0.444010 0.682617 0.445312 0.682617 0.446615 0.676758 0.454427 0.675781 0.454427 0.672852 0.457031 0.672852 0.458333 0.671875 0.459635 0.671875 0.466146 0.672852 0.467448 0.672852 0.470052 0.673828 0.471354 0.673828 0.472656 0.674805 0.473958 0.675781 0.477865 0.682617 0.486979 0.683594 0.486979 0.684570 0.488281 0.691406 0.488281 0.692383 0.486979 0.693359 0.486979 0.694336 0.485677 0.695312 0.485677 0.696289 0.484375 0.697266 0.484375 0.698242 0.483073 0.701172 0.481771 0.703125 0.479167 0.704102 0.479167 0.704102 0.477865 0.707031 0.473958 0.708008 0.473958 0.708008 0.472656 0.708984 0.471354 0.708984 0.464844 0.708008 0.463542 0.708008 0.460938 0.707031 0.459635 0.706055 0.455729 0.703125 0.451823 0.703125 0.450521 0.702148 0.450521 0.699219 0.446615 0.698242 0.446615 0.697266 0.445312 0.694336 0.444010 0.692383 0.441406
0 0.666992 0.410156 0.666016 0.411458 0.665039 0.411458 0.662109 0.414062 0.660156 0.414062 0.658203 0.416667 0.657227 0.416667 0.655273 0.419271 0.654297 0.419271 0.654297 0.421875 0.655273 0.423177 0.655273 0.428385 0.653320 0.432292 0.653320 0.438802 0.652344 0.440104 0.652344 0.445312 0.653320 0.446615 0.656250 0.447917 0.658203 0.450521 0.659180 0.450521 0.661133 0.453125 0.662109 0.453125 0.663086 0.454427 0.672852 0.454427 0.673828 0.453125 0.676758 0.451823 0.680664 0.446615 0.680664 0.445312 0.682617 0.441406 0.682617 0.438802 0.683594 0.437500 0.683594 0.434896 0.684570 0.433594 0.684570 0.430990 0.685547 0.429688 0.685547 0.427083 0.684570 0.425781 0.684570 0.424479 0.675781 0.412760 0.674805 0.412760 0.672852 0.410156
0 0.706055 0.445312 0.706055 0.449219 0.709961 0.454427 0.711914 0.460938 0.714844 0.464844 0.714844 0.466146 0.717773 0.470052 0.717773 0.471354 0.724609 0.480469 0.729492 0.480469 0.736328 0.473958 0.738281 0.473958 0.739258 0.472656 0.744141 0.472656 0.748047 0.470052 0.748047 0.467448 0.749023 0.466146 0.746094 0.458333 0.746094 0.454427 0.745117 0.453125 0.745117 0.450521 0.742188 0.444010 0.742188 0.441406 0.739258 0.433594 0.736328 0.430990 0.732422 0.430990 0.729492 0.434896 0.727539 0.436198 0.722656 0.436198 0.720703 0.433594 0.720703 0.432292 0.722656 0.429688 0.725586 0.429688 0.723633 0.428385 0.717773 0.433594 0.714844 0.433594 0.711914 0.436198 0.711914 0.441406 0.708984 0.445312
0 0.709961 0.384115 0.704102 0.384115 0.703125 0.385417 0.700195 0.386719 0.699219 0.388021 0.699219 0.389323 0.691406 0.399740 0.691406 0.401042 0.687500 0.406250 0.687500 0.407552 0.686523 0.408854 0.686523 0.412760 0.684570 0.416667 0.684570 0.420573 0.686523 0.423177 0.686523 0.425781 0.689453 0.429688 0.690430 0.429688 0.691406 0.430990 0.694336 0.432292 0.696289 0.434896 0.698242 0.434896 0.699219 0.436198 0.701172 0.436198 0.702148 0.434896 0.705078 0.434896 0.706055 0.433594 0.708008 0.433594 0.708984 0.432292 0.710938 0.432292 0.711914 0.430990 0.713867 0.430990 0.714844 0.429688 0.716797 0.429688 0.722656 0.423177 0.722656 0.414062 0.723633 0.412760 0.723633 0.403646 0.722656 0.402344 0.720703 0.395833 0.713867 0.386719 0.712891 0.386719
0 0.740234 0.427083 0.739258 0.428385 0.739258 0.433594 0.740234 0.434896 0.740234 0.438802 0.742188 0.441406 0.742188 0.442708 0.743164 0.444010 0.743164 0.445312 0.744141 0.446615 0.744141 0.447917 0.746094 0.451823 0.746094 0.457031 0.747070 0.458333 0.747070 0.460938 0.745117 0.463542 0.744141 0.463542 0.743164 0.464844 0.742188 0.464844 0.740234 0.467448 0.739258 0.467448 0.739258 0.468750 0.737305 0.471354 0.737305 0.472656 0.738281 0.473958 0.744141 0.473958 0.747070 0.471354 0.749023 0.471354 0.751953 0.467448 0.751953 0.466146 0.757812 0.458333 0.757812 0.457031 0.758789 0.455729 0.758789 0.447917 0.757812 0.446615 0.756836 0.442708 0.754883 0.440104 0.754883 0.437500 0.753906 0.437500 0.752930 0.436198 0.750000 0.436198 0.749023 0.434896 0.749023 0.433594 0.748047 0.433594 0.744141 0.427083
0 0.731445 0.395833 0.732422 0.397135 0.732422 0.398438 0.739258 0.407552 0.740234 0.407552 0.742188 0.410156 0.743164 0.410156 0.744141 0.411458 0.746094 0.411458 0.747070 0.412760 0.748047 0.412760 0.749023 0.411458 0.751953 0.411458 0.756836 0.404948 0.756836 0.403646 0.758789 0.401042 0.758789 0.399740 0.759766 0.398438 0.759766 0.397135 0.760742 0.395833 0.760742 0.393229 0.761719 0.391927 0.760742 0.390625 0.744141 0.390625 0.743164 0.389323 0.742188 0.389323 0.741211 0.388021 0.740234 0.388021 0.737305 0.384115 0.734375 0.384115 0.733398 0.385417 0.733398 0.388021 0.731445 0.390625
0 0.740234 0.346354 0.737305 0.350260 0.737305 0.351562 0.734375 0.355469 0.734375 0.356771 0.732422 0.359375 0.732422 0.360677 0.731445 0.361979 0.731445 0.364583 0.729492 0.368490 0.729492 0.372396 0.730469 0.373698 0.731445 0.377604 0.735352 0.382812 0.736328 0.382812 0.739258 0.386719 0.740234 0.386719 0.743164 0.389323 0.746094 0.389323 0.747070 0.390625 0.749023 0.390625 0.750000 0.389323 0.753906 0.389323 0.754883 0.390625 0.760742 0.390625 0.761719 0.389323 0.762695 0.389323 0.762695 0.388021 0.763672 0.386719 0.763672 0.382812 0.764648 0.381510 0.764648 0.380208 0.766602 0.377604 0.766602 0.373698 0.767578 0.372396 0.767578 0.369792 0.766602 0.368490 0.766602 0.365885 0.764648 0.365885 0.763672 0.364583 0.760742 0.364583 0.759766 0.363281 0.758789 0.363281 0.753906 0.356771 0.752930 0.356771 0.749023 0.351562 0.748047 0.351562 0.747070 0.350260 0.745117 0.350260 0.743164 0.347656
0 0.653320 0.345052 0.651367 0.345052 0.650391 0.343750 0.647461 0.343750 0.646484 0.345052 0.645508 0.345052 0.643555 0.341146 0.641602 0.341146 0.638672 0.345052 0.636719 0.345052 0.635742 0.343750 0.634766 0.343750 0.630859 0.348958 0.630859 0.350260 0.625977 0.356771 0.625000 0.356771 0.625000 0.358073 0.623047 0.361979 0.623047 0.364583 0.622070 0.365885 0.622070 0.375000 0.623047 0.376302 0.623047 0.378906 0.624023 0.380208 0.624023 0.381510 0.625977 0.384115 0.625977 0.385417 0.629883 0.390625 0.630859 0.390625 0.631836 0.391927 0.633789 0.391927 0.634766 0.393229 0.644531 0.393229 0.645508 0.391927 0.647461 0.391927 0.648438 0.390625 0.652344 0.390625 0.653320 0.389323 0.655273 0.389323 0.657227 0.386719 0.657227 0.385417 0.662109 0.373698 0.662109 0.363281 0.661133 0.361979 0.661133 0.359375 0.659180 0.356771 0.659180 0.354167 0.654297 0.347656 0.654297 0.346354
0 0.676758 0.360677 0.673828 0.360677 0.667969 0.368490 0.666016 0.368490 0.664062 0.371094 0.664062 0.372396 0.662109 0.376302 0.662109 0.384115 0.663086 0.385417 0.664062 0.389323 0.666016 0.391927 0.666016 0.393229 0.666992 0.394531 0.666992 0.395833 0.667969 0.397135 0.667969 0.398438 0.668945 0.399740 0.669922 0.403646 0.671875 0.406250 0.674805 0.406250 0.677734 0.403646 0.682617 0.403646 0.684570 0.401042 0.686523 0.401042 0.690430 0.395833 0.691406 0.391927 0.693359 0.389323 0.693359 0.381510 0.692383 0.381510 0.688477 0.376302 0.687500 0.376302 0.685547 0.373698 0.685547 0.372396
0 0.708008 0.330729 0.705078 0.333333 0.704102 0.333333 0.703125 0.332031 0.699219 0.332031 0.698242 0.333333 0.696289 0.333333 0.695312 0.334635 0.694336 0.334635 0.694336 0.335938 0.693359 0.337240 0.689453 0.337240 0.689453 0.339844 0.686523 0.345052 0.686523 0.347656 0.684570 0.350260 0.681641 0.350260 0.680664 0.351562 0.677734 0.352865 0.677734 0.354167 0.676758 0.355469 0.678711 0.358073 0.679688 0.361979 0.685547 0.369792 0.685547 0.371094 0.689453 0.376302 0.690430 0.376302 0.694336 0.381510 0.695312 0.381510 0.696289 0.382812 0.699219 0.382812 0.700195 0.381510 0.705078 0.381510 0.706055 0.380208 0.708984 0.378906 0.714844 0.371094 0.714844 0.369792 0.716797 0.365885 0.716797 0.354167 0.715820 0.352865 0.715820 0.346354 0.713867 0.343750 0.710938 0.334635
0 0.719727 0.322917 0.715820 0.328125 0.712891 0.328125 0.711914 0.329427 0.711914 0.332031 0.712891 0.333333 0.712891 0.335938 0.714844 0.338542 0.714844 0.339844 0.715820 0.341146 0.715820 0.342448 0.717773 0.346354 0.717773 0.348958 0.718750 0.350260 0.718750 0.359375 0.717773 0.360677 0.717773 0.365885 0.718750 0.365885 0.719727 0.367188 0.728516 0.367188 0.728516 0.365885 0.729492 0.364583 0.729492 0.363281 0.730469 0.361979 0.730469 0.360677 0.732422 0.358073 0.732422 0.356771 0.733398 0.355469 0.733398 0.352865 0.734375 0.351562 0.734375 0.345052 0.733398 0.343750 0.733398 0.339844 0.731445 0.335938 0.731445 0.333333 0.730469 0.332031 0.730469 0.330729 0.729492 0.329427 0.729492 0.328125 0.726562 0.324219 0.723633 0.324219 0.722656 0.322917
0 0.786133 0.315104 0.785156 0.315104 0.783203 0.312500 0.782227 0.312500 0.779297 0.309896 0.778320 0.309896 0.771484 0.315104 0.768555 0.315104 0.767578 0.313802 0.763672 0.317708 0.762695 0.317708 0.762695 0.319010 0.754883 0.329427 0.754883 0.330729 0.752930 0.334635 0.752930 0.350260 0.753906 0.351562 0.753906 0.352865 0.757812 0.356771 0.757812 0.358073 0.759766 0.361979 0.761719 0.361979 0.762695 0.363281 0.775391 0.363281 0.776367 0.361979 0.780273 0.361979 0.781250 0.360677 0.781250 0.359375 0.784180 0.355469 0.784180 0.354167 0.790039 0.346354 0.790039 0.345052 0.791992 0.341146 0.791992 0.338542 0.792969 0.337240 0.792969 0.329427 0.791016 0.325521 0.791016 0.322917 0.790039 0.321615 0.790039 0.320312
0 0.665039 0.252604 0.664062 0.252604 0.663086 0.253906 0.657227 0.253906 0.653320 0.257812 0.652344 0.257812 0.650391 0.260417 0.649414 0.260417 0.649414 0.261719 0.647461 0.264323 0.647461 0.266927 0.646484 0.268229 0.646484 0.269531 0.645508 0.270833 0.645508 0.273438 0.643555 0.277344 0.643555 0.287760 0.642578 0.289062 0.642578 0.295573 0.643555 0.296875 0.643555 0.299479 0.650391 0.308594 0.652344 0.308594 0.653320 0.309896 0.659180 0.309896 0.660156 0.308594 0.665039 0.307292 0.667969 0.304688 0.670898 0.304688 0.673828 0.302083 0.675781 0.302083 0.678711 0.298177 0.678711 0.296875 0.680664 0.292969 0.680664 0.290365 0.681641 0.289062 0.681641 0.281250 0.682617 0.279948 0.682617 0.276042 0.681641 0.274740 0.681641 0.270833 0.679688 0.268229 0.679688 0.266927 0.674805 0.260417 0.673828 0.260417 0.670898 0.256510 0.669922 0.256510
0 0.744141 0.269531 0.738281 0.269531 0.733398 0.274740 0.728516 0.274740 0.727539 0.276042 0.725586 0.276042 0.724609 0.277344 0.721680 0.277344 0.718750 0.279948 0.718750 0.281250 0.715820 0.287760 0.715820 0.304688 0.714844 0.305990 0.714844 0.308594 0.717773 0.312500 0.718750 0.312500 0.721680 0.315104 0.723633 0.315104 0.728516 0.319010 0.732422 0.319010 0.733398 0.320312 0.735352 0.320312 0.736328 0.319010 0.737305 0.319010 0.739258 0.316406 0.740234 0.316406 0.747070 0.307292 0.747070 0.305990 0.748047 0.304688 0.748047 0.302083 0.749023 0.300781 0.749023 0.299479 0.750000 0.298177 0.750000 0.295573 0.750977 0.294271 0.750977 0.290365 0.751953 0.289062 0.751953 0.277344 0.748047 0.272135 0.747070 0.272135
0 0.693359 0.212240 0.690430 0.212240 0.686523 0.217448 0.685547 0.217448 0.683594 0.220052 0.682617 0.220052 0.677734 0.226562 0.676758 0.226562 0.672852 0.231771 0.672852 0.235677 0.671875 0.236979 0.671875 0.238281 0.669922 0.240885 0.666016 0.240885 0.668945 0.244792 0.668945 0.247396 0.669922 0.248698 0.669922 0.251302 0.671875 0.253906 0.672852 0.253906 0.676758 0.259115 0.677734 0.259115 0.678711 0.260417 0.680664 0.260417 0.681641 0.261719 0.683594 0.261719 0.684570 0.263021 0.692383 0.263021 0.693359 0.261719 0.696289 0.260417 0.704102 0.251302 0.704102 0.250000 0.705078 0.248698 0.705078 0.244792 0.707031 0.242188 0.707031 0.239583 0.706055 0.238281 0.706055 0.231771 0.705078 0.230469 0.705078 0.227865 0.704102 0.226562 0.704102 0.225260 0.702148 0.222656 0.702148 0.221354 0.701172 0.220052 0.700195 0.220052 0.698242 0.217448 0.697266 0.217448
