0 0.043945 0.392950 0.043945 0.399478 0.044922 0.402089 0.050781 0.411227 0.051758 0.415144 0.053711 0.417755 0.053711 0.419060 0.055664 0.421671 0.057617 0.426893 0.064453 0.437337 0.066406 0.438642 0.079102 0.438642 0.083008 0.436031 0.086914 0.436031 0.087891 0.434726 0.090820 0.434726 0.093750 0.432115 0.093750 0.429504 0.094727 0.428198 0.094727 0.404700 0.093750 0.403394 0.093750 0.400783 0.092773 0.398172 0.089844 0.394256 0.086914 0.386423 0.084961 0.383812 0.059570 0.383812 0.058594 0.385117 0.053711 0.386423 0.048828 0.390339 0.046875 0.390339
0 0.086914 0.336815 0.084961 0.339426 0.084961 0.342037 0.083008 0.344648 0.083008 0.345953 0.078125 0.351175 0.078125 0.353786 0.077148 0.355091 0.078125 0.359008 0.081055 0.362924 0.084961 0.373368 0.084961 0.375979 0.086914 0.381201 0.092773 0.390339 0.092773 0.391645 0.096680 0.398172 0.096680 0.400783 0.098633 0.403394 0.107422 0.403394 0.108398 0.402089 0.112305 0.400783 0.123047 0.387728 0.123047 0.386423 0.125000 0.383812 0.124023 0.379896 0.120117 0.375979 0.110352 0.369452 0.106445 0.368146 0.103516 0.364230 0.102539 0.361619 0.103516 0.348564 0.104492 0.347258 0.104492 0.339426 0.103516 0.338120 0.101562 0.338120 0.097656 0.335509 0.090820 0.335509 0.089844 0.336815
0 0.106445 0.340731 0.105469 0.343342 0.105469 0.348564 0.104492 0.349869 0.104492 0.355091 0.103516 0.356397 0.103516 0.362924 0.106445 0.366841 0.111328 0.368146 0.119141 0.373368 0.125000 0.379896 0.128906 0.381201 0.129883 0.382507 0.146484 0.382507 0.148438 0.379896 0.150391 0.379896 0.152344 0.377285 0.158203 0.374674 0.161133 0.369452 0.161133 0.366841 0.164062 0.357702 0.162109 0.351175 0.160156 0.348564 0.160156 0.345953 0.158203 0.342037 0.157227 0.336815 0.154297 0.331593 0.149414 0.327676 0.134766 0.327676 0.133789 0.328982 0.130859 0.328982 0.129883 0.330287 0.125977 0.330287 0.123047 0.332898 0.118164 0.332898 0.117188 0.334204 0.111328 0.335509
0 0.145508 0.220627 0.144531 0.221932 0.141602 0.221932 0.137695 0.225849 0.135742 0.225849 0.134766 0.227154 0.130859 0.227154 0.129883 0.228460 0.128906 0.234987 0.126953 0.237598 0.126953 0.244125 0.127930 0.245431 0.127930 0.250653 0.129883 0.255875 0.130859 0.267624 0.133789 0.274151 0.133789 0.276762 0.135742 0.281984 0.143555 0.292428 0.154297 0.296345 0.155273 0.295039 0.157227 0.295039 0.161133 0.289817 0.166016 0.287206 0.167969 0.284595 0.173828 0.280679 0.181641 0.271540 0.180664 0.253264 0.175781 0.245431 0.171875 0.234987 0.167969 0.229765 0.162109 0.224543 0.157227 0.221932 0.154297 0.221932 0.153320 0.220627
0 0.189453 0.268930 0.188477 0.270235 0.188477 0.275457 0.187500 0.276762 0.187500 0.280679 0.186523 0.281984 0.186523 0.284595 0.182617 0.291123 0.180664 0.296345 0.180664 0.314621 0.187500 0.322454 0.193359 0.325065 0.197266 0.330287 0.199219 0.330287 0.200195 0.331593 0.203125 0.331593 0.204102 0.330287 0.217773 0.330287 0.218750 0.331593 0.220703 0.331593 0.224609 0.326371 0.224609 0.323760 0.226562 0.319843 0.225586 0.318538 0.225586 0.312010 0.224609 0.310705 0.223633 0.304178 0.221680 0.300261 0.221680 0.297650 0.217773 0.291123 0.217773 0.288512 0.215820 0.284595 0.214844 0.279373 0.210938 0.274151 0.207031 0.272846 0.206055 0.271540 0.204102 0.271540 0.203125 0.270235 0.201172 0.270235 0.200195 0.268930 0.199219 0.270235 0.193359 0.270235 0.192383 0.268930
0 0.197266 0.197128 0.193359 0.202350 0.191406 0.202350 0.187500 0.204961 0.184570 0.208877 0.184570 0.211488 0.182617 0.215405 0.182617 0.228460 0.181641 0.229765 0.181641 0.234987 0.182617 0.236292 0.182617 0.238903 0.191406 0.258486 0.197266 0.259791 0.202148 0.265013 0.209961 0.270235 0.215820 0.270235 0.216797 0.268930 0.218750 0.268930 0.225586 0.262402 0.226562 0.258486 0.228516 0.255875 0.231445 0.248042 0.231445 0.244125 0.232422 0.242820 0.232422 0.223238 0.231445 0.221932 0.231445 0.211488 0.229492 0.208877 0.228516 0.203655 0.219727 0.204961 0.211914 0.199739 0.205078 0.199739 0.201172 0.197128
0 0.214844 0.127937 0.213867 0.129243 0.211914 0.129243 0.204102 0.137076 0.197266 0.140992 0.194336 0.144909 0.193359 0.144909 0.189453 0.152742 0.189453 0.155352 0.188477 0.156658 0.188477 0.161880 0.189453 0.163185 0.189453 0.167102 0.192383 0.172324 0.193359 0.176240 0.202148 0.190601 0.204102 0.190601 0.205078 0.191906 0.209961 0.191906 0.214844 0.197128 0.219727 0.197128 0.225586 0.190601 0.228516 0.189295 0.230469 0.186684 0.240234 0.178851 0.245117 0.172324 0.247070 0.167102 0.247070 0.159269 0.246094 0.157963 0.246094 0.152742 0.244141 0.147520 0.241211 0.144909 0.239258 0.139687 0.235352 0.139687 0.231445 0.134465 0.227539 0.133159 0.224609 0.130548 0.222656 0.130548 0.218750 0.127937
0 0.278320 0.137076 0.273438 0.137076 0.271484 0.138381 0.271484 0.139687 0.269531 0.142298 0.257812 0.150131 0.256836 0.152742 0.257812 0.171018 0.258789 0.172324 0.258789 0.176240 0.259766 0.177546 0.260742 0.185379 0.261719 0.186684 0.261719 0.195822 0.264648 0.203655 0.266602 0.206266 0.267578 0.210183 0.268555 0.210183 0.270508 0.212794 0.276367 0.211488 0.278320 0.208877 0.282227 0.206266 0.285156 0.206266 0.289062 0.202350 0.291992 0.201044 0.293945 0.198433 0.299805 0.195822 0.301758 0.191906 0.301758 0.185379 0.302734 0.184073 0.302734 0.171018 0.301758 0.169713 0.300781 0.163185 0.297852 0.157963 0.296875 0.154047 0.289062 0.144909 0.286133 0.143603 0.284180 0.140992
0 0.326172 0.185379 0.323242 0.191906 0.321289 0.193211 0.314453 0.193211 0.311523 0.197128 0.308594 0.198433 0.304688 0.203655 0.304688 0.216710 0.302734 0.220627 0.302734 0.227154 0.310547 0.238903 0.311523 0.238903 0.318359 0.246736 0.320312 0.246736 0.324219 0.249347 0.327148 0.249347 0.328125 0.250653 0.331055 0.250653 0.333008 0.248042 0.334961 0.248042 0.337891 0.245431 0.341797 0.245431 0.345703 0.242820 0.351562 0.236292 0.352539 0.228460 0.353516 0.227154 0.352539 0.221932 0.354492 0.218016 0.354492 0.215405 0.356445 0.212794 0.356445 0.208877 0.355469 0.206266 0.353516 0.204961 0.345703 0.193211 0.336914 0.187990 0.333984 0.187990 0.330078 0.185379
0 0.375977 0.233681 0.370117 0.233681 0.368164 0.232376 0.364258 0.234987 0.360352 0.234987 0.358398 0.236292 0.352539 0.245431 0.351562 0.245431 0.346680 0.250653 0.346680 0.253264 0.345703 0.254569 0.342773 0.255875 0.340820 0.258486 0.339844 0.257180 0.335938 0.255875 0.333008 0.251958 0.332031 0.253264 0.333008 0.254569 0.333008 0.257180 0.336914 0.261097 0.336914 0.263708 0.339844 0.271540 0.345703 0.279373 0.349609 0.280679 0.352539 0.288512 0.357422 0.288512 0.359375 0.285901 0.362305 0.285901 0.363281 0.287206 0.368164 0.285901 0.374023 0.278068 0.374023 0.275457 0.377930 0.270235 0.379883 0.263708 0.382812 0.258486 0.384766 0.248042
0 0.384766 0.261097 0.383789 0.263708 0.385742 0.267624 0.379883 0.274151 0.378906 0.278068 0.374023 0.287206 0.374023 0.304178 0.375000 0.305483 0.375000 0.308094 0.378906 0.313316 0.381836 0.314621 0.387695 0.321149 0.400391 0.328982 0.404297 0.332898 0.407227 0.332898 0.411133 0.330287 0.416992 0.322454 0.416992 0.321149 0.420898 0.314621 0.420898 0.308094 0.422852 0.302872 0.422852 0.292428 0.421875 0.291123 0.421875 0.285901 0.419922 0.280679 0.413086 0.275457 0.410156 0.271540 0.406250 0.270235 0.400391 0.266319 0.390625 0.265013 0.387695 0.261097
0 0.408203 0.198433 0.404297 0.201044 0.402344 0.203655 0.399414 0.204961 0.399414 0.206266 0.396484 0.210183 0.395508 0.210183 0.395508 0.211488 0.392578 0.215405 0.391602 0.218016 0.391602 0.227154 0.390625 0.228460 0.390625 0.232376 0.395508 0.241514 0.395508 0.251958 0.398438 0.255875 0.399414 0.255875 0.404297 0.261097 0.408203 0.262402 0.413086 0.268930 0.415039 0.270235 0.423828 0.270235 0.424805 0.268930 0.426758 0.268930 0.431641 0.262402 0.434570 0.255875 0.434570 0.253264 0.435547 0.251958 0.435547 0.249347 0.437500 0.245431 0.437500 0.241514 0.438477 0.240209 0.438477 0.233681 0.439453 0.232376 0.439453 0.223238 0.438477 0.220627 0.436523 0.219321 0.425781 0.204961 0.421875 0.203655 0.418945 0.201044 0.416016 0.201044 0.415039 0.199739 0.409180 0.199739
0 0.410156 0.138381 0.407227 0.144909 0.407227 0.150131 0.405273 0.154047 0.405273 0.157963 0.404297 0.160574 0.405273 0.161880 0.405273 0.168407 0.407227 0.172324 0.407227 0.174935 0.411133 0.180157 0.415039 0.193211 0.419922 0.193211 0.420898 0.191906 0.423828 0.191906 0.424805 0.193211 0.427734 0.193211 0.430664 0.195822 0.433594 0.195822 0.434570 0.194517 0.437500 0.194517 0.440430 0.190601 0.445312 0.187990 0.448242 0.184073 0.448242 0.181462 0.449219 0.180157 0.449219 0.176240 0.450195 0.174935 0.450195 0.172324 0.451172 0.171018 0.451172 0.167102 0.452148 0.165796 0.452148 0.154047 0.451172 0.151436 0.447266 0.146214 0.446289 0.146214 0.442383 0.140992 0.440430 0.140992 0.438477 0.143603 0.434570 0.143603 0.430664 0.140992 0.427734 0.140992 0.426758 0.139687 0.423828 0.139687 0.422852 0.138381 0.419922 0.138381 0.418945 0.137076 0.412109 0.137076
0 0.380859 0.035248 0.379883 0.036554 0.378906 0.036554 0.375000 0.041775 0.375000 0.043081 0.374023 0.044386 0.374023 0.046997 0.372070 0.050914 0.371094 0.057441 0.369141 0.060052 0.369141 0.069191 0.382812 0.088773 0.383789 0.088773 0.389648 0.095300 0.390625 0.095300 0.391602 0.096606 0.398438 0.096606 0.399414 0.095300 0.401367 0.095300 0.402344 0.093995 0.402344 0.091384 0.405273 0.084856 0.405273 0.074413 0.406250 0.073107 0.407227 0.063969 0.408203 0.062663 0.408203 0.060052 0.409180 0.058747 0.409180 0.053525 0.408203 0.052219 0.408203 0.049608 0.407227 0.048303 0.407227 0.046997 0.404297 0.043081 0.402344 0.043081 0.401367 0.041775 0.399414 0.041775 0.398438 0.040470 0.393555 0.039164 0.392578 0.037859 0.391602 0.037859 0.388672 0.035248 0.386719 0.035248 0.385742 0.033943
0 0.411133 0.063969 0.410156 0.065274 0.410156 0.077023 0.409180 0.078329 0.409180 0.079634 0.408203 0.080940 0.408203 0.083551 0.407227 0.084856 0.407227 0.095300 0.408203 0.096606 0.409180 0.100522 0.417969 0.112272 0.418945 0.112272 0.422852 0.117493 0.424805 0.117493 0.425781 0.118799 0.431641 0.118799 0.432617 0.117493 0.434570 0.117493 0.435547 0.116188 0.436523 0.116188 0.436523 0.114883 0.438477 0.112272 0.438477 0.109661 0.439453 0.108355 0.439453 0.105744 0.440430 0.104439 0.440430 0.099217 0.441406 0.097911 0.441406 0.093995 0.442383 0.092689 0.442383 0.090078 0.443359 0.088773 0.443359 0.084856 0.444336 0.083551 0.444336 0.074413 0.443359 0.073107 0.443359 0.071802 0.439453 0.066580 0.415039 0.066580 0.414062 0.065274
0 0.443359 0.232376 0.443359 0.237598 0.444336 0.238903 0.444336 0.244125 0.445312 0.245431 0.445312 0.254569 0.446289 0.255875 0.446289 0.262402 0.447266 0.263708 0.447266 0.268930 0.449219 0.271540 0.453125 0.274151 0.458008 0.274151 0.458984 0.275457 0.460938 0.275457 0.462891 0.278068 0.466797 0.280679 0.468750 0.280679 0.469727 0.281984 0.477539 0.281984 0.488281 0.274151 0.489258 0.271540 0.489258 0.266319 0.488281 0.265013 0.488281 0.262402 0.486328 0.258486 0.486328 0.254569 0.485352 0.253264 0.485352 0.246736 0.483398 0.241514 0.482422 0.227154 0.478516 0.220627 0.476562 0.220627 0.475586 0.219321 0.462891 0.219321 0.461914 0.220627 0.459961 0.220627 0.456055 0.223238 0.450195 0.229765 0.448242 0.229765 0.447266 0.231070
0 0.530273 0.181462 0.527344 0.181462 0.523438 0.186684 0.521484 0.187990 0.517578 0.186684 0.516602 0.185379 0.512695 0.185379 0.506836 0.189295 0.500977 0.189295 0.497070 0.193211 0.497070 0.195822 0.496094 0.197128 0.496094 0.203655 0.495117 0.204961 0.495117 0.208877 0.494141 0.210183 0.494141 0.221932 0.495117 0.223238 0.495117 0.227154 0.498047 0.234987 0.504883 0.244125 0.504883 0.245431 0.508789 0.251958 0.512695 0.251958 0.513672 0.250653 0.515625 0.250653 0.519531 0.248042 0.523438 0.248042 0.524414 0.246736 0.528320 0.245431 0.529297 0.242820 0.530273 0.234987 0.531250 0.233681 0.531250 0.228460 0.532227 0.227154 0.532227 0.221932 0.533203 0.220627 0.534180 0.204961 0.535156 0.203655 0.535156 0.189295 0.534180 0.187990 0.534180 0.185379
0 0.529297 0.249347 0.526367 0.249347 0.525391 0.248042 0.524414 0.248042 0.523438 0.249347 0.518555 0.249347 0.517578 0.250653 0.515625 0.250653 0.512695 0.253264 0.507812 0.253264 0.505859 0.250653 0.504883 0.250653 0.500000 0.255875 0.500000 0.257180 0.499023 0.258486 0.499023 0.261097 0.495117 0.270235 0.495117 0.276762 0.494141 0.278068 0.495117 0.279373 0.495117 0.283290 0.497070 0.285901 0.497070 0.287206 0.500000 0.292428 0.500977 0.292428 0.501953 0.293734 0.504883 0.293734 0.509766 0.300261 0.513672 0.300261 0.520508 0.295039 0.523438 0.295039 0.524414 0.293734 0.525391 0.293734 0.529297 0.287206 0.530273 0.287206 0.533203 0.283290 0.534180 0.283290 0.539062 0.276762 0.540039 0.276762 0.541992 0.274151 0.542969 0.274151 0.542969 0.271540 0.541992 0.270235 0.541992 0.268930 0.533203 0.257180 0.532227 0.253264
0 0.476562 0.298956 0.474609 0.301567 0.474609 0.304178 0.473633 0.305483 0.473633 0.314621 0.472656 0.315927 0.472656 0.318538 0.471680 0.319843 0.471680 0.330287 0.472656 0.331593 0.472656 0.332898 0.473633 0.334204 0.474609 0.334204 0.477539 0.338120 0.478516 0.342037 0.482422 0.345953 0.483398 0.345953 0.485352 0.348564 0.486328 0.348564 0.489258 0.352480 0.490234 0.352480 0.497070 0.347258 0.499023 0.347258 0.500977 0.344648 0.505859 0.342037 0.508789 0.338120 0.508789 0.336815 0.510742 0.332898 0.511719 0.326371 0.512695 0.325065 0.512695 0.312010 0.513672 0.310705 0.513672 0.309399 0.511719 0.306789 0.508789 0.306789 0.507812 0.305483 0.506836 0.305483 0.501953 0.301567 0.500000 0.301567 0.499023 0.300261 0.497070 0.300261 0.496094 0.301567 0.493164 0.301567 0.492188 0.302872 0.487305 0.302872 0.486328 0.301567 0.483398 0.301567 0.482422 0.300261 0.480469 0.300261 0.479492 0.298956
0 0.525391 0.331593 0.516602 0.343342 0.515625 0.343342 0.514648 0.344648 0.512695 0.344648 0.510742 0.347258 0.510742 0.348564 0.509766 0.349869 0.509766 0.362924 0.510742 0.364230 0.511719 0.364230 0.513672 0.366841 0.513672 0.368146 0.519531 0.375979 0.520508 0.375979 0.525391 0.379896 0.527344 0.379896 0.528320 0.381201 0.533203 0.381201 0.534180 0.382507 0.537109 0.382507 0.538086 0.381201 0.540039 0.381201 0.541016 0.379896 0.542969 0.373368 0.544922 0.370757 0.544922 0.368146 0.545898 0.366841 0.547852 0.360313 0.549805 0.357702 0.549805 0.356397 0.548828 0.355091 0.548828 0.353786 0.547852 0.353786 0.541016 0.343342 0.541016 0.342037 0.540039 0.340731 0.540039 0.338120 0.539062 0.336815 0.539062 0.335509 0.537109 0.332898 0.534180 0.332898 0.533203 0.331593
0 0.555664 0.284595 0.551758 0.284595 0.540039 0.292428 0.534180 0.301567 0.534180 0.304178 0.533203 0.305483 0.533203 0.315927 0.534180 0.317232 0.534180 0.321149 0.538086 0.327676 0.538086 0.330287 0.540039 0.334204 0.540039 0.336815 0.542969 0.344648 0.548828 0.353786 0.551758 0.353786 0.559570 0.348564 0.561523 0.345953 0.564453 0.344648 0.566406 0.342037 0.567383 0.342037 0.569336 0.339426 0.570312 0.336815 0.570312 0.334204 0.571289 0.332898 0.571289 0.302872 0.570312 0.301567 0.570312 0.298956 0.566406 0.292428 0.565430 0.292428 0.560547 0.287206 0.558594 0.287206
0 0.580078 0.228460 0.576172 0.231070 0.573242 0.231070 0.572266 0.229765 0.566406 0.233681 0.562500 0.240209 0.560547 0.248042 0.556641 0.250653 0.555664 0.253264 0.555664 0.261097 0.556641 0.262402 0.555664 0.265013 0.555664 0.274151 0.557617 0.275457 0.562500 0.281984 0.564453 0.283290 0.567383 0.283290 0.571289 0.285901 0.574219 0.285901 0.575195 0.287206 0.578125 0.284595 0.580078 0.284595 0.583008 0.281984 0.584961 0.281984 0.585938 0.280679 0.587891 0.280679 0.589844 0.279373 0.595703 0.271540 0.596680 0.268930 0.596680 0.265013 0.597656 0.263708 0.597656 0.259791 0.598633 0.258486 0.598633 0.255875 0.597656 0.254569 0.597656 0.248042 0.595703 0.245431 0.595703 0.242820 0.591797 0.238903 0.590820 0.238903 0.588867 0.236292 0.587891 0.236292 0.583984 0.231070
0 0.618164 0.268930 0.613281 0.268930 0.612305 0.267624 0.610352 0.267624 0.609375 0.266319 0.604492 0.266319 0.603516 0.265013 0.602539 0.265013 0.601562 0.266319 0.600586 0.266319 0.597656 0.270235 0.596680 0.274151 0.591797 0.280679 0.588867 0.281984 0.588867 0.283290 0.586914 0.285901 0.586914 0.288512 0.585938 0.289817 0.585938 0.305483 0.586914 0.306789 0.586914 0.309399 0.587891 0.310705 0.587891 0.312010 0.591797 0.318538 0.592773 0.318538 0.593750 0.319843 0.595703 0.319843 0.596680 0.318538 0.599609 0.318538 0.600586 0.317232 0.604492 0.317232 0.605469 0.315927 0.609375 0.315927 0.612305 0.313316 0.614258 0.313316 0.615234 0.312010 0.616211 0.312010 0.618164 0.309399 0.619141 0.309399 0.623047 0.305483 0.623047 0.304178 0.624023 0.302872 0.624023 0.298956 0.625000 0.297650 0.625000 0.292428 0.625977 0.291123 0.625977 0.287206 0.626953 0.285901 0.626953 0.284595 0.625977 0.283290 0.625977 0.281984 0.619141 0.272846
0 0.590820 0.325065 0.584961 0.325065 0.582031 0.327676 0.580078 0.327676 0.579102 0.328982 0.576172 0.330287 0.572266 0.335509 0.572266 0.336815 0.570312 0.339426 0.570312 0.340731 0.568359 0.343342 0.568359 0.344648 0.567383 0.345953 0.566406 0.345953 0.564453 0.348564 0.564453 0.349869 0.563477 0.351175 0.563477 0.355091 0.564453 0.356397 0.564453 0.357702 0.569336 0.365535 0.569336 0.366841 0.573242 0.372063 0.573242 0.373368 0.574219 0.373368 0.575195 0.374674 0.579102 0.374674 0.580078 0.373368 0.584961 0.373368 0.585938 0.372063 0.588867 0.372063 0.589844 0.370757 0.592773 0.370757 0.593750 0.369452 0.596680 0.368146 0.598633 0.365535 0.599609 0.365535 0.601562 0.362924 0.601562 0.361619 0.605469 0.356397 0.605469 0.349869 0.604492 0.348564 0.604492 0.347258 0.597656 0.336815 0.597656 0.335509 0.596680 0.334204 0.596680 0.332898 0.594727 0.330287 0.594727 0.328982 0.592773 0.326371 0.591797 0.326371
0 0.598633 0.370757 0.597656 0.372063 0.593750 0.372063 0.592773 0.373368 0.590820 0.373368 0.588867 0.375979 0.587891 0.375979 0.583008 0.379896 0.582031 0.378590 0.579102 0.378590 0.580078 0.379896 0.580078 0.382507 0.577148 0.389034 0.577148 0.394256 0.576172 0.395561 0.576172 0.400783 0.575195 0.402089 0.575195 0.406005 0.574219 0.407311 0.574219 0.415144 0.581055 0.424282 0.582031 0.424282 0.583008 0.425587 0.587891 0.425587 0.588867 0.424282 0.591797 0.424282 0.592773 0.422977 0.595703 0.422977 0.598633 0.420366 0.600586 0.420366 0.601562 0.419060 0.604492 0.417755 0.607422 0.412533 0.609375 0.412533 0.611328 0.409922 0.611328 0.406005 0.612305 0.404700 0.612305 0.398172 0.611328 0.396867 0.611328 0.394256 0.610352 0.392950 0.610352 0.390339 0.609375 0.389034 0.609375 0.385117 0.608398 0.383812 0.608398 0.381201 0.602539 0.373368 0.601562 0.373368
0 0.650391 0.318538 0.647461 0.318538 0.646484 0.319843 0.645508 0.319843 0.642578 0.323760 0.640625 0.323760 0.639648 0.325065 0.637695 0.325065 0.636719 0.326371 0.634766 0.326371 0.632812 0.330287 0.631836 0.330287 0.628906 0.332898 0.626953 0.332898 0.625977 0.334204 0.625000 0.334204 0.622070 0.338120 0.621094 0.338120 0.620117 0.339426 0.620117 0.342037 0.619141 0.343342 0.619141 0.347258 0.618164 0.348564 0.618164 0.357702 0.617188 0.359008 0.617188 0.361619 0.621094 0.366841 0.631836 0.366841 0.638672 0.361619 0.641602 0.361619 0.644531 0.359008 0.646484 0.359008 0.646484 0.357702 0.652344 0.351175 0.652344 0.349869 0.654297 0.347258 0.654297 0.345953 0.655273 0.344648 0.655273 0.339426 0.656250 0.338120 0.656250 0.335509 0.655273 0.334204 0.655273 0.331593 0.654297 0.330287 0.654297 0.327676
0 0.646484 0.365535 0.640625 0.365535 0.639648 0.366841 0.635742 0.366841 0.632812 0.369452 0.629883 0.369452 0.628906 0.370757 0.627930 0.370757 0.625000 0.374674 0.625000 0.375979 0.624023 0.377285 0.624023 0.382507 0.623047 0.383812 0.623047 0.386423 0.620117 0.392950 0.620117 0.395561 0.618164 0.398172 0.618164 0.403394 0.619141 0.404700 0.619141 0.406005 0.620117 0.407311 0.621094 0.411227 0.623047 0.413838 0.624023 0.413838 0.625000 0.415144 0.631836 0.415144 0.633789 0.412533 0.634766 0.412533 0.639648 0.406005 0.639648 0.404700 0.643555 0.399478 0.643555 0.396867 0.644531 0.395561 0.644531 0.392950 0.646484 0.390339 0.647461 0.390339 0.647461 0.389034 0.648438 0.387728 0.648438 0.386423 0.650391 0.383812 0.650391 0.381201 0.651367 0.379896 0.651367 0.377285 0.650391 0.375979 0.650391 0.374674 0.648438 0.372063 0.648438 0.370757 0.646484 0.368146
0 0.669922 0.325065 0.667969 0.327676 0.667969 0.328982 0.666016 0.331593 0.666016 0.332898 0.659180 0.342037 0.659180 0.343342 0.655273 0.349869 0.651367 0.362924 0.652344 0.364230 0.652344 0.365535 0.661133 0.377285 0.662109 0.377285 0.665039 0.381201 0.667969 0.381201 0.668945 0.382507 0.671875 0.382507 0.672852 0.383812 0.678711 0.383812 0.679688 0.382507 0.679688 0.381201 0.682617 0.374674 0.682617 0.372063 0.686523 0.362924 0.686523 0.360313 0.687500 0.359008 0.687500 0.357702 0.688477 0.356397 0.688477 0.353786 0.689453 0.352480 0.689453 0.348564 0.690430 0.347258 0.690430 0.343342 0.691406 0.342037 0.689453 0.339426 0.689453 0.338120 0.685547 0.332898 0.682617 0.331593 0.676758 0.325065
0 0.392578 0.356397 0.392578 0.366841 0.393555 0.368146 0.393555 0.372063 0.404297 0.387728 0.410156 0.391645 0.413086 0.395561 0.415039 0.396867 0.427734 0.392950 0.429688 0.390339 0.432617 0.389034 0.436523 0.383812 0.437500 0.383812 0.439453 0.381201 0.443359 0.378590 0.443359 0.372063 0.440430 0.368146 0.440430 0.366841 0.433594 0.357702 0.430664 0.357702 0.428711 0.355091 0.425781 0.353786 0.421875 0.348564 0.420898 0.345953 0.418945 0.345953 0.417969 0.344648 0.410156 0.344648 0.408203 0.345953 0.406250 0.343342 0.406250 0.340731 0.404297 0.339426 0.400391 0.343342 0.399414 0.343342 0.396484 0.347258 0.395508 0.351175
0 0.452148 0.362924 0.452148 0.368146 0.441406 0.383812 0.438477 0.385117 0.436523 0.387728 0.436523 0.390339 0.438477 0.392950 0.438477 0.407311 0.439453 0.408616 0.439453 0.411227 0.440430 0.412533 0.440430 0.413838 0.443359 0.417755 0.445312 0.417755 0.446289 0.419060 0.462891 0.419060 0.463867 0.417755 0.467773 0.417755 0.472656 0.413838 0.472656 0.412533 0.473633 0.411227 0.473633 0.408616 0.476562 0.402089 0.476562 0.399478 0.479492 0.394256 0.479492 0.390339 0.478516 0.389034 0.478516 0.383812 0.475586 0.378590 0.475586 0.375979 0.474609 0.374674 0.474609 0.372063 0.473633 0.370757 0.473633 0.369452 0.469727 0.365535 0.464844 0.365535 0.463867 0.364230 0.459961 0.364230 0.458984 0.362924
0 0.473633 0.421671 0.471680 0.424282 0.470703 0.426893 0.470703 0.429504 0.468750 0.432115 0.468750 0.436031 0.467773 0.437337 0.467773 0.442559 0.468750 0.443864 0.468750 0.446475 0.467773 0.447781 0.467773 0.462141 0.468750 0.463446 0.468750 0.468668 0.470703 0.471279 0.474609 0.471279 0.475586 0.472585 0.477539 0.472585 0.481445 0.475196 0.490234 0.476501 0.493164 0.479112 0.496094 0.479112 0.497070 0.477807 0.499023 0.477807 0.501953 0.473890 0.503906 0.473890 0.506836 0.469974 0.509766 0.462141 0.509766 0.456919 0.510742 0.455614 0.510742 0.450392 0.509766 0.449086 0.509766 0.445170 0.506836 0.439948 0.504883 0.432115 0.500000 0.425587 0.490234 0.419060 0.477539 0.419060
0 0.234375 0.227154 0.234375 0.249347 0.237305 0.257180 0.241211 0.263708 0.243164 0.271540 0.250000 0.283290 0.250977 0.283290 0.252930 0.285901 0.255859 0.285901 0.256836 0.287206 0.266602 0.287206 0.270508 0.284595 0.275391 0.279373 0.279297 0.278068 0.280273 0.276762 0.283203 0.276762 0.285156 0.274151 0.286133 0.267624 0.285156 0.266319 0.285156 0.262402 0.283203 0.258486 0.282227 0.248042 0.281250 0.246736 0.280273 0.240209 0.278320 0.236292 0.278320 0.232376 0.275391 0.227154 0.273438 0.227154 0.272461 0.225849 0.265625 0.225849 0.264648 0.224543 0.259766 0.224543 0.258789 0.223238 0.256836 0.223238 0.254883 0.220627 0.246094 0.220627 0.242188 0.223238 0.236328 0.224543
0 0.234375 0.288512 0.232422 0.293734 0.232422 0.296345 0.229492 0.301567 0.229492 0.310705 0.228516 0.312010 0.228516 0.318538 0.229492 0.319843 0.229492 0.322454 0.230469 0.323760 0.231445 0.328982 0.236328 0.336815 0.240234 0.339426 0.252930 0.339426 0.253906 0.340731 0.255859 0.340731 0.256836 0.339426 0.259766 0.339426 0.260742 0.338120 0.266602 0.338120 0.270508 0.334204 0.274414 0.332898 0.276367 0.330287 0.277344 0.327676 0.277344 0.321149 0.278320 0.319843 0.278320 0.301567 0.276367 0.296345 0.274414 0.293734 0.273438 0.293734 0.271484 0.291123 0.268555 0.291123 0.267578 0.289817 0.254883 0.289817 0.249023 0.285901 0.236328 0.285901
0 0.308594 0.266319 0.304688 0.268930 0.300781 0.274151 0.300781 0.275457 0.298828 0.278068 0.297852 0.278068 0.294922 0.291123 0.291992 0.293734 0.290039 0.293734 0.290039 0.297650 0.292969 0.301567 0.292969 0.304178 0.293945 0.305483 0.292969 0.306789 0.293945 0.317232 0.298828 0.325065 0.301758 0.323760 0.303711 0.326371 0.303711 0.327676 0.306641 0.328982 0.310547 0.332898 0.312500 0.332898 0.313477 0.334204 0.322266 0.334204 0.323242 0.335509 0.331055 0.335509 0.335938 0.330287 0.335938 0.327676 0.337891 0.322454 0.337891 0.309399 0.336914 0.308094 0.336914 0.292428 0.335938 0.291123 0.335938 0.288512 0.332031 0.278068 0.329102 0.274151 0.321289 0.271540 0.313477 0.266319
0 0.279297 0.327676 0.279297 0.328982 0.276367 0.332898 0.276367 0.334204 0.272461 0.338120 0.271484 0.338120 0.269531 0.340731 0.269531 0.347258 0.272461 0.353786 0.272461 0.357702 0.271484 0.359008 0.271484 0.366841 0.272461 0.368146 0.273438 0.372063 0.274414 0.372063 0.277344 0.375979 0.278320 0.375979 0.285156 0.381201 0.287109 0.381201 0.288086 0.382507 0.296875 0.382507 0.297852 0.381201 0.301758 0.381201 0.304688 0.377285 0.304688 0.375979 0.305664 0.374674 0.305664 0.360313 0.306641 0.359008 0.306641 0.353786 0.307617 0.352480 0.307617 0.345953 0.308594 0.344648 0.308594 0.338120 0.306641 0.335509 0.305664 0.335509 0.292969 0.326371 0.281250 0.326371 0.280273 0.327676
0 0.309570 0.353786 0.308594 0.356397 0.308594 0.378590 0.310547 0.383812 0.311523 0.399478 0.314453 0.402089 0.316406 0.402089 0.321289 0.407311 0.323242 0.407311 0.327148 0.409922 0.332031 0.409922 0.333008 0.411227 0.335938 0.411227 0.336914 0.409922 0.341797 0.409922 0.342773 0.408616 0.344727 0.408616 0.347656 0.404700 0.348633 0.400783 0.350586 0.398172 0.351562 0.392950 0.353516 0.389034 0.353516 0.385117 0.351562 0.382507 0.348633 0.382507 0.347656 0.381201 0.345703 0.381201 0.341797 0.385117 0.339844 0.385117 0.338867 0.383812 0.338867 0.379896 0.339844 0.378590 0.337891 0.374674 0.337891 0.359008 0.331055 0.349869 0.328125 0.349869 0.327148 0.348564 0.319336 0.348564 0.314453 0.352480 0.311523 0.352480
0 0.342773 0.327676 0.342773 0.330287 0.341797 0.332898 0.337891 0.339426 0.337891 0.342037 0.339844 0.344648 0.339844 0.355091 0.340820 0.356397 0.340820 0.364230 0.341797 0.365535 0.341797 0.374674 0.343750 0.378590 0.348633 0.378590 0.352539 0.381201 0.358398 0.381201 0.361328 0.383812 0.364258 0.383812 0.371094 0.374674 0.372070 0.370757 0.376953 0.365535 0.377930 0.361619 0.380859 0.357702 0.380859 0.355091 0.381836 0.353786 0.381836 0.344648 0.380859 0.343342 0.380859 0.336815 0.379883 0.335509 0.379883 0.330287 0.378906 0.330287 0.376953 0.327676 0.376953 0.325065 0.375977 0.323760 0.374023 0.326371 0.371094 0.326371 0.366211 0.322454 0.357422 0.322454 0.356445 0.323760 0.350586 0.323760 0.346680 0.327676
0 0.359375 0.394256 0.359375 0.396867 0.358398 0.399478 0.361328 0.403394 0.359375 0.406005 0.357422 0.406005 0.351562 0.411227 0.351562 0.429504 0.356445 0.436031 0.357422 0.436031 0.361328 0.441253 0.362305 0.441253 0.372070 0.453003 0.374023 0.453003 0.375000 0.454308 0.378906 0.454308 0.379883 0.453003 0.382812 0.453003 0.384766 0.451697 0.384766 0.450392 0.389648 0.442559 0.392578 0.434726 0.392578 0.432115 0.394531 0.426893 0.394531 0.416449 0.391602 0.413838 0.389648 0.413838 0.385742 0.411227 0.382812 0.407311 0.379883 0.406005 0.375977 0.400783 0.368164 0.400783 0.364258 0.404700 0.363281 0.404700 0.362305 0.403394 0.362305 0.395561 0.363281 0.394256
0 0.303711 0.402089 0.299805 0.407311 0.295898 0.419060 0.291992 0.424282 0.291992 0.425587 0.291016 0.426893 0.291016 0.446475 0.291992 0.447781 0.291992 0.453003 0.292969 0.454308 0.292969 0.455614 0.294922 0.455614 0.295898 0.456919 0.311523 0.456919 0.312500 0.455614 0.316406 0.455614 0.317383 0.454308 0.318359 0.454308 0.323242 0.447781 0.323242 0.446475 0.324219 0.445170 0.324219 0.434726 0.325195 0.433420 0.326172 0.429504 0.328125 0.426893 0.328125 0.425587 0.329102 0.424282 0.329102 0.421671 0.330078 0.420366 0.325195 0.413838 0.324219 0.413838 0.321289 0.409922 0.318359 0.408616 0.315430 0.404700 0.314453 0.404700 0.313477 0.403394 0.311523 0.403394 0.310547 0.402089
0 0.329102 0.446475 0.329102 0.447781 0.327148 0.450392 0.326172 0.450392 0.324219 0.455614 0.324219 0.462141 0.323242 0.463446 0.323242 0.467363 0.324219 0.468668 0.325195 0.477807 0.327148 0.480418 0.331055 0.490862 0.333008 0.493473 0.336914 0.496084 0.338867 0.496084 0.343750 0.500000 0.354492 0.500000 0.355469 0.498695 0.358398 0.498695 0.360352 0.497389 0.362305 0.492167 0.362305 0.483029 0.364258 0.477807 0.364258 0.464752 0.365234 0.463446 0.365234 0.458225 0.363281 0.454308 0.360352 0.453003 0.358398 0.450392 0.358398 0.447781 0.359375 0.446475 0.355469 0.443864 0.352539 0.439948 0.350586 0.438642 0.343750 0.438642 0.341797 0.441253 0.337891 0.443864 0.335938 0.443864 0.332031 0.446475
0 0.202148 0.387728 0.201172 0.390339 0.201172 0.395561 0.200195 0.396867 0.200195 0.403394 0.198242 0.407311 0.198242 0.415144 0.201172 0.420366 0.203125 0.428198 0.206055 0.432115 0.208984 0.433420 0.210938 0.436031 0.212891 0.441253 0.217773 0.441253 0.218750 0.442559 0.221680 0.442559 0.225586 0.445170 0.236328 0.445170 0.238281 0.442559 0.239258 0.442559 0.240234 0.441253 0.240234 0.438642 0.242188 0.433420 0.242188 0.429504 0.244141 0.425587 0.246094 0.415144 0.249023 0.407311 0.249023 0.402089 0.250000 0.400783 0.250000 0.398172 0.246094 0.395561 0.237305 0.385117 0.233398 0.382507 0.230469 0.382507 0.229492 0.381201 0.224609 0.381201 0.219727 0.386423 0.217773 0.386423 0.216797 0.387728 0.213867 0.387728 0.212891 0.386423 0.210938 0.387728
0 0.173828 0.408616 0.173828 0.409922 0.172852 0.411227 0.172852 0.417755 0.173828 0.419060 0.173828 0.426893 0.174805 0.428198 0.174805 0.436031 0.175781 0.437337 0.175781 0.439948 0.176758 0.441253 0.176758 0.443864 0.177734 0.445170 0.178711 0.451697 0.184570 0.459530 0.196289 0.459530 0.197266 0.458225 0.199219 0.458225 0.200195 0.456919 0.205078 0.454308 0.207031 0.451697 0.208008 0.451697 0.211914 0.446475 0.211914 0.439948 0.210938 0.438642 0.210938 0.437337 0.209961 0.436031 0.205078 0.433420 0.202148 0.429504 0.202148 0.428198 0.197266 0.420366 0.197266 0.419060 0.196289 0.417755 0.196289 0.407311 0.195312 0.406005 0.195312 0.404700 0.193359 0.404700 0.192383 0.403394 0.181641 0.403394 0.179688 0.406005
0 0.244141 0.439948 0.243164 0.446475 0.240234 0.451697 0.240234 0.455614 0.239258 0.456919 0.239258 0.464752 0.238281 0.466057 0.239258 0.468668 0.239258 0.492167 0.241211 0.494778 0.243164 0.494778 0.244141 0.496084 0.249023 0.496084 0.250000 0.497389 0.256836 0.497389 0.257812 0.496084 0.262695 0.496084 0.263672 0.494778 0.266602 0.494778 0.270508 0.490862 0.278320 0.485640 0.283203 0.484334 0.285156 0.481723 0.285156 0.477807 0.286133 0.476501 0.286133 0.472585 0.287109 0.471279 0.287109 0.466057 0.289062 0.460836 0.289062 0.451697 0.287109 0.447781 0.283203 0.449086 0.281250 0.446475 0.274414 0.442559 0.272461 0.439948 0.270508 0.438642 0.267578 0.438642 0.266602 0.437337 0.257812 0.437337 0.256836 0.436031 0.250000 0.436031
0 0.298828 0.488251 0.294922 0.488251 0.293945 0.489556 0.291016 0.489556 0.290039 0.490862 0.288086 0.490862 0.284180 0.494778 0.282227 0.494778 0.280273 0.497389 0.279297 0.497389 0.277344 0.500000 0.276367 0.500000 0.275391 0.501305 0.275391 0.502611 0.272461 0.506527 0.269531 0.507833 0.267578 0.511749 0.267578 0.514360 0.271484 0.518277 0.273438 0.527415 0.275391 0.530026 0.275391 0.531332 0.278320 0.533943 0.278320 0.535248 0.279297 0.535248 0.282227 0.537859 0.285156 0.537859 0.286133 0.539164 0.288086 0.539164 0.291016 0.541775 0.294922 0.541775 0.295898 0.540470 0.297852 0.540470 0.300781 0.537859 0.302734 0.537859 0.305664 0.535248 0.307617 0.535248 0.309570 0.532637 0.309570 0.531332 0.310547 0.530026 0.310547 0.527415 0.311523 0.526110 0.310547 0.516971 0.309570 0.515666 0.309570 0.513055 0.308594 0.511749 0.307617 0.505222 0.304688 0.500000 0.303711 0.493473 0.302734 0.492167 0.302734 0.490862 0.301758 0.490862
0 0.223633 0.467363 0.216797 0.467363 0.215820 0.468668 0.205078 0.475196 0.203125 0.477807 0.202148 0.477807 0.200195 0.480418 0.199219 0.480418 0.199219 0.481723 0.198242 0.483029 0.198242 0.485640 0.197266 0.486945 0.197266 0.489556 0.196289 0.490862 0.196289 0.497389 0.198242 0.501305 0.198242 0.503916 0.199219 0.505222 0.199219 0.509138 0.201172 0.511749 0.207031 0.514360 0.210938 0.519582 0.210938 0.520888 0.213867 0.523499 0.219727 0.523499 0.220703 0.522193 0.224609 0.522193 0.225586 0.520888 0.229492 0.520888 0.230469 0.519582 0.232422 0.519582 0.233398 0.518277 0.234375 0.518277 0.236328 0.514360 0.236328 0.509138 0.237305 0.507833 0.237305 0.502611 0.236328 0.501305 0.236328 0.480418 0.233398 0.476501 0.230469 0.475196 0.225586 0.468668 0.224609 0.468668
0 0.253906 0.516971 0.252930 0.516971 0.251953 0.515666 0.250000 0.515666 0.241211 0.509138 0.239258 0.509138 0.237305 0.513055 0.237305 0.516971 0.232422 0.520888 0.230469 0.520888 0.229492 0.522193 0.226562 0.522193 0.225586 0.523499 0.221680 0.523499 0.220703 0.524804 0.214844 0.524804 0.213867 0.526110 0.213867 0.533943 0.212891 0.535248 0.212891 0.539164 0.211914 0.540470 0.212891 0.541775 0.212891 0.543081 0.216797 0.548303 0.217773 0.548303 0.223633 0.554830 0.224609 0.554830 0.227539 0.557441 0.229492 0.557441 0.230469 0.556136 0.233398 0.556136 0.234375 0.554830 0.236328 0.554830 0.237305 0.553525 0.240234 0.552219 0.245117 0.546997 0.246094 0.546997 0.247070 0.545692 0.249023 0.545692 0.250977 0.543081 0.251953 0.543081 0.252930 0.541775 0.252930 0.540470 0.255859 0.536554 0.255859 0.520888
0 0.137695 0.479112 0.134766 0.486945 0.134766 0.501305 0.135742 0.502611 0.135742 0.507833 0.137695 0.509138 0.141602 0.514360 0.141602 0.516971 0.142578 0.518277 0.146484 0.516971 0.151367 0.523499 0.155273 0.523499 0.156250 0.524804 0.159180 0.524804 0.162109 0.527415 0.166016 0.527415 0.166992 0.528721 0.171875 0.528721 0.172852 0.527415 0.176758 0.527415 0.180664 0.524804 0.182617 0.522193 0.182617 0.520888 0.185547 0.515666 0.185547 0.510444 0.186523 0.509138 0.186523 0.503916 0.187500 0.502611 0.187500 0.498695 0.185547 0.496084 0.182617 0.496084 0.181641 0.497389 0.171875 0.489556 0.168945 0.489556 0.167969 0.488251 0.166016 0.488251 0.165039 0.486945 0.163086 0.486945 0.159180 0.484334 0.156250 0.484334 0.155273 0.483029 0.150391 0.481723 0.144531 0.476501 0.139648 0.476501
0 0.130859 0.510444 0.130859 0.511749 0.129883 0.513055 0.129883 0.516971 0.130859 0.518277 0.130859 0.532637 0.131836 0.533943 0.131836 0.536554 0.132812 0.537859 0.132812 0.545692 0.134766 0.549608 0.135742 0.549608 0.136719 0.550914 0.138672 0.550914 0.140625 0.553525 0.141602 0.553525 0.145508 0.557441 0.150391 0.557441 0.155273 0.550914 0.160156 0.548303 0.165039 0.543081 0.170898 0.540470 0.170898 0.539164 0.171875 0.537859 0.171875 0.533943 0.170898 0.532637 0.170898 0.531332 0.169922 0.531332 0.166992 0.528721 0.165039 0.528721 0.164062 0.527415 0.161133 0.527415 0.158203 0.523499 0.155273 0.523499 0.154297 0.522193 0.152344 0.522193 0.151367 0.520888 0.144531 0.516971 0.141602 0.513055 0.140625 0.513055 0.137695 0.509138 0.136719 0.509138 0.135742 0.507833 0.133789 0.507833 0.131836 0.510444
0 0.047852 0.511749 0.047852 0.515666 0.055664 0.526110 0.056641 0.530026 0.064453 0.539164 0.066406 0.545692 0.068359 0.546997 0.075195 0.546997 0.076172 0.545692 0.086914 0.545692 0.087891 0.544386 0.091797 0.544386 0.092773 0.543081 0.096680 0.543081 0.097656 0.541775 0.102539 0.541775 0.104492 0.540470 0.107422 0.535248 0.107422 0.527415 0.104492 0.519582 0.102539 0.516971 0.095703 0.511749 0.092773 0.507833 0.085938 0.502611 0.081055 0.496084 0.079102 0.494778 0.072266 0.494778 0.071289 0.493473 0.070312 0.494778 0.065430 0.494778 0.064453 0.496084 0.062500 0.496084 0.058594 0.498695 0.057617 0.501305 0.052734 0.507833 0.051758 0.507833
0 0.124023 0.558747 0.122070 0.554830 0.119141 0.554830 0.118164 0.553525 0.115234 0.552219 0.111328 0.546997 0.110352 0.546997 0.107422 0.544386 0.097656 0.544386 0.096680 0.545692 0.094727 0.545692 0.093750 0.546997 0.091797 0.546997 0.090820 0.548303 0.085938 0.549608 0.084961 0.550914 0.082031 0.552219 0.080078 0.554830 0.078125 0.554830 0.077148 0.556136 0.076172 0.556136 0.072266 0.561358 0.072266 0.563969 0.071289 0.565274 0.071289 0.566580 0.072266 0.567885 0.072266 0.574413 0.073242 0.575718 0.073242 0.578329 0.075195 0.580940 0.077148 0.580940 0.078125 0.582245 0.080078 0.582245 0.081055 0.583551 0.083008 0.583551 0.083984 0.584856 0.087891 0.584856 0.088867 0.586162 0.090820 0.586162 0.091797 0.587467 0.093750 0.587467 0.094727 0.588773 0.097656 0.588773 0.098633 0.590078 0.100586 0.590078 0.101562 0.588773 0.103516 0.588773 0.105469 0.586162 0.107422 0.586162 0.111328 0.582245 0.114258 0.580940 0.120117 0.573107 0.120117 0.571802 0.121094 0.570496 0.121094 0.567885 0.124023 0.561358
0 0.083008 0.588773 0.078125 0.588773 0.068359 0.600522 0.067383 0.600522 0.063477 0.604439 0.061523 0.604439 0.059570 0.607050 0.058594 0.610966 0.053711 0.617493 0.055664 0.625326 0.059570 0.630548 0.060547 0.630548 0.067383 0.635770 0.069336 0.635770 0.075195 0.640992 0.076172 0.640992 0.077148 0.639687 0.080078 0.639687 0.081055 0.638381 0.083008 0.638381 0.083984 0.637076 0.092773 0.631854 0.094727 0.629243 0.095703 0.629243 0.097656 0.626632 0.098633 0.626632 0.100586 0.624021 0.101562 0.624021 0.104492 0.620104 0.104492 0.618799 0.105469 0.617493 0.105469 0.614883 0.106445 0.613577 0.105469 0.609661 0.104492 0.608355 0.103516 0.608355 0.097656 0.600522 0.092773 0.597911 0.091797 0.596606 0.091797 0.595300 0.086914 0.592689
0 0.072266 0.643603 0.068359 0.648825 0.068359 0.654047 0.071289 0.657963 0.073242 0.664491 0.075195 0.667102 0.075195 0.668407 0.079102 0.673629 0.079102 0.674935 0.080078 0.676240 0.081055 0.676240 0.085938 0.684073 0.086914 0.684073 0.087891 0.685379 0.089844 0.685379 0.090820 0.686684 0.094727 0.686684 0.095703 0.685379 0.097656 0.685379 0.098633 0.684073 0.099609 0.684073 0.111328 0.668407 0.111328 0.667102 0.114258 0.660574 0.114258 0.659269 0.113281 0.657963 0.113281 0.654047 0.112305 0.652742 0.110352 0.646214 0.102539 0.635770 0.096680 0.635770 0.095703 0.637076 0.094727 0.637076 0.093750 0.635770 0.090820 0.635770 0.089844 0.637076 0.086914 0.637076 0.085938 0.638381 0.083984 0.638381 0.081055 0.640992 0.079102 0.640992 0.078125 0.642298 0.076172 0.642298 0.075195 0.643603
0 0.109375 0.681462 0.110352 0.685379 0.116211 0.693211 0.116211 0.695822 0.125977 0.708877 0.126953 0.708877 0.127930 0.710183 0.136719 0.710183 0.137695 0.708877 0.139648 0.708877 0.140625 0.707572 0.142578 0.707572 0.143555 0.706266 0.144531 0.706266 0.147461 0.702350 0.147461 0.701044 0.150391 0.697128 0.150391 0.695822 0.152344 0.693211 0.152344 0.691906 0.156250 0.686684 0.156250 0.685379 0.158203 0.681462 0.158203 0.676240 0.157227 0.674935 0.156250 0.676240 0.153320 0.676240 0.150391 0.673629 0.146484 0.673629 0.145508 0.672324 0.143555 0.672324 0.140625 0.669713 0.138672 0.669713 0.135742 0.667102 0.130859 0.665796 0.127930 0.663185 0.124023 0.663185 0.123047 0.664491 0.122070 0.664491
0 0.105469 0.729765 0.106445 0.731070 0.106445 0.733681 0.107422 0.734987 0.107422 0.736292 0.111328 0.740209 0.113281 0.740209 0.114258 0.741514 0.121094 0.741514 0.122070 0.740209 0.123047 0.740209 0.124023 0.741514 0.127930 0.741514 0.128906 0.740209 0.130859 0.740209 0.131836 0.738903 0.132812 0.738903 0.132812 0.737598 0.134766 0.734987 0.137695 0.734987 0.143555 0.727154 0.146484 0.725849 0.148438 0.723238 0.148438 0.721932 0.149414 0.720627 0.149414 0.718016 0.148438 0.716710 0.148438 0.714099 0.147461 0.712794 0.147461 0.710183 0.146484 0.708877 0.146484 0.707572 0.142578 0.707572 0.141602 0.708877 0.139648 0.708877 0.138672 0.710183 0.135742 0.710183 0.134766 0.711488 0.129883 0.711488 0.128906 0.710183 0.124023 0.708877 0.122070 0.706266 0.120117 0.706266 0.119141 0.704961 0.119141 0.701044 0.118164 0.701044 0.117188 0.699739 0.115234 0.699739 0.113281 0.702350 0.113281 0.704961 0.110352 0.710183 0.110352 0.715405 0.106445 0.723238
0 0.210938 0.754569 0.209961 0.753264 0.209961 0.751958 0.206055 0.746736 0.205078 0.746736 0.204102 0.745431 0.202148 0.745431 0.201172 0.744125 0.198242 0.742820 0.196289 0.740209 0.194336 0.740209 0.192383 0.737598 0.190430 0.737598 0.189453 0.736292 0.188477 0.736292 0.187500 0.737598 0.187500 0.742820 0.185547 0.745431 0.182617 0.745431 0.181641 0.746736 0.178711 0.746736 0.177734 0.748042 0.170898 0.748042 0.169922 0.749347 0.166016 0.749347 0.163086 0.753264 0.162109 0.759791 0.164062 0.763708 0.168945 0.766319 0.173828 0.772846 0.178711 0.772846 0.179688 0.774151 0.182617 0.774151 0.185547 0.776762 0.191406 0.776762 0.192383 0.775457 0.195312 0.774151 0.197266 0.771540 0.198242 0.771540 0.199219 0.770235 0.201172 0.770235 0.203125 0.767624 0.208008 0.765013 0.210938 0.759791
0 0.212891 0.690601 0.211914 0.690601 0.208984 0.687990 0.206055 0.690601 0.200195 0.690601 0.199219 0.691906 0.188477 0.691906 0.187500 0.690601 0.176758 0.690601 0.175781 0.691906 0.172852 0.693211 0.170898 0.695822 0.170898 0.697128 0.171875 0.698433 0.171875 0.699739 0.174805 0.703655 0.174805 0.707572 0.175781 0.708877 0.175781 0.710183 0.178711 0.714099 0.182617 0.725849 0.186523 0.731070 0.192383 0.731070 0.193359 0.732376 0.195312 0.732376 0.196289 0.733681 0.201172 0.733681 0.203125 0.731070 0.204102 0.731070 0.206055 0.728460 0.207031 0.728460 0.209961 0.724543 0.209961 0.723238 0.210938 0.721932 0.210938 0.719321 0.211914 0.718016 0.211914 0.715405 0.213867 0.711488 0.213867 0.698433 0.212891 0.697128
0 0.172852 0.655352 0.172852 0.657963 0.167969 0.671018 0.166992 0.677546 0.168945 0.682768 0.174805 0.686684 0.176758 0.686684 0.177734 0.687990 0.180664 0.687990 0.181641 0.689295 0.187500 0.689295 0.188477 0.690601 0.198242 0.690601 0.199219 0.689295 0.202148 0.689295 0.208984 0.681462 0.208984 0.680157 0.213867 0.671018 0.213867 0.668407 0.212891 0.667102 0.212891 0.659269 0.211914 0.657963 0.211914 0.655352 0.210938 0.655352 0.208984 0.652742 0.208984 0.648825 0.208008 0.647520 0.205078 0.651436 0.201172 0.648825 0.202148 0.646214 0.205078 0.646214 0.206055 0.644909 0.205078 0.643603 0.203125 0.643603 0.201172 0.647520 0.199219 0.646214 0.196289 0.646214 0.192383 0.643603 0.187500 0.643603 0.186523 0.644909 0.184570 0.644909 0.181641 0.648825 0.179688 0.648825 0.175781 0.651436
0 0.172852 0.634465 0.169922 0.629243 0.169922 0.627937 0.168945 0.627937 0.165039 0.622715 0.164062 0.622715 0.161133 0.617493 0.156250 0.617493 0.153320 0.622715 0.151367 0.624021 0.148438 0.624021 0.147461 0.625326 0.136719 0.625326 0.135742 0.624021 0.129883 0.624021 0.130859 0.624021 0.132812 0.626632 0.132812 0.629243 0.130859 0.631854 0.130859 0.633159 0.129883 0.634465 0.127930 0.634465 0.125000 0.639687 0.125000 0.643603 0.124023 0.644909 0.124023 0.657963 0.125000 0.660574 0.128906 0.661880 0.132812 0.665796 0.134766 0.665796 0.135742 0.667102 0.137695 0.667102 0.138672 0.668407 0.140625 0.668407 0.144531 0.671018 0.151367 0.672324 0.152344 0.673629 0.157227 0.673629 0.161133 0.671018 0.164062 0.667102 0.166992 0.665796 0.166992 0.664491 0.168945 0.661880 0.173828 0.648825 0.173828 0.639687 0.172852 0.638381
0 0.126953 0.574413 0.124023 0.578329 0.124023 0.579634 0.122070 0.580940 0.121094 0.583551 0.118164 0.584856 0.117188 0.587467 0.114258 0.591384 0.113281 0.593995 0.113281 0.596606 0.112305 0.597911 0.112305 0.603133 0.110352 0.607050 0.110352 0.612272 0.112305 0.612272 0.113281 0.613577 0.118164 0.614883 0.121094 0.617493 0.123047 0.617493 0.126953 0.620104 0.135742 0.621410 0.139648 0.624021 0.147461 0.624021 0.151367 0.620104 0.152344 0.620104 0.155273 0.616188 0.156250 0.613577 0.156250 0.610966 0.158203 0.605744 0.160156 0.603133 0.161133 0.603133 0.161133 0.600522 0.162109 0.599217 0.162109 0.596606 0.161133 0.593995 0.159180 0.591384 0.151367 0.586162 0.145508 0.579634 0.141602 0.577023 0.138672 0.577023 0.137695 0.575718 0.133789 0.575718 0.130859 0.573107 0.128906 0.574413
0 0.164062 0.601828 0.164062 0.614883 0.166016 0.617493 0.166016 0.618799 0.169922 0.624021 0.170898 0.624021 0.173828 0.626632 0.175781 0.626632 0.178711 0.629243 0.182617 0.629243 0.183594 0.630548 0.185547 0.630548 0.186523 0.629243 0.201172 0.629243 0.202148 0.627937 0.203125 0.627937 0.207031 0.622715 0.207031 0.621410 0.209961 0.617493 0.209961 0.616188 0.210938 0.614883 0.210938 0.608355 0.209961 0.607050 0.209961 0.604439 0.208984 0.603133 0.208008 0.599217 0.205078 0.595300 0.203125 0.588773 0.200195 0.584856 0.172852 0.584856 0.169922 0.587467 0.168945 0.593995
0 0.164062 0.561358 0.164062 0.570496 0.165039 0.571802 0.165039 0.573107 0.173828 0.579634 0.177734 0.579634 0.178711 0.580940 0.192383 0.580940 0.193359 0.579634 0.197266 0.579634 0.198242 0.578329 0.201172 0.578329 0.202148 0.577023 0.203125 0.577023 0.203125 0.575718 0.205078 0.571802 0.205078 0.566580 0.208008 0.560052 0.208008 0.545692 0.204102 0.537859 0.204102 0.539164 0.202148 0.541775 0.199219 0.541775 0.198242 0.540470 0.197266 0.540470 0.196289 0.539164 0.194336 0.539164 0.193359 0.537859 0.185547 0.537859 0.181641 0.543081 0.180664 0.543081 0.177734 0.546997 0.176758 0.546997 0.173828 0.550914 0.172852 0.550914 0.167969 0.557441 0.166992 0.557441
0 0.249023 0.571802 0.247070 0.571802 0.246094 0.570496 0.230469 0.570496 0.229492 0.569191 0.227539 0.569191 0.226562 0.570496 0.223633 0.570496 0.221680 0.573107 0.219727 0.573107 0.218750 0.574413 0.213867 0.577023 0.208984 0.582245 0.207031 0.582245 0.205078 0.584856 0.205078 0.588773 0.207031 0.591384 0.207031 0.592689 0.208984 0.595300 0.208984 0.596606 0.210938 0.599217 0.210938 0.600522 0.211914 0.600522 0.218750 0.609661 0.221680 0.610966 0.227539 0.618799 0.228516 0.618799 0.229492 0.620104 0.233398 0.620104 0.235352 0.617493 0.240234 0.614883 0.240234 0.613577 0.243164 0.609661 0.244141 0.609661 0.248047 0.604439 0.248047 0.603133 0.250000 0.600522 0.250000 0.597911 0.250977 0.596606 0.250977 0.582245 0.251953 0.580940 0.251953 0.575718
0 0.250977 0.633159 0.250000 0.631854 0.250000 0.626632 0.249023 0.625326 0.248047 0.625326 0.246094 0.622715 0.246094 0.621410 0.245117 0.620104 0.243164 0.620104 0.241211 0.617493 0.238281 0.617493 0.235352 0.620104 0.223633 0.620104 0.220703 0.624021 0.218750 0.624021 0.217773 0.625326 0.214844 0.626632 0.211914 0.630548 0.210938 0.630548 0.209961 0.631854 0.207031 0.633159 0.207031 0.638381 0.208984 0.640992 0.209961 0.640992 0.213867 0.646214 0.213867 0.647520 0.215820 0.650131 0.224609 0.654047 0.225586 0.652742 0.228516 0.652742 0.231445 0.648825 0.232422 0.648825 0.234375 0.646214 0.235352 0.646214 0.236328 0.644909 0.238281 0.644909 0.239258 0.643603 0.241211 0.643603 0.242188 0.642298 0.244141 0.642298 0.245117 0.640992 0.248047 0.639687 0.250000 0.637076
0 0.219727 0.669713 0.219727 0.671018 0.220703 0.672324 0.220703 0.676240 0.222656 0.678851 0.225586 0.678851 0.226562 0.680157 0.230469 0.680157 0.231445 0.678851 0.232422 0.678851 0.233398 0.680157 0.247070 0.680157 0.248047 0.678851 0.250000 0.678851 0.250977 0.677546 0.254883 0.677546 0.257812 0.674935 0.257812 0.672324 0.256836 0.671018 0.256836 0.667102 0.255859 0.665796 0.255859 0.664491 0.254883 0.663185 0.253906 0.659269 0.250977 0.655352 0.249023 0.655352 0.248047 0.654047 0.246094 0.654047 0.245117 0.652742 0.233398 0.652742 0.232422 0.651436 0.230469 0.654047 0.227539 0.655352 0.222656 0.661880 0.222656 0.663185 0.221680 0.664491 0.221680 0.665796
0 0.258789 0.686684 0.259766 0.687990 0.259766 0.697128 0.262695 0.701044 0.263672 0.704961 0.264648 0.704961 0.265625 0.706266 0.267578 0.706266 0.268555 0.707572 0.267578 0.708877 0.266602 0.708877 0.266602 0.711488 0.267578 0.712794 0.269531 0.708877 0.270508 0.708877 0.272461 0.711488 0.273438 0.711488 0.274414 0.712794 0.276367 0.712794 0.277344 0.714099 0.290039 0.714099 0.291016 0.712794 0.293945 0.712794 0.297852 0.708877 0.297852 0.707572 0.302734 0.701044 0.302734 0.698433 0.303711 0.697128 0.303711 0.695822 0.300781 0.689295 0.300781 0.686684 0.298828 0.682768 0.298828 0.680157 0.297852 0.680157 0.296875 0.681462 0.295898 0.685379 0.294922 0.686684 0.293945 0.686684 0.292969 0.685379 0.290039 0.684073 0.287109 0.680157 0.287109 0.678851 0.286133 0.678851 0.283203 0.676240 0.275391 0.676240 0.274414 0.677546 0.268555 0.677546 0.266602 0.680157 0.265625 0.678851 0.265625 0.677546 0.264648 0.677546 0.263672 0.676240 0.260742 0.680157 0.260742 0.681462 0.259766 0.682768 0.259766 0.685379
0 0.330078 0.680157 0.322266 0.680157 0.321289 0.681462 0.318359 0.681462 0.317383 0.682768 0.316406 0.686684 0.309570 0.697128 0.309570 0.701044 0.308594 0.702350 0.308594 0.703655 0.304688 0.708877 0.304688 0.710183 0.303711 0.711488 0.303711 0.714099 0.302734 0.715405 0.302734 0.718016 0.303711 0.719321 0.304688 0.723238 0.309570 0.729765 0.310547 0.729765 0.311523 0.731070 0.314453 0.731070 0.315430 0.732376 0.317383 0.732376 0.318359 0.733681 0.322266 0.733681 0.328125 0.725849 0.330078 0.725849 0.333984 0.721932 0.335938 0.721932 0.336914 0.720627 0.337891 0.720627 0.341797 0.715405 0.344727 0.714099 0.344727 0.712794 0.345703 0.711488 0.345703 0.708877 0.346680 0.707572 0.346680 0.702350 0.345703 0.701044 0.342773 0.691906 0.337891 0.685379 0.336914 0.685379
0 0.334961 0.644909 0.332031 0.644909 0.331055 0.643603 0.328125 0.643603 0.326172 0.640992 0.326172 0.639687 0.323242 0.637076 0.319336 0.637076 0.318359 0.638381 0.315430 0.638381 0.314453 0.639687 0.312500 0.639687 0.307617 0.646214 0.307617 0.647520 0.304688 0.651436 0.304688 0.652742 0.303711 0.654047 0.303711 0.655352 0.302734 0.656658 0.302734 0.657963 0.299805 0.664491 0.299805 0.665796 0.300781 0.667102 0.301758 0.671018 0.303711 0.673629 0.303711 0.674935 0.306641 0.678851 0.307617 0.678851 0.308594 0.680157 0.310547 0.680157 0.313477 0.677546 0.319336 0.677546 0.320312 0.676240 0.324219 0.676240 0.325195 0.674935 0.326172 0.674935 0.330078 0.668407 0.330078 0.667102 0.331055 0.665796 0.332031 0.661880 0.334961 0.657963 0.334961 0.655352 0.335938 0.654047 0.335938 0.647520 0.334961 0.646214
0 0.258789 0.637076 0.258789 0.638381 0.255859 0.644909 0.255859 0.650131 0.254883 0.651436 0.254883 0.660574 0.256836 0.664491 0.256836 0.667102 0.257812 0.668407 0.258789 0.672324 0.260742 0.672324 0.261719 0.671018 0.265625 0.671018 0.266602 0.669713 0.274414 0.669713 0.275391 0.668407 0.282227 0.668407 0.283203 0.667102 0.287109 0.667102 0.288086 0.665796 0.290039 0.665796 0.291016 0.664491 0.291992 0.664491 0.291992 0.663185 0.292969 0.661880 0.292969 0.657963 0.293945 0.656658 0.293945 0.650131 0.292969 0.648825 0.292969 0.642298 0.291992 0.640992 0.291992 0.638381 0.291016 0.637076 0.284180 0.637076 0.283203 0.638381 0.273438 0.638381 0.272461 0.637076
0 0.258789 0.595300 0.257812 0.596606 0.257812 0.599217 0.256836 0.600522 0.256836 0.613577 0.255859 0.614883 0.255859 0.620104 0.256836 0.621410 0.256836 0.625326 0.257812 0.626632 0.257812 0.633159 0.259766 0.635770 0.266602 0.635770 0.267578 0.637076 0.273438 0.637076 0.274414 0.638381 0.281250 0.638381 0.282227 0.637076 0.284180 0.637076 0.285156 0.635770 0.288086 0.635770 0.290039 0.633159 0.290039 0.630548 0.291016 0.629243 0.291016 0.618799 0.290039 0.617493 0.290039 0.603133 0.289062 0.601828 0.289062 0.600522 0.286133 0.596606 0.285156 0.596606 0.282227 0.593995 0.280273 0.593995 0.279297 0.592689 0.275391 0.592689 0.274414 0.591384 0.271484 0.591384 0.270508 0.590078 0.269531 0.590078 0.268555 0.591384 0.264648 0.591384 0.263672 0.592689
0 0.324219 0.582245 0.322266 0.582245 0.321289 0.580940 0.319336 0.580940 0.318359 0.579634 0.308594 0.579634 0.307617 0.580940 0.305664 0.580940 0.302734 0.583551 0.300781 0.583551 0.298828 0.586162 0.297852 0.586162 0.296875 0.587467 0.296875 0.590078 0.295898 0.591384 0.295898 0.622715 0.297852 0.626632 0.299805 0.626632 0.300781 0.627937 0.303711 0.627937 0.304688 0.629243 0.307617 0.629243 0.308594 0.627937 0.313477 0.627937 0.314453 0.626632 0.316406 0.626632 0.317383 0.625326 0.320312 0.624021 0.322266 0.621410 0.323242 0.621410 0.324219 0.620104 0.324219 0.618799 0.325195 0.617493 0.325195 0.592689 0.326172 0.591384 0.326172 0.586162
0 0.360352 0.605744 0.357422 0.607050 0.354492 0.603133 0.353516 0.603133 0.350586 0.600522 0.346680 0.600522 0.345703 0.599217 0.340820 0.599217 0.339844 0.600522 0.335938 0.600522 0.332031 0.605744 0.331055 0.609661 0.328125 0.613577 0.328125 0.614883 0.327148 0.616188 0.327148 0.638381 0.328125 0.639687 0.328125 0.640992 0.329102 0.642298 0.332031 0.642298 0.333008 0.643603 0.338867 0.643603 0.339844 0.642298 0.344727 0.642298 0.345703 0.640992 0.346680 0.640992 0.348633 0.638381 0.349609 0.638381 0.350586 0.637076 0.353516 0.635770 0.354492 0.634465 0.355469 0.630548 0.357422 0.627937 0.357422 0.626632 0.360352 0.622715 0.360352 0.620104 0.361328 0.618799 0.361328 0.616188 0.360352 0.614883 0.360352 0.610966 0.361328 0.609661 0.361328 0.608355 0.360352 0.607050
0 0.357422 0.638381 0.357422 0.640992 0.356445 0.642298 0.356445 0.644909 0.358398 0.647520 0.358398 0.650131 0.360352 0.652742 0.361328 0.652742 0.364258 0.656658 0.365234 0.656658 0.368164 0.659269 0.370117 0.659269 0.371094 0.660574 0.375977 0.660574 0.376953 0.661880 0.379883 0.661880 0.380859 0.663185 0.381836 0.661880 0.384766 0.661880 0.385742 0.660574 0.389648 0.660574 0.390625 0.659269 0.393555 0.657963 0.393555 0.656658 0.395508 0.652742 0.395508 0.648825 0.396484 0.647520 0.396484 0.634465 0.395508 0.633159 0.395508 0.627937 0.392578 0.627937 0.392578 0.629243 0.394531 0.631854 0.394531 0.633159 0.392578 0.635770 0.391602 0.635770 0.390625 0.634465 0.388672 0.634465 0.383789 0.630548 0.381836 0.630548 0.378906 0.627937 0.375977 0.627937 0.375000 0.626632 0.369141 0.626632 0.366211 0.630548 0.361328 0.633159
0 0.373047 0.664491 0.368164 0.664491 0.368164 0.665796 0.366211 0.668407 0.362305 0.668407 0.360352 0.671018 0.358398 0.671018 0.357422 0.672324 0.354492 0.672324 0.350586 0.677546 0.349609 0.677546 0.348633 0.678851 0.348633 0.680157 0.346680 0.684073 0.346680 0.691906 0.347656 0.693211 0.347656 0.695822 0.349609 0.698433 0.349609 0.699739 0.351562 0.702350 0.352539 0.706266 0.355469 0.710183 0.355469 0.711488 0.358398 0.714099 0.360352 0.714099 0.361328 0.715405 0.365234 0.715405 0.366211 0.714099 0.369141 0.712794 0.371094 0.710183 0.372070 0.710183 0.373047 0.708877 0.373047 0.707572 0.376953 0.702350 0.376953 0.701044 0.378906 0.698433 0.378906 0.697128 0.381836 0.690601 0.381836 0.687990 0.382812 0.686684 0.382812 0.681462 0.383789 0.680157 0.383789 0.674935 0.381836 0.672324 0.381836 0.671018 0.380859 0.669713 0.379883 0.669713 0.378906 0.668407 0.375977 0.668407
0 0.359375 0.727154 0.359375 0.728460 0.358398 0.729765 0.358398 0.732376 0.357422 0.733681 0.357422 0.742820 0.358398 0.744125 0.358398 0.745431 0.359375 0.746736 0.360352 0.750653 0.361328 0.750653 0.362305 0.751958 0.364258 0.751958 0.365234 0.753264 0.366211 0.753264 0.368164 0.755875 0.373047 0.755875 0.374023 0.757180 0.382812 0.757180 0.383789 0.755875 0.386719 0.755875 0.387695 0.754569 0.390625 0.753264 0.393555 0.749347 0.393555 0.748042 0.394531 0.746736 0.394531 0.741514 0.395508 0.740209 0.395508 0.728460 0.393555 0.725849 0.391602 0.725849 0.390625 0.724543 0.388672 0.724543 0.387695 0.723238 0.385742 0.725849 0.385742 0.727154 0.384766 0.728460 0.382812 0.725849 0.379883 0.725849 0.375000 0.721932 0.373047 0.721932 0.372070 0.720627 0.371094 0.720627 0.369141 0.718016 0.367188 0.720627 0.364258 0.721932 0.361328 0.725849 0.360352 0.725849
0 0.396484 0.716710 0.396484 0.718016 0.397461 0.719321 0.397461 0.720627 0.398438 0.721932 0.398438 0.723238 0.399414 0.724543 0.400391 0.728460 0.403320 0.732376 0.403320 0.734987 0.404297 0.736292 0.404297 0.737598 0.407227 0.741514 0.410156 0.741514 0.411133 0.742820 0.414062 0.742820 0.415039 0.741514 0.418945 0.741514 0.419922 0.740209 0.420898 0.740209 0.424805 0.734987 0.424805 0.733681 0.431641 0.724543 0.431641 0.723238 0.433594 0.720627 0.434570 0.720627 0.437500 0.718016 0.437500 0.715405 0.435547 0.711488 0.434570 0.711488 0.430664 0.706266 0.429688 0.706266 0.426758 0.703655 0.424805 0.703655 0.423828 0.702350 0.415039 0.702350 0.414062 0.703655 0.409180 0.703655 0.408203 0.702350 0.407227 0.703655 0.404297 0.703655 0.401367 0.707572 0.401367 0.708877 0.398438 0.712794 0.398438 0.714099
0 0.434570 0.669713 0.433594 0.669713 0.432617 0.668407 0.430664 0.668407 0.427734 0.672324 0.420898 0.672324 0.419922 0.671018 0.407227 0.671018 0.406250 0.672324 0.405273 0.672324 0.401367 0.677546 0.401367 0.678851 0.400391 0.680157 0.400391 0.682768 0.399414 0.684073 0.399414 0.686684 0.400391 0.687990 0.400391 0.691906 0.401367 0.693211 0.401367 0.694517 0.405273 0.699739 0.406250 0.699739 0.407227 0.701044 0.409180 0.701044 0.410156 0.699739 0.423828 0.699739 0.424805 0.698433 0.427734 0.698433 0.428711 0.697128 0.431641 0.695822 0.433594 0.693211 0.433594 0.690601 0.434570 0.689295 0.434570 0.685379 0.435547 0.684073 0.435547 0.673629 0.434570 0.672324
0 0.374023 0.570496 0.371094 0.574413 0.370117 0.578329 0.367188 0.582245 0.367188 0.592689 0.370117 0.596606 0.373047 0.597911 0.375000 0.600522 0.375977 0.600522 0.379883 0.605744 0.382812 0.607050 0.384766 0.609661 0.385742 0.609661 0.386719 0.610966 0.392578 0.610966 0.396484 0.605744 0.397461 0.605744 0.398438 0.604439 0.398438 0.603133 0.399414 0.601828 0.399414 0.600522 0.401367 0.597911 0.401367 0.596606 0.398438 0.592689 0.396484 0.592689 0.393555 0.590078 0.391602 0.590078 0.387695 0.584856 0.385742 0.584856 0.382812 0.580940 0.382812 0.579634 0.381836 0.578329 0.381836 0.575718 0.380859 0.574413 0.380859 0.571802 0.379883 0.571802 0.376953 0.569191
0 0.400391 0.601828 0.400391 0.608355 0.401367 0.609661 0.401367 0.610966 0.404297 0.614883 0.405273 0.614883 0.406250 0.616188 0.408203 0.616188 0.409180 0.617493 0.411133 0.617493 0.412109 0.618799 0.415039 0.618799 0.416016 0.620104 0.419922 0.620104 0.420898 0.621410 0.423828 0.621410 0.423828 0.620104 0.424805 0.618799 0.424805 0.614883 0.425781 0.613577 0.425781 0.612272 0.427734 0.609661 0.427734 0.608355 0.428711 0.607050 0.428711 0.605744 0.429688 0.604439 0.429688 0.600522 0.427734 0.597911 0.423828 0.597911 0.422852 0.596606 0.418945 0.596606 0.417969 0.595300 0.409180 0.595300 0.408203 0.596606 0.406250 0.596606 0.405273 0.597911 0.404297 0.597911 0.402344 0.600522 0.401367 0.600522
0 0.393555 0.558747 0.393555 0.560052 0.390625 0.563969 0.390625 0.567885 0.389648 0.569191 0.389648 0.574413 0.390625 0.575718 0.391602 0.579634 0.392578 0.579634 0.394531 0.582245 0.396484 0.582245 0.400391 0.587467 0.402344 0.587467 0.403320 0.588773 0.404297 0.588773 0.407227 0.592689 0.407227 0.593995 0.421875 0.593995 0.427734 0.584856 0.427734 0.583551 0.428711 0.582245 0.428711 0.565274 0.426758 0.561358 0.418945 0.561358 0.417969 0.560052 0.415039 0.558747 0.413086 0.556136 0.412109 0.556136 0.411133 0.554830 0.404297 0.554830 0.403320 0.553525 0.400391 0.553525 0.399414 0.554830 0.397461 0.554830 0.395508 0.557441 0.394531 0.557441
0 0.423828 0.592689 0.424805 0.593995 0.425781 0.593995 0.428711 0.596606 0.430664 0.596606 0.431641 0.597911 0.438477 0.597911 0.439453 0.596606 0.440430 0.596606 0.441406 0.595300 0.442383 0.595300 0.444336 0.592689 0.445312 0.592689 0.447266 0.590078 0.448242 0.590078 0.449219 0.588773 0.451172 0.588773 0.452148 0.587467 0.454102 0.587467 0.455078 0.586162 0.455078 0.578329 0.454102 0.577023 0.454102 0.573107 0.451172 0.569191 0.447266 0.569191 0.446289 0.567885 0.444336 0.567885 0.443359 0.566580 0.441406 0.566580 0.439453 0.563969 0.437500 0.563969 0.436523 0.562663 0.432617 0.562663 0.431641 0.561358 0.429688 0.563969 0.429688 0.579634 0.428711 0.580940 0.428711 0.584856 0.427734 0.586162 0.427734 0.587467
0 0.344727 0.507833 0.339844 0.507833 0.338867 0.509138 0.333984 0.510444 0.328125 0.515666 0.323242 0.516971 0.321289 0.519582 0.317383 0.522193 0.314453 0.526110 0.313477 0.528721 0.313477 0.531332 0.311523 0.533943 0.311523 0.544386 0.313477 0.549608 0.318359 0.557441 0.319336 0.557441 0.323242 0.562663 0.325195 0.563969 0.331055 0.563969 0.340820 0.557441 0.342773 0.557441 0.347656 0.553525 0.349609 0.553525 0.351562 0.550914 0.353516 0.549608 0.355469 0.549608 0.358398 0.544386 0.357422 0.541775 0.357422 0.535248 0.354492 0.527415 0.352539 0.524804 0.352539 0.519582 0.350586 0.516971 0.349609 0.513055 0.347656 0.511749
0 0.361328 0.505222 0.359375 0.510444 0.359375 0.513055 0.358398 0.514360 0.358398 0.523499 0.359375 0.524804 0.359375 0.537859 0.360352 0.539164 0.360352 0.541775 0.361328 0.544386 0.366211 0.546997 0.368164 0.549608 0.380859 0.549608 0.381836 0.548303 0.383789 0.548303 0.387695 0.545692 0.391602 0.545692 0.392578 0.544386 0.394531 0.544386 0.395508 0.543081 0.400391 0.541775 0.404297 0.536554 0.404297 0.531332 0.399414 0.524804 0.399414 0.523499 0.397461 0.520888 0.396484 0.511749 0.392578 0.505222 0.390625 0.505222 0.389648 0.503916 0.385742 0.503916 0.384766 0.502611 0.381836 0.502611 0.380859 0.501305 0.375977 0.502611 0.374023 0.501305 0.372070 0.498695 0.372070 0.497389 0.371094 0.498695 0.368164 0.498695 0.366211 0.501305 0.364258 0.501305
0 0.447266 0.503916 0.446289 0.502611 0.444336 0.496084 0.440430 0.490862 0.439453 0.490862 0.436523 0.488251 0.431641 0.486945 0.430664 0.485640 0.425781 0.489556 0.423828 0.489556 0.422852 0.490862 0.420898 0.490862 0.419922 0.492167 0.416992 0.492167 0.416016 0.490862 0.414062 0.490862 0.413086 0.492167 0.406250 0.492167 0.405273 0.490862 0.404297 0.490862 0.401367 0.497389 0.401367 0.506527 0.402344 0.507833 0.402344 0.509138 0.401367 0.510444 0.401367 0.519582 0.405273 0.524804 0.406250 0.524804 0.410156 0.528721 0.411133 0.528721 0.412109 0.530026 0.414062 0.530026 0.415039 0.531332 0.419922 0.531332 0.420898 0.530026 0.425781 0.530026 0.432617 0.524804 0.434570 0.524804 0.436523 0.522193 0.437500 0.522193 0.443359 0.514360 0.444336 0.514360 0.447266 0.509138
0 0.446289 0.515666 0.445312 0.516971 0.443359 0.516971 0.442383 0.518277 0.441406 0.518277 0.435547 0.526110 0.434570 0.526110 0.432617 0.528721 0.431641 0.528721 0.428711 0.531332 0.426758 0.531332 0.424805 0.535248 0.425781 0.536554 0.425781 0.539164 0.429688 0.544386 0.429688 0.545692 0.431641 0.548303 0.431641 0.549608 0.433594 0.552219 0.433594 0.553525 0.437500 0.560052 0.438477 0.560052 0.442383 0.565274 0.444336 0.565274 0.445312 0.566580 0.450195 0.566580 0.451172 0.565274 0.454102 0.563969 0.456055 0.561358 0.456055 0.560052 0.457031 0.558747 0.458984 0.552219 0.460938 0.549608 0.460938 0.546997 0.461914 0.545692 0.461914 0.536554 0.462891 0.535248 0.464844 0.528721 0.462891 0.526110 0.460938 0.526110 0.459961 0.524804 0.457031 0.524804 0.456055 0.523499 0.453125 0.522193 0.449219 0.516971
0 0.455078 0.475196 0.450195 0.483029 0.450195 0.485640 0.449219 0.486945 0.449219 0.489556 0.448242 0.490862 0.448242 0.496084 0.449219 0.497389 0.449219 0.505222 0.450195 0.506527 0.450195 0.509138 0.451172 0.510444 0.453125 0.516971 0.454102 0.516971 0.455078 0.518277 0.455078 0.519582 0.458984 0.523499 0.463867 0.523499 0.464844 0.524804 0.468750 0.524804 0.469727 0.526110 0.470703 0.526110 0.473633 0.523499 0.478516 0.522193 0.481445 0.519582 0.483398 0.519582 0.484375 0.518277 0.484375 0.510444 0.483398 0.509138 0.484375 0.502611 0.483398 0.501305 0.483398 0.493473 0.482422 0.492167 0.482422 0.486945 0.481445 0.485640 0.481445 0.481723 0.480469 0.480418 0.480469 0.479112 0.475586 0.475196 0.473633 0.475196 0.472656 0.473890 0.469727 0.473890 0.468750 0.472585 0.464844 0.472585 0.463867 0.471279 0.461914 0.471279 0.460938 0.472585 0.458984 0.472585 0.458008 0.473890
0 0.404297 0.421671 0.402344 0.425587 0.405273 0.430809 0.405273 0.434726 0.403320 0.438642 0.403320 0.445170 0.404297 0.446475 0.404297 0.458225 0.407227 0.462141 0.410156 0.463446 0.415039 0.468668 0.418945 0.469974 0.420898 0.472585 0.426758 0.476501 0.428711 0.476501 0.432617 0.479112 0.437500 0.479112 0.439453 0.477807 0.441406 0.472585 0.441406 0.469974 0.442383 0.468668 0.443359 0.460836 0.445312 0.456919 0.445312 0.438642 0.446289 0.437337 0.446289 0.433420 0.445312 0.430809 0.442383 0.426893 0.439453 0.426893 0.436523 0.421671 0.432617 0.420366 0.431641 0.419060 0.429688 0.419060 0.426758 0.415144 0.425781 0.416449 0.414062 0.415144 0.412109 0.420366 0.410156 0.419060 0.407227 0.419060 0.405273 0.421671
0 0.518555 0.411227 0.514648 0.416449 0.512695 0.422977 0.508789 0.429504 0.508789 0.436031 0.509766 0.437337 0.509766 0.439948 0.513672 0.445170 0.514648 0.445170 0.515625 0.446475 0.517578 0.446475 0.520508 0.449086 0.524414 0.449086 0.525391 0.450392 0.531250 0.450392 0.532227 0.449086 0.533203 0.449086 0.534180 0.447781 0.536133 0.447781 0.537109 0.446475 0.541016 0.446475 0.542969 0.443864 0.545898 0.442559 0.551758 0.434726 0.551758 0.433420 0.552734 0.432115 0.552734 0.428198 0.551758 0.426893 0.551758 0.425587 0.545898 0.417755 0.540039 0.415144 0.538086 0.411227 0.537109 0.411227 0.532227 0.406005 0.526367 0.406005 0.525391 0.407311 0.523438 0.407311 0.522461 0.408616 0.521484 0.408616 0.519531 0.411227
0 0.585938 0.428198 0.583984 0.428198 0.583008 0.426893 0.581055 0.426893 0.580078 0.425587 0.577148 0.425587 0.576172 0.424282 0.574219 0.424282 0.573242 0.425587 0.570312 0.426893 0.570312 0.428198 0.568359 0.432115 0.566406 0.432115 0.565430 0.433420 0.563477 0.433420 0.562500 0.434726 0.561523 0.434726 0.560547 0.436031 0.558594 0.436031 0.557617 0.437337 0.552734 0.437337 0.551758 0.438642 0.551758 0.439948 0.549805 0.442559 0.549805 0.443864 0.547852 0.446475 0.548828 0.447781 0.548828 0.456919 0.551758 0.460836 0.552734 0.460836 0.554688 0.463446 0.555664 0.463446 0.557617 0.466057 0.558594 0.466057 0.560547 0.468668 0.561523 0.468668 0.562500 0.469974 0.564453 0.469974 0.565430 0.468668 0.567383 0.468668 0.568359 0.467363 0.574219 0.467363 0.575195 0.466057 0.578125 0.464752 0.583984 0.456919 0.583984 0.455614 0.585938 0.453003 0.585938 0.451697 0.589844 0.445170 0.589844 0.442559 0.590820 0.441253 0.590820 0.436031 0.589844 0.434726 0.589844 0.433420
0 0.516602 0.450392 0.515625 0.451697 0.515625 0.455614 0.512695 0.459530 0.511719 0.463446 0.509766 0.466057 0.509766 0.469974 0.508789 0.471279 0.508789 0.473890 0.509766 0.475196 0.509766 0.477807 0.508789 0.479112 0.508789 0.500000 0.510742 0.501305 0.512695 0.501305 0.513672 0.502611 0.519531 0.502611 0.520508 0.503916 0.530273 0.503916 0.531250 0.502611 0.534180 0.502611 0.535156 0.501305 0.537109 0.501305 0.540039 0.497389 0.540039 0.496084 0.542969 0.492167 0.543945 0.492167 0.544922 0.485640 0.548828 0.476501 0.548828 0.467363 0.547852 0.466057 0.546875 0.459530 0.544922 0.456919 0.544922 0.455614 0.543945 0.455614 0.541992 0.453003 0.541016 0.450392 0.534180 0.450392 0.531250 0.453003 0.528320 0.453003 0.525391 0.455614 0.522461 0.455614 0.521484 0.456919 0.519531 0.455614 0.520508 0.454308 0.520508 0.451697 0.518555 0.451697
0 0.529297 0.505222 0.523438 0.505222 0.522461 0.503916 0.514648 0.503916 0.513672 0.502611 0.510742 0.502611 0.509766 0.501305 0.506836 0.501305 0.505859 0.502611 0.504883 0.502611 0.502930 0.506527 0.502930 0.510444 0.500977 0.513055 0.500977 0.514360 0.500000 0.515666 0.500000 0.516971 0.498047 0.520888 0.498047 0.523499 0.497070 0.524804 0.497070 0.527415 0.496094 0.528721 0.496094 0.533943 0.498047 0.536554 0.500977 0.537859 0.504883 0.543081 0.509766 0.543081 0.512695 0.539164 0.513672 0.539164 0.514648 0.537859 0.517578 0.536554 0.519531 0.533943 0.520508 0.533943 0.527344 0.524804 0.527344 0.523499 0.528320 0.522193 0.528320 0.519582 0.529297 0.518277 0.529297 0.513055 0.530273 0.511749 0.530273 0.506527
0 0.544922 0.528721 0.544922 0.530026 0.546875 0.533943 0.544922 0.536554 0.541992 0.536554 0.541016 0.537859 0.540039 0.537859 0.534180 0.544386 0.534180 0.546997 0.533203 0.548303 0.533203 0.549608 0.535156 0.552219 0.535156 0.553525 0.536133 0.554830 0.536133 0.561358 0.542969 0.569191 0.543945 0.569191 0.548828 0.573107 0.550781 0.573107 0.551758 0.574413 0.553711 0.574413 0.554688 0.575718 0.558594 0.575718 0.559570 0.577023 0.560547 0.575718 0.562500 0.575718 0.566406 0.570496 0.567383 0.566580 0.569336 0.563969 0.569336 0.562663 0.572266 0.556136 0.572266 0.553525 0.571289 0.552219 0.571289 0.548303 0.570312 0.546997 0.570312 0.544386 0.567383 0.540470 0.565430 0.540470 0.562500 0.537859 0.559570 0.537859 0.558594 0.536554 0.556641 0.536554 0.551758 0.531332 0.550781 0.531332 0.547852 0.528721
0 0.474609 0.577023 0.474609 0.584856 0.475586 0.586162 0.475586 0.588773 0.477539 0.592689 0.478516 0.592689 0.479492 0.593995 0.482422 0.593995 0.487305 0.597911 0.492188 0.597911 0.493164 0.599217 0.502930 0.599217 0.503906 0.597911 0.504883 0.597911 0.507812 0.593995 0.507812 0.592689 0.513672 0.584856 0.513672 0.583551 0.514648 0.582245 0.514648 0.579634 0.515625 0.578329 0.515625 0.569191 0.513672 0.566580 0.510742 0.566580 0.509766 0.567885 0.508789 0.567885 0.507812 0.566580 0.505859 0.566580 0.504883 0.565274 0.501953 0.565274 0.499023 0.562663 0.496094 0.562663 0.495117 0.561358 0.488281 0.561358 0.487305 0.562663 0.485352 0.562663 0.483398 0.565274 0.482422 0.565274 0.480469 0.567885 0.480469 0.569191
0 0.525391 0.596606 0.522461 0.596606 0.521484 0.595300 0.520508 0.595300 0.519531 0.596606 0.516602 0.596606 0.515625 0.597911 0.508789 0.597911 0.507812 0.599217 0.505859 0.599217 0.499023 0.607050 0.499023 0.608355 0.498047 0.609661 0.497070 0.613577 0.495117 0.616188 0.495117 0.618799 0.494141 0.620104 0.494141 0.622715 0.493164 0.624021 0.493164 0.627937 0.494141 0.629243 0.495117 0.633159 0.499023 0.638381 0.505859 0.638381 0.506836 0.637076 0.508789 0.637076 0.509766 0.635770 0.512695 0.635770 0.513672 0.634465 0.516602 0.634465 0.517578 0.633159 0.519531 0.633159 0.520508 0.631854 0.521484 0.631854 0.526367 0.625326 0.526367 0.624021 0.527344 0.622715 0.527344 0.620104 0.528320 0.618799 0.528320 0.601828 0.527344 0.600522 0.527344 0.599217
0 0.477539 0.597911 0.477539 0.600522 0.474609 0.604439 0.473633 0.604439 0.471680 0.607050 0.470703 0.607050 0.467773 0.609661 0.463867 0.609661 0.462891 0.610966 0.459961 0.610966 0.458984 0.612272 0.458008 0.612272 0.457031 0.610966 0.451172 0.610966 0.448242 0.613577 0.448242 0.617493 0.451172 0.624021 0.451172 0.629243 0.454102 0.635770 0.455078 0.642298 0.457031 0.644909 0.458984 0.651436 0.461914 0.655352 0.465820 0.655352 0.466797 0.654047 0.468750 0.654047 0.473633 0.650131 0.476562 0.650131 0.478516 0.647520 0.478516 0.646214 0.482422 0.637076 0.482422 0.633159 0.484375 0.629243 0.484375 0.625326 0.485352 0.624021 0.485352 0.620104 0.486328 0.618799 0.486328 0.616188 0.485352 0.614883 0.485352 0.613577 0.482422 0.609661 0.482422 0.608355 0.481445 0.607050 0.481445 0.603133 0.480469 0.603133
0 0.470703 0.669713 0.468750 0.669713 0.467773 0.671018 0.462891 0.671018 0.461914 0.672324 0.456055 0.672324 0.455078 0.673629 0.454102 0.673629 0.453125 0.674935 0.452148 0.674935 0.449219 0.678851 0.449219 0.682768 0.448242 0.684073 0.448242 0.686684 0.447266 0.687990 0.447266 0.690601 0.446289 0.691906 0.446289 0.697128 0.445312 0.698433 0.445312 0.704961 0.446289 0.706266 0.446289 0.707572 0.448242 0.707572 0.449219 0.708877 0.455078 0.708877 0.456055 0.707572 0.461914 0.707572 0.462891 0.706266 0.463867 0.706266 0.464844 0.704961 0.465820 0.704961 0.467773 0.702350 0.467773 0.701044 0.468750 0.699739 0.468750 0.698433 0.469727 0.697128 0.469727 0.695822 0.472656 0.691906 0.472656 0.690601 0.474609 0.686684 0.474609 0.684073 0.475586 0.682768 0.475586 0.680157 0.474609 0.678851 0.474609 0.676240 0.473633 0.674935 0.473633 0.673629
0 0.511719 0.639687 0.505859 0.639687 0.504883 0.640992 0.497070 0.640992 0.496094 0.642298 0.494141 0.642298 0.493164 0.643603 0.490234 0.643603 0.489258 0.644909 0.487305 0.644909 0.485352 0.647520 0.482422 0.647520 0.481445 0.648825 0.481445 0.652742 0.483398 0.655352 0.482422 0.656658 0.482422 0.661880 0.483398 0.663185 0.483398 0.674935 0.484375 0.676240 0.484375 0.677546 0.486328 0.680157 0.487305 0.680157 0.488281 0.681462 0.491211 0.681462 0.492188 0.682768 0.494141 0.682768 0.495117 0.684073 0.502930 0.684073 0.503906 0.682768 0.505859 0.682768 0.507812 0.680157 0.508789 0.680157 0.511719 0.677546 0.511719 0.676240 0.513672 0.673629 0.513672 0.672324 0.514648 0.671018 0.514648 0.669713 0.512695 0.665796 0.512695 0.664491 0.513672 0.663185 0.513672 0.660574 0.514648 0.659269 0.514648 0.646214
0 0.553711 0.635770 0.552734 0.634465 0.542969 0.634465 0.541992 0.635770 0.537109 0.635770 0.536133 0.637076 0.534180 0.637076 0.533203 0.638381 0.532227 0.638381 0.526367 0.646214 0.526367 0.647520 0.524414 0.650131 0.522461 0.650131 0.521484 0.648825 0.521484 0.650131 0.520508 0.651436 0.520508 0.655352 0.519531 0.656658 0.519531 0.661880 0.520508 0.663185 0.520508 0.668407 0.521484 0.669713 0.521484 0.673629 0.522461 0.674935 0.523438 0.674935 0.524414 0.676240 0.526367 0.676240 0.527344 0.677546 0.532227 0.677546 0.533203 0.676240 0.549805 0.676240 0.550781 0.674935 0.551758 0.674935 0.554688 0.671018 0.554688 0.664491 0.556641 0.660574 0.556641 0.656658 0.557617 0.655352 0.557617 0.648825 0.556641 0.647520 0.556641 0.643603 0.554688 0.640992 0.554688 0.638381 0.553711 0.637076
0 0.565430 0.646214 0.564453 0.647520 0.563477 0.647520 0.561523 0.650131 0.561523 0.651436 0.560547 0.652742 0.560547 0.655352 0.558594 0.659269 0.558594 0.663185 0.557617 0.664491 0.557617 0.671018 0.560547 0.674935 0.560547 0.676240 0.563477 0.680157 0.563477 0.681462 0.564453 0.682768 0.566406 0.682768 0.567383 0.684073 0.569336 0.684073 0.570312 0.685379 0.572266 0.685379 0.575195 0.687990 0.579102 0.687990 0.580078 0.686684 0.581055 0.686684 0.582031 0.682768 0.586914 0.676240 0.586914 0.674935 0.589844 0.671018 0.589844 0.669713 0.590820 0.668407 0.590820 0.667102 0.591797 0.665796 0.591797 0.664491 0.592773 0.663185 0.593750 0.659269 0.592773 0.657963 0.591797 0.654047 0.586914 0.647520 0.585938 0.647520 0.584961 0.646214 0.582031 0.646214 0.581055 0.644909 0.569336 0.644909 0.568359 0.646214
0 0.598633 0.656658 0.595703 0.660574 0.595703 0.663185 0.594727 0.664491 0.594727 0.665796 0.591797 0.669713 0.591797 0.672324 0.590820 0.673629 0.590820 0.676240 0.591797 0.677546 0.592773 0.681462 0.593750 0.682768 0.596680 0.684073 0.600586 0.689295 0.601562 0.689295 0.602539 0.690601 0.604492 0.690601 0.605469 0.691906 0.609375 0.691906 0.610352 0.690601 0.620117 0.690601 0.621094 0.689295 0.621094 0.687990 0.623047 0.685379 0.623047 0.684073 0.624023 0.682768 0.624023 0.680157 0.625977 0.676240 0.625977 0.671018 0.626953 0.669713 0.626953 0.660574 0.622070 0.654047 0.620117 0.654047 0.619141 0.652742 0.608398 0.652742 0.607422 0.654047 0.602539 0.654047 0.601562 0.655352
0 0.637695 0.695822 0.635742 0.695822 0.633789 0.693211 0.633789 0.691906 0.632812 0.690601 0.631836 0.690601 0.629883 0.687990 0.625000 0.687990 0.620117 0.691906 0.610352 0.691906 0.609375 0.693211 0.607422 0.693211 0.606445 0.694517 0.605469 0.694517 0.601562 0.702350 0.601562 0.704961 0.600586 0.706266 0.600586 0.708877 0.601562 0.710183 0.601562 0.712794 0.604492 0.719321 0.604492 0.723238 0.605469 0.724543 0.605469 0.727154 0.606445 0.728460 0.606445 0.729765 0.609375 0.732376 0.611328 0.732376 0.614258 0.729765 0.619141 0.729765 0.620117 0.731070 0.623047 0.731070 0.624023 0.729765 0.625000 0.729765 0.626953 0.725849 0.626953 0.723238 0.627930 0.721932 0.627930 0.719321 0.629883 0.715405 0.629883 0.712794 0.630859 0.711488 0.630859 0.708877 0.631836 0.707572 0.631836 0.706266 0.635742 0.701044 0.635742 0.699739 0.637695 0.697128
0 0.656250 0.627937 0.655273 0.626632 0.654297 0.622715 0.650391 0.617493 0.647461 0.617493 0.646484 0.616188 0.645508 0.616188 0.643555 0.618799 0.642578 0.618799 0.641602 0.620104 0.638672 0.620104 0.637695 0.621410 0.636719 0.621410 0.635742 0.622715 0.634766 0.622715 0.631836 0.625326 0.625000 0.625326 0.622070 0.629243 0.619141 0.629243 0.618164 0.630548 0.618164 0.633159 0.617188 0.634465 0.617188 0.640992 0.618164 0.642298 0.618164 0.643603 0.625000 0.652742 0.625977 0.652742 0.626953 0.654047 0.629883 0.654047 0.630859 0.652742 0.632812 0.652742 0.633789 0.651436 0.636719 0.651436 0.637695 0.650131 0.640625 0.648825 0.644531 0.643603 0.647461 0.642298 0.655273 0.631854
0 0.648438 0.650131 0.642578 0.650131 0.641602 0.651436 0.640625 0.651436 0.637695 0.654047 0.635742 0.654047 0.633789 0.656658 0.632812 0.656658 0.629883 0.660574 0.629883 0.661880 0.628906 0.663185 0.628906 0.671018 0.627930 0.672324 0.627930 0.680157 0.630859 0.684073 0.631836 0.684073 0.632812 0.685379 0.635742 0.686684 0.638672 0.690601 0.639648 0.690601 0.640625 0.691906 0.645508 0.691906 0.646484 0.690601 0.649414 0.690601 0.650391 0.689295 0.652344 0.689295 0.653320 0.687990 0.656250 0.686684 0.658203 0.684073 0.658203 0.681462 0.659180 0.680157 0.659180 0.678851 0.661133 0.676240 0.661133 0.673629 0.660156 0.672324 0.660156 0.669713 0.658203 0.667102 0.658203 0.665796 0.657227 0.664491 0.657227 0.663185 0.656250 0.661880 0.655273 0.657963 0.650391 0.651436 0.649414 0.651436
0 0.677734 0.671018 0.672852 0.671018 0.671875 0.672324 0.669922 0.672324 0.666992 0.674935 0.664062 0.674935 0.663086 0.676240 0.662109 0.676240 0.660156 0.678851 0.660156 0.680157 0.659180 0.681462 0.659180 0.685379 0.658203 0.686684 0.658203 0.689295 0.657227 0.690601 0.657227 0.691906 0.655273 0.695822 0.655273 0.701044 0.657227 0.703655 0.659180 0.703655 0.660156 0.704961 0.663086 0.704961 0.664062 0.706266 0.668945 0.706266 0.669922 0.704961 0.673828 0.704961 0.674805 0.703655 0.675781 0.703655 0.677734 0.701044 0.681641 0.701044 0.682617 0.699739 0.683594 0.699739 0.685547 0.697128 0.685547 0.695822 0.684570 0.694517 0.684570 0.691906 0.683594 0.690601 0.683594 0.685379 0.681641 0.681462 0.681641 0.678851 0.680664 0.677546 0.680664 0.674935
0 0.707031 0.661880 0.702148 0.661880 0.701172 0.663185 0.700195 0.663185 0.699219 0.664491 0.698242 0.664491 0.697266 0.665796 0.695312 0.665796 0.693359 0.668407 0.691406 0.668407 0.690430 0.669713 0.689453 0.669713 0.688477 0.671018 0.687500 0.671018 0.686523 0.672324 0.684570 0.672324 0.683594 0.673629 0.682617 0.673629 0.682617 0.681462 0.683594 0.682768 0.683594 0.685379 0.684570 0.686684 0.684570 0.690601 0.686523 0.693211 0.690430 0.693211 0.691406 0.691906 0.695312 0.691906 0.696289 0.690601 0.698242 0.690601 0.699219 0.689295 0.700195 0.689295 0.701172 0.687990 0.701172 0.686684 0.703125 0.684073 0.704102 0.684073 0.705078 0.682768 0.706055 0.682768 0.707031 0.681462 0.708008 0.681462 0.710938 0.677546 0.710938 0.673629 0.708984 0.671018 0.708984 0.664491
0 0.742188 0.708877 0.734375 0.708877 0.728516 0.714099 0.726562 0.714099 0.725586 0.715405 0.723633 0.715405 0.722656 0.716710 0.720703 0.716710 0.719727 0.718016 0.718750 0.718016 0.718750 0.719321 0.717773 0.720627 0.717773 0.721932 0.715820 0.725849 0.715820 0.728460 0.717773 0.732376 0.717773 0.737598 0.719727 0.741514 0.719727 0.744125 0.722656 0.748042 0.728516 0.748042 0.729492 0.746736 0.731445 0.746736 0.737305 0.741514 0.740234 0.741514 0.741211 0.740209 0.743164 0.740209 0.746094 0.736292 0.747070 0.736292 0.749023 0.733681 0.749023 0.729765 0.750000 0.728460 0.750000 0.725849 0.749023 0.724543 0.749023 0.720627 0.748047 0.719321 0.747070 0.715405
0 0.667969 0.633159 0.667969 0.638381 0.668945 0.639687 0.668945 0.640992 0.669922 0.642298 0.672852 0.642298 0.673828 0.643603 0.673828 0.644909 0.674805 0.646214 0.674805 0.652742 0.675781 0.654047 0.675781 0.655352 0.677734 0.657963 0.680664 0.657963 0.681641 0.659269 0.690430 0.659269 0.691406 0.660574 0.693359 0.660574 0.694336 0.659269 0.699219 0.659269 0.702148 0.655352 0.702148 0.654047 0.703125 0.652742 0.704102 0.652742 0.708008 0.647520 0.708008 0.642298 0.707031 0.640992 0.707031 0.639687 0.702148 0.635770 0.700195 0.635770 0.697266 0.631854 0.697266 0.630548 0.696289 0.629243 0.696289 0.627937 0.694336 0.625326 0.694336 0.624021 0.689453 0.620104 0.688477 0.620104 0.683594 0.626632 0.682617 0.626632 0.681641 0.627937 0.672852 0.627937
0 0.670898 0.603133 0.666992 0.603133 0.666016 0.601828 0.663086 0.601828 0.662109 0.600522 0.656250 0.600522 0.655273 0.599217 0.654297 0.599217 0.649414 0.605744 0.648438 0.605744 0.647461 0.607050 0.647461 0.613577 0.648438 0.614883 0.648438 0.616188 0.650391 0.618799 0.651367 0.618799 0.654297 0.622715 0.654297 0.624021 0.653320 0.625326 0.653320 0.626632 0.652344 0.627937 0.652344 0.630548 0.653320 0.631854 0.657227 0.631854 0.659180 0.629243 0.660156 0.629243 0.662109 0.626632 0.663086 0.626632 0.666016 0.622715 0.666016 0.621410 0.667969 0.618799 0.667969 0.617493 0.669922 0.614883 0.669922 0.613577 0.671875 0.610966 0.671875 0.609661 0.672852 0.608355 0.672852 0.605744
0 0.664062 0.584856 0.663086 0.583551 0.663086 0.580940 0.662109 0.579634 0.661133 0.575718 0.658203 0.571802 0.654297 0.571802 0.651367 0.569191 0.649414 0.569191 0.647461 0.566580 0.646484 0.566580 0.645508 0.565274 0.642578 0.565274 0.641602 0.563969 0.640625 0.565274 0.636719 0.565274 0.632812 0.570496 0.632812 0.571802 0.626953 0.579634 0.626953 0.580940 0.624023 0.584856 0.624023 0.595300 0.626953 0.599217 0.627930 0.599217 0.628906 0.600522 0.630859 0.600522 0.631836 0.601828 0.639648 0.601828 0.640625 0.603133 0.643555 0.603133 0.645508 0.600522 0.646484 0.600522 0.647461 0.599217 0.648438 0.599217 0.649414 0.597911 0.650391 0.597911 0.651367 0.596606 0.654297 0.595300 0.657227 0.591384 0.658203 0.591384 0.659180 0.590078 0.662109 0.590078 0.663086 0.588773
0 0.600586 0.586162 0.597656 0.586162 0.596680 0.587467 0.595703 0.587467 0.593750 0.590078 0.592773 0.590078 0.589844 0.593995 0.588867 0.593995 0.586914 0.596606 0.585938 0.596606 0.584961 0.597911 0.584961 0.604439 0.583984 0.605744 0.583984 0.609661 0.583008 0.610966 0.583008 0.613577 0.581055 0.617493 0.581055 0.621410 0.580078 0.622715 0.580078 0.625326 0.579102 0.626632 0.579102 0.629243 0.583008 0.634465 0.583984 0.634465 0.584961 0.635770 0.597656 0.635770 0.598633 0.634465 0.600586 0.634465 0.601562 0.633159 0.601562 0.630548 0.602539 0.629243 0.603516 0.625326 0.605469 0.622715 0.605469 0.621410 0.607422 0.618799 0.607422 0.617493 0.608398 0.616188 0.608398 0.605744 0.609375 0.604439 0.609375 0.597911 0.607422 0.595300 0.607422 0.593995 0.602539 0.587467 0.601562 0.587467
0 0.538086 0.601828 0.538086 0.603133 0.536133 0.607050 0.536133 0.609661 0.534180 0.613577 0.534180 0.616188 0.533203 0.617493 0.533203 0.621410 0.534180 0.622715 0.534180 0.626632 0.535156 0.627937 0.535156 0.629243 0.537109 0.631854 0.537109 0.633159 0.538086 0.633159 0.539062 0.634465 0.541992 0.634465 0.542969 0.633159 0.547852 0.633159 0.548828 0.631854 0.553711 0.631854 0.554688 0.630548 0.559570 0.630548 0.560547 0.629243 0.565430 0.629243 0.566406 0.627937 0.567383 0.627937 0.569336 0.625326 0.569336 0.624021 0.572266 0.617493 0.572266 0.610966 0.571289 0.609661 0.571289 0.608355 0.568359 0.604439 0.567383 0.600522 0.564453 0.596606 0.564453 0.595300 0.558594 0.595300 0.557617 0.593995 0.554688 0.593995 0.553711 0.592689 0.547852 0.592689 0.544922 0.596606 0.543945 0.596606 0.541992 0.599217 0.540039 0.599217
0 0.592773 0.549608 0.590820 0.549608 0.589844 0.548303 0.586914 0.548303 0.583984 0.550914 0.582031 0.550914 0.581055 0.552219 0.578125 0.552219 0.577148 0.553525 0.575195 0.553525 0.575195 0.554830 0.571289 0.560052 0.571289 0.561358 0.570312 0.562663 0.570312 0.563969 0.568359 0.566580 0.567383 0.570496 0.563477 0.577023 0.564453 0.578329 0.564453 0.579634 0.567383 0.583551 0.568359 0.583551 0.572266 0.588773 0.573242 0.588773 0.579102 0.596606 0.582031 0.596606 0.583008 0.595300 0.585938 0.595300 0.586914 0.593995 0.587891 0.593995 0.589844 0.591384 0.590820 0.591384 0.596680 0.583551 0.596680 0.582245 0.597656 0.580940 0.597656 0.577023 0.598633 0.575718 0.598633 0.573107 0.599609 0.571802 0.599609 0.563969 0.598633 0.562663 0.598633 0.560052 0.597656 0.558747 0.597656 0.557441 0.594727 0.553525 0.594727 0.552219
0 0.594727 0.497389 0.591797 0.497389 0.590820 0.496084 0.586914 0.496084 0.585938 0.494778 0.583984 0.494778 0.583008 0.493473 0.579102 0.493473 0.573242 0.501305 0.570312 0.502611 0.568359 0.505222 0.566406 0.505222 0.565430 0.506527 0.563477 0.506527 0.562500 0.507833 0.560547 0.507833 0.559570 0.509138 0.560547 0.510444 0.560547 0.514360 0.558594 0.516971 0.558594 0.520888 0.559570 0.522193 0.559570 0.524804 0.560547 0.526110 0.561523 0.530026 0.564453 0.533943 0.565430 0.533943 0.568359 0.536554 0.569336 0.536554 0.570312 0.535248 0.575195 0.535248 0.576172 0.533943 0.579102 0.533943 0.580078 0.532637 0.582031 0.532637 0.583008 0.531332 0.584961 0.531332 0.589844 0.524804 0.590820 0.520888 0.593750 0.516971 0.593750 0.515666 0.595703 0.511749 0.595703 0.509138 0.596680 0.507833 0.596680 0.503916 0.595703 0.502611 0.595703 0.498695
0 0.606445 0.505222 0.605469 0.506527 0.603516 0.506527 0.598633 0.513055 0.598633 0.515666 0.592773 0.523499 0.592773 0.527415 0.591797 0.528721 0.591797 0.531332 0.592773 0.532637 0.592773 0.539164 0.593750 0.540470 0.593750 0.545692 0.595703 0.548303 0.595703 0.549608 0.596680 0.550914 0.599609 0.552219 0.603516 0.557441 0.604492 0.557441 0.606445 0.560052 0.607422 0.560052 0.608398 0.561358 0.612305 0.561358 0.613281 0.560052 0.616211 0.558747 0.618164 0.556136 0.619141 0.556136 0.624023 0.549608 0.624023 0.546997 0.625000 0.545692 0.625000 0.543081 0.625977 0.541775 0.625977 0.537859 0.626953 0.536554 0.626953 0.532637 0.627930 0.531332 0.627930 0.527415 0.628906 0.526110 0.628906 0.523499 0.627930 0.522193 0.627930 0.520888 0.623047 0.514360 0.622070 0.514360 0.619141 0.511749 0.617188 0.511749 0.616211 0.510444 0.613281 0.510444
0 0.612305 0.416449 0.611328 0.417755 0.608398 0.417755 0.607422 0.419060 0.606445 0.419060 0.604492 0.421671 0.603516 0.425587 0.601562 0.428198 0.601562 0.430809 0.598633 0.437337 0.598633 0.442559 0.597656 0.443864 0.597656 0.454308 0.598633 0.455614 0.598633 0.456919 0.599609 0.456919 0.602539 0.459530 0.604492 0.459530 0.607422 0.462141 0.609375 0.462141 0.610352 0.463446 0.617188 0.463446 0.618164 0.464752 0.619141 0.464752 0.620117 0.463446 0.623047 0.463446 0.625977 0.459530 0.626953 0.459530 0.628906 0.456919 0.629883 0.453003 0.632812 0.449086 0.632812 0.447781 0.633789 0.446475 0.633789 0.443864 0.632812 0.442559 0.632812 0.437337 0.631836 0.436031 0.631836 0.432115 0.632812 0.430809 0.631836 0.429504 0.631836 0.424282 0.627930 0.419060 0.626953 0.419060 0.624023 0.416449
0 0.630859 0.459530 0.628906 0.459530 0.627930 0.460836 0.626953 0.460836 0.623047 0.466057 0.619141 0.466057 0.618164 0.467363 0.612305 0.467363 0.611328 0.468668 0.606445 0.468668 0.606445 0.469974 0.605469 0.471279 0.605469 0.481723 0.604492 0.483029 0.604492 0.488251 0.606445 0.490862 0.608398 0.498695 0.609375 0.500000 0.610352 0.500000 0.613281 0.503916 0.614258 0.503916 0.617188 0.507833 0.618164 0.507833 0.620117 0.510444 0.621094 0.510444 0.622070 0.511749 0.626953 0.511749 0.626953 0.510444 0.628906 0.507833 0.628906 0.506527 0.634766 0.498695 0.634766 0.497389 0.637695 0.493473 0.637695 0.492167 0.638672 0.490862 0.638672 0.486945 0.639648 0.485640 0.639648 0.483029 0.641602 0.480418 0.641602 0.479112 0.642578 0.477807 0.641602 0.473890 0.637695 0.468668 0.634766 0.467363 0.632812 0.464752 0.632812 0.463446
0 0.519531 0.672324 0.519531 0.681462 0.521484 0.684073 0.522461 0.684073 0.526367 0.689295 0.527344 0.689295 0.528320 0.690601 0.531250 0.690601 0.532227 0.691906 0.533203 0.691906 0.534180 0.693211 0.535156 0.693211 0.536133 0.694517 0.540039 0.694517 0.541016 0.693211 0.541992 0.693211 0.542969 0.691906 0.543945 0.691906 0.544922 0.690601 0.548828 0.690601 0.550781 0.687990 0.550781 0.680157 0.549805 0.678851 0.549805 0.677546 0.548828 0.676240 0.534180 0.676240 0.533203 0.677546 0.528320 0.677546 0.527344 0.676240 0.526367 0.676240 0.521484 0.669713 0.520508 0.669713 0.520508 0.671018
0 0.592773 0.687990 0.591797 0.686684 0.591797 0.685379 0.590820 0.685379 0.586914 0.680157 0.585938 0.680157 0.584961 0.681462 0.583984 0.681462 0.583008 0.682768 0.583008 0.684073 0.581055 0.686684 0.580078 0.686684 0.579102 0.687990 0.574219 0.687990 0.571289 0.685379 0.569336 0.685379 0.568359 0.684073 0.566406 0.684073 0.564453 0.681462 0.560547 0.681462 0.558594 0.684073 0.558594 0.686684 0.557617 0.687990 0.557617 0.695822 0.559570 0.698433 0.560547 0.698433 0.561523 0.699739 0.563477 0.699739 0.564453 0.701044 0.565430 0.701044 0.566406 0.702350 0.567383 0.702350 0.569336 0.704961 0.570312 0.704961 0.571289 0.706266 0.579102 0.706266 0.580078 0.704961 0.582031 0.704961 0.583008 0.703655 0.583984 0.703655 0.584961 0.702350 0.585938 0.702350 0.586914 0.701044 0.587891 0.701044 0.592773 0.694517
0 0.432617 0.618799 0.430664 0.622715 0.430664 0.635770 0.431641 0.637076 0.431641 0.639687 0.432617 0.640992 0.432617 0.643603 0.433594 0.644909 0.433594 0.647520 0.435547 0.651436 0.435547 0.655352 0.437500 0.657963 0.446289 0.657963 0.447266 0.656658 0.458984 0.656658 0.459961 0.655352 0.459961 0.654047 0.458008 0.651436 0.458008 0.650131 0.457031 0.648825 0.457031 0.647520 0.456055 0.646214 0.456055 0.644909 0.455078 0.643603 0.455078 0.642298 0.454102 0.640992 0.454102 0.639687 0.453125 0.638381 0.453125 0.637076 0.452148 0.635770 0.452148 0.634465 0.450195 0.630548 0.450195 0.627937 0.449219 0.626632 0.449219 0.625326 0.447266 0.622715 0.446289 0.618799 0.443359 0.616188 0.442383 0.616188 0.440430 0.618799 0.440430 0.620104 0.439453 0.621410 0.438477 0.621410 0.436523 0.618799 0.435547 0.618799 0.434570 0.617493 0.433594 0.618799
0 0.672852 0.503916 0.667969 0.503916 0.666992 0.505222 0.665039 0.505222 0.664062 0.506527 0.663086 0.506527 0.660156 0.510444 0.660156 0.513055 0.659180 0.514360 0.659180 0.516971 0.657227 0.520888 0.657227 0.523499 0.656250 0.524804 0.656250 0.526110 0.655273 0.527415 0.655273 0.528721 0.654297 0.530026 0.653320 0.533943 0.651367 0.536554 0.651367 0.537859 0.650391 0.539164 0.650391 0.545692 0.651367 0.546997 0.651367 0.548303 0.653320 0.550914 0.660156 0.550914 0.661133 0.549608 0.663086 0.549608 0.664062 0.548303 0.666016 0.548303 0.667969 0.545692 0.668945 0.545692 0.670898 0.543081 0.671875 0.543081 0.675781 0.537859 0.676758 0.537859 0.678711 0.533943 0.678711 0.530026 0.681641 0.526110 0.684570 0.524804 0.684570 0.522193 0.683594 0.520888 0.683594 0.519582 0.680664 0.515666 0.680664 0.514360 0.679688 0.514360 0.675781 0.509138 0.675781 0.507833
0 0.699219 0.447781 0.698242 0.447781 0.693359 0.443864 0.692383 0.443864 0.692383 0.445170 0.690430 0.447781 0.689453 0.447781 0.688477 0.449086 0.685547 0.446475 0.683594 0.446475 0.677734 0.454308 0.673828 0.454308 0.671875 0.456919 0.669922 0.456919 0.668945 0.458225 0.666992 0.458225 0.666016 0.459530 0.665039 0.459530 0.665039 0.468668 0.666016 0.469974 0.666016 0.476501 0.666992 0.477807 0.666992 0.480418 0.667969 0.481723 0.667969 0.484334 0.671875 0.489556 0.674805 0.489556 0.675781 0.490862 0.677734 0.490862 0.678711 0.489556 0.680664 0.489556 0.681641 0.488251 0.683594 0.488251 0.690430 0.483029 0.692383 0.483029 0.693359 0.481723 0.696289 0.480418 0.701172 0.475196 0.702148 0.475196 0.702148 0.473890 0.704102 0.469974 0.704102 0.459530 0.703125 0.458225 0.703125 0.455614 0.702148 0.454308 0.701172 0.450392
0 0.708008 0.469974 0.707031 0.469974 0.701172 0.477807 0.700195 0.477807 0.698242 0.480418 0.697266 0.480418 0.696289 0.481723 0.695312 0.481723 0.694336 0.483029 0.693359 0.483029 0.688477 0.486945 0.686523 0.486945 0.683594 0.489556 0.681641 0.489556 0.678711 0.492167 0.678711 0.505222 0.679688 0.506527 0.679688 0.507833 0.680664 0.509138 0.680664 0.511749 0.681641 0.513055 0.683594 0.513055 0.684570 0.514360 0.685547 0.514360 0.688477 0.511749 0.692383 0.511749 0.693359 0.510444 0.696289 0.510444 0.697266 0.509138 0.698242 0.509138 0.699219 0.507833 0.700195 0.507833 0.701172 0.506527 0.704102 0.505222 0.707031 0.501305 0.708008 0.501305 0.713867 0.493473 0.713867 0.489556 0.712891 0.488251 0.712891 0.481723 0.711914 0.480418 0.711914 0.479112 0.710938 0.477807 0.710938 0.476501
0 0.728516 0.489556 0.727539 0.488251 0.726562 0.488251 0.723633 0.484334 0.722656 0.484334 0.719727 0.480418 0.718750 0.480418 0.717773 0.479112 0.712891 0.479112 0.712891 0.484334 0.713867 0.485640 0.713867 0.493473 0.707031 0.502611 0.707031 0.503916 0.706055 0.505222 0.705078 0.505222 0.702148 0.509138 0.702148 0.516971 0.715820 0.516971 0.716797 0.515666 0.718750 0.515666 0.719727 0.514360 0.720703 0.514360 0.723633 0.510444 0.724609 0.510444 0.725586 0.509138 0.726562 0.509138 0.727539 0.507833 0.727539 0.506527 0.729492 0.503916 0.729492 0.501305 0.730469 0.500000 0.730469 0.497389 0.729492 0.496084 0.729492 0.492167 0.728516 0.490862
0 0.736328 0.518277 0.733398 0.522193 0.730469 0.523499 0.724609 0.531332 0.723633 0.531332 0.722656 0.532637 0.722656 0.533943 0.718750 0.539164 0.718750 0.540470 0.717773 0.541775 0.717773 0.544386 0.716797 0.545692 0.716797 0.546997 0.714844 0.549608 0.714844 0.552219 0.716797 0.556136 0.717773 0.556136 0.719727 0.558747 0.720703 0.558747 0.721680 0.560052 0.724609 0.561358 0.728516 0.566580 0.730469 0.566580 0.731445 0.567885 0.734375 0.567885 0.735352 0.569191 0.736328 0.567885 0.737305 0.567885 0.739258 0.565274 0.740234 0.565274 0.743164 0.561358 0.743164 0.560052 0.745117 0.557441 0.746094 0.553525 0.750977 0.546997 0.750977 0.541775 0.750000 0.540470 0.749023 0.536554 0.747070 0.533943 0.747070 0.532637 0.743164 0.526110 0.742188 0.522193 0.741211 0.520888 0.740234 0.520888 0.739258 0.519582 0.737305 0.519582
0 0.703125 0.528721 0.694336 0.528721 0.693359 0.530026 0.691406 0.530026 0.688477 0.533943 0.687500 0.533943 0.685547 0.537859 0.684570 0.537859 0.683594 0.539164 0.680664 0.539164 0.679688 0.540470 0.677734 0.540470 0.674805 0.544386 0.674805 0.545692 0.673828 0.546997 0.673828 0.556136 0.676758 0.556136 0.678711 0.558747 0.678711 0.561358 0.682617 0.566580 0.685547 0.567885 0.687500 0.570496 0.688477 0.570496 0.689453 0.571802 0.691406 0.571802 0.692383 0.573107 0.694336 0.573107 0.695312 0.574413 0.697266 0.574413 0.698242 0.573107 0.699219 0.573107 0.701172 0.570496 0.702148 0.570496 0.707031 0.563969 0.707031 0.561358 0.708008 0.560052 0.708008 0.556136 0.709961 0.552219 0.709961 0.549608 0.710938 0.548303 0.710938 0.543081 0.711914 0.541775 0.711914 0.537859 0.710938 0.536554 0.710938 0.535248 0.709961 0.533943 0.708984 0.533943 0.707031 0.531332 0.706055 0.531332
0 0.726562 0.593995 0.723633 0.593995 0.722656 0.595300 0.719727 0.595300 0.718750 0.596606 0.717773 0.596606 0.710938 0.605744 0.710938 0.607050 0.708984 0.609661 0.708984 0.610966 0.708008 0.612272 0.708008 0.616188 0.708984 0.617493 0.708984 0.620104 0.709961 0.621410 0.709961 0.625326 0.710938 0.626632 0.710938 0.630548 0.711914 0.631854 0.711914 0.635770 0.712891 0.637076 0.712891 0.638381 0.713867 0.639687 0.713867 0.642298 0.714844 0.643603 0.720703 0.643603 0.721680 0.642298 0.723633 0.642298 0.724609 0.640992 0.725586 0.640992 0.728516 0.637076 0.729492 0.637076 0.729492 0.635770 0.735352 0.627937 0.735352 0.626632 0.737305 0.622715 0.737305 0.621410 0.736328 0.620104 0.736328 0.607050 0.730469 0.599217 0.730469 0.597911 0.728516 0.595300 0.727539 0.595300
0 0.739258 0.633159 0.738281 0.634465 0.735352 0.635770 0.730469 0.642298 0.729492 0.642298 0.727539 0.644909 0.727539 0.646214 0.726562 0.647520 0.726562 0.652742 0.725586 0.654047 0.725586 0.661880 0.724609 0.663185 0.724609 0.672324 0.725586 0.673629 0.725586 0.674935 0.727539 0.677546 0.728516 0.677546 0.730469 0.680157 0.731445 0.680157 0.732422 0.681462 0.737305 0.681462 0.738281 0.682768 0.745117 0.682768 0.746094 0.681462 0.748047 0.681462 0.750000 0.678851 0.750977 0.678851 0.753906 0.674935 0.753906 0.672324 0.754883 0.671018 0.754883 0.659269 0.753906 0.657963 0.753906 0.651436 0.752930 0.650131 0.752930 0.644909 0.750977 0.642298 0.749023 0.642298 0.748047 0.640992 0.745117 0.640992 0.743164 0.638381 0.743164 0.637076 0.741211 0.634465 0.740234 0.634465
0 0.754883 0.684073 0.752930 0.686684 0.752930 0.690601 0.751953 0.691906 0.751953 0.693211 0.752930 0.694517 0.752930 0.697128 0.751953 0.698433 0.751953 0.702350 0.752930 0.703655 0.752930 0.708877 0.755859 0.712794 0.755859 0.714099 0.759766 0.714099 0.760742 0.715405 0.762695 0.715405 0.763672 0.716710 0.765625 0.716710 0.766602 0.718016 0.769531 0.718016 0.771484 0.720627 0.771484 0.721932 0.772461 0.723238 0.776367 0.723238 0.776367 0.721932 0.773438 0.721932 0.771484 0.719321 0.771484 0.718016 0.773438 0.715405 0.775391 0.715405 0.776367 0.714099 0.779297 0.714099 0.780273 0.712794 0.781250 0.712794 0.783203 0.710183 0.783203 0.703655 0.782227 0.702350 0.782227 0.698433 0.781250 0.697128 0.781250 0.694517 0.779297 0.691906 0.779297 0.689295 0.778320 0.687990 0.778320 0.686684 0.776367 0.684073 0.770508 0.684073 0.767578 0.686684 0.763672 0.686684 0.762695 0.687990 0.761719 0.687990 0.760742 0.686684 0.758789 0.686684 0.757812 0.685379
0 0.717773 0.387728 0.711914 0.387728 0.709961 0.390339 0.708008 0.390339 0.707031 0.391645 0.705078 0.391645 0.704102 0.392950 0.703125 0.392950 0.701172 0.395561 0.698242 0.396867 0.693359 0.403394 0.693359 0.406005 0.691406 0.408616 0.691406 0.409922 0.692383 0.411227 0.692383 0.413838 0.695312 0.420366 0.695312 0.422977 0.696289 0.424282 0.696289 0.426893 0.697266 0.428198 0.697266 0.430809 0.698242 0.432115 0.698242 0.436031 0.699219 0.437337 0.699219 0.438642 0.701172 0.441253 0.702148 0.441253 0.703125 0.442559 0.706055 0.442559 0.707031 0.441253 0.708984 0.441253 0.710938 0.438642 0.713867 0.437337 0.716797 0.433420 0.716797 0.432115 0.719727 0.428198 0.719727 0.426893 0.721680 0.424282 0.721680 0.422977 0.722656 0.421671 0.722656 0.419060 0.723633 0.417755 0.723633 0.413838 0.724609 0.412533 0.724609 0.402089 0.723633 0.400783 0.723633 0.396867 0.720703 0.392950 0.719727 0.389034 0.718750 0.389034
0 0.751953 0.441253 0.750977 0.439948 0.747070 0.439948 0.746094 0.438642 0.741211 0.438642 0.740234 0.439948 0.736328 0.439948 0.735352 0.441253 0.727539 0.441253 0.726562 0.442559 0.724609 0.442559 0.718750 0.451697 0.718750 0.453003 0.716797 0.456919 0.716797 0.459530 0.715820 0.460836 0.715820 0.467363 0.716797 0.468668 0.716797 0.469974 0.718750 0.472585 0.719727 0.472585 0.720703 0.473890 0.723633 0.473890 0.724609 0.475196 0.725586 0.473890 0.728516 0.473890 0.729492 0.472585 0.733398 0.472585 0.734375 0.471279 0.736328 0.471279 0.737305 0.469974 0.740234 0.469974 0.741211 0.468668 0.742188 0.468668 0.744141 0.466057 0.745117 0.466057 0.752930 0.455614 0.752930 0.450392 0.751953 0.449086
0 0.754883 0.459530 0.752930 0.459530 0.751953 0.458225 0.750977 0.459530 0.750000 0.459530 0.744141 0.467363 0.743164 0.467363 0.740234 0.471279 0.738281 0.471279 0.737305 0.472585 0.735352 0.472585 0.732422 0.475196 0.727539 0.475196 0.726562 0.476501 0.725586 0.476501 0.725586 0.481723 0.730469 0.490862 0.730469 0.496084 0.731445 0.497389 0.731445 0.501305 0.732422 0.502611 0.732422 0.503916 0.733398 0.503916 0.734375 0.505222 0.739258 0.505222 0.740234 0.503916 0.744141 0.503916 0.745117 0.502611 0.747070 0.502611 0.748047 0.501305 0.750977 0.500000 0.754883 0.494778 0.754883 0.492167 0.755859 0.490862 0.755859 0.488251 0.756836 0.486945 0.756836 0.481723 0.757812 0.480418 0.757812 0.469974 0.758789 0.468668 0.758789 0.466057
0 0.782227 0.389034 0.781250 0.389034 0.779297 0.386423 0.777344 0.386423 0.776367 0.385117 0.769531 0.385117 0.768555 0.386423 0.767578 0.386423 0.765625 0.389034 0.764648 0.389034 0.763672 0.390339 0.762695 0.390339 0.761719 0.391645 0.760742 0.391645 0.759766 0.392950 0.754883 0.395561 0.752930 0.398172 0.752930 0.399478 0.751953 0.400783 0.751953 0.403394 0.750977 0.404700 0.750977 0.412533 0.750000 0.413838 0.750000 0.425587 0.754883 0.433420 0.760742 0.433420 0.761719 0.432115 0.763672 0.432115 0.764648 0.430809 0.767578 0.430809 0.768555 0.429504 0.770508 0.429504 0.771484 0.428198 0.773438 0.428198 0.776367 0.425587 0.778320 0.425587 0.779297 0.424282 0.784180 0.421671 0.787109 0.417755 0.787109 0.416449 0.788086 0.415144 0.788086 0.411227 0.789062 0.409922 0.789062 0.408616 0.788086 0.407311 0.788086 0.403394 0.787109 0.402089 0.787109 0.398172 0.786133 0.396867 0.786133 0.395561 0.782227 0.390339
0 0.781250 0.428198 0.779297 0.425587 0.778320 0.425587 0.777344 0.426893 0.775391 0.426893 0.772461 0.429504 0.770508 0.429504 0.769531 0.430809 0.767578 0.430809 0.766602 0.432115 0.763672 0.432115 0.762695 0.433420 0.760742 0.433420 0.759766 0.434726 0.757812 0.434726 0.756836 0.433420 0.754883 0.433420 0.753906 0.434726 0.753906 0.437337 0.752930 0.438642 0.752930 0.441253 0.753906 0.442559 0.753906 0.451697 0.754883 0.453003 0.756836 0.453003 0.757812 0.454308 0.769531 0.454308 0.771484 0.451697 0.772461 0.451697 0.775391 0.449086 0.777344 0.449086 0.778320 0.447781 0.779297 0.447781 0.780273 0.446475 0.781250 0.446475 0.781250 0.445170 0.782227 0.443864 0.782227 0.438642 0.781250 0.437337
0 0.748047 0.592689 0.748047 0.597911 0.747070 0.599217 0.747070 0.625326 0.750000 0.629243 0.750977 0.629243 0.755859 0.635770 0.756836 0.635770 0.757812 0.637076 0.766602 0.637076 0.768555 0.634465 0.768555 0.633159 0.772461 0.627937 0.773438 0.627937 0.777344 0.622715 0.777344 0.621410 0.778320 0.620104 0.779297 0.620104 0.780273 0.618799 0.780273 0.616188 0.781250 0.614883 0.781250 0.605744 0.780273 0.604439 0.780273 0.603133 0.776367 0.597911 0.776367 0.596606 0.774414 0.593995 0.770508 0.593995 0.769531 0.595300 0.759766 0.595300 0.758789 0.593995 0.753906 0.593995 0.752930 0.592689
0 0.800781 0.638381 0.799805 0.638381 0.794922 0.634465 0.790039 0.634465 0.789062 0.635770 0.789062 0.638381 0.787109 0.640992 0.782227 0.640992 0.781250 0.642298 0.779297 0.642298 0.778320 0.643603 0.775391 0.644909 0.771484 0.650131 0.771484 0.652742 0.770508 0.654047 0.770508 0.657963 0.771484 0.659269 0.771484 0.660574 0.773438 0.663185 0.773438 0.664491 0.774414 0.665796 0.774414 0.667102 0.775391 0.668407 0.775391 0.669713 0.776367 0.671018 0.776367 0.672324 0.777344 0.673629 0.778320 0.677546 0.787109 0.677546 0.788086 0.676240 0.789062 0.676240 0.790039 0.674935 0.791992 0.674935 0.792969 0.673629 0.796875 0.673629 0.798828 0.671018 0.799805 0.671018 0.800781 0.669713 0.800781 0.667102 0.799805 0.665796 0.800781 0.664491 0.800781 0.663185 0.802734 0.660574 0.802734 0.659269 0.804688 0.656658 0.804688 0.652742 0.805664 0.651436 0.805664 0.648825 0.804688 0.647520 0.804688 0.644909 0.803711 0.643603 0.803711 0.642298
0 0.796875 0.673629 0.791016 0.673629 0.790039 0.674935 0.789062 0.674935 0.788086 0.676240 0.785156 0.676240 0.784180 0.677546 0.782227 0.677546 0.781250 0.676240 0.778320 0.676240 0.778320 0.677546 0.777344 0.678851 0.777344 0.682768 0.778320 0.684073 0.778320 0.685379 0.779297 0.686684 0.779297 0.687990 0.780273 0.689295 0.780273 0.690601 0.781250 0.691906 0.781250 0.693211 0.783203 0.695822 0.784180 0.695822 0.785156 0.697128 0.786133 0.697128 0.787109 0.695822 0.788086 0.695822 0.789062 0.694517 0.790039 0.694517 0.791016 0.693211 0.791992 0.693211 0.792969 0.691906 0.793945 0.691906 0.793945 0.690601 0.795898 0.687990 0.795898 0.685379 0.796875 0.684073 0.796875 0.682768 0.797852 0.681462 0.797852 0.674935
0 0.821289 0.639687 0.820312 0.639687 0.818359 0.637076 0.811523 0.637076 0.810547 0.635770 0.809570 0.635770 0.808594 0.637076 0.805664 0.637076 0.804688 0.638381 0.802734 0.638381 0.802734 0.640992 0.803711 0.642298 0.803711 0.643603 0.804688 0.644909 0.804688 0.646214 0.805664 0.647520 0.805664 0.654047 0.804688 0.655352 0.804688 0.656658 0.803711 0.657963 0.803711 0.659269 0.800781 0.663185 0.800781 0.664491 0.799805 0.665796 0.799805 0.668407 0.798828 0.669713 0.798828 0.671018 0.800781 0.671018 0.801758 0.669713 0.804688 0.669713 0.805664 0.668407 0.807617 0.668407 0.809570 0.665796 0.810547 0.665796 0.811523 0.664491 0.812500 0.664491 0.813477 0.663185 0.814453 0.663185 0.816406 0.660574 0.816406 0.659269 0.817383 0.657963 0.817383 0.656658 0.819336 0.654047 0.819336 0.652742 0.820312 0.651436 0.820312 0.650131 0.821289 0.648825 0.821289 0.646214 0.822266 0.644909 0.822266 0.643603 0.821289 0.642298
0 0.848633 0.604439 0.843750 0.604439 0.842773 0.605744 0.836914 0.605744 0.835938 0.607050 0.834961 0.607050 0.833984 0.608355 0.833008 0.608355 0.830078 0.610966 0.828125 0.610966 0.824219 0.616188 0.824219 0.620104 0.825195 0.621410 0.825195 0.629243 0.824219 0.630548 0.824219 0.638381 0.825195 0.639687 0.825195 0.642298 0.826172 0.643603 0.833984 0.643603 0.834961 0.642298 0.836914 0.642298 0.840820 0.637076 0.841797 0.637076 0.843750 0.634465 0.843750 0.633159 0.846680 0.629243 0.846680 0.627937 0.847656 0.626632 0.847656 0.625326 0.849609 0.621410 0.849609 0.613577 0.850586 0.612272 0.849609 0.610966 0.849609 0.605744
0 0.798828 0.583551 0.796875 0.583551 0.795898 0.584856 0.793945 0.584856 0.792969 0.586162 0.791992 0.586162 0.791016 0.587467 0.790039 0.587467 0.789062 0.588773 0.788086 0.588773 0.786133 0.591384 0.785156 0.591384 0.782227 0.595300 0.781250 0.595300 0.781250 0.596606 0.780273 0.597911 0.781250 0.599217 0.781250 0.603133 0.784180 0.607050 0.784180 0.613577 0.783203 0.614883 0.783203 0.618799 0.784180 0.620104 0.784180 0.621410 0.787109 0.625326 0.788086 0.625326 0.789062 0.626632 0.791992 0.626632 0.792969 0.625326 0.793945 0.625326 0.795898 0.622715 0.796875 0.622715 0.799805 0.618799 0.799805 0.617493 0.800781 0.616188 0.801758 0.616188 0.805664 0.610966 0.805664 0.609661 0.806641 0.608355 0.806641 0.604439 0.805664 0.603133 0.805664 0.599217 0.804688 0.597911 0.804688 0.595300 0.803711 0.593995 0.803711 0.592689 0.802734 0.591384 0.802734 0.590078 0.800781 0.587467 0.800781 0.586162
0 0.744141 0.562663 0.743164 0.566580 0.745117 0.569191 0.745117 0.575718 0.742188 0.582245 0.742188 0.587467 0.744141 0.587467 0.747070 0.590078 0.750977 0.590078 0.751953 0.591384 0.760742 0.591384 0.761719 0.592689 0.764648 0.592689 0.765625 0.591384 0.770508 0.591384 0.771484 0.590078 0.773438 0.590078 0.773438 0.588773 0.774414 0.587467 0.773438 0.586162 0.773438 0.580940 0.775391 0.578329 0.776367 0.578329 0.776367 0.577023 0.778320 0.574413 0.778320 0.573107 0.779297 0.571802 0.779297 0.570496 0.778320 0.569191 0.778320 0.566580 0.777344 0.565274 0.776367 0.565274 0.774414 0.562663 0.773438 0.562663 0.770508 0.558747 0.768555 0.558747 0.767578 0.557441 0.765625 0.557441 0.764648 0.558747 0.763672 0.558747 0.762695 0.557441 0.754883 0.557441 0.751953 0.561358 0.746094 0.561358 0.745117 0.562663
0 0.785156 0.567885 0.778320 0.567885 0.777344 0.569191 0.777344 0.570496 0.772461 0.577023 0.772461 0.578329 0.771484 0.579634 0.771484 0.580940 0.770508 0.582245 0.770508 0.583551 0.769531 0.584856 0.769531 0.587467 0.772461 0.591384 0.773438 0.591384 0.774414 0.592689 0.776367 0.592689 0.777344 0.593995 0.778320 0.593995 0.779297 0.595300 0.780273 0.593995 0.781250 0.593995 0.782227 0.592689 0.783203 0.592689 0.785156 0.590078 0.786133 0.590078 0.788086 0.587467 0.789062 0.587467 0.790039 0.586162 0.791016 0.586162 0.791016 0.584856 0.792969 0.582245 0.792969 0.578329 0.793945 0.577023 0.791992 0.574413 0.791016 0.574413 0.789062 0.571802 0.788086 0.571802
0 0.784180 0.498695 0.781250 0.498695 0.779297 0.501305 0.778320 0.501305 0.777344 0.502611 0.775391 0.502611 0.774414 0.503916 0.774414 0.509138 0.773438 0.510444 0.772461 0.514360 0.767578 0.518277 0.767578 0.520888 0.768555 0.522193 0.768555 0.527415 0.769531 0.528721 0.769531 0.536554 0.770508 0.537859 0.770508 0.540470 0.771484 0.541775 0.771484 0.543081 0.773438 0.545692 0.774414 0.545692 0.776367 0.548303 0.777344 0.548303 0.778320 0.549608 0.780273 0.549608 0.781250 0.548303 0.782227 0.548303 0.789062 0.540470 0.790039 0.540470 0.791016 0.539164 0.793945 0.537859 0.796875 0.533943 0.796875 0.532637 0.798828 0.530026 0.799805 0.530026 0.802734 0.526110 0.802734 0.518277 0.801758 0.516971 0.801758 0.514360 0.800781 0.513055 0.799805 0.509138 0.796875 0.505222 0.795898 0.505222 0.791016 0.501305 0.788086 0.501305 0.787109 0.500000 0.785156 0.500000
0 0.805664 0.528721 0.802734 0.528721 0.798828 0.533943 0.797852 0.533943 0.797852 0.535248 0.796875 0.536554 0.795898 0.536554 0.793945 0.539164 0.792969 0.539164 0.791992 0.540470 0.791016 0.540470 0.789062 0.543081 0.788086 0.543081 0.783203 0.549608 0.783203 0.554830 0.785156 0.558747 0.785156 0.561358 0.786133 0.562663 0.786133 0.565274 0.787109 0.566580 0.787109 0.567885 0.788086 0.569191 0.788086 0.570496 0.791016 0.573107 0.792969 0.573107 0.793945 0.574413 0.794922 0.574413 0.796875 0.571802 0.797852 0.571802 0.801758 0.566580 0.802734 0.566580 0.804688 0.563969 0.804688 0.562663 0.805664 0.561358 0.805664 0.558747 0.806641 0.557441 0.806641 0.554830 0.807617 0.553525 0.807617 0.552219 0.809570 0.548303 0.809570 0.544386 0.810547 0.543081 0.810547 0.537859 0.809570 0.536554 0.809570 0.533943
0 0.821289 0.532637 0.818359 0.536554 0.818359 0.537859 0.817383 0.539164 0.817383 0.556136 0.816406 0.557441 0.816406 0.566580 0.818359 0.569191 0.821289 0.569191 0.822266 0.570496 0.829102 0.570496 0.830078 0.571802 0.841797 0.571802 0.845703 0.566580 0.845703 0.565274 0.847656 0.562663 0.847656 0.561358 0.848633 0.560052 0.848633 0.557441 0.849609 0.556136 0.849609 0.546997 0.848633 0.545692 0.848633 0.541775 0.847656 0.540470 0.847656 0.539164 0.845703 0.536554 0.844727 0.532637 0.843750 0.532637 0.840820 0.530026 0.835938 0.533943 0.832031 0.533943 0.829102 0.530026 0.825195 0.530026 0.824219 0.531332
0 0.808594 0.595300 0.809570 0.596606 0.811523 0.596606 0.812500 0.595300 0.817383 0.595300 0.819336 0.592689 0.820312 0.592689 0.823242 0.588773 0.824219 0.588773 0.833008 0.577023 0.833008 0.573107 0.832031 0.571802 0.829102 0.571802 0.828125 0.570496 0.820312 0.570496 0.819336 0.569191 0.812500 0.569191 0.810547 0.571802 0.810547 0.577023 0.809570 0.578329 0.809570 0.579634 0.808594 0.580940 0.808594 0.590078 0.807617 0.591384 0.807617 0.592689 0.808594 0.593995
0 0.823242 0.477807 0.820312 0.477807 0.819336 0.479112 0.817383 0.479112 0.815430 0.481723 0.814453 0.481723 0.813477 0.483029 0.812500 0.483029 0.811523 0.484334 0.810547 0.484334 0.809570 0.485640 0.808594 0.485640 0.804688 0.490862 0.804688 0.492167 0.803711 0.493473 0.803711 0.496084 0.802734 0.497389 0.802734 0.501305 0.801758 0.502611 0.801758 0.511749 0.803711 0.515666 0.803711 0.518277 0.804688 0.519582 0.804688 0.522193 0.805664 0.523499 0.809570 0.523499 0.811523 0.519582 0.812500 0.519582 0.813477 0.518277 0.814453 0.518277 0.816406 0.515666 0.817383 0.515666 0.819336 0.513055 0.819336 0.511749 0.824219 0.505222 0.824219 0.503916 0.825195 0.502611 0.825195 0.501305 0.827148 0.498695 0.827148 0.493473 0.826172 0.492167 0.826172 0.486945 0.824219 0.483029 0.824219 0.479112
0 0.816406 0.442559 0.812500 0.442559 0.811523 0.443864 0.807617 0.443864 0.806641 0.445170 0.803711 0.445170 0.802734 0.443864 0.794922 0.443864 0.793945 0.445170 0.789062 0.447781 0.787109 0.450392 0.787109 0.453003 0.788086 0.454308 0.788086 0.458225 0.787109 0.459530 0.787109 0.463446 0.786133 0.464752 0.786133 0.468668 0.787109 0.469974 0.787109 0.476501 0.788086 0.477807 0.790039 0.484334 0.793945 0.489556 0.796875 0.489556 0.797852 0.490862 0.798828 0.489556 0.800781 0.489556 0.803711 0.486945 0.805664 0.486945 0.807617 0.484334 0.808594 0.484334 0.809570 0.483029 0.812500 0.481723 0.814453 0.479112 0.815430 0.479112 0.818359 0.475196 0.824219 0.472585 0.824219 0.471279 0.823242 0.469974 0.823242 0.463446 0.822266 0.462141 0.822266 0.455614 0.821289 0.454308 0.821289 0.450392 0.820312 0.449086 0.820312 0.447781
0 0.666016 0.565274 0.666016 0.566580 0.666992 0.567885 0.667969 0.567885 0.669922 0.570496 0.668945 0.571802 0.668945 0.573107 0.666992 0.577023 0.666992 0.580940 0.666016 0.582245 0.666016 0.584856 0.665039 0.586162 0.665039 0.588773 0.663086 0.592689 0.663086 0.599217 0.664062 0.600522 0.666016 0.600522 0.666992 0.601828 0.668945 0.601828 0.669922 0.603133 0.673828 0.603133 0.674805 0.604439 0.678711 0.604439 0.681641 0.600522 0.681641 0.599217 0.686523 0.592689 0.687500 0.592689 0.687500 0.591384 0.688477 0.590078 0.688477 0.587467 0.690430 0.583551 0.690430 0.580940 0.691406 0.579634 0.692383 0.575718 0.689453 0.571802 0.687500 0.571802 0.686523 0.570496 0.684570 0.570496 0.683594 0.569191 0.682617 0.569191 0.680664 0.566580 0.679688 0.566580 0.678711 0.565274 0.676758 0.565274 0.675781 0.563969 0.670898 0.563969 0.669922 0.565274
