0 0.156250 0.229765 0.156250 0.231070 0.155273 0.232376 0.155273 0.237598 0.156250 0.238903 0.156250 0.251958 0.157227 0.253264 0.157227 0.259791 0.159180 0.263708 0.159180 0.266319 0.160156 0.267624 0.160156 0.268930 0.161133 0.268930 0.163086 0.271540 0.166016 0.272846 0.168945 0.276762 0.169922 0.276762 0.170898 0.278068 0.174805 0.278068 0.181641 0.272846 0.183594 0.272846 0.184570 0.271540 0.186523 0.271540 0.187500 0.270235 0.190430 0.268930 0.193359 0.265013 0.193359 0.263708 0.197266 0.257180 0.197266 0.250653 0.195312 0.248042 0.195312 0.246736 0.194336 0.245431 0.194336 0.241514 0.192383 0.238903 0.187500 0.238903 0.186523 0.237598 0.179688 0.233681 0.176758 0.229765 0.175781 0.229765 0.172852 0.227154 0.170898 0.227154 0.169922 0.225849 0.166016 0.225849 0.165039 0.227154 0.158203 0.227154
0 0.224609 0.206266 0.222656 0.206266 0.221680 0.204961 0.217773 0.204961 0.216797 0.206266 0.208984 0.206266 0.208008 0.207572 0.206055 0.207572 0.205078 0.208877 0.201172 0.208877 0.200195 0.210183 0.197266 0.210183 0.194336 0.214099 0.194336 0.215405 0.193359 0.216710 0.193359 0.221932 0.194336 0.223238 0.194336 0.227154 0.195312 0.228460 0.195312 0.232376 0.196289 0.233681 0.197266 0.237598 0.203125 0.245431 0.204102 0.245431 0.208984 0.249347 0.212891 0.249347 0.214844 0.246736 0.216797 0.246736 0.220703 0.241514 0.221680 0.241514 0.222656 0.240209 0.227539 0.240209 0.228516 0.238903 0.229492 0.238903 0.231445 0.236292 0.231445 0.234987 0.234375 0.231070 0.234375 0.225849 0.232422 0.223238 0.231445 0.219321 0.229492 0.216710 0.229492 0.214099 0.228516 0.212794 0.228516 0.211488
0 0.249023 0.203655 0.247070 0.206266 0.247070 0.208877 0.246094 0.210183 0.245117 0.214099 0.241211 0.220627 0.241211 0.221932 0.238281 0.228460 0.238281 0.231070 0.237305 0.232376 0.237305 0.233681 0.235352 0.236292 0.235352 0.240209 0.238281 0.244125 0.239258 0.244125 0.241211 0.246736 0.242188 0.246736 0.247070 0.250653 0.268555 0.250653 0.270508 0.248042 0.270508 0.246736 0.272461 0.242820 0.272461 0.240209 0.273438 0.238903 0.273438 0.224543 0.272461 0.223238 0.272461 0.219321 0.271484 0.218016 0.270508 0.214099 0.268555 0.211488 0.268555 0.210183 0.264648 0.204961 0.262695 0.204961 0.259766 0.202350 0.253906 0.202350 0.252930 0.203655
0 0.276367 0.174935 0.272461 0.180157 0.272461 0.181462 0.270508 0.185379 0.270508 0.189295 0.269531 0.190601 0.269531 0.194517 0.270508 0.195822 0.270508 0.199739 0.271484 0.201044 0.271484 0.203655 0.272461 0.204961 0.272461 0.207572 0.274414 0.210183 0.274414 0.211488 0.278320 0.216710 0.278320 0.218016 0.280273 0.220627 0.281250 0.220627 0.282227 0.221932 0.297852 0.221932 0.298828 0.220627 0.299805 0.220627 0.301758 0.218016 0.302734 0.218016 0.305664 0.214099 0.305664 0.212794 0.306641 0.211488 0.306641 0.208877 0.305664 0.207572 0.305664 0.206266 0.304688 0.204961 0.302734 0.198433 0.300781 0.195822 0.300781 0.194517 0.299805 0.193211 0.299805 0.191906 0.298828 0.190601 0.296875 0.184073 0.292969 0.178851 0.292969 0.177546 0.290039 0.173629 0.289062 0.173629 0.288086 0.172324 0.280273 0.172324 0.279297 0.173629
0 0.126953 0.291123 0.124023 0.292428 0.124023 0.293734 0.122070 0.296345 0.121094 0.295039 0.121094 0.293734 0.120117 0.293734 0.119141 0.292428 0.117188 0.292428 0.116211 0.291123 0.113281 0.291123 0.112305 0.289817 0.111328 0.289817 0.109375 0.292428 0.108398 0.292428 0.102539 0.300261 0.102539 0.301567 0.099609 0.305483 0.099609 0.306789 0.100586 0.308094 0.100586 0.310705 0.098633 0.314621 0.098633 0.322454 0.099609 0.323760 0.099609 0.326371 0.101562 0.330287 0.101562 0.332898 0.102539 0.334204 0.104492 0.340731 0.107422 0.344648 0.109375 0.344648 0.110352 0.345953 0.111328 0.344648 0.111328 0.343342 0.117188 0.335509 0.119141 0.335509 0.120117 0.334204 0.122070 0.334204 0.123047 0.332898 0.125000 0.332898 0.125977 0.331593 0.128906 0.330287 0.130859 0.327676 0.133789 0.326371 0.133789 0.325065 0.137695 0.319843 0.137695 0.314621 0.135742 0.312010 0.135742 0.309399 0.134766 0.308094 0.133789 0.304178 0.131836 0.301567 0.128906 0.292428 0.127930 0.292428
0 0.138672 0.275457 0.133789 0.281984 0.133789 0.283290 0.132812 0.284595 0.132812 0.292428 0.133789 0.293734 0.134766 0.297650 0.137695 0.301567 0.137695 0.302872 0.142578 0.309399 0.142578 0.310705 0.144531 0.313316 0.145508 0.313316 0.149414 0.318538 0.150391 0.318538 0.153320 0.321149 0.159180 0.321149 0.160156 0.319843 0.163086 0.318538 0.166992 0.313316 0.166992 0.310705 0.167969 0.309399 0.167969 0.306789 0.168945 0.305483 0.168945 0.300261 0.169922 0.298956 0.169922 0.293734 0.168945 0.292428 0.167969 0.288512 0.164062 0.283290 0.163086 0.283290 0.160156 0.279373 0.159180 0.279373 0.157227 0.276762 0.156250 0.276762 0.154297 0.274151 0.153320 0.274151 0.152344 0.272846 0.142578 0.272846 0.141602 0.274151
0 0.185547 0.288512 0.182617 0.292428 0.182617 0.293734 0.180664 0.297650 0.180664 0.300261 0.178711 0.304178 0.178711 0.306789 0.176758 0.310705 0.176758 0.314621 0.175781 0.315927 0.175781 0.325065 0.176758 0.326371 0.176758 0.327676 0.177734 0.328982 0.178711 0.328982 0.180664 0.331593 0.181641 0.331593 0.184570 0.334204 0.191406 0.334204 0.192383 0.335509 0.197266 0.335509 0.198242 0.334204 0.200195 0.334204 0.201172 0.332898 0.203125 0.332898 0.204102 0.331593 0.206055 0.331593 0.207031 0.330287 0.207031 0.328982 0.208984 0.326371 0.208984 0.313316 0.208008 0.312010 0.208008 0.310705 0.206055 0.308094 0.205078 0.304178 0.198242 0.295039 0.198242 0.293734 0.197266 0.292428 0.195312 0.292428 0.194336 0.291123 0.192383 0.291123 0.190430 0.288512
0 0.211914 0.258486 0.210938 0.259791 0.209961 0.259791 0.206055 0.265013 0.205078 0.265013 0.204102 0.266319 0.202148 0.266319 0.199219 0.271540 0.199219 0.288512 0.200195 0.289817 0.200195 0.292428 0.201172 0.293734 0.202148 0.297650 0.206055 0.302872 0.206055 0.304178 0.208008 0.306789 0.208008 0.308094 0.211914 0.313316 0.214844 0.313316 0.215820 0.314621 0.217773 0.314621 0.218750 0.315927 0.221680 0.315927 0.222656 0.317232 0.228516 0.317232 0.230469 0.314621 0.230469 0.312010 0.231445 0.310705 0.231445 0.305483 0.232422 0.304178 0.232422 0.300261 0.233398 0.298956 0.233398 0.292428 0.234375 0.291123 0.234375 0.287206 0.235352 0.285901 0.235352 0.279373 0.234375 0.278068 0.233398 0.271540 0.232422 0.270235 0.228516 0.270235 0.227539 0.268930 0.227539 0.267624 0.229492 0.265013 0.231445 0.265013 0.232422 0.263708 0.231445 0.262402 0.229492 0.262402 0.224609 0.258486
0 0.244141 0.259791 0.243164 0.261097 0.243164 0.262402 0.239258 0.267624 0.239258 0.275457 0.238281 0.276762 0.238281 0.278068 0.239258 0.279373 0.239258 0.281984 0.240234 0.283290 0.240234 0.284595 0.248047 0.295039 0.249023 0.295039 0.250977 0.297650 0.254883 0.297650 0.256836 0.300261 0.257812 0.300261 0.262695 0.304178 0.267578 0.304178 0.268555 0.302872 0.275391 0.298956 0.278320 0.295039 0.279297 0.295039 0.279297 0.293734 0.281250 0.289817 0.281250 0.284595 0.280273 0.283290 0.280273 0.280679 0.279297 0.279373 0.276367 0.270235 0.274414 0.267624 0.273438 0.263708 0.267578 0.255875 0.256836 0.255875 0.255859 0.257180 0.249023 0.257180 0.248047 0.258486 0.246094 0.258486 0.245117 0.259791
0 0.294922 0.231070 0.291992 0.233681 0.287109 0.233681 0.283203 0.237598 0.281250 0.244125 0.279297 0.246736 0.278320 0.253264 0.275391 0.257180 0.275391 0.261097 0.276367 0.262402 0.276367 0.263708 0.280273 0.268930 0.281250 0.272846 0.285156 0.278068 0.285156 0.279373 0.287109 0.281984 0.288086 0.281984 0.291016 0.284595 0.292969 0.284595 0.293945 0.285901 0.298828 0.285901 0.305664 0.276762 0.305664 0.275457 0.308594 0.271540 0.309570 0.267624 0.313477 0.262402 0.313477 0.261097 0.315430 0.257180 0.315430 0.253264 0.314453 0.251958 0.314453 0.250653 0.313477 0.250653 0.312500 0.249347 0.312500 0.248042 0.311523 0.248042 0.309570 0.245431 0.304688 0.242820 0.302734 0.240209 0.301758 0.240209 0.300781 0.238903 0.298828 0.238903 0.296875 0.236292 0.299805 0.232376 0.301758 0.232376 0.295898 0.232376
0 0.325195 0.254569 0.324219 0.255875 0.323242 0.255875 0.321289 0.258486 0.321289 0.259791 0.319336 0.262402 0.319336 0.263708 0.318359 0.265013 0.318359 0.267624 0.317383 0.268930 0.317383 0.270235 0.311523 0.278068 0.311523 0.281984 0.312500 0.283290 0.314453 0.289817 0.316406 0.292428 0.316406 0.293734 0.319336 0.297650 0.319336 0.298956 0.321289 0.301567 0.321289 0.302872 0.324219 0.306789 0.325195 0.306789 0.330078 0.310705 0.332031 0.310705 0.333008 0.312010 0.337891 0.312010 0.340820 0.309399 0.340820 0.308094 0.343750 0.301567 0.343750 0.297650 0.344727 0.296345 0.344727 0.293734 0.347656 0.287206 0.347656 0.284595 0.348633 0.283290 0.348633 0.279373 0.347656 0.278068 0.346680 0.274151 0.343750 0.270235 0.338867 0.267624 0.329102 0.255875 0.328125 0.255875 0.327148 0.254569
0 0.340820 0.238903 0.340820 0.240209 0.338867 0.244125 0.338867 0.246736 0.337891 0.248042 0.337891 0.255875 0.336914 0.257180 0.336914 0.259791 0.337891 0.261097 0.337891 0.262402 0.339844 0.265013 0.343750 0.265013 0.344727 0.266319 0.346680 0.266319 0.349609 0.268930 0.351562 0.268930 0.352539 0.270235 0.354492 0.270235 0.355469 0.271540 0.359375 0.271540 0.360352 0.272846 0.371094 0.272846 0.372070 0.271540 0.373047 0.271540 0.375977 0.267624 0.376953 0.267624 0.376953 0.266319 0.378906 0.262402 0.377930 0.261097 0.377930 0.257180 0.373047 0.249347 0.373047 0.246736 0.372070 0.245431 0.371094 0.241514 0.368164 0.237598 0.366211 0.231070 0.364258 0.228460 0.351562 0.228460 0.350586 0.229765 0.347656 0.229765 0.344727 0.233681 0.343750 0.233681 0.343750 0.234987
0 0.310547 0.284595 0.309570 0.284595 0.308594 0.283290 0.306641 0.283290 0.301758 0.288512 0.299805 0.288512 0.298828 0.289817 0.297852 0.288512 0.295898 0.288512 0.294922 0.287206 0.292969 0.287206 0.291992 0.285901 0.288086 0.285901 0.286133 0.288512 0.286133 0.306789 0.287109 0.308094 0.287109 0.310705 0.288086 0.312010 0.288086 0.313316 0.291992 0.318538 0.309570 0.318538 0.310547 0.317232 0.315430 0.317232 0.316406 0.315927 0.318359 0.315927 0.319336 0.314621 0.319336 0.312010 0.320312 0.310705 0.320312 0.302872 0.319336 0.301567 0.319336 0.300261 0.316406 0.296345 0.316406 0.295039 0.315430 0.293734 0.314453 0.289817
0 0.234375 0.310705 0.234375 0.314621 0.235352 0.315927 0.235352 0.318538 0.236328 0.319843 0.237305 0.326371 0.238281 0.327676 0.239258 0.331593 0.242188 0.336815 0.242188 0.340731 0.243164 0.342037 0.245117 0.342037 0.246094 0.343342 0.250000 0.343342 0.250977 0.344648 0.252930 0.344648 0.253906 0.345953 0.255859 0.345953 0.256836 0.347258 0.262695 0.347258 0.263672 0.345953 0.264648 0.345953 0.276367 0.330287 0.276367 0.328982 0.277344 0.327676 0.277344 0.317232 0.275391 0.313316 0.275391 0.310705 0.274414 0.309399 0.274414 0.308094 0.273438 0.308094 0.271484 0.305483 0.270508 0.305483 0.267578 0.308094 0.262695 0.308094 0.261719 0.306789 0.259766 0.306789 0.258789 0.305483 0.257812 0.305483 0.256836 0.304178 0.254883 0.304178 0.253906 0.302872 0.244141 0.302872 0.240234 0.306789 0.239258 0.306789
0 0.154297 0.326371 0.152344 0.328982 0.152344 0.334204 0.153320 0.335509 0.153320 0.338120 0.154297 0.339426 0.154297 0.342037 0.156250 0.345953 0.156250 0.348564 0.157227 0.349869 0.158203 0.353786 0.160156 0.356397 0.161133 0.360313 0.166016 0.364230 0.172852 0.364230 0.173828 0.362924 0.174805 0.362924 0.178711 0.357702 0.179688 0.357702 0.181641 0.355091 0.182617 0.355091 0.188477 0.347258 0.188477 0.340731 0.187500 0.339426 0.187500 0.338120 0.181641 0.335509 0.177734 0.330287 0.176758 0.330287 0.173828 0.323760 0.173828 0.321149 0.167969 0.321149 0.166992 0.322454 0.165039 0.322454 0.164062 0.323760 0.162109 0.323760 0.161133 0.325065 0.156250 0.325065 0.155273 0.326371
0 0.116211 0.345953 0.116211 0.352480 0.117188 0.353786 0.117188 0.361619 0.118164 0.362924 0.118164 0.365535 0.120117 0.369452 0.121094 0.369452 0.127930 0.374674 0.129883 0.374674 0.132812 0.377285 0.150391 0.377285 0.151367 0.375979 0.154297 0.374674 0.154297 0.373368 0.156250 0.369452 0.156250 0.365535 0.155273 0.364230 0.155273 0.359008 0.154297 0.357702 0.154297 0.351175 0.153320 0.349869 0.153320 0.347258 0.150391 0.343342 0.150391 0.342037 0.149414 0.340731 0.148438 0.340731 0.146484 0.338120 0.146484 0.336815 0.144531 0.336815 0.143555 0.335509 0.140625 0.335509 0.139648 0.336815 0.138672 0.336815 0.136719 0.339426 0.133789 0.339426 0.132812 0.340731 0.127930 0.340731 0.126953 0.342037 0.125977 0.340731 0.122070 0.340731 0.121094 0.342037 0.119141 0.342037
0 0.194336 0.342037 0.194336 0.344648 0.193359 0.345953 0.193359 0.364230 0.194336 0.365535 0.194336 0.368146 0.196289 0.370757 0.196289 0.372063 0.197266 0.373368 0.198242 0.373368 0.199219 0.374674 0.201172 0.374674 0.202148 0.375979 0.205078 0.375979 0.206055 0.377285 0.209961 0.377285 0.210938 0.375979 0.212891 0.375979 0.213867 0.374674 0.215820 0.374674 0.216797 0.373368 0.219727 0.373368 0.220703 0.372063 0.223633 0.370757 0.223633 0.369452 0.224609 0.368146 0.224609 0.362924 0.225586 0.361619 0.225586 0.360313 0.224609 0.359008 0.224609 0.349869 0.223633 0.348564 0.223633 0.345953 0.225586 0.343342 0.226562 0.343342 0.226562 0.340731 0.224609 0.338120 0.224609 0.336815 0.223633 0.335509 0.220703 0.339426 0.217773 0.339426 0.216797 0.338120 0.213867 0.338120 0.212891 0.336815 0.209961 0.336815 0.208984 0.335509 0.203125 0.335509 0.202148 0.336815 0.200195 0.336815 0.199219 0.338120 0.196289 0.339426
0 0.238281 0.345953 0.231445 0.352480 0.231445 0.353786 0.230469 0.355091 0.230469 0.357702 0.229492 0.359008 0.229492 0.360313 0.227539 0.362924 0.227539 0.366841 0.226562 0.368146 0.226562 0.372063 0.227539 0.373368 0.227539 0.377285 0.232422 0.389034 0.233398 0.389034 0.239258 0.395561 0.240234 0.395561 0.243164 0.398172 0.246094 0.398172 0.247070 0.399478 0.250000 0.399478 0.250977 0.398172 0.252930 0.398172 0.253906 0.396867 0.254883 0.396867 0.262695 0.386423 0.262695 0.385117 0.263672 0.383812 0.263672 0.374674 0.264648 0.373368 0.264648 0.370757 0.263672 0.369452 0.263672 0.364230 0.262695 0.362924 0.262695 0.361619 0.261719 0.361619 0.256836 0.356397 0.255859 0.356397 0.254883 0.355091 0.252930 0.355091 0.251953 0.353786 0.250000 0.353786 0.249023 0.352480 0.247070 0.352480 0.246094 0.351175 0.244141 0.351175 0.242188 0.348564 0.242188 0.347258 0.241211 0.347258 0.240234 0.345953
0 0.273438 0.344648 0.268555 0.351175 0.268555 0.355091 0.267578 0.356397 0.267578 0.357702 0.268555 0.359008 0.268555 0.361619 0.269531 0.362924 0.269531 0.364230 0.278320 0.375979 0.278320 0.377285 0.279297 0.378590 0.280273 0.378590 0.283203 0.381201 0.285156 0.381201 0.286133 0.382507 0.288086 0.382507 0.289062 0.383812 0.291992 0.383812 0.292969 0.382507 0.295898 0.382507 0.299805 0.377285 0.299805 0.374674 0.300781 0.373368 0.300781 0.370757 0.301758 0.369452 0.301758 0.365535 0.299805 0.362924 0.299805 0.361619 0.297852 0.357702 0.297852 0.355091 0.295898 0.352480 0.295898 0.351175 0.294922 0.349869 0.293945 0.345953 0.289062 0.339426 0.288086 0.339426 0.287109 0.338120 0.283203 0.338120 0.280273 0.342037 0.278320 0.342037 0.277344 0.343342 0.275391 0.343342 0.274414 0.344648
0 0.308594 0.326371 0.307617 0.327676 0.306641 0.327676 0.304688 0.330287 0.304688 0.331593 0.301758 0.335509 0.301758 0.336815 0.297852 0.342037 0.297852 0.344648 0.296875 0.345953 0.296875 0.348564 0.297852 0.349869 0.297852 0.352480 0.298828 0.353786 0.298828 0.355091 0.299805 0.356397 0.299805 0.357702 0.300781 0.359008 0.302734 0.365535 0.312500 0.378590 0.319336 0.378590 0.320312 0.377285 0.323242 0.375979 0.323242 0.374674 0.328125 0.368146 0.328125 0.366841 0.330078 0.364230 0.330078 0.359008 0.331055 0.357702 0.331055 0.356397 0.330078 0.355091 0.330078 0.348564 0.329102 0.347258 0.327148 0.340731 0.323242 0.335509 0.322266 0.335509 0.321289 0.334204 0.319336 0.334204 0.318359 0.332898 0.312500 0.332898 0.311523 0.331593 0.309570 0.331593 0.308594 0.330287 0.308594 0.328982 0.310547 0.326371
0 0.353516 0.314621 0.352539 0.314621 0.351562 0.315927 0.349609 0.315927 0.346680 0.318538 0.344727 0.318538 0.339844 0.325065 0.339844 0.326371 0.333984 0.335509 0.333984 0.355091 0.334961 0.356397 0.334961 0.360313 0.335938 0.361619 0.337891 0.368146 0.341797 0.373368 0.341797 0.374674 0.344727 0.377285 0.346680 0.377285 0.347656 0.375979 0.348633 0.375979 0.351562 0.372063 0.352539 0.372063 0.354492 0.369452 0.355469 0.369452 0.357422 0.366841 0.358398 0.366841 0.360352 0.364230 0.361328 0.364230 0.363281 0.361619 0.364258 0.361619 0.366211 0.359008 0.367188 0.359008 0.369141 0.356397 0.369141 0.355091 0.370117 0.353786 0.371094 0.349869 0.373047 0.347258 0.373047 0.344648 0.374023 0.343342 0.374023 0.334204 0.373047 0.332898 0.373047 0.328982 0.372070 0.327676 0.372070 0.326371 0.370117 0.323760 0.365234 0.322454 0.363281 0.319843 0.362305 0.319843 0.357422 0.315927 0.354492 0.315927
0 0.156250 0.389034 0.154297 0.386423 0.152344 0.386423 0.151367 0.385117 0.146484 0.385117 0.145508 0.383812 0.141602 0.383812 0.140625 0.385117 0.135742 0.385117 0.134766 0.386423 0.132812 0.386423 0.131836 0.387728 0.130859 0.387728 0.126953 0.392950 0.126953 0.394256 0.125977 0.395561 0.125977 0.398172 0.124023 0.402089 0.124023 0.406005 0.123047 0.407311 0.123047 0.409922 0.121094 0.413838 0.121094 0.416449 0.122070 0.417755 0.122070 0.421671 0.124023 0.424282 0.125000 0.424282 0.125977 0.425587 0.127930 0.425587 0.128906 0.426893 0.132812 0.426893 0.133789 0.428198 0.136719 0.428198 0.137695 0.429504 0.141602 0.429504 0.142578 0.428198 0.145508 0.428198 0.146484 0.426893 0.148438 0.426893 0.152344 0.421671 0.153320 0.421671 0.156250 0.419060 0.156250 0.417755 0.158203 0.413838 0.158203 0.411227 0.160156 0.407311 0.160156 0.403394 0.158203 0.399478 0.158203 0.395561 0.157227 0.394256 0.157227 0.391645 0.156250 0.390339
0 0.188477 0.366841 0.180664 0.366841 0.177734 0.369452 0.173828 0.369452 0.172852 0.370757 0.170898 0.370757 0.169922 0.372063 0.166992 0.373368 0.163086 0.378590 0.163086 0.379896 0.161133 0.383812 0.161133 0.398172 0.162109 0.399478 0.163086 0.403394 0.165039 0.406005 0.167969 0.407311 0.170898 0.411227 0.171875 0.411227 0.176758 0.416449 0.180664 0.416449 0.181641 0.415144 0.182617 0.415144 0.184570 0.412533 0.184570 0.409922 0.185547 0.408616 0.186523 0.408616 0.187500 0.407311 0.187500 0.406005 0.189453 0.403394 0.189453 0.402089 0.190430 0.400783 0.190430 0.398172 0.191406 0.396867 0.191406 0.387728 0.193359 0.383812 0.193359 0.377285 0.189453 0.372063 0.189453 0.368146
0 0.211914 0.392950 0.211914 0.395561 0.210938 0.396867 0.210938 0.408616 0.211914 0.409922 0.212891 0.413838 0.217773 0.420366 0.219727 0.420366 0.220703 0.421671 0.221680 0.421671 0.222656 0.422977 0.223633 0.422977 0.228516 0.426893 0.232422 0.426893 0.233398 0.428198 0.239258 0.428198 0.240234 0.426893 0.241211 0.426893 0.244141 0.422977 0.245117 0.422977 0.248047 0.420366 0.248047 0.417755 0.249023 0.416449 0.249023 0.413838 0.248047 0.412533 0.248047 0.408616 0.243164 0.402089 0.242188 0.402089 0.238281 0.396867 0.237305 0.396867 0.236328 0.395561 0.235352 0.395561 0.234375 0.394256 0.233398 0.394256 0.232422 0.392950 0.229492 0.391645 0.226562 0.387728 0.225586 0.387728 0.224609 0.386423 0.216797 0.386423
0 0.270508 0.386423 0.269531 0.387728 0.267578 0.387728 0.266602 0.389034 0.265625 0.389034 0.263672 0.391645 0.262695 0.391645 0.260742 0.394256 0.259766 0.394256 0.257812 0.396867 0.256836 0.396867 0.256836 0.398172 0.253906 0.402089 0.253906 0.412533 0.254883 0.413838 0.254883 0.417755 0.256836 0.420366 0.256836 0.421671 0.257812 0.422977 0.258789 0.422977 0.259766 0.424282 0.260742 0.424282 0.262695 0.426893 0.263672 0.426893 0.266602 0.429504 0.268555 0.429504 0.273438 0.433420 0.276367 0.433420 0.277344 0.432115 0.279297 0.432115 0.280273 0.430809 0.281250 0.430809 0.287109 0.422977 0.287109 0.420366 0.288086 0.419060 0.288086 0.403394 0.289062 0.402089 0.289062 0.398172 0.288086 0.396867 0.288086 0.392950 0.287109 0.391645 0.287109 0.390339 0.284180 0.387728 0.281250 0.387728 0.280273 0.386423
0 0.301758 0.379896 0.300781 0.381201 0.299805 0.381201 0.296875 0.385117 0.296875 0.387728 0.295898 0.389034 0.295898 0.391645 0.292969 0.398172 0.292969 0.400783 0.291992 0.402089 0.291992 0.403394 0.291016 0.404700 0.291016 0.407311 0.290039 0.408616 0.290039 0.417755 0.291992 0.420366 0.291992 0.421671 0.294922 0.422977 0.296875 0.425587 0.299805 0.425587 0.300781 0.426893 0.306641 0.426893 0.307617 0.425587 0.311523 0.425587 0.312500 0.424282 0.313477 0.424282 0.314453 0.422977 0.317383 0.421671 0.320312 0.417755 0.320312 0.416449 0.323242 0.409922 0.323242 0.404700 0.322266 0.403394 0.322266 0.402089 0.320312 0.399478 0.320312 0.396867 0.319336 0.395561 0.318359 0.391645 0.311523 0.382507 0.310547 0.382507 0.309570 0.381201 0.307617 0.381201 0.306641 0.379896
0 0.327148 0.372063 0.325195 0.375979 0.325195 0.381201 0.326172 0.382507 0.326172 0.387728 0.327148 0.389034 0.326172 0.390339 0.326172 0.402089 0.327148 0.403394 0.328125 0.407311 0.329102 0.407311 0.331055 0.409922 0.331055 0.411227 0.333984 0.413838 0.340820 0.413838 0.341797 0.415144 0.352539 0.415144 0.353516 0.413838 0.353516 0.411227 0.358398 0.404700 0.358398 0.402089 0.359375 0.400783 0.359375 0.396867 0.360352 0.395561 0.360352 0.392950 0.362305 0.389034 0.361328 0.385117 0.358398 0.381201 0.357422 0.381201 0.356445 0.379896 0.354492 0.379896 0.353516 0.378590 0.349609 0.378590 0.346680 0.381201 0.343750 0.381201 0.342773 0.379896 0.341797 0.379896 0.339844 0.377285 0.339844 0.375979 0.337891 0.373368 0.336914 0.373368 0.335938 0.372063 0.332031 0.372063 0.331055 0.370757 0.329102 0.370757 0.328125 0.372063
0 0.332031 0.415144 0.329102 0.417755 0.329102 0.419060 0.327148 0.421671 0.327148 0.424282 0.325195 0.428198 0.325195 0.437337 0.327148 0.441253 0.327148 0.443864 0.328125 0.445170 0.328125 0.447781 0.330078 0.450392 0.331055 0.450392 0.332031 0.451697 0.333984 0.451697 0.334961 0.453003 0.336914 0.453003 0.337891 0.454308 0.340820 0.454308 0.341797 0.453003 0.344727 0.453003 0.346680 0.450392 0.347656 0.450392 0.347656 0.449086 0.349609 0.446475 0.349609 0.445170 0.352539 0.441253 0.352539 0.437337 0.353516 0.436031 0.353516 0.424282 0.352539 0.422977 0.352539 0.421671 0.350586 0.417755 0.347656 0.417755 0.346680 0.416449 0.338867 0.416449 0.337891 0.415144
0 0.292969 0.430809 0.291992 0.432115 0.290039 0.432115 0.289062 0.433420 0.286133 0.434726 0.284180 0.437337 0.284180 0.438642 0.283203 0.439948 0.283203 0.449086 0.284180 0.450392 0.284180 0.455614 0.285156 0.456919 0.285156 0.458225 0.286133 0.459530 0.286133 0.460836 0.287109 0.462141 0.287109 0.463446 0.288086 0.464752 0.288086 0.466057 0.289062 0.467363 0.290039 0.471279 0.291992 0.473890 0.293945 0.473890 0.294922 0.475196 0.296875 0.475196 0.297852 0.476501 0.298828 0.476501 0.299805 0.475196 0.302734 0.475196 0.303711 0.473890 0.304688 0.473890 0.307617 0.469974 0.307617 0.468668 0.308594 0.467363 0.308594 0.464752 0.310547 0.462141 0.310547 0.460836 0.312500 0.456919 0.312500 0.454308 0.313477 0.453003 0.313477 0.446475 0.312500 0.445170 0.312500 0.443864 0.306641 0.436031 0.305664 0.436031 0.302734 0.433420 0.300781 0.433420 0.299805 0.432115 0.296875 0.432115 0.295898 0.430809
0 0.208984 0.450392 0.208984 0.454308 0.209961 0.455614 0.209961 0.458225 0.210938 0.459530 0.210938 0.464752 0.211914 0.466057 0.211914 0.468668 0.212891 0.469974 0.212891 0.471279 0.215820 0.475196 0.218750 0.475196 0.219727 0.476501 0.233398 0.476501 0.234375 0.475196 0.237305 0.475196 0.238281 0.473890 0.240234 0.473890 0.241211 0.472585 0.242188 0.472585 0.242188 0.471279 0.244141 0.467363 0.244141 0.459530 0.245117 0.458225 0.245117 0.455614 0.246094 0.454308 0.246094 0.451697 0.244141 0.449086 0.244141 0.447781 0.242188 0.447781 0.241211 0.446475 0.240234 0.446475 0.236328 0.439948 0.236328 0.437337 0.235352 0.437337 0.234375 0.436031 0.219727 0.436031 0.215820 0.441253 0.214844 0.445170 0.213867 0.446475 0.210938 0.447781
0 0.181641 0.419060 0.179688 0.422977 0.179688 0.425587 0.180664 0.426893 0.180664 0.429504 0.181641 0.430809 0.181641 0.433420 0.182617 0.434726 0.182617 0.438642 0.183594 0.439948 0.183594 0.441253 0.185547 0.443864 0.185547 0.445170 0.186523 0.445170 0.191406 0.450392 0.192383 0.450392 0.193359 0.451697 0.195312 0.451697 0.196289 0.453003 0.205078 0.453003 0.208008 0.449086 0.208008 0.447781 0.208984 0.446475 0.209961 0.442559 0.211914 0.439948 0.211914 0.437337 0.212891 0.436031 0.212891 0.433420 0.213867 0.432115 0.213867 0.425587 0.212891 0.424282 0.212891 0.421671 0.211914 0.420366 0.210938 0.416449 0.209961 0.416449 0.208984 0.415144 0.206055 0.413838 0.202148 0.408616 0.196289 0.408616 0.195312 0.409922 0.194336 0.409922 0.191406 0.413838 0.190430 0.413838 0.187500 0.416449 0.185547 0.416449 0.184570 0.417755
0 0.144531 0.446475 0.144531 0.447781 0.142578 0.450392 0.142578 0.456919 0.144531 0.459530 0.144531 0.460836 0.145508 0.462141 0.146484 0.466057 0.150391 0.471279 0.153320 0.472585 0.156250 0.476501 0.156250 0.477807 0.158203 0.481723 0.166992 0.481723 0.167969 0.480418 0.168945 0.480418 0.169922 0.479112 0.170898 0.479112 0.171875 0.477807 0.172852 0.477807 0.175781 0.475196 0.175781 0.473890 0.176758 0.472585 0.176758 0.466057 0.175781 0.464752 0.175781 0.462141 0.174805 0.460836 0.174805 0.454308 0.173828 0.453003 0.173828 0.451697 0.171875 0.449086 0.170898 0.445170 0.169922 0.445170 0.168945 0.443864 0.166992 0.443864 0.166016 0.442559 0.161133 0.442559 0.160156 0.441253 0.155273 0.441253 0.154297 0.442559 0.148438 0.442559 0.147461 0.443864 0.146484 0.443864
0 0.121094 0.425587 0.119141 0.428198 0.119141 0.433420 0.118164 0.434726 0.118164 0.439948 0.117188 0.441253 0.117188 0.447781 0.118164 0.449086 0.119141 0.449086 0.121094 0.451697 0.122070 0.451697 0.123047 0.453003 0.125000 0.453003 0.125977 0.454308 0.126953 0.454308 0.127930 0.455614 0.130859 0.455614 0.131836 0.456919 0.134766 0.456919 0.135742 0.455614 0.138672 0.455614 0.139648 0.454308 0.139648 0.453003 0.140625 0.451697 0.140625 0.450392 0.141602 0.449086 0.141602 0.447781 0.142578 0.446475 0.142578 0.443864 0.143555 0.442559 0.143555 0.439948 0.144531 0.438642 0.144531 0.433420 0.143555 0.432115 0.141602 0.432115 0.140625 0.430809 0.136719 0.430809 0.135742 0.429504 0.132812 0.429504 0.131836 0.428198 0.128906 0.428198 0.127930 0.426893 0.125000 0.426893 0.124023 0.425587
0 0.129883 0.467363 0.125977 0.472585 0.125977 0.473890 0.124023 0.477807 0.124023 0.483029 0.123047 0.484334 0.123047 0.488251 0.124023 0.489556 0.124023 0.490862 0.125977 0.493473 0.125977 0.494778 0.128906 0.498695 0.129883 0.498695 0.130859 0.500000 0.132812 0.500000 0.133789 0.501305 0.136719 0.501305 0.137695 0.502611 0.141602 0.502611 0.142578 0.503916 0.146484 0.503916 0.147461 0.505222 0.150391 0.505222 0.151367 0.503916 0.153320 0.503916 0.155273 0.500000 0.155273 0.494778 0.156250 0.493473 0.156250 0.485640 0.155273 0.484334 0.155273 0.483029 0.154297 0.483029 0.153320 0.481723 0.150391 0.480418 0.148438 0.477807 0.147461 0.477807 0.146484 0.476501 0.146484 0.475196 0.143555 0.471279 0.142578 0.471279 0.139648 0.468668 0.133789 0.468668 0.132812 0.467363
0 0.157227 0.498695 0.157227 0.500000 0.156250 0.501305 0.156250 0.509138 0.157227 0.510444 0.157227 0.514360 0.159180 0.516971 0.162109 0.518277 0.166992 0.523499 0.168945 0.523499 0.169922 0.524804 0.171875 0.524804 0.172852 0.526110 0.174805 0.526110 0.175781 0.527415 0.184570 0.527415 0.185547 0.526110 0.186523 0.526110 0.192383 0.516971 0.192383 0.515666 0.194336 0.511749 0.194336 0.502611 0.193359 0.501305 0.193359 0.500000 0.191406 0.500000 0.190430 0.498695 0.189453 0.498695 0.186523 0.494778 0.186523 0.493473 0.181641 0.486945 0.179688 0.486945 0.178711 0.485640 0.176758 0.485640 0.175781 0.486945 0.173828 0.486945 0.172852 0.488251 0.170898 0.488251 0.167969 0.490862 0.165039 0.490862 0.164062 0.492167 0.162109 0.492167
0 0.197266 0.464752 0.193359 0.469974 0.192383 0.469974 0.192383 0.471279 0.186523 0.479112 0.186523 0.480418 0.185547 0.481723 0.185547 0.488251 0.189453 0.493473 0.190430 0.493473 0.194336 0.498695 0.195312 0.498695 0.197266 0.501305 0.199219 0.501305 0.200195 0.502611 0.201172 0.502611 0.202148 0.503916 0.203125 0.503916 0.206055 0.506527 0.209961 0.506527 0.210938 0.505222 0.212891 0.505222 0.213867 0.503916 0.214844 0.503916 0.217773 0.500000 0.218750 0.496084 0.220703 0.493473 0.220703 0.490862 0.219727 0.489556 0.219727 0.486945 0.218750 0.485640 0.218750 0.483029 0.217773 0.481723 0.217773 0.480418 0.211914 0.472585 0.211914 0.471279 0.207031 0.466057 0.206055 0.466057 0.205078 0.464752 0.203125 0.464752 0.202148 0.463446 0.200195 0.463446 0.199219 0.464752
0 0.234375 0.477807 0.232422 0.481723 0.232422 0.485640 0.233398 0.486945 0.232422 0.488251 0.232422 0.490862 0.231445 0.492167 0.231445 0.494778 0.232422 0.496084 0.232422 0.500000 0.233398 0.501305 0.233398 0.502611 0.235352 0.505222 0.235352 0.506527 0.236328 0.507833 0.237305 0.507833 0.239258 0.510444 0.240234 0.510444 0.241211 0.511749 0.242188 0.511749 0.243164 0.513055 0.244141 0.513055 0.246094 0.515666 0.251953 0.515666 0.254883 0.511749 0.254883 0.501305 0.255859 0.500000 0.255859 0.492167 0.254883 0.490862 0.254883 0.489556 0.252930 0.485640 0.252930 0.481723 0.251953 0.480418 0.251953 0.479112 0.249023 0.476501 0.246094 0.476501 0.245117 0.475196 0.243164 0.475196 0.242188 0.476501 0.238281 0.476501 0.237305 0.477807
0 0.262695 0.464752 0.261719 0.466057 0.260742 0.466057 0.258789 0.468668 0.258789 0.469974 0.257812 0.471279 0.257812 0.472585 0.255859 0.476501 0.255859 0.483029 0.256836 0.484334 0.256836 0.489556 0.257812 0.490862 0.257812 0.493473 0.261719 0.498695 0.261719 0.500000 0.262695 0.501305 0.263672 0.501305 0.266602 0.505222 0.267578 0.505222 0.270508 0.507833 0.272461 0.507833 0.273438 0.506527 0.274414 0.506527 0.282227 0.496084 0.282227 0.494778 0.286133 0.489556 0.286133 0.488251 0.288086 0.485640 0.288086 0.484334 0.290039 0.480418 0.290039 0.477807 0.289062 0.476501 0.289062 0.475196 0.288086 0.473890 0.288086 0.472585 0.287109 0.471279 0.286133 0.467363 0.284180 0.467363 0.283203 0.466057 0.273438 0.466057 0.272461 0.464752 0.268555 0.464752 0.267578 0.466057 0.266602 0.466057 0.265625 0.464752
0 0.314453 0.473890 0.313477 0.473890 0.312500 0.475196 0.310547 0.475196 0.309570 0.476501 0.307617 0.476501 0.306641 0.477807 0.305664 0.477807 0.304688 0.479112 0.301758 0.480418 0.298828 0.484334 0.297852 0.484334 0.297852 0.485640 0.295898 0.489556 0.295898 0.498695 0.301758 0.506527 0.302734 0.510444 0.306641 0.515666 0.307617 0.515666 0.308594 0.516971 0.313477 0.516971 0.314453 0.515666 0.317383 0.514360 0.320312 0.510444 0.321289 0.510444 0.325195 0.505222 0.326172 0.505222 0.329102 0.501305 0.329102 0.500000 0.330078 0.498695 0.330078 0.497389 0.328125 0.493473 0.328125 0.490862 0.327148 0.489556 0.327148 0.486945 0.326172 0.485640 0.326172 0.481723 0.325195 0.481723 0.324219 0.480418 0.322266 0.480418 0.321289 0.479112 0.318359 0.477807 0.316406 0.475196 0.315430 0.475196
0 0.334961 0.459530 0.331055 0.466057 0.331055 0.468668 0.330078 0.469974 0.330078 0.475196 0.331055 0.476501 0.331055 0.484334 0.332031 0.485640 0.332031 0.488251 0.334961 0.492167 0.334961 0.493473 0.335938 0.494778 0.336914 0.494778 0.339844 0.498695 0.340820 0.498695 0.342773 0.501305 0.343750 0.501305 0.344727 0.502611 0.347656 0.502611 0.348633 0.503916 0.352539 0.503916 0.353516 0.502611 0.355469 0.502611 0.356445 0.501305 0.357422 0.501305 0.358398 0.500000 0.358398 0.498695 0.359375 0.497389 0.359375 0.494778 0.360352 0.493473 0.360352 0.477807 0.359375 0.476501 0.359375 0.468668 0.360352 0.467363 0.360352 0.466057 0.359375 0.464752 0.359375 0.462141 0.356445 0.459530 0.338867 0.459530 0.337891 0.458225 0.336914 0.459530
0 0.363281 0.501305 0.362305 0.502611 0.360352 0.502611 0.358398 0.505222 0.357422 0.505222 0.353516 0.510444 0.353516 0.515666 0.354492 0.516971 0.355469 0.516971 0.357422 0.519582 0.355469 0.523499 0.355469 0.532637 0.356445 0.533943 0.356445 0.536554 0.357422 0.536554 0.362305 0.541775 0.365234 0.543081 0.366211 0.541775 0.371094 0.541775 0.372070 0.540470 0.374023 0.540470 0.381836 0.530026 0.382812 0.530026 0.383789 0.528721 0.383789 0.527415 0.385742 0.524804 0.385742 0.523499 0.384766 0.522193 0.384766 0.520888 0.382812 0.516971 0.382812 0.514360 0.377930 0.507833 0.376953 0.507833 0.375977 0.506527 0.374023 0.506527 0.372070 0.503916 0.371094 0.503916 0.370117 0.502611 0.367188 0.502611 0.366211 0.501305
0 0.320312 0.518277 0.320312 0.520888 0.321289 0.522193 0.321289 0.526110 0.323242 0.528721 0.323242 0.530026 0.325195 0.532637 0.325195 0.533943 0.326172 0.535248 0.327148 0.535248 0.329102 0.537859 0.331055 0.537859 0.332031 0.539164 0.339844 0.539164 0.340820 0.540470 0.344727 0.540470 0.345703 0.539164 0.350586 0.539164 0.351562 0.537859 0.352539 0.537859 0.354492 0.535248 0.354492 0.523499 0.353516 0.522193 0.353516 0.520888 0.352539 0.519582 0.352539 0.518277 0.351562 0.516971 0.351562 0.515666 0.350586 0.515666 0.349609 0.514360 0.348633 0.514360 0.344727 0.509138 0.344727 0.507833 0.343750 0.507833 0.342773 0.506527 0.333008 0.506527 0.332031 0.507833 0.329102 0.507833 0.328125 0.509138 0.327148 0.509138 0.326172 0.510444 0.325195 0.510444 0.321289 0.515666 0.321289 0.516971
0 0.293945 0.520888 0.292969 0.522193 0.292969 0.523499 0.288086 0.530026 0.288086 0.531332 0.286133 0.533943 0.286133 0.535248 0.285156 0.536554 0.285156 0.539164 0.284180 0.540470 0.285156 0.541775 0.285156 0.544386 0.286133 0.545692 0.286133 0.546997 0.289062 0.550914 0.290039 0.550914 0.291016 0.552219 0.291992 0.552219 0.292969 0.553525 0.293945 0.553525 0.294922 0.554830 0.295898 0.554830 0.298828 0.557441 0.302734 0.557441 0.303711 0.558747 0.308594 0.558747 0.309570 0.557441 0.311523 0.557441 0.312500 0.556136 0.315430 0.554830 0.318359 0.550914 0.318359 0.548303 0.319336 0.546997 0.319336 0.539164 0.318359 0.537859 0.318359 0.535248 0.317383 0.533943 0.316406 0.530026 0.312500 0.524804 0.311523 0.524804 0.308594 0.520888 0.306641 0.520888 0.305664 0.519582 0.296875 0.519582 0.295898 0.520888
0 0.258789 0.513055 0.257812 0.514360 0.257812 0.515666 0.258789 0.516971 0.258789 0.520888 0.259766 0.522193 0.259766 0.524804 0.260742 0.526110 0.260742 0.528721 0.261719 0.530026 0.261719 0.531332 0.262695 0.532637 0.262695 0.533943 0.263672 0.535248 0.263672 0.536554 0.264648 0.537859 0.264648 0.539164 0.267578 0.543081 0.269531 0.543081 0.270508 0.544386 0.275391 0.544386 0.276367 0.543081 0.280273 0.543081 0.283203 0.539164 0.283203 0.537859 0.285156 0.533943 0.285156 0.531332 0.286133 0.530026 0.286133 0.528721 0.288086 0.524804 0.288086 0.519582 0.287109 0.518277 0.287109 0.516971 0.286133 0.515666 0.286133 0.514360 0.283203 0.510444 0.282227 0.510444 0.281250 0.509138 0.275391 0.509138 0.274414 0.510444 0.269531 0.510444 0.268555 0.509138 0.263672 0.509138 0.262695 0.510444 0.261719 0.510444 0.259766 0.513055
0 0.250977 0.524804 0.247070 0.524804 0.246094 0.526110 0.245117 0.526110 0.244141 0.527415 0.243164 0.527415 0.242188 0.528721 0.242188 0.530026 0.239258 0.533943 0.239258 0.535248 0.238281 0.536554 0.238281 0.539164 0.236328 0.541775 0.236328 0.544386 0.235352 0.545692 0.235352 0.549608 0.236328 0.550914 0.236328 0.553525 0.237305 0.554830 0.237305 0.556136 0.238281 0.557441 0.238281 0.558747 0.239258 0.560052 0.239258 0.561358 0.242188 0.565274 0.243164 0.565274 0.245117 0.567885 0.247070 0.567885 0.248047 0.569191 0.249023 0.567885 0.251953 0.567885 0.252930 0.566580 0.253906 0.566580 0.254883 0.565274 0.255859 0.565274 0.257812 0.562663 0.258789 0.562663 0.263672 0.556136 0.264648 0.556136 0.264648 0.554830 0.265625 0.553525 0.265625 0.548303 0.264648 0.546997 0.264648 0.544386 0.262695 0.541775 0.262695 0.540470 0.261719 0.539164 0.261719 0.537859 0.253906 0.527415 0.252930 0.527415
0 0.202148 0.510444 0.200195 0.513055 0.200195 0.514360 0.198242 0.518277 0.198242 0.522193 0.197266 0.523499 0.197266 0.530026 0.198242 0.531332 0.198242 0.532637 0.200195 0.535248 0.203125 0.536554 0.205078 0.539164 0.208008 0.540470 0.209961 0.543081 0.210938 0.543081 0.213867 0.545692 0.216797 0.545692 0.219727 0.548303 0.225586 0.545692 0.229492 0.540470 0.230469 0.536554 0.232422 0.533943 0.232422 0.532637 0.234375 0.528721 0.234375 0.526110 0.235352 0.524804 0.235352 0.520888 0.236328 0.519582 0.234375 0.516971 0.234375 0.515666 0.233398 0.514360 0.233398 0.510444 0.231445 0.507833 0.229492 0.507833 0.228516 0.506527 0.221680 0.506527 0.220703 0.505222 0.219727 0.506527 0.216797 0.506527 0.213867 0.509138 0.205078 0.509138 0.204102 0.510444
0 0.177734 0.533943 0.177734 0.535248 0.178711 0.536554 0.178711 0.540470 0.179688 0.541775 0.179688 0.544386 0.180664 0.545692 0.180664 0.548303 0.181641 0.549608 0.181641 0.552219 0.184570 0.556136 0.201172 0.556136 0.202148 0.554830 0.205078 0.554830 0.206055 0.553525 0.208008 0.553525 0.209961 0.550914 0.209961 0.545692 0.206055 0.540470 0.205078 0.540470 0.204102 0.539164 0.203125 0.539164 0.201172 0.536554 0.200195 0.536554 0.196289 0.531332 0.196289 0.530026 0.195312 0.528721 0.187500 0.528721 0.186523 0.530026 0.182617 0.530026 0.181641 0.531332 0.178711 0.531332 0.178711 0.532637
0 0.145508 0.509138 0.142578 0.513055 0.142578 0.519582 0.143555 0.520888 0.143555 0.524804 0.144531 0.526110 0.144531 0.528721 0.145508 0.530026 0.145508 0.531332 0.146484 0.532637 0.146484 0.533943 0.148438 0.536554 0.149414 0.536554 0.152344 0.540470 0.152344 0.541775 0.154297 0.544386 0.160156 0.544386 0.161133 0.543081 0.162109 0.543081 0.164062 0.540470 0.164062 0.537859 0.165039 0.536554 0.165039 0.533943 0.166016 0.532637 0.166016 0.524804 0.162109 0.519582 0.160156 0.519582 0.155273 0.513055 0.155273 0.511749 0.154297 0.510444 0.152344 0.510444 0.151367 0.509138
0 0.148438 0.549608 0.148438 0.552219 0.147461 0.553525 0.147461 0.567885 0.148438 0.569191 0.148438 0.571802 0.149414 0.573107 0.149414 0.574413 0.150391 0.575718 0.150391 0.577023 0.153320 0.580940 0.156250 0.580940 0.157227 0.582245 0.166992 0.582245 0.167969 0.580940 0.169922 0.580940 0.170898 0.579634 0.171875 0.579634 0.177734 0.571802 0.177734 0.569191 0.178711 0.567885 0.178711 0.556136 0.177734 0.554830 0.176758 0.554830 0.174805 0.552219 0.173828 0.552219 0.170898 0.548303 0.168945 0.548303 0.167969 0.546997 0.165039 0.546997 0.164062 0.545692 0.157227 0.545692 0.156250 0.546997 0.151367 0.546997 0.149414 0.549608
0 0.177734 0.590078 0.177734 0.592689 0.179688 0.595300 0.179688 0.596606 0.180664 0.596606 0.181641 0.597911 0.182617 0.597911 0.183594 0.599217 0.184570 0.599217 0.185547 0.600522 0.186523 0.600522 0.189453 0.604439 0.191406 0.604439 0.194336 0.607050 0.205078 0.607050 0.208984 0.601828 0.208984 0.600522 0.210938 0.597911 0.210938 0.595300 0.209961 0.593995 0.209961 0.591384 0.203125 0.582245 0.202148 0.582245 0.199219 0.579634 0.192383 0.579634 0.191406 0.578329 0.184570 0.578329 0.183594 0.579634 0.181641 0.579634 0.179688 0.582245 0.179688 0.583551 0.178711 0.584856 0.178711 0.588773
0 0.202148 0.562663 0.202148 0.563969 0.201172 0.565274 0.201172 0.577023 0.205078 0.582245 0.206055 0.582245 0.208008 0.584856 0.208984 0.584856 0.210938 0.587467 0.211914 0.587467 0.212891 0.588773 0.214844 0.588773 0.215820 0.590078 0.218750 0.590078 0.219727 0.591384 0.223633 0.591384 0.224609 0.590078 0.226562 0.590078 0.228516 0.587467 0.229492 0.587467 0.231445 0.584856 0.231445 0.583551 0.233398 0.579634 0.233398 0.575718 0.234375 0.574413 0.234375 0.569191 0.231445 0.565274 0.230469 0.566580 0.226562 0.566580 0.223633 0.563969 0.221680 0.563969 0.220703 0.562663 0.219727 0.562663 0.217773 0.560052 0.217773 0.558747 0.206055 0.558747 0.205078 0.560052 0.204102 0.560052
0 0.216797 0.599217 0.212891 0.604439 0.212891 0.605744 0.211914 0.607050 0.216797 0.613577 0.216797 0.614883 0.217773 0.616188 0.217773 0.617493 0.219727 0.620104 0.219727 0.621410 0.222656 0.625326 0.222656 0.626632 0.223633 0.627937 0.224609 0.627937 0.228516 0.633159 0.231445 0.633159 0.232422 0.634465 0.233398 0.633159 0.236328 0.633159 0.242188 0.625326 0.242188 0.624021 0.243164 0.622715 0.243164 0.621410 0.245117 0.618799 0.245117 0.616188 0.246094 0.614883 0.246094 0.612272 0.245117 0.610966 0.245117 0.608355 0.244141 0.607050 0.243164 0.607050 0.240234 0.603133 0.240234 0.601828 0.239258 0.601828 0.236328 0.597911 0.236328 0.596606 0.233398 0.593995 0.225586 0.593995 0.224609 0.595300 0.222656 0.595300 0.221680 0.596606 0.220703 0.596606 0.219727 0.597911 0.218750 0.597911 0.217773 0.599217
0 0.239258 0.580940 0.239258 0.588773 0.237305 0.591384 0.237305 0.592689 0.238281 0.593995 0.239258 0.597911 0.241211 0.600522 0.241211 0.601828 0.244141 0.605744 0.245117 0.605744 0.248047 0.608355 0.250977 0.608355 0.251953 0.609661 0.253906 0.609661 0.254883 0.610966 0.263672 0.610966 0.264648 0.609661 0.265625 0.609661 0.267578 0.607050 0.267578 0.605744 0.268555 0.604439 0.268555 0.601828 0.269531 0.600522 0.269531 0.599217 0.272461 0.592689 0.272461 0.588773 0.271484 0.587467 0.271484 0.586162 0.269531 0.583551 0.268555 0.583551 0.266602 0.580940 0.265625 0.580940 0.264648 0.579634 0.264648 0.577023 0.262695 0.574413 0.256836 0.574413 0.255859 0.575718 0.254883 0.575718 0.252930 0.571802 0.250000 0.571802 0.250000 0.575718 0.248047 0.578329 0.247070 0.578329 0.245117 0.575718 0.243164 0.575718
0 0.246094 0.620104 0.246094 0.621410 0.245117 0.622715 0.245117 0.629243 0.246094 0.630548 0.246094 0.633159 0.247070 0.634465 0.247070 0.635770 0.250000 0.639687 0.250977 0.639687 0.255859 0.646214 0.256836 0.646214 0.257812 0.647520 0.261719 0.647520 0.262695 0.648825 0.263672 0.647520 0.268555 0.647520 0.269531 0.646214 0.271484 0.646214 0.272461 0.644909 0.273438 0.644909 0.273438 0.643603 0.279297 0.635770 0.279297 0.622715 0.278320 0.621410 0.278320 0.620104 0.277344 0.618799 0.276367 0.614883 0.274414 0.612272 0.259766 0.612272 0.258789 0.613577 0.254883 0.613577 0.253906 0.614883 0.251953 0.614883 0.250977 0.616188 0.249023 0.616188
0 0.309570 0.596606 0.308594 0.596606 0.307617 0.595300 0.306641 0.595300 0.305664 0.593995 0.304688 0.593995 0.301758 0.591384 0.299805 0.591384 0.296875 0.588773 0.292969 0.588773 0.291992 0.590078 0.291016 0.590078 0.286133 0.596606 0.286133 0.597911 0.284180 0.600522 0.284180 0.601828 0.280273 0.607050 0.280273 0.610966 0.279297 0.612272 0.280273 0.613577 0.280273 0.616188 0.284180 0.621410 0.285156 0.621410 0.287109 0.624021 0.289062 0.624021 0.290039 0.625326 0.295898 0.625326 0.296875 0.624021 0.297852 0.624021 0.298828 0.622715 0.299805 0.622715 0.300781 0.621410 0.301758 0.621410 0.303711 0.618799 0.304688 0.618799 0.309570 0.612272 0.309570 0.610966 0.311523 0.608355 0.311523 0.600522
0 0.271484 0.552219 0.269531 0.554830 0.269531 0.556136 0.267578 0.558747 0.267578 0.560052 0.266602 0.561358 0.266602 0.565274 0.268555 0.569191 0.268555 0.571802 0.274414 0.579634 0.275391 0.579634 0.276367 0.580940 0.276367 0.582245 0.278320 0.584856 0.280273 0.584856 0.281250 0.586162 0.285156 0.586162 0.286133 0.587467 0.290039 0.587467 0.291016 0.586162 0.291992 0.586162 0.293945 0.582245 0.293945 0.573107 0.292969 0.571802 0.292969 0.567885 0.291016 0.565274 0.291016 0.563969 0.290039 0.562663 0.290039 0.561358 0.286133 0.556136 0.286133 0.554830 0.283203 0.552219 0.281250 0.552219 0.280273 0.550914 0.277344 0.550914 0.276367 0.549608 0.274414 0.549608 0.272461 0.552219
0 0.325195 0.566580 0.324219 0.565274 0.322266 0.565274 0.319336 0.561358 0.318359 0.561358 0.316406 0.558747 0.311523 0.558747 0.310547 0.560052 0.308594 0.560052 0.307617 0.561358 0.305664 0.561358 0.304688 0.562663 0.303711 0.562663 0.301758 0.565274 0.300781 0.565274 0.297852 0.569191 0.296875 0.569191 0.295898 0.570496 0.295898 0.583551 0.298828 0.587467 0.299805 0.587467 0.300781 0.588773 0.301758 0.588773 0.304688 0.591384 0.310547 0.591384 0.311523 0.590078 0.313477 0.590078 0.314453 0.588773 0.316406 0.588773 0.317383 0.587467 0.318359 0.587467 0.319336 0.586162 0.320312 0.586162 0.321289 0.584856 0.321289 0.583551 0.323242 0.580940 0.324219 0.580940 0.326172 0.578329 0.326172 0.577023 0.327148 0.575718 0.326172 0.574413 0.326172 0.570496 0.325195 0.569191
0 0.319336 0.607050 0.317383 0.609661 0.317383 0.610966 0.316406 0.612272 0.316406 0.614883 0.315430 0.616188 0.315430 0.627937 0.319336 0.633159 0.319336 0.634465 0.323242 0.640992 0.323242 0.642298 0.324219 0.643603 0.324219 0.644909 0.325195 0.646214 0.332031 0.646214 0.333008 0.644909 0.337891 0.644909 0.338867 0.643603 0.340820 0.643603 0.343750 0.639687 0.343750 0.626632 0.344727 0.625326 0.344727 0.621410 0.343750 0.620104 0.343750 0.617493 0.342773 0.616188 0.342773 0.613577 0.341797 0.612272 0.339844 0.612272 0.338867 0.610966 0.336914 0.610966 0.334961 0.608355 0.333984 0.608355 0.333008 0.607050 0.328125 0.607050 0.327148 0.605744 0.322266 0.605744 0.321289 0.607050
0 0.348633 0.541775 0.345703 0.544386 0.343750 0.544386 0.342773 0.545692 0.340820 0.545692 0.337891 0.549608 0.337891 0.562663 0.338867 0.563969 0.338867 0.566580 0.339844 0.567885 0.339844 0.569191 0.341797 0.571802 0.341797 0.573107 0.344727 0.577023 0.344727 0.578329 0.345703 0.578329 0.348633 0.580940 0.353516 0.580940 0.354492 0.579634 0.356445 0.579634 0.357422 0.578329 0.357422 0.577023 0.361328 0.571802 0.361328 0.570496 0.362305 0.569191 0.362305 0.567885 0.364258 0.565274 0.364258 0.562663 0.365234 0.561358 0.365234 0.554830 0.364258 0.553525 0.364258 0.549608 0.363281 0.548303 0.363281 0.545692 0.362305 0.544386 0.361328 0.544386 0.360352 0.543081 0.353516 0.543081 0.352539 0.541775
0 0.333984 0.577023 0.331055 0.580940 0.331055 0.590078 0.332031 0.591384 0.332031 0.592689 0.333984 0.595300 0.333984 0.596606 0.334961 0.597911 0.334961 0.599217 0.336914 0.603133 0.337891 0.603133 0.339844 0.605744 0.341797 0.605744 0.342773 0.607050 0.343750 0.607050 0.344727 0.608355 0.345703 0.608355 0.348633 0.610966 0.349609 0.610966 0.350586 0.609661 0.352539 0.609661 0.353516 0.608355 0.354492 0.608355 0.358398 0.603133 0.358398 0.593995 0.357422 0.592689 0.357422 0.588773 0.356445 0.587467 0.356445 0.583551 0.354492 0.580940 0.347656 0.580940 0.346680 0.579634 0.345703 0.579634 0.341797 0.574413 0.339844 0.574413 0.338867 0.575718 0.336914 0.575718 0.335938 0.577023
0 0.313477 0.638381 0.311523 0.642298 0.310547 0.642298 0.309570 0.643603 0.307617 0.643603 0.306641 0.644909 0.303711 0.644909 0.302734 0.643603 0.297852 0.643603 0.294922 0.647520 0.291992 0.648825 0.289062 0.652742 0.289062 0.661880 0.290039 0.663185 0.290039 0.665796 0.291016 0.667102 0.291016 0.668407 0.295898 0.674935 0.296875 0.674935 0.297852 0.676240 0.303711 0.676240 0.304688 0.674935 0.306641 0.674935 0.307617 0.673629 0.313477 0.673629 0.314453 0.672324 0.317383 0.671018 0.319336 0.668407 0.319336 0.667102 0.320312 0.665796 0.320312 0.657963 0.321289 0.656658 0.321289 0.654047 0.320312 0.652742 0.320312 0.650131 0.319336 0.648825 0.318359 0.644909 0.317383 0.643603 0.316406 0.643603 0.314453 0.640992 0.314453 0.639687
0 0.357422 0.650131 0.356445 0.650131 0.355469 0.648825 0.353516 0.648825 0.352539 0.647520 0.348633 0.647520 0.347656 0.648825 0.342773 0.648825 0.341797 0.650131 0.339844 0.650131 0.338867 0.651436 0.335938 0.651436 0.334961 0.652742 0.333008 0.652742 0.333008 0.654047 0.330078 0.657963 0.330078 0.659269 0.329102 0.660574 0.329102 0.663185 0.328125 0.664491 0.328125 0.667102 0.327148 0.668407 0.327148 0.672324 0.328125 0.673629 0.328125 0.676240 0.329102 0.677546 0.329102 0.678851 0.331055 0.681462 0.331055 0.682768 0.335938 0.689295 0.337891 0.689295 0.338867 0.690601 0.343750 0.690601 0.344727 0.689295 0.346680 0.689295 0.348633 0.686684 0.348633 0.685379 0.351562 0.681462 0.351562 0.680157 0.355469 0.674935 0.355469 0.673629 0.358398 0.669713 0.358398 0.668407 0.359375 0.667102 0.359375 0.664491 0.360352 0.663185 0.360352 0.660574 0.361328 0.659269 0.360352 0.657963 0.360352 0.655352 0.359375 0.654047 0.359375 0.652742
0 0.350586 0.614883 0.349609 0.616188 0.349609 0.617493 0.348633 0.618799 0.348633 0.620104 0.346680 0.624021 0.346680 0.626632 0.345703 0.627937 0.345703 0.637076 0.346680 0.638381 0.346680 0.639687 0.347656 0.640992 0.348633 0.640992 0.349609 0.642298 0.350586 0.642298 0.351562 0.643603 0.352539 0.643603 0.355469 0.646214 0.357422 0.646214 0.358398 0.647520 0.360352 0.647520 0.361328 0.648825 0.363281 0.648825 0.364258 0.650131 0.368164 0.650131 0.369141 0.648825 0.370117 0.648825 0.371094 0.647520 0.371094 0.646214 0.372070 0.644909 0.372070 0.643603 0.374023 0.640992 0.374023 0.639687 0.375000 0.638381 0.375000 0.635770 0.376953 0.631854 0.376953 0.626632 0.375977 0.625326 0.375977 0.622715 0.374023 0.620104 0.374023 0.618799 0.373047 0.618799 0.372070 0.617493 0.371094 0.617493 0.368164 0.614883 0.366211 0.614883 0.365234 0.613577 0.360352 0.613577 0.359375 0.612272 0.356445 0.612272 0.355469 0.613577 0.352539 0.613577 0.351562 0.614883
0 0.389648 0.660574 0.388672 0.660574 0.387695 0.659269 0.386719 0.659269 0.383789 0.656658 0.375000 0.656658 0.374023 0.655352 0.369141 0.655352 0.369141 0.656658 0.367188 0.659269 0.365234 0.659269 0.364258 0.660574 0.364258 0.661880 0.362305 0.664491 0.362305 0.669713 0.361328 0.671018 0.361328 0.674935 0.360352 0.676240 0.361328 0.677546 0.361328 0.681462 0.362305 0.682768 0.363281 0.682768 0.366211 0.686684 0.367188 0.686684 0.370117 0.689295 0.372070 0.689295 0.373047 0.690601 0.374023 0.689295 0.376953 0.689295 0.383789 0.680157 0.384766 0.680157 0.387695 0.676240 0.388672 0.676240 0.390625 0.673629 0.390625 0.665796 0.389648 0.664491
0 0.400391 0.665796 0.398438 0.668407 0.398438 0.677546 0.397461 0.678851 0.397461 0.684073 0.398438 0.685379 0.398438 0.689295 0.401367 0.693211 0.402344 0.693211 0.404297 0.695822 0.410156 0.695822 0.411133 0.694517 0.416016 0.694517 0.416992 0.693211 0.417969 0.693211 0.419922 0.690601 0.419922 0.687990 0.420898 0.686684 0.420898 0.685379 0.421875 0.684073 0.421875 0.680157 0.422852 0.678851 0.422852 0.669713 0.419922 0.665796 0.417969 0.665796 0.416992 0.664491 0.414062 0.664491 0.413086 0.663185 0.406250 0.663185 0.405273 0.664491 0.402344 0.664491 0.401367 0.665796
0 0.437500 0.671018 0.436523 0.672324 0.435547 0.672324 0.434570 0.673629 0.433594 0.673629 0.432617 0.674935 0.431641 0.674935 0.429688 0.677546 0.429688 0.678851 0.428711 0.680157 0.428711 0.693211 0.429688 0.694517 0.429688 0.697128 0.430664 0.698433 0.430664 0.699739 0.433594 0.703655 0.434570 0.703655 0.435547 0.704961 0.436523 0.704961 0.437500 0.706266 0.438477 0.706266 0.439453 0.707572 0.444336 0.707572 0.449219 0.701044 0.449219 0.699739 0.453125 0.694517 0.453125 0.693211 0.454102 0.691906 0.454102 0.686684 0.455078 0.685379 0.454102 0.684073 0.454102 0.681462 0.451172 0.677546 0.450195 0.677546 0.448242 0.674935 0.447266 0.674935 0.446289 0.673629 0.445312 0.673629 0.444336 0.672324 0.443359 0.672324 0.442383 0.671018
0 0.476562 0.663185 0.475586 0.661880 0.474609 0.661880 0.471680 0.657963 0.467773 0.657963 0.466797 0.659269 0.464844 0.659269 0.463867 0.660574 0.460938 0.660574 0.459961 0.661880 0.455078 0.661880 0.454102 0.663185 0.453125 0.663185 0.451172 0.665796 0.451172 0.674935 0.452148 0.676240 0.452148 0.677546 0.456055 0.682768 0.456055 0.684073 0.458008 0.686684 0.465820 0.686684 0.466797 0.685379 0.473633 0.685379 0.474609 0.684073 0.475586 0.684073 0.476562 0.682768 0.477539 0.682768 0.479492 0.680157 0.479492 0.678851 0.480469 0.677546 0.480469 0.672324 0.479492 0.671018 0.479492 0.669713 0.478516 0.668407 0.478516 0.667102 0.476562 0.664491
0 0.474609 0.687990 0.463867 0.687990 0.459961 0.693211 0.459961 0.694517 0.458008 0.697128 0.458008 0.698433 0.457031 0.699739 0.457031 0.702350 0.454102 0.706266 0.454102 0.711488 0.455078 0.712794 0.457031 0.712794 0.458008 0.714099 0.458984 0.714099 0.461914 0.718016 0.462891 0.718016 0.463867 0.719321 0.468750 0.719321 0.474609 0.711488 0.475586 0.711488 0.475586 0.707572 0.476562 0.706266 0.476562 0.704961 0.478516 0.702350 0.479492 0.702350 0.481445 0.699739 0.481445 0.695822 0.479492 0.693211 0.478516 0.693211 0.477539 0.691906 0.476562 0.691906 0.475586 0.690601 0.475586 0.689295
0 0.512695 0.676240 0.511719 0.674935 0.510742 0.674935 0.508789 0.672324 0.507812 0.672324 0.505859 0.669713 0.504883 0.669713 0.502930 0.667102 0.497070 0.667102 0.496094 0.668407 0.494141 0.668407 0.492188 0.671018 0.491211 0.671018 0.489258 0.673629 0.488281 0.673629 0.487305 0.674935 0.486328 0.674935 0.485352 0.676240 0.484375 0.676240 0.483398 0.677546 0.482422 0.677546 0.481445 0.678851 0.481445 0.684073 0.480469 0.685379 0.480469 0.686684 0.481445 0.687990 0.481445 0.690601 0.482422 0.691906 0.482422 0.694517 0.484375 0.697128 0.490234 0.697128 0.491211 0.695822 0.493164 0.695822 0.494141 0.694517 0.495117 0.694517 0.497070 0.691906 0.499023 0.691906 0.500000 0.690601 0.500977 0.690601 0.501953 0.689295 0.502930 0.689295 0.505859 0.685379 0.506836 0.685379 0.507812 0.684073 0.508789 0.684073 0.511719 0.680157 0.511719 0.677546
0 0.521484 0.706266 0.520508 0.704961 0.520508 0.703655 0.517578 0.699739 0.516602 0.699739 0.513672 0.697128 0.504883 0.697128 0.503906 0.698433 0.499023 0.698433 0.498047 0.699739 0.491211 0.699739 0.490234 0.701044 0.489258 0.701044 0.487305 0.704961 0.487305 0.712794 0.488281 0.714099 0.488281 0.715405 0.490234 0.718016 0.491211 0.718016 0.493164 0.720627 0.496094 0.720627 0.497070 0.721932 0.499023 0.721932 0.500000 0.723238 0.509766 0.723238 0.510742 0.721932 0.512695 0.721932 0.513672 0.720627 0.515625 0.720627 0.516602 0.719321 0.517578 0.719321 0.518555 0.718016 0.519531 0.718016 0.519531 0.716710 0.521484 0.712794
0 0.383789 0.633159 0.383789 0.635770 0.382812 0.637076 0.382812 0.638381 0.380859 0.642298 0.380859 0.646214 0.379883 0.647520 0.379883 0.648825 0.381836 0.651436 0.382812 0.651436 0.384766 0.654047 0.386719 0.654047 0.387695 0.655352 0.388672 0.655352 0.389648 0.656658 0.390625 0.656658 0.393555 0.659269 0.398438 0.659269 0.399414 0.660574 0.407227 0.660574 0.409180 0.657963 0.410156 0.657963 0.413086 0.654047 0.413086 0.651436 0.414062 0.650131 0.414062 0.634465 0.413086 0.633159 0.412109 0.633159 0.408203 0.627937 0.393555 0.627937 0.392578 0.629243 0.389648 0.629243 0.388672 0.630548 0.386719 0.630548
0 0.418945 0.637076 0.418945 0.638381 0.417969 0.639687 0.417969 0.654047 0.421875 0.659269 0.422852 0.659269 0.423828 0.660574 0.424805 0.660574 0.427734 0.663185 0.429688 0.663185 0.430664 0.664491 0.433594 0.664491 0.434570 0.665796 0.436523 0.665796 0.437500 0.664491 0.439453 0.664491 0.441406 0.661880 0.442383 0.661880 0.447266 0.655352 0.447266 0.642298 0.446289 0.640992 0.446289 0.638381 0.443359 0.634465 0.442383 0.634465 0.439453 0.630548 0.433594 0.630548 0.432617 0.631854 0.428711 0.631854 0.427734 0.633159 0.425781 0.633159 0.422852 0.635770 0.420898 0.635770 0.419922 0.637076
0 0.485352 0.625326 0.481445 0.625326 0.480469 0.626632 0.477539 0.626632 0.475586 0.629243 0.474609 0.629243 0.472656 0.633159 0.472656 0.638381 0.471680 0.639687 0.471680 0.647520 0.472656 0.648825 0.472656 0.656658 0.475586 0.660574 0.476562 0.660574 0.478516 0.663185 0.480469 0.663185 0.481445 0.661880 0.486328 0.661880 0.487305 0.660574 0.489258 0.660574 0.490234 0.659269 0.492188 0.659269 0.493164 0.657963 0.494141 0.657963 0.496094 0.655352 0.496094 0.652742 0.497070 0.651436 0.497070 0.648825 0.498047 0.647520 0.498047 0.637076 0.497070 0.635770 0.497070 0.634465 0.496094 0.633159 0.495117 0.633159 0.494141 0.631854 0.493164 0.631854 0.491211 0.629243 0.490234 0.629243 0.488281 0.626632 0.486328 0.626632
0 0.503906 0.657963 0.503906 0.665796 0.505859 0.668407 0.506836 0.668407 0.509766 0.672324 0.511719 0.672324 0.512695 0.673629 0.513672 0.673629 0.514648 0.674935 0.516602 0.674935 0.517578 0.676240 0.527344 0.676240 0.528320 0.674935 0.529297 0.674935 0.530273 0.676240 0.532227 0.676240 0.535156 0.672324 0.536133 0.672324 0.538086 0.669713 0.538086 0.665796 0.537109 0.664491 0.537109 0.661880 0.535156 0.659269 0.535156 0.657963 0.534180 0.656658 0.534180 0.652742 0.533203 0.651436 0.533203 0.648825 0.532227 0.648825 0.530273 0.646214 0.529297 0.646214 0.526367 0.643603 0.522461 0.643603 0.521484 0.642298 0.518555 0.642298 0.517578 0.640992 0.513672 0.640992 0.512695 0.642298 0.511719 0.642298 0.508789 0.646214 0.508789 0.648825 0.507812 0.650131 0.507812 0.651436 0.504883 0.655352 0.504883 0.656658
0 0.537109 0.674935 0.535156 0.674935 0.532227 0.678851 0.530273 0.678851 0.529297 0.680157 0.528320 0.680157 0.525391 0.677546 0.522461 0.677546 0.521484 0.678851 0.518555 0.678851 0.518555 0.684073 0.517578 0.685379 0.518555 0.686684 0.518555 0.690601 0.520508 0.694517 0.520508 0.697128 0.521484 0.698433 0.521484 0.701044 0.523438 0.704961 0.525391 0.704961 0.527344 0.707572 0.528320 0.707572 0.529297 0.708877 0.536133 0.708877 0.537109 0.707572 0.541992 0.707572 0.542969 0.706266 0.542969 0.701044 0.541992 0.699739 0.541992 0.695822 0.541016 0.694517 0.541016 0.690601 0.540039 0.689295 0.540039 0.685379 0.539062 0.684073 0.539062 0.681462 0.538086 0.680157 0.538086 0.676240
0 0.528320 0.708877 0.523438 0.715405 0.523438 0.719321 0.529297 0.727154 0.529297 0.728460 0.530273 0.729765 0.531250 0.729765 0.534180 0.733681 0.535156 0.733681 0.539062 0.738903 0.544922 0.738903 0.545898 0.737598 0.546875 0.737598 0.548828 0.734987 0.548828 0.733681 0.550781 0.731070 0.550781 0.729765 0.551758 0.728460 0.551758 0.721932 0.543945 0.711488 0.543945 0.710183 0.542969 0.708877 0.541992 0.708877 0.541016 0.707572 0.540039 0.707572 0.539062 0.708877
0 0.365234 0.584856 0.364258 0.586162 0.364258 0.587467 0.362305 0.591384 0.362305 0.600522 0.363281 0.601828 0.363281 0.603133 0.371094 0.613577 0.372070 0.613577 0.375000 0.616188 0.378906 0.616188 0.379883 0.617493 0.380859 0.617493 0.381836 0.616188 0.383789 0.616188 0.387695 0.610966 0.387695 0.609661 0.388672 0.608355 0.388672 0.607050 0.390625 0.604439 0.390625 0.603133 0.391602 0.601828 0.391602 0.600522 0.393555 0.596606 0.393555 0.590078 0.391602 0.587467 0.388672 0.587467 0.387695 0.586162 0.386719 0.586162 0.385742 0.584856 0.383789 0.584856 0.380859 0.582245 0.376953 0.582245 0.375977 0.580940 0.375000 0.582245 0.373047 0.582245 0.372070 0.583551 0.367188 0.583551 0.366211 0.584856
0 0.437500 0.600522 0.436523 0.600522 0.435547 0.599217 0.422852 0.599217 0.419922 0.601828 0.416992 0.601828 0.416016 0.603133 0.413086 0.603133 0.411133 0.605744 0.411133 0.608355 0.410156 0.609661 0.410156 0.616188 0.409180 0.617493 0.409180 0.622715 0.410156 0.624021 0.410156 0.626632 0.412109 0.629243 0.413086 0.629243 0.415039 0.631854 0.417969 0.631854 0.418945 0.633159 0.420898 0.633159 0.421875 0.631854 0.424805 0.631854 0.425781 0.630548 0.426758 0.630548 0.427734 0.629243 0.428711 0.629243 0.430664 0.626632 0.431641 0.626632 0.434570 0.622715 0.435547 0.622715 0.436523 0.621410 0.437500 0.621410 0.439453 0.618799 0.439453 0.609661 0.438477 0.608355 0.438477 0.603133 0.437500 0.601828
0 0.469727 0.609661 0.467773 0.607050 0.453125 0.607050 0.452148 0.608355 0.451172 0.608355 0.448242 0.612272 0.447266 0.612272 0.444336 0.616188 0.443359 0.616188 0.440430 0.620104 0.440430 0.621410 0.439453 0.622715 0.439453 0.625326 0.440430 0.626632 0.440430 0.627937 0.444336 0.633159 0.444336 0.634465 0.445312 0.635770 0.446289 0.635770 0.447266 0.637076 0.454102 0.637076 0.455078 0.635770 0.457031 0.635770 0.458984 0.633159 0.459961 0.633159 0.460938 0.631854 0.461914 0.631854 0.463867 0.629243 0.464844 0.629243 0.466797 0.626632 0.466797 0.625326 0.471680 0.618799 0.471680 0.616188 0.470703 0.614883 0.470703 0.612272 0.469727 0.610966
0 0.469727 0.588773 0.469727 0.590078 0.468750 0.591384 0.468750 0.597911 0.470703 0.600522 0.470703 0.601828 0.472656 0.604439 0.472656 0.605744 0.475586 0.609661 0.475586 0.612272 0.476562 0.613577 0.476562 0.614883 0.479492 0.618799 0.482422 0.618799 0.483398 0.620104 0.488281 0.620104 0.489258 0.618799 0.499023 0.618799 0.500000 0.617493 0.500000 0.609661 0.499023 0.608355 0.499023 0.607050 0.498047 0.605744 0.498047 0.604439 0.497070 0.604439 0.496094 0.603133 0.496094 0.601828 0.495117 0.600522 0.495117 0.599217 0.493164 0.596606 0.493164 0.595300 0.491211 0.592689 0.491211 0.591384 0.488281 0.587467 0.487305 0.587467 0.486328 0.586162 0.483398 0.586162 0.482422 0.584856 0.476562 0.584856 0.474609 0.587467 0.472656 0.587467 0.471680 0.588773
0 0.502930 0.603133 0.502930 0.613577 0.504883 0.616188 0.505859 0.616188 0.507812 0.618799 0.508789 0.618799 0.510742 0.621410 0.511719 0.621410 0.513672 0.624021 0.514648 0.624021 0.517578 0.626632 0.522461 0.626632 0.523438 0.625326 0.526367 0.625326 0.527344 0.624021 0.528320 0.624021 0.529297 0.622715 0.530273 0.622715 0.531250 0.621410 0.532227 0.621410 0.533203 0.620104 0.534180 0.620104 0.536133 0.617493 0.536133 0.616188 0.535156 0.614883 0.535156 0.612272 0.532227 0.608355 0.532227 0.607050 0.531250 0.607050 0.529297 0.604439 0.528320 0.604439 0.527344 0.603133 0.526367 0.603133 0.523438 0.599217 0.522461 0.599217 0.519531 0.596606 0.516602 0.596606 0.515625 0.595300 0.509766 0.595300 0.508789 0.596606 0.506836 0.596606 0.503906 0.600522 0.503906 0.601828
0 0.495117 0.562663 0.495117 0.563969 0.494141 0.565274 0.494141 0.575718 0.495117 0.577023 0.495117 0.578329 0.496094 0.579634 0.496094 0.580940 0.500000 0.586162 0.500977 0.586162 0.501953 0.587467 0.501953 0.588773 0.505859 0.593995 0.507812 0.593995 0.508789 0.595300 0.509766 0.595300 0.510742 0.593995 0.518555 0.593995 0.519531 0.592689 0.522461 0.592689 0.523438 0.591384 0.524414 0.591384 0.525391 0.590078 0.526367 0.590078 0.527344 0.588773 0.528320 0.588773 0.528320 0.586162 0.526367 0.583551 0.526367 0.582245 0.525391 0.580940 0.525391 0.578329 0.524414 0.577023 0.524414 0.575718 0.522461 0.573107 0.522461 0.571802 0.518555 0.566580 0.517578 0.566580 0.514648 0.562663 0.513672 0.562663 0.510742 0.558747 0.509766 0.558747 0.508789 0.557441 0.507812 0.558747 0.504883 0.558747 0.503906 0.560052 0.499023 0.560052 0.498047 0.561358 0.496094 0.561358
0 0.540039 0.588773 0.539062 0.590078 0.538086 0.590078 0.534180 0.595300 0.534180 0.596606 0.533203 0.597911 0.533203 0.605744 0.536133 0.609661 0.536133 0.610966 0.538086 0.613577 0.538086 0.614883 0.541992 0.620104 0.541992 0.621410 0.547852 0.629243 0.549805 0.629243 0.550781 0.627937 0.551758 0.627937 0.552734 0.626632 0.553711 0.626632 0.554688 0.625326 0.555664 0.625326 0.562500 0.616188 0.562500 0.613577 0.563477 0.612272 0.563477 0.603133 0.564453 0.601828 0.564453 0.597911 0.563477 0.596606 0.563477 0.592689 0.562500 0.591384 0.561523 0.591384 0.560547 0.590078 0.558594 0.590078 0.555664 0.587467 0.547852 0.587467 0.546875 0.588773
0 0.549805 0.635770 0.549805 0.656658 0.551758 0.660574 0.552734 0.660574 0.555664 0.663185 0.569336 0.663185 0.570312 0.661880 0.576172 0.661880 0.577148 0.660574 0.580078 0.660574 0.580078 0.657963 0.581055 0.656658 0.581055 0.648825 0.580078 0.647520 0.580078 0.644909 0.578125 0.642298 0.578125 0.640992 0.577148 0.639687 0.577148 0.638381 0.573242 0.633159 0.572266 0.633159 0.571289 0.631854 0.569336 0.631854 0.568359 0.630548 0.555664 0.630548 0.554688 0.631854 0.552734 0.631854
0 0.550781 0.674935 0.550781 0.678851 0.549805 0.680157 0.549805 0.681462 0.547852 0.684073 0.547852 0.686684 0.546875 0.687990 0.546875 0.693211 0.547852 0.694517 0.547852 0.695822 0.548828 0.697128 0.548828 0.698433 0.549805 0.698433 0.551758 0.701044 0.553711 0.701044 0.554688 0.702350 0.561523 0.702350 0.562500 0.701044 0.564453 0.701044 0.565430 0.699739 0.567383 0.699739 0.568359 0.698433 0.569336 0.698433 0.570312 0.697128 0.572266 0.697128 0.574219 0.694517 0.574219 0.693211 0.576172 0.690601 0.576172 0.682768 0.575195 0.681462 0.575195 0.680157 0.572266 0.676240 0.571289 0.676240 0.569336 0.673629 0.568359 0.673629 0.567383 0.672324 0.555664 0.672324 0.554688 0.673629 0.551758 0.673629
0 0.558594 0.721932 0.557617 0.723238 0.556641 0.723238 0.554688 0.725849 0.554688 0.727154 0.552734 0.729765 0.552734 0.731070 0.550781 0.733681 0.550781 0.734987 0.548828 0.737598 0.548828 0.738903 0.546875 0.741514 0.546875 0.745431 0.547852 0.746736 0.548828 0.746736 0.552734 0.751958 0.553711 0.751958 0.554688 0.753264 0.564453 0.753264 0.565430 0.751958 0.566406 0.751958 0.567383 0.750653 0.568359 0.750653 0.570312 0.748042 0.571289 0.748042 0.572266 0.746736 0.572266 0.745431 0.576172 0.740209 0.576172 0.731070 0.573242 0.727154 0.572266 0.727154 0.571289 0.725849 0.569336 0.725849 0.568359 0.724543 0.566406 0.724543 0.565430 0.723238 0.564453 0.723238 0.563477 0.721932
0 0.569336 0.706266 0.569336 0.715405 0.568359 0.716710 0.568359 0.721932 0.569336 0.723238 0.570312 0.723238 0.572266 0.725849 0.573242 0.725849 0.576172 0.728460 0.578125 0.728460 0.579102 0.729765 0.583984 0.729765 0.584961 0.728460 0.587891 0.728460 0.590820 0.725849 0.592773 0.725849 0.594727 0.723238 0.595703 0.723238 0.596680 0.721932 0.596680 0.720627 0.598633 0.716710 0.598633 0.711488 0.593750 0.704961 0.591797 0.704961 0.590820 0.703655 0.588867 0.703655 0.587891 0.702350 0.585938 0.702350 0.583984 0.699739 0.583008 0.699739 0.581055 0.697128 0.576172 0.697128 0.571289 0.703655 0.570312 0.703655 0.570312 0.704961
0 0.609375 0.750653 0.603516 0.742820 0.603516 0.741514 0.598633 0.734987 0.597656 0.734987 0.594727 0.732376 0.593750 0.733681 0.591797 0.733681 0.590820 0.734987 0.587891 0.734987 0.586914 0.736292 0.585938 0.736292 0.583984 0.738903 0.583008 0.738903 0.580078 0.742820 0.580078 0.746736 0.579102 0.748042 0.579102 0.750653 0.580078 0.751958 0.580078 0.754569 0.579102 0.755875 0.579102 0.765013 0.582031 0.768930 0.591797 0.768930 0.592773 0.767624 0.596680 0.767624 0.597656 0.766319 0.599609 0.766319 0.600586 0.765013 0.602539 0.765013 0.603516 0.763708 0.604492 0.763708 0.607422 0.761097 0.607422 0.759791 0.609375 0.755875
0 0.592773 0.674935 0.588867 0.680157 0.588867 0.687990 0.589844 0.689295 0.589844 0.695822 0.591797 0.698433 0.591797 0.699739 0.594727 0.703655 0.595703 0.703655 0.597656 0.706266 0.598633 0.706266 0.599609 0.707572 0.603516 0.707572 0.604492 0.708877 0.608398 0.708877 0.609375 0.707572 0.612305 0.707572 0.615234 0.703655 0.615234 0.701044 0.616211 0.699739 0.616211 0.684073 0.615234 0.682768 0.615234 0.681462 0.614258 0.680157 0.614258 0.678851 0.613281 0.677546 0.612305 0.677546 0.611328 0.676240 0.610352 0.676240 0.607422 0.673629 0.595703 0.673629 0.594727 0.674935
0 0.613281 0.638381 0.611328 0.635770 0.610352 0.635770 0.607422 0.631854 0.606445 0.631854 0.604492 0.629243 0.603516 0.629243 0.600586 0.626632 0.597656 0.626632 0.596680 0.627937 0.595703 0.627937 0.594727 0.629243 0.593750 0.629243 0.590820 0.633159 0.590820 0.635770 0.589844 0.637076 0.589844 0.638381 0.588867 0.639687 0.588867 0.642298 0.587891 0.643603 0.587891 0.647520 0.586914 0.648825 0.586914 0.651436 0.585938 0.652742 0.585938 0.661880 0.588867 0.664491 0.600586 0.664491 0.601562 0.663185 0.605469 0.663185 0.607422 0.660574 0.607422 0.659269 0.608398 0.657963 0.608398 0.655352 0.609375 0.654047 0.609375 0.652742 0.610352 0.651436 0.610352 0.650131 0.613281 0.646214
0 0.571289 0.595300 0.569336 0.597911 0.569336 0.599217 0.568359 0.600522 0.568359 0.607050 0.567383 0.608355 0.567383 0.624021 0.569336 0.626632 0.570312 0.626632 0.571289 0.627937 0.574219 0.627937 0.575195 0.629243 0.576172 0.629243 0.577148 0.627937 0.583008 0.627937 0.583984 0.626632 0.585938 0.626632 0.586914 0.625326 0.587891 0.625326 0.588867 0.624021 0.588867 0.622715 0.589844 0.621410 0.589844 0.614883 0.590820 0.613577 0.590820 0.612272 0.589844 0.610966 0.589844 0.608355 0.588867 0.607050 0.586914 0.607050 0.585938 0.605744 0.584961 0.605744 0.583984 0.604439 0.583008 0.604439 0.582031 0.603133 0.581055 0.603133 0.576172 0.596606 0.575195 0.596606 0.574219 0.595300
0 0.577148 0.558747 0.575195 0.561358 0.572266 0.562663 0.572266 0.563969 0.571289 0.565274 0.571289 0.582245 0.572266 0.583551 0.572266 0.584856 0.576172 0.590078 0.577148 0.590078 0.583008 0.597911 0.583008 0.599217 0.586914 0.604439 0.589844 0.604439 0.590820 0.605744 0.591797 0.604439 0.592773 0.604439 0.594727 0.601828 0.597656 0.600522 0.604492 0.591384 0.604492 0.587467 0.603516 0.586162 0.603516 0.583551 0.602539 0.582245 0.602539 0.574413 0.600586 0.570496 0.600586 0.567885 0.599609 0.566580 0.599609 0.565274 0.598633 0.563969 0.597656 0.563969 0.595703 0.561358 0.590820 0.561358 0.588867 0.558747
0 0.561523 0.565274 0.555664 0.557441 0.553711 0.557441 0.552734 0.556136 0.549805 0.556136 0.548828 0.554830 0.545898 0.558747 0.542969 0.558747 0.541992 0.560052 0.539062 0.560052 0.538086 0.561358 0.528320 0.561358 0.526367 0.565274 0.526367 0.567885 0.527344 0.569191 0.527344 0.573107 0.528320 0.574413 0.528320 0.577023 0.529297 0.578329 0.529297 0.579634 0.534180 0.586162 0.535156 0.586162 0.536133 0.587467 0.538086 0.587467 0.539062 0.586162 0.543945 0.586162 0.544922 0.584856 0.548828 0.584856 0.549805 0.583551 0.552734 0.583551 0.553711 0.582245 0.554688 0.582245 0.557617 0.578329 0.558594 0.578329 0.560547 0.575718 0.560547 0.574413 0.561523 0.573107
0 0.458984 0.563969 0.457031 0.561358 0.456055 0.561358 0.455078 0.560052 0.448242 0.560052 0.447266 0.561358 0.445312 0.561358 0.444336 0.562663 0.443359 0.562663 0.438477 0.569191 0.437500 0.569191 0.434570 0.573107 0.433594 0.573107 0.430664 0.577023 0.430664 0.586162 0.431641 0.587467 0.431641 0.588773 0.433594 0.591384 0.433594 0.592689 0.434570 0.593995 0.443359 0.593995 0.444336 0.592689 0.446289 0.592689 0.447266 0.591384 0.448242 0.591384 0.451172 0.587467 0.453125 0.587467 0.455078 0.584856 0.457031 0.584856 0.458008 0.583551 0.458984 0.583551 0.458984 0.582245 0.460938 0.579634 0.460938 0.578329 0.461914 0.577023 0.461914 0.571802 0.460938 0.570496 0.460938 0.569191 0.458984 0.566580
0 0.426758 0.549608 0.425781 0.549608 0.422852 0.546997 0.421875 0.548303 0.415039 0.548303 0.414062 0.549608 0.411133 0.549608 0.410156 0.550914 0.409180 0.550914 0.408203 0.552219 0.407227 0.552219 0.406250 0.553525 0.405273 0.553525 0.405273 0.554830 0.401367 0.560052 0.401367 0.561358 0.399414 0.563969 0.399414 0.565274 0.398438 0.566580 0.398438 0.573107 0.399414 0.574413 0.399414 0.575718 0.400391 0.577023 0.401367 0.577023 0.406250 0.583551 0.407227 0.583551 0.408203 0.584856 0.412109 0.584856 0.415039 0.582245 0.416992 0.582245 0.418945 0.579634 0.419922 0.579634 0.420898 0.578329 0.422852 0.578329 0.423828 0.577023 0.424805 0.577023 0.425781 0.575718 0.426758 0.575718 0.426758 0.574413 0.427734 0.573107 0.427734 0.570496 0.429688 0.566580 0.429688 0.557441 0.428711 0.556136 0.428711 0.554830 0.427734 0.553525 0.427734 0.550914
0 0.366211 0.545692 0.366211 0.556136 0.367188 0.557441 0.367188 0.560052 0.368164 0.560052 0.371094 0.562663 0.374023 0.562663 0.375000 0.563969 0.377930 0.563969 0.378906 0.565274 0.380859 0.565274 0.381836 0.566580 0.384766 0.566580 0.385742 0.567885 0.392578 0.567885 0.394531 0.565274 0.395508 0.565274 0.398438 0.561358 0.398438 0.560052 0.399414 0.558747 0.399414 0.557441 0.401367 0.553525 0.401367 0.543081 0.400391 0.541775 0.400391 0.540470 0.399414 0.540470 0.398438 0.541775 0.390625 0.541775 0.389648 0.540470 0.387695 0.540470 0.384766 0.537859 0.379883 0.537859 0.378906 0.539164 0.376953 0.539164 0.375000 0.541775 0.374023 0.541775 0.373047 0.543081 0.370117 0.543081 0.369141 0.544386 0.367188 0.544386
0 0.416016 0.490862 0.410156 0.490862 0.407227 0.493473 0.406250 0.492167 0.403320 0.492167 0.402344 0.493473 0.400391 0.493473 0.399414 0.494778 0.399414 0.496084 0.397461 0.498695 0.397461 0.502611 0.396484 0.503916 0.396484 0.511749 0.397461 0.513055 0.397461 0.514360 0.398438 0.515666 0.398438 0.516971 0.399414 0.518277 0.399414 0.519582 0.402344 0.523499 0.403320 0.523499 0.405273 0.526110 0.406250 0.526110 0.407227 0.527415 0.413086 0.527415 0.416016 0.523499 0.416992 0.523499 0.419922 0.519582 0.420898 0.519582 0.425781 0.513055 0.425781 0.511749 0.426758 0.510444 0.426758 0.505222 0.427734 0.503916 0.423828 0.498695 0.423828 0.497389 0.421875 0.494778 0.420898 0.494778 0.419922 0.493473 0.418945 0.493473
0 0.430664 0.522193 0.427734 0.526110 0.427734 0.543081 0.429688 0.545692 0.429688 0.546997 0.430664 0.548303 0.430664 0.549608 0.433594 0.553525 0.434570 0.553525 0.437500 0.556136 0.440430 0.556136 0.441406 0.557441 0.450195 0.557441 0.451172 0.556136 0.452148 0.556136 0.452148 0.554830 0.454102 0.550914 0.454102 0.543081 0.455078 0.541775 0.455078 0.533943 0.454102 0.532637 0.454102 0.530026 0.453125 0.528721 0.453125 0.527415 0.452148 0.526110 0.451172 0.526110 0.449219 0.523499 0.448242 0.523499 0.446289 0.520888 0.444336 0.520888 0.441406 0.518277 0.437500 0.518277 0.436523 0.519582 0.434570 0.519582 0.433594 0.520888 0.432617 0.520888 0.431641 0.522193
0 0.467773 0.503916 0.466797 0.505222 0.464844 0.505222 0.463867 0.506527 0.461914 0.506527 0.460938 0.507833 0.459961 0.507833 0.458984 0.509138 0.456055 0.510444 0.453125 0.514360 0.454102 0.515666 0.454102 0.518277 0.455078 0.519582 0.455078 0.524804 0.456055 0.526110 0.456055 0.528721 0.457031 0.530026 0.457031 0.531332 0.458984 0.533943 0.458984 0.535248 0.459961 0.536554 0.459961 0.537859 0.460938 0.539164 0.461914 0.543081 0.464844 0.545692 0.471680 0.545692 0.472656 0.544386 0.473633 0.544386 0.476562 0.540470 0.477539 0.540470 0.479492 0.537859 0.480469 0.537859 0.480469 0.536554 0.482422 0.533943 0.482422 0.531332 0.483398 0.530026 0.483398 0.526110 0.484375 0.524804 0.484375 0.520888 0.483398 0.519582 0.483398 0.516971 0.482422 0.515666 0.482422 0.514360 0.480469 0.511749 0.480469 0.510444 0.477539 0.507833 0.477539 0.506527 0.476562 0.505222 0.475586 0.505222 0.474609 0.503916
0 0.491211 0.528721 0.491211 0.536554 0.492188 0.537859 0.492188 0.540470 0.495117 0.544386 0.495117 0.545692 0.496094 0.545692 0.497070 0.546997 0.499023 0.546997 0.500000 0.548303 0.513672 0.548303 0.514648 0.546997 0.516602 0.546997 0.517578 0.545692 0.518555 0.545692 0.519531 0.544386 0.520508 0.544386 0.523438 0.540470 0.523438 0.537859 0.524414 0.536554 0.524414 0.532637 0.523438 0.531332 0.523438 0.526110 0.522461 0.524804 0.522461 0.523499 0.520508 0.520888 0.503906 0.520888 0.502930 0.522193 0.495117 0.522193 0.494141 0.523499 0.493164 0.523499 0.493164 0.524804
0 0.546875 0.523499 0.546875 0.527415 0.545898 0.528721 0.545898 0.533943 0.544922 0.535248 0.545898 0.536554 0.545898 0.540470 0.547852 0.543081 0.548828 0.543081 0.549805 0.544386 0.550781 0.544386 0.551758 0.545692 0.552734 0.545692 0.553711 0.546997 0.556641 0.548303 0.558594 0.550914 0.559570 0.550914 0.561523 0.553525 0.562500 0.553525 0.565430 0.556136 0.571289 0.556136 0.572266 0.554830 0.573242 0.554830 0.575195 0.552219 0.576172 0.552219 0.580078 0.546997 0.581055 0.546997 0.583984 0.540470 0.583984 0.539164 0.582031 0.535248 0.582031 0.532637 0.581055 0.531332 0.581055 0.530026 0.578125 0.526110 0.572266 0.523499 0.570312 0.520888 0.569336 0.520888 0.568359 0.519582 0.565430 0.518277 0.563477 0.515666 0.562500 0.515666 0.561523 0.514360 0.555664 0.514360 0.554688 0.515666 0.553711 0.515666 0.549805 0.520888 0.548828 0.520888
0 0.377930 0.415144 0.374023 0.415144 0.373047 0.416449 0.366211 0.416449 0.365234 0.417755 0.363281 0.417755 0.362305 0.419060 0.361328 0.419060 0.361328 0.420366 0.355469 0.428198 0.355469 0.429504 0.354492 0.430809 0.354492 0.442559 0.355469 0.443864 0.357422 0.450392 0.358398 0.451697 0.359375 0.451697 0.362305 0.455614 0.362305 0.456919 0.364258 0.459530 0.365234 0.459530 0.367188 0.462141 0.368164 0.462141 0.371094 0.466057 0.376953 0.466057 0.377930 0.464752 0.379883 0.464752 0.380859 0.463446 0.383789 0.462141 0.390625 0.453003 0.390625 0.451697 0.391602 0.450392 0.391602 0.434726 0.390625 0.433420 0.390625 0.430809 0.389648 0.429504 0.389648 0.428198 0.382812 0.419060 0.381836 0.419060 0.379883 0.416449 0.378906 0.416449
0 0.399414 0.445170 0.398438 0.446475 0.398438 0.447781 0.395508 0.451697 0.395508 0.453003 0.389648 0.460836 0.389648 0.462141 0.385742 0.467363 0.385742 0.468668 0.384766 0.469974 0.384766 0.473890 0.385742 0.475196 0.385742 0.476501 0.387695 0.479112 0.387695 0.480418 0.388672 0.480418 0.390625 0.483029 0.391602 0.483029 0.392578 0.484334 0.394531 0.484334 0.395508 0.485640 0.401367 0.485640 0.402344 0.486945 0.405273 0.486945 0.406250 0.485640 0.413086 0.485640 0.414062 0.484334 0.416016 0.484334 0.417969 0.481723 0.417969 0.480418 0.418945 0.479112 0.418945 0.476501 0.419922 0.475196 0.419922 0.472585 0.420898 0.471279 0.420898 0.467363 0.419922 0.466057 0.419922 0.462141 0.418945 0.460836 0.418945 0.459530 0.416992 0.456919 0.416992 0.455614 0.416016 0.455614 0.414062 0.453003 0.411133 0.451697 0.409180 0.449086 0.406250 0.447781 0.404297 0.445170
0 0.467773 0.462141 0.465820 0.462141 0.463867 0.464752 0.460938 0.464752 0.459961 0.466057 0.456055 0.466057 0.455078 0.464752 0.450195 0.464752 0.449219 0.463446 0.443359 0.463446 0.440430 0.467363 0.440430 0.471279 0.439453 0.472585 0.439453 0.484334 0.440430 0.485640 0.440430 0.488251 0.445312 0.494778 0.445312 0.496084 0.448242 0.500000 0.450195 0.500000 0.451172 0.501305 0.465820 0.501305 0.466797 0.500000 0.467773 0.500000 0.472656 0.493473 0.472656 0.492167 0.473633 0.490862 0.473633 0.486945 0.474609 0.485640 0.474609 0.477807 0.473633 0.476501 0.473633 0.472585 0.472656 0.471279 0.472656 0.469974 0.470703 0.467363 0.470703 0.466057
0 0.500977 0.471279 0.500000 0.472585 0.489258 0.472585 0.488281 0.473890 0.487305 0.473890 0.484375 0.477807 0.481445 0.479112 0.479492 0.481723 0.479492 0.483029 0.478516 0.484334 0.478516 0.486945 0.477539 0.488251 0.477539 0.493473 0.480469 0.497389 0.480469 0.500000 0.481445 0.501305 0.482422 0.505222 0.484375 0.507833 0.485352 0.507833 0.488281 0.510444 0.490234 0.510444 0.491211 0.511749 0.503906 0.511749 0.504883 0.510444 0.506836 0.510444 0.507812 0.509138 0.510742 0.507833 0.512695 0.505222 0.513672 0.505222 0.513672 0.501305 0.514648 0.500000 0.514648 0.498695 0.513672 0.497389 0.513672 0.493473 0.512695 0.492167 0.512695 0.488251 0.508789 0.483029 0.508789 0.481723 0.507812 0.480418 0.506836 0.480418 0.502930 0.475196 0.502930 0.473890
0 0.548828 0.494778 0.545898 0.490862 0.544922 0.490862 0.543945 0.489556 0.541992 0.489556 0.541016 0.488251 0.539062 0.488251 0.538086 0.489556 0.531250 0.489556 0.530273 0.490862 0.528320 0.490862 0.525391 0.494778 0.524414 0.494778 0.523438 0.496084 0.522461 0.496084 0.519531 0.500000 0.519531 0.514360 0.520508 0.515666 0.520508 0.516971 0.524414 0.522193 0.525391 0.522193 0.526367 0.523499 0.528320 0.523499 0.529297 0.524804 0.537109 0.524804 0.538086 0.523499 0.541016 0.523499 0.541992 0.522193 0.542969 0.522193 0.543945 0.520888 0.544922 0.520888 0.545898 0.519582 0.546875 0.519582 0.550781 0.514360 0.550781 0.513055 0.551758 0.511749 0.551758 0.509138 0.552734 0.507833 0.552734 0.503916 0.551758 0.502611 0.551758 0.501305 0.549805 0.498695 0.549805 0.497389 0.548828 0.496084
0 0.570312 0.485640 0.569336 0.486945 0.569336 0.488251 0.565430 0.493473 0.564453 0.493473 0.557617 0.502611 0.557617 0.505222 0.558594 0.506527 0.558594 0.507833 0.561523 0.511749 0.562500 0.511749 0.564453 0.514360 0.565430 0.514360 0.568359 0.518277 0.571289 0.519582 0.573242 0.522193 0.575195 0.522193 0.576172 0.523499 0.580078 0.523499 0.581055 0.524804 0.584961 0.524804 0.585938 0.523499 0.587891 0.523499 0.590820 0.519582 0.590820 0.514360 0.591797 0.513055 0.591797 0.509138 0.592773 0.507833 0.592773 0.505222 0.593750 0.503916 0.593750 0.492167 0.591797 0.489556 0.591797 0.488251 0.590820 0.488251 0.589844 0.486945 0.586914 0.486945 0.585938 0.485640 0.583984 0.485640 0.583008 0.484334 0.581055 0.484334 0.580078 0.483029 0.577148 0.485640
0 0.606445 0.513055 0.605469 0.514360 0.601562 0.514360 0.600586 0.515666 0.598633 0.515666 0.597656 0.516971 0.596680 0.516971 0.595703 0.518277 0.594727 0.518277 0.594727 0.519582 0.590820 0.524804 0.590820 0.526110 0.588867 0.530026 0.589844 0.531332 0.589844 0.533943 0.588867 0.535248 0.588867 0.541775 0.589844 0.543081 0.589844 0.544386 0.594727 0.550914 0.595703 0.550914 0.598633 0.553525 0.600586 0.553525 0.601562 0.554830 0.607422 0.554830 0.608398 0.553525 0.609375 0.553525 0.609375 0.552219 0.611328 0.549608 0.611328 0.548303 0.613281 0.545692 0.613281 0.544386 0.615234 0.541775 0.615234 0.540470 0.616211 0.539164 0.616211 0.533943 0.614258 0.530026 0.614258 0.520888 0.615234 0.519582 0.613281 0.516971 0.612305 0.516971 0.611328 0.515666 0.609375 0.515666
0 0.583984 0.419060 0.581055 0.422977 0.580078 0.422977 0.578125 0.425587 0.577148 0.425587 0.577148 0.426893 0.575195 0.429504 0.575195 0.430809 0.574219 0.432115 0.574219 0.434726 0.573242 0.436031 0.573242 0.441253 0.572266 0.442559 0.572266 0.446475 0.573242 0.447781 0.573242 0.449086 0.575195 0.451697 0.575195 0.453003 0.576172 0.453003 0.577148 0.454308 0.579102 0.454308 0.581055 0.456919 0.581055 0.458225 0.583984 0.462141 0.584961 0.462141 0.585938 0.463446 0.586914 0.463446 0.591797 0.467363 0.596680 0.467363 0.600586 0.462141 0.600586 0.460836 0.601562 0.459530 0.601562 0.456919 0.603516 0.454308 0.603516 0.453003 0.605469 0.449086 0.605469 0.446475 0.606445 0.445170 0.606445 0.441253 0.604492 0.438642 0.604492 0.436031 0.603516 0.434726 0.603516 0.433420 0.601562 0.430809 0.601562 0.429504 0.595703 0.421671 0.595703 0.420366 0.594727 0.419060 0.590820 0.419060 0.589844 0.420366 0.586914 0.420366 0.585938 0.419060
0 0.543945 0.450392 0.542969 0.451697 0.542969 0.455614 0.541992 0.456919 0.541992 0.460836 0.541016 0.462141 0.541016 0.464752 0.540039 0.466057 0.540039 0.467363 0.543945 0.472585 0.543945 0.473890 0.548828 0.480418 0.548828 0.481723 0.553711 0.488251 0.554688 0.488251 0.557617 0.490862 0.562500 0.490862 0.563477 0.492167 0.564453 0.490862 0.565430 0.490862 0.568359 0.486945 0.568359 0.484334 0.569336 0.483029 0.569336 0.481723 0.571289 0.479112 0.571289 0.477807 0.572266 0.476501 0.572266 0.475196 0.573242 0.473890 0.574219 0.469974 0.576172 0.467363 0.576172 0.464752 0.575195 0.463446 0.575195 0.462141 0.572266 0.458225 0.572266 0.456919 0.571289 0.455614 0.571289 0.451697 0.570312 0.451697 0.567383 0.447781 0.566406 0.449086 0.563477 0.449086 0.560547 0.446475 0.554688 0.446475 0.553711 0.447781 0.550781 0.447781 0.549805 0.449086 0.545898 0.449086 0.544922 0.450392
0 0.514648 0.447781 0.513672 0.449086 0.512695 0.449086 0.507812 0.455614 0.507812 0.456919 0.505859 0.459530 0.505859 0.460836 0.504883 0.462141 0.504883 0.464752 0.503906 0.466057 0.503906 0.468668 0.504883 0.469974 0.504883 0.471279 0.506836 0.473890 0.506836 0.475196 0.508789 0.477807 0.508789 0.479112 0.510742 0.481723 0.511719 0.481723 0.513672 0.484334 0.513672 0.485640 0.514648 0.485640 0.515625 0.486945 0.515625 0.488251 0.519531 0.494778 0.521484 0.494778 0.522461 0.493473 0.525391 0.492167 0.528320 0.488251 0.529297 0.488251 0.533203 0.483029 0.533203 0.481723 0.535156 0.479112 0.535156 0.477807 0.537109 0.473890 0.537109 0.464752 0.536133 0.463446 0.536133 0.462141 0.534180 0.458225 0.534180 0.455614 0.533203 0.454308 0.533203 0.453003 0.531250 0.450392 0.528320 0.450392 0.527344 0.449086 0.522461 0.449086 0.521484 0.447781
0 0.373047 0.373368 0.372070 0.374674 0.372070 0.375979 0.371094 0.377285 0.371094 0.378590 0.369141 0.382507 0.369141 0.385117 0.368164 0.386423 0.368164 0.395561 0.370117 0.398172 0.370117 0.399478 0.373047 0.403394 0.373047 0.404700 0.375000 0.407311 0.378906 0.407311 0.379883 0.408616 0.382812 0.408616 0.383789 0.409922 0.388672 0.409922 0.391602 0.412533 0.394531 0.412533 0.395508 0.411227 0.396484 0.411227 0.398438 0.408616 0.398438 0.407311 0.401367 0.403394 0.401367 0.402089 0.403320 0.399478 0.403320 0.396867 0.404297 0.395561 0.404297 0.389034 0.403320 0.387728 0.402344 0.387728 0.396484 0.379896 0.395508 0.379896 0.392578 0.377285 0.385742 0.377285 0.384766 0.375979 0.379883 0.375979 0.378906 0.374674 0.375000 0.374674 0.374023 0.373368
0 0.423828 0.399478 0.421875 0.399478 0.420898 0.400783 0.417969 0.400783 0.416992 0.399478 0.416016 0.399478 0.415039 0.400783 0.413086 0.400783 0.410156 0.403394 0.408203 0.403394 0.405273 0.407311 0.404297 0.407311 0.403320 0.408616 0.403320 0.411227 0.402344 0.412533 0.402344 0.416449 0.400391 0.419060 0.400391 0.422977 0.399414 0.424282 0.400391 0.425587 0.400391 0.426893 0.402344 0.429504 0.402344 0.430809 0.403320 0.432115 0.403320 0.434726 0.405273 0.437337 0.406250 0.437337 0.407227 0.438642 0.407227 0.439948 0.410156 0.443864 0.410156 0.445170 0.414062 0.450392 0.419922 0.450392 0.422852 0.447781 0.425781 0.447781 0.426758 0.446475 0.427734 0.446475 0.430664 0.442559 0.430664 0.441253 0.431641 0.439948 0.431641 0.434726 0.432617 0.433420 0.432617 0.432115 0.434570 0.429504 0.434570 0.426893 0.435547 0.425587 0.435547 0.416449 0.434570 0.415144 0.433594 0.415144 0.431641 0.412533 0.431641 0.411227 0.430664 0.409922 0.430664 0.408616 0.428711 0.406005 0.427734 0.402089 0.426758 0.400783 0.424805 0.400783
0 0.443359 0.422977 0.433594 0.436031 0.433594 0.439948 0.432617 0.441253 0.433594 0.442559 0.433594 0.446475 0.434570 0.447781 0.435547 0.451697 0.436523 0.451697 0.437500 0.453003 0.438477 0.453003 0.439453 0.454308 0.440430 0.454308 0.443359 0.456919 0.445312 0.456919 0.446289 0.458225 0.448242 0.458225 0.449219 0.459530 0.452148 0.459530 0.453125 0.460836 0.456055 0.460836 0.457031 0.462141 0.461914 0.462141 0.464844 0.458225 0.467773 0.456919 0.468750 0.455614 0.468750 0.447781 0.467773 0.446475 0.467773 0.439948 0.466797 0.438642 0.466797 0.436031 0.465820 0.434726 0.465820 0.432115 0.464844 0.430809 0.464844 0.429504 0.461914 0.425587 0.459961 0.425587 0.458984 0.424282 0.455078 0.424282 0.452148 0.421671 0.446289 0.421671 0.445312 0.422977
0 0.473633 0.429504 0.473633 0.430809 0.472656 0.432115 0.472656 0.447781 0.473633 0.449086 0.473633 0.450392 0.475586 0.453003 0.476562 0.453003 0.481445 0.459530 0.482422 0.459530 0.483398 0.460836 0.484375 0.460836 0.485352 0.462141 0.488281 0.463446 0.490234 0.466057 0.497070 0.466057 0.498047 0.464752 0.501953 0.464752 0.502930 0.463446 0.502930 0.462141 0.504883 0.459530 0.504883 0.458225 0.505859 0.456919 0.505859 0.455614 0.507812 0.451697 0.507812 0.450392 0.506836 0.449086 0.506836 0.446475 0.505859 0.445170 0.504883 0.445170 0.503906 0.443864 0.500977 0.442559 0.494141 0.433420 0.493164 0.433420 0.490234 0.429504 0.489258 0.429504 0.487305 0.426893 0.486328 0.426893 0.485352 0.425587 0.478516 0.425587 0.477539 0.426893 0.476562 0.426893
0 0.485352 0.398172 0.485352 0.399478 0.484375 0.400783 0.484375 0.415144 0.485352 0.416449 0.485352 0.417755 0.488281 0.420366 0.489258 0.424282 0.499023 0.437337 0.500000 0.437337 0.504883 0.441253 0.506836 0.441253 0.507812 0.442559 0.510742 0.442559 0.511719 0.441253 0.516602 0.441253 0.517578 0.439948 0.518555 0.439948 0.520508 0.437337 0.520508 0.434726 0.521484 0.433420 0.521484 0.428198 0.519531 0.424282 0.519531 0.419060 0.518555 0.417755 0.518555 0.413838 0.515625 0.407311 0.515625 0.403394 0.514648 0.402089 0.514648 0.399478 0.512695 0.396867 0.510742 0.396867 0.509766 0.395561 0.493164 0.395561 0.490234 0.399478 0.488281 0.399478 0.487305 0.398172
0 0.533203 0.404700 0.532227 0.406005 0.530273 0.406005 0.529297 0.407311 0.528320 0.407311 0.527344 0.408616 0.524414 0.409922 0.521484 0.413838 0.521484 0.426893 0.522461 0.428198 0.522461 0.434726 0.521484 0.436031 0.521484 0.438642 0.520508 0.439948 0.523438 0.443864 0.527344 0.443864 0.528320 0.445170 0.531250 0.445170 0.532227 0.446475 0.538086 0.446475 0.539062 0.445170 0.541992 0.443864 0.546875 0.438642 0.547852 0.438642 0.550781 0.434726 0.550781 0.432115 0.551758 0.430809 0.550781 0.429504 0.550781 0.426893 0.549805 0.425587 0.549805 0.422977 0.547852 0.419060 0.547852 0.416449 0.546875 0.415144 0.546875 0.413838 0.545898 0.412533 0.542969 0.411227 0.541016 0.408616 0.540039 0.408616 0.537109 0.406005 0.534180 0.406005
0 0.581055 0.392950 0.580078 0.392950 0.579102 0.391645 0.575195 0.391645 0.573242 0.389034 0.572266 0.389034 0.571289 0.387728 0.569336 0.387728 0.568359 0.386423 0.560547 0.386423 0.554688 0.394256 0.554688 0.396867 0.553711 0.398172 0.553711 0.399478 0.550781 0.403394 0.550781 0.404700 0.548828 0.408616 0.548828 0.413838 0.549805 0.415144 0.549805 0.419060 0.551758 0.422977 0.551758 0.425587 0.552734 0.426893 0.552734 0.428198 0.555664 0.430809 0.556641 0.430809 0.557617 0.429504 0.569336 0.429504 0.571289 0.426893 0.572266 0.426893 0.575195 0.422977 0.576172 0.422977 0.576172 0.421671 0.578125 0.419060 0.578125 0.416449 0.581055 0.412533 0.581055 0.411227 0.582031 0.409922 0.582031 0.407311 0.583008 0.406005 0.583008 0.399478 0.582031 0.398172 0.582031 0.394256
0 0.531250 0.355091 0.530273 0.356397 0.527344 0.356397 0.525391 0.359008 0.522461 0.360313 0.517578 0.366841 0.517578 0.368146 0.515625 0.372063 0.515625 0.379896 0.516602 0.381201 0.517578 0.385117 0.519531 0.387728 0.519531 0.389034 0.520508 0.389034 0.523438 0.392950 0.523438 0.394256 0.525391 0.398172 0.527344 0.398172 0.528320 0.399478 0.530273 0.399478 0.531250 0.400783 0.534180 0.400783 0.535156 0.402089 0.537109 0.402089 0.541016 0.396867 0.541016 0.394256 0.541992 0.392950 0.542969 0.389034 0.544922 0.386423 0.544922 0.385117 0.545898 0.383812 0.545898 0.381201 0.547852 0.377285 0.547852 0.372063 0.548828 0.370757 0.548828 0.365535 0.547852 0.364230 0.547852 0.362924 0.545898 0.360313 0.544922 0.360313 0.543945 0.359008 0.541992 0.359008 0.541016 0.357702 0.539062 0.357702 0.538086 0.356397 0.535156 0.356397 0.534180 0.355091
0 0.482422 0.323760 0.478516 0.330287 0.478516 0.334204 0.477539 0.335509 0.477539 0.343342 0.478516 0.344648 0.478516 0.351175 0.479492 0.352480 0.479492 0.353786 0.488281 0.364230 0.489258 0.364230 0.492188 0.366841 0.494141 0.366841 0.495117 0.368146 0.502930 0.368146 0.503906 0.366841 0.506836 0.366841 0.507812 0.365535 0.509766 0.365535 0.511719 0.362924 0.511719 0.356397 0.510742 0.355091 0.510742 0.352480 0.509766 0.351175 0.509766 0.348564 0.507812 0.344648 0.507812 0.342037 0.505859 0.338120 0.505859 0.334204 0.504883 0.332898 0.504883 0.331593 0.503906 0.330287 0.503906 0.328982 0.502930 0.327676 0.501953 0.323760 0.499023 0.321149 0.490234 0.321149 0.489258 0.322454 0.486328 0.322454 0.485352 0.323760
0 0.439453 0.336815 0.438477 0.340731 0.436523 0.343342 0.436523 0.344648 0.435547 0.345953 0.435547 0.351175 0.434570 0.352480 0.434570 0.364230 0.435547 0.365535 0.435547 0.366841 0.436523 0.368146 0.437500 0.368146 0.439453 0.370757 0.441406 0.370757 0.442383 0.372063 0.444336 0.372063 0.445312 0.373368 0.450195 0.373368 0.451172 0.374674 0.453125 0.374674 0.454102 0.375979 0.456055 0.375979 0.457031 0.377285 0.460938 0.377285 0.461914 0.378590 0.462891 0.377285 0.464844 0.377285 0.467773 0.373368 0.467773 0.372063 0.469727 0.369452 0.469727 0.368146 0.472656 0.361619 0.472656 0.356397 0.471680 0.355091 0.471680 0.352480 0.470703 0.351175 0.470703 0.348564 0.468750 0.345953 0.467773 0.345953 0.461914 0.338120 0.458008 0.338120 0.457031 0.336815 0.450195 0.336815 0.449219 0.335509 0.444336 0.335509 0.443359 0.334204 0.442383 0.335509
0 0.418945 0.347258 0.417969 0.348564 0.416992 0.348564 0.411133 0.356397 0.411133 0.357702 0.410156 0.359008 0.410156 0.362924 0.411133 0.364230 0.411133 0.366841 0.412109 0.368146 0.412109 0.369452 0.413086 0.370757 0.414062 0.374674 0.416016 0.377285 0.416016 0.378590 0.418945 0.382507 0.418945 0.383812 0.422852 0.389034 0.423828 0.389034 0.426758 0.391645 0.429688 0.391645 0.430664 0.392950 0.434570 0.392950 0.436523 0.390339 0.436523 0.389034 0.437500 0.387728 0.437500 0.385117 0.438477 0.383812 0.438477 0.377285 0.437500 0.375979 0.437500 0.372063 0.433594 0.364230 0.433594 0.349869 0.432617 0.348564 0.432617 0.347258 0.431641 0.347258 0.430664 0.345953 0.421875 0.345953 0.420898 0.347258
0 0.361328 0.281984 0.361328 0.283290 0.359375 0.285901 0.359375 0.287206 0.356445 0.293734 0.356445 0.301567 0.360352 0.309399 0.361328 0.309399 0.365234 0.314621 0.366211 0.314621 0.369141 0.318538 0.370117 0.318538 0.371094 0.319843 0.376953 0.319843 0.377930 0.321149 0.390625 0.321149 0.391602 0.319843 0.392578 0.319843 0.392578 0.318538 0.395508 0.314621 0.395508 0.313316 0.396484 0.312010 0.396484 0.304178 0.395508 0.302872 0.395508 0.300261 0.394531 0.298956 0.394531 0.297650 0.392578 0.295039 0.392578 0.292428 0.390625 0.289817 0.390625 0.287206 0.389648 0.285901 0.389648 0.283290 0.387695 0.279373 0.387695 0.276762 0.386719 0.275457 0.386719 0.274151 0.385742 0.274151 0.384766 0.272846 0.380859 0.272846 0.377930 0.275457 0.375977 0.275457 0.375000 0.276762 0.373047 0.276762 0.372070 0.278068 0.369141 0.278068 0.368164 0.279373 0.364258 0.279373 0.362305 0.281984
0 0.403320 0.248042 0.402344 0.248042 0.401367 0.249347 0.393555 0.249347 0.392578 0.250653 0.391602 0.250653 0.386719 0.257180 0.386719 0.262402 0.387695 0.263708 0.387695 0.267624 0.388672 0.268930 0.388672 0.272846 0.389648 0.274151 0.389648 0.276762 0.392578 0.283290 0.392578 0.285901 0.394531 0.289817 0.394531 0.292428 0.395508 0.293734 0.395508 0.296345 0.396484 0.297650 0.396484 0.298956 0.397461 0.298956 0.398438 0.300261 0.401367 0.300261 0.402344 0.298956 0.404297 0.298956 0.405273 0.297650 0.410156 0.297650 0.411133 0.296345 0.416016 0.296345 0.417969 0.293734 0.417969 0.291123 0.418945 0.289817 0.418945 0.287206 0.419922 0.285901 0.419922 0.281984 0.420898 0.280679 0.420898 0.275457 0.421875 0.274151 0.421875 0.271540 0.420898 0.270235 0.420898 0.266319 0.419922 0.265013 0.419922 0.263708 0.413086 0.254569 0.412109 0.254569 0.411133 0.253264 0.410156 0.253264 0.408203 0.250653 0.406250 0.250653
0 0.403320 0.302872 0.403320 0.304178 0.401367 0.308094 0.401367 0.319843 0.400391 0.321149 0.400391 0.323760 0.399414 0.325065 0.400391 0.328982 0.402344 0.331593 0.405273 0.332898 0.410156 0.338120 0.411133 0.338120 0.414062 0.340731 0.416016 0.340731 0.416992 0.342037 0.423828 0.342037 0.425781 0.339426 0.427734 0.339426 0.428711 0.338120 0.431641 0.336815 0.433594 0.334204 0.433594 0.332898 0.435547 0.328982 0.435547 0.321149 0.434570 0.319843 0.434570 0.318538 0.423828 0.304178 0.422852 0.304178 0.419922 0.300261 0.418945 0.300261 0.417969 0.298956 0.409180 0.298956 0.408203 0.300261 0.405273 0.300261
0 0.447266 0.271540 0.446289 0.271540 0.442383 0.276762 0.441406 0.276762 0.440430 0.278068 0.436523 0.278068 0.435547 0.276762 0.434570 0.278068 0.433594 0.278068 0.430664 0.284595 0.430664 0.304178 0.431641 0.305483 0.431641 0.308094 0.432617 0.309399 0.433594 0.313316 0.436523 0.317232 0.436523 0.318538 0.438477 0.321149 0.440430 0.321149 0.441406 0.322454 0.443359 0.322454 0.444336 0.321149 0.445312 0.321149 0.447266 0.318538 0.453125 0.315927 0.455078 0.313316 0.456055 0.313316 0.460938 0.308094 0.462891 0.308094 0.463867 0.306789 0.466797 0.305483 0.468750 0.302872 0.468750 0.301567 0.469727 0.300261 0.467773 0.293734 0.463867 0.288512 0.463867 0.287206 0.458008 0.279373 0.457031 0.279373 0.456055 0.278068 0.451172 0.275457 0.449219 0.272846 0.448242 0.272846
0 0.649414 0.417755 0.647461 0.417755 0.646484 0.416449 0.642578 0.416449 0.641602 0.415144 0.637695 0.415144 0.636719 0.416449 0.635742 0.416449 0.634766 0.417755 0.632812 0.417755 0.631836 0.419060 0.629883 0.419060 0.628906 0.417755 0.625000 0.417755 0.624023 0.419060 0.623047 0.419060 0.621094 0.422977 0.621094 0.426893 0.624023 0.429504 0.621094 0.433420 0.621094 0.434726 0.619141 0.438642 0.619141 0.446475 0.621094 0.449086 0.621094 0.450392 0.627930 0.458225 0.628906 0.458225 0.631836 0.460836 0.634766 0.460836 0.635742 0.459530 0.636719 0.459530 0.638672 0.456919 0.639648 0.456919 0.642578 0.454308 0.644531 0.454308 0.645508 0.453003 0.646484 0.453003 0.648438 0.450392 0.649414 0.450392 0.651367 0.446475 0.651367 0.443864 0.652344 0.442559 0.652344 0.438642 0.653320 0.437337 0.653320 0.429504 0.652344 0.428198 0.652344 0.421671
0 0.645508 0.456919 0.645508 0.458225 0.644531 0.459530 0.644531 0.462141 0.643555 0.463446 0.643555 0.466057 0.642578 0.467363 0.642578 0.468668 0.643555 0.469974 0.643555 0.477807 0.645508 0.481723 0.645508 0.484334 0.653320 0.494778 0.654297 0.494778 0.655273 0.496084 0.660156 0.496084 0.661133 0.497389 0.662109 0.497389 0.663086 0.496084 0.667969 0.496084 0.668945 0.494778 0.671875 0.494778 0.672852 0.493473 0.674805 0.493473 0.676758 0.490862 0.676758 0.480418 0.675781 0.479112 0.675781 0.466057 0.674805 0.464752 0.674805 0.460836 0.673828 0.459530 0.672852 0.455614 0.671875 0.455614 0.670898 0.454308 0.666016 0.454308 0.665039 0.453003 0.658203 0.453003 0.657227 0.451697 0.654297 0.451697 0.654297 0.453003 0.652344 0.455614 0.648438 0.455614 0.647461 0.456919
0 0.708008 0.442559 0.707031 0.442559 0.706055 0.441253 0.703125 0.441253 0.702148 0.442559 0.700195 0.442559 0.699219 0.443864 0.698242 0.443864 0.697266 0.445170 0.694336 0.446475 0.691406 0.450392 0.691406 0.451697 0.690430 0.453003 0.690430 0.456919 0.689453 0.458225 0.689453 0.460836 0.688477 0.462141 0.688477 0.464752 0.687500 0.466057 0.687500 0.469974 0.686523 0.471279 0.686523 0.475196 0.685547 0.476501 0.685547 0.479112 0.686523 0.480418 0.686523 0.483029 0.689453 0.486945 0.702148 0.486945 0.703125 0.485640 0.705078 0.485640 0.706055 0.484334 0.707031 0.484334 0.709961 0.480418 0.710938 0.480418 0.712891 0.477807 0.713867 0.477807 0.713867 0.476501 0.714844 0.475196 0.714844 0.472585 0.715820 0.471279 0.715820 0.469974 0.716797 0.468668 0.717773 0.464752 0.719727 0.462141 0.719727 0.459530 0.718750 0.458225 0.718750 0.456919 0.714844 0.451697 0.714844 0.450392 0.712891 0.447781 0.711914 0.447781
0 0.595703 0.472585 0.595703 0.475196 0.594727 0.476501 0.595703 0.477807 0.595703 0.480418 0.596680 0.481723 0.596680 0.484334 0.597656 0.485640 0.598633 0.489556 0.599609 0.489556 0.604492 0.496084 0.605469 0.496084 0.607422 0.498695 0.608398 0.498695 0.609375 0.500000 0.611328 0.500000 0.612305 0.501305 0.619141 0.501305 0.620117 0.500000 0.622070 0.500000 0.623047 0.498695 0.625000 0.498695 0.625977 0.497389 0.627930 0.497389 0.631836 0.492167 0.631836 0.486945 0.632812 0.485640 0.632812 0.476501 0.631836 0.475196 0.631836 0.472585 0.630859 0.471279 0.630859 0.469974 0.628906 0.467363 0.625977 0.466057 0.621094 0.460836 0.620117 0.460836 0.615234 0.456919 0.610352 0.456919 0.609375 0.458225 0.606445 0.459530 0.603516 0.463446 0.602539 0.463446
0 0.642578 0.493473 0.640625 0.493473 0.640625 0.497389 0.638672 0.500000 0.637695 0.500000 0.634766 0.497389 0.634766 0.493473 0.632812 0.497389 0.630859 0.497389 0.629883 0.498695 0.628906 0.498695 0.624023 0.503916 0.622070 0.510444 0.619141 0.514360 0.619141 0.516971 0.618164 0.518277 0.618164 0.520888 0.617188 0.522193 0.617188 0.523499 0.616211 0.524804 0.616211 0.527415 0.615234 0.528721 0.617188 0.532637 0.620117 0.533943 0.622070 0.536554 0.623047 0.536554 0.625977 0.539164 0.628906 0.539164 0.629883 0.540470 0.631836 0.540470 0.632812 0.541775 0.634766 0.541775 0.635742 0.540470 0.636719 0.540470 0.640625 0.535248 0.641602 0.535248 0.645508 0.530026 0.646484 0.530026 0.648438 0.527415 0.649414 0.527415 0.652344 0.523499 0.652344 0.520888 0.653320 0.519582 0.653320 0.515666 0.652344 0.514360 0.652344 0.510444 0.649414 0.506527 0.648438 0.502611 0.643555 0.496084 0.643555 0.494778
0 0.704102 0.493473 0.704102 0.503916 0.706055 0.507833 0.706055 0.510444 0.708008 0.513055 0.708008 0.514360 0.711914 0.519582 0.712891 0.519582 0.715820 0.522193 0.720703 0.522193 0.721680 0.523499 0.724609 0.523499 0.725586 0.524804 0.727539 0.524804 0.728516 0.526110 0.729492 0.524804 0.732422 0.524804 0.737305 0.518277 0.737305 0.516971 0.739258 0.514360 0.739258 0.513055 0.741211 0.509138 0.741211 0.506527 0.740234 0.505222 0.740234 0.502611 0.738281 0.500000 0.737305 0.500000 0.735352 0.497389 0.734375 0.497389 0.733398 0.496084 0.730469 0.494778 0.725586 0.489556 0.724609 0.489556 0.723633 0.488251 0.722656 0.488251 0.719727 0.485640 0.715820 0.485640 0.713867 0.488251 0.711914 0.488251 0.710938 0.489556 0.708984 0.489556 0.708008 0.490862 0.706055 0.490862
0 0.763672 0.524804 0.759766 0.519582 0.756836 0.518277 0.751953 0.513055 0.750000 0.513055 0.749023 0.514360 0.745117 0.514360 0.744141 0.513055 0.742188 0.515666 0.741211 0.515666 0.732422 0.527415 0.731445 0.527415 0.730469 0.528721 0.730469 0.532637 0.729492 0.533943 0.729492 0.535248 0.730469 0.536554 0.730469 0.552219 0.732422 0.554830 0.734375 0.554830 0.735352 0.556136 0.744141 0.556136 0.745117 0.554830 0.748047 0.553525 0.750977 0.549608 0.751953 0.549608 0.753906 0.546997 0.754883 0.546997 0.758789 0.541775 0.759766 0.541775 0.759766 0.540470 0.764648 0.533943 0.764648 0.527415 0.763672 0.526110
0 0.708984 0.524804 0.703125 0.519582 0.696289 0.519582 0.695312 0.520888 0.691406 0.520888 0.690430 0.522193 0.687500 0.522193 0.686523 0.523499 0.685547 0.523499 0.683594 0.526110 0.683594 0.527415 0.680664 0.531332 0.680664 0.532637 0.678711 0.536554 0.678711 0.539164 0.677734 0.540470 0.677734 0.543081 0.676758 0.544386 0.676758 0.546997 0.675781 0.548303 0.675781 0.550914 0.678711 0.554830 0.679688 0.554830 0.680664 0.556136 0.685547 0.556136 0.686523 0.557441 0.688477 0.557441 0.689453 0.558747 0.704102 0.558747 0.705078 0.557441 0.706055 0.557441 0.707031 0.556136 0.707031 0.554830 0.708008 0.553525 0.708984 0.553525 0.711914 0.549608 0.711914 0.548303 0.710938 0.546997 0.710938 0.533943 0.709961 0.532637 0.709961 0.530026 0.708984 0.528721
0 0.638672 0.556136 0.638672 0.561358 0.639648 0.562663 0.639648 0.563969 0.642578 0.567885 0.643555 0.567885 0.644531 0.569191 0.647461 0.569191 0.648438 0.570496 0.654297 0.570496 0.655273 0.571802 0.660156 0.571802 0.661133 0.573107 0.662109 0.573107 0.663086 0.571802 0.666992 0.571802 0.667969 0.570496 0.669922 0.570496 0.673828 0.565274 0.673828 0.563969 0.675781 0.561358 0.676758 0.561358 0.677734 0.560052 0.677734 0.556136 0.676758 0.554830 0.675781 0.554830 0.673828 0.552219 0.673828 0.550914 0.672852 0.549608 0.672852 0.546997 0.669922 0.543081 0.668945 0.543081 0.665039 0.537859 0.652344 0.537859 0.651367 0.539164 0.650391 0.539164 0.648438 0.541775 0.647461 0.541775 0.645508 0.544386 0.644531 0.544386 0.643555 0.545692 0.642578 0.549608
0 0.632812 0.554830 0.630859 0.554830 0.629883 0.553525 0.627930 0.553525 0.626953 0.552219 0.625000 0.552219 0.624023 0.550914 0.623047 0.550914 0.622070 0.549608 0.622070 0.548303 0.622070 0.549608 0.621094 0.550914 0.618164 0.550914 0.617188 0.552219 0.614258 0.553525 0.613281 0.554830 0.613281 0.556136 0.611328 0.558747 0.611328 0.560052 0.608398 0.563969 0.608398 0.566580 0.607422 0.567885 0.607422 0.569191 0.605469 0.573107 0.605469 0.579634 0.604492 0.580940 0.605469 0.582245 0.606445 0.586162 0.608398 0.588773 0.609375 0.588773 0.610352 0.590078 0.618164 0.590078 0.619141 0.588773 0.623047 0.588773 0.624023 0.587467 0.625000 0.587467 0.628906 0.582245 0.629883 0.578329 0.635742 0.570496 0.635742 0.569191 0.636719 0.567885 0.636719 0.563969 0.634766 0.560052 0.634766 0.557441
0 0.657227 0.573107 0.645508 0.573107 0.644531 0.574413 0.643555 0.574413 0.642578 0.575718 0.641602 0.575718 0.640625 0.577023 0.639648 0.577023 0.634766 0.583551 0.634766 0.586162 0.632812 0.588773 0.632812 0.597911 0.633789 0.599217 0.633789 0.600522 0.634766 0.601828 0.634766 0.604439 0.636719 0.607050 0.636719 0.608355 0.637695 0.608355 0.640625 0.610966 0.642578 0.610966 0.643555 0.612272 0.648438 0.612272 0.649414 0.610966 0.650391 0.610966 0.652344 0.608355 0.653320 0.608355 0.656250 0.604439 0.657227 0.604439 0.665039 0.593995 0.665039 0.583551 0.664062 0.582245 0.664062 0.580940 0.659180 0.574413 0.658203 0.574413
0 0.680664 0.578329 0.679688 0.579634 0.678711 0.579634 0.676758 0.582245 0.675781 0.582245 0.674805 0.583551 0.672852 0.583551 0.668945 0.588773 0.668945 0.590078 0.667969 0.591384 0.667969 0.595300 0.666992 0.596606 0.667969 0.597911 0.667969 0.599217 0.672852 0.605744 0.672852 0.607050 0.673828 0.608355 0.674805 0.608355 0.677734 0.612272 0.678711 0.612272 0.679688 0.613577 0.680664 0.613577 0.683594 0.616188 0.689453 0.616188 0.690430 0.614883 0.691406 0.614883 0.696289 0.608355 0.697266 0.608355 0.697266 0.607050 0.699219 0.604439 0.699219 0.603133 0.701172 0.599217 0.701172 0.596606 0.700195 0.596606 0.699219 0.595300 0.699219 0.593995 0.698242 0.592689 0.698242 0.591384 0.697266 0.590078 0.697266 0.588773 0.693359 0.583551 0.693359 0.582245 0.692383 0.580940 0.687500 0.580940 0.686523 0.579634 0.683594 0.579634 0.682617 0.578329
0 0.735352 0.560052 0.734375 0.558747 0.732422 0.558747 0.731445 0.557441 0.728516 0.556136 0.726562 0.553525 0.725586 0.553525 0.724609 0.552219 0.722656 0.552219 0.719727 0.556136 0.718750 0.554830 0.716797 0.554830 0.715820 0.553525 0.713867 0.553525 0.712891 0.552219 0.707031 0.560052 0.704102 0.561358 0.704102 0.562663 0.703125 0.563969 0.703125 0.565274 0.701172 0.569191 0.701172 0.583551 0.702148 0.584856 0.702148 0.586162 0.704102 0.588773 0.708984 0.588773 0.709961 0.590078 0.713867 0.590078 0.714844 0.588773 0.716797 0.588773 0.717773 0.587467 0.718750 0.587467 0.721680 0.583551 0.722656 0.583551 0.723633 0.582245 0.724609 0.582245 0.725586 0.580940 0.726562 0.580940 0.727539 0.579634 0.728516 0.579634 0.731445 0.577023 0.733398 0.577023 0.735352 0.573107 0.735352 0.569191 0.736328 0.567885 0.736328 0.562663 0.735352 0.561358
0 0.772461 0.552219 0.770508 0.549608 0.760742 0.549608 0.759766 0.548303 0.758789 0.548303 0.757812 0.549608 0.755859 0.549608 0.752930 0.552219 0.750977 0.552219 0.750000 0.553525 0.747070 0.554830 0.745117 0.557441 0.744141 0.557441 0.741211 0.560052 0.741211 0.561358 0.739258 0.563969 0.739258 0.566580 0.738281 0.567885 0.738281 0.574413 0.740234 0.577023 0.741211 0.577023 0.744141 0.579634 0.746094 0.579634 0.747070 0.580940 0.750000 0.580940 0.750977 0.582245 0.756836 0.582245 0.757812 0.583551 0.763672 0.583551 0.764648 0.582245 0.767578 0.580940 0.770508 0.577023 0.770508 0.575718 0.771484 0.574413 0.771484 0.570496 0.772461 0.569191 0.772461 0.557441 0.773438 0.556136 0.772461 0.554830
0 0.764648 0.587467 0.763672 0.588773 0.761719 0.588773 0.760742 0.590078 0.759766 0.590078 0.755859 0.595300 0.754883 0.595300 0.754883 0.596606 0.752930 0.599217 0.752930 0.600522 0.751953 0.601828 0.750977 0.601828 0.748047 0.605744 0.747070 0.605744 0.746094 0.607050 0.746094 0.613577 0.747070 0.614883 0.747070 0.616188 0.748047 0.617493 0.749023 0.621410 0.750000 0.621410 0.752930 0.625326 0.753906 0.625326 0.758789 0.630548 0.759766 0.630548 0.760742 0.631854 0.761719 0.631854 0.762695 0.633159 0.763672 0.633159 0.764648 0.634465 0.767578 0.635770 0.768555 0.634465 0.770508 0.634465 0.776367 0.626632 0.777344 0.626632 0.780273 0.622715 0.780273 0.621410 0.781250 0.620104 0.781250 0.607050 0.779297 0.603133 0.779297 0.600522 0.778320 0.599217 0.778320 0.597911 0.777344 0.596606 0.777344 0.593995 0.775391 0.590078 0.771484 0.590078 0.768555 0.587467
0 0.712891 0.608355 0.712891 0.609661 0.711914 0.610966 0.711914 0.629243 0.712891 0.630548 0.712891 0.631854 0.717773 0.631854 0.718750 0.633159 0.720703 0.633159 0.721680 0.634465 0.725586 0.634465 0.726562 0.635770 0.729492 0.635770 0.730469 0.637076 0.733398 0.637076 0.734375 0.638381 0.736328 0.638381 0.737305 0.637076 0.740234 0.635770 0.740234 0.634465 0.744141 0.629243 0.744141 0.627937 0.746094 0.624021 0.746094 0.622715 0.745117 0.621410 0.745117 0.620104 0.743164 0.616188 0.743164 0.612272 0.742188 0.610966 0.742188 0.608355 0.741211 0.608355 0.740234 0.607050 0.735352 0.607050 0.732422 0.604439 0.728516 0.604439 0.727539 0.605744 0.717773 0.605744 0.716797 0.607050 0.714844 0.607050 0.713867 0.608355
0 0.702148 0.617493 0.701172 0.617493 0.700195 0.616188 0.699219 0.617493 0.693359 0.617493 0.692383 0.618799 0.683594 0.618799 0.682617 0.620104 0.680664 0.620104 0.679688 0.621410 0.678711 0.621410 0.675781 0.625326 0.672852 0.626632 0.670898 0.630548 0.670898 0.642298 0.671875 0.643603 0.671875 0.644909 0.672852 0.646214 0.673828 0.650131 0.674805 0.650131 0.677734 0.652742 0.688477 0.652742 0.689453 0.651436 0.691406 0.651436 0.692383 0.650131 0.694336 0.650131 0.697266 0.647520 0.699219 0.647520 0.701172 0.644909 0.704102 0.643603 0.706055 0.639687 0.706055 0.637076 0.705078 0.635770 0.705078 0.634465 0.704102 0.633159 0.704102 0.631854 0.702148 0.627937
0 0.601562 0.601828 0.601562 0.603133 0.600586 0.604439 0.600586 0.613577 0.602539 0.617493 0.603516 0.617493 0.604492 0.618799 0.606445 0.618799 0.607422 0.620104 0.609375 0.620104 0.612305 0.622715 0.614258 0.622715 0.615234 0.624021 0.617188 0.624021 0.618164 0.625326 0.622070 0.625326 0.623047 0.626632 0.627930 0.626632 0.629883 0.624021 0.629883 0.621410 0.630859 0.620104 0.630859 0.618799 0.632812 0.614883 0.632812 0.607050 0.631836 0.605744 0.631836 0.604439 0.629883 0.601828 0.629883 0.597911 0.627930 0.595300 0.627930 0.593995 0.625977 0.591384 0.615234 0.591384 0.614258 0.592689 0.610352 0.592689 0.609375 0.593995 0.608398 0.593995 0.607422 0.595300 0.606445 0.595300
0 0.643555 0.660574 0.641602 0.657963 0.640625 0.657963 0.639648 0.656658 0.638672 0.656658 0.634766 0.651436 0.633789 0.651436 0.632812 0.650131 0.628906 0.650131 0.627930 0.651436 0.626953 0.651436 0.625977 0.652742 0.625000 0.652742 0.623047 0.655352 0.622070 0.655352 0.620117 0.657963 0.619141 0.657963 0.615234 0.663185 0.615234 0.672324 0.617188 0.674935 0.618164 0.674935 0.621094 0.678851 0.622070 0.678851 0.623047 0.680157 0.627930 0.680157 0.628906 0.678851 0.630859 0.678851 0.632812 0.676240 0.633789 0.676240 0.635742 0.673629 0.636719 0.673629 0.638672 0.671018 0.639648 0.671018 0.643555 0.665796
0 0.664062 0.624021 0.663086 0.624021 0.662109 0.622715 0.660156 0.622715 0.657227 0.620104 0.651367 0.620104 0.650391 0.621410 0.649414 0.621410 0.648438 0.622715 0.647461 0.622715 0.645508 0.625326 0.645508 0.626632 0.643555 0.629243 0.643555 0.630548 0.642578 0.631854 0.642578 0.633159 0.641602 0.634465 0.639648 0.634465 0.638672 0.635770 0.638672 0.651436 0.639648 0.652742 0.639648 0.654047 0.640625 0.655352 0.641602 0.655352 0.644531 0.659269 0.645508 0.659269 0.646484 0.660574 0.651367 0.660574 0.652344 0.659269 0.654297 0.659269 0.656250 0.656658 0.657227 0.656658 0.659180 0.654047 0.659180 0.652742 0.660156 0.651436 0.660156 0.650131 0.663086 0.646214 0.664062 0.646214 0.667969 0.640992 0.667969 0.631854 0.666992 0.630548 0.666992 0.627937
0 0.686523 0.656658 0.685547 0.655352 0.676758 0.655352 0.675781 0.656658 0.666992 0.656658 0.666016 0.657963 0.657227 0.657963 0.653320 0.663185 0.653320 0.664491 0.652344 0.665796 0.653320 0.667102 0.653320 0.674935 0.656250 0.678851 0.658203 0.678851 0.661133 0.681462 0.664062 0.681462 0.665039 0.680157 0.674805 0.680157 0.675781 0.678851 0.678711 0.678851 0.679688 0.677546 0.681641 0.677546 0.682617 0.676240 0.683594 0.676240 0.684570 0.674935 0.685547 0.674935 0.687500 0.671018 0.687500 0.665796 0.686523 0.664491
0 0.708008 0.639687 0.708008 0.640992 0.706055 0.644909 0.706055 0.650131 0.705078 0.651436 0.705078 0.655352 0.707031 0.659269 0.708008 0.659269 0.709961 0.661880 0.710938 0.661880 0.711914 0.663185 0.713867 0.663185 0.714844 0.664491 0.721680 0.664491 0.722656 0.665796 0.725586 0.665796 0.726562 0.667102 0.732422 0.667102 0.738281 0.655352 0.738281 0.647520 0.737305 0.646214 0.737305 0.644909 0.736328 0.643603 0.736328 0.642298 0.735352 0.640992 0.734375 0.640992 0.733398 0.639687 0.731445 0.639687 0.728516 0.637076 0.725586 0.637076 0.724609 0.635770 0.721680 0.635770 0.720703 0.634465 0.712891 0.634465 0.711914 0.635770 0.710938 0.635770
0 0.766602 0.651436 0.763672 0.651436 0.762695 0.650131 0.759766 0.650131 0.756836 0.647520 0.750977 0.647520 0.750000 0.648825 0.747070 0.648825 0.744141 0.651436 0.744141 0.652742 0.743164 0.654047 0.743164 0.673629 0.742188 0.674935 0.742188 0.682768 0.743164 0.684073 0.743164 0.685379 0.757812 0.685379 0.758789 0.684073 0.760742 0.684073 0.761719 0.682768 0.762695 0.682768 0.763672 0.681462 0.765625 0.681462 0.766602 0.680157 0.766602 0.678851 0.768555 0.674935 0.768555 0.672324 0.769531 0.671018 0.769531 0.659269 0.768555 0.657963 0.768555 0.655352 0.766602 0.652742
0 0.705078 0.668407 0.701172 0.668407 0.700195 0.669713 0.696289 0.669713 0.693359 0.673629 0.692383 0.673629 0.687500 0.680157 0.687500 0.681462 0.684570 0.685379 0.684570 0.687990 0.685547 0.689295 0.685547 0.691906 0.686523 0.693211 0.686523 0.698433 0.688477 0.701044 0.688477 0.702350 0.690430 0.704961 0.690430 0.706266 0.692383 0.708877 0.693359 0.708877 0.694336 0.710183 0.699219 0.710183 0.700195 0.708877 0.701172 0.708877 0.704102 0.704961 0.705078 0.704961 0.707031 0.702350 0.708008 0.702350 0.709961 0.699739 0.710938 0.699739 0.712891 0.697128 0.713867 0.697128 0.715820 0.694517 0.716797 0.694517 0.718750 0.690601 0.718750 0.689295 0.717773 0.687990 0.717773 0.684073 0.716797 0.682768 0.716797 0.681462 0.713867 0.677546 0.712891 0.677546 0.708008 0.671018 0.707031 0.671018
0 0.722656 0.681462 0.722656 0.682768 0.721680 0.684073 0.721680 0.687990 0.720703 0.689295 0.720703 0.693211 0.721680 0.694517 0.721680 0.695822 0.722656 0.697128 0.722656 0.698433 0.723633 0.698433 0.726562 0.702350 0.730469 0.702350 0.731445 0.703655 0.738281 0.703655 0.739258 0.704961 0.746094 0.704961 0.747070 0.703655 0.748047 0.703655 0.748047 0.702350 0.750977 0.698433 0.750977 0.697128 0.751953 0.695822 0.751953 0.691906 0.750000 0.689295 0.749023 0.689295 0.748047 0.687990 0.744141 0.687990 0.742188 0.685379 0.742188 0.680157 0.741211 0.678851 0.741211 0.676240 0.740234 0.676240 0.739258 0.674935 0.737305 0.674935 0.736328 0.673629 0.734375 0.673629 0.733398 0.672324 0.729492 0.672324
0 0.645508 0.698433 0.644531 0.699739 0.630859 0.699739 0.629883 0.701044 0.629883 0.703655 0.628906 0.704961 0.628906 0.708877 0.629883 0.710183 0.629883 0.714099 0.630859 0.715405 0.630859 0.718016 0.631836 0.719321 0.631836 0.725849 0.632812 0.727154 0.632812 0.729765 0.636719 0.734987 0.637695 0.734987 0.638672 0.736292 0.642578 0.736292 0.643555 0.734987 0.644531 0.734987 0.649414 0.728460 0.650391 0.728460 0.652344 0.725849 0.652344 0.724543 0.653320 0.723238 0.652344 0.721932 0.652344 0.719321 0.651367 0.718016 0.651367 0.715405 0.650391 0.714099 0.650391 0.711488 0.649414 0.710183 0.649414 0.704961 0.648438 0.703655 0.648438 0.701044 0.647461 0.699739 0.646484 0.699739
0 0.668945 0.698433 0.666992 0.701044 0.666992 0.702350 0.666016 0.703655 0.666016 0.727154 0.666992 0.728460 0.666992 0.731070 0.669922 0.734987 0.675781 0.734987 0.676758 0.736292 0.680664 0.736292 0.681641 0.734987 0.684570 0.734987 0.686523 0.732376 0.686523 0.728460 0.687500 0.727154 0.687500 0.723238 0.688477 0.721932 0.688477 0.716710 0.687500 0.715405 0.687500 0.706266 0.684570 0.702350 0.683594 0.702350 0.682617 0.701044 0.681641 0.701044 0.680664 0.699739 0.677734 0.699739 0.676758 0.698433
0 0.602539 0.718016 0.602539 0.720627 0.601562 0.721932 0.601562 0.724543 0.602539 0.725849 0.602539 0.728460 0.603516 0.729765 0.603516 0.731070 0.605469 0.733681 0.605469 0.734987 0.609375 0.740209 0.611328 0.740209 0.612305 0.741514 0.613281 0.741514 0.615234 0.744125 0.623047 0.744125 0.624023 0.742820 0.625977 0.742820 0.627930 0.740209 0.628906 0.740209 0.628906 0.738903 0.630859 0.734987 0.630859 0.731070 0.629883 0.729765 0.629883 0.727154 0.627930 0.723238 0.627930 0.720627 0.626953 0.719321 0.626953 0.716710 0.625000 0.714099 0.624023 0.714099 0.623047 0.712794 0.621094 0.712794 0.620117 0.711488 0.616211 0.711488 0.615234 0.710183 0.613281 0.710183 0.612305 0.711488 0.609375 0.711488 0.608398 0.712794 0.607422 0.712794 0.605469 0.715405 0.604492 0.715405
0 0.610352 0.762402 0.610352 0.763708 0.609375 0.765013 0.609375 0.772846 0.610352 0.774151 0.610352 0.776762 0.612305 0.779373 0.612305 0.780679 0.615234 0.784595 0.615234 0.785901 0.617188 0.788512 0.618164 0.788512 0.619141 0.789817 0.621094 0.789817 0.622070 0.791123 0.624023 0.791123 0.625000 0.789817 0.633789 0.789817 0.634766 0.788512 0.636719 0.788512 0.638672 0.785901 0.638672 0.783290 0.636719 0.780679 0.636719 0.778068 0.635742 0.776762 0.635742 0.775457 0.634766 0.774151 0.634766 0.772846 0.633789 0.771540 0.633789 0.770235 0.631836 0.767624 0.631836 0.766319 0.630859 0.766319 0.629883 0.765013 0.628906 0.765013 0.627930 0.763708 0.625977 0.763708 0.625000 0.762402 0.623047 0.762402 0.622070 0.761097 0.615234 0.761097 0.614258 0.759791 0.613281 0.761097 0.611328 0.761097
0 0.648438 0.763708 0.648438 0.768930 0.647461 0.770235 0.647461 0.772846 0.646484 0.774151 0.646484 0.778068 0.645508 0.779373 0.648438 0.783290 0.649414 0.783290 0.650391 0.784595 0.653320 0.784595 0.654297 0.785901 0.656250 0.785901 0.657227 0.787206 0.659180 0.787206 0.660156 0.788512 0.663086 0.788512 0.664062 0.789817 0.673828 0.789817 0.675781 0.792428 0.677734 0.792428 0.678711 0.791123 0.678711 0.789817 0.680664 0.787206 0.680664 0.783290 0.679688 0.781984 0.679688 0.774151 0.678711 0.772846 0.678711 0.770235 0.677734 0.768930 0.677734 0.766319 0.673828 0.761097 0.668945 0.761097 0.667969 0.759791 0.666992 0.759791 0.666016 0.758486 0.663086 0.757180 0.661133 0.754569 0.657227 0.754569 0.655273 0.757180 0.655273 0.758486 0.654297 0.759791 0.653320 0.759791 0.652344 0.761097 0.651367 0.761097
0 0.697266 0.736292 0.690430 0.736292 0.689453 0.737598 0.685547 0.737598 0.684570 0.738903 0.679688 0.738903 0.678711 0.740209 0.677734 0.740209 0.677734 0.741514 0.676758 0.742820 0.676758 0.750653 0.677734 0.751958 0.677734 0.754569 0.678711 0.755875 0.678711 0.758486 0.687500 0.770235 0.692383 0.770235 0.693359 0.768930 0.695312 0.768930 0.696289 0.767624 0.698242 0.767624 0.699219 0.766319 0.700195 0.766319 0.703125 0.762402 0.703125 0.761097 0.705078 0.758486 0.705078 0.749347 0.704102 0.748042 0.704102 0.742820 0.701172 0.738903 0.700195 0.738903
0 0.717773 0.697128 0.714844 0.697128 0.711914 0.701044 0.710938 0.701044 0.709961 0.702350 0.708984 0.702350 0.707031 0.704961 0.706055 0.704961 0.705078 0.706266 0.704102 0.706266 0.701172 0.710183 0.701172 0.711488 0.698242 0.715405 0.698242 0.718016 0.700195 0.720627 0.700195 0.721932 0.701172 0.723238 0.701172 0.724543 0.702148 0.725849 0.702148 0.727154 0.706055 0.732376 0.707031 0.732376 0.708008 0.733681 0.714844 0.733681 0.715820 0.732376 0.719727 0.732376 0.721680 0.729765 0.722656 0.729765 0.723633 0.728460 0.724609 0.728460 0.726562 0.724543 0.726562 0.720627 0.725586 0.719321 0.725586 0.707572 0.724609 0.706266 0.724609 0.704961 0.720703 0.699739 0.719727 0.699739
0 0.440430 0.389034 0.440430 0.390339 0.439453 0.391645 0.439453 0.402089 0.440430 0.403394 0.440430 0.406005 0.441406 0.407311 0.441406 0.408616 0.448242 0.416449 0.449219 0.416449 0.454102 0.420366 0.457031 0.420366 0.458008 0.421671 0.458984 0.421671 0.459961 0.420366 0.463867 0.420366 0.464844 0.419060 0.467773 0.419060 0.468750 0.417755 0.471680 0.416449 0.471680 0.415144 0.473633 0.412533 0.473633 0.411227 0.474609 0.409922 0.474609 0.407311 0.475586 0.406005 0.475586 0.395561 0.474609 0.394256 0.474609 0.389034 0.473633 0.387728 0.472656 0.387728 0.467773 0.383812 0.456055 0.383812 0.455078 0.385117 0.446289 0.385117 0.445312 0.386423 0.442383 0.386423
