0 0.146484 0.222656 0.145508 0.222656 0.144531 0.223958 0.143555 0.223958 0.140625 0.226562 0.138672 0.226562 0.137695 0.227865 0.136719 0.227865 0.130859 0.235677 0.129883 0.235677 0.127930 0.238281 0.127930 0.255208 0.128906 0.256510 0.128906 0.259115 0.129883 0.260417 0.129883 0.264323 0.130859 0.265625 0.130859 0.266927 0.131836 0.266927 0.133789 0.269531 0.135742 0.269531 0.136719 0.270833 0.141602 0.270833 0.142578 0.269531 0.145508 0.269531 0.148438 0.265625 0.149414 0.265625 0.153320 0.260417 0.154297 0.260417 0.156250 0.257812 0.156250 0.253906 0.157227 0.252604 0.157227 0.251302 0.156250 0.250000 0.156250 0.243490 0.155273 0.242188 0.155273 0.236979 0.154297 0.235677 0.154297 0.234375 0.152344 0.231771 0.152344 0.230469 0.151367 0.229167 0.150391 0.225260 0.149414 0.223958 0.147461 0.223958
0 0.107422 0.302083 0.105469 0.302083 0.104492 0.300781 0.103516 0.300781 0.102539 0.299479 0.101562 0.299479 0.098633 0.296875 0.094727 0.296875 0.093750 0.298177 0.089844 0.298177 0.088867 0.299479 0.086914 0.299479 0.085938 0.300781 0.084961 0.300781 0.082031 0.304688 0.082031 0.305990 0.079102 0.309896 0.079102 0.313802 0.078125 0.315104 0.078125 0.320312 0.079102 0.321615 0.079102 0.325521 0.080078 0.326823 0.080078 0.332031 0.081055 0.333333 0.081055 0.334635 0.082031 0.335938 0.083008 0.339844 0.095703 0.339844 0.096680 0.338542 0.097656 0.338542 0.098633 0.337240 0.099609 0.337240 0.100586 0.335938 0.103516 0.334635 0.107422 0.329427 0.107422 0.328125 0.108398 0.326823 0.108398 0.322917 0.109375 0.321615 0.109375 0.316406 0.110352 0.315104 0.110352 0.308594 0.109375 0.307292 0.109375 0.304688
0 0.146484 0.294271 0.145508 0.295573 0.145508 0.296875 0.142578 0.303385 0.142578 0.305990 0.141602 0.307292 0.141602 0.311198 0.140625 0.312500 0.140625 0.313802 0.138672 0.316406 0.137695 0.320312 0.139648 0.322917 0.140625 0.322917 0.141602 0.324219 0.144531 0.325521 0.146484 0.328125 0.147461 0.328125 0.150391 0.332031 0.151367 0.332031 0.152344 0.333333 0.154297 0.333333 0.155273 0.334635 0.165039 0.334635 0.166016 0.333333 0.168945 0.333333 0.170898 0.330729 0.170898 0.329427 0.171875 0.328125 0.171875 0.322917 0.172852 0.321615 0.172852 0.315104 0.173828 0.313802 0.173828 0.304688 0.172852 0.303385 0.171875 0.303385 0.167969 0.298177 0.166992 0.298177 0.165039 0.295573 0.164062 0.295573 0.163086 0.294271 0.159180 0.294271 0.158203 0.292969 0.148438 0.292969 0.147461 0.294271
0 0.185547 0.338542 0.184570 0.338542 0.181641 0.335938 0.177734 0.335938 0.176758 0.334635 0.172852 0.334635 0.171875 0.335938 0.169922 0.335938 0.168945 0.337240 0.166992 0.337240 0.166016 0.338542 0.164062 0.338542 0.163086 0.339844 0.162109 0.339844 0.160156 0.342448 0.160156 0.346354 0.159180 0.347656 0.159180 0.348958 0.158203 0.350260 0.158203 0.352865 0.157227 0.354167 0.157227 0.361979 0.159180 0.364583 0.159180 0.365885 0.160156 0.367188 0.160156 0.368490 0.165039 0.375000 0.168945 0.375000 0.170898 0.372396 0.171875 0.372396 0.173828 0.369792 0.174805 0.369792 0.177734 0.367188 0.179688 0.367188 0.182617 0.364583 0.182617 0.363281 0.183594 0.361979 0.183594 0.358073 0.184570 0.356771 0.184570 0.354167 0.186523 0.351562 0.186523 0.341146 0.185547 0.339844
0 0.137695 0.364583 0.132812 0.369792 0.130859 0.369792 0.129883 0.371094 0.128906 0.371094 0.125977 0.375000 0.125977 0.377604 0.124023 0.381510 0.124023 0.384115 0.123047 0.385417 0.123047 0.388021 0.124023 0.389323 0.124023 0.390625 0.125977 0.393229 0.126953 0.393229 0.129883 0.397135 0.129883 0.398438 0.131836 0.401042 0.131836 0.402344 0.135742 0.407552 0.136719 0.407552 0.137695 0.408854 0.140625 0.408854 0.141602 0.410156 0.147461 0.410156 0.148438 0.408854 0.150391 0.408854 0.151367 0.407552 0.152344 0.407552 0.157227 0.398438 0.157227 0.395833 0.158203 0.394531 0.158203 0.384115 0.157227 0.382812 0.157227 0.381510 0.158203 0.380208 0.159180 0.376302 0.157227 0.376302 0.156250 0.375000 0.155273 0.375000 0.152344 0.371094 0.151367 0.371094 0.147461 0.365885 0.146484 0.365885 0.145508 0.364583
0 0.077148 0.414062 0.075195 0.416667 0.075195 0.419271 0.074219 0.420573 0.074219 0.423177 0.073242 0.424479 0.073242 0.442708 0.074219 0.444010 0.074219 0.445312 0.079102 0.451823 0.080078 0.451823 0.081055 0.453125 0.083008 0.453125 0.083984 0.454427 0.092773 0.454427 0.093750 0.453125 0.096680 0.453125 0.097656 0.451823 0.099609 0.451823 0.100586 0.450521 0.101562 0.450521 0.105469 0.445312 0.105469 0.444010 0.106445 0.442708 0.106445 0.440104 0.107422 0.438802 0.107422 0.434896 0.106445 0.433594 0.106445 0.429688 0.105469 0.428385 0.104492 0.424479 0.100586 0.419271 0.100586 0.417969 0.098633 0.414062 0.083984 0.414062 0.083008 0.412760 0.079102 0.412760 0.078125 0.414062
0 0.089844 0.471354 0.086914 0.471354 0.085938 0.472656 0.083008 0.472656 0.081055 0.475260 0.080078 0.475260 0.077148 0.479167 0.077148 0.480469 0.076172 0.481771 0.076172 0.496094 0.077148 0.497396 0.077148 0.500000 0.078125 0.501302 0.078125 0.506510 0.081055 0.510417 0.082031 0.510417 0.083984 0.513021 0.088867 0.513021 0.089844 0.511719 0.091797 0.511719 0.092773 0.510417 0.094727 0.510417 0.097656 0.507812 0.099609 0.507812 0.100586 0.506510 0.101562 0.506510 0.104492 0.503906 0.106445 0.503906 0.107422 0.502604 0.107422 0.488281 0.106445 0.486979 0.106445 0.485677 0.105469 0.484375 0.102539 0.483073 0.099609 0.479167 0.098633 0.479167 0.096680 0.476562 0.093750 0.475260 0.091797 0.472656 0.090820 0.472656
0 0.173828 0.372396 0.172852 0.373698 0.171875 0.373698 0.166992 0.380208 0.166992 0.381510 0.163086 0.386719 0.163086 0.389323 0.162109 0.390625 0.162109 0.402344 0.164062 0.404948 0.165039 0.408854 0.167969 0.412760 0.167969 0.414062 0.168945 0.414062 0.171875 0.416667 0.174805 0.416667 0.175781 0.417969 0.179688 0.417969 0.180664 0.416667 0.182617 0.416667 0.183594 0.415365 0.184570 0.415365 0.190430 0.407552 0.190430 0.406250 0.192383 0.403646 0.192383 0.402344 0.193359 0.401042 0.193359 0.390625 0.192383 0.389323 0.192383 0.386719 0.190430 0.384115 0.190430 0.382812 0.186523 0.377604 0.185547 0.377604 0.184570 0.376302 0.183594 0.376302 0.182617 0.375000 0.181641 0.375000 0.178711 0.372396
0 0.199219 0.415365 0.187500 0.415365 0.186523 0.416667 0.184570 0.416667 0.181641 0.419271 0.179688 0.419271 0.178711 0.420573 0.177734 0.420573 0.174805 0.424479 0.174805 0.425781 0.173828 0.427083 0.173828 0.442708 0.174805 0.444010 0.174805 0.445312 0.181641 0.454427 0.183594 0.454427 0.184570 0.455729 0.185547 0.455729 0.186523 0.454427 0.193359 0.454427 0.194336 0.453125 0.197266 0.453125 0.198242 0.451823 0.201172 0.450521 0.205078 0.445312 0.205078 0.444010 0.207031 0.441406 0.207031 0.440104 0.208984 0.436198 0.208984 0.428385 0.208008 0.427083 0.208008 0.425781 0.202148 0.417969 0.201172 0.417969
0 0.172852 0.445312 0.170898 0.445312 0.169922 0.444010 0.166016 0.444010 0.165039 0.445312 0.161133 0.445312 0.159180 0.447917 0.158203 0.447917 0.157227 0.449219 0.154297 0.450521 0.152344 0.453125 0.150391 0.453125 0.149414 0.454427 0.148438 0.454427 0.145508 0.458333 0.145508 0.468750 0.146484 0.470052 0.146484 0.477865 0.147461 0.479167 0.147461 0.481771 0.149414 0.484375 0.149414 0.486979 0.150391 0.488281 0.151367 0.488281 0.153320 0.490885 0.163086 0.490885 0.168945 0.485677 0.168945 0.484375 0.169922 0.483073 0.169922 0.476562 0.172852 0.470052 0.172852 0.467448 0.173828 0.466146 0.173828 0.464844 0.174805 0.463542 0.175781 0.459635 0.178711 0.455729 0.177734 0.454427 0.176758 0.450521
0 0.146484 0.505208 0.142578 0.510417 0.142578 0.511719 0.138672 0.516927 0.138672 0.518229 0.137695 0.519531 0.137695 0.526042 0.138672 0.527344 0.138672 0.533854 0.139648 0.535156 0.139648 0.536458 0.140625 0.537760 0.141602 0.541667 0.142578 0.542969 0.145508 0.544271 0.149414 0.549479 0.155273 0.549479 0.157227 0.546875 0.160156 0.545573 0.162109 0.542969 0.164062 0.542969 0.165039 0.541667 0.166016 0.541667 0.167969 0.539062 0.168945 0.535156 0.170898 0.532552 0.170898 0.526042 0.169922 0.524740 0.169922 0.519531 0.170898 0.518229 0.166992 0.513021 0.166016 0.513021 0.162109 0.506510 0.159180 0.506510 0.158203 0.505208 0.157227 0.505208 0.156250 0.506510 0.154297 0.506510 0.153320 0.507812 0.149414 0.507812 0.147461 0.505208
0 0.138672 0.540365 0.129883 0.540365 0.127930 0.542969 0.126953 0.542969 0.125977 0.544271 0.125977 0.545573 0.125000 0.546875 0.124023 0.546875 0.114258 0.559896 0.114258 0.561198 0.112305 0.563802 0.112305 0.567708 0.111328 0.569010 0.111328 0.574219 0.112305 0.575521 0.112305 0.580729 0.113281 0.582031 0.115234 0.588542 0.119141 0.593750 0.131836 0.593750 0.132812 0.592448 0.133789 0.592448 0.138672 0.585938 0.141602 0.584635 0.144531 0.580729 0.145508 0.580729 0.146484 0.579427 0.147461 0.572917 0.150391 0.566406 0.150391 0.554688 0.147461 0.550781 0.147461 0.549479 0.146484 0.548177 0.145508 0.548177 0.141602 0.542969 0.140625 0.542969
0 0.189453 0.549479 0.188477 0.549479 0.186523 0.546875 0.185547 0.546875 0.184570 0.545573 0.181641 0.544271 0.179688 0.541667 0.178711 0.541667 0.177734 0.540365 0.175781 0.540365 0.174805 0.541667 0.172852 0.541667 0.171875 0.542969 0.170898 0.542969 0.169922 0.544271 0.168945 0.544271 0.167969 0.545573 0.165039 0.546875 0.160156 0.553385 0.160156 0.554688 0.158203 0.557292 0.158203 0.558594 0.157227 0.559896 0.157227 0.562500 0.156250 0.563802 0.156250 0.565104 0.157227 0.566406 0.157227 0.569010 0.158203 0.570312 0.158203 0.574219 0.159180 0.575521 0.159180 0.579427 0.160156 0.580729 0.160156 0.582031 0.163086 0.585938 0.164062 0.585938 0.165039 0.587240 0.175781 0.587240 0.176758 0.585938 0.181641 0.585938 0.182617 0.584635 0.183594 0.584635 0.188477 0.578125 0.189453 0.578125 0.191406 0.575521 0.191406 0.574219 0.193359 0.570312 0.193359 0.561198 0.192383 0.559896 0.192383 0.557292 0.191406 0.555990 0.191406 0.553385
0 0.185547 0.497396 0.178711 0.506510 0.178711 0.507812 0.176758 0.510417 0.176758 0.513021 0.173828 0.519531 0.173828 0.526042 0.174805 0.527344 0.174805 0.529948 0.175781 0.531250 0.175781 0.532552 0.176758 0.533854 0.177734 0.537760 0.179688 0.540365 0.180664 0.540365 0.181641 0.541667 0.184570 0.542969 0.189453 0.548177 0.190430 0.548177 0.191406 0.549479 0.193359 0.549479 0.196289 0.545573 0.197266 0.545573 0.201172 0.540365 0.202148 0.540365 0.205078 0.536458 0.205078 0.531250 0.206055 0.529948 0.206055 0.524740 0.205078 0.523438 0.205078 0.520833 0.204102 0.519531 0.204102 0.518229 0.203125 0.516927 0.202148 0.513021 0.201172 0.511719 0.200195 0.511719 0.198242 0.509115 0.195312 0.507812 0.192383 0.503906 0.189453 0.502604
0 0.221680 0.537760 0.219727 0.537760 0.218750 0.539062 0.214844 0.539062 0.213867 0.537760 0.211914 0.537760 0.210938 0.539062 0.208008 0.539062 0.207031 0.540365 0.205078 0.540365 0.204102 0.541667 0.203125 0.541667 0.198242 0.548177 0.196289 0.548177 0.193359 0.550781 0.193359 0.558594 0.195312 0.562500 0.195312 0.575521 0.197266 0.579427 0.199219 0.579427 0.205078 0.584635 0.209961 0.584635 0.210938 0.583333 0.211914 0.583333 0.212891 0.582031 0.215820 0.580729 0.219727 0.575521 0.220703 0.575521 0.221680 0.574219 0.221680 0.571615 0.222656 0.570312 0.219727 0.563802 0.219727 0.555990 0.218750 0.554688 0.218750 0.546875 0.220703 0.544271 0.220703 0.541667 0.222656 0.539062
0 0.250977 0.570312 0.250977 0.571615 0.249023 0.575521 0.249023 0.579427 0.247070 0.582031 0.246094 0.582031 0.245117 0.580729 0.243164 0.580729 0.238281 0.575521 0.237305 0.575521 0.232422 0.571615 0.228516 0.571615 0.226562 0.574219 0.223633 0.575521 0.221680 0.578125 0.220703 0.578125 0.217773 0.580729 0.217773 0.582031 0.215820 0.585938 0.215820 0.595052 0.216797 0.596354 0.216797 0.597656 0.219727 0.601562 0.219727 0.602865 0.221680 0.606771 0.221680 0.609375 0.222656 0.610677 0.223633 0.610677 0.224609 0.611979 0.226562 0.611979 0.227539 0.613281 0.240234 0.613281 0.241211 0.611979 0.242188 0.611979 0.247070 0.605469 0.247070 0.604167 0.250977 0.597656 0.250977 0.596354 0.253906 0.589844 0.253906 0.588542 0.252930 0.587240 0.252930 0.583333 0.253906 0.582031 0.253906 0.579427 0.252930 0.578125 0.252930 0.574219
0 0.157227 0.634115 0.156250 0.638021 0.154297 0.640625 0.154297 0.641927 0.153320 0.643229 0.153320 0.649740 0.152344 0.651042 0.152344 0.656250 0.153320 0.657552 0.160156 0.657552 0.161133 0.658854 0.162109 0.658854 0.165039 0.662760 0.165039 0.664062 0.166016 0.664062 0.166992 0.665365 0.179688 0.665365 0.180664 0.664062 0.182617 0.664062 0.183594 0.662760 0.183594 0.660156 0.184570 0.658854 0.184570 0.656250 0.186523 0.652344 0.186523 0.645833 0.187500 0.644531 0.187500 0.640625 0.186523 0.639323 0.186523 0.638021 0.185547 0.638021 0.184570 0.636719 0.183594 0.636719 0.182617 0.635417 0.179688 0.634115 0.176758 0.630208 0.175781 0.630208 0.174805 0.628906 0.167969 0.628906 0.166992 0.627604 0.165039 0.627604 0.164062 0.628906 0.162109 0.628906
0 0.217773 0.615885 0.217773 0.618490 0.216797 0.619792 0.216797 0.622396 0.214844 0.625000 0.214844 0.631510 0.213867 0.632812 0.213867 0.635417 0.212891 0.636719 0.212891 0.640625 0.211914 0.641927 0.212891 0.643229 0.212891 0.647135 0.215820 0.651042 0.215820 0.652344 0.219727 0.657552 0.219727 0.658854 0.222656 0.660156 0.224609 0.662760 0.227539 0.662760 0.228516 0.661458 0.230469 0.661458 0.231445 0.660156 0.233398 0.660156 0.236328 0.657552 0.239258 0.657552 0.240234 0.656250 0.241211 0.656250 0.246094 0.648438 0.246094 0.644531 0.247070 0.643229 0.247070 0.639323 0.248047 0.638021 0.248047 0.621094 0.244141 0.615885 0.240234 0.615885 0.239258 0.617188 0.231445 0.617188 0.230469 0.615885 0.226562 0.615885 0.225586 0.614583 0.219727 0.614583 0.218750 0.615885
0 0.249023 0.649740 0.248047 0.651042 0.245117 0.652344 0.240234 0.658854 0.239258 0.658854 0.239258 0.660156 0.237305 0.662760 0.237305 0.664062 0.234375 0.667969 0.234375 0.669271 0.233398 0.670573 0.233398 0.673177 0.232422 0.674479 0.233398 0.675781 0.233398 0.679688 0.238281 0.684896 0.239258 0.684896 0.240234 0.686198 0.241211 0.686198 0.244141 0.688802 0.248047 0.688802 0.249023 0.690104 0.253906 0.690104 0.254883 0.688802 0.256836 0.688802 0.259766 0.684896 0.259766 0.683594 0.263672 0.678385 0.263672 0.677083 0.265625 0.674479 0.266602 0.670573 0.268555 0.667969 0.268555 0.662760 0.266602 0.658854 0.266602 0.656250 0.264648 0.653646 0.263672 0.653646 0.262695 0.652344 0.260742 0.652344 0.259766 0.651042 0.257812 0.651042 0.256836 0.649740
0 0.287109 0.611979 0.285156 0.611979 0.284180 0.610677 0.283203 0.610677 0.281250 0.608073 0.280273 0.608073 0.278320 0.605469 0.277344 0.605469 0.276367 0.604167 0.272461 0.604167 0.271484 0.602865 0.266602 0.602865 0.264648 0.605469 0.263672 0.605469 0.261719 0.608073 0.260742 0.608073 0.259766 0.609375 0.258789 0.613281 0.256836 0.615885 0.256836 0.617188 0.255859 0.618490 0.255859 0.621094 0.254883 0.622396 0.254883 0.628906 0.253906 0.630208 0.253906 0.638021 0.252930 0.639323 0.252930 0.644531 0.254883 0.647135 0.256836 0.647135 0.257812 0.648438 0.259766 0.648438 0.260742 0.649740 0.262695 0.649740 0.263672 0.651042 0.265625 0.651042 0.266602 0.649740 0.271484 0.649740 0.272461 0.648438 0.274414 0.648438 0.275391 0.647135 0.276367 0.647135 0.278320 0.644531 0.279297 0.644531 0.287109 0.632812 0.287109 0.630208 0.289062 0.626302 0.289062 0.618490 0.290039 0.617188 0.290039 0.615885
0 0.223633 0.466146 0.222656 0.466146 0.221680 0.464844 0.217773 0.464844 0.216797 0.466146 0.210938 0.466146 0.209961 0.467448 0.206055 0.467448 0.205078 0.468750 0.203125 0.468750 0.202148 0.470052 0.199219 0.470052 0.198242 0.471354 0.197266 0.471354 0.194336 0.473958 0.192383 0.473958 0.191406 0.475260 0.188477 0.475260 0.186523 0.477865 0.186523 0.480469 0.185547 0.481771 0.185547 0.483073 0.186523 0.484375 0.186523 0.489583 0.187500 0.490885 0.187500 0.492188 0.190430 0.496094 0.190430 0.497396 0.194336 0.502604 0.194336 0.503906 0.196289 0.506510 0.199219 0.506510 0.200195 0.505208 0.202148 0.505208 0.203125 0.503906 0.208984 0.503906 0.211914 0.501302 0.214844 0.501302 0.218750 0.496094 0.219727 0.496094 0.221680 0.493490 0.224609 0.492188 0.227539 0.488281 0.227539 0.485677 0.228516 0.484375 0.228516 0.479167 0.227539 0.477865 0.227539 0.473958
0 0.249023 0.493490 0.248047 0.493490 0.245117 0.490885 0.231445 0.490885 0.230469 0.492188 0.228516 0.492188 0.227539 0.493490 0.224609 0.494792 0.222656 0.497396 0.221680 0.497396 0.221680 0.498698 0.220703 0.500000 0.220703 0.502604 0.219727 0.503906 0.219727 0.523438 0.220703 0.524740 0.220703 0.528646 0.223633 0.532552 0.235352 0.532552 0.236328 0.531250 0.237305 0.531250 0.240234 0.528646 0.242188 0.528646 0.243164 0.527344 0.243164 0.526042 0.246094 0.522135 0.246094 0.516927 0.248047 0.514323 0.250000 0.514323 0.250977 0.513021 0.250977 0.503906 0.251953 0.502604 0.251953 0.497396
0 0.267578 0.522135 0.265625 0.522135 0.264648 0.520833 0.261719 0.520833 0.260742 0.522135 0.256836 0.522135 0.255859 0.523438 0.253906 0.523438 0.252930 0.524740 0.250000 0.526042 0.247070 0.529948 0.246094 0.529948 0.244141 0.532552 0.244141 0.533854 0.243164 0.535156 0.243164 0.546875 0.244141 0.548177 0.244141 0.549479 0.245117 0.550781 0.246094 0.554688 0.248047 0.557292 0.248047 0.558594 0.249023 0.559896 0.250000 0.563802 0.251953 0.566406 0.251953 0.567708 0.252930 0.567708 0.253906 0.569010 0.261719 0.569010 0.262695 0.567708 0.263672 0.567708 0.267578 0.562500 0.268555 0.562500 0.269531 0.561198 0.269531 0.559896 0.272461 0.555990 0.272461 0.554688 0.274414 0.550781 0.274414 0.548177 0.275391 0.546875 0.275391 0.533854 0.274414 0.532552 0.274414 0.531250 0.272461 0.528646 0.272461 0.527344
0 0.269531 0.566406 0.269531 0.578125 0.268555 0.579427 0.268555 0.585938 0.269531 0.587240 0.269531 0.589844 0.270508 0.591146 0.270508 0.592448 0.275391 0.598958 0.276367 0.598958 0.278320 0.601562 0.284180 0.601562 0.285156 0.600260 0.288086 0.600260 0.289062 0.598958 0.292969 0.598958 0.293945 0.597656 0.296875 0.597656 0.299805 0.593750 0.299805 0.589844 0.301758 0.587240 0.301758 0.585938 0.303711 0.582031 0.303711 0.574219 0.300781 0.570312 0.300781 0.569010 0.299805 0.569010 0.296875 0.566406 0.294922 0.566406 0.291992 0.563802 0.287109 0.563802 0.286133 0.562500 0.284180 0.562500 0.283203 0.561198 0.276367 0.561198 0.273438 0.563802 0.271484 0.563802
0 0.304688 0.595052 0.303711 0.596354 0.303711 0.601562 0.302734 0.602865 0.302734 0.608073 0.301758 0.609375 0.301758 0.617188 0.303711 0.619792 0.304688 0.619792 0.307617 0.623698 0.307617 0.625000 0.310547 0.628906 0.311523 0.628906 0.312500 0.630208 0.319336 0.630208 0.320312 0.628906 0.324219 0.628906 0.325195 0.627604 0.327148 0.627604 0.328125 0.626302 0.329102 0.626302 0.331055 0.623698 0.331055 0.622396 0.332031 0.621094 0.332031 0.618490 0.333008 0.617188 0.333008 0.604167 0.331055 0.601562 0.331055 0.600260 0.330078 0.598958 0.329102 0.598958 0.326172 0.595052 0.325195 0.595052 0.323242 0.592448 0.320312 0.591146 0.318359 0.588542 0.314453 0.588542 0.313477 0.589844 0.312500 0.589844 0.311523 0.591146 0.310547 0.591146 0.309570 0.592448 0.308594 0.592448 0.307617 0.593750
0 0.312500 0.553385 0.311523 0.554688 0.311523 0.557292 0.310547 0.558594 0.310547 0.569010 0.311523 0.570312 0.311523 0.571615 0.312500 0.572917 0.313477 0.576823 0.315430 0.579427 0.316406 0.583333 0.318359 0.585938 0.319336 0.585938 0.322266 0.589844 0.323242 0.589844 0.324219 0.591146 0.327148 0.591146 0.328125 0.589844 0.333984 0.589844 0.334961 0.588542 0.336914 0.588542 0.338867 0.585938 0.338867 0.583333 0.339844 0.582031 0.339844 0.579427 0.341797 0.575521 0.341797 0.563802 0.340820 0.562500 0.340820 0.561198 0.339844 0.559896 0.338867 0.555990 0.336914 0.553385 0.335938 0.553385 0.334961 0.552083 0.333984 0.552083 0.333008 0.550781 0.332031 0.550781 0.329102 0.548177 0.328125 0.548177 0.327148 0.549479 0.326172 0.549479 0.325195 0.548177 0.321289 0.548177 0.320312 0.549479 0.318359 0.549479 0.316406 0.552083 0.314453 0.552083 0.313477 0.553385
0 0.300781 0.516927 0.297852 0.516927 0.296875 0.518229 0.293945 0.518229 0.292969 0.519531 0.291016 0.519531 0.289062 0.522135 0.283203 0.522135 0.279297 0.527344 0.279297 0.528646 0.277344 0.531250 0.277344 0.539062 0.278320 0.540365 0.278320 0.542969 0.281250 0.549479 0.281250 0.552083 0.282227 0.553385 0.282227 0.557292 0.285156 0.561198 0.286133 0.561198 0.287109 0.562500 0.296875 0.562500 0.298828 0.559896 0.299805 0.555990 0.303711 0.550781 0.304688 0.546875 0.306641 0.544271 0.306641 0.540365 0.305664 0.539062 0.305664 0.536458 0.303711 0.533854 0.303711 0.532552 0.300781 0.528646 0.300781 0.527344 0.296875 0.522135 0.299805 0.518229 0.301758 0.518229
0 0.260742 0.488281 0.260742 0.492188 0.259766 0.493490 0.259766 0.507812 0.260742 0.509115 0.260742 0.511719 0.262695 0.514323 0.262695 0.515625 0.263672 0.516927 0.264648 0.516927 0.266602 0.519531 0.267578 0.519531 0.270508 0.522135 0.275391 0.522135 0.276367 0.520833 0.278320 0.520833 0.279297 0.519531 0.281250 0.519531 0.282227 0.518229 0.283203 0.518229 0.286133 0.514323 0.291016 0.514323 0.292969 0.511719 0.293945 0.511719 0.293945 0.510417 0.295898 0.506510 0.295898 0.501302 0.294922 0.500000 0.294922 0.494792 0.293945 0.493490 0.293945 0.488281 0.291992 0.485677 0.291992 0.484375 0.290039 0.480469 0.288086 0.480469 0.287109 0.479167 0.281250 0.479167 0.280273 0.477865 0.270508 0.477865 0.269531 0.479167 0.268555 0.479167 0.264648 0.484375 0.263672 0.484375
0 0.262695 0.445312 0.249023 0.445312 0.248047 0.444010 0.247070 0.444010 0.246094 0.445312 0.243164 0.445312 0.242188 0.446615 0.236328 0.446615 0.235352 0.447917 0.233398 0.447917 0.232422 0.449219 0.232422 0.458333 0.231445 0.459635 0.231445 0.473958 0.232422 0.475260 0.232422 0.476562 0.235352 0.480469 0.235352 0.481771 0.236328 0.481771 0.240234 0.486979 0.252930 0.486979 0.253906 0.485677 0.256836 0.484375 0.258789 0.481771 0.258789 0.480469 0.259766 0.479167 0.260742 0.475260 0.263672 0.471354 0.263672 0.468750 0.266602 0.462240 0.266602 0.458333 0.265625 0.457031 0.265625 0.453125 0.264648 0.451823 0.264648 0.447917
0 0.217773 0.402344 0.217773 0.403646 0.215820 0.406250 0.215820 0.407552 0.214844 0.408854 0.214844 0.411458 0.212891 0.414062 0.212891 0.420573 0.213867 0.421875 0.214844 0.425781 0.220703 0.433594 0.220703 0.434896 0.222656 0.437500 0.234375 0.437500 0.235352 0.438802 0.236328 0.438802 0.237305 0.437500 0.241211 0.437500 0.242188 0.436198 0.245117 0.436198 0.246094 0.434896 0.247070 0.434896 0.251953 0.428385 0.251953 0.423177 0.250977 0.421875 0.250977 0.420573 0.246094 0.414062 0.245117 0.410156 0.239258 0.402344 0.239258 0.401042 0.238281 0.401042 0.237305 0.399740 0.235352 0.399740 0.234375 0.398438 0.232422 0.398438 0.231445 0.397135 0.226562 0.397135 0.225586 0.395833 0.223633 0.395833 0.222656 0.397135 0.221680 0.397135
0 0.215820 0.363281 0.215820 0.364583 0.213867 0.368490 0.213867 0.371094 0.212891 0.372396 0.212891 0.377604 0.214844 0.380208 0.214844 0.381510 0.215820 0.382812 0.215820 0.384115 0.217773 0.386719 0.217773 0.388021 0.222656 0.394531 0.226562 0.394531 0.227539 0.395833 0.232422 0.395833 0.235352 0.398438 0.239258 0.398438 0.244141 0.391927 0.244141 0.390625 0.246094 0.388021 0.246094 0.386719 0.247070 0.385417 0.247070 0.381510 0.248047 0.380208 0.248047 0.372396 0.247070 0.371094 0.247070 0.369792 0.244141 0.365885 0.244141 0.364583 0.240234 0.359375 0.239258 0.359375 0.237305 0.356771 0.233398 0.356771 0.232422 0.355469 0.231445 0.356771 0.227539 0.356771 0.226562 0.358073 0.223633 0.358073 0.222656 0.359375 0.221680 0.359375 0.220703 0.360677 0.218750 0.360677 0.216797 0.363281
0 0.200195 0.320312 0.200195 0.322917 0.199219 0.324219 0.199219 0.325521 0.200195 0.326823 0.200195 0.335938 0.201172 0.337240 0.201172 0.339844 0.202148 0.341146 0.202148 0.346354 0.203125 0.347656 0.204102 0.351562 0.206055 0.354167 0.206055 0.355469 0.207031 0.356771 0.208984 0.356771 0.209961 0.358073 0.221680 0.358073 0.222656 0.356771 0.225586 0.356771 0.226562 0.355469 0.228516 0.355469 0.233398 0.351562 0.233398 0.337240 0.232422 0.335938 0.232422 0.324219 0.231445 0.322917 0.231445 0.320312 0.227539 0.315104 0.227539 0.313802 0.223633 0.313802 0.222656 0.312500 0.210938 0.312500 0.209961 0.313802 0.208008 0.313802 0.206055 0.316406 0.205078 0.316406
0 0.201172 0.268229 0.196289 0.274740 0.196289 0.276042 0.195312 0.277344 0.195312 0.278646 0.193359 0.282552 0.193359 0.286458 0.192383 0.287760 0.193359 0.289062 0.193359 0.291667 0.194336 0.292969 0.194336 0.294271 0.195312 0.295573 0.195312 0.296875 0.196289 0.298177 0.196289 0.299479 0.197266 0.300781 0.198242 0.304688 0.200195 0.307292 0.200195 0.308594 0.201172 0.308594 0.204102 0.311198 0.209961 0.311198 0.210938 0.309896 0.215820 0.309896 0.216797 0.308594 0.219727 0.307292 0.219727 0.305990 0.220703 0.304688 0.220703 0.303385 0.221680 0.302083 0.221680 0.300781 0.223633 0.296875 0.223633 0.286458 0.222656 0.285156 0.221680 0.281250 0.217773 0.276042 0.216797 0.276042 0.211914 0.270833 0.209961 0.270833 0.208984 0.269531 0.206055 0.269531 0.205078 0.268229
0 0.227539 0.239583 0.226562 0.240885 0.225586 0.240885 0.220703 0.247396 0.219727 0.247396 0.219727 0.248698 0.217773 0.252604 0.217773 0.259115 0.218750 0.260417 0.218750 0.263021 0.219727 0.264323 0.219727 0.265625 0.223633 0.270833 0.223633 0.277344 0.226562 0.281250 0.230469 0.281250 0.231445 0.282552 0.232422 0.282552 0.233398 0.281250 0.241211 0.281250 0.243164 0.278646 0.243164 0.270833 0.244141 0.269531 0.244141 0.268229 0.243164 0.266927 0.243164 0.259115 0.242188 0.257812 0.242188 0.255208 0.241211 0.253906 0.241211 0.250000 0.240234 0.248698 0.240234 0.244792 0.236328 0.239583 0.234375 0.239583 0.233398 0.238281 0.230469 0.238281 0.229492 0.239583
0 0.228516 0.283854 0.226562 0.287760 0.226562 0.300781 0.227539 0.302083 0.227539 0.305990 0.228516 0.307292 0.229492 0.311198 0.231445 0.313802 0.231445 0.315104 0.232422 0.316406 0.233398 0.320312 0.236328 0.322917 0.242188 0.322917 0.243164 0.321615 0.250977 0.321615 0.251953 0.320312 0.252930 0.320312 0.253906 0.319010 0.253906 0.315104 0.255859 0.311198 0.255859 0.307292 0.256836 0.305990 0.256836 0.291667 0.255859 0.290365 0.255859 0.289062 0.253906 0.286458 0.252930 0.286458 0.251953 0.285156 0.250000 0.285156 0.249023 0.283854 0.246094 0.283854 0.245117 0.282552 0.238281 0.282552 0.237305 0.283854 0.233398 0.283854 0.232422 0.282552 0.231445 0.282552 0.230469 0.283854
0 0.263672 0.317708 0.262695 0.319010 0.260742 0.319010 0.259766 0.320312 0.257812 0.320312 0.256836 0.321615 0.254883 0.321615 0.253906 0.322917 0.251953 0.322917 0.246094 0.330729 0.246094 0.332031 0.245117 0.333333 0.245117 0.335938 0.244141 0.337240 0.244141 0.348958 0.245117 0.350260 0.245117 0.351562 0.249023 0.356771 0.250000 0.356771 0.254883 0.363281 0.261719 0.363281 0.262695 0.361979 0.263672 0.361979 0.265625 0.359375 0.266602 0.359375 0.267578 0.358073 0.270508 0.356771 0.273438 0.352865 0.273438 0.348958 0.274414 0.347656 0.274414 0.335938 0.273438 0.334635 0.273438 0.332031 0.272461 0.330729 0.272461 0.329427 0.270508 0.326823 0.269531 0.322917 0.266602 0.319010 0.264648 0.319010
0 0.284180 0.355469 0.274414 0.355469 0.273438 0.356771 0.271484 0.356771 0.269531 0.359375 0.266602 0.360677 0.265625 0.361979 0.264648 0.365885 0.262695 0.368490 0.262695 0.369792 0.261719 0.371094 0.261719 0.373698 0.260742 0.375000 0.260742 0.378906 0.261719 0.380208 0.261719 0.382812 0.262695 0.384115 0.262695 0.385417 0.264648 0.388021 0.264648 0.389323 0.268555 0.395833 0.270508 0.395833 0.271484 0.397135 0.275391 0.397135 0.276367 0.395833 0.277344 0.395833 0.280273 0.393229 0.283203 0.393229 0.284180 0.391927 0.286133 0.391927 0.287109 0.390625 0.289062 0.390625 0.290039 0.389323 0.291016 0.389323 0.291016 0.388021 0.291992 0.386719 0.291992 0.384115 0.292969 0.382812 0.292969 0.376302 0.291992 0.375000 0.291992 0.373698 0.291016 0.372396 0.291016 0.371094 0.290039 0.369792 0.290039 0.368490 0.289062 0.367188 0.289062 0.365885 0.287109 0.361979 0.287109 0.358073
0 0.278320 0.397135 0.278320 0.406250 0.277344 0.407552 0.277344 0.412760 0.276367 0.414062 0.276367 0.419271 0.278320 0.421875 0.279297 0.425781 0.280273 0.425781 0.281250 0.427083 0.283203 0.427083 0.284180 0.428385 0.288086 0.428385 0.289062 0.427083 0.295898 0.427083 0.296875 0.428385 0.302734 0.428385 0.303711 0.427083 0.304688 0.427083 0.304688 0.421875 0.306641 0.417969 0.306641 0.412760 0.308594 0.410156 0.308594 0.408854 0.312500 0.403646 0.312500 0.402344 0.311523 0.401042 0.311523 0.398438 0.310547 0.397135 0.309570 0.397135 0.308594 0.395833 0.307617 0.395833 0.305664 0.393229 0.303711 0.393229 0.302734 0.391927 0.288086 0.391927 0.287109 0.393229 0.285156 0.393229 0.284180 0.394531 0.281250 0.394531
0 0.269531 0.434896 0.269531 0.436198 0.268555 0.437500 0.268555 0.441406 0.267578 0.442708 0.267578 0.449219 0.268555 0.450521 0.268555 0.454427 0.269531 0.455729 0.269531 0.457031 0.271484 0.459635 0.273438 0.466146 0.275391 0.468750 0.284180 0.468750 0.285156 0.470052 0.289062 0.470052 0.290039 0.471354 0.292969 0.471354 0.293945 0.470052 0.297852 0.470052 0.300781 0.466146 0.301758 0.466146 0.302734 0.464844 0.302734 0.463542 0.305664 0.459635 0.305664 0.449219 0.303711 0.446615 0.303711 0.445312 0.301758 0.442708 0.301758 0.441406 0.300781 0.440104 0.300781 0.437500 0.299805 0.436198 0.299805 0.433594 0.298828 0.432292 0.298828 0.429688 0.296875 0.429688 0.295898 0.428385 0.287109 0.428385 0.286133 0.429688 0.283203 0.429688 0.282227 0.428385 0.278320 0.428385 0.277344 0.429688 0.275391 0.429688 0.274414 0.430990 0.273438 0.430990 0.271484 0.433594 0.270508 0.433594
0 0.325195 0.428385 0.324219 0.429688 0.322266 0.429688 0.314453 0.440104 0.313477 0.440104 0.312500 0.441406 0.312500 0.442708 0.310547 0.446615 0.310547 0.462240 0.313477 0.466146 0.314453 0.466146 0.316406 0.468750 0.319336 0.470052 0.321289 0.472656 0.322266 0.472656 0.323242 0.473958 0.325195 0.473958 0.326172 0.475260 0.328125 0.475260 0.329102 0.476562 0.332031 0.476562 0.333008 0.475260 0.333984 0.475260 0.346680 0.458333 0.346680 0.451823 0.345703 0.450521 0.345703 0.449219 0.343750 0.446615 0.343750 0.445312 0.342773 0.444010 0.341797 0.440104 0.338867 0.436198 0.337891 0.436198 0.335938 0.433594 0.334961 0.433594 0.332031 0.430990 0.330078 0.430990 0.329102 0.429688 0.327148 0.429688 0.326172 0.428385
0 0.315430 0.479167 0.313477 0.481771 0.313477 0.483073 0.311523 0.486979 0.311523 0.494792 0.310547 0.496094 0.310547 0.501302 0.313477 0.507812 0.313477 0.510417 0.314453 0.511719 0.314453 0.513021 0.315430 0.513021 0.318359 0.515625 0.324219 0.515625 0.325195 0.516927 0.331055 0.516927 0.332031 0.518229 0.335938 0.518229 0.336914 0.516927 0.336914 0.511719 0.337891 0.510417 0.338867 0.506510 0.342773 0.501302 0.342773 0.498698 0.344727 0.496094 0.344727 0.493490 0.345703 0.492188 0.345703 0.490885 0.344727 0.489583 0.344727 0.485677 0.343750 0.484375 0.343750 0.483073 0.340820 0.479167 0.338867 0.479167 0.337891 0.477865 0.334961 0.477865 0.333984 0.476562 0.333008 0.477865 0.327148 0.477865 0.326172 0.476562 0.321289 0.476562 0.320312 0.477865 0.317383 0.477865 0.316406 0.479167
0 0.377930 0.483073 0.369141 0.483073 0.368164 0.484375 0.366211 0.484375 0.365234 0.485677 0.356445 0.485677 0.353516 0.489583 0.353516 0.490885 0.351562 0.494792 0.351562 0.510417 0.352539 0.511719 0.353516 0.515625 0.354492 0.515625 0.356445 0.518229 0.357422 0.518229 0.362305 0.524740 0.364258 0.524740 0.365234 0.526042 0.370117 0.526042 0.373047 0.523438 0.376953 0.523438 0.377930 0.522135 0.379883 0.522135 0.380859 0.520833 0.381836 0.520833 0.382812 0.519531 0.385742 0.518229 0.385742 0.516927 0.386719 0.515625 0.386719 0.497396 0.384766 0.494792 0.383789 0.494792 0.380859 0.490885 0.380859 0.488281 0.379883 0.486979 0.379883 0.484375 0.378906 0.484375
0 0.341797 0.391927 0.340820 0.393229 0.339844 0.393229 0.338867 0.394531 0.337891 0.394531 0.335938 0.397135 0.334961 0.397135 0.332031 0.401042 0.332031 0.402344 0.330078 0.404948 0.330078 0.406250 0.329102 0.407552 0.329102 0.420573 0.330078 0.421875 0.330078 0.424479 0.334961 0.429688 0.335938 0.429688 0.338867 0.432292 0.340820 0.432292 0.341797 0.433594 0.352539 0.433594 0.352539 0.432292 0.353516 0.430990 0.353516 0.428385 0.355469 0.425781 0.355469 0.424479 0.356445 0.423177 0.356445 0.421875 0.358398 0.417969 0.358398 0.404948 0.357422 0.403646 0.357422 0.402344 0.356445 0.401042 0.356445 0.399740 0.352539 0.394531 0.351562 0.394531 0.350586 0.393229 0.348633 0.393229 0.347656 0.391927
0 0.333984 0.359375 0.330078 0.359375 0.329102 0.358073 0.326172 0.358073 0.325195 0.359375 0.322266 0.359375 0.321289 0.360677 0.320312 0.360677 0.318359 0.363281 0.315430 0.364583 0.313477 0.367188 0.313477 0.369792 0.312500 0.371094 0.312500 0.373698 0.313477 0.375000 0.313477 0.378906 0.312500 0.380208 0.312500 0.382812 0.313477 0.384115 0.313477 0.393229 0.314453 0.394531 0.314453 0.398438 0.315430 0.399740 0.315430 0.402344 0.316406 0.403646 0.324219 0.403646 0.325195 0.402344 0.327148 0.402344 0.328125 0.401042 0.330078 0.401042 0.331055 0.399740 0.333984 0.398438 0.336914 0.394531 0.337891 0.394531 0.339844 0.391927 0.340820 0.391927 0.341797 0.390625 0.341797 0.389323 0.342773 0.388021 0.342773 0.372396 0.341797 0.371094 0.341797 0.369792
0 0.308594 0.316406 0.303711 0.316406 0.297852 0.321615 0.287109 0.321615 0.286133 0.322917 0.284180 0.322917 0.281250 0.325521 0.281250 0.326823 0.280273 0.328125 0.280273 0.334635 0.281250 0.335938 0.281250 0.338542 0.282227 0.339844 0.282227 0.342448 0.283203 0.343750 0.283203 0.345052 0.284180 0.346354 0.284180 0.347656 0.285156 0.348958 0.286133 0.352865 0.288086 0.352865 0.289062 0.354167 0.293945 0.354167 0.294922 0.355469 0.301758 0.355469 0.302734 0.354167 0.305664 0.354167 0.306641 0.352865 0.307617 0.352865 0.310547 0.350260 0.310547 0.347656 0.311523 0.346354 0.311523 0.325521 0.310547 0.324219 0.310547 0.320312
0 0.254883 0.235677 0.253906 0.236979 0.251953 0.236979 0.250000 0.239583 0.248047 0.239583 0.244141 0.246094 0.244141 0.251302 0.243164 0.252604 0.244141 0.253906 0.244141 0.261719 0.245117 0.263021 0.245117 0.265625 0.246094 0.266927 0.247070 0.270833 0.248047 0.270833 0.250000 0.273438 0.250977 0.273438 0.251953 0.274740 0.253906 0.274740 0.254883 0.276042 0.260742 0.276042 0.261719 0.274740 0.262695 0.274740 0.273438 0.260417 0.274414 0.256510 0.277344 0.252604 0.277344 0.248698 0.278320 0.247396 0.277344 0.247396 0.274414 0.243490 0.271484 0.242188 0.269531 0.239583 0.268555 0.239583 0.267578 0.238281 0.266602 0.238281 0.263672 0.235677
0 0.244141 0.174479 0.241211 0.179688 0.241211 0.182292 0.240234 0.183594 0.241211 0.186198 0.241211 0.190104 0.238281 0.195312 0.238281 0.204427 0.240234 0.209635 0.246094 0.218750 0.248047 0.225260 0.250977 0.226562 0.254883 0.231771 0.261719 0.231771 0.262695 0.233073 0.265625 0.233073 0.266602 0.234375 0.268555 0.234375 0.269531 0.233073 0.272461 0.233073 0.274414 0.230469 0.277344 0.229167 0.278320 0.227865 0.278320 0.225260 0.280273 0.220052 0.279297 0.218750 0.278320 0.201823 0.268555 0.188802 0.268555 0.183594 0.266602 0.178385 0.265625 0.178385 0.262695 0.173177 0.260742 0.173177 0.259766 0.174479 0.252930 0.174479 0.251953 0.175781 0.250000 0.174479
0 0.286133 0.217448 0.285156 0.218750 0.285156 0.221354 0.284180 0.222656 0.284180 0.226562 0.283203 0.227865 0.283203 0.230469 0.282227 0.231771 0.282227 0.233073 0.281250 0.234375 0.281250 0.236979 0.280273 0.238281 0.280273 0.243490 0.281250 0.244792 0.281250 0.247396 0.286133 0.253906 0.287109 0.253906 0.289062 0.256510 0.291016 0.256510 0.291992 0.257812 0.296875 0.257812 0.297852 0.256510 0.299805 0.256510 0.300781 0.255208 0.305664 0.255208 0.308594 0.251302 0.308594 0.250000 0.309570 0.248698 0.309570 0.247396 0.311523 0.243490 0.311523 0.238281 0.310547 0.236979 0.310547 0.235677 0.308594 0.233073 0.308594 0.231771 0.307617 0.230469 0.306641 0.230469 0.300781 0.222656 0.299805 0.222656 0.295898 0.217448 0.294922 0.217448 0.293945 0.216146 0.288086 0.216146 0.287109 0.217448
0 0.296875 0.177083 0.295898 0.178385 0.294922 0.178385 0.291016 0.183594 0.291016 0.184896 0.290039 0.186198 0.290039 0.188802 0.289062 0.190104 0.289062 0.204427 0.290039 0.205729 0.290039 0.208333 0.291016 0.209635 0.291016 0.210938 0.291992 0.210938 0.293945 0.213542 0.294922 0.213542 0.299805 0.218750 0.301758 0.218750 0.302734 0.220052 0.305664 0.220052 0.306641 0.221354 0.307617 0.220052 0.311523 0.220052 0.312500 0.218750 0.313477 0.218750 0.315430 0.216146 0.315430 0.214844 0.317383 0.212240 0.317383 0.210938 0.319336 0.207031 0.319336 0.203125 0.320312 0.201823 0.320312 0.197917 0.319336 0.196615 0.319336 0.188802 0.318359 0.187500 0.318359 0.186198 0.317383 0.186198 0.314453 0.182292 0.313477 0.182292 0.309570 0.177083 0.308594 0.177083 0.307617 0.175781 0.299805 0.175781 0.298828 0.177083
0 0.321289 0.236979 0.320312 0.238281 0.318359 0.238281 0.317383 0.239583 0.317383 0.240885 0.312500 0.247396 0.312500 0.248698 0.310547 0.251302 0.310547 0.252604 0.309570 0.253906 0.309570 0.256510 0.308594 0.257812 0.308594 0.259115 0.306641 0.263021 0.306641 0.265625 0.307617 0.266927 0.307617 0.269531 0.310547 0.273438 0.313477 0.274740 0.315430 0.277344 0.316406 0.277344 0.317383 0.278646 0.321289 0.278646 0.322266 0.279948 0.327148 0.279948 0.328125 0.278646 0.331055 0.277344 0.337891 0.268229 0.337891 0.266927 0.338867 0.265625 0.338867 0.264323 0.340820 0.260417 0.340820 0.257812 0.341797 0.256510 0.341797 0.252604 0.340820 0.251302 0.340820 0.250000 0.337891 0.246094 0.336914 0.246094 0.332031 0.239583 0.331055 0.239583 0.330078 0.238281 0.327148 0.238281 0.326172 0.236979
0 0.308594 0.274740 0.307617 0.276042 0.306641 0.276042 0.303711 0.279948 0.302734 0.279948 0.299805 0.283854 0.299805 0.285156 0.297852 0.287760 0.297852 0.291667 0.296875 0.292969 0.296875 0.302083 0.295898 0.303385 0.295898 0.304688 0.296875 0.305990 0.296875 0.307292 0.298828 0.307292 0.299805 0.308594 0.300781 0.308594 0.303711 0.312500 0.305664 0.312500 0.306641 0.313802 0.307617 0.312500 0.311523 0.312500 0.312500 0.313802 0.318359 0.313802 0.319336 0.312500 0.322266 0.311198 0.326172 0.305990 0.327148 0.305990 0.328125 0.304688 0.328125 0.303385 0.330078 0.299479 0.330078 0.285156 0.328125 0.282552 0.326172 0.282552 0.325195 0.281250 0.322266 0.281250 0.321289 0.279948 0.318359 0.279948 0.317383 0.278646 0.315430 0.278646 0.314453 0.277344 0.313477 0.277344 0.311523 0.274740
0 0.327148 0.308594 0.326172 0.309896 0.323242 0.311198 0.318359 0.316406 0.318359 0.317708 0.314453 0.324219 0.314453 0.328125 0.315430 0.329427 0.315430 0.332031 0.316406 0.333333 0.316406 0.335938 0.317383 0.337240 0.317383 0.342448 0.318359 0.343750 0.318359 0.346354 0.321289 0.350260 0.323242 0.350260 0.324219 0.351562 0.334961 0.351562 0.335938 0.350260 0.337891 0.350260 0.338867 0.348958 0.339844 0.348958 0.346680 0.339844 0.346680 0.338542 0.347656 0.337240 0.347656 0.332031 0.346680 0.330729 0.346680 0.326823 0.347656 0.325521 0.344727 0.321615 0.344727 0.320312 0.339844 0.313802 0.338867 0.313802 0.336914 0.311198 0.335938 0.311198 0.333008 0.308594
0 0.375000 0.339844 0.374023 0.339844 0.373047 0.338542 0.364258 0.338542 0.363281 0.339844 0.360352 0.341146 0.356445 0.346354 0.356445 0.347656 0.354492 0.350260 0.353516 0.354167 0.351562 0.356771 0.351562 0.358073 0.350586 0.359375 0.350586 0.361979 0.351562 0.363281 0.351562 0.365885 0.352539 0.367188 0.352539 0.369792 0.353516 0.371094 0.354492 0.375000 0.356445 0.377604 0.357422 0.377604 0.358398 0.378906 0.362305 0.378906 0.363281 0.377604 0.364258 0.377604 0.365234 0.376302 0.366211 0.376302 0.367188 0.375000 0.370117 0.373698 0.372070 0.371094 0.375000 0.371094 0.375977 0.369792 0.377930 0.369792 0.378906 0.368490 0.379883 0.368490 0.382812 0.365885 0.382812 0.364583 0.383789 0.363281 0.383789 0.356771 0.382812 0.355469 0.382812 0.352865 0.381836 0.351562 0.381836 0.350260 0.377930 0.345052 0.377930 0.343750
0 0.258789 0.690104 0.257812 0.691406 0.257812 0.692708 0.256836 0.694010 0.256836 0.696615 0.255859 0.697917 0.255859 0.712240 0.256836 0.713542 0.256836 0.714844 0.259766 0.718750 0.260742 0.718750 0.262695 0.721354 0.263672 0.721354 0.266602 0.723958 0.269531 0.723958 0.270508 0.725260 0.271484 0.723958 0.275391 0.723958 0.276367 0.722656 0.279297 0.722656 0.280273 0.721354 0.280273 0.720052 0.281250 0.718750 0.281250 0.717448 0.283203 0.714844 0.283203 0.710938 0.284180 0.709635 0.284180 0.705729 0.285156 0.704427 0.285156 0.694010 0.284180 0.694010 0.283203 0.692708 0.281250 0.692708 0.280273 0.691406 0.279297 0.691406 0.278320 0.690104 0.276367 0.690104 0.275391 0.688802 0.269531 0.688802 0.268555 0.690104
0 0.304688 0.704427 0.302734 0.704427 0.301758 0.703125 0.300781 0.704427 0.293945 0.708333 0.291016 0.712240 0.290039 0.712240 0.288086 0.714844 0.288086 0.716146 0.287109 0.717448 0.286133 0.717448 0.280273 0.725260 0.279297 0.725260 0.277344 0.727865 0.277344 0.730469 0.276367 0.731771 0.276367 0.733073 0.270508 0.740885 0.270508 0.746094 0.271484 0.747396 0.272461 0.747396 0.276367 0.752604 0.279297 0.752604 0.280273 0.753906 0.288086 0.753906 0.289062 0.752604 0.290039 0.752604 0.291992 0.750000 0.292969 0.750000 0.294922 0.747396 0.297852 0.746094 0.299805 0.743490 0.300781 0.743490 0.301758 0.742188 0.304688 0.742188 0.305664 0.740885 0.307617 0.740885 0.310547 0.736979 0.310547 0.735677 0.311523 0.734375 0.311523 0.730469 0.312500 0.729167 0.312500 0.723958 0.311523 0.722656 0.311523 0.717448 0.310547 0.716146 0.310547 0.714844 0.305664 0.709635 0.305664 0.705729
0 0.298828 0.643229 0.298828 0.644531 0.297852 0.645833 0.297852 0.647135 0.294922 0.653646 0.294922 0.656250 0.293945 0.657552 0.293945 0.661458 0.292969 0.662760 0.292969 0.667969 0.293945 0.669271 0.293945 0.674479 0.295898 0.677083 0.295898 0.678385 0.299805 0.684896 0.300781 0.688802 0.303711 0.692708 0.304688 0.692708 0.305664 0.694010 0.308594 0.694010 0.316406 0.683594 0.316406 0.682292 0.318359 0.679688 0.319336 0.675781 0.321289 0.673177 0.321289 0.671875 0.322266 0.670573 0.322266 0.667969 0.324219 0.664062 0.324219 0.658854 0.322266 0.654948 0.320312 0.654948 0.316406 0.649740 0.315430 0.649740 0.314453 0.648438 0.311523 0.651042 0.306641 0.651042 0.305664 0.649740 0.304688 0.649740 0.303711 0.648438 0.300781 0.647135 0.298828 0.644531
0 0.318359 0.690104 0.314453 0.695312 0.314453 0.696615 0.313477 0.697917 0.313477 0.705729 0.314453 0.707031 0.314453 0.708333 0.315430 0.709635 0.315430 0.710938 0.316406 0.712240 0.317383 0.716146 0.320312 0.720052 0.320312 0.721354 0.322266 0.723958 0.322266 0.725260 0.325195 0.727865 0.331055 0.727865 0.332031 0.729167 0.337891 0.729167 0.338867 0.727865 0.339844 0.727865 0.342773 0.723958 0.342773 0.722656 0.343750 0.721354 0.343750 0.718750 0.345703 0.714844 0.345703 0.712240 0.346680 0.710938 0.346680 0.708333 0.347656 0.707031 0.347656 0.701823 0.348633 0.700521 0.348633 0.699219 0.347656 0.697917 0.347656 0.695312 0.341797 0.687500 0.339844 0.687500 0.338867 0.686198 0.328125 0.686198 0.327148 0.687500 0.325195 0.687500 0.324219 0.688802 0.321289 0.688802 0.320312 0.690104
0 0.341797 0.649740 0.341797 0.651042 0.340820 0.652344 0.339844 0.656250 0.337891 0.658854 0.337891 0.661458 0.336914 0.662760 0.336914 0.666667 0.337891 0.667969 0.337891 0.670573 0.338867 0.671875 0.338867 0.673177 0.340820 0.675781 0.340820 0.677083 0.341797 0.678385 0.342773 0.682292 0.344727 0.684896 0.344727 0.686198 0.349609 0.692708 0.356445 0.692708 0.357422 0.691406 0.360352 0.690104 0.362305 0.687500 0.363281 0.687500 0.368164 0.680990 0.369141 0.677083 0.371094 0.674479 0.371094 0.670573 0.372070 0.669271 0.372070 0.657552 0.371094 0.656250 0.371094 0.654948 0.368164 0.652344 0.358398 0.652344 0.357422 0.651042 0.352539 0.651042 0.351562 0.652344 0.348633 0.652344 0.347656 0.653646 0.344727 0.654948 0.341797 0.651042
0 0.375000 0.688802 0.373047 0.688802 0.372070 0.687500 0.366211 0.687500 0.365234 0.688802 0.364258 0.688802 0.361328 0.692708 0.360352 0.692708 0.357422 0.695312 0.355469 0.695312 0.354492 0.696615 0.353516 0.696615 0.351562 0.699219 0.351562 0.700521 0.348633 0.707031 0.348633 0.709635 0.346680 0.713542 0.346680 0.720052 0.347656 0.721354 0.347656 0.722656 0.348633 0.723958 0.349609 0.727865 0.352539 0.731771 0.353516 0.731771 0.356445 0.734375 0.372070 0.734375 0.375000 0.730469 0.375000 0.729167 0.375977 0.727865 0.375977 0.722656 0.378906 0.716146 0.378906 0.709635 0.377930 0.708333 0.377930 0.701823 0.378906 0.700521 0.377930 0.699219 0.377930 0.696615 0.376953 0.695312 0.376953 0.692708
0 0.339844 0.733073 0.336914 0.736979 0.336914 0.738281 0.334961 0.742188 0.334961 0.747396 0.333984 0.748698 0.333984 0.757812 0.334961 0.759115 0.334961 0.761719 0.335938 0.763021 0.335938 0.764323 0.337891 0.766927 0.342773 0.766927 0.343750 0.768229 0.352539 0.768229 0.353516 0.766927 0.356445 0.765625 0.358398 0.763021 0.359375 0.763021 0.359375 0.761719 0.368164 0.750000 0.368164 0.742188 0.367188 0.740885 0.367188 0.739583 0.365234 0.736979 0.361328 0.736979 0.360352 0.735677 0.356445 0.735677 0.355469 0.734375 0.353516 0.734375 0.352539 0.733073 0.350586 0.733073 0.349609 0.731771 0.342773 0.731771 0.341797 0.733073
0 0.330078 0.773438 0.330078 0.776042 0.329102 0.777344 0.329102 0.781250 0.328125 0.782552 0.328125 0.790365 0.329102 0.791667 0.329102 0.792969 0.332031 0.796875 0.333008 0.800781 0.333984 0.802083 0.334961 0.802083 0.337891 0.805990 0.340820 0.805990 0.341797 0.807292 0.344727 0.807292 0.345703 0.808594 0.350586 0.808594 0.351562 0.807292 0.353516 0.807292 0.354492 0.805990 0.355469 0.805990 0.356445 0.804688 0.359375 0.803385 0.361328 0.800781 0.361328 0.799479 0.362305 0.798177 0.362305 0.791667 0.361328 0.790365 0.361328 0.787760 0.360352 0.786458 0.360352 0.785156 0.358398 0.782552 0.358398 0.779948 0.357422 0.778646 0.357422 0.777344 0.352539 0.770833 0.350586 0.770833 0.349609 0.769531 0.344727 0.769531 0.343750 0.768229 0.340820 0.768229 0.339844 0.769531 0.334961 0.769531 0.333008 0.773438
0 0.328125 0.812500 0.328125 0.815104 0.327148 0.816406 0.327148 0.833333 0.328125 0.834635 0.328125 0.841146 0.330078 0.843750 0.331055 0.843750 0.332031 0.845052 0.334961 0.846354 0.336914 0.848958 0.342773 0.848958 0.343750 0.847656 0.345703 0.847656 0.346680 0.846354 0.347656 0.846354 0.348633 0.845052 0.351562 0.843750 0.353516 0.841146 0.356445 0.839844 0.359375 0.835938 0.360352 0.835938 0.360352 0.834635 0.358398 0.830729 0.358398 0.822917 0.357422 0.821615 0.357422 0.812500 0.359375 0.809896 0.358398 0.808594 0.354492 0.808594 0.353516 0.809896 0.348633 0.809896 0.347656 0.811198 0.344727 0.811198 0.343750 0.809896 0.341797 0.809896 0.340820 0.808594 0.338867 0.808594 0.337891 0.807292 0.333008 0.807292 0.332031 0.808594 0.331055 0.808594
0 0.423828 0.920573 0.419922 0.920573 0.418945 0.921875 0.415039 0.921875 0.414062 0.923177 0.410156 0.923177 0.409180 0.924479 0.405273 0.924479 0.404297 0.923177 0.403320 0.923177 0.402344 0.924479 0.401367 0.924479 0.399414 0.927083 0.399414 0.934896 0.398438 0.936198 0.398438 0.938802 0.397461 0.940104 0.398438 0.941406 0.398438 0.953125 0.399414 0.954427 0.399414 0.955729 0.404297 0.962240 0.416016 0.962240 0.416992 0.960938 0.420898 0.960938 0.425781 0.954427 0.425781 0.953125 0.427734 0.949219 0.427734 0.946615 0.428711 0.945312 0.428711 0.940104 0.427734 0.938802 0.427734 0.930990 0.426758 0.929688 0.426758 0.924479
0 0.435547 0.947917 0.435547 0.968750 0.436523 0.970052 0.436523 0.971354 0.439453 0.975260 0.440430 0.975260 0.444336 0.980469 0.445312 0.980469 0.447266 0.983073 0.449219 0.983073 0.450195 0.984375 0.455078 0.984375 0.456055 0.983073 0.458008 0.983073 0.462891 0.976562 0.462891 0.975260 0.464844 0.971354 0.464844 0.966146 0.465820 0.964844 0.464844 0.963542 0.464844 0.958333 0.463867 0.957031 0.463867 0.954427 0.461914 0.951823 0.460938 0.951823 0.459961 0.950521 0.458008 0.950521 0.457031 0.949219 0.453125 0.949219 0.452148 0.947917 0.448242 0.947917 0.447266 0.949219 0.445312 0.949219 0.444336 0.950521 0.444336 0.951823 0.442383 0.954427 0.441406 0.953125 0.441406 0.951823 0.439453 0.949219 0.437500 0.949219 0.436523 0.947917
0 0.418945 0.875000 0.415039 0.875000 0.414062 0.876302 0.412109 0.876302 0.407227 0.880208 0.402344 0.880208 0.401367 0.881510 0.399414 0.881510 0.399414 0.889323 0.398438 0.890625 0.398438 0.904948 0.397461 0.906250 0.397461 0.910156 0.398438 0.911458 0.398438 0.914062 0.399414 0.915365 0.399414 0.916667 0.402344 0.920573 0.403320 0.920573 0.404297 0.921875 0.410156 0.921875 0.411133 0.920573 0.413086 0.920573 0.414062 0.919271 0.417969 0.919271 0.418945 0.917969 0.421875 0.917969 0.422852 0.916667 0.423828 0.916667 0.425781 0.912760 0.425781 0.885417 0.426758 0.884115 0.426758 0.882812 0.422852 0.877604 0.421875 0.877604
0 0.446289 0.880208 0.443359 0.884115 0.442383 0.884115 0.441406 0.885417 0.441406 0.886719 0.439453 0.889323 0.439453 0.890625 0.438477 0.891927 0.438477 0.911458 0.439453 0.912760 0.440430 0.916667 0.442383 0.919271 0.443359 0.919271 0.446289 0.923177 0.446289 0.924479 0.447266 0.925781 0.448242 0.925781 0.452148 0.930990 0.453125 0.930990 0.454102 0.932292 0.457031 0.932292 0.458008 0.930990 0.458984 0.930990 0.459961 0.927083 0.462891 0.923177 0.462891 0.921875 0.464844 0.919271 0.464844 0.916667 0.465820 0.915365 0.465820 0.904948 0.466797 0.903646 0.466797 0.901042 0.465820 0.899740 0.465820 0.894531 0.459961 0.885417 0.458008 0.885417 0.457031 0.884115 0.456055 0.884115 0.455078 0.882812 0.453125 0.882812 0.452148 0.881510 0.449219 0.881510 0.448242 0.880208
0 0.468750 0.894531 0.468750 0.897135 0.467773 0.898438 0.467773 0.916667 0.471680 0.921875 0.472656 0.921875 0.474609 0.924479 0.476562 0.924479 0.477539 0.925781 0.482422 0.925781 0.483398 0.924479 0.485352 0.924479 0.486328 0.923177 0.487305 0.923177 0.489258 0.920573 0.490234 0.920573 0.493164 0.916667 0.493164 0.915365 0.494141 0.914062 0.494141 0.904948 0.493164 0.903646 0.493164 0.902344 0.492188 0.901042 0.492188 0.899740 0.491211 0.898438 0.491211 0.897135 0.490234 0.895833 0.490234 0.894531 0.489258 0.893229 0.488281 0.893229 0.487305 0.891927 0.472656 0.891927 0.471680 0.893229 0.469727 0.893229
0 0.387695 0.841146 0.387695 0.842448 0.386719 0.843750 0.386719 0.860677 0.387695 0.861979 0.387695 0.864583 0.388672 0.865885 0.388672 0.867188 0.396484 0.877604 0.397461 0.877604 0.398438 0.878906 0.402344 0.878906 0.403320 0.877604 0.407227 0.877604 0.408203 0.876302 0.409180 0.876302 0.412109 0.872396 0.412109 0.871094 0.413086 0.869792 0.413086 0.860677 0.410156 0.856771 0.410156 0.855469 0.409180 0.854167 0.409180 0.851562 0.408203 0.850260 0.408203 0.845052 0.407227 0.843750 0.407227 0.839844 0.406250 0.838542 0.397461 0.838542 0.396484 0.839844 0.393555 0.839844 0.392578 0.841146
0 0.382812 0.803385 0.381836 0.804688 0.381836 0.807292 0.379883 0.811198 0.379883 0.813802 0.378906 0.815104 0.378906 0.816406 0.377930 0.817708 0.377930 0.819010 0.375977 0.822917 0.375977 0.828125 0.377930 0.830729 0.380859 0.832031 0.383789 0.835938 0.384766 0.835938 0.386719 0.838542 0.391602 0.838542 0.392578 0.837240 0.395508 0.837240 0.396484 0.835938 0.399414 0.834635 0.401367 0.832031 0.402344 0.832031 0.406250 0.826823 0.407227 0.822917 0.409180 0.820312 0.409180 0.808594 0.408203 0.807292 0.408203 0.805990 0.406250 0.805990 0.405273 0.807292 0.403320 0.807292 0.402344 0.805990 0.398438 0.805990 0.397461 0.807292 0.395508 0.807292 0.394531 0.808594 0.391602 0.808594 0.389648 0.805990 0.389648 0.803385 0.388672 0.802083 0.384766 0.802083 0.383789 0.803385
0 0.433594 0.826823 0.430664 0.826823 0.428711 0.824219 0.427734 0.824219 0.426758 0.822917 0.424805 0.822917 0.423828 0.821615 0.422852 0.821615 0.421875 0.822917 0.414062 0.822917 0.413086 0.824219 0.412109 0.824219 0.407227 0.830729 0.407227 0.841146 0.408203 0.842448 0.408203 0.846354 0.409180 0.847656 0.409180 0.851562 0.410156 0.852865 0.410156 0.854167 0.415039 0.860677 0.422852 0.860677 0.426758 0.855469 0.427734 0.855469 0.427734 0.854167 0.433594 0.846354 0.433594 0.845052 0.435547 0.841146 0.435547 0.833333 0.434570 0.832031 0.434570 0.828125
0 0.433594 0.848958 0.432617 0.850260 0.431641 0.850260 0.422852 0.861979 0.421875 0.861979 0.420898 0.863281 0.420898 0.865885 0.419922 0.867188 0.420898 0.868490 0.420898 0.871094 0.421875 0.872396 0.421875 0.873698 0.424805 0.877604 0.425781 0.877604 0.427734 0.880208 0.427734 0.881510 0.428711 0.882812 0.430664 0.882812 0.433594 0.885417 0.438477 0.885417 0.442383 0.880208 0.443359 0.880208 0.447266 0.875000 0.447266 0.873698 0.448242 0.872396 0.448242 0.855469 0.446289 0.851562 0.443359 0.851562 0.442383 0.850260 0.438477 0.850260 0.437500 0.848958
0 0.438477 0.808594 0.438477 0.819010 0.439453 0.820312 0.439453 0.822917 0.440430 0.824219 0.440430 0.829427 0.441406 0.830729 0.441406 0.834635 0.442383 0.835938 0.442383 0.838542 0.443359 0.839844 0.443359 0.841146 0.445312 0.841146 0.446289 0.842448 0.449219 0.842448 0.450195 0.841146 0.454102 0.841146 0.455078 0.839844 0.458008 0.838542 0.459961 0.835938 0.460938 0.835938 0.461914 0.834635 0.462891 0.834635 0.463867 0.833333 0.466797 0.832031 0.469727 0.828125 0.469727 0.819010 0.468750 0.817708 0.468750 0.816406 0.467773 0.815104 0.467773 0.812500 0.465820 0.808594 0.458008 0.808594 0.457031 0.809896 0.454102 0.809896 0.453125 0.808594 0.446289 0.808594 0.443359 0.804688 0.442383 0.804688 0.440430 0.807292 0.439453 0.807292
0 0.457031 0.841146 0.454102 0.845052 0.454102 0.846354 0.453125 0.847656 0.453125 0.852865 0.454102 0.854167 0.454102 0.856771 0.455078 0.858073 0.455078 0.860677 0.456055 0.861979 0.456055 0.863281 0.458008 0.865885 0.458008 0.868490 0.458984 0.869792 0.458984 0.872396 0.459961 0.873698 0.459961 0.875000 0.461914 0.877604 0.461914 0.878906 0.466797 0.885417 0.467773 0.885417 0.469727 0.888021 0.472656 0.888021 0.473633 0.886719 0.474609 0.888021 0.480469 0.888021 0.482422 0.885417 0.482422 0.882812 0.483398 0.881510 0.482422 0.880208 0.482422 0.875000 0.483398 0.873698 0.483398 0.869792 0.484375 0.868490 0.484375 0.852865 0.483398 0.851562 0.483398 0.850260 0.478516 0.843750 0.478516 0.842448 0.476562 0.839844 0.476562 0.838542 0.473633 0.834635 0.467773 0.834635 0.464844 0.837240 0.462891 0.837240 0.461914 0.838542
0 0.477539 0.843750 0.475586 0.845052 0.475586 0.846354 0.479492 0.851562 0.480469 0.855469 0.483398 0.860677 0.479492 0.867188 0.479492 0.871094 0.475586 0.873698 0.475586 0.875000 0.473633 0.877604 0.470703 0.872396 0.471680 0.865885 0.469727 0.863281 0.468750 0.864583 0.462891 0.864583 0.459961 0.859375 0.456055 0.859375 0.456055 0.860677 0.458008 0.863281 0.458008 0.865885 0.458984 0.867188 0.458984 0.869792 0.459961 0.871094 0.459961 0.873698 0.461914 0.878906 0.465820 0.884115 0.465820 0.885417 0.470703 0.890625 0.477539 0.890625 0.478516 0.889323 0.481445 0.889323 0.483398 0.886719 0.485352 0.886719 0.488281 0.882812 0.487305 0.880208 0.487305 0.875000 0.488281 0.873698 0.488281 0.869792 0.489258 0.868490 0.489258 0.860677 0.488281 0.859375 0.488281 0.856771 0.487305 0.854167 0.485352 0.854167 0.483398 0.852865 0.482422 0.850260 0.480469 0.850260 0.479492 0.848958 0.479492 0.846354
0 0.391602 0.750000 0.390625 0.751302 0.381836 0.751302 0.380859 0.752604 0.379883 0.752604 0.375977 0.757812 0.375977 0.759115 0.375000 0.760417 0.375000 0.765625 0.374023 0.766927 0.374023 0.769531 0.373047 0.770833 0.373047 0.781250 0.374023 0.782552 0.374023 0.795573 0.375977 0.799479 0.377930 0.799479 0.378906 0.800781 0.381836 0.800781 0.382812 0.799479 0.385742 0.798177 0.387695 0.795573 0.388672 0.795573 0.389648 0.794271 0.392578 0.792969 0.394531 0.790365 0.395508 0.790365 0.396484 0.789062 0.397461 0.789062 0.399414 0.786458 0.400391 0.786458 0.406250 0.778646 0.406250 0.769531 0.405273 0.768229 0.405273 0.766927 0.402344 0.763021 0.401367 0.763021 0.396484 0.756510 0.396484 0.755208 0.393555 0.751302 0.392578 0.751302
0 0.409180 0.708333 0.405273 0.708333 0.404297 0.709635 0.401367 0.709635 0.400391 0.708333 0.399414 0.709635 0.398438 0.709635 0.394531 0.714844 0.393555 0.714844 0.391602 0.717448 0.390625 0.721354 0.388672 0.723958 0.388672 0.727865 0.387695 0.729167 0.387695 0.733073 0.388672 0.734375 0.388672 0.736979 0.390625 0.739583 0.390625 0.740885 0.391602 0.742188 0.391602 0.743490 0.393555 0.746094 0.394531 0.750000 0.399414 0.756510 0.399414 0.757812 0.400391 0.759115 0.402344 0.759115 0.403320 0.760417 0.404297 0.760417 0.405273 0.759115 0.408203 0.757812 0.412109 0.752604 0.412109 0.751302 0.418945 0.742188 0.418945 0.740885 0.419922 0.739583 0.419922 0.731771 0.418945 0.730469 0.417969 0.730469 0.416016 0.727865 0.416016 0.726562 0.415039 0.725260 0.415039 0.723958 0.414062 0.722656 0.414062 0.721354 0.411133 0.714844 0.411133 0.712240
0 0.421875 0.760417 0.420898 0.761719 0.419922 0.761719 0.416992 0.765625 0.416992 0.766927 0.416016 0.768229 0.416016 0.773438 0.415039 0.774740 0.415039 0.779948 0.414062 0.781250 0.414062 0.786458 0.415039 0.787760 0.415039 0.792969 0.416016 0.794271 0.416016 0.795573 0.416992 0.796875 0.416992 0.798177 0.418945 0.800781 0.422852 0.800781 0.423828 0.802083 0.434570 0.802083 0.435547 0.800781 0.436523 0.800781 0.441406 0.794271 0.441406 0.786458 0.442383 0.785156 0.442383 0.782552 0.441406 0.781250 0.441406 0.777344 0.440430 0.776042 0.439453 0.776042 0.438477 0.774740 0.436523 0.774740 0.435547 0.773438 0.434570 0.773438 0.432617 0.770833 0.431641 0.770833 0.427734 0.765625 0.427734 0.761719 0.426758 0.760417
0 0.431641 0.730469 0.430664 0.731771 0.430664 0.736979 0.429688 0.738281 0.429688 0.742188 0.428711 0.743490 0.428711 0.746094 0.427734 0.747396 0.427734 0.748698 0.428711 0.750000 0.428711 0.753906 0.429688 0.755208 0.429688 0.760417 0.430664 0.761719 0.430664 0.765625 0.431641 0.766927 0.431641 0.768229 0.432617 0.769531 0.434570 0.769531 0.436523 0.772135 0.437500 0.772135 0.438477 0.773438 0.444336 0.773438 0.445312 0.772135 0.447266 0.772135 0.450195 0.769531 0.453125 0.769531 0.454102 0.768229 0.457031 0.766927 0.457031 0.765625 0.458984 0.761719 0.458984 0.756510 0.459961 0.755208 0.459961 0.750000 0.458008 0.746094 0.458008 0.743490 0.457031 0.742188 0.457031 0.738281 0.456055 0.736979 0.456055 0.735677 0.453125 0.734375 0.451172 0.731771 0.450195 0.731771 0.449219 0.730469 0.447266 0.730469 0.446289 0.729167 0.441406 0.729167 0.440430 0.727865 0.436523 0.727865 0.433594 0.730469
0 0.471680 0.772135 0.470703 0.772135 0.469727 0.770833 0.467773 0.770833 0.466797 0.769531 0.462891 0.769531 0.461914 0.768229 0.457031 0.768229 0.454102 0.770833 0.452148 0.770833 0.451172 0.772135 0.449219 0.772135 0.446289 0.776042 0.446289 0.777344 0.445312 0.778646 0.445312 0.781250 0.444336 0.782552 0.444336 0.789062 0.443359 0.790365 0.443359 0.794271 0.444336 0.795573 0.444336 0.799479 0.445312 0.800781 0.445312 0.802083 0.446289 0.803385 0.446289 0.804688 0.448242 0.807292 0.462891 0.807292 0.465820 0.804688 0.465820 0.803385 0.466797 0.802083 0.466797 0.800781 0.467773 0.799479 0.467773 0.798177 0.469727 0.795573 0.469727 0.794271 0.470703 0.792969 0.470703 0.791667 0.473633 0.787760 0.473633 0.779948 0.472656 0.778646 0.472656 0.776042 0.471680 0.774740
0 0.494141 0.792969 0.489258 0.792969 0.488281 0.794271 0.488281 0.795573 0.481445 0.804688 0.478516 0.804688 0.478516 0.805990 0.477539 0.807292 0.477539 0.811198 0.476562 0.812500 0.476562 0.815104 0.477539 0.816406 0.477539 0.824219 0.478516 0.825521 0.478516 0.826823 0.480469 0.829427 0.480469 0.830729 0.483398 0.834635 0.484375 0.834635 0.490234 0.842448 0.491211 0.842448 0.492188 0.841146 0.495117 0.841146 0.496094 0.839844 0.499023 0.839844 0.499023 0.838542 0.500000 0.837240 0.500977 0.833333 0.502930 0.830729 0.504883 0.830729 0.504883 0.829427 0.505859 0.828125 0.505859 0.825521 0.510742 0.819010 0.510742 0.817708 0.511719 0.816406 0.511719 0.813802 0.509766 0.811198 0.509766 0.809896 0.506836 0.805990 0.506836 0.804688 0.504883 0.802083 0.501953 0.802083 0.499023 0.798177 0.499023 0.796875 0.498047 0.796875 0.496094 0.794271 0.495117 0.794271
0 0.513672 0.821615 0.511719 0.821615 0.510742 0.820312 0.508789 0.820312 0.504883 0.825521 0.504883 0.829427 0.501953 0.833333 0.501953 0.835938 0.500000 0.838542 0.499023 0.838542 0.498047 0.839844 0.495117 0.839844 0.494141 0.838542 0.492188 0.838542 0.491211 0.837240 0.489258 0.837240 0.487305 0.839844 0.488281 0.841146 0.488281 0.842448 0.493164 0.848958 0.493164 0.850260 0.494141 0.851562 0.494141 0.852865 0.495117 0.852865 0.498047 0.855469 0.501953 0.855469 0.502930 0.854167 0.506836 0.854167 0.507812 0.852865 0.508789 0.852865 0.510742 0.850260 0.510742 0.848958 0.512695 0.846354 0.512695 0.842448 0.513672 0.841146 0.513672 0.838542 0.515625 0.834635 0.515625 0.825521
0 0.501953 0.744792 0.500977 0.746094 0.500977 0.750000 0.500000 0.751302 0.500000 0.752604 0.499023 0.753906 0.496094 0.755208 0.493164 0.759115 0.491211 0.759115 0.490234 0.760417 0.488281 0.760417 0.487305 0.759115 0.485352 0.759115 0.484375 0.760417 0.482422 0.760417 0.481445 0.761719 0.481445 0.773438 0.482422 0.774740 0.482422 0.777344 0.485352 0.781250 0.485352 0.782552 0.489258 0.787760 0.489258 0.789062 0.491211 0.789062 0.492188 0.790365 0.496094 0.790365 0.497070 0.789062 0.505859 0.789062 0.510742 0.782552 0.510742 0.781250 0.511719 0.779948 0.511719 0.772135 0.512695 0.770833 0.512695 0.766927 0.511719 0.765625 0.511719 0.763021 0.510742 0.761719 0.510742 0.760417 0.509766 0.759115 0.509766 0.757812 0.508789 0.756510 0.508789 0.755208 0.507812 0.753906 0.506836 0.750000
0 0.391602 0.664062 0.390625 0.665365 0.387695 0.665365 0.386719 0.666667 0.385742 0.666667 0.385742 0.667969 0.382812 0.671875 0.382812 0.673177 0.378906 0.678385 0.378906 0.680990 0.377930 0.682292 0.377930 0.691406 0.378906 0.692708 0.378906 0.694010 0.379883 0.695312 0.380859 0.699219 0.386719 0.707031 0.387695 0.707031 0.388672 0.708333 0.391602 0.708333 0.392578 0.709635 0.395508 0.709635 0.398438 0.707031 0.398438 0.705729 0.400391 0.701823 0.400391 0.699219 0.402344 0.696615 0.402344 0.695312 0.403320 0.694010 0.403320 0.691406 0.404297 0.690104 0.404297 0.687500 0.405273 0.686198 0.405273 0.683594 0.406250 0.682292 0.406250 0.673177 0.405273 0.671875 0.405273 0.669271 0.403320 0.665365 0.402344 0.666667 0.399414 0.666667 0.398438 0.665365 0.393555 0.665365 0.392578 0.664062
0 0.412109 0.690104 0.412109 0.708333 0.413086 0.709635 0.413086 0.713542 0.414062 0.714844 0.414062 0.717448 0.415039 0.718750 0.415039 0.721354 0.416992 0.723958 0.416992 0.725260 0.420898 0.730469 0.427734 0.730469 0.428711 0.729167 0.430664 0.729167 0.432617 0.726562 0.433594 0.726562 0.435547 0.723958 0.435547 0.720052 0.437500 0.717448 0.437500 0.716146 0.439453 0.713542 0.439453 0.712240 0.440430 0.710938 0.440430 0.704427 0.439453 0.703125 0.439453 0.696615 0.438477 0.695312 0.438477 0.692708 0.435547 0.690104 0.434570 0.691406 0.432617 0.691406 0.431641 0.692708 0.427734 0.692708 0.426758 0.694010 0.421875 0.694010 0.420898 0.692708 0.418945 0.692708 0.416016 0.690104
0 0.453125 0.678385 0.453125 0.683594 0.452148 0.684896 0.450195 0.684896 0.447266 0.682292 0.442383 0.688802 0.442383 0.700521 0.441406 0.701823 0.441406 0.707031 0.442383 0.708333 0.442383 0.712240 0.443359 0.713542 0.443359 0.714844 0.446289 0.718750 0.446289 0.720052 0.447266 0.720052 0.449219 0.722656 0.449219 0.723958 0.450195 0.725260 0.450195 0.726562 0.452148 0.729167 0.452148 0.730469 0.453125 0.731771 0.458984 0.731771 0.459961 0.730469 0.461914 0.730469 0.462891 0.729167 0.463867 0.729167 0.465820 0.726562 0.466797 0.726562 0.466797 0.725260 0.469727 0.721354 0.470703 0.717448 0.472656 0.714844 0.472656 0.708333 0.471680 0.707031 0.471680 0.704427 0.470703 0.703125 0.470703 0.701823 0.465820 0.695312 0.465820 0.694010 0.464844 0.692708 0.463867 0.688802 0.460938 0.684896 0.459961 0.684896 0.458008 0.682292 0.458008 0.679688 0.457031 0.678385
0 0.415039 0.610677 0.411133 0.610677 0.410156 0.611979 0.409180 0.611979 0.405273 0.617188 0.404297 0.617188 0.403320 0.618490 0.402344 0.618490 0.401367 0.617188 0.398438 0.617188 0.397461 0.615885 0.393555 0.615885 0.392578 0.614583 0.390625 0.617188 0.391602 0.618490 0.391602 0.623698 0.392578 0.625000 0.392578 0.632812 0.393555 0.634115 0.394531 0.638021 0.397461 0.641927 0.397461 0.643229 0.399414 0.645833 0.399414 0.647135 0.400391 0.648438 0.402344 0.648438 0.403320 0.649740 0.412109 0.649740 0.413086 0.648438 0.417969 0.648438 0.420898 0.645833 0.420898 0.644531 0.421875 0.643229 0.421875 0.640625 0.422852 0.639323 0.422852 0.635417 0.423828 0.634115 0.423828 0.622396 0.422852 0.621094 0.421875 0.617188 0.418945 0.613281 0.417969 0.613281
0 0.439453 0.615885 0.438477 0.617188 0.438477 0.618490 0.435547 0.622396 0.435547 0.623698 0.434570 0.625000 0.431641 0.626302 0.431641 0.639323 0.432617 0.640625 0.432617 0.647135 0.433594 0.648438 0.433594 0.654948 0.434570 0.656250 0.434570 0.658854 0.436523 0.661458 0.436523 0.662760 0.439453 0.666667 0.445312 0.666667 0.446289 0.667969 0.452148 0.667969 0.453125 0.666667 0.455078 0.666667 0.458984 0.661458 0.458984 0.658854 0.459961 0.657552 0.459961 0.654948 0.460938 0.653646 0.460938 0.649740 0.461914 0.648438 0.461914 0.647135 0.460938 0.645833 0.460938 0.640625 0.459961 0.639323 0.459961 0.636719 0.458984 0.635417 0.458984 0.634115 0.458008 0.632812 0.457031 0.628906 0.455078 0.626302 0.455078 0.623698 0.454102 0.622396 0.454102 0.621094 0.453125 0.621094 0.451172 0.618490 0.448242 0.618490 0.447266 0.617188 0.440430 0.617188
0 0.471680 0.645833 0.470703 0.647135 0.469727 0.647135 0.466797 0.651042 0.466797 0.652344 0.464844 0.654948 0.464844 0.657552 0.463867 0.658854 0.463867 0.675781 0.464844 0.677083 0.464844 0.682292 0.465820 0.683594 0.465820 0.687500 0.466797 0.688802 0.466797 0.691406 0.467773 0.692708 0.467773 0.695312 0.470703 0.697917 0.477539 0.697917 0.478516 0.696615 0.479492 0.696615 0.486328 0.687500 0.486328 0.686198 0.488281 0.682292 0.488281 0.677083 0.489258 0.675781 0.489258 0.671875 0.488281 0.670573 0.488281 0.665365 0.485352 0.661458 0.485352 0.660156 0.479492 0.652344 0.478516 0.648438 0.475586 0.645833
0 0.492188 0.677083 0.491211 0.678385 0.490234 0.678385 0.490234 0.679688 0.489258 0.680990 0.489258 0.683594 0.488281 0.684896 0.488281 0.686198 0.483398 0.692708 0.483398 0.694010 0.482422 0.695312 0.482422 0.696615 0.483398 0.697917 0.483398 0.700521 0.486328 0.704427 0.487305 0.704427 0.490234 0.708333 0.491211 0.708333 0.492188 0.709635 0.493164 0.709635 0.495117 0.712240 0.501953 0.712240 0.505859 0.707031 0.505859 0.705729 0.506836 0.704427 0.506836 0.703125 0.508789 0.700521 0.508789 0.696615 0.509766 0.695312 0.509766 0.691406 0.510742 0.690104 0.510742 0.688802 0.505859 0.682292 0.504883 0.682292 0.500977 0.677083
0 0.510742 0.699219 0.508789 0.701823 0.507812 0.705729 0.500977 0.714844 0.497070 0.714844 0.496094 0.716146 0.496094 0.722656 0.497070 0.723958 0.497070 0.727865 0.498047 0.729167 0.498047 0.730469 0.500000 0.733073 0.500977 0.736979 0.502930 0.739583 0.508789 0.739583 0.509766 0.740885 0.521484 0.740885 0.522461 0.739583 0.523438 0.739583 0.523438 0.736979 0.525391 0.734375 0.525391 0.733073 0.527344 0.729167 0.527344 0.725260 0.526367 0.723958 0.526367 0.721354 0.525391 0.720052 0.525391 0.718750 0.523438 0.714844 0.523438 0.712240 0.522461 0.710938 0.522461 0.708333 0.515625 0.699219
0 0.373047 0.546875 0.373047 0.548177 0.372070 0.549479 0.372070 0.553385 0.371094 0.554688 0.371094 0.569010 0.372070 0.570312 0.372070 0.574219 0.373047 0.575521 0.374023 0.579427 0.375977 0.582031 0.378906 0.583333 0.381836 0.587240 0.382812 0.587240 0.384766 0.589844 0.386719 0.589844 0.387695 0.591146 0.392578 0.591146 0.397461 0.584635 0.397461 0.583333 0.400391 0.579427 0.400391 0.578125 0.402344 0.575521 0.402344 0.571615 0.403320 0.570312 0.403320 0.567708 0.404297 0.566406 0.404297 0.563802 0.405273 0.562500 0.405273 0.557292 0.403320 0.554688 0.403320 0.553385 0.402344 0.552083 0.401367 0.552083 0.396484 0.548177 0.388672 0.548177 0.387695 0.549479 0.386719 0.549479 0.385742 0.548177 0.383789 0.548177 0.379883 0.542969 0.377930 0.545573 0.375000 0.545573 0.374023 0.546875
0 0.415039 0.571615 0.409180 0.571615 0.408203 0.570312 0.407227 0.571615 0.405273 0.571615 0.403320 0.574219 0.403320 0.575521 0.400391 0.579427 0.400391 0.580729 0.397461 0.584635 0.397461 0.585938 0.392578 0.592448 0.391602 0.592448 0.388672 0.595052 0.388672 0.596354 0.386719 0.600260 0.386719 0.605469 0.387695 0.606771 0.387695 0.609375 0.389648 0.611979 0.390625 0.611979 0.391602 0.613281 0.394531 0.613281 0.395508 0.614583 0.398438 0.614583 0.399414 0.615885 0.404297 0.615885 0.406250 0.613281 0.407227 0.613281 0.411133 0.608073 0.414062 0.606771 0.419922 0.598958 0.419922 0.580729 0.418945 0.579427 0.417969 0.575521
0 0.445312 0.571615 0.444336 0.572917 0.441406 0.574219 0.438477 0.578125 0.437500 0.578125 0.435547 0.580729 0.434570 0.580729 0.430664 0.585938 0.430664 0.588542 0.429688 0.589844 0.429688 0.597656 0.430664 0.598958 0.430664 0.600260 0.435547 0.606771 0.436523 0.606771 0.439453 0.609375 0.441406 0.609375 0.442383 0.610677 0.446289 0.610677 0.447266 0.611979 0.450195 0.611979 0.451172 0.613281 0.456055 0.613281 0.457031 0.611979 0.458008 0.611979 0.462891 0.605469 0.462891 0.604167 0.463867 0.602865 0.464844 0.598958 0.466797 0.596354 0.466797 0.591146 0.467773 0.589844 0.467773 0.580729 0.463867 0.575521 0.462891 0.575521 0.461914 0.574219 0.457031 0.574219 0.456055 0.572917 0.453125 0.572917 0.452148 0.571615
0 0.476562 0.579427 0.475586 0.580729 0.474609 0.580729 0.472656 0.583333 0.471680 0.583333 0.469727 0.585938 0.469727 0.588542 0.467773 0.592448 0.467773 0.595052 0.466797 0.596354 0.466797 0.597656 0.464844 0.601562 0.464844 0.608073 0.465820 0.609375 0.466797 0.613281 0.469727 0.617188 0.469727 0.618490 0.470703 0.618490 0.473633 0.621094 0.475586 0.621094 0.476562 0.622396 0.479492 0.622396 0.480469 0.623698 0.481445 0.623698 0.482422 0.622396 0.483398 0.622396 0.484375 0.621094 0.485352 0.621094 0.486328 0.619792 0.487305 0.619792 0.490234 0.617188 0.490234 0.615885 0.494141 0.610677 0.494141 0.609375 0.495117 0.608073 0.495117 0.602865 0.496094 0.601562 0.496094 0.600260 0.495117 0.598958 0.495117 0.596354 0.493164 0.593750 0.492188 0.589844 0.487305 0.583333 0.485352 0.583333 0.484375 0.582031 0.483398 0.582031 0.482422 0.580729 0.480469 0.580729 0.479492 0.579427
0 0.496094 0.614583 0.495117 0.615885 0.494141 0.615885 0.490234 0.621094 0.489258 0.621094 0.488281 0.622396 0.486328 0.622396 0.481445 0.626302 0.479492 0.626302 0.477539 0.628906 0.477539 0.630208 0.476562 0.631510 0.476562 0.639323 0.478516 0.643229 0.478516 0.645833 0.482422 0.651042 0.482422 0.652344 0.489258 0.661458 0.490234 0.661458 0.493164 0.665365 0.495117 0.665365 0.496094 0.666667 0.500000 0.666667 0.502930 0.662760 0.502930 0.661458 0.504883 0.658854 0.504883 0.657552 0.510742 0.648438 0.510742 0.645833 0.511719 0.644531 0.511719 0.640625 0.509766 0.636719 0.509766 0.632812 0.505859 0.627604 0.505859 0.626302 0.501953 0.621094 0.501953 0.619792 0.498047 0.614583
0 0.400391 0.519531 0.398438 0.522135 0.398438 0.523438 0.397461 0.524740 0.397461 0.536458 0.398438 0.537760 0.398438 0.545573 0.399414 0.546875 0.399414 0.548177 0.402344 0.549479 0.406250 0.554688 0.406250 0.555990 0.409180 0.558594 0.418945 0.558594 0.419922 0.557292 0.420898 0.557292 0.422852 0.554688 0.423828 0.554688 0.424805 0.553385 0.424805 0.552083 0.427734 0.548177 0.427734 0.546875 0.429688 0.544271 0.429688 0.541667 0.430664 0.540365 0.430664 0.531250 0.429688 0.529948 0.429688 0.528646 0.427734 0.526042 0.426758 0.526042 0.425781 0.524740 0.423828 0.524740 0.421875 0.522135 0.420898 0.522135 0.418945 0.519531 0.417969 0.519531 0.416016 0.516927 0.415039 0.516927 0.414062 0.515625 0.409180 0.515625 0.407227 0.518229 0.404297 0.518229 0.403320 0.519531
0 0.439453 0.532552 0.439453 0.553385 0.440430 0.554688 0.440430 0.558594 0.441406 0.559896 0.441406 0.562500 0.445312 0.567708 0.446289 0.567708 0.447266 0.569010 0.449219 0.569010 0.450195 0.570312 0.453125 0.570312 0.454102 0.571615 0.462891 0.571615 0.463867 0.570312 0.466797 0.569010 0.468750 0.566406 0.468750 0.550781 0.467773 0.549479 0.467773 0.544271 0.466797 0.542969 0.466797 0.540365 0.464844 0.536458 0.464844 0.533854 0.459961 0.527344 0.458984 0.527344 0.458008 0.526042 0.456055 0.526042 0.455078 0.524740 0.450195 0.524740 0.449219 0.526042 0.448242 0.526042 0.446289 0.528646 0.445312 0.528646 0.444336 0.529948 0.443359 0.529948 0.442383 0.531250
0 0.480469 0.528646 0.479492 0.529948 0.477539 0.529948 0.476562 0.531250 0.474609 0.531250 0.473633 0.532552 0.472656 0.532552 0.469727 0.536458 0.469727 0.541667 0.470703 0.542969 0.470703 0.555990 0.469727 0.557292 0.469727 0.567708 0.470703 0.569010 0.470703 0.570312 0.472656 0.572917 0.473633 0.572917 0.476562 0.576823 0.477539 0.576823 0.480469 0.579427 0.482422 0.579427 0.483398 0.580729 0.487305 0.580729 0.488281 0.579427 0.489258 0.579427 0.496094 0.570312 0.496094 0.567708 0.497070 0.566406 0.497070 0.562500 0.498047 0.561198 0.498047 0.552083 0.497070 0.550781 0.497070 0.548177 0.496094 0.546875 0.495117 0.542969 0.490234 0.536458 0.489258 0.536458 0.487305 0.533854 0.486328 0.533854 0.482422 0.528646
0 0.416992 0.449219 0.416016 0.449219 0.414062 0.446615 0.412109 0.446615 0.411133 0.445312 0.401367 0.445312 0.400391 0.446615 0.399414 0.446615 0.395508 0.451823 0.394531 0.451823 0.391602 0.454427 0.391602 0.455729 0.390625 0.457031 0.390625 0.459635 0.388672 0.463542 0.388672 0.468750 0.387695 0.470052 0.387695 0.476562 0.388672 0.477865 0.388672 0.484375 0.390625 0.488281 0.405273 0.488281 0.406250 0.486979 0.410156 0.486979 0.413086 0.484375 0.413086 0.483073 0.414062 0.481771 0.414062 0.480469 0.416016 0.477865 0.416016 0.476562 0.416992 0.475260 0.416992 0.473958 0.419922 0.467448 0.419922 0.464844 0.420898 0.463542 0.420898 0.459635 0.419922 0.458333 0.419922 0.455729 0.417969 0.453125
0 0.419922 0.486979 0.420898 0.490885 0.419922 0.492188 0.419922 0.494792 0.418945 0.496094 0.418945 0.509115 0.419922 0.510417 0.419922 0.514323 0.421875 0.518229 0.422852 0.518229 0.425781 0.520833 0.427734 0.520833 0.428711 0.522135 0.437500 0.522135 0.438477 0.520833 0.441406 0.520833 0.442383 0.519531 0.448242 0.519531 0.449219 0.518229 0.449219 0.515625 0.448242 0.514323 0.448242 0.509115 0.447266 0.507812 0.447266 0.500000 0.446289 0.498698 0.446289 0.494792 0.445312 0.493490 0.445312 0.492188 0.443359 0.489583 0.443359 0.488281 0.439453 0.483073 0.439453 0.481771 0.438477 0.480469 0.433594 0.480469 0.432617 0.481771 0.426758 0.481771 0.425781 0.483073 0.422852 0.483073
0 0.458008 0.467448 0.455078 0.470052 0.455078 0.471354 0.452148 0.477865 0.452148 0.480469 0.451172 0.481771 0.451172 0.483073 0.450195 0.484375 0.449219 0.488281 0.447266 0.490885 0.447266 0.501302 0.448242 0.502604 0.448242 0.505208 0.449219 0.506510 0.449219 0.507812 0.453125 0.513021 0.456055 0.513021 0.457031 0.514323 0.470703 0.514323 0.473633 0.510417 0.473633 0.506510 0.474609 0.505208 0.474609 0.503906 0.475586 0.502604 0.475586 0.500000 0.476562 0.498698 0.476562 0.494792 0.477539 0.493490 0.477539 0.481771 0.476562 0.480469 0.475586 0.476562 0.473633 0.473958 0.473633 0.472656 0.470703 0.468750 0.468750 0.468750 0.467773 0.467448
0 0.405273 0.407552 0.405273 0.410156 0.407227 0.412760 0.407227 0.415365 0.406250 0.416667 0.406250 0.423177 0.407227 0.424479 0.407227 0.429688 0.408203 0.430990 0.408203 0.436198 0.406250 0.438802 0.405273 0.438802 0.406250 0.440104 0.409180 0.440104 0.410156 0.441406 0.411133 0.441406 0.414062 0.444010 0.416016 0.444010 0.416992 0.445312 0.423828 0.445312 0.424805 0.444010 0.427734 0.442708 0.430664 0.438802 0.431641 0.438802 0.432617 0.437500 0.432617 0.436198 0.434570 0.433594 0.434570 0.432292 0.435547 0.430990 0.435547 0.420573 0.434570 0.419271 0.434570 0.414062 0.433594 0.412760 0.432617 0.412760 0.427734 0.406250 0.424805 0.406250 0.423828 0.404948 0.408203 0.404948
0 0.440430 0.428385 0.437500 0.430990 0.437500 0.432292 0.435547 0.434896 0.435547 0.436198 0.426758 0.447917 0.426758 0.462240 0.427734 0.463542 0.427734 0.466146 0.431641 0.472656 0.433594 0.472656 0.434570 0.473958 0.437500 0.473958 0.438477 0.475260 0.446289 0.475260 0.447266 0.473958 0.450195 0.472656 0.453125 0.468750 0.454102 0.468750 0.456055 0.466146 0.456055 0.464844 0.458008 0.460938 0.458008 0.458333 0.458984 0.457031 0.458984 0.449219 0.458008 0.447917 0.458008 0.445312 0.457031 0.444010 0.457031 0.440104 0.453125 0.432292 0.452148 0.432292 0.447266 0.428385
0 0.395508 0.356771 0.394531 0.358073 0.392578 0.358073 0.391602 0.359375 0.390625 0.359375 0.388672 0.361979 0.387695 0.361979 0.386719 0.363281 0.386719 0.364583 0.385742 0.365885 0.385742 0.371094 0.386719 0.372396 0.386719 0.375000 0.387695 0.376302 0.387695 0.378906 0.388672 0.380208 0.388672 0.385417 0.389648 0.386719 0.389648 0.389323 0.390625 0.390625 0.390625 0.393229 0.391602 0.394531 0.391602 0.397135 0.392578 0.398438 0.392578 0.399740 0.401367 0.399740 0.402344 0.401042 0.403320 0.401042 0.404297 0.399740 0.406250 0.399740 0.408203 0.397135 0.411133 0.395833 0.415039 0.390625 0.415039 0.389323 0.416992 0.386719 0.416992 0.384115 0.417969 0.382812 0.417969 0.371094 0.414062 0.364583 0.413086 0.360677 0.408203 0.356771
0 0.423828 0.371094 0.421875 0.373698 0.421875 0.380208 0.422852 0.381510 0.422852 0.384115 0.423828 0.385417 0.423828 0.390625 0.424805 0.391927 0.424805 0.394531 0.425781 0.395833 0.425781 0.402344 0.431641 0.410156 0.432617 0.410156 0.433594 0.411458 0.441406 0.411458 0.442383 0.410156 0.443359 0.410156 0.444336 0.408854 0.444336 0.407552 0.446289 0.404948 0.446289 0.403646 0.447266 0.402344 0.447266 0.399740 0.448242 0.398438 0.448242 0.394531 0.449219 0.393229 0.449219 0.389323 0.450195 0.388021 0.450195 0.381510 0.449219 0.380208 0.448242 0.380208 0.446289 0.377604 0.445312 0.377604 0.444336 0.376302 0.443359 0.376302 0.442383 0.375000 0.441406 0.375000 0.438477 0.372396 0.436523 0.372396 0.435547 0.371094 0.432617 0.371094 0.431641 0.369792 0.426758 0.369792 0.425781 0.371094
0 0.474609 0.385417 0.471680 0.385417 0.470703 0.384115 0.463867 0.384115 0.462891 0.385417 0.458008 0.385417 0.457031 0.386719 0.456055 0.386719 0.451172 0.393229 0.451172 0.395833 0.450195 0.397135 0.450195 0.401042 0.449219 0.402344 0.449219 0.408854 0.450195 0.410156 0.450195 0.412760 0.451172 0.414062 0.451172 0.415365 0.452148 0.416667 0.452148 0.417969 0.454102 0.421875 0.454102 0.424479 0.456055 0.427083 0.460938 0.427083 0.461914 0.428385 0.465820 0.428385 0.466797 0.427083 0.470703 0.427083 0.471680 0.425781 0.472656 0.425781 0.478516 0.417969 0.478516 0.416667 0.480469 0.412760 0.480469 0.408854 0.481445 0.407552 0.481445 0.395833 0.480469 0.394531 0.480469 0.391927 0.477539 0.388021 0.476562 0.388021
0 0.478516 0.425781 0.477539 0.427083 0.476562 0.427083 0.475586 0.428385 0.474609 0.428385 0.472656 0.430990 0.472656 0.432292 0.470703 0.434896 0.470703 0.437500 0.469727 0.438802 0.469727 0.449219 0.470703 0.450521 0.470703 0.453125 0.472656 0.455729 0.473633 0.455729 0.474609 0.457031 0.475586 0.457031 0.476562 0.458333 0.477539 0.458333 0.480469 0.460938 0.489258 0.460938 0.490234 0.459635 0.491211 0.459635 0.492188 0.458333 0.492188 0.457031 0.494141 0.454427 0.494141 0.451823 0.495117 0.450521 0.495117 0.447917 0.496094 0.446615 0.496094 0.444010 0.497070 0.442708 0.497070 0.438802 0.498047 0.437500 0.498047 0.433594 0.494141 0.428385 0.493164 0.428385 0.491211 0.425781
0 0.495117 0.388021 0.494141 0.389323 0.493164 0.389323 0.490234 0.393229 0.489258 0.393229 0.484375 0.399740 0.484375 0.401042 0.483398 0.402344 0.483398 0.403646 0.484375 0.404948 0.484375 0.408854 0.485352 0.410156 0.485352 0.411458 0.486328 0.412760 0.486328 0.414062 0.491211 0.420573 0.491211 0.421875 0.493164 0.424479 0.493164 0.425781 0.494141 0.427083 0.495117 0.427083 0.496094 0.428385 0.502930 0.428385 0.503906 0.427083 0.504883 0.427083 0.505859 0.425781 0.506836 0.425781 0.507812 0.424479 0.507812 0.423177 0.510742 0.419271 0.510742 0.416667 0.511719 0.415365 0.511719 0.407552 0.510742 0.406250 0.510742 0.402344 0.509766 0.401042 0.509766 0.398438 0.507812 0.395833 0.507812 0.394531 0.504883 0.390625 0.503906 0.390625 0.501953 0.388021
0 0.462891 0.345052 0.462891 0.346354 0.461914 0.347656 0.461914 0.351562 0.458984 0.355469 0.458984 0.356771 0.457031 0.360677 0.457031 0.363281 0.456055 0.364583 0.456055 0.371094 0.455078 0.372396 0.455078 0.376302 0.456055 0.377604 0.456055 0.382812 0.457031 0.382812 0.458008 0.384115 0.459961 0.384115 0.460938 0.382812 0.477539 0.382812 0.478516 0.384115 0.481445 0.384115 0.482422 0.382812 0.483398 0.382812 0.484375 0.381510 0.484375 0.380208 0.486328 0.377604 0.486328 0.376302 0.487305 0.375000 0.487305 0.372396 0.490234 0.365885 0.490234 0.356771 0.487305 0.352865 0.486328 0.352865 0.485352 0.351562 0.484375 0.351562 0.483398 0.350260 0.482422 0.350260 0.481445 0.348958 0.480469 0.348958 0.475586 0.345052 0.473633 0.345052 0.472656 0.343750 0.464844 0.343750 0.463867 0.345052
0 0.420898 0.325521 0.419922 0.324219 0.418945 0.324219 0.417969 0.322917 0.416992 0.322917 0.414062 0.320312 0.412109 0.320312 0.411133 0.319010 0.410156 0.320312 0.408203 0.320312 0.405273 0.322917 0.403320 0.322917 0.402344 0.324219 0.399414 0.325521 0.396484 0.329427 0.395508 0.329427 0.393555 0.332031 0.393555 0.334635 0.392578 0.335938 0.392578 0.341146 0.391602 0.342448 0.391602 0.347656 0.392578 0.348958 0.392578 0.354167 0.395508 0.354167 0.396484 0.355469 0.406250 0.355469 0.407227 0.356771 0.415039 0.356771 0.416016 0.355469 0.418945 0.354167 0.421875 0.350260 0.421875 0.347656 0.422852 0.346354 0.422852 0.337240 0.421875 0.335938 0.421875 0.328125 0.420898 0.326823
0 0.358398 0.234375 0.357422 0.235677 0.356445 0.235677 0.356445 0.236979 0.355469 0.238281 0.354492 0.238281 0.349609 0.244792 0.348633 0.244792 0.346680 0.247396 0.345703 0.247396 0.345703 0.248698 0.344727 0.250000 0.344727 0.260417 0.345703 0.261719 0.345703 0.264323 0.346680 0.265625 0.346680 0.268229 0.347656 0.269531 0.347656 0.272135 0.350586 0.276042 0.351562 0.276042 0.354492 0.278646 0.356445 0.278646 0.357422 0.279948 0.361328 0.279948 0.362305 0.278646 0.363281 0.278646 0.364258 0.277344 0.367188 0.276042 0.369141 0.273438 0.370117 0.273438 0.374023 0.268229 0.374023 0.265625 0.375000 0.264323 0.375000 0.261719 0.375977 0.260417 0.375977 0.250000 0.375000 0.248698 0.375000 0.247396 0.374023 0.246094 0.374023 0.244792 0.372070 0.240885 0.371094 0.240885 0.370117 0.239583 0.368164 0.239583 0.367188 0.238281 0.365234 0.238281 0.363281 0.235677 0.362305 0.235677 0.361328 0.234375
0 0.384766 0.272135 0.375977 0.272135 0.375000 0.273438 0.374023 0.273438 0.373047 0.274740 0.372070 0.274740 0.371094 0.276042 0.370117 0.276042 0.369141 0.277344 0.368164 0.277344 0.365234 0.279948 0.363281 0.279948 0.361328 0.283854 0.361328 0.287760 0.362305 0.289062 0.362305 0.291667 0.364258 0.295573 0.364258 0.299479 0.366211 0.302083 0.366211 0.303385 0.375977 0.316406 0.377930 0.316406 0.378906 0.315104 0.379883 0.315104 0.383789 0.309896 0.384766 0.309896 0.388672 0.304688 0.389648 0.304688 0.389648 0.303385 0.390625 0.302083 0.391602 0.298177 0.392578 0.296875 0.393555 0.296875 0.395508 0.294271 0.395508 0.292969 0.396484 0.291667 0.396484 0.287760 0.393555 0.283854 0.393555 0.282552 0.390625 0.278646 0.390625 0.277344 0.388672 0.274740 0.387695 0.274740
0 0.393555 0.240885 0.392578 0.242188 0.390625 0.242188 0.389648 0.243490 0.387695 0.243490 0.385742 0.246094 0.384766 0.246094 0.384766 0.247396 0.382812 0.250000 0.382812 0.251302 0.381836 0.252604 0.381836 0.255208 0.380859 0.256510 0.380859 0.263021 0.381836 0.264323 0.382812 0.268229 0.385742 0.272135 0.388672 0.273438 0.393555 0.279948 0.393555 0.281250 0.395508 0.283854 0.397461 0.283854 0.398438 0.285156 0.401367 0.285156 0.402344 0.283854 0.403320 0.283854 0.404297 0.282552 0.405273 0.282552 0.406250 0.281250 0.409180 0.279948 0.414062 0.273438 0.414062 0.272135 0.416992 0.268229 0.416992 0.261719 0.415039 0.259115 0.415039 0.257812 0.414062 0.256510 0.414062 0.255208 0.412109 0.252604 0.412109 0.251302 0.409180 0.247396 0.408203 0.247396 0.406250 0.244792 0.405273 0.244792 0.404297 0.243490 0.402344 0.243490 0.401367 0.242188 0.398438 0.242188 0.397461 0.240885
0 0.417969 0.278646 0.416992 0.279948 0.415039 0.279948 0.412109 0.283854 0.412109 0.285156 0.405273 0.294271 0.405273 0.300781 0.406250 0.302083 0.406250 0.305990 0.407227 0.307292 0.407227 0.311198 0.409180 0.315104 0.410156 0.315104 0.411133 0.316406 0.416016 0.316406 0.416992 0.317708 0.417969 0.317708 0.418945 0.319010 0.419922 0.319010 0.420898 0.317708 0.420898 0.316406 0.422852 0.313802 0.426758 0.313802 0.429688 0.309896 0.430664 0.309896 0.432617 0.307292 0.434570 0.307292 0.435547 0.305990 0.435547 0.298177 0.434570 0.296875 0.434570 0.294271 0.433594 0.292969 0.433594 0.290365 0.432617 0.289062 0.432617 0.287760 0.430664 0.285156 0.429688 0.285156 0.427734 0.282552 0.425781 0.282552 0.422852 0.279948 0.420898 0.279948 0.419922 0.278646
0 0.438477 0.309896 0.437500 0.311198 0.434570 0.311198 0.433594 0.312500 0.431641 0.312500 0.429688 0.315104 0.429688 0.316406 0.428711 0.317708 0.428711 0.319010 0.426758 0.322917 0.426758 0.335938 0.427734 0.337240 0.427734 0.341146 0.428711 0.342448 0.429688 0.346354 0.433594 0.351562 0.440430 0.351562 0.441406 0.352865 0.443359 0.352865 0.449219 0.345052 0.449219 0.343750 0.451172 0.341146 0.454102 0.339844 0.454102 0.338542 0.456055 0.335938 0.456055 0.319010 0.455078 0.317708 0.455078 0.316406 0.454102 0.316406 0.452148 0.313802 0.451172 0.313802 0.450195 0.312500 0.446289 0.312500 0.445312 0.311198 0.441406 0.311198 0.440430 0.309896
0 0.458984 0.305990 0.458984 0.307292 0.457031 0.311198 0.457031 0.317708 0.458008 0.319010 0.458008 0.322917 0.458984 0.324219 0.458984 0.329427 0.459961 0.330729 0.459961 0.333333 0.461914 0.335938 0.461914 0.337240 0.462891 0.338542 0.463867 0.338542 0.465820 0.341146 0.468750 0.341146 0.469727 0.342448 0.482422 0.342448 0.485352 0.345052 0.489258 0.345052 0.490234 0.343750 0.491211 0.343750 0.491211 0.342448 0.492188 0.341146 0.492188 0.338542 0.493164 0.337240 0.493164 0.321615 0.492188 0.320312 0.492188 0.317708 0.491211 0.316406 0.491211 0.313802 0.483398 0.303385 0.482422 0.303385 0.477539 0.299479 0.469727 0.299479 0.468750 0.300781 0.464844 0.300781 0.463867 0.302083 0.461914 0.302083
0 0.446289 0.264323 0.445312 0.265625 0.444336 0.265625 0.441406 0.269531 0.441406 0.270833 0.437500 0.276042 0.437500 0.277344 0.433594 0.282552 0.433594 0.286458 0.434570 0.287760 0.434570 0.289062 0.435547 0.290365 0.435547 0.291667 0.436523 0.292969 0.436523 0.294271 0.437500 0.295573 0.438477 0.299479 0.441406 0.303385 0.442383 0.303385 0.445312 0.305990 0.447266 0.305990 0.450195 0.308594 0.455078 0.308594 0.463867 0.296875 0.463867 0.295573 0.465820 0.292969 0.465820 0.291667 0.466797 0.290365 0.466797 0.287760 0.465820 0.286458 0.465820 0.285156 0.463867 0.281250 0.463867 0.278646 0.462891 0.277344 0.462891 0.274740 0.461914 0.273438 0.461914 0.272135 0.458984 0.268229 0.458984 0.266927 0.458008 0.266927 0.457031 0.265625 0.455078 0.265625 0.454102 0.264323
0 0.411133 0.209635 0.410156 0.210938 0.410156 0.212240 0.409180 0.213542 0.409180 0.214844 0.408203 0.216146 0.408203 0.217448 0.407227 0.218750 0.407227 0.220052 0.405273 0.223958 0.405273 0.226562 0.404297 0.227865 0.404297 0.230469 0.405273 0.231771 0.405273 0.234375 0.407227 0.236979 0.407227 0.238281 0.408203 0.238281 0.415039 0.247396 0.417969 0.247396 0.418945 0.248698 0.419922 0.248698 0.420898 0.247396 0.424805 0.247396 0.425781 0.246094 0.427734 0.246094 0.428711 0.244792 0.430664 0.244792 0.432617 0.242188 0.432617 0.240885 0.433594 0.239583 0.433594 0.236979 0.434570 0.235677 0.434570 0.231771 0.435547 0.230469 0.435547 0.227865 0.436523 0.226562 0.436523 0.217448 0.430664 0.209635 0.429688 0.209635 0.428711 0.208333 0.415039 0.208333 0.414062 0.209635
0 0.445312 0.210938 0.444336 0.212240 0.443359 0.212240 0.437500 0.220052 0.437500 0.233073 0.438477 0.234375 0.438477 0.235677 0.440430 0.238281 0.440430 0.239583 0.445312 0.246094 0.446289 0.246094 0.449219 0.250000 0.450195 0.250000 0.451172 0.251302 0.452148 0.251302 0.453125 0.250000 0.455078 0.250000 0.461914 0.240885 0.462891 0.240885 0.464844 0.238281 0.464844 0.236979 0.465820 0.235677 0.465820 0.225260 0.464844 0.223958 0.464844 0.221354 0.463867 0.220052 0.463867 0.218750 0.462891 0.217448 0.461914 0.217448 0.459961 0.214844 0.458984 0.214844 0.458008 0.213542 0.456055 0.213542 0.455078 0.212240 0.452148 0.212240 0.451172 0.210938
0 0.465820 0.239583 0.463867 0.242188 0.462891 0.242188 0.460938 0.244792 0.459961 0.244792 0.458984 0.246094 0.458984 0.247396 0.457031 0.250000 0.457031 0.260417 0.458008 0.261719 0.458008 0.263021 0.458984 0.264323 0.458984 0.265625 0.460938 0.268229 0.460938 0.269531 0.461914 0.270833 0.461914 0.272135 0.466797 0.278646 0.477539 0.278646 0.478516 0.277344 0.479492 0.277344 0.480469 0.276042 0.481445 0.276042 0.483398 0.273438 0.483398 0.272135 0.485352 0.269531 0.485352 0.268229 0.486328 0.266927 0.485352 0.265625 0.485352 0.259115 0.484375 0.257812 0.484375 0.253906 0.483398 0.252604 0.483398 0.250000 0.482422 0.248698 0.482422 0.247396 0.480469 0.244792 0.480469 0.243490 0.478516 0.240885 0.472656 0.240885 0.471680 0.239583
0 0.495117 0.265625 0.494141 0.266927 0.492188 0.266927 0.491211 0.268229 0.490234 0.268229 0.489258 0.269531 0.488281 0.269531 0.488281 0.270833 0.487305 0.272135 0.487305 0.273438 0.485352 0.276042 0.485352 0.285156 0.486328 0.286458 0.486328 0.290365 0.487305 0.291667 0.487305 0.295573 0.488281 0.296875 0.488281 0.299479 0.490234 0.302083 0.492188 0.302083 0.493164 0.303385 0.494141 0.303385 0.495117 0.304688 0.495117 0.305990 0.496094 0.305990 0.497070 0.307292 0.501953 0.307292 0.502930 0.305990 0.504883 0.305990 0.510742 0.298177 0.510742 0.296875 0.511719 0.295573 0.511719 0.294271 0.512695 0.292969 0.512695 0.291667 0.515625 0.287760 0.515625 0.285156 0.511719 0.279948 0.511719 0.278646 0.510742 0.277344 0.510742 0.276042 0.508789 0.273438 0.508789 0.272135 0.507812 0.270833 0.507812 0.269531 0.506836 0.268229 0.506836 0.266927 0.504883 0.266927 0.503906 0.265625
0 0.424805 0.149740 0.419922 0.149740 0.418945 0.151042 0.417969 0.151042 0.411133 0.160156 0.409180 0.160156 0.408203 0.161458 0.406250 0.161458 0.405273 0.162760 0.404297 0.162760 0.404297 0.169271 0.406250 0.173177 0.406250 0.175781 0.407227 0.177083 0.407227 0.179688 0.408203 0.180990 0.408203 0.184896 0.409180 0.186198 0.409180 0.187500 0.410156 0.187500 0.412109 0.190104 0.411133 0.194010 0.413086 0.196615 0.416016 0.197917 0.419922 0.203125 0.421875 0.200521 0.422852 0.200521 0.423828 0.199219 0.424805 0.200521 0.426758 0.200521 0.427734 0.199219 0.428711 0.199219 0.430664 0.196615 0.431641 0.196615 0.434570 0.192708 0.434570 0.190104 0.435547 0.188802 0.435547 0.187500 0.436523 0.186198 0.438477 0.179688 0.440430 0.177083 0.440430 0.175781 0.441406 0.174479 0.441406 0.173177 0.440430 0.171875 0.440430 0.170573 0.439453 0.169271 0.439453 0.167969 0.438477 0.166667 0.438477 0.165365 0.437500 0.164062 0.435547 0.157552 0.432617 0.153646 0.431641 0.153646 0.428711 0.151042 0.425781 0.151042
0 0.458984 0.152344 0.458008 0.153646 0.453125 0.156250 0.450195 0.160156 0.450195 0.161458 0.447266 0.164062 0.447266 0.165365 0.445312 0.167969 0.445312 0.169271 0.444336 0.170573 0.444336 0.178385 0.445312 0.179688 0.445312 0.186198 0.446289 0.187500 0.446289 0.196615 0.448242 0.199219 0.449219 0.199219 0.450195 0.200521 0.453125 0.200521 0.458984 0.205729 0.461914 0.205729 0.462891 0.204427 0.463867 0.200521 0.464844 0.199219 0.466797 0.199219 0.467773 0.197917 0.469727 0.197917 0.471680 0.195312 0.471680 0.194010 0.473633 0.191406 0.473633 0.190104 0.476562 0.186198 0.476562 0.184896 0.478516 0.182292 0.478516 0.174479 0.474609 0.169271 0.474609 0.167969 0.471680 0.164062 0.470703 0.160156 0.467773 0.156250 0.466797 0.156250 0.464844 0.153646 0.463867 0.153646 0.462891 0.152344
0 0.523438 0.210938 0.518555 0.205729 0.517578 0.205729 0.514648 0.203125 0.512695 0.203125 0.509766 0.200521 0.500977 0.200521 0.498047 0.203125 0.496094 0.203125 0.494141 0.205729 0.492188 0.205729 0.491211 0.207031 0.490234 0.207031 0.484375 0.214844 0.484375 0.216146 0.482422 0.220052 0.482422 0.222656 0.481445 0.223958 0.481445 0.233073 0.480469 0.234375 0.480469 0.235677 0.481445 0.236979 0.481445 0.238281 0.483398 0.240885 0.485352 0.240885 0.486328 0.242188 0.487305 0.240885 0.500977 0.240885 0.502930 0.243490 0.511719 0.243490 0.514648 0.239583 0.515625 0.235677 0.518555 0.231771 0.518555 0.230469 0.519531 0.229167 0.520508 0.222656 0.523438 0.216146
0 0.519531 0.233073 0.515625 0.238281 0.514648 0.242188 0.512695 0.244792 0.512695 0.248698 0.511719 0.250000 0.511719 0.257812 0.510742 0.259115 0.510742 0.261719 0.509766 0.263021 0.509766 0.269531 0.510742 0.270833 0.510742 0.272135 0.511719 0.272135 0.513672 0.274740 0.529297 0.274740 0.530273 0.273438 0.533203 0.273438 0.534180 0.272135 0.537109 0.272135 0.540039 0.268229 0.540039 0.265625 0.541016 0.264323 0.541016 0.260417 0.541992 0.259115 0.541992 0.252604 0.541016 0.251302 0.541016 0.247396 0.540039 0.246094 0.540039 0.244792 0.539062 0.243490 0.538086 0.239583 0.537109 0.238281 0.536133 0.238281 0.535156 0.236979 0.534180 0.236979 0.531250 0.234375 0.528320 0.234375 0.527344 0.233073
0 0.493164 0.125000 0.491211 0.127604 0.490234 0.127604 0.489258 0.128906 0.489258 0.131510 0.488281 0.132812 0.488281 0.135417 0.487305 0.136719 0.487305 0.139323 0.486328 0.140625 0.486328 0.152344 0.492188 0.164062 0.493164 0.164062 0.494141 0.165365 0.496094 0.165365 0.497070 0.166667 0.504883 0.166667 0.505859 0.167969 0.508789 0.167969 0.510742 0.164062 0.510742 0.161458 0.511719 0.160156 0.511719 0.158854 0.514648 0.154948 0.514648 0.153646 0.515625 0.152344 0.515625 0.149740 0.516602 0.148438 0.516602 0.145833 0.515625 0.144531 0.515625 0.139323 0.514648 0.138021 0.513672 0.134115 0.511719 0.131510 0.511719 0.130208 0.510742 0.128906 0.509766 0.128906 0.507812 0.126302 0.505859 0.126302 0.504883 0.125000 0.503906 0.125000 0.502930 0.126302 0.500000 0.126302 0.499023 0.125000
0 0.529297 0.115885 0.525391 0.121094 0.524414 0.121094 0.524414 0.122396 0.523438 0.123698 0.522461 0.127604 0.520508 0.130208 0.520508 0.132812 0.519531 0.134115 0.519531 0.141927 0.520508 0.143229 0.520508 0.144531 0.521484 0.145833 0.522461 0.149740 0.525391 0.153646 0.525391 0.154948 0.526367 0.154948 0.529297 0.158854 0.530273 0.158854 0.531250 0.160156 0.545898 0.160156 0.546875 0.158854 0.548828 0.158854 0.549805 0.157552 0.549805 0.156250 0.550781 0.154948 0.550781 0.152344 0.551758 0.151042 0.551758 0.145833 0.550781 0.144531 0.550781 0.135417 0.551758 0.134115 0.551758 0.131510 0.550781 0.130208 0.550781 0.128906 0.549805 0.127604 0.547852 0.127604 0.546875 0.126302 0.544922 0.126302 0.539062 0.118490 0.538086 0.118490 0.537109 0.117188 0.535156 0.117188 0.534180 0.115885
0 0.562500 0.098958 0.561523 0.100260 0.561523 0.106771 0.560547 0.108073 0.560547 0.110677 0.559570 0.111979 0.559570 0.114583 0.558594 0.115885 0.558594 0.123698 0.557617 0.125000 0.557617 0.138021 0.559570 0.140625 0.560547 0.140625 0.561523 0.141927 0.562500 0.141927 0.564453 0.144531 0.566406 0.144531 0.567383 0.145833 0.583984 0.145833 0.583984 0.144531 0.584961 0.143229 0.584961 0.140625 0.585938 0.139323 0.585938 0.136719 0.586914 0.135417 0.586914 0.131510 0.587891 0.130208 0.587891 0.123698 0.588867 0.122396 0.588867 0.121094 0.587891 0.119792 0.587891 0.105469 0.586914 0.104167 0.586914 0.102865 0.583984 0.098958 0.581055 0.098958 0.580078 0.097656 0.576172 0.097656 0.575195 0.096354 0.569336 0.096354 0.568359 0.097656 0.564453 0.097656 0.563477 0.098958
0 0.524414 0.197917 0.521484 0.201823 0.521484 0.204427 0.522461 0.205729 0.523438 0.205729 0.525391 0.209635 0.525391 0.212240 0.524414 0.213542 0.524414 0.216146 0.525391 0.217448 0.525391 0.218750 0.526367 0.220052 0.526367 0.221354 0.528320 0.225260 0.528320 0.227865 0.537109 0.235677 0.541992 0.235677 0.542969 0.236979 0.545898 0.236979 0.546875 0.235677 0.547852 0.235677 0.547852 0.233073 0.548828 0.231771 0.548828 0.227865 0.549805 0.226562 0.549805 0.225260 0.550781 0.223958 0.551758 0.220052 0.553711 0.217448 0.553711 0.210938 0.551758 0.208333 0.551758 0.207031 0.549805 0.204427 0.549805 0.203125 0.543945 0.195312 0.542969 0.195312 0.541992 0.194010 0.530273 0.194010 0.529297 0.195312 0.528320 0.195312 0.527344 0.196615
0 0.583984 0.160156 0.581055 0.160156 0.580078 0.158854 0.579102 0.158854 0.578125 0.160156 0.575195 0.160156 0.572266 0.162760 0.570312 0.162760 0.565430 0.166667 0.563477 0.166667 0.562500 0.167969 0.560547 0.167969 0.560547 0.169271 0.559570 0.170573 0.558594 0.174479 0.559570 0.174479 0.562500 0.178385 0.562500 0.194010 0.563477 0.195312 0.563477 0.199219 0.564453 0.200521 0.566406 0.200521 0.569336 0.203125 0.577148 0.203125 0.578125 0.201823 0.580078 0.201823 0.581055 0.200521 0.583984 0.199219 0.587891 0.194010 0.587891 0.192708 0.588867 0.191406 0.588867 0.188802 0.589844 0.187500 0.589844 0.182292 0.590820 0.180990 0.590820 0.171875 0.589844 0.170573 0.589844 0.167969 0.588867 0.166667 0.588867 0.165365
0 0.603516 0.145833 0.601562 0.148438 0.600586 0.148438 0.596680 0.153646 0.596680 0.154948 0.590820 0.162760 0.590820 0.165365 0.591797 0.166667 0.591797 0.170573 0.592773 0.171875 0.592773 0.177083 0.593750 0.178385 0.593750 0.180990 0.596680 0.187500 0.599609 0.187500 0.604492 0.191406 0.611328 0.191406 0.612305 0.190104 0.612305 0.188802 0.616211 0.183594 0.619141 0.182292 0.623047 0.177083 0.624023 0.177083 0.625977 0.174479 0.625977 0.173177 0.626953 0.171875 0.627930 0.167969 0.626953 0.166667 0.626953 0.165365 0.619141 0.154948 0.618164 0.154948 0.614258 0.148438 0.613281 0.148438 0.610352 0.145833
0 0.632812 0.121094 0.625977 0.130208 0.625000 0.130208 0.621094 0.135417 0.620117 0.139323 0.617188 0.143229 0.617188 0.144531 0.616211 0.145833 0.616211 0.148438 0.617188 0.148438 0.629883 0.165365 0.638672 0.165365 0.643555 0.160156 0.646484 0.158854 0.646484 0.157552 0.650391 0.152344 0.650391 0.149740 0.651367 0.148438 0.651367 0.145833 0.650391 0.144531 0.650391 0.141927 0.648438 0.139323 0.648438 0.138021 0.638672 0.125000 0.638672 0.123698 0.636719 0.121094
0 0.673828 0.122396 0.666016 0.132812 0.665039 0.136719 0.658203 0.144531 0.658203 0.147135 0.657227 0.148438 0.659180 0.151042 0.659180 0.152344 0.661133 0.154948 0.661133 0.156250 0.663086 0.158854 0.666016 0.160156 0.667969 0.162760 0.669922 0.162760 0.670898 0.164062 0.673828 0.164062 0.674805 0.165365 0.678711 0.165365 0.679688 0.164062 0.681641 0.164062 0.682617 0.162760 0.683594 0.162760 0.685547 0.160156 0.685547 0.158854 0.689453 0.153646 0.689453 0.152344 0.691406 0.148438 0.691406 0.138021 0.690430 0.136719 0.689453 0.132812 0.686523 0.128906 0.685547 0.128906 0.683594 0.126302 0.682617 0.126302 0.681641 0.125000 0.680664 0.125000 0.677734 0.122396
0 0.561523 0.207031 0.560547 0.208333 0.559570 0.208333 0.555664 0.213542 0.555664 0.214844 0.553711 0.218750 0.553711 0.230469 0.554688 0.231771 0.554688 0.236979 0.555664 0.238281 0.555664 0.239583 0.558594 0.243490 0.563477 0.243490 0.564453 0.244792 0.569336 0.244792 0.570312 0.243490 0.572266 0.243490 0.575195 0.239583 0.576172 0.239583 0.577148 0.238281 0.578125 0.238281 0.580078 0.235677 0.580078 0.234375 0.581055 0.233073 0.581055 0.230469 0.582031 0.229167 0.582031 0.223958 0.581055 0.222656 0.581055 0.220052 0.580078 0.218750 0.580078 0.217448 0.577148 0.213542 0.575195 0.213542 0.574219 0.212240 0.573242 0.212240 0.571289 0.209635 0.570312 0.209635 0.568359 0.207031
0 0.598633 0.188802 0.597656 0.190104 0.594727 0.190104 0.587891 0.199219 0.587891 0.200521 0.586914 0.201823 0.585938 0.201823 0.585938 0.203125 0.583984 0.205729 0.583984 0.207031 0.582031 0.209635 0.582031 0.210938 0.581055 0.212240 0.581055 0.216146 0.582031 0.217448 0.582031 0.220052 0.583008 0.221354 0.583008 0.225260 0.583984 0.226562 0.583984 0.230469 0.584961 0.231771 0.584961 0.234375 0.585938 0.235677 0.585938 0.236979 0.587891 0.239583 0.588867 0.239583 0.589844 0.240885 0.594727 0.240885 0.596680 0.238281 0.597656 0.238281 0.602539 0.233073 0.603516 0.233073 0.604492 0.231771 0.605469 0.231771 0.607422 0.229167 0.610352 0.227865 0.612305 0.225260 0.612305 0.222656 0.613281 0.221354 0.613281 0.220052 0.611328 0.216146 0.611328 0.213542 0.610352 0.212240 0.610352 0.210938 0.609375 0.209635 0.609375 0.208333 0.608398 0.207031 0.608398 0.205729 0.607422 0.204427 0.607422 0.203125 0.606445 0.201823 0.605469 0.197917 0.603516 0.195312 0.603516 0.194010 0.600586 0.190104 0.599609 0.190104
0 0.617188 0.186198 0.615234 0.188802 0.615234 0.190104 0.614258 0.191406 0.614258 0.194010 0.613281 0.195312 0.613281 0.196615 0.612305 0.197917 0.612305 0.199219 0.610352 0.201823 0.610352 0.208333 0.612305 0.212240 0.612305 0.214844 0.614258 0.218750 0.614258 0.221354 0.616211 0.223958 0.617188 0.223958 0.618164 0.225260 0.620117 0.225260 0.621094 0.226562 0.626953 0.226562 0.630859 0.221354 0.630859 0.220052 0.633789 0.216146 0.633789 0.214844 0.635742 0.212240 0.635742 0.210938 0.636719 0.209635 0.636719 0.204427 0.635742 0.203125 0.635742 0.199219 0.634766 0.197917 0.634766 0.196615 0.632812 0.194010 0.632812 0.192708 0.631836 0.192708 0.630859 0.191406 0.629883 0.191406 0.627930 0.188802 0.626953 0.188802 0.625977 0.187500 0.624023 0.187500 0.623047 0.186198
0 0.644531 0.175781 0.638672 0.183594 0.638672 0.184896 0.636719 0.188802 0.636719 0.196615 0.637695 0.197917 0.637695 0.200521 0.638672 0.201823 0.638672 0.208333 0.639648 0.209635 0.646484 0.209635 0.647461 0.210938 0.662109 0.210938 0.666016 0.205729 0.666016 0.204427 0.667969 0.201823 0.667969 0.200521 0.668945 0.199219 0.668945 0.187500 0.667969 0.186198 0.666992 0.182292 0.663086 0.177083 0.662109 0.177083 0.661133 0.175781 0.657227 0.175781 0.656250 0.174479 0.646484 0.174479 0.645508 0.175781
0 0.540039 0.274740 0.535156 0.274740 0.534180 0.276042 0.533203 0.276042 0.532227 0.277344 0.531250 0.277344 0.529297 0.279948 0.528320 0.279948 0.526367 0.282552 0.525391 0.282552 0.523438 0.285156 0.522461 0.285156 0.520508 0.287760 0.520508 0.292969 0.519531 0.294271 0.519531 0.303385 0.521484 0.305990 0.521484 0.307292 0.522461 0.307292 0.523438 0.308594 0.524414 0.308594 0.527344 0.311198 0.529297 0.311198 0.531250 0.313802 0.532227 0.313802 0.535156 0.316406 0.537109 0.316406 0.541016 0.311198 0.541016 0.309896 0.541992 0.308594 0.541992 0.307292 0.546875 0.300781 0.546875 0.299479 0.548828 0.296875 0.548828 0.295573 0.549805 0.294271 0.549805 0.290365 0.550781 0.289062 0.549805 0.287760 0.549805 0.286458 0.547852 0.283854 0.547852 0.282552 0.544922 0.278646 0.543945 0.278646 0.541992 0.276042 0.541016 0.276042
0 0.578125 0.250000 0.577148 0.250000 0.576172 0.248698 0.574219 0.248698 0.573242 0.247396 0.567383 0.247396 0.566406 0.248698 0.565430 0.248698 0.563477 0.251302 0.562500 0.251302 0.560547 0.253906 0.559570 0.253906 0.559570 0.255208 0.558594 0.256510 0.557617 0.256510 0.551758 0.264323 0.551758 0.265625 0.549805 0.269531 0.549805 0.274740 0.550781 0.276042 0.550781 0.278646 0.554688 0.283854 0.555664 0.283854 0.558594 0.286458 0.562500 0.286458 0.563477 0.285156 0.573242 0.285156 0.574219 0.286458 0.576172 0.286458 0.580078 0.281250 0.580078 0.278646 0.581055 0.277344 0.581055 0.272135 0.582031 0.270833 0.582031 0.265625 0.583008 0.264323 0.583008 0.257812 0.582031 0.256510 0.582031 0.255208
0 0.573242 0.286458 0.572266 0.286458 0.571289 0.285156 0.570312 0.285156 0.569336 0.286458 0.566406 0.286458 0.565430 0.287760 0.564453 0.287760 0.563477 0.289062 0.562500 0.289062 0.561523 0.290365 0.558594 0.291667 0.555664 0.295573 0.554688 0.295573 0.553711 0.296875 0.550781 0.298177 0.548828 0.300781 0.548828 0.302083 0.547852 0.303385 0.547852 0.324219 0.552734 0.330729 0.553711 0.330729 0.554688 0.332031 0.556641 0.332031 0.557617 0.333333 0.563477 0.333333 0.564453 0.332031 0.567383 0.330729 0.571289 0.325521 0.572266 0.325521 0.573242 0.324219 0.573242 0.322917 0.575195 0.320312 0.575195 0.289062
0 0.590820 0.255208 0.588867 0.257812 0.587891 0.257812 0.585938 0.260417 0.584961 0.260417 0.584961 0.261719 0.583984 0.263021 0.583984 0.264323 0.583008 0.265625 0.583008 0.279948 0.584961 0.282552 0.584961 0.283854 0.588867 0.289062 0.589844 0.289062 0.590820 0.290365 0.602539 0.290365 0.603516 0.289062 0.604492 0.289062 0.609375 0.282552 0.609375 0.279948 0.610352 0.278646 0.610352 0.277344 0.609375 0.276042 0.609375 0.274740 0.608398 0.273438 0.608398 0.270833 0.607422 0.269531 0.607422 0.268229 0.606445 0.266927 0.606445 0.265625 0.600586 0.257812 0.599609 0.257812 0.598633 0.256510 0.597656 0.256510 0.596680 0.255208
0 0.606445 0.236979 0.606445 0.238281 0.605469 0.239583 0.605469 0.240885 0.603516 0.244792 0.603516 0.248698 0.602539 0.250000 0.602539 0.256510 0.603516 0.257812 0.604492 0.257812 0.608398 0.264323 0.609375 0.264323 0.610352 0.265625 0.612305 0.265625 0.613281 0.266927 0.618164 0.266927 0.619141 0.265625 0.625977 0.265625 0.626953 0.264323 0.627930 0.264323 0.628906 0.263021 0.631836 0.261719 0.635742 0.256510 0.635742 0.235677 0.632812 0.231771 0.631836 0.231771 0.630859 0.230469 0.628906 0.230469 0.627930 0.231771 0.624023 0.231771 0.623047 0.230469 0.620117 0.230469 0.619141 0.229167 0.616211 0.229167 0.615234 0.227865 0.614258 0.229167 0.612305 0.229167
0 0.637695 0.226562 0.637695 0.227865 0.635742 0.231771 0.636719 0.233073 0.636719 0.256510 0.637695 0.257812 0.637695 0.259115 0.650391 0.259115 0.651367 0.257812 0.653320 0.257812 0.654297 0.256510 0.656250 0.256510 0.657227 0.255208 0.659180 0.255208 0.661133 0.252604 0.661133 0.251302 0.662109 0.250000 0.662109 0.236979 0.661133 0.235677 0.661133 0.231771 0.660156 0.230469 0.660156 0.229167 0.659180 0.229167 0.658203 0.227865 0.656250 0.227865 0.655273 0.226562 0.652344 0.226562 0.651367 0.225260 0.649414 0.225260 0.648438 0.223958 0.642578 0.223958 0.641602 0.225260 0.639648 0.225260 0.638672 0.226562
0 0.681641 0.203125 0.680664 0.203125 0.677734 0.205729 0.675781 0.205729 0.674805 0.207031 0.671875 0.208333 0.666992 0.214844 0.666992 0.216146 0.665039 0.218750 0.664062 0.222656 0.662109 0.225260 0.662109 0.229167 0.663086 0.230469 0.663086 0.242188 0.664062 0.243490 0.664062 0.250000 0.663086 0.251302 0.664062 0.252604 0.664062 0.253906 0.665039 0.253906 0.666016 0.255208 0.669922 0.255208 0.670898 0.256510 0.673828 0.256510 0.674805 0.255208 0.677734 0.253906 0.679688 0.251302 0.680664 0.251302 0.682617 0.248698 0.683594 0.248698 0.691406 0.238281 0.691406 0.236979 0.692383 0.235677 0.692383 0.220052 0.691406 0.218750 0.690430 0.214844 0.688477 0.212240 0.688477 0.210938 0.684570 0.205729 0.683594 0.205729
0 0.672852 0.200521 0.673828 0.201823 0.673828 0.204427 0.675781 0.204427 0.676758 0.203125 0.678711 0.203125 0.679688 0.201823 0.681641 0.201823 0.691406 0.214844 0.691406 0.216146 0.692383 0.217448 0.692383 0.218750 0.694336 0.221354 0.697266 0.221354 0.698242 0.220052 0.699219 0.220052 0.703125 0.214844 0.703125 0.213542 0.705078 0.209635 0.705078 0.199219 0.702148 0.195312 0.701172 0.195312 0.699219 0.192708 0.698242 0.192708 0.696289 0.190104 0.695312 0.190104 0.694336 0.188802 0.693359 0.188802 0.690430 0.186198 0.683594 0.186198 0.682617 0.187500 0.681641 0.187500 0.681641 0.188802 0.680664 0.190104 0.680664 0.191406 0.678711 0.194010 0.677734 0.194010 0.677734 0.195312 0.673828 0.200521
0 0.720703 0.204427 0.719727 0.204427 0.718750 0.205729 0.717773 0.205729 0.714844 0.208333 0.712891 0.208333 0.711914 0.209635 0.708984 0.210938 0.702148 0.220052 0.702148 0.223958 0.701172 0.225260 0.701172 0.229167 0.700195 0.230469 0.700195 0.231771 0.701172 0.233073 0.701172 0.234375 0.702148 0.235677 0.702148 0.236979 0.703125 0.238281 0.704102 0.242188 0.705078 0.242188 0.708008 0.246094 0.708008 0.247396 0.708984 0.248698 0.710938 0.248698 0.711914 0.250000 0.716797 0.250000 0.717773 0.248698 0.718750 0.248698 0.722656 0.243490 0.723633 0.243490 0.729492 0.235677 0.729492 0.234375 0.732422 0.230469 0.732422 0.225260 0.730469 0.222656 0.730469 0.221354 0.726562 0.216146 0.726562 0.214844 0.724609 0.212240 0.724609 0.210938 0.723633 0.209635 0.722656 0.205729 0.721680 0.205729
0 0.741211 0.238281 0.734375 0.238281 0.733398 0.239583 0.731445 0.239583 0.730469 0.240885 0.728516 0.240885 0.722656 0.248698 0.722656 0.252604 0.721680 0.253906 0.721680 0.256510 0.719727 0.260417 0.719727 0.272135 0.722656 0.276042 0.722656 0.277344 0.724609 0.279948 0.727539 0.279948 0.729492 0.282552 0.732422 0.282552 0.734375 0.279948 0.736328 0.279948 0.737305 0.278646 0.738281 0.278646 0.743164 0.273438 0.744141 0.273438 0.745117 0.272135 0.746094 0.272135 0.749023 0.269531 0.749023 0.268229 0.750000 0.266927 0.749023 0.265625 0.749023 0.260417 0.750000 0.259115 0.750000 0.251302 0.749023 0.250000 0.749023 0.246094 0.745117 0.240885 0.744141 0.240885
0 0.769531 0.225260 0.766602 0.225260 0.764648 0.227865 0.761719 0.229167 0.758789 0.233073 0.757812 0.236979 0.750977 0.246094 0.750977 0.248698 0.751953 0.250000 0.751953 0.255208 0.752930 0.255208 0.756836 0.260417 0.757812 0.260417 0.758789 0.261719 0.758789 0.263021 0.757812 0.264323 0.757812 0.266927 0.758789 0.268229 0.759766 0.268229 0.761719 0.270833 0.761719 0.272135 0.762695 0.273438 0.767578 0.273438 0.768555 0.272135 0.768555 0.269531 0.769531 0.268229 0.770508 0.268229 0.773438 0.265625 0.775391 0.265625 0.778320 0.261719 0.778320 0.260417 0.780273 0.257812 0.780273 0.256510 0.782227 0.253906 0.782227 0.252604 0.784180 0.248698 0.784180 0.242188 0.783203 0.240885 0.783203 0.239583 0.781250 0.236979 0.781250 0.235677 0.777344 0.230469 0.776367 0.230469 0.775391 0.229167 0.773438 0.229167 0.771484 0.226562 0.770508 0.226562
0 0.646484 0.269531 0.643555 0.265625 0.642578 0.265625 0.641602 0.264323 0.639648 0.264323 0.638672 0.263021 0.637695 0.264323 0.636719 0.264323 0.635742 0.265625 0.632812 0.266927 0.630859 0.269531 0.629883 0.269531 0.626953 0.273438 0.625977 0.273438 0.624023 0.276042 0.621094 0.277344 0.616211 0.283854 0.616211 0.286458 0.615234 0.287760 0.615234 0.290365 0.616211 0.291667 0.616211 0.295573 0.617188 0.296875 0.617188 0.299479 0.618164 0.299479 0.619141 0.300781 0.624023 0.300781 0.625000 0.302083 0.626953 0.302083 0.627930 0.303385 0.631836 0.303385 0.632812 0.304688 0.636719 0.304688 0.637695 0.303385 0.639648 0.303385 0.644531 0.296875 0.644531 0.295573 0.645508 0.294271 0.645508 0.291667 0.647461 0.287760 0.647461 0.274740 0.646484 0.273438
0 0.649414 0.260417 0.648438 0.261719 0.648438 0.264323 0.647461 0.265625 0.647461 0.273438 0.648438 0.274740 0.648438 0.283854 0.649414 0.285156 0.649414 0.287760 0.653320 0.292969 0.653320 0.294271 0.654297 0.295573 0.658203 0.295573 0.659180 0.294271 0.665039 0.294271 0.666016 0.292969 0.667969 0.292969 0.671875 0.287760 0.671875 0.286458 0.672852 0.285156 0.672852 0.282552 0.673828 0.281250 0.673828 0.273438 0.672852 0.272135 0.672852 0.266927 0.671875 0.265625 0.671875 0.264323 0.670898 0.264323 0.668945 0.261719 0.667969 0.261719 0.665039 0.259115 0.663086 0.259115 0.662109 0.257812 0.654297 0.257812 0.653320 0.259115 0.651367 0.259115 0.650391 0.260417
0 0.698242 0.239583 0.695312 0.239583 0.694336 0.240885 0.693359 0.240885 0.689453 0.246094 0.688477 0.246094 0.682617 0.253906 0.682617 0.255208 0.681641 0.256510 0.681641 0.259115 0.680664 0.260417 0.680664 0.268229 0.681641 0.269531 0.681641 0.270833 0.683594 0.273438 0.683594 0.276042 0.686523 0.279948 0.687500 0.279948 0.689453 0.282552 0.691406 0.282552 0.692383 0.283854 0.693359 0.283854 0.694336 0.282552 0.696289 0.282552 0.697266 0.281250 0.698242 0.281250 0.702148 0.276042 0.703125 0.276042 0.706055 0.272135 0.706055 0.269531 0.707031 0.268229 0.707031 0.264323 0.708008 0.263021 0.708008 0.251302 0.707031 0.250000 0.707031 0.248698 0.704102 0.244792 0.704102 0.243490 0.703125 0.243490 0.701172 0.240885 0.699219 0.240885
0 0.603516 0.291667 0.596680 0.291667 0.595703 0.292969 0.594727 0.291667 0.586914 0.291667 0.585938 0.292969 0.584961 0.292969 0.584961 0.294271 0.583984 0.295573 0.583008 0.299479 0.581055 0.302083 0.581055 0.304688 0.580078 0.305990 0.580078 0.308594 0.579102 0.309896 0.579102 0.313802 0.578125 0.315104 0.578125 0.325521 0.580078 0.328125 0.580078 0.329427 0.581055 0.330729 0.581055 0.333333 0.583008 0.335938 0.587891 0.335938 0.588867 0.337240 0.591797 0.337240 0.594727 0.339844 0.595703 0.338542 0.598633 0.337240 0.599609 0.335938 0.599609 0.334635 0.601562 0.332031 0.601562 0.330729 0.603516 0.326823 0.603516 0.324219 0.604492 0.322917 0.604492 0.320312 0.605469 0.319010 0.605469 0.316406 0.606445 0.315104 0.606445 0.312500 0.607422 0.311198 0.607422 0.299479 0.606445 0.298177 0.605469 0.294271
0 0.622070 0.303385 0.619141 0.303385 0.618164 0.304688 0.616211 0.304688 0.614258 0.307292 0.613281 0.307292 0.611328 0.309896 0.610352 0.309896 0.610352 0.311198 0.609375 0.312500 0.609375 0.315104 0.608398 0.316406 0.608398 0.321615 0.607422 0.322917 0.607422 0.325521 0.608398 0.326823 0.608398 0.333333 0.609375 0.334635 0.609375 0.335938 0.613281 0.341146 0.615234 0.341146 0.618164 0.343750 0.619141 0.343750 0.622070 0.341146 0.625000 0.341146 0.625977 0.339844 0.627930 0.339844 0.628906 0.338542 0.629883 0.338542 0.632812 0.335938 0.634766 0.335938 0.635742 0.334635 0.638672 0.333333 0.638672 0.332031 0.639648 0.330729 0.639648 0.325521 0.638672 0.324219 0.638672 0.321615 0.637695 0.320312 0.637695 0.319010 0.636719 0.317708 0.635742 0.313802 0.633789 0.311198 0.633789 0.309896 0.632812 0.309896 0.631836 0.308594 0.630859 0.308594 0.629883 0.307292 0.628906 0.307292 0.625977 0.304688 0.623047 0.304688
0 0.666016 0.298177 0.664062 0.298177 0.663086 0.296875 0.660156 0.296875 0.659180 0.298177 0.653320 0.298177 0.650391 0.300781 0.647461 0.300781 0.646484 0.302083 0.644531 0.302083 0.642578 0.304688 0.641602 0.304688 0.638672 0.308594 0.638672 0.319010 0.639648 0.320312 0.639648 0.322917 0.640625 0.324219 0.640625 0.328125 0.641602 0.329427 0.641602 0.330729 0.643555 0.333333 0.651367 0.333333 0.652344 0.332031 0.658203 0.332031 0.659180 0.330729 0.660156 0.330729 0.663086 0.326823 0.664062 0.326823 0.666016 0.324219 0.666016 0.322917 0.666992 0.321615 0.666992 0.317708 0.667969 0.316406 0.667969 0.303385 0.666992 0.302083 0.666992 0.299479
0 0.680664 0.283854 0.676758 0.289062 0.675781 0.289062 0.675781 0.290365 0.673828 0.292969 0.673828 0.294271 0.671875 0.298177 0.671875 0.307292 0.672852 0.308594 0.672852 0.313802 0.673828 0.315104 0.675781 0.315104 0.676758 0.316406 0.677734 0.316406 0.681641 0.321615 0.682617 0.321615 0.683594 0.322917 0.685547 0.322917 0.688477 0.325521 0.689453 0.325521 0.690430 0.324219 0.692383 0.324219 0.693359 0.322917 0.695312 0.322917 0.696289 0.321615 0.697266 0.321615 0.699219 0.317708 0.699219 0.311198 0.700195 0.309896 0.700195 0.298177 0.699219 0.296875 0.699219 0.294271 0.696289 0.290365 0.695312 0.290365 0.694336 0.289062 0.692383 0.289062 0.691406 0.287760 0.690430 0.287760 0.689453 0.286458 0.688477 0.286458 0.685547 0.283854
0 0.702148 0.278646 0.700195 0.281250 0.700195 0.283854 0.699219 0.285156 0.699219 0.287760 0.698242 0.289062 0.699219 0.290365 0.699219 0.291667 0.700195 0.292969 0.700195 0.295573 0.701172 0.296875 0.701172 0.307292 0.702148 0.308594 0.704102 0.308594 0.705078 0.309896 0.708008 0.309896 0.710938 0.312500 0.712891 0.312500 0.713867 0.313802 0.714844 0.313802 0.715820 0.315104 0.716797 0.315104 0.720703 0.309896 0.720703 0.308594 0.723633 0.304688 0.723633 0.300781 0.724609 0.299479 0.724609 0.296875 0.725586 0.295573 0.725586 0.289062 0.724609 0.287760 0.724609 0.285156 0.723633 0.283854 0.723633 0.282552 0.719727 0.277344 0.718750 0.277344 0.717773 0.276042 0.711914 0.276042 0.710938 0.277344 0.705078 0.277344 0.704102 0.278646
0 0.745117 0.299479 0.748047 0.303385 0.748047 0.304688 0.747070 0.305990 0.746094 0.305990 0.744141 0.308594 0.744141 0.309896 0.743164 0.311198 0.743164 0.313802 0.742188 0.315104 0.742188 0.317708 0.741211 0.319010 0.744141 0.319010 0.745117 0.317708 0.749023 0.317708 0.750000 0.319010 0.750977 0.319010 0.755859 0.325521 0.755859 0.326823 0.759766 0.326823 0.760742 0.328125 0.762695 0.328125 0.763672 0.329427 0.766602 0.329427 0.767578 0.328125 0.771484 0.328125 0.773438 0.325521 0.773438 0.324219 0.776367 0.317708 0.776367 0.311198 0.775391 0.309896 0.775391 0.305990 0.774414 0.304688 0.774414 0.302083 0.770508 0.294271 0.769531 0.294271 0.768555 0.292969 0.766602 0.292969 0.765625 0.291667 0.761719 0.291667 0.760742 0.292969 0.754883 0.292969 0.753906 0.294271 0.751953 0.294271 0.750000 0.296875 0.748047 0.296875
0 0.530273 0.313802 0.524414 0.313802 0.523438 0.315104 0.520508 0.316406 0.518555 0.319010 0.517578 0.319010 0.515625 0.321615 0.514648 0.321615 0.511719 0.325521 0.511719 0.326823 0.508789 0.330729 0.508789 0.337240 0.509766 0.338542 0.510742 0.342448 0.512695 0.345052 0.512695 0.350260 0.513672 0.351562 0.514648 0.351562 0.515625 0.352865 0.516602 0.352865 0.519531 0.355469 0.525391 0.355469 0.526367 0.354167 0.528320 0.354167 0.529297 0.352865 0.532227 0.351562 0.536133 0.346354 0.537109 0.346354 0.540039 0.342448 0.541016 0.342448 0.541016 0.341146 0.541992 0.339844 0.541992 0.333333 0.541016 0.332031 0.541016 0.330729 0.539062 0.328125 0.539062 0.326823 0.537109 0.324219 0.537109 0.322917
0 0.505859 0.360677 0.500977 0.367188 0.500977 0.369792 0.500000 0.371094 0.500000 0.372396 0.498047 0.376302 0.498047 0.380208 0.499023 0.381510 0.499023 0.384115 0.500977 0.386719 0.502930 0.386719 0.503906 0.388021 0.504883 0.388021 0.507812 0.390625 0.512695 0.390625 0.513672 0.391927 0.516602 0.391927 0.517578 0.393229 0.521484 0.393229 0.522461 0.391927 0.524414 0.391927 0.528320 0.386719 0.528320 0.385417 0.529297 0.384115 0.529297 0.378906 0.530273 0.377604 0.530273 0.375000 0.529297 0.373698 0.529297 0.371094 0.521484 0.360677 0.520508 0.360677 0.519531 0.359375 0.518555 0.359375 0.516602 0.356771 0.512695 0.356771 0.511719 0.358073 0.509766 0.358073 0.507812 0.360677
0 0.535156 0.356771 0.535156 0.359375 0.534180 0.360677 0.534180 0.368490 0.535156 0.369792 0.535156 0.371094 0.536133 0.372396 0.536133 0.373698 0.538086 0.376302 0.540039 0.376302 0.541016 0.377604 0.557617 0.377604 0.558594 0.376302 0.565430 0.376302 0.568359 0.373698 0.568359 0.364583 0.567383 0.363281 0.567383 0.360677 0.565430 0.356771 0.565430 0.354167 0.564453 0.352865 0.564453 0.350260 0.561523 0.346354 0.542969 0.346354 0.541992 0.347656 0.541016 0.347656 0.540039 0.348958 0.539062 0.348958
0 0.593750 0.341146 0.591797 0.341146 0.590820 0.339844 0.584961 0.339844 0.583984 0.341146 0.583008 0.341146 0.580078 0.343750 0.575195 0.343750 0.574219 0.345052 0.570312 0.345052 0.566406 0.350260 0.566406 0.352865 0.567383 0.354167 0.567383 0.358073 0.568359 0.359375 0.568359 0.363281 0.569336 0.364583 0.569336 0.368490 0.570312 0.369792 0.570312 0.371094 0.571289 0.372396 0.571289 0.375000 0.572266 0.376302 0.573242 0.376302 0.576172 0.378906 0.585938 0.378906 0.586914 0.377604 0.587891 0.377604 0.590820 0.375000 0.590820 0.373698 0.592773 0.369792 0.592773 0.367188 0.593750 0.365885 0.593750 0.363281 0.594727 0.361979 0.594727 0.358073 0.595703 0.356771 0.595703 0.355469 0.594727 0.354167 0.594727 0.342448
0 0.598633 0.359375 0.597656 0.360677 0.596680 0.360677 0.594727 0.364583 0.594727 0.376302 0.593750 0.377604 0.593750 0.385417 0.594727 0.386719 0.594727 0.388021 0.595703 0.389323 0.596680 0.393229 0.598633 0.395833 0.600586 0.395833 0.601562 0.397135 0.603516 0.397135 0.604492 0.398438 0.606445 0.398438 0.607422 0.399740 0.609375 0.399740 0.610352 0.401042 0.611328 0.401042 0.612305 0.399740 0.614258 0.399740 0.616211 0.397135 0.619141 0.395833 0.620117 0.394531 0.620117 0.391927 0.621094 0.390625 0.621094 0.381510 0.622070 0.380208 0.622070 0.372396 0.621094 0.371094 0.621094 0.368490 0.620117 0.367188 0.619141 0.363281 0.616211 0.359375 0.615234 0.359375 0.614258 0.358073 0.611328 0.358073 0.610352 0.356771 0.606445 0.356771 0.605469 0.358073 0.601562 0.358073 0.600586 0.359375
0 0.641602 0.365885 0.640625 0.367188 0.638672 0.367188 0.637695 0.368490 0.635742 0.368490 0.634766 0.369792 0.631836 0.371094 0.627930 0.376302 0.626953 0.376302 0.625000 0.380208 0.625000 0.385417 0.625977 0.386719 0.625977 0.390625 0.627930 0.393229 0.629883 0.393229 0.639648 0.406250 0.640625 0.406250 0.641602 0.407552 0.646484 0.407552 0.647461 0.406250 0.649414 0.406250 0.651367 0.403646 0.652344 0.403646 0.652344 0.402344 0.656250 0.397135 0.656250 0.394531 0.657227 0.393229 0.657227 0.389323 0.658203 0.388021 0.658203 0.380208 0.657227 0.380208 0.655273 0.377604 0.653320 0.377604 0.648438 0.371094 0.648438 0.369792 0.647461 0.369792 0.645508 0.367188 0.644531 0.367188 0.643555 0.365885
0 0.650391 0.337240 0.648438 0.339844 0.647461 0.339844 0.645508 0.342448 0.644531 0.342448 0.642578 0.345052 0.642578 0.348958 0.641602 0.350260 0.641602 0.351562 0.643555 0.355469 0.643555 0.361979 0.651367 0.372396 0.652344 0.372396 0.654297 0.375000 0.662109 0.375000 0.663086 0.373698 0.665039 0.373698 0.669922 0.367188 0.669922 0.358073 0.667969 0.355469 0.667969 0.354167 0.666016 0.350260 0.666016 0.347656 0.665039 0.346354 0.665039 0.345052 0.664062 0.343750 0.664062 0.342448 0.660156 0.337240 0.659180 0.337240 0.658203 0.335938 0.654297 0.335938 0.653320 0.337240
0 0.666016 0.329427 0.666016 0.332031 0.666992 0.333333 0.666992 0.337240 0.666016 0.338542 0.666016 0.346354 0.666992 0.347656 0.666992 0.350260 0.668945 0.352865 0.668945 0.354167 0.670898 0.356771 0.678711 0.356771 0.679688 0.358073 0.689453 0.358073 0.690430 0.356771 0.692383 0.356771 0.692383 0.355469 0.693359 0.354167 0.693359 0.341146 0.692383 0.339844 0.692383 0.338542 0.691406 0.337240 0.691406 0.335938 0.682617 0.324219 0.675781 0.324219 0.674805 0.325521 0.671875 0.325521 0.670898 0.326823 0.669922 0.326823 0.667969 0.329427
0 0.696289 0.335938 0.695312 0.337240 0.695312 0.346354 0.696289 0.347656 0.696289 0.355469 0.702148 0.355469 0.703125 0.356771 0.704102 0.356771 0.708008 0.361979 0.708008 0.363281 0.708984 0.364583 0.708984 0.365885 0.710938 0.368490 0.710938 0.369792 0.713867 0.373698 0.719727 0.373698 0.720703 0.372396 0.721680 0.372396 0.725586 0.367188 0.725586 0.365885 0.724609 0.364583 0.724609 0.359375 0.723633 0.358073 0.723633 0.350260 0.721680 0.347656 0.721680 0.346354 0.719727 0.343750 0.719727 0.342448 0.717773 0.338542 0.716797 0.338542 0.715820 0.337240 0.713867 0.337240 0.712891 0.335938 0.708984 0.335938 0.708008 0.334635 0.704102 0.334635 0.703125 0.335938
0 0.751953 0.321615 0.750977 0.321615 0.750000 0.320312 0.745117 0.320312 0.744141 0.321615 0.740234 0.321615 0.739258 0.322917 0.737305 0.322917 0.736328 0.324219 0.733398 0.324219 0.732422 0.325521 0.729492 0.326823 0.727539 0.329427 0.723633 0.329427 0.720703 0.335938 0.720703 0.341146 0.723633 0.345052 0.723633 0.346354 0.725586 0.350260 0.725586 0.352865 0.727539 0.355469 0.728516 0.355469 0.731445 0.359375 0.732422 0.359375 0.734375 0.361979 0.742188 0.361979 0.745117 0.358073 0.746094 0.358073 0.747070 0.356771 0.748047 0.356771 0.750000 0.354167 0.750977 0.354167 0.755859 0.347656 0.755859 0.345052 0.756836 0.343750 0.756836 0.339844 0.755859 0.338542 0.755859 0.335938 0.754883 0.334635 0.754883 0.326823 0.753906 0.325521 0.753906 0.324219
0 0.790039 0.319010 0.788086 0.319010 0.787109 0.317708 0.778320 0.317708 0.775391 0.321615 0.775391 0.322917 0.774414 0.324219 0.774414 0.325521 0.771484 0.329427 0.770508 0.329427 0.767578 0.333333 0.766602 0.333333 0.763672 0.337240 0.763672 0.346354 0.764648 0.347656 0.764648 0.348958 0.769531 0.355469 0.770508 0.355469 0.771484 0.356771 0.784180 0.356771 0.785156 0.355469 0.786133 0.355469 0.787109 0.354167 0.788086 0.354167 0.791992 0.348958 0.791992 0.347656 0.795898 0.342448 0.795898 0.335938 0.794922 0.334635 0.794922 0.332031 0.793945 0.330729 0.793945 0.329427 0.791992 0.325521 0.791992 0.322917
0 0.763672 0.351562 0.760742 0.351562 0.759766 0.350260 0.754883 0.350260 0.750000 0.356771 0.747070 0.358073 0.745117 0.360677 0.744141 0.364583 0.742188 0.367188 0.742188 0.368490 0.739258 0.372396 0.739258 0.378906 0.740234 0.380208 0.740234 0.381510 0.742188 0.384115 0.742188 0.385417 0.745117 0.389323 0.746094 0.393229 0.747070 0.393229 0.748047 0.394531 0.751953 0.394531 0.752930 0.393229 0.754883 0.393229 0.755859 0.391927 0.756836 0.391927 0.758789 0.389323 0.759766 0.389323 0.762695 0.385417 0.763672 0.385417 0.765625 0.382812 0.766602 0.378906 0.769531 0.375000 0.769531 0.373698 0.770508 0.372396 0.770508 0.364583 0.769531 0.363281 0.769531 0.360677 0.767578 0.358073 0.767578 0.356771
0 0.801758 0.326823 0.801758 0.328125 0.800781 0.329427 0.800781 0.333333 0.799805 0.334635 0.799805 0.335938 0.801758 0.339844 0.802734 0.339844 0.804688 0.337240 0.807617 0.337240 0.808594 0.335938 0.817383 0.335938 0.818359 0.337240 0.820312 0.337240 0.823242 0.341146 0.823242 0.342448 0.824219 0.343750 0.824219 0.346354 0.825195 0.347656 0.825195 0.351562 0.826172 0.352865 0.826172 0.354167 0.833008 0.354167 0.835938 0.350260 0.835938 0.348958 0.836914 0.347656 0.836914 0.343750 0.837891 0.342448 0.837891 0.334635 0.836914 0.333333 0.836914 0.332031 0.835938 0.330729 0.834961 0.330729 0.833984 0.329427 0.831055 0.328125 0.829102 0.325521 0.828125 0.325521 0.827148 0.324219 0.825195 0.324219 0.822266 0.321615 0.816406 0.321615 0.815430 0.320312 0.813477 0.320312 0.812500 0.321615 0.809570 0.321615 0.808594 0.322917 0.805664 0.322917 0.804688 0.324219 0.803711 0.324219
0 0.818359 0.337240 0.807617 0.337240 0.806641 0.338542 0.804688 0.338542 0.802734 0.341146 0.801758 0.341146 0.798828 0.345052 0.798828 0.350260 0.797852 0.351562 0.797852 0.358073 0.798828 0.359375 0.798828 0.360677 0.799805 0.361979 0.799805 0.363281 0.801758 0.365885 0.801758 0.367188 0.802734 0.368490 0.802734 0.369792 0.803711 0.371094 0.803711 0.372396 0.805664 0.375000 0.806641 0.375000 0.807617 0.373698 0.810547 0.373698 0.812500 0.371094 0.815430 0.371094 0.816406 0.369792 0.817383 0.369792 0.818359 0.368490 0.819336 0.368490 0.820312 0.367188 0.821289 0.367188 0.821289 0.365885 0.823242 0.361979 0.823242 0.359375 0.825195 0.356771 0.825195 0.351562 0.824219 0.350260 0.824219 0.346354 0.823242 0.345052 0.823242 0.343750 0.822266 0.342448 0.822266 0.341146 0.820312 0.338542 0.819336 0.338542
0 0.841797 0.363281 0.840820 0.363281 0.839844 0.361979 0.837891 0.361979 0.836914 0.360677 0.834961 0.360677 0.833984 0.359375 0.832031 0.359375 0.829102 0.356771 0.828125 0.356771 0.827148 0.358073 0.825195 0.358073 0.825195 0.359375 0.824219 0.360677 0.824219 0.361979 0.823242 0.363281 0.823242 0.364583 0.822266 0.365885 0.822266 0.367188 0.819336 0.369792 0.819336 0.371094 0.817383 0.373698 0.817383 0.375000 0.816406 0.376302 0.816406 0.388021 0.817383 0.389323 0.817383 0.390625 0.818359 0.391927 0.819336 0.391927 0.820312 0.393229 0.822266 0.393229 0.823242 0.394531 0.831055 0.394531 0.832031 0.393229 0.833984 0.393229 0.836914 0.389323 0.837891 0.389323 0.837891 0.388021 0.842773 0.381510 0.842773 0.380208 0.844727 0.377604 0.844727 0.367188
0 0.793945 0.381510 0.791992 0.381510 0.791016 0.380208 0.789062 0.380208 0.788086 0.378906 0.786133 0.378906 0.785156 0.377604 0.783203 0.377604 0.782227 0.376302 0.774414 0.376302 0.771484 0.380208 0.770508 0.380208 0.769531 0.381510 0.769531 0.382812 0.765625 0.388021 0.765625 0.414062 0.766602 0.415365 0.766602 0.419271 0.768555 0.419271 0.770508 0.421875 0.771484 0.421875 0.772461 0.423177 0.776367 0.423177 0.777344 0.421875 0.778320 0.421875 0.780273 0.419271 0.783203 0.417969 0.785156 0.415365 0.786133 0.415365 0.787109 0.414062 0.787109 0.412760 0.789062 0.410156 0.789062 0.408854 0.791992 0.404948 0.791992 0.403646 0.794922 0.399740 0.794922 0.398438 0.795898 0.397135 0.795898 0.384115
0 0.731445 0.368490 0.730469 0.368490 0.729492 0.367188 0.726562 0.367188 0.725586 0.368490 0.724609 0.368490 0.720703 0.373698 0.718750 0.373698 0.717773 0.375000 0.714844 0.375000 0.712891 0.377604 0.712891 0.378906 0.711914 0.380208 0.711914 0.385417 0.710938 0.386719 0.710938 0.389323 0.711914 0.390625 0.711914 0.391927 0.712891 0.393229 0.712891 0.394531 0.713867 0.395833 0.713867 0.397135 0.715820 0.399740 0.716797 0.399740 0.717773 0.401042 0.723633 0.401042 0.724609 0.399740 0.725586 0.399740 0.728516 0.395833 0.729492 0.395833 0.732422 0.391927 0.732422 0.390625 0.734375 0.388021 0.734375 0.386719 0.736328 0.384115 0.736328 0.382812 0.737305 0.381510 0.736328 0.380208 0.736328 0.377604 0.735352 0.376302 0.735352 0.375000 0.733398 0.372396 0.733398 0.371094
0 0.695312 0.356771 0.692383 0.359375 0.692383 0.360677 0.691406 0.361979 0.691406 0.363281 0.690430 0.364583 0.689453 0.368490 0.683594 0.376302 0.683594 0.378906 0.682617 0.380208 0.682617 0.388021 0.683594 0.389323 0.683594 0.393229 0.684570 0.394531 0.684570 0.399740 0.686523 0.402344 0.689453 0.402344 0.690430 0.403646 0.693359 0.403646 0.696289 0.406250 0.699219 0.406250 0.700195 0.404948 0.703125 0.403646 0.703125 0.402344 0.705078 0.399740 0.706055 0.395833 0.708008 0.393229 0.708008 0.391927 0.709961 0.388021 0.709961 0.385417 0.710938 0.384115 0.710938 0.378906 0.711914 0.377604 0.711914 0.375000 0.710938 0.373698 0.710938 0.371094 0.709961 0.369792 0.709961 0.368490 0.708008 0.365885 0.708008 0.364583 0.704102 0.359375 0.700195 0.359375 0.698242 0.356771
0 0.679688 0.378906 0.675781 0.378906 0.674805 0.380208 0.672852 0.380208 0.671875 0.381510 0.668945 0.381510 0.667969 0.382812 0.666016 0.382812 0.665039 0.384115 0.663086 0.384115 0.660156 0.386719 0.660156 0.388021 0.658203 0.390625 0.658203 0.394531 0.657227 0.395833 0.657227 0.399740 0.655273 0.403646 0.655273 0.408854 0.658203 0.412760 0.660156 0.412760 0.661133 0.414062 0.664062 0.414062 0.665039 0.412760 0.673828 0.412760 0.673828 0.411458 0.677734 0.406250 0.677734 0.404948 0.680664 0.401042 0.680664 0.399740 0.681641 0.398438 0.681641 0.395833 0.682617 0.394531 0.682617 0.390625 0.681641 0.389323 0.681641 0.384115 0.680664 0.382812 0.680664 0.380208
0 0.552734 0.380208 0.544922 0.380208 0.543945 0.381510 0.541992 0.381510 0.541016 0.382812 0.540039 0.382812 0.537109 0.385417 0.535156 0.385417 0.532227 0.388021 0.532227 0.397135 0.531250 0.398438 0.531250 0.404948 0.532227 0.406250 0.532227 0.407552 0.538086 0.415365 0.540039 0.415365 0.541016 0.416667 0.542969 0.416667 0.543945 0.417969 0.548828 0.417969 0.549805 0.416667 0.552734 0.416667 0.553711 0.415365 0.554688 0.415365 0.556641 0.412760 0.557617 0.412760 0.560547 0.408854 0.560547 0.406250 0.559570 0.404948 0.559570 0.393229 0.558594 0.391927 0.558594 0.386719 0.554688 0.381510 0.553711 0.381510
0 0.583008 0.385417 0.579102 0.385417 0.578125 0.386719 0.574219 0.386719 0.571289 0.389323 0.569336 0.389323 0.568359 0.390625 0.567383 0.390625 0.566406 0.391927 0.565430 0.391927 0.562500 0.395833 0.562500 0.408854 0.563477 0.410156 0.563477 0.412760 0.565430 0.415365 0.565430 0.416667 0.567383 0.419271 0.567383 0.420573 0.569336 0.423177 0.570312 0.423177 0.571289 0.424479 0.574219 0.424479 0.575195 0.425781 0.579102 0.425781 0.580078 0.424479 0.583008 0.424479 0.587891 0.417969 0.587891 0.414062 0.588867 0.412760 0.588867 0.408854 0.589844 0.407552 0.589844 0.404948 0.590820 0.403646 0.590820 0.399740 0.591797 0.398438 0.591797 0.391927 0.590820 0.390625 0.589844 0.390625 0.587891 0.388021 0.586914 0.388021 0.585938 0.386719 0.583984 0.386719
0 0.630859 0.394531 0.629883 0.394531 0.628906 0.395833 0.625000 0.395833 0.624023 0.397135 0.618164 0.397135 0.614258 0.402344 0.613281 0.402344 0.612305 0.403646 0.612305 0.406250 0.611328 0.407552 0.611328 0.414062 0.613281 0.417969 0.613281 0.423177 0.614258 0.424479 0.614258 0.427083 0.615234 0.428385 0.615234 0.430990 0.616211 0.432292 0.616211 0.436198 0.615234 0.437500 0.615234 0.438802 0.616211 0.440104 0.623047 0.440104 0.624023 0.438802 0.625977 0.438802 0.627930 0.436198 0.628906 0.436198 0.633789 0.429688 0.634766 0.429688 0.634766 0.428385 0.639648 0.421875 0.639648 0.420573 0.640625 0.419271 0.640625 0.415365 0.641602 0.414062 0.641602 0.412760 0.640625 0.411458 0.639648 0.407552 0.634766 0.401042 0.634766 0.399740
0 0.659180 0.419271 0.658203 0.420573 0.658203 0.424479 0.657227 0.425781 0.657227 0.436198 0.659180 0.440104 0.659180 0.449219 0.660156 0.449219 0.661133 0.450521 0.671875 0.450521 0.672852 0.451823 0.678711 0.451823 0.684570 0.444010 0.684570 0.441406 0.685547 0.440104 0.685547 0.427083 0.684570 0.425781 0.684570 0.421875 0.683594 0.420573 0.682617 0.420573 0.681641 0.419271 0.679688 0.419271 0.678711 0.417969 0.676758 0.417969 0.675781 0.416667 0.673828 0.416667 0.672852 0.415365 0.666016 0.415365 0.665039 0.416667 0.664062 0.416667 0.661133 0.419271
0 0.716797 0.417969 0.715820 0.417969 0.712891 0.415365 0.710938 0.415365 0.709961 0.414062 0.708008 0.414062 0.707031 0.412760 0.702148 0.412760 0.701172 0.414062 0.699219 0.414062 0.698242 0.415365 0.696289 0.415365 0.695312 0.416667 0.694336 0.416667 0.693359 0.417969 0.692383 0.417969 0.691406 0.419271 0.688477 0.420573 0.686523 0.424479 0.686523 0.428385 0.687500 0.429688 0.687500 0.446615 0.690430 0.450521 0.691406 0.450521 0.693359 0.453125 0.703125 0.453125 0.704102 0.454427 0.705078 0.453125 0.707031 0.453125 0.708984 0.450521 0.708984 0.449219 0.709961 0.447917 0.709961 0.446615 0.710938 0.445312 0.711914 0.441406 0.713867 0.438802 0.713867 0.437500 0.714844 0.436198 0.714844 0.434896 0.715820 0.433594 0.715820 0.432292 0.717773 0.428385 0.717773 0.420573 0.716797 0.419271
0 0.733398 0.403646 0.734375 0.404948 0.734375 0.407552 0.736328 0.410156 0.736328 0.411458 0.737305 0.412760 0.737305 0.414062 0.735352 0.417969 0.735352 0.424479 0.737305 0.427083 0.738281 0.427083 0.739258 0.428385 0.741211 0.428385 0.742188 0.429688 0.743164 0.429688 0.744141 0.430990 0.745117 0.430990 0.748047 0.433594 0.752930 0.433594 0.753906 0.432292 0.755859 0.432292 0.757812 0.429688 0.758789 0.429688 0.761719 0.425781 0.761719 0.424479 0.763672 0.420573 0.763672 0.412760 0.754883 0.401042 0.752930 0.401042 0.751953 0.399740 0.750977 0.399740 0.750000 0.398438 0.748047 0.398438 0.747070 0.397135 0.743164 0.397135 0.742188 0.398438 0.741211 0.398438 0.740234 0.399740 0.739258 0.399740 0.737305 0.402344 0.735352 0.402344 0.734375 0.403646
0 0.829102 0.404948 0.828125 0.404948 0.827148 0.403646 0.825195 0.403646 0.824219 0.402344 0.822266 0.402344 0.821289 0.401042 0.817383 0.401042 0.816406 0.402344 0.815430 0.402344 0.811523 0.407552 0.810547 0.407552 0.809570 0.408854 0.804688 0.408854 0.803711 0.410156 0.800781 0.410156 0.798828 0.412760 0.798828 0.414062 0.796875 0.417969 0.796875 0.424479 0.797852 0.425781 0.797852 0.432292 0.796875 0.433594 0.798828 0.436198 0.800781 0.436198 0.801758 0.437500 0.811523 0.437500 0.814453 0.434896 0.816406 0.434896 0.820312 0.429688 0.822266 0.429688 0.823242 0.428385 0.824219 0.428385 0.827148 0.424479 0.827148 0.423177 0.828125 0.421875 0.828125 0.419271 0.829102 0.417969
0 0.785156 0.438802 0.783203 0.441406 0.783203 0.442708 0.781250 0.446615 0.781250 0.449219 0.780273 0.450521 0.780273 0.466146 0.781250 0.467448 0.781250 0.470052 0.783203 0.472656 0.785156 0.472656 0.786133 0.473958 0.798828 0.473958 0.799805 0.472656 0.801758 0.472656 0.802734 0.471354 0.803711 0.471354 0.804688 0.470052 0.805664 0.470052 0.806641 0.468750 0.806641 0.467448 0.808594 0.463542 0.808594 0.458333 0.807617 0.457031 0.807617 0.454427 0.806641 0.453125 0.806641 0.450521 0.805664 0.449219 0.805664 0.445312 0.804688 0.444010 0.804688 0.442708 0.802734 0.440104 0.799805 0.440104 0.798828 0.438802 0.796875 0.438802 0.795898 0.437500 0.789062 0.437500 0.788086 0.438802
0 0.753906 0.438802 0.750000 0.446615 0.750000 0.451823 0.750977 0.453125 0.750977 0.462240 0.752930 0.464844 0.753906 0.464844 0.754883 0.466146 0.755859 0.466146 0.756836 0.467448 0.757812 0.467448 0.760742 0.470052 0.762695 0.470052 0.765625 0.472656 0.770508 0.472656 0.771484 0.471354 0.773438 0.471354 0.774414 0.470052 0.775391 0.470052 0.777344 0.467448 0.777344 0.466146 0.778320 0.464844 0.778320 0.457031 0.779297 0.455729 0.778320 0.454427 0.778320 0.451823 0.774414 0.446615 0.773438 0.446615 0.770508 0.442708 0.768555 0.442708 0.767578 0.441406 0.765625 0.441406 0.764648 0.440104 0.761719 0.440104 0.760742 0.438802
0 0.719727 0.429688 0.717773 0.433594 0.717773 0.437500 0.716797 0.438802 0.716797 0.445312 0.717773 0.446615 0.717773 0.449219 0.718750 0.450521 0.720703 0.450521 0.724609 0.455729 0.725586 0.455729 0.727539 0.458333 0.727539 0.459635 0.729492 0.462240 0.730469 0.466146 0.732422 0.468750 0.733398 0.467448 0.735352 0.467448 0.736328 0.466146 0.737305 0.466146 0.741211 0.460938 0.741211 0.459635 0.743164 0.457031 0.744141 0.453125 0.746094 0.450521 0.746094 0.449219 0.747070 0.447917 0.747070 0.446615 0.749023 0.442708 0.749023 0.437500 0.748047 0.436198 0.748047 0.434896 0.746094 0.434896 0.745117 0.433594 0.744141 0.433594 0.741211 0.430990 0.739258 0.430990 0.738281 0.429688 0.729492 0.429688 0.728516 0.428385 0.727539 0.428385 0.726562 0.429688
0 0.718750 0.450521 0.714844 0.450521 0.712891 0.453125 0.711914 0.453125 0.710938 0.454427 0.709961 0.454427 0.708008 0.457031 0.707031 0.457031 0.701172 0.464844 0.700195 0.464844 0.700195 0.484375 0.701172 0.485677 0.701172 0.486979 0.702148 0.486979 0.705078 0.490885 0.706055 0.490885 0.708008 0.493490 0.708008 0.494792 0.708984 0.496094 0.710938 0.493490 0.715820 0.493490 0.716797 0.492188 0.720703 0.492188 0.730469 0.479167 0.730469 0.477865 0.731445 0.476562 0.731445 0.468750 0.730469 0.467448 0.730469 0.466146 0.728516 0.463542 0.727539 0.459635 0.725586 0.457031 0.724609 0.457031 0.720703 0.451823 0.719727 0.451823
0 0.665039 0.470052 0.665039 0.471354 0.666992 0.475260 0.670898 0.475260 0.671875 0.476562 0.674805 0.476562 0.676758 0.479167 0.676758 0.480469 0.677734 0.481771 0.677734 0.485677 0.678711 0.486979 0.678711 0.488281 0.681641 0.492188 0.682617 0.490885 0.687500 0.490885 0.688477 0.489583 0.690430 0.489583 0.691406 0.488281 0.693359 0.488281 0.694336 0.486979 0.696289 0.486979 0.698242 0.484375 0.698242 0.477865 0.699219 0.476562 0.699219 0.475260 0.698242 0.473958 0.698242 0.467448 0.697266 0.466146 0.697266 0.463542 0.695312 0.460938 0.694336 0.457031 0.691406 0.454427 0.676758 0.454427 0.675781 0.455729 0.674805 0.455729 0.672852 0.458333 0.671875 0.458333 0.666992 0.464844 0.666992 0.466146
0 0.739258 0.470052 0.738281 0.471354 0.738281 0.472656 0.736328 0.475260 0.735352 0.475260 0.733398 0.477865 0.733398 0.479167 0.732422 0.480469 0.732422 0.483073 0.733398 0.484375 0.733398 0.489583 0.734375 0.490885 0.734375 0.493490 0.736328 0.496094 0.736328 0.498698 0.737305 0.500000 0.738281 0.503906 0.739258 0.503906 0.740234 0.505208 0.745117 0.505208 0.746094 0.506510 0.750977 0.506510 0.751953 0.507812 0.759766 0.507812 0.762695 0.503906 0.765625 0.502604 0.767578 0.500000 0.767578 0.497396 0.768555 0.496094 0.768555 0.492188 0.769531 0.490885 0.768555 0.489583 0.768555 0.481771 0.759766 0.471354 0.758789 0.471354 0.756836 0.468750 0.755859 0.468750 0.754883 0.467448 0.751953 0.467448 0.750977 0.466146 0.748047 0.466146 0.747070 0.467448 0.744141 0.467448 0.743164 0.468750 0.741211 0.468750 0.740234 0.470052
0 0.778320 0.485677 0.777344 0.486979 0.776367 0.486979 0.774414 0.489583 0.773438 0.489583 0.771484 0.492188 0.771484 0.494792 0.770508 0.496094 0.770508 0.497396 0.769531 0.498698 0.769531 0.501302 0.768555 0.502604 0.768555 0.503906 0.769531 0.505208 0.769531 0.513021 0.770508 0.514323 0.770508 0.516927 0.771484 0.518229 0.771484 0.520833 0.772461 0.522135 0.772461 0.526042 0.773438 0.527344 0.773438 0.529948 0.775391 0.532552 0.775391 0.533854 0.777344 0.536458 0.778320 0.536458 0.779297 0.537760 0.784180 0.537760 0.785156 0.536458 0.786133 0.536458 0.788086 0.533854 0.788086 0.532552 0.796875 0.520833 0.796875 0.519531 0.798828 0.515625 0.798828 0.502604 0.797852 0.501302 0.796875 0.497396 0.794922 0.494792 0.794922 0.493490 0.793945 0.492188 0.792969 0.492188 0.791992 0.490885 0.791016 0.490885 0.786133 0.486979 0.784180 0.486979 0.783203 0.485677
0 0.783203 0.476562 0.782227 0.477865 0.782227 0.479167 0.781250 0.480469 0.783203 0.483073 0.784180 0.483073 0.786133 0.485677 0.787109 0.485677 0.789062 0.488281 0.790039 0.488281 0.791016 0.489583 0.791992 0.489583 0.792969 0.490885 0.793945 0.490885 0.797852 0.496094 0.797852 0.498698 0.798828 0.500000 0.798828 0.501302 0.799805 0.502604 0.802734 0.502604 0.804688 0.500000 0.804688 0.496094 0.805664 0.494792 0.805664 0.493490 0.806641 0.492188 0.806641 0.488281 0.807617 0.486979 0.807617 0.480469 0.806641 0.479167 0.806641 0.473958 0.805664 0.472656 0.801758 0.472656 0.800781 0.473958 0.798828 0.473958 0.797852 0.475260 0.787109 0.475260 0.786133 0.476562
0 0.514648 0.414062 0.512695 0.416667 0.512695 0.417969 0.511719 0.419271 0.511719 0.420573 0.509766 0.423177 0.509766 0.425781 0.508789 0.427083 0.508789 0.437500 0.509766 0.438802 0.509766 0.441406 0.511719 0.444010 0.511719 0.445312 0.513672 0.447917 0.514648 0.447917 0.517578 0.450521 0.520508 0.450521 0.521484 0.451823 0.522461 0.450521 0.530273 0.450521 0.531250 0.449219 0.534180 0.447917 0.538086 0.442708 0.538086 0.441406 0.539062 0.440104 0.539062 0.436198 0.540039 0.434896 0.540039 0.429688 0.539062 0.428385 0.539062 0.425781 0.538086 0.424479 0.538086 0.423177 0.537109 0.421875 0.536133 0.417969 0.533203 0.414062 0.531250 0.414062 0.530273 0.412760 0.525391 0.412760 0.524414 0.411458 0.521484 0.411458 0.520508 0.412760 0.517578 0.412760 0.516602 0.414062
0 0.543945 0.424479 0.541016 0.428385 0.541016 0.432292 0.541992 0.433594 0.541992 0.438802 0.542969 0.440104 0.542969 0.442708 0.544922 0.445312 0.544922 0.446615 0.548828 0.451823 0.548828 0.453125 0.550781 0.455729 0.550781 0.457031 0.551758 0.457031 0.552734 0.458333 0.556641 0.458333 0.557617 0.459635 0.560547 0.459635 0.561523 0.458333 0.562500 0.458333 0.564453 0.455729 0.564453 0.454427 0.567383 0.450521 0.567383 0.449219 0.568359 0.447917 0.568359 0.434896 0.567383 0.433594 0.567383 0.428385 0.566406 0.427083 0.566406 0.425781 0.565430 0.424479 0.563477 0.424479 0.562500 0.423177 0.560547 0.423177 0.557617 0.420573 0.551758 0.420573 0.550781 0.421875 0.548828 0.421875 0.545898 0.424479
0 0.579102 0.432292 0.578125 0.433594 0.576172 0.433594 0.575195 0.434896 0.574219 0.434896 0.573242 0.436198 0.573242 0.437500 0.571289 0.440104 0.571289 0.444010 0.570312 0.445312 0.570312 0.450521 0.572266 0.453125 0.572266 0.454427 0.573242 0.455729 0.573242 0.457031 0.574219 0.458333 0.574219 0.459635 0.577148 0.463542 0.577148 0.464844 0.580078 0.468750 0.580078 0.470052 0.581055 0.471354 0.581055 0.472656 0.582031 0.472656 0.583008 0.473958 0.587891 0.473958 0.588867 0.472656 0.589844 0.472656 0.590820 0.471354 0.591797 0.471354 0.594727 0.467448 0.594727 0.466146 0.595703 0.464844 0.595703 0.463542 0.597656 0.459635 0.597656 0.457031 0.598633 0.455729 0.598633 0.449219 0.592773 0.441406 0.591797 0.441406 0.585938 0.433594 0.584961 0.433594 0.583984 0.432292
0 0.601562 0.446615 0.599609 0.449219 0.599609 0.453125 0.598633 0.454427 0.598633 0.458333 0.597656 0.459635 0.597656 0.462240 0.596680 0.463542 0.596680 0.471354 0.597656 0.472656 0.597656 0.473958 0.599609 0.476562 0.599609 0.477865 0.600586 0.477865 0.603516 0.480469 0.607422 0.480469 0.608398 0.481771 0.613281 0.481771 0.614258 0.480469 0.616211 0.480469 0.618164 0.477865 0.619141 0.477865 0.620117 0.476562 0.620117 0.475260 0.622070 0.471354 0.622070 0.468750 0.623047 0.467448 0.623047 0.460938 0.622070 0.459635 0.622070 0.457031 0.620117 0.454427 0.620117 0.453125 0.615234 0.446615 0.613281 0.446615 0.612305 0.445312 0.603516 0.445312 0.602539 0.446615
0 0.625000 0.457031 0.624023 0.458333 0.624023 0.467448 0.623047 0.468750 0.623047 0.476562 0.625000 0.479167 0.625000 0.480469 0.626953 0.483073 0.627930 0.483073 0.629883 0.485677 0.629883 0.486979 0.630859 0.488281 0.630859 0.489583 0.632812 0.492188 0.633789 0.492188 0.634766 0.493490 0.635742 0.493490 0.638672 0.496094 0.641602 0.496094 0.642578 0.494792 0.643555 0.494792 0.646484 0.490885 0.646484 0.489583 0.647461 0.488281 0.647461 0.486979 0.649414 0.483073 0.649414 0.476562 0.648438 0.475260 0.648438 0.473958 0.646484 0.470052 0.646484 0.467448 0.645508 0.466146 0.645508 0.464844 0.644531 0.463542 0.644531 0.462240 0.643555 0.460938 0.643555 0.459635 0.642578 0.458333 0.642578 0.457031 0.641602 0.457031 0.638672 0.454427 0.632812 0.454427 0.631836 0.455729 0.628906 0.455729 0.627930 0.457031
0 0.654297 0.479167 0.653320 0.480469 0.653320 0.483073 0.650391 0.486979 0.650391 0.489583 0.649414 0.490885 0.649414 0.493490 0.651367 0.497396 0.651367 0.502604 0.652344 0.503906 0.652344 0.506510 0.653320 0.507812 0.653320 0.509115 0.654297 0.510417 0.654297 0.511719 0.655273 0.513021 0.656250 0.516927 0.674805 0.516927 0.675781 0.515625 0.676758 0.515625 0.678711 0.513021 0.678711 0.511719 0.680664 0.507812 0.680664 0.493490 0.679688 0.492188 0.679688 0.490885 0.676758 0.486979 0.676758 0.484375 0.675781 0.483073 0.675781 0.480469 0.673828 0.477865 0.670898 0.477865 0.669922 0.476562 0.658203 0.476562 0.657227 0.477865
0 0.684570 0.505208 0.681641 0.507812 0.681641 0.510417 0.680664 0.511719 0.680664 0.514323 0.677734 0.518229 0.677734 0.528646 0.679688 0.532552 0.679688 0.537760 0.680664 0.539062 0.690430 0.539062 0.691406 0.540365 0.696289 0.540365 0.697266 0.539062 0.698242 0.539062 0.700195 0.536458 0.700195 0.535156 0.702148 0.532552 0.702148 0.531250 0.703125 0.529948 0.704102 0.529948 0.707031 0.526042 0.707031 0.524740 0.708008 0.523438 0.708008 0.519531 0.707031 0.518229 0.707031 0.516927 0.706055 0.515625 0.706055 0.514323 0.704102 0.511719 0.703125 0.511719 0.701172 0.509115 0.700195 0.509115 0.697266 0.506510 0.691406 0.506510 0.690430 0.505208
0 0.717773 0.497396 0.715820 0.500000 0.714844 0.500000 0.712891 0.502604 0.712891 0.503906 0.711914 0.505208 0.711914 0.509115 0.713867 0.513021 0.713867 0.515625 0.714844 0.516927 0.714844 0.519531 0.715820 0.520833 0.715820 0.526042 0.717773 0.528646 0.718750 0.528646 0.721680 0.532552 0.721680 0.533854 0.723633 0.536458 0.728516 0.536458 0.729492 0.535156 0.732422 0.535156 0.733398 0.533854 0.734375 0.533854 0.738281 0.528646 0.738281 0.527344 0.739258 0.526042 0.739258 0.523438 0.740234 0.522135 0.740234 0.513021 0.739258 0.511719 0.739258 0.510417 0.735352 0.505208 0.735352 0.503906 0.734375 0.502604 0.734375 0.497396 0.733398 0.496094 0.720703 0.496094 0.719727 0.497396
0 0.744141 0.516927 0.744141 0.522135 0.747070 0.519531 0.748047 0.520833 0.748047 0.528646 0.749023 0.529948 0.749023 0.533854 0.747070 0.536458 0.746094 0.536458 0.745117 0.535156 0.745117 0.528646 0.746094 0.527344 0.744141 0.524740 0.744141 0.536458 0.745117 0.537760 0.746094 0.537760 0.751953 0.545573 0.755859 0.545573 0.758789 0.548177 0.766602 0.548177 0.767578 0.546875 0.774414 0.542969 0.774414 0.541667 0.775391 0.540365 0.775391 0.537760 0.774414 0.536458 0.774414 0.533854 0.771484 0.527344 0.771484 0.524740 0.770508 0.523438 0.769531 0.516927 0.768555 0.515625 0.768555 0.514323 0.766602 0.511719 0.755859 0.511719 0.754883 0.513021 0.748047 0.513021 0.746094 0.516927
0 0.499023 0.454427 0.498047 0.455729 0.497070 0.455729 0.492188 0.462240 0.491211 0.466146 0.489258 0.468750 0.489258 0.471354 0.487305 0.473958 0.487305 0.481771 0.494141 0.490885 0.494141 0.492188 0.496094 0.494792 0.497070 0.494792 0.498047 0.496094 0.500977 0.496094 0.501953 0.497396 0.502930 0.497396 0.503906 0.496094 0.508789 0.496094 0.509766 0.494792 0.510742 0.494792 0.514648 0.489583 0.514648 0.488281 0.515625 0.486979 0.515625 0.485677 0.517578 0.481771 0.517578 0.479167 0.519531 0.476562 0.519531 0.473958 0.518555 0.472656 0.518555 0.470052 0.513672 0.463542 0.513672 0.462240 0.509766 0.455729 0.507812 0.455729 0.506836 0.454427
0 0.519531 0.496094 0.517578 0.496094 0.516602 0.494792 0.512695 0.494792 0.509766 0.497396 0.505859 0.497396 0.504883 0.498698 0.500000 0.498698 0.499023 0.500000 0.499023 0.505208 0.498047 0.506510 0.498047 0.509115 0.499023 0.510417 0.499023 0.520833 0.500000 0.522135 0.500000 0.527344 0.502930 0.531250 0.503906 0.531250 0.504883 0.532552 0.506836 0.532552 0.507812 0.533854 0.517578 0.533854 0.518555 0.532552 0.520508 0.532552 0.521484 0.531250 0.522461 0.531250 0.523438 0.529948 0.524414 0.529948 0.526367 0.527344 0.526367 0.526042 0.525391 0.524740 0.525391 0.519531 0.524414 0.518229 0.524414 0.503906 0.523438 0.502604 0.523438 0.500000 0.521484 0.497396 0.520508 0.497396
0 0.537109 0.449219 0.536133 0.450521 0.535156 0.450521 0.533203 0.453125 0.532227 0.453125 0.531250 0.454427 0.530273 0.454427 0.529297 0.455729 0.529297 0.457031 0.524414 0.463542 0.524414 0.464844 0.523438 0.466146 0.523438 0.471354 0.525391 0.475260 0.525391 0.477865 0.526367 0.479167 0.526367 0.481771 0.529297 0.485677 0.534180 0.485677 0.535156 0.486979 0.539062 0.486979 0.540039 0.488281 0.548828 0.488281 0.551758 0.484375 0.552734 0.484375 0.552734 0.483073 0.553711 0.481771 0.553711 0.473958 0.552734 0.472656 0.552734 0.470052 0.551758 0.468750 0.551758 0.464844 0.550781 0.463542 0.550781 0.460938 0.549805 0.459635 0.549805 0.458333 0.548828 0.457031 0.548828 0.454427 0.546875 0.451823 0.546875 0.450521 0.545898 0.450521 0.544922 0.449219
0 0.527344 0.497396 0.527344 0.501302 0.526367 0.502604 0.526367 0.507812 0.527344 0.509115 0.527344 0.519531 0.529297 0.523438 0.534180 0.523438 0.540039 0.528646 0.545898 0.528646 0.546875 0.527344 0.548828 0.527344 0.553711 0.522135 0.553711 0.520833 0.554688 0.519531 0.554688 0.518229 0.556641 0.514323 0.556641 0.500000 0.555664 0.498698 0.555664 0.494792 0.552734 0.494792 0.551758 0.493490 0.547852 0.493490 0.546875 0.492188 0.532227 0.492188 0.531250 0.493490 0.530273 0.493490
0 0.525391 0.531250 0.524414 0.532552 0.522461 0.532552 0.521484 0.533854 0.520508 0.533854 0.516602 0.539062 0.516602 0.552083 0.515625 0.553385 0.515625 0.557292 0.514648 0.558594 0.516602 0.562500 0.516602 0.565104 0.518555 0.567708 0.518555 0.569010 0.519531 0.570312 0.521484 0.570312 0.522461 0.571615 0.532227 0.571615 0.533203 0.570312 0.534180 0.570312 0.536133 0.567708 0.537109 0.567708 0.539062 0.565104 0.539062 0.563802 0.541992 0.559896 0.541992 0.558594 0.542969 0.557292 0.542969 0.542969 0.541992 0.541667 0.541992 0.540365 0.541016 0.539062 0.541016 0.537760 0.540039 0.537760 0.536133 0.532552 0.532227 0.532552 0.531250 0.531250
0 0.522461 0.575521 0.522461 0.576823 0.521484 0.578125 0.521484 0.580729 0.518555 0.584635 0.518555 0.589844 0.520508 0.593750 0.520508 0.596354 0.521484 0.597656 0.522461 0.601562 0.526367 0.606771 0.527344 0.606771 0.528320 0.608073 0.530273 0.608073 0.531250 0.609375 0.533203 0.609375 0.537109 0.614583 0.539062 0.614583 0.540039 0.615885 0.542969 0.614583 0.545898 0.610677 0.545898 0.609375 0.547852 0.605469 0.547852 0.602865 0.548828 0.601562 0.548828 0.597656 0.549805 0.596354 0.549805 0.595052 0.548828 0.593750 0.548828 0.585938 0.547852 0.584635 0.547852 0.582031 0.542969 0.575521 0.541992 0.575521 0.541016 0.574219 0.539062 0.574219 0.538086 0.572917 0.536133 0.572917 0.535156 0.574219 0.524414 0.574219 0.523438 0.575521
0 0.520508 0.609375 0.517578 0.613281 0.516602 0.617188 0.513672 0.621094 0.513672 0.623698 0.512695 0.625000 0.512695 0.630208 0.513672 0.631510 0.513672 0.632812 0.514648 0.634115 0.515625 0.638021 0.521484 0.645833 0.522461 0.645833 0.523438 0.647135 0.526367 0.648438 0.530273 0.653646 0.531250 0.653646 0.534180 0.656250 0.537109 0.656250 0.540039 0.652344 0.540039 0.651042 0.541992 0.647135 0.541992 0.644531 0.542969 0.643229 0.542969 0.639323 0.543945 0.638021 0.543945 0.635417 0.545898 0.631510 0.544922 0.630208 0.544922 0.626302 0.543945 0.625000 0.543945 0.623698 0.540039 0.618490 0.539062 0.618490 0.532227 0.610677 0.531250 0.610677 0.530273 0.609375 0.527344 0.609375 0.526367 0.608073 0.523438 0.608073 0.522461 0.609375
0 0.516602 0.645833 0.515625 0.647135 0.513672 0.647135 0.508789 0.653646 0.508789 0.654948 0.505859 0.658854 0.505859 0.660156 0.503906 0.662760 0.503906 0.664062 0.501953 0.667969 0.501953 0.670573 0.502930 0.671875 0.502930 0.675781 0.503906 0.677083 0.503906 0.678385 0.511719 0.688802 0.512695 0.688802 0.513672 0.690104 0.515625 0.690104 0.516602 0.691406 0.518555 0.691406 0.519531 0.692708 0.521484 0.692708 0.527344 0.684896 0.527344 0.683594 0.529297 0.680990 0.529297 0.678385 0.533203 0.671875 0.533203 0.670573 0.534180 0.669271 0.534180 0.665365 0.535156 0.664062 0.534180 0.662760 0.534180 0.660156 0.530273 0.654948 0.527344 0.653646 0.522461 0.648438 0.521484 0.648438 0.520508 0.647135 0.517578 0.647135
0 0.537109 0.666667 0.534180 0.670573 0.534180 0.671875 0.532227 0.674479 0.532227 0.675781 0.530273 0.678385 0.530273 0.679688 0.529297 0.680990 0.529297 0.682292 0.527344 0.684896 0.527344 0.686198 0.526367 0.687500 0.526367 0.688802 0.525391 0.690104 0.525391 0.691406 0.523438 0.694010 0.523438 0.695312 0.525391 0.697917 0.526367 0.697917 0.527344 0.699219 0.528320 0.699219 0.529297 0.700521 0.531250 0.700521 0.532227 0.701823 0.535156 0.701823 0.536133 0.703125 0.539062 0.703125 0.540039 0.701823 0.542969 0.701823 0.543945 0.700521 0.544922 0.700521 0.545898 0.699219 0.546875 0.699219 0.550781 0.694010 0.550781 0.692708 0.551758 0.691406 0.551758 0.688802 0.550781 0.687500 0.550781 0.684896 0.549805 0.683594 0.549805 0.682292 0.548828 0.680990 0.548828 0.678385 0.547852 0.677083 0.547852 0.675781 0.546875 0.674479 0.546875 0.673177 0.545898 0.671875 0.545898 0.670573 0.544922 0.669271 0.543945 0.669271 0.542969 0.667969 0.541016 0.667969 0.540039 0.666667
0 0.546875 0.630208 0.545898 0.631510 0.545898 0.632812 0.543945 0.635417 0.543945 0.640625 0.542969 0.641927 0.542969 0.647135 0.541992 0.648438 0.541992 0.649740 0.538086 0.654948 0.538086 0.656250 0.537109 0.657552 0.537109 0.660156 0.540039 0.664062 0.541016 0.664062 0.541992 0.665365 0.544922 0.665365 0.545898 0.666667 0.551758 0.666667 0.552734 0.665365 0.553711 0.665365 0.554688 0.664062 0.555664 0.664062 0.557617 0.661458 0.557617 0.660156 0.559570 0.657552 0.559570 0.656250 0.560547 0.654948 0.560547 0.652344 0.561523 0.651042 0.561523 0.648438 0.558594 0.644531 0.557617 0.644531 0.555664 0.641927 0.555664 0.640625 0.554688 0.639323 0.554688 0.638021 0.553711 0.636719 0.553711 0.635417 0.551758 0.632812 0.551758 0.631510 0.550781 0.630208
0 0.572266 0.608073 0.567383 0.608073 0.566406 0.609375 0.563477 0.610677 0.560547 0.614583 0.559570 0.614583 0.559570 0.615885 0.552734 0.623698 0.552734 0.626302 0.551758 0.627604 0.552734 0.628906 0.552734 0.634115 0.553711 0.635417 0.553711 0.636719 0.555664 0.639323 0.555664 0.640625 0.559570 0.645833 0.560547 0.645833 0.561523 0.647135 0.565430 0.647135 0.567383 0.644531 0.571289 0.644531 0.573242 0.641927 0.574219 0.638021 0.578125 0.632812 0.578125 0.631510 0.579102 0.630208 0.580078 0.630208 0.582031 0.632812 0.582031 0.635417 0.583008 0.636719 0.583008 0.639323 0.583008 0.636719 0.583984 0.635417 0.583984 0.627604 0.583008 0.626302 0.583984 0.625000 0.583984 0.622396 0.581055 0.619792 0.581055 0.618490 0.579102 0.614583 0.576172 0.613281
0 0.586914 0.626302 0.586914 0.632812 0.585938 0.634115 0.585938 0.638021 0.584961 0.639323 0.583984 0.643229 0.582031 0.645833 0.582031 0.647135 0.580078 0.649740 0.574219 0.649740 0.572266 0.647135 0.572266 0.645833 0.568359 0.651042 0.568359 0.654948 0.569336 0.656250 0.569336 0.657552 0.571289 0.660156 0.572266 0.660156 0.573242 0.661458 0.575195 0.661458 0.576172 0.662760 0.577148 0.662760 0.580078 0.665365 0.584961 0.665365 0.585938 0.666667 0.591797 0.666667 0.595703 0.661458 0.595703 0.658854 0.597656 0.654948 0.597656 0.649740 0.598633 0.648438 0.598633 0.643229 0.596680 0.640625 0.595703 0.636719 0.590820 0.630208 0.589844 0.630208
0 0.571289 0.674479 0.571289 0.675781 0.570312 0.677083 0.570312 0.679688 0.573242 0.683594 0.574219 0.683594 0.577148 0.686198 0.579102 0.686198 0.580078 0.687500 0.581055 0.687500 0.582031 0.688802 0.583008 0.688802 0.587891 0.695312 0.587891 0.696615 0.589844 0.699219 0.590820 0.699219 0.591797 0.700521 0.594727 0.700521 0.596680 0.697917 0.596680 0.696615 0.597656 0.695312 0.597656 0.694010 0.599609 0.690104 0.599609 0.687500 0.600586 0.686198 0.600586 0.682292 0.601562 0.680990 0.601562 0.675781 0.600586 0.674479 0.600586 0.673177 0.596680 0.667969 0.585938 0.667969 0.584961 0.666667 0.579102 0.666667 0.576172 0.670573 0.575195 0.670573 0.574219 0.671875 0.573242 0.671875
0 0.567383 0.683594 0.567383 0.684896 0.566406 0.686198 0.563477 0.687500 0.561523 0.690104 0.561523 0.691406 0.558594 0.695312 0.557617 0.695312 0.555664 0.697917 0.555664 0.703125 0.557617 0.705729 0.558594 0.705729 0.561523 0.709635 0.561523 0.714844 0.562500 0.716146 0.563477 0.716146 0.568359 0.722656 0.569336 0.722656 0.570312 0.723958 0.580078 0.723958 0.581055 0.722656 0.583984 0.721354 0.585938 0.718750 0.585938 0.717448 0.587891 0.713542 0.587891 0.707031 0.588867 0.705729 0.588867 0.700521 0.587891 0.699219 0.586914 0.695312 0.583008 0.690104 0.582031 0.690104 0.581055 0.688802 0.579102 0.688802 0.578125 0.687500 0.577148 0.687500 0.576172 0.686198 0.574219 0.686198 0.573242 0.684896 0.570312 0.684896 0.569336 0.683594
0 0.594727 0.703125 0.593750 0.704427 0.591797 0.704427 0.590820 0.705729 0.590820 0.707031 0.589844 0.708333 0.589844 0.710938 0.587891 0.714844 0.587891 0.717448 0.582031 0.725260 0.581055 0.725260 0.580078 0.726562 0.579102 0.726562 0.579102 0.727865 0.578125 0.729167 0.578125 0.735677 0.583008 0.742188 0.583008 0.743490 0.583984 0.744792 0.584961 0.744792 0.586914 0.747396 0.587891 0.747396 0.590820 0.750000 0.592773 0.750000 0.593750 0.748698 0.594727 0.748698 0.596680 0.746094 0.596680 0.744792 0.598633 0.742188 0.598633 0.740885 0.600586 0.738281 0.600586 0.736979 0.601562 0.735677 0.601562 0.734375 0.603516 0.730469 0.603516 0.727865 0.604492 0.726562 0.604492 0.722656 0.605469 0.721354 0.605469 0.712240 0.603516 0.709635 0.601562 0.709635 0.599609 0.707031 0.598633 0.707031 0.597656 0.705729 0.596680 0.705729
0 0.555664 0.718750 0.553711 0.721354 0.553711 0.723958 0.551758 0.726562 0.550781 0.726562 0.550781 0.727865 0.549805 0.729167 0.549805 0.731771 0.548828 0.733073 0.548828 0.736979 0.547852 0.738281 0.547852 0.740885 0.546875 0.742188 0.546875 0.744792 0.545898 0.746094 0.546875 0.747396 0.547852 0.751302 0.548828 0.752604 0.549805 0.752604 0.551758 0.755208 0.551758 0.756510 0.552734 0.757812 0.553711 0.757812 0.554688 0.759115 0.555664 0.759115 0.556641 0.760417 0.557617 0.760417 0.558594 0.761719 0.559570 0.761719 0.562500 0.764323 0.566406 0.764323 0.567383 0.763021 0.571289 0.763021 0.572266 0.761719 0.573242 0.757812 0.575195 0.755208 0.575195 0.752604 0.576172 0.751302 0.576172 0.739583 0.575195 0.738281 0.575195 0.736979 0.573242 0.734375 0.572266 0.730469 0.569336 0.726562 0.568359 0.726562 0.567383 0.725260 0.564453 0.725260 0.563477 0.723958 0.562500 0.723958 0.559570 0.720052 0.557617 0.720052 0.556641 0.718750
0 0.552734 0.760417 0.548828 0.760417 0.547852 0.761719 0.546875 0.761719 0.546875 0.764323 0.545898 0.765625 0.545898 0.766927 0.544922 0.768229 0.544922 0.769531 0.542969 0.772135 0.536133 0.772135 0.536133 0.774740 0.537109 0.776042 0.537109 0.777344 0.539062 0.781250 0.539062 0.789062 0.540039 0.790365 0.540039 0.791667 0.541016 0.792969 0.541016 0.794271 0.541992 0.794271 0.545898 0.799479 0.546875 0.799479 0.547852 0.800781 0.550781 0.800781 0.551758 0.799479 0.553711 0.799479 0.554688 0.798177 0.556641 0.798177 0.557617 0.796875 0.558594 0.796875 0.559570 0.795573 0.560547 0.795573 0.561523 0.794271 0.562500 0.794271 0.564453 0.791667 0.564453 0.790365 0.565430 0.789062 0.565430 0.773438 0.564453 0.772135 0.564453 0.769531 0.561523 0.765625 0.560547 0.765625 0.559570 0.764323 0.558594 0.764323 0.556641 0.761719 0.553711 0.761719
0 0.540039 0.799479 0.539062 0.800781 0.537109 0.800781 0.536133 0.802083 0.535156 0.802083 0.534180 0.803385 0.533203 0.803385 0.529297 0.808594 0.528320 0.808594 0.524414 0.813802 0.523438 0.813802 0.522461 0.815104 0.522461 0.817708 0.523438 0.819010 0.523438 0.822917 0.524414 0.824219 0.524414 0.825521 0.525391 0.826823 0.525391 0.828125 0.526367 0.829427 0.526367 0.830729 0.527344 0.830729 0.528320 0.832031 0.529297 0.832031 0.532227 0.834635 0.537109 0.834635 0.538086 0.835938 0.544922 0.835938 0.545898 0.834635 0.546875 0.834635 0.549805 0.830729 0.549805 0.829427 0.551758 0.826823 0.552734 0.826823 0.552734 0.825521 0.553711 0.824219 0.553711 0.817708 0.552734 0.816406 0.552734 0.813802 0.551758 0.812500 0.551758 0.808594 0.549805 0.805990 0.549805 0.804688 0.548828 0.803385 0.544922 0.803385 0.543945 0.802083 0.543945 0.800781 0.542969 0.800781 0.541992 0.799479
0 0.531250 0.842448 0.527344 0.847656 0.525391 0.847656 0.521484 0.852865 0.519531 0.852865 0.518555 0.851562 0.515625 0.851562 0.515625 0.856771 0.514648 0.858073 0.514648 0.861979 0.515625 0.863281 0.515625 0.865885 0.516602 0.867188 0.516602 0.873698 0.517578 0.875000 0.517578 0.876302 0.519531 0.878906 0.520508 0.878906 0.528320 0.889323 0.529297 0.889323 0.530273 0.890625 0.536133 0.890625 0.538086 0.888021 0.541016 0.886719 0.543945 0.880208 0.543945 0.875000 0.544922 0.873698 0.544922 0.869792 0.545898 0.868490 0.545898 0.859375 0.544922 0.858073 0.544922 0.854167 0.543945 0.852865 0.543945 0.850260 0.541992 0.847656 0.541992 0.846354 0.541016 0.845052 0.539062 0.845052 0.538086 0.843750 0.534180 0.843750 0.533203 0.842448
0 0.547852 0.886719 0.543945 0.886719 0.542969 0.888021 0.541992 0.888021 0.541016 0.889323 0.540039 0.889323 0.537109 0.891927 0.535156 0.891927 0.534180 0.893229 0.532227 0.893229 0.529297 0.895833 0.529297 0.901042 0.530273 0.902344 0.530273 0.906250 0.529297 0.907552 0.529297 0.910156 0.528320 0.911458 0.528320 0.914062 0.529297 0.915365 0.529297 0.919271 0.530273 0.920573 0.531250 0.924479 0.536133 0.929688 0.544922 0.929688 0.545898 0.928385 0.547852 0.928385 0.550781 0.924479 0.551758 0.924479 0.552734 0.923177 0.553711 0.923177 0.555664 0.920573 0.556641 0.920573 0.558594 0.916667 0.558594 0.911458 0.559570 0.910156 0.559570 0.904948 0.558594 0.903646 0.558594 0.901042 0.557617 0.899740 0.557617 0.898438 0.555664 0.895833 0.555664 0.894531 0.554688 0.893229 0.553711 0.893229 0.551758 0.890625 0.550781 0.890625
0 0.576172 0.882812 0.571289 0.882812 0.570312 0.884115 0.566406 0.884115 0.565430 0.885417 0.561523 0.885417 0.559570 0.888021 0.558594 0.888021 0.556641 0.890625 0.556641 0.891927 0.555664 0.893229 0.556641 0.894531 0.556641 0.895833 0.557617 0.897135 0.557617 0.898438 0.559570 0.902344 0.559570 0.915365 0.558594 0.916667 0.558594 0.919271 0.560547 0.921875 0.578125 0.921875 0.580078 0.919271 0.580078 0.917969 0.581055 0.916667 0.581055 0.914062 0.582031 0.912760 0.582031 0.902344 0.581055 0.901042 0.581055 0.898438 0.580078 0.897135 0.580078 0.893229 0.579102 0.891927 0.579102 0.889323 0.578125 0.888021 0.578125 0.886719
0 0.561523 0.834635 0.560547 0.835938 0.557617 0.837240 0.553711 0.842448 0.553711 0.846354 0.551758 0.848958 0.549805 0.848958 0.548828 0.850260 0.548828 0.851562 0.549805 0.852865 0.549805 0.859375 0.548828 0.860677 0.548828 0.861979 0.553711 0.868490 0.553711 0.869792 0.554688 0.871094 0.554688 0.878906 0.556641 0.882812 0.557617 0.882812 0.558594 0.884115 0.568359 0.884115 0.569336 0.882812 0.572266 0.881510 0.575195 0.877604 0.575195 0.876302 0.576172 0.875000 0.576172 0.872396 0.579102 0.865885 0.579102 0.863281 0.580078 0.861979 0.580078 0.859375 0.579102 0.858073 0.579102 0.854167 0.578125 0.852865 0.578125 0.850260 0.576172 0.847656 0.576172 0.846354 0.575195 0.845052 0.574219 0.845052 0.572266 0.842448 0.571289 0.842448 0.564453 0.834635
0 0.563477 0.803385 0.563477 0.805990 0.562500 0.807292 0.562500 0.821615 0.563477 0.822917 0.563477 0.825521 0.565430 0.829427 0.565430 0.832031 0.572266 0.841146 0.574219 0.841146 0.575195 0.842448 0.577148 0.842448 0.578125 0.841146 0.579102 0.841146 0.583984 0.834635 0.585938 0.834635 0.586914 0.833333 0.587891 0.833333 0.591797 0.828125 0.592773 0.828125 0.593750 0.826823 0.596680 0.825521 0.596680 0.819010 0.594727 0.815104 0.594727 0.812500 0.593750 0.811198 0.592773 0.807292 0.589844 0.803385 0.574219 0.803385 0.573242 0.802083 0.572266 0.802083 0.571289 0.800781 0.569336 0.800781 0.568359 0.799479 0.567383 0.799479 0.565430 0.802083 0.564453 0.802083
0 0.607422 0.829427 0.606445 0.828125 0.605469 0.828125 0.604492 0.826823 0.603516 0.826823 0.602539 0.825521 0.600586 0.825521 0.599609 0.824219 0.598633 0.824219 0.596680 0.826823 0.595703 0.826823 0.594727 0.828125 0.593750 0.828125 0.592773 0.829427 0.591797 0.829427 0.587891 0.834635 0.585938 0.834635 0.584961 0.835938 0.583984 0.835938 0.581055 0.839844 0.581055 0.843750 0.582031 0.845052 0.582031 0.848958 0.583008 0.850260 0.583008 0.851562 0.584961 0.854167 0.585938 0.854167 0.586914 0.855469 0.597656 0.855469 0.598633 0.854167 0.599609 0.854167 0.605469 0.846354 0.606445 0.846354 0.606445 0.845052 0.607422 0.843750
0 0.590820 0.861979 0.589844 0.863281 0.586914 0.863281 0.585938 0.864583 0.583008 0.864583 0.581055 0.867188 0.581055 0.868490 0.579102 0.872396 0.579102 0.875000 0.578125 0.876302 0.578125 0.878906 0.579102 0.880208 0.579102 0.885417 0.580078 0.886719 0.580078 0.889323 0.581055 0.890625 0.581055 0.893229 0.582031 0.894531 0.582031 0.895833 0.583008 0.897135 0.583984 0.901042 0.587891 0.906250 0.588867 0.906250 0.591797 0.910156 0.593750 0.910156 0.594727 0.911458 0.595703 0.911458 0.596680 0.910156 0.599609 0.910156 0.609375 0.895833 0.609375 0.891927 0.610352 0.890625 0.610352 0.880208 0.609375 0.878906 0.609375 0.877604 0.605469 0.872396 0.604492 0.872396 0.602539 0.869792 0.602539 0.868490 0.601562 0.867188 0.600586 0.867188 0.598633 0.864583 0.597656 0.864583 0.596680 0.863281 0.592773 0.863281 0.591797 0.861979
0 0.629883 0.867188 0.627930 0.867188 0.626953 0.865885 0.622070 0.865885 0.621094 0.867188 0.618164 0.867188 0.617188 0.868490 0.617188 0.869792 0.616211 0.871094 0.616211 0.872396 0.615234 0.873698 0.615234 0.875000 0.614258 0.876302 0.614258 0.877604 0.613281 0.878906 0.613281 0.882812 0.612305 0.884115 0.612305 0.888021 0.611328 0.889323 0.611328 0.891927 0.610352 0.893229 0.611328 0.894531 0.611328 0.897135 0.613281 0.899740 0.614258 0.899740 0.615234 0.901042 0.617188 0.901042 0.618164 0.902344 0.619141 0.902344 0.620117 0.901042 0.622070 0.901042 0.623047 0.899740 0.625000 0.899740 0.625977 0.898438 0.626953 0.898438 0.627930 0.897135 0.628906 0.897135 0.630859 0.894531 0.630859 0.893229 0.634766 0.888021 0.634766 0.884115 0.635742 0.882812 0.635742 0.877604 0.634766 0.876302 0.634766 0.873698
0 0.637695 0.832031 0.634766 0.835938 0.632812 0.835938 0.631836 0.837240 0.630859 0.837240 0.626953 0.842448 0.626953 0.852865 0.627930 0.854167 0.627930 0.855469 0.630859 0.859375 0.630859 0.860677 0.632812 0.863281 0.632812 0.864583 0.634766 0.867188 0.634766 0.868490 0.635742 0.869792 0.636719 0.873698 0.639648 0.877604 0.639648 0.878906 0.640625 0.878906 0.641602 0.880208 0.643555 0.880208 0.644531 0.878906 0.646484 0.878906 0.647461 0.877604 0.648438 0.877604 0.653320 0.872396 0.656250 0.871094 0.656250 0.869792 0.657227 0.868490 0.657227 0.863281 0.656250 0.861979 0.656250 0.859375 0.655273 0.858073 0.655273 0.856771 0.654297 0.855469 0.654297 0.852865 0.653320 0.851562 0.653320 0.845052 0.652344 0.843750 0.652344 0.839844 0.646484 0.832031
0 0.575195 0.761719 0.571289 0.766927 0.571289 0.770833 0.570312 0.772135 0.570312 0.776042 0.569336 0.777344 0.569336 0.779948 0.568359 0.781250 0.568359 0.790365 0.569336 0.791667 0.569336 0.795573 0.571289 0.799479 0.572266 0.799479 0.575195 0.802083 0.587891 0.802083 0.589844 0.799479 0.589844 0.798177 0.590820 0.796875 0.590820 0.795573 0.592773 0.792969 0.592773 0.790365 0.593750 0.789062 0.593750 0.779948 0.594727 0.778646 0.594727 0.773438 0.592773 0.769531 0.587891 0.769531 0.582031 0.764323 0.580078 0.764323 0.577148 0.761719
0 0.600586 0.789062 0.599609 0.790365 0.598633 0.790365 0.597656 0.791667 0.596680 0.791667 0.592773 0.796875 0.592773 0.798177 0.591797 0.799479 0.591797 0.800781 0.592773 0.802083 0.592773 0.805990 0.593750 0.807292 0.593750 0.808594 0.594727 0.809896 0.594727 0.811198 0.595703 0.812500 0.595703 0.813802 0.597656 0.816406 0.597656 0.817708 0.598633 0.819010 0.598633 0.820312 0.600586 0.822917 0.601562 0.822917 0.602539 0.824219 0.604492 0.824219 0.605469 0.825521 0.607422 0.825521 0.609375 0.822917 0.610352 0.822917 0.611328 0.821615 0.612305 0.821615 0.619141 0.812500 0.619141 0.811198 0.620117 0.809896 0.620117 0.802083 0.621094 0.800781 0.621094 0.798177 0.620117 0.796875 0.620117 0.794271 0.617188 0.791667 0.608398 0.791667 0.607422 0.790365 0.605469 0.790365 0.604492 0.789062
0 0.626953 0.792969 0.625977 0.794271 0.625000 0.794271 0.624023 0.795573 0.623047 0.795573 0.621094 0.799479 0.621094 0.808594 0.620117 0.809896 0.620117 0.812500 0.616211 0.817708 0.616211 0.824219 0.617188 0.825521 0.617188 0.828125 0.620117 0.830729 0.626953 0.830729 0.627930 0.832031 0.632812 0.832031 0.633789 0.833333 0.634766 0.832031 0.635742 0.832031 0.640625 0.825521 0.640625 0.824219 0.642578 0.820312 0.642578 0.809896 0.641602 0.808594 0.641602 0.805990 0.640625 0.804688 0.640625 0.803385 0.637695 0.799479 0.636719 0.799479 0.633789 0.795573 0.632812 0.795573 0.629883 0.792969
0 0.595703 0.751302 0.595703 0.752604 0.594727 0.753906 0.594727 0.763021 0.595703 0.764323 0.595703 0.769531 0.597656 0.773438 0.597656 0.776042 0.598633 0.777344 0.598633 0.778646 0.600586 0.781250 0.601562 0.785156 0.603516 0.787760 0.604492 0.787760 0.605469 0.789062 0.607422 0.789062 0.608398 0.790365 0.619141 0.790365 0.620117 0.789062 0.623047 0.787760 0.625977 0.783854 0.625977 0.781250 0.626953 0.779948 0.626953 0.774740 0.627930 0.773438 0.626953 0.772135 0.626953 0.766927 0.625977 0.765625 0.625977 0.760417 0.625000 0.759115 0.625000 0.755208 0.623047 0.752604 0.622070 0.752604 0.620117 0.750000 0.619141 0.750000 0.618164 0.748698 0.615234 0.748698 0.614258 0.747396 0.612305 0.747396 0.607422 0.743490 0.606445 0.743490 0.604492 0.746094 0.603516 0.746094 0.602539 0.747396 0.600586 0.747396 0.599609 0.748698 0.598633 0.748698 0.596680 0.751302
0 0.624023 0.714844 0.622070 0.717448 0.622070 0.720052 0.621094 0.721354 0.621094 0.723958 0.622070 0.725260 0.621094 0.726562 0.621094 0.736979 0.619141 0.740885 0.619141 0.742188 0.621094 0.744792 0.621094 0.746094 0.623047 0.748698 0.624023 0.748698 0.625000 0.750000 0.626953 0.750000 0.627930 0.751302 0.631836 0.751302 0.632812 0.752604 0.634766 0.752604 0.635742 0.751302 0.639648 0.751302 0.642578 0.748698 0.644531 0.748698 0.645508 0.747396 0.646484 0.747396 0.648438 0.744792 0.648438 0.742188 0.649414 0.740885 0.648438 0.739583 0.648438 0.726562 0.647461 0.725260 0.647461 0.722656 0.646484 0.721354 0.646484 0.718750 0.645508 0.718750 0.644531 0.717448 0.631836 0.717448 0.630859 0.716146 0.627930 0.716146 0.626953 0.714844
0 0.666992 0.751302 0.665039 0.748698 0.664062 0.748698 0.663086 0.747396 0.661133 0.747396 0.660156 0.746094 0.659180 0.746094 0.657227 0.743490 0.650391 0.743490 0.649414 0.744792 0.649414 0.746094 0.648438 0.747396 0.647461 0.747396 0.645508 0.750000 0.644531 0.750000 0.641602 0.752604 0.639648 0.752604 0.638672 0.753906 0.635742 0.755208 0.633789 0.757812 0.633789 0.759115 0.631836 0.761719 0.631836 0.773438 0.633789 0.776042 0.633789 0.777344 0.634766 0.777344 0.635742 0.778646 0.637695 0.778646 0.638672 0.779948 0.641602 0.779948 0.642578 0.781250 0.650391 0.781250 0.651367 0.779948 0.657227 0.779948 0.658203 0.778646 0.659180 0.778646 0.662109 0.774740 0.662109 0.773438 0.663086 0.772135 0.664062 0.768229 0.666016 0.765625 0.666016 0.764323 0.666992 0.763021 0.666992 0.759115 0.667969 0.757812 0.667969 0.753906 0.666992 0.752604
0 0.654297 0.789062 0.654297 0.792969 0.653320 0.794271 0.653320 0.795573 0.651367 0.798177 0.651367 0.805990 0.652344 0.807292 0.652344 0.815104 0.654297 0.817708 0.654297 0.819010 0.659180 0.825521 0.662109 0.825521 0.663086 0.826823 0.666992 0.826823 0.667969 0.828125 0.676758 0.828125 0.679688 0.824219 0.679688 0.822917 0.681641 0.820312 0.681641 0.817708 0.683594 0.813802 0.683594 0.807292 0.682617 0.805990 0.682617 0.803385 0.681641 0.802083 0.680664 0.798177 0.677734 0.794271 0.677734 0.792969 0.675781 0.790365 0.670898 0.790365 0.669922 0.791667 0.666992 0.791667 0.666016 0.792969 0.664062 0.792969 0.663086 0.794271 0.661133 0.794271 0.658203 0.791667 0.655273 0.791667 0.654297 0.790365
0 0.695312 0.829427 0.694336 0.828125 0.694336 0.826823 0.693359 0.825521 0.693359 0.824219 0.692383 0.822917 0.692383 0.821615 0.691406 0.820312 0.691406 0.819010 0.690430 0.817708 0.689453 0.813802 0.686523 0.811198 0.684570 0.811198 0.684570 0.812500 0.683594 0.813802 0.683594 0.817708 0.682617 0.819010 0.682617 0.820312 0.680664 0.822917 0.680664 0.824219 0.675781 0.830729 0.667969 0.830729 0.666992 0.832031 0.666992 0.834635 0.665039 0.837240 0.661133 0.837240 0.658203 0.833333 0.657227 0.834635 0.657227 0.837240 0.658203 0.838542 0.659180 0.838542 0.660156 0.839844 0.661133 0.839844 0.662109 0.841146 0.663086 0.841146 0.667969 0.845052 0.670898 0.845052 0.671875 0.846354 0.676758 0.846354 0.677734 0.847656 0.678711 0.846354 0.682617 0.846354 0.684570 0.843750 0.685547 0.843750 0.688477 0.841146 0.690430 0.841146 0.694336 0.835938 0.694336 0.833333 0.695312 0.832031
0 0.603516 0.643229 0.601562 0.645833 0.601562 0.647135 0.600586 0.648438 0.600586 0.653646 0.599609 0.654948 0.599609 0.662760 0.600586 0.664062 0.600586 0.666667 0.601562 0.667969 0.601562 0.670573 0.602539 0.671875 0.602539 0.674479 0.604492 0.677083 0.605469 0.680990 0.606445 0.680990 0.609375 0.683594 0.621094 0.683594 0.622070 0.682292 0.623047 0.682292 0.624023 0.680990 0.626953 0.679688 0.628906 0.677083 0.628906 0.675781 0.629883 0.674479 0.629883 0.661458 0.628906 0.660156 0.628906 0.657552 0.627930 0.656250 0.626953 0.652344 0.625000 0.649740 0.624023 0.649740 0.622070 0.647135 0.621094 0.647135 0.620117 0.645833 0.617188 0.645833 0.616211 0.644531 0.610352 0.644531 0.608398 0.641927 0.605469 0.641927 0.604492 0.643229
0 0.624023 0.684896 0.624023 0.686198 0.625000 0.687500 0.625000 0.701823 0.624023 0.703125 0.624023 0.709635 0.625000 0.709635 0.627930 0.712240 0.629883 0.712240 0.632812 0.714844 0.636719 0.714844 0.637695 0.716146 0.640625 0.716146 0.641602 0.714844 0.643555 0.714844 0.644531 0.716146 0.646484 0.716146 0.647461 0.714844 0.648438 0.714844 0.650391 0.712240 0.650391 0.709635 0.651367 0.708333 0.651367 0.707031 0.652344 0.705729 0.652344 0.704427 0.653320 0.703125 0.653320 0.701823 0.654297 0.700521 0.654297 0.699219 0.652344 0.696615 0.652344 0.695312 0.647461 0.688802 0.647461 0.687500 0.645508 0.684896 0.644531 0.684896 0.641602 0.680990 0.641602 0.679688 0.639648 0.679688 0.638672 0.678385 0.632812 0.678385 0.631836 0.679688 0.629883 0.679688 0.628906 0.680990 0.627930 0.680990 0.625977 0.683594 0.625000 0.683594
0 0.657227 0.701823 0.654297 0.704427 0.654297 0.705729 0.653320 0.707031 0.653320 0.708333 0.652344 0.709635 0.652344 0.710938 0.651367 0.712240 0.651367 0.713542 0.649414 0.716146 0.649414 0.717448 0.648438 0.718750 0.648438 0.721354 0.649414 0.722656 0.649414 0.726562 0.651367 0.730469 0.651367 0.733073 0.656250 0.739583 0.656250 0.740885 0.657227 0.740885 0.660156 0.744792 0.662109 0.744792 0.663086 0.746094 0.666016 0.746094 0.667969 0.743490 0.668945 0.743490 0.673828 0.736979 0.673828 0.735677 0.674805 0.734375 0.674805 0.731771 0.675781 0.730469 0.675781 0.723958 0.674805 0.722656 0.674805 0.718750 0.673828 0.717448 0.673828 0.716146 0.669922 0.710938 0.668945 0.710938 0.666016 0.707031 0.666016 0.705729 0.665039 0.704427 0.664062 0.704427 0.662109 0.701823
0 0.685547 0.731771 0.682617 0.731771 0.681641 0.730469 0.680664 0.730469 0.679688 0.731771 0.678711 0.731771 0.677734 0.733073 0.676758 0.733073 0.676758 0.734375 0.671875 0.740885 0.671875 0.742188 0.668945 0.746094 0.668945 0.750000 0.669922 0.751302 0.669922 0.761719 0.673828 0.766927 0.674805 0.766927 0.675781 0.768229 0.679688 0.768229 0.680664 0.766927 0.682617 0.766927 0.684570 0.764323 0.685547 0.764323 0.686523 0.763021 0.687500 0.763021 0.690430 0.759115 0.691406 0.759115 0.693359 0.756510 0.694336 0.756510 0.695312 0.755208 0.695312 0.753906 0.696289 0.752604 0.696289 0.751302 0.695312 0.750000 0.695312 0.748698 0.694336 0.747396 0.694336 0.744792 0.693359 0.743490 0.693359 0.742188
0 0.701172 0.757812 0.698242 0.757812 0.697266 0.756510 0.696289 0.757812 0.695312 0.757812 0.691406 0.763021 0.689453 0.763021 0.687500 0.765625 0.685547 0.765625 0.684570 0.766927 0.683594 0.766927 0.680664 0.769531 0.678711 0.769531 0.675781 0.772135 0.675781 0.782552 0.677734 0.785156 0.677734 0.786458 0.682617 0.792969 0.683594 0.792969 0.684570 0.794271 0.685547 0.794271 0.688477 0.796875 0.690430 0.796875 0.691406 0.795573 0.693359 0.795573 0.694336 0.794271 0.697266 0.794271 0.701172 0.789062 0.701172 0.787760 0.702148 0.786458 0.702148 0.785156 0.704102 0.781250 0.704102 0.778646 0.705078 0.777344 0.705078 0.774740 0.706055 0.773438 0.706055 0.768229 0.705078 0.766927 0.705078 0.765625 0.704102 0.764323 0.704102 0.763021 0.703125 0.761719 0.703125 0.760417
0 0.597656 0.615885 0.597656 0.618490 0.596680 0.619792 0.596680 0.622396 0.598633 0.625000 0.598633 0.626302 0.602539 0.631510 0.602539 0.632812 0.605469 0.635417 0.607422 0.635417 0.608398 0.636719 0.610352 0.636719 0.613281 0.640625 0.614258 0.640625 0.615234 0.641927 0.620117 0.641927 0.621094 0.640625 0.623047 0.640625 0.624023 0.639323 0.625977 0.639323 0.626953 0.638021 0.627930 0.638021 0.628906 0.636719 0.628906 0.635417 0.630859 0.632812 0.630859 0.631510 0.632812 0.627604 0.632812 0.622396 0.631836 0.621094 0.631836 0.619792 0.621094 0.605469 0.620117 0.605469 0.619141 0.604167 0.608398 0.604167 0.607422 0.605469 0.604492 0.605469 0.599609 0.611979 0.599609 0.613281
0 0.587891 0.565104 0.583984 0.565104 0.583008 0.566406 0.582031 0.566406 0.580078 0.569010 0.579102 0.569010 0.578125 0.570312 0.577148 0.570312 0.576172 0.571615 0.575195 0.571615 0.573242 0.574219 0.572266 0.574219 0.570312 0.576823 0.569336 0.576823 0.566406 0.580729 0.566406 0.583333 0.565430 0.584635 0.566406 0.585938 0.566406 0.587240 0.567383 0.588542 0.567383 0.589844 0.569336 0.592448 0.569336 0.593750 0.571289 0.596354 0.571289 0.597656 0.573242 0.600260 0.573242 0.601562 0.575195 0.604167 0.580078 0.604167 0.581055 0.602865 0.583008 0.602865 0.583984 0.601562 0.585938 0.601562 0.586914 0.600260 0.589844 0.600260 0.592773 0.596354 0.592773 0.595052 0.593750 0.593750 0.593750 0.591146 0.594727 0.589844 0.594727 0.583333 0.595703 0.582031 0.595703 0.578125 0.594727 0.576823 0.594727 0.574219 0.593750 0.572917 0.593750 0.571615 0.589844 0.566406 0.588867 0.566406
0 0.547852 0.546875 0.547852 0.549479 0.549805 0.553385 0.549805 0.557292 0.550781 0.558594 0.551758 0.562500 0.555664 0.567708 0.556641 0.567708 0.562500 0.575521 0.563477 0.575521 0.564453 0.576823 0.565430 0.575521 0.567383 0.575521 0.568359 0.574219 0.570312 0.574219 0.571289 0.572917 0.572266 0.572917 0.573242 0.571615 0.574219 0.571615 0.575195 0.570312 0.578125 0.569010 0.580078 0.566406 0.581055 0.566406 0.582031 0.565104 0.584961 0.563802 0.586914 0.561198 0.586914 0.559896 0.587891 0.558594 0.586914 0.557292 0.586914 0.553385 0.585938 0.552083 0.585938 0.550781 0.584961 0.549479 0.583984 0.545573 0.582031 0.542969 0.582031 0.541667 0.581055 0.541667 0.580078 0.540365 0.569336 0.540365 0.566406 0.537760 0.563477 0.537760 0.561523 0.535156 0.556641 0.535156 0.553711 0.539062 0.550781 0.540365
0 0.554688 0.470052 0.554688 0.471354 0.555664 0.472656 0.555664 0.480469 0.554688 0.481771 0.554688 0.486979 0.555664 0.488281 0.555664 0.490885 0.556641 0.492188 0.556641 0.494792 0.558594 0.497396 0.558594 0.498698 0.559570 0.500000 0.570312 0.500000 0.571289 0.498698 0.575195 0.498698 0.576172 0.497396 0.581055 0.497396 0.581055 0.496094 0.582031 0.494792 0.582031 0.489583 0.581055 0.488281 0.581055 0.484375 0.580078 0.483073 0.580078 0.477865 0.579102 0.476562 0.579102 0.472656 0.578125 0.471354 0.578125 0.468750 0.577148 0.467448 0.577148 0.466146 0.576172 0.466146 0.573242 0.463542 0.560547 0.463542 0.559570 0.464844 0.558594 0.464844
0 0.586914 0.501302 0.584961 0.501302 0.583984 0.500000 0.579102 0.500000 0.578125 0.501302 0.572266 0.501302 0.571289 0.502604 0.570312 0.502604 0.569336 0.503906 0.566406 0.505208 0.561523 0.511719 0.561523 0.513021 0.560547 0.514323 0.560547 0.518229 0.561523 0.519531 0.561523 0.522135 0.562500 0.523438 0.562500 0.524740 0.565430 0.528646 0.565430 0.529948 0.567383 0.532552 0.567383 0.533854 0.570312 0.537760 0.571289 0.537760 0.572266 0.539062 0.578125 0.539062 0.579102 0.537760 0.580078 0.537760 0.582031 0.535156 0.583008 0.535156 0.583984 0.533854 0.585938 0.533854 0.586914 0.532552 0.587891 0.532552 0.588867 0.531250 0.589844 0.531250 0.590820 0.529948 0.591797 0.529948 0.594727 0.527344 0.594727 0.524740 0.595703 0.523438 0.595703 0.522135 0.594727 0.520833 0.594727 0.519531 0.593750 0.518229 0.593750 0.516927 0.591797 0.513021 0.591797 0.510417 0.590820 0.509115 0.589844 0.505208
0 0.613281 0.539062 0.612305 0.539062 0.610352 0.536458 0.609375 0.536458 0.608398 0.535156 0.606445 0.535156 0.605469 0.533854 0.601562 0.533854 0.600586 0.535156 0.593750 0.535156 0.592773 0.536458 0.591797 0.536458 0.590820 0.537760 0.589844 0.537760 0.588867 0.539062 0.588867 0.540365 0.587891 0.541667 0.587891 0.545573 0.586914 0.546875 0.586914 0.549479 0.587891 0.550781 0.587891 0.553385 0.588867 0.554688 0.588867 0.557292 0.589844 0.558594 0.589844 0.559896 0.595703 0.567708 0.604492 0.567708 0.605469 0.566406 0.606445 0.566406 0.607422 0.565104 0.608398 0.565104 0.611328 0.561198 0.611328 0.559896 0.612305 0.558594 0.612305 0.557292 0.613281 0.555990 0.613281 0.553385 0.614258 0.552083 0.614258 0.541667 0.613281 0.540365
0 0.600586 0.484375 0.599609 0.485677 0.597656 0.485677 0.596680 0.486979 0.595703 0.486979 0.594727 0.488281 0.591797 0.489583 0.588867 0.493490 0.588867 0.494792 0.587891 0.496094 0.590820 0.500000 0.590820 0.501302 0.591797 0.502604 0.591797 0.507812 0.592773 0.509115 0.592773 0.510417 0.594727 0.514323 0.594727 0.516927 0.596680 0.519531 0.596680 0.520833 0.599609 0.524740 0.600586 0.524740 0.602539 0.527344 0.605469 0.527344 0.606445 0.528646 0.607422 0.528646 0.608398 0.527344 0.610352 0.527344 0.613281 0.523438 0.614258 0.523438 0.615234 0.522135 0.616211 0.522135 0.619141 0.519531 0.619141 0.518229 0.620117 0.516927 0.620117 0.515625 0.622070 0.511719 0.622070 0.500000 0.621094 0.498698 0.621094 0.497396 0.616211 0.490885 0.615234 0.490885 0.610352 0.485677 0.608398 0.485677 0.607422 0.484375
0 0.598633 0.580729 0.598633 0.584635 0.599609 0.585938 0.599609 0.588542 0.600586 0.589844 0.600586 0.591146 0.602539 0.593750 0.602539 0.595052 0.603516 0.596354 0.604492 0.596354 0.605469 0.597656 0.606445 0.597656 0.609375 0.600260 0.612305 0.600260 0.613281 0.601562 0.620117 0.601562 0.621094 0.600260 0.623047 0.600260 0.624023 0.598958 0.625000 0.598958 0.625977 0.597656 0.626953 0.597656 0.627930 0.596354 0.628906 0.596354 0.629883 0.595052 0.629883 0.592448 0.630859 0.591146 0.630859 0.587240 0.629883 0.585938 0.629883 0.583333 0.628906 0.582031 0.628906 0.580729 0.627930 0.579427 0.627930 0.578125 0.625977 0.575521 0.625977 0.574219 0.624023 0.571615 0.624023 0.570312 0.622070 0.567708 0.621094 0.567708 0.619141 0.565104 0.612305 0.565104 0.611328 0.566406 0.610352 0.566406 0.609375 0.567708 0.608398 0.567708 0.607422 0.569010 0.606445 0.569010 0.605469 0.570312 0.604492 0.570312 0.602539 0.572917 0.602539 0.574219 0.599609 0.578125 0.599609 0.579427
0 0.623047 0.496094 0.623047 0.513021 0.621094 0.516927 0.621094 0.519531 0.620117 0.520833 0.620117 0.523438 0.623047 0.527344 0.624023 0.527344 0.625000 0.528646 0.626953 0.528646 0.627930 0.529948 0.628906 0.529948 0.629883 0.531250 0.631836 0.531250 0.632812 0.532552 0.643555 0.532552 0.646484 0.528646 0.646484 0.527344 0.651367 0.520833 0.651367 0.519531 0.652344 0.518229 0.652344 0.513021 0.651367 0.511719 0.651367 0.509115 0.650391 0.507812 0.650391 0.505208 0.649414 0.503906 0.646484 0.502604 0.644531 0.500000 0.643555 0.500000 0.642578 0.498698 0.640625 0.498698 0.639648 0.497396 0.636719 0.497396 0.633789 0.494792 0.629883 0.494792 0.628906 0.493490 0.626953 0.493490 0.625977 0.494792
0 0.618164 0.542969 0.618164 0.555990 0.619141 0.557292 0.619141 0.559896 0.627930 0.571615 0.629883 0.571615 0.630859 0.572917 0.631836 0.572917 0.634766 0.575521 0.637695 0.575521 0.638672 0.574219 0.641602 0.574219 0.642578 0.572917 0.643555 0.572917 0.646484 0.570312 0.648438 0.570312 0.649414 0.569010 0.649414 0.567708 0.650391 0.566406 0.650391 0.559896 0.649414 0.558594 0.649414 0.544271 0.648438 0.542969 0.648438 0.540365 0.646484 0.536458 0.644531 0.536458 0.643555 0.535156 0.629883 0.535156 0.628906 0.536458 0.626953 0.536458 0.625977 0.537760 0.624023 0.537760 0.623047 0.539062 0.621094 0.539062
0 0.660156 0.527344 0.656250 0.527344 0.655273 0.528646 0.653320 0.528646 0.652344 0.529948 0.651367 0.529948 0.650391 0.531250 0.649414 0.531250 0.647461 0.533854 0.647461 0.537760 0.648438 0.539062 0.648438 0.541667 0.649414 0.542969 0.649414 0.550781 0.650391 0.552083 0.650391 0.563802 0.653320 0.566406 0.655273 0.566406 0.656250 0.565104 0.662109 0.565104 0.663086 0.563802 0.664062 0.563802 0.665039 0.562500 0.666016 0.562500 0.666992 0.561198 0.667969 0.561198 0.669922 0.558594 0.669922 0.557292 0.671875 0.553385 0.671875 0.545573 0.670898 0.544271 0.670898 0.541667 0.669922 0.540365 0.669922 0.539062 0.666016 0.533854 0.666016 0.532552 0.665039 0.531250 0.664062 0.531250 0.662109 0.528646 0.661133 0.528646
0 0.639648 0.582031 0.639648 0.583333 0.637695 0.585938 0.637695 0.593750 0.638672 0.595052 0.638672 0.596354 0.640625 0.600260 0.640625 0.605469 0.641602 0.605469 0.642578 0.606771 0.644531 0.606771 0.645508 0.608073 0.648438 0.608073 0.649414 0.609375 0.651367 0.609375 0.652344 0.610677 0.663086 0.610677 0.664062 0.609375 0.665039 0.609375 0.666016 0.608073 0.668945 0.606771 0.670898 0.604167 0.670898 0.602865 0.671875 0.601562 0.671875 0.588542 0.670898 0.587240 0.670898 0.585938 0.667969 0.582031 0.667969 0.580729 0.666992 0.579427 0.666016 0.575521 0.663086 0.571615 0.662109 0.571615 0.661133 0.570312 0.655273 0.570312 0.654297 0.571615 0.652344 0.571615 0.651367 0.572917 0.650391 0.572917 0.648438 0.575521 0.647461 0.575521 0.646484 0.576823 0.643555 0.578125 0.641602 0.580729 0.640625 0.580729
0 0.638672 0.617188 0.638672 0.618490 0.639648 0.619792 0.639648 0.631510 0.640625 0.632812 0.640625 0.634115 0.646484 0.641927 0.647461 0.641927 0.650391 0.645833 0.651367 0.645833 0.656250 0.649740 0.661133 0.649740 0.662109 0.651042 0.667969 0.651042 0.668945 0.649740 0.669922 0.649740 0.673828 0.644531 0.673828 0.643229 0.676758 0.639323 0.676758 0.638021 0.677734 0.636719 0.677734 0.626302 0.676758 0.625000 0.676758 0.623698 0.674805 0.621094 0.674805 0.619792 0.671875 0.615885 0.667969 0.615885 0.666992 0.614583 0.657227 0.614583 0.656250 0.613281 0.642578 0.613281 0.641602 0.614583 0.640625 0.614583
0 0.634766 0.640625 0.630859 0.645833 0.629883 0.645833 0.627930 0.648438 0.627930 0.652344 0.628906 0.653646 0.628906 0.654948 0.630859 0.658854 0.630859 0.664062 0.631836 0.665365 0.631836 0.669271 0.632812 0.670573 0.632812 0.673177 0.634766 0.675781 0.636719 0.675781 0.637695 0.677083 0.639648 0.677083 0.640625 0.678385 0.641602 0.678385 0.642578 0.679688 0.643555 0.679688 0.646484 0.682292 0.648438 0.682292 0.649414 0.683594 0.652344 0.683594 0.653320 0.684896 0.654297 0.684896 0.656250 0.682292 0.657227 0.682292 0.657227 0.680990 0.658203 0.679688 0.658203 0.678385 0.660156 0.674479 0.660156 0.671875 0.661133 0.670573 0.661133 0.666667 0.660156 0.665365 0.660156 0.662760 0.658203 0.660156 0.657227 0.656250 0.653320 0.651042 0.652344 0.651042 0.649414 0.647135 0.648438 0.647135 0.646484 0.644531 0.644531 0.644531 0.643555 0.643229 0.641602 0.643229 0.639648 0.640625
0 0.665039 0.664062 0.663086 0.666667 0.663086 0.670573 0.662109 0.671875 0.662109 0.675781 0.661133 0.677083 0.661133 0.678385 0.659180 0.682292 0.659180 0.690104 0.660156 0.691406 0.660156 0.695312 0.662109 0.697917 0.662109 0.699219 0.663086 0.700521 0.664062 0.700521 0.665039 0.701823 0.665039 0.703125 0.668945 0.708333 0.669922 0.708333 0.670898 0.709635 0.674805 0.709635 0.675781 0.708333 0.677734 0.708333 0.679688 0.705729 0.681641 0.705729 0.686523 0.699219 0.686523 0.697917 0.687500 0.696615 0.687500 0.694010 0.688477 0.692708 0.688477 0.687500 0.687500 0.686198 0.687500 0.680990 0.686523 0.679688 0.686523 0.678385 0.683594 0.674479 0.682617 0.674479 0.677734 0.669271 0.674805 0.667969 0.672852 0.665365 0.671875 0.665365 0.670898 0.664062
0 0.738281 0.716146 0.728516 0.716146 0.727539 0.717448 0.724609 0.717448 0.722656 0.720052 0.721680 0.720052 0.720703 0.721354 0.720703 0.722656 0.719727 0.723958 0.719727 0.726562 0.718750 0.727865 0.718750 0.729167 0.717773 0.730469 0.717773 0.733073 0.716797 0.734375 0.716797 0.740885 0.717773 0.742188 0.717773 0.744792 0.718750 0.746094 0.718750 0.750000 0.720703 0.752604 0.721680 0.752604 0.722656 0.753906 0.725586 0.753906 0.726562 0.755208 0.727539 0.755208 0.730469 0.752604 0.732422 0.752604 0.736328 0.747396 0.737305 0.747396 0.737305 0.746094 0.738281 0.744792 0.739258 0.744792 0.741211 0.742188 0.741211 0.740885 0.744141 0.736979 0.744141 0.731771 0.745117 0.730469 0.745117 0.726562 0.744141 0.725260 0.744141 0.722656 0.742188 0.720052 0.741211 0.720052 0.740234 0.718750 0.740234 0.717448 0.739258 0.717448
0 0.691406 0.687500 0.691406 0.688802 0.690430 0.690104 0.690430 0.692708 0.689453 0.694010 0.689453 0.696615 0.688477 0.697917 0.688477 0.703125 0.689453 0.704427 0.689453 0.709635 0.691406 0.707031 0.692383 0.707031 0.694336 0.709635 0.694336 0.710938 0.693359 0.712240 0.690430 0.712240 0.690430 0.714844 0.693359 0.718750 0.695312 0.718750 0.696289 0.720052 0.699219 0.720052 0.700195 0.721354 0.703125 0.721354 0.704102 0.722656 0.708008 0.722656 0.708984 0.721354 0.713867 0.721354 0.714844 0.720052 0.717773 0.720052 0.718750 0.718750 0.719727 0.718750 0.722656 0.714844 0.722656 0.713542 0.723633 0.712240 0.723633 0.709635 0.724609 0.708333 0.724609 0.703125 0.723633 0.701823 0.723633 0.699219 0.721680 0.695312 0.721680 0.692708 0.720703 0.691406 0.720703 0.690104 0.717773 0.686198 0.714844 0.686198 0.713867 0.684896 0.703125 0.684896 0.702148 0.683594 0.695312 0.683594 0.694336 0.684896 0.693359 0.684896
0 0.740234 0.665365 0.735352 0.665365 0.732422 0.662760 0.728516 0.662760 0.725586 0.665365 0.723633 0.665365 0.719727 0.670573 0.719727 0.671875 0.718750 0.673177 0.718750 0.675781 0.717773 0.677083 0.717773 0.683594 0.722656 0.690104 0.722656 0.691406 0.723633 0.692708 0.723633 0.695312 0.724609 0.696615 0.724609 0.697917 0.725586 0.699219 0.726562 0.703125 0.728516 0.705729 0.729492 0.704427 0.732422 0.704427 0.733398 0.703125 0.734375 0.703125 0.735352 0.701823 0.738281 0.700521 0.740234 0.697917 0.746094 0.695312 0.749023 0.691406 0.750000 0.691406 0.751953 0.687500 0.751953 0.682292 0.750977 0.680990 0.750977 0.679688 0.748047 0.675781 0.748047 0.674479 0.747070 0.673177 0.746094 0.673177 0.742188 0.667969 0.742188 0.666667 0.741211 0.666667
0 0.712891 0.651042 0.709961 0.651042 0.708984 0.652344 0.707031 0.652344 0.705078 0.654948 0.704102 0.654948 0.703125 0.656250 0.702148 0.656250 0.701172 0.657552 0.699219 0.657552 0.699219 0.658854 0.698242 0.660156 0.698242 0.661458 0.697266 0.662760 0.697266 0.673177 0.696289 0.674479 0.696289 0.678385 0.697266 0.679688 0.698242 0.679688 0.699219 0.680990 0.700195 0.680990 0.701172 0.682292 0.704102 0.682292 0.705078 0.683594 0.713867 0.683594 0.715820 0.680990 0.715820 0.678385 0.716797 0.677083 0.716797 0.675781 0.717773 0.674479 0.717773 0.667969 0.716797 0.666667 0.716797 0.664062 0.715820 0.662760 0.715820 0.656250 0.714844 0.654948 0.714844 0.653646
0 0.709961 0.621094 0.708984 0.621094 0.706055 0.618490 0.704102 0.618490 0.703125 0.617188 0.700195 0.617188 0.697266 0.619792 0.693359 0.619792 0.692383 0.621094 0.691406 0.621094 0.689453 0.623698 0.688477 0.623698 0.684570 0.628906 0.684570 0.630208 0.683594 0.631510 0.683594 0.634115 0.682617 0.635417 0.682617 0.636719 0.681641 0.638021 0.681641 0.640625 0.680664 0.641927 0.680664 0.649740 0.681641 0.651042 0.681641 0.652344 0.683594 0.654948 0.684570 0.654948 0.686523 0.657552 0.687500 0.657552 0.688477 0.658854 0.696289 0.658854 0.697266 0.657552 0.699219 0.657552 0.700195 0.656250 0.701172 0.656250 0.702148 0.654948 0.703125 0.654948 0.704102 0.653646 0.705078 0.653646 0.708008 0.651042 0.709961 0.651042 0.710938 0.649740 0.711914 0.649740 0.714844 0.645833 0.714844 0.644531 0.715820 0.643229 0.715820 0.639323 0.716797 0.638021 0.716797 0.632812 0.715820 0.631510 0.715820 0.630208 0.712891 0.626302 0.712891 0.625000
0 0.678711 0.585938 0.677734 0.587240 0.676758 0.587240 0.674805 0.589844 0.674805 0.591146 0.673828 0.592448 0.673828 0.598958 0.672852 0.600260 0.672852 0.605469 0.671875 0.606771 0.671875 0.614583 0.676758 0.621094 0.676758 0.622396 0.677734 0.623698 0.677734 0.625000 0.678711 0.626302 0.684570 0.626302 0.685547 0.625000 0.686523 0.625000 0.688477 0.622396 0.689453 0.622396 0.691406 0.619792 0.692383 0.619792 0.693359 0.618490 0.693359 0.604167 0.692383 0.602865 0.692383 0.600260 0.691406 0.598958 0.691406 0.597656 0.690430 0.596354 0.690430 0.595052 0.689453 0.593750 0.689453 0.592448 0.685547 0.587240 0.683594 0.587240 0.682617 0.585938
0 0.710938 0.615885 0.710938 0.621094 0.711914 0.622396 0.711914 0.623698 0.715820 0.628906 0.715820 0.630208 0.716797 0.631510 0.716797 0.640625 0.715820 0.641927 0.715820 0.645833 0.717773 0.648438 0.720703 0.648438 0.721680 0.649740 0.723633 0.649740 0.724609 0.648438 0.725586 0.648438 0.728516 0.644531 0.729492 0.644531 0.730469 0.643229 0.731445 0.643229 0.734375 0.639323 0.735352 0.639323 0.737305 0.636719 0.737305 0.635417 0.739258 0.632812 0.739258 0.626302 0.737305 0.623698 0.736328 0.623698 0.735352 0.622396 0.733398 0.622396 0.732422 0.621094 0.731445 0.621094 0.730469 0.619792 0.729492 0.619792 0.727539 0.617188 0.724609 0.617188 0.723633 0.615885 0.721680 0.615885 0.720703 0.614583 0.711914 0.614583
0 0.751953 0.630208 0.750000 0.630208 0.749023 0.628906 0.747070 0.628906 0.746094 0.630208 0.744141 0.630208 0.743164 0.631510 0.742188 0.631510 0.740234 0.634115 0.739258 0.634115 0.739258 0.635417 0.734375 0.641927 0.733398 0.641927 0.730469 0.645833 0.730469 0.652344 0.733398 0.656250 0.733398 0.657552 0.736328 0.661458 0.737305 0.661458 0.738281 0.662760 0.739258 0.662760 0.740234 0.664062 0.741211 0.662760 0.743164 0.662760 0.744141 0.661458 0.745117 0.661458 0.746094 0.660156 0.747070 0.660156 0.748047 0.658854 0.749023 0.658854 0.750000 0.657552 0.750977 0.657552 0.752930 0.654948 0.753906 0.654948 0.754883 0.653646 0.755859 0.653646 0.757812 0.651042 0.757812 0.640625 0.756836 0.639323 0.756836 0.638021 0.755859 0.636719 0.755859 0.635417
0 0.689453 0.540365 0.685547 0.540365 0.684570 0.541667 0.683594 0.541667 0.680664 0.545573 0.679688 0.545573 0.678711 0.546875 0.677734 0.546875 0.673828 0.552083 0.673828 0.553385 0.672852 0.554688 0.672852 0.555990 0.670898 0.558594 0.670898 0.561198 0.668945 0.565104 0.668945 0.570312 0.669922 0.571615 0.669922 0.572917 0.672852 0.576823 0.673828 0.576823 0.675781 0.579427 0.676758 0.579427 0.679688 0.582031 0.681641 0.582031 0.682617 0.583333 0.685547 0.583333 0.686523 0.582031 0.688477 0.582031 0.690430 0.579427 0.691406 0.579427 0.692383 0.578125 0.693359 0.578125 0.697266 0.572917 0.697266 0.571615 0.699219 0.567708 0.699219 0.563802 0.700195 0.562500 0.700195 0.555990 0.699219 0.554688 0.699219 0.553385 0.697266 0.550781 0.697266 0.549479 0.692383 0.542969 0.691406 0.542969
0 0.708008 0.527344 0.706055 0.529948 0.705078 0.529948 0.704102 0.531250 0.704102 0.532552 0.698242 0.540365 0.698242 0.541667 0.697266 0.542969 0.697266 0.548177 0.699219 0.550781 0.699219 0.552083 0.701172 0.555990 0.701172 0.559896 0.703125 0.562500 0.705078 0.562500 0.708008 0.565104 0.709961 0.565104 0.710938 0.566406 0.712891 0.566406 0.713867 0.567708 0.716797 0.567708 0.717773 0.566406 0.718750 0.566406 0.722656 0.561198 0.722656 0.558594 0.723633 0.557292 0.723633 0.554688 0.724609 0.553385 0.724609 0.546875 0.722656 0.544271 0.722656 0.542969 0.721680 0.541667 0.721680 0.540365 0.719727 0.537760 0.719727 0.535156 0.718750 0.533854 0.718750 0.532552 0.716797 0.529948 0.715820 0.529948 0.714844 0.528646 0.710938 0.528646 0.709961 0.527344
0 0.704102 0.578125 0.703125 0.579427 0.703125 0.582031 0.702148 0.583333 0.702148 0.587240 0.703125 0.588542 0.703125 0.597656 0.704102 0.598958 0.704102 0.601562 0.708008 0.606771 0.708984 0.606771 0.710938 0.609375 0.711914 0.609375 0.714844 0.611979 0.716797 0.611979 0.717773 0.613281 0.720703 0.613281 0.721680 0.614583 0.725586 0.614583 0.726562 0.615885 0.727539 0.615885 0.730469 0.611979 0.731445 0.611979 0.735352 0.606771 0.736328 0.606771 0.736328 0.588542 0.735352 0.587240 0.734375 0.583333 0.727539 0.575521 0.726562 0.575521 0.725586 0.574219 0.723633 0.574219 0.722656 0.572917 0.713867 0.572917 0.712891 0.574219 0.709961 0.574219 0.708984 0.575521 0.708008 0.575521 0.706055 0.578125
0 0.740234 0.584635 0.739258 0.585938 0.738281 0.585938 0.738281 0.588542 0.737305 0.589844 0.737305 0.606771 0.738281 0.608073 0.738281 0.609375 0.741211 0.613281 0.741211 0.614583 0.743164 0.617188 0.743164 0.618490 0.746094 0.622396 0.746094 0.623698 0.747070 0.623698 0.749023 0.626302 0.752930 0.626302 0.753906 0.625000 0.754883 0.625000 0.756836 0.622396 0.756836 0.621094 0.758789 0.618490 0.758789 0.617188 0.759766 0.615885 0.759766 0.602865 0.758789 0.601562 0.758789 0.600260 0.756836 0.597656 0.756836 0.596354 0.753906 0.592448 0.752930 0.592448 0.749023 0.587240 0.748047 0.587240 0.747070 0.585938 0.744141 0.585938 0.743164 0.584635
0 0.727539 0.539062 0.725586 0.542969 0.725586 0.553385 0.724609 0.554688 0.724609 0.558594 0.723633 0.559896 0.723633 0.565104 0.724609 0.566406 0.724609 0.567708 0.725586 0.569010 0.725586 0.570312 0.729492 0.575521 0.730469 0.575521 0.732422 0.578125 0.733398 0.578125 0.734375 0.579427 0.741211 0.579427 0.747070 0.571615 0.748047 0.571615 0.749023 0.570312 0.749023 0.567708 0.750000 0.566406 0.750000 0.549479 0.749023 0.548177 0.749023 0.546875 0.748047 0.545573 0.748047 0.544271 0.746094 0.541667 0.745117 0.541667 0.743164 0.539062 0.741211 0.539062 0.740234 0.537760 0.731445 0.537760 0.730469 0.539062
0 0.759766 0.552083 0.755859 0.552083 0.754883 0.550781 0.750977 0.550781 0.750977 0.552083 0.750000 0.553385 0.750000 0.567708 0.749023 0.569010 0.749023 0.570312 0.746094 0.574219 0.746094 0.575521 0.745117 0.576823 0.745117 0.580729 0.746094 0.582031 0.746094 0.583333 0.747070 0.584635 0.749023 0.584635 0.750000 0.585938 0.751953 0.585938 0.752930 0.584635 0.754883 0.584635 0.755859 0.583333 0.756836 0.583333 0.757812 0.582031 0.758789 0.582031 0.761719 0.578125 0.762695 0.578125 0.765625 0.574219 0.765625 0.570312 0.764648 0.569010 0.764648 0.567708 0.763672 0.566406 0.763672 0.562500 0.762695 0.561198 0.762695 0.558594 0.761719 0.557292 0.761719 0.555990 0.760742 0.554688 0.760742 0.553385
