0 0.166016 0.122715 0.163086 0.122715 0.162109 0.121410 0.161133 0.122715 0.160156 0.122715 0.158203 0.125326 0.152344 0.127937 0.149414 0.134465 0.149414 0.137076 0.148438 0.138381 0.148438 0.140992 0.147461 0.142298 0.147461 0.152742 0.148438 0.154047 0.148438 0.161880 0.149414 0.163185 0.149414 0.168407 0.152344 0.171018 0.158203 0.171018 0.159180 0.172324 0.162109 0.172324 0.163086 0.171018 0.163086 0.169713 0.166016 0.165796 0.166992 0.161880 0.170898 0.156658 0.170898 0.155352 0.172852 0.152742 0.173828 0.152742 0.175781 0.150131 0.176758 0.150131 0.178711 0.147520 0.178711 0.146214 0.179688 0.144909 0.179688 0.137076 0.178711 0.135770 0.178711 0.134465 0.174805 0.129243 0.173828 0.129243 0.171875 0.126632 0.170898 0.126632
0 0.193359 0.126632 0.190430 0.130548 0.189453 0.130548 0.187500 0.133159 0.187500 0.134465 0.186523 0.135770 0.186523 0.143603 0.187500 0.144909 0.187500 0.154047 0.188477 0.155352 0.188477 0.157963 0.189453 0.159269 0.189453 0.161880 0.190430 0.163185 0.192383 0.169713 0.195312 0.173629 0.196289 0.173629 0.201172 0.177546 0.203125 0.177546 0.204102 0.178851 0.205078 0.177546 0.209961 0.174935 0.212891 0.171018 0.213867 0.171018 0.214844 0.169713 0.214844 0.163185 0.215820 0.161880 0.215820 0.156658 0.217773 0.154047 0.217773 0.152742 0.220703 0.148825 0.220703 0.144909 0.219727 0.143603 0.219727 0.142298 0.218750 0.142298 0.216797 0.139687 0.214844 0.139687 0.213867 0.138381 0.212891 0.138381 0.210938 0.134465 0.209961 0.134465 0.203125 0.129243 0.201172 0.129243 0.198242 0.126632
0 0.220703 0.151436 0.217773 0.155352 0.217773 0.156658 0.216797 0.157963 0.216797 0.189295 0.217773 0.190601 0.217773 0.193211 0.219727 0.195822 0.220703 0.195822 0.224609 0.199739 0.230469 0.199739 0.231445 0.201044 0.242188 0.201044 0.243164 0.199739 0.245117 0.199739 0.245117 0.195822 0.247070 0.193211 0.247070 0.191906 0.248047 0.190601 0.249023 0.190601 0.249023 0.189295 0.250000 0.187990 0.250000 0.185379 0.250977 0.184073 0.250977 0.174935 0.252930 0.172324 0.252930 0.163185 0.250977 0.160574 0.250977 0.159269 0.250000 0.159269 0.244141 0.152742 0.243164 0.152742 0.240234 0.150131 0.222656 0.150131 0.221680 0.151436
0 0.228516 0.202350 0.227539 0.202350 0.226562 0.201044 0.223633 0.201044 0.222656 0.199739 0.220703 0.199739 0.219727 0.198433 0.217773 0.198433 0.216797 0.197128 0.214844 0.197128 0.213867 0.198433 0.211914 0.198433 0.209961 0.201044 0.208984 0.201044 0.206055 0.204961 0.206055 0.206266 0.203125 0.210183 0.202148 0.210183 0.201172 0.211488 0.201172 0.212794 0.200195 0.214099 0.200195 0.219321 0.201172 0.220627 0.201172 0.228460 0.202148 0.229765 0.202148 0.233681 0.205078 0.237598 0.207031 0.237598 0.208008 0.238903 0.218750 0.238903 0.219727 0.237598 0.220703 0.237598 0.222656 0.234987 0.222656 0.233681 0.223633 0.232376 0.224609 0.228460 0.228516 0.223238 0.228516 0.221932 0.232422 0.216710 0.232422 0.215405 0.231445 0.214099 0.231445 0.211488 0.230469 0.210183 0.230469 0.206266
0 0.247070 0.203655 0.243164 0.207572 0.242188 0.207572 0.239258 0.211488 0.238281 0.211488 0.235352 0.215405 0.234375 0.215405 0.233398 0.216710 0.233398 0.218016 0.227539 0.225849 0.227539 0.227154 0.225586 0.229765 0.225586 0.233681 0.226562 0.234987 0.226562 0.236292 0.236328 0.249347 0.241211 0.251958 0.243164 0.254569 0.244141 0.254569 0.248047 0.258486 0.251953 0.258486 0.255859 0.254569 0.257812 0.254569 0.258789 0.255875 0.259766 0.255875 0.260742 0.254569 0.262695 0.254569 0.263672 0.253264 0.266602 0.251958 0.263672 0.250653 0.261719 0.248042 0.264648 0.245431 0.266602 0.245431 0.266602 0.244125 0.269531 0.237598 0.269531 0.234987 0.270508 0.233681 0.270508 0.225849 0.267578 0.219321 0.266602 0.219321 0.262695 0.215405 0.260742 0.215405 0.259766 0.214099 0.258789 0.214099 0.253906 0.207572 0.252930 0.207572 0.250977 0.204961 0.250000 0.204961 0.249023 0.203655
0 0.168945 0.191906 0.167969 0.193211 0.166992 0.193211 0.165039 0.195822 0.164062 0.195822 0.161133 0.199739 0.161133 0.202350 0.160156 0.203655 0.160156 0.210183 0.161133 0.211488 0.161133 0.219321 0.162109 0.220627 0.162109 0.224543 0.166992 0.231070 0.167969 0.231070 0.168945 0.232376 0.168945 0.233681 0.169922 0.233681 0.170898 0.234987 0.173828 0.234987 0.174805 0.233681 0.182617 0.233681 0.184570 0.229765 0.184570 0.227154 0.186523 0.223238 0.186523 0.220627 0.188477 0.218016 0.188477 0.216710 0.190430 0.214099 0.190430 0.212794 0.191406 0.211488 0.191406 0.206266 0.190430 0.204961 0.190430 0.203655 0.188477 0.201044 0.187500 0.197128 0.185547 0.194517 0.184570 0.194517 0.183594 0.193211 0.181641 0.193211 0.180664 0.191906
0 0.175781 0.236292 0.173828 0.238903 0.171875 0.245431 0.169922 0.248042 0.170898 0.249347 0.170898 0.259791 0.171875 0.261097 0.171875 0.265013 0.172852 0.266319 0.174805 0.272846 0.181641 0.281984 0.182617 0.281984 0.185547 0.285901 0.189453 0.285901 0.190430 0.287206 0.197266 0.287206 0.198242 0.285901 0.200195 0.285901 0.201172 0.284595 0.202148 0.284595 0.203125 0.283290 0.203125 0.278068 0.202148 0.276762 0.202148 0.272846 0.203125 0.271540 0.203125 0.254569 0.204102 0.253264 0.204102 0.251958 0.203125 0.250653 0.203125 0.242820 0.202148 0.241514 0.202148 0.240209 0.201172 0.240209 0.200195 0.238903 0.191406 0.238903 0.190430 0.237598 0.186523 0.237598 0.185547 0.236292 0.182617 0.236292 0.181641 0.234987 0.177734 0.234987 0.176758 0.236292
0 0.212891 0.288512 0.206055 0.288512 0.205078 0.289817 0.203125 0.289817 0.202148 0.291123 0.199219 0.291123 0.198242 0.292428 0.196289 0.292428 0.195312 0.293734 0.192383 0.295039 0.190430 0.297650 0.189453 0.297650 0.186523 0.301567 0.185547 0.301567 0.185547 0.302872 0.184570 0.304178 0.184570 0.312010 0.185547 0.313316 0.186523 0.317232 0.188477 0.319843 0.188477 0.321149 0.195312 0.330287 0.196289 0.330287 0.198242 0.332898 0.199219 0.332898 0.202148 0.336815 0.203125 0.336815 0.204102 0.338120 0.208984 0.338120 0.209961 0.336815 0.211914 0.336815 0.212891 0.335509 0.213867 0.335509 0.218750 0.328982 0.218750 0.327676 0.219727 0.326371 0.220703 0.326371 0.225586 0.319843 0.226562 0.319843 0.228516 0.315927 0.228516 0.314621 0.227539 0.313316 0.227539 0.310705 0.226562 0.309399 0.226562 0.308094 0.224609 0.305483 0.224609 0.304178 0.223633 0.302872 0.222656 0.302872 0.217773 0.296345 0.216797 0.292428 0.215820 0.292428
0 0.250977 0.261097 0.248047 0.261097 0.247070 0.259791 0.245117 0.259791 0.244141 0.261097 0.239258 0.261097 0.238281 0.262402 0.234375 0.262402 0.233398 0.263708 0.232422 0.263708 0.231445 0.265013 0.230469 0.265013 0.227539 0.267624 0.227539 0.270235 0.226562 0.271540 0.226562 0.279373 0.227539 0.280679 0.227539 0.283290 0.228516 0.284595 0.228516 0.285901 0.229492 0.287206 0.230469 0.291123 0.237305 0.300261 0.238281 0.300261 0.239258 0.301567 0.248047 0.301567 0.249023 0.300261 0.251953 0.300261 0.256836 0.293734 0.256836 0.289817 0.257812 0.288512 0.257812 0.271540 0.256836 0.270235 0.256836 0.267624 0.252930 0.262402 0.251953 0.262402
0 0.265625 0.268930 0.264648 0.270235 0.262695 0.270235 0.261719 0.271540 0.259766 0.271540 0.259766 0.275457 0.258789 0.276762 0.258789 0.281984 0.259766 0.283290 0.258789 0.284595 0.258789 0.291123 0.257812 0.292428 0.257812 0.300261 0.258789 0.301567 0.258789 0.305483 0.259766 0.306789 0.259766 0.308094 0.260742 0.309399 0.261719 0.313316 0.265625 0.318538 0.266602 0.318538 0.268555 0.321149 0.271484 0.322454 0.272461 0.321149 0.275391 0.319843 0.277344 0.317232 0.278320 0.317232 0.279297 0.315927 0.281250 0.315927 0.282227 0.314621 0.285156 0.313316 0.288086 0.309399 0.288086 0.305483 0.289062 0.304178 0.289062 0.298956 0.288086 0.297650 0.288086 0.295039 0.287109 0.293734 0.286133 0.289817 0.282227 0.284595 0.281250 0.280679 0.279297 0.278068 0.279297 0.276762 0.277344 0.274151 0.277344 0.272846 0.274414 0.268930
0 0.286133 0.214099 0.281250 0.219321 0.280273 0.219321 0.275391 0.223238 0.275391 0.225849 0.274414 0.227154 0.275391 0.228460 0.275391 0.232376 0.276367 0.233681 0.276367 0.236292 0.278320 0.240209 0.278320 0.242820 0.276367 0.246736 0.276367 0.253264 0.277344 0.254569 0.278320 0.258486 0.283203 0.265013 0.284180 0.265013 0.285156 0.266319 0.287109 0.266319 0.288086 0.267624 0.291992 0.267624 0.292969 0.266319 0.293945 0.266319 0.296875 0.262402 0.296875 0.261097 0.298828 0.257180 0.298828 0.253264 0.299805 0.251958 0.299805 0.244125 0.300781 0.242820 0.300781 0.240209 0.301758 0.238903 0.301758 0.237598 0.303711 0.234987 0.303711 0.224543 0.297852 0.216710 0.296875 0.216710 0.295898 0.215405 0.293945 0.215405 0.292969 0.214099
0 0.268555 0.142298 0.265625 0.146214 0.264648 0.148825 0.264648 0.151436 0.263672 0.152742 0.263672 0.173629 0.264648 0.174935 0.264648 0.178851 0.265625 0.180157 0.265625 0.184073 0.266602 0.185379 0.266602 0.187990 0.274414 0.193211 0.276367 0.193211 0.279297 0.195822 0.282227 0.195822 0.283203 0.197128 0.287109 0.197128 0.288086 0.198433 0.292969 0.198433 0.294922 0.197128 0.297852 0.199739 0.300781 0.195822 0.301758 0.195822 0.303711 0.190601 0.303711 0.185379 0.302734 0.184073 0.303711 0.182768 0.303711 0.177546 0.302734 0.176240 0.302734 0.168407 0.301758 0.167102 0.301758 0.164491 0.297852 0.160574 0.296875 0.157963 0.296875 0.155352 0.294922 0.152742 0.291016 0.150131 0.289062 0.150131 0.288086 0.148825 0.286133 0.148825 0.282227 0.146214 0.278320 0.146214 0.272461 0.142298
0 0.229492 0.104439 0.229492 0.105744 0.228516 0.107050 0.229492 0.108355 0.229492 0.114883 0.230469 0.116188 0.230469 0.134465 0.232422 0.137076 0.233398 0.137076 0.235352 0.139687 0.236328 0.139687 0.241211 0.146214 0.245117 0.146214 0.246094 0.147520 0.251953 0.147520 0.252930 0.146214 0.254883 0.146214 0.255859 0.144909 0.260742 0.144909 0.261719 0.143603 0.262695 0.143603 0.265625 0.139687 0.265625 0.131854 0.266602 0.130548 0.266602 0.114883 0.265625 0.114883 0.264648 0.113577 0.262695 0.113577 0.261719 0.112272 0.258789 0.110966 0.251953 0.101828 0.250977 0.101828 0.243164 0.093995 0.240234 0.093995 0.239258 0.095300 0.238281 0.095300 0.236328 0.099217 0.235352 0.099217 0.233398 0.101828 0.232422 0.101828 0.230469 0.104439
0 0.286133 0.086162 0.285156 0.087467 0.284180 0.087467 0.283203 0.088773 0.281250 0.088773 0.280273 0.090078 0.276367 0.090078 0.270508 0.095300 0.270508 0.096606 0.269531 0.097911 0.269531 0.127937 0.270508 0.129243 0.270508 0.131854 0.273438 0.135770 0.274414 0.135770 0.277344 0.138381 0.279297 0.138381 0.285156 0.143603 0.289062 0.143603 0.290039 0.142298 0.291016 0.142298 0.294922 0.137076 0.295898 0.137076 0.300781 0.130548 0.300781 0.129243 0.303711 0.122715 0.303711 0.110966 0.302734 0.109661 0.302734 0.099217 0.301758 0.097911 0.301758 0.096606 0.298828 0.093995 0.296875 0.093995 0.290039 0.086162
0 0.328125 0.096606 0.325195 0.100522 0.325195 0.101828 0.324219 0.103133 0.323242 0.103133 0.321289 0.105744 0.320312 0.105744 0.317383 0.109661 0.317383 0.120104 0.318359 0.121410 0.318359 0.122715 0.319336 0.124021 0.319336 0.126632 0.320312 0.127937 0.321289 0.131854 0.323242 0.134465 0.323242 0.135770 0.324219 0.137076 0.326172 0.143603 0.329102 0.147520 0.335938 0.147520 0.336914 0.146214 0.339844 0.146214 0.340820 0.144909 0.343750 0.144909 0.344727 0.143603 0.348633 0.143603 0.351562 0.139687 0.351562 0.138381 0.354492 0.131854 0.354492 0.121410 0.353516 0.120104 0.353516 0.117493 0.352539 0.116188 0.351562 0.112272 0.349609 0.109661 0.349609 0.108355 0.345703 0.103133 0.344727 0.103133 0.341797 0.100522 0.338867 0.100522 0.337891 0.099217 0.336914 0.099217 0.334961 0.096606 0.333008 0.096606 0.332031 0.095300 0.330078 0.095300 0.329102 0.096606
0 0.330078 0.150131 0.329102 0.151436 0.327148 0.151436 0.326172 0.152742 0.323242 0.154047 0.320312 0.157963 0.319336 0.157963 0.318359 0.159269 0.318359 0.160574 0.315430 0.164491 0.316406 0.165796 0.316406 0.173629 0.315430 0.174935 0.315430 0.177546 0.314453 0.178851 0.314453 0.185379 0.315430 0.186684 0.315430 0.189295 0.316406 0.190601 0.316406 0.195822 0.321289 0.202350 0.324219 0.203655 0.326172 0.206266 0.327148 0.206266 0.328125 0.207572 0.335938 0.207572 0.336914 0.206266 0.337891 0.206266 0.340820 0.202350 0.340820 0.201044 0.341797 0.199739 0.341797 0.189295 0.342773 0.187990 0.342773 0.177546 0.343750 0.176240 0.343750 0.173629 0.345703 0.169713 0.345703 0.164491 0.343750 0.161880 0.341797 0.155352 0.338867 0.151436 0.336914 0.151436 0.335938 0.150131
0 0.366211 0.139687 0.365234 0.140992 0.363281 0.140992 0.362305 0.142298 0.357422 0.144909 0.355469 0.147520 0.355469 0.148825 0.352539 0.152742 0.352539 0.155352 0.351562 0.156658 0.351562 0.157963 0.350586 0.159269 0.350586 0.161880 0.349609 0.163185 0.349609 0.167102 0.350586 0.168407 0.350586 0.172324 0.351562 0.173629 0.351562 0.177546 0.352539 0.178851 0.352539 0.182768 0.357422 0.190601 0.358398 0.190601 0.361328 0.193211 0.363281 0.193211 0.366211 0.195822 0.375000 0.195822 0.380859 0.187990 0.380859 0.186684 0.382812 0.184073 0.382812 0.182768 0.384766 0.178851 0.384766 0.174935 0.385742 0.173629 0.385742 0.168407 0.382812 0.164491 0.382812 0.152742 0.381836 0.151436 0.381836 0.148825 0.377930 0.143603 0.376953 0.143603 0.375977 0.142298 0.374023 0.142298 0.373047 0.140992 0.371094 0.140992 0.370117 0.139687
0 0.416016 0.126632 0.410156 0.126632 0.408203 0.129243 0.407227 0.129243 0.399414 0.139687 0.398438 0.139687 0.396484 0.142298 0.396484 0.148825 0.400391 0.156658 0.400391 0.168407 0.407227 0.177546 0.408203 0.177546 0.411133 0.181462 0.412109 0.181462 0.413086 0.180157 0.415039 0.180157 0.416016 0.178851 0.416992 0.178851 0.417969 0.177546 0.418945 0.177546 0.419922 0.176240 0.424805 0.173629 0.429688 0.167102 0.429688 0.165796 0.432617 0.159269 0.432617 0.151436 0.431641 0.150131 0.431641 0.148825 0.429688 0.146214 0.429688 0.144909 0.419922 0.131854 0.418945 0.131854 0.416016 0.127937
0 0.382812 0.189295 0.382812 0.191906 0.381836 0.193211 0.381836 0.204961 0.382812 0.206266 0.382812 0.208877 0.383789 0.210183 0.383789 0.212794 0.384766 0.214099 0.385742 0.218016 0.389648 0.223238 0.396484 0.223238 0.397461 0.224543 0.400391 0.225849 0.403320 0.223238 0.409180 0.223238 0.410156 0.221932 0.411133 0.221932 0.414062 0.218016 0.414062 0.216710 0.415039 0.215405 0.415039 0.212794 0.416016 0.211488 0.416016 0.203655 0.416992 0.202350 0.416992 0.201044 0.416016 0.199739 0.416016 0.198433 0.415039 0.197128 0.415039 0.194517 0.412109 0.187990 0.411133 0.187990 0.408203 0.185379 0.406250 0.185379 0.405273 0.184073 0.402344 0.184073 0.401367 0.182768 0.394531 0.182768 0.393555 0.184073 0.389648 0.184073 0.388672 0.185379 0.386719 0.185379 0.385742 0.186684 0.384766 0.186684
0 0.361328 0.221932 0.358398 0.225849 0.358398 0.227154 0.356445 0.229765 0.355469 0.233681 0.353516 0.236292 0.353516 0.237598 0.351562 0.241514 0.351562 0.245431 0.350586 0.246736 0.350586 0.249347 0.351562 0.250653 0.351562 0.253264 0.356445 0.258486 0.357422 0.258486 0.358398 0.259791 0.359375 0.259791 0.360352 0.261097 0.361328 0.261097 0.362305 0.262402 0.365234 0.263708 0.367188 0.266319 0.368164 0.266319 0.371094 0.268930 0.373047 0.268930 0.374023 0.270235 0.375977 0.270235 0.376953 0.268930 0.377930 0.268930 0.380859 0.265013 0.380859 0.263708 0.382812 0.261097 0.382812 0.259791 0.384766 0.255875 0.384766 0.240209 0.385742 0.238903 0.385742 0.237598 0.384766 0.236292 0.384766 0.233681 0.382812 0.231070 0.381836 0.231070 0.378906 0.227154 0.377930 0.227154 0.374023 0.221932 0.372070 0.221932 0.371094 0.220627 0.364258 0.220627 0.363281 0.221932
0 0.335938 0.211488 0.333984 0.211488 0.333008 0.210183 0.329102 0.210183 0.328125 0.211488 0.319336 0.211488 0.318359 0.212794 0.316406 0.212794 0.313477 0.215405 0.310547 0.215405 0.309570 0.216710 0.309570 0.218016 0.308594 0.219321 0.308594 0.223238 0.307617 0.224543 0.307617 0.229765 0.306641 0.231070 0.306641 0.242820 0.307617 0.244125 0.307617 0.254569 0.308594 0.254569 0.309570 0.255875 0.311523 0.255875 0.312500 0.254569 0.319336 0.254569 0.320312 0.253264 0.323242 0.253264 0.324219 0.251958 0.331055 0.251958 0.332031 0.250653 0.334961 0.250653 0.337891 0.248042 0.337891 0.246736 0.339844 0.244125 0.339844 0.240209 0.340820 0.238903 0.340820 0.224543 0.339844 0.223238 0.339844 0.219321 0.338867 0.218016 0.338867 0.215405
0 0.307617 0.258486 0.306641 0.259791 0.305664 0.259791 0.303711 0.262402 0.303711 0.263708 0.299805 0.268930 0.299805 0.270235 0.296875 0.274151 0.296875 0.275457 0.291992 0.281984 0.291992 0.283290 0.291016 0.284595 0.291016 0.287206 0.290039 0.288512 0.290039 0.291123 0.291016 0.292428 0.291016 0.295039 0.291992 0.296345 0.294922 0.297650 0.297852 0.301567 0.298828 0.301567 0.305664 0.306789 0.307617 0.306789 0.308594 0.308094 0.312500 0.308094 0.313477 0.309399 0.318359 0.309399 0.320312 0.306789 0.321289 0.306789 0.325195 0.301567 0.325195 0.300261 0.327148 0.297650 0.327148 0.296345 0.328125 0.295039 0.328125 0.283290 0.325195 0.279373 0.323242 0.271540 0.320312 0.267624 0.318359 0.261097 0.316406 0.258486
0 0.341797 0.262402 0.335938 0.268930 0.335938 0.270235 0.331055 0.278068 0.331055 0.285901 0.335938 0.297650 0.335938 0.300261 0.336914 0.301567 0.336914 0.302872 0.339844 0.308094 0.340820 0.308094 0.342773 0.310705 0.345703 0.312010 0.347656 0.314621 0.348633 0.314621 0.351562 0.317232 0.354492 0.317232 0.355469 0.315927 0.358398 0.315927 0.359375 0.314621 0.362305 0.314621 0.363281 0.313316 0.364258 0.313316 0.368164 0.308094 0.368164 0.306789 0.370117 0.304178 0.370117 0.301567 0.373047 0.295039 0.373047 0.283290 0.372070 0.281984 0.371094 0.278068 0.370117 0.278068 0.364258 0.271540 0.361328 0.270235 0.358398 0.266319 0.357422 0.266319 0.354492 0.263708 0.352539 0.263708 0.351562 0.262402 0.346680 0.262402 0.345703 0.261097 0.344727 0.262402
0 0.232422 0.315927 0.229492 0.322454 0.229492 0.325065 0.228516 0.326371 0.228516 0.328982 0.227539 0.330287 0.227539 0.345953 0.228516 0.347258 0.228516 0.348564 0.230469 0.348564 0.231445 0.349869 0.233398 0.349869 0.234375 0.351175 0.236328 0.351175 0.237305 0.352480 0.241211 0.352480 0.242188 0.353786 0.246094 0.353786 0.247070 0.355091 0.252930 0.355091 0.258789 0.347258 0.258789 0.344648 0.259766 0.343342 0.259766 0.336815 0.260742 0.335509 0.260742 0.330287 0.259766 0.328982 0.259766 0.325065 0.258789 0.323760 0.258789 0.319843 0.256836 0.317232 0.255859 0.317232 0.254883 0.315927 0.251953 0.315927 0.249023 0.313316 0.246094 0.313316 0.245117 0.314621 0.241211 0.314621 0.240234 0.315927
0 0.168945 0.321149 0.168945 0.322454 0.166992 0.326371 0.166992 0.328982 0.165039 0.332898 0.165039 0.335509 0.163086 0.338120 0.163086 0.339426 0.162109 0.340731 0.162109 0.343342 0.161133 0.344648 0.161133 0.351175 0.162109 0.352480 0.162109 0.353786 0.163086 0.355091 0.165039 0.361619 0.166992 0.361619 0.167969 0.362924 0.171875 0.362924 0.172852 0.364230 0.191406 0.364230 0.192383 0.362924 0.196289 0.362924 0.197266 0.361619 0.198242 0.361619 0.198242 0.359008 0.199219 0.357702 0.199219 0.355091 0.200195 0.353786 0.200195 0.340731 0.189453 0.326371 0.189453 0.325065 0.186523 0.321149 0.186523 0.319843 0.184570 0.317232 0.175781 0.317232 0.174805 0.318538 0.172852 0.318538 0.171875 0.319843
0 0.201172 0.365535 0.197266 0.365535 0.196289 0.366841 0.193359 0.366841 0.192383 0.368146 0.190430 0.368146 0.189453 0.369452 0.188477 0.369452 0.186523 0.372063 0.182617 0.372063 0.181641 0.373368 0.180664 0.373368 0.180664 0.374674 0.179688 0.375979 0.178711 0.379896 0.176758 0.382507 0.176758 0.385117 0.175781 0.386423 0.175781 0.392950 0.176758 0.394256 0.176758 0.400783 0.177734 0.402089 0.177734 0.404700 0.178711 0.406005 0.179688 0.409922 0.181641 0.412533 0.182617 0.416449 0.184570 0.419060 0.189453 0.419060 0.190430 0.417755 0.191406 0.413838 0.192383 0.412533 0.193359 0.412533 0.197266 0.407311 0.197266 0.406005 0.199219 0.403394 0.199219 0.402089 0.201172 0.399478 0.201172 0.398172 0.205078 0.392950 0.205078 0.379896 0.204102 0.378590 0.204102 0.372063 0.203125 0.370757 0.203125 0.368146
0 0.204102 0.366841 0.204102 0.369452 0.205078 0.370757 0.205078 0.373368 0.206055 0.374674 0.206055 0.378590 0.207031 0.379896 0.207031 0.382507 0.214844 0.399478 0.215820 0.399478 0.218750 0.402089 0.221680 0.402089 0.222656 0.403394 0.225586 0.403394 0.226562 0.404700 0.231445 0.404700 0.232422 0.406005 0.233398 0.404700 0.242188 0.404700 0.243164 0.403394 0.244141 0.403394 0.244141 0.402089 0.248047 0.398172 0.247070 0.396867 0.247070 0.391645 0.248047 0.390339 0.248047 0.387728 0.249023 0.386423 0.249023 0.372063 0.248047 0.370757 0.248047 0.369452 0.241211 0.360313 0.239258 0.360313 0.238281 0.359008 0.236328 0.359008 0.235352 0.357702 0.226562 0.357702 0.225586 0.359008 0.212891 0.359008 0.211914 0.360313 0.208984 0.360313
0 0.261719 0.348564 0.260742 0.349869 0.257812 0.351175 0.253906 0.356397 0.253906 0.357702 0.252930 0.359008 0.252930 0.361619 0.253906 0.362924 0.253906 0.365535 0.254883 0.366841 0.254883 0.370757 0.256836 0.374674 0.256836 0.377285 0.259766 0.383812 0.259766 0.386423 0.260742 0.387728 0.261719 0.391645 0.263672 0.394256 0.264648 0.394256 0.265625 0.395561 0.272461 0.395561 0.277344 0.391645 0.279297 0.391645 0.280273 0.390339 0.281250 0.390339 0.288086 0.381201 0.289062 0.381201 0.291016 0.378590 0.291992 0.378590 0.291992 0.372063 0.291016 0.370757 0.291016 0.368146 0.289062 0.364230 0.289062 0.361619 0.288086 0.360313 0.288086 0.359008 0.285156 0.355091 0.285156 0.353786 0.284180 0.353786 0.279297 0.348564 0.276367 0.348564 0.275391 0.347258 0.266602 0.347258 0.265625 0.348564
0 0.293945 0.306789 0.291992 0.309399 0.291016 0.309399 0.287109 0.314621 0.285156 0.314621 0.282227 0.317232 0.280273 0.317232 0.278320 0.319843 0.273438 0.322454 0.271484 0.325065 0.270508 0.325065 0.270508 0.327676 0.271484 0.328982 0.271484 0.330287 0.274414 0.334204 0.274414 0.335509 0.276367 0.338120 0.276367 0.339426 0.283203 0.348564 0.284180 0.348564 0.290039 0.355091 0.291016 0.355091 0.293945 0.357702 0.298828 0.357702 0.299805 0.356397 0.302734 0.355091 0.308594 0.348564 0.309570 0.348564 0.311523 0.345953 0.311523 0.343342 0.312500 0.342037 0.312500 0.339426 0.311523 0.338120 0.311523 0.332898 0.310547 0.331593 0.310547 0.328982 0.309570 0.327676 0.309570 0.325065 0.308594 0.323760 0.308594 0.321149 0.306641 0.318538 0.306641 0.317232 0.301758 0.310705 0.300781 0.310705 0.298828 0.308094 0.296875 0.308094 0.295898 0.306789
0 0.324219 0.312010 0.323242 0.313316 0.322266 0.313316 0.320312 0.315927 0.319336 0.315927 0.315430 0.321149 0.315430 0.328982 0.316406 0.330287 0.316406 0.332898 0.317383 0.334204 0.317383 0.338120 0.318359 0.339426 0.319336 0.345953 0.321289 0.349869 0.322266 0.356397 0.325195 0.360313 0.333008 0.360313 0.333984 0.361619 0.340820 0.361619 0.341797 0.360313 0.342773 0.360313 0.344727 0.357702 0.344727 0.356397 0.349609 0.349869 0.349609 0.348564 0.352539 0.344648 0.352539 0.343342 0.353516 0.342037 0.354492 0.342037 0.354492 0.335509 0.353516 0.334204 0.352539 0.330287 0.350586 0.327676 0.350586 0.326371 0.349609 0.325065 0.348633 0.325065 0.345703 0.321149 0.345703 0.319843 0.343750 0.317232 0.343750 0.315927 0.341797 0.315927 0.340820 0.314621 0.337891 0.314621 0.336914 0.313316 0.333008 0.313316 0.332031 0.312010
0 0.399414 0.283290 0.385742 0.283290 0.384766 0.284595 0.381836 0.284595 0.375977 0.293734 0.375977 0.295039 0.374023 0.298956 0.374023 0.301567 0.370117 0.310705 0.370117 0.315927 0.375977 0.323760 0.375977 0.325065 0.377930 0.327676 0.378906 0.327676 0.380859 0.330287 0.381836 0.330287 0.384766 0.332898 0.388672 0.332898 0.392578 0.327676 0.393555 0.327676 0.396484 0.323760 0.397461 0.323760 0.405273 0.313316 0.407227 0.306789 0.409180 0.304178 0.409180 0.297650 0.408203 0.296345 0.408203 0.293734 0.406250 0.291123 0.406250 0.289817 0.405273 0.288512 0.404297 0.288512 0.401367 0.284595 0.400391 0.284595
0 0.372070 0.343342 0.371094 0.344648 0.369141 0.344648 0.368164 0.345953 0.367188 0.345953 0.362305 0.351175 0.359375 0.352480 0.355469 0.357702 0.355469 0.359008 0.351562 0.364230 0.351562 0.373368 0.360352 0.385117 0.361328 0.385117 0.364258 0.387728 0.366211 0.387728 0.367188 0.389034 0.369141 0.389034 0.370117 0.390339 0.377930 0.390339 0.378906 0.389034 0.379883 0.389034 0.386719 0.379896 0.386719 0.378590 0.387695 0.377285 0.386719 0.375979 0.386719 0.365535 0.385742 0.364230 0.385742 0.361619 0.383789 0.357702 0.383789 0.355091 0.382812 0.353786 0.382812 0.351175 0.381836 0.349869 0.381836 0.348564 0.379883 0.345953 0.378906 0.345953 0.375977 0.343342
0 0.333984 0.370757 0.333008 0.372063 0.332031 0.372063 0.327148 0.378590 0.327148 0.379896 0.324219 0.382507 0.324219 0.383812 0.323242 0.385117 0.323242 0.398172 0.324219 0.399478 0.324219 0.406005 0.325195 0.407311 0.325195 0.413838 0.327148 0.416449 0.328125 0.416449 0.329102 0.417755 0.331055 0.417755 0.332031 0.419060 0.333984 0.419060 0.334961 0.420366 0.345703 0.420366 0.346680 0.419060 0.348633 0.419060 0.349609 0.417755 0.350586 0.417755 0.352539 0.411227 0.354492 0.408616 0.355469 0.408616 0.357422 0.404700 0.357422 0.387728 0.356445 0.386423 0.356445 0.385117 0.352539 0.379896 0.352539 0.377285 0.348633 0.372063 0.346680 0.372063 0.345703 0.370757
0 0.292969 0.382507 0.289062 0.387728 0.289062 0.390339 0.288086 0.391645 0.288086 0.394256 0.286133 0.398172 0.286133 0.402089 0.285156 0.403394 0.285156 0.409922 0.286133 0.411227 0.286133 0.413838 0.289062 0.417755 0.290039 0.417755 0.291016 0.419060 0.308594 0.419060 0.309570 0.417755 0.314453 0.417755 0.315430 0.416449 0.316406 0.416449 0.317383 0.415144 0.317383 0.412533 0.318359 0.411227 0.319336 0.407311 0.321289 0.404700 0.321289 0.398172 0.319336 0.395561 0.319336 0.394256 0.318359 0.392950 0.318359 0.391645 0.316406 0.389034 0.316406 0.387728 0.312500 0.382507 0.312500 0.381201 0.311523 0.381201 0.306641 0.377285 0.300781 0.377285 0.299805 0.378590 0.297852 0.378590 0.296875 0.379896 0.295898 0.379896 0.293945 0.382507
0 0.262695 0.403394 0.260742 0.406005 0.259766 0.406005 0.256836 0.409922 0.256836 0.411227 0.254883 0.413838 0.254883 0.420366 0.257812 0.424282 0.258789 0.428198 0.264648 0.436031 0.264648 0.437337 0.269531 0.443864 0.270508 0.443864 0.271484 0.445170 0.276367 0.445170 0.277344 0.443864 0.280273 0.443864 0.281250 0.442559 0.282227 0.442559 0.286133 0.437337 0.286133 0.436031 0.289062 0.432115 0.289062 0.430809 0.291016 0.426893 0.291016 0.422977 0.290039 0.421671 0.290039 0.420366 0.286133 0.415144 0.286133 0.413838 0.284180 0.409922 0.284180 0.406005 0.283203 0.404700 0.283203 0.403394 0.281250 0.400783 0.269531 0.400783 0.268555 0.402089 0.265625 0.402089 0.264648 0.403394
0 0.192383 0.420366 0.191406 0.421671 0.188477 0.422977 0.185547 0.426893 0.184570 0.426893 0.182617 0.429504 0.182617 0.430809 0.178711 0.436031 0.178711 0.437337 0.177734 0.438642 0.177734 0.447781 0.179688 0.450392 0.179688 0.451697 0.180664 0.453003 0.183594 0.454308 0.185547 0.456919 0.187500 0.456919 0.192383 0.460836 0.194336 0.460836 0.195312 0.462141 0.196289 0.462141 0.201172 0.466057 0.206055 0.466057 0.208008 0.463446 0.208008 0.456919 0.208984 0.455614 0.208984 0.454308 0.210938 0.451697 0.210938 0.450392 0.211914 0.449086 0.211914 0.446475 0.212891 0.445170 0.212891 0.434726 0.213867 0.433420 0.213867 0.426893 0.212891 0.425587 0.210938 0.425587 0.209961 0.424282 0.208984 0.424282 0.205078 0.419060 0.202148 0.419060 0.201172 0.417755 0.200195 0.417755 0.199219 0.419060 0.196289 0.419060 0.195312 0.420366
0 0.247070 0.432115 0.235352 0.432115 0.234375 0.433420 0.230469 0.433420 0.229492 0.434726 0.227539 0.434726 0.226562 0.436031 0.223633 0.437337 0.220703 0.441253 0.219727 0.441253 0.216797 0.445170 0.215820 0.445170 0.211914 0.450392 0.211914 0.451697 0.208984 0.458225 0.208984 0.462141 0.209961 0.463446 0.209961 0.464752 0.224609 0.484334 0.225586 0.484334 0.227539 0.486945 0.230469 0.486945 0.231445 0.488251 0.232422 0.488251 0.233398 0.486945 0.238281 0.486945 0.240234 0.484334 0.243164 0.484334 0.244141 0.483029 0.247070 0.483029 0.248047 0.481723 0.248047 0.477807 0.246094 0.475196 0.246094 0.468668 0.247070 0.467363 0.247070 0.460836 0.249023 0.456919 0.249023 0.446475 0.248047 0.445170 0.248047 0.433420
0 0.204102 0.469974 0.203125 0.471279 0.202148 0.471279 0.199219 0.475196 0.199219 0.476501 0.198242 0.477807 0.196289 0.484334 0.194336 0.486945 0.194336 0.489556 0.192383 0.492167 0.192383 0.494778 0.191406 0.496084 0.191406 0.497389 0.190430 0.498695 0.190430 0.501305 0.189453 0.502611 0.189453 0.509138 0.191406 0.511749 0.192383 0.511749 0.193359 0.513055 0.195312 0.513055 0.196289 0.514360 0.198242 0.514360 0.201172 0.516971 0.205078 0.516971 0.206055 0.518277 0.211914 0.518277 0.212891 0.519582 0.215820 0.519582 0.216797 0.520888 0.217773 0.519582 0.220703 0.519582 0.225586 0.513055 0.225586 0.511749 0.228516 0.505222 0.228516 0.498695 0.226562 0.496084 0.224609 0.488251 0.221680 0.484334 0.221680 0.483029 0.217773 0.477807 0.216797 0.477807 0.215820 0.476501 0.215820 0.475196 0.213867 0.472585 0.213867 0.471279 0.212891 0.469974 0.211914 0.469974 0.210938 0.468668 0.207031 0.468668 0.206055 0.469974
0 0.232422 0.502611 0.232422 0.503916 0.230469 0.506527 0.230469 0.507833 0.229492 0.509138 0.229492 0.511749 0.228516 0.513055 0.228516 0.514360 0.227539 0.515666 0.226562 0.519582 0.227539 0.520888 0.227539 0.522193 0.232422 0.527415 0.232422 0.528721 0.235352 0.532637 0.235352 0.533943 0.236328 0.535248 0.237305 0.535248 0.242188 0.540470 0.244141 0.540470 0.245117 0.541775 0.256836 0.541775 0.262695 0.536554 0.262695 0.535248 0.263672 0.533943 0.263672 0.528721 0.265625 0.524804 0.265625 0.514360 0.264648 0.513055 0.263672 0.509138 0.261719 0.506527 0.261719 0.505222 0.260742 0.505222 0.259766 0.503916 0.256836 0.503916 0.255859 0.502611 0.244141 0.502611 0.243164 0.501305 0.237305 0.501305 0.236328 0.502611
0 0.261719 0.451697 0.261719 0.453003 0.259766 0.455614 0.259766 0.462141 0.258789 0.463446 0.258789 0.468668 0.257812 0.469974 0.257812 0.483029 0.261719 0.489556 0.262695 0.493473 0.265625 0.497389 0.266602 0.497389 0.267578 0.498695 0.271484 0.498695 0.272461 0.500000 0.276367 0.500000 0.277344 0.501305 0.281250 0.501305 0.282227 0.502611 0.283203 0.501305 0.286133 0.501305 0.287109 0.500000 0.288086 0.500000 0.291016 0.496084 0.291016 0.494778 0.294922 0.489556 0.294922 0.488251 0.295898 0.486945 0.295898 0.479112 0.294922 0.477807 0.294922 0.475196 0.292969 0.471279 0.292969 0.467363 0.291992 0.466057 0.291992 0.463446 0.291016 0.462141 0.291016 0.459530 0.290039 0.458225 0.290039 0.455614 0.289062 0.454308 0.288086 0.450392 0.287109 0.449086 0.268555 0.449086 0.267578 0.450392 0.263672 0.450392 0.262695 0.451697
0 0.293945 0.426893 0.290039 0.434726 0.290039 0.450392 0.291016 0.451697 0.291016 0.454308 0.294922 0.463446 0.294922 0.466057 0.297852 0.469974 0.301758 0.469974 0.302734 0.471279 0.307617 0.471279 0.308594 0.472585 0.314453 0.472585 0.315430 0.471279 0.317383 0.471279 0.318359 0.469974 0.321289 0.468668 0.324219 0.464752 0.324219 0.463446 0.327148 0.456919 0.327148 0.437337 0.326172 0.436031 0.326172 0.430809 0.323242 0.426893 0.322266 0.426893 0.319336 0.424282 0.313477 0.424282 0.312500 0.422977 0.309570 0.422977 0.308594 0.424282 0.304688 0.424282 0.303711 0.425587 0.295898 0.425587 0.294922 0.426893
0 0.302734 0.483029 0.301758 0.484334 0.298828 0.485640 0.298828 0.486945 0.295898 0.490862 0.295898 0.492167 0.293945 0.494778 0.293945 0.496084 0.292969 0.497389 0.292969 0.505222 0.294922 0.507833 0.295898 0.507833 0.310547 0.527415 0.316406 0.527415 0.317383 0.526110 0.320312 0.526110 0.321289 0.524804 0.323242 0.524804 0.324219 0.523499 0.326172 0.523499 0.328125 0.520888 0.328125 0.507833 0.330078 0.503916 0.330078 0.489556 0.329102 0.488251 0.329102 0.486945 0.327148 0.484334 0.326172 0.484334 0.325195 0.483029 0.322266 0.483029 0.321289 0.481723 0.319336 0.481723 0.318359 0.480418 0.311523 0.480418 0.310547 0.481723 0.308594 0.481723 0.307617 0.483029
0 0.272461 0.514360 0.270508 0.516971 0.270508 0.518277 0.268555 0.520888 0.268555 0.522193 0.266602 0.526110 0.266602 0.530026 0.265625 0.531332 0.265625 0.539164 0.266602 0.540470 0.266602 0.541775 0.267578 0.541775 0.269531 0.544386 0.270508 0.544386 0.271484 0.545692 0.273438 0.545692 0.274414 0.546997 0.275391 0.546997 0.278320 0.549608 0.280273 0.549608 0.283203 0.552219 0.285156 0.552219 0.286133 0.553525 0.289062 0.553525 0.290039 0.554830 0.294922 0.554830 0.301758 0.545692 0.301758 0.544386 0.303711 0.541775 0.303711 0.537859 0.304688 0.536554 0.304688 0.526110 0.303711 0.524804 0.303711 0.523499 0.302734 0.522193 0.301758 0.522193 0.292969 0.510444 0.291992 0.510444 0.289062 0.507833 0.282227 0.507833 0.281250 0.509138 0.280273 0.509138 0.279297 0.510444 0.277344 0.510444 0.276367 0.511749 0.275391 0.511749 0.273438 0.514360
0 0.255859 0.550914 0.254883 0.549608 0.253906 0.549608 0.252930 0.550914 0.250000 0.550914 0.249023 0.549608 0.247070 0.549608 0.240234 0.544386 0.231445 0.544386 0.230469 0.545692 0.229492 0.545692 0.222656 0.556136 0.222656 0.557441 0.221680 0.558747 0.221680 0.560052 0.219727 0.562663 0.219727 0.565274 0.218750 0.566580 0.218750 0.580940 0.219727 0.582245 0.219727 0.586162 0.220703 0.587467 0.220703 0.588773 0.229492 0.588773 0.230469 0.587467 0.236328 0.587467 0.237305 0.586162 0.241211 0.586162 0.242188 0.584856 0.246094 0.584856 0.247070 0.583551 0.249023 0.583551 0.250000 0.582245 0.250977 0.582245 0.255859 0.575718 0.255859 0.574413 0.257812 0.570496 0.257812 0.561358 0.258789 0.560052 0.257812 0.558747 0.257812 0.554830 0.255859 0.552219
0 0.243164 0.599217 0.240234 0.599217 0.236328 0.595300 0.229492 0.595300 0.228516 0.593995 0.227539 0.595300 0.224609 0.595300 0.223633 0.596606 0.219727 0.596606 0.218750 0.597911 0.217773 0.597911 0.210938 0.607050 0.210938 0.610966 0.209961 0.612272 0.209961 0.622715 0.208984 0.624021 0.208984 0.629243 0.209961 0.630548 0.210938 0.634465 0.213867 0.638381 0.213867 0.639687 0.214844 0.640992 0.214844 0.644909 0.215820 0.646214 0.215820 0.647520 0.217773 0.647520 0.218750 0.648825 0.223633 0.648825 0.224609 0.647520 0.227539 0.647520 0.228516 0.646214 0.231445 0.644909 0.236328 0.639687 0.237305 0.639687 0.243164 0.633159 0.243164 0.627937 0.244141 0.626632 0.244141 0.620104 0.245117 0.618799 0.245117 0.617493 0.243164 0.613577 0.243164 0.610966 0.242188 0.609661 0.242188 0.607050 0.245117 0.601828
0 0.246094 0.640992 0.242188 0.640992 0.241211 0.642298 0.239258 0.642298 0.238281 0.643603 0.236328 0.643603 0.235352 0.644909 0.233398 0.644909 0.227539 0.652742 0.226562 0.652742 0.224609 0.655352 0.224609 0.656658 0.222656 0.660574 0.222656 0.663185 0.221680 0.664491 0.221680 0.667102 0.218750 0.673629 0.218750 0.680157 0.220703 0.684073 0.220703 0.686684 0.221680 0.687990 0.221680 0.689295 0.230469 0.697128 0.236328 0.697128 0.236328 0.695822 0.239258 0.691906 0.242188 0.690601 0.245117 0.686684 0.245117 0.684073 0.246094 0.682768 0.246094 0.668407 0.247070 0.667102 0.247070 0.661880 0.248047 0.660574 0.248047 0.652742 0.247070 0.651436 0.247070 0.647520 0.248047 0.646214 0.248047 0.643603
0 0.250000 0.654047 0.249023 0.655352 0.249023 0.660574 0.248047 0.661880 0.248047 0.665796 0.247070 0.667102 0.247070 0.682768 0.248047 0.684073 0.248047 0.690601 0.249023 0.691906 0.249023 0.693211 0.250977 0.695822 0.252930 0.695822 0.253906 0.697128 0.257812 0.697128 0.258789 0.698433 0.269531 0.698433 0.270508 0.699739 0.273438 0.698433 0.274414 0.697128 0.274414 0.695822 0.277344 0.691906 0.277344 0.690601 0.279297 0.686684 0.279297 0.678851 0.280273 0.677546 0.280273 0.674935 0.279297 0.673629 0.279297 0.665796 0.278320 0.664491 0.278320 0.663185 0.276367 0.660574 0.275391 0.656658 0.274414 0.655352 0.272461 0.655352 0.271484 0.654047
0 0.280273 0.707572 0.279297 0.707572 0.278320 0.706266 0.276367 0.706266 0.275391 0.704961 0.272461 0.704961 0.271484 0.703655 0.265625 0.703655 0.264648 0.704961 0.259766 0.706266 0.258789 0.707572 0.257812 0.707572 0.255859 0.710183 0.250977 0.712794 0.245117 0.720627 0.245117 0.721932 0.243164 0.724543 0.243164 0.727154 0.242188 0.728460 0.242188 0.738903 0.243164 0.740209 0.243164 0.741514 0.244141 0.742820 0.245117 0.742820 0.247070 0.745431 0.248047 0.745431 0.256836 0.751958 0.258789 0.751958 0.259766 0.753264 0.264648 0.753264 0.267578 0.750653 0.271484 0.750653 0.280273 0.737598 0.280273 0.736292 0.281250 0.734987 0.281250 0.732376 0.282227 0.731070 0.282227 0.725849 0.283203 0.724543 0.283203 0.719321 0.282227 0.718016 0.282227 0.711488
0 0.275391 0.751958 0.268555 0.751958 0.267578 0.753264 0.266602 0.753264 0.264648 0.755875 0.263672 0.755875 0.262695 0.757180 0.260742 0.757180 0.259766 0.758486 0.259766 0.759791 0.254883 0.766319 0.254883 0.767624 0.252930 0.771540 0.252930 0.774151 0.250977 0.778068 0.250977 0.783290 0.251953 0.784595 0.251953 0.785901 0.254883 0.789817 0.255859 0.789817 0.256836 0.791123 0.259766 0.791123 0.262695 0.793734 0.271484 0.793734 0.272461 0.792428 0.276367 0.792428 0.279297 0.788512 0.280273 0.788512 0.281250 0.787206 0.281250 0.785901 0.282227 0.784595 0.282227 0.780679 0.283203 0.779373 0.283203 0.778068 0.285156 0.774151 0.285156 0.762402 0.280273 0.755875 0.278320 0.755875
0 0.310547 0.762402 0.308594 0.762402 0.307617 0.763708 0.299805 0.763708 0.298828 0.765013 0.297852 0.765013 0.296875 0.766319 0.291992 0.768930 0.286133 0.776762 0.286133 0.778068 0.285156 0.779373 0.285156 0.783290 0.286133 0.784595 0.286133 0.787206 0.287109 0.788512 0.287109 0.792428 0.288086 0.793734 0.288086 0.795039 0.294922 0.804178 0.295898 0.804178 0.297852 0.806789 0.298828 0.806789 0.300781 0.809399 0.301758 0.809399 0.303711 0.813316 0.310547 0.813316 0.310547 0.812010 0.311523 0.810705 0.313477 0.804178 0.320312 0.795039 0.320312 0.793734 0.323242 0.791123 0.323242 0.789817 0.324219 0.788512 0.324219 0.780679 0.323242 0.779373 0.323242 0.778068 0.318359 0.771540 0.318359 0.770235 0.316406 0.767624 0.315430 0.767624 0.314453 0.766319 0.314453 0.765013 0.313477 0.765013
0 0.307617 0.710183 0.296875 0.710183 0.295898 0.711488 0.293945 0.711488 0.292969 0.712794 0.290039 0.714099 0.290039 0.715405 0.286133 0.724543 0.286133 0.731070 0.287109 0.732376 0.287109 0.740209 0.289062 0.744125 0.289062 0.748042 0.290039 0.749347 0.290039 0.755875 0.291016 0.757180 0.291016 0.758486 0.293945 0.762402 0.295898 0.762402 0.296875 0.761097 0.304688 0.761097 0.305664 0.759791 0.308594 0.759791 0.309570 0.758486 0.310547 0.758486 0.315430 0.754569 0.317383 0.754569 0.318359 0.753264 0.318359 0.751958 0.317383 0.750653 0.317383 0.746736 0.316406 0.745431 0.316406 0.731070 0.315430 0.729765 0.315430 0.727154 0.314453 0.725849 0.314453 0.723238 0.313477 0.721932 0.313477 0.720627 0.312500 0.719321 0.310547 0.712794
0 0.313477 0.655352 0.311523 0.655352 0.310547 0.654047 0.308594 0.654047 0.307617 0.655352 0.303711 0.655352 0.302734 0.656658 0.299805 0.656658 0.298828 0.657963 0.295898 0.659269 0.289062 0.667102 0.289062 0.668407 0.286133 0.672324 0.286133 0.673629 0.284180 0.677546 0.284180 0.680157 0.283203 0.681462 0.283203 0.685379 0.282227 0.686684 0.282227 0.695822 0.283203 0.697128 0.283203 0.698433 0.285156 0.701044 0.286133 0.701044 0.287109 0.702350 0.292969 0.702350 0.293945 0.703655 0.310547 0.703655 0.310547 0.702350 0.312500 0.699739 0.312500 0.698433 0.315430 0.694517 0.316406 0.690601 0.319336 0.686684 0.319336 0.684073 0.320312 0.682768 0.320312 0.681462 0.317383 0.674935 0.317383 0.671018 0.316406 0.669713 0.316406 0.660574 0.315430 0.659269 0.315430 0.657963
0 0.327148 0.685379 0.326172 0.686684 0.325195 0.686684 0.322266 0.690601 0.321289 0.690601 0.316406 0.697128 0.315430 0.701044 0.313477 0.703655 0.313477 0.707572 0.312500 0.708877 0.312500 0.712794 0.315430 0.719321 0.315430 0.721932 0.316406 0.723238 0.316406 0.724543 0.319336 0.728460 0.320312 0.728460 0.322266 0.731070 0.325195 0.732376 0.327148 0.734987 0.328125 0.734987 0.329102 0.736292 0.331055 0.736292 0.332031 0.737598 0.333984 0.737598 0.334961 0.738903 0.338867 0.738903 0.344727 0.733681 0.344727 0.732376 0.346680 0.729765 0.346680 0.728460 0.349609 0.721932 0.349609 0.719321 0.350586 0.718016 0.350586 0.706266 0.349609 0.704961 0.349609 0.701044 0.344727 0.694517 0.344727 0.693211 0.339844 0.685379 0.338867 0.685379 0.337891 0.684073 0.333008 0.684073 0.332031 0.685379
0 0.267578 0.593995 0.266602 0.595300 0.263672 0.596606 0.261719 0.599217 0.261719 0.600522 0.259766 0.603133 0.259766 0.604439 0.257812 0.608355 0.257812 0.614883 0.258789 0.616188 0.258789 0.620104 0.259766 0.621410 0.260742 0.625326 0.263672 0.629243 0.266602 0.630548 0.270508 0.635770 0.271484 0.635770 0.272461 0.637076 0.279297 0.637076 0.288086 0.625326 0.288086 0.624021 0.289062 0.622715 0.289062 0.621410 0.291992 0.614883 0.291992 0.612272 0.292969 0.610966 0.292969 0.604439 0.291992 0.603133 0.291016 0.599217 0.286133 0.595300 0.285156 0.596606 0.280273 0.596606 0.279297 0.595300 0.272461 0.595300 0.271484 0.593995
0 0.269531 0.549608 0.268555 0.550914 0.267578 0.550914 0.265625 0.553525 0.264648 0.553525 0.264648 0.554830 0.262695 0.557441 0.262695 0.558747 0.261719 0.560052 0.261719 0.567885 0.260742 0.569191 0.260742 0.578329 0.261719 0.579634 0.261719 0.583551 0.262695 0.584856 0.262695 0.586162 0.266602 0.591384 0.267578 0.591384 0.270508 0.593995 0.274414 0.593995 0.275391 0.595300 0.279297 0.595300 0.280273 0.593995 0.284180 0.593995 0.286133 0.591384 0.287109 0.591384 0.291016 0.586162 0.291016 0.584856 0.292969 0.580940 0.292969 0.569191 0.291992 0.567885 0.291992 0.563969 0.291016 0.562663 0.291016 0.560052 0.289062 0.556136 0.287109 0.556136 0.282227 0.552219 0.279297 0.552219 0.278320 0.550914 0.275391 0.550914 0.274414 0.549608
0 0.312500 0.539164 0.311523 0.540470 0.309570 0.540470 0.308594 0.541775 0.307617 0.541775 0.296875 0.556136 0.296875 0.570496 0.297852 0.571802 0.297852 0.574413 0.298828 0.575718 0.298828 0.578329 0.299805 0.579634 0.299805 0.583551 0.300781 0.584856 0.300781 0.586162 0.301758 0.586162 0.304688 0.588773 0.308594 0.588773 0.309570 0.590078 0.316406 0.590078 0.317383 0.591384 0.321289 0.591384 0.326172 0.587467 0.326172 0.584856 0.327148 0.583551 0.327148 0.579634 0.326172 0.578329 0.326172 0.577023 0.324219 0.574413 0.324219 0.569191 0.322266 0.565274 0.322266 0.562663 0.321289 0.561358 0.321289 0.558747 0.320312 0.557441 0.320312 0.544386 0.319336 0.543081 0.319336 0.540470 0.318359 0.540470 0.317383 0.539164
0 0.329102 0.586162 0.328125 0.587467 0.327148 0.587467 0.326172 0.588773 0.325195 0.588773 0.323242 0.591384 0.322266 0.591384 0.321289 0.592689 0.312500 0.592689 0.311523 0.591384 0.309570 0.591384 0.308594 0.592689 0.308594 0.597911 0.307617 0.599217 0.307617 0.608355 0.308594 0.609661 0.308594 0.610966 0.311523 0.614883 0.311523 0.616188 0.314453 0.620104 0.315430 0.620104 0.318359 0.622715 0.326172 0.622715 0.331055 0.616188 0.331055 0.614883 0.332031 0.613577 0.332031 0.599217 0.331055 0.597911 0.331055 0.591384 0.330078 0.590078 0.330078 0.587467
0 0.351562 0.522193 0.349609 0.522193 0.348633 0.520888 0.335938 0.520888 0.334961 0.522193 0.328125 0.526110 0.322266 0.533943 0.322266 0.536554 0.321289 0.537859 0.321289 0.557441 0.322266 0.558747 0.322266 0.561358 0.323242 0.562663 0.323242 0.565274 0.324219 0.566580 0.324219 0.569191 0.325195 0.570496 0.325195 0.574413 0.326172 0.575718 0.329102 0.575718 0.339844 0.567885 0.344727 0.566580 0.345703 0.565274 0.348633 0.563969 0.350586 0.561358 0.355469 0.558747 0.357422 0.556136 0.357422 0.546997 0.356445 0.545692 0.356445 0.543081 0.355469 0.541775 0.355469 0.535248 0.356445 0.533943 0.356445 0.528721 0.355469 0.528721
0 0.337891 0.573107 0.333008 0.579634 0.333008 0.580940 0.332031 0.582245 0.332031 0.584856 0.331055 0.586162 0.331055 0.593995 0.332031 0.595300 0.332031 0.600522 0.333008 0.601828 0.333008 0.613577 0.333984 0.614883 0.338867 0.617493 0.340820 0.620104 0.342773 0.620104 0.343750 0.621410 0.345703 0.621410 0.346680 0.622715 0.353516 0.622715 0.354492 0.621410 0.355469 0.621410 0.356445 0.620104 0.356445 0.618799 0.358398 0.616188 0.358398 0.614883 0.359375 0.613577 0.359375 0.612272 0.360352 0.610966 0.360352 0.609661 0.365234 0.597911 0.365234 0.595300 0.366211 0.593995 0.366211 0.586162 0.365234 0.584856 0.365234 0.578329 0.362305 0.574413 0.360352 0.574413 0.359375 0.573107 0.357422 0.573107 0.356445 0.571802 0.354492 0.571802 0.353516 0.570496 0.344727 0.570496 0.343750 0.571802 0.340820 0.571802 0.339844 0.573107
0 0.320312 0.626632 0.316406 0.631854 0.316406 0.633159 0.315430 0.634465 0.315430 0.637076 0.314453 0.638381 0.314453 0.647520 0.315430 0.648825 0.315430 0.650131 0.319336 0.655352 0.320312 0.655352 0.322266 0.657963 0.329102 0.657963 0.333008 0.663185 0.333984 0.663185 0.335938 0.665796 0.335938 0.667102 0.337891 0.667102 0.338867 0.668407 0.341797 0.668407 0.342773 0.667102 0.343750 0.667102 0.346680 0.663185 0.347656 0.663185 0.351562 0.657963 0.352539 0.657963 0.352539 0.656658 0.354492 0.654047 0.354492 0.652742 0.355469 0.651436 0.355469 0.647520 0.356445 0.646214 0.356445 0.634465 0.355469 0.633159 0.355469 0.630548 0.354492 0.629243 0.354492 0.627937 0.352539 0.625326 0.349609 0.625326 0.348633 0.624021 0.343750 0.624021 0.342773 0.622715 0.339844 0.622715 0.336914 0.620104 0.335938 0.621410 0.333008 0.621410 0.332031 0.622715 0.329102 0.622715 0.326172 0.625326 0.322266 0.625326 0.321289 0.626632
0 0.372070 0.655352 0.370117 0.655352 0.369141 0.654047 0.360352 0.654047 0.359375 0.655352 0.358398 0.655352 0.348633 0.669713 0.348633 0.673629 0.347656 0.674935 0.347656 0.677546 0.346680 0.678851 0.346680 0.687990 0.347656 0.689295 0.347656 0.691906 0.348633 0.693211 0.348633 0.694517 0.350586 0.697128 0.350586 0.698433 0.356445 0.706266 0.361328 0.706266 0.363281 0.703655 0.364258 0.703655 0.366211 0.701044 0.369141 0.699739 0.371094 0.697128 0.372070 0.697128 0.375000 0.693211 0.375977 0.693211 0.378906 0.689295 0.378906 0.687990 0.379883 0.686684 0.379883 0.671018 0.378906 0.669713 0.378906 0.667102 0.377930 0.665796 0.376953 0.661880
0 0.366211 0.708877 0.366211 0.719321 0.367188 0.720627 0.367188 0.721932 0.368164 0.723238 0.368164 0.724543 0.369141 0.725849 0.369141 0.727154 0.370117 0.728460 0.370117 0.729765 0.371094 0.731070 0.372070 0.734987 0.374023 0.737598 0.375000 0.737598 0.375977 0.738903 0.380859 0.738903 0.381836 0.737598 0.393555 0.737598 0.394531 0.736292 0.395508 0.736292 0.395508 0.734987 0.397461 0.732376 0.397461 0.731070 0.404297 0.721932 0.404297 0.720627 0.405273 0.719321 0.405273 0.710183 0.402344 0.706266 0.401367 0.706266 0.400391 0.704961 0.398438 0.704961 0.397461 0.703655 0.394531 0.703655 0.393555 0.702350 0.390625 0.702350 0.389648 0.701044 0.384766 0.701044 0.383789 0.699739 0.372070 0.699739 0.369141 0.703655 0.368164 0.703655 0.368164 0.704961
0 0.396484 0.647520 0.395508 0.648825 0.390625 0.651436 0.386719 0.656658 0.385742 0.656658 0.381836 0.663185 0.381836 0.680157 0.382812 0.681462 0.382812 0.693211 0.385742 0.697128 0.387695 0.697128 0.389648 0.699739 0.391602 0.699739 0.392578 0.701044 0.394531 0.701044 0.395508 0.702350 0.398438 0.702350 0.399414 0.703655 0.401367 0.703655 0.402344 0.704961 0.409180 0.704961 0.410156 0.703655 0.411133 0.703655 0.415039 0.698433 0.415039 0.697128 0.416992 0.694517 0.416992 0.693211 0.419922 0.686684 0.419922 0.682768 0.420898 0.681462 0.420898 0.665796 0.419922 0.664491 0.419922 0.661880 0.418945 0.660574 0.418945 0.659269 0.413086 0.651436 0.408203 0.651436 0.405273 0.648825 0.402344 0.648825 0.401367 0.647520
0 0.365234 0.737598 0.354492 0.737598 0.353516 0.738903 0.348633 0.738903 0.347656 0.740209 0.343750 0.740209 0.342773 0.741514 0.340820 0.741514 0.339844 0.742820 0.338867 0.742820 0.335938 0.746736 0.335938 0.753264 0.336914 0.754569 0.336914 0.757180 0.337891 0.758486 0.337891 0.761097 0.338867 0.762402 0.338867 0.763708 0.339844 0.765013 0.339844 0.766319 0.340820 0.767624 0.341797 0.771540 0.348633 0.783290 0.350586 0.783290 0.351562 0.784595 0.357422 0.784595 0.359375 0.781984 0.362305 0.780679 0.365234 0.776762 0.366211 0.776762 0.367188 0.775457 0.367188 0.774151 0.369141 0.771540 0.369141 0.770235 0.371094 0.766319 0.371094 0.755875 0.370117 0.754569 0.370117 0.749347 0.369141 0.748042 0.369141 0.745431 0.368164 0.744125 0.367188 0.740209
0 0.356445 0.787206 0.347656 0.783290 0.343750 0.778068 0.342773 0.778068 0.341797 0.776762 0.339844 0.776762 0.338867 0.778068 0.334961 0.778068 0.331055 0.783290 0.331055 0.784595 0.328125 0.788512 0.328125 0.792428 0.327148 0.793734 0.327148 0.810705 0.328125 0.812010 0.328125 0.814621 0.329102 0.815927 0.329102 0.817232 0.330078 0.817232 0.331055 0.818538 0.345703 0.818538 0.346680 0.817232 0.347656 0.817232 0.348633 0.815927 0.351562 0.814621 0.356445 0.808094 0.356445 0.806789 0.358398 0.802872 0.358398 0.795039 0.357422 0.793734 0.357422 0.791123 0.356445 0.789817
0 0.275391 0.802872 0.274414 0.804178 0.272461 0.804178 0.271484 0.805483 0.270508 0.805483 0.269531 0.806789 0.262695 0.810705 0.260742 0.813316 0.257812 0.814621 0.255859 0.817232 0.255859 0.818538 0.254883 0.819843 0.254883 0.822454 0.253906 0.823760 0.253906 0.830287 0.254883 0.831593 0.254883 0.832898 0.260742 0.840731 0.261719 0.840731 0.262695 0.842037 0.262695 0.843342 0.263672 0.843342 0.266602 0.847258 0.267578 0.847258 0.272461 0.851175 0.279297 0.851175 0.280273 0.849869 0.285156 0.848564 0.287109 0.845953 0.287109 0.842037 0.288086 0.840731 0.289062 0.836815 0.293945 0.830287 0.294922 0.830287 0.296875 0.827676 0.296875 0.821149 0.295898 0.819843 0.294922 0.815927 0.293945 0.814621 0.292969 0.814621 0.289062 0.809399 0.288086 0.809399 0.287109 0.808094 0.284180 0.808094 0.281250 0.805483 0.279297 0.805483 0.278320 0.804178 0.276367 0.804178
0 0.333008 0.828982 0.332031 0.828982 0.331055 0.830287 0.328125 0.830287 0.327148 0.831593 0.321289 0.831593 0.319336 0.834204 0.318359 0.834204 0.317383 0.835509 0.315430 0.835509 0.314453 0.836815 0.311523 0.838120 0.307617 0.844648 0.307617 0.857702 0.308594 0.859008 0.308594 0.864230 0.309570 0.865535 0.311523 0.872063 0.317383 0.881201 0.320312 0.881201 0.321289 0.882507 0.322266 0.881201 0.324219 0.881201 0.325195 0.879896 0.326172 0.879896 0.328125 0.877285 0.329102 0.877285 0.331055 0.874674 0.335938 0.872063 0.337891 0.869452 0.338867 0.869452 0.339844 0.868146 0.339844 0.864230 0.340820 0.862924 0.340820 0.857702 0.339844 0.856397 0.339844 0.852480 0.337891 0.848564 0.337891 0.845953 0.335938 0.842037 0.336914 0.840731 0.336914 0.836815 0.337891 0.835509 0.337891 0.832898
0 0.349609 0.839426 0.347656 0.842037 0.347656 0.843342 0.346680 0.844648 0.346680 0.847258 0.345703 0.848564 0.345703 0.849869 0.342773 0.856397 0.342773 0.859008 0.341797 0.860313 0.341797 0.866841 0.342773 0.868146 0.342773 0.872063 0.343750 0.873368 0.343750 0.874674 0.344727 0.874674 0.349609 0.878590 0.351562 0.878590 0.356445 0.882507 0.358398 0.882507 0.359375 0.883812 0.362305 0.883812 0.363281 0.885117 0.369141 0.885117 0.371094 0.882507 0.371094 0.881201 0.373047 0.878590 0.373047 0.877285 0.375000 0.873368 0.375000 0.868146 0.375977 0.866841 0.375977 0.849869 0.375000 0.848564 0.375000 0.845953 0.372070 0.843342 0.370117 0.843342 0.368164 0.840731 0.364258 0.840731 0.363281 0.839426
0 0.371094 0.787206 0.370117 0.788512 0.368164 0.788512 0.367188 0.789817 0.366211 0.789817 0.362305 0.795039 0.362305 0.796345 0.361328 0.797650 0.361328 0.806789 0.362305 0.808094 0.362305 0.813316 0.363281 0.814621 0.363281 0.818538 0.364258 0.819843 0.364258 0.821149 0.367188 0.827676 0.367188 0.830287 0.368164 0.831593 0.368164 0.834204 0.369141 0.835509 0.369141 0.836815 0.372070 0.839426 0.375000 0.839426 0.375977 0.840731 0.376953 0.839426 0.379883 0.838120 0.382812 0.834204 0.383789 0.834204 0.384766 0.832898 0.384766 0.831593 0.389648 0.825065 0.389648 0.823760 0.392578 0.819843 0.393555 0.819843 0.395508 0.817232 0.395508 0.812010 0.393555 0.808094 0.393555 0.805483 0.392578 0.804178 0.391602 0.800261 0.387695 0.795039 0.386719 0.795039 0.384766 0.792428 0.382812 0.792428 0.381836 0.791123 0.380859 0.791123 0.378906 0.788512 0.376953 0.788512 0.375977 0.787206
0 0.395508 0.834204 0.394531 0.835509 0.389648 0.836815 0.387695 0.839426 0.386719 0.839426 0.382812 0.844648 0.382812 0.845953 0.379883 0.849869 0.379883 0.859008 0.378906 0.860313 0.378906 0.862924 0.379883 0.864230 0.379883 0.868146 0.380859 0.869452 0.380859 0.872063 0.381836 0.873368 0.384766 0.882507 0.389648 0.887728 0.389648 0.889034 0.390625 0.890339 0.390625 0.892950 0.393555 0.895561 0.399414 0.895561 0.400391 0.894256 0.404297 0.894256 0.406250 0.891645 0.407227 0.891645 0.408203 0.890339 0.409180 0.886423 0.412109 0.882507 0.412109 0.879896 0.413086 0.878590 0.413086 0.877285 0.414062 0.875979 0.414062 0.873368 0.415039 0.872063 0.415039 0.866841 0.416016 0.865535 0.416016 0.861619 0.415039 0.860313 0.415039 0.848564 0.413086 0.845953 0.413086 0.844648 0.408203 0.838120 0.407227 0.838120 0.404297 0.835509 0.398438 0.835509 0.397461 0.834204
0 0.408203 0.738903 0.403320 0.737598 0.402344 0.738903 0.396484 0.738903 0.395508 0.740209 0.393555 0.740209 0.392578 0.741514 0.389648 0.741514 0.385742 0.745431 0.384766 0.745431 0.377930 0.754569 0.377930 0.755875 0.375977 0.759791 0.375977 0.762402 0.375000 0.763708 0.375000 0.774151 0.375977 0.775457 0.375977 0.778068 0.376953 0.779373 0.376953 0.781984 0.377930 0.783290 0.380859 0.784595 0.384766 0.789817 0.385742 0.789817 0.392578 0.795039 0.400391 0.795039 0.401367 0.793734 0.406250 0.791123 0.408203 0.788512 0.409180 0.788512 0.413086 0.783290 0.413086 0.781984 0.414062 0.780679 0.414062 0.775457 0.415039 0.774151 0.415039 0.761097 0.414062 0.759791 0.414062 0.750653 0.415039 0.749347 0.414062 0.748042 0.412109 0.741514 0.411133 0.741514
0 0.419922 0.784595 0.416016 0.784595 0.415039 0.785901 0.412109 0.787206 0.409180 0.791123 0.406250 0.792428 0.404297 0.795039 0.404297 0.796345 0.397461 0.805483 0.397461 0.809399 0.396484 0.810705 0.397461 0.812010 0.397461 0.815927 0.398438 0.817232 0.399414 0.821149 0.401367 0.823760 0.402344 0.827676 0.407227 0.834204 0.410156 0.834204 0.411133 0.835509 0.412109 0.834204 0.414062 0.834204 0.418945 0.830287 0.420898 0.830287 0.421875 0.828982 0.423828 0.828982 0.425781 0.826371 0.428711 0.825065 0.433594 0.818538 0.433594 0.817232 0.435547 0.813316 0.435547 0.810705 0.436523 0.809399 0.436523 0.801567 0.435547 0.800261 0.434570 0.796345 0.431641 0.792428 0.429688 0.792428 0.428711 0.791123 0.426758 0.791123 0.422852 0.785901 0.420898 0.785901
0 0.438477 0.821149 0.437500 0.822454 0.432617 0.825065 0.430664 0.827676 0.429688 0.827676 0.419922 0.840731 0.419922 0.842037 0.418945 0.843342 0.418945 0.845953 0.417969 0.847258 0.417969 0.852480 0.416992 0.853786 0.417969 0.855091 0.417969 0.860313 0.420898 0.865535 0.421875 0.865535 0.422852 0.866841 0.424805 0.866841 0.425781 0.868146 0.428711 0.868146 0.429688 0.869452 0.434570 0.869452 0.435547 0.870757 0.442383 0.870757 0.443359 0.872063 0.453125 0.872063 0.455078 0.869452 0.455078 0.860313 0.456055 0.859008 0.456055 0.849869 0.455078 0.848564 0.455078 0.835509 0.454102 0.834204 0.454102 0.831593 0.451172 0.826371 0.451172 0.825065 0.449219 0.822454 0.448242 0.822454 0.447266 0.821149
0 0.440430 0.784595 0.440430 0.785901 0.439453 0.787206 0.439453 0.789817 0.438477 0.791123 0.438477 0.798956 0.441406 0.805483 0.441406 0.809399 0.442383 0.810705 0.442383 0.814621 0.444336 0.817232 0.448242 0.817232 0.449219 0.818538 0.452148 0.818538 0.453125 0.819843 0.459961 0.819843 0.460938 0.818538 0.463867 0.818538 0.464844 0.817232 0.466797 0.817232 0.467773 0.815927 0.469727 0.815927 0.470703 0.814621 0.471680 0.814621 0.472656 0.813316 0.472656 0.812010 0.474609 0.809399 0.474609 0.808094 0.475586 0.806789 0.475586 0.798956 0.474609 0.797650 0.474609 0.795039 0.473633 0.793734 0.473633 0.792428 0.469727 0.787206 0.467773 0.787206 0.466797 0.785901 0.462891 0.785901 0.461914 0.784595 0.458008 0.784595 0.457031 0.783290 0.452148 0.783290 0.451172 0.781984 0.442383 0.781984
0 0.425781 0.737598 0.424805 0.738903 0.423828 0.738903 0.419922 0.744125 0.419922 0.745431 0.417969 0.748042 0.417969 0.753264 0.416992 0.754569 0.416992 0.765013 0.417969 0.766319 0.417969 0.770235 0.418945 0.771540 0.418945 0.774151 0.419922 0.775457 0.419922 0.778068 0.420898 0.779373 0.420898 0.781984 0.421875 0.783290 0.422852 0.783290 0.423828 0.784595 0.426758 0.785901 0.429688 0.789817 0.432617 0.789817 0.433594 0.788512 0.434570 0.788512 0.440430 0.780679 0.440430 0.779373 0.447266 0.770235 0.447266 0.768930 0.449219 0.765013 0.449219 0.755875 0.448242 0.754569 0.448242 0.751958 0.447266 0.750653 0.447266 0.749347 0.443359 0.744125 0.442383 0.744125 0.440430 0.741514 0.439453 0.741514 0.438477 0.740209 0.436523 0.740209 0.435547 0.738903 0.432617 0.738903 0.431641 0.737598
0 0.434570 0.684073 0.429688 0.684073 0.426758 0.686684 0.423828 0.686684 0.419922 0.691906 0.419922 0.693211 0.417969 0.695822 0.417969 0.697128 0.416992 0.698433 0.416992 0.699739 0.414062 0.706266 0.414062 0.708877 0.413086 0.710183 0.413086 0.714099 0.415039 0.718016 0.415039 0.720627 0.416016 0.721932 0.416016 0.724543 0.419922 0.729765 0.420898 0.729765 0.423828 0.733681 0.425781 0.733681 0.426758 0.734987 0.427734 0.734987 0.428711 0.733681 0.431641 0.733681 0.432617 0.732376 0.434570 0.732376 0.436523 0.729765 0.437500 0.729765 0.439453 0.727154 0.439453 0.725849 0.445312 0.718016 0.445312 0.716710 0.447266 0.712794 0.447266 0.706266 0.446289 0.704961 0.446289 0.702350 0.444336 0.699739 0.444336 0.698433 0.440430 0.693211 0.440430 0.691906 0.436523 0.686684 0.436523 0.685379 0.435547 0.685379
0 0.367188 0.604439 0.365234 0.607050 0.364258 0.607050 0.364258 0.608355 0.361328 0.614883 0.361328 0.617493 0.359375 0.621410 0.359375 0.630548 0.360352 0.631854 0.360352 0.634465 0.362305 0.638381 0.362305 0.640992 0.363281 0.642298 0.363281 0.644909 0.364258 0.646214 0.364258 0.647520 0.365234 0.647520 0.368164 0.650131 0.370117 0.650131 0.373047 0.652742 0.375000 0.652742 0.375977 0.654047 0.383789 0.654047 0.385742 0.651436 0.386719 0.651436 0.388672 0.648825 0.389648 0.648825 0.393555 0.643603 0.393555 0.642298 0.395508 0.639687 0.395508 0.637076 0.394531 0.635770 0.394531 0.627937 0.393555 0.626632 0.393555 0.621410 0.394531 0.620104 0.394531 0.616188 0.393555 0.614883 0.393555 0.613577 0.391602 0.610966 0.390625 0.610966 0.389648 0.609661 0.387695 0.609661 0.385742 0.607050 0.383789 0.607050 0.380859 0.604439 0.375977 0.604439 0.375000 0.603133 0.370117 0.603133 0.369141 0.604439
0 0.370117 0.563969 0.370117 0.565274 0.368164 0.569191 0.368164 0.571802 0.367188 0.573107 0.367188 0.578329 0.368164 0.579634 0.368164 0.583551 0.369141 0.584856 0.369141 0.586162 0.371094 0.588773 0.371094 0.590078 0.379883 0.600522 0.381836 0.600522 0.382812 0.601828 0.389648 0.601828 0.390625 0.600522 0.393555 0.600522 0.394531 0.599217 0.396484 0.599217 0.397461 0.597911 0.398438 0.597911 0.400391 0.595300 0.403320 0.593995 0.405273 0.591384 0.405273 0.582245 0.404297 0.580940 0.404297 0.578329 0.403320 0.577023 0.403320 0.575718 0.401367 0.571802 0.401367 0.569191 0.400391 0.567885 0.400391 0.561358 0.397461 0.557441 0.390625 0.557441 0.389648 0.556136 0.378906 0.556136 0.377930 0.557441 0.375977 0.557441 0.375000 0.558747 0.374023 0.558747
0 0.405273 0.600522 0.401367 0.605744 0.401367 0.607050 0.399414 0.609661 0.399414 0.610966 0.397461 0.613577 0.397461 0.614883 0.396484 0.616188 0.396484 0.618799 0.395508 0.620104 0.395508 0.629243 0.396484 0.630548 0.396484 0.633159 0.398438 0.635770 0.399414 0.635770 0.400391 0.637076 0.402344 0.637076 0.403320 0.638381 0.405273 0.638381 0.406250 0.639687 0.408203 0.639687 0.409180 0.640992 0.412109 0.640992 0.413086 0.642298 0.417969 0.642298 0.418945 0.643603 0.422852 0.643603 0.427734 0.637076 0.427734 0.635770 0.431641 0.630548 0.431641 0.629243 0.432617 0.627937 0.432617 0.622715 0.431641 0.621410 0.431641 0.620104 0.429688 0.617493 0.429688 0.614883 0.428711 0.613577 0.427734 0.609661 0.426758 0.608355 0.425781 0.608355 0.422852 0.604439 0.421875 0.604439 0.419922 0.601828 0.419922 0.600522 0.420898 0.599217 0.420898 0.597911 0.419922 0.596606 0.414062 0.596606 0.413086 0.597911 0.410156 0.597911 0.409180 0.599217 0.407227 0.599217 0.406250 0.600522
0 0.431641 0.634465 0.428711 0.638381 0.427734 0.642298 0.425781 0.644909 0.425781 0.646214 0.424805 0.647520 0.424805 0.652742 0.423828 0.654047 0.423828 0.667102 0.424805 0.668407 0.424805 0.672324 0.425781 0.673629 0.425781 0.674935 0.428711 0.676240 0.430664 0.678851 0.431641 0.678851 0.434570 0.681462 0.436523 0.681462 0.437500 0.682768 0.438477 0.682768 0.445312 0.687990 0.449219 0.687990 0.450195 0.686684 0.451172 0.686684 0.451172 0.685379 0.453125 0.682768 0.453125 0.678851 0.454102 0.677546 0.454102 0.647520 0.453125 0.646214 0.453125 0.644909 0.450195 0.640992 0.449219 0.640992 0.447266 0.638381 0.446289 0.638381 0.444336 0.635770 0.443359 0.635770 0.442383 0.634465
0 0.352539 0.471279 0.351562 0.472585 0.349609 0.472585 0.346680 0.476501 0.345703 0.476501 0.342773 0.480418 0.341797 0.480418 0.339844 0.483029 0.337891 0.490862 0.334961 0.494778 0.334961 0.498695 0.335938 0.500000 0.335938 0.503916 0.337891 0.506527 0.337891 0.507833 0.341797 0.513055 0.343750 0.513055 0.344727 0.514360 0.347656 0.514360 0.348633 0.515666 0.351562 0.515666 0.352539 0.516971 0.360352 0.516971 0.361328 0.515666 0.364258 0.514360 0.366211 0.511749 0.367188 0.511749 0.372070 0.505222 0.372070 0.503916 0.373047 0.502611 0.373047 0.497389 0.372070 0.496084 0.372070 0.490862 0.366211 0.479112 0.365234 0.479112 0.362305 0.475196 0.361328 0.475196 0.359375 0.472585 0.356445 0.472585 0.355469 0.471279
0 0.382812 0.503916 0.381836 0.505222 0.379883 0.505222 0.378906 0.506527 0.376953 0.506527 0.375977 0.507833 0.375000 0.507833 0.369141 0.515666 0.369141 0.516971 0.368164 0.518277 0.368164 0.533943 0.369141 0.535248 0.369141 0.539164 0.370117 0.540470 0.371094 0.544386 0.373047 0.546997 0.374023 0.546997 0.375977 0.549608 0.376953 0.549608 0.379883 0.552219 0.381836 0.552219 0.382812 0.553525 0.388672 0.553525 0.389648 0.552219 0.391602 0.552219 0.392578 0.550914 0.393555 0.550914 0.396484 0.546997 0.396484 0.545692 0.397461 0.544386 0.397461 0.536554 0.398438 0.535248 0.398438 0.513055 0.397461 0.511749 0.397461 0.510444 0.395508 0.507833 0.394531 0.507833 0.393555 0.506527 0.391602 0.506527 0.390625 0.505222 0.386719 0.505222 0.385742 0.503916
0 0.403320 0.451697 0.395508 0.451697 0.394531 0.450392 0.391602 0.450392 0.390625 0.449086 0.384766 0.449086 0.383789 0.450392 0.381836 0.450392 0.380859 0.451697 0.375977 0.454308 0.374023 0.456919 0.373047 0.456919 0.369141 0.463446 0.368164 0.463446 0.366211 0.466057 0.364258 0.466057 0.363281 0.467363 0.363281 0.471279 0.368164 0.477807 0.368164 0.479112 0.370117 0.481723 0.370117 0.483029 0.375977 0.490862 0.376953 0.490862 0.378906 0.493473 0.379883 0.493473 0.383789 0.498695 0.386719 0.498695 0.387695 0.500000 0.388672 0.498695 0.391602 0.498695 0.392578 0.497389 0.395508 0.496084 0.400391 0.488251 0.401367 0.488251 0.404297 0.485640 0.406250 0.485640 0.408203 0.483029 0.408203 0.467363 0.406250 0.463446 0.406250 0.459530 0.405273 0.458225
0 0.408203 0.494778 0.405273 0.498695 0.405273 0.500000 0.404297 0.501305 0.404297 0.505222 0.403320 0.506527 0.403320 0.509138 0.402344 0.510444 0.402344 0.531332 0.403320 0.532637 0.403320 0.533943 0.404297 0.535248 0.405273 0.535248 0.406250 0.536554 0.408203 0.536554 0.411133 0.539164 0.420898 0.539164 0.421875 0.537859 0.425781 0.537859 0.426758 0.536554 0.430664 0.536554 0.431641 0.535248 0.432617 0.535248 0.433594 0.533943 0.433594 0.528721 0.434570 0.527415 0.434570 0.526110 0.435547 0.524804 0.435547 0.522193 0.436523 0.520888 0.436523 0.514360 0.437500 0.513055 0.436523 0.511749 0.436523 0.505222 0.435547 0.503916 0.435547 0.502611 0.434570 0.501305 0.433594 0.501305 0.431641 0.498695 0.430664 0.498695 0.426758 0.493473 0.424805 0.493473 0.423828 0.492167 0.414062 0.492167 0.413086 0.493473 0.411133 0.493473 0.410156 0.494778
0 0.367188 0.417755 0.366211 0.417755 0.365234 0.416449 0.364258 0.416449 0.363281 0.417755 0.359375 0.417755 0.358398 0.419060 0.355469 0.419060 0.354492 0.420366 0.351562 0.420366 0.350586 0.421671 0.348633 0.421671 0.347656 0.422977 0.343750 0.422977 0.342773 0.424282 0.340820 0.424282 0.337891 0.426893 0.337891 0.432115 0.336914 0.433420 0.336914 0.438642 0.337891 0.439948 0.337891 0.442559 0.339844 0.446475 0.339844 0.449086 0.340820 0.450392 0.341797 0.454308 0.345703 0.459530 0.347656 0.459530 0.348633 0.460836 0.350586 0.460836 0.351562 0.462141 0.362305 0.462141 0.363281 0.460836 0.365234 0.460836 0.370117 0.454308 0.370117 0.453003 0.372070 0.449086 0.372070 0.433420 0.371094 0.432115 0.371094 0.429504 0.369141 0.425587 0.369141 0.422977 0.368164 0.421671 0.368164 0.419060
0 0.395508 0.395561 0.392578 0.395561 0.391602 0.394256 0.390625 0.395561 0.375977 0.395561 0.373047 0.399478 0.373047 0.400783 0.370117 0.404700 0.370117 0.406005 0.369141 0.407311 0.369141 0.416449 0.370117 0.417755 0.370117 0.419060 0.371094 0.420366 0.371094 0.421671 0.372070 0.422977 0.372070 0.424282 0.373047 0.425587 0.374023 0.429504 0.375977 0.432115 0.376953 0.436031 0.380859 0.442559 0.382812 0.442559 0.383789 0.443864 0.395508 0.443864 0.396484 0.442559 0.396484 0.441253 0.397461 0.439948 0.398438 0.436031 0.401367 0.432115 0.401367 0.430809 0.402344 0.429504 0.402344 0.426893 0.403320 0.425587 0.403320 0.411227 0.402344 0.409922 0.402344 0.407311 0.399414 0.403394 0.398438 0.399478
0 0.409180 0.330287 0.402344 0.330287 0.401367 0.331593 0.399414 0.331593 0.398438 0.332898 0.396484 0.332898 0.395508 0.334204 0.393555 0.334204 0.392578 0.335509 0.391602 0.335509 0.389648 0.338120 0.388672 0.338120 0.383789 0.344648 0.383789 0.345953 0.382812 0.347258 0.383789 0.348564 0.383789 0.353786 0.384766 0.355091 0.384766 0.356397 0.386719 0.359008 0.387695 0.362924 0.399414 0.379896 0.401367 0.379896 0.402344 0.381201 0.404297 0.381201 0.405273 0.379896 0.407227 0.379896 0.408203 0.378590 0.409180 0.378590 0.411133 0.375979 0.412109 0.375979 0.416016 0.370757 0.420898 0.368146 0.420898 0.365535 0.421875 0.364230 0.421875 0.360313 0.420898 0.359008 0.420898 0.355091 0.419922 0.353786 0.419922 0.349869 0.418945 0.348564 0.418945 0.345953 0.417969 0.344648 0.417969 0.343342 0.415039 0.339426 0.415039 0.338120 0.411133 0.332898 0.411133 0.331593 0.410156 0.331593
0 0.427734 0.382507 0.426758 0.382507 0.425781 0.383812 0.420898 0.383812 0.419922 0.385117 0.417969 0.385117 0.416992 0.386423 0.415039 0.386423 0.411133 0.391645 0.411133 0.392950 0.410156 0.394256 0.410156 0.396867 0.409180 0.398172 0.409180 0.403394 0.408203 0.404700 0.408203 0.407311 0.407227 0.408616 0.407227 0.415144 0.409180 0.417755 0.409180 0.421671 0.410156 0.422977 0.410156 0.424282 0.412109 0.426893 0.412109 0.428198 0.415039 0.432115 0.417969 0.433420 0.419922 0.436031 0.422852 0.436031 0.423828 0.437337 0.426758 0.437337 0.427734 0.436031 0.431641 0.436031 0.437500 0.429504 0.437500 0.428198 0.439453 0.425587 0.439453 0.424282 0.441406 0.420366 0.441406 0.412533 0.442383 0.411227 0.442383 0.406005 0.443359 0.404700 0.442383 0.403394 0.442383 0.400783 0.441406 0.399478 0.441406 0.398172 0.437500 0.392950 0.436523 0.392950 0.431641 0.385117 0.430664 0.385117
0 0.439453 0.443864 0.437500 0.443864 0.436523 0.442559 0.434570 0.442559 0.433594 0.443864 0.425781 0.443864 0.424805 0.445170 0.416016 0.445170 0.412109 0.450392 0.412109 0.451697 0.411133 0.453003 0.411133 0.455614 0.410156 0.456919 0.410156 0.468668 0.411133 0.469974 0.411133 0.471279 0.413086 0.473890 0.414062 0.473890 0.416016 0.476501 0.416992 0.476501 0.421875 0.483029 0.422852 0.483029 0.424805 0.485640 0.425781 0.485640 0.426758 0.486945 0.432617 0.486945 0.433594 0.485640 0.436523 0.485640 0.437500 0.484334 0.440430 0.484334 0.441406 0.483029 0.442383 0.483029 0.445312 0.479112 0.445312 0.477807 0.447266 0.475196 0.447266 0.473890 0.449219 0.469974 0.449219 0.467363 0.450195 0.466057 0.450195 0.460836 0.449219 0.459530 0.449219 0.458225 0.446289 0.454308 0.445312 0.450392 0.441406 0.445170 0.440430 0.445170
0 0.450195 0.413838 0.446289 0.419060 0.445312 0.419060 0.445312 0.420366 0.443359 0.422977 0.443359 0.425587 0.441406 0.429504 0.441406 0.433420 0.440430 0.434726 0.440430 0.437337 0.441406 0.438642 0.441406 0.441253 0.445312 0.446475 0.446289 0.446475 0.449219 0.450392 0.450195 0.450392 0.453125 0.454308 0.454102 0.454308 0.455078 0.455614 0.470703 0.455614 0.471680 0.454308 0.472656 0.454308 0.473633 0.453003 0.473633 0.434726 0.474609 0.433420 0.474609 0.426893 0.473633 0.425587 0.473633 0.417755 0.469727 0.412533 0.468750 0.412533 0.465820 0.409922 0.458008 0.409922 0.457031 0.411227 0.455078 0.411227 0.454102 0.412533 0.452148 0.412533 0.451172 0.413838
0 0.428711 0.365535 0.427734 0.369452 0.428711 0.370757 0.428711 0.373368 0.429688 0.374674 0.432617 0.383812 0.437500 0.391645 0.438477 0.391645 0.439453 0.392950 0.441406 0.392950 0.443359 0.395561 0.443359 0.396867 0.444336 0.398172 0.444336 0.400783 0.445312 0.402089 0.454102 0.402089 0.457031 0.399478 0.461914 0.398172 0.464844 0.395561 0.464844 0.394256 0.465820 0.392950 0.465820 0.365535 0.466797 0.364230 0.466797 0.362924 0.458984 0.352480 0.455078 0.352480 0.454102 0.351175 0.443359 0.351175 0.442383 0.352480 0.439453 0.352480 0.436523 0.356397 0.435547 0.356397
0 0.420898 0.309399 0.420898 0.312010 0.421875 0.313316 0.421875 0.322454 0.422852 0.323760 0.422852 0.327676 0.423828 0.328982 0.423828 0.330287 0.426758 0.332898 0.428711 0.332898 0.429688 0.334204 0.432617 0.334204 0.433594 0.335509 0.434570 0.335509 0.435547 0.336815 0.440430 0.339426 0.443359 0.343342 0.445312 0.343342 0.446289 0.344648 0.449219 0.344648 0.450195 0.343342 0.452148 0.343342 0.453125 0.342037 0.454102 0.342037 0.456055 0.339426 0.457031 0.339426 0.460938 0.334204 0.460938 0.331593 0.461914 0.330287 0.461914 0.323760 0.460938 0.322454 0.460938 0.318538 0.459961 0.317232 0.459961 0.314621 0.458984 0.313316 0.458008 0.309399 0.457031 0.309399 0.456055 0.308094 0.451172 0.308094 0.450195 0.306789 0.446289 0.306789 0.443359 0.304178 0.441406 0.304178 0.440430 0.302872 0.438477 0.302872 0.437500 0.301567 0.429688 0.301567 0.428711 0.302872 0.426758 0.302872 0.424805 0.305483 0.423828 0.305483
0 0.388672 0.231070 0.386719 0.233681 0.386719 0.251958 0.387695 0.253264 0.387695 0.257180 0.388672 0.258486 0.390625 0.265013 0.401367 0.279373 0.402344 0.279373 0.403320 0.280679 0.406250 0.280679 0.407227 0.281984 0.417969 0.281984 0.418945 0.280679 0.419922 0.280679 0.423828 0.275457 0.423828 0.274151 0.424805 0.272846 0.424805 0.270235 0.425781 0.268930 0.425781 0.267624 0.426758 0.266319 0.426758 0.263708 0.427734 0.262402 0.427734 0.250653 0.426758 0.249347 0.426758 0.248042 0.422852 0.244125 0.420898 0.237598 0.418945 0.234987 0.416992 0.234987 0.416016 0.233681 0.411133 0.233681 0.410156 0.232376 0.400391 0.232376 0.399414 0.231070
0 0.440430 0.201044 0.439453 0.202350 0.437500 0.202350 0.436523 0.203655 0.434570 0.203655 0.433594 0.204961 0.432617 0.204961 0.431641 0.206266 0.426758 0.208877 0.423828 0.212794 0.422852 0.212794 0.417969 0.219321 0.417969 0.220627 0.416016 0.224543 0.416016 0.228460 0.416992 0.229765 0.419922 0.231070 0.421875 0.233681 0.422852 0.233681 0.427734 0.240209 0.428711 0.240209 0.433594 0.245431 0.434570 0.245431 0.439453 0.249347 0.441406 0.249347 0.442383 0.250653 0.443359 0.250653 0.444336 0.249347 0.446289 0.249347 0.447266 0.248042 0.448242 0.248042 0.453125 0.241514 0.453125 0.240209 0.455078 0.236292 0.455078 0.233681 0.456055 0.232376 0.456055 0.223238 0.455078 0.221932 0.455078 0.219321 0.454102 0.218016 0.454102 0.212794 0.455078 0.211488 0.451172 0.206266 0.448242 0.204961 0.445312 0.201044
0 0.468750 0.262402 0.467773 0.262402 0.460938 0.257180 0.457031 0.257180 0.456055 0.255875 0.453125 0.255875 0.451172 0.253264 0.450195 0.253264 0.449219 0.251958 0.446289 0.251958 0.444336 0.255875 0.443359 0.255875 0.442383 0.257180 0.437500 0.259791 0.435547 0.262402 0.435547 0.263708 0.434570 0.265013 0.434570 0.267624 0.433594 0.268930 0.433594 0.272846 0.432617 0.274151 0.432617 0.285901 0.433594 0.287206 0.433594 0.289817 0.434570 0.291123 0.434570 0.293734 0.438477 0.298956 0.439453 0.298956 0.442383 0.301567 0.447266 0.301567 0.448242 0.300261 0.451172 0.298956 0.453125 0.296345 0.456055 0.295039 0.458008 0.292428 0.460938 0.291123 0.465820 0.284595 0.465820 0.283290 0.466797 0.281984 0.466797 0.278068 0.467773 0.276762 0.467773 0.274151 0.469727 0.271540 0.469727 0.263708
0 0.481445 0.280679 0.478516 0.280679 0.476562 0.283290 0.475586 0.283290 0.474609 0.284595 0.472656 0.284595 0.471680 0.285901 0.470703 0.285901 0.468750 0.288512 0.467773 0.288512 0.466797 0.289817 0.466797 0.291123 0.464844 0.293734 0.464844 0.295039 0.462891 0.298956 0.462891 0.301567 0.461914 0.302872 0.461914 0.314621 0.462891 0.315927 0.462891 0.318538 0.463867 0.319843 0.463867 0.321149 0.465820 0.323760 0.465820 0.325065 0.468750 0.328982 0.471680 0.328982 0.472656 0.330287 0.474609 0.330287 0.475586 0.328982 0.477539 0.328982 0.478516 0.327676 0.479492 0.327676 0.480469 0.326371 0.481445 0.326371 0.482422 0.325065 0.485352 0.323760 0.487305 0.321149 0.488281 0.321149 0.490234 0.318538 0.491211 0.318538 0.497070 0.310705 0.497070 0.308094 0.498047 0.306789 0.498047 0.304178 0.497070 0.302872 0.497070 0.300261 0.496094 0.298956 0.496094 0.297650 0.494141 0.295039 0.494141 0.293734 0.489258 0.287206 0.488281 0.287206 0.486328 0.284595 0.485352 0.284595 0.483398 0.281984 0.482422 0.281984
0 0.477539 0.134465 0.476562 0.135770 0.474609 0.135770 0.471680 0.139687 0.470703 0.139687 0.466797 0.143603 0.466797 0.163185 0.465820 0.164491 0.465820 0.178851 0.468750 0.184073 0.468750 0.185379 0.471680 0.189295 0.472656 0.189295 0.473633 0.190601 0.475586 0.190601 0.476562 0.189295 0.478516 0.189295 0.479492 0.187990 0.482422 0.187990 0.483398 0.186684 0.485352 0.186684 0.486328 0.185379 0.488281 0.185379 0.489258 0.184073 0.491211 0.184073 0.492188 0.182768 0.495117 0.182768 0.496094 0.181462 0.497070 0.181462 0.498047 0.180157 0.498047 0.171018 0.499023 0.169713 0.500000 0.163185 0.501953 0.159269 0.500977 0.152742 0.498047 0.147520 0.498047 0.146214 0.496094 0.143603 0.494141 0.143603 0.493164 0.142298 0.491211 0.142298 0.490234 0.140992 0.485352 0.140992 0.481445 0.137076 0.480469 0.137076
0 0.496094 0.201044 0.496094 0.204961 0.495117 0.206266 0.495117 0.211488 0.496094 0.212794 0.496094 0.215405 0.497070 0.216710 0.497070 0.219321 0.498047 0.220627 0.498047 0.223238 0.499023 0.224543 0.499023 0.225849 0.502930 0.231070 0.507812 0.233681 0.509766 0.236292 0.511719 0.236292 0.512695 0.237598 0.515625 0.237598 0.516602 0.236292 0.518555 0.236292 0.519531 0.234987 0.520508 0.234987 0.522461 0.231070 0.523438 0.231070 0.524414 0.229765 0.526367 0.229765 0.527344 0.228460 0.530273 0.227154 0.530273 0.225849 0.533203 0.219321 0.533203 0.215405 0.534180 0.214099 0.534180 0.207572 0.532227 0.203655 0.532227 0.201044 0.529297 0.197128 0.528320 0.197128 0.527344 0.195822 0.525391 0.195822 0.524414 0.194517 0.522461 0.194517 0.521484 0.193211 0.511719 0.193211 0.510742 0.191906 0.502930 0.191906
0 0.489258 0.240209 0.488281 0.241514 0.488281 0.242820 0.484375 0.248042 0.484375 0.249347 0.483398 0.250653 0.483398 0.253264 0.482422 0.254569 0.482422 0.259791 0.481445 0.261097 0.481445 0.276762 0.485352 0.281984 0.496094 0.281984 0.497070 0.280679 0.500000 0.280679 0.500977 0.281984 0.501953 0.280679 0.506836 0.280679 0.507812 0.279373 0.508789 0.279373 0.510742 0.281984 0.512695 0.281984 0.516602 0.276762 0.516602 0.275457 0.517578 0.274151 0.517578 0.270235 0.518555 0.268930 0.518555 0.266319 0.519531 0.265013 0.519531 0.261097 0.517578 0.257180 0.517578 0.254569 0.516602 0.253264 0.516602 0.250653 0.515625 0.249347 0.515625 0.248042 0.513672 0.245431 0.513672 0.244125 0.507812 0.238903 0.491211 0.238903 0.490234 0.240209
0 0.517578 0.279373 0.514648 0.283290 0.514648 0.284595 0.510742 0.293734 0.510742 0.296345 0.509766 0.297650 0.509766 0.304178 0.510742 0.305483 0.510742 0.306789 0.516602 0.314621 0.517578 0.314621 0.526367 0.326371 0.527344 0.326371 0.528320 0.327676 0.533203 0.327676 0.536133 0.325065 0.538086 0.325065 0.539062 0.323760 0.541016 0.323760 0.541992 0.322454 0.544922 0.321149 0.544922 0.319843 0.545898 0.318538 0.545898 0.315927 0.546875 0.314621 0.546875 0.310705 0.547852 0.309399 0.547852 0.300261 0.548828 0.298956 0.548828 0.291123 0.547852 0.289817 0.547852 0.288512 0.546875 0.287206 0.543945 0.285901 0.541016 0.281984 0.540039 0.281984 0.537109 0.279373 0.534180 0.279373 0.533203 0.278068 0.520508 0.278068 0.519531 0.279373
0 0.549805 0.268930 0.550781 0.270235 0.550781 0.274151 0.551758 0.275457 0.551758 0.278068 0.555664 0.283290 0.555664 0.284595 0.556641 0.284595 0.557617 0.285901 0.557617 0.287206 0.561523 0.292428 0.562500 0.292428 0.563477 0.293734 0.566406 0.293734 0.567383 0.295039 0.576172 0.295039 0.577148 0.296345 0.580078 0.296345 0.585938 0.289817 0.586914 0.289817 0.587891 0.288512 0.590820 0.288512 0.591797 0.287206 0.591797 0.284595 0.592773 0.283290 0.592773 0.272846 0.591797 0.271540 0.591797 0.265013 0.590820 0.263708 0.590820 0.261097 0.589844 0.259791 0.589844 0.258486 0.584961 0.251958 0.580078 0.251958 0.579102 0.250653 0.562500 0.250653 0.561523 0.249347 0.559570 0.249347 0.556641 0.251958 0.556641 0.253264 0.554688 0.255875 0.554688 0.257180
0 0.587891 0.325065 0.581055 0.315927 0.574219 0.315927 0.573242 0.317232 0.570312 0.317232 0.565430 0.321149 0.563477 0.321149 0.558594 0.325065 0.556641 0.325065 0.553711 0.328982 0.553711 0.330287 0.552734 0.331593 0.552734 0.334204 0.551758 0.335509 0.551758 0.349869 0.552734 0.351175 0.553711 0.355091 0.556641 0.357702 0.558594 0.357702 0.559570 0.359008 0.561523 0.359008 0.566406 0.362924 0.576172 0.362924 0.577148 0.361619 0.579102 0.361619 0.583008 0.356397 0.587891 0.356397 0.588867 0.355091 0.588867 0.353786 0.589844 0.352480 0.589844 0.349869 0.590820 0.348564 0.590820 0.334204 0.588867 0.330287 0.588867 0.327676 0.587891 0.326371
0 0.610352 0.291123 0.604492 0.291123 0.603516 0.292428 0.600586 0.293734 0.594727 0.302872 0.594727 0.304178 0.591797 0.310705 0.591797 0.315927 0.590820 0.317232 0.590820 0.322454 0.591797 0.323760 0.591797 0.326371 0.592773 0.327676 0.592773 0.330287 0.593750 0.331593 0.594727 0.335509 0.600586 0.343342 0.600586 0.344648 0.603516 0.348564 0.605469 0.348564 0.606445 0.349869 0.607422 0.348564 0.608398 0.348564 0.611328 0.344648 0.612305 0.344648 0.622070 0.331593 0.622070 0.330287 0.624023 0.327676 0.624023 0.326371 0.626953 0.319843 0.626953 0.317232 0.627930 0.315927 0.626953 0.309399 0.625000 0.306789 0.625000 0.305483 0.623047 0.302872 0.623047 0.301567 0.619141 0.296345 0.618164 0.296345 0.613281 0.292428 0.611328 0.292428
0 0.629883 0.338120 0.628906 0.339426 0.627930 0.339426 0.625977 0.342037 0.625000 0.342037 0.621094 0.347258 0.621094 0.348564 0.618164 0.355091 0.618164 0.357702 0.617188 0.359008 0.617188 0.369452 0.625977 0.381201 0.626953 0.381201 0.628906 0.383812 0.629883 0.383812 0.636719 0.389034 0.643555 0.389034 0.644531 0.387728 0.649414 0.385117 0.653320 0.379896 0.653320 0.378590 0.655273 0.375979 0.655273 0.374674 0.656250 0.373368 0.656250 0.368146 0.655273 0.366841 0.655273 0.364230 0.654297 0.362924 0.654297 0.359008 0.653320 0.357702 0.653320 0.351175 0.651367 0.348564 0.651367 0.347258 0.650391 0.347258 0.645508 0.340731 0.644531 0.340731 0.641602 0.336815 0.633789 0.336815 0.632812 0.338120
0 0.524414 0.334204 0.523438 0.335509 0.522461 0.335509 0.514648 0.345953 0.513672 0.345953 0.512695 0.347258 0.512695 0.349869 0.511719 0.351175 0.511719 0.353786 0.512695 0.355091 0.512695 0.366841 0.513672 0.368146 0.514648 0.372063 0.516602 0.374674 0.516602 0.377285 0.517578 0.378590 0.517578 0.379896 0.518555 0.381201 0.518555 0.383812 0.519531 0.385117 0.523438 0.385117 0.524414 0.386423 0.530273 0.386423 0.531250 0.385117 0.534180 0.385117 0.537109 0.381201 0.537109 0.379896 0.539062 0.377285 0.540039 0.373368 0.541992 0.370757 0.541992 0.369452 0.545898 0.360313 0.545898 0.357702 0.546875 0.356397 0.546875 0.351175 0.547852 0.349869 0.547852 0.343342 0.546875 0.342037 0.544922 0.342037 0.543945 0.340731 0.542969 0.340731 0.541016 0.338120 0.540039 0.338120 0.537109 0.335509 0.534180 0.335509 0.533203 0.334204
0 0.545898 0.372063 0.541992 0.377285 0.541992 0.378590 0.540039 0.381201 0.540039 0.382507 0.538086 0.386423 0.538086 0.389034 0.537109 0.390339 0.537109 0.396867 0.536133 0.398172 0.537109 0.399478 0.537109 0.403394 0.541016 0.408616 0.541992 0.408616 0.542969 0.409922 0.544922 0.409922 0.545898 0.411227 0.548828 0.411227 0.549805 0.412533 0.554688 0.412533 0.555664 0.413838 0.564453 0.413838 0.565430 0.412533 0.566406 0.412533 0.568359 0.409922 0.568359 0.408616 0.571289 0.404700 0.571289 0.403394 0.572266 0.402089 0.572266 0.399478 0.573242 0.398172 0.573242 0.395561 0.574219 0.394256 0.574219 0.385117 0.573242 0.383812 0.573242 0.382507 0.569336 0.377285 0.569336 0.375979 0.567383 0.373368 0.567383 0.372063 0.566406 0.372063 0.564453 0.369452 0.563477 0.369452 0.562500 0.368146 0.557617 0.368146 0.556641 0.369452 0.553711 0.369452 0.552734 0.370757 0.549805 0.370757 0.548828 0.372063
0 0.481445 0.359008 0.480469 0.360313 0.475586 0.362924 0.473633 0.365535 0.472656 0.365535 0.471680 0.366841 0.471680 0.370757 0.470703 0.372063 0.470703 0.374674 0.471680 0.375979 0.471680 0.383812 0.472656 0.385117 0.472656 0.390339 0.473633 0.391645 0.473633 0.394256 0.474609 0.395561 0.474609 0.398172 0.475586 0.399478 0.475586 0.403394 0.476562 0.404700 0.476562 0.406005 0.477539 0.407311 0.479492 0.407311 0.480469 0.408616 0.483398 0.408616 0.484375 0.409922 0.494141 0.409922 0.499023 0.406005 0.500977 0.406005 0.501953 0.404700 0.502930 0.404700 0.506836 0.399478 0.506836 0.398172 0.508789 0.394256 0.508789 0.391645 0.509766 0.390339 0.509766 0.383812 0.508789 0.382507 0.508789 0.378590 0.507812 0.377285 0.507812 0.372063 0.506836 0.370757 0.506836 0.368146 0.505859 0.366841 0.500977 0.364230 0.499023 0.361619 0.498047 0.361619 0.497070 0.360313 0.495117 0.360313 0.494141 0.359008 0.490234 0.359008 0.489258 0.357702 0.486328 0.357702 0.485352 0.359008
0 0.515625 0.392950 0.511719 0.398172 0.511719 0.399478 0.504883 0.409922 0.504883 0.411227 0.502930 0.415144 0.502930 0.426893 0.508789 0.433420 0.508789 0.434726 0.515625 0.445170 0.516602 0.445170 0.521484 0.449086 0.529297 0.449086 0.531250 0.446475 0.531250 0.445170 0.534180 0.438642 0.534180 0.436031 0.535156 0.434726 0.535156 0.430809 0.536133 0.429504 0.536133 0.426893 0.537109 0.425587 0.537109 0.422977 0.538086 0.421671 0.538086 0.416449 0.539062 0.415144 0.539062 0.413838 0.538086 0.412533 0.538086 0.408616 0.537109 0.407311 0.534180 0.398172 0.530273 0.392950 0.527344 0.392950 0.526367 0.391645 0.519531 0.391645 0.518555 0.392950
0 0.481445 0.437337 0.479492 0.439948 0.478516 0.443864 0.475586 0.449086 0.475586 0.455614 0.476562 0.456919 0.477539 0.463446 0.479492 0.466057 0.479492 0.467363 0.481445 0.469974 0.481445 0.471279 0.484375 0.475196 0.484375 0.476501 0.487305 0.479112 0.489258 0.479112 0.490234 0.480418 0.492188 0.480418 0.493164 0.481723 0.500977 0.481723 0.501953 0.480418 0.505859 0.480418 0.506836 0.479112 0.508789 0.479112 0.509766 0.477807 0.510742 0.477807 0.510742 0.476501 0.514648 0.471279 0.514648 0.469974 0.516602 0.467363 0.516602 0.466057 0.517578 0.464752 0.517578 0.462141 0.518555 0.460836 0.518555 0.455614 0.515625 0.450392 0.515625 0.449086 0.512695 0.445170 0.511719 0.445170 0.510742 0.443864 0.510742 0.442559 0.501953 0.432115 0.496094 0.432115 0.495117 0.433420 0.489258 0.433420 0.488281 0.434726 0.485352 0.434726 0.484375 0.436031
0 0.563477 0.429504 0.561523 0.429504 0.560547 0.428198 0.559570 0.429504 0.557617 0.429504 0.556641 0.430809 0.545898 0.430809 0.544922 0.432115 0.543945 0.432115 0.541992 0.434726 0.541992 0.436031 0.540039 0.438642 0.540039 0.439948 0.539062 0.441253 0.539062 0.443864 0.538086 0.445170 0.538086 0.447781 0.537109 0.449086 0.537109 0.454308 0.536133 0.455614 0.536133 0.456919 0.537109 0.458225 0.537109 0.463446 0.538086 0.464752 0.538086 0.467363 0.539062 0.468668 0.539062 0.469974 0.541016 0.472585 0.543945 0.472585 0.544922 0.473890 0.549805 0.473890 0.550781 0.472585 0.564453 0.472585 0.565430 0.471279 0.567383 0.471279 0.570312 0.468668 0.570312 0.467363 0.571289 0.466057 0.571289 0.463446 0.572266 0.462141 0.572266 0.450392 0.571289 0.449086 0.571289 0.445170 0.569336 0.442559 0.569336 0.441253 0.568359 0.439948 0.568359 0.437337 0.566406 0.434726 0.566406 0.433420
0 0.583008 0.369452 0.583008 0.370757 0.582031 0.372063 0.582031 0.374674 0.581055 0.375979 0.581055 0.379896 0.580078 0.381201 0.580078 0.391645 0.581055 0.392950 0.582031 0.399478 0.583984 0.402089 0.584961 0.402089 0.587891 0.404700 0.592773 0.406005 0.593750 0.407311 0.596680 0.407311 0.597656 0.408616 0.604492 0.408616 0.605469 0.407311 0.608398 0.407311 0.609375 0.406005 0.612305 0.406005 0.613281 0.404700 0.617188 0.404700 0.619141 0.402089 0.619141 0.400783 0.621094 0.396867 0.621094 0.386423 0.617188 0.379896 0.617188 0.378590 0.614258 0.372063 0.614258 0.369452 0.613281 0.368146 0.613281 0.366841 0.612305 0.365535 0.609375 0.364230 0.605469 0.359008 0.604492 0.359008 0.603516 0.357702 0.601562 0.357702 0.600586 0.359008 0.597656 0.359008 0.594727 0.361619 0.590820 0.361619
0 0.593750 0.412533 0.592773 0.413838 0.591797 0.413838 0.585938 0.421671 0.585938 0.422977 0.578125 0.433420 0.577148 0.433420 0.576172 0.434726 0.576172 0.436031 0.575195 0.437337 0.575195 0.439948 0.574219 0.441253 0.574219 0.447781 0.577148 0.450392 0.579102 0.450392 0.581055 0.453003 0.582031 0.453003 0.583008 0.454308 0.583984 0.454308 0.590820 0.459530 0.593750 0.459530 0.594727 0.460836 0.596680 0.460836 0.597656 0.462141 0.600586 0.462141 0.601562 0.460836 0.602539 0.460836 0.606445 0.455614 0.611328 0.453003 0.613281 0.450392 0.613281 0.429504 0.612305 0.428198 0.611328 0.424282 0.609375 0.421671 0.609375 0.420366 0.603516 0.412533
0 0.620117 0.409922 0.619141 0.411227 0.619141 0.419060 0.620117 0.420366 0.620117 0.428198 0.621094 0.429504 0.621094 0.437337 0.622070 0.438642 0.622070 0.443864 0.624023 0.447781 0.624023 0.450392 0.625000 0.451697 0.625000 0.453003 0.625977 0.453003 0.626953 0.454308 0.628906 0.454308 0.629883 0.455614 0.638672 0.455614 0.639648 0.454308 0.643555 0.454308 0.644531 0.453003 0.645508 0.453003 0.647461 0.450392 0.647461 0.449086 0.651367 0.439948 0.651367 0.436031 0.652344 0.434726 0.652344 0.422977 0.651367 0.421671 0.651367 0.413838 0.650391 0.412533 0.650391 0.411227 0.648438 0.411227 0.646484 0.408616 0.640625 0.408616 0.639648 0.407311 0.631836 0.407311 0.630859 0.408616 0.627930 0.408616 0.626953 0.409922
0 0.683594 0.386423 0.679688 0.386423 0.678711 0.387728 0.667969 0.387728 0.666992 0.389034 0.664062 0.390339 0.660156 0.395561 0.659180 0.395561 0.659180 0.396867 0.656250 0.403394 0.656250 0.407311 0.657227 0.408616 0.659180 0.415144 0.661133 0.417755 0.661133 0.419060 0.663086 0.422977 0.663086 0.425587 0.664062 0.426893 0.664062 0.428198 0.666016 0.430809 0.666016 0.432115 0.668945 0.436031 0.669922 0.436031 0.670898 0.437337 0.677734 0.437337 0.678711 0.436031 0.680664 0.436031 0.683594 0.433420 0.685547 0.433420 0.686523 0.432115 0.688477 0.432115 0.689453 0.430809 0.690430 0.430809 0.692383 0.428198 0.692383 0.426893 0.693359 0.425587 0.693359 0.417755 0.694336 0.416449 0.694336 0.404700 0.693359 0.403394 0.693359 0.400783 0.687500 0.392950 0.687500 0.391645
0 0.614258 0.471279 0.614258 0.472585 0.612305 0.475196 0.612305 0.476501 0.608398 0.481723 0.608398 0.483029 0.607422 0.484334 0.607422 0.486945 0.606445 0.488251 0.606445 0.489556 0.605469 0.490862 0.605469 0.493473 0.604492 0.494778 0.604492 0.500000 0.606445 0.502611 0.608398 0.502611 0.609375 0.503916 0.611328 0.503916 0.612305 0.505222 0.613281 0.505222 0.620117 0.510444 0.622070 0.510444 0.623047 0.511749 0.625000 0.511749 0.625977 0.513055 0.627930 0.513055 0.628906 0.514360 0.631836 0.514360 0.632812 0.515666 0.634766 0.515666 0.636719 0.513055 0.637695 0.509138 0.639648 0.506527 0.639648 0.505222 0.640625 0.503916 0.640625 0.501305 0.641602 0.500000 0.641602 0.481723 0.640625 0.480418 0.640625 0.477807 0.639648 0.476501 0.638672 0.472585 0.635742 0.468668 0.633789 0.468668 0.632812 0.467363 0.628906 0.467363 0.627930 0.468668 0.624023 0.468668 0.623047 0.469974 0.616211 0.469974 0.615234 0.471279
0 0.594727 0.463446 0.582031 0.463446 0.581055 0.464752 0.578125 0.466057 0.575195 0.469974 0.574219 0.469974 0.574219 0.471279 0.573242 0.472585 0.573242 0.475196 0.572266 0.476501 0.572266 0.480418 0.571289 0.481723 0.571289 0.484334 0.570312 0.485640 0.570312 0.489556 0.569336 0.490862 0.569336 0.493473 0.568359 0.494778 0.568359 0.509138 0.571289 0.514360 0.572266 0.514360 0.575195 0.516971 0.583008 0.516971 0.583984 0.515666 0.585938 0.515666 0.586914 0.514360 0.590820 0.514360 0.591797 0.513055 0.593750 0.513055 0.594727 0.511749 0.601562 0.507833 0.601562 0.505222 0.602539 0.503916 0.602539 0.493473 0.603516 0.492167 0.603516 0.476501 0.602539 0.475196 0.602539 0.473890 0.599609 0.469974 0.599609 0.468668 0.598633 0.467363 0.597656 0.467363
0 0.536133 0.480418 0.530273 0.486945 0.530273 0.488251 0.529297 0.489556 0.529297 0.492167 0.528320 0.493473 0.528320 0.497389 0.527344 0.498695 0.527344 0.501305 0.526367 0.502611 0.528320 0.509138 0.530273 0.511749 0.530273 0.514360 0.532227 0.518277 0.533203 0.524804 0.534180 0.526110 0.535156 0.526110 0.536133 0.527415 0.538086 0.527415 0.539062 0.528721 0.548828 0.528721 0.549805 0.530026 0.553711 0.530026 0.554688 0.528721 0.556641 0.528721 0.557617 0.527415 0.560547 0.526110 0.564453 0.519582 0.564453 0.518277 0.565430 0.516971 0.565430 0.514360 0.566406 0.513055 0.566406 0.511749 0.565430 0.510444 0.565430 0.501305 0.564453 0.500000 0.564453 0.494778 0.563477 0.493473 0.563477 0.490862 0.560547 0.485640 0.560547 0.483029 0.557617 0.480418 0.552734 0.480418 0.551758 0.479112 0.541992 0.479112 0.541016 0.480418
0 0.487305 0.489556 0.482422 0.496084 0.482422 0.497389 0.480469 0.501305 0.480469 0.505222 0.479492 0.506527 0.479492 0.513055 0.481445 0.516971 0.481445 0.519582 0.483398 0.523499 0.483398 0.526110 0.484375 0.527415 0.484375 0.528721 0.488281 0.532637 0.489258 0.532637 0.494141 0.536554 0.496094 0.536554 0.497070 0.537859 0.509766 0.537859 0.514648 0.531332 0.514648 0.530026 0.517578 0.523499 0.517578 0.520888 0.518555 0.519582 0.518555 0.503916 0.517578 0.502611 0.517578 0.498695 0.516602 0.497389 0.516602 0.496084 0.513672 0.492167 0.508789 0.490862 0.507812 0.489556 0.506836 0.489556 0.505859 0.488251 0.503906 0.488251 0.502930 0.486945 0.499023 0.486945 0.498047 0.485640 0.494141 0.485640 0.491211 0.488251 0.489258 0.488251 0.488281 0.489556
0 0.469727 0.524804 0.467773 0.524804 0.466797 0.523499 0.460938 0.523499 0.459961 0.524804 0.457031 0.524804 0.456055 0.526110 0.454102 0.526110 0.453125 0.527415 0.450195 0.527415 0.449219 0.528721 0.447266 0.535248 0.443359 0.540470 0.443359 0.541775 0.442383 0.543081 0.442383 0.545692 0.441406 0.546997 0.441406 0.554830 0.442383 0.556136 0.442383 0.561358 0.443359 0.562663 0.443359 0.565274 0.445312 0.569191 0.445312 0.571802 0.447266 0.574413 0.447266 0.575718 0.451172 0.579634 0.453125 0.579634 0.454102 0.580940 0.459961 0.580940 0.461914 0.578329 0.462891 0.578329 0.467773 0.570496 0.467773 0.569191 0.469727 0.566580 0.469727 0.565274 0.471680 0.562663 0.472656 0.558747 0.474609 0.556136 0.474609 0.554830 0.477539 0.549608 0.477539 0.544386 0.476562 0.543081 0.476562 0.537859 0.475586 0.536554 0.475586 0.531332 0.473633 0.527415 0.472656 0.527415
0 0.416016 0.543081 0.415039 0.544386 0.412109 0.545692 0.405273 0.554830 0.405273 0.557441 0.404297 0.558747 0.404297 0.562663 0.403320 0.563969 0.403320 0.569191 0.404297 0.570496 0.404297 0.574413 0.405273 0.575718 0.405273 0.577023 0.408203 0.580940 0.412109 0.580940 0.413086 0.582245 0.414062 0.582245 0.415039 0.583551 0.416016 0.583551 0.416992 0.584856 0.417969 0.584856 0.418945 0.586162 0.419922 0.586162 0.426758 0.591384 0.431641 0.591384 0.434570 0.587467 0.434570 0.586162 0.441406 0.577023 0.441406 0.575718 0.442383 0.574413 0.442383 0.569191 0.441406 0.567885 0.441406 0.563969 0.439453 0.560052 0.439453 0.556136 0.438477 0.554830 0.438477 0.550914 0.436523 0.548303 0.433594 0.546997 0.431641 0.544386 0.430664 0.544386 0.427734 0.541775 0.420898 0.541775 0.419922 0.543081
0 0.438477 0.584856 0.434570 0.590078 0.434570 0.591384 0.432617 0.593995 0.432617 0.595300 0.431641 0.596606 0.431641 0.601828 0.430664 0.603133 0.430664 0.609661 0.431641 0.610966 0.431641 0.613577 0.432617 0.614883 0.434570 0.621410 0.437500 0.625326 0.438477 0.625326 0.439453 0.626632 0.442383 0.626632 0.445312 0.629243 0.447266 0.629243 0.448242 0.630548 0.450195 0.630548 0.451172 0.631854 0.452148 0.631854 0.453125 0.630548 0.456055 0.630548 0.457031 0.629243 0.458008 0.629243 0.462891 0.622715 0.462891 0.621410 0.464844 0.618799 0.464844 0.617493 0.467773 0.613577 0.467773 0.610966 0.469727 0.607050 0.469727 0.597911 0.468750 0.596606 0.467773 0.592689 0.466797 0.591384 0.465820 0.591384 0.458984 0.586162 0.456055 0.586162 0.455078 0.584856 0.451172 0.584856 0.450195 0.583551 0.441406 0.583551 0.440430 0.584856
0 0.473633 0.624021 0.468750 0.630548 0.468750 0.631854 0.465820 0.635770 0.465820 0.637076 0.461914 0.643603 0.461914 0.644909 0.459961 0.648825 0.459961 0.651436 0.458984 0.652742 0.458984 0.656658 0.458008 0.657963 0.458008 0.663185 0.458984 0.664491 0.458984 0.667102 0.459961 0.668407 0.459961 0.669713 0.460938 0.669713 0.465820 0.673629 0.472656 0.673629 0.473633 0.674935 0.474609 0.674935 0.475586 0.673629 0.485352 0.673629 0.486328 0.672324 0.487305 0.672324 0.489258 0.669713 0.489258 0.668407 0.490234 0.667102 0.490234 0.664491 0.491211 0.663185 0.491211 0.659269 0.492188 0.657963 0.492188 0.654047 0.494141 0.650131 0.493164 0.648825 0.493164 0.647520 0.491211 0.644909 0.491211 0.643603 0.477539 0.625326 0.476562 0.625326 0.475586 0.624021
0 0.496094 0.591384 0.495117 0.592689 0.492188 0.593995 0.487305 0.600522 0.486328 0.600522 0.484375 0.603133 0.484375 0.604439 0.482422 0.607050 0.482422 0.608355 0.480469 0.612272 0.480469 0.617493 0.479492 0.618799 0.480469 0.620104 0.480469 0.625326 0.481445 0.626632 0.481445 0.627937 0.488281 0.637076 0.489258 0.637076 0.490234 0.638381 0.496094 0.638381 0.497070 0.639687 0.502930 0.639687 0.503906 0.638381 0.505859 0.638381 0.512695 0.633159 0.514648 0.633159 0.518555 0.627937 0.518555 0.618799 0.519531 0.617493 0.519531 0.616188 0.521484 0.613577 0.521484 0.609661 0.520508 0.608355 0.520508 0.605744 0.519531 0.605744 0.516602 0.601828 0.516602 0.600522 0.510742 0.593995 0.509766 0.593995 0.508789 0.592689 0.505859 0.592689 0.504883 0.591384
0 0.489258 0.539164 0.488281 0.540470 0.485352 0.541775 0.481445 0.546997 0.481445 0.548303 0.480469 0.549608 0.480469 0.556136 0.481445 0.557441 0.481445 0.561358 0.482422 0.562663 0.482422 0.566580 0.483398 0.567885 0.483398 0.570496 0.484375 0.571802 0.484375 0.574413 0.485352 0.575718 0.485352 0.578329 0.486328 0.579634 0.486328 0.582245 0.489258 0.584856 0.492188 0.584856 0.493164 0.586162 0.496094 0.586162 0.497070 0.584856 0.501953 0.584856 0.502930 0.583551 0.505859 0.582245 0.508789 0.578329 0.509766 0.578329 0.510742 0.577023 0.510742 0.575718 0.514648 0.570496 0.514648 0.569191 0.515625 0.567885 0.515625 0.561358 0.514648 0.560052 0.514648 0.554830 0.513672 0.553525 0.513672 0.550914 0.512695 0.549608 0.511719 0.545692 0.509766 0.543081 0.508789 0.543081 0.505859 0.540470 0.500000 0.540470 0.499023 0.539164
0 0.522461 0.533943 0.518555 0.539164 0.518555 0.548303 0.517578 0.549608 0.517578 0.550914 0.518555 0.552219 0.518555 0.556136 0.519531 0.557441 0.519531 0.560052 0.520508 0.561358 0.520508 0.562663 0.521484 0.563969 0.523438 0.570496 0.524414 0.571802 0.529297 0.574413 0.531250 0.577023 0.533203 0.577023 0.534180 0.578329 0.544922 0.578329 0.545898 0.577023 0.548828 0.575718 0.550781 0.573107 0.550781 0.571802 0.552734 0.569191 0.552734 0.567885 0.554688 0.563969 0.554688 0.540470 0.552734 0.537859 0.552734 0.536554 0.550781 0.533943 0.549805 0.533943 0.548828 0.532637 0.539062 0.532637 0.538086 0.531332 0.527344 0.531332 0.526367 0.532637 0.524414 0.532637 0.523438 0.533943
0 0.538086 0.582245 0.537109 0.583551 0.534180 0.584856 0.534180 0.586162 0.531250 0.590078 0.531250 0.591384 0.530273 0.592689 0.530273 0.595300 0.529297 0.596606 0.529297 0.599217 0.528320 0.600522 0.528320 0.608355 0.529297 0.609661 0.532227 0.610966 0.535156 0.614883 0.535156 0.616188 0.539062 0.621410 0.540039 0.621410 0.544922 0.627937 0.546875 0.627937 0.547852 0.629243 0.549805 0.629243 0.550781 0.627937 0.552734 0.627937 0.553711 0.626632 0.555664 0.626632 0.557617 0.624021 0.558594 0.624021 0.561523 0.620104 0.561523 0.618799 0.562500 0.617493 0.562500 0.616188 0.565430 0.609661 0.565430 0.604439 0.564453 0.603133 0.564453 0.600522 0.563477 0.599217 0.563477 0.597911 0.553711 0.584856 0.553711 0.583551 0.552734 0.583551 0.549805 0.580940 0.541992 0.580940 0.541016 0.582245
0 0.566406 0.562663 0.563477 0.566580 0.563477 0.567885 0.561523 0.571802 0.561523 0.579634 0.560547 0.580940 0.561523 0.582245 0.561523 0.586162 0.562500 0.587467 0.562500 0.590078 0.563477 0.591384 0.563477 0.592689 0.566406 0.596606 0.568359 0.603133 0.571289 0.605744 0.575195 0.605744 0.576172 0.607050 0.578125 0.607050 0.579102 0.608355 0.580078 0.608355 0.581055 0.609661 0.583008 0.609661 0.583984 0.610966 0.588867 0.610966 0.589844 0.609661 0.590820 0.609661 0.592773 0.607050 0.593750 0.607050 0.595703 0.604439 0.595703 0.603133 0.597656 0.599217 0.597656 0.587467 0.596680 0.586162 0.596680 0.582245 0.595703 0.580940 0.595703 0.578329 0.594727 0.577023 0.594727 0.575718 0.592773 0.573107 0.590820 0.566580 0.589844 0.565274 0.587891 0.565274 0.584961 0.562663 0.582031 0.562663 0.581055 0.561358 0.579102 0.561358 0.578125 0.560052 0.570312 0.560052 0.569336 0.561358
0 0.597656 0.515666 0.587891 0.515666 0.586914 0.516971 0.584961 0.516971 0.583984 0.518277 0.580078 0.518277 0.579102 0.519582 0.572266 0.519582 0.571289 0.520888 0.570312 0.520888 0.565430 0.527415 0.565430 0.528721 0.564453 0.530026 0.564453 0.532637 0.563477 0.533943 0.563477 0.537859 0.562500 0.539164 0.562500 0.540470 0.563477 0.541775 0.563477 0.544386 0.564453 0.545692 0.564453 0.546997 0.569336 0.553525 0.570312 0.553525 0.572266 0.556136 0.573242 0.556136 0.574219 0.557441 0.576172 0.557441 0.577148 0.558747 0.580078 0.558747 0.582031 0.561358 0.583984 0.561358 0.584961 0.562663 0.590820 0.562663 0.591797 0.561358 0.594727 0.561358 0.595703 0.560052 0.598633 0.558747 0.600586 0.556136 0.600586 0.554830 0.602539 0.550914 0.602539 0.537859 0.603516 0.536554 0.603516 0.532637 0.602539 0.531332 0.602539 0.528721 0.601562 0.527415 0.600586 0.520888 0.599609 0.519582 0.599609 0.518277
0 0.638672 0.522193 0.633789 0.522193 0.632812 0.523499 0.622070 0.523499 0.620117 0.526110 0.619141 0.526110 0.614258 0.532637 0.614258 0.533943 0.613281 0.535248 0.613281 0.550914 0.614258 0.552219 0.614258 0.554830 0.615234 0.556136 0.617188 0.562663 0.620117 0.566580 0.620117 0.567885 0.621094 0.567885 0.624023 0.571802 0.625000 0.571802 0.626953 0.574413 0.627930 0.574413 0.628906 0.575718 0.631836 0.575718 0.632812 0.574413 0.633789 0.574413 0.639648 0.566580 0.640625 0.562663 0.642578 0.560052 0.642578 0.558747 0.647461 0.550914 0.647461 0.549608 0.649414 0.546997 0.649414 0.545692 0.650391 0.544386 0.650391 0.543081 0.649414 0.541775 0.649414 0.537859 0.648438 0.536554 0.648438 0.533943 0.647461 0.532637 0.646484 0.528721 0.641602 0.523499 0.639648 0.523499
0 0.610352 0.574413 0.606445 0.579634 0.605469 0.579634 0.605469 0.580940 0.603516 0.583551 0.603516 0.586162 0.602539 0.587467 0.602539 0.592689 0.603516 0.593995 0.603516 0.597911 0.606445 0.604439 0.606445 0.607050 0.609375 0.610966 0.610352 0.610966 0.612305 0.613577 0.613281 0.613577 0.616211 0.616188 0.620117 0.616188 0.621094 0.617493 0.625000 0.617493 0.625977 0.616188 0.627930 0.616188 0.628906 0.614883 0.631836 0.613577 0.638672 0.604439 0.638672 0.603133 0.640625 0.600522 0.640625 0.597911 0.641602 0.596606 0.641602 0.591384 0.640625 0.590078 0.640625 0.587467 0.639648 0.586162 0.639648 0.584856 0.637695 0.582245 0.637695 0.580940 0.636719 0.580940 0.634766 0.578329 0.630859 0.578329 0.629883 0.577023 0.626953 0.577023 0.625977 0.575718 0.623047 0.575718 0.622070 0.574413 0.616211 0.574413 0.615234 0.573107 0.614258 0.573107 0.613281 0.574413
0 0.524414 0.640992 0.520508 0.646214 0.519531 0.646214 0.517578 0.648825 0.517578 0.650131 0.515625 0.654047 0.516602 0.655352 0.516602 0.657963 0.517578 0.659269 0.517578 0.664491 0.518555 0.665796 0.518555 0.671018 0.520508 0.674935 0.520508 0.680157 0.521484 0.681462 0.521484 0.684073 0.522461 0.685379 0.522461 0.686684 0.524414 0.689295 0.525391 0.689295 0.526367 0.690601 0.530273 0.690601 0.531250 0.691906 0.534180 0.691906 0.535156 0.693211 0.537109 0.693211 0.538086 0.691906 0.539062 0.691906 0.543945 0.685379 0.543945 0.684073 0.547852 0.678851 0.547852 0.677546 0.549805 0.674935 0.549805 0.672324 0.550781 0.671018 0.550781 0.667102 0.551758 0.665796 0.551758 0.660574 0.550781 0.659269 0.550781 0.655352 0.548828 0.652742 0.548828 0.651436 0.545898 0.644909 0.542969 0.644909 0.541992 0.643603 0.538086 0.643603 0.537109 0.642298 0.531250 0.642298 0.530273 0.640992
0 0.517578 0.681462 0.511719 0.681462 0.510742 0.680157 0.503906 0.680157 0.502930 0.681462 0.496094 0.681462 0.493164 0.684073 0.493164 0.685379 0.491211 0.689295 0.491211 0.691906 0.493164 0.695822 0.493164 0.702350 0.494141 0.703655 0.494141 0.707572 0.495117 0.708877 0.495117 0.710183 0.496094 0.711488 0.496094 0.712794 0.497070 0.714099 0.498047 0.718016 0.500977 0.721932 0.500977 0.723238 0.502930 0.727154 0.505859 0.727154 0.506836 0.725849 0.511719 0.725849 0.512695 0.724543 0.514648 0.724543 0.515625 0.723238 0.516602 0.723238 0.520508 0.718016 0.521484 0.718016 0.525391 0.712794 0.525391 0.701044 0.524414 0.699739 0.524414 0.695822 0.523438 0.694517 0.523438 0.693211 0.522461 0.691906 0.522461 0.690601 0.521484 0.689295 0.520508 0.685379
0 0.458984 0.686684 0.456055 0.690601 0.455078 0.690601 0.454102 0.691906 0.454102 0.693211 0.452148 0.695822 0.452148 0.697128 0.450195 0.701044 0.450195 0.703655 0.449219 0.704961 0.449219 0.711488 0.450195 0.712794 0.450195 0.714099 0.451172 0.714099 0.453125 0.716710 0.454102 0.716710 0.456055 0.719321 0.457031 0.719321 0.461914 0.724543 0.462891 0.724543 0.463867 0.725849 0.465820 0.725849 0.467773 0.728460 0.468750 0.728460 0.469727 0.729765 0.471680 0.729765 0.472656 0.731070 0.478516 0.731070 0.480469 0.728460 0.481445 0.728460 0.482422 0.727154 0.482422 0.725849 0.484375 0.721932 0.484375 0.719321 0.485352 0.718016 0.485352 0.715405 0.486328 0.714099 0.486328 0.710183 0.485352 0.708877 0.485352 0.706266 0.483398 0.702350 0.483398 0.697128 0.482422 0.695822 0.480469 0.689295 0.478516 0.686684 0.478516 0.685379 0.476562 0.685379 0.475586 0.684073 0.471680 0.684073 0.470703 0.682768 0.465820 0.682768 0.464844 0.684073 0.462891 0.684073 0.461914 0.685379
0 0.457031 0.731070 0.451172 0.738903 0.451172 0.740209 0.449219 0.744125 0.449219 0.746736 0.448242 0.748042 0.449219 0.749347 0.449219 0.751958 0.450195 0.753264 0.450195 0.755875 0.451172 0.757180 0.451172 0.759791 0.452148 0.761097 0.452148 0.762402 0.454102 0.762402 0.458008 0.766319 0.458984 0.766319 0.462891 0.772846 0.462891 0.774151 0.463867 0.775457 0.463867 0.778068 0.467773 0.783290 0.468750 0.783290 0.469727 0.784595 0.475586 0.784595 0.476562 0.785901 0.479492 0.784595 0.482422 0.780679 0.482422 0.779373 0.485352 0.774151 0.485352 0.772846 0.486328 0.771540 0.486328 0.768930 0.487305 0.767624 0.487305 0.759791 0.488281 0.758486 0.488281 0.757180 0.487305 0.755875 0.487305 0.749347 0.486328 0.748042 0.486328 0.745431 0.482422 0.740209 0.481445 0.740209 0.479492 0.737598 0.478516 0.737598 0.475586 0.734987 0.473633 0.734987 0.470703 0.732376 0.467773 0.732376 0.466797 0.731070
0 0.490234 0.768930 0.486328 0.774151 0.486328 0.775457 0.485352 0.776762 0.485352 0.778068 0.483398 0.780679 0.483398 0.783290 0.482422 0.784595 0.482422 0.785901 0.483398 0.787206 0.483398 0.792428 0.482422 0.793734 0.482422 0.797650 0.483398 0.798956 0.483398 0.805483 0.482422 0.806789 0.482422 0.813316 0.486328 0.818538 0.487305 0.818538 0.489258 0.821149 0.491211 0.821149 0.492188 0.822454 0.495117 0.822454 0.496094 0.823760 0.499023 0.823760 0.500000 0.822454 0.500977 0.822454 0.505859 0.815927 0.505859 0.812010 0.506836 0.810705 0.506836 0.805483 0.507812 0.804178 0.507812 0.801567 0.508789 0.800261 0.508789 0.797650 0.509766 0.796345 0.509766 0.783290 0.508789 0.781984 0.507812 0.778068 0.505859 0.775457 0.504883 0.775457 0.501953 0.772846 0.500000 0.772846 0.499023 0.771540 0.496094 0.771540 0.495117 0.770235 0.491211 0.770235
0 0.507812 0.817232 0.506836 0.818538 0.503906 0.819843 0.497070 0.828982 0.497070 0.830287 0.496094 0.831593 0.496094 0.834204 0.495117 0.835509 0.495117 0.839426 0.494141 0.840731 0.494141 0.849869 0.495117 0.851175 0.495117 0.852480 0.497070 0.855091 0.498047 0.855091 0.499023 0.856397 0.500000 0.856397 0.500977 0.857702 0.501953 0.857702 0.508789 0.862924 0.510742 0.862924 0.513672 0.865535 0.521484 0.865535 0.523438 0.862924 0.523438 0.861619 0.525391 0.859008 0.526367 0.855091 0.528320 0.852480 0.528320 0.851175 0.529297 0.849869 0.529297 0.847258 0.530273 0.845953 0.530273 0.843342 0.531250 0.842037 0.530273 0.840731 0.530273 0.836815 0.529297 0.835509 0.529297 0.832898 0.528320 0.831593 0.528320 0.827676 0.527344 0.826371 0.527344 0.825065 0.525391 0.822454 0.523438 0.822454 0.520508 0.818538 0.519531 0.818538 0.518555 0.817232
0 0.483398 0.819843 0.480469 0.819843 0.479492 0.818538 0.476562 0.818538 0.475586 0.819843 0.471680 0.819843 0.470703 0.821149 0.467773 0.822454 0.465820 0.825065 0.464844 0.825065 0.461914 0.828982 0.460938 0.828982 0.458984 0.832898 0.458984 0.835509 0.458008 0.836815 0.458008 0.845953 0.458984 0.847258 0.458984 0.857702 0.459961 0.859008 0.459961 0.866841 0.460938 0.868146 0.461914 0.872063 0.462891 0.872063 0.465820 0.875979 0.468750 0.875979 0.469727 0.877285 0.472656 0.877285 0.473633 0.875979 0.475586 0.875979 0.476562 0.874674 0.479492 0.873368 0.481445 0.870757 0.482422 0.870757 0.488281 0.864230 0.489258 0.864230 0.493164 0.859008 0.493164 0.840731 0.492188 0.839426 0.492188 0.836815 0.491211 0.835509 0.491211 0.831593 0.490234 0.830287 0.490234 0.828982
0 0.539062 0.800261 0.538086 0.801567 0.537109 0.801567 0.535156 0.804178 0.534180 0.804178 0.534180 0.805483 0.532227 0.808094 0.532227 0.809399 0.531250 0.810705 0.531250 0.814621 0.532227 0.815927 0.532227 0.821149 0.534180 0.825065 0.534180 0.827676 0.535156 0.828982 0.535156 0.831593 0.536133 0.832898 0.537109 0.836815 0.538086 0.838120 0.539062 0.838120 0.544922 0.845953 0.548828 0.845953 0.549805 0.844648 0.551758 0.844648 0.552734 0.843342 0.555664 0.842037 0.560547 0.835509 0.560547 0.834204 0.562500 0.831593 0.562500 0.830287 0.564453 0.826371 0.564453 0.822454 0.562500 0.818538 0.562500 0.812010 0.561523 0.810705 0.560547 0.806789 0.557617 0.802872 0.553711 0.802872 0.552734 0.804178 0.546875 0.804178 0.541992 0.800261
0 0.524414 0.725849 0.523438 0.725849 0.522461 0.724543 0.520508 0.724543 0.519531 0.725849 0.517578 0.725849 0.516602 0.727154 0.511719 0.727154 0.510742 0.728460 0.504883 0.728460 0.503906 0.729765 0.501953 0.729765 0.500977 0.731070 0.500000 0.731070 0.497070 0.734987 0.497070 0.736292 0.496094 0.737598 0.496094 0.759791 0.497070 0.761097 0.497070 0.765013 0.498047 0.766319 0.498047 0.768930 0.499023 0.768930 0.500000 0.770235 0.502930 0.770235 0.503906 0.771540 0.505859 0.771540 0.506836 0.772846 0.508789 0.772846 0.511719 0.775457 0.514648 0.775457 0.515625 0.776762 0.520508 0.776762 0.521484 0.775457 0.524414 0.775457 0.525391 0.774151 0.526367 0.774151 0.532227 0.767624 0.532227 0.766319 0.534180 0.763708 0.534180 0.755875 0.533203 0.754569 0.533203 0.751958 0.532227 0.750653 0.532227 0.746736 0.530273 0.742820 0.530273 0.734987 0.529297 0.733681 0.529297 0.732376
0 0.547852 0.749347 0.546875 0.750653 0.544922 0.750653 0.543945 0.751958 0.542969 0.751958 0.537109 0.759791 0.537109 0.761097 0.536133 0.762402 0.536133 0.763708 0.532227 0.772846 0.532227 0.778068 0.533203 0.779373 0.533203 0.784595 0.534180 0.785901 0.534180 0.787206 0.536133 0.789817 0.536133 0.791123 0.538086 0.793734 0.538086 0.795039 0.540039 0.798956 0.541016 0.798956 0.542969 0.801567 0.543945 0.801567 0.544922 0.802872 0.553711 0.802872 0.554688 0.801567 0.555664 0.801567 0.562500 0.792428 0.563477 0.792428 0.564453 0.791123 0.564453 0.789817 0.568359 0.784595 0.568359 0.783290 0.569336 0.781984 0.569336 0.775457 0.568359 0.774151 0.568359 0.771540 0.567383 0.770235 0.567383 0.768930 0.558594 0.755875 0.556641 0.755875 0.555664 0.754569 0.552734 0.753264 0.550781 0.750653
0 0.594727 0.787206 0.591797 0.787206 0.590820 0.785901 0.588867 0.785901 0.587891 0.784595 0.583008 0.784595 0.582031 0.783290 0.579102 0.783290 0.578125 0.784595 0.577148 0.784595 0.575195 0.787206 0.574219 0.787206 0.573242 0.788512 0.571289 0.788512 0.569336 0.791123 0.568359 0.791123 0.563477 0.797650 0.563477 0.798956 0.562500 0.800261 0.562500 0.806789 0.563477 0.808094 0.563477 0.815927 0.564453 0.817232 0.564453 0.819843 0.565430 0.821149 0.565430 0.822454 0.571289 0.830287 0.584961 0.830287 0.585938 0.828982 0.588867 0.828982 0.589844 0.827676 0.591797 0.827676 0.593750 0.825065 0.594727 0.825065 0.598633 0.819843 0.599609 0.819843 0.601562 0.817232 0.601562 0.808094 0.600586 0.806789 0.600586 0.804178 0.599609 0.802872 0.599609 0.795039 0.598633 0.795039 0.596680 0.792428 0.596680 0.791123
0 0.567383 0.748042 0.567383 0.758486 0.568359 0.759791 0.568359 0.763708 0.569336 0.765013 0.569336 0.767624 0.570312 0.768930 0.571289 0.772846 0.574219 0.776762 0.578125 0.776762 0.579102 0.778068 0.600586 0.778068 0.603516 0.775457 0.603516 0.772846 0.604492 0.771540 0.604492 0.766319 0.605469 0.765013 0.605469 0.751958 0.604492 0.750653 0.603516 0.746736 0.602539 0.746736 0.599609 0.744125 0.582031 0.744125 0.581055 0.745431 0.579102 0.745431 0.578125 0.744125 0.571289 0.744125 0.570312 0.745431 0.569336 0.745431
0 0.528320 0.704961 0.528320 0.706266 0.527344 0.707572 0.528320 0.708877 0.528320 0.714099 0.529297 0.715405 0.529297 0.719321 0.530273 0.720627 0.530273 0.724543 0.531250 0.725849 0.531250 0.728460 0.532227 0.729765 0.532227 0.732376 0.533203 0.733681 0.533203 0.737598 0.536133 0.744125 0.537109 0.744125 0.538086 0.745431 0.547852 0.745431 0.552734 0.741514 0.554688 0.741514 0.555664 0.740209 0.560547 0.737598 0.560547 0.736292 0.562500 0.732376 0.561523 0.731070 0.561523 0.716710 0.560547 0.715405 0.560547 0.712794 0.559570 0.711488 0.559570 0.708877 0.558594 0.707572 0.558594 0.706266 0.557617 0.704961 0.557617 0.702350 0.556641 0.701044 0.547852 0.701044 0.546875 0.699739 0.539062 0.699739 0.538086 0.701044 0.536133 0.701044 0.533203 0.703655 0.530273 0.703655 0.529297 0.704961
0 0.569336 0.633159 0.563477 0.637076 0.559570 0.642298 0.558594 0.644909 0.558594 0.647520 0.557617 0.648825 0.557617 0.656658 0.556641 0.657963 0.556641 0.672324 0.555664 0.673629 0.555664 0.676240 0.556641 0.677546 0.556641 0.681462 0.563477 0.690601 0.563477 0.691906 0.566406 0.695822 0.570312 0.698433 0.573242 0.698433 0.574219 0.699739 0.583984 0.699739 0.588867 0.691906 0.588867 0.686684 0.589844 0.685379 0.589844 0.681462 0.590820 0.680157 0.590820 0.676240 0.591797 0.674935 0.591797 0.671018 0.592773 0.669713 0.592773 0.663185 0.584961 0.643603 0.584961 0.640992 0.583008 0.635770 0.582031 0.635770 0.580078 0.633159 0.577148 0.633159 0.576172 0.631854 0.574219 0.631854 0.573242 0.633159
0 0.614258 0.690601 0.612305 0.690601 0.611328 0.689295 0.609375 0.689295 0.608398 0.690601 0.604492 0.690601 0.603516 0.691906 0.602539 0.691906 0.601562 0.693211 0.601562 0.694517 0.599609 0.697128 0.597656 0.697128 0.596680 0.698433 0.593750 0.698433 0.592773 0.699739 0.589844 0.699739 0.588867 0.701044 0.587891 0.701044 0.584961 0.704961 0.584961 0.707572 0.583984 0.708877 0.583984 0.724543 0.584961 0.725849 0.584961 0.728460 0.587891 0.732376 0.588867 0.732376 0.593750 0.737598 0.594727 0.737598 0.599609 0.741514 0.603516 0.741514 0.604492 0.740209 0.607422 0.740209 0.608398 0.738903 0.609375 0.738903 0.611328 0.736292 0.616211 0.733681 0.616211 0.731070 0.617188 0.729765 0.618164 0.723238 0.621094 0.716710 0.621094 0.707572 0.620117 0.706266 0.620117 0.703655 0.619141 0.702350 0.619141 0.699739 0.618164 0.698433 0.618164 0.697128
0 0.602539 0.618799 0.597656 0.624021 0.597656 0.625326 0.595703 0.627937 0.595703 0.629243 0.591797 0.634465 0.591797 0.635770 0.590820 0.637076 0.590820 0.643603 0.592773 0.647520 0.592773 0.650131 0.593750 0.651436 0.593750 0.655352 0.594727 0.656658 0.594727 0.659269 0.595703 0.660574 0.596680 0.664491 0.602539 0.672324 0.603516 0.672324 0.604492 0.673629 0.606445 0.673629 0.607422 0.674935 0.609375 0.674935 0.610352 0.676240 0.620117 0.676240 0.621094 0.674935 0.623047 0.674935 0.624023 0.673629 0.626953 0.672324 0.629883 0.668407 0.629883 0.667102 0.631836 0.663185 0.631836 0.657963 0.630859 0.656658 0.629883 0.650131 0.627930 0.646214 0.626953 0.637076 0.625977 0.635770 0.623047 0.626632 0.619141 0.621410 0.618164 0.621410 0.615234 0.618799
0 0.640625 0.631854 0.637695 0.634465 0.637695 0.638381 0.636719 0.639687 0.636719 0.640992 0.631836 0.648825 0.631836 0.654047 0.632812 0.655352 0.632812 0.656658 0.634766 0.659269 0.634766 0.660574 0.639648 0.667102 0.639648 0.668407 0.648438 0.680157 0.648438 0.681462 0.649414 0.682768 0.650391 0.682768 0.653320 0.685379 0.654297 0.685379 0.655273 0.684073 0.658203 0.684073 0.660156 0.681462 0.661133 0.681462 0.667969 0.672324 0.667969 0.671018 0.669922 0.668407 0.669922 0.667102 0.672852 0.660574 0.672852 0.652742 0.662109 0.638381 0.662109 0.637076 0.659180 0.633159 0.656250 0.633159 0.655273 0.631854 0.649414 0.631854 0.648438 0.630548 0.644531 0.630548 0.643555 0.631854
0 0.629883 0.685379 0.628906 0.686684 0.628906 0.687990 0.627930 0.689295 0.627930 0.691906 0.624023 0.701044 0.624023 0.714099 0.625000 0.715405 0.625000 0.718016 0.626953 0.720627 0.626953 0.721932 0.627930 0.723238 0.627930 0.724543 0.629883 0.727154 0.629883 0.728460 0.632812 0.732376 0.633789 0.732376 0.636719 0.734987 0.638672 0.734987 0.639648 0.736292 0.646484 0.736292 0.650391 0.731070 0.652344 0.724543 0.654297 0.721932 0.656250 0.715405 0.658203 0.712794 0.658203 0.710183 0.659180 0.708877 0.659180 0.706266 0.660156 0.704961 0.660156 0.697128 0.654297 0.689295 0.652344 0.689295 0.651367 0.687990 0.647461 0.687990 0.646484 0.686684 0.643555 0.686684 0.642578 0.685379
0 0.641602 0.741514 0.639648 0.744125 0.639648 0.746736 0.638672 0.748042 0.638672 0.758486 0.639648 0.759791 0.639648 0.762402 0.640625 0.763708 0.641602 0.767624 0.645508 0.772846 0.645508 0.774151 0.648438 0.778068 0.649414 0.778068 0.651367 0.780679 0.652344 0.780679 0.653320 0.781984 0.656250 0.781984 0.657227 0.783290 0.666992 0.783290 0.667969 0.781984 0.668945 0.781984 0.671875 0.778068 0.671875 0.776762 0.672852 0.775457 0.672852 0.763708 0.671875 0.762402 0.671875 0.757180 0.672852 0.755875 0.672852 0.750653 0.671875 0.749347 0.671875 0.741514 0.668945 0.737598 0.667969 0.737598 0.666992 0.736292 0.665039 0.736292 0.664062 0.734987 0.662109 0.734987 0.661133 0.733681 0.653320 0.733681 0.652344 0.734987 0.651367 0.734987 0.648438 0.738903 0.647461 0.738903 0.644531 0.741514
0 0.611328 0.785901 0.611328 0.787206 0.610352 0.788512 0.610352 0.791123 0.609375 0.792428 0.609375 0.795039 0.608398 0.796345 0.608398 0.798956 0.607422 0.800261 0.607422 0.802872 0.606445 0.804178 0.606445 0.815927 0.607422 0.817232 0.607422 0.826371 0.608398 0.827676 0.608398 0.828982 0.617188 0.828982 0.618164 0.827676 0.625000 0.827676 0.625977 0.826371 0.630859 0.826371 0.631836 0.825065 0.639648 0.825065 0.641602 0.822454 0.641602 0.812010 0.642578 0.810705 0.641602 0.809399 0.641602 0.793734 0.640625 0.792428 0.640625 0.789817 0.638672 0.787206 0.636719 0.787206 0.635742 0.785901 0.623047 0.785901 0.624023 0.787206 0.624023 0.789817 0.623047 0.791123 0.621094 0.791123 0.620117 0.789817 0.621094 0.788512 0.621094 0.785901 0.615234 0.785901 0.614258 0.784595 0.613281 0.785901
0 0.674805 0.698433 0.673828 0.699739 0.672852 0.699739 0.666992 0.707572 0.666992 0.708877 0.665039 0.711488 0.665039 0.712794 0.664062 0.714099 0.664062 0.718016 0.665039 0.719321 0.665039 0.720627 0.666016 0.721932 0.666016 0.723238 0.669922 0.732376 0.669922 0.734987 0.670898 0.736292 0.670898 0.737598 0.674805 0.742820 0.674805 0.744125 0.676758 0.746736 0.677734 0.746736 0.678711 0.748042 0.678711 0.749347 0.680664 0.751958 0.685547 0.751958 0.686523 0.750653 0.687500 0.750653 0.688477 0.749347 0.688477 0.748042 0.695312 0.738903 0.695312 0.737598 0.697266 0.734987 0.697266 0.733681 0.698242 0.732376 0.698242 0.729765 0.700195 0.725849 0.700195 0.719321 0.699219 0.718016 0.699219 0.711488 0.698242 0.710183 0.698242 0.706266 0.697266 0.704961 0.697266 0.703655 0.695312 0.701044 0.694336 0.701044 0.693359 0.699739 0.691406 0.699739 0.690430 0.698433 0.687500 0.698433 0.686523 0.697128 0.679688 0.697128 0.678711 0.698433
0 0.706055 0.647520 0.705078 0.648825 0.702148 0.648825 0.694336 0.659269 0.692383 0.659269 0.690430 0.661880 0.690430 0.663185 0.689453 0.664491 0.689453 0.668407 0.690430 0.669713 0.690430 0.681462 0.692383 0.684073 0.692383 0.685379 0.695312 0.691906 0.696289 0.698433 0.697266 0.699739 0.698242 0.699739 0.699219 0.701044 0.706055 0.701044 0.707031 0.702350 0.712891 0.702350 0.713867 0.701044 0.718750 0.699739 0.722656 0.695822 0.722656 0.694517 0.723633 0.693211 0.723633 0.690601 0.724609 0.689295 0.724609 0.677546 0.725586 0.676240 0.725586 0.669713 0.724609 0.668407 0.724609 0.664491 0.723633 0.663185 0.720703 0.654047 0.718750 0.651436 0.718750 0.650131 0.717773 0.650131 0.716797 0.648825 0.713867 0.648825 0.712891 0.647520
0 0.670898 0.596606 0.665039 0.605744 0.665039 0.627937 0.667969 0.631854 0.667969 0.633159 0.670898 0.638381 0.670898 0.639687 0.672852 0.642298 0.673828 0.642298 0.677734 0.647520 0.679688 0.647520 0.680664 0.648825 0.694336 0.648825 0.695312 0.647520 0.700195 0.647520 0.701172 0.646214 0.702148 0.646214 0.702148 0.644909 0.703125 0.643603 0.703125 0.640992 0.704102 0.639687 0.704102 0.638381 0.705078 0.637076 0.705078 0.634465 0.706055 0.633159 0.706055 0.629243 0.705078 0.627937 0.705078 0.625326 0.704102 0.624021 0.704102 0.622715 0.698242 0.612272 0.697266 0.608355 0.695312 0.605744 0.695312 0.604439 0.692383 0.599217 0.692383 0.597911 0.689453 0.593995 0.686523 0.593995 0.685547 0.592689 0.684570 0.592689 0.683594 0.593995 0.677734 0.593995 0.676758 0.595300 0.672852 0.595300 0.671875 0.596606
0 0.732422 0.592689 0.723633 0.592689 0.722656 0.593995 0.718750 0.593995 0.717773 0.595300 0.716797 0.595300 0.711914 0.601828 0.711914 0.610966 0.710938 0.612272 0.710938 0.620104 0.711914 0.621410 0.711914 0.635770 0.712891 0.637076 0.712891 0.639687 0.713867 0.640992 0.713867 0.643603 0.715820 0.646214 0.717773 0.646214 0.718750 0.647520 0.721680 0.647520 0.722656 0.646214 0.725586 0.646214 0.726562 0.644909 0.731445 0.642298 0.736328 0.637076 0.737305 0.637076 0.738281 0.635770 0.741211 0.635770 0.742188 0.634465 0.742188 0.612272 0.741211 0.610966 0.741211 0.608355 0.740234 0.607050 0.740234 0.604439 0.739258 0.603133 0.739258 0.601828 0.737305 0.599217 0.737305 0.597911 0.734375 0.593995 0.733398 0.593995
0 0.696289 0.550914 0.695312 0.549608 0.694336 0.549608 0.687500 0.544386 0.681641 0.544386 0.679688 0.546997 0.678711 0.546997 0.675781 0.550914 0.674805 0.550914 0.669922 0.557441 0.668945 0.557441 0.662109 0.566580 0.662109 0.569191 0.661133 0.570496 0.661133 0.573107 0.662109 0.574413 0.662109 0.578329 0.664062 0.580940 0.664062 0.583551 0.665039 0.584856 0.665039 0.586162 0.666992 0.586162 0.667969 0.587467 0.670898 0.587467 0.671875 0.588773 0.674805 0.588773 0.675781 0.590078 0.678711 0.590078 0.679688 0.588773 0.690430 0.588773 0.691406 0.587467 0.693359 0.587467 0.695312 0.584856 0.698242 0.583551 0.700195 0.579634 0.700195 0.570496 0.699219 0.569191 0.699219 0.563969 0.698242 0.562663 0.698242 0.560052 0.697266 0.558747 0.697266 0.554830 0.696289 0.553525
0 0.650391 0.492167 0.648438 0.494778 0.648438 0.496084 0.646484 0.500000 0.646484 0.511749 0.647461 0.513055 0.647461 0.515666 0.649414 0.519582 0.649414 0.523499 0.650391 0.524804 0.651367 0.528721 0.655273 0.532637 0.658203 0.532637 0.659180 0.533943 0.661133 0.533943 0.662109 0.535248 0.665039 0.535248 0.666016 0.536554 0.671875 0.536554 0.672852 0.537859 0.678711 0.537859 0.679688 0.536554 0.681641 0.536554 0.684570 0.530026 0.684570 0.518277 0.683594 0.516971 0.683594 0.510444 0.682617 0.509138 0.682617 0.502611 0.681641 0.501305 0.681641 0.497389 0.680664 0.496084 0.680664 0.494778 0.677734 0.490862 0.675781 0.490862 0.674805 0.489556 0.654297 0.489556 0.653320 0.490862
0 0.684570 0.443864 0.683594 0.443864 0.682617 0.442559 0.680664 0.442559 0.679688 0.441253 0.669922 0.441253 0.668945 0.442559 0.654297 0.442559 0.651367 0.445170 0.651367 0.446475 0.649414 0.450392 0.649414 0.454308 0.648438 0.455614 0.648438 0.458225 0.649414 0.459530 0.649414 0.463446 0.650391 0.464752 0.650391 0.468668 0.651367 0.469974 0.651367 0.472585 0.653320 0.475196 0.657227 0.486945 0.659180 0.486945 0.660156 0.488251 0.677734 0.488251 0.678711 0.486945 0.680664 0.486945 0.684570 0.483029 0.685547 0.483029 0.685547 0.481723 0.689453 0.476501 0.689453 0.475196 0.691406 0.471279 0.691406 0.468668 0.692383 0.467363 0.692383 0.462141 0.690430 0.458225 0.690430 0.455614 0.689453 0.454308 0.689453 0.451697 0.688477 0.450392 0.688477 0.449086
0 0.720703 0.439948 0.713867 0.439948 0.712891 0.438642 0.708008 0.438642 0.707031 0.439948 0.696289 0.439948 0.693359 0.443864 0.693359 0.456919 0.694336 0.458225 0.694336 0.463446 0.695312 0.464752 0.695312 0.466057 0.696289 0.467363 0.696289 0.469974 0.697266 0.471279 0.697266 0.475196 0.698242 0.476501 0.698242 0.479112 0.699219 0.480418 0.699219 0.484334 0.700195 0.485640 0.700195 0.488251 0.703125 0.492167 0.709961 0.492167 0.710938 0.490862 0.713867 0.490862 0.714844 0.489556 0.717773 0.489556 0.718750 0.488251 0.721680 0.486945 0.725586 0.481723 0.725586 0.480418 0.730469 0.473890 0.730469 0.472585 0.731445 0.471279 0.731445 0.468668 0.732422 0.467363 0.732422 0.463446 0.730469 0.459530 0.730469 0.456919 0.729492 0.455614 0.725586 0.443864 0.724609 0.443864
0 0.724609 0.493473 0.719727 0.490862 0.718750 0.492167 0.714844 0.492167 0.713867 0.493473 0.710938 0.493473 0.709961 0.494778 0.704102 0.494778 0.703125 0.496084 0.699219 0.496084 0.698242 0.497389 0.696289 0.497389 0.694336 0.500000 0.693359 0.500000 0.692383 0.501305 0.690430 0.507833 0.687500 0.513055 0.687500 0.523499 0.688477 0.524804 0.688477 0.527415 0.690430 0.530026 0.690430 0.531332 0.694336 0.536554 0.695312 0.536554 0.696289 0.537859 0.705078 0.537859 0.706055 0.539164 0.708008 0.539164 0.708984 0.537859 0.714844 0.537859 0.715820 0.536554 0.717773 0.536554 0.718750 0.535248 0.719727 0.535248 0.721680 0.532637 0.721680 0.531332 0.724609 0.528721 0.724609 0.527415 0.728516 0.518277 0.728516 0.514360 0.729492 0.513055 0.728516 0.511749 0.728516 0.503916 0.727539 0.502611 0.727539 0.500000 0.724609 0.494778
0 0.733398 0.532637 0.724609 0.532637 0.721680 0.536554 0.720703 0.536554 0.715820 0.541775 0.715820 0.545692 0.714844 0.546997 0.714844 0.557441 0.713867 0.558747 0.713867 0.577023 0.715820 0.579634 0.717773 0.579634 0.718750 0.580940 0.719727 0.580940 0.722656 0.584856 0.727539 0.584856 0.728516 0.583551 0.729492 0.583551 0.731445 0.580940 0.733398 0.580940 0.734375 0.579634 0.736328 0.579634 0.739258 0.577023 0.741211 0.577023 0.743164 0.574413 0.743164 0.571802 0.744141 0.570496 0.744141 0.565274 0.745117 0.563969 0.745117 0.561358 0.747070 0.557441 0.747070 0.550914 0.746094 0.549608 0.746094 0.545692 0.745117 0.544386 0.745117 0.543081 0.741211 0.537859 0.740234 0.537859 0.739258 0.536554 0.738281 0.536554 0.736328 0.533943 0.734375 0.533943
