0 0.048828 0.574219 0.046875 0.574219 0.045898 0.572917 0.041016 0.572917 0.040039 0.574219 0.038086 0.574219 0.037109 0.575521 0.036133 0.575521 0.034180 0.578125 0.033203 0.578125 0.032227 0.579427 0.031250 0.579427 0.029297 0.582031 0.029297 0.583333 0.028320 0.584635 0.028320 0.585938 0.026367 0.589844 0.026367 0.593750 0.025391 0.595052 0.025391 0.604167 0.026367 0.605469 0.026367 0.606771 0.027344 0.608073 0.027344 0.609375 0.028320 0.610677 0.028320 0.611979 0.034180 0.611979 0.035156 0.610677 0.037109 0.610677 0.038086 0.609375 0.040039 0.609375 0.041016 0.608073 0.041992 0.608073 0.043945 0.605469 0.043945 0.604167 0.042969 0.602865 0.042969 0.600260 0.044922 0.597656 0.044922 0.595052 0.046875 0.591146 0.046875 0.589844 0.043945 0.585938 0.043945 0.584635 0.044922 0.583333 0.044922 0.580729 0.045898 0.579427 0.045898 0.578125 0.046875 0.576823 0.047852 0.576823 0.048828 0.575521
0 0.072266 0.593750 0.068359 0.593750 0.067383 0.595052 0.065430 0.595052 0.064453 0.596354 0.061523 0.596354 0.060547 0.597656 0.059570 0.597656 0.057617 0.600260 0.055664 0.600260 0.054688 0.601562 0.053711 0.601562 0.052734 0.602865 0.052734 0.604167 0.047852 0.610677 0.047852 0.613281 0.046875 0.614583 0.046875 0.619792 0.047852 0.621094 0.048828 0.625000 0.051758 0.628906 0.051758 0.630208 0.053711 0.632812 0.054688 0.632812 0.055664 0.634115 0.059570 0.634115 0.060547 0.632812 0.067383 0.632812 0.068359 0.631510 0.070312 0.631510 0.068359 0.627604 0.069336 0.623698 0.071289 0.621094 0.071289 0.613281 0.072266 0.611979 0.070312 0.608073 0.070312 0.605469 0.071289 0.604167 0.072266 0.604167 0.075195 0.601562 0.075195 0.600260 0.074219 0.598958 0.074219 0.597656
0 0.069336 0.653646 0.068359 0.654948 0.068359 0.656250 0.067383 0.657552 0.067383 0.658854 0.068359 0.660156 0.068359 0.666667 0.067383 0.667969 0.067383 0.670573 0.068359 0.671875 0.068359 0.673177 0.070312 0.675781 0.070312 0.677083 0.071289 0.678385 0.071289 0.679688 0.072266 0.680990 0.072266 0.682292 0.073242 0.683594 0.073242 0.684896 0.074219 0.686198 0.074219 0.687500 0.075195 0.688802 0.075195 0.690104 0.076172 0.690104 0.077148 0.688802 0.083008 0.688802 0.083008 0.686198 0.083984 0.684896 0.083984 0.675781 0.084961 0.674479 0.084961 0.673177 0.083984 0.671875 0.083984 0.662760 0.082031 0.660156 0.082031 0.658854 0.081055 0.657552 0.081055 0.656250 0.080078 0.654948 0.079102 0.654948 0.076172 0.651042 0.075195 0.651042 0.074219 0.652344 0.072266 0.652344 0.071289 0.653646
0 0.089844 0.673177 0.089844 0.675781 0.091797 0.678385 0.091797 0.679688 0.089844 0.682292 0.087891 0.682292 0.085938 0.684896 0.085938 0.686198 0.083984 0.688802 0.083984 0.690104 0.084961 0.691406 0.084961 0.695312 0.085938 0.696615 0.085938 0.699219 0.086914 0.700521 0.086914 0.701823 0.087891 0.701823 0.088867 0.703125 0.096680 0.703125 0.097656 0.701823 0.101562 0.701823 0.102539 0.700521 0.104492 0.700521 0.105469 0.699219 0.106445 0.699219 0.107422 0.697917 0.107422 0.696615 0.108398 0.695312 0.108398 0.691406 0.102539 0.691406 0.101562 0.690104 0.101562 0.688802 0.100586 0.687500 0.100586 0.686198 0.098633 0.683594 0.098633 0.678385 0.097656 0.677083 0.096680 0.677083 0.095703 0.675781 0.094727 0.675781 0.093750 0.674479 0.093750 0.673177 0.092773 0.673177 0.091797 0.671875 0.090820 0.673177
0 0.120117 0.710938 0.118164 0.708333 0.117188 0.708333 0.115234 0.705729 0.114258 0.705729 0.113281 0.704427 0.112305 0.704427 0.110352 0.701823 0.107422 0.701823 0.106445 0.703125 0.103516 0.703125 0.102539 0.704427 0.094727 0.704427 0.093750 0.705729 0.090820 0.705729 0.089844 0.707031 0.089844 0.708333 0.084961 0.714844 0.084961 0.722656 0.086914 0.726562 0.086914 0.729167 0.088867 0.731771 0.089844 0.731771 0.091797 0.734375 0.093750 0.734375 0.094727 0.735677 0.095703 0.735677 0.097656 0.733073 0.098633 0.733073 0.099609 0.731771 0.105469 0.731771 0.106445 0.730469 0.107422 0.730469 0.108398 0.729167 0.108398 0.727865 0.109375 0.726562 0.109375 0.725260 0.114258 0.718750 0.115234 0.718750 0.117188 0.716146 0.118164 0.716146 0.119141 0.714844 0.119141 0.712240
0 0.110352 0.729167 0.106445 0.735677 0.106445 0.740885 0.105469 0.742188 0.105469 0.744792 0.103516 0.747396 0.103516 0.748698 0.101562 0.752604 0.101562 0.755208 0.102539 0.756510 0.102539 0.761719 0.109375 0.761719 0.110352 0.763021 0.116211 0.763021 0.117188 0.764323 0.125000 0.764323 0.125977 0.765625 0.125977 0.766927 0.128906 0.766927 0.129883 0.768229 0.130859 0.766927 0.129883 0.765625 0.125977 0.765625 0.125000 0.764323 0.125000 0.755208 0.126953 0.752604 0.128906 0.752604 0.129883 0.753906 0.129883 0.751302 0.128906 0.751302 0.126953 0.748698 0.126953 0.746094 0.123047 0.746094 0.121094 0.743490 0.121094 0.742188 0.120117 0.740885 0.120117 0.738281 0.119141 0.736979 0.120117 0.733073 0.122070 0.730469 0.123047 0.730469 0.125977 0.734375 0.125977 0.733073 0.126953 0.731771 0.126953 0.726562 0.125977 0.725260 0.121094 0.725260 0.118164 0.727865 0.114258 0.727865 0.113281 0.729167
0 0.132812 0.720052 0.131836 0.721354 0.130859 0.721354 0.127930 0.725260 0.127930 0.726562 0.126953 0.727865 0.126953 0.736979 0.128906 0.739583 0.128906 0.740885 0.129883 0.742188 0.128906 0.743490 0.128906 0.750000 0.129883 0.751302 0.129883 0.752604 0.130859 0.752604 0.132812 0.755208 0.133789 0.755208 0.134766 0.756510 0.134766 0.757812 0.135742 0.757812 0.137695 0.760417 0.145508 0.760417 0.148438 0.757812 0.148438 0.756510 0.153320 0.750000 0.153320 0.748698 0.155273 0.746094 0.155273 0.734375 0.154297 0.733073 0.154297 0.729167 0.155273 0.727865 0.155273 0.726562 0.153320 0.723958 0.152344 0.723958 0.151367 0.722656 0.151367 0.721354 0.149414 0.718750 0.148438 0.718750 0.147461 0.720052 0.146484 0.720052 0.145508 0.718750 0.136719 0.718750 0.135742 0.720052
0 0.121094 0.670573 0.117188 0.675781 0.117188 0.677083 0.115234 0.679688 0.115234 0.680990 0.114258 0.682292 0.114258 0.690104 0.115234 0.691406 0.115234 0.692708 0.118164 0.696615 0.119141 0.696615 0.121094 0.699219 0.122070 0.699219 0.123047 0.700521 0.125000 0.700521 0.125977 0.701823 0.127930 0.701823 0.129883 0.704427 0.134766 0.704427 0.137695 0.701823 0.139648 0.701823 0.141602 0.699219 0.141602 0.696615 0.142578 0.695312 0.142578 0.692708 0.141602 0.691406 0.141602 0.687500 0.139648 0.684896 0.139648 0.678385 0.138672 0.677083 0.138672 0.675781 0.136719 0.673177 0.135742 0.673177 0.134766 0.671875 0.133789 0.671875 0.130859 0.669271 0.127930 0.669271 0.126953 0.670573
0 0.077148 0.579427 0.074219 0.583333 0.074219 0.584635 0.072266 0.587240 0.071289 0.591146 0.072266 0.591146 0.076172 0.596354 0.076172 0.598958 0.077148 0.600260 0.078125 0.600260 0.081055 0.604167 0.081055 0.605469 0.086914 0.613281 0.087891 0.613281 0.088867 0.614583 0.094727 0.614583 0.095703 0.613281 0.096680 0.613281 0.097656 0.611979 0.097656 0.609375 0.095703 0.606771 0.095703 0.605469 0.098633 0.601562 0.098633 0.600260 0.096680 0.597656 0.095703 0.597656 0.094727 0.596354 0.094727 0.593750 0.095703 0.592448 0.095703 0.588542 0.096680 0.587240 0.096680 0.584635 0.097656 0.583333 0.098633 0.583333 0.100586 0.580729 0.101562 0.580729 0.100586 0.579427 0.096680 0.579427 0.095703 0.578125 0.092773 0.578125 0.091797 0.576823 0.090820 0.576823 0.089844 0.578125 0.082031 0.578125 0.081055 0.579427
0 0.060547 0.552083 0.056641 0.557292 0.055664 0.557292 0.053711 0.559896 0.053711 0.575521 0.057617 0.580729 0.058594 0.580729 0.060547 0.583333 0.064453 0.583333 0.065430 0.584635 0.068359 0.584635 0.071289 0.580729 0.071289 0.579427 0.077148 0.571615 0.077148 0.570312 0.078125 0.569010 0.078125 0.567708 0.079102 0.566406 0.079102 0.559896 0.078125 0.558594 0.078125 0.557292 0.076172 0.554688 0.073242 0.554688 0.072266 0.555990 0.071289 0.555990 0.070312 0.554688 0.069336 0.554688 0.068359 0.553385 0.067383 0.554688 0.066406 0.554688 0.065430 0.555990 0.063477 0.555990
0 0.099609 0.527344 0.098633 0.527344 0.097656 0.528646 0.092773 0.528646 0.091797 0.529948 0.089844 0.529948 0.088867 0.531250 0.085938 0.531250 0.084961 0.532552 0.083008 0.532552 0.082031 0.533854 0.080078 0.533854 0.079102 0.535156 0.076172 0.536458 0.074219 0.539062 0.075195 0.540365 0.075195 0.548177 0.079102 0.553385 0.079102 0.554688 0.080078 0.555990 0.080078 0.558594 0.081055 0.559896 0.081055 0.565104 0.084961 0.570312 0.084961 0.572917 0.087891 0.575521 0.088867 0.574219 0.092773 0.574219 0.093750 0.572917 0.096680 0.571615 0.098633 0.569010 0.099609 0.569010 0.100586 0.567708 0.103516 0.566406 0.104492 0.565104 0.105469 0.561198 0.108398 0.557292 0.108398 0.555990 0.110352 0.553385 0.109375 0.552083 0.106445 0.550781 0.104492 0.548177 0.104492 0.544271 0.100586 0.539062 0.100586 0.535156 0.099609 0.533854 0.099609 0.532552 0.100586 0.531250 0.100586 0.528646
0 0.085938 0.505208 0.084961 0.505208 0.083984 0.503906 0.073242 0.503906 0.072266 0.505208 0.071289 0.505208 0.070312 0.506510 0.069336 0.506510 0.067383 0.509115 0.064453 0.509115 0.060547 0.514323 0.060547 0.515625 0.059570 0.516927 0.059570 0.529948 0.060547 0.531250 0.060547 0.532552 0.064453 0.537760 0.071289 0.537760 0.074219 0.535156 0.076172 0.535156 0.077148 0.533854 0.078125 0.533854 0.079102 0.532552 0.080078 0.532552 0.082031 0.529948 0.083008 0.529948 0.083984 0.528646 0.085938 0.528646 0.086914 0.527344 0.087891 0.527344 0.087891 0.522135 0.089844 0.519531 0.090820 0.519531 0.090820 0.515625 0.088867 0.515625 0.085938 0.511719
0 0.056641 0.455729 0.055664 0.455729 0.052734 0.458333 0.050781 0.458333 0.048828 0.460938 0.046875 0.460938 0.044922 0.458333 0.044922 0.457031 0.043945 0.457031 0.042969 0.458333 0.041016 0.458333 0.040039 0.459635 0.040039 0.468750 0.041016 0.470052 0.041016 0.485677 0.041992 0.486979 0.042969 0.486979 0.044922 0.490885 0.046875 0.490885 0.047852 0.492188 0.048828 0.492188 0.051758 0.496094 0.056641 0.496094 0.057617 0.494792 0.059570 0.494792 0.060547 0.493490 0.061523 0.493490 0.068359 0.484375 0.068359 0.483073 0.069336 0.481771 0.069336 0.479167 0.068359 0.477865 0.068359 0.472656 0.067383 0.471354 0.067383 0.468750 0.066406 0.467448 0.066406 0.466146 0.065430 0.464844 0.064453 0.460938 0.062500 0.458333 0.061523 0.458333 0.060547 0.457031 0.057617 0.457031
0 0.116211 0.440104 0.102539 0.440104 0.101562 0.441406 0.098633 0.441406 0.097656 0.442708 0.094727 0.442708 0.093750 0.444010 0.091797 0.444010 0.090820 0.445312 0.089844 0.445312 0.089844 0.446615 0.087891 0.449219 0.087891 0.453125 0.086914 0.454427 0.086914 0.459635 0.087891 0.460938 0.087891 0.462240 0.088867 0.463542 0.089844 0.467448 0.091797 0.470052 0.091797 0.471354 0.092773 0.471354 0.095703 0.475260 0.095703 0.476562 0.097656 0.479167 0.103516 0.479167 0.104492 0.477865 0.105469 0.477865 0.110352 0.471354 0.109375 0.467448 0.108398 0.467448 0.107422 0.466146 0.107422 0.463542 0.109375 0.460938 0.111328 0.460938 0.111328 0.458333 0.112305 0.457031 0.112305 0.450521 0.116211 0.445312
0 0.124023 0.490885 0.122070 0.488281 0.118164 0.488281 0.115234 0.485677 0.105469 0.485677 0.104492 0.486979 0.102539 0.486979 0.101562 0.488281 0.100586 0.488281 0.099609 0.489583 0.098633 0.489583 0.093750 0.496094 0.093750 0.498698 0.092773 0.500000 0.092773 0.509115 0.093750 0.510417 0.093750 0.513021 0.094727 0.514323 0.094727 0.515625 0.095703 0.516927 0.095703 0.518229 0.098633 0.522135 0.107422 0.522135 0.108398 0.520833 0.110352 0.520833 0.111328 0.519531 0.112305 0.519531 0.115234 0.515625 0.116211 0.515625 0.116211 0.514323 0.117188 0.513021 0.117188 0.511719 0.116211 0.510417 0.116211 0.506510 0.117188 0.505208 0.117188 0.503906 0.119141 0.501302 0.119141 0.500000 0.122070 0.496094 0.122070 0.493490
0 0.117188 0.506510 0.117188 0.509115 0.118164 0.510417 0.118164 0.514323 0.120117 0.516927 0.120117 0.518229 0.125977 0.526042 0.127930 0.526042 0.130859 0.528646 0.133789 0.528646 0.134766 0.527344 0.135742 0.527344 0.138672 0.524740 0.140625 0.524740 0.141602 0.523438 0.145508 0.523438 0.146484 0.522135 0.146484 0.513021 0.147461 0.511719 0.147461 0.509115 0.148438 0.507812 0.148438 0.506510 0.147461 0.505208 0.147461 0.500000 0.146484 0.498698 0.146484 0.496094 0.145508 0.494792 0.144531 0.494792 0.141602 0.490885 0.128906 0.490885 0.126953 0.493490 0.125977 0.493490 0.124023 0.496094 0.123047 0.496094 0.120117 0.500000 0.120117 0.501302 0.118164 0.503906 0.118164 0.505208
0 0.162109 0.527344 0.155273 0.527344 0.151367 0.531250 0.142578 0.533854 0.140625 0.536458 0.137695 0.537760 0.135742 0.540365 0.134766 0.540365 0.133789 0.541667 0.131836 0.541667 0.125977 0.549479 0.125977 0.554688 0.126953 0.555990 0.126953 0.557292 0.131836 0.563802 0.131836 0.567708 0.132812 0.569010 0.132812 0.570312 0.133789 0.570312 0.135742 0.572917 0.137695 0.572917 0.138672 0.574219 0.143555 0.574219 0.144531 0.572917 0.146484 0.572917 0.148438 0.570312 0.149414 0.570312 0.149414 0.569010 0.153320 0.565104 0.157227 0.565104 0.158203 0.563802 0.161133 0.563802 0.162109 0.562500 0.163086 0.558594 0.161133 0.554688 0.158203 0.558594 0.156250 0.555990 0.156250 0.549479 0.155273 0.548177 0.155273 0.544271 0.154297 0.542969 0.154297 0.540365 0.153320 0.539062 0.155273 0.536458 0.159180 0.536458 0.161133 0.539062 0.161133 0.535156 0.160156 0.533854 0.160156 0.532552 0.162109 0.529948
0 0.137695 0.531250 0.132812 0.531250 0.131836 0.532552 0.130859 0.532552 0.126953 0.537760 0.125977 0.537760 0.125977 0.541667 0.125000 0.542969 0.125000 0.546875 0.124023 0.548177 0.124023 0.553385 0.125000 0.554688 0.125000 0.555990 0.125977 0.557292 0.125977 0.558594 0.126953 0.559896 0.126953 0.561198 0.129883 0.565104 0.131836 0.562500 0.131836 0.558594 0.130859 0.557292 0.130859 0.555990 0.129883 0.554688 0.129883 0.550781 0.128906 0.549479 0.128906 0.548177 0.129883 0.546875 0.129883 0.545573 0.130859 0.544271 0.130859 0.542969 0.131836 0.541667 0.132812 0.541667 0.134766 0.539062 0.135742 0.539062 0.139648 0.533854 0.139648 0.532552 0.138672 0.532552
0 0.127930 0.570312 0.125000 0.574219 0.125000 0.576823 0.124023 0.578125 0.124023 0.579427 0.122070 0.582031 0.122070 0.584635 0.121094 0.585938 0.121094 0.587240 0.120117 0.588542 0.120117 0.591146 0.119141 0.592448 0.119141 0.596354 0.121094 0.598958 0.121094 0.601562 0.124023 0.605469 0.126953 0.605469 0.127930 0.606771 0.130859 0.606771 0.131836 0.605469 0.132812 0.605469 0.133789 0.604167 0.134766 0.604167 0.140625 0.596354 0.140625 0.595052 0.143555 0.591146 0.143555 0.589844 0.144531 0.588542 0.144531 0.587240 0.145508 0.585938 0.145508 0.584635 0.143555 0.582031 0.143555 0.580729 0.142578 0.579427 0.142578 0.578125 0.140625 0.575521 0.138672 0.575521 0.137695 0.574219 0.135742 0.574219 0.134766 0.572917 0.133789 0.572917 0.132812 0.571615 0.131836 0.571615 0.130859 0.570312
0 0.156250 0.609375 0.153320 0.609375 0.152344 0.610677 0.150391 0.610677 0.147461 0.613281 0.145508 0.613281 0.143555 0.615885 0.142578 0.615885 0.141602 0.617188 0.140625 0.617188 0.137695 0.621094 0.137695 0.622396 0.136719 0.623698 0.136719 0.626302 0.135742 0.627604 0.135742 0.630208 0.134766 0.631510 0.134766 0.635417 0.135742 0.636719 0.135742 0.638021 0.136719 0.639323 0.136719 0.640625 0.138672 0.644531 0.142578 0.644531 0.142578 0.643229 0.144531 0.640625 0.145508 0.640625 0.146484 0.639323 0.147461 0.639323 0.149414 0.636719 0.150391 0.636719 0.152344 0.639323 0.152344 0.641927 0.153320 0.643229 0.153320 0.647135 0.156250 0.647135 0.156250 0.645833 0.157227 0.644531 0.157227 0.641927 0.158203 0.640625 0.158203 0.635417 0.159180 0.634115 0.159180 0.627604 0.158203 0.626302 0.158203 0.617188 0.157227 0.615885 0.157227 0.611979 0.156250 0.610677
0 0.159180 0.605469 0.157227 0.608073 0.157227 0.610677 0.156250 0.611979 0.157227 0.613281 0.157227 0.614583 0.158203 0.615885 0.158203 0.618490 0.159180 0.619792 0.159180 0.645833 0.158203 0.647135 0.161133 0.647135 0.162109 0.648438 0.165039 0.648438 0.166016 0.649740 0.169922 0.649740 0.170898 0.648438 0.174805 0.648438 0.175781 0.647135 0.178711 0.645833 0.180664 0.643229 0.182617 0.643229 0.185547 0.639323 0.185547 0.638021 0.184570 0.636719 0.182617 0.639323 0.180664 0.639323 0.179688 0.638021 0.179688 0.635417 0.180664 0.634115 0.180664 0.630208 0.179688 0.628906 0.179688 0.626302 0.178711 0.625000 0.178711 0.621094 0.171875 0.611979 0.170898 0.611979 0.167969 0.608073 0.166992 0.608073 0.165039 0.605469
0 0.150391 0.589844 0.150391 0.592448 0.151367 0.593750 0.151367 0.595052 0.152344 0.596354 0.152344 0.597656 0.153320 0.598958 0.153320 0.601562 0.154297 0.602865 0.154297 0.604167 0.160156 0.604167 0.161133 0.602865 0.163086 0.602865 0.164062 0.601562 0.165039 0.601562 0.166016 0.600260 0.168945 0.600260 0.169922 0.598958 0.171875 0.598958 0.172852 0.597656 0.175781 0.597656 0.176758 0.596354 0.178711 0.596354 0.179688 0.595052 0.180664 0.595052 0.180664 0.593750 0.181641 0.592448 0.181641 0.591146 0.176758 0.584635 0.175781 0.584635 0.173828 0.582031 0.172852 0.582031 0.171875 0.583333 0.168945 0.583333 0.167969 0.582031 0.166992 0.582031 0.166016 0.580729 0.164062 0.580729 0.163086 0.579427 0.162109 0.579427 0.159180 0.583333 0.157227 0.583333 0.156250 0.584635 0.155273 0.584635 0.154297 0.585938 0.153320 0.585938
0 0.189453 0.550781 0.188477 0.550781 0.187500 0.552083 0.184570 0.552083 0.183594 0.553385 0.182617 0.553385 0.180664 0.555990 0.178711 0.555990 0.177734 0.557292 0.176758 0.557292 0.174805 0.559896 0.174805 0.566406 0.173828 0.567708 0.173828 0.570312 0.174805 0.571615 0.174805 0.578125 0.175781 0.579427 0.175781 0.582031 0.176758 0.583333 0.176758 0.584635 0.180664 0.589844 0.181641 0.589844 0.182617 0.591146 0.189453 0.591146 0.192383 0.588542 0.194336 0.588542 0.196289 0.585938 0.197266 0.585938 0.199219 0.583333 0.199219 0.578125 0.198242 0.576823 0.198242 0.572917 0.197266 0.571615 0.197266 0.567708 0.198242 0.566406 0.198242 0.562500 0.197266 0.561198 0.197266 0.559896 0.196289 0.559896 0.194336 0.557292 0.193359 0.557292 0.191406 0.554688 0.191406 0.553385
0 0.172852 0.505208 0.168945 0.510417 0.168945 0.514323 0.167969 0.515625 0.167969 0.519531 0.168945 0.520833 0.169922 0.524740 0.176758 0.533854 0.179688 0.535156 0.181641 0.537760 0.182617 0.537760 0.183594 0.539062 0.185547 0.539062 0.186523 0.540365 0.189453 0.540365 0.192383 0.542969 0.197266 0.542969 0.200195 0.539062 0.200195 0.536458 0.199219 0.535156 0.199219 0.527344 0.198242 0.526042 0.198242 0.524740 0.197266 0.524740 0.196289 0.523438 0.196289 0.522135 0.199219 0.518229 0.200195 0.518229 0.200195 0.516927 0.201172 0.515625 0.201172 0.510417 0.202148 0.509115 0.201172 0.505208 0.200195 0.503906 0.198242 0.503906 0.197266 0.502604 0.194336 0.502604 0.193359 0.503906 0.180664 0.503906 0.179688 0.505208
0 0.149414 0.475260 0.148438 0.476562 0.148438 0.477865 0.146484 0.480469 0.146484 0.481771 0.145508 0.483073 0.145508 0.484375 0.144531 0.485677 0.144531 0.488281 0.145508 0.489583 0.145508 0.490885 0.146484 0.492188 0.146484 0.493490 0.148438 0.496094 0.148438 0.497396 0.150391 0.500000 0.152344 0.500000 0.153320 0.501302 0.155273 0.501302 0.156250 0.502604 0.159180 0.502604 0.160156 0.503906 0.162109 0.503906 0.163086 0.505208 0.164062 0.505208 0.165039 0.506510 0.166016 0.506510 0.166992 0.505208 0.168945 0.505208 0.172852 0.500000 0.172852 0.498698 0.173828 0.497396 0.173828 0.496094 0.172852 0.494792 0.172852 0.492188 0.171875 0.490885 0.171875 0.489583 0.170898 0.488281 0.169922 0.488281 0.161133 0.476562 0.161133 0.475260 0.160156 0.475260 0.159180 0.473958 0.158203 0.473958 0.157227 0.472656 0.153320 0.472656 0.152344 0.473958 0.151367 0.473958 0.150391 0.475260
0 0.125977 0.457031 0.124023 0.459635 0.124023 0.464844 0.125000 0.466146 0.125000 0.470052 0.125977 0.471354 0.125977 0.472656 0.126953 0.473958 0.126953 0.479167 0.129883 0.483073 0.132812 0.483073 0.133789 0.484375 0.139648 0.484375 0.140625 0.485677 0.141602 0.485677 0.142578 0.484375 0.143555 0.484375 0.143555 0.483073 0.145508 0.480469 0.145508 0.479167 0.146484 0.477865 0.146484 0.476562 0.147461 0.475260 0.147461 0.473958 0.148438 0.472656 0.148438 0.471354 0.149414 0.470052 0.149414 0.468750 0.147461 0.466146 0.146484 0.466146 0.145508 0.464844 0.145508 0.463542 0.144531 0.462240 0.144531 0.459635 0.143555 0.458333 0.140625 0.458333 0.139648 0.457031
0 0.122070 0.414062 0.119141 0.417969 0.119141 0.420573 0.118164 0.421875 0.118164 0.437500 0.122070 0.442708 0.122070 0.444010 0.123047 0.445312 0.124023 0.445312 0.126953 0.449219 0.126953 0.450521 0.129883 0.454427 0.134766 0.454427 0.135742 0.453125 0.138672 0.453125 0.139648 0.451823 0.141602 0.451823 0.142578 0.450521 0.143555 0.450521 0.144531 0.449219 0.142578 0.446615 0.137695 0.446615 0.135742 0.444010 0.135742 0.442708 0.136719 0.441406 0.136719 0.438802 0.139648 0.436198 0.139648 0.432292 0.137695 0.428385 0.137695 0.425781 0.136719 0.424479 0.136719 0.421875 0.135742 0.420573 0.135742 0.419271 0.137695 0.416667 0.140625 0.416667 0.141602 0.415365 0.143555 0.415365 0.144531 0.414062 0.145508 0.414062 0.145508 0.412760 0.143555 0.412760 0.142578 0.411458 0.135742 0.411458 0.134766 0.412760 0.133789 0.412760 0.132812 0.411458 0.127930 0.411458 0.126953 0.412760 0.124023 0.412760 0.123047 0.414062
0 0.089844 0.384115 0.089844 0.386719 0.088867 0.388021 0.088867 0.395833 0.087891 0.397135 0.087891 0.403646 0.088867 0.404948 0.089844 0.408854 0.091797 0.411458 0.094727 0.411458 0.098633 0.416667 0.099609 0.416667 0.100586 0.417969 0.109375 0.417969 0.110352 0.419271 0.114258 0.419271 0.116211 0.416667 0.117188 0.416667 0.118164 0.415365 0.118164 0.414062 0.119141 0.412760 0.118164 0.411458 0.118164 0.407552 0.120117 0.404948 0.122070 0.404948 0.123047 0.403646 0.123047 0.402344 0.122070 0.401042 0.118164 0.401042 0.117188 0.399740 0.116211 0.399740 0.114258 0.397135 0.115234 0.395833 0.115234 0.393229 0.116211 0.391927 0.116211 0.389323 0.117188 0.388021 0.114258 0.384115 0.113281 0.384115 0.112305 0.382812 0.106445 0.382812 0.105469 0.384115 0.094727 0.384115 0.093750 0.382812 0.090820 0.382812
0 0.099609 0.334635 0.098633 0.334635 0.097656 0.333333 0.094727 0.333333 0.093750 0.334635 0.084961 0.334635 0.083984 0.335938 0.083008 0.335938 0.082031 0.337240 0.079102 0.338542 0.075195 0.343750 0.075195 0.356771 0.074219 0.358073 0.074219 0.361979 0.075195 0.363281 0.075195 0.365885 0.076172 0.367188 0.076172 0.377604 0.077148 0.378906 0.091797 0.378906 0.092773 0.377604 0.094727 0.377604 0.097656 0.375000 0.097656 0.371094 0.096680 0.369792 0.096680 0.368490 0.095703 0.368490 0.094727 0.367188 0.094727 0.365885 0.095703 0.364583 0.096680 0.364583 0.097656 0.363281 0.097656 0.361979 0.101562 0.356771 0.101562 0.348958 0.103516 0.345052 0.102539 0.343750 0.102539 0.338542
0 0.142578 0.367188 0.140625 0.369792 0.139648 0.369792 0.137695 0.372396 0.137695 0.375000 0.136719 0.376302 0.136719 0.382812 0.138672 0.385417 0.138672 0.391927 0.137695 0.393229 0.137695 0.399740 0.138672 0.401042 0.138672 0.403646 0.142578 0.408854 0.148438 0.408854 0.149414 0.407552 0.149414 0.406250 0.148438 0.404948 0.148438 0.391927 0.149414 0.390625 0.149414 0.389323 0.150391 0.388021 0.150391 0.386719 0.151367 0.385417 0.151367 0.378906 0.150391 0.377604 0.150391 0.375000 0.149414 0.373698 0.149414 0.372396 0.148438 0.371094 0.148438 0.368490 0.147461 0.367188
0 0.171875 0.384115 0.161133 0.384115 0.160156 0.385417 0.159180 0.385417 0.156250 0.389323 0.155273 0.389323 0.154297 0.390625 0.152344 0.390625 0.151367 0.391927 0.150391 0.391927 0.148438 0.395833 0.148438 0.406250 0.149414 0.407552 0.149414 0.408854 0.155273 0.416667 0.156250 0.416667 0.158203 0.419271 0.159180 0.419271 0.160156 0.420573 0.164062 0.420573 0.165039 0.421875 0.166016 0.421875 0.167969 0.419271 0.168945 0.419271 0.169922 0.417969 0.170898 0.417969 0.170898 0.414062 0.171875 0.412760 0.171875 0.410156 0.175781 0.404948 0.175781 0.401042 0.176758 0.399740 0.176758 0.395833 0.178711 0.393229 0.178711 0.391927 0.176758 0.389323 0.176758 0.388021 0.175781 0.386719 0.174805 0.386719
0 0.161133 0.425781 0.161133 0.427083 0.160156 0.428385 0.160156 0.430990 0.161133 0.432292 0.161133 0.436198 0.160156 0.437500 0.160156 0.440104 0.158203 0.442708 0.158203 0.444010 0.161133 0.447917 0.161133 0.450521 0.163086 0.453125 0.163086 0.454427 0.164062 0.455729 0.164062 0.458333 0.165039 0.459635 0.170898 0.459635 0.171875 0.460938 0.176758 0.460938 0.177734 0.459635 0.179688 0.459635 0.181641 0.457031 0.182617 0.457031 0.184570 0.454427 0.181641 0.450521 0.181641 0.446615 0.180664 0.445312 0.180664 0.442708 0.179688 0.441406 0.179688 0.434896 0.176758 0.430990 0.176758 0.429688 0.175781 0.428385 0.177734 0.424479 0.175781 0.424479 0.174805 0.423177 0.172852 0.423177 0.171875 0.424479 0.164062 0.424479 0.163086 0.425781
0 0.233398 0.429688 0.226562 0.429688 0.225586 0.430990 0.214844 0.430990 0.213867 0.432292 0.211914 0.432292 0.210938 0.433594 0.208008 0.434896 0.205078 0.438802 0.205078 0.450521 0.207031 0.453125 0.207031 0.455729 0.209961 0.459635 0.209961 0.460938 0.211914 0.463542 0.211914 0.464844 0.215820 0.470052 0.217773 0.470052 0.218750 0.471354 0.220703 0.471354 0.222656 0.468750 0.223633 0.468750 0.225586 0.466146 0.225586 0.464844 0.226562 0.463542 0.227539 0.459635 0.232422 0.453125 0.233398 0.453125 0.234375 0.451823 0.235352 0.447917 0.234375 0.446615 0.234375 0.438802 0.233398 0.437500
0 0.229492 0.458333 0.228516 0.459635 0.228516 0.460938 0.227539 0.462240 0.227539 0.464844 0.226562 0.466146 0.227539 0.467448 0.227539 0.471354 0.228516 0.472656 0.228516 0.476562 0.230469 0.479167 0.230469 0.480469 0.233398 0.484375 0.233398 0.485677 0.234375 0.485677 0.239258 0.490885 0.241211 0.490885 0.242188 0.492188 0.244141 0.492188 0.245117 0.493490 0.247070 0.493490 0.248047 0.494792 0.249023 0.493490 0.250977 0.493490 0.251953 0.492188 0.252930 0.492188 0.253906 0.490885 0.253906 0.489583 0.254883 0.488281 0.254883 0.486979 0.255859 0.485677 0.255859 0.484375 0.257812 0.480469 0.257812 0.477865 0.258789 0.476562 0.258789 0.473958 0.259766 0.472656 0.259766 0.464844 0.256836 0.460938 0.255859 0.460938 0.254883 0.459635 0.253906 0.459635 0.251953 0.457031 0.250977 0.457031 0.248047 0.454427 0.246094 0.454427 0.245117 0.453125 0.241211 0.453125 0.240234 0.454427 0.237305 0.454427 0.236328 0.455729 0.234375 0.455729 0.233398 0.457031 0.231445 0.457031 0.230469 0.458333
0 0.207031 0.476562 0.205078 0.480469 0.205078 0.489583 0.204102 0.490885 0.204102 0.502604 0.205078 0.503906 0.205078 0.505208 0.208008 0.509115 0.208008 0.510417 0.212891 0.516927 0.212891 0.518229 0.213867 0.518229 0.214844 0.519531 0.216797 0.519531 0.217773 0.520833 0.220703 0.520833 0.221680 0.519531 0.224609 0.519531 0.225586 0.518229 0.228516 0.516927 0.231445 0.513021 0.232422 0.513021 0.232422 0.510417 0.230469 0.507812 0.230469 0.494792 0.232422 0.490885 0.232422 0.485677 0.231445 0.485677 0.228516 0.481771 0.227539 0.477865 0.224609 0.475260 0.221680 0.475260 0.220703 0.473958 0.211914 0.473958 0.210938 0.475260 0.208984 0.475260 0.208008 0.476562
0 0.226562 0.533854 0.223633 0.537760 0.220703 0.537760 0.218750 0.540365 0.218750 0.554688 0.219727 0.555990 0.219727 0.559896 0.220703 0.561198 0.220703 0.563802 0.221680 0.565104 0.222656 0.569010 0.224609 0.571615 0.225586 0.571615 0.227539 0.575521 0.228516 0.575521 0.229492 0.576823 0.237305 0.576823 0.240234 0.574219 0.240234 0.572917 0.244141 0.567708 0.244141 0.566406 0.246094 0.563802 0.246094 0.558594 0.248047 0.554688 0.248047 0.550781 0.249023 0.549479 0.249023 0.546875 0.248047 0.545573 0.248047 0.542969 0.246094 0.542969 0.240234 0.550781 0.239258 0.549479 0.239258 0.546875 0.238281 0.545573 0.238281 0.542969 0.233398 0.537760 0.233398 0.535156 0.232422 0.533854
0 0.223633 0.591146 0.222656 0.592448 0.221680 0.592448 0.220703 0.593750 0.219727 0.593750 0.215820 0.598958 0.215820 0.600260 0.214844 0.601562 0.214844 0.606771 0.212891 0.610677 0.212891 0.617188 0.213867 0.618490 0.213867 0.622396 0.214844 0.623698 0.214844 0.625000 0.215820 0.626302 0.215820 0.627604 0.217773 0.630208 0.217773 0.631510 0.219727 0.634115 0.221680 0.634115 0.222656 0.635417 0.225586 0.635417 0.226562 0.634115 0.228516 0.634115 0.235352 0.625000 0.235352 0.623698 0.236328 0.622396 0.236328 0.615885 0.234375 0.611979 0.234375 0.605469 0.233398 0.604167 0.233398 0.602865 0.232422 0.602865 0.230469 0.600260 0.229492 0.600260 0.228516 0.598958 0.227539 0.598958 0.225586 0.596354 0.225586 0.592448 0.226562 0.591146
0 0.216797 0.635417 0.215820 0.635417 0.214844 0.636719 0.213867 0.636719 0.212891 0.638021 0.211914 0.638021 0.208984 0.640625 0.207031 0.640625 0.206055 0.641927 0.203125 0.641927 0.202148 0.643229 0.201172 0.643229 0.196289 0.649740 0.196289 0.651042 0.195312 0.652344 0.195312 0.665365 0.196289 0.666667 0.196289 0.667969 0.198242 0.671875 0.198242 0.677083 0.202148 0.682292 0.203125 0.682292 0.205078 0.684896 0.208008 0.684896 0.210938 0.680990 0.211914 0.680990 0.216797 0.674479 0.217773 0.674479 0.218750 0.673177 0.218750 0.670573 0.219727 0.669271 0.219727 0.666667 0.221680 0.662760 0.220703 0.661458 0.220703 0.658854 0.219727 0.657552 0.219727 0.653646 0.220703 0.652344 0.220703 0.651042 0.223633 0.647135 0.223633 0.640625 0.221680 0.638021 0.219727 0.638021
0 0.248047 0.625000 0.242188 0.625000 0.241211 0.626302 0.239258 0.626302 0.236328 0.628906 0.234375 0.628906 0.233398 0.630208 0.232422 0.630208 0.226562 0.638021 0.226562 0.645833 0.227539 0.647135 0.227539 0.649740 0.228516 0.651042 0.228516 0.652344 0.230469 0.654948 0.230469 0.656250 0.231445 0.656250 0.232422 0.657552 0.232422 0.660156 0.233398 0.661458 0.235352 0.661458 0.238281 0.664062 0.242188 0.664062 0.243164 0.662760 0.243164 0.653646 0.244141 0.652344 0.244141 0.651042 0.247070 0.647135 0.248047 0.647135 0.250977 0.643229 0.250977 0.641927 0.254883 0.636719 0.253906 0.635417 0.252930 0.635417 0.251953 0.634115 0.250977 0.634115 0.249023 0.631510 0.249023 0.626302
0 0.259766 0.636719 0.258789 0.638021 0.255859 0.639323 0.252930 0.643229 0.251953 0.643229 0.249023 0.647135 0.248047 0.647135 0.245117 0.651042 0.244141 0.654948 0.245117 0.656250 0.245117 0.660156 0.246094 0.661458 0.246094 0.664062 0.247070 0.665365 0.248047 0.669271 0.250000 0.671875 0.250977 0.675781 0.252930 0.678385 0.253906 0.678385 0.254883 0.679688 0.257812 0.679688 0.258789 0.680990 0.263672 0.680990 0.265625 0.678385 0.266602 0.678385 0.270508 0.673177 0.270508 0.671875 0.272461 0.669271 0.273438 0.669271 0.273438 0.667969 0.270508 0.664062 0.270508 0.658854 0.269531 0.657552 0.270508 0.653646 0.269531 0.652344 0.269531 0.651042 0.268555 0.649740 0.268555 0.647135 0.266602 0.643229 0.266602 0.638021 0.265625 0.639323 0.263672 0.639323 0.262695 0.638021
0 0.215820 0.679688 0.213867 0.682292 0.212891 0.682292 0.211914 0.683594 0.210938 0.683594 0.208984 0.686198 0.208984 0.687500 0.208008 0.688802 0.208008 0.691406 0.207031 0.692708 0.207031 0.695312 0.206055 0.696615 0.206055 0.705729 0.207031 0.707031 0.207031 0.708333 0.208008 0.709635 0.208984 0.709635 0.211914 0.713542 0.212891 0.713542 0.213867 0.714844 0.214844 0.714844 0.215820 0.716146 0.216797 0.716146 0.219727 0.718750 0.222656 0.718750 0.223633 0.720052 0.226562 0.720052 0.229492 0.717448 0.229492 0.716146 0.231445 0.712240 0.231445 0.705729 0.229492 0.703125 0.228516 0.703125 0.225586 0.699219 0.225586 0.696615 0.226562 0.695312 0.226562 0.694010 0.228516 0.690104 0.228516 0.688802 0.227539 0.687500 0.227539 0.684896 0.226562 0.684896 0.225586 0.683594 0.222656 0.683594 0.221680 0.682292 0.218750 0.682292 0.216797 0.679688
0 0.234375 0.667969 0.233398 0.669271 0.232422 0.669271 0.234375 0.673177 0.233398 0.674479 0.233398 0.678385 0.231445 0.680990 0.230469 0.680990 0.229492 0.682292 0.229492 0.690104 0.227539 0.694010 0.227539 0.696615 0.226562 0.697917 0.226562 0.700521 0.229492 0.701823 0.231445 0.704427 0.231445 0.705729 0.233398 0.709635 0.235352 0.709635 0.236328 0.710938 0.238281 0.710938 0.239258 0.712240 0.241211 0.712240 0.242188 0.710938 0.245117 0.709635 0.247070 0.707031 0.250000 0.705729 0.251953 0.703125 0.253906 0.703125 0.254883 0.701823 0.255859 0.701823 0.256836 0.700521 0.258789 0.694010 0.261719 0.690104 0.262695 0.690104 0.262695 0.688802 0.264648 0.686198 0.264648 0.683594 0.263672 0.683594 0.262695 0.682292 0.260742 0.682292 0.259766 0.683594 0.258789 0.682292 0.256836 0.682292 0.255859 0.680990 0.253906 0.680990 0.250000 0.675781 0.250000 0.674479 0.248047 0.671875 0.243164 0.671875 0.240234 0.667969
0 0.267578 0.615885 0.267578 0.619792 0.266602 0.621094 0.266602 0.632812 0.267578 0.634115 0.267578 0.636719 0.268555 0.638021 0.268555 0.640625 0.269531 0.641927 0.269531 0.644531 0.270508 0.645833 0.271484 0.645833 0.274414 0.648438 0.276367 0.648438 0.277344 0.649740 0.280273 0.649740 0.281250 0.651042 0.289062 0.651042 0.290039 0.649740 0.291016 0.649740 0.293945 0.645833 0.293945 0.644531 0.294922 0.643229 0.294922 0.639323 0.295898 0.638021 0.295898 0.636719 0.294922 0.635417 0.294922 0.630208 0.293945 0.628906 0.293945 0.627604 0.290039 0.622396 0.290039 0.621094 0.289062 0.619792 0.289062 0.618490 0.287109 0.615885 0.285156 0.615885 0.284180 0.614583 0.282227 0.614583 0.281250 0.613281 0.277344 0.613281 0.275391 0.610677 0.274414 0.610677 0.271484 0.614583 0.270508 0.614583 0.269531 0.615885
0 0.254883 0.710938 0.253906 0.710938 0.252930 0.712240 0.250977 0.712240 0.250000 0.713542 0.249023 0.713542 0.248047 0.714844 0.239258 0.714844 0.238281 0.713542 0.237305 0.713542 0.236328 0.712240 0.233398 0.712240 0.231445 0.714844 0.231445 0.716146 0.229492 0.718750 0.229492 0.720052 0.228516 0.721354 0.229492 0.722656 0.229492 0.726562 0.230469 0.727865 0.230469 0.729167 0.232422 0.731771 0.233398 0.731771 0.234375 0.733073 0.235352 0.733073 0.237305 0.735677 0.238281 0.735677 0.239258 0.736979 0.240234 0.736979 0.241211 0.738281 0.249023 0.738281 0.249023 0.736979 0.250000 0.735677 0.250000 0.734375 0.250977 0.733073 0.250977 0.731771 0.251953 0.730469 0.251953 0.729167 0.252930 0.727865 0.252930 0.726562 0.254883 0.723958 0.254883 0.722656 0.255859 0.721354 0.255859 0.720052 0.254883 0.718750
0 0.170898 0.750000 0.168945 0.752604 0.168945 0.753906 0.166992 0.756510 0.166992 0.757812 0.166016 0.759115 0.166016 0.763021 0.166992 0.764323 0.166992 0.773438 0.167969 0.774740 0.167969 0.777344 0.168945 0.778646 0.168945 0.779948 0.169922 0.781250 0.173828 0.781250 0.174805 0.782552 0.175781 0.782552 0.176758 0.783854 0.181641 0.783854 0.182617 0.782552 0.183594 0.782552 0.184570 0.781250 0.185547 0.781250 0.186523 0.779948 0.187500 0.779948 0.188477 0.778646 0.189453 0.778646 0.192383 0.774740 0.192383 0.766927 0.191406 0.765625 0.191406 0.764323 0.190430 0.763021 0.190430 0.760417 0.188477 0.757812 0.188477 0.756510 0.185547 0.752604 0.184570 0.752604 0.183594 0.751302 0.178711 0.751302 0.177734 0.750000 0.174805 0.750000 0.173828 0.748698 0.172852 0.748698 0.171875 0.750000
0 0.220703 0.730469 0.219727 0.730469 0.218750 0.729167 0.216797 0.729167 0.215820 0.727865 0.212891 0.727865 0.211914 0.726562 0.210938 0.726562 0.209961 0.727865 0.207031 0.727865 0.206055 0.729167 0.201172 0.729167 0.199219 0.731771 0.198242 0.731771 0.197266 0.733073 0.196289 0.733073 0.194336 0.735677 0.193359 0.735677 0.193359 0.747396 0.194336 0.748698 0.194336 0.755208 0.193359 0.756510 0.193359 0.757812 0.194336 0.759115 0.194336 0.768229 0.196289 0.770833 0.197266 0.770833 0.199219 0.773438 0.199219 0.774740 0.206055 0.774740 0.207031 0.773438 0.208008 0.773438 0.210938 0.770833 0.212891 0.770833 0.215820 0.768229 0.215820 0.766927 0.216797 0.765625 0.216797 0.761719 0.215820 0.760417 0.212891 0.760417 0.211914 0.759115 0.211914 0.757812 0.210938 0.756510 0.210938 0.746094 0.219727 0.735677 0.219727 0.733073 0.220703 0.731771
0 0.196289 0.764323 0.196289 0.777344 0.197266 0.778646 0.197266 0.779948 0.198242 0.781250 0.199219 0.781250 0.200195 0.782552 0.202148 0.782552 0.203125 0.783854 0.204102 0.783854 0.205078 0.785156 0.213867 0.785156 0.214844 0.783854 0.216797 0.783854 0.217773 0.782552 0.218750 0.782552 0.219727 0.781250 0.219727 0.779948 0.220703 0.778646 0.220703 0.776042 0.219727 0.774740 0.219727 0.770833 0.220703 0.769531 0.220703 0.766927 0.219727 0.765625 0.211914 0.765625 0.210938 0.764323 0.208984 0.764323 0.208008 0.763021 0.206055 0.763021 0.205078 0.761719 0.204102 0.763021 0.203125 0.763021 0.202148 0.764323 0.201172 0.764323 0.200195 0.765625 0.199219 0.764323 0.198242 0.764323 0.197266 0.763021
0 0.219727 0.783854 0.219727 0.796875 0.220703 0.798177 0.221680 0.798177 0.225586 0.803385 0.226562 0.803385 0.228516 0.805990 0.228516 0.807292 0.229492 0.808594 0.232422 0.809896 0.232422 0.807292 0.230469 0.804688 0.230469 0.803385 0.231445 0.802083 0.234375 0.802083 0.235352 0.803385 0.237305 0.803385 0.238281 0.804688 0.250000 0.804688 0.250000 0.799479 0.249023 0.798177 0.249023 0.796875 0.246094 0.795573 0.244141 0.792969 0.249023 0.789062 0.249023 0.783854 0.246094 0.779948 0.246094 0.778646 0.245117 0.777344 0.244141 0.773438 0.242188 0.770833 0.238281 0.770833 0.237305 0.769531 0.232422 0.769531 0.230469 0.772135 0.227539 0.773438 0.223633 0.778646 0.223633 0.779948 0.221680 0.782552 0.220703 0.782552
0 0.290039 0.777344 0.285156 0.777344 0.284180 0.778646 0.282227 0.778646 0.280273 0.781250 0.277344 0.782552 0.275391 0.785156 0.274414 0.785156 0.273438 0.786458 0.272461 0.786458 0.270508 0.789062 0.269531 0.789062 0.267578 0.791667 0.267578 0.792969 0.266602 0.794271 0.266602 0.800781 0.267578 0.802083 0.267578 0.805990 0.268555 0.807292 0.268555 0.808594 0.269531 0.809896 0.269531 0.811198 0.271484 0.815104 0.271484 0.817708 0.273438 0.820312 0.274414 0.820312 0.275391 0.821615 0.276367 0.821615 0.279297 0.824219 0.283203 0.824219 0.284180 0.822917 0.287109 0.822917 0.288086 0.821615 0.289062 0.821615 0.291992 0.817708 0.291992 0.816406 0.293945 0.813802 0.294922 0.809896 0.296875 0.807292 0.296875 0.805990 0.297852 0.804688 0.297852 0.803385 0.292969 0.798177 0.292969 0.796875 0.291016 0.792969 0.291016 0.779948 0.290039 0.778646
0 0.281250 0.714844 0.281250 0.716146 0.280273 0.717448 0.280273 0.721354 0.279297 0.722656 0.279297 0.725260 0.277344 0.729167 0.277344 0.733073 0.278320 0.734375 0.278320 0.739583 0.279297 0.740885 0.279297 0.743490 0.280273 0.744792 0.280273 0.746094 0.284180 0.751302 0.291016 0.751302 0.291992 0.750000 0.297852 0.750000 0.298828 0.748698 0.301758 0.748698 0.302734 0.747396 0.302734 0.746094 0.306641 0.740885 0.306641 0.735677 0.307617 0.734375 0.307617 0.725260 0.306641 0.723958 0.305664 0.720052 0.301758 0.714844 0.298828 0.716146 0.297852 0.714844 0.295898 0.714844 0.294922 0.713542 0.293945 0.714844 0.292969 0.714844 0.291016 0.717448 0.290039 0.717448 0.287109 0.713542 0.287109 0.710938 0.286133 0.710938 0.284180 0.713542
0 0.278320 0.738281 0.278320 0.743490 0.279297 0.744792 0.279297 0.746094 0.280273 0.747396 0.280273 0.751302 0.281250 0.752604 0.288086 0.752604 0.289062 0.753906 0.291016 0.753906 0.291992 0.755208 0.294922 0.755208 0.295898 0.756510 0.299805 0.756510 0.300781 0.755208 0.301758 0.755208 0.303711 0.752604 0.303711 0.744792 0.302734 0.743490 0.301758 0.743490 0.300781 0.744792 0.299805 0.744792 0.298828 0.746094 0.296875 0.746094 0.295898 0.747396 0.292969 0.747396 0.291992 0.746094 0.288086 0.746094 0.287109 0.747396 0.284180 0.743490 0.283203 0.743490 0.279297 0.738281
0 0.286133 0.660156 0.284180 0.662760 0.283203 0.662760 0.282227 0.664062 0.281250 0.664062 0.274414 0.673177 0.274414 0.684896 0.275391 0.686198 0.275391 0.687500 0.278320 0.691406 0.279297 0.691406 0.280273 0.692708 0.281250 0.692708 0.282227 0.694010 0.283203 0.694010 0.284180 0.695312 0.285156 0.695312 0.286133 0.696615 0.293945 0.696615 0.294922 0.695312 0.295898 0.695312 0.296875 0.694010 0.296875 0.692708 0.297852 0.691406 0.297852 0.690104 0.300781 0.686198 0.301758 0.686198 0.302734 0.684896 0.302734 0.679688 0.301758 0.679688 0.299805 0.677083 0.298828 0.677083 0.297852 0.675781 0.297852 0.674479 0.295898 0.671875 0.295898 0.670573 0.293945 0.667969 0.292969 0.667969 0.287109 0.660156
0 0.317383 0.635417 0.315430 0.635417 0.314453 0.634115 0.311523 0.634115 0.308594 0.636719 0.306641 0.636719 0.305664 0.638021 0.302734 0.638021 0.299805 0.641927 0.297852 0.641927 0.295898 0.644531 0.295898 0.645833 0.294922 0.647135 0.294922 0.648438 0.292969 0.651042 0.292969 0.652344 0.290039 0.656250 0.290039 0.657552 0.289062 0.658854 0.289062 0.660156 0.290039 0.661458 0.290039 0.664062 0.291016 0.664062 0.292969 0.666667 0.293945 0.666667 0.298828 0.673177 0.306641 0.673177 0.307617 0.671875 0.308594 0.671875 0.309570 0.670573 0.310547 0.670573 0.314453 0.665365 0.314453 0.664062 0.315430 0.662760 0.315430 0.660156 0.318359 0.656250 0.318359 0.654948 0.319336 0.653646 0.319336 0.645833 0.320312 0.644531 0.320312 0.641927 0.319336 0.640625 0.319336 0.638021
0 0.254883 0.550781 0.253906 0.552083 0.251953 0.552083 0.250977 0.553385 0.250977 0.554688 0.250000 0.555990 0.250000 0.558594 0.249023 0.559896 0.249023 0.562500 0.248047 0.563802 0.248047 0.567708 0.247070 0.569010 0.247070 0.571615 0.248047 0.572917 0.248047 0.578125 0.249023 0.579427 0.250000 0.579427 0.252930 0.583333 0.252930 0.584635 0.253906 0.585938 0.253906 0.587240 0.254883 0.588542 0.254883 0.589844 0.256836 0.592448 0.257812 0.592448 0.258789 0.593750 0.262695 0.593750 0.263672 0.592448 0.264648 0.592448 0.265625 0.591146 0.265625 0.584635 0.264648 0.583333 0.264648 0.582031 0.263672 0.580729 0.263672 0.579427 0.262695 0.578125 0.262695 0.574219 0.261719 0.572917 0.261719 0.566406 0.262695 0.565104 0.262695 0.558594 0.260742 0.555990 0.260742 0.554688 0.258789 0.552083 0.256836 0.552083 0.255859 0.550781
0 0.267578 0.614583 0.269531 0.611979 0.270508 0.611979 0.274414 0.606771 0.275391 0.606771 0.276367 0.605469 0.278320 0.605469 0.279297 0.604167 0.280273 0.604167 0.282227 0.601562 0.283203 0.601562 0.285156 0.598958 0.285156 0.597656 0.286133 0.596354 0.287109 0.596354 0.271484 0.596354 0.270508 0.595052 0.269531 0.595052 0.268555 0.593750 0.266602 0.593750 0.265625 0.595052 0.265625 0.601562 0.266602 0.602865 0.266602 0.611979 0.267578 0.613281
0 0.292969 0.553385 0.291992 0.553385 0.291016 0.552083 0.289062 0.552083 0.288086 0.550781 0.277344 0.550781 0.276367 0.552083 0.274414 0.552083 0.273438 0.553385 0.270508 0.553385 0.269531 0.554688 0.266602 0.555990 0.264648 0.558594 0.263672 0.558594 0.263672 0.559896 0.262695 0.561198 0.262695 0.576823 0.263672 0.578125 0.263672 0.580729 0.265625 0.584635 0.265625 0.588542 0.266602 0.589844 0.266602 0.593750 0.267578 0.595052 0.283203 0.595052 0.284180 0.593750 0.286133 0.593750 0.287109 0.592448 0.290039 0.591146 0.294922 0.584635 0.294922 0.583333 0.296875 0.579427 0.296875 0.571615 0.297852 0.570312 0.296875 0.569010 0.296875 0.567708 0.294922 0.565104 0.294922 0.559896 0.292969 0.555990
0 0.266602 0.511719 0.263672 0.511719 0.258789 0.518229 0.258789 0.522135 0.256836 0.526042 0.256836 0.540365 0.255859 0.541667 0.255859 0.544271 0.256836 0.545573 0.256836 0.549479 0.257812 0.550781 0.257812 0.552083 0.259766 0.554688 0.260742 0.554688 0.262695 0.557292 0.263672 0.557292 0.265625 0.554688 0.267578 0.554688 0.270508 0.552083 0.272461 0.552083 0.273438 0.550781 0.275391 0.550781 0.276367 0.549479 0.277344 0.549479 0.279297 0.546875 0.279297 0.544271 0.280273 0.542969 0.279297 0.541667 0.279297 0.537760 0.278320 0.536458 0.278320 0.535156 0.276367 0.532552 0.275391 0.532552 0.272461 0.528646 0.272461 0.527344 0.268555 0.522135 0.268555 0.519531 0.267578 0.518229 0.267578 0.513021
0 0.292969 0.498698 0.286133 0.498698 0.284180 0.501302 0.283203 0.501302 0.282227 0.502604 0.278320 0.502604 0.277344 0.503906 0.271484 0.503906 0.269531 0.506510 0.269531 0.510417 0.268555 0.511719 0.268555 0.522135 0.272461 0.527344 0.272461 0.528646 0.274414 0.531250 0.275391 0.531250 0.280273 0.537760 0.281250 0.537760 0.282227 0.539062 0.284180 0.539062 0.285156 0.537760 0.288086 0.537760 0.289062 0.536458 0.291016 0.536458 0.291992 0.535156 0.292969 0.535156 0.293945 0.533854 0.294922 0.533854 0.298828 0.528646 0.298828 0.527344 0.297852 0.526042 0.297852 0.524740 0.295898 0.520833 0.295898 0.516927 0.294922 0.515625 0.294922 0.513021 0.293945 0.511719 0.293945 0.503906 0.292969 0.502604
0 0.271484 0.458333 0.270508 0.458333 0.269531 0.459635 0.266602 0.459635 0.265625 0.460938 0.264648 0.460938 0.262695 0.463542 0.262695 0.464844 0.261719 0.466146 0.261719 0.470052 0.260742 0.471354 0.260742 0.479167 0.259766 0.480469 0.259766 0.483073 0.257812 0.485677 0.257812 0.492188 0.261719 0.497396 0.262695 0.497396 0.263672 0.498698 0.264648 0.498698 0.267578 0.501302 0.271484 0.501302 0.274414 0.498698 0.277344 0.498698 0.282227 0.493490 0.286133 0.493490 0.288086 0.490885 0.287109 0.489583 0.287109 0.475260 0.282227 0.470052 0.281250 0.470052 0.278320 0.467448 0.276367 0.467448 0.275391 0.466146 0.274414 0.466146 0.273438 0.464844 0.273438 0.463542 0.272461 0.462240 0.272461 0.459635
0 0.253906 0.416667 0.252930 0.417969 0.251953 0.417969 0.249023 0.421875 0.248047 0.421875 0.245117 0.425781 0.245117 0.427083 0.244141 0.428385 0.244141 0.450521 0.245117 0.450521 0.246094 0.451823 0.247070 0.451823 0.248047 0.453125 0.250000 0.453125 0.252930 0.457031 0.253906 0.457031 0.254883 0.458333 0.257812 0.458333 0.258789 0.457031 0.259766 0.457031 0.260742 0.455729 0.260742 0.453125 0.259766 0.451823 0.259766 0.449219 0.255859 0.444010 0.255859 0.441406 0.254883 0.440104 0.254883 0.438802 0.252930 0.436198 0.252930 0.430990 0.253906 0.429688 0.253906 0.428385 0.255859 0.425781 0.255859 0.424479 0.256836 0.423177 0.256836 0.417969 0.255859 0.416667
0 0.263672 0.411458 0.261719 0.411458 0.260742 0.412760 0.258789 0.412760 0.256836 0.415365 0.255859 0.415365 0.254883 0.416667 0.251953 0.417969 0.250977 0.419271 0.250977 0.420573 0.248047 0.424479 0.248047 0.427083 0.247070 0.428385 0.247070 0.432292 0.245117 0.436198 0.245117 0.447917 0.246094 0.449219 0.246094 0.450521 0.248047 0.450521 0.250000 0.453125 0.250977 0.453125 0.252930 0.455729 0.253906 0.455729 0.254883 0.457031 0.256836 0.457031 0.257812 0.455729 0.265625 0.455729 0.266602 0.454427 0.269531 0.454427 0.269531 0.453125 0.271484 0.450521 0.271484 0.449219 0.272461 0.447917 0.272461 0.445312 0.273438 0.444010 0.273438 0.441406 0.274414 0.440104 0.274414 0.430990 0.273438 0.429688 0.273438 0.428385 0.271484 0.425781 0.270508 0.421875 0.264648 0.414062 0.264648 0.412760
0 0.199219 0.399740 0.196289 0.403646 0.196289 0.404948 0.194336 0.407552 0.194336 0.408854 0.193359 0.410156 0.193359 0.411458 0.192383 0.412760 0.192383 0.416667 0.191406 0.417969 0.191406 0.419271 0.192383 0.420573 0.192383 0.421875 0.193359 0.423177 0.193359 0.424479 0.200195 0.433594 0.200195 0.434896 0.201172 0.436198 0.206055 0.436198 0.207031 0.434896 0.208008 0.434896 0.212891 0.428385 0.211914 0.427083 0.211914 0.425781 0.210938 0.424479 0.210938 0.412760 0.209961 0.411458 0.209961 0.410156 0.208984 0.408854 0.208984 0.406250 0.207031 0.403646 0.207031 0.402344 0.206055 0.401042 0.205078 0.401042 0.204102 0.399740
0 0.212891 0.377604 0.211914 0.378906 0.211914 0.381510 0.208984 0.385417 0.208984 0.388021 0.208008 0.389323 0.208008 0.402344 0.208984 0.403646 0.208984 0.406250 0.209961 0.407552 0.209961 0.408854 0.213867 0.414062 0.214844 0.414062 0.219727 0.419271 0.235352 0.419271 0.236328 0.417969 0.237305 0.417969 0.233398 0.417969 0.232422 0.416667 0.231445 0.416667 0.229492 0.414062 0.229492 0.412760 0.231445 0.408854 0.231445 0.404948 0.230469 0.403646 0.230469 0.390625 0.231445 0.389323 0.231445 0.388021 0.234375 0.385417 0.234375 0.382812 0.232422 0.380208 0.231445 0.380208 0.228516 0.377604
0 0.251953 0.371094 0.250000 0.373698 0.250000 0.375000 0.249023 0.376302 0.249023 0.377604 0.247070 0.381510 0.247070 0.384115 0.246094 0.385417 0.246094 0.393229 0.247070 0.394531 0.247070 0.395833 0.248047 0.397135 0.248047 0.399740 0.250000 0.402344 0.250000 0.403646 0.252930 0.407552 0.253906 0.407552 0.254883 0.408854 0.256836 0.408854 0.257812 0.410156 0.259766 0.410156 0.260742 0.408854 0.261719 0.408854 0.264648 0.406250 0.267578 0.406250 0.268555 0.404948 0.271484 0.404948 0.272461 0.403646 0.274414 0.403646 0.276367 0.399740 0.276367 0.390625 0.275391 0.389323 0.275391 0.386719 0.273438 0.384115 0.273438 0.381510 0.272461 0.380208 0.272461 0.377604 0.269531 0.373698 0.267578 0.373698 0.266602 0.372396 0.264648 0.372396 0.263672 0.371094 0.257812 0.371094 0.256836 0.369792 0.254883 0.369792 0.253906 0.371094
0 0.297852 0.376302 0.296875 0.377604 0.295898 0.377604 0.293945 0.380208 0.293945 0.382812 0.292969 0.384115 0.292969 0.385417 0.291992 0.386719 0.291992 0.388021 0.290039 0.391927 0.290039 0.395833 0.289062 0.397135 0.289062 0.399740 0.288086 0.401042 0.288086 0.403646 0.289062 0.404948 0.289062 0.406250 0.290039 0.407552 0.290039 0.408854 0.291016 0.410156 0.291016 0.411458 0.293945 0.415365 0.293945 0.416667 0.298828 0.423177 0.300781 0.423177 0.301758 0.424479 0.303711 0.424479 0.304688 0.423177 0.304688 0.421875 0.305664 0.420573 0.305664 0.419271 0.306641 0.417969 0.307617 0.417969 0.311523 0.412760 0.311523 0.410156 0.312500 0.408854 0.312500 0.407552 0.311523 0.406250 0.311523 0.404948 0.308594 0.401042 0.308594 0.399740 0.306641 0.395833 0.306641 0.378906 0.303711 0.376302
0 0.175781 0.342448 0.173828 0.345052 0.173828 0.346354 0.171875 0.348958 0.170898 0.348958 0.168945 0.351562 0.168945 0.352865 0.167969 0.354167 0.167969 0.355469 0.166992 0.356771 0.166992 0.358073 0.165039 0.360677 0.165039 0.364583 0.164062 0.365885 0.164062 0.367188 0.165039 0.368490 0.165039 0.372396 0.166016 0.373698 0.166016 0.376302 0.168945 0.378906 0.180664 0.378906 0.181641 0.377604 0.187500 0.377604 0.188477 0.376302 0.188477 0.368490 0.189453 0.367188 0.188477 0.365885 0.188477 0.360677 0.186523 0.356771 0.186523 0.351562 0.184570 0.347656 0.184570 0.345052 0.182617 0.342448
0 0.217773 0.361979 0.216797 0.361979 0.215820 0.360677 0.208008 0.360677 0.207031 0.361979 0.204102 0.361979 0.203125 0.363281 0.201172 0.363281 0.200195 0.364583 0.198242 0.364583 0.197266 0.365885 0.195312 0.365885 0.195312 0.367188 0.193359 0.369792 0.193359 0.372396 0.192383 0.373698 0.192383 0.378906 0.191406 0.380208 0.191406 0.384115 0.192383 0.385417 0.192383 0.388021 0.193359 0.389323 0.195312 0.389323 0.196289 0.390625 0.197266 0.390625 0.201172 0.395833 0.205078 0.395833 0.206055 0.394531 0.206055 0.393229 0.208008 0.389323 0.208008 0.386719 0.208984 0.385417 0.208984 0.384115 0.209961 0.382812 0.209961 0.381510 0.210938 0.380208 0.210938 0.378906 0.212891 0.376302 0.214844 0.376302 0.215820 0.375000 0.217773 0.375000 0.218750 0.373698 0.218750 0.372396 0.219727 0.371094 0.218750 0.369792 0.218750 0.363281
0 0.180664 0.308594 0.179688 0.309896 0.178711 0.309896 0.177734 0.311198 0.176758 0.311198 0.175781 0.312500 0.174805 0.312500 0.170898 0.317708 0.170898 0.322917 0.171875 0.324219 0.171875 0.326823 0.173828 0.329427 0.173828 0.330729 0.174805 0.332031 0.174805 0.333333 0.175781 0.334635 0.175781 0.335938 0.176758 0.337240 0.177734 0.337240 0.178711 0.338542 0.179688 0.338542 0.180664 0.339844 0.184570 0.339844 0.184570 0.337240 0.185547 0.335938 0.185547 0.333333 0.186523 0.332031 0.186523 0.330729 0.194336 0.320312 0.194336 0.319010 0.192383 0.319010 0.191406 0.317708 0.190430 0.317708 0.189453 0.316406 0.188477 0.316406 0.187500 0.315104 0.187500 0.313802 0.184570 0.309896 0.183594 0.309896 0.182617 0.308594
0 0.200195 0.321615 0.196289 0.321615 0.195312 0.322917 0.194336 0.322917 0.193359 0.324219 0.192383 0.324219 0.186523 0.332031 0.186523 0.333333 0.185547 0.334635 0.185547 0.347656 0.186523 0.348958 0.186523 0.352865 0.187500 0.354167 0.187500 0.356771 0.188477 0.358073 0.188477 0.359375 0.190430 0.361979 0.191406 0.361979 0.192383 0.363281 0.193359 0.363281 0.195312 0.360677 0.196289 0.360677 0.199219 0.356771 0.199219 0.355469 0.200195 0.354167 0.202148 0.354167 0.202148 0.352865 0.203125 0.351562 0.203125 0.350260 0.205078 0.347656 0.205078 0.346354 0.208984 0.341146 0.208984 0.335938 0.208008 0.334635 0.208008 0.332031 0.207031 0.330729 0.207031 0.328125 0.206055 0.326823 0.206055 0.325521 0.205078 0.324219 0.204102 0.324219 0.203125 0.322917 0.201172 0.322917
0 0.230469 0.339844 0.229492 0.341146 0.226562 0.342448 0.224609 0.345052 0.223633 0.345052 0.219727 0.350260 0.219727 0.359375 0.220703 0.360677 0.220703 0.368490 0.221680 0.369792 0.221680 0.375000 0.222656 0.375000 0.223633 0.376302 0.228516 0.376302 0.229492 0.377604 0.231445 0.377604 0.232422 0.378906 0.234375 0.378906 0.235352 0.380208 0.237305 0.380208 0.238281 0.378906 0.241211 0.378906 0.242188 0.377604 0.243164 0.377604 0.245117 0.375000 0.245117 0.373698 0.248047 0.369792 0.248047 0.361979 0.247070 0.360677 0.244141 0.363281 0.243164 0.361979 0.243164 0.355469 0.244141 0.354167 0.248047 0.354167 0.250000 0.351562 0.250000 0.350260 0.249023 0.348958 0.249023 0.346354 0.247070 0.343750 0.243164 0.343750 0.242188 0.345052 0.242188 0.346354 0.241211 0.347656 0.241211 0.350260 0.240234 0.351562 0.237305 0.345052 0.237305 0.342448 0.236328 0.342448 0.234375 0.339844
0 0.185547 0.281250 0.185547 0.282552 0.184570 0.283854 0.184570 0.286458 0.181641 0.289062 0.181641 0.291667 0.180664 0.292969 0.180664 0.295573 0.181641 0.296875 0.181641 0.302083 0.182617 0.303385 0.182617 0.304688 0.184570 0.307292 0.184570 0.308594 0.187500 0.312500 0.187500 0.313802 0.188477 0.315104 0.190430 0.315104 0.191406 0.316406 0.193359 0.316406 0.194336 0.317708 0.205078 0.317708 0.206055 0.316406 0.209961 0.316406 0.210938 0.315104 0.210938 0.307292 0.208984 0.304688 0.208984 0.296875 0.208008 0.295573 0.208008 0.286458 0.207031 0.285156 0.207031 0.283854 0.205078 0.281250 0.203125 0.281250 0.200195 0.278646 0.189453 0.278646 0.188477 0.279948
0 0.201172 0.242188 0.200195 0.248698 0.197266 0.252604 0.197266 0.257812 0.199219 0.260417 0.199219 0.269531 0.198242 0.270833 0.198242 0.273438 0.200195 0.276042 0.201172 0.276042 0.208984 0.283854 0.210938 0.283854 0.211914 0.285156 0.215820 0.285156 0.216797 0.286458 0.217773 0.285156 0.224609 0.285156 0.225586 0.286458 0.227539 0.286458 0.228516 0.287760 0.231445 0.287760 0.234375 0.283854 0.234375 0.282552 0.232422 0.279948 0.232422 0.277344 0.234375 0.274740 0.234375 0.270833 0.236328 0.268229 0.238281 0.270833 0.240234 0.270833 0.240234 0.269531 0.241211 0.268229 0.240234 0.264323 0.236328 0.259115 0.236328 0.257812 0.234375 0.257812 0.231445 0.255208 0.228516 0.255208 0.227539 0.253906 0.226562 0.253906 0.223633 0.247396 0.217773 0.247396 0.216797 0.248698 0.206055 0.248698 0.205078 0.247396 0.204102 0.247396 0.201172 0.243490
0 0.255859 0.298177 0.253906 0.298177 0.251953 0.295573 0.250977 0.295573 0.250000 0.294271 0.247070 0.294271 0.246094 0.295573 0.243164 0.295573 0.242188 0.296875 0.241211 0.296875 0.239258 0.299479 0.239258 0.302083 0.238281 0.303385 0.238281 0.305990 0.237305 0.307292 0.237305 0.308594 0.236328 0.309896 0.234375 0.316406 0.232422 0.319010 0.232422 0.320312 0.231445 0.321615 0.231445 0.324219 0.230469 0.325521 0.232422 0.329427 0.232422 0.333333 0.233398 0.333333 0.234375 0.334635 0.238281 0.334635 0.239258 0.335938 0.246094 0.335938 0.247070 0.334635 0.250000 0.334635 0.251953 0.332031 0.253906 0.334635 0.255859 0.334635 0.255859 0.333333 0.256836 0.332031 0.256836 0.329427 0.254883 0.326823 0.251953 0.329427 0.250000 0.326823 0.250000 0.319010 0.251953 0.316406 0.253906 0.316406 0.254883 0.317708 0.254883 0.320312 0.255859 0.320312 0.256836 0.319010 0.258789 0.319010 0.258789 0.317708 0.259766 0.316406 0.259766 0.311198 0.260742 0.309896 0.256836 0.304688 0.256836 0.299479
0 0.297852 0.298177 0.294922 0.294271 0.293945 0.294271 0.292969 0.292969 0.282227 0.292969 0.280273 0.295573 0.279297 0.295573 0.278320 0.296875 0.277344 0.296875 0.272461 0.300781 0.270508 0.300781 0.269531 0.302083 0.268555 0.302083 0.266602 0.304688 0.265625 0.308594 0.263672 0.311198 0.263672 0.312500 0.262695 0.313802 0.261719 0.317708 0.259766 0.320312 0.259766 0.322917 0.258789 0.324219 0.258789 0.325521 0.259766 0.326823 0.259766 0.329427 0.260742 0.330729 0.260742 0.334635 0.261719 0.335938 0.263672 0.335938 0.264648 0.337240 0.271484 0.337240 0.272461 0.335938 0.273438 0.335938 0.274414 0.334635 0.277344 0.333333 0.279297 0.330729 0.282227 0.329427 0.284180 0.326823 0.285156 0.326823 0.291992 0.317708 0.291992 0.316406 0.294922 0.312500 0.294922 0.311198 0.296875 0.308594 0.296875 0.305990 0.297852 0.304688
0 0.254883 0.345052 0.254883 0.350260 0.255859 0.351562 0.255859 0.354167 0.256836 0.355469 0.256836 0.359375 0.257812 0.360677 0.257812 0.364583 0.259766 0.367188 0.261719 0.367188 0.262695 0.368490 0.266602 0.368490 0.273438 0.373698 0.275391 0.373698 0.276367 0.375000 0.279297 0.375000 0.280273 0.376302 0.288086 0.376302 0.289062 0.375000 0.293945 0.375000 0.295898 0.372396 0.295898 0.367188 0.294922 0.365885 0.294922 0.361979 0.292969 0.359375 0.292969 0.358073 0.291992 0.356771 0.291992 0.354167 0.291016 0.352865 0.291016 0.350260 0.290039 0.348958 0.290039 0.345052 0.286133 0.339844 0.284180 0.339844 0.283203 0.338542 0.277344 0.338542 0.276367 0.337240 0.274414 0.337240 0.273438 0.338542 0.271484 0.338542 0.270508 0.339844 0.268555 0.339844 0.267578 0.341146 0.259766 0.341146 0.258789 0.342448 0.256836 0.342448
0 0.066406 0.420573 0.065430 0.421875 0.065430 0.429688 0.066406 0.430990 0.066406 0.432292 0.067383 0.433594 0.067383 0.436198 0.068359 0.437500 0.068359 0.444010 0.069336 0.445312 0.068359 0.446615 0.068359 0.450521 0.069336 0.450521 0.072266 0.453125 0.077148 0.453125 0.078125 0.454427 0.080078 0.454427 0.081055 0.455729 0.084961 0.455729 0.085938 0.454427 0.086914 0.454427 0.086914 0.447917 0.088867 0.444010 0.088867 0.440104 0.086914 0.437500 0.086914 0.436198 0.085938 0.434896 0.085938 0.430990 0.084961 0.429688 0.087891 0.425781 0.090820 0.425781 0.091797 0.424479 0.091797 0.423177 0.087891 0.423177 0.086914 0.421875 0.082031 0.421875 0.081055 0.420573 0.078125 0.420573 0.077148 0.419271 0.074219 0.419271 0.073242 0.420573
0 0.262695 0.231771 0.260742 0.234375 0.259766 0.234375 0.256836 0.238281 0.256836 0.239583 0.254883 0.242188 0.255859 0.243490 0.255859 0.246094 0.256836 0.247396 0.256836 0.251302 0.257812 0.252604 0.257812 0.256510 0.258789 0.257812 0.258789 0.260417 0.259766 0.261719 0.259766 0.263021 0.264648 0.269531 0.266602 0.269531 0.267578 0.270833 0.268555 0.270833 0.270508 0.273438 0.271484 0.273438 0.272461 0.274740 0.273438 0.274740 0.276367 0.277344 0.280273 0.277344 0.281250 0.278646 0.283203 0.278646 0.283203 0.277344 0.282227 0.276042 0.282227 0.270833 0.285156 0.266927 0.285156 0.265625 0.286133 0.264323 0.286133 0.256510 0.284180 0.253906 0.284180 0.251302 0.280273 0.244792 0.279297 0.240885 0.278320 0.240885 0.274414 0.235677 0.273438 0.235677 0.272461 0.234375 0.270508 0.234375 0.269531 0.233073 0.267578 0.233073 0.266602 0.231771
0 0.279297 0.221354 0.279297 0.233073 0.278320 0.234375 0.278320 0.235677 0.279297 0.236979 0.280273 0.240885 0.284180 0.246094 0.284180 0.247396 0.285156 0.248698 0.285156 0.250000 0.287109 0.253906 0.287109 0.256510 0.290039 0.260417 0.294922 0.260417 0.297852 0.263021 0.300781 0.263021 0.301758 0.261719 0.302734 0.261719 0.304688 0.259115 0.304688 0.248698 0.305664 0.247396 0.305664 0.243490 0.306641 0.242188 0.306641 0.239583 0.308594 0.236979 0.308594 0.234375 0.307617 0.233073 0.306641 0.229167 0.300781 0.221354 0.299805 0.221354 0.297852 0.218750 0.288086 0.218750 0.287109 0.217448 0.286133 0.217448 0.283203 0.220052 0.281250 0.220052 0.280273 0.221354
0 0.291992 0.188802 0.291992 0.190104 0.290039 0.192708 0.290039 0.196615 0.291016 0.197917 0.291016 0.203125 0.290039 0.204427 0.290039 0.205729 0.291016 0.207031 0.291016 0.208333 0.292969 0.208333 0.294922 0.210938 0.294922 0.214844 0.299805 0.217448 0.301758 0.220052 0.302734 0.220052 0.306641 0.225260 0.314453 0.225260 0.317383 0.227865 0.324219 0.227865 0.325195 0.229167 0.326172 0.227865 0.328125 0.227865 0.330078 0.225260 0.330078 0.222656 0.331055 0.221354 0.331055 0.217448 0.332031 0.216146 0.332031 0.213542 0.333008 0.212240 0.333008 0.208333 0.333984 0.207031 0.333984 0.204427 0.333008 0.203125 0.332031 0.199219 0.330078 0.196615 0.330078 0.195312 0.329102 0.194010 0.329102 0.191406 0.327148 0.188802 0.324219 0.188802 0.323242 0.187500 0.321289 0.187500 0.318359 0.184896 0.313477 0.184896 0.312500 0.183594 0.307617 0.183594 0.306641 0.182292 0.304688 0.182292 0.301758 0.179688 0.300781 0.180990 0.298828 0.180990
0 0.316406 0.234375 0.311523 0.238281 0.309570 0.238281 0.308594 0.239583 0.307617 0.239583 0.307617 0.240885 0.306641 0.242188 0.306641 0.259115 0.305664 0.260417 0.305664 0.278646 0.309570 0.283854 0.310547 0.283854 0.311523 0.285156 0.326172 0.285156 0.327148 0.283854 0.327148 0.278646 0.326172 0.277344 0.326172 0.276042 0.325195 0.274740 0.324219 0.270833 0.322266 0.268229 0.322266 0.264323 0.321289 0.263021 0.321289 0.259115 0.322266 0.257812 0.322266 0.253906 0.323242 0.252604 0.324219 0.248698 0.328125 0.243490 0.328125 0.240885 0.322266 0.238281 0.319336 0.234375
0 0.323242 0.251302 0.323242 0.253906 0.322266 0.255208 0.322266 0.266927 0.325195 0.272135 0.325195 0.273438 0.328125 0.277344 0.330078 0.283854 0.333008 0.287760 0.335938 0.287760 0.336914 0.289062 0.362305 0.289062 0.366211 0.285156 0.366211 0.283854 0.367188 0.282552 0.367188 0.274740 0.366211 0.273438 0.366211 0.270833 0.365234 0.269531 0.365234 0.264323 0.364258 0.263021 0.363281 0.259115 0.361328 0.256510 0.359375 0.256510 0.358398 0.255208 0.357422 0.255208 0.353516 0.250000 0.353516 0.247396 0.349609 0.242188 0.348633 0.242188 0.341797 0.236979 0.338867 0.236979 0.337891 0.238281 0.335938 0.238281 0.334961 0.239583 0.330078 0.242188 0.330078 0.243490
0 0.340820 0.195312 0.338867 0.197917 0.338867 0.199219 0.334961 0.204427 0.334961 0.208333 0.333984 0.209635 0.333984 0.213542 0.333008 0.214844 0.333008 0.218750 0.332031 0.220052 0.332031 0.223958 0.331055 0.225260 0.331055 0.227865 0.332031 0.229167 0.332031 0.233073 0.333984 0.236979 0.341797 0.236979 0.342773 0.238281 0.346680 0.238281 0.347656 0.239583 0.350586 0.239583 0.351562 0.240885 0.355469 0.240885 0.356445 0.239583 0.357422 0.239583 0.360352 0.235677 0.360352 0.234375 0.361328 0.233073 0.361328 0.226562 0.360352 0.225260 0.360352 0.223958 0.359375 0.222656 0.359375 0.221354 0.357422 0.217448 0.357422 0.214844 0.356445 0.213542 0.356445 0.204427 0.355469 0.203125 0.355469 0.201823 0.353516 0.199219 0.351562 0.199219 0.350586 0.197917 0.348633 0.197917 0.347656 0.196615 0.343750 0.196615 0.342773 0.195312
0 0.372070 0.183594 0.369141 0.187500 0.369141 0.188802 0.368164 0.190104 0.368164 0.191406 0.366211 0.194010 0.365234 0.197917 0.360352 0.204427 0.359375 0.204427 0.357422 0.207031 0.357422 0.216146 0.358398 0.217448 0.359375 0.221354 0.361328 0.223958 0.361328 0.226562 0.363281 0.229167 0.363281 0.230469 0.364258 0.230469 0.365234 0.231771 0.370117 0.231771 0.371094 0.230469 0.374023 0.230469 0.375000 0.231771 0.375977 0.231771 0.376953 0.233073 0.378906 0.233073 0.379883 0.234375 0.379883 0.233073 0.380859 0.231771 0.381836 0.227865 0.383789 0.225260 0.384766 0.221354 0.388672 0.214844 0.388672 0.203125 0.386719 0.200521 0.386719 0.195312 0.383789 0.191406 0.382812 0.187500 0.380859 0.184896 0.379883 0.184896 0.378906 0.183594
0 0.400391 0.213542 0.393555 0.213542 0.392578 0.214844 0.391602 0.214844 0.388672 0.218750 0.387695 0.218750 0.387695 0.220052 0.383789 0.226562 0.383789 0.229167 0.382812 0.230469 0.382812 0.233073 0.381836 0.234375 0.381836 0.250000 0.382812 0.251302 0.382812 0.253906 0.383789 0.255208 0.383789 0.256510 0.386719 0.260417 0.387695 0.260417 0.388672 0.261719 0.390625 0.261719 0.391602 0.263021 0.396484 0.263021 0.397461 0.261719 0.398438 0.261719 0.400391 0.259115 0.400391 0.257812 0.404297 0.252604 0.405273 0.252604 0.406250 0.251302 0.409180 0.250000 0.411133 0.247396 0.411133 0.246094 0.413086 0.243490 0.413086 0.242188 0.414062 0.240885 0.414062 0.231771 0.416016 0.229167 0.416016 0.227865 0.416992 0.226562 0.416992 0.225260 0.411133 0.217448 0.409180 0.217448 0.408203 0.216146 0.406250 0.216146 0.405273 0.214844 0.401367 0.214844
0 0.383789 0.261719 0.383789 0.263021 0.381836 0.265625 0.380859 0.265625 0.379883 0.266927 0.379883 0.268229 0.372070 0.278646 0.371094 0.278646 0.369141 0.281250 0.369141 0.283854 0.371094 0.286458 0.371094 0.287760 0.373047 0.291667 0.373047 0.294271 0.374023 0.295573 0.374023 0.298177 0.375977 0.302083 0.376953 0.302083 0.377930 0.303385 0.378906 0.303385 0.379883 0.304688 0.380859 0.304688 0.381836 0.305990 0.384766 0.307292 0.386719 0.309896 0.394531 0.309896 0.395508 0.308594 0.396484 0.308594 0.397461 0.307292 0.400391 0.305990 0.405273 0.299479 0.405273 0.294271 0.403320 0.291667 0.403320 0.290365 0.399414 0.285156 0.399414 0.282552 0.398438 0.281250 0.398438 0.278646 0.397461 0.277344 0.397461 0.274740 0.396484 0.273438 0.396484 0.270833 0.395508 0.269531 0.395508 0.268229 0.393555 0.265625 0.392578 0.265625 0.389648 0.263021 0.386719 0.263021 0.385742 0.261719
0 0.403320 0.253906 0.400391 0.259115 0.400391 0.260417 0.396484 0.265625 0.396484 0.270833 0.397461 0.272135 0.397461 0.274740 0.399414 0.278646 0.399414 0.282552 0.407227 0.292969 0.408203 0.292969 0.412109 0.298177 0.414062 0.298177 0.415039 0.299479 0.422852 0.299479 0.423828 0.300781 0.426758 0.300781 0.427734 0.302083 0.428711 0.300781 0.430664 0.300781 0.431641 0.299479 0.431641 0.298177 0.435547 0.292969 0.435547 0.286458 0.432617 0.282552 0.431641 0.282552 0.430664 0.281250 0.428711 0.281250 0.427734 0.279948 0.424805 0.278646 0.423828 0.277344 0.423828 0.274740 0.422852 0.273438 0.422852 0.265625 0.423828 0.264323 0.423828 0.261719 0.425781 0.259115 0.427734 0.259115 0.428711 0.257812 0.428711 0.256510 0.423828 0.251302 0.420898 0.251302 0.418945 0.248698 0.416992 0.248698 0.416016 0.247396 0.415039 0.248698 0.412109 0.248698 0.410156 0.251302 0.408203 0.251302 0.407227 0.252604 0.405273 0.252604 0.404297 0.253906
0 0.334961 0.308594 0.331055 0.304688 0.327148 0.304688 0.326172 0.305990 0.321289 0.299479 0.321289 0.298177 0.320312 0.296875 0.320312 0.292969 0.319336 0.292969 0.316406 0.290365 0.310547 0.290365 0.300781 0.303385 0.300781 0.304688 0.294922 0.313802 0.294922 0.315104 0.293945 0.316406 0.293945 0.321615 0.294922 0.322917 0.294922 0.332031 0.297852 0.332031 0.301758 0.337240 0.307617 0.337240 0.308594 0.338542 0.310547 0.338542 0.311523 0.337240 0.316406 0.337240 0.317383 0.335938 0.322266 0.334635 0.323242 0.333333 0.328125 0.330729 0.327148 0.324219 0.325195 0.321615 0.325195 0.317708 0.329102 0.312500 0.330078 0.312500 0.331055 0.311198 0.333984 0.311198 0.334961 0.309896
0 0.293945 0.330729 0.293945 0.332031 0.292969 0.333333 0.292969 0.335938 0.291992 0.337240 0.291992 0.346354 0.292969 0.347656 0.292969 0.350260 0.293945 0.351562 0.293945 0.356771 0.297852 0.364583 0.298828 0.364583 0.301758 0.367188 0.304688 0.367188 0.305664 0.368490 0.309570 0.368490 0.310547 0.367188 0.311523 0.367188 0.312500 0.365885 0.314453 0.365885 0.317383 0.363281 0.320312 0.363281 0.321289 0.361979 0.325195 0.361979 0.326172 0.360677 0.328125 0.360677 0.328125 0.359375 0.329102 0.358073 0.329102 0.351562 0.330078 0.350260 0.330078 0.342448 0.329102 0.341146 0.329102 0.339844 0.327148 0.337240 0.315430 0.337240 0.314453 0.338542 0.303711 0.338542 0.302734 0.337240 0.301758 0.337240 0.297852 0.332031 0.296875 0.332031 0.294922 0.329427
0 0.341797 0.372396 0.340820 0.372396 0.333984 0.363281 0.323242 0.363281 0.322266 0.364583 0.318359 0.364583 0.317383 0.365885 0.314453 0.367188 0.312500 0.369792 0.311523 0.369792 0.310547 0.371094 0.310547 0.372396 0.309570 0.373698 0.309570 0.376302 0.307617 0.380208 0.307617 0.388021 0.306641 0.389323 0.306641 0.394531 0.307617 0.395833 0.307617 0.398438 0.311523 0.403646 0.332031 0.403646 0.333008 0.402344 0.336914 0.402344 0.339844 0.398438 0.339844 0.397135 0.341797 0.393229 0.341797 0.390625 0.342773 0.389323 0.342773 0.384115 0.341797 0.382812 0.341797 0.381510 0.342773 0.380208 0.342773 0.375000 0.341797 0.373698
0 0.350586 0.326823 0.343750 0.326823 0.342773 0.328125 0.340820 0.328125 0.339844 0.329427 0.338867 0.329427 0.337891 0.330729 0.337891 0.332031 0.334961 0.338542 0.334961 0.341146 0.333984 0.342448 0.333984 0.343750 0.331055 0.350260 0.331055 0.354167 0.332031 0.355469 0.332031 0.359375 0.338867 0.368490 0.339844 0.368490 0.342773 0.372396 0.343750 0.372396 0.344727 0.373698 0.345703 0.373698 0.346680 0.372396 0.349609 0.372396 0.352539 0.369792 0.356445 0.369792 0.357422 0.368490 0.360352 0.367188 0.365234 0.360677 0.365234 0.354167 0.364258 0.352865 0.361328 0.351562 0.357422 0.346354 0.357422 0.342448 0.358398 0.341146 0.358398 0.339844 0.357422 0.338542 0.357422 0.337240 0.355469 0.334635 0.354492 0.334635 0.351562 0.330729 0.351562 0.328125
0 0.416016 0.309896 0.416016 0.311198 0.415039 0.312500 0.415039 0.315104 0.414062 0.316406 0.414062 0.328125 0.415039 0.329427 0.415039 0.332031 0.416016 0.333333 0.416016 0.334635 0.418945 0.338542 0.418945 0.339844 0.422852 0.345052 0.433594 0.345052 0.434570 0.346354 0.439453 0.346354 0.442383 0.342448 0.442383 0.341146 0.444336 0.338542 0.444336 0.337240 0.448242 0.330729 0.448242 0.329427 0.451172 0.322917 0.451172 0.316406 0.450195 0.315104 0.450195 0.311198 0.449219 0.309896 0.449219 0.308594 0.448242 0.308594 0.446289 0.305990 0.445312 0.305990 0.444336 0.304688 0.438477 0.304688 0.437500 0.305990 0.433594 0.305990 0.432617 0.304688 0.430664 0.304688 0.429688 0.305990 0.427734 0.305990 0.426758 0.307292 0.423828 0.307292 0.422852 0.308594 0.417969 0.308594 0.416992 0.309896
0 0.360352 0.305990 0.357422 0.308594 0.357422 0.309896 0.356445 0.311198 0.356445 0.315104 0.353516 0.319010 0.353516 0.321615 0.352539 0.322917 0.352539 0.332031 0.358398 0.338542 0.358398 0.343750 0.357422 0.345052 0.357422 0.346354 0.359375 0.348958 0.362305 0.348958 0.363281 0.350260 0.366211 0.350260 0.367188 0.351562 0.369141 0.351562 0.372070 0.354167 0.375000 0.354167 0.375977 0.352865 0.377930 0.352865 0.378906 0.351562 0.379883 0.351562 0.380859 0.350260 0.380859 0.347656 0.381836 0.346354 0.381836 0.343750 0.382812 0.342448 0.382812 0.339844 0.383789 0.338542 0.383789 0.335938 0.384766 0.334635 0.384766 0.332031 0.385742 0.330729 0.385742 0.328125 0.388672 0.324219 0.387695 0.322917 0.387695 0.319010 0.382812 0.312500 0.382812 0.311198 0.379883 0.307292 0.378906 0.307292 0.376953 0.304688 0.375977 0.304688 0.375000 0.303385 0.372070 0.303385 0.371094 0.304688 0.365234 0.304688 0.364258 0.305990
0 0.410156 0.316406 0.407227 0.315104 0.406250 0.316406 0.404297 0.316406 0.403320 0.317708 0.399414 0.317708 0.398438 0.319010 0.396484 0.319010 0.395508 0.320312 0.394531 0.320312 0.392578 0.322917 0.392578 0.324219 0.387695 0.329427 0.387695 0.330729 0.385742 0.334635 0.385742 0.339844 0.384766 0.341146 0.384766 0.345052 0.381836 0.351562 0.383789 0.354167 0.384766 0.358073 0.386719 0.360677 0.388672 0.360677 0.389648 0.361979 0.393555 0.361979 0.394531 0.363281 0.400391 0.363281 0.401367 0.361979 0.403320 0.361979 0.404297 0.360677 0.405273 0.360677 0.406250 0.359375 0.409180 0.358073 0.412109 0.354167 0.412109 0.352865 0.414062 0.350260 0.414062 0.338542 0.415039 0.337240 0.415039 0.334635 0.414062 0.333333 0.414062 0.332031 0.412109 0.328125 0.412109 0.325521 0.411133 0.324219 0.412109 0.322917 0.412109 0.319010
0 0.353516 0.378906 0.351562 0.381510 0.350586 0.381510 0.347656 0.385417 0.347656 0.386719 0.346680 0.388021 0.346680 0.393229 0.345703 0.394531 0.345703 0.399740 0.344727 0.401042 0.344727 0.412760 0.351562 0.421875 0.362305 0.421875 0.363281 0.420573 0.367188 0.420573 0.368164 0.419271 0.370117 0.419271 0.371094 0.417969 0.372070 0.417969 0.374023 0.415365 0.375000 0.415365 0.375000 0.412760 0.375977 0.411458 0.375977 0.408854 0.378906 0.404948 0.378906 0.401042 0.377930 0.399740 0.377930 0.395833 0.376953 0.394531 0.376953 0.393229 0.375000 0.390625 0.375000 0.389323 0.373047 0.386719 0.372070 0.386719 0.370117 0.384115 0.369141 0.384115 0.367188 0.381510 0.366211 0.381510 0.365234 0.380208 0.363281 0.380208 0.362305 0.378906 0.360352 0.378906 0.359375 0.377604 0.356445 0.377604 0.355469 0.378906
0 0.370117 0.377604 0.370117 0.382812 0.371094 0.384115 0.372070 0.384115 0.374023 0.386719 0.375000 0.386719 0.376953 0.389323 0.377930 0.389323 0.384766 0.398438 0.385742 0.398438 0.390625 0.404948 0.391602 0.404948 0.392578 0.406250 0.398438 0.406250 0.399414 0.404948 0.401367 0.404948 0.402344 0.403646 0.406250 0.403646 0.407227 0.402344 0.408203 0.402344 0.411133 0.398438 0.411133 0.397135 0.413086 0.394531 0.413086 0.391927 0.415039 0.388021 0.415039 0.386719 0.414062 0.385417 0.414062 0.382812 0.413086 0.381510 0.412109 0.377604 0.411133 0.377604 0.405273 0.369792 0.404297 0.369792 0.403320 0.368490 0.402344 0.368490 0.400391 0.365885 0.398438 0.365885 0.397461 0.364583 0.392578 0.364583 0.391602 0.363281 0.383789 0.363281 0.382812 0.364583 0.381836 0.364583 0.377930 0.369792 0.376953 0.369792 0.375977 0.371094 0.375000 0.371094 0.373047 0.373698 0.372070 0.373698 0.372070 0.375000
0 0.417969 0.348958 0.414062 0.354167 0.412109 0.360677 0.410156 0.363281 0.410156 0.364583 0.408203 0.368490 0.408203 0.371094 0.410156 0.373698 0.410156 0.375000 0.413086 0.377604 0.414062 0.381510 0.417969 0.386719 0.418945 0.386719 0.423828 0.390625 0.425781 0.390625 0.428711 0.393229 0.441406 0.393229 0.442383 0.391927 0.445312 0.390625 0.448242 0.386719 0.448242 0.384115 0.449219 0.382812 0.449219 0.378906 0.450195 0.377604 0.450195 0.372396 0.440430 0.356771 0.440430 0.355469 0.439453 0.354167 0.439453 0.351562 0.438477 0.350260 0.437500 0.350260 0.434570 0.347656 0.432617 0.347656 0.431641 0.346354 0.423828 0.346354 0.422852 0.347656 0.419922 0.347656 0.418945 0.348958
0 0.452148 0.324219 0.448242 0.335938 0.445312 0.339844 0.445312 0.341146 0.443359 0.343750 0.443359 0.345052 0.440430 0.350260 0.440430 0.352865 0.441406 0.354167 0.442383 0.358073 0.444336 0.360677 0.444336 0.361979 0.449219 0.368490 0.450195 0.368490 0.451172 0.369792 0.462891 0.369792 0.465820 0.372396 0.471680 0.372396 0.472656 0.371094 0.476562 0.371094 0.480469 0.367188 0.481445 0.367188 0.481445 0.363281 0.482422 0.361979 0.482422 0.358073 0.483398 0.356771 0.483398 0.354167 0.484375 0.352865 0.484375 0.348958 0.483398 0.347656 0.483398 0.345052 0.482422 0.343750 0.480469 0.337240 0.475586 0.330729 0.474609 0.330729 0.471680 0.328125 0.469727 0.328125 0.464844 0.324219 0.461914 0.324219 0.460938 0.322917 0.454102 0.322917 0.453125 0.324219
0 0.342773 0.410156 0.337891 0.410156 0.334961 0.412760 0.333008 0.412760 0.331055 0.415365 0.330078 0.415365 0.328125 0.417969 0.328125 0.419271 0.327148 0.420573 0.327148 0.429688 0.326172 0.430990 0.326172 0.436198 0.327148 0.437500 0.327148 0.438802 0.329102 0.441406 0.329102 0.442708 0.331055 0.445312 0.332031 0.445312 0.333008 0.446615 0.333984 0.446615 0.334961 0.445312 0.336914 0.445312 0.337891 0.444010 0.338867 0.444010 0.341797 0.441406 0.343750 0.441406 0.344727 0.440104 0.347656 0.440104 0.348633 0.438802 0.348633 0.437500 0.349609 0.436198 0.349609 0.434896 0.353516 0.429688 0.354492 0.429688 0.354492 0.424479 0.353516 0.424479 0.352539 0.423177 0.351562 0.423177 0.345703 0.415365 0.345703 0.414062
0 0.315430 0.434896 0.313477 0.437500 0.312500 0.437500 0.311523 0.438802 0.310547 0.438802 0.306641 0.444010 0.305664 0.444010 0.300781 0.450521 0.300781 0.453125 0.299805 0.454427 0.299805 0.462240 0.300781 0.463542 0.300781 0.464844 0.301758 0.466146 0.301758 0.467448 0.303711 0.470052 0.307617 0.470052 0.308594 0.471354 0.311523 0.471354 0.312500 0.472656 0.319336 0.472656 0.320312 0.473958 0.322266 0.473958 0.323242 0.472656 0.324219 0.472656 0.325195 0.471354 0.326172 0.471354 0.329102 0.467448 0.329102 0.466146 0.330078 0.464844 0.330078 0.451823 0.331055 0.450521 0.331055 0.447917 0.330078 0.446615 0.330078 0.445312 0.323242 0.436198 0.322266 0.436198 0.321289 0.434896
0 0.333008 0.449219 0.333008 0.450521 0.332031 0.451823 0.332031 0.454427 0.331055 0.455729 0.331055 0.468750 0.332031 0.470052 0.332031 0.471354 0.337891 0.479167 0.338867 0.479167 0.339844 0.480469 0.340820 0.480469 0.341797 0.481771 0.342773 0.481771 0.345703 0.484375 0.353516 0.484375 0.357422 0.479167 0.357422 0.477865 0.358398 0.476562 0.358398 0.475260 0.359375 0.473958 0.359375 0.472656 0.361328 0.470052 0.360352 0.468750 0.360352 0.467448 0.358398 0.464844 0.357422 0.464844 0.356445 0.463542 0.355469 0.463542 0.353516 0.460938 0.353516 0.459635 0.351562 0.457031 0.351562 0.455729 0.350586 0.454427 0.350586 0.451823 0.349609 0.450521 0.349609 0.446615 0.348633 0.445312 0.342773 0.445312 0.341797 0.446615 0.336914 0.446615 0.335938 0.447917 0.334961 0.447917 0.333984 0.449219
0 0.387695 0.428385 0.386719 0.427083 0.384766 0.427083 0.380859 0.421875 0.374023 0.421875 0.373047 0.423177 0.371094 0.423177 0.366211 0.427083 0.361328 0.428385 0.360352 0.429688 0.359375 0.429688 0.356445 0.433594 0.354492 0.433594 0.353516 0.434896 0.352539 0.434896 0.352539 0.436198 0.350586 0.438802 0.350586 0.451823 0.351562 0.453125 0.351562 0.455729 0.352539 0.457031 0.353516 0.460938 0.356445 0.463542 0.358398 0.463542 0.360352 0.466146 0.363281 0.466146 0.364258 0.467448 0.365234 0.466146 0.368164 0.466146 0.373047 0.462240 0.375000 0.462240 0.375977 0.460938 0.381836 0.460938 0.382812 0.459635 0.384766 0.459635 0.385742 0.458333 0.390625 0.455729 0.390625 0.454427 0.391602 0.453125 0.391602 0.444010 0.390625 0.442708 0.390625 0.438802 0.389648 0.437500 0.389648 0.434896 0.388672 0.433594 0.388672 0.430990 0.387695 0.429688
0 0.427734 0.403646 0.415039 0.403646 0.414062 0.404948 0.409180 0.404948 0.408203 0.406250 0.399414 0.406250 0.398438 0.407552 0.396484 0.407552 0.395508 0.408854 0.390625 0.411458 0.389648 0.412760 0.389648 0.416667 0.388672 0.417969 0.388672 0.419271 0.389648 0.420573 0.389648 0.430990 0.390625 0.432292 0.390625 0.436198 0.391602 0.437500 0.391602 0.438802 0.392578 0.440104 0.393555 0.440104 0.399414 0.449219 0.404297 0.449219 0.405273 0.447917 0.408203 0.447917 0.409180 0.446615 0.413086 0.446615 0.414062 0.445312 0.416016 0.445312 0.416992 0.444010 0.417969 0.444010 0.419922 0.441406 0.420898 0.441406 0.424805 0.436198 0.425781 0.432292 0.427734 0.429688 0.427734 0.424479 0.426758 0.423177 0.426758 0.406250 0.427734 0.404948
0 0.331055 0.479167 0.330078 0.479167 0.329102 0.477865 0.326172 0.477865 0.325195 0.476562 0.319336 0.476562 0.318359 0.475260 0.317383 0.475260 0.316406 0.476562 0.309570 0.476562 0.308594 0.477865 0.307617 0.477865 0.297852 0.490885 0.297852 0.492188 0.294922 0.498698 0.294922 0.511719 0.295898 0.513021 0.295898 0.514323 0.297852 0.516927 0.297852 0.520833 0.299805 0.524740 0.300781 0.524740 0.301758 0.526042 0.307617 0.526042 0.308594 0.522135 0.319336 0.507812 0.320312 0.507812 0.325195 0.501302 0.325195 0.500000 0.327148 0.497396 0.327148 0.488281 0.328125 0.486979 0.328125 0.485677 0.331055 0.481771
0 0.351562 0.507812 0.349609 0.505208 0.344727 0.503906 0.343750 0.505208 0.339844 0.505208 0.338867 0.506510 0.335938 0.506510 0.334961 0.507812 0.333008 0.507812 0.329102 0.511719 0.322266 0.515625 0.319336 0.519531 0.319336 0.520833 0.314453 0.527344 0.314453 0.528646 0.312500 0.532552 0.312500 0.544271 0.314453 0.546875 0.315430 0.546875 0.318359 0.549479 0.318359 0.546875 0.320312 0.542969 0.324219 0.542969 0.325195 0.541667 0.328125 0.544271 0.332031 0.544271 0.333008 0.545573 0.343750 0.545573 0.344727 0.544271 0.346680 0.544271 0.349609 0.539062 0.349609 0.522135 0.350586 0.520833 0.350586 0.509115
0 0.314453 0.520833 0.312500 0.523438 0.312500 0.524740 0.310547 0.528646 0.310547 0.544271 0.312500 0.546875 0.313477 0.546875 0.318359 0.553385 0.319336 0.553385 0.320312 0.554688 0.321289 0.554688 0.323242 0.557292 0.324219 0.557292 0.325195 0.558594 0.326172 0.558594 0.327148 0.557292 0.329102 0.557292 0.330078 0.555990 0.331055 0.555990 0.335938 0.549479 0.335938 0.545573 0.334961 0.544271 0.333984 0.544271 0.332031 0.541667 0.332031 0.540365 0.331055 0.540365 0.330078 0.539062 0.328125 0.539062 0.327148 0.540365 0.318359 0.540365 0.315430 0.536458 0.315430 0.529948 0.316406 0.528646 0.316406 0.526042 0.317383 0.524740 0.318359 0.524740 0.319336 0.523438 0.319336 0.522135 0.316406 0.522135 0.315430 0.520833
0 0.383789 0.513021 0.382812 0.513021 0.381836 0.511719 0.374023 0.511719 0.373047 0.510417 0.367188 0.510417 0.366211 0.509115 0.364258 0.509115 0.363281 0.510417 0.362305 0.510417 0.361328 0.511719 0.358398 0.513021 0.356445 0.515625 0.354492 0.515625 0.354492 0.516927 0.352539 0.519531 0.352539 0.520833 0.351562 0.522135 0.351562 0.524740 0.350586 0.526042 0.350586 0.535156 0.351562 0.536458 0.351562 0.539062 0.352539 0.540365 0.352539 0.541667 0.360352 0.552083 0.364258 0.552083 0.365234 0.550781 0.369141 0.550781 0.370117 0.549479 0.374023 0.549479 0.375000 0.548177 0.376953 0.548177 0.378906 0.545573 0.379883 0.545573 0.381836 0.542969 0.382812 0.542969 0.383789 0.541667 0.383789 0.539062 0.384766 0.537760 0.384766 0.524740 0.383789 0.523438
0 0.384766 0.463542 0.380859 0.463542 0.379883 0.464844 0.374023 0.464844 0.373047 0.466146 0.371094 0.466146 0.370117 0.467448 0.368164 0.467448 0.367188 0.468750 0.366211 0.468750 0.364258 0.471354 0.363281 0.471354 0.361328 0.473958 0.360352 0.473958 0.360352 0.475260 0.359375 0.476562 0.359375 0.479167 0.358398 0.480469 0.358398 0.486979 0.359375 0.488281 0.359375 0.489583 0.360352 0.490885 0.360352 0.492188 0.361328 0.493490 0.362305 0.497396 0.364258 0.500000 0.364258 0.502604 0.365234 0.503906 0.365234 0.505208 0.367188 0.507812 0.371094 0.507812 0.372070 0.506510 0.373047 0.506510 0.374023 0.507812 0.375977 0.507812 0.376953 0.509115 0.380859 0.509115 0.381836 0.507812 0.383789 0.507812 0.384766 0.506510 0.385742 0.506510 0.387695 0.503906 0.390625 0.502604 0.390625 0.500000 0.389648 0.498698 0.389648 0.489583 0.387695 0.486979 0.387695 0.480469 0.386719 0.479167 0.385742 0.475260 0.382812 0.471354 0.382812 0.470052 0.384766 0.467448
0 0.412109 0.497396 0.405273 0.497396 0.401367 0.502604 0.400391 0.502604 0.399414 0.503906 0.398438 0.503906 0.395508 0.506510 0.392578 0.506510 0.391602 0.507812 0.388672 0.509115 0.386719 0.511719 0.386719 0.526042 0.387695 0.527344 0.387695 0.528646 0.389648 0.531250 0.390625 0.531250 0.391602 0.532552 0.392578 0.532552 0.393555 0.533854 0.394531 0.533854 0.397461 0.536458 0.408203 0.536458 0.409180 0.535156 0.411133 0.535156 0.412109 0.533854 0.415039 0.533854 0.416016 0.532552 0.416016 0.528646 0.414062 0.524740 0.414062 0.514323 0.413086 0.513021 0.413086 0.510417 0.411133 0.506510 0.411133 0.500000 0.412109 0.498698
0 0.346680 0.557292 0.346680 0.558594 0.345703 0.559896 0.344727 0.563802 0.342773 0.566406 0.342773 0.567708 0.341797 0.569010 0.341797 0.571615 0.342773 0.572917 0.342773 0.575521 0.345703 0.579427 0.345703 0.580729 0.347656 0.583333 0.348633 0.583333 0.349609 0.584635 0.350586 0.584635 0.353516 0.587240 0.357422 0.587240 0.358398 0.588542 0.360352 0.588542 0.361328 0.589844 0.366211 0.589844 0.367188 0.588542 0.368164 0.588542 0.370117 0.585938 0.373047 0.584635 0.375000 0.582031 0.375000 0.579427 0.375977 0.578125 0.375977 0.558594 0.370117 0.558594 0.367188 0.555990 0.364258 0.555990 0.363281 0.554688 0.355469 0.554688 0.354492 0.553385 0.351562 0.553385 0.350586 0.554688 0.348633 0.554688
0 0.408203 0.540365 0.402344 0.540365 0.401367 0.539062 0.398438 0.539062 0.397461 0.540365 0.394531 0.540365 0.393555 0.541667 0.390625 0.541667 0.389648 0.542969 0.387695 0.542969 0.385742 0.545573 0.384766 0.545573 0.381836 0.549479 0.380859 0.549479 0.380859 0.550781 0.379883 0.552083 0.379883 0.554688 0.378906 0.555990 0.378906 0.561198 0.377930 0.562500 0.377930 0.570312 0.378906 0.571615 0.379883 0.575521 0.381836 0.578125 0.381836 0.579427 0.386719 0.585938 0.387695 0.585938 0.388672 0.587240 0.397461 0.587240 0.398438 0.585938 0.404297 0.585938 0.409180 0.579427 0.409180 0.578125 0.410156 0.576823 0.410156 0.574219 0.411133 0.572917 0.411133 0.570312 0.412109 0.569010 0.412109 0.566406 0.413086 0.565104 0.413086 0.562500 0.415039 0.558594 0.414062 0.557292 0.412109 0.550781 0.410156 0.548177
0 0.337891 0.584635 0.335938 0.584635 0.334961 0.585938 0.333984 0.585938 0.334961 0.587240 0.334961 0.592448 0.333984 0.593750 0.333008 0.593750 0.330078 0.589844 0.329102 0.591146 0.328125 0.591146 0.328125 0.592448 0.327148 0.593750 0.326172 0.593750 0.325195 0.595052 0.325195 0.596354 0.321289 0.601562 0.321289 0.602865 0.318359 0.609375 0.318359 0.623698 0.323242 0.630208 0.324219 0.630208 0.328125 0.635417 0.333008 0.635417 0.334961 0.632812 0.334961 0.630208 0.336914 0.626302 0.336914 0.623698 0.338867 0.621094 0.339844 0.621094 0.344727 0.614583 0.344727 0.613281 0.345703 0.611979 0.346680 0.608073 0.348633 0.605469 0.348633 0.604167 0.349609 0.602865 0.349609 0.600260 0.350586 0.598958 0.350586 0.596354 0.349609 0.595052 0.347656 0.595052 0.346680 0.593750 0.345703 0.593750 0.342773 0.589844 0.342773 0.587240 0.341797 0.587240 0.340820 0.585938 0.338867 0.585938
0 0.341797 0.626302 0.340820 0.626302 0.338867 0.628906 0.337891 0.628906 0.336914 0.630208 0.336914 0.631510 0.331055 0.639323 0.331055 0.640625 0.330078 0.641927 0.330078 0.644531 0.329102 0.645833 0.329102 0.653646 0.330078 0.654948 0.330078 0.656250 0.331055 0.657552 0.331055 0.658854 0.332031 0.660156 0.332031 0.661458 0.333008 0.661458 0.333984 0.662760 0.334961 0.662760 0.336914 0.665365 0.337891 0.665365 0.338867 0.666667 0.342773 0.666667 0.343750 0.665365 0.345703 0.665365 0.346680 0.664062 0.348633 0.664062 0.349609 0.662760 0.350586 0.662760 0.353516 0.660156 0.355469 0.660156 0.356445 0.658854 0.357422 0.658854 0.358398 0.657552 0.359375 0.657552 0.359375 0.656250 0.360352 0.654948 0.360352 0.651042 0.359375 0.649740 0.359375 0.648438 0.355469 0.643229 0.354492 0.643229 0.353516 0.641927 0.352539 0.641927 0.351562 0.640625 0.350586 0.640625 0.345703 0.634115 0.345703 0.632812 0.344727 0.631510 0.344727 0.628906
0 0.375000 0.593750 0.369141 0.593750 0.368164 0.592448 0.367188 0.593750 0.363281 0.593750 0.362305 0.595052 0.361328 0.595052 0.359375 0.597656 0.356445 0.597656 0.355469 0.598958 0.353516 0.598958 0.348633 0.606771 0.348633 0.609375 0.347656 0.610677 0.346680 0.617188 0.344727 0.621094 0.344727 0.623698 0.345703 0.625000 0.345703 0.628906 0.346680 0.630208 0.346680 0.632812 0.347656 0.634115 0.347656 0.635417 0.350586 0.639323 0.355469 0.641927 0.357422 0.644531 0.358398 0.644531 0.359375 0.645833 0.362305 0.645833 0.365234 0.643229 0.370117 0.641927 0.373047 0.638021 0.375000 0.631510 0.382812 0.621094 0.382812 0.609375 0.381836 0.608073 0.381836 0.600260 0.380859 0.598958 0.380859 0.597656 0.379883 0.597656
0 0.410156 0.585938 0.407227 0.585938 0.406250 0.587240 0.398438 0.587240 0.397461 0.588542 0.385742 0.588542 0.384766 0.589844 0.383789 0.589844 0.383789 0.593750 0.382812 0.595052 0.382812 0.608073 0.383789 0.609375 0.383789 0.614583 0.384766 0.615885 0.384766 0.622396 0.388672 0.627604 0.393555 0.627604 0.396484 0.625000 0.398438 0.625000 0.399414 0.623698 0.402344 0.623698 0.403320 0.622396 0.404297 0.622396 0.409180 0.618490 0.411133 0.618490 0.414062 0.614583 0.414062 0.613281 0.415039 0.611979 0.415039 0.608073 0.416016 0.606771 0.416016 0.605469 0.415039 0.604167 0.415039 0.600260 0.414062 0.598958 0.414062 0.595052 0.413086 0.593750 0.413086 0.592448
0 0.388672 0.631510 0.385742 0.635417 0.383789 0.635417 0.381836 0.638021 0.380859 0.638021 0.380859 0.639323 0.379883 0.640625 0.379883 0.647135 0.380859 0.648438 0.379883 0.649740 0.379883 0.652344 0.377930 0.654948 0.377930 0.656250 0.376953 0.657552 0.376953 0.664062 0.380859 0.670573 0.381836 0.670573 0.385742 0.675781 0.386719 0.675781 0.388672 0.678385 0.393555 0.678385 0.394531 0.677083 0.397461 0.677083 0.398438 0.675781 0.401367 0.674479 0.407227 0.666667 0.407227 0.665365 0.408203 0.664062 0.408203 0.661458 0.406250 0.657552 0.406250 0.652344 0.405273 0.651042 0.405273 0.649740 0.402344 0.645833 0.399414 0.644531 0.397461 0.641927 0.391602 0.639323 0.390625 0.638021 0.390625 0.635417 0.392578 0.632812 0.391602 0.631510
0 0.310547 0.674479 0.310547 0.684896 0.311523 0.686198 0.311523 0.688802 0.313477 0.691406 0.314453 0.695312 0.317383 0.699219 0.318359 0.699219 0.322266 0.704427 0.328125 0.704427 0.329102 0.703125 0.331055 0.705729 0.336914 0.705729 0.341797 0.699219 0.341797 0.696615 0.342773 0.695312 0.342773 0.692708 0.341797 0.691406 0.341797 0.687500 0.340820 0.686198 0.338867 0.686198 0.337891 0.684896 0.337891 0.683594 0.338867 0.682292 0.339844 0.682292 0.342773 0.679688 0.344727 0.679688 0.344727 0.675781 0.343750 0.674479 0.343750 0.673177 0.341797 0.670573 0.340820 0.670573 0.339844 0.669271 0.336914 0.667969 0.334961 0.665365 0.324219 0.665365 0.323242 0.666667 0.321289 0.666667 0.317383 0.671875 0.314453 0.671875 0.313477 0.673177 0.311523 0.673177
0 0.357422 0.699219 0.354492 0.699219 0.353516 0.697917 0.350586 0.701823 0.349609 0.701823 0.348633 0.703125 0.347656 0.701823 0.344727 0.701823 0.343750 0.703125 0.340820 0.704427 0.338867 0.707031 0.337891 0.707031 0.336914 0.710938 0.334961 0.713542 0.334961 0.714844 0.333008 0.718750 0.333008 0.731771 0.333984 0.733073 0.333984 0.734375 0.335938 0.736979 0.335938 0.738281 0.336914 0.739583 0.336914 0.742188 0.342773 0.747396 0.348633 0.747396 0.349609 0.746094 0.350586 0.746094 0.350586 0.744792 0.351562 0.743490 0.351562 0.740885 0.350586 0.739583 0.350586 0.738281 0.348633 0.735677 0.348633 0.725260 0.349609 0.723958 0.349609 0.722656 0.351562 0.720052 0.351562 0.718750 0.353516 0.716146 0.354492 0.716146 0.355469 0.714844 0.355469 0.713542 0.357422 0.710938 0.358398 0.710938 0.358398 0.700521
0 0.349609 0.723958 0.348633 0.726562 0.348633 0.729167 0.349609 0.730469 0.349609 0.735677 0.352539 0.743490 0.352539 0.750000 0.353516 0.751302 0.353516 0.755208 0.356445 0.757812 0.358398 0.756510 0.367188 0.756510 0.368164 0.757812 0.371094 0.757812 0.372070 0.759115 0.377930 0.759115 0.378906 0.760417 0.382812 0.757812 0.383789 0.751302 0.381836 0.750000 0.379883 0.742188 0.378906 0.742188 0.374023 0.735677 0.369141 0.734375 0.366211 0.730469 0.368164 0.727865 0.378906 0.729167 0.380859 0.726562 0.379883 0.722656 0.377930 0.721354 0.377930 0.720052 0.375977 0.718750 0.374023 0.718750 0.372070 0.716146 0.371094 0.716146 0.368164 0.710938 0.367188 0.710938 0.366211 0.712240 0.363281 0.712240 0.361328 0.713542 0.357422 0.718750 0.354492 0.718750 0.351562 0.722656
0 0.353516 0.753906 0.353516 0.766927 0.354492 0.768229 0.354492 0.773438 0.356445 0.776042 0.357422 0.776042 0.358398 0.777344 0.361328 0.777344 0.362305 0.778646 0.367188 0.778646 0.368164 0.779948 0.369141 0.779948 0.371094 0.777344 0.372070 0.777344 0.373047 0.776042 0.373047 0.774740 0.375977 0.770833 0.375977 0.769531 0.376953 0.768229 0.376953 0.766927 0.379883 0.763021 0.379883 0.761719 0.378906 0.761719 0.377930 0.760417 0.376953 0.760417 0.375977 0.759115 0.373047 0.759115 0.372070 0.757812 0.364258 0.757812 0.363281 0.756510 0.355469 0.756510
0 0.375977 0.774740 0.374023 0.777344 0.373047 0.777344 0.373047 0.778646 0.371094 0.781250 0.371094 0.783854 0.370117 0.785156 0.370117 0.792969 0.369141 0.794271 0.369141 0.798177 0.371094 0.800781 0.371094 0.802083 0.373047 0.804688 0.374023 0.804688 0.375977 0.807292 0.376953 0.807292 0.379883 0.811198 0.380859 0.811198 0.381836 0.812500 0.387695 0.812500 0.388672 0.811198 0.391602 0.811198 0.393555 0.808594 0.393555 0.807292 0.395508 0.804688 0.395508 0.803385 0.397461 0.799479 0.397461 0.795573 0.398438 0.794271 0.398438 0.792969 0.395508 0.789062 0.394531 0.789062 0.393555 0.787760 0.392578 0.787760 0.390625 0.785156 0.390625 0.783854 0.389648 0.782552 0.389648 0.781250 0.386719 0.777344 0.385742 0.777344 0.383789 0.774740 0.382812 0.774740 0.381836 0.773438 0.377930 0.773438 0.376953 0.774740
0 0.305664 0.763021 0.304688 0.766927 0.302734 0.769531 0.302734 0.770833 0.301758 0.772135 0.301758 0.778646 0.303711 0.778646 0.307617 0.783854 0.307617 0.786458 0.308594 0.787760 0.308594 0.789062 0.310547 0.791667 0.315430 0.791667 0.316406 0.792969 0.323242 0.792969 0.324219 0.791667 0.326172 0.791667 0.327148 0.790365 0.330078 0.789062 0.337891 0.777344 0.337891 0.774740 0.340820 0.772135 0.339844 0.773438 0.336914 0.773438 0.334961 0.769531 0.334961 0.766927 0.333984 0.766927 0.333008 0.765625 0.331055 0.765625 0.330078 0.764323 0.329102 0.764323 0.328125 0.768229 0.326172 0.770833 0.323242 0.766927 0.323242 0.765625 0.317383 0.757812 0.316406 0.759115 0.314453 0.759115 0.312500 0.761719 0.308594 0.761719 0.307617 0.763021
0 0.289062 0.777344 0.289062 0.779948 0.290039 0.781250 0.290039 0.789062 0.291016 0.790365 0.291016 0.794271 0.292969 0.796875 0.292969 0.799479 0.296875 0.804688 0.298828 0.804688 0.300781 0.802083 0.302734 0.802083 0.303711 0.800781 0.307617 0.800781 0.308594 0.799479 0.311523 0.799479 0.312500 0.798177 0.314453 0.798177 0.317383 0.794271 0.318359 0.794271 0.317383 0.792969 0.316406 0.792969 0.314453 0.790365 0.313477 0.790365 0.312500 0.789062 0.309570 0.789062 0.308594 0.787760 0.308594 0.786458 0.307617 0.785156 0.307617 0.783854 0.304688 0.779948 0.303711 0.779948 0.300781 0.776042 0.300781 0.774740 0.298828 0.772135 0.297852 0.772135 0.296875 0.770833 0.295898 0.770833 0.294922 0.769531 0.292969 0.772135 0.292969 0.773438 0.290039 0.777344
0 0.308594 0.802083 0.308594 0.803385 0.307617 0.804688 0.307617 0.805990 0.305664 0.809896 0.306641 0.811198 0.306641 0.817708 0.305664 0.819010 0.305664 0.820312 0.307617 0.822917 0.307617 0.824219 0.309570 0.826823 0.310547 0.826823 0.313477 0.829427 0.315430 0.829427 0.316406 0.830729 0.329102 0.830729 0.330078 0.829427 0.331055 0.829427 0.333984 0.825521 0.333984 0.824219 0.335938 0.821615 0.335938 0.820312 0.336914 0.819010 0.336914 0.816406 0.337891 0.815104 0.337891 0.812500 0.336914 0.811198 0.336914 0.809896 0.335938 0.808594 0.335938 0.807292 0.334961 0.805990 0.334961 0.804688 0.333984 0.803385 0.333984 0.802083 0.333008 0.800781 0.333008 0.799479 0.332031 0.798177 0.332031 0.796875 0.331055 0.796875 0.330078 0.795573 0.322266 0.795573 0.319336 0.798177 0.317383 0.798177 0.316406 0.799479 0.313477 0.799479 0.312500 0.800781 0.310547 0.800781 0.309570 0.802083
0 0.348633 0.819010 0.347656 0.819010 0.346680 0.820312 0.344727 0.820312 0.342773 0.822917 0.338867 0.822917 0.337891 0.824219 0.336914 0.824219 0.336914 0.825521 0.333008 0.830729 0.333008 0.841146 0.332031 0.842448 0.332031 0.847656 0.333008 0.848958 0.333008 0.851562 0.338867 0.859375 0.339844 0.859375 0.340820 0.860677 0.342773 0.860677 0.343750 0.861979 0.350586 0.861979 0.351562 0.860677 0.352539 0.860677 0.356445 0.855469 0.356445 0.854167 0.360352 0.848958 0.360352 0.847656 0.365234 0.841146 0.365234 0.834635 0.364258 0.834635 0.360352 0.829427 0.355469 0.829427 0.352539 0.826823 0.348633 0.826823 0.346680 0.824219 0.348633 0.821615 0.349609 0.821615 0.349609 0.820312
0 0.333008 0.791667 0.333008 0.795573 0.333984 0.796875 0.333984 0.799479 0.334961 0.800781 0.334961 0.802083 0.335938 0.803385 0.335938 0.804688 0.337891 0.808594 0.341797 0.808594 0.342773 0.809896 0.347656 0.809896 0.348633 0.811198 0.350586 0.811198 0.351562 0.809896 0.361328 0.809896 0.362305 0.808594 0.364258 0.808594 0.365234 0.807292 0.366211 0.807292 0.368164 0.804688 0.368164 0.800781 0.369141 0.799479 0.369141 0.798177 0.368164 0.796875 0.368164 0.790365 0.369141 0.789062 0.369141 0.787760 0.368164 0.786458 0.368164 0.782552 0.367188 0.782552 0.366211 0.781250 0.363281 0.781250 0.362305 0.779948 0.356445 0.779948 0.355469 0.778646 0.354492 0.778646 0.352539 0.776042 0.348633 0.776042 0.346680 0.778646 0.345703 0.778646 0.342773 0.782552 0.341797 0.782552 0.339844 0.785156 0.338867 0.785156 0.337891 0.786458 0.334961 0.787760
0 0.376953 0.812500 0.375977 0.813802 0.375000 0.813802 0.374023 0.815104 0.373047 0.815104 0.369141 0.822917 0.369141 0.839844 0.379883 0.854167 0.383789 0.854167 0.384766 0.855469 0.388672 0.855469 0.389648 0.854167 0.390625 0.854167 0.393555 0.850260 0.393555 0.848958 0.395508 0.846354 0.395508 0.845052 0.397461 0.842448 0.397461 0.839844 0.398438 0.838542 0.398438 0.837240 0.399414 0.835938 0.399414 0.834635 0.392578 0.825521 0.392578 0.824219 0.390625 0.821615 0.390625 0.820312 0.389648 0.819010 0.388672 0.819010 0.386719 0.816406 0.385742 0.816406 0.383789 0.813802 0.380859 0.813802 0.379883 0.812500
0 0.401367 0.842448 0.400391 0.842448 0.398438 0.845052 0.397461 0.845052 0.395508 0.847656 0.395508 0.848958 0.389648 0.856771 0.389648 0.858073 0.388672 0.859375 0.388672 0.861979 0.391602 0.865885 0.392578 0.865885 0.396484 0.871094 0.396484 0.873698 0.397461 0.875000 0.397461 0.876302 0.398438 0.877604 0.398438 0.878906 0.399414 0.880208 0.400391 0.880208 0.402344 0.877604 0.403320 0.877604 0.406250 0.873698 0.406250 0.872396 0.407227 0.871094 0.407227 0.869792 0.409180 0.867188 0.409180 0.864583 0.410156 0.863281 0.410156 0.859375 0.409180 0.858073 0.409180 0.856771 0.408203 0.855469 0.408203 0.854167 0.407227 0.852865 0.407227 0.850260 0.406250 0.848958 0.406250 0.846354 0.404297 0.843750 0.402344 0.843750
0 0.408203 0.876302 0.405273 0.880208 0.405273 0.881510 0.403320 0.885417 0.403320 0.888021 0.402344 0.889323 0.402344 0.894531 0.401367 0.895833 0.401367 0.898438 0.406250 0.904948 0.406250 0.906250 0.410156 0.911458 0.411133 0.911458 0.414062 0.914062 0.419922 0.914062 0.420898 0.912760 0.421875 0.912760 0.423828 0.910156 0.424805 0.910156 0.426758 0.907552 0.426758 0.906250 0.429688 0.902344 0.429688 0.901042 0.431641 0.897135 0.429688 0.894531 0.429688 0.893229 0.428711 0.891927 0.428711 0.889323 0.427734 0.888021 0.427734 0.886719 0.426758 0.886719 0.424805 0.884115 0.424805 0.882812 0.423828 0.881510 0.423828 0.880208 0.420898 0.876302 0.419922 0.876302 0.418945 0.875000 0.413086 0.875000 0.412109 0.876302
0 0.442383 0.884115 0.441406 0.885417 0.439453 0.885417 0.438477 0.886719 0.438477 0.888021 0.435547 0.891927 0.435547 0.894531 0.434570 0.895833 0.434570 0.898438 0.427734 0.907552 0.427734 0.910156 0.428711 0.911458 0.428711 0.912760 0.429688 0.914062 0.429688 0.915365 0.431641 0.917969 0.432617 0.917969 0.434570 0.920573 0.435547 0.920573 0.438477 0.924479 0.441406 0.924479 0.442383 0.925781 0.444336 0.925781 0.445312 0.927083 0.450195 0.927083 0.451172 0.925781 0.452148 0.925781 0.454102 0.923177 0.454102 0.915365 0.455078 0.914062 0.455078 0.911458 0.457031 0.908854 0.457031 0.906250 0.458984 0.902344 0.458008 0.902344 0.457031 0.901042 0.455078 0.901042 0.451172 0.895833 0.450195 0.895833 0.449219 0.894531 0.448242 0.894531 0.445312 0.890625 0.445312 0.889323 0.444336 0.888021 0.444336 0.885417 0.443359 0.884115
0 0.412109 0.817708 0.411133 0.819010 0.411133 0.820312 0.410156 0.821615 0.410156 0.822917 0.408203 0.826823 0.408203 0.839844 0.415039 0.848958 0.416016 0.848958 0.418945 0.851562 0.420898 0.851562 0.421875 0.850260 0.426758 0.850260 0.427734 0.851562 0.433594 0.851562 0.434570 0.850260 0.435547 0.850260 0.436523 0.848958 0.436523 0.846354 0.437500 0.845052 0.437500 0.842448 0.438477 0.841146 0.438477 0.833333 0.437500 0.832031 0.437500 0.829427 0.436523 0.828125 0.436523 0.826823 0.435547 0.825521 0.435547 0.824219 0.434570 0.822917 0.434570 0.821615 0.433594 0.821615 0.430664 0.819010 0.426758 0.819010 0.423828 0.816406 0.422852 0.816406 0.421875 0.817708 0.417969 0.817708 0.416016 0.815104 0.415039 0.815104 0.415039 0.816406 0.414062 0.817708
0 0.447266 0.828125 0.447266 0.829427 0.446289 0.830729 0.446289 0.832031 0.445312 0.833333 0.445312 0.834635 0.442383 0.838542 0.442383 0.839844 0.441406 0.841146 0.441406 0.843750 0.440430 0.845052 0.440430 0.847656 0.438477 0.850260 0.438477 0.851562 0.439453 0.852865 0.439453 0.855469 0.440430 0.856771 0.441406 0.856771 0.442383 0.858073 0.443359 0.858073 0.446289 0.861979 0.447266 0.861979 0.448242 0.863281 0.449219 0.863281 0.454102 0.869792 0.458984 0.869792 0.461914 0.865885 0.461914 0.864583 0.462891 0.863281 0.462891 0.861979 0.463867 0.860677 0.463867 0.859375 0.464844 0.858073 0.464844 0.856771 0.465820 0.855469 0.465820 0.854167 0.467773 0.850260 0.467773 0.843750 0.466797 0.842448 0.461914 0.842448 0.460938 0.841146 0.459961 0.841146 0.456055 0.835938 0.456055 0.834635 0.451172 0.828125
0 0.470703 0.858073 0.469727 0.858073 0.468750 0.859375 0.466797 0.859375 0.465820 0.860677 0.465820 0.861979 0.463867 0.864583 0.463867 0.865885 0.461914 0.869792 0.461914 0.875000 0.460938 0.876302 0.460938 0.884115 0.461914 0.885417 0.461914 0.891927 0.463867 0.895833 0.463867 0.902344 0.465820 0.902344 0.466797 0.903646 0.470703 0.903646 0.471680 0.902344 0.472656 0.902344 0.477539 0.898438 0.481445 0.898438 0.482422 0.897135 0.484375 0.897135 0.485352 0.895833 0.488281 0.894531 0.490234 0.891927 0.490234 0.886719 0.491211 0.885417 0.491211 0.878906 0.489258 0.876302 0.488281 0.872396 0.486328 0.869792 0.485352 0.869792 0.482422 0.867188 0.478516 0.867188 0.475586 0.869792 0.473633 0.869792 0.471680 0.867188 0.471680 0.864583 0.472656 0.863281 0.472656 0.860677
0 0.491211 0.897135 0.490234 0.895833 0.488281 0.895833 0.487305 0.897135 0.483398 0.897135 0.482422 0.898438 0.477539 0.898438 0.476562 0.899740 0.474609 0.899740 0.473633 0.901042 0.472656 0.901042 0.469727 0.903646 0.468750 0.903646 0.467773 0.902344 0.462891 0.902344 0.458984 0.907552 0.458984 0.908854 0.457031 0.912760 0.457031 0.917969 0.459961 0.921875 0.459961 0.923177 0.460938 0.924479 0.460938 0.928385 0.461914 0.929688 0.463867 0.929688 0.464844 0.930990 0.467773 0.930990 0.468750 0.932292 0.471680 0.932292 0.472656 0.930990 0.474609 0.930990 0.475586 0.929688 0.477539 0.929688 0.478516 0.928385 0.480469 0.928385 0.481445 0.927083 0.482422 0.927083 0.484375 0.924479 0.485352 0.924479 0.486328 0.923177 0.486328 0.921875 0.492188 0.914062 0.492188 0.912760 0.493164 0.911458 0.493164 0.902344 0.492188 0.901042
0 0.496094 0.880208 0.494141 0.882812 0.494141 0.884115 0.493164 0.885417 0.493164 0.891927 0.494141 0.893229 0.494141 0.895833 0.495117 0.897135 0.495117 0.902344 0.496094 0.903646 0.496094 0.904948 0.499023 0.908854 0.500000 0.908854 0.500977 0.910156 0.501953 0.910156 0.502930 0.911458 0.503906 0.911458 0.505859 0.914062 0.510742 0.914062 0.511719 0.912760 0.512695 0.912760 0.514648 0.910156 0.514648 0.908854 0.515625 0.907552 0.515625 0.906250 0.516602 0.904948 0.516602 0.902344 0.517578 0.901042 0.517578 0.894531 0.516602 0.893229 0.507812 0.893229 0.504883 0.889323 0.504883 0.885417 0.505859 0.884115 0.505859 0.881510 0.504883 0.880208 0.500000 0.880208 0.499023 0.878906 0.498047 0.878906 0.497070 0.880208
0 0.521484 0.847656 0.520508 0.847656 0.518555 0.850260 0.516602 0.850260 0.515625 0.851562 0.507812 0.851562 0.506836 0.852865 0.505859 0.852865 0.505859 0.854167 0.504883 0.855469 0.504883 0.858073 0.503906 0.859375 0.503906 0.876302 0.504883 0.877604 0.503906 0.878906 0.503906 0.882812 0.504883 0.884115 0.504883 0.889323 0.505859 0.890625 0.505859 0.891927 0.506836 0.891927 0.507812 0.893229 0.510742 0.893229 0.511719 0.894531 0.513672 0.894531 0.514648 0.893229 0.517578 0.893229 0.518555 0.891927 0.519531 0.891927 0.522461 0.888021 0.522461 0.886719 0.523438 0.885417 0.524414 0.885417 0.531250 0.876302 0.531250 0.871094 0.530273 0.869792 0.530273 0.867188 0.529297 0.865885 0.529297 0.864583 0.525391 0.859375 0.525391 0.858073 0.524414 0.856771 0.524414 0.854167 0.523438 0.852865 0.523438 0.851562
0 0.519531 0.803385 0.515625 0.803385 0.513672 0.807292 0.510742 0.807292 0.509766 0.805990 0.508789 0.807292 0.505859 0.808594 0.500977 0.815104 0.500977 0.816406 0.491211 0.829427 0.491211 0.832031 0.492188 0.833333 0.492188 0.838542 0.494141 0.842448 0.495117 0.842448 0.498047 0.845052 0.500000 0.845052 0.500977 0.846354 0.503906 0.846354 0.504883 0.847656 0.506836 0.847656 0.507812 0.848958 0.517578 0.848958 0.517578 0.847656 0.521484 0.842448 0.522461 0.842448 0.527344 0.835938 0.528320 0.835938 0.529297 0.834635 0.529297 0.833333 0.530273 0.832031 0.530273 0.828125 0.529297 0.826823 0.526367 0.825521 0.522461 0.820312 0.522461 0.815104 0.521484 0.813802 0.521484 0.809896 0.520508 0.808594 0.520508 0.804688
0 0.454102 0.799479 0.451172 0.803385 0.451172 0.804688 0.450195 0.805990 0.450195 0.817708 0.449219 0.819010 0.449219 0.825521 0.450195 0.825521 0.454102 0.830729 0.454102 0.832031 0.455078 0.833333 0.456055 0.833333 0.457031 0.834635 0.457031 0.835938 0.460938 0.841146 0.464844 0.841146 0.465820 0.842448 0.469727 0.842448 0.469727 0.841146 0.471680 0.837240 0.471680 0.833333 0.472656 0.832031 0.472656 0.829427 0.470703 0.826823 0.470703 0.825521 0.468750 0.822917 0.468750 0.821615 0.465820 0.817708 0.465820 0.816406 0.464844 0.815104 0.464844 0.813802 0.462891 0.811198 0.462891 0.808594 0.461914 0.807292 0.461914 0.805990 0.460938 0.804688 0.460938 0.803385 0.459961 0.803385 0.458984 0.802083 0.458008 0.802083 0.457031 0.800781 0.456055 0.800781 0.455078 0.799479
0 0.486328 0.779948 0.485352 0.779948 0.483398 0.782552 0.483398 0.783854 0.482422 0.785156 0.479492 0.785156 0.478516 0.783854 0.477539 0.783854 0.476562 0.785156 0.474609 0.785156 0.473633 0.786458 0.468750 0.786458 0.467773 0.785156 0.465820 0.785156 0.465820 0.786458 0.463867 0.789062 0.463867 0.791667 0.462891 0.792969 0.462891 0.794271 0.463867 0.795573 0.463867 0.799479 0.462891 0.800781 0.462891 0.808594 0.463867 0.809896 0.463867 0.811198 0.465820 0.813802 0.465820 0.815104 0.467773 0.817708 0.467773 0.819010 0.474609 0.828125 0.475586 0.828125 0.476562 0.829427 0.482422 0.829427 0.485352 0.826823 0.487305 0.826823 0.490234 0.822917 0.490234 0.820312 0.491211 0.819010 0.491211 0.816406 0.493164 0.812500 0.493164 0.808594 0.492188 0.807292 0.492188 0.799479 0.494141 0.795573 0.494141 0.791667 0.493164 0.790365 0.493164 0.789062 0.486328 0.781250
0 0.461914 0.740885 0.459961 0.740885 0.458984 0.742188 0.446289 0.742188 0.445312 0.743490 0.444336 0.743490 0.433594 0.757812 0.433594 0.770833 0.434570 0.772135 0.434570 0.774740 0.435547 0.776042 0.435547 0.777344 0.439453 0.782552 0.442383 0.783854 0.445312 0.787760 0.446289 0.787760 0.448242 0.790365 0.449219 0.790365 0.450195 0.791667 0.455078 0.791667 0.456055 0.790365 0.458984 0.789062 0.461914 0.785156 0.461914 0.783854 0.463867 0.779948 0.463867 0.774740 0.464844 0.773438 0.464844 0.770833 0.466797 0.768229 0.466797 0.766927 0.467773 0.765625 0.467773 0.761719 0.466797 0.760417 0.466797 0.756510 0.465820 0.755208 0.465820 0.752604 0.464844 0.751302 0.464844 0.748698 0.463867 0.747396 0.463867 0.743490
0 0.401367 0.717448 0.401367 0.722656 0.402344 0.723958 0.402344 0.726562 0.403320 0.727865 0.403320 0.733073 0.404297 0.734375 0.404297 0.736979 0.407227 0.740885 0.408203 0.740885 0.411133 0.743490 0.413086 0.743490 0.414062 0.744792 0.423828 0.744792 0.424805 0.743490 0.425781 0.743490 0.427734 0.740885 0.428711 0.740885 0.430664 0.738281 0.433594 0.736979 0.435547 0.734375 0.435547 0.733073 0.436523 0.731771 0.435547 0.727865 0.433594 0.725260 0.433594 0.723958 0.432617 0.722656 0.432617 0.720052 0.431641 0.718750 0.431641 0.710938 0.430664 0.709635 0.428711 0.712240 0.422852 0.712240 0.419922 0.709635 0.411133 0.709635 0.410156 0.710938 0.407227 0.712240 0.405273 0.714844 0.404297 0.714844
0 0.437500 0.703125 0.436523 0.704427 0.436523 0.705729 0.434570 0.709635 0.434570 0.717448 0.435547 0.718750 0.435547 0.721354 0.437500 0.725260 0.437500 0.729167 0.438477 0.730469 0.438477 0.731771 0.442383 0.736979 0.443359 0.736979 0.446289 0.739583 0.453125 0.739583 0.454102 0.738281 0.458008 0.738281 0.458984 0.736979 0.460938 0.736979 0.461914 0.735677 0.461914 0.734375 0.464844 0.730469 0.465820 0.730469 0.465820 0.727865 0.466797 0.726562 0.466797 0.721354 0.467773 0.720052 0.467773 0.716146 0.465820 0.713542 0.465820 0.712240 0.463867 0.709635 0.463867 0.708333 0.461914 0.705729 0.461914 0.704427 0.460938 0.703125 0.459961 0.703125 0.458984 0.701823 0.457031 0.701823 0.456055 0.700521 0.452148 0.700521 0.451172 0.699219 0.448242 0.699219 0.447266 0.697917 0.443359 0.697917 0.440430 0.701823
0 0.372070 0.667969 0.372070 0.677083 0.371094 0.678385 0.371094 0.690104 0.372070 0.691406 0.372070 0.692708 0.374023 0.695312 0.375000 0.699219 0.375977 0.699219 0.378906 0.701823 0.381836 0.701823 0.382812 0.703125 0.384766 0.703125 0.385742 0.701823 0.388672 0.701823 0.389648 0.700521 0.392578 0.699219 0.394531 0.696615 0.395508 0.696615 0.398438 0.692708 0.398438 0.691406 0.402344 0.686198 0.402344 0.679688 0.400391 0.677083 0.398438 0.677083 0.397461 0.678385 0.394531 0.678385 0.393555 0.679688 0.391602 0.679688 0.390625 0.678385 0.388672 0.678385 0.385742 0.674479 0.384766 0.674479 0.381836 0.670573 0.380859 0.670573 0.375977 0.664062 0.373047 0.665365 0.373047 0.666667
0 0.428711 0.657552 0.425781 0.657552 0.424805 0.658854 0.422852 0.658854 0.420898 0.661458 0.419922 0.661458 0.416992 0.664062 0.414062 0.664062 0.413086 0.665365 0.412109 0.665365 0.410156 0.667969 0.409180 0.667969 0.404297 0.674479 0.404297 0.678385 0.405273 0.679688 0.405273 0.683594 0.406250 0.684896 0.407227 0.688802 0.409180 0.691406 0.410156 0.695312 0.411133 0.696615 0.412109 0.696615 0.415039 0.700521 0.415039 0.701823 0.417969 0.704427 0.419922 0.704427 0.420898 0.703125 0.422852 0.703125 0.423828 0.701823 0.427734 0.701823 0.428711 0.700521 0.429688 0.700521 0.431641 0.697917 0.432617 0.697917 0.435547 0.694010 0.435547 0.692708 0.437500 0.690104 0.437500 0.687500 0.436523 0.686198 0.436523 0.682292 0.435547 0.680990 0.435547 0.665365 0.434570 0.664062 0.433594 0.664062 0.430664 0.660156 0.430664 0.658854 0.429688 0.658854
0 0.439453 0.657552 0.437500 0.661458 0.437500 0.666667 0.436523 0.667969 0.436523 0.670573 0.437500 0.671875 0.437500 0.682292 0.438477 0.683594 0.438477 0.686198 0.439453 0.687500 0.439453 0.688802 0.441406 0.691406 0.442383 0.691406 0.444336 0.694010 0.445312 0.694010 0.447266 0.696615 0.448242 0.696615 0.449219 0.697917 0.453125 0.697917 0.454102 0.699219 0.458984 0.699219 0.459961 0.697917 0.460938 0.697917 0.460938 0.696615 0.461914 0.695312 0.461914 0.694010 0.462891 0.692708 0.462891 0.691406 0.463867 0.690104 0.463867 0.688802 0.462891 0.688802 0.458984 0.683594 0.457031 0.683594 0.456055 0.682292 0.455078 0.682292 0.452148 0.678385 0.452148 0.677083 0.448242 0.671875 0.448242 0.670573 0.446289 0.667969 0.446289 0.666667 0.445312 0.665365 0.445312 0.664062 0.444336 0.662760 0.444336 0.661458 0.441406 0.657552
0 0.477539 0.636719 0.472656 0.636719 0.471680 0.635417 0.469727 0.635417 0.467773 0.636719 0.467773 0.638021 0.472656 0.643229 0.468750 0.645833 0.463867 0.645833 0.462891 0.644531 0.458984 0.644531 0.457031 0.641927 0.458984 0.640625 0.459961 0.638021 0.458008 0.636719 0.457031 0.639323 0.454102 0.641927 0.453125 0.645833 0.449219 0.651042 0.446289 0.652344 0.443359 0.657552 0.445312 0.660156 0.446289 0.662760 0.446289 0.665365 0.449219 0.670573 0.450195 0.674479 0.454102 0.679688 0.458984 0.682292 0.461914 0.686198 0.465820 0.686198 0.466797 0.683594 0.473633 0.674479 0.476562 0.673177 0.478516 0.667969 0.478516 0.665365 0.482422 0.658854 0.482422 0.656250 0.483398 0.654948 0.483398 0.647135
0 0.489258 0.666667 0.485352 0.666667 0.483398 0.669271 0.482422 0.669271 0.481445 0.670573 0.478516 0.671875 0.478516 0.673177 0.476562 0.675781 0.475586 0.675781 0.469727 0.683594 0.469727 0.684896 0.468750 0.686198 0.468750 0.692708 0.469727 0.694010 0.469727 0.699219 0.470703 0.700521 0.470703 0.701823 0.476562 0.709635 0.477539 0.709635 0.479492 0.712240 0.480469 0.712240 0.481445 0.713542 0.483398 0.713542 0.484375 0.712240 0.489258 0.712240 0.493164 0.705729 0.494141 0.701823 0.499023 0.695312 0.499023 0.694010 0.500000 0.692708 0.500000 0.690104 0.500977 0.688802 0.500000 0.687500 0.500000 0.686198 0.498047 0.686198 0.496094 0.683594 0.495117 0.679688 0.490234 0.673177 0.490234 0.669271 0.489258 0.667969
0 0.474609 0.713542 0.471680 0.717448 0.471680 0.718750 0.469727 0.722656 0.469727 0.725260 0.468750 0.726562 0.468750 0.727865 0.466797 0.731771 0.466797 0.734375 0.465820 0.735677 0.465820 0.736979 0.473633 0.747396 0.473633 0.748698 0.477539 0.753906 0.480469 0.755208 0.482422 0.757812 0.483398 0.757812 0.484375 0.759115 0.486328 0.759115 0.487305 0.757812 0.488281 0.757812 0.491211 0.753906 0.491211 0.752604 0.494141 0.748698 0.495117 0.748698 0.496094 0.747396 0.496094 0.744792 0.495117 0.743490 0.494141 0.739583 0.492188 0.736979 0.492188 0.735677 0.490234 0.731771 0.490234 0.725260 0.489258 0.723958 0.489258 0.716146 0.488281 0.714844 0.479492 0.714844 0.478516 0.713542
0 0.483398 0.763021 0.483398 0.768229 0.484375 0.769531 0.484375 0.770833 0.485352 0.772135 0.485352 0.773438 0.487305 0.776042 0.487305 0.777344 0.488281 0.778646 0.488281 0.779948 0.489258 0.781250 0.489258 0.782552 0.490234 0.782552 0.493164 0.785156 0.496094 0.785156 0.497070 0.786458 0.499023 0.786458 0.500000 0.785156 0.505859 0.785156 0.506836 0.783854 0.508789 0.783854 0.509766 0.782552 0.510742 0.782552 0.511719 0.781250 0.512695 0.781250 0.515625 0.778646 0.515625 0.777344 0.514648 0.777344 0.513672 0.776042 0.510742 0.776042 0.509766 0.774740 0.507812 0.774740 0.505859 0.772135 0.505859 0.752604 0.504883 0.752604 0.503906 0.751302 0.501953 0.751302 0.500977 0.750000 0.499023 0.750000 0.498047 0.748698 0.497070 0.748698 0.496094 0.750000 0.494141 0.750000 0.492188 0.752604 0.492188 0.753906 0.487305 0.760417 0.486328 0.760417
0 0.516602 0.690104 0.511719 0.690104 0.509766 0.692708 0.504883 0.690104 0.504883 0.691406 0.503906 0.692708 0.500977 0.694010 0.500977 0.695312 0.496094 0.701823 0.496094 0.703125 0.495117 0.704427 0.494141 0.704427 0.494141 0.705729 0.493164 0.707031 0.493164 0.709635 0.491211 0.713542 0.491211 0.718750 0.490234 0.720052 0.490234 0.722656 0.491211 0.723958 0.491211 0.730469 0.492188 0.731771 0.494141 0.738281 0.500977 0.747396 0.501953 0.747396 0.502930 0.748698 0.506836 0.748698 0.507812 0.747396 0.512695 0.746094 0.514648 0.743490 0.517578 0.742188 0.523438 0.734375 0.525391 0.727865 0.527344 0.725260 0.527344 0.723958 0.529297 0.720052 0.529297 0.712240 0.528320 0.710938 0.528320 0.709635 0.524414 0.704427 0.524414 0.703125 0.523438 0.701823 0.523438 0.699219 0.520508 0.695312 0.520508 0.694010
0 0.506836 0.751302 0.506836 0.760417 0.505859 0.761719 0.505859 0.766927 0.506836 0.768229 0.506836 0.770833 0.508789 0.773438 0.512695 0.773438 0.513672 0.774740 0.516602 0.774740 0.521484 0.778646 0.528320 0.778646 0.529297 0.779948 0.535156 0.779948 0.537109 0.777344 0.537109 0.773438 0.541016 0.768229 0.541016 0.766927 0.542969 0.764323 0.542969 0.763021 0.545898 0.756510 0.544922 0.755208 0.544922 0.748698 0.543945 0.747396 0.543945 0.740885 0.543945 0.743490 0.542969 0.744792 0.540039 0.746094 0.536133 0.742188 0.528320 0.742188 0.526367 0.739583 0.525391 0.735677 0.524414 0.736979 0.524414 0.738281 0.519531 0.743490 0.518555 0.743490 0.517578 0.744792 0.515625 0.744792 0.512695 0.747396 0.510742 0.747396
0 0.520508 0.781250 0.520508 0.791667 0.521484 0.792969 0.521484 0.805990 0.522461 0.807292 0.522461 0.808594 0.523438 0.809896 0.523438 0.812500 0.524414 0.813802 0.524414 0.820312 0.526367 0.822917 0.528320 0.822917 0.529297 0.824219 0.531250 0.824219 0.532227 0.825521 0.533203 0.824219 0.537109 0.824219 0.538086 0.822917 0.540039 0.822917 0.541016 0.821615 0.542969 0.821615 0.543945 0.820312 0.545898 0.820312 0.546875 0.819010 0.546875 0.817708 0.548828 0.815104 0.548828 0.802083 0.546875 0.799479 0.546875 0.798177 0.545898 0.796875 0.544922 0.792969 0.541016 0.787760 0.539062 0.787760 0.537109 0.785156 0.535156 0.785156 0.534180 0.783854 0.531250 0.783854 0.530273 0.782552 0.527344 0.782552 0.526367 0.781250
0 0.442383 0.606771 0.441406 0.608073 0.439453 0.608073 0.435547 0.613281 0.435547 0.614583 0.434570 0.615885 0.434570 0.617188 0.430664 0.622396 0.430664 0.623698 0.429688 0.625000 0.429688 0.635417 0.430664 0.636719 0.430664 0.638021 0.431641 0.639323 0.431641 0.640625 0.433594 0.643229 0.433594 0.644531 0.435547 0.647135 0.436523 0.647135 0.437500 0.648438 0.439453 0.648438 0.440430 0.649740 0.441406 0.649740 0.442383 0.651042 0.443359 0.651042 0.444336 0.649740 0.445312 0.649740 0.446289 0.648438 0.447266 0.648438 0.451172 0.643229 0.451172 0.641927 0.455078 0.636719 0.455078 0.635417 0.457031 0.632812 0.457031 0.630208 0.458008 0.628906 0.458008 0.622396 0.457031 0.621094 0.457031 0.619792 0.455078 0.617188 0.455078 0.615885 0.451172 0.610677 0.450195 0.610677 0.447266 0.608073 0.444336 0.608073 0.443359 0.606771
0 0.421875 0.559896 0.419922 0.562500 0.418945 0.562500 0.416016 0.566406 0.416016 0.567708 0.414062 0.570312 0.414062 0.571615 0.413086 0.572917 0.413086 0.578125 0.412109 0.579427 0.413086 0.580729 0.414062 0.584635 0.416992 0.588542 0.416992 0.589844 0.418945 0.592448 0.420898 0.600260 0.422852 0.602865 0.424805 0.602865 0.425781 0.604167 0.436523 0.604167 0.437500 0.602865 0.440430 0.601562 0.440430 0.600260 0.443359 0.593750 0.443359 0.591146 0.445312 0.587240 0.445312 0.576823 0.444336 0.575521 0.444336 0.570312 0.443359 0.570312 0.442383 0.569010 0.439453 0.567708 0.434570 0.561198 0.433594 0.561198 0.430664 0.557292 0.429688 0.558594 0.424805 0.558594 0.423828 0.559896
0 0.441406 0.522135 0.439453 0.524740 0.438477 0.528646 0.434570 0.533854 0.434570 0.535156 0.431641 0.539062 0.431641 0.540365 0.430664 0.541667 0.430664 0.550781 0.431641 0.552083 0.431641 0.553385 0.434570 0.557292 0.434570 0.559896 0.437500 0.563802 0.438477 0.563802 0.439453 0.565104 0.442383 0.565104 0.443359 0.566406 0.445312 0.566406 0.448242 0.569010 0.451172 0.569010 0.452148 0.567708 0.453125 0.563802 0.456055 0.559896 0.456055 0.558594 0.458008 0.554688 0.458008 0.552083 0.458984 0.550781 0.458984 0.545573 0.459961 0.544271 0.459961 0.537760 0.455078 0.531250 0.454102 0.531250 0.452148 0.528646 0.451172 0.528646 0.450195 0.527344 0.447266 0.527344 0.443359 0.522135
0 0.458984 0.574219 0.455078 0.579427 0.451172 0.579427 0.450195 0.580729 0.450195 0.582031 0.448242 0.584635 0.448242 0.585938 0.445312 0.589844 0.445312 0.592448 0.444336 0.593750 0.444336 0.601562 0.447266 0.605469 0.448242 0.605469 0.454102 0.613281 0.455078 0.613281 0.456055 0.614583 0.456055 0.615885 0.457031 0.617188 0.458008 0.617188 0.461914 0.622396 0.466797 0.622396 0.467773 0.621094 0.468750 0.621094 0.471680 0.617188 0.472656 0.617188 0.474609 0.614583 0.474609 0.613281 0.475586 0.611979 0.475586 0.609375 0.476562 0.608073 0.476562 0.605469 0.479492 0.601562 0.479492 0.600260 0.481445 0.597656 0.482422 0.597656 0.483398 0.596354 0.483398 0.592448 0.482422 0.591146 0.482422 0.589844 0.481445 0.588542 0.480469 0.588542 0.477539 0.584635 0.475586 0.578125 0.473633 0.575521 0.472656 0.575521 0.471680 0.574219
0 0.493164 0.593750 0.492188 0.595052 0.490234 0.595052 0.480469 0.608073 0.480469 0.609375 0.478516 0.611979 0.478516 0.613281 0.477539 0.614583 0.477539 0.625000 0.476562 0.626302 0.477539 0.627604 0.478516 0.631510 0.483398 0.638021 0.484375 0.638021 0.489258 0.641927 0.491211 0.641927 0.496094 0.645833 0.498047 0.645833 0.500000 0.643229 0.500977 0.643229 0.500977 0.641927 0.504883 0.636719 0.504883 0.635417 0.506836 0.632812 0.506836 0.631510 0.505859 0.631510 0.502930 0.628906 0.500977 0.628906 0.500000 0.627604 0.499023 0.627604 0.496094 0.623698 0.495117 0.619792 0.493164 0.617188 0.493164 0.614583 0.492188 0.613281 0.492188 0.604167 0.493164 0.602865 0.493164 0.598958 0.495117 0.595052 0.494141 0.593750
0 0.523438 0.585938 0.520508 0.585938 0.519531 0.584635 0.517578 0.584635 0.516602 0.583333 0.514648 0.583333 0.513672 0.582031 0.511719 0.582031 0.510742 0.583333 0.507812 0.583333 0.506836 0.584635 0.503906 0.584635 0.502930 0.585938 0.501953 0.585938 0.500000 0.588542 0.499023 0.588542 0.499023 0.589844 0.497070 0.592448 0.497070 0.593750 0.496094 0.595052 0.496094 0.597656 0.494141 0.600260 0.494141 0.602865 0.493164 0.604167 0.493164 0.614583 0.494141 0.615885 0.496094 0.622396 0.498047 0.625000 0.499023 0.625000 0.501953 0.627604 0.503906 0.627604 0.504883 0.628906 0.512695 0.628906 0.513672 0.627604 0.515625 0.627604 0.516602 0.626302 0.518555 0.626302 0.519531 0.625000 0.521484 0.625000 0.522461 0.623698 0.524414 0.623698 0.525391 0.622396 0.528320 0.621094 0.531250 0.617188 0.531250 0.610677 0.532227 0.609375 0.532227 0.602865 0.531250 0.601562 0.531250 0.596354 0.529297 0.593750 0.529297 0.592448
0 0.464844 0.533854 0.464844 0.535156 0.461914 0.539062 0.461914 0.542969 0.460938 0.544271 0.460938 0.546875 0.459961 0.548177 0.459961 0.553385 0.458984 0.554688 0.459961 0.555990 0.459961 0.565104 0.460938 0.566406 0.460938 0.567708 0.461914 0.569010 0.465820 0.569010 0.466797 0.570312 0.471680 0.570312 0.472656 0.571615 0.480469 0.571615 0.481445 0.572917 0.482422 0.572917 0.484375 0.570312 0.484375 0.567708 0.485352 0.566406 0.485352 0.562500 0.486328 0.561198 0.486328 0.554688 0.487305 0.553385 0.487305 0.549479 0.489258 0.545573 0.489258 0.542969 0.487305 0.540365 0.487305 0.533854 0.481445 0.533854 0.480469 0.532552 0.466797 0.532552 0.465820 0.533854
0 0.504883 0.535156 0.501953 0.535156 0.500000 0.537760 0.499023 0.537760 0.498047 0.539062 0.495117 0.540365 0.493164 0.542969 0.492188 0.542969 0.491211 0.544271 0.491211 0.545573 0.488281 0.549479 0.488281 0.554688 0.487305 0.555990 0.487305 0.563802 0.486328 0.565104 0.486328 0.567708 0.485352 0.569010 0.485352 0.572917 0.484375 0.574219 0.485352 0.575521 0.486328 0.579427 0.489258 0.583333 0.489258 0.584635 0.491211 0.587240 0.492188 0.587240 0.493164 0.588542 0.498047 0.588542 0.500000 0.585938 0.500977 0.585938 0.505859 0.582031 0.505859 0.580729 0.506836 0.579427 0.506836 0.576823 0.507812 0.575521 0.507812 0.567708 0.508789 0.566406 0.508789 0.563802 0.509766 0.562500 0.509766 0.559896 0.510742 0.558594 0.510742 0.557292 0.511719 0.555990 0.512695 0.552083 0.514648 0.549479 0.514648 0.544271 0.513672 0.542969 0.512695 0.542969 0.509766 0.539062 0.506836 0.537760
0 0.546875 0.540365 0.541992 0.540365 0.541016 0.539062 0.540039 0.540365 0.537109 0.540365 0.532227 0.546875 0.530273 0.546875 0.529297 0.548177 0.517578 0.548177 0.512695 0.554688 0.512695 0.557292 0.508789 0.566406 0.508789 0.574219 0.516602 0.582031 0.518555 0.583333 0.520508 0.583333 0.521484 0.584635 0.524414 0.584635 0.526367 0.587240 0.527344 0.587240 0.529297 0.589844 0.529297 0.591146 0.533203 0.595052 0.535156 0.595052 0.536133 0.596354 0.539062 0.595052 0.543945 0.588542 0.543945 0.587240 0.545898 0.584635 0.547852 0.579427 0.551758 0.574219 0.553711 0.569010 0.553711 0.566406 0.555664 0.562500 0.555664 0.554688 0.553711 0.550781 0.553711 0.548177 0.548828 0.541667
0 0.458008 0.481771 0.457031 0.483073 0.454102 0.483073 0.453125 0.484375 0.450195 0.485677 0.443359 0.494792 0.443359 0.497396 0.442383 0.498698 0.442383 0.506510 0.443359 0.507812 0.443359 0.509115 0.445312 0.513021 0.445312 0.516927 0.446289 0.518229 0.447266 0.522135 0.448242 0.522135 0.449219 0.523438 0.450195 0.523438 0.451172 0.524740 0.452148 0.524740 0.453125 0.526042 0.454102 0.526042 0.457031 0.528646 0.460938 0.528646 0.464844 0.523438 0.465820 0.519531 0.467773 0.516927 0.467773 0.514323 0.468750 0.513021 0.468750 0.510417 0.469727 0.509115 0.469727 0.505208 0.470703 0.503906 0.470703 0.494792 0.468750 0.490885 0.468750 0.484375 0.467773 0.483073 0.460938 0.483073 0.459961 0.481771
0 0.479492 0.480469 0.477539 0.483073 0.477539 0.484375 0.475586 0.488281 0.475586 0.490885 0.474609 0.492188 0.474609 0.494792 0.472656 0.498698 0.472656 0.501302 0.471680 0.502604 0.471680 0.505208 0.470703 0.506510 0.470703 0.510417 0.469727 0.511719 0.469727 0.518229 0.470703 0.518229 0.473633 0.522135 0.476562 0.522135 0.477539 0.523438 0.485352 0.523438 0.486328 0.522135 0.492188 0.522135 0.493164 0.520833 0.498047 0.520833 0.499023 0.519531 0.500000 0.519531 0.500977 0.518229 0.500977 0.513021 0.501953 0.511719 0.501953 0.489583 0.500977 0.488281 0.500977 0.485677 0.500000 0.484375 0.500000 0.481771 0.498047 0.479167 0.489258 0.479167 0.488281 0.477865 0.484375 0.477865 0.483398 0.479167 0.481445 0.479167 0.480469 0.480469
0 0.517578 0.497396 0.515625 0.500000 0.514648 0.500000 0.511719 0.503906 0.510742 0.503906 0.504883 0.511719 0.504883 0.524740 0.505859 0.526042 0.505859 0.529948 0.506836 0.531250 0.506836 0.532552 0.512695 0.540365 0.513672 0.540365 0.518555 0.544271 0.520508 0.544271 0.521484 0.545573 0.530273 0.545573 0.531250 0.544271 0.532227 0.544271 0.534180 0.541667 0.534180 0.540365 0.537109 0.533854 0.537109 0.531250 0.538086 0.529948 0.538086 0.526042 0.539062 0.524740 0.539062 0.511719 0.538086 0.510417 0.538086 0.509115 0.537109 0.507812 0.536133 0.507812 0.534180 0.505208 0.534180 0.503906 0.532227 0.500000 0.531250 0.500000 0.530273 0.498698 0.527344 0.498698 0.526367 0.497396
0 0.431641 0.445312 0.430664 0.446615 0.430664 0.447917 0.428711 0.451823 0.428711 0.455729 0.427734 0.457031 0.427734 0.467448 0.428711 0.468750 0.428711 0.472656 0.429688 0.473958 0.429688 0.476562 0.430664 0.477865 0.430664 0.479167 0.435547 0.485677 0.435547 0.486979 0.436523 0.486979 0.438477 0.489583 0.443359 0.489583 0.444336 0.488281 0.445312 0.488281 0.446289 0.486979 0.446289 0.485677 0.448242 0.483073 0.449219 0.483073 0.451172 0.480469 0.451172 0.479167 0.452148 0.477865 0.452148 0.475260 0.451172 0.473958 0.451172 0.472656 0.450195 0.471354 0.450195 0.470052 0.452148 0.466146 0.450195 0.462240 0.450195 0.459635 0.448242 0.457031 0.448242 0.455729 0.445312 0.451823 0.445312 0.450521 0.443359 0.447917 0.441406 0.447917 0.438477 0.445312
0 0.450195 0.395833 0.442383 0.395833 0.441406 0.397135 0.439453 0.397135 0.437500 0.399740 0.436523 0.399740 0.435547 0.401042 0.432617 0.402344 0.428711 0.407552 0.428711 0.410156 0.427734 0.411458 0.427734 0.417969 0.428711 0.419271 0.428711 0.423177 0.429688 0.424479 0.429688 0.427083 0.430664 0.428385 0.430664 0.432292 0.431641 0.433594 0.431641 0.436198 0.432617 0.437500 0.432617 0.440104 0.433594 0.441406 0.433594 0.442708 0.434570 0.442708 0.435547 0.444010 0.439453 0.444010 0.440430 0.445312 0.443359 0.445312 0.443359 0.444010 0.444336 0.442708 0.444336 0.437500 0.445312 0.436198 0.445312 0.433594 0.446289 0.432292 0.446289 0.430990 0.448242 0.428385 0.450195 0.428385 0.451172 0.427083 0.454102 0.427083 0.457031 0.424479 0.457031 0.412760 0.455078 0.408854 0.455078 0.406250 0.454102 0.404948 0.454102 0.401042 0.453125 0.399740 0.453125 0.398438
0 0.447266 0.432292 0.447266 0.434896 0.446289 0.436198 0.446289 0.441406 0.445312 0.442708 0.445312 0.447917 0.446289 0.449219 0.446289 0.450521 0.451172 0.457031 0.451172 0.458333 0.454102 0.462240 0.456055 0.462240 0.458008 0.464844 0.460938 0.464844 0.461914 0.466146 0.469727 0.466146 0.470703 0.467448 0.479492 0.467448 0.480469 0.466146 0.484375 0.466146 0.485352 0.464844 0.482422 0.460938 0.482422 0.451823 0.483398 0.450521 0.483398 0.449219 0.482422 0.447917 0.482422 0.441406 0.481445 0.440104 0.481445 0.432292 0.480469 0.430990 0.480469 0.429688 0.479492 0.429688 0.478516 0.428385 0.476562 0.428385 0.475586 0.427083 0.471680 0.427083 0.470703 0.425781 0.458008 0.425781 0.455078 0.428385 0.453125 0.428385 0.452148 0.429688 0.450195 0.429688 0.448242 0.432292
0 0.462891 0.376302 0.458008 0.381510 0.458008 0.382812 0.456055 0.385417 0.456055 0.386719 0.454102 0.390625 0.454102 0.399740 0.455078 0.401042 0.455078 0.404948 0.456055 0.406250 0.456055 0.408854 0.458008 0.411458 0.458008 0.412760 0.458984 0.414062 0.458984 0.416667 0.461914 0.420573 0.462891 0.420573 0.463867 0.421875 0.465820 0.421875 0.466797 0.423177 0.470703 0.423177 0.471680 0.424479 0.480469 0.424479 0.481445 0.423177 0.483398 0.423177 0.485352 0.420573 0.486328 0.420573 0.486328 0.415365 0.485352 0.414062 0.485352 0.402344 0.486328 0.401042 0.486328 0.391927 0.485352 0.390625 0.485352 0.389323 0.483398 0.389323 0.481445 0.386719 0.481445 0.382812 0.480469 0.382812 0.479492 0.381510 0.477539 0.381510 0.475586 0.378906 0.473633 0.378906 0.472656 0.377604 0.469727 0.377604 0.468750 0.376302
0 0.490234 0.417969 0.490234 0.420573 0.491211 0.421875 0.491211 0.423177 0.492188 0.424479 0.493164 0.424479 0.495117 0.427083 0.496094 0.427083 0.498047 0.429688 0.499023 0.429688 0.505859 0.438802 0.505859 0.440104 0.508789 0.444010 0.517578 0.444010 0.518555 0.445312 0.525391 0.445312 0.530273 0.441406 0.530273 0.438802 0.531250 0.437500 0.531250 0.423177 0.533203 0.419271 0.533203 0.411458 0.532227 0.410156 0.532227 0.408854 0.529297 0.408854 0.524414 0.402344 0.522461 0.402344 0.521484 0.401042 0.516602 0.401042 0.515625 0.402344 0.513672 0.402344 0.512695 0.403646 0.511719 0.403646 0.510742 0.404948 0.509766 0.404948 0.508789 0.406250 0.503906 0.408854 0.501953 0.411458 0.500000 0.411458 0.499023 0.412760 0.498047 0.412760 0.495117 0.415365 0.493164 0.415365 0.491211 0.417969
0 0.544922 0.451823 0.542969 0.449219 0.541016 0.449219 0.540039 0.447917 0.537109 0.447917 0.536133 0.446615 0.534180 0.446615 0.533203 0.445312 0.532227 0.446615 0.528320 0.446615 0.527344 0.447917 0.517578 0.447917 0.516602 0.449219 0.515625 0.449219 0.513672 0.451823 0.512695 0.451823 0.509766 0.455729 0.509766 0.457031 0.508789 0.458333 0.508789 0.462240 0.507812 0.463542 0.507812 0.475260 0.508789 0.476562 0.508789 0.481771 0.509766 0.483073 0.510742 0.483073 0.513672 0.486979 0.514648 0.486979 0.517578 0.489583 0.519531 0.489583 0.522461 0.492188 0.527344 0.492188 0.528320 0.490885 0.529297 0.490885 0.531250 0.488281 0.533203 0.480469 0.541016 0.470052 0.541016 0.468750 0.541992 0.467448 0.542969 0.467448 0.545898 0.464844 0.544922 0.463542
0 0.461914 0.277344 0.458984 0.281250 0.458008 0.285156 0.455078 0.289062 0.455078 0.290365 0.454102 0.291667 0.454102 0.294271 0.451172 0.300781 0.451172 0.305990 0.457031 0.313802 0.458008 0.313802 0.458984 0.315104 0.458984 0.316406 0.461914 0.320312 0.463867 0.320312 0.464844 0.321615 0.479492 0.321615 0.480469 0.320312 0.482422 0.320312 0.485352 0.316406 0.486328 0.316406 0.488281 0.313802 0.489258 0.313802 0.492188 0.309896 0.492188 0.308594 0.495117 0.303385 0.495117 0.295573 0.493164 0.292969 0.494141 0.291667 0.494141 0.289062 0.493164 0.287760 0.493164 0.286458 0.489258 0.281250 0.484375 0.281250 0.483398 0.279948 0.481445 0.279948 0.480469 0.278646 0.477539 0.278646 0.476562 0.277344 0.474609 0.277344 0.473633 0.276042 0.465820 0.276042 0.464844 0.277344
0 0.497070 0.309896 0.494141 0.313802 0.493164 0.313802 0.492188 0.315104 0.489258 0.316406 0.487305 0.319010 0.486328 0.319010 0.483398 0.322917 0.483398 0.341146 0.487305 0.346354 0.488281 0.346354 0.495117 0.355469 0.498047 0.355469 0.499023 0.356771 0.505859 0.356771 0.506836 0.355469 0.509766 0.354167 0.512695 0.350260 0.513672 0.350260 0.517578 0.345052 0.517578 0.342448 0.518555 0.341146 0.518555 0.337240 0.521484 0.330729 0.521484 0.325521 0.520508 0.325521 0.519531 0.324219 0.516602 0.322917 0.515625 0.321615 0.515625 0.320312 0.513672 0.317708 0.511719 0.317708 0.510742 0.316406 0.509766 0.316406 0.504883 0.309896
0 0.438477 0.233073 0.438477 0.234375 0.436523 0.238281 0.436523 0.240885 0.434570 0.244792 0.434570 0.248698 0.435547 0.250000 0.436523 0.253906 0.440430 0.257812 0.440430 0.259115 0.450195 0.272135 0.450195 0.273438 0.451172 0.274740 0.457031 0.274740 0.458008 0.276042 0.458984 0.274740 0.462891 0.274740 0.463867 0.273438 0.469727 0.273438 0.470703 0.272135 0.477539 0.272135 0.478516 0.270833 0.479492 0.270833 0.482422 0.266927 0.482422 0.260417 0.481445 0.259115 0.481445 0.255208 0.480469 0.253906 0.480469 0.247396 0.479492 0.246094 0.479492 0.243490 0.478516 0.242188 0.478516 0.238281 0.473633 0.233073 0.471680 0.233073 0.470703 0.231771 0.468750 0.231771 0.467773 0.230469 0.441406 0.230469
0 0.414062 0.177083 0.414062 0.178385 0.413086 0.179688 0.413086 0.182292 0.410156 0.188802 0.410156 0.191406 0.409180 0.192708 0.409180 0.197917 0.408203 0.199219 0.409180 0.200521 0.409180 0.203125 0.410156 0.204427 0.414062 0.216146 0.416016 0.218750 0.418945 0.220052 0.420898 0.222656 0.422852 0.222656 0.425781 0.226562 0.426758 0.226562 0.428711 0.229167 0.430664 0.229167 0.431641 0.230469 0.435547 0.230469 0.436523 0.229167 0.438477 0.229167 0.442383 0.225260 0.443359 0.225260 0.444336 0.223958 0.446289 0.223958 0.449219 0.220052 0.450195 0.220052 0.450195 0.217448 0.451172 0.216146 0.451172 0.213542 0.450195 0.212240 0.450195 0.203125 0.447266 0.197917 0.447266 0.196615 0.445312 0.194010 0.445312 0.192708 0.443359 0.188802 0.436523 0.187500 0.432617 0.183594 0.427734 0.180990 0.425781 0.178385 0.424805 0.178385 0.421875 0.175781 0.419922 0.175781 0.418945 0.174479 0.416016 0.174479
0 0.402344 0.139323 0.401367 0.140625 0.399414 0.140625 0.390625 0.152344 0.389648 0.156250 0.386719 0.160156 0.386719 0.161458 0.385742 0.162760 0.385742 0.169271 0.386719 0.170573 0.386719 0.173177 0.387695 0.174479 0.388672 0.178385 0.391602 0.182292 0.392578 0.182292 0.395508 0.184896 0.397461 0.184896 0.398438 0.186198 0.400391 0.186198 0.401367 0.187500 0.406250 0.187500 0.409180 0.184896 0.409180 0.183594 0.411133 0.180990 0.411133 0.179688 0.412109 0.178385 0.413086 0.174479 0.415039 0.171875 0.416016 0.171875 0.418945 0.167969 0.418945 0.166667 0.420898 0.164062 0.420898 0.157552 0.419922 0.156250 0.419922 0.154948 0.417969 0.152344 0.417969 0.149740 0.416992 0.148438 0.416992 0.147135 0.416016 0.147135 0.413086 0.143229 0.410156 0.141927 0.408203 0.139323
0 0.422852 0.096354 0.415039 0.096354 0.414062 0.097656 0.412109 0.097656 0.409180 0.101562 0.409180 0.104167 0.408203 0.105469 0.408203 0.114583 0.407227 0.115885 0.407227 0.119792 0.408203 0.121094 0.408203 0.123698 0.407227 0.125000 0.407227 0.138021 0.408203 0.138021 0.409180 0.139323 0.410156 0.139323 0.413086 0.141927 0.415039 0.141927 0.416016 0.143229 0.418945 0.143229 0.419922 0.141927 0.422852 0.141927 0.425781 0.138021 0.425781 0.136719 0.426758 0.135417 0.426758 0.128906 0.427734 0.127604 0.427734 0.122396 0.428711 0.121094 0.428711 0.114583 0.429688 0.113281 0.429688 0.110677 0.431641 0.108073 0.431641 0.100260 0.430664 0.100260 0.429688 0.098958 0.426758 0.098958 0.425781 0.097656 0.423828 0.097656
0 0.431641 0.127604 0.428711 0.135417 0.423828 0.143229 0.423828 0.145833 0.422852 0.147135 0.422852 0.153646 0.424805 0.158854 0.427734 0.162760 0.429688 0.164062 0.431641 0.164062 0.438477 0.169271 0.440430 0.169271 0.446289 0.174479 0.449219 0.174479 0.450195 0.175781 0.453125 0.175781 0.454102 0.177083 0.458008 0.177083 0.458984 0.178385 0.461914 0.178385 0.461914 0.174479 0.460938 0.171875 0.458008 0.169271 0.458008 0.167969 0.458984 0.166667 0.460938 0.166667 0.462891 0.167969 0.463867 0.166667 0.463867 0.164062 0.464844 0.161458 0.466797 0.158854 0.465820 0.152344 0.468750 0.148438 0.468750 0.147135 0.466797 0.144531 0.466797 0.141927 0.464844 0.139323 0.464844 0.138021 0.459961 0.132812 0.458008 0.131510 0.456055 0.131510 0.454102 0.128906 0.450195 0.128906 0.449219 0.127604 0.447266 0.127604 0.446289 0.126302 0.443359 0.126302 0.442383 0.125000 0.435547 0.125000
0 0.446289 0.071615 0.443359 0.075521 0.442383 0.079427 0.441406 0.080729 0.440430 0.080729 0.437500 0.084635 0.437500 0.095052 0.438477 0.096354 0.438477 0.101562 0.445312 0.110677 0.445312 0.111979 0.446289 0.113281 0.447266 0.113281 0.449219 0.115885 0.450195 0.115885 0.455078 0.122396 0.456055 0.122396 0.458008 0.125000 0.460938 0.125000 0.461914 0.126302 0.464844 0.123698 0.466797 0.123698 0.467773 0.122396 0.468750 0.122396 0.468750 0.121094 0.472656 0.111979 0.472656 0.106771 0.473633 0.105469 0.473633 0.101562 0.474609 0.100260 0.474609 0.098958 0.475586 0.097656 0.475586 0.095052 0.477539 0.091146 0.477539 0.087240 0.478516 0.085938 0.479492 0.079427 0.478516 0.079427 0.469727 0.072917 0.467773 0.072917 0.466797 0.071615 0.462891 0.071615 0.461914 0.070312 0.458984 0.070312 0.458008 0.069010 0.453125 0.069010 0.452148 0.070312 0.449219 0.070312 0.448242 0.071615
0 0.507812 0.122396 0.505859 0.119792 0.504883 0.119792 0.501953 0.115885 0.498047 0.115885 0.497070 0.114583 0.489258 0.114583 0.488281 0.115885 0.486328 0.115885 0.484375 0.118490 0.481445 0.119792 0.480469 0.121094 0.480469 0.122396 0.474609 0.130208 0.474609 0.131510 0.471680 0.138021 0.471680 0.144531 0.472656 0.145833 0.472656 0.148438 0.477539 0.154948 0.479492 0.154948 0.480469 0.156250 0.484375 0.156250 0.485352 0.154948 0.488281 0.154948 0.489258 0.153646 0.496094 0.153646 0.497070 0.152344 0.500977 0.152344 0.501953 0.151042 0.502930 0.151042 0.503906 0.149740 0.503906 0.148438 0.506836 0.141927 0.506836 0.139323 0.507812 0.138021 0.507812 0.130208 0.506836 0.128906 0.506836 0.125000 0.507812 0.123698
0 0.488281 0.156250 0.486328 0.157552 0.483398 0.161458 0.482422 0.164062 0.482422 0.166667 0.481445 0.167969 0.481445 0.174479 0.482422 0.175781 0.482422 0.179688 0.483398 0.180990 0.483398 0.191406 0.484375 0.192708 0.484375 0.195312 0.485352 0.197917 0.489258 0.201823 0.490234 0.201823 0.492188 0.204427 0.498047 0.208333 0.502930 0.209635 0.503906 0.210938 0.506836 0.210938 0.507812 0.209635 0.509766 0.209635 0.510742 0.208333 0.512695 0.208333 0.516602 0.205729 0.513672 0.200521 0.515625 0.195312 0.515625 0.190104 0.516602 0.188802 0.516602 0.177083 0.515625 0.175781 0.515625 0.173177 0.516602 0.171875 0.519531 0.171875 0.520508 0.174479 0.520508 0.165365 0.514648 0.158854 0.512695 0.158854 0.504883 0.153646 0.497070 0.153646 0.496094 0.154948 0.491211 0.154948 0.490234 0.156250
0 0.473633 0.169271 0.472656 0.170573 0.470703 0.170573 0.469727 0.171875 0.468750 0.171875 0.465820 0.175781 0.465820 0.177083 0.460938 0.183594 0.458008 0.184896 0.456055 0.188802 0.456055 0.191406 0.457031 0.192708 0.457031 0.197917 0.458008 0.199219 0.458008 0.201823 0.458984 0.203125 0.458984 0.205729 0.459961 0.207031 0.459961 0.209635 0.460938 0.210938 0.460938 0.212240 0.465820 0.218750 0.467773 0.218750 0.468750 0.220052 0.470703 0.220052 0.471680 0.221354 0.474609 0.221354 0.475586 0.222656 0.480469 0.222656 0.481445 0.221354 0.484375 0.220052 0.486328 0.217448 0.488281 0.217448 0.489258 0.216146 0.490234 0.216146 0.491211 0.214844 0.491211 0.212240 0.492188 0.210938 0.492188 0.209635 0.491211 0.208333 0.491211 0.205729 0.490234 0.204427 0.489258 0.204427 0.484375 0.197917 0.484375 0.195312 0.483398 0.194010 0.483398 0.191406 0.482422 0.190104 0.482422 0.178385 0.481445 0.177083 0.481445 0.174479 0.480469 0.173177 0.480469 0.171875 0.479492 0.171875 0.478516 0.170573 0.475586 0.170573 0.474609 0.169271
0 0.544922 0.063802 0.541016 0.067708 0.540039 0.067708 0.535156 0.074219 0.532227 0.074219 0.531250 0.075521 0.530273 0.075521 0.526367 0.082031 0.526367 0.083333 0.525391 0.084635 0.525391 0.095052 0.524414 0.096354 0.524414 0.105469 0.526367 0.108073 0.526367 0.109375 0.529297 0.113281 0.530273 0.113281 0.531250 0.114583 0.538086 0.114583 0.541016 0.117188 0.545898 0.117188 0.546875 0.118490 0.552734 0.118490 0.556641 0.114583 0.556641 0.113281 0.558594 0.109375 0.558594 0.102865 0.566406 0.091146 0.566406 0.085938 0.564453 0.083333 0.563477 0.079427 0.560547 0.075521 0.560547 0.074219 0.558594 0.071615 0.558594 0.070312 0.555664 0.066406 0.554688 0.066406 0.553711 0.065104 0.550781 0.065104 0.549805 0.063802
0 0.522461 0.220052 0.520508 0.220052 0.519531 0.218750 0.514648 0.218750 0.508789 0.222656 0.497070 0.222656 0.496094 0.223958 0.493164 0.223958 0.492188 0.225260 0.490234 0.225260 0.487305 0.229167 0.484375 0.230469 0.479492 0.236979 0.480469 0.238281 0.480469 0.246094 0.481445 0.247396 0.481445 0.252604 0.482422 0.253906 0.482422 0.256510 0.486328 0.266927 0.488281 0.269531 0.490234 0.270833 0.499023 0.270833 0.500977 0.272135 0.503906 0.269531 0.505859 0.269531 0.511719 0.265625 0.513672 0.265625 0.514648 0.264323 0.518555 0.263021 0.515625 0.256510 0.518555 0.252604 0.518555 0.250000 0.520508 0.247396 0.520508 0.246094 0.518555 0.248698 0.512695 0.250000 0.511719 0.247396 0.506836 0.242188 0.506836 0.235677 0.505859 0.234375 0.505859 0.231771 0.509766 0.226562 0.510742 0.226562 0.510742 0.225260 0.512695 0.222656 0.514648 0.222656 0.515625 0.223958 0.520508 0.223958 0.522461 0.221354 0.523438 0.221354
0 0.515625 0.268229 0.512695 0.270833 0.511719 0.274740 0.499023 0.291667 0.499023 0.300781 0.500977 0.303385 0.500977 0.304688 0.502930 0.307292 0.503906 0.307292 0.508789 0.311198 0.512695 0.311198 0.513672 0.312500 0.514648 0.312500 0.515625 0.313802 0.517578 0.313802 0.518555 0.315104 0.522461 0.315104 0.523438 0.316406 0.527344 0.316406 0.528320 0.317708 0.533203 0.313802 0.535156 0.313802 0.536133 0.312500 0.541016 0.309896 0.543945 0.305990 0.543945 0.300781 0.544922 0.299479 0.544922 0.291667 0.543945 0.290365 0.543945 0.289062 0.540039 0.283854 0.540039 0.282552 0.538086 0.279948 0.538086 0.278646 0.534180 0.273438 0.533203 0.273438 0.526367 0.268229 0.524414 0.268229 0.523438 0.266927 0.519531 0.266927 0.518555 0.268229
0 0.611328 0.091146 0.609375 0.091146 0.608398 0.092448 0.607422 0.092448 0.605469 0.089844 0.604492 0.085938 0.603516 0.085938 0.602539 0.084635 0.591797 0.084635 0.588867 0.087240 0.583008 0.087240 0.582031 0.088542 0.579102 0.089844 0.577148 0.092448 0.576172 0.092448 0.573242 0.096354 0.573242 0.101562 0.572266 0.102865 0.572266 0.108073 0.573242 0.109375 0.574219 0.113281 0.576172 0.115885 0.577148 0.119792 0.579102 0.122396 0.579102 0.123698 0.582031 0.127604 0.583008 0.127604 0.583984 0.128906 0.585938 0.128906 0.586914 0.130208 0.589844 0.126302 0.593750 0.126302 0.594727 0.125000 0.596680 0.125000 0.597656 0.123698 0.598633 0.123698 0.600586 0.121094 0.601562 0.121094 0.604492 0.118490 0.609375 0.117188 0.611328 0.114583 0.611328 0.113281 0.615234 0.106771 0.615234 0.100260 0.614258 0.098958 0.613281 0.095052 0.611328 0.092448
0 0.570312 0.148438 0.568359 0.148438 0.567383 0.147135 0.563477 0.147135 0.562500 0.145833 0.550781 0.145833 0.549805 0.147135 0.547852 0.147135 0.546875 0.148438 0.544922 0.148438 0.543945 0.149740 0.542969 0.149740 0.539062 0.154948 0.538086 0.154948 0.535156 0.158854 0.535156 0.160156 0.533203 0.162760 0.533203 0.165365 0.532227 0.166667 0.532227 0.182292 0.534180 0.184896 0.535156 0.184896 0.536133 0.186198 0.538086 0.186198 0.539062 0.187500 0.541016 0.187500 0.541992 0.188802 0.543945 0.188802 0.544922 0.190104 0.545898 0.190104 0.546875 0.188802 0.549805 0.188802 0.551758 0.186198 0.552734 0.186198 0.553711 0.184896 0.554688 0.184896 0.555664 0.183594 0.556641 0.183594 0.557617 0.182292 0.562500 0.179688 0.566406 0.174479 0.566406 0.171875 0.567383 0.170573 0.567383 0.167969 0.568359 0.166667 0.568359 0.157552 0.571289 0.153646 0.571289 0.151042 0.570312 0.149740
0 0.575195 0.178385 0.573242 0.178385 0.572266 0.177083 0.568359 0.177083 0.567383 0.178385 0.564453 0.178385 0.563477 0.179688 0.562500 0.179688 0.560547 0.182292 0.559570 0.182292 0.558594 0.183594 0.556641 0.183594 0.554688 0.186198 0.549805 0.188802 0.546875 0.192708 0.546875 0.195312 0.544922 0.197917 0.544922 0.199219 0.543945 0.200521 0.543945 0.204427 0.544922 0.205729 0.544922 0.207031 0.546875 0.209635 0.546875 0.210938 0.548828 0.213542 0.548828 0.214844 0.550781 0.217448 0.550781 0.218750 0.556641 0.227865 0.561523 0.227865 0.562500 0.229167 0.569336 0.229167 0.570312 0.227865 0.573242 0.227865 0.574219 0.226562 0.574219 0.225260 0.575195 0.223958 0.576172 0.223958 0.580078 0.218750 0.580078 0.216146 0.582031 0.212240 0.582031 0.203125 0.583008 0.201823 0.583008 0.199219 0.582031 0.197917 0.582031 0.195312 0.580078 0.191406 0.580078 0.187500 0.579102 0.186198 0.578125 0.182292
0 0.574219 0.151042 0.574219 0.154948 0.573242 0.156250 0.573242 0.158854 0.570312 0.164062 0.571289 0.165365 0.571289 0.169271 0.573242 0.171875 0.573242 0.173177 0.579102 0.180990 0.579102 0.182292 0.580078 0.183594 0.580078 0.186198 0.581055 0.187500 0.581055 0.190104 0.583008 0.192708 0.583008 0.194010 0.584961 0.196615 0.592773 0.196615 0.593750 0.197917 0.595703 0.197917 0.596680 0.196615 0.599609 0.196615 0.600586 0.195312 0.603516 0.195312 0.603516 0.194010 0.607422 0.188802 0.607422 0.187500 0.609375 0.184896 0.609375 0.158854 0.599609 0.145833 0.598633 0.145833 0.597656 0.144531 0.590820 0.144531 0.589844 0.145833 0.587891 0.145833 0.586914 0.147135 0.581055 0.147135 0.580078 0.148438 0.578125 0.148438 0.577148 0.149740
0 0.641602 0.167969 0.635742 0.167969 0.626953 0.174479 0.625000 0.174479 0.624023 0.175781 0.623047 0.175781 0.623047 0.178385 0.622070 0.179688 0.622070 0.184896 0.621094 0.186198 0.621094 0.188802 0.620117 0.190104 0.620117 0.194010 0.618164 0.197917 0.618164 0.207031 0.619141 0.208333 0.619141 0.210938 0.620117 0.212240 0.620117 0.213542 0.622070 0.216146 0.626953 0.216146 0.629883 0.220052 0.634766 0.221354 0.641602 0.216146 0.650391 0.216146 0.651367 0.214844 0.652344 0.214844 0.652344 0.213542 0.653320 0.212240 0.653320 0.205729 0.655273 0.201823 0.655273 0.192708 0.654297 0.191406 0.653320 0.184896 0.650391 0.179688 0.650391 0.178385 0.645508 0.171875 0.644531 0.171875
0 0.620117 0.217448 0.618164 0.217448 0.617188 0.218750 0.615234 0.218750 0.614258 0.220052 0.613281 0.220052 0.606445 0.229167 0.605469 0.229167 0.604492 0.230469 0.604492 0.231771 0.601562 0.235677 0.601562 0.236979 0.599609 0.240885 0.599609 0.243490 0.598633 0.244792 0.598633 0.261719 0.602539 0.265625 0.603516 0.265625 0.610352 0.270833 0.612305 0.270833 0.613281 0.272135 0.620117 0.272135 0.621094 0.270833 0.623047 0.270833 0.625000 0.268229 0.625977 0.264323 0.630859 0.257812 0.632812 0.257812 0.635742 0.255208 0.635742 0.253906 0.637695 0.251302 0.637695 0.248698 0.638672 0.247396 0.638672 0.242188 0.634766 0.238281 0.634766 0.236979 0.631836 0.230469 0.631836 0.226562 0.629883 0.223958 0.626953 0.223958 0.623047 0.218750 0.621094 0.218750
0 0.564453 0.236979 0.563477 0.238281 0.560547 0.239583 0.558594 0.242188 0.558594 0.243490 0.556641 0.246094 0.555664 0.246094 0.555664 0.247396 0.554688 0.248698 0.554688 0.273438 0.555664 0.274740 0.555664 0.276042 0.559570 0.281250 0.560547 0.281250 0.563477 0.283854 0.565430 0.283854 0.566406 0.285156 0.567383 0.285156 0.570312 0.289062 0.571289 0.289062 0.572266 0.290365 0.579102 0.290365 0.580078 0.289062 0.584961 0.286458 0.588867 0.281250 0.588867 0.279948 0.590820 0.277344 0.590820 0.272135 0.591797 0.270833 0.591797 0.264323 0.590820 0.263021 0.590820 0.256510 0.591797 0.255208 0.591797 0.251302 0.590820 0.251302 0.583984 0.246094 0.581055 0.246094 0.580078 0.244792 0.578125 0.244792 0.577148 0.243490 0.576172 0.243490 0.574219 0.240885 0.573242 0.236979
0 0.645508 0.256510 0.641602 0.256510 0.640625 0.257812 0.635742 0.257812 0.634766 0.259115 0.632812 0.259115 0.631836 0.260417 0.628906 0.261719 0.626953 0.264323 0.626953 0.266927 0.625977 0.268229 0.625977 0.270833 0.625000 0.272135 0.625000 0.273438 0.625977 0.274740 0.625977 0.292969 0.626953 0.294271 0.627930 0.298177 0.631836 0.303385 0.632812 0.303385 0.634766 0.305990 0.635742 0.305990 0.638672 0.308594 0.639648 0.307292 0.646484 0.307292 0.647461 0.305990 0.650391 0.305990 0.651367 0.304688 0.654297 0.303385 0.658203 0.298177 0.662109 0.298177 0.661133 0.296875 0.661133 0.282552 0.663086 0.278646 0.663086 0.274740 0.664062 0.273438 0.662109 0.270833 0.661133 0.266927 0.660156 0.266927 0.658203 0.264323 0.657227 0.264323 0.656250 0.263021 0.654297 0.263021 0.650391 0.259115 0.649414 0.259115 0.648438 0.257812 0.646484 0.257812
0 0.688477 0.236979 0.682617 0.243490 0.679688 0.244792 0.674805 0.252604 0.674805 0.256510 0.673828 0.257812 0.673828 0.265625 0.672852 0.266927 0.672852 0.273438 0.674805 0.276042 0.674805 0.277344 0.675781 0.278646 0.676758 0.278646 0.679688 0.282552 0.680664 0.282552 0.693359 0.291667 0.694336 0.290365 0.696289 0.290365 0.697266 0.289062 0.700195 0.287760 0.708008 0.278646 0.710938 0.277344 0.710938 0.270833 0.711914 0.269531 0.711914 0.266927 0.713867 0.264323 0.714844 0.264323 0.715820 0.263021 0.715820 0.261719 0.713867 0.259115 0.713867 0.257812 0.711914 0.255208 0.710938 0.251302 0.707031 0.244792 0.706055 0.244792 0.704102 0.242188 0.703125 0.242188 0.700195 0.239583 0.697266 0.239583 0.696289 0.238281 0.692383 0.238281 0.691406 0.236979
0 0.551758 0.311198 0.547852 0.311198 0.546875 0.312500 0.541992 0.312500 0.541016 0.313802 0.537109 0.313802 0.536133 0.315104 0.533203 0.316406 0.531250 0.319010 0.530273 0.319010 0.527344 0.322917 0.527344 0.324219 0.526367 0.325521 0.526367 0.328125 0.524414 0.332031 0.524414 0.334635 0.521484 0.338542 0.521484 0.339844 0.519531 0.343750 0.519531 0.352865 0.521484 0.355469 0.521484 0.356771 0.523438 0.359375 0.523438 0.360677 0.525391 0.364583 0.526367 0.364583 0.529297 0.367188 0.534180 0.367188 0.535156 0.365885 0.541992 0.365885 0.545898 0.361979 0.546875 0.361979 0.548828 0.359375 0.548828 0.358073 0.552734 0.351562 0.553711 0.347656 0.556641 0.343750 0.558594 0.337240 0.560547 0.334635 0.561523 0.328125 0.560547 0.326823 0.560547 0.325521 0.558594 0.322917 0.557617 0.322917 0.553711 0.317708
0 0.568359 0.325521 0.566406 0.328125 0.563477 0.329427 0.563477 0.330729 0.559570 0.337240 0.559570 0.338542 0.558594 0.339844 0.557617 0.343750 0.553711 0.350260 0.553711 0.355469 0.554688 0.356771 0.554688 0.358073 0.557617 0.361979 0.558594 0.361979 0.560547 0.364583 0.561523 0.364583 0.566406 0.371094 0.566406 0.372396 0.568359 0.376302 0.573242 0.376302 0.574219 0.377604 0.576172 0.377604 0.577148 0.376302 0.580078 0.376302 0.580078 0.375000 0.583008 0.368490 0.583008 0.363281 0.582031 0.361979 0.582031 0.352865 0.583008 0.351562 0.583008 0.347656 0.582031 0.346354 0.582031 0.345052 0.577148 0.338542 0.574219 0.337240 0.572266 0.334635 0.572266 0.333333 0.570312 0.329427 0.571289 0.325521
0 0.630859 0.350260 0.627930 0.346354 0.627930 0.343750 0.625000 0.338542 0.623047 0.337240 0.619141 0.337240 0.618164 0.335938 0.618164 0.330729 0.616211 0.328125 0.614258 0.326823 0.611328 0.326823 0.610352 0.325521 0.606445 0.325521 0.605469 0.326823 0.596680 0.326823 0.595703 0.328125 0.593750 0.328125 0.592773 0.329427 0.589844 0.329427 0.587891 0.330729 0.583984 0.341146 0.583984 0.356771 0.583008 0.358073 0.583008 0.365885 0.583984 0.368490 0.587891 0.372396 0.589844 0.372396 0.592773 0.375000 0.597656 0.375000 0.598633 0.376302 0.600586 0.375000 0.610352 0.375000 0.611328 0.373698 0.614258 0.373698 0.615234 0.372396 0.620117 0.372396 0.624023 0.368490 0.626953 0.367188 0.627930 0.364583 0.630859 0.361979
0 0.666016 0.312500 0.664062 0.312500 0.663086 0.311198 0.660156 0.311198 0.659180 0.312500 0.654297 0.312500 0.653320 0.313802 0.650391 0.313802 0.649414 0.315104 0.644531 0.317708 0.642578 0.320312 0.642578 0.325521 0.638672 0.330729 0.638672 0.332031 0.635742 0.338542 0.635742 0.345052 0.636719 0.346354 0.636719 0.350260 0.637695 0.351562 0.637695 0.352865 0.640625 0.356771 0.641602 0.356771 0.642578 0.358073 0.643555 0.358073 0.645508 0.360677 0.647461 0.360677 0.648438 0.361979 0.656250 0.361979 0.657227 0.360677 0.658203 0.360677 0.662109 0.355469 0.663086 0.351562 0.665039 0.348958 0.665039 0.347656 0.666016 0.346354 0.666016 0.345052 0.666992 0.343750 0.666992 0.342448 0.669922 0.335938 0.669922 0.329427 0.668945 0.328125 0.668945 0.326823 0.667969 0.325521 0.667969 0.322917 0.666992 0.321615 0.666992 0.315104 0.666016 0.313802
0 0.679688 0.285156 0.668945 0.299479 0.668945 0.304688 0.667969 0.305990 0.667969 0.321615 0.668945 0.322917 0.668945 0.324219 0.672852 0.329427 0.672852 0.330729 0.673828 0.332031 0.674805 0.332031 0.675781 0.333333 0.676758 0.333333 0.677734 0.334635 0.682617 0.337240 0.684570 0.339844 0.686523 0.339844 0.687500 0.341146 0.691406 0.341146 0.692383 0.339844 0.693359 0.339844 0.695312 0.337240 0.696289 0.337240 0.698242 0.334635 0.699219 0.334635 0.706055 0.325521 0.706055 0.321615 0.705078 0.320312 0.705078 0.317708 0.703125 0.315104 0.703125 0.313802 0.698242 0.302083 0.698242 0.299479 0.697266 0.298177 0.696289 0.298177 0.691406 0.291667 0.690430 0.291667 0.688477 0.289062 0.686523 0.289062 0.681641 0.285156
0 0.528320 0.369792 0.526367 0.372396 0.526367 0.375000 0.525391 0.376302 0.525391 0.382812 0.524414 0.384115 0.524414 0.395833 0.525391 0.397135 0.525391 0.401042 0.526367 0.402344 0.526367 0.403646 0.531250 0.407552 0.533203 0.407552 0.534180 0.408854 0.537109 0.408854 0.538086 0.410156 0.539062 0.410156 0.541016 0.412760 0.541992 0.412760 0.544922 0.415365 0.550781 0.415365 0.553711 0.411458 0.553711 0.410156 0.554688 0.408854 0.554688 0.407552 0.556641 0.404948 0.556641 0.403646 0.557617 0.402344 0.557617 0.399740 0.558594 0.398438 0.558594 0.394531 0.559570 0.393229 0.559570 0.385417 0.560547 0.384115 0.560547 0.382812 0.559570 0.381510 0.559570 0.378906 0.558594 0.377604 0.558594 0.375000 0.556641 0.372396 0.553711 0.372396 0.552734 0.371094 0.549805 0.371094 0.548828 0.369792 0.546875 0.369792 0.543945 0.367188 0.540039 0.367188 0.539062 0.368490 0.530273 0.368490 0.529297 0.369792
0 0.565430 0.378906 0.562500 0.384115 0.562500 0.389323 0.561523 0.390625 0.561523 0.395833 0.558594 0.402344 0.558594 0.404948 0.557617 0.406250 0.557617 0.410156 0.554688 0.414062 0.554688 0.419271 0.556641 0.421875 0.557617 0.421875 0.558594 0.423177 0.558594 0.424479 0.559570 0.424479 0.560547 0.425781 0.566406 0.425781 0.567383 0.427083 0.576172 0.427083 0.577148 0.428385 0.580078 0.428385 0.581055 0.427083 0.583008 0.427083 0.583984 0.425781 0.588867 0.423177 0.590820 0.420573 0.591797 0.420573 0.592773 0.419271 0.593750 0.415365 0.595703 0.412760 0.595703 0.406250 0.594727 0.404948 0.594727 0.402344 0.593750 0.401042 0.593750 0.398438 0.592773 0.397135 0.592773 0.390625 0.593750 0.389323 0.593750 0.386719 0.592773 0.385417 0.592773 0.384115 0.586914 0.384115 0.585938 0.382812 0.581055 0.382812 0.580078 0.381510 0.578125 0.381510 0.577148 0.380208 0.574219 0.380208 0.573242 0.378906 0.569336 0.378906 0.568359 0.377604
0 0.554688 0.423177 0.552734 0.425781 0.552734 0.429688 0.551758 0.430990 0.551758 0.433594 0.550781 0.434896 0.550781 0.446615 0.549805 0.447917 0.549805 0.450521 0.548828 0.451823 0.548828 0.457031 0.550781 0.460938 0.551758 0.460938 0.554688 0.463542 0.556641 0.463542 0.557617 0.464844 0.566406 0.464844 0.578125 0.454427 0.578125 0.447917 0.580078 0.444010 0.579102 0.442708 0.579102 0.438802 0.578125 0.437500 0.578125 0.433594 0.576172 0.430990 0.575195 0.430990 0.572266 0.428385 0.567383 0.428385 0.566406 0.427083 0.560547 0.427083 0.559570 0.425781 0.558594 0.425781 0.556641 0.423177
0 0.544922 0.468750 0.541016 0.473958 0.540039 0.473958 0.538086 0.476562 0.537109 0.476562 0.534180 0.480469 0.534180 0.481771 0.533203 0.483073 0.533203 0.492188 0.534180 0.493490 0.534180 0.500000 0.535156 0.501302 0.536133 0.505208 0.538086 0.507812 0.538086 0.509115 0.539062 0.510417 0.540039 0.510417 0.541016 0.511719 0.542969 0.511719 0.545898 0.514323 0.549805 0.514323 0.550781 0.515625 0.552734 0.515625 0.553711 0.516927 0.557617 0.516927 0.558594 0.515625 0.560547 0.515625 0.561523 0.514323 0.564453 0.514323 0.565430 0.513021 0.570312 0.510417 0.571289 0.509115 0.571289 0.507812 0.572266 0.506510 0.572266 0.503906 0.573242 0.502604 0.573242 0.489583 0.562500 0.481771 0.562500 0.477865 0.561523 0.476562 0.561523 0.471354 0.560547 0.470052 0.557617 0.470052 0.556641 0.468750 0.553711 0.468750 0.552734 0.467448 0.550781 0.467448 0.549805 0.468750
0 0.569336 0.528646 0.566406 0.532552 0.566406 0.533854 0.565430 0.535156 0.565430 0.544271 0.566406 0.545573 0.566406 0.554688 0.567383 0.555990 0.567383 0.559896 0.569336 0.562500 0.569336 0.563802 0.570312 0.565104 0.570312 0.567708 0.573242 0.570312 0.578125 0.570312 0.579102 0.571615 0.583984 0.571615 0.584961 0.572917 0.589844 0.572917 0.590820 0.574219 0.591797 0.574219 0.592773 0.572917 0.594727 0.572917 0.595703 0.571615 0.595703 0.565104 0.596680 0.563802 0.596680 0.561198 0.599609 0.554688 0.599609 0.550781 0.600586 0.549479 0.600586 0.545573 0.601562 0.544271 0.601562 0.537760 0.600586 0.536458 0.600586 0.533854 0.598633 0.531250 0.597656 0.531250 0.596680 0.529948 0.594727 0.529948 0.593750 0.528646 0.578125 0.528646 0.577148 0.527344 0.571289 0.527344 0.570312 0.528646
0 0.610352 0.496094 0.609375 0.494792 0.604492 0.492188 0.597656 0.483073 0.596680 0.479167 0.592773 0.473958 0.590820 0.473958 0.589844 0.475260 0.586914 0.476562 0.583984 0.480469 0.583984 0.481771 0.582031 0.484375 0.582031 0.485677 0.576172 0.496094 0.576172 0.498698 0.575195 0.500000 0.575195 0.503906 0.574219 0.505208 0.574219 0.507812 0.573242 0.509115 0.573242 0.513021 0.572266 0.514323 0.572266 0.523438 0.573242 0.524740 0.581055 0.524740 0.582031 0.526042 0.594727 0.526042 0.595703 0.524740 0.596680 0.526042 0.599609 0.526042 0.600586 0.524740 0.603516 0.524740 0.604492 0.523438 0.607422 0.522135 0.609375 0.518229 0.609375 0.515625 0.610352 0.514323 0.610352 0.510417 0.611328 0.509115 0.611328 0.505208 0.612305 0.503906 0.612305 0.501302 0.611328 0.500000
0 0.611328 0.433594 0.610352 0.433594 0.607422 0.436198 0.602539 0.436198 0.599609 0.438802 0.596680 0.438802 0.595703 0.440104 0.590820 0.442708 0.584961 0.449219 0.585938 0.453125 0.591797 0.460938 0.591797 0.462240 0.594727 0.468750 0.594727 0.471354 0.595703 0.472656 0.598633 0.481771 0.600586 0.484375 0.600586 0.485677 0.603516 0.489583 0.604492 0.489583 0.607422 0.492188 0.608398 0.490885 0.610352 0.490885 0.615234 0.485677 0.615234 0.484375 0.620117 0.476562 0.620117 0.475260 0.622070 0.471354 0.622070 0.466146 0.623047 0.464844 0.623047 0.449219 0.620117 0.447917 0.617188 0.444010 0.617188 0.440104 0.616211 0.438802 0.615234 0.438802
0 0.651367 0.449219 0.647461 0.449219 0.646484 0.450521 0.641602 0.450521 0.640625 0.451823 0.638672 0.451823 0.637695 0.453125 0.636719 0.453125 0.632812 0.458333 0.632812 0.459635 0.629883 0.463542 0.629883 0.464844 0.623047 0.473958 0.623047 0.475260 0.622070 0.476562 0.622070 0.485677 0.625000 0.490885 0.625000 0.493490 0.625977 0.494792 0.625977 0.497396 0.626953 0.498698 0.626953 0.500000 0.630859 0.503906 0.631836 0.503906 0.633789 0.506510 0.641602 0.506510 0.645508 0.502604 0.646484 0.502604 0.648438 0.500000 0.651367 0.498698 0.653320 0.496094 0.658203 0.493490 0.661133 0.488281 0.661133 0.479167 0.662109 0.477865 0.662109 0.473958 0.661133 0.472656 0.661133 0.464844 0.660156 0.463542 0.660156 0.460938 0.659180 0.459635 0.658203 0.455729 0.655273 0.451823 0.654297 0.451823
0 0.636719 0.386719 0.628906 0.376302 0.627930 0.376302 0.626953 0.375000 0.622070 0.375000 0.621094 0.376302 0.610352 0.376302 0.609375 0.377604 0.602539 0.377604 0.601562 0.378906 0.598633 0.378906 0.596680 0.381510 0.596680 0.384115 0.595703 0.385417 0.595703 0.397135 0.596680 0.398438 0.597656 0.402344 0.599609 0.404948 0.600586 0.408854 0.604492 0.414062 0.605469 0.414062 0.606445 0.415365 0.612305 0.415365 0.613281 0.414062 0.621094 0.414062 0.622070 0.415365 0.625977 0.415365 0.627930 0.412760 0.628906 0.412760 0.631836 0.408854 0.631836 0.407552 0.633789 0.404948 0.633789 0.402344 0.634766 0.401042 0.634766 0.399740 0.636719 0.395833 0.636719 0.393229 0.637695 0.391927 0.636719 0.390625
0 0.658203 0.386719 0.651367 0.386719 0.650391 0.388021 0.647461 0.388021 0.646484 0.389323 0.644531 0.389323 0.643555 0.390625 0.640625 0.391927 0.639648 0.393229 0.637695 0.399740 0.635742 0.402344 0.633789 0.408854 0.629883 0.414062 0.629883 0.415365 0.627930 0.419271 0.627930 0.423177 0.633789 0.430990 0.635742 0.437500 0.640625 0.442708 0.641602 0.442708 0.642578 0.444010 0.644531 0.444010 0.645508 0.445312 0.652344 0.445312 0.654297 0.442708 0.654297 0.441406 0.663086 0.429688 0.663086 0.428385 0.666016 0.424479 0.668945 0.415365 0.670898 0.412760 0.671875 0.412760 0.671875 0.410156 0.672852 0.408854 0.666992 0.401042 0.666992 0.399740 0.666016 0.398438 0.665039 0.394531 0.663086 0.391927 0.663086 0.390625 0.662109 0.390625
0 0.682617 0.361979 0.681641 0.363281 0.676758 0.364583 0.672852 0.369792 0.672852 0.371094 0.668945 0.380208 0.668945 0.384115 0.667969 0.385417 0.667969 0.388021 0.666016 0.390625 0.666016 0.395833 0.668945 0.401042 0.668945 0.402344 0.670898 0.404948 0.671875 0.404948 0.674805 0.408854 0.674805 0.410156 0.675781 0.411458 0.677734 0.411458 0.680664 0.414062 0.690430 0.414062 0.691406 0.412760 0.693359 0.412760 0.694336 0.411458 0.695312 0.411458 0.697266 0.408854 0.697266 0.407552 0.701172 0.403646 0.701172 0.402344 0.704102 0.398438 0.704102 0.393229 0.705078 0.391927 0.705078 0.390625 0.708008 0.386719 0.707031 0.385417 0.707031 0.381510 0.704102 0.377604 0.704102 0.376302 0.702148 0.373698 0.701172 0.373698 0.696289 0.367188 0.696289 0.365885 0.695312 0.364583 0.694336 0.364583 0.693359 0.363281 0.689453 0.363281 0.688477 0.361979
0 0.672852 0.428385 0.666992 0.436198 0.666992 0.437500 0.665039 0.441406 0.665039 0.444010 0.664062 0.445312 0.664062 0.455729 0.665039 0.457031 0.665039 0.459635 0.671875 0.468750 0.671875 0.470052 0.674805 0.475260 0.675781 0.479167 0.676758 0.479167 0.677734 0.480469 0.679688 0.480469 0.680664 0.481771 0.692383 0.481771 0.693359 0.480469 0.695312 0.480469 0.697266 0.477865 0.700195 0.476562 0.705078 0.470052 0.705078 0.467448 0.706055 0.466146 0.705078 0.464844 0.705078 0.462240 0.704102 0.460938 0.704102 0.457031 0.703125 0.455729 0.703125 0.453125 0.702148 0.451823 0.702148 0.447917 0.701172 0.446615 0.701172 0.444010 0.696289 0.436198 0.694336 0.427083 0.693359 0.425781 0.678711 0.425781 0.677734 0.427083
0 0.711914 0.475260 0.710938 0.475260 0.708008 0.472656 0.707031 0.473958 0.704102 0.473958 0.703125 0.475260 0.700195 0.476562 0.698242 0.479167 0.697266 0.479167 0.692383 0.483073 0.682617 0.483073 0.681641 0.481771 0.674805 0.481771 0.671875 0.485677 0.671875 0.494792 0.672852 0.496094 0.672852 0.498698 0.673828 0.500000 0.673828 0.501302 0.681641 0.511719 0.685547 0.511719 0.686523 0.513021 0.692383 0.513021 0.693359 0.514323 0.702148 0.514323 0.703125 0.513021 0.704102 0.513021 0.708008 0.507812 0.708008 0.506510 0.709961 0.503906 0.709961 0.502604 0.710938 0.501302 0.710938 0.490885 0.711914 0.489583 0.711914 0.486979 0.712891 0.485677 0.712891 0.479167 0.711914 0.477865
0 0.671875 0.503906 0.670898 0.503906 0.669922 0.502604 0.666016 0.502604 0.663086 0.498698 0.662109 0.498698 0.661133 0.497396 0.659180 0.497396 0.658203 0.496094 0.657227 0.497396 0.655273 0.497396 0.654297 0.498698 0.649414 0.501302 0.647461 0.503906 0.646484 0.503906 0.642578 0.507812 0.637695 0.509115 0.632812 0.516927 0.632812 0.518229 0.630859 0.522135 0.630859 0.531250 0.629883 0.532552 0.629883 0.535156 0.628906 0.536458 0.628906 0.542969 0.630859 0.545573 0.632812 0.545573 0.633789 0.546875 0.635742 0.546875 0.636719 0.548177 0.642578 0.548177 0.643555 0.549479 0.649414 0.549479 0.650391 0.548177 0.653320 0.548177 0.654297 0.546875 0.655273 0.546875 0.659180 0.541667 0.669922 0.535156 0.671875 0.532552 0.671875 0.531250 0.673828 0.527344 0.673828 0.518229 0.672852 0.516927 0.672852 0.514323 0.671875 0.513021
0 0.613281 0.529948 0.609375 0.535156 0.609375 0.536458 0.608398 0.537760 0.608398 0.540365 0.606445 0.544271 0.606445 0.546875 0.605469 0.548177 0.605469 0.549479 0.603516 0.552083 0.603516 0.553385 0.601562 0.557292 0.601562 0.562500 0.602539 0.563802 0.602539 0.565104 0.611328 0.576823 0.613281 0.576823 0.614258 0.578125 0.625000 0.578125 0.625977 0.576823 0.627930 0.576823 0.629883 0.574219 0.630859 0.574219 0.634766 0.569010 0.634766 0.567708 0.636719 0.563802 0.636719 0.549479 0.635742 0.549479 0.628906 0.544271 0.628906 0.529948 0.627930 0.528646 0.617188 0.528646 0.616211 0.529948
0 0.583984 0.579427 0.582031 0.579427 0.580078 0.582031 0.579102 0.582031 0.578125 0.580729 0.574219 0.580729 0.573242 0.579427 0.571289 0.579427 0.570312 0.578125 0.567383 0.576823 0.566406 0.578125 0.561523 0.580729 0.553711 0.591146 0.553711 0.592448 0.551758 0.595052 0.551758 0.597656 0.550781 0.598958 0.550781 0.615885 0.551758 0.617188 0.551758 0.626302 0.553711 0.630208 0.553711 0.632812 0.555664 0.635417 0.557617 0.635417 0.558594 0.636719 0.564453 0.636719 0.565430 0.635417 0.567383 0.635417 0.568359 0.634115 0.573242 0.631510 0.575195 0.628906 0.575195 0.627604 0.580078 0.621094 0.580078 0.619792 0.583984 0.614583 0.583984 0.613281 0.587891 0.606771 0.587891 0.601562 0.580078 0.589844 0.580078 0.582031 0.581055 0.580729 0.583984 0.580729
0 0.548828 0.627604 0.546875 0.625000 0.541992 0.623698 0.540039 0.621094 0.539062 0.621094 0.538086 0.619792 0.535156 0.619792 0.534180 0.621094 0.532227 0.621094 0.529297 0.623698 0.527344 0.623698 0.526367 0.625000 0.524414 0.625000 0.523438 0.626302 0.520508 0.626302 0.517578 0.628906 0.515625 0.628906 0.514648 0.630208 0.511719 0.631510 0.511719 0.632812 0.510742 0.634115 0.510742 0.639323 0.509766 0.640625 0.509766 0.649740 0.510742 0.651042 0.510742 0.654948 0.511719 0.656250 0.512695 0.660156 0.513672 0.660156 0.518555 0.664062 0.521484 0.664062 0.524414 0.666667 0.531250 0.666667 0.532227 0.665365 0.536133 0.665365 0.537109 0.664062 0.540039 0.662760 0.544922 0.654948 0.544922 0.652344 0.545898 0.651042 0.545898 0.647135 0.547852 0.643229 0.547852 0.640625 0.548828 0.639323 0.548828 0.635417 0.549805 0.634115
0 0.565430 0.675781 0.562500 0.673177 0.559570 0.673177 0.558594 0.671875 0.555664 0.670573 0.552734 0.666667 0.550781 0.666667 0.549805 0.665365 0.540039 0.665365 0.539062 0.666667 0.536133 0.666667 0.535156 0.667969 0.530273 0.667969 0.529297 0.669271 0.525391 0.669271 0.521484 0.674479 0.521484 0.686198 0.522461 0.687500 0.522461 0.695312 0.523438 0.696615 0.523438 0.699219 0.524414 0.700521 0.525391 0.704427 0.528320 0.708333 0.530273 0.708333 0.531250 0.709635 0.534180 0.709635 0.535156 0.710938 0.542969 0.710938 0.543945 0.709635 0.545898 0.709635 0.546875 0.708333 0.548828 0.708333 0.549805 0.707031 0.554688 0.705729 0.555664 0.704427 0.558594 0.703125 0.560547 0.699219 0.560547 0.691406 0.561523 0.690104 0.561523 0.688802 0.564453 0.684896 0.564453 0.682292 0.565430 0.680990
0 0.550781 0.712240 0.549805 0.713542 0.549805 0.716146 0.548828 0.717448 0.548828 0.720052 0.547852 0.721354 0.547852 0.722656 0.546875 0.723958 0.546875 0.726562 0.545898 0.727865 0.545898 0.736979 0.546875 0.738281 0.546875 0.740885 0.548828 0.743490 0.548828 0.744792 0.549805 0.746094 0.550781 0.750000 0.553711 0.752604 0.564453 0.752604 0.565430 0.753906 0.573242 0.753906 0.575195 0.751302 0.575195 0.750000 0.576172 0.748698 0.576172 0.746094 0.577148 0.744792 0.577148 0.743490 0.579102 0.740885 0.579102 0.738281 0.580078 0.736979 0.580078 0.720052 0.578125 0.717448 0.577148 0.717448 0.576172 0.716146 0.575195 0.716146 0.574219 0.714844 0.573242 0.714844 0.568359 0.710938 0.565430 0.710938 0.564453 0.709635 0.561523 0.709635 0.560547 0.710938 0.552734 0.710938 0.551758 0.712240
0 0.594727 0.720052 0.592773 0.722656 0.590820 0.722656 0.586914 0.726562 0.584961 0.733073 0.582031 0.736979 0.582031 0.738281 0.579102 0.743490 0.579102 0.746094 0.578125 0.747396 0.578125 0.752604 0.579102 0.753906 0.579102 0.756510 0.580078 0.757812 0.582031 0.757812 0.583008 0.759115 0.584961 0.759115 0.585938 0.760417 0.587891 0.760417 0.588867 0.761719 0.591797 0.761719 0.592773 0.763021 0.595703 0.763021 0.596680 0.764323 0.598633 0.764323 0.599609 0.765625 0.601562 0.765625 0.602539 0.766927 0.606445 0.766927 0.609375 0.763021 0.610352 0.759115 0.617188 0.747396 0.617188 0.746094 0.619141 0.742188 0.619141 0.738281 0.620117 0.736979 0.622070 0.736979 0.622070 0.735677 0.621094 0.735677 0.619141 0.738281 0.615234 0.733073 0.615234 0.731771 0.611328 0.725260 0.610352 0.725260 0.608398 0.727865 0.606445 0.727865 0.604492 0.725260 0.604492 0.722656 0.603516 0.721354 0.600586 0.721354 0.599609 0.722656 0.596680 0.720052
0 0.549805 0.822917 0.549805 0.826823 0.550781 0.828125 0.550781 0.837240 0.551758 0.838542 0.551758 0.842448 0.552734 0.843750 0.552734 0.846354 0.553711 0.847656 0.553711 0.848958 0.559570 0.856771 0.565430 0.856771 0.566406 0.855469 0.568359 0.855469 0.569336 0.854167 0.572266 0.854167 0.573242 0.852865 0.575195 0.852865 0.576172 0.851562 0.578125 0.851562 0.579102 0.850260 0.579102 0.848958 0.581055 0.845052 0.580078 0.843750 0.579102 0.843750 0.578125 0.842448 0.570312 0.842448 0.569336 0.841146 0.568359 0.841146 0.565430 0.837240 0.564453 0.837240 0.562500 0.834635 0.562500 0.833333 0.557617 0.826823 0.557617 0.825521 0.555664 0.822917 0.554688 0.822917 0.552734 0.820312 0.551758 0.820312
0 0.598633 0.808594 0.596680 0.811198 0.589844 0.811198 0.587891 0.808594 0.586914 0.808594 0.583008 0.803385 0.582031 0.803385 0.579102 0.800781 0.577148 0.800781 0.576172 0.799479 0.574219 0.799479 0.573242 0.800781 0.571289 0.800781 0.570312 0.802083 0.568359 0.802083 0.567383 0.803385 0.566406 0.802083 0.563477 0.802083 0.562500 0.803385 0.562500 0.804688 0.557617 0.811198 0.556641 0.811198 0.555664 0.812500 0.555664 0.815104 0.552734 0.820312 0.552734 0.825521 0.553711 0.824219 0.556641 0.824219 0.558594 0.826823 0.559570 0.830729 0.568359 0.841146 0.573242 0.841146 0.574219 0.842448 0.576172 0.842448 0.581055 0.838542 0.583008 0.838542 0.591797 0.826823 0.591797 0.825521 0.593750 0.822917 0.593750 0.821615 0.595703 0.819010 0.595703 0.817708 0.598633 0.813802
0 0.606445 0.851562 0.600586 0.851562 0.599609 0.850260 0.596680 0.852865 0.593750 0.852865 0.592773 0.854167 0.590820 0.854167 0.587891 0.856771 0.586914 0.856771 0.583984 0.852865 0.583008 0.852865 0.582031 0.854167 0.580078 0.854167 0.579102 0.855469 0.579102 0.859375 0.576172 0.863281 0.575195 0.867188 0.572266 0.872396 0.572266 0.885417 0.575195 0.890625 0.575195 0.891927 0.576172 0.891927 0.583984 0.899740 0.588867 0.899740 0.589844 0.898438 0.598633 0.898438 0.602539 0.893229 0.602539 0.891927 0.604492 0.889323 0.604492 0.888021 0.608398 0.878906 0.608398 0.873698 0.606445 0.871094 0.607422 0.869792 0.607422 0.864583 0.608398 0.863281 0.608398 0.855469
0 0.512695 0.914062 0.512695 0.932292 0.513672 0.933594 0.513672 0.934896 0.514648 0.936198 0.514648 0.937500 0.517578 0.941406 0.518555 0.941406 0.519531 0.942708 0.519531 0.944010 0.521484 0.946615 0.522461 0.946615 0.525391 0.950521 0.532227 0.950521 0.533203 0.949219 0.534180 0.949219 0.536133 0.946615 0.537109 0.946615 0.539062 0.944010 0.539062 0.941406 0.540039 0.940104 0.540039 0.927083 0.535156 0.920573 0.534180 0.920573 0.532227 0.917969 0.531250 0.917969 0.529297 0.915365 0.523438 0.915365 0.522461 0.916667 0.517578 0.916667 0.514648 0.914062
0 0.542969 0.934896 0.542969 0.936198 0.541016 0.940104 0.541016 0.951823 0.541992 0.953125 0.541992 0.954427 0.542969 0.954427 0.547852 0.958333 0.550781 0.958333 0.551758 0.959635 0.559570 0.959635 0.560547 0.960938 0.567383 0.960938 0.571289 0.955729 0.571289 0.951823 0.572266 0.950521 0.572266 0.940104 0.573242 0.938802 0.573242 0.936198 0.574219 0.934896 0.575195 0.934896 0.575195 0.933594 0.574219 0.933594 0.573242 0.934896 0.571289 0.934896 0.571289 0.936198 0.570312 0.937500 0.570312 0.940104 0.568359 0.942708 0.567383 0.942708 0.566406 0.941406 0.565430 0.937500 0.563477 0.934896 0.562500 0.934896 0.560547 0.932292 0.560547 0.930990 0.559570 0.929688 0.554688 0.929688 0.553711 0.930990 0.550781 0.930990 0.549805 0.932292 0.544922 0.932292
0 0.602539 0.812500 0.598633 0.817708 0.597656 0.821615 0.594727 0.825521 0.594727 0.826823 0.592773 0.829427 0.592773 0.832031 0.591797 0.833333 0.591797 0.837240 0.590820 0.838542 0.590820 0.841146 0.592773 0.845052 0.595703 0.845052 0.596680 0.846354 0.598633 0.846354 0.599609 0.847656 0.601562 0.847656 0.602539 0.848958 0.604492 0.848958 0.605469 0.850260 0.615234 0.850260 0.618164 0.847656 0.618164 0.846354 0.624023 0.838542 0.624023 0.837240 0.625000 0.835938 0.625000 0.824219 0.625977 0.822917 0.625977 0.817708 0.626953 0.816406 0.626953 0.815104 0.625977 0.813802 0.625977 0.815104 0.624023 0.817708 0.615234 0.817708 0.612305 0.813802 0.605469 0.813802 0.604492 0.812500
0 0.662109 0.813802 0.661133 0.812500 0.658203 0.815104 0.660156 0.817708 0.660156 0.822917 0.658203 0.825521 0.652344 0.822917 0.649414 0.819010 0.648438 0.819010 0.644531 0.815104 0.642578 0.815104 0.641602 0.813802 0.640625 0.813802 0.639648 0.815104 0.638672 0.815104 0.637695 0.813802 0.632812 0.813802 0.629883 0.819010 0.629883 0.830729 0.628906 0.832031 0.628906 0.835938 0.625977 0.839844 0.625977 0.841146 0.626953 0.841146 0.627930 0.842448 0.627930 0.843750 0.629883 0.846354 0.630859 0.846354 0.634766 0.851562 0.639648 0.851562 0.640625 0.850260 0.643555 0.850260 0.644531 0.851562 0.651367 0.851562 0.652344 0.850260 0.654297 0.850260 0.654297 0.848958 0.656250 0.846354 0.657227 0.846354 0.657227 0.843750 0.658203 0.842448 0.658203 0.838542 0.659180 0.837240 0.659180 0.835938 0.660156 0.834635 0.660156 0.832031 0.661133 0.830729 0.661133 0.824219 0.662109 0.822917
0 0.693359 0.783854 0.688477 0.783854 0.687500 0.782552 0.685547 0.782552 0.684570 0.781250 0.674805 0.781250 0.673828 0.782552 0.672852 0.782552 0.671875 0.781250 0.671875 0.779948 0.669922 0.777344 0.667969 0.777344 0.666016 0.779948 0.666016 0.781250 0.665039 0.782552 0.665039 0.783854 0.666992 0.787760 0.666992 0.790365 0.666016 0.791667 0.666016 0.811198 0.665039 0.812500 0.665039 0.813802 0.669922 0.820312 0.671875 0.820312 0.672852 0.821615 0.675781 0.820312 0.676758 0.819010 0.676758 0.817708 0.679688 0.813802 0.680664 0.813802 0.689453 0.802083 0.690430 0.802083 0.692383 0.799479 0.692383 0.798177 0.693359 0.796875 0.693359 0.794271 0.694336 0.792969 0.694336 0.785156
0 0.661133 0.726562 0.659180 0.726562 0.658203 0.727865 0.657227 0.727865 0.656250 0.729167 0.656250 0.730469 0.655273 0.731771 0.655273 0.734375 0.654297 0.735677 0.653320 0.735677 0.649414 0.731771 0.646484 0.731771 0.644531 0.729167 0.643555 0.729167 0.642578 0.727865 0.640625 0.727865 0.637695 0.730469 0.635742 0.736979 0.633789 0.739583 0.633789 0.740885 0.631836 0.744792 0.631836 0.750000 0.634766 0.753906 0.637695 0.755208 0.640625 0.759115 0.641602 0.759115 0.644531 0.763021 0.644531 0.765625 0.646484 0.768229 0.646484 0.769531 0.648438 0.772135 0.650391 0.772135 0.651367 0.773438 0.654297 0.773438 0.655273 0.772135 0.658203 0.772135 0.658203 0.770833 0.662109 0.766927 0.662109 0.760417 0.665039 0.755208 0.665039 0.750000 0.662109 0.744792 0.661133 0.740885 0.659180 0.743490 0.657227 0.743490 0.655273 0.740885 0.656250 0.736979 0.659180 0.734375 0.659180 0.730469
0 0.683594 0.730469 0.682617 0.731771 0.680664 0.731771 0.679688 0.733073 0.678711 0.733073 0.672852 0.740885 0.672852 0.742188 0.670898 0.744792 0.670898 0.746094 0.669922 0.747396 0.669922 0.751302 0.666992 0.755208 0.666992 0.756510 0.665039 0.760417 0.665039 0.768229 0.670898 0.776042 0.671875 0.776042 0.674805 0.778646 0.676758 0.778646 0.677734 0.779948 0.678711 0.779948 0.679688 0.778646 0.690430 0.778646 0.691406 0.779948 0.693359 0.779948 0.695312 0.777344 0.696289 0.777344 0.697266 0.776042 0.697266 0.774740 0.699219 0.772135 0.699219 0.769531 0.700195 0.768229 0.700195 0.765625 0.701172 0.764323 0.701172 0.760417 0.700195 0.759115 0.700195 0.753906 0.701172 0.752604 0.700195 0.751302 0.700195 0.750000 0.693359 0.740885 0.692383 0.740885 0.689453 0.736979 0.689453 0.734375 0.688477 0.733073 0.688477 0.731771 0.687500 0.731771 0.686523 0.730469
0 0.692383 0.712240 0.690430 0.714844 0.690430 0.718750 0.689453 0.720052 0.689453 0.722656 0.688477 0.723958 0.688477 0.727865 0.689453 0.729167 0.689453 0.731771 0.690430 0.733073 0.690430 0.734375 0.692383 0.736979 0.692383 0.738281 0.693359 0.738281 0.696289 0.742188 0.697266 0.742188 0.704102 0.752604 0.706055 0.752604 0.708008 0.755208 0.709961 0.755208 0.710938 0.756510 0.712891 0.756510 0.713867 0.755208 0.716797 0.755208 0.718750 0.752604 0.719727 0.752604 0.721680 0.750000 0.721680 0.747396 0.722656 0.746094 0.722656 0.743490 0.724609 0.739583 0.724609 0.731771 0.723633 0.730469 0.723633 0.726562 0.722656 0.725260 0.722656 0.716146 0.721680 0.714844 0.719727 0.714844 0.718750 0.716146 0.717773 0.720052 0.716797 0.721354 0.715820 0.721354 0.712891 0.717448 0.712891 0.716146 0.711914 0.714844 0.706055 0.714844 0.705078 0.716146 0.700195 0.716146 0.697266 0.713542 0.694336 0.713542 0.693359 0.712240
0 0.682617 0.690104 0.680664 0.687500 0.675781 0.687500 0.674805 0.686198 0.669922 0.686198 0.666016 0.691406 0.658203 0.691406 0.657227 0.690104 0.653320 0.690104 0.652344 0.688802 0.647461 0.688802 0.646484 0.690104 0.646484 0.699219 0.647461 0.700521 0.647461 0.704427 0.648438 0.705729 0.648438 0.707031 0.651367 0.710938 0.652344 0.710938 0.654297 0.713542 0.656250 0.713542 0.657227 0.714844 0.660156 0.714844 0.661133 0.716146 0.666016 0.716146 0.666992 0.717448 0.668945 0.717448 0.669922 0.716146 0.671875 0.716146 0.672852 0.714844 0.673828 0.714844 0.675781 0.712240 0.676758 0.712240 0.679688 0.708333 0.679688 0.701823 0.680664 0.700521 0.680664 0.696615 0.681641 0.695312 0.681641 0.692708 0.682617 0.691406
0 0.602539 0.684896 0.601562 0.683594 0.601562 0.682292 0.599609 0.679688 0.598633 0.679688 0.594727 0.674479 0.593750 0.674479 0.590820 0.671875 0.588867 0.671875 0.587891 0.670573 0.586914 0.671875 0.584961 0.671875 0.582031 0.674479 0.581055 0.678385 0.577148 0.683594 0.577148 0.684896 0.576172 0.686198 0.575195 0.686198 0.571289 0.691406 0.569336 0.691406 0.569336 0.692708 0.564453 0.699219 0.564453 0.701823 0.563477 0.703125 0.563477 0.705729 0.566406 0.708333 0.568359 0.708333 0.569336 0.709635 0.571289 0.709635 0.572266 0.710938 0.573242 0.710938 0.578125 0.714844 0.580078 0.714844 0.581055 0.716146 0.585938 0.716146 0.590820 0.709635 0.591797 0.709635 0.592773 0.708333 0.594727 0.708333 0.596680 0.705729 0.596680 0.703125 0.597656 0.701823 0.597656 0.697917 0.598633 0.696615 0.599609 0.692708 0.601562 0.690104 0.601562 0.687500 0.602539 0.686198
0 0.623047 0.641927 0.622070 0.641927 0.619141 0.639323 0.617188 0.639323 0.616211 0.640625 0.608398 0.640625 0.607422 0.641927 0.606445 0.641927 0.605469 0.640625 0.601562 0.640625 0.600586 0.641927 0.596680 0.641927 0.595703 0.643229 0.593750 0.643229 0.590820 0.645833 0.587891 0.645833 0.586914 0.647135 0.586914 0.649740 0.585938 0.651042 0.585938 0.653646 0.586914 0.654948 0.586914 0.660156 0.588867 0.662760 0.588867 0.664062 0.590820 0.666667 0.590820 0.667969 0.599609 0.678385 0.600586 0.678385 0.602539 0.680990 0.607422 0.680990 0.614258 0.675781 0.616211 0.675781 0.617188 0.674479 0.620117 0.674479 0.621094 0.673177 0.622070 0.673177 0.625000 0.669271 0.625000 0.666667 0.625977 0.665365 0.625977 0.664062 0.627930 0.661458 0.628906 0.657552 0.627930 0.656250 0.627930 0.653646 0.626953 0.652344 0.625000 0.645833 0.623047 0.643229
0 0.633789 0.653646 0.632812 0.654948 0.631836 0.654948 0.629883 0.657552 0.629883 0.658854 0.628906 0.660156 0.628906 0.661458 0.626953 0.664062 0.626953 0.665365 0.625977 0.666667 0.625000 0.670573 0.622070 0.674479 0.619141 0.674479 0.618164 0.675781 0.615234 0.677083 0.613281 0.679688 0.614258 0.680990 0.615234 0.684896 0.621094 0.692708 0.622070 0.692708 0.623047 0.694010 0.626953 0.694010 0.627930 0.695312 0.629883 0.695312 0.632812 0.697917 0.635742 0.697917 0.636719 0.696615 0.639648 0.695312 0.639648 0.694010 0.642578 0.690104 0.642578 0.686198 0.640625 0.683594 0.640625 0.682292 0.636719 0.675781 0.636719 0.666667 0.638672 0.664062 0.638672 0.662760 0.640625 0.658854 0.639648 0.657552 0.638672 0.657552 0.637695 0.656250 0.636719 0.656250
0 0.656250 0.636719 0.655273 0.638021 0.655273 0.643229 0.653320 0.645833 0.652344 0.644531 0.647461 0.644531 0.645508 0.647135 0.645508 0.648438 0.643555 0.652344 0.643555 0.654948 0.642578 0.656250 0.642578 0.657552 0.640625 0.660156 0.639648 0.664062 0.636719 0.669271 0.636719 0.673177 0.639648 0.678385 0.639648 0.679688 0.644531 0.686198 0.646484 0.686198 0.647461 0.687500 0.652344 0.687500 0.653320 0.688802 0.658203 0.688802 0.659180 0.690104 0.664062 0.690104 0.665039 0.688802 0.666992 0.688802 0.668945 0.686198 0.668945 0.684896 0.671875 0.680990 0.672852 0.677083 0.675781 0.673177 0.675781 0.671875 0.676758 0.670573 0.676758 0.666667 0.677734 0.665365 0.677734 0.661458 0.678711 0.660156 0.678711 0.653646 0.675781 0.649740 0.675781 0.648438 0.672852 0.643229 0.672852 0.641927 0.671875 0.641927 0.669922 0.639323 0.667969 0.639323 0.666016 0.636719
0 0.689453 0.609375 0.688477 0.610677 0.685547 0.611979 0.681641 0.617188 0.681641 0.618490 0.677734 0.625000 0.677734 0.626302 0.676758 0.627604 0.676758 0.630208 0.675781 0.631510 0.675781 0.634115 0.674805 0.635417 0.674805 0.643229 0.675781 0.644531 0.675781 0.645833 0.682617 0.654948 0.683594 0.654948 0.684570 0.656250 0.695312 0.656250 0.696289 0.657552 0.698242 0.657552 0.699219 0.658854 0.701172 0.658854 0.702148 0.657552 0.704102 0.657552 0.705078 0.656250 0.705078 0.654948 0.708008 0.652344 0.708008 0.651042 0.711914 0.641927 0.711914 0.638021 0.710938 0.636719 0.710938 0.634115 0.709961 0.632812 0.709961 0.630208 0.708984 0.628906 0.707031 0.622396 0.704102 0.618490 0.703125 0.618490 0.698242 0.613281 0.696289 0.613281 0.691406 0.609375
0 0.617188 0.582031 0.616211 0.583333 0.615234 0.583333 0.612305 0.587240 0.611328 0.587240 0.608398 0.593750 0.608398 0.598958 0.607422 0.600260 0.607422 0.611979 0.609375 0.614583 0.612305 0.623698 0.617188 0.630208 0.617188 0.631510 0.620117 0.635417 0.621094 0.635417 0.624023 0.638021 0.634766 0.638021 0.634766 0.636719 0.638672 0.631510 0.638672 0.630208 0.641602 0.625000 0.641602 0.621094 0.642578 0.619792 0.642578 0.614583 0.643555 0.613281 0.643555 0.606771 0.642578 0.605469 0.642578 0.602865 0.641602 0.601562 0.641602 0.597656 0.640625 0.596354 0.640625 0.593750 0.639648 0.592448 0.638672 0.588542 0.637695 0.588542 0.635742 0.585938 0.634766 0.585938 0.631836 0.583333 0.629883 0.583333 0.628906 0.582031
0 0.653320 0.583333 0.652344 0.584635 0.651367 0.584635 0.650391 0.585938 0.650391 0.587240 0.646484 0.592448 0.645508 0.592448 0.643555 0.595052 0.643555 0.602865 0.644531 0.604167 0.644531 0.606771 0.645508 0.608073 0.645508 0.611979 0.647461 0.615885 0.647461 0.619792 0.648438 0.621094 0.648438 0.623698 0.652344 0.630208 0.653320 0.630208 0.656250 0.632812 0.665039 0.632812 0.666016 0.631510 0.667969 0.631510 0.668945 0.630208 0.671875 0.628906 0.676758 0.622396 0.676758 0.621094 0.677734 0.619792 0.677734 0.617188 0.679688 0.614583 0.679688 0.613281 0.680664 0.611979 0.680664 0.609375 0.681641 0.608073 0.681641 0.602865 0.682617 0.601562 0.681641 0.595052 0.679688 0.595052 0.678711 0.596354 0.672852 0.596354 0.671875 0.595052 0.669922 0.595052 0.666992 0.592448 0.665039 0.592448 0.662109 0.589844 0.660156 0.589844 0.656250 0.584635
0 0.661133 0.542969 0.660156 0.544271 0.660156 0.545573 0.652344 0.555990 0.652344 0.557292 0.651367 0.558594 0.651367 0.575521 0.652344 0.576823 0.652344 0.578125 0.654297 0.580729 0.655273 0.580729 0.658203 0.584635 0.658203 0.585938 0.659180 0.585938 0.662109 0.589844 0.663086 0.589844 0.664062 0.591146 0.666016 0.591146 0.666992 0.592448 0.668945 0.592448 0.669922 0.593750 0.671875 0.593750 0.672852 0.595052 0.674805 0.595052 0.675781 0.593750 0.678711 0.593750 0.684570 0.587240 0.685547 0.583333 0.689453 0.578125 0.689453 0.576823 0.691406 0.574219 0.691406 0.572917 0.694336 0.567708 0.694336 0.557292 0.693359 0.555990 0.693359 0.549479 0.692383 0.548177 0.688477 0.548177 0.683594 0.544271 0.680664 0.544271 0.679688 0.542969 0.673828 0.542969 0.672852 0.541667 0.668945 0.541667 0.667969 0.542969
0 0.704102 0.527344 0.699219 0.533854 0.699219 0.539062 0.697266 0.542969 0.697266 0.548177 0.696289 0.549479 0.696289 0.550781 0.697266 0.552083 0.697266 0.562500 0.696289 0.563802 0.696289 0.569010 0.697266 0.570312 0.698242 0.570312 0.705078 0.579427 0.706055 0.579427 0.707031 0.580729 0.710938 0.580729 0.711914 0.579427 0.714844 0.579427 0.715820 0.578125 0.718750 0.578125 0.719727 0.576823 0.724609 0.575521 0.730469 0.569010 0.730469 0.567708 0.731445 0.566406 0.731445 0.562500 0.732422 0.561198 0.732422 0.552083 0.731445 0.550781 0.731445 0.545573 0.730469 0.544271 0.730469 0.541667 0.728516 0.539062 0.728516 0.536458 0.724609 0.532552 0.721680 0.532552 0.720703 0.531250 0.717773 0.531250 0.716797 0.529948 0.713867 0.529948 0.712891 0.528646 0.708008 0.528646 0.707031 0.527344
0 0.740234 0.553385 0.739258 0.554688 0.738281 0.554688 0.737305 0.558594 0.733398 0.563802 0.733398 0.565104 0.732422 0.566406 0.732422 0.569010 0.731445 0.570312 0.731445 0.574219 0.730469 0.575521 0.730469 0.580729 0.729492 0.582031 0.729492 0.587240 0.730469 0.588542 0.730469 0.589844 0.731445 0.589844 0.732422 0.591146 0.737305 0.593750 0.739258 0.596354 0.740234 0.596354 0.741211 0.597656 0.743164 0.597656 0.748047 0.601562 0.750000 0.601562 0.750977 0.602865 0.753906 0.602865 0.754883 0.601562 0.756836 0.601562 0.762695 0.593750 0.762695 0.591146 0.765625 0.584635 0.765625 0.567708 0.764648 0.566406 0.764648 0.565104 0.763672 0.565104 0.761719 0.562500 0.758789 0.561198 0.755859 0.557292 0.754883 0.557292 0.753906 0.555990 0.750000 0.555990 0.749023 0.554688 0.744141 0.554688 0.743164 0.553385
0 0.759766 0.617188 0.759766 0.623698 0.758789 0.625000 0.758789 0.628906 0.753906 0.641927 0.754883 0.649740 0.757812 0.658854 0.759766 0.661458 0.760742 0.665365 0.766602 0.673177 0.766602 0.674479 0.769531 0.674479 0.774414 0.670573 0.780273 0.670573 0.781250 0.669271 0.783203 0.669271 0.787109 0.665365 0.788086 0.661458 0.792969 0.653646 0.794922 0.648438 0.794922 0.643229 0.795898 0.641927 0.795898 0.622396 0.794922 0.621094 0.794922 0.618490 0.793945 0.617188 0.792969 0.622396 0.791992 0.623698 0.791992 0.627604 0.790039 0.630208 0.787109 0.626302 0.786133 0.619792 0.785156 0.622396 0.770508 0.622396 0.769531 0.621094 0.770508 0.619792 0.773438 0.619792 0.776367 0.617188 0.773438 0.617188 0.772461 0.615885 0.763672 0.615885 0.762695 0.617188
0 0.747070 0.704427 0.747070 0.710938 0.746094 0.712240 0.746094 0.714844 0.745117 0.716146 0.745117 0.718750 0.744141 0.720052 0.744141 0.722656 0.745117 0.723958 0.745117 0.733073 0.746094 0.734375 0.748047 0.740885 0.750977 0.744792 0.755859 0.746094 0.762695 0.751302 0.764648 0.751302 0.765625 0.750000 0.771484 0.750000 0.772461 0.748698 0.774414 0.748698 0.779297 0.744792 0.779297 0.743490 0.782227 0.738281 0.782227 0.730469 0.783203 0.729167 0.783203 0.708333 0.782227 0.707031 0.782227 0.705729 0.778320 0.709635 0.777344 0.709635 0.776367 0.708333 0.773438 0.708333 0.772461 0.709635 0.770508 0.709635 0.769531 0.708333 0.763672 0.708333 0.762695 0.709635 0.761719 0.708333 0.755859 0.708333 0.754883 0.709635 0.750977 0.709635 0.749023 0.707031 0.749023 0.705729 0.748047 0.704427
0 0.810547 0.639323 0.809570 0.639323 0.807617 0.641927 0.804688 0.641927 0.803711 0.640625 0.800781 0.640625 0.799805 0.639323 0.797852 0.639323 0.797852 0.640625 0.796875 0.641927 0.796875 0.644531 0.795898 0.645833 0.795898 0.648438 0.794922 0.649740 0.794922 0.651042 0.793945 0.652344 0.792969 0.656250 0.790039 0.660156 0.790039 0.661458 0.789062 0.662760 0.788086 0.666667 0.786133 0.669271 0.785156 0.669271 0.784180 0.670573 0.784180 0.671875 0.783203 0.673177 0.783203 0.675781 0.784180 0.675781 0.785156 0.677083 0.788086 0.677083 0.789062 0.678385 0.791016 0.678385 0.791992 0.679688 0.793945 0.679688 0.794922 0.680990 0.801758 0.680990 0.802734 0.679688 0.805664 0.678385 0.810547 0.671875 0.811523 0.671875 0.813477 0.669271 0.813477 0.666667 0.814453 0.665365 0.814453 0.662760 0.815430 0.661458 0.815430 0.658854 0.816406 0.657552 0.816406 0.654948 0.817383 0.653646 0.817383 0.645833 0.815430 0.643229 0.812500 0.641927
0 0.823242 0.595052 0.822266 0.596354 0.821289 0.596354 0.821289 0.600260 0.814453 0.609375 0.813477 0.609375 0.810547 0.613281 0.810547 0.614583 0.809570 0.615885 0.809570 0.618490 0.808594 0.619792 0.808594 0.631510 0.809570 0.632812 0.809570 0.634115 0.813477 0.639323 0.814453 0.639323 0.821289 0.648438 0.827148 0.648438 0.828125 0.647135 0.829102 0.647135 0.832031 0.643229 0.833008 0.643229 0.835938 0.639323 0.836914 0.639323 0.838867 0.636719 0.839844 0.636719 0.841797 0.634115 0.842773 0.634115 0.846680 0.628906 0.846680 0.627604 0.847656 0.626302 0.846680 0.625000 0.846680 0.618490 0.845703 0.617188 0.845703 0.610677 0.844727 0.609375 0.844727 0.606771 0.841797 0.608073 0.840820 0.606771 0.838867 0.606771 0.833984 0.602865 0.831055 0.602865 0.830078 0.601562 0.829102 0.601562 0.828125 0.602865 0.825195 0.602865 0.823242 0.600260 0.825195 0.597656 0.827148 0.597656 0.828125 0.596354 0.827148 0.595052
0 0.794922 0.561198 0.791016 0.566406 0.790039 0.570312 0.787109 0.574219 0.787109 0.575521 0.786133 0.576823 0.786133 0.580729 0.787109 0.582031 0.787109 0.584635 0.789062 0.588542 0.789062 0.591146 0.790039 0.592448 0.790039 0.593750 0.793945 0.600260 0.793945 0.601562 0.794922 0.602865 0.794922 0.604167 0.796875 0.606771 0.796875 0.608073 0.797852 0.608073 0.799805 0.610677 0.800781 0.610677 0.801758 0.611979 0.809570 0.611979 0.812500 0.608073 0.812500 0.606771 0.813477 0.605469 0.813477 0.604167 0.815430 0.601562 0.815430 0.600260 0.817383 0.597656 0.818359 0.597656 0.820312 0.595052 0.821289 0.595052 0.824219 0.592448 0.824219 0.584635 0.823242 0.583333 0.823242 0.578125 0.822266 0.576823 0.822266 0.575521 0.818359 0.575521 0.813477 0.571615 0.811523 0.571615 0.810547 0.570312 0.808594 0.570312 0.807617 0.569010 0.805664 0.569010 0.802734 0.566406 0.800781 0.566406 0.799805 0.565104 0.798828 0.565104 0.796875 0.562500 0.795898 0.562500
0 0.751953 0.526042 0.751953 0.527344 0.750000 0.531250 0.750000 0.533854 0.750977 0.535156 0.750977 0.544271 0.752930 0.546875 0.754883 0.553385 0.760742 0.561198 0.761719 0.561198 0.762695 0.562500 0.777344 0.562500 0.778320 0.561198 0.786133 0.561198 0.787109 0.562500 0.790039 0.562500 0.792969 0.558594 0.792969 0.557292 0.793945 0.555990 0.793945 0.552083 0.792969 0.550781 0.792969 0.546875 0.791992 0.545573 0.791992 0.544271 0.789062 0.540365 0.789062 0.539062 0.786133 0.532552 0.786133 0.529948 0.784180 0.527344 0.778320 0.527344 0.775391 0.524740 0.772461 0.524740 0.771484 0.523438 0.768555 0.523438 0.767578 0.522135 0.765625 0.522135 0.764648 0.520833 0.760742 0.520833 0.759766 0.522135 0.756836 0.522135
0 0.816406 0.511719 0.806641 0.518229 0.804688 0.520833 0.803711 0.520833 0.803711 0.522135 0.801758 0.524740 0.800781 0.527344 0.800781 0.532552 0.799805 0.533854 0.799805 0.544271 0.798828 0.545573 0.798828 0.555990 0.799805 0.557292 0.799805 0.562500 0.801758 0.565104 0.804688 0.566406 0.806641 0.569010 0.808594 0.569010 0.809570 0.570312 0.814453 0.571615 0.817383 0.574219 0.820312 0.574219 0.821289 0.572917 0.823242 0.572917 0.825195 0.571615 0.827148 0.569010 0.828125 0.569010 0.833008 0.562500 0.834961 0.561198 0.835938 0.558594 0.835938 0.555990 0.840820 0.545573 0.840820 0.535156 0.837891 0.528646 0.836914 0.522135 0.834961 0.522135 0.833008 0.524740 0.832031 0.522135 0.830078 0.522135 0.826172 0.519531 0.823242 0.515625 0.822266 0.511719
0 0.723633 0.470052 0.722656 0.471354 0.722656 0.472656 0.719727 0.476562 0.719727 0.477865 0.715820 0.486979 0.715820 0.489583 0.714844 0.490885 0.714844 0.500000 0.715820 0.501302 0.716797 0.505208 0.719727 0.509115 0.720703 0.509115 0.722656 0.511719 0.722656 0.513021 0.729492 0.522135 0.730469 0.522135 0.731445 0.523438 0.733398 0.523438 0.734375 0.524740 0.736328 0.524740 0.737305 0.526042 0.743164 0.526042 0.751953 0.514323 0.751953 0.513021 0.753906 0.509115 0.753906 0.492188 0.754883 0.490885 0.754883 0.484375 0.753906 0.483073 0.753906 0.480469 0.752930 0.479167 0.752930 0.477865 0.751953 0.477865 0.750977 0.476562 0.744141 0.481771 0.734375 0.481771 0.733398 0.480469 0.731445 0.480469 0.730469 0.479167 0.729492 0.479167 0.728516 0.477865 0.728516 0.476562 0.724609 0.471354 0.724609 0.470052
0 0.764648 0.468750 0.763672 0.470052 0.762695 0.470052 0.761719 0.476562 0.757812 0.485677 0.757812 0.493490 0.758789 0.494792 0.758789 0.496094 0.757812 0.497396 0.757812 0.500000 0.756836 0.501302 0.756836 0.507812 0.759766 0.513021 0.759766 0.514323 0.763672 0.519531 0.764648 0.519531 0.765625 0.520833 0.767578 0.520833 0.768555 0.522135 0.771484 0.522135 0.772461 0.523438 0.775391 0.523438 0.776367 0.524740 0.783203 0.524740 0.785156 0.520833 0.785156 0.518229 0.786133 0.516927 0.786133 0.514323 0.787109 0.513021 0.787109 0.507812 0.788086 0.506510 0.788086 0.503906 0.789062 0.502604 0.789062 0.500000 0.790039 0.498698 0.790039 0.496094 0.791016 0.494792 0.791016 0.479167 0.790039 0.477865 0.790039 0.476562 0.787109 0.472656 0.784180 0.471354 0.782227 0.467448 0.779297 0.468750 0.778320 0.467448 0.775391 0.467448 0.774414 0.466146 0.773438 0.467448 0.767578 0.467448 0.766602 0.468750
0 0.831055 0.479167 0.824219 0.470052 0.823242 0.470052 0.821289 0.466146 0.820312 0.466146 0.819336 0.464844 0.816406 0.464844 0.815430 0.466146 0.801758 0.466146 0.800781 0.467448 0.795898 0.468750 0.793945 0.471354 0.793945 0.473958 0.792969 0.475260 0.792969 0.480469 0.793945 0.481771 0.793945 0.486979 0.792969 0.488281 0.792969 0.498698 0.793945 0.500000 0.793945 0.501302 0.797852 0.506510 0.799805 0.506510 0.800781 0.507812 0.803711 0.507812 0.804688 0.509115 0.812500 0.509115 0.813477 0.510417 0.814453 0.509115 0.817383 0.509115 0.818359 0.507812 0.821289 0.507812 0.822266 0.506510 0.827148 0.506510 0.830078 0.502604 0.830078 0.501302 0.831055 0.500000 0.831055 0.494792 0.832031 0.493490 0.832031 0.486979 0.831055 0.485677
0 0.790039 0.415365 0.784180 0.424479 0.784180 0.425781 0.781250 0.430990 0.781250 0.433594 0.780273 0.434896 0.780273 0.445312 0.778320 0.449219 0.778320 0.454427 0.779297 0.455729 0.779297 0.458333 0.782227 0.460938 0.786133 0.460938 0.787109 0.462240 0.789062 0.462240 0.792969 0.464844 0.796875 0.464844 0.797852 0.466146 0.801758 0.466146 0.802734 0.464844 0.815430 0.464844 0.818359 0.462240 0.818359 0.458333 0.819336 0.457031 0.819336 0.453125 0.820312 0.451823 0.820312 0.445312 0.821289 0.444010 0.821289 0.440104 0.822266 0.438802 0.821289 0.437500 0.821289 0.428385 0.818359 0.420573 0.816406 0.419271 0.813477 0.415365 0.811523 0.416667 0.809570 0.416667 0.803711 0.412760 0.797852 0.412760 0.793945 0.415365
0 0.735352 0.424479 0.731445 0.430990 0.731445 0.432292 0.726562 0.444010 0.726562 0.446615 0.725586 0.447917 0.725586 0.450521 0.724609 0.451823 0.724609 0.466146 0.725586 0.467448 0.726562 0.471354 0.731445 0.479167 0.735352 0.479167 0.736328 0.480469 0.742188 0.480469 0.743164 0.479167 0.744141 0.479167 0.747070 0.476562 0.749023 0.476562 0.753906 0.472656 0.757812 0.472656 0.758789 0.471354 0.759766 0.471354 0.763672 0.464844 0.763672 0.459635 0.764648 0.458333 0.764648 0.454427 0.767578 0.447917 0.767578 0.442708 0.766602 0.441406 0.766602 0.437500 0.765625 0.436198 0.765625 0.434896 0.764648 0.433594 0.763672 0.433594 0.760742 0.429688 0.759766 0.429688 0.758789 0.428385 0.756836 0.428385 0.755859 0.427083 0.753906 0.427083 0.750977 0.424479
0 0.727539 0.393229 0.711914 0.393229 0.710938 0.394531 0.708984 0.394531 0.708008 0.395833 0.707031 0.395833 0.704102 0.399740 0.704102 0.401042 0.699219 0.407552 0.699219 0.408854 0.696289 0.412760 0.696289 0.432292 0.697266 0.433594 0.697266 0.434896 0.701172 0.440104 0.704102 0.440104 0.705078 0.441406 0.708984 0.441406 0.709961 0.440104 0.713867 0.440104 0.714844 0.438802 0.721680 0.438802 0.722656 0.437500 0.727539 0.437500 0.728516 0.436198 0.728516 0.433594 0.729492 0.432292 0.729492 0.430990 0.731445 0.428385 0.731445 0.427083 0.733398 0.423177 0.733398 0.419271 0.734375 0.417969 0.734375 0.412760 0.733398 0.411458 0.733398 0.410156 0.731445 0.407552 0.731445 0.406250 0.729492 0.402344 0.729492 0.399740 0.728516 0.398438 0.728516 0.394531
0 0.724609 0.332031 0.714844 0.332031 0.711914 0.329427 0.705078 0.329427 0.703125 0.332031 0.702148 0.332031 0.698242 0.337240 0.697266 0.337240 0.695312 0.339844 0.694336 0.339844 0.693359 0.341146 0.693359 0.342448 0.692383 0.343750 0.692383 0.350260 0.693359 0.351562 0.693359 0.354167 0.694336 0.355469 0.694336 0.356771 0.696289 0.359375 0.696289 0.361979 0.697266 0.363281 0.697266 0.365885 0.702148 0.372396 0.703125 0.372396 0.705078 0.375000 0.708984 0.375000 0.709961 0.373698 0.711914 0.373698 0.714844 0.371094 0.716797 0.371094 0.717773 0.369792 0.718750 0.369792 0.722656 0.364583 0.723633 0.364583 0.724609 0.363281 0.726562 0.363281 0.729492 0.360677 0.729492 0.359375 0.730469 0.358073 0.730469 0.352865 0.729492 0.351562 0.729492 0.345052 0.728516 0.343750 0.728516 0.341146 0.726562 0.337240 0.726562 0.334635
0 0.752930 0.346354 0.751953 0.347656 0.750977 0.347656 0.743164 0.358073 0.742188 0.358073 0.736328 0.367188 0.736328 0.382812 0.737305 0.384115 0.737305 0.385417 0.742188 0.391927 0.742188 0.393229 0.743164 0.393229 0.744141 0.394531 0.750000 0.394531 0.750977 0.395833 0.754883 0.395833 0.757812 0.398438 0.764648 0.398438 0.765625 0.397135 0.767578 0.397135 0.768555 0.395833 0.769531 0.395833 0.773438 0.390625 0.774414 0.390625 0.783203 0.377604 0.783203 0.376302 0.784180 0.375000 0.784180 0.372396 0.785156 0.371094 0.784180 0.369792 0.784180 0.367188 0.781250 0.363281 0.781250 0.361979 0.779297 0.359375 0.779297 0.358073 0.776367 0.354167 0.775391 0.354167 0.774414 0.352865 0.768555 0.352865 0.767578 0.351562 0.761719 0.351562 0.760742 0.350260 0.758789 0.350260 0.757812 0.348958 0.756836 0.348958 0.755859 0.347656 0.755859 0.346354
0 0.767578 0.299479 0.766602 0.300781 0.764648 0.300781 0.763672 0.302083 0.761719 0.302083 0.760742 0.303385 0.759766 0.303385 0.755859 0.308594 0.755859 0.312500 0.759766 0.317708 0.759766 0.321615 0.757812 0.324219 0.757812 0.326823 0.756836 0.328125 0.756836 0.338542 0.755859 0.339844 0.755859 0.342448 0.756836 0.343750 0.756836 0.346354 0.757812 0.346354 0.759766 0.348958 0.762695 0.348958 0.763672 0.350260 0.768555 0.350260 0.769531 0.351562 0.777344 0.351562 0.778320 0.350260 0.783203 0.347656 0.788086 0.341146 0.788086 0.338542 0.789062 0.337240 0.789062 0.332031 0.790039 0.330729 0.790039 0.326823 0.789062 0.325521 0.789062 0.322917 0.788086 0.321615 0.788086 0.316406 0.789062 0.315104 0.788086 0.313802 0.788086 0.311198 0.781250 0.303385 0.779297 0.303385 0.778320 0.302083 0.777344 0.302083 0.776367 0.300781 0.774414 0.300781 0.773438 0.299479
0 0.725586 0.276042 0.719727 0.276042 0.718750 0.277344 0.714844 0.277344 0.711914 0.279948 0.709961 0.279948 0.708984 0.281250 0.708008 0.281250 0.705078 0.285156 0.704102 0.285156 0.702148 0.287760 0.702148 0.289062 0.701172 0.290365 0.701172 0.296875 0.702148 0.298177 0.703125 0.302083 0.705078 0.304688 0.707031 0.311198 0.708984 0.313802 0.708984 0.315104 0.709961 0.316406 0.709961 0.319010 0.710938 0.320312 0.712891 0.326823 0.714844 0.329427 0.715820 0.329427 0.716797 0.330729 0.721680 0.330729 0.722656 0.329427 0.724609 0.329427 0.726562 0.326823 0.727539 0.326823 0.733398 0.319010 0.733398 0.317708 0.736328 0.313802 0.736328 0.312500 0.739258 0.305990 0.739258 0.303385 0.735352 0.298177 0.735352 0.296875 0.733398 0.294271 0.733398 0.292969 0.731445 0.289062 0.731445 0.282552 0.730469 0.281250 0.730469 0.278646 0.729492 0.278646 0.728516 0.277344 0.726562 0.277344
0 0.729492 0.268229 0.730469 0.269531 0.730469 0.277344 0.731445 0.278646 0.731445 0.281250 0.732422 0.282552 0.732422 0.289062 0.733398 0.290365 0.733398 0.291667 0.736328 0.295573 0.736328 0.296875 0.740234 0.302083 0.740234 0.303385 0.741211 0.303385 0.742188 0.304688 0.744141 0.304688 0.747070 0.307292 0.754883 0.307292 0.760742 0.300781 0.762695 0.300781 0.763672 0.299479 0.765625 0.299479 0.766602 0.298177 0.774414 0.298177 0.775391 0.296875 0.775391 0.290365 0.776367 0.289062 0.776367 0.278646 0.775391 0.277344 0.775391 0.272135 0.774414 0.270833 0.774414 0.269531 0.771484 0.265625 0.771484 0.264323 0.767578 0.260417 0.765625 0.260417 0.764648 0.259115 0.762695 0.259115 0.761719 0.257812 0.758789 0.257812 0.757812 0.256510 0.744141 0.256510 0.741211 0.260417 0.740234 0.260417 0.735352 0.264323 0.733398 0.264323
0 0.770508 0.766927 0.769531 0.766927 0.768555 0.765625 0.764648 0.765625 0.758789 0.760417 0.753906 0.768229 0.752930 0.768229 0.751953 0.769531 0.748047 0.769531 0.747070 0.770833 0.745117 0.770833 0.744141 0.772135 0.743164 0.772135 0.738281 0.778646 0.738281 0.781250 0.737305 0.782552 0.737305 0.792969 0.739258 0.796875 0.739258 0.803385 0.740234 0.804688 0.741211 0.804688 0.744141 0.808594 0.746094 0.808594 0.747070 0.809896 0.750000 0.809896 0.750977 0.811198 0.758789 0.811198 0.759766 0.809896 0.760742 0.809896 0.761719 0.808594 0.766602 0.805990 0.770508 0.800781 0.771484 0.800781 0.773438 0.798177 0.773438 0.795573 0.774414 0.794271 0.774414 0.785156 0.775391 0.783854 0.775391 0.774740 0.774414 0.773438 0.774414 0.772135
0 0.826172 0.800781 0.825195 0.799479 0.818359 0.800781 0.818359 0.804688 0.821289 0.811198 0.821289 0.817708 0.822266 0.820312 0.820312 0.828125 0.818359 0.829427 0.813477 0.837240 0.812500 0.835938 0.809570 0.835938 0.805664 0.838542 0.802734 0.833333 0.798828 0.829427 0.797852 0.829427 0.793945 0.835938 0.791992 0.833333 0.791992 0.830729 0.790039 0.828125 0.789062 0.824219 0.793945 0.816406 0.798828 0.817708 0.801758 0.813802 0.800781 0.812500 0.796875 0.812500 0.791016 0.815104 0.788086 0.822917 0.781250 0.825521 0.782227 0.834635 0.784180 0.837240 0.785156 0.841146 0.787109 0.843750 0.794922 0.847656 0.801758 0.847656 0.804688 0.845052 0.821289 0.841146 0.824219 0.835938 0.824219 0.830729 0.826172 0.825521 0.826172 0.820312 0.825195 0.819010 0.825195 0.812500 0.827148 0.805990
0 0.156250 0.660156 0.155273 0.661458 0.154297 0.661458 0.153320 0.662760 0.153320 0.669271 0.152344 0.670573 0.152344 0.678385 0.153320 0.679688 0.153320 0.686198 0.154297 0.687500 0.154297 0.692708 0.155273 0.694010 0.155273 0.695312 0.156250 0.696615 0.156250 0.697917 0.157227 0.699219 0.164062 0.699219 0.165039 0.697917 0.166992 0.697917 0.167969 0.696615 0.168945 0.696615 0.169922 0.695312 0.170898 0.695312 0.171875 0.694010 0.171875 0.692708 0.170898 0.691406 0.170898 0.682292 0.169922 0.680990 0.169922 0.678385 0.168945 0.677083 0.168945 0.675781 0.167969 0.674479 0.167969 0.669271 0.166992 0.667969 0.166992 0.666667 0.165039 0.664062 0.163086 0.664062 0.161133 0.661458 0.161133 0.660156
0 0.196289 0.679688 0.194336 0.682292 0.193359 0.682292 0.191406 0.684896 0.191406 0.692708 0.192383 0.694010 0.192383 0.695312 0.195312 0.699219 0.195312 0.700521 0.196289 0.701823 0.196289 0.703125 0.197266 0.704427 0.197266 0.705729 0.198242 0.707031 0.198242 0.708333 0.205078 0.708333 0.206055 0.707031 0.206055 0.701823 0.205078 0.700521 0.206055 0.699219 0.206055 0.695312 0.207031 0.694010 0.207031 0.691406 0.208008 0.690104 0.208008 0.684896 0.207031 0.683594 0.205078 0.683594 0.204102 0.682292 0.203125 0.682292 0.201172 0.679688
