0 0.025391 0.350260 0.025391 0.355469 0.026367 0.356771 0.026367 0.361979 0.027344 0.363281 0.027344 0.365885 0.028320 0.367188 0.028320 0.371094 0.029297 0.372396 0.031250 0.378906 0.035156 0.384115 0.040039 0.384115 0.041016 0.382812 0.051758 0.382812 0.052734 0.381510 0.054688 0.381510 0.059570 0.377604 0.063477 0.377604 0.070312 0.367188 0.070312 0.365885 0.071289 0.364583 0.071289 0.361979 0.072266 0.360677 0.072266 0.350260 0.069336 0.346354 0.069336 0.345052 0.068359 0.343750 0.066406 0.343750 0.065430 0.342448 0.057617 0.342448 0.056641 0.343750 0.052734 0.343750 0.051758 0.345052 0.046875 0.345052 0.045898 0.346354 0.040039 0.346354 0.039062 0.345052 0.039062 0.342448 0.038086 0.341146 0.038086 0.339844 0.036133 0.339844 0.035156 0.341146 0.033203 0.341146 0.031250 0.343750 0.028320 0.343750 0.026367 0.346354 0.026367 0.348958
0 0.105469 0.345052 0.104492 0.345052 0.103516 0.343750 0.102539 0.343750 0.101562 0.345052 0.089844 0.345052 0.088867 0.346354 0.085938 0.346354 0.084961 0.345052 0.083008 0.345052 0.082031 0.346354 0.079102 0.346354 0.076172 0.350260 0.076172 0.351562 0.075195 0.352865 0.075195 0.358073 0.074219 0.359375 0.074219 0.364583 0.073242 0.365885 0.073242 0.373698 0.072266 0.375000 0.072266 0.380208 0.071289 0.381510 0.071289 0.382812 0.072266 0.384115 0.072266 0.386719 0.075195 0.390625 0.075195 0.391927 0.076172 0.393229 0.077148 0.393229 0.078125 0.394531 0.087891 0.394531 0.088867 0.393229 0.091797 0.393229 0.092773 0.391927 0.094727 0.391927 0.096680 0.389323 0.098633 0.389323 0.100586 0.386719 0.100586 0.382812 0.101562 0.381510 0.101562 0.375000 0.102539 0.373698 0.102539 0.369792 0.103516 0.368490 0.103516 0.361979 0.104492 0.360677 0.104492 0.355469 0.106445 0.351562 0.106445 0.346354
0 0.134766 0.350260 0.128906 0.350260 0.127930 0.348958 0.121094 0.348958 0.120117 0.347656 0.115234 0.347656 0.114258 0.348958 0.111328 0.348958 0.110352 0.350260 0.108398 0.350260 0.107422 0.351562 0.107422 0.352865 0.106445 0.354167 0.106445 0.356771 0.105469 0.358073 0.105469 0.361979 0.104492 0.363281 0.104492 0.368490 0.103516 0.369792 0.103516 0.380208 0.104492 0.381510 0.104492 0.385417 0.108398 0.391927 0.109375 0.391927 0.110352 0.393229 0.112305 0.393229 0.113281 0.394531 0.115234 0.394531 0.116211 0.393229 0.119141 0.393229 0.120117 0.391927 0.123047 0.391927 0.124023 0.390625 0.126953 0.390625 0.131836 0.386719 0.133789 0.378906 0.136719 0.376302 0.134766 0.376302 0.132812 0.373698 0.131836 0.369792 0.128906 0.365885 0.128906 0.352865 0.129883 0.351562 0.134766 0.351562
0 0.098633 0.308594 0.098633 0.309896 0.100586 0.312500 0.100586 0.320312 0.101562 0.321615 0.101562 0.330729 0.102539 0.332031 0.103516 0.335938 0.106445 0.339844 0.107422 0.339844 0.108398 0.341146 0.110352 0.341146 0.111328 0.342448 0.112305 0.342448 0.114258 0.345052 0.121094 0.345052 0.122070 0.343750 0.126953 0.343750 0.128906 0.341146 0.128906 0.339844 0.130859 0.337240 0.130859 0.335938 0.131836 0.334635 0.131836 0.328125 0.133789 0.325521 0.133789 0.319010 0.132812 0.319010 0.130859 0.316406 0.130859 0.315104 0.129883 0.313802 0.130859 0.309896 0.127930 0.307292 0.126953 0.303385 0.124023 0.303385 0.123047 0.302083 0.111328 0.302083 0.110352 0.303385 0.109375 0.303385 0.106445 0.307292 0.104492 0.307292 0.103516 0.308594
0 0.179688 0.260417 0.176758 0.263021 0.176758 0.281250 0.175781 0.282552 0.175781 0.285156 0.176758 0.286458 0.176758 0.292969 0.178711 0.295573 0.178711 0.298177 0.179688 0.299479 0.179688 0.303385 0.181641 0.305990 0.183594 0.305990 0.184570 0.307292 0.195312 0.307292 0.196289 0.305990 0.197266 0.305990 0.197266 0.304688 0.198242 0.303385 0.198242 0.300781 0.199219 0.299479 0.199219 0.294271 0.200195 0.292969 0.200195 0.286458 0.199219 0.285156 0.199219 0.270833 0.198242 0.269531 0.198242 0.260417 0.197266 0.259115 0.183594 0.259115 0.182617 0.260417
0 0.258789 0.266927 0.249023 0.266927 0.248047 0.268229 0.245117 0.269531 0.242188 0.273438 0.242188 0.274740 0.241211 0.276042 0.240234 0.276042 0.239258 0.277344 0.239258 0.278646 0.229492 0.291667 0.229492 0.298177 0.230469 0.299479 0.230469 0.303385 0.234375 0.312500 0.235352 0.312500 0.238281 0.315104 0.244141 0.315104 0.245117 0.313802 0.250000 0.311198 0.252930 0.307292 0.255859 0.305990 0.257812 0.303385 0.262695 0.300781 0.267578 0.294271 0.267578 0.292969 0.268555 0.291667 0.268555 0.286458 0.265625 0.282552 0.265625 0.281250 0.264648 0.279948 0.264648 0.278646 0.262695 0.276042 0.262695 0.274740 0.261719 0.274740 0.259766 0.272135 0.259766 0.268229
0 0.268555 0.244792 0.265625 0.248698 0.265625 0.250000 0.263672 0.252604 0.263672 0.255208 0.262695 0.256510 0.262695 0.261719 0.263672 0.263021 0.263672 0.266927 0.264648 0.268229 0.263672 0.269531 0.263672 0.273438 0.264648 0.274740 0.264648 0.276042 0.265625 0.277344 0.267578 0.277344 0.270508 0.279948 0.272461 0.279948 0.273438 0.281250 0.278320 0.281250 0.279297 0.282552 0.283203 0.282552 0.284180 0.281250 0.290039 0.281250 0.291016 0.279948 0.291992 0.279948 0.294922 0.276042 0.294922 0.266927 0.295898 0.265625 0.295898 0.251302 0.294922 0.250000 0.294922 0.248698 0.290039 0.243490 0.288086 0.243490 0.283203 0.239583 0.280273 0.239583 0.279297 0.238281 0.278320 0.239583 0.276367 0.239583 0.275391 0.240885 0.273438 0.240885 0.272461 0.242188 0.271484 0.242188 0.269531 0.244792
0 0.305664 0.246094 0.304688 0.247396 0.303711 0.247396 0.301758 0.250000 0.298828 0.251302 0.298828 0.252604 0.297852 0.253906 0.297852 0.261719 0.296875 0.263021 0.296875 0.273438 0.297852 0.274740 0.297852 0.276042 0.298828 0.277344 0.298828 0.278646 0.299805 0.279948 0.300781 0.283854 0.303711 0.287760 0.304688 0.287760 0.306641 0.290365 0.307617 0.290365 0.309570 0.292969 0.310547 0.292969 0.311523 0.294271 0.314453 0.294271 0.315430 0.295573 0.318359 0.296875 0.320312 0.294271 0.321289 0.294271 0.327148 0.286458 0.327148 0.285156 0.331055 0.279948 0.331055 0.278646 0.333008 0.276042 0.333008 0.274740 0.333984 0.273438 0.333984 0.270833 0.330078 0.265625 0.330078 0.264323 0.329102 0.263021 0.328125 0.263021 0.326172 0.260417 0.325195 0.260417 0.319336 0.252604 0.319336 0.251302 0.317383 0.248698 0.314453 0.248698 0.311523 0.246094
0 0.334961 0.221354 0.332031 0.225260 0.331055 0.225260 0.330078 0.226562 0.330078 0.227865 0.328125 0.230469 0.328125 0.234375 0.327148 0.235677 0.328125 0.236979 0.328125 0.256510 0.329102 0.257812 0.329102 0.260417 0.330078 0.261719 0.331055 0.261719 0.335938 0.265625 0.338867 0.265625 0.339844 0.266927 0.348633 0.266927 0.351562 0.264323 0.351562 0.263021 0.352539 0.261719 0.352539 0.259115 0.354492 0.255208 0.354492 0.252604 0.356445 0.248698 0.356445 0.242188 0.357422 0.240885 0.357422 0.238281 0.358398 0.236979 0.358398 0.234375 0.359375 0.233073 0.359375 0.229167 0.357422 0.225260 0.356445 0.225260 0.355469 0.223958 0.352539 0.223958 0.351562 0.222656 0.349609 0.222656 0.348633 0.221354 0.344727 0.221354 0.343750 0.220052 0.337891 0.220052 0.336914 0.221354
0 0.362305 0.191406 0.361328 0.192708 0.359375 0.192708 0.358398 0.194010 0.357422 0.194010 0.350586 0.203125 0.350586 0.209635 0.355469 0.216146 0.355469 0.220052 0.362305 0.230469 0.366211 0.243490 0.367188 0.244792 0.372070 0.244792 0.373047 0.243490 0.375000 0.243490 0.377930 0.239583 0.377930 0.236979 0.378906 0.235677 0.378906 0.233073 0.380859 0.229167 0.380859 0.225260 0.381836 0.223958 0.381836 0.222656 0.384766 0.218750 0.387695 0.218750 0.387695 0.217448 0.390625 0.210938 0.389648 0.209635 0.388672 0.205729 0.382812 0.197917 0.381836 0.197917 0.379883 0.195312 0.378906 0.195312 0.375977 0.192708 0.373047 0.192708 0.372070 0.191406
0 0.125000 0.397135 0.120117 0.397135 0.119141 0.395833 0.118164 0.395833 0.117188 0.397135 0.116211 0.397135 0.111328 0.401042 0.109375 0.401042 0.108398 0.402344 0.107422 0.402344 0.104492 0.406250 0.104492 0.407552 0.100586 0.412760 0.100586 0.414062 0.098633 0.417969 0.098633 0.423177 0.099609 0.424479 0.099609 0.425781 0.100586 0.427083 0.100586 0.428385 0.101562 0.429688 0.102539 0.433594 0.104492 0.436198 0.106445 0.436198 0.107422 0.437500 0.110352 0.437500 0.111328 0.438802 0.112305 0.438802 0.114258 0.441406 0.115234 0.441406 0.115234 0.438802 0.116211 0.437500 0.116211 0.430990 0.118164 0.428385 0.118164 0.427083 0.123047 0.420573 0.124023 0.420573 0.125977 0.417969 0.126953 0.417969 0.129883 0.415365 0.131836 0.415365 0.133789 0.412760 0.133789 0.407552 0.132812 0.407552 0.126953 0.399740 0.126953 0.398438 0.125977 0.398438
0 0.080078 0.453125 0.079102 0.453125 0.076172 0.455729 0.072266 0.455729 0.071289 0.457031 0.070312 0.457031 0.063477 0.462240 0.061523 0.462240 0.060547 0.463542 0.057617 0.464844 0.054688 0.468750 0.054688 0.472656 0.055664 0.473958 0.055664 0.479167 0.056641 0.480469 0.056641 0.481771 0.059570 0.485677 0.059570 0.486979 0.064453 0.492188 0.068359 0.492188 0.069336 0.493490 0.074219 0.493490 0.075195 0.494792 0.079102 0.494792 0.080078 0.496094 0.083984 0.496094 0.084961 0.494792 0.086914 0.494792 0.087891 0.493490 0.088867 0.493490 0.090820 0.490885 0.090820 0.488281 0.086914 0.488281 0.084961 0.485677 0.085938 0.484375 0.089844 0.484375 0.090820 0.483073 0.090820 0.472656 0.091797 0.471354 0.090820 0.470052 0.089844 0.466146 0.086914 0.462240 0.085938 0.462240 0.084961 0.460938 0.083008 0.460938 0.081055 0.458333 0.081055 0.454427
0 0.126953 0.423177 0.125977 0.424479 0.125977 0.425781 0.123047 0.429688 0.124023 0.430990 0.124023 0.433594 0.123047 0.434896 0.119141 0.434896 0.118164 0.436198 0.118164 0.437500 0.117188 0.438802 0.117188 0.441406 0.116211 0.442708 0.116211 0.447917 0.115234 0.449219 0.115234 0.450521 0.116211 0.451823 0.116211 0.455729 0.117188 0.457031 0.119141 0.463542 0.120117 0.463542 0.123047 0.466146 0.127930 0.466146 0.128906 0.467448 0.145508 0.467448 0.149414 0.460938 0.149414 0.459635 0.150391 0.458333 0.150391 0.455729 0.151367 0.454427 0.151367 0.451823 0.154297 0.449219 0.153320 0.447917 0.150391 0.447917 0.148438 0.445312 0.148438 0.440104 0.147461 0.438802 0.147461 0.437500 0.144531 0.433594 0.143555 0.433594 0.142578 0.432292 0.140625 0.432292 0.139648 0.430990 0.135742 0.430990 0.134766 0.432292 0.133789 0.430990 0.131836 0.430990 0.129883 0.428385 0.129883 0.423177
0 0.113281 0.480469 0.113281 0.481771 0.121094 0.492188 0.124023 0.493490 0.128906 0.500000 0.129883 0.500000 0.130859 0.501302 0.130859 0.502604 0.132812 0.505208 0.135742 0.505208 0.136719 0.506510 0.138672 0.506510 0.139648 0.505208 0.145508 0.505208 0.146484 0.503906 0.150391 0.503906 0.151367 0.502604 0.153320 0.502604 0.154297 0.501302 0.156250 0.501302 0.158203 0.498698 0.158203 0.497396 0.160156 0.493490 0.160156 0.485677 0.159180 0.484375 0.159180 0.480469 0.158203 0.479167 0.158203 0.476562 0.156250 0.473958 0.155273 0.473958 0.154297 0.472656 0.152344 0.472656 0.150391 0.470052 0.146484 0.470052 0.145508 0.468750 0.122070 0.468750 0.121094 0.470052 0.120117 0.470052 0.118164 0.472656 0.117188 0.472656 0.115234 0.475260 0.115234 0.476562
0 0.126953 0.500000 0.115234 0.500000 0.114258 0.501302 0.113281 0.501302 0.109375 0.506510 0.109375 0.507812 0.106445 0.511719 0.106445 0.514323 0.105469 0.515625 0.105469 0.533854 0.106445 0.535156 0.106445 0.537760 0.107422 0.539062 0.107422 0.540365 0.108398 0.541667 0.108398 0.542969 0.111328 0.549479 0.119141 0.549479 0.120117 0.548177 0.121094 0.548177 0.123047 0.545573 0.124023 0.545573 0.125000 0.544271 0.125977 0.540365 0.128906 0.536458 0.128906 0.535156 0.134766 0.527344 0.135742 0.527344 0.137695 0.524740 0.137695 0.523438 0.138672 0.522135 0.138672 0.520833 0.137695 0.519531 0.137695 0.515625 0.138672 0.514323 0.138672 0.511719 0.137695 0.510417 0.134766 0.510417 0.129883 0.503906 0.129883 0.502604
0 0.153320 0.585938 0.150391 0.585938 0.149414 0.584635 0.146484 0.584635 0.145508 0.583333 0.142578 0.583333 0.141602 0.582031 0.138672 0.582031 0.137695 0.580729 0.136719 0.582031 0.132812 0.582031 0.130859 0.579427 0.129883 0.579427 0.125977 0.584635 0.125977 0.585938 0.125000 0.587240 0.125000 0.589844 0.123047 0.593750 0.123047 0.598958 0.122070 0.600260 0.122070 0.605469 0.123047 0.606771 0.123047 0.609375 0.124023 0.610677 0.124023 0.611979 0.125000 0.613281 0.125977 0.617188 0.129883 0.623698 0.130859 0.623698 0.131836 0.625000 0.133789 0.625000 0.134766 0.626302 0.135742 0.625000 0.138672 0.625000 0.141602 0.621094 0.142578 0.621094 0.143555 0.619792 0.144531 0.619792 0.145508 0.618490 0.146484 0.618490 0.151367 0.614583 0.151367 0.613281 0.152344 0.611979 0.153320 0.608073 0.155273 0.605469 0.155273 0.602865 0.156250 0.601562 0.154297 0.597656 0.154297 0.587240
0 0.161133 0.667969 0.160156 0.667969 0.159180 0.666667 0.156250 0.666667 0.155273 0.665365 0.153320 0.665365 0.152344 0.664062 0.151367 0.664062 0.148438 0.660156 0.147461 0.660156 0.146484 0.658854 0.146484 0.657552 0.145508 0.657552 0.142578 0.654948 0.139648 0.654948 0.138672 0.653646 0.137695 0.654948 0.135742 0.654948 0.134766 0.656250 0.132812 0.656250 0.130859 0.658854 0.128906 0.658854 0.126953 0.656250 0.125977 0.657552 0.125977 0.660156 0.124023 0.662760 0.123047 0.662760 0.123047 0.664062 0.122070 0.665365 0.122070 0.671875 0.123047 0.673177 0.122070 0.674479 0.122070 0.691406 0.123047 0.692708 0.123047 0.695312 0.124023 0.696615 0.127930 0.696615 0.128906 0.697917 0.130859 0.697917 0.131836 0.696615 0.132812 0.696615 0.133789 0.695312 0.135742 0.695312 0.136719 0.694010 0.139648 0.694010 0.140625 0.692708 0.144531 0.692708 0.145508 0.691406 0.147461 0.691406 0.150391 0.688802 0.153320 0.688802 0.157227 0.683594 0.157227 0.682292 0.159180 0.679688 0.159180 0.677083 0.160156 0.675781 0.160156 0.671875 0.161133 0.670573
0 0.174805 0.699219 0.171875 0.699219 0.171875 0.701823 0.173828 0.704427 0.173828 0.705729 0.172852 0.707031 0.167969 0.707031 0.166992 0.705729 0.164062 0.705729 0.163086 0.707031 0.160156 0.707031 0.159180 0.705729 0.150391 0.705729 0.148438 0.708333 0.148438 0.709635 0.144531 0.713542 0.144531 0.716146 0.143555 0.717448 0.143555 0.729167 0.144531 0.730469 0.144531 0.734375 0.145508 0.735677 0.145508 0.736979 0.147461 0.739583 0.151367 0.739583 0.152344 0.740885 0.154297 0.740885 0.155273 0.742188 0.153320 0.746094 0.158203 0.746094 0.161133 0.751302 0.161133 0.746094 0.164062 0.742188 0.166016 0.742188 0.166992 0.740885 0.168945 0.740885 0.169922 0.739583 0.172852 0.739583 0.173828 0.738281 0.176758 0.738281 0.177734 0.736979 0.177734 0.730469 0.178711 0.729167 0.178711 0.720052 0.179688 0.718750 0.180664 0.714844 0.179688 0.713542 0.179688 0.710938 0.178711 0.709635 0.177734 0.703125 0.176758 0.701823 0.176758 0.700521 0.175781 0.700521
0 0.224609 0.727865 0.217773 0.727865 0.216797 0.726562 0.214844 0.729167 0.213867 0.729167 0.212891 0.730469 0.206055 0.730469 0.205078 0.729167 0.200195 0.729167 0.198242 0.731771 0.198242 0.735677 0.195312 0.742188 0.195312 0.748698 0.194336 0.750000 0.194336 0.759115 0.195312 0.760417 0.195312 0.765625 0.197266 0.769531 0.197266 0.777344 0.198242 0.776042 0.200195 0.776042 0.201172 0.774740 0.204102 0.774740 0.207031 0.772135 0.209961 0.772135 0.210938 0.770833 0.212891 0.770833 0.213867 0.769531 0.215820 0.769531 0.228516 0.752604 0.228516 0.748698 0.229492 0.747396 0.229492 0.744792 0.230469 0.743490 0.230469 0.739583 0.229492 0.738281 0.229492 0.735677 0.227539 0.733073 0.226562 0.733073 0.225586 0.731771
0 0.219727 0.769531 0.219727 0.773438 0.218750 0.774740 0.218750 0.777344 0.217773 0.778646 0.217773 0.781250 0.216797 0.782552 0.216797 0.800781 0.217773 0.802083 0.218750 0.805990 0.221680 0.809896 0.222656 0.809896 0.225586 0.812500 0.235352 0.812500 0.236328 0.811198 0.238281 0.811198 0.239258 0.809896 0.243164 0.809896 0.244141 0.808594 0.245117 0.808594 0.245117 0.807292 0.246094 0.805990 0.246094 0.789062 0.245117 0.787760 0.245117 0.779948 0.244141 0.778646 0.244141 0.776042 0.243164 0.774740 0.241211 0.774740 0.238281 0.772135 0.235352 0.772135 0.233398 0.774740 0.228516 0.774740 0.227539 0.773438 0.227539 0.772135 0.225586 0.769531
0 0.277344 0.782552 0.276367 0.782552 0.275391 0.781250 0.273438 0.781250 0.272461 0.782552 0.262695 0.782552 0.261719 0.783854 0.258789 0.785156 0.254883 0.790365 0.251953 0.786458 0.251953 0.787760 0.249023 0.794271 0.249023 0.796875 0.248047 0.798177 0.248047 0.807292 0.249023 0.808594 0.249023 0.809896 0.250977 0.812500 0.250977 0.815104 0.251953 0.816406 0.251953 0.817708 0.253906 0.820312 0.255859 0.820312 0.256836 0.821615 0.259766 0.821615 0.260742 0.822917 0.262695 0.822917 0.263672 0.824219 0.268555 0.824219 0.269531 0.825521 0.271484 0.825521 0.272461 0.824219 0.274414 0.824219 0.274414 0.820312 0.280273 0.812500 0.280273 0.811198 0.282227 0.808594 0.282227 0.803385 0.283203 0.802083 0.283203 0.794271 0.282227 0.792969 0.282227 0.790365 0.279297 0.786458 0.279297 0.785156
0 0.301758 0.760417 0.292969 0.760417 0.291992 0.761719 0.289062 0.761719 0.287109 0.764323 0.283203 0.764323 0.282227 0.765625 0.281250 0.765625 0.279297 0.768229 0.279297 0.770833 0.278320 0.772135 0.278320 0.778646 0.279297 0.779948 0.280273 0.783854 0.285156 0.790365 0.285156 0.791667 0.286133 0.792969 0.286133 0.794271 0.287109 0.795573 0.288086 0.799479 0.291016 0.802083 0.291992 0.800781 0.294922 0.800781 0.295898 0.799479 0.297852 0.799479 0.298828 0.798177 0.300781 0.798177 0.303711 0.794271 0.304688 0.794271 0.313477 0.782552 0.313477 0.779948 0.312500 0.778646 0.313477 0.777344 0.313477 0.774740 0.314453 0.773438 0.314453 0.772135 0.313477 0.770833 0.309570 0.770833 0.308594 0.769531 0.308594 0.768229
0 0.285156 0.701823 0.283203 0.699219 0.279297 0.704427 0.278320 0.704427 0.275391 0.707031 0.269531 0.707031 0.268555 0.705729 0.260742 0.705729 0.259766 0.704427 0.256836 0.704427 0.255859 0.703125 0.254883 0.703125 0.251953 0.707031 0.251953 0.708333 0.250977 0.709635 0.250977 0.714844 0.250000 0.716146 0.250000 0.718750 0.249023 0.720052 0.249023 0.727865 0.250000 0.729167 0.250000 0.730469 0.252930 0.734375 0.253906 0.734375 0.255859 0.736979 0.267578 0.736979 0.272461 0.733073 0.274414 0.733073 0.275391 0.731771 0.279297 0.731771 0.281250 0.729167 0.281250 0.727865 0.283203 0.723958 0.283203 0.721354 0.284180 0.720052 0.284180 0.714844 0.285156 0.713542
0 0.262695 0.664062 0.262695 0.665365 0.261719 0.666667 0.259766 0.666667 0.258789 0.667969 0.258789 0.670573 0.257812 0.671875 0.254883 0.680990 0.251953 0.684896 0.251953 0.688802 0.250000 0.692708 0.250000 0.695312 0.250977 0.696615 0.250977 0.697917 0.251953 0.697917 0.254883 0.701823 0.255859 0.701823 0.258789 0.704427 0.267578 0.704427 0.268555 0.705729 0.276367 0.705729 0.280273 0.700521 0.280273 0.699219 0.283203 0.694010 0.285156 0.687500 0.287109 0.684896 0.287109 0.680990 0.290039 0.674479 0.290039 0.670573 0.289062 0.670573 0.288086 0.671875 0.285156 0.671875 0.283203 0.669271 0.283203 0.666667 0.282227 0.666667 0.282227 0.667969 0.281250 0.669271 0.284180 0.673177 0.284180 0.675781 0.282227 0.678385 0.281250 0.677083 0.281250 0.675781 0.278320 0.674479 0.277344 0.673177 0.277344 0.671875 0.276367 0.671875 0.275391 0.670573 0.271484 0.670573 0.270508 0.669271 0.267578 0.669271 0.266602 0.667969 0.264648 0.667969 0.263672 0.666667 0.263672 0.664062
0 0.181641 0.613281 0.175781 0.621094 0.175781 0.622396 0.171875 0.627604 0.171875 0.628906 0.169922 0.631510 0.169922 0.635417 0.168945 0.636719 0.168945 0.639323 0.169922 0.640625 0.169922 0.652344 0.170898 0.653646 0.170898 0.656250 0.171875 0.657552 0.171875 0.658854 0.173828 0.661458 0.175781 0.661458 0.176758 0.662760 0.177734 0.662760 0.178711 0.664062 0.180664 0.664062 0.183594 0.666667 0.188477 0.666667 0.190430 0.664062 0.191406 0.660156 0.194336 0.656250 0.196289 0.648438 0.203125 0.638021 0.203125 0.635417 0.200195 0.631510 0.200195 0.627604 0.197266 0.623698 0.197266 0.621094 0.195312 0.618490 0.195312 0.617188 0.194336 0.617188 0.192383 0.614583 0.190430 0.617188 0.190430 0.618490 0.192383 0.618490 0.195312 0.621094 0.195312 0.622396 0.193359 0.625000 0.192383 0.625000 0.188477 0.621094 0.188477 0.617188 0.187500 0.617188 0.184570 0.614583 0.182617 0.614583
0 0.203125 0.641927 0.199219 0.647135 0.199219 0.648438 0.197266 0.652344 0.197266 0.654948 0.196289 0.656250 0.196289 0.667969 0.197266 0.669271 0.197266 0.671875 0.199219 0.674479 0.200195 0.674479 0.204102 0.679688 0.205078 0.679688 0.208008 0.682292 0.215820 0.682292 0.216797 0.680990 0.221680 0.680990 0.222656 0.679688 0.223633 0.679688 0.228516 0.673177 0.228516 0.671875 0.229492 0.670573 0.229492 0.662760 0.228516 0.661458 0.228516 0.657552 0.227539 0.656250 0.227539 0.651042 0.226562 0.649740 0.226562 0.647135 0.225586 0.645833 0.225586 0.644531 0.224609 0.644531 0.223633 0.643229 0.215820 0.643229 0.212891 0.640625 0.207031 0.640625 0.206055 0.641927
0 0.240234 0.628906 0.239258 0.630208 0.238281 0.630208 0.236328 0.632812 0.235352 0.632812 0.234375 0.634115 0.231445 0.635417 0.229492 0.638021 0.229492 0.639323 0.228516 0.640625 0.228516 0.649740 0.229492 0.651042 0.229492 0.654948 0.230469 0.656250 0.231445 0.660156 0.237305 0.667969 0.238281 0.667969 0.240234 0.670573 0.242188 0.670573 0.243164 0.671875 0.244141 0.671875 0.245117 0.670573 0.246094 0.670573 0.247070 0.669271 0.250000 0.667969 0.252930 0.664062 0.252930 0.662760 0.254883 0.660156 0.255859 0.660156 0.258789 0.656250 0.258789 0.654948 0.259766 0.653646 0.259766 0.651042 0.260742 0.649740 0.260742 0.647135 0.259766 0.645833 0.259766 0.641927 0.258789 0.640625 0.258789 0.639323 0.256836 0.636719 0.255859 0.636719 0.254883 0.635417 0.252930 0.635417 0.251953 0.634115 0.249023 0.632812 0.247070 0.630208 0.246094 0.630208 0.245117 0.628906
0 0.208984 0.585938 0.208984 0.587240 0.206055 0.591146 0.205078 0.591146 0.205078 0.593750 0.204102 0.595052 0.204102 0.598958 0.203125 0.600260 0.203125 0.604167 0.202148 0.605469 0.202148 0.623698 0.204102 0.626302 0.205078 0.626302 0.210938 0.635417 0.214844 0.635417 0.215820 0.636719 0.224609 0.636719 0.225586 0.635417 0.227539 0.635417 0.228516 0.634115 0.231445 0.632812 0.232422 0.631510 0.232422 0.627604 0.236328 0.622396 0.236328 0.621094 0.237305 0.619792 0.237305 0.615885 0.238281 0.614583 0.238281 0.610677 0.239258 0.609375 0.239258 0.601562 0.238281 0.600260 0.237305 0.596354 0.232422 0.589844 0.232422 0.588542 0.231445 0.587240 0.227539 0.587240 0.224609 0.584635 0.221680 0.584635 0.220703 0.583333 0.219727 0.583333 0.218750 0.584635 0.212891 0.584635 0.211914 0.585938
0 0.208008 0.561198 0.207031 0.561198 0.205078 0.558594 0.202148 0.558594 0.201172 0.557292 0.197266 0.557292 0.196289 0.555990 0.195312 0.557292 0.187500 0.557292 0.180664 0.566406 0.180664 0.567708 0.178711 0.570312 0.178711 0.571615 0.177734 0.572917 0.176758 0.576823 0.174805 0.579427 0.177734 0.582031 0.177734 0.583333 0.178711 0.584635 0.178711 0.588542 0.179688 0.589844 0.179688 0.592448 0.180664 0.593750 0.180664 0.595052 0.181641 0.596354 0.182617 0.596354 0.184570 0.598958 0.196289 0.598958 0.197266 0.597656 0.200195 0.597656 0.203125 0.593750 0.203125 0.592448 0.204102 0.591146 0.204102 0.589844 0.205078 0.588542 0.206055 0.584635 0.208008 0.582031 0.208984 0.578125 0.210938 0.575521 0.210938 0.571615 0.211914 0.570312 0.211914 0.567708 0.210938 0.566406 0.210938 0.565104
0 0.197266 0.501302 0.195312 0.501302 0.194336 0.502604 0.193359 0.502604 0.192383 0.506510 0.189453 0.510417 0.186523 0.511719 0.180664 0.518229 0.180664 0.522135 0.179688 0.523438 0.179688 0.527344 0.178711 0.528646 0.178711 0.531250 0.177734 0.532552 0.177734 0.536458 0.176758 0.537760 0.176758 0.539062 0.177734 0.540365 0.178711 0.546875 0.181641 0.550781 0.182617 0.550781 0.185547 0.553385 0.201172 0.553385 0.202148 0.549479 0.204102 0.546875 0.205078 0.546875 0.209961 0.542969 0.211914 0.542969 0.214844 0.539062 0.215820 0.539062 0.215820 0.537760 0.216797 0.536458 0.216797 0.531250 0.212891 0.527344 0.212891 0.526042 0.208008 0.514323 0.206055 0.514323 0.205078 0.513021 0.202148 0.513021 0.201172 0.511719 0.199219 0.511719 0.198242 0.513021 0.197266 0.513021 0.194336 0.509115 0.194336 0.506510 0.198242 0.502604
0 0.164062 0.494792 0.163086 0.496094 0.162109 0.496094 0.159180 0.500000 0.159180 0.501302 0.158203 0.502604 0.155273 0.503906 0.153320 0.506510 0.153320 0.509115 0.154297 0.510417 0.154297 0.516927 0.155273 0.518229 0.155273 0.522135 0.156250 0.523438 0.156250 0.524740 0.157227 0.526042 0.158203 0.529948 0.163086 0.535156 0.164062 0.535156 0.165039 0.536458 0.166992 0.536458 0.167969 0.537760 0.174805 0.537760 0.176758 0.535156 0.176758 0.532552 0.177734 0.531250 0.177734 0.528646 0.178711 0.527344 0.178711 0.523438 0.179688 0.522135 0.179688 0.519531 0.180664 0.518229 0.181641 0.514323 0.183594 0.511719 0.183594 0.510417 0.186523 0.506510 0.184570 0.503906 0.184570 0.502604 0.182617 0.500000 0.182617 0.498698 0.179688 0.494792 0.178711 0.494792 0.177734 0.493490 0.170898 0.493490 0.169922 0.494792
0 0.173828 0.438802 0.171875 0.438802 0.169922 0.441406 0.168945 0.441406 0.158203 0.455729 0.158203 0.457031 0.157227 0.458333 0.157227 0.466146 0.159180 0.470052 0.159180 0.477865 0.160156 0.479167 0.160156 0.481771 0.161133 0.483073 0.161133 0.485677 0.162109 0.486979 0.162109 0.488281 0.165039 0.492188 0.167969 0.492188 0.168945 0.490885 0.173828 0.490885 0.174805 0.492188 0.178711 0.492188 0.179688 0.490885 0.180664 0.490885 0.184570 0.485677 0.184570 0.480469 0.181641 0.473958 0.181641 0.468750 0.180664 0.467448 0.180664 0.460938 0.179688 0.459635 0.180664 0.458333 0.180664 0.453125 0.182617 0.450521 0.182617 0.449219 0.181641 0.449219 0.179688 0.446615 0.176758 0.445312
0 0.183594 0.388021 0.179688 0.388021 0.178711 0.389323 0.176758 0.389323 0.175781 0.390625 0.173828 0.390625 0.172852 0.391927 0.166992 0.391927 0.166016 0.393229 0.164062 0.393229 0.163086 0.394531 0.162109 0.394531 0.159180 0.398438 0.159180 0.407552 0.161133 0.411458 0.161133 0.414062 0.162109 0.415365 0.163086 0.419271 0.165039 0.421875 0.166992 0.428385 0.171875 0.434896 0.171875 0.436198 0.172852 0.436198 0.173828 0.437500 0.184570 0.437500 0.189453 0.430990 0.190430 0.430990 0.191406 0.429688 0.191406 0.428385 0.193359 0.424479 0.193359 0.420573 0.194336 0.419271 0.194336 0.410156 0.196289 0.407552 0.196289 0.406250 0.194336 0.403646 0.192383 0.403646 0.190430 0.401042 0.190430 0.398438 0.189453 0.397135 0.189453 0.395833 0.185547 0.395833 0.183594 0.393229
0 0.198242 0.442708 0.195312 0.442708 0.194336 0.444010 0.192383 0.444010 0.190430 0.446615 0.189453 0.446615 0.187500 0.449219 0.186523 0.449219 0.185547 0.450521 0.182617 0.451823 0.180664 0.454427 0.180664 0.464844 0.181641 0.466146 0.181641 0.472656 0.182617 0.473958 0.182617 0.476562 0.184570 0.479167 0.185547 0.483073 0.187500 0.485677 0.189453 0.485677 0.192383 0.488281 0.196289 0.488281 0.197266 0.486979 0.199219 0.486979 0.200195 0.485677 0.201172 0.485677 0.202148 0.484375 0.204102 0.484375 0.205078 0.483073 0.208984 0.483073 0.209961 0.481771 0.212891 0.481771 0.216797 0.476562 0.216797 0.473958 0.214844 0.470052 0.214844 0.467448 0.213867 0.466146 0.213867 0.463542 0.212891 0.462240 0.212891 0.454427 0.211914 0.453125 0.211914 0.451823 0.210938 0.450521 0.208008 0.449219 0.206055 0.446615 0.205078 0.446615 0.202148 0.444010 0.199219 0.444010
0 0.228516 0.397135 0.226562 0.397135 0.225586 0.395833 0.222656 0.395833 0.221680 0.394531 0.218750 0.394531 0.217773 0.395833 0.213867 0.395833 0.212891 0.397135 0.210938 0.397135 0.209961 0.398438 0.205078 0.399740 0.198242 0.408854 0.198242 0.411458 0.197266 0.412760 0.197266 0.415365 0.196289 0.416667 0.196289 0.419271 0.195312 0.420573 0.195312 0.424479 0.194336 0.425781 0.194336 0.434896 0.195312 0.436198 0.195312 0.437500 0.199219 0.441406 0.200195 0.441406 0.212891 0.450521 0.213867 0.449219 0.218750 0.449219 0.219727 0.447917 0.221680 0.447917 0.223633 0.445312 0.224609 0.445312 0.224609 0.444010 0.228516 0.437500 0.228516 0.434896 0.230469 0.432292 0.230469 0.430990 0.231445 0.429688 0.232422 0.429688 0.232422 0.428385 0.234375 0.424479 0.234375 0.423177 0.233398 0.421875 0.233398 0.415365 0.235352 0.411458 0.235352 0.407552 0.234375 0.406250 0.233398 0.402344 0.230469 0.398438 0.229492 0.398438
0 0.212891 0.339844 0.211914 0.341146 0.208984 0.342448 0.203125 0.350260 0.203125 0.351562 0.202148 0.352865 0.202148 0.355469 0.201172 0.356771 0.201172 0.361979 0.200195 0.363281 0.200195 0.364583 0.199219 0.365885 0.199219 0.368490 0.198242 0.369792 0.198242 0.373698 0.199219 0.375000 0.199219 0.376302 0.200195 0.377604 0.201172 0.377604 0.209961 0.390625 0.210938 0.390625 0.211914 0.391927 0.216797 0.391927 0.217773 0.390625 0.220703 0.390625 0.221680 0.391927 0.224609 0.391927 0.224609 0.390625 0.226562 0.388021 0.226562 0.386719 0.228516 0.382812 0.228516 0.380208 0.229492 0.378906 0.229492 0.373698 0.230469 0.372396 0.230469 0.369792 0.232422 0.367188 0.232422 0.363281 0.233398 0.361979 0.233398 0.354167 0.234375 0.352865 0.234375 0.350260 0.231445 0.348958 0.228516 0.345052 0.227539 0.345052 0.225586 0.342448 0.224609 0.342448 0.221680 0.339844
0 0.239258 0.395833 0.239258 0.399740 0.238281 0.401042 0.238281 0.414062 0.239258 0.415365 0.239258 0.417969 0.240234 0.419271 0.240234 0.423177 0.241211 0.424479 0.242188 0.424479 0.243164 0.425781 0.244141 0.425781 0.252930 0.432292 0.254883 0.432292 0.255859 0.433594 0.257812 0.433594 0.258789 0.432292 0.259766 0.432292 0.260742 0.433594 0.264648 0.433594 0.265625 0.432292 0.268555 0.432292 0.270508 0.429688 0.271484 0.429688 0.272461 0.428385 0.272461 0.427083 0.273438 0.425781 0.273438 0.417969 0.274414 0.416667 0.274414 0.404948 0.275391 0.403646 0.275391 0.399740 0.276367 0.398438 0.276367 0.397135 0.275391 0.397135 0.273438 0.394531 0.273438 0.393229 0.268555 0.390625 0.266602 0.388021 0.265625 0.388021 0.264648 0.386719 0.254883 0.386719 0.252930 0.389323 0.251953 0.389323 0.250977 0.390625 0.248047 0.390625 0.247070 0.391927 0.244141 0.391927
0 0.219727 0.329427 0.219727 0.332031 0.218750 0.333333 0.218750 0.335938 0.219727 0.337240 0.219727 0.338542 0.220703 0.338542 0.221680 0.339844 0.222656 0.339844 0.223633 0.341146 0.224609 0.341146 0.225586 0.342448 0.226562 0.342448 0.228516 0.345052 0.229492 0.345052 0.230469 0.346354 0.231445 0.346354 0.234375 0.350260 0.236328 0.350260 0.238281 0.347656 0.240234 0.347656 0.241211 0.346354 0.244141 0.346354 0.245117 0.345052 0.247070 0.345052 0.250000 0.341146 0.250000 0.333333 0.249023 0.332031 0.249023 0.324219 0.248047 0.322917 0.248047 0.320312 0.247070 0.319010 0.247070 0.317708 0.246094 0.317708 0.245117 0.316406 0.236328 0.316406 0.235352 0.315104 0.232422 0.315104 0.228516 0.320312 0.227539 0.320312 0.225586 0.322917 0.225586 0.324219 0.223633 0.326823 0.222656 0.326823
0 0.275391 0.304688 0.267578 0.304688 0.266602 0.305990 0.261719 0.305990 0.260742 0.307292 0.257812 0.307292 0.256836 0.308594 0.251953 0.311198 0.250977 0.312500 0.250977 0.313802 0.249023 0.316406 0.249023 0.322917 0.250000 0.324219 0.250000 0.329427 0.250977 0.330729 0.250977 0.343750 0.251953 0.345052 0.254883 0.346354 0.259766 0.352865 0.262695 0.352865 0.263672 0.354167 0.264648 0.352865 0.271484 0.352865 0.272461 0.351562 0.274414 0.351562 0.277344 0.347656 0.278320 0.347656 0.279297 0.346354 0.279297 0.343750 0.277344 0.341146 0.277344 0.338542 0.278320 0.337240 0.278320 0.334635 0.279297 0.333333 0.279297 0.326823 0.280273 0.325521 0.280273 0.324219 0.279297 0.322917 0.279297 0.317708 0.278320 0.316406 0.277344 0.316406 0.275391 0.313802 0.276367 0.312500 0.276367 0.307292 0.275391 0.305990
0 0.248047 0.346354 0.246094 0.348958 0.246094 0.350260 0.244141 0.352865 0.243164 0.352865 0.243164 0.354167 0.241211 0.358073 0.241211 0.367188 0.242188 0.368490 0.242188 0.369792 0.243164 0.371094 0.243164 0.372396 0.245117 0.375000 0.245117 0.376302 0.247070 0.378906 0.248047 0.378906 0.250000 0.381510 0.250977 0.381510 0.252930 0.384115 0.267578 0.384115 0.270508 0.380208 0.270508 0.358073 0.269531 0.356771 0.267578 0.356771 0.264648 0.354167 0.261719 0.354167 0.260742 0.352865 0.259766 0.352865 0.256836 0.348958 0.255859 0.348958 0.252930 0.346354
0 0.308594 0.350260 0.307617 0.350260 0.303711 0.345052 0.302734 0.345052 0.301758 0.343750 0.299805 0.343750 0.298828 0.342448 0.297852 0.343750 0.293945 0.343750 0.291016 0.346354 0.286133 0.346354 0.285156 0.347656 0.284180 0.347656 0.283203 0.348958 0.281250 0.348958 0.280273 0.350260 0.277344 0.351562 0.275391 0.354167 0.274414 0.354167 0.272461 0.356771 0.272461 0.358073 0.271484 0.359375 0.271484 0.377604 0.272461 0.378906 0.273438 0.382812 0.278320 0.389323 0.282227 0.389323 0.283203 0.390625 0.287109 0.390625 0.288086 0.389323 0.293945 0.389323 0.294922 0.388021 0.298828 0.388021 0.299805 0.386719 0.301758 0.386719 0.302734 0.385417 0.303711 0.385417 0.308594 0.377604 0.308594 0.371094 0.309570 0.369792 0.309570 0.365885 0.310547 0.364583 0.310547 0.355469 0.309570 0.354167
0 0.303711 0.391927 0.296875 0.391927 0.295898 0.393229 0.290039 0.393229 0.289062 0.394531 0.287109 0.394531 0.284180 0.397135 0.282227 0.397135 0.281250 0.401042 0.276367 0.407552 0.276367 0.410156 0.275391 0.411458 0.275391 0.427083 0.276367 0.428385 0.276367 0.429688 0.277344 0.430990 0.278320 0.430990 0.281250 0.434896 0.282227 0.434896 0.283203 0.436198 0.284180 0.436198 0.285156 0.437500 0.286133 0.437500 0.294922 0.444010 0.295898 0.442708 0.299805 0.442708 0.300781 0.441406 0.302734 0.441406 0.305664 0.438802 0.305664 0.437500 0.306641 0.436198 0.306641 0.432292 0.307617 0.430990 0.308594 0.427083 0.310547 0.424479 0.310547 0.423177 0.311523 0.421875 0.311523 0.419271 0.312500 0.417969 0.312500 0.406250 0.307617 0.398438 0.306641 0.394531
0 0.256836 0.450521 0.251953 0.444010 0.250977 0.444010 0.250000 0.442708 0.248047 0.442708 0.247070 0.441406 0.243164 0.441406 0.242188 0.442708 0.240234 0.442708 0.239258 0.444010 0.238281 0.444010 0.235352 0.446615 0.233398 0.446615 0.232422 0.447917 0.226562 0.447917 0.225586 0.449219 0.223633 0.449219 0.221680 0.453125 0.221680 0.458333 0.220703 0.459635 0.220703 0.466146 0.219727 0.467448 0.219727 0.476562 0.220703 0.477865 0.220703 0.480469 0.222656 0.483073 0.223633 0.483073 0.226562 0.485677 0.231445 0.486979 0.232422 0.488281 0.243164 0.488281 0.244141 0.486979 0.249023 0.486979 0.250000 0.485677 0.251953 0.485677 0.253906 0.483073 0.254883 0.483073 0.255859 0.481771 0.255859 0.480469 0.256836 0.479167 0.256836 0.476562 0.257812 0.475260 0.257812 0.455729 0.256836 0.454427
0 0.293945 0.446615 0.292969 0.445312 0.291992 0.445312 0.291016 0.444010 0.288086 0.442708 0.284180 0.437500 0.282227 0.437500 0.281250 0.436198 0.273438 0.436198 0.272461 0.437500 0.267578 0.437500 0.266602 0.438802 0.265625 0.438802 0.263672 0.441406 0.262695 0.441406 0.260742 0.445312 0.260742 0.472656 0.261719 0.473958 0.261719 0.475260 0.262695 0.476562 0.265625 0.476562 0.266602 0.477865 0.267578 0.477865 0.268555 0.476562 0.275391 0.476562 0.276367 0.475260 0.277344 0.475260 0.278320 0.473958 0.280273 0.473958 0.283203 0.471354 0.286133 0.471354 0.287109 0.470052 0.289062 0.470052 0.290039 0.468750 0.291016 0.468750 0.292969 0.466146 0.292969 0.463542 0.293945 0.462240
0 0.259766 0.492188 0.257812 0.492188 0.256836 0.493490 0.250977 0.493490 0.250000 0.494792 0.241211 0.494792 0.240234 0.496094 0.238281 0.496094 0.234375 0.501302 0.234375 0.502604 0.229492 0.510417 0.229492 0.511719 0.228516 0.513021 0.228516 0.518229 0.229492 0.519531 0.229492 0.524740 0.230469 0.526042 0.230469 0.527344 0.232422 0.529948 0.232422 0.532552 0.233398 0.533854 0.235352 0.540365 0.237305 0.542969 0.237305 0.544271 0.238281 0.545573 0.240234 0.545573 0.241211 0.546875 0.244141 0.546875 0.247070 0.544271 0.249023 0.544271 0.251953 0.540365 0.252930 0.536458 0.253906 0.535156 0.254883 0.535156 0.260742 0.527344 0.260742 0.526042 0.262695 0.523438 0.262695 0.501302 0.263672 0.500000 0.263672 0.497396
0 0.267578 0.501302 0.267578 0.502604 0.266602 0.503906 0.266602 0.507812 0.265625 0.509115 0.265625 0.516927 0.264648 0.518229 0.264648 0.524740 0.265625 0.526042 0.265625 0.528646 0.271484 0.536458 0.272461 0.536458 0.274414 0.539062 0.275391 0.539062 0.276367 0.540365 0.279297 0.540365 0.280273 0.541667 0.288086 0.541667 0.289062 0.540365 0.291016 0.540365 0.291992 0.539062 0.292969 0.539062 0.295898 0.535156 0.295898 0.533854 0.297852 0.529948 0.297852 0.526042 0.298828 0.524740 0.298828 0.519531 0.299805 0.518229 0.299805 0.509115 0.300781 0.507812 0.299805 0.506510 0.298828 0.502604 0.292969 0.502604 0.291992 0.501302 0.286133 0.501302 0.285156 0.500000 0.278320 0.500000 0.277344 0.501302 0.273438 0.501302 0.272461 0.500000 0.269531 0.500000 0.268555 0.501302
0 0.258789 0.535156 0.257812 0.536458 0.254883 0.537760 0.250977 0.545573 0.250977 0.558594 0.251953 0.559896 0.253906 0.566406 0.257812 0.572917 0.257812 0.574219 0.262695 0.580729 0.265625 0.580729 0.266602 0.582031 0.273438 0.582031 0.274414 0.580729 0.275391 0.580729 0.278320 0.576823 0.279297 0.576823 0.283203 0.571615 0.283203 0.570312 0.286133 0.563802 0.286133 0.561198 0.287109 0.559896 0.287109 0.552083 0.288086 0.550781 0.288086 0.548177 0.287109 0.546875 0.287109 0.544271 0.285156 0.544271 0.284180 0.542969 0.280273 0.542969 0.279297 0.541667 0.276367 0.541667 0.275391 0.540365 0.273438 0.540365 0.272461 0.539062 0.269531 0.537760 0.267578 0.535156
0 0.274414 0.584635 0.272461 0.584635 0.271484 0.583333 0.262695 0.583333 0.261719 0.582031 0.258789 0.582031 0.257812 0.583333 0.255859 0.583333 0.251953 0.587240 0.250977 0.587240 0.247070 0.593750 0.247070 0.595052 0.245117 0.598958 0.245117 0.604167 0.244141 0.605469 0.245117 0.606771 0.245117 0.615885 0.246094 0.617188 0.246094 0.625000 0.247070 0.626302 0.247070 0.627604 0.250977 0.632812 0.252930 0.632812 0.253906 0.634115 0.257812 0.634115 0.262695 0.630208 0.265625 0.630208 0.266602 0.628906 0.271484 0.627604 0.275391 0.623698 0.276367 0.623698 0.278320 0.621094 0.279297 0.621094 0.282227 0.617188 0.282227 0.614583 0.281250 0.613281 0.281250 0.598958 0.280273 0.597656 0.280273 0.593750
0 0.299805 0.567708 0.298828 0.569010 0.296875 0.569010 0.295898 0.570312 0.294922 0.570312 0.290039 0.576823 0.290039 0.578125 0.287109 0.582031 0.287109 0.583333 0.285156 0.585938 0.284180 0.592448 0.282227 0.595052 0.282227 0.601562 0.285156 0.605469 0.285156 0.606771 0.286133 0.608073 0.286133 0.610677 0.289062 0.614583 0.291992 0.615885 0.299805 0.623698 0.307617 0.623698 0.312500 0.617188 0.312500 0.615885 0.315430 0.610677 0.315430 0.608073 0.316406 0.606771 0.316406 0.597656 0.317383 0.596354 0.317383 0.593750 0.318359 0.592448 0.318359 0.588542 0.319336 0.587240 0.319336 0.583333 0.320312 0.582031 0.320312 0.579427 0.319336 0.578125 0.318359 0.574219 0.316406 0.571615 0.314453 0.571615 0.313477 0.570312 0.308594 0.570312 0.307617 0.569010 0.304688 0.569010 0.303711 0.567708
0 0.308594 0.520833 0.307617 0.522135 0.306641 0.522135 0.300781 0.529948 0.300781 0.531250 0.299805 0.532552 0.298828 0.536458 0.295898 0.540365 0.294922 0.540365 0.293945 0.541667 0.291992 0.549479 0.292969 0.550781 0.292969 0.553385 0.294922 0.555990 0.295898 0.555990 0.300781 0.562500 0.301758 0.562500 0.304688 0.566406 0.305664 0.566406 0.306641 0.567708 0.308594 0.567708 0.309570 0.569010 0.313477 0.569010 0.314453 0.567708 0.316406 0.567708 0.317383 0.566406 0.318359 0.566406 0.322266 0.561198 0.322266 0.559896 0.323242 0.558594 0.323242 0.555990 0.324219 0.554688 0.324219 0.552083 0.326172 0.549479 0.326172 0.546875 0.327148 0.545573 0.327148 0.539062 0.325195 0.536458 0.324219 0.536458 0.323242 0.535156 0.323242 0.533854 0.315430 0.523438 0.315430 0.522135 0.314453 0.522135 0.313477 0.520833
0 0.309570 0.470052 0.307617 0.472656 0.306641 0.472656 0.304688 0.475260 0.303711 0.475260 0.302734 0.476562 0.302734 0.479167 0.301758 0.480469 0.301758 0.484375 0.300781 0.485677 0.300781 0.486979 0.301758 0.488281 0.301758 0.492188 0.302734 0.492188 0.303711 0.493490 0.303711 0.506510 0.304688 0.507812 0.304688 0.509115 0.308594 0.514323 0.309570 0.514323 0.312500 0.516927 0.314453 0.516927 0.315430 0.518229 0.319336 0.518229 0.320312 0.516927 0.324219 0.516927 0.325195 0.515625 0.330078 0.513021 0.331055 0.511719 0.331055 0.510417 0.333008 0.507812 0.333008 0.506510 0.331055 0.503906 0.331055 0.498698 0.332031 0.497396 0.332031 0.490885 0.333008 0.489583 0.333008 0.480469 0.332031 0.479167 0.331055 0.475260 0.329102 0.472656 0.325195 0.472656 0.322266 0.470052 0.319336 0.470052 0.318359 0.468750 0.313477 0.468750 0.312500 0.470052
0 0.331055 0.423177 0.329102 0.423177 0.329102 0.424479 0.328125 0.425781 0.325195 0.427083 0.323242 0.429688 0.323242 0.430990 0.322266 0.432292 0.321289 0.432292 0.318359 0.436198 0.318359 0.437500 0.314453 0.446615 0.314453 0.449219 0.313477 0.450521 0.313477 0.459635 0.315430 0.462240 0.315430 0.463542 0.320312 0.466146 0.322266 0.468750 0.323242 0.468750 0.324219 0.470052 0.333984 0.470052 0.334961 0.468750 0.337891 0.468750 0.338867 0.467448 0.339844 0.467448 0.341797 0.464844 0.342773 0.464844 0.342773 0.463542 0.345703 0.457031 0.345703 0.454427 0.348633 0.447917 0.348633 0.444010 0.349609 0.442708 0.349609 0.437500 0.348633 0.437500 0.346680 0.440104 0.344727 0.440104 0.341797 0.433594 0.341797 0.430990 0.339844 0.428385 0.338867 0.428385 0.336914 0.425781 0.334961 0.425781 0.333984 0.427083
0 0.308594 0.390625 0.308594 0.395833 0.309570 0.397135 0.309570 0.398438 0.313477 0.403646 0.314453 0.407552 0.318359 0.412760 0.319336 0.412760 0.321289 0.415365 0.322266 0.415365 0.325195 0.417969 0.329102 0.417969 0.330078 0.416667 0.331055 0.416667 0.333008 0.414062 0.335938 0.414062 0.336914 0.412760 0.338867 0.412760 0.339844 0.411458 0.340820 0.411458 0.340820 0.410156 0.341797 0.408854 0.341797 0.406250 0.342773 0.404948 0.342773 0.390625 0.335938 0.381510 0.334961 0.381510 0.330078 0.376302 0.321289 0.376302 0.319336 0.378906 0.318359 0.378906 0.317383 0.380208 0.316406 0.380208 0.314453 0.382812 0.313477 0.382812 0.311523 0.385417 0.311523 0.386719
0 0.321289 0.326823 0.320312 0.328125 0.317383 0.329427 0.316406 0.330729 0.316406 0.332031 0.314453 0.335938 0.314453 0.342448 0.313477 0.343750 0.313477 0.351562 0.312500 0.352865 0.312500 0.359375 0.313477 0.360677 0.313477 0.361979 0.316406 0.365885 0.317383 0.365885 0.320312 0.369792 0.321289 0.369792 0.323242 0.372396 0.324219 0.372396 0.325195 0.373698 0.330078 0.373698 0.331055 0.372396 0.332031 0.372396 0.334961 0.368490 0.334961 0.367188 0.335938 0.365885 0.335938 0.364583 0.336914 0.363281 0.336914 0.361979 0.337891 0.360677 0.337891 0.359375 0.339844 0.355469 0.339844 0.350260 0.340820 0.348958 0.340820 0.347656 0.341797 0.346354 0.341797 0.345052 0.342773 0.343750 0.343750 0.339844 0.341797 0.335938 0.336914 0.335938 0.335938 0.334635 0.331055 0.334635 0.330078 0.333333 0.328125 0.333333 0.327148 0.332031 0.326172 0.332031 0.322266 0.326823
0 0.351562 0.339844 0.350586 0.341146 0.348633 0.341146 0.346680 0.343750 0.345703 0.343750 0.341797 0.348958 0.341797 0.352865 0.340820 0.354167 0.340820 0.359375 0.339844 0.360677 0.339844 0.377604 0.338867 0.378906 0.338867 0.381510 0.339844 0.382812 0.339844 0.384115 0.342773 0.388021 0.343750 0.388021 0.346680 0.390625 0.348633 0.390625 0.349609 0.391927 0.355469 0.391927 0.363281 0.381510 0.366211 0.380208 0.368164 0.377604 0.368164 0.376302 0.369141 0.375000 0.370117 0.375000 0.370117 0.373698 0.372070 0.369792 0.372070 0.367188 0.373047 0.365885 0.373047 0.360677 0.372070 0.359375 0.372070 0.356771 0.371094 0.355469 0.371094 0.354167 0.369141 0.351562 0.369141 0.350260 0.365234 0.345052 0.362305 0.345052 0.361328 0.343750 0.359375 0.343750 0.354492 0.339844
0 0.359375 0.390625 0.359375 0.391927 0.358398 0.393229 0.358398 0.399740 0.357422 0.401042 0.357422 0.408854 0.359375 0.412760 0.360352 0.412760 0.361328 0.414062 0.362305 0.414062 0.363281 0.415365 0.366211 0.416667 0.371094 0.423177 0.372070 0.423177 0.373047 0.424479 0.388672 0.424479 0.391602 0.421875 0.391602 0.420573 0.392578 0.419271 0.392578 0.411458 0.393555 0.410156 0.393555 0.404948 0.390625 0.401042 0.389648 0.401042 0.388672 0.399740 0.385742 0.399740 0.384766 0.398438 0.383789 0.398438 0.382812 0.397135 0.381836 0.397135 0.380859 0.395833 0.377930 0.394531 0.373047 0.388021 0.373047 0.385417 0.372070 0.384115 0.372070 0.382812 0.367188 0.382812 0.365234 0.385417 0.364258 0.385417 0.361328 0.389323 0.360352 0.389323
0 0.387695 0.348958 0.386719 0.350260 0.385742 0.350260 0.375977 0.363281 0.375977 0.364583 0.373047 0.371094 0.373047 0.375000 0.372070 0.376302 0.372070 0.381510 0.374023 0.385417 0.374023 0.388021 0.375000 0.389323 0.375000 0.390625 0.375977 0.391927 0.376953 0.391927 0.378906 0.394531 0.379883 0.394531 0.380859 0.395833 0.382812 0.395833 0.383789 0.397135 0.385742 0.397135 0.386719 0.398438 0.388672 0.398438 0.389648 0.399740 0.392578 0.401042 0.394531 0.403646 0.397461 0.403646 0.398438 0.402344 0.399414 0.402344 0.399414 0.401042 0.400391 0.399740 0.400391 0.398438 0.402344 0.395833 0.402344 0.394531 0.404297 0.391927 0.405273 0.391927 0.405273 0.390625 0.406250 0.389323 0.406250 0.386719 0.408203 0.382812 0.408203 0.367188 0.407227 0.365885 0.405273 0.359375 0.403320 0.356771 0.400391 0.355469 0.398438 0.352865 0.397461 0.352865 0.396484 0.351562 0.392578 0.351562 0.389648 0.348958
0 0.345703 0.282552 0.337891 0.282552 0.336914 0.283854 0.334961 0.283854 0.333984 0.285156 0.331055 0.286458 0.325195 0.294271 0.325195 0.295573 0.320312 0.302083 0.319336 0.302083 0.318359 0.303385 0.318359 0.309896 0.319336 0.311198 0.319336 0.313802 0.320312 0.315104 0.320312 0.317708 0.321289 0.319010 0.323242 0.325521 0.328125 0.332031 0.329102 0.332031 0.330078 0.333333 0.333008 0.333333 0.333984 0.334635 0.341797 0.334635 0.342773 0.333333 0.344727 0.333333 0.345703 0.332031 0.346680 0.328125 0.348633 0.325521 0.348633 0.324219 0.349609 0.322917 0.349609 0.320312 0.351562 0.317708 0.351562 0.316406 0.352539 0.315104 0.352539 0.312500 0.354492 0.309896 0.354492 0.308594 0.356445 0.304688 0.356445 0.302083 0.355469 0.300781 0.355469 0.298177 0.352539 0.291667 0.352539 0.289062 0.349609 0.285156 0.348633 0.285156
0 0.381836 0.298177 0.380859 0.298177 0.377930 0.295573 0.374023 0.295573 0.373047 0.294271 0.372070 0.294271 0.371094 0.295573 0.368164 0.295573 0.366211 0.298177 0.363281 0.299479 0.360352 0.303385 0.359375 0.303385 0.357422 0.305990 0.357422 0.307292 0.355469 0.309896 0.355469 0.311198 0.354492 0.312500 0.354492 0.322917 0.355469 0.324219 0.355469 0.329427 0.356445 0.330729 0.356445 0.337240 0.358398 0.339844 0.359375 0.339844 0.362305 0.342448 0.369141 0.342448 0.372070 0.338542 0.373047 0.338542 0.375000 0.335938 0.376953 0.335938 0.377930 0.334635 0.380859 0.333333 0.382812 0.330729 0.383789 0.330729 0.386719 0.326823 0.386719 0.308594 0.385742 0.307292 0.385742 0.304688 0.382812 0.300781 0.382812 0.299479
0 0.403320 0.307292 0.402344 0.308594 0.401367 0.308594 0.398438 0.312500 0.397461 0.312500 0.394531 0.316406 0.393555 0.316406 0.392578 0.317708 0.392578 0.319010 0.390625 0.321615 0.390625 0.322917 0.387695 0.326823 0.387695 0.328125 0.386719 0.329427 0.386719 0.339844 0.387695 0.341146 0.387695 0.343750 0.390625 0.345052 0.395508 0.350260 0.396484 0.350260 0.397461 0.351562 0.402344 0.354167 0.406250 0.359375 0.406250 0.360677 0.407227 0.361979 0.409180 0.361979 0.412109 0.359375 0.412109 0.358073 0.419922 0.347656 0.419922 0.346354 0.420898 0.345052 0.420898 0.342448 0.421875 0.341146 0.421875 0.335938 0.422852 0.334635 0.421875 0.333333 0.421875 0.330729 0.423828 0.326823 0.423828 0.321615 0.421875 0.319010 0.420898 0.319010 0.418945 0.316406 0.417969 0.316406 0.416016 0.313802 0.416016 0.312500 0.415039 0.312500 0.413086 0.309896 0.411133 0.309896 0.410156 0.308594 0.408203 0.308594 0.407227 0.307292
0 0.402344 0.246094 0.401367 0.246094 0.400391 0.244792 0.395508 0.244792 0.394531 0.246094 0.381836 0.246094 0.380859 0.247396 0.370117 0.247396 0.369141 0.248698 0.367188 0.248698 0.366211 0.250000 0.361328 0.251302 0.359375 0.255208 0.359375 0.261719 0.360352 0.263021 0.359375 0.266927 0.360352 0.268229 0.360352 0.270833 0.362305 0.273438 0.362305 0.274740 0.368164 0.281250 0.369141 0.285156 0.373047 0.289062 0.376953 0.289062 0.377930 0.287760 0.381836 0.287760 0.382812 0.286458 0.385742 0.286458 0.386719 0.285156 0.389648 0.285156 0.392578 0.282552 0.392578 0.279948 0.393555 0.278646 0.393555 0.272135 0.396484 0.268229 0.396484 0.265625 0.398438 0.263021 0.399414 0.263021 0.402344 0.257812 0.403320 0.257812 0.403320 0.252604 0.402344 0.251302
0 0.403320 0.260417 0.398438 0.266927 0.398438 0.268229 0.396484 0.270833 0.396484 0.272135 0.395508 0.273438 0.395508 0.279948 0.396484 0.281250 0.396484 0.286458 0.397461 0.287760 0.397461 0.290365 0.398438 0.291667 0.398438 0.294271 0.399414 0.295573 0.399414 0.299479 0.400391 0.300781 0.400391 0.302083 0.401367 0.302083 0.402344 0.303385 0.417969 0.303385 0.418945 0.302083 0.420898 0.302083 0.425781 0.296875 0.425781 0.295573 0.426758 0.294271 0.426758 0.291667 0.427734 0.290365 0.427734 0.286458 0.426758 0.285156 0.425781 0.281250 0.422852 0.277344 0.422852 0.268229 0.421875 0.266927 0.418945 0.266927 0.417969 0.265625 0.416016 0.265625 0.415039 0.264323 0.414062 0.264323 0.413086 0.263021 0.412109 0.263021 0.411133 0.261719 0.410156 0.261719 0.407227 0.259115 0.405273 0.259115 0.404297 0.260417
0 0.427734 0.213542 0.425781 0.213542 0.424805 0.214844 0.419922 0.214844 0.418945 0.216146 0.416016 0.216146 0.415039 0.217448 0.412109 0.217448 0.411133 0.218750 0.408203 0.220052 0.403320 0.225260 0.403320 0.227865 0.402344 0.229167 0.402344 0.240885 0.404297 0.244792 0.404297 0.252604 0.405273 0.253906 0.405273 0.256510 0.406250 0.257812 0.407227 0.257812 0.410156 0.260417 0.413086 0.260417 0.416016 0.263021 0.418945 0.263021 0.419922 0.264323 0.423828 0.264323 0.424805 0.263021 0.425781 0.263021 0.427734 0.260417 0.427734 0.259115 0.428711 0.257812 0.428711 0.253906 0.429688 0.252604 0.429688 0.248698 0.430664 0.247396 0.430664 0.240885 0.431641 0.239583 0.431641 0.233073 0.430664 0.231771 0.430664 0.226562 0.432617 0.222656 0.432617 0.218750 0.431641 0.217448 0.431641 0.216146 0.430664 0.216146
0 0.426758 0.190104 0.426758 0.197917 0.427734 0.199219 0.427734 0.203125 0.428711 0.204427 0.428711 0.210938 0.430664 0.214844 0.431641 0.214844 0.435547 0.220052 0.436523 0.220052 0.440430 0.225260 0.441406 0.225260 0.442383 0.226562 0.445312 0.226562 0.446289 0.227865 0.449219 0.227865 0.450195 0.229167 0.452148 0.229167 0.453125 0.227865 0.456055 0.227865 0.457031 0.226562 0.458008 0.226562 0.458008 0.218750 0.458984 0.217448 0.458984 0.207031 0.458008 0.205729 0.458008 0.191406 0.457031 0.190104 0.457031 0.187500 0.456055 0.186198 0.455078 0.182292 0.453125 0.179688 0.452148 0.179688 0.451172 0.178385 0.449219 0.178385 0.448242 0.177083 0.442383 0.177083 0.441406 0.178385 0.439453 0.178385 0.438477 0.179688 0.437500 0.179688 0.435547 0.182292 0.434570 0.182292 0.432617 0.186198 0.431641 0.186198 0.429688 0.188802
0 0.447266 0.233073 0.440430 0.240885 0.440430 0.243490 0.439453 0.244792 0.439453 0.250000 0.438477 0.251302 0.438477 0.257812 0.437500 0.259115 0.437500 0.268229 0.438477 0.269531 0.439453 0.269531 0.445312 0.277344 0.446289 0.277344 0.451172 0.281250 0.458984 0.281250 0.459961 0.279948 0.460938 0.279948 0.465820 0.276042 0.467773 0.276042 0.468750 0.274740 0.468750 0.263021 0.469727 0.261719 0.469727 0.253906 0.470703 0.252604 0.470703 0.246094 0.467773 0.242188 0.466797 0.242188 0.462891 0.236979 0.461914 0.236979 0.457031 0.233073
0 0.475586 0.244792 0.474609 0.246094 0.473633 0.246094 0.473633 0.247396 0.471680 0.251302 0.471680 0.261719 0.470703 0.263021 0.470703 0.274740 0.471680 0.276042 0.471680 0.278646 0.472656 0.279948 0.473633 0.283854 0.477539 0.290365 0.479492 0.290365 0.480469 0.291667 0.490234 0.291667 0.491211 0.290365 0.492188 0.290365 0.495117 0.286458 0.495117 0.285156 0.496094 0.283854 0.496094 0.281250 0.497070 0.279948 0.498047 0.276042 0.500000 0.273438 0.500000 0.270833 0.501953 0.266927 0.501953 0.259115 0.500977 0.257812 0.500977 0.251302 0.499023 0.247396 0.498047 0.247396 0.497070 0.246094 0.495117 0.246094 0.494141 0.244792 0.493164 0.244792 0.492188 0.243490 0.490234 0.243490 0.489258 0.242188 0.484375 0.242188 0.483398 0.243490 0.478516 0.243490 0.477539 0.244792
0 0.523438 0.201823 0.522461 0.201823 0.519531 0.199219 0.517578 0.199219 0.516602 0.197917 0.505859 0.197917 0.504883 0.199219 0.503906 0.199219 0.500977 0.201823 0.499023 0.201823 0.498047 0.203125 0.498047 0.204427 0.497070 0.205729 0.497070 0.208333 0.495117 0.210938 0.495117 0.216146 0.497070 0.220052 0.497070 0.222656 0.496094 0.223958 0.496094 0.231771 0.499023 0.235677 0.499023 0.239583 0.500000 0.240885 0.500000 0.243490 0.501953 0.246094 0.502930 0.246094 0.503906 0.244792 0.512695 0.244792 0.514648 0.242188 0.514648 0.240885 0.515625 0.239583 0.516602 0.239583 0.525391 0.227865 0.525391 0.226562 0.526367 0.225260 0.526367 0.222656 0.527344 0.221354 0.527344 0.213542 0.526367 0.212240 0.526367 0.209635 0.525391 0.208333 0.525391 0.205729
0 0.507812 0.251302 0.506836 0.252604 0.505859 0.252604 0.502930 0.255208 0.502930 0.270833 0.501953 0.272135 0.503906 0.274740 0.503906 0.276042 0.507812 0.281250 0.507812 0.282552 0.509766 0.285156 0.510742 0.285156 0.515625 0.291667 0.515625 0.292969 0.517578 0.295573 0.519531 0.295573 0.520508 0.296875 0.523438 0.292969 0.523438 0.291667 0.525391 0.289062 0.526367 0.285156 0.529297 0.281250 0.529297 0.279948 0.531250 0.276042 0.531250 0.273438 0.532227 0.272135 0.532227 0.270833 0.531250 0.269531 0.531250 0.264323 0.530273 0.263021 0.530273 0.261719 0.528320 0.259115 0.527344 0.259115 0.525391 0.256510 0.524414 0.256510 0.521484 0.252604 0.520508 0.252604 0.518555 0.250000 0.511719 0.250000 0.510742 0.251302
0 0.449219 0.305990 0.449219 0.311198 0.450195 0.312500 0.450195 0.316406 0.454102 0.322917 0.454102 0.324219 0.455078 0.325521 0.455078 0.329427 0.456055 0.330729 0.457031 0.334635 0.459961 0.338542 0.460938 0.338542 0.463867 0.341146 0.476562 0.341146 0.477539 0.339844 0.480469 0.339844 0.481445 0.338542 0.484375 0.337240 0.489258 0.330729 0.490234 0.330729 0.492188 0.326823 0.492188 0.313802 0.491211 0.312500 0.490234 0.308594 0.488281 0.305990 0.488281 0.302083 0.487305 0.300781 0.487305 0.298177 0.484375 0.295573 0.482422 0.295573 0.481445 0.294271 0.479492 0.294271 0.478516 0.292969 0.475586 0.292969 0.474609 0.294271 0.469727 0.294271 0.468750 0.292969 0.459961 0.292969 0.458984 0.294271 0.454102 0.296875
0 0.509766 0.286458 0.508789 0.286458 0.507812 0.287760 0.505859 0.287760 0.504883 0.289062 0.500977 0.289062 0.500000 0.290365 0.497070 0.290365 0.496094 0.291667 0.494141 0.291667 0.491211 0.295573 0.490234 0.295573 0.488281 0.299479 0.489258 0.300781 0.489258 0.305990 0.491211 0.308594 0.491211 0.309896 0.492188 0.311198 0.492188 0.313802 0.493164 0.315104 0.493164 0.324219 0.495117 0.326823 0.496094 0.326823 0.497070 0.328125 0.505859 0.328125 0.506836 0.326823 0.508789 0.326823 0.511719 0.322917 0.511719 0.320312 0.513672 0.316406 0.513672 0.313802 0.514648 0.312500 0.514648 0.311198 0.515625 0.309896 0.515625 0.308594 0.516602 0.307292 0.516602 0.305990 0.518555 0.302083 0.518555 0.298177 0.515625 0.294271 0.515625 0.292969 0.513672 0.290365 0.513672 0.289062 0.512695 0.289062
0 0.444336 0.328125 0.443359 0.329427 0.440430 0.330729 0.435547 0.337240 0.433594 0.337240 0.431641 0.339844 0.431641 0.351562 0.432617 0.352865 0.432617 0.358073 0.433594 0.359375 0.433594 0.361979 0.434570 0.363281 0.434570 0.364583 0.436523 0.367188 0.437500 0.367188 0.439453 0.369792 0.441406 0.369792 0.442383 0.371094 0.451172 0.371094 0.452148 0.369792 0.456055 0.369792 0.458008 0.367188 0.458984 0.367188 0.463867 0.361979 0.463867 0.360677 0.462891 0.359375 0.462891 0.356771 0.461914 0.355469 0.461914 0.354167 0.459961 0.350260 0.459961 0.347656 0.458984 0.346354 0.458984 0.342448 0.458008 0.341146 0.458008 0.339844 0.456055 0.337240 0.456055 0.334635 0.455078 0.333333 0.455078 0.332031 0.453125 0.329427 0.452148 0.329427 0.451172 0.328125
0 0.421875 0.371094 0.420898 0.372396 0.419922 0.372396 0.414062 0.378906 0.412109 0.385417 0.409180 0.389323 0.409180 0.390625 0.408203 0.391927 0.408203 0.399740 0.409180 0.401042 0.409180 0.403646 0.412109 0.407552 0.413086 0.411458 0.415039 0.414062 0.416016 0.414062 0.417969 0.416667 0.418945 0.416667 0.423828 0.420573 0.428711 0.420573 0.429688 0.419271 0.434570 0.419271 0.435547 0.417969 0.437500 0.417969 0.438477 0.419271 0.445312 0.408854 0.445312 0.407552 0.446289 0.406250 0.446289 0.398438 0.445312 0.397135 0.445312 0.395833 0.444336 0.394531 0.442383 0.388021 0.440430 0.385417 0.440430 0.384115 0.438477 0.380208 0.438477 0.377604 0.437500 0.376302 0.437500 0.375000 0.435547 0.372396 0.434570 0.372396 0.433594 0.371094 0.429688 0.371094 0.428711 0.369792 0.425781 0.369792 0.424805 0.371094
0 0.498047 0.330729 0.497070 0.330729 0.496094 0.329427 0.492188 0.329427 0.490234 0.332031 0.489258 0.332031 0.487305 0.334635 0.487305 0.335938 0.486328 0.337240 0.485352 0.337240 0.484375 0.338542 0.483398 0.338542 0.480469 0.341146 0.477539 0.341146 0.476562 0.342448 0.473633 0.342448 0.472656 0.343750 0.472656 0.345052 0.471680 0.346354 0.471680 0.355469 0.472656 0.356771 0.472656 0.360677 0.477539 0.367188 0.479492 0.367188 0.480469 0.368490 0.489258 0.368490 0.490234 0.369792 0.491211 0.368490 0.494141 0.368490 0.495117 0.367188 0.496094 0.367188 0.499023 0.364583 0.500977 0.364583 0.501953 0.363281 0.504883 0.361979 0.504883 0.352865 0.503906 0.351562 0.503906 0.348958 0.502930 0.347656 0.502930 0.345052 0.501953 0.343750 0.501953 0.341146 0.500977 0.339844 0.500977 0.338542 0.499023 0.334635 0.499023 0.332031
0 0.511719 0.363281 0.504883 0.363281 0.501953 0.365885 0.500000 0.365885 0.499023 0.367188 0.498047 0.367188 0.497070 0.368490 0.494141 0.369792 0.492188 0.372396 0.492188 0.373698 0.491211 0.375000 0.491211 0.376302 0.490234 0.377604 0.490234 0.378906 0.488281 0.382812 0.488281 0.393229 0.490234 0.395833 0.490234 0.397135 0.494141 0.402344 0.495117 0.402344 0.496094 0.403646 0.499023 0.403646 0.500000 0.404948 0.503906 0.404948 0.504883 0.406250 0.505859 0.406250 0.506836 0.404948 0.508789 0.404948 0.509766 0.403646 0.511719 0.403646 0.512695 0.402344 0.517578 0.402344 0.517578 0.399740 0.518555 0.398438 0.518555 0.391927 0.519531 0.390625 0.519531 0.388021 0.520508 0.386719 0.520508 0.384115 0.521484 0.382812 0.521484 0.376302 0.520508 0.375000 0.519531 0.371094 0.514648 0.364583 0.512695 0.364583
0 0.468750 0.381510 0.467773 0.382812 0.464844 0.382812 0.463867 0.384115 0.462891 0.384115 0.460938 0.386719 0.460938 0.388021 0.459961 0.389323 0.459961 0.397135 0.457031 0.403646 0.457031 0.411458 0.458008 0.412760 0.458984 0.416667 0.464844 0.424479 0.465820 0.424479 0.471680 0.432292 0.474609 0.433594 0.475586 0.432292 0.478516 0.432292 0.479492 0.430990 0.481445 0.430990 0.482422 0.429688 0.484375 0.429688 0.486328 0.427083 0.486328 0.425781 0.487305 0.424479 0.487305 0.417969 0.488281 0.416667 0.488281 0.415365 0.491211 0.408854 0.491211 0.406250 0.492188 0.404948 0.492188 0.402344 0.489258 0.398438 0.489258 0.397135 0.479492 0.384115 0.478516 0.384115 0.475586 0.381510
0 0.449219 0.406250 0.448242 0.407552 0.447266 0.407552 0.443359 0.412760 0.442383 0.416667 0.439453 0.420573 0.438477 0.420573 0.436523 0.423177 0.436523 0.429688 0.435547 0.430990 0.435547 0.434896 0.436523 0.436198 0.436523 0.441406 0.437500 0.442708 0.437500 0.444010 0.438477 0.444010 0.444336 0.451823 0.457031 0.451823 0.458008 0.450521 0.459961 0.450521 0.463867 0.445312 0.463867 0.444010 0.464844 0.442708 0.464844 0.440104 0.465820 0.438802 0.465820 0.433594 0.464844 0.432292 0.464844 0.429688 0.462891 0.427083 0.462891 0.425781 0.460938 0.423177 0.460938 0.421875 0.457031 0.416667 0.457031 0.415365 0.454102 0.411458 0.453125 0.407552 0.452148 0.406250
0 0.427734 0.427083 0.424805 0.423177 0.423828 0.423177 0.422852 0.421875 0.419922 0.420573 0.415039 0.415365 0.412109 0.415365 0.411133 0.414062 0.410156 0.414062 0.409180 0.415365 0.403320 0.415365 0.402344 0.416667 0.400391 0.416667 0.396484 0.421875 0.396484 0.423177 0.395508 0.424479 0.395508 0.427083 0.394531 0.428385 0.394531 0.432292 0.393555 0.433594 0.393555 0.434896 0.394531 0.436198 0.394531 0.437500 0.396484 0.441406 0.396484 0.444010 0.397461 0.445312 0.398438 0.449219 0.403320 0.455729 0.413086 0.455729 0.414062 0.454427 0.415039 0.454427 0.416992 0.451823 0.417969 0.451823 0.418945 0.450521 0.419922 0.450521 0.421875 0.447917 0.422852 0.447917 0.428711 0.440104 0.428711 0.438802 0.429688 0.437500 0.429688 0.432292 0.428711 0.430990
0 0.426758 0.447917 0.425781 0.449219 0.423828 0.449219 0.415039 0.458333 0.415039 0.459635 0.410156 0.466146 0.410156 0.467448 0.409180 0.468750 0.409180 0.475260 0.410156 0.476562 0.410156 0.477865 0.412109 0.480469 0.412109 0.481771 0.413086 0.483073 0.414062 0.486979 0.416016 0.489583 0.417969 0.489583 0.418945 0.490885 0.420898 0.490885 0.421875 0.492188 0.425781 0.492188 0.426758 0.493490 0.433594 0.493490 0.434570 0.492188 0.435547 0.492188 0.445312 0.477865 0.445312 0.470052 0.444336 0.468750 0.444336 0.466146 0.442383 0.462240 0.442383 0.459635 0.441406 0.458333 0.441406 0.455729 0.439453 0.453125 0.438477 0.453125 0.435547 0.449219 0.432617 0.449219 0.431641 0.447917
0 0.366211 0.427083 0.365234 0.428385 0.365234 0.429688 0.362305 0.436198 0.362305 0.441406 0.361328 0.442708 0.361328 0.450521 0.362305 0.451823 0.362305 0.458333 0.369141 0.467448 0.370117 0.467448 0.372070 0.470052 0.373047 0.470052 0.374023 0.471354 0.381836 0.471354 0.382812 0.470052 0.387695 0.470052 0.390625 0.466146 0.390625 0.464844 0.391602 0.463542 0.391602 0.462240 0.393555 0.459635 0.393555 0.458333 0.394531 0.457031 0.394531 0.454427 0.395508 0.453125 0.395508 0.447917 0.394531 0.446615 0.394531 0.444010 0.392578 0.440104 0.392578 0.434896 0.390625 0.432292 0.389648 0.432292 0.388672 0.430990 0.386719 0.430990 0.381836 0.427083 0.373047 0.427083 0.372070 0.425781 0.368164 0.425781 0.367188 0.427083
0 0.362305 0.464844 0.361328 0.464844 0.360352 0.463542 0.350586 0.463542 0.349609 0.464844 0.347656 0.464844 0.346680 0.466146 0.345703 0.466146 0.342773 0.470052 0.342773 0.471354 0.341797 0.472656 0.339844 0.479167 0.334961 0.485677 0.334961 0.486979 0.333984 0.488281 0.333984 0.490885 0.333008 0.492188 0.333008 0.498698 0.334961 0.502604 0.334961 0.506510 0.336914 0.509115 0.339844 0.510417 0.341797 0.513021 0.344727 0.513021 0.345703 0.511719 0.357422 0.511719 0.358398 0.510417 0.360352 0.510417 0.361328 0.509115 0.362305 0.509115 0.364258 0.506510 0.364258 0.497396 0.365234 0.496094 0.365234 0.493490 0.366211 0.492188 0.366211 0.490885 0.367188 0.489583 0.367188 0.486979 0.368164 0.485677 0.368164 0.480469 0.367188 0.479167 0.367188 0.476562 0.366211 0.475260 0.366211 0.472656 0.365234 0.471354 0.364258 0.467448
0 0.375000 0.476562 0.368164 0.488281 0.368164 0.489583 0.366211 0.493490 0.366211 0.496094 0.365234 0.497396 0.366211 0.498698 0.366211 0.503906 0.367188 0.505208 0.367188 0.507812 0.368164 0.509115 0.368164 0.510417 0.371094 0.514323 0.371094 0.515625 0.373047 0.518229 0.373047 0.519531 0.375977 0.522135 0.393555 0.522135 0.394531 0.520833 0.395508 0.520833 0.398438 0.516927 0.398438 0.514323 0.399414 0.513021 0.401367 0.506510 0.404297 0.502604 0.404297 0.492188 0.403320 0.490885 0.403320 0.489583 0.402344 0.488281 0.402344 0.485677 0.399414 0.479167 0.399414 0.476562 0.398438 0.476562 0.397461 0.475260 0.391602 0.475260 0.390625 0.473958 0.379883 0.473958 0.378906 0.475260 0.376953 0.475260 0.375977 0.476562
0 0.412109 0.490885 0.411133 0.492188 0.410156 0.492188 0.410156 0.493490 0.407227 0.497396 0.407227 0.501302 0.404297 0.505208 0.404297 0.506510 0.403320 0.507812 0.403320 0.510417 0.402344 0.511719 0.402344 0.514323 0.398438 0.523438 0.398438 0.528646 0.399414 0.529948 0.399414 0.533854 0.400391 0.535156 0.401367 0.535156 0.404297 0.537760 0.406250 0.537760 0.407227 0.539062 0.419922 0.539062 0.420898 0.540365 0.427734 0.540365 0.428711 0.539062 0.429688 0.539062 0.431641 0.536458 0.431641 0.535156 0.432617 0.533854 0.432617 0.528646 0.433594 0.527344 0.433594 0.523438 0.434570 0.522135 0.434570 0.515625 0.435547 0.514323 0.435547 0.513021 0.434570 0.511719 0.434570 0.507812 0.428711 0.501302 0.422852 0.498698 0.417969 0.492188 0.416992 0.492188 0.416016 0.490885
0 0.342773 0.518229 0.339844 0.522135 0.339844 0.523438 0.338867 0.524740 0.337891 0.524740 0.335938 0.527344 0.335938 0.528646 0.333984 0.531250 0.333984 0.532552 0.333008 0.533854 0.333008 0.536458 0.332031 0.537760 0.332031 0.546875 0.331055 0.548177 0.332031 0.549479 0.333008 0.553385 0.333984 0.553385 0.340820 0.561198 0.341797 0.561198 0.346680 0.565104 0.352539 0.565104 0.353516 0.566406 0.357422 0.566406 0.358398 0.565104 0.360352 0.565104 0.360352 0.562500 0.359375 0.561198 0.359375 0.554688 0.360352 0.553385 0.360352 0.548177 0.359375 0.546875 0.359375 0.533854 0.358398 0.532552 0.358398 0.526042 0.357422 0.524740 0.357422 0.523438 0.353516 0.518229 0.350586 0.518229 0.349609 0.516927 0.345703 0.516927 0.344727 0.518229
0 0.372070 0.526042 0.370117 0.528646 0.369141 0.528646 0.363281 0.536458 0.363281 0.537760 0.362305 0.539062 0.362305 0.541667 0.361328 0.542969 0.361328 0.553385 0.360352 0.554688 0.360352 0.561198 0.361328 0.562500 0.361328 0.565104 0.364258 0.567708 0.366211 0.567708 0.369141 0.570312 0.372070 0.570312 0.373047 0.571615 0.379883 0.571615 0.380859 0.570312 0.382812 0.570312 0.386719 0.565104 0.386719 0.563802 0.390625 0.558594 0.390625 0.557292 0.391602 0.555990 0.391602 0.552083 0.392578 0.550781 0.392578 0.536458 0.391602 0.535156 0.389648 0.535156 0.388672 0.533854 0.387695 0.533854 0.386719 0.532552 0.383789 0.531250 0.381836 0.528646 0.380859 0.528646 0.379883 0.527344 0.377930 0.527344 0.376953 0.526042
0 0.286133 0.615885 0.285156 0.617188 0.284180 0.617188 0.277344 0.626302 0.277344 0.630208 0.276367 0.631510 0.276367 0.641927 0.277344 0.643229 0.279297 0.643229 0.281250 0.645833 0.282227 0.645833 0.286133 0.651042 0.287109 0.651042 0.288086 0.652344 0.297852 0.652344 0.298828 0.651042 0.298828 0.649740 0.299805 0.648438 0.299805 0.647135 0.301758 0.644531 0.301758 0.643229 0.302734 0.641927 0.303711 0.641927 0.304688 0.640625 0.305664 0.640625 0.307617 0.638021 0.307617 0.627604 0.305664 0.623698 0.302734 0.623698 0.301758 0.622396 0.298828 0.622396 0.295898 0.619792 0.293945 0.619792 0.291992 0.617188 0.291016 0.617188 0.290039 0.615885
0 0.322266 0.638021 0.317383 0.638021 0.314453 0.640625 0.311523 0.640625 0.310547 0.641927 0.306641 0.641927 0.301758 0.645833 0.301758 0.648438 0.299805 0.651042 0.299805 0.652344 0.298828 0.653646 0.298828 0.656250 0.297852 0.657552 0.297852 0.661458 0.296875 0.662760 0.296875 0.667969 0.297852 0.669271 0.297852 0.670573 0.300781 0.674479 0.300781 0.675781 0.301758 0.677083 0.302734 0.677083 0.305664 0.680990 0.306641 0.680990 0.309570 0.684896 0.311523 0.684896 0.312500 0.683594 0.315430 0.683594 0.316406 0.682292 0.321289 0.682292 0.324219 0.679688 0.328125 0.679688 0.329102 0.678385 0.330078 0.678385 0.332031 0.675781 0.332031 0.654948 0.331055 0.653646 0.331055 0.652344 0.326172 0.645833 0.326172 0.644531 0.322266 0.639323
0 0.330078 0.687500 0.327148 0.683594 0.326172 0.683594 0.325195 0.682292 0.324219 0.683594 0.319336 0.683594 0.318359 0.684896 0.314453 0.684896 0.313477 0.686198 0.311523 0.686198 0.310547 0.687500 0.309570 0.687500 0.308594 0.688802 0.308594 0.690104 0.300781 0.700521 0.300781 0.701823 0.298828 0.704427 0.297852 0.704427 0.297852 0.705729 0.296875 0.707031 0.296875 0.718750 0.295898 0.720052 0.295898 0.725260 0.296875 0.725260 0.297852 0.726562 0.304688 0.726562 0.305664 0.725260 0.306641 0.726562 0.317383 0.726562 0.318359 0.725260 0.321289 0.725260 0.322266 0.723958 0.325195 0.722656 0.326172 0.721354 0.326172 0.720052 0.328125 0.717448 0.328125 0.716146 0.332031 0.710938 0.332031 0.708333 0.333008 0.707031 0.333008 0.696615 0.330078 0.690104
0 0.317383 0.785156 0.316406 0.785156 0.315430 0.783854 0.313477 0.783854 0.313477 0.785156 0.309570 0.790365 0.306641 0.791667 0.302734 0.796875 0.301758 0.796875 0.296875 0.800781 0.294922 0.800781 0.293945 0.802083 0.290039 0.802083 0.289062 0.800781 0.286133 0.799479 0.286133 0.800781 0.284180 0.804688 0.284180 0.807292 0.283203 0.808594 0.283203 0.815104 0.282227 0.816406 0.282227 0.819010 0.284180 0.821615 0.285156 0.821615 0.286133 0.822917 0.305664 0.822917 0.306641 0.821615 0.311523 0.821615 0.312500 0.820312 0.313477 0.820312 0.313477 0.819010 0.314453 0.817708 0.314453 0.811198 0.315430 0.809896 0.315430 0.802083 0.316406 0.800781 0.316406 0.796875 0.317383 0.795573
0 0.361328 0.763021 0.358398 0.764323 0.356445 0.766927 0.351562 0.766927 0.348633 0.769531 0.347656 0.768229 0.344727 0.768229 0.343750 0.769531 0.337891 0.769531 0.336914 0.768229 0.333984 0.768229 0.333008 0.769531 0.333008 0.772135 0.332031 0.773438 0.332031 0.783854 0.333008 0.785156 0.333008 0.790365 0.333984 0.791667 0.333984 0.799479 0.336914 0.804688 0.336914 0.807292 0.337891 0.808594 0.337891 0.813802 0.340820 0.813802 0.341797 0.815104 0.342773 0.813802 0.347656 0.813802 0.348633 0.812500 0.349609 0.813802 0.356445 0.813802 0.360352 0.809896 0.361328 0.803385 0.368164 0.792969 0.368164 0.787760 0.367188 0.786458 0.367188 0.783854 0.365234 0.779948 0.365234 0.768229 0.363281 0.765625 0.362305 0.765625 0.361328 0.764323
0 0.361328 0.837240 0.361328 0.838542 0.358398 0.845052 0.358398 0.852865 0.357422 0.854167 0.357422 0.861979 0.358398 0.863281 0.358398 0.864583 0.365234 0.872396 0.367188 0.872396 0.368164 0.873698 0.370117 0.873698 0.371094 0.875000 0.373047 0.875000 0.374023 0.873698 0.375977 0.873698 0.376953 0.872396 0.378906 0.872396 0.379883 0.871094 0.380859 0.871094 0.382812 0.868490 0.385742 0.867188 0.390625 0.861979 0.390625 0.860677 0.392578 0.856771 0.392578 0.852865 0.393555 0.851562 0.393555 0.839844 0.391602 0.835938 0.390625 0.835938 0.389648 0.834635 0.385742 0.834635 0.384766 0.833333 0.375977 0.833333 0.375000 0.834635 0.374023 0.834635 0.374023 0.835938 0.372070 0.838542 0.371094 0.838542 0.365234 0.833333 0.363281 0.835938 0.362305 0.835938
0 0.408203 0.822917 0.403320 0.822917 0.399414 0.826823 0.398438 0.826823 0.398438 0.828125 0.396484 0.830729 0.396484 0.832031 0.395508 0.833333 0.395508 0.848958 0.394531 0.850260 0.394531 0.854167 0.393555 0.855469 0.393555 0.859375 0.392578 0.860677 0.392578 0.869792 0.393555 0.871094 0.393555 0.875000 0.395508 0.877604 0.396484 0.877604 0.398438 0.880208 0.399414 0.880208 0.403320 0.884115 0.406250 0.882812 0.410156 0.877604 0.412109 0.877604 0.415039 0.875000 0.416016 0.871094 0.419922 0.865885 0.419922 0.864583 0.423828 0.855469 0.423828 0.837240 0.422852 0.835938 0.421875 0.832031 0.418945 0.828125 0.417969 0.828125 0.416992 0.826823 0.415039 0.826823 0.414062 0.825521 0.412109 0.825521 0.411133 0.824219 0.409180 0.824219
0 0.404297 0.782552 0.400391 0.787760 0.399414 0.787760 0.396484 0.791667 0.395508 0.791667 0.394531 0.792969 0.394531 0.795573 0.393555 0.796875 0.393555 0.808594 0.394531 0.809896 0.394531 0.811198 0.395508 0.812500 0.396484 0.816406 0.399414 0.815104 0.400391 0.816406 0.403320 0.817708 0.405273 0.820312 0.407227 0.820312 0.412109 0.824219 0.414062 0.824219 0.415039 0.825521 0.417969 0.825521 0.418945 0.826823 0.422852 0.821615 0.423828 0.821615 0.425781 0.819010 0.425781 0.813802 0.424805 0.812500 0.424805 0.811198 0.422852 0.808594 0.422852 0.805990 0.421875 0.804688 0.421875 0.802083 0.423828 0.798177 0.423828 0.789062 0.420898 0.785156 0.419922 0.785156 0.418945 0.783854 0.416992 0.783854 0.416016 0.782552 0.413086 0.782552 0.412109 0.783854 0.411133 0.783854 0.410156 0.782552
0 0.348633 0.736979 0.350586 0.740885 0.350586 0.743490 0.351562 0.744792 0.351562 0.748698 0.352539 0.750000 0.352539 0.751302 0.353516 0.752604 0.354492 0.752604 0.357422 0.756510 0.357422 0.757812 0.359375 0.760417 0.360352 0.760417 0.365234 0.765625 0.372070 0.765625 0.373047 0.764323 0.376953 0.764323 0.377930 0.763021 0.377930 0.761719 0.378906 0.760417 0.378906 0.751302 0.379883 0.750000 0.379883 0.746094 0.378906 0.744792 0.378906 0.730469 0.377930 0.729167 0.375000 0.729167 0.374023 0.730469 0.372070 0.730469 0.369141 0.727865 0.366211 0.727865 0.365234 0.726562 0.359375 0.731771 0.357422 0.731771 0.356445 0.733073 0.352539 0.733073 0.351562 0.734375 0.350586 0.734375
0 0.364258 0.686198 0.364258 0.687500 0.362305 0.690104 0.362305 0.696615 0.360352 0.700521 0.358398 0.697917 0.357422 0.697917 0.353516 0.692708 0.349609 0.692708 0.348633 0.694010 0.344727 0.694010 0.341797 0.697917 0.340820 0.697917 0.337891 0.694010 0.336914 0.695312 0.336914 0.697917 0.335938 0.699219 0.335938 0.701823 0.334961 0.703125 0.334961 0.716146 0.335938 0.717448 0.335938 0.725260 0.336914 0.726562 0.336914 0.730469 0.337891 0.731771 0.338867 0.730469 0.343750 0.730469 0.344727 0.731771 0.354492 0.731771 0.355469 0.730469 0.359375 0.730469 0.363281 0.726562 0.363281 0.725260 0.365234 0.722656 0.365234 0.720052 0.366211 0.718750 0.366211 0.716146 0.367188 0.714844 0.367188 0.708333 0.366211 0.707031 0.366211 0.699219 0.365234 0.697917 0.365234 0.687500
0 0.393555 0.738281 0.387695 0.738281 0.386719 0.739583 0.385742 0.739583 0.385742 0.740885 0.382812 0.744792 0.382812 0.746094 0.380859 0.750000 0.380859 0.756510 0.379883 0.757812 0.379883 0.761719 0.378906 0.763021 0.378906 0.765625 0.377930 0.766927 0.377930 0.769531 0.378906 0.770833 0.378906 0.776042 0.379883 0.777344 0.379883 0.781250 0.380859 0.782552 0.380859 0.783854 0.381836 0.783854 0.385742 0.789062 0.386719 0.789062 0.387695 0.790365 0.388672 0.790365 0.389648 0.789062 0.394531 0.786458 0.396484 0.783854 0.398438 0.783854 0.399414 0.782552 0.401367 0.782552 0.402344 0.781250 0.404297 0.781250 0.406250 0.778646 0.407227 0.778646 0.411133 0.773438 0.412109 0.773438 0.412109 0.769531 0.413086 0.768229 0.412109 0.766927 0.412109 0.763021 0.411133 0.761719 0.411133 0.755208 0.410156 0.753906 0.410156 0.751302 0.408203 0.748698 0.408203 0.747396 0.406250 0.744792 0.405273 0.744792 0.400391 0.740885 0.398438 0.740885 0.397461 0.739583 0.394531 0.739583
0 0.440430 0.740885 0.438477 0.740885 0.438477 0.742188 0.437500 0.743490 0.437500 0.746094 0.435547 0.750000 0.433594 0.750000 0.431641 0.747396 0.430664 0.747396 0.427734 0.750000 0.424805 0.750000 0.423828 0.751302 0.421875 0.751302 0.419922 0.753906 0.418945 0.753906 0.414062 0.750000 0.414062 0.748698 0.413086 0.747396 0.413086 0.742188 0.412109 0.742188 0.412109 0.743490 0.411133 0.744792 0.411133 0.750000 0.413086 0.753906 0.413086 0.759115 0.414062 0.760417 0.414062 0.770833 0.415039 0.772135 0.416992 0.778646 0.418945 0.781250 0.419922 0.781250 0.424805 0.785156 0.430664 0.785156 0.431641 0.783854 0.432617 0.783854 0.435547 0.779948 0.436523 0.779948 0.444336 0.769531 0.444336 0.768229 0.446289 0.764323 0.447266 0.757812 0.443359 0.751302 0.443359 0.748698 0.442383 0.747396 0.442383 0.743490
0 0.452148 0.770833 0.446289 0.770833 0.445312 0.772135 0.444336 0.772135 0.439453 0.778646 0.438477 0.778646 0.436523 0.781250 0.435547 0.781250 0.432617 0.785156 0.431641 0.785156 0.430664 0.786458 0.427734 0.787760 0.427734 0.789062 0.424805 0.792969 0.424805 0.799479 0.423828 0.800781 0.423828 0.808594 0.425781 0.811198 0.425781 0.812500 0.430664 0.819010 0.431641 0.819010 0.434570 0.821615 0.441406 0.821615 0.442383 0.820312 0.443359 0.820312 0.448242 0.813802 0.448242 0.812500 0.450195 0.809896 0.450195 0.808594 0.451172 0.807292 0.451172 0.805990 0.452148 0.804688 0.452148 0.803385 0.455078 0.796875 0.455078 0.794271 0.456055 0.792969 0.456055 0.781250 0.455078 0.779948 0.455078 0.773438
0 0.382812 0.709635 0.382812 0.710938 0.381836 0.712240 0.381836 0.714844 0.380859 0.716146 0.380859 0.717448 0.381836 0.718750 0.381836 0.726562 0.382812 0.727865 0.382812 0.729167 0.384766 0.731771 0.385742 0.731771 0.388672 0.735677 0.391602 0.735677 0.392578 0.736979 0.395508 0.736979 0.396484 0.738281 0.400391 0.738281 0.401367 0.739583 0.404297 0.739583 0.405273 0.738281 0.410156 0.738281 0.411133 0.736979 0.412109 0.736979 0.412109 0.734375 0.413086 0.733073 0.413086 0.722656 0.412109 0.721354 0.412109 0.716146 0.411133 0.714844 0.411133 0.707031 0.409180 0.709635 0.407227 0.709635 0.404297 0.705729 0.401367 0.705729 0.398438 0.703125 0.393555 0.703125 0.392578 0.704427 0.389648 0.705729 0.387695 0.708333 0.383789 0.708333
0 0.320312 0.610677 0.320312 0.611979 0.318359 0.614583 0.318359 0.615885 0.317383 0.617188 0.317383 0.619792 0.316406 0.621094 0.316406 0.622396 0.317383 0.623698 0.317383 0.628906 0.318359 0.630208 0.318359 0.632812 0.319336 0.632812 0.320312 0.634115 0.322266 0.634115 0.324219 0.636719 0.325195 0.636719 0.327148 0.640625 0.327148 0.643229 0.328125 0.644531 0.328125 0.645833 0.330078 0.648438 0.331055 0.648438 0.333984 0.651042 0.340820 0.651042 0.341797 0.649740 0.343750 0.649740 0.343750 0.648438 0.344727 0.647135 0.344727 0.636719 0.343750 0.635417 0.343750 0.634115 0.341797 0.631510 0.341797 0.628906 0.340820 0.627604 0.340820 0.625000 0.341797 0.623698 0.341797 0.621094 0.340820 0.619792 0.340820 0.617188 0.339844 0.615885 0.339844 0.613281 0.337891 0.610677 0.337891 0.609375 0.336914 0.608073 0.335938 0.609375 0.331055 0.609375 0.329102 0.606771 0.325195 0.606771 0.324219 0.608073 0.323242 0.608073 0.321289 0.610677
0 0.370117 0.628906 0.367188 0.628906 0.364258 0.631510 0.361328 0.631510 0.360352 0.632812 0.358398 0.632812 0.357422 0.634115 0.355469 0.634115 0.354492 0.635417 0.352539 0.635417 0.351562 0.636719 0.349609 0.636719 0.348633 0.638021 0.347656 0.638021 0.347656 0.639323 0.346680 0.640625 0.346680 0.644531 0.345703 0.645833 0.345703 0.652344 0.346680 0.653646 0.346680 0.658854 0.347656 0.660156 0.347656 0.661458 0.351562 0.666667 0.351562 0.667969 0.352539 0.669271 0.353516 0.669271 0.356445 0.671875 0.358398 0.671875 0.359375 0.673177 0.366211 0.673177 0.367188 0.671875 0.372070 0.671875 0.373047 0.670573 0.374023 0.670573 0.375000 0.669271 0.375000 0.667969 0.376953 0.665365 0.376953 0.661458 0.377930 0.660156 0.377930 0.652344 0.378906 0.651042 0.378906 0.636719 0.375977 0.632812 0.375000 0.632812
0 0.369141 0.589844 0.366211 0.588542 0.364258 0.585938 0.362305 0.585938 0.361328 0.584635 0.360352 0.584635 0.356445 0.591146 0.354492 0.591146 0.353516 0.592448 0.351562 0.592448 0.348633 0.595052 0.343750 0.595052 0.341797 0.597656 0.341797 0.598958 0.340820 0.600260 0.340820 0.614583 0.341797 0.615885 0.341797 0.619792 0.342773 0.621094 0.342773 0.627604 0.344727 0.631510 0.346680 0.631510 0.347656 0.632812 0.350586 0.632812 0.351562 0.631510 0.358398 0.631510 0.359375 0.630208 0.362305 0.630208 0.363281 0.628906 0.365234 0.628906 0.366211 0.627604 0.367188 0.627604 0.372070 0.621094 0.373047 0.621094 0.375000 0.618490 0.375000 0.615885 0.375977 0.614583 0.375977 0.606771 0.375000 0.605469 0.375000 0.601562 0.374023 0.600260 0.373047 0.596354 0.370117 0.592448 0.370117 0.591146
0 0.395508 0.566406 0.394531 0.567708 0.394531 0.569010 0.392578 0.571615 0.392578 0.572917 0.388672 0.578125 0.388672 0.579427 0.386719 0.583333 0.386719 0.585938 0.385742 0.587240 0.385742 0.600260 0.392578 0.609375 0.393555 0.609375 0.394531 0.610677 0.397461 0.610677 0.398438 0.611979 0.410156 0.611979 0.412109 0.609375 0.413086 0.605469 0.416992 0.600260 0.416992 0.598958 0.418945 0.595052 0.418945 0.588542 0.417969 0.587240 0.417969 0.585938 0.412109 0.578125 0.411133 0.578125 0.408203 0.574219 0.408203 0.572917 0.406250 0.569010 0.405273 0.569010 0.404297 0.567708 0.399414 0.567708 0.398438 0.566406
0 0.403320 0.622396 0.402344 0.623698 0.399414 0.625000 0.397461 0.627604 0.396484 0.627604 0.394531 0.630208 0.394531 0.631510 0.393555 0.632812 0.393555 0.654948 0.394531 0.656250 0.394531 0.658854 0.396484 0.661458 0.396484 0.662760 0.399414 0.666667 0.400391 0.666667 0.403320 0.669271 0.413086 0.669271 0.414062 0.670573 0.417969 0.670573 0.418945 0.669271 0.419922 0.669271 0.421875 0.666667 0.422852 0.662760 0.425781 0.658854 0.425781 0.657552 0.426758 0.656250 0.426758 0.651042 0.425781 0.649740 0.425781 0.645833 0.424805 0.644531 0.424805 0.639323 0.423828 0.638021 0.422852 0.634115 0.420898 0.631510 0.420898 0.630208 0.419922 0.628906 0.418945 0.628906 0.415039 0.623698 0.406250 0.623698 0.405273 0.622396
0 0.411133 0.542969 0.409180 0.545573 0.409180 0.546875 0.407227 0.550781 0.407227 0.567708 0.408203 0.569010 0.410156 0.575521 0.411133 0.576823 0.412109 0.576823 0.417969 0.584635 0.417969 0.585938 0.419922 0.589844 0.426758 0.589844 0.429688 0.587240 0.431641 0.587240 0.432617 0.585938 0.437500 0.583333 0.438477 0.582031 0.439453 0.578125 0.441406 0.575521 0.442383 0.575521 0.444336 0.571615 0.444336 0.567708 0.440430 0.562500 0.440430 0.561198 0.439453 0.559896 0.439453 0.557292 0.438477 0.555990 0.438477 0.553385 0.436523 0.550781 0.435547 0.550781 0.431641 0.545573 0.431641 0.544271 0.430664 0.542969 0.419922 0.542969 0.418945 0.541667 0.413086 0.541667 0.412109 0.542969
0 0.442383 0.576823 0.441406 0.578125 0.441406 0.579427 0.436523 0.585938 0.434570 0.585938 0.429688 0.589844 0.429688 0.591146 0.428711 0.592448 0.428711 0.596354 0.427734 0.597656 0.427734 0.605469 0.431641 0.610677 0.432617 0.610677 0.433594 0.611979 0.434570 0.611979 0.435547 0.613281 0.436523 0.613281 0.437500 0.614583 0.438477 0.614583 0.439453 0.615885 0.440430 0.615885 0.441406 0.617188 0.442383 0.617188 0.447266 0.621094 0.450195 0.621094 0.451172 0.622396 0.452148 0.621094 0.456055 0.621094 0.457031 0.619792 0.458008 0.619792 0.459961 0.617188 0.459961 0.615885 0.460938 0.614583 0.460938 0.610677 0.459961 0.609375 0.459961 0.606771 0.458984 0.605469 0.458984 0.595052 0.458008 0.593750 0.458008 0.591146 0.456055 0.587240 0.456055 0.584635 0.455078 0.583333 0.452148 0.582031 0.450195 0.579427 0.449219 0.579427 0.446289 0.575521 0.445312 0.576823
0 0.431641 0.618490 0.431641 0.621094 0.428711 0.625000 0.427734 0.625000 0.426758 0.626302 0.426758 0.628906 0.425781 0.630208 0.425781 0.645833 0.426758 0.647135 0.426758 0.649740 0.427734 0.651042 0.427734 0.653646 0.428711 0.654948 0.428711 0.656250 0.430664 0.658854 0.432617 0.665365 0.435547 0.666667 0.438477 0.670573 0.441406 0.670573 0.442383 0.671875 0.443359 0.671875 0.444336 0.670573 0.448242 0.670573 0.451172 0.664062 0.451172 0.661458 0.457031 0.653646 0.457031 0.636719 0.456055 0.635417 0.456055 0.632812 0.455078 0.631510 0.454102 0.627604 0.451172 0.623698 0.449219 0.623698 0.448242 0.622396 0.446289 0.622396 0.443359 0.619792 0.441406 0.619792 0.439453 0.617188 0.437500 0.617188 0.435547 0.619792 0.432617 0.619792
0 0.433594 0.864583 0.433594 0.877604 0.434570 0.878906 0.434570 0.881510 0.435547 0.882812 0.436523 0.886719 0.439453 0.890625 0.439453 0.891927 0.441406 0.895833 0.441406 0.898438 0.442383 0.899740 0.442383 0.901042 0.443359 0.901042 0.444336 0.902344 0.460938 0.902344 0.461914 0.901042 0.463867 0.901042 0.464844 0.899740 0.464844 0.894531 0.462891 0.890625 0.462891 0.880208 0.459961 0.873698 0.459961 0.871094 0.458984 0.869792 0.458984 0.867188 0.458008 0.865885 0.458008 0.864583 0.454102 0.864583 0.452148 0.867188 0.451172 0.867188 0.446289 0.871094 0.441406 0.871094 0.439453 0.868490 0.438477 0.868490 0.435547 0.864583
0 0.455078 0.803385 0.454102 0.804688 0.454102 0.805990 0.451172 0.809896 0.451172 0.811198 0.449219 0.813802 0.449219 0.815104 0.445312 0.820312 0.444336 0.820312 0.442383 0.822917 0.441406 0.822917 0.439453 0.825521 0.438477 0.825521 0.438477 0.829427 0.437500 0.830729 0.438477 0.832031 0.438477 0.835938 0.440430 0.838542 0.441406 0.842448 0.442383 0.842448 0.444336 0.845052 0.445312 0.845052 0.446289 0.846354 0.447266 0.846354 0.450195 0.848958 0.452148 0.848958 0.453125 0.850260 0.458984 0.850260 0.460938 0.847656 0.461914 0.847656 0.462891 0.846354 0.465820 0.845052 0.465820 0.843750 0.466797 0.842448 0.466797 0.838542 0.465820 0.837240 0.465820 0.833333 0.464844 0.832031 0.464844 0.828125 0.463867 0.826823 0.463867 0.824219 0.462891 0.822917 0.462891 0.820312 0.460938 0.816406 0.460938 0.813802 0.459961 0.812500 0.459961 0.809896 0.458984 0.808594 0.458984 0.804688 0.458008 0.803385
0 0.474609 0.839844 0.471680 0.843750 0.471680 0.845052 0.469727 0.847656 0.468750 0.847656 0.464844 0.852865 0.464844 0.855469 0.460938 0.863281 0.460938 0.872396 0.461914 0.873698 0.461914 0.875000 0.464844 0.877604 0.466797 0.877604 0.467773 0.878906 0.471680 0.878906 0.474609 0.881510 0.476562 0.881510 0.477539 0.882812 0.479492 0.882812 0.480469 0.884115 0.486328 0.884115 0.492188 0.875000 0.493164 0.871094 0.495117 0.868490 0.495117 0.867188 0.496094 0.865885 0.496094 0.859375 0.495117 0.858073 0.495117 0.855469 0.494141 0.854167 0.494141 0.852865 0.493164 0.851562 0.492188 0.847656 0.489258 0.843750 0.484375 0.843750 0.483398 0.842448 0.480469 0.842448 0.479492 0.841146 0.475586 0.841146
0 0.520508 0.889323 0.517578 0.895833 0.517578 0.899740 0.518555 0.901042 0.518555 0.903646 0.516602 0.906250 0.515625 0.904948 0.512695 0.904948 0.511719 0.903646 0.508789 0.903646 0.507812 0.902344 0.505859 0.902344 0.502930 0.904948 0.500977 0.904948 0.500000 0.906250 0.498047 0.906250 0.497070 0.907552 0.494141 0.903646 0.494141 0.902344 0.493164 0.902344 0.488281 0.907552 0.488281 0.919271 0.489258 0.920573 0.489258 0.924479 0.493164 0.933594 0.493164 0.936198 0.501953 0.936198 0.502930 0.937500 0.507812 0.937500 0.508789 0.936198 0.512695 0.936198 0.513672 0.934896 0.515625 0.934896 0.515625 0.933594 0.517578 0.930990 0.518555 0.930990 0.520508 0.928385 0.521484 0.928385 0.524414 0.924479 0.524414 0.923177 0.526367 0.920573 0.526367 0.912760 0.523438 0.906250 0.523438 0.903646 0.522461 0.902344 0.522461 0.899740 0.521484 0.898438 0.521484 0.894531 0.520508 0.893229
0 0.520508 0.825521 0.517578 0.825521 0.518555 0.825521 0.519531 0.826823 0.519531 0.832031 0.515625 0.837240 0.514648 0.837240 0.513672 0.838542 0.510742 0.838542 0.509766 0.837240 0.505859 0.837240 0.504883 0.838542 0.500977 0.838542 0.499023 0.841146 0.499023 0.842448 0.498047 0.843750 0.498047 0.846354 0.499023 0.847656 0.499023 0.851562 0.500000 0.852865 0.500000 0.855469 0.500977 0.856771 0.500977 0.858073 0.503906 0.861979 0.503906 0.863281 0.504883 0.863281 0.509766 0.869792 0.510742 0.869792 0.511719 0.871094 0.511719 0.872396 0.513672 0.875000 0.514648 0.875000 0.515625 0.876302 0.519531 0.876302 0.520508 0.875000 0.521484 0.875000 0.523438 0.872396 0.525391 0.872396 0.528320 0.868490 0.529297 0.868490 0.529297 0.867188 0.531250 0.863281 0.531250 0.860677 0.532227 0.859375 0.532227 0.854167 0.533203 0.852865 0.533203 0.848958 0.532227 0.847656 0.532227 0.845052 0.531250 0.843750 0.531250 0.842448 0.521484 0.829427 0.521484 0.826823
0 0.469727 0.794271 0.468750 0.795573 0.468750 0.796875 0.465820 0.803385 0.465820 0.821615 0.466797 0.822917 0.466797 0.825521 0.467773 0.826823 0.468750 0.830729 0.472656 0.835938 0.473633 0.835938 0.474609 0.837240 0.476562 0.837240 0.479492 0.839844 0.481445 0.839844 0.482422 0.841146 0.490234 0.841146 0.492188 0.838542 0.492188 0.837240 0.493164 0.835938 0.493164 0.833333 0.495117 0.829427 0.495117 0.826823 0.496094 0.825521 0.496094 0.824219 0.498047 0.820312 0.498047 0.817708 0.499023 0.816406 0.499023 0.808594 0.498047 0.807292 0.498047 0.805990 0.497070 0.804688 0.496094 0.800781 0.493164 0.796875 0.492188 0.796875 0.489258 0.792969 0.488281 0.792969 0.487305 0.791667 0.484375 0.791667 0.482422 0.794271
0 0.481445 0.753906 0.480469 0.757812 0.481445 0.759115 0.481445 0.763021 0.482422 0.764323 0.482422 0.768229 0.483398 0.769531 0.483398 0.773438 0.485352 0.777344 0.485352 0.779948 0.487305 0.783854 0.487305 0.786458 0.493164 0.794271 0.494141 0.794271 0.499023 0.798177 0.506836 0.798177 0.508789 0.795573 0.508789 0.794271 0.514648 0.786458 0.514648 0.785156 0.515625 0.783854 0.515625 0.779948 0.516602 0.778646 0.516602 0.772135 0.515625 0.770833 0.515625 0.768229 0.514648 0.766927 0.514648 0.763021 0.513672 0.761719 0.513672 0.759115 0.509766 0.753906 0.509766 0.752604 0.508789 0.751302 0.502930 0.751302 0.501953 0.750000 0.499023 0.752604 0.500000 0.756510 0.497070 0.759115 0.493164 0.759115 0.490234 0.756510 0.484375 0.756510 0.482422 0.753906
0 0.446289 0.729167 0.446289 0.738281 0.444336 0.740885 0.444336 0.743490 0.445312 0.744792 0.445312 0.748698 0.446289 0.750000 0.446289 0.751302 0.448242 0.753906 0.449219 0.757812 0.452148 0.761719 0.453125 0.761719 0.456055 0.764323 0.458008 0.764323 0.458984 0.765625 0.464844 0.765625 0.465820 0.764323 0.468750 0.763021 0.473633 0.756510 0.474609 0.756510 0.477539 0.753906 0.477539 0.736979 0.476562 0.735677 0.476562 0.733073 0.474609 0.730469 0.464844 0.730469 0.463867 0.729167 0.456055 0.729167 0.455078 0.730469 0.452148 0.730469 0.451172 0.731771 0.450195 0.731771 0.448242 0.729167
0 0.430664 0.669271 0.425781 0.674479 0.425781 0.675781 0.423828 0.678385 0.423828 0.679688 0.422852 0.680990 0.422852 0.691406 0.423828 0.692708 0.423828 0.696615 0.424805 0.697917 0.424805 0.704427 0.425781 0.705729 0.425781 0.709635 0.426758 0.710938 0.427734 0.714844 0.429688 0.717448 0.430664 0.717448 0.434570 0.722656 0.435547 0.722656 0.436523 0.723958 0.440430 0.723958 0.441406 0.722656 0.444336 0.721354 0.448242 0.716146 0.448242 0.714844 0.449219 0.713542 0.449219 0.710938 0.452148 0.707031 0.452148 0.705729 0.454102 0.703125 0.455078 0.703125 0.455078 0.701823 0.456055 0.700521 0.456055 0.696615 0.457031 0.695312 0.456055 0.694010 0.456055 0.690104 0.455078 0.688802 0.455078 0.684896 0.454102 0.683594 0.454102 0.679688 0.453125 0.678385 0.452148 0.674479 0.451172 0.674479 0.450195 0.673177 0.436523 0.673177 0.435547 0.671875
0 0.485352 0.677083 0.483398 0.677083 0.481445 0.679688 0.479492 0.677083 0.479492 0.675781 0.478516 0.674479 0.477539 0.674479 0.477539 0.679688 0.473633 0.684896 0.472656 0.684896 0.471680 0.686198 0.469727 0.686198 0.465820 0.690104 0.461914 0.690104 0.459961 0.692708 0.458984 0.692708 0.458984 0.695312 0.458008 0.696615 0.458008 0.707031 0.458984 0.708333 0.458984 0.710938 0.460938 0.714844 0.461914 0.721354 0.466797 0.727865 0.479492 0.727865 0.480469 0.726562 0.485352 0.723958 0.493164 0.714844 0.493164 0.712240 0.494141 0.710938 0.494141 0.709635 0.493164 0.708333 0.493164 0.703125 0.492188 0.701823 0.492188 0.696615 0.491211 0.695312 0.491211 0.691406 0.490234 0.690104 0.489258 0.686198 0.486328 0.686198 0.485352 0.684896 0.485352 0.683594 0.486328 0.682292 0.486328 0.678385
0 0.509766 0.667969 0.501953 0.667969 0.500977 0.669271 0.500000 0.669271 0.498047 0.671875 0.498047 0.673177 0.495117 0.679688 0.495117 0.686198 0.494141 0.687500 0.494141 0.695312 0.495117 0.696615 0.495117 0.707031 0.496094 0.708333 0.496094 0.710938 0.499023 0.714844 0.503906 0.714844 0.504883 0.716146 0.507812 0.713542 0.509766 0.713542 0.512695 0.710938 0.514648 0.710938 0.515625 0.709635 0.516602 0.709635 0.521484 0.703125 0.521484 0.701823 0.523438 0.697917 0.523438 0.695312 0.524414 0.694010 0.524414 0.690104 0.525391 0.688802 0.525391 0.679688 0.524414 0.678385 0.524414 0.677083 0.522461 0.674479 0.521484 0.674479 0.516602 0.670573 0.512695 0.670573
0 0.531250 0.704427 0.530273 0.704427 0.529297 0.703125 0.528320 0.703125 0.525391 0.700521 0.517578 0.710938 0.515625 0.710938 0.514648 0.712240 0.512695 0.712240 0.511719 0.713542 0.508789 0.714844 0.504883 0.720052 0.504883 0.721354 0.501953 0.725260 0.500977 0.725260 0.500977 0.731771 0.508789 0.742188 0.514648 0.742188 0.515625 0.743490 0.521484 0.743490 0.522461 0.744792 0.525391 0.744792 0.527344 0.742188 0.527344 0.740885 0.528320 0.739583 0.528320 0.736979 0.529297 0.735677 0.530273 0.735677 0.532227 0.733073 0.532227 0.731771 0.533203 0.730469 0.533203 0.709635 0.532227 0.708333 0.532227 0.705729
0 0.461914 0.636719 0.461914 0.640625 0.460938 0.641927 0.460938 0.648438 0.459961 0.649740 0.459961 0.652344 0.458984 0.653646 0.458984 0.658854 0.459961 0.660156 0.459961 0.662760 0.460938 0.664062 0.460938 0.666667 0.462891 0.669271 0.463867 0.669271 0.466797 0.671875 0.470703 0.671875 0.471680 0.670573 0.475586 0.670573 0.476562 0.669271 0.484375 0.669271 0.485352 0.670573 0.488281 0.670573 0.490234 0.667969 0.490234 0.662760 0.491211 0.661458 0.492188 0.657552 0.491211 0.656250 0.491211 0.643229 0.490234 0.641927 0.490234 0.636719 0.489258 0.635417 0.488281 0.636719 0.484375 0.636719 0.483398 0.635417 0.477539 0.635417 0.476562 0.636719 0.471680 0.636719 0.470703 0.635417 0.465820 0.635417 0.464844 0.636719
0 0.532227 0.627604 0.529297 0.627604 0.528320 0.628906 0.527344 0.628906 0.526367 0.630208 0.523438 0.631510 0.521484 0.634115 0.520508 0.634115 0.517578 0.636719 0.515625 0.636719 0.512695 0.640625 0.512695 0.641927 0.511719 0.643229 0.511719 0.649740 0.512695 0.651042 0.512695 0.660156 0.510742 0.662760 0.510742 0.664062 0.511719 0.664062 0.513672 0.666667 0.514648 0.666667 0.517578 0.669271 0.519531 0.669271 0.522461 0.671875 0.525391 0.671875 0.526367 0.673177 0.530273 0.673177 0.536133 0.665365 0.537109 0.665365 0.537109 0.664062 0.539062 0.660156 0.539062 0.657552 0.540039 0.656250 0.540039 0.649740 0.541016 0.648438 0.541016 0.639323 0.540039 0.638021 0.540039 0.636719 0.538086 0.634115 0.537109 0.634115
0 0.549805 0.634115 0.548828 0.634115 0.547852 0.632812 0.541016 0.632812 0.541016 0.639323 0.541992 0.640625 0.541992 0.645833 0.541016 0.647135 0.541016 0.652344 0.540039 0.653646 0.540039 0.658854 0.539062 0.660156 0.539062 0.661458 0.538086 0.662760 0.538086 0.664062 0.536133 0.667969 0.535156 0.667969 0.534180 0.669271 0.532227 0.669271 0.530273 0.671875 0.527344 0.673177 0.527344 0.674479 0.529297 0.678385 0.536133 0.678385 0.537109 0.677083 0.539062 0.677083 0.540039 0.675781 0.541016 0.675781 0.541992 0.674479 0.541992 0.673177 0.543945 0.670573 0.543945 0.669271 0.547852 0.664062 0.548828 0.664062 0.549805 0.660156 0.552734 0.656250 0.552734 0.652344 0.553711 0.651042 0.553711 0.644531 0.552734 0.643229 0.552734 0.640625 0.551758 0.639323 0.551758 0.638021
0 0.472656 0.585938 0.472656 0.591146 0.474609 0.595052 0.474609 0.597656 0.473633 0.598958 0.473633 0.602865 0.474609 0.604167 0.474609 0.605469 0.479492 0.611979 0.480469 0.611979 0.481445 0.613281 0.483398 0.613281 0.484375 0.614583 0.486328 0.614583 0.487305 0.613281 0.489258 0.613281 0.490234 0.611979 0.494141 0.611979 0.495117 0.610677 0.501953 0.610677 0.502930 0.609375 0.505859 0.609375 0.507812 0.606771 0.507812 0.601562 0.508789 0.600260 0.508789 0.595052 0.507812 0.593750 0.507812 0.591146 0.505859 0.588542 0.500977 0.588542 0.500000 0.587240 0.496094 0.587240 0.495117 0.585938 0.491211 0.585938 0.490234 0.584635 0.487305 0.584635 0.486328 0.583333 0.479492 0.583333 0.478516 0.584635 0.473633 0.584635
0 0.465820 0.535156 0.465820 0.537760 0.462891 0.540365 0.458008 0.540365 0.457031 0.541667 0.454102 0.541667 0.451172 0.544271 0.450195 0.542969 0.448242 0.542969 0.447266 0.541667 0.446289 0.541667 0.443359 0.545573 0.442383 0.545573 0.440430 0.548177 0.440430 0.554688 0.444336 0.559896 0.444336 0.563802 0.445312 0.565104 0.445312 0.566406 0.446289 0.567708 0.447266 0.571615 0.450195 0.575521 0.450195 0.576823 0.452148 0.579427 0.461914 0.579427 0.463867 0.576823 0.464844 0.576823 0.465820 0.575521 0.466797 0.575521 0.468750 0.572917 0.469727 0.572917 0.476562 0.565104 0.476562 0.558594 0.475586 0.557292 0.475586 0.554688 0.474609 0.553385 0.473633 0.549479 0.471680 0.546875 0.469727 0.539062 0.468750 0.539062
0 0.481445 0.540365 0.478516 0.544271 0.478516 0.545573 0.477539 0.546875 0.477539 0.555990 0.480469 0.559896 0.480469 0.570312 0.481445 0.571615 0.482422 0.575521 0.484375 0.578125 0.485352 0.578125 0.488281 0.582031 0.489258 0.582031 0.490234 0.583333 0.492188 0.583333 0.493164 0.584635 0.496094 0.584635 0.497070 0.585938 0.504883 0.585938 0.505859 0.584635 0.505859 0.576823 0.506836 0.575521 0.506836 0.571615 0.507812 0.570312 0.507812 0.567708 0.508789 0.566406 0.508789 0.562500 0.509766 0.561198 0.509766 0.558594 0.511719 0.554688 0.511719 0.553385 0.510742 0.552083 0.510742 0.549479 0.509766 0.548177 0.509766 0.546875 0.507812 0.544271 0.507812 0.542969 0.505859 0.540365 0.502930 0.540365 0.501953 0.541667 0.488281 0.541667 0.487305 0.540365
0 0.540039 0.563802 0.530273 0.563802 0.529297 0.565104 0.523438 0.565104 0.518555 0.569010 0.518555 0.570312 0.517578 0.571615 0.517578 0.572917 0.516602 0.574219 0.516602 0.575521 0.515625 0.576823 0.515625 0.578125 0.512695 0.584635 0.512695 0.593750 0.521484 0.605469 0.522461 0.605469 0.525391 0.608073 0.528320 0.608073 0.529297 0.606771 0.532227 0.606771 0.533203 0.605469 0.534180 0.605469 0.535156 0.604167 0.536133 0.604167 0.537109 0.602865 0.538086 0.602865 0.539062 0.601562 0.541992 0.600260 0.544922 0.596354 0.545898 0.592448 0.547852 0.589844 0.547852 0.587240 0.549805 0.583333 0.549805 0.579427 0.548828 0.578125 0.547852 0.574219 0.544922 0.570312 0.544922 0.569010 0.541992 0.565104 0.541016 0.565104
0 0.536133 0.515625 0.532227 0.520833 0.531250 0.520833 0.530273 0.522135 0.526367 0.522135 0.525391 0.520833 0.523438 0.520833 0.522461 0.522135 0.514648 0.522135 0.514648 0.528646 0.513672 0.529948 0.513672 0.531250 0.512695 0.532552 0.509766 0.529948 0.509766 0.533854 0.510742 0.535156 0.510742 0.537760 0.511719 0.539062 0.511719 0.542969 0.512695 0.544271 0.512695 0.549479 0.515625 0.553385 0.515625 0.554688 0.516602 0.554688 0.518555 0.557292 0.519531 0.557292 0.520508 0.558594 0.525391 0.558594 0.526367 0.557292 0.529297 0.557292 0.531250 0.554688 0.532227 0.554688 0.533203 0.553385 0.535156 0.553385 0.536133 0.552083 0.539062 0.552083 0.540039 0.550781 0.541992 0.550781 0.542969 0.549479 0.542969 0.548177 0.544922 0.544271 0.544922 0.541667 0.546875 0.537760 0.546875 0.531250 0.544922 0.528646 0.544922 0.527344 0.542969 0.524740 0.542969 0.523438 0.539062 0.518229 0.538086 0.518229
0 0.461914 0.479167 0.457031 0.485677 0.457031 0.486979 0.456055 0.488281 0.456055 0.492188 0.454102 0.496094 0.454102 0.514323 0.455078 0.515625 0.455078 0.520833 0.456055 0.522135 0.456055 0.523438 0.458008 0.526042 0.459961 0.526042 0.462891 0.528646 0.464844 0.528646 0.465820 0.529948 0.467773 0.529948 0.468750 0.528646 0.470703 0.528646 0.471680 0.527344 0.473633 0.527344 0.474609 0.526042 0.475586 0.526042 0.476562 0.524740 0.479492 0.523438 0.484375 0.516927 0.484375 0.515625 0.486328 0.513021 0.486328 0.496094 0.485352 0.494792 0.484375 0.490885 0.480469 0.485677 0.479492 0.485677 0.478516 0.484375 0.476562 0.484375 0.475586 0.483073 0.473633 0.483073 0.472656 0.481771 0.470703 0.481771 0.469727 0.480469 0.466797 0.480469 0.465820 0.479167
0 0.493164 0.466146 0.484375 0.477865 0.484375 0.479167 0.483398 0.480469 0.483398 0.485677 0.486328 0.489583 0.486328 0.490885 0.489258 0.494792 0.489258 0.496094 0.492188 0.500000 0.492188 0.501302 0.493164 0.502604 0.495117 0.502604 0.496094 0.503906 0.497070 0.503906 0.498047 0.505208 0.500000 0.505208 0.500977 0.506510 0.506836 0.506510 0.507812 0.505208 0.509766 0.505208 0.512695 0.501302 0.515625 0.500000 0.517578 0.497396 0.518555 0.497396 0.519531 0.496094 0.519531 0.490885 0.520508 0.489583 0.520508 0.479167 0.519531 0.477865 0.519531 0.476562 0.513672 0.468750 0.512695 0.468750 0.511719 0.467448 0.509766 0.467448 0.506836 0.464844 0.497070 0.464844 0.496094 0.466146
0 0.469727 0.437500 0.468750 0.438802 0.468750 0.440104 0.467773 0.441406 0.467773 0.442708 0.465820 0.446615 0.465820 0.449219 0.464844 0.450521 0.464844 0.462240 0.466797 0.466146 0.467773 0.466146 0.470703 0.468750 0.472656 0.468750 0.473633 0.470052 0.478516 0.470052 0.479492 0.471354 0.486328 0.471354 0.488281 0.468750 0.489258 0.468750 0.491211 0.466146 0.492188 0.466146 0.494141 0.463542 0.495117 0.463542 0.495117 0.462240 0.496094 0.460938 0.496094 0.457031 0.497070 0.455729 0.497070 0.444010 0.495117 0.441406 0.495117 0.440104 0.491211 0.434896 0.490234 0.434896 0.489258 0.433594 0.486328 0.433594 0.485352 0.432292 0.481445 0.432292 0.480469 0.433594 0.477539 0.433594 0.476562 0.434896 0.473633 0.434896 0.472656 0.436198
0 0.494141 0.404948 0.493164 0.406250 0.493164 0.407552 0.492188 0.408854 0.492188 0.410156 0.490234 0.412760 0.490234 0.414062 0.489258 0.415365 0.489258 0.419271 0.488281 0.420573 0.488281 0.427083 0.487305 0.428385 0.490234 0.432292 0.491211 0.432292 0.497070 0.440104 0.497070 0.441406 0.498047 0.442708 0.503906 0.442708 0.504883 0.441406 0.506836 0.441406 0.507812 0.440104 0.508789 0.440104 0.516602 0.429688 0.516602 0.428385 0.518555 0.424479 0.518555 0.421875 0.517578 0.420573 0.517578 0.417969 0.515625 0.415365 0.515625 0.414062 0.512695 0.410156 0.511719 0.410156 0.508789 0.407552 0.501953 0.407552 0.500977 0.406250 0.497070 0.406250 0.496094 0.404948
0 0.522461 0.427083 0.520508 0.429688 0.519531 0.429688 0.514648 0.436198 0.514648 0.438802 0.513672 0.440104 0.513672 0.450521 0.514648 0.451823 0.514648 0.462240 0.515625 0.463542 0.515625 0.464844 0.517578 0.467448 0.521484 0.467448 0.522461 0.468750 0.529297 0.468750 0.530273 0.470052 0.537109 0.470052 0.538086 0.468750 0.541016 0.468750 0.542969 0.466146 0.543945 0.466146 0.546875 0.462240 0.546875 0.459635 0.547852 0.458333 0.547852 0.451823 0.546875 0.450521 0.546875 0.444010 0.545898 0.442708 0.544922 0.438802 0.541992 0.434896 0.539062 0.433594 0.534180 0.427083 0.533203 0.427083 0.532227 0.425781 0.524414 0.425781 0.523438 0.427083
0 0.566406 0.209635 0.564453 0.209635 0.559570 0.205729 0.558594 0.207031 0.555664 0.207031 0.552734 0.209635 0.550781 0.209635 0.544922 0.214844 0.541992 0.214844 0.541016 0.216146 0.540039 0.216146 0.544922 0.221354 0.543945 0.222656 0.543945 0.223958 0.541016 0.227865 0.540039 0.227865 0.537109 0.233073 0.537109 0.238281 0.538086 0.239583 0.538086 0.242188 0.540039 0.246094 0.540039 0.251302 0.541016 0.252604 0.541016 0.255208 0.541992 0.256510 0.542969 0.256510 0.543945 0.257812 0.560547 0.257812 0.563477 0.253906 0.564453 0.253906 0.569336 0.248698 0.569336 0.247396 0.571289 0.244792 0.571289 0.243490 0.572266 0.242188 0.572266 0.239583 0.573242 0.238281 0.573242 0.229167 0.572266 0.227865 0.572266 0.222656 0.571289 0.221354 0.571289 0.218750 0.570312 0.217448 0.569336 0.213542
0 0.571289 0.173177 0.566406 0.178385 0.563477 0.179688 0.563477 0.180990 0.561523 0.183594 0.560547 0.183594 0.559570 0.184896 0.556641 0.184896 0.553711 0.188802 0.553711 0.192708 0.554688 0.194010 0.554688 0.200521 0.557617 0.204427 0.560547 0.204427 0.562500 0.207031 0.563477 0.207031 0.564453 0.208333 0.567383 0.209635 0.570312 0.213542 0.570312 0.214844 0.571289 0.216146 0.572266 0.220052 0.573242 0.220052 0.574219 0.221354 0.577148 0.221354 0.578125 0.220052 0.580078 0.220052 0.583984 0.214844 0.583984 0.213542 0.585938 0.209635 0.585938 0.205729 0.584961 0.204427 0.584961 0.190104 0.583984 0.188802 0.583984 0.187500 0.582031 0.184896 0.582031 0.183594 0.577148 0.177083 0.577148 0.175781 0.575195 0.173177
0 0.611328 0.184896 0.609375 0.184896 0.608398 0.183594 0.603516 0.183594 0.602539 0.184896 0.599609 0.184896 0.598633 0.186198 0.595703 0.186198 0.594727 0.187500 0.592773 0.187500 0.591797 0.188802 0.588867 0.188802 0.587891 0.190104 0.586914 0.190104 0.586914 0.191406 0.585938 0.192708 0.585938 0.204427 0.586914 0.205729 0.586914 0.214844 0.588867 0.217448 0.588867 0.218750 0.589844 0.220052 0.590820 0.223958 0.592773 0.226562 0.598633 0.226562 0.599609 0.225260 0.601562 0.225260 0.602539 0.223958 0.604492 0.223958 0.605469 0.222656 0.608398 0.221354 0.614258 0.213542 0.614258 0.212240 0.616211 0.208333 0.616211 0.203125 0.617188 0.201823 0.617188 0.200521 0.616211 0.199219 0.616211 0.196615 0.615234 0.195312 0.615234 0.192708 0.614258 0.191406 0.613281 0.187500
0 0.625977 0.158854 0.624023 0.161458 0.621094 0.162760 0.619141 0.165365 0.619141 0.166667 0.618164 0.167969 0.618164 0.177083 0.616211 0.180990 0.616211 0.186198 0.617188 0.187500 0.617188 0.194010 0.618164 0.195312 0.619141 0.199219 0.622070 0.203125 0.624023 0.203125 0.625000 0.204427 0.632812 0.204427 0.633789 0.203125 0.636719 0.203125 0.637695 0.201823 0.639648 0.201823 0.640625 0.200521 0.641602 0.200521 0.645508 0.195312 0.645508 0.194010 0.648438 0.187500 0.648438 0.183594 0.649414 0.182292 0.649414 0.177083 0.648438 0.175781 0.648438 0.174479 0.647461 0.173177 0.646484 0.169271 0.642578 0.164062 0.639648 0.162760 0.637695 0.160156 0.634766 0.160156 0.633789 0.158854
0 0.580078 0.235677 0.577148 0.242188 0.577148 0.250000 0.578125 0.251302 0.578125 0.260417 0.579102 0.261719 0.579102 0.269531 0.580078 0.270833 0.580078 0.272135 0.582031 0.272135 0.583008 0.273438 0.584961 0.273438 0.585938 0.274740 0.586914 0.274740 0.591797 0.282552 0.592773 0.281250 0.597656 0.281250 0.598633 0.279948 0.607422 0.279948 0.608398 0.278646 0.611328 0.278646 0.611328 0.272135 0.612305 0.270833 0.612305 0.268229 0.615234 0.263021 0.615234 0.248698 0.611328 0.243490 0.611328 0.242188 0.610352 0.242188 0.608398 0.239583 0.607422 0.239583 0.604492 0.236979 0.601562 0.236979 0.600586 0.235677 0.588867 0.235677 0.587891 0.236979 0.586914 0.236979 0.585938 0.235677
0 0.528320 0.286458 0.527344 0.287760 0.527344 0.289062 0.525391 0.291667 0.525391 0.292969 0.523438 0.295573 0.523438 0.298177 0.522461 0.299479 0.522461 0.304688 0.523438 0.305990 0.523438 0.319010 0.524414 0.320312 0.525391 0.320312 0.526367 0.321615 0.529297 0.322917 0.534180 0.328125 0.535156 0.328125 0.536133 0.329427 0.538086 0.329427 0.539062 0.330729 0.546875 0.330729 0.547852 0.329427 0.549805 0.329427 0.550781 0.328125 0.551758 0.328125 0.554688 0.321615 0.554688 0.317708 0.555664 0.316406 0.555664 0.298177 0.554688 0.296875 0.554688 0.295573 0.551758 0.291667 0.550781 0.291667 0.548828 0.289062 0.547852 0.289062 0.546875 0.287760 0.545898 0.287760 0.541016 0.283854 0.532227 0.283854 0.531250 0.285156
0 0.576172 0.276042 0.573242 0.276042 0.572266 0.274740 0.566406 0.274740 0.565430 0.276042 0.563477 0.276042 0.560547 0.279948 0.555664 0.279948 0.553711 0.282552 0.553711 0.283854 0.554688 0.285156 0.554688 0.287760 0.555664 0.289062 0.555664 0.294271 0.556641 0.295573 0.556641 0.300781 0.557617 0.302083 0.557617 0.312500 0.558594 0.313802 0.558594 0.316406 0.559570 0.317708 0.559570 0.319010 0.561523 0.321615 0.561523 0.322917 0.562500 0.324219 0.569336 0.324219 0.570312 0.322917 0.572266 0.322917 0.573242 0.321615 0.574219 0.321615 0.577148 0.317708 0.579102 0.317708 0.580078 0.316406 0.583008 0.316406 0.583984 0.315104 0.586914 0.315104 0.588867 0.311198 0.588867 0.302083 0.587891 0.300781 0.587891 0.294271 0.586914 0.292969 0.585938 0.289062 0.582031 0.282552 0.582031 0.281250 0.580078 0.278646 0.579102 0.278646
0 0.525391 0.330729 0.523438 0.333333 0.522461 0.333333 0.522461 0.334635 0.520508 0.337240 0.519531 0.341146 0.516602 0.345052 0.516602 0.352865 0.517578 0.354167 0.517578 0.358073 0.518555 0.359375 0.518555 0.364583 0.519531 0.365885 0.519531 0.367188 0.520508 0.368490 0.521484 0.372396 0.524414 0.376302 0.526367 0.376302 0.527344 0.377604 0.530273 0.377604 0.531250 0.378906 0.536133 0.378906 0.537109 0.377604 0.540039 0.377604 0.541016 0.376302 0.541992 0.376302 0.543945 0.373698 0.544922 0.369792 0.547852 0.365885 0.547852 0.364583 0.552734 0.358073 0.552734 0.354167 0.551758 0.352865 0.551758 0.351562 0.549805 0.348958 0.549805 0.346354 0.548828 0.345052 0.548828 0.342448 0.547852 0.341146 0.547852 0.339844 0.543945 0.334635 0.541992 0.334635 0.541016 0.333333 0.539062 0.333333 0.538086 0.332031 0.533203 0.332031 0.532227 0.330729 0.530273 0.330729 0.529297 0.329427 0.528320 0.329427 0.527344 0.330729
0 0.528320 0.391927 0.528320 0.394531 0.527344 0.395833 0.527344 0.398438 0.526367 0.399740 0.526367 0.403646 0.528320 0.407552 0.528320 0.411458 0.529297 0.412760 0.529297 0.416667 0.530273 0.417969 0.530273 0.420573 0.531250 0.421875 0.532227 0.421875 0.535156 0.425781 0.536133 0.425781 0.541016 0.430990 0.543945 0.430990 0.544922 0.432292 0.550781 0.432292 0.551758 0.433594 0.555664 0.433594 0.558594 0.430990 0.560547 0.430990 0.563477 0.427083 0.563477 0.425781 0.564453 0.424479 0.564453 0.419271 0.563477 0.417969 0.563477 0.415365 0.562500 0.414062 0.562500 0.411458 0.559570 0.404948 0.559570 0.402344 0.558594 0.401042 0.558594 0.398438 0.557617 0.397135 0.556641 0.393229 0.552734 0.388021 0.550781 0.388021 0.549805 0.386719 0.539062 0.386719 0.538086 0.388021 0.537109 0.388021 0.535156 0.390625 0.530273 0.390625 0.529297 0.391927
0 0.541016 0.476562 0.541016 0.479167 0.540039 0.480469 0.540039 0.484375 0.539062 0.485677 0.539062 0.493490 0.540039 0.494792 0.540039 0.502604 0.542969 0.506510 0.543945 0.506510 0.544922 0.507812 0.551758 0.507812 0.552734 0.509115 0.554688 0.509115 0.555664 0.510417 0.558594 0.510417 0.559570 0.511719 0.565430 0.511719 0.566406 0.510417 0.569336 0.510417 0.570312 0.509115 0.571289 0.509115 0.577148 0.501302 0.577148 0.498698 0.578125 0.497396 0.578125 0.494792 0.577148 0.493490 0.577148 0.489583 0.572266 0.483073 0.572266 0.481771 0.568359 0.476562 0.567383 0.476562 0.566406 0.475260 0.563477 0.473958 0.561523 0.471354 0.560547 0.471354 0.559570 0.470052 0.551758 0.470052 0.550781 0.471354 0.548828 0.471354 0.547852 0.472656 0.544922 0.473958 0.542969 0.476562
0 0.548828 0.518229 0.546875 0.522135 0.548828 0.526042 0.548828 0.532552 0.547852 0.533854 0.547852 0.537760 0.546875 0.539062 0.546875 0.541667 0.545898 0.542969 0.545898 0.544271 0.544922 0.545573 0.544922 0.548177 0.543945 0.549479 0.543945 0.558594 0.544922 0.559896 0.544922 0.561198 0.547852 0.565104 0.561523 0.565104 0.562500 0.563802 0.563477 0.563802 0.563477 0.562500 0.570312 0.553385 0.570312 0.552083 0.571289 0.550781 0.571289 0.548177 0.573242 0.544271 0.573242 0.541667 0.572266 0.540365 0.572266 0.537760 0.570312 0.535156 0.570312 0.533854 0.565430 0.527344 0.565430 0.526042 0.561523 0.520833 0.560547 0.520833 0.559570 0.519531 0.550781 0.519531 0.549805 0.518229
0 0.565430 0.575521 0.563477 0.575521 0.562500 0.576823 0.554688 0.576823 0.551758 0.580729 0.551758 0.585938 0.547852 0.591146 0.547852 0.592448 0.546875 0.593750 0.546875 0.598958 0.545898 0.600260 0.545898 0.601562 0.546875 0.602865 0.546875 0.609375 0.547852 0.610677 0.547852 0.617188 0.552734 0.623698 0.553711 0.623698 0.556641 0.626302 0.560547 0.626302 0.561523 0.625000 0.563477 0.625000 0.565430 0.622396 0.566406 0.622396 0.568359 0.619792 0.568359 0.618490 0.571289 0.614583 0.571289 0.613281 0.573242 0.609375 0.573242 0.606771 0.574219 0.605469 0.574219 0.593750 0.573242 0.592448 0.573242 0.589844 0.572266 0.588542 0.572266 0.587240 0.571289 0.585938 0.571289 0.583333 0.569336 0.580729 0.569336 0.579427 0.567383 0.576823 0.566406 0.576823
0 0.587891 0.601562 0.586914 0.601562 0.585938 0.602865 0.581055 0.602865 0.580078 0.604167 0.579102 0.604167 0.574219 0.610677 0.574219 0.611979 0.566406 0.622396 0.566406 0.623698 0.564453 0.626302 0.564453 0.627604 0.565430 0.628906 0.565430 0.631510 0.569336 0.636719 0.570312 0.636719 0.571289 0.638021 0.574219 0.639323 0.576172 0.641927 0.577148 0.641927 0.578125 0.643229 0.579102 0.643229 0.582031 0.645833 0.583984 0.645833 0.584961 0.647135 0.586914 0.647135 0.587891 0.645833 0.589844 0.645833 0.591797 0.643229 0.592773 0.643229 0.595703 0.639323 0.596680 0.639323 0.597656 0.638021 0.597656 0.635417 0.598633 0.634115 0.598633 0.631510 0.599609 0.630208 0.599609 0.625000 0.600586 0.623698 0.600586 0.621094 0.599609 0.619792 0.599609 0.618490 0.596680 0.614583 0.596680 0.613281 0.594727 0.610677 0.594727 0.609375 0.589844 0.602865 0.588867 0.602865
0 0.558594 0.677083 0.557617 0.678385 0.557617 0.680990 0.555664 0.684896 0.555664 0.700521 0.556641 0.701823 0.556641 0.704427 0.557617 0.705729 0.557617 0.707031 0.559570 0.709635 0.559570 0.710938 0.560547 0.712240 0.560547 0.713542 0.561523 0.714844 0.562500 0.718750 0.564453 0.721354 0.566406 0.721354 0.567383 0.722656 0.568359 0.722656 0.571289 0.720052 0.573242 0.720052 0.574219 0.718750 0.577148 0.718750 0.578125 0.717448 0.580078 0.717448 0.582031 0.713542 0.582031 0.709635 0.583008 0.708333 0.583008 0.705729 0.585938 0.699219 0.585938 0.686198 0.584961 0.684896 0.584961 0.682292 0.583984 0.680990 0.583008 0.677083 0.582031 0.675781 0.577148 0.675781 0.576172 0.677083 0.574219 0.677083 0.573242 0.675781 0.561523 0.675781 0.560547 0.677083
0 0.522461 0.748698 0.518555 0.753906 0.518555 0.755208 0.516602 0.757812 0.516602 0.765625 0.517578 0.766927 0.517578 0.778646 0.518555 0.779948 0.518555 0.785156 0.519531 0.786458 0.519531 0.787760 0.522461 0.791667 0.523438 0.791667 0.524414 0.792969 0.527344 0.792969 0.528320 0.794271 0.529297 0.794271 0.530273 0.792969 0.534180 0.792969 0.535156 0.791667 0.538086 0.791667 0.539062 0.790365 0.541992 0.789062 0.545898 0.783854 0.545898 0.782552 0.547852 0.778646 0.547852 0.776042 0.548828 0.774740 0.548828 0.766927 0.545898 0.763021 0.544922 0.763021 0.542969 0.760417 0.541992 0.760417 0.536133 0.752604 0.536133 0.751302 0.535156 0.750000 0.534180 0.750000 0.533203 0.748698
0 0.563477 0.722656 0.562500 0.723958 0.560547 0.723958 0.560547 0.725260 0.557617 0.729167 0.554688 0.729167 0.553711 0.730469 0.546875 0.730469 0.545898 0.731771 0.546875 0.735677 0.543945 0.739583 0.541016 0.736979 0.541016 0.733073 0.541992 0.731771 0.537109 0.731771 0.537109 0.734375 0.536133 0.735677 0.536133 0.743490 0.537109 0.744792 0.537109 0.750000 0.538086 0.751302 0.539062 0.751302 0.541992 0.755208 0.541992 0.757812 0.542969 0.759115 0.543945 0.759115 0.551758 0.769531 0.558594 0.769531 0.559570 0.768229 0.561523 0.768229 0.562500 0.766927 0.567383 0.766927 0.568359 0.765625 0.569336 0.761719 0.571289 0.759115 0.571289 0.756510 0.572266 0.755208 0.572266 0.746094 0.571289 0.744792 0.571289 0.740885 0.570312 0.739583 0.570312 0.736979 0.568359 0.733073 0.567383 0.726562
0 0.568359 0.769531 0.558594 0.769531 0.557617 0.770833 0.551758 0.770833 0.550781 0.772135 0.550781 0.773438 0.549805 0.774740 0.549805 0.776042 0.548828 0.777344 0.548828 0.778646 0.547852 0.779948 0.547852 0.781250 0.546875 0.782552 0.546875 0.783854 0.542969 0.789062 0.542969 0.794271 0.544922 0.796875 0.545898 0.796875 0.549805 0.802083 0.549805 0.803385 0.552734 0.807292 0.553711 0.807292 0.556641 0.809896 0.557617 0.809896 0.558594 0.808594 0.561523 0.808594 0.562500 0.807292 0.564453 0.807292 0.566406 0.804688 0.567383 0.804688 0.572266 0.798177 0.572266 0.796875 0.574219 0.792969 0.574219 0.782552 0.573242 0.781250 0.573242 0.779948 0.571289 0.776042 0.571289 0.773438
0 0.546875 0.805990 0.542969 0.805990 0.541992 0.807292 0.536133 0.807292 0.535156 0.808594 0.534180 0.808594 0.532227 0.811198 0.532227 0.812500 0.529297 0.816406 0.528320 0.816406 0.526367 0.819010 0.526367 0.820312 0.524414 0.824219 0.526367 0.828125 0.526367 0.830729 0.531250 0.837240 0.531250 0.838542 0.534180 0.845052 0.534180 0.848958 0.535156 0.850260 0.535156 0.851562 0.536133 0.851562 0.537109 0.852865 0.541016 0.852865 0.541992 0.854167 0.543945 0.854167 0.544922 0.852865 0.546875 0.852865 0.547852 0.851562 0.549805 0.851562 0.550781 0.850260 0.551758 0.850260 0.551758 0.848958 0.552734 0.847656 0.552734 0.839844 0.554688 0.837240 0.554688 0.835938 0.559570 0.829427 0.559570 0.826823 0.560547 0.825521 0.560547 0.824219 0.557617 0.820312 0.557617 0.819010 0.556641 0.817708 0.555664 0.813802 0.552734 0.809896 0.551758 0.809896
0 0.552734 0.854167 0.551758 0.852865 0.550781 0.852865 0.549805 0.854167 0.545898 0.854167 0.544922 0.855469 0.540039 0.855469 0.539062 0.854167 0.535156 0.854167 0.534180 0.855469 0.533203 0.855469 0.533203 0.859375 0.532227 0.860677 0.532227 0.863281 0.531250 0.864583 0.531250 0.865885 0.526367 0.872396 0.525391 0.872396 0.524414 0.873698 0.523438 0.873698 0.521484 0.876302 0.521484 0.877604 0.522461 0.878906 0.522461 0.880208 0.523438 0.881510 0.523438 0.882812 0.524414 0.882812 0.527344 0.885417 0.541992 0.885417 0.542969 0.884115 0.544922 0.884115 0.545898 0.882812 0.546875 0.882812 0.549805 0.880208 0.551758 0.880208 0.552734 0.878906 0.553711 0.878906 0.553711 0.877604 0.554688 0.876302 0.554688 0.860677 0.553711 0.859375 0.553711 0.856771 0.552734 0.855469
0 0.572266 0.867188 0.571289 0.867188 0.567383 0.872396 0.566406 0.872396 0.563477 0.876302 0.563477 0.877604 0.562500 0.878906 0.561523 0.878906 0.560547 0.880208 0.559570 0.880208 0.558594 0.881510 0.557617 0.881510 0.556641 0.882812 0.556641 0.885417 0.557617 0.886719 0.557617 0.889323 0.558594 0.890625 0.558594 0.891927 0.561523 0.895833 0.562500 0.895833 0.563477 0.897135 0.564453 0.897135 0.565430 0.898438 0.566406 0.898438 0.567383 0.899740 0.574219 0.899740 0.575195 0.898438 0.577148 0.898438 0.579102 0.895833 0.580078 0.895833 0.582031 0.893229 0.582031 0.889323 0.583008 0.888021 0.583008 0.878906 0.582031 0.878906 0.581055 0.877604 0.580078 0.877604 0.578125 0.875000 0.578125 0.872396 0.577148 0.871094 0.577148 0.869792 0.576172 0.869792 0.575195 0.868490 0.573242 0.868490
0 0.549805 0.897135 0.545898 0.902344 0.545898 0.903646 0.543945 0.907552 0.543945 0.919271 0.544922 0.920573 0.544922 0.928385 0.545898 0.929688 0.546875 0.933594 0.547852 0.934896 0.548828 0.934896 0.551758 0.938802 0.553711 0.938802 0.554688 0.940104 0.560547 0.940104 0.561523 0.941406 0.562500 0.941406 0.564453 0.944010 0.564453 0.946615 0.567383 0.949219 0.569336 0.949219 0.570312 0.947917 0.576172 0.947917 0.577148 0.946615 0.577148 0.936198 0.576172 0.934896 0.576172 0.930990 0.575195 0.929688 0.575195 0.925781 0.572266 0.919271 0.572266 0.914062 0.571289 0.912760 0.571289 0.908854 0.570312 0.907552 0.570312 0.904948 0.569336 0.903646 0.569336 0.902344 0.568359 0.902344 0.567383 0.901042 0.562500 0.898438 0.560547 0.895833 0.551758 0.895833 0.550781 0.897135
0 0.610352 0.871094 0.610352 0.872396 0.607422 0.876302 0.605469 0.876302 0.604492 0.877604 0.602539 0.877604 0.601562 0.876302 0.597656 0.876302 0.596680 0.875000 0.590820 0.875000 0.587891 0.878906 0.586914 0.878906 0.586914 0.880208 0.585938 0.881510 0.585938 0.882812 0.584961 0.884115 0.584961 0.885417 0.583008 0.889323 0.583008 0.897135 0.583984 0.898438 0.583984 0.899740 0.586914 0.903646 0.586914 0.904948 0.587891 0.906250 0.588867 0.906250 0.589844 0.907552 0.593750 0.907552 0.594727 0.906250 0.594727 0.903646 0.596680 0.901042 0.597656 0.901042 0.600586 0.898438 0.602539 0.898438 0.603516 0.897135 0.606445 0.897135 0.607422 0.895833 0.608398 0.895833 0.610352 0.893229 0.611328 0.893229 0.612305 0.891927 0.613281 0.891927 0.613281 0.890625 0.614258 0.889323 0.614258 0.880208 0.612305 0.877604 0.612305 0.876302 0.611328 0.875000 0.611328 0.872396
0 0.596680 0.800781 0.594727 0.800781 0.593750 0.802083 0.593750 0.803385 0.592773 0.804688 0.592773 0.807292 0.591797 0.808594 0.590820 0.808594 0.588867 0.811198 0.586914 0.811198 0.583984 0.813802 0.579102 0.813802 0.576172 0.809896 0.576172 0.808594 0.575195 0.809896 0.575195 0.813802 0.573242 0.816406 0.572266 0.816406 0.571289 0.817708 0.571289 0.821615 0.572266 0.822917 0.572266 0.825521 0.573242 0.826823 0.574219 0.830729 0.576172 0.833333 0.576172 0.834635 0.582031 0.842448 0.582031 0.843750 0.586914 0.848958 0.591797 0.848958 0.592773 0.847656 0.594727 0.847656 0.595703 0.846354 0.596680 0.846354 0.600586 0.841146 0.603516 0.839844 0.603516 0.838542 0.605469 0.835938 0.606445 0.835938 0.606445 0.834635 0.607422 0.833333 0.607422 0.822917 0.603516 0.816406 0.603516 0.813802 0.602539 0.812500 0.602539 0.811198 0.600586 0.808594 0.600586 0.805990 0.599609 0.804688 0.599609 0.803385
0 0.612305 0.834635 0.611328 0.833333 0.611328 0.832031 0.609375 0.829427 0.608398 0.829427 0.607422 0.828125 0.607422 0.825521 0.606445 0.826823 0.606445 0.830729 0.602539 0.835938 0.602539 0.837240 0.600586 0.839844 0.600586 0.841146 0.599609 0.842448 0.598633 0.842448 0.595703 0.845052 0.591797 0.845052 0.590820 0.843750 0.587891 0.843750 0.586914 0.842448 0.585938 0.842448 0.584961 0.841146 0.584961 0.838542 0.583984 0.838542 0.583008 0.837240 0.582031 0.838542 0.581055 0.838542 0.581055 0.841146 0.583008 0.843750 0.583008 0.845052 0.587891 0.851562 0.597656 0.851562 0.598633 0.850260 0.601562 0.850260 0.602539 0.848958 0.604492 0.848958 0.605469 0.847656 0.606445 0.847656 0.607422 0.846354 0.607422 0.842448 0.609375 0.839844 0.611328 0.839844 0.611328 0.837240 0.612305 0.835938
0 0.629883 0.828125 0.626953 0.829427 0.625977 0.828125 0.625977 0.826823 0.625000 0.826823 0.624023 0.825521 0.619141 0.825521 0.617188 0.828125 0.616211 0.828125 0.614258 0.830729 0.611328 0.832031 0.608398 0.835938 0.607422 0.835938 0.607422 0.837240 0.605469 0.839844 0.605469 0.846354 0.603516 0.850260 0.605469 0.852865 0.605469 0.855469 0.606445 0.856771 0.607422 0.860677 0.609375 0.863281 0.609375 0.864583 0.612305 0.865885 0.615234 0.869792 0.618164 0.869792 0.620117 0.865885 0.622070 0.865885 0.624023 0.863281 0.626953 0.861979 0.628906 0.859375 0.629883 0.859375 0.632812 0.855469 0.632812 0.854167 0.631836 0.852865 0.631836 0.835938 0.630859 0.834635 0.630859 0.830729 0.629883 0.829427
0 0.602539 0.769531 0.601562 0.770833 0.600586 0.770833 0.597656 0.773438 0.595703 0.773438 0.594727 0.774740 0.594727 0.785156 0.595703 0.786458 0.595703 0.789062 0.596680 0.790365 0.596680 0.791667 0.597656 0.792969 0.597656 0.794271 0.598633 0.795573 0.600586 0.802083 0.604492 0.808594 0.604492 0.811198 0.605469 0.812500 0.607422 0.819010 0.609375 0.821615 0.613281 0.821615 0.614258 0.820312 0.616211 0.820312 0.617188 0.819010 0.618164 0.819010 0.625977 0.808594 0.625977 0.804688 0.627930 0.802083 0.628906 0.802083 0.628906 0.800781 0.629883 0.799479 0.625977 0.794271 0.625977 0.792969 0.625000 0.791667 0.625000 0.786458 0.624023 0.785156 0.624023 0.782552 0.623047 0.781250 0.621094 0.774740 0.618164 0.770833 0.616211 0.770833 0.615234 0.769531 0.608398 0.769531 0.607422 0.770833 0.606445 0.770833 0.605469 0.769531
0 0.623047 0.769531 0.622070 0.770833 0.622070 0.774740 0.623047 0.776042 0.623047 0.779948 0.624023 0.781250 0.624023 0.785156 0.625000 0.786458 0.625000 0.811198 0.628906 0.811198 0.630859 0.808594 0.630859 0.807292 0.631836 0.805990 0.631836 0.800781 0.632812 0.799479 0.632812 0.790365 0.633789 0.789062 0.633789 0.783854 0.632812 0.782552 0.632812 0.778646 0.630859 0.776042 0.630859 0.774740 0.627930 0.770833 0.626953 0.770833 0.625977 0.769531
0 0.583984 0.730469 0.576172 0.730469 0.571289 0.736979 0.571289 0.739583 0.572266 0.740885 0.572266 0.743490 0.573242 0.744792 0.573242 0.756510 0.572266 0.757812 0.572266 0.760417 0.571289 0.761719 0.571289 0.770833 0.572266 0.772135 0.572266 0.774740 0.573242 0.776042 0.573242 0.777344 0.575195 0.779948 0.577148 0.779948 0.578125 0.778646 0.581055 0.778646 0.582031 0.777344 0.584961 0.776042 0.588867 0.770833 0.589844 0.766927 0.592773 0.763021 0.592773 0.761719 0.594727 0.757812 0.594727 0.743490 0.593750 0.742188 0.592773 0.738281 0.589844 0.734375 0.588867 0.734375 0.587891 0.733073 0.586914 0.733073
0 0.599609 0.729167 0.597656 0.731771 0.597656 0.733073 0.595703 0.736979 0.595703 0.742188 0.596680 0.743490 0.596680 0.750000 0.597656 0.751302 0.597656 0.752604 0.596680 0.753906 0.596680 0.759115 0.597656 0.760417 0.597656 0.761719 0.598633 0.761719 0.603516 0.766927 0.605469 0.766927 0.606445 0.768229 0.607422 0.768229 0.608398 0.766927 0.612305 0.766927 0.613281 0.765625 0.619141 0.765625 0.620117 0.764323 0.621094 0.764323 0.623047 0.761719 0.623047 0.759115 0.624023 0.757812 0.624023 0.751302 0.625000 0.750000 0.625000 0.747396 0.625977 0.746094 0.625977 0.738281 0.625000 0.736979 0.625000 0.735677 0.622070 0.733073 0.607422 0.733073 0.604492 0.730469 0.602539 0.730469 0.601562 0.729167
0 0.631836 0.703125 0.626953 0.696615 0.625977 0.696615 0.623047 0.699219 0.619141 0.699219 0.618164 0.697917 0.613281 0.697917 0.612305 0.699219 0.611328 0.699219 0.610352 0.700521 0.610352 0.701823 0.602539 0.712240 0.601562 0.710938 0.599609 0.710938 0.599609 0.712240 0.600586 0.713542 0.600586 0.716146 0.601562 0.717448 0.602539 0.721354 0.604492 0.723958 0.604492 0.725260 0.605469 0.726562 0.606445 0.730469 0.607422 0.730469 0.608398 0.731771 0.618164 0.731771 0.619141 0.730469 0.623047 0.730469 0.624023 0.731771 0.626953 0.733073 0.626953 0.731771 0.631836 0.726562 0.631836 0.725260 0.633789 0.722656 0.633789 0.721354 0.634766 0.720052 0.634766 0.710938 0.633789 0.709635 0.633789 0.707031 0.631836 0.704427
0 0.653320 0.667969 0.651367 0.667969 0.650391 0.666667 0.650391 0.667969 0.646484 0.673177 0.643555 0.673177 0.642578 0.674479 0.641602 0.674479 0.640625 0.675781 0.637695 0.677083 0.633789 0.682292 0.632812 0.686198 0.629883 0.690104 0.629883 0.695312 0.631836 0.697917 0.631836 0.699219 0.633789 0.701823 0.633789 0.703125 0.634766 0.704427 0.637695 0.704427 0.638672 0.705729 0.641602 0.705729 0.644531 0.708333 0.654297 0.708333 0.654297 0.707031 0.657227 0.703125 0.657227 0.701823 0.659180 0.697917 0.659180 0.695312 0.660156 0.694010 0.660156 0.690104 0.661133 0.688802 0.661133 0.686198 0.662109 0.684896 0.662109 0.683594 0.661133 0.682292 0.660156 0.678385 0.658203 0.675781 0.658203 0.674479
0 0.635742 0.705729 0.634766 0.707031 0.632812 0.707031 0.629883 0.709635 0.629883 0.710938 0.627930 0.714844 0.627930 0.718750 0.628906 0.720052 0.628906 0.725260 0.626953 0.727865 0.626953 0.729167 0.625977 0.730469 0.625977 0.731771 0.627930 0.734375 0.627930 0.736979 0.629883 0.739583 0.630859 0.739583 0.633789 0.742188 0.635742 0.742188 0.636719 0.743490 0.638672 0.743490 0.639648 0.742188 0.642578 0.742188 0.645508 0.739583 0.647461 0.739583 0.648438 0.738281 0.650391 0.738281 0.651367 0.736979 0.651367 0.735677 0.652344 0.734375 0.652344 0.731771 0.653320 0.730469 0.653320 0.726562 0.654297 0.725260 0.654297 0.713542 0.652344 0.710938 0.651367 0.710938 0.650391 0.709635 0.645508 0.709635 0.644531 0.708333 0.642578 0.708333 0.641602 0.707031 0.639648 0.707031 0.638672 0.705729
0 0.666992 0.742188 0.665039 0.739583 0.665039 0.738281 0.661133 0.733073 0.660156 0.733073 0.658203 0.730469 0.657227 0.730469 0.656250 0.731771 0.655273 0.731771 0.650391 0.738281 0.649414 0.738281 0.646484 0.740885 0.644531 0.740885 0.643555 0.742188 0.641602 0.742188 0.640625 0.743490 0.638672 0.743490 0.637695 0.744792 0.636719 0.744792 0.636719 0.747396 0.635742 0.748698 0.635742 0.752604 0.634766 0.753906 0.634766 0.760417 0.635742 0.761719 0.635742 0.763021 0.636719 0.763021 0.638672 0.765625 0.639648 0.765625 0.641602 0.768229 0.643555 0.768229 0.644531 0.769531 0.651367 0.769531 0.652344 0.768229 0.655273 0.768229 0.660156 0.761719 0.660156 0.760417 0.662109 0.757812 0.662109 0.756510 0.663086 0.755208 0.663086 0.753906 0.664062 0.752604 0.664062 0.751302 0.666016 0.747396 0.666016 0.744792 0.666992 0.743490
0 0.604492 0.604167 0.603516 0.605469 0.600586 0.606771 0.597656 0.610677 0.597656 0.611979 0.598633 0.613281 0.598633 0.614583 0.600586 0.618490 0.600586 0.627604 0.599609 0.628906 0.599609 0.638021 0.600586 0.639323 0.600586 0.640625 0.602539 0.643229 0.603516 0.643229 0.608398 0.649740 0.609375 0.649740 0.610352 0.651042 0.612305 0.651042 0.613281 0.649740 0.614258 0.649740 0.618164 0.644531 0.621094 0.643229 0.624023 0.639323 0.625000 0.639323 0.629883 0.632812 0.629883 0.627604 0.628906 0.626302 0.628906 0.623698 0.627930 0.622396 0.627930 0.621094 0.626953 0.619792 0.625977 0.615885 0.624023 0.613281 0.621094 0.611979 0.614258 0.604167
0 0.571289 0.574219 0.571289 0.575521 0.573242 0.579427 0.573242 0.582031 0.574219 0.583333 0.574219 0.587240 0.575195 0.588542 0.575195 0.592448 0.576172 0.593750 0.576172 0.596354 0.577148 0.597656 0.577148 0.598958 0.579102 0.601562 0.583984 0.601562 0.584961 0.600260 0.588867 0.600260 0.589844 0.601562 0.590820 0.601562 0.592773 0.604167 0.593750 0.604167 0.594727 0.605469 0.596680 0.605469 0.597656 0.604167 0.599609 0.604167 0.606445 0.595052 0.606445 0.593750 0.607422 0.592448 0.607422 0.582031 0.606445 0.580729 0.606445 0.578125 0.605469 0.576823 0.605469 0.574219 0.603516 0.571615 0.603516 0.570312 0.601562 0.570312 0.598633 0.572917 0.580078 0.572917 0.579102 0.571615 0.578125 0.571615 0.576172 0.569010 0.575195 0.569010 0.573242 0.571615 0.572266 0.571615 0.572266 0.572917
0 0.611328 0.576823 0.611328 0.578125 0.610352 0.579427 0.610352 0.585938 0.612305 0.589844 0.612305 0.592448 0.614258 0.596354 0.614258 0.598958 0.617188 0.602865 0.617188 0.604167 0.621094 0.609375 0.622070 0.609375 0.623047 0.610677 0.625977 0.610677 0.626953 0.609375 0.628906 0.609375 0.629883 0.608073 0.634766 0.608073 0.635742 0.606771 0.637695 0.606771 0.638672 0.605469 0.640625 0.605469 0.645508 0.601562 0.645508 0.600260 0.646484 0.598958 0.646484 0.596354 0.647461 0.595052 0.647461 0.588542 0.646484 0.587240 0.646484 0.584635 0.641602 0.578125 0.641602 0.576823 0.638672 0.572917 0.638672 0.571615 0.634766 0.566406 0.631836 0.566406 0.630859 0.565104 0.628906 0.565104 0.627930 0.563802 0.623047 0.563802 0.621094 0.566406 0.620117 0.566406 0.615234 0.572917 0.614258 0.572917
0 0.581055 0.501302 0.580078 0.502604 0.579102 0.502604 0.572266 0.511719 0.572266 0.513021 0.571289 0.514323 0.571289 0.526042 0.572266 0.527344 0.572266 0.529948 0.573242 0.531250 0.573242 0.532552 0.574219 0.533854 0.575195 0.537760 0.578125 0.541667 0.579102 0.541667 0.580078 0.542969 0.584961 0.542969 0.585938 0.544271 0.595703 0.544271 0.597656 0.541667 0.598633 0.541667 0.601562 0.537760 0.601562 0.536458 0.603516 0.533854 0.603516 0.532552 0.604492 0.531250 0.604492 0.527344 0.606445 0.523438 0.606445 0.519531 0.605469 0.518229 0.605469 0.516927 0.599609 0.509115 0.598633 0.509115 0.595703 0.505208 0.595703 0.503906 0.594727 0.502604 0.591797 0.502604 0.590820 0.501302
0 0.608398 0.516927 0.607422 0.518229 0.607422 0.524740 0.606445 0.526042 0.606445 0.532552 0.605469 0.533854 0.605469 0.535156 0.601562 0.540365 0.601562 0.541667 0.599609 0.544271 0.599609 0.552083 0.600586 0.553385 0.600586 0.554688 0.603516 0.558594 0.604492 0.558594 0.605469 0.559896 0.614258 0.559896 0.615234 0.561198 0.622070 0.561198 0.623047 0.559896 0.624023 0.559896 0.627930 0.554688 0.630859 0.553385 0.634766 0.548177 0.634766 0.536458 0.633789 0.535156 0.633789 0.531250 0.632812 0.529948 0.632812 0.527344 0.631836 0.526042 0.630859 0.522135 0.627930 0.518229 0.625000 0.518229 0.624023 0.516927
0 0.641602 0.514323 0.637695 0.519531 0.636719 0.519531 0.634766 0.522135 0.634766 0.523438 0.633789 0.524740 0.633789 0.532552 0.634766 0.533854 0.634766 0.540365 0.635742 0.541667 0.635742 0.546875 0.636719 0.548177 0.636719 0.549479 0.640625 0.554688 0.641602 0.554688 0.643555 0.557292 0.644531 0.557292 0.647461 0.559896 0.649414 0.559896 0.650391 0.561198 0.654297 0.561198 0.655273 0.559896 0.656250 0.559896 0.657227 0.558594 0.660156 0.557292 0.664062 0.552083 0.664062 0.550781 0.665039 0.549479 0.665039 0.542969 0.662109 0.539062 0.662109 0.537760 0.660156 0.535156 0.660156 0.533854 0.656250 0.528646 0.655273 0.524740 0.650391 0.518229 0.649414 0.518229 0.647461 0.515625 0.646484 0.515625 0.645508 0.514323
0 0.593750 0.454427 0.592773 0.455729 0.590820 0.455729 0.586914 0.460938 0.585938 0.460938 0.583984 0.463542 0.583008 0.463542 0.582031 0.464844 0.579102 0.466146 0.579102 0.467448 0.577148 0.470052 0.576172 0.470052 0.576172 0.476562 0.577148 0.477865 0.577148 0.480469 0.578125 0.481771 0.578125 0.486979 0.580078 0.489583 0.580078 0.490885 0.582031 0.490885 0.586914 0.494792 0.588867 0.494792 0.589844 0.496094 0.591797 0.496094 0.592773 0.497396 0.599609 0.497396 0.601562 0.494792 0.604492 0.493490 0.605469 0.492188 0.605469 0.490885 0.607422 0.488281 0.607422 0.486979 0.610352 0.480469 0.610352 0.475260 0.611328 0.473958 0.611328 0.471354 0.610352 0.470052 0.610352 0.468750 0.609375 0.467448 0.608398 0.463542 0.607422 0.463542 0.604492 0.459635 0.603516 0.459635 0.598633 0.455729 0.596680 0.455729 0.595703 0.454427
0 0.614258 0.473958 0.612305 0.476562 0.612305 0.480469 0.611328 0.481771 0.611328 0.484375 0.609375 0.488281 0.609375 0.490885 0.608398 0.492188 0.608398 0.496094 0.607422 0.497396 0.607422 0.501302 0.608398 0.502604 0.608398 0.505208 0.609375 0.506510 0.609375 0.509115 0.612305 0.513021 0.613281 0.513021 0.614258 0.514323 0.618164 0.514323 0.619141 0.515625 0.631836 0.515625 0.632812 0.514323 0.633789 0.514323 0.639648 0.506510 0.639648 0.505208 0.641602 0.502604 0.641602 0.489583 0.640625 0.488281 0.640625 0.486979 0.637695 0.483073 0.637695 0.481771 0.636719 0.481771 0.634766 0.479167 0.633789 0.479167 0.632812 0.477865 0.631836 0.477865 0.626953 0.473958 0.625000 0.473958 0.624023 0.472656 0.616211 0.472656 0.615234 0.473958
0 0.597656 0.416667 0.594727 0.412760 0.593750 0.412760 0.590820 0.410156 0.586914 0.410156 0.585938 0.411458 0.575195 0.411458 0.574219 0.412760 0.573242 0.412760 0.567383 0.420573 0.567383 0.421875 0.566406 0.423177 0.566406 0.425781 0.564453 0.428385 0.564453 0.430990 0.563477 0.432292 0.563477 0.437500 0.564453 0.438802 0.565430 0.442708 0.568359 0.446615 0.569336 0.446615 0.572266 0.449219 0.574219 0.449219 0.575195 0.450521 0.584961 0.450521 0.585938 0.449219 0.590820 0.449219 0.591797 0.447917 0.594727 0.447917 0.596680 0.445312 0.596680 0.444010 0.599609 0.437500 0.599609 0.432292 0.600586 0.430990 0.600586 0.424479 0.599609 0.423177 0.599609 0.421875 0.598633 0.420573
0 0.587891 0.375000 0.586914 0.375000 0.583984 0.372396 0.582031 0.372396 0.581055 0.371094 0.575195 0.371094 0.574219 0.372396 0.573242 0.372396 0.572266 0.373698 0.571289 0.373698 0.568359 0.376302 0.564453 0.376302 0.563477 0.377604 0.562500 0.377604 0.562500 0.378906 0.560547 0.381510 0.560547 0.389323 0.559570 0.390625 0.559570 0.394531 0.560547 0.395833 0.560547 0.399740 0.561523 0.401042 0.561523 0.403646 0.562500 0.404948 0.562500 0.406250 0.564453 0.408854 0.565430 0.408854 0.568359 0.411458 0.572266 0.411458 0.575195 0.408854 0.584961 0.408854 0.585938 0.407552 0.587891 0.407552 0.588867 0.406250 0.590820 0.406250 0.593750 0.402344 0.593750 0.393229 0.592773 0.391927 0.592773 0.384115 0.590820 0.381510 0.589844 0.377604
0 0.575195 0.325521 0.566406 0.325521 0.565430 0.326823 0.562500 0.326823 0.561523 0.328125 0.558594 0.329427 0.555664 0.333333 0.554688 0.333333 0.553711 0.334635 0.553711 0.338542 0.554688 0.339844 0.554688 0.359375 0.559570 0.365885 0.559570 0.367188 0.562500 0.371094 0.562500 0.372396 0.563477 0.373698 0.566406 0.373698 0.567383 0.375000 0.568359 0.373698 0.570312 0.373698 0.571289 0.372396 0.572266 0.372396 0.573242 0.371094 0.576172 0.369792 0.580078 0.364583 0.581055 0.364583 0.582031 0.363281 0.584961 0.361979 0.585938 0.360677 0.585938 0.359375 0.587891 0.356771 0.587891 0.352865 0.588867 0.351562 0.587891 0.350260 0.587891 0.347656 0.586914 0.346354 0.586914 0.342448 0.585938 0.341146 0.585938 0.339844 0.584961 0.338542 0.584961 0.337240 0.583984 0.335938 0.583008 0.332031 0.581055 0.329427 0.579102 0.329427 0.578125 0.328125 0.577148 0.328125
0 0.589844 0.338542 0.587891 0.341146 0.587891 0.347656 0.588867 0.348958 0.588867 0.358073 0.586914 0.360677 0.586914 0.361979 0.585938 0.363281 0.585938 0.367188 0.586914 0.368490 0.586914 0.369792 0.591797 0.375000 0.594727 0.375000 0.595703 0.376302 0.596680 0.376302 0.599609 0.378906 0.605469 0.378906 0.606445 0.377604 0.609375 0.376302 0.613281 0.371094 0.613281 0.369792 0.616211 0.367188 0.616211 0.364583 0.617188 0.363281 0.617188 0.354167 0.616211 0.352865 0.616211 0.348958 0.615234 0.347656 0.615234 0.346354 0.614258 0.345052 0.613281 0.345052 0.611328 0.342448 0.610352 0.342448 0.609375 0.341146 0.607422 0.341146 0.606445 0.339844 0.605469 0.339844 0.604492 0.338542 0.602539 0.338542 0.601562 0.337240 0.591797 0.337240 0.590820 0.338542
0 0.590820 0.287760 0.589844 0.289062 0.589844 0.294271 0.588867 0.295573 0.588867 0.299479 0.589844 0.300781 0.589844 0.308594 0.590820 0.309896 0.590820 0.312500 0.592773 0.315104 0.592773 0.316406 0.594727 0.320312 0.594727 0.322917 0.597656 0.326823 0.597656 0.328125 0.599609 0.330729 0.599609 0.332031 0.600586 0.332031 0.601562 0.333333 0.607422 0.333333 0.608398 0.332031 0.613281 0.332031 0.614258 0.330729 0.615234 0.330729 0.617188 0.328125 0.618164 0.324219 0.620117 0.321615 0.620117 0.320312 0.623047 0.313802 0.623047 0.309896 0.624023 0.308594 0.624023 0.302083 0.623047 0.300781 0.623047 0.299479 0.621094 0.296875 0.621094 0.295573 0.618164 0.291667 0.618164 0.290365 0.617188 0.289062 0.617188 0.285156 0.615234 0.282552 0.602539 0.282552 0.601562 0.283854 0.599609 0.283854 0.598633 0.285156 0.595703 0.285156 0.594727 0.286458 0.592773 0.286458 0.591797 0.287760
0 0.649414 0.214844 0.643555 0.208333 0.642578 0.208333 0.641602 0.207031 0.639648 0.207031 0.638672 0.205729 0.633789 0.205729 0.632812 0.207031 0.629883 0.207031 0.628906 0.208333 0.627930 0.208333 0.626953 0.209635 0.625000 0.209635 0.624023 0.210938 0.621094 0.212240 0.619141 0.214844 0.618164 0.214844 0.614258 0.220052 0.614258 0.221354 0.611328 0.227865 0.611328 0.231771 0.612305 0.233073 0.612305 0.239583 0.613281 0.240885 0.614258 0.244792 0.616211 0.247396 0.616211 0.248698 0.617188 0.248698 0.619141 0.251302 0.622070 0.251302 0.623047 0.252604 0.625000 0.252604 0.625977 0.253906 0.636719 0.253906 0.639648 0.251302 0.641602 0.251302 0.644531 0.247396 0.644531 0.246094 0.645508 0.244792 0.646484 0.244792 0.648438 0.242188 0.648438 0.240885 0.649414 0.239583 0.649414 0.234375 0.650391 0.233073 0.650391 0.227865 0.649414 0.226562
0 0.657227 0.135417 0.654297 0.139323 0.654297 0.140625 0.653320 0.141927 0.653320 0.144531 0.651367 0.148438 0.651367 0.151042 0.652344 0.152344 0.652344 0.166667 0.651367 0.167969 0.651367 0.173177 0.652344 0.174479 0.652344 0.178385 0.653320 0.179688 0.653320 0.180990 0.654297 0.180990 0.657227 0.183594 0.660156 0.183594 0.665039 0.187500 0.666992 0.187500 0.667969 0.186198 0.670898 0.186198 0.671875 0.184896 0.673828 0.184896 0.676758 0.180990 0.676758 0.175781 0.677734 0.174479 0.677734 0.173177 0.679688 0.170573 0.679688 0.169271 0.682617 0.162760 0.682617 0.160156 0.683594 0.158854 0.683594 0.156250 0.682617 0.154948 0.682617 0.152344 0.681641 0.151042 0.681641 0.148438 0.680664 0.147135 0.680664 0.145833 0.673828 0.136719 0.670898 0.136719 0.669922 0.135417
0 0.668945 0.190104 0.666016 0.190104 0.664062 0.192708 0.661133 0.194010 0.659180 0.196615 0.658203 0.196615 0.656250 0.199219 0.655273 0.199219 0.655273 0.201823 0.654297 0.203125 0.654297 0.205729 0.653320 0.207031 0.653320 0.210938 0.652344 0.212240 0.652344 0.221354 0.651367 0.222656 0.651367 0.227865 0.652344 0.229167 0.652344 0.230469 0.654297 0.233073 0.657227 0.233073 0.660156 0.236979 0.663086 0.236979 0.664062 0.238281 0.666016 0.238281 0.666992 0.236979 0.671875 0.236979 0.672852 0.235677 0.674805 0.235677 0.675781 0.234375 0.678711 0.233073 0.678711 0.231771 0.681641 0.227865 0.682617 0.223958 0.684570 0.221354 0.684570 0.218750 0.685547 0.217448 0.685547 0.208333 0.686523 0.207031 0.686523 0.204427 0.685547 0.203125 0.685547 0.200521 0.680664 0.196615 0.678711 0.196615 0.677734 0.195312 0.676758 0.195312 0.671875 0.191406 0.669922 0.191406
0 0.647461 0.252604 0.641602 0.252604 0.640625 0.253906 0.638672 0.253906 0.637695 0.255208 0.635742 0.255208 0.634766 0.256510 0.633789 0.256510 0.631836 0.259115 0.628906 0.260417 0.624023 0.266927 0.624023 0.274740 0.625000 0.276042 0.625000 0.278646 0.625977 0.279948 0.625977 0.285156 0.627930 0.287760 0.627930 0.289062 0.628906 0.290365 0.629883 0.290365 0.631836 0.292969 0.631836 0.294271 0.634766 0.298177 0.639648 0.298177 0.640625 0.299479 0.642578 0.299479 0.643555 0.298177 0.647461 0.298177 0.648438 0.296875 0.649414 0.296875 0.651367 0.294271 0.652344 0.290365 0.656250 0.285156 0.656250 0.283854 0.658203 0.281250 0.658203 0.279948 0.659180 0.278646 0.659180 0.272135 0.658203 0.270833 0.658203 0.266927 0.657227 0.265625 0.656250 0.261719 0.651367 0.255208 0.650391 0.255208
0 0.666016 0.268229 0.663086 0.272135 0.663086 0.273438 0.662109 0.274740 0.662109 0.279948 0.661133 0.281250 0.661133 0.285156 0.664062 0.289062 0.664062 0.291667 0.665039 0.292969 0.665039 0.298177 0.667969 0.302083 0.668945 0.302083 0.669922 0.303385 0.682617 0.303385 0.683594 0.302083 0.685547 0.302083 0.686523 0.300781 0.689453 0.299479 0.689453 0.298177 0.692383 0.294271 0.692383 0.292969 0.693359 0.291667 0.693359 0.289062 0.697266 0.283854 0.697266 0.279948 0.698242 0.278646 0.698242 0.277344 0.697266 0.276042 0.697266 0.274740 0.696289 0.273438 0.695312 0.269531 0.692383 0.265625 0.683594 0.265625 0.682617 0.264323 0.674805 0.264323 0.673828 0.265625 0.670898 0.265625 0.669922 0.266927 0.667969 0.266927 0.666992 0.268229
0 0.614258 0.334635 0.614258 0.335938 0.613281 0.337240 0.612305 0.341146 0.615234 0.345052 0.615234 0.346354 0.617188 0.348958 0.617188 0.350260 0.618164 0.351562 0.618164 0.354167 0.619141 0.355469 0.619141 0.360677 0.618164 0.361979 0.618164 0.365885 0.620117 0.368490 0.624023 0.368490 0.625000 0.367188 0.627930 0.367188 0.630859 0.364583 0.633789 0.364583 0.636719 0.361979 0.641602 0.361979 0.644531 0.358073 0.646484 0.350260 0.645508 0.348958 0.645508 0.345052 0.644531 0.343750 0.644531 0.341146 0.643555 0.339844 0.643555 0.337240 0.642578 0.335938 0.642578 0.334635 0.640625 0.332031 0.634766 0.332031 0.629883 0.325521 0.628906 0.325521 0.627930 0.324219 0.623047 0.324219 0.622070 0.325521 0.622070 0.326823 0.620117 0.329427 0.618164 0.329427
0 0.640625 0.313802 0.639648 0.315104 0.639648 0.324219 0.642578 0.330729 0.642578 0.333333 0.644531 0.337240 0.644531 0.339844 0.645508 0.341146 0.645508 0.343750 0.646484 0.345052 0.646484 0.347656 0.648438 0.351562 0.652344 0.351562 0.653320 0.352865 0.656250 0.352865 0.657227 0.351562 0.663086 0.351562 0.664062 0.350260 0.665039 0.350260 0.669922 0.343750 0.669922 0.342448 0.670898 0.341146 0.670898 0.338542 0.671875 0.337240 0.671875 0.326823 0.670898 0.325521 0.670898 0.322917 0.667969 0.319010 0.667969 0.317708 0.666016 0.313802 0.666016 0.311198 0.665039 0.309896 0.662109 0.309896 0.661133 0.308594 0.657227 0.308594 0.656250 0.307292 0.654297 0.307292 0.653320 0.305990 0.652344 0.307292 0.650391 0.307292 0.649414 0.308594 0.648438 0.308594 0.647461 0.309896 0.646484 0.309896 0.645508 0.311198 0.644531 0.311198 0.643555 0.312500
0 0.596680 0.385417 0.594727 0.388021 0.594727 0.393229 0.595703 0.394531 0.595703 0.408854 0.597656 0.411458 0.598633 0.415365 0.600586 0.417969 0.600586 0.419271 0.601562 0.420573 0.602539 0.420573 0.603516 0.421875 0.610352 0.421875 0.611328 0.423177 0.616211 0.423177 0.617188 0.421875 0.620117 0.420573 0.624023 0.415365 0.624023 0.414062 0.625000 0.412760 0.625000 0.411458 0.625977 0.410156 0.625977 0.408854 0.628906 0.402344 0.628906 0.393229 0.627930 0.391927 0.626953 0.388021 0.623047 0.388021 0.622070 0.386719 0.619141 0.386719 0.618164 0.385417 0.615234 0.385417 0.614258 0.384115 0.611328 0.384115 0.610352 0.382812 0.607422 0.382812 0.606445 0.381510 0.603516 0.381510 0.602539 0.382812 0.600586 0.382812 0.599609 0.384115
0 0.631836 0.419271 0.625977 0.419271 0.625000 0.420573 0.622070 0.421875 0.620117 0.424479 0.619141 0.424479 0.618164 0.425781 0.617188 0.425781 0.616211 0.427083 0.613281 0.428385 0.611328 0.430990 0.609375 0.430990 0.605469 0.436198 0.605469 0.437500 0.604492 0.438802 0.604492 0.446615 0.605469 0.447917 0.605469 0.449219 0.606445 0.450521 0.607422 0.450521 0.610352 0.454427 0.610352 0.455729 0.614258 0.460938 0.615234 0.460938 0.616211 0.462240 0.618164 0.462240 0.619141 0.463542 0.622070 0.463542 0.623047 0.462240 0.626953 0.462240 0.627930 0.460938 0.628906 0.460938 0.630859 0.458333 0.631836 0.458333 0.633789 0.455729 0.633789 0.454427 0.634766 0.453125 0.634766 0.451823 0.636719 0.447917 0.636719 0.445312 0.637695 0.444010 0.637695 0.441406 0.639648 0.437500 0.639648 0.432292 0.637695 0.428385 0.637695 0.425781 0.633789 0.420573 0.632812 0.420573
0 0.646484 0.458333 0.645508 0.459635 0.644531 0.459635 0.640625 0.464844 0.640625 0.467448 0.639648 0.468750 0.639648 0.471354 0.638672 0.472656 0.637695 0.476562 0.638672 0.477865 0.638672 0.480469 0.639648 0.481771 0.639648 0.483073 0.642578 0.489583 0.642578 0.497396 0.643555 0.498698 0.643555 0.500000 0.648438 0.506510 0.653320 0.506510 0.656250 0.503906 0.658203 0.503906 0.659180 0.502604 0.661133 0.502604 0.666016 0.496094 0.666016 0.494792 0.668945 0.490885 0.668945 0.489583 0.670898 0.486979 0.670898 0.485677 0.671875 0.484375 0.671875 0.477865 0.666016 0.470052 0.666016 0.468750 0.664062 0.464844 0.663086 0.464844 0.662109 0.463542 0.658203 0.463542 0.657227 0.462240 0.656250 0.462240 0.653320 0.458333
0 0.651367 0.411458 0.646484 0.415365 0.644531 0.415365 0.643555 0.416667 0.642578 0.416667 0.640625 0.419271 0.640625 0.420573 0.639648 0.421875 0.639648 0.428385 0.640625 0.429688 0.640625 0.432292 0.641602 0.433594 0.641602 0.436198 0.642578 0.437500 0.643555 0.441406 0.645508 0.444010 0.645508 0.445312 0.651367 0.453125 0.652344 0.453125 0.657227 0.459635 0.659180 0.459635 0.660156 0.460938 0.661133 0.460938 0.662109 0.459635 0.663086 0.459635 0.664062 0.458333 0.666992 0.457031 0.670898 0.451823 0.670898 0.450521 0.671875 0.449219 0.671875 0.438802 0.672852 0.437500 0.672852 0.427083 0.671875 0.425781 0.671875 0.421875 0.670898 0.420573 0.669922 0.416667 0.668945 0.416667 0.666992 0.414062 0.666016 0.414062 0.665039 0.412760 0.663086 0.412760 0.662109 0.411458 0.658203 0.411458 0.657227 0.410156 0.656250 0.411458
0 0.668945 0.459635 0.669922 0.460938 0.669922 0.463542 0.670898 0.464844 0.670898 0.467448 0.672852 0.470052 0.675781 0.470052 0.676758 0.471354 0.678711 0.471354 0.679688 0.470052 0.687500 0.470052 0.688477 0.468750 0.691406 0.468750 0.692383 0.467448 0.695312 0.467448 0.696289 0.466146 0.699219 0.464844 0.701172 0.462240 0.704102 0.460938 0.706055 0.458333 0.707031 0.454427 0.705078 0.450521 0.705078 0.447917 0.704102 0.446615 0.704102 0.444010 0.702148 0.441406 0.701172 0.441406 0.700195 0.440104 0.698242 0.440104 0.697266 0.438802 0.696289 0.438802 0.695312 0.437500 0.694336 0.437500 0.689453 0.433594 0.674805 0.433594 0.672852 0.437500 0.672852 0.449219 0.671875 0.450521 0.671875 0.451823 0.669922 0.454427 0.669922 0.458333
0 0.690430 0.384115 0.689453 0.385417 0.686523 0.386719 0.686523 0.388021 0.684570 0.390625 0.683594 0.390625 0.682617 0.391927 0.680664 0.391927 0.675781 0.397135 0.675781 0.398438 0.674805 0.399740 0.674805 0.403646 0.671875 0.410156 0.671875 0.416667 0.672852 0.417969 0.673828 0.421875 0.676758 0.424479 0.679688 0.424479 0.680664 0.425781 0.682617 0.425781 0.683594 0.427083 0.686523 0.427083 0.687500 0.428385 0.695312 0.428385 0.696289 0.427083 0.698242 0.427083 0.699219 0.425781 0.701172 0.425781 0.706055 0.420573 0.706055 0.419271 0.708984 0.415365 0.708984 0.414062 0.712891 0.408854 0.712891 0.401042 0.710938 0.397135 0.710938 0.394531 0.708984 0.391927 0.708008 0.391927 0.707031 0.390625 0.705078 0.390625 0.704102 0.389323 0.701172 0.389323 0.700195 0.388021 0.699219 0.388021 0.696289 0.385417 0.694336 0.385417 0.693359 0.384115
0 0.635742 0.367188 0.635742 0.368490 0.634766 0.369792 0.634766 0.372396 0.635742 0.373698 0.635742 0.377604 0.630859 0.384115 0.629883 0.384115 0.629883 0.391927 0.630859 0.393229 0.630859 0.398438 0.632812 0.401042 0.632812 0.402344 0.634766 0.404948 0.635742 0.404948 0.638672 0.407552 0.640625 0.407552 0.641602 0.408854 0.649414 0.408854 0.650391 0.407552 0.653320 0.407552 0.654297 0.406250 0.655273 0.406250 0.657227 0.403646 0.658203 0.403646 0.658203 0.402344 0.662109 0.397135 0.662109 0.395833 0.665039 0.391927 0.665039 0.389323 0.666016 0.388021 0.666016 0.386719 0.665039 0.385417 0.665039 0.381510 0.664062 0.380208 0.664062 0.377604 0.663086 0.376302 0.663086 0.375000 0.661133 0.372396 0.660156 0.372396 0.659180 0.371094 0.656250 0.369792 0.654297 0.367188 0.653320 0.367188 0.652344 0.365885 0.647461 0.365885 0.646484 0.364583 0.642578 0.364583 0.641602 0.365885 0.637695 0.365885 0.636719 0.367188
0 0.673828 0.347656 0.669922 0.347656 0.665039 0.352865 0.663086 0.352865 0.662109 0.354167 0.661133 0.354167 0.661133 0.355469 0.659180 0.358073 0.657227 0.358073 0.656250 0.359375 0.654297 0.359375 0.652344 0.361979 0.653320 0.363281 0.653320 0.365885 0.654297 0.367188 0.655273 0.367188 0.656250 0.368490 0.658203 0.368490 0.659180 0.369792 0.661133 0.369792 0.664062 0.373698 0.664062 0.375000 0.665039 0.376302 0.665039 0.378906 0.666016 0.380208 0.666016 0.382812 0.667969 0.386719 0.667969 0.388021 0.666016 0.391927 0.668945 0.394531 0.670898 0.394531 0.671875 0.393229 0.675781 0.393229 0.676758 0.391927 0.678711 0.391927 0.681641 0.388021 0.682617 0.388021 0.684570 0.385417 0.685547 0.385417 0.690430 0.381510 0.690430 0.375000 0.689453 0.373698 0.689453 0.372396 0.683594 0.363281 0.683594 0.361979 0.681641 0.359375 0.681641 0.358073
0 0.706055 0.361979 0.705078 0.363281 0.705078 0.368490 0.706055 0.369792 0.706055 0.372396 0.704102 0.376302 0.704102 0.378906 0.705078 0.380208 0.705078 0.386719 0.706055 0.388021 0.707031 0.388021 0.708984 0.390625 0.709961 0.390625 0.710938 0.391927 0.710938 0.393229 0.712891 0.395833 0.712891 0.397135 0.715820 0.401042 0.725586 0.401042 0.726562 0.399740 0.729492 0.398438 0.740234 0.384115 0.740234 0.375000 0.741211 0.373698 0.741211 0.368490 0.739258 0.365885 0.737305 0.365885 0.736328 0.364583 0.733398 0.364583 0.732422 0.363281 0.730469 0.363281 0.729492 0.361979 0.727539 0.361979 0.726562 0.360677 0.722656 0.360677 0.721680 0.359375 0.715820 0.359375 0.714844 0.360677 0.710938 0.360677 0.709961 0.361979
0 0.699219 0.291667 0.698242 0.292969 0.696289 0.292969 0.695312 0.294271 0.694336 0.294271 0.692383 0.296875 0.692383 0.298177 0.687500 0.304688 0.687500 0.307292 0.686523 0.308594 0.686523 0.317708 0.687500 0.319010 0.688477 0.322917 0.690430 0.325521 0.691406 0.329427 0.692383 0.330729 0.695312 0.332031 0.697266 0.334635 0.699219 0.334635 0.700195 0.335938 0.703125 0.335938 0.704102 0.337240 0.708984 0.337240 0.709961 0.335938 0.712891 0.335938 0.713867 0.334635 0.716797 0.333333 0.719727 0.329427 0.719727 0.328125 0.721680 0.325521 0.721680 0.324219 0.724609 0.320312 0.724609 0.305990 0.723633 0.304688 0.723633 0.303385 0.722656 0.302083 0.721680 0.302083 0.718750 0.298177 0.717773 0.298177 0.714844 0.294271 0.714844 0.292969 0.712891 0.290365 0.704102 0.290365 0.703125 0.291667
0 0.726562 0.320312 0.723633 0.322917 0.723633 0.324219 0.720703 0.328125 0.719727 0.332031 0.716797 0.335938 0.716797 0.338542 0.717773 0.339844 0.717773 0.343750 0.718750 0.345052 0.718750 0.355469 0.719727 0.356771 0.724609 0.356771 0.725586 0.358073 0.727539 0.358073 0.728516 0.359375 0.729492 0.359375 0.732422 0.361979 0.734375 0.361979 0.735352 0.363281 0.736328 0.363281 0.737305 0.361979 0.740234 0.361979 0.744141 0.356771 0.744141 0.355469 0.746094 0.351562 0.746094 0.348958 0.745117 0.347656 0.745117 0.343750 0.744141 0.342448 0.744141 0.339844 0.743164 0.338542 0.743164 0.337240 0.742188 0.335938 0.742188 0.334635 0.741211 0.333333 0.741211 0.332031 0.740234 0.330729 0.740234 0.329427 0.738281 0.325521 0.738281 0.322917 0.736328 0.320312
0 0.735352 0.303385 0.735352 0.305990 0.736328 0.307292 0.736328 0.312500 0.735352 0.313802 0.735352 0.315104 0.736328 0.316406 0.736328 0.319010 0.739258 0.322917 0.739258 0.325521 0.740234 0.326823 0.740234 0.329427 0.744141 0.335938 0.745117 0.335938 0.746094 0.337240 0.751953 0.337240 0.752930 0.338542 0.755859 0.338542 0.756836 0.339844 0.760742 0.339844 0.761719 0.338542 0.763672 0.338542 0.764648 0.337240 0.765625 0.337240 0.768555 0.333333 0.768555 0.332031 0.769531 0.330729 0.769531 0.313802 0.768555 0.312500 0.768555 0.311198 0.767578 0.309896 0.766602 0.305990 0.762695 0.300781 0.761719 0.300781 0.758789 0.298177 0.756836 0.298177 0.755859 0.296875 0.751953 0.296875 0.750977 0.295573 0.744141 0.295573 0.739258 0.302083 0.738281 0.302083 0.737305 0.303385
0 0.748047 0.342448 0.747070 0.343750 0.747070 0.354167 0.746094 0.355469 0.746094 0.356771 0.744141 0.360677 0.744141 0.363281 0.743164 0.364583 0.743164 0.365885 0.744141 0.367188 0.744141 0.373698 0.745117 0.375000 0.745117 0.376302 0.747070 0.378906 0.749023 0.378906 0.750000 0.380208 0.753906 0.380208 0.754883 0.381510 0.757812 0.381510 0.758789 0.380208 0.768555 0.380208 0.769531 0.378906 0.771484 0.378906 0.771484 0.375000 0.772461 0.373698 0.772461 0.371094 0.771484 0.369792 0.771484 0.365885 0.770508 0.364583 0.770508 0.359375 0.769531 0.358073 0.769531 0.352865 0.768555 0.351562 0.768555 0.348958 0.767578 0.347656 0.767578 0.343750 0.766602 0.342448 0.766602 0.341146 0.765625 0.339844 0.762695 0.339844 0.761719 0.341146 0.755859 0.341146 0.754883 0.339844 0.753906 0.341146 0.750000 0.341146 0.749023 0.342448
0 0.696289 0.233073 0.693359 0.236979 0.693359 0.239583 0.692383 0.240885 0.692383 0.243490 0.691406 0.244792 0.691406 0.247396 0.690430 0.248698 0.690430 0.252604 0.689453 0.253906 0.689453 0.257812 0.690430 0.259115 0.690430 0.260417 0.691406 0.261719 0.692383 0.261719 0.695312 0.265625 0.695312 0.266927 0.698242 0.270833 0.699219 0.274740 0.701172 0.277344 0.705078 0.277344 0.706055 0.276042 0.710938 0.276042 0.711914 0.277344 0.712891 0.276042 0.716797 0.276042 0.722656 0.268229 0.722656 0.266927 0.723633 0.265625 0.723633 0.263021 0.724609 0.261719 0.724609 0.247396 0.723633 0.246094 0.723633 0.243490 0.722656 0.242188 0.721680 0.238281 0.718750 0.234375 0.717773 0.234375 0.716797 0.233073 0.714844 0.233073 0.713867 0.231771 0.706055 0.231771 0.705078 0.230469 0.704102 0.230469 0.703125 0.231771 0.698242 0.231771 0.697266 0.233073
0 0.729492 0.199219 0.723633 0.191406 0.722656 0.191406 0.720703 0.188802 0.719727 0.188802 0.718750 0.190104 0.712891 0.190104 0.711914 0.191406 0.708984 0.191406 0.708008 0.192708 0.705078 0.194010 0.704102 0.195312 0.704102 0.197917 0.702148 0.201823 0.702148 0.205729 0.701172 0.207031 0.701172 0.208333 0.698242 0.212240 0.698242 0.226562 0.700195 0.229167 0.703125 0.229167 0.704102 0.227865 0.705078 0.227865 0.706055 0.229167 0.708008 0.229167 0.708984 0.230469 0.714844 0.230469 0.715820 0.231771 0.717773 0.231771 0.718750 0.233073 0.721680 0.233073 0.722656 0.231771 0.725586 0.230469 0.729492 0.225260 0.729492 0.223958 0.731445 0.221354 0.731445 0.217448 0.732422 0.216146 0.732422 0.210938 0.731445 0.209635 0.731445 0.207031 0.730469 0.205729 0.730469 0.203125 0.729492 0.201823
0 0.748047 0.158854 0.738281 0.158854 0.736328 0.161458 0.734375 0.161458 0.733398 0.162760 0.732422 0.162760 0.728516 0.169271 0.729492 0.170573 0.729492 0.175781 0.727539 0.178385 0.727539 0.179688 0.726562 0.180990 0.726562 0.184896 0.727539 0.186198 0.727539 0.187500 0.730469 0.191406 0.730469 0.192708 0.731445 0.194010 0.731445 0.196615 0.732422 0.197917 0.733398 0.201823 0.736328 0.205729 0.743164 0.205729 0.744141 0.204427 0.747070 0.204427 0.748047 0.203125 0.749023 0.203125 0.754883 0.195312 0.754883 0.194010 0.755859 0.192708 0.755859 0.190104 0.758789 0.183594 0.758789 0.169271 0.757812 0.167969 0.757812 0.166667 0.752930 0.161458 0.751953 0.161458 0.750977 0.160156 0.749023 0.160156
0 0.751953 0.223958 0.750977 0.223958 0.750000 0.222656 0.742188 0.222656 0.741211 0.223958 0.732422 0.223958 0.723633 0.235677 0.723633 0.239583 0.724609 0.240885 0.724609 0.244792 0.725586 0.246094 0.725586 0.250000 0.726562 0.251302 0.726562 0.265625 0.727539 0.265625 0.730469 0.268229 0.734375 0.268229 0.735352 0.266927 0.739258 0.266927 0.740234 0.265625 0.743164 0.265625 0.744141 0.264323 0.747070 0.263021 0.749023 0.260417 0.749023 0.259115 0.753906 0.252604 0.753906 0.251302 0.755859 0.248698 0.755859 0.244792 0.756836 0.243490 0.756836 0.233073 0.755859 0.231771 0.755859 0.229167
0 0.776367 0.191406 0.773438 0.191406 0.772461 0.190104 0.769531 0.190104 0.768555 0.191406 0.761719 0.195312 0.759766 0.197917 0.758789 0.197917 0.752930 0.205729 0.752930 0.209635 0.751953 0.210938 0.752930 0.212240 0.753906 0.216146 0.752930 0.217448 0.751953 0.217448 0.751953 0.218750 0.750977 0.220052 0.751953 0.221354 0.752930 0.221354 0.754883 0.223958 0.754883 0.225260 0.756836 0.227865 0.758789 0.234375 0.760742 0.236979 0.769531 0.236979 0.774414 0.233073 0.777344 0.233073 0.778320 0.231771 0.781250 0.230469 0.785156 0.225260 0.786133 0.225260 0.791016 0.221354 0.793945 0.221354 0.793945 0.218750 0.792969 0.217448 0.792969 0.216146 0.791992 0.214844 0.791016 0.214844 0.790039 0.213542 0.790039 0.212240 0.781250 0.200521 0.780273 0.200521 0.777344 0.196615 0.777344 0.194010 0.776367 0.192708
0 0.786133 0.230469 0.785156 0.230469 0.784180 0.231771 0.782227 0.231771 0.779297 0.234375 0.777344 0.234375 0.776367 0.235677 0.773438 0.236979 0.768555 0.242188 0.768555 0.247396 0.767578 0.248698 0.767578 0.257812 0.769531 0.261719 0.769531 0.264323 0.772461 0.268229 0.772461 0.269531 0.771484 0.270833 0.771484 0.272135 0.772461 0.273438 0.775391 0.273438 0.776367 0.274740 0.784180 0.274740 0.785156 0.273438 0.790039 0.273438 0.791016 0.272135 0.792969 0.272135 0.793945 0.270833 0.794922 0.270833 0.796875 0.268229 0.797852 0.268229 0.800781 0.264323 0.801758 0.264323 0.803711 0.260417 0.803711 0.256510 0.799805 0.250000 0.799805 0.247396 0.798828 0.246094 0.797852 0.242188 0.792969 0.235677 0.791992 0.235677 0.791016 0.234375 0.788086 0.233073
0 0.802734 0.278646 0.800781 0.278646 0.799805 0.277344 0.794922 0.277344 0.793945 0.276042 0.791992 0.276042 0.791016 0.274740 0.790039 0.274740 0.789062 0.276042 0.785156 0.276042 0.784180 0.277344 0.782227 0.277344 0.781250 0.278646 0.779297 0.278646 0.778320 0.279948 0.776367 0.279948 0.775391 0.281250 0.772461 0.282552 0.772461 0.285156 0.771484 0.286458 0.771484 0.289062 0.770508 0.290365 0.769531 0.290365 0.767578 0.292969 0.767578 0.300781 0.768555 0.302083 0.768555 0.303385 0.770508 0.305990 0.770508 0.307292 0.773438 0.311198 0.773438 0.313802 0.776367 0.315104 0.778320 0.317708 0.780273 0.317708 0.781250 0.319010 0.787109 0.319010 0.788086 0.320312 0.792969 0.320312 0.793945 0.319010 0.795898 0.319010 0.796875 0.317708 0.797852 0.317708 0.802734 0.311198 0.802734 0.309896 0.805664 0.303385 0.805664 0.299479 0.806641 0.298177 0.805664 0.296875 0.805664 0.289062 0.804688 0.287760 0.804688 0.283854 0.803711 0.282552 0.803711 0.279948
0 0.773438 0.330729 0.773438 0.332031 0.772461 0.333333 0.772461 0.342448 0.771484 0.343750 0.771484 0.355469 0.773438 0.359375 0.773438 0.361979 0.777344 0.367188 0.778320 0.367188 0.779297 0.368490 0.781250 0.368490 0.782227 0.369792 0.786133 0.369792 0.787109 0.371094 0.792969 0.371094 0.793945 0.372396 0.795898 0.372396 0.796875 0.371094 0.803711 0.371094 0.806641 0.368490 0.806641 0.355469 0.807617 0.354167 0.807617 0.346354 0.806641 0.345052 0.805664 0.341146 0.803711 0.338542 0.803711 0.337240 0.799805 0.332031 0.797852 0.332031 0.796875 0.330729 0.791992 0.330729 0.791016 0.329427 0.774414 0.329427
0 0.812500 0.333333 0.811523 0.334635 0.808594 0.335938 0.806641 0.338542 0.806641 0.342448 0.808594 0.346354 0.808594 0.351562 0.807617 0.352865 0.807617 0.371094 0.808594 0.372396 0.810547 0.372396 0.811523 0.373698 0.813477 0.373698 0.815430 0.376302 0.816406 0.376302 0.817383 0.377604 0.820312 0.377604 0.821289 0.376302 0.822266 0.376302 0.825195 0.372396 0.825195 0.371094 0.827148 0.368490 0.828125 0.364583 0.830078 0.361979 0.830078 0.359375 0.831055 0.358073 0.831055 0.356771 0.833008 0.352865 0.833008 0.348958 0.833984 0.347656 0.833984 0.345052 0.833008 0.343750 0.832031 0.339844 0.829102 0.335938 0.827148 0.335938 0.826172 0.334635 0.821289 0.334635 0.820312 0.333333
0 0.865234 0.341146 0.860352 0.341146 0.859375 0.342448 0.858398 0.342448 0.856445 0.345052 0.855469 0.345052 0.855469 0.351562 0.854492 0.352865 0.854492 0.354167 0.852539 0.356771 0.852539 0.361979 0.850586 0.364583 0.850586 0.368490 0.849609 0.369792 0.849609 0.373698 0.850586 0.375000 0.850586 0.384115 0.851562 0.384115 0.852539 0.385417 0.854492 0.385417 0.855469 0.386719 0.862305 0.386719 0.863281 0.385417 0.864258 0.385417 0.865234 0.384115 0.866211 0.384115 0.867188 0.382812 0.868164 0.382812 0.869141 0.381510 0.870117 0.381510 0.871094 0.380208 0.874023 0.378906 0.875000 0.377604 0.875000 0.376302 0.876953 0.372396 0.876953 0.369792 0.878906 0.365885 0.878906 0.359375 0.877930 0.358073 0.877930 0.356771 0.871094 0.347656 0.871094 0.346354 0.870117 0.345052 0.869141 0.345052 0.867188 0.342448 0.866211 0.342448
0 0.860352 0.303385 0.860352 0.304688 0.861328 0.305990 0.864258 0.307292 0.866211 0.309896 0.864258 0.313802 0.864258 0.319010 0.863281 0.320312 0.863281 0.324219 0.861328 0.328125 0.861328 0.335938 0.862305 0.335938 0.863281 0.337240 0.864258 0.337240 0.866211 0.339844 0.868164 0.339844 0.869141 0.341146 0.875000 0.341146 0.875977 0.339844 0.877930 0.339844 0.878906 0.338542 0.879883 0.338542 0.886719 0.329427 0.887695 0.329427 0.887695 0.328125 0.888672 0.326823 0.888672 0.321615 0.889648 0.320312 0.889648 0.319010 0.888672 0.317708 0.888672 0.312500 0.885742 0.308594 0.881836 0.308594 0.880859 0.307292 0.878906 0.307292 0.875977 0.304688 0.873047 0.304688 0.872070 0.303385 0.868164 0.303385 0.867188 0.302083 0.861328 0.302083
0 0.861328 0.214844 0.853516 0.214844 0.852539 0.216146 0.850586 0.216146 0.849609 0.217448 0.847656 0.217448 0.843750 0.222656 0.843750 0.226562 0.842773 0.227865 0.842773 0.234375 0.843750 0.235677 0.843750 0.238281 0.844727 0.239583 0.844727 0.248698 0.845703 0.250000 0.845703 0.251302 0.848633 0.255208 0.848633 0.256510 0.849609 0.256510 0.852539 0.259115 0.853516 0.259115 0.854492 0.257812 0.856445 0.257812 0.857422 0.256510 0.860352 0.256510 0.861328 0.255208 0.864258 0.255208 0.867188 0.251302 0.867188 0.248698 0.868164 0.247396 0.868164 0.246094 0.869141 0.244792 0.869141 0.243490 0.870117 0.242188 0.870117 0.240885 0.872070 0.236979 0.872070 0.230469 0.871094 0.229167 0.871094 0.226562 0.866211 0.220052 0.865234 0.220052
0 0.875977 0.243490 0.875000 0.243490 0.874023 0.244792 0.870117 0.244792 0.868164 0.247396 0.867188 0.251302 0.864258 0.255208 0.863281 0.255208 0.862305 0.256510 0.859375 0.256510 0.858398 0.257812 0.855469 0.257812 0.852539 0.260417 0.852539 0.261719 0.851562 0.263021 0.851562 0.265625 0.850586 0.266927 0.850586 0.269531 0.849609 0.270833 0.849609 0.274740 0.850586 0.276042 0.850586 0.283854 0.851562 0.285156 0.851562 0.287760 0.852539 0.287760 0.853516 0.289062 0.854492 0.289062 0.855469 0.287760 0.857422 0.287760 0.858398 0.289062 0.869141 0.289062 0.870117 0.287760 0.874023 0.287760 0.875000 0.286458 0.875977 0.286458 0.880859 0.279948 0.880859 0.278646 0.882812 0.274740 0.882812 0.270833 0.883789 0.269531 0.883789 0.266927 0.882812 0.265625 0.882812 0.261719 0.881836 0.260417 0.881836 0.257812 0.880859 0.256510 0.880859 0.253906 0.878906 0.251302 0.878906 0.250000 0.877930 0.248698 0.877930 0.246094
0 0.911133 0.251302 0.910156 0.251302 0.909180 0.250000 0.902344 0.250000 0.901367 0.251302 0.898438 0.251302 0.897461 0.252604 0.894531 0.253906 0.892578 0.256510 0.891602 0.256510 0.887695 0.261719 0.884766 0.261719 0.883789 0.263021 0.884766 0.264323 0.884766 0.273438 0.883789 0.274740 0.883789 0.277344 0.882812 0.278646 0.882812 0.283854 0.883789 0.285156 0.883789 0.286458 0.886719 0.289062 0.886719 0.290365 0.887695 0.290365 0.889648 0.292969 0.898438 0.292969 0.899414 0.294271 0.900391 0.294271 0.901367 0.292969 0.902344 0.292969 0.907227 0.286458 0.908203 0.286458 0.911133 0.282552 0.912109 0.282552 0.913086 0.281250 0.913086 0.279948 0.915039 0.277344 0.915039 0.276042 0.916016 0.274740 0.916016 0.270833 0.916992 0.269531 0.916992 0.264323
0 0.888672 0.329427 0.887695 0.330729 0.886719 0.330729 0.880859 0.338542 0.879883 0.338542 0.878906 0.339844 0.877930 0.339844 0.876953 0.341146 0.875977 0.341146 0.874023 0.343750 0.874023 0.348958 0.875000 0.350260 0.875000 0.351562 0.878906 0.356771 0.878906 0.358073 0.879883 0.359375 0.879883 0.364583 0.881836 0.367188 0.884766 0.367188 0.885742 0.368490 0.894531 0.368490 0.894531 0.367188 0.895508 0.365885 0.895508 0.364583 0.896484 0.363281 0.896484 0.361979 0.897461 0.360677 0.897461 0.359375 0.898438 0.358073 0.898438 0.356771 0.899414 0.355469 0.899414 0.354167 0.901367 0.351562 0.901367 0.350260 0.902344 0.348958 0.902344 0.347656 0.903320 0.346354 0.903320 0.345052 0.902344 0.343750 0.902344 0.342448 0.901367 0.341146 0.901367 0.339844 0.898438 0.335938 0.898438 0.334635 0.896484 0.332031 0.895508 0.332031 0.894531 0.330729 0.892578 0.330729 0.891602 0.329427
0 0.914062 0.356771 0.913086 0.358073 0.913086 0.359375 0.912109 0.360677 0.911133 0.360677 0.909180 0.363281 0.909180 0.364583 0.908203 0.365885 0.908203 0.369792 0.907227 0.371094 0.907227 0.375000 0.906250 0.376302 0.906250 0.382812 0.907227 0.384115 0.907227 0.385417 0.909180 0.388021 0.909180 0.389323 0.911133 0.391927 0.911133 0.393229 0.913086 0.395833 0.914062 0.395833 0.918945 0.399740 0.923828 0.399740 0.924805 0.398438 0.931641 0.398438 0.932617 0.397135 0.938477 0.397135 0.938477 0.395833 0.940430 0.393229 0.940430 0.390625 0.941406 0.389323 0.941406 0.386719 0.942383 0.385417 0.942383 0.376302 0.941406 0.375000 0.941406 0.372396 0.939453 0.369792 0.938477 0.365885 0.934570 0.360677 0.932617 0.360677 0.931641 0.359375 0.928711 0.359375 0.927734 0.358073 0.923828 0.358073 0.922852 0.356771
0 0.713867 0.410156 0.711914 0.412760 0.711914 0.417969 0.710938 0.419271 0.711914 0.420573 0.711914 0.430990 0.712891 0.432292 0.713867 0.436198 0.714844 0.436198 0.719727 0.441406 0.720703 0.441406 0.721680 0.442708 0.723633 0.442708 0.728516 0.446615 0.730469 0.446615 0.731445 0.447917 0.733398 0.447917 0.734375 0.449219 0.736328 0.449219 0.742188 0.441406 0.743164 0.441406 0.746094 0.437500 0.746094 0.436198 0.749023 0.429688 0.749023 0.420573 0.748047 0.419271 0.748047 0.415365 0.744141 0.410156 0.744141 0.408854 0.743164 0.408854 0.742188 0.407552 0.741211 0.407552 0.734375 0.402344 0.727539 0.402344 0.720703 0.407552 0.716797 0.407552 0.714844 0.410156
0 0.745117 0.388021 0.748047 0.391927 0.746094 0.394531 0.744141 0.394531 0.743164 0.398438 0.745117 0.402344 0.745117 0.404948 0.746094 0.406250 0.746094 0.407552 0.748047 0.410156 0.748047 0.412760 0.750000 0.416667 0.750977 0.423177 0.753906 0.425781 0.761719 0.425781 0.762695 0.424479 0.771484 0.424479 0.772461 0.423177 0.774414 0.423177 0.777344 0.420573 0.779297 0.420573 0.780273 0.419271 0.781250 0.419271 0.784180 0.415365 0.784180 0.414062 0.785156 0.412760 0.785156 0.407552 0.782227 0.402344 0.780273 0.395833 0.778320 0.393229 0.777344 0.393229 0.774414 0.388021 0.774414 0.386719 0.771484 0.384115 0.766602 0.384115 0.765625 0.382812 0.761719 0.382812 0.760742 0.384115 0.750000 0.384115 0.746094 0.388021
0 0.775391 0.372396 0.775391 0.373698 0.774414 0.375000 0.774414 0.378906 0.773438 0.380208 0.773438 0.382812 0.775391 0.385417 0.775391 0.386719 0.777344 0.389323 0.777344 0.390625 0.781250 0.395833 0.781250 0.397135 0.783203 0.399740 0.783203 0.401042 0.784180 0.402344 0.784180 0.403646 0.786133 0.406250 0.788086 0.406250 0.789062 0.407552 0.800781 0.407552 0.801758 0.406250 0.802734 0.406250 0.805664 0.402344 0.805664 0.401042 0.806641 0.399740 0.806641 0.394531 0.805664 0.393229 0.805664 0.391927 0.801758 0.386719 0.801758 0.385417 0.796875 0.378906 0.796875 0.377604 0.794922 0.373698 0.792969 0.373698 0.791992 0.372396 0.781250 0.372396 0.780273 0.371094 0.778320 0.371094 0.777344 0.372396
0 0.740234 0.454427 0.739258 0.455729 0.738281 0.455729 0.735352 0.459635 0.735352 0.463542 0.736328 0.464844 0.734375 0.467448 0.734375 0.468750 0.733398 0.470052 0.733398 0.472656 0.732422 0.473958 0.732422 0.476562 0.730469 0.479167 0.729492 0.483073 0.727539 0.485677 0.729492 0.488281 0.730469 0.488281 0.733398 0.492188 0.734375 0.492188 0.736328 0.494792 0.738281 0.494792 0.739258 0.496094 0.741211 0.496094 0.742188 0.497396 0.751953 0.497396 0.752930 0.496094 0.753906 0.496094 0.756836 0.492188 0.756836 0.490885 0.757812 0.489583 0.757812 0.486979 0.758789 0.485677 0.758789 0.481771 0.759766 0.480469 0.759766 0.475260 0.761719 0.471354 0.761719 0.467448 0.760742 0.466146 0.760742 0.464844 0.759766 0.464844 0.758789 0.463542 0.757812 0.463542 0.756836 0.462240 0.755859 0.462240 0.754883 0.460938 0.753906 0.460938 0.752930 0.459635 0.751953 0.459635 0.750977 0.458333 0.750000 0.458333 0.747070 0.455729 0.741211 0.455729
0 0.673828 0.486979 0.671875 0.489583 0.671875 0.490885 0.665039 0.498698 0.665039 0.500000 0.664062 0.501302 0.664062 0.509115 0.665039 0.510417 0.665039 0.513021 0.666992 0.515625 0.666992 0.518229 0.667969 0.519531 0.667969 0.520833 0.672852 0.523438 0.677734 0.528646 0.679688 0.528646 0.680664 0.529948 0.693359 0.529948 0.694336 0.531250 0.698242 0.531250 0.700195 0.528646 0.700195 0.524740 0.701172 0.523438 0.701172 0.519531 0.700195 0.518229 0.700195 0.516927 0.701172 0.515625 0.701172 0.505208 0.700195 0.503906 0.700195 0.502604 0.698242 0.500000 0.698242 0.498698 0.696289 0.496094 0.695312 0.496094 0.689453 0.488281 0.686523 0.488281 0.686523 0.489583 0.684570 0.492188 0.683594 0.492188 0.682617 0.490885 0.679688 0.489583 0.677734 0.486979
0 0.712891 0.497396 0.711914 0.498698 0.710938 0.498698 0.709961 0.500000 0.708984 0.500000 0.708008 0.501302 0.707031 0.501302 0.706055 0.502604 0.705078 0.502604 0.703125 0.505208 0.703125 0.509115 0.702148 0.510417 0.702148 0.522135 0.701172 0.523438 0.701172 0.527344 0.700195 0.528646 0.701172 0.529948 0.701172 0.532552 0.702148 0.533854 0.703125 0.533854 0.707031 0.539062 0.708008 0.539062 0.708984 0.540365 0.713867 0.540365 0.714844 0.541667 0.717773 0.541667 0.718750 0.540365 0.720703 0.540365 0.721680 0.539062 0.722656 0.539062 0.722656 0.537760 0.724609 0.533854 0.724609 0.526042 0.720703 0.518229 0.720703 0.507812 0.721680 0.506510 0.720703 0.505208 0.720703 0.503906 0.719727 0.503906 0.716797 0.500000 0.716797 0.498698 0.714844 0.498698 0.713867 0.497396
0 0.727539 0.502604 0.725586 0.506510 0.725586 0.526042 0.726562 0.527344 0.726562 0.532552 0.729492 0.536458 0.730469 0.536458 0.732422 0.539062 0.735352 0.539062 0.736328 0.540365 0.737305 0.539062 0.744141 0.539062 0.745117 0.537760 0.747070 0.537760 0.748047 0.536458 0.750977 0.535156 0.753906 0.531250 0.754883 0.531250 0.754883 0.529948 0.755859 0.528646 0.755859 0.519531 0.754883 0.518229 0.754883 0.513021 0.753906 0.511719 0.753906 0.510417 0.751953 0.507812 0.750977 0.507812 0.750000 0.506510 0.749023 0.506510 0.746094 0.503906 0.744141 0.503906 0.741211 0.501302 0.739258 0.501302 0.738281 0.500000 0.735352 0.500000 0.734375 0.501302 0.732422 0.501302 0.731445 0.502604
0 0.676758 0.533854 0.675781 0.535156 0.674805 0.539062 0.672852 0.541667 0.671875 0.541667 0.671875 0.542969 0.670898 0.544271 0.670898 0.550781 0.671875 0.552083 0.671875 0.554688 0.675781 0.559896 0.675781 0.561198 0.681641 0.569010 0.681641 0.570312 0.685547 0.575521 0.689453 0.575521 0.690430 0.576823 0.700195 0.576823 0.700195 0.575521 0.701172 0.574219 0.701172 0.572917 0.704102 0.566406 0.704102 0.562500 0.705078 0.561198 0.705078 0.541667 0.704102 0.540365 0.704102 0.539062 0.701172 0.535156 0.700195 0.535156 0.697266 0.532552 0.689453 0.532552 0.688477 0.531250 0.686523 0.531250 0.685547 0.532552 0.678711 0.532552 0.677734 0.533854
0 0.676758 0.575521 0.675781 0.576823 0.674805 0.576823 0.674805 0.578125 0.669922 0.584635 0.668945 0.584635 0.667969 0.585938 0.666016 0.585938 0.665039 0.587240 0.664062 0.587240 0.662109 0.589844 0.662109 0.592448 0.663086 0.593750 0.663086 0.596354 0.664062 0.597656 0.664062 0.600260 0.665039 0.601562 0.666016 0.605469 0.668945 0.609375 0.668945 0.610677 0.669922 0.611979 0.672852 0.611979 0.673828 0.613281 0.675781 0.613281 0.676758 0.614583 0.679688 0.614583 0.680664 0.615885 0.686523 0.615885 0.687500 0.614583 0.689453 0.614583 0.690430 0.613281 0.693359 0.611979 0.694336 0.610677 0.694336 0.609375 0.696289 0.605469 0.696289 0.596354 0.695312 0.595052 0.695312 0.593750 0.693359 0.589844 0.693359 0.587240 0.692383 0.585938 0.692383 0.579427 0.688477 0.579427 0.687500 0.578125 0.685547 0.578125 0.684570 0.576823 0.683594 0.576823 0.680664 0.574219 0.679688 0.575521
0 0.663086 0.602865 0.662109 0.602865 0.661133 0.601562 0.660156 0.601562 0.658203 0.598958 0.653320 0.598958 0.652344 0.600260 0.650391 0.600260 0.649414 0.601562 0.648438 0.601562 0.647461 0.602865 0.646484 0.602865 0.645508 0.604167 0.644531 0.604167 0.641602 0.606771 0.638672 0.606771 0.635742 0.610677 0.635742 0.615885 0.636719 0.617188 0.636719 0.625000 0.637695 0.626302 0.637695 0.630208 0.638672 0.631510 0.638672 0.632812 0.641602 0.635417 0.650391 0.635417 0.651367 0.634115 0.655273 0.634115 0.656250 0.632812 0.658203 0.632812 0.659180 0.631510 0.660156 0.631510 0.661133 0.630208 0.662109 0.630208 0.665039 0.626302 0.665039 0.625000 0.666016 0.623698 0.666016 0.619792 0.666992 0.618490 0.666992 0.613281 0.666016 0.611979 0.666016 0.610677 0.665039 0.609375 0.665039 0.606771 0.663086 0.604167
0 0.662109 0.634115 0.656250 0.641927 0.656250 0.643229 0.654297 0.647135 0.654297 0.654948 0.655273 0.656250 0.655273 0.658854 0.657227 0.661458 0.657227 0.662760 0.662109 0.669271 0.663086 0.669271 0.665039 0.671875 0.666016 0.671875 0.668945 0.674479 0.677734 0.674479 0.678711 0.673177 0.680664 0.673177 0.685547 0.666667 0.685547 0.665365 0.686523 0.664062 0.686523 0.662760 0.688477 0.658854 0.688477 0.656250 0.689453 0.654948 0.689453 0.645833 0.688477 0.644531 0.688477 0.643229 0.684570 0.638021 0.683594 0.638021 0.680664 0.635417 0.678711 0.635417 0.677734 0.634115 0.675781 0.634115 0.674805 0.632812 0.670898 0.632812 0.669922 0.631510 0.668945 0.631510 0.667969 0.632812 0.665039 0.632812 0.664062 0.634115
0 0.694336 0.656250 0.692383 0.656250 0.689453 0.660156 0.689453 0.661458 0.687500 0.664062 0.687500 0.665365 0.684570 0.669271 0.684570 0.670573 0.682617 0.673177 0.681641 0.673177 0.678711 0.675781 0.676758 0.675781 0.675781 0.677083 0.675781 0.680990 0.676758 0.682292 0.676758 0.683594 0.677734 0.684896 0.677734 0.686198 0.678711 0.687500 0.678711 0.688802 0.680664 0.691406 0.680664 0.692708 0.683594 0.696615 0.684570 0.696615 0.686523 0.699219 0.687500 0.699219 0.690430 0.701823 0.693359 0.701823 0.694336 0.700521 0.694336 0.699219 0.695312 0.697917 0.696289 0.697917 0.699219 0.694010 0.699219 0.692708 0.701172 0.690104 0.701172 0.688802 0.703125 0.684896 0.703125 0.680990 0.704102 0.679688 0.704102 0.678385 0.703125 0.677083 0.703125 0.666667 0.702148 0.665365 0.702148 0.664062 0.701172 0.664062 0.696289 0.657552 0.695312 0.657552
0 0.678711 0.699219 0.677734 0.700521 0.672852 0.700521 0.672852 0.704427 0.671875 0.705729 0.670898 0.705729 0.669922 0.707031 0.666992 0.707031 0.666016 0.708333 0.665039 0.708333 0.662109 0.712240 0.661133 0.712240 0.660156 0.713542 0.660156 0.722656 0.661133 0.723958 0.661133 0.725260 0.663086 0.727865 0.663086 0.729167 0.665039 0.731771 0.665039 0.733073 0.666016 0.734375 0.666016 0.736979 0.667969 0.739583 0.667969 0.740885 0.672852 0.747396 0.672852 0.748698 0.674805 0.751302 0.675781 0.751302 0.676758 0.752604 0.681641 0.752604 0.682617 0.751302 0.683594 0.751302 0.685547 0.748698 0.688477 0.748698 0.693359 0.742188 0.695312 0.742188 0.695312 0.740885 0.693359 0.736979 0.693359 0.735677 0.694336 0.734375 0.694336 0.730469 0.695312 0.729167 0.695312 0.723958 0.694336 0.722656 0.694336 0.720052 0.688477 0.712240 0.687500 0.708333 0.684570 0.704427 0.683594 0.704427 0.681641 0.701823 0.681641 0.700521 0.680664 0.699219
0 0.658203 0.781250 0.649414 0.781250 0.648438 0.782552 0.647461 0.782552 0.645508 0.785156 0.644531 0.785156 0.641602 0.789062 0.640625 0.789062 0.639648 0.787760 0.635742 0.787760 0.634766 0.789062 0.635742 0.790365 0.635742 0.794271 0.636719 0.795573 0.636719 0.799479 0.637695 0.800781 0.637695 0.809896 0.638672 0.811198 0.638672 0.813802 0.639648 0.815104 0.639648 0.816406 0.643555 0.821615 0.643555 0.822917 0.647461 0.828125 0.648438 0.828125 0.650391 0.830729 0.651367 0.829427 0.653320 0.829427 0.654297 0.828125 0.655273 0.828125 0.656250 0.826823 0.657227 0.826823 0.658203 0.825521 0.663086 0.822917 0.665039 0.820312 0.666016 0.820312 0.666016 0.819010 0.668945 0.815104 0.668945 0.812500 0.670898 0.809896 0.670898 0.808594 0.671875 0.807292 0.671875 0.800781 0.669922 0.798177 0.669922 0.796875 0.668945 0.796875 0.666016 0.792969 0.666016 0.791667 0.663086 0.787760 0.663086 0.786458 0.660156 0.782552 0.659180 0.782552
0 0.680664 0.813802 0.677734 0.813802 0.674805 0.817708 0.670898 0.817708 0.668945 0.820312 0.667969 0.820312 0.664062 0.825521 0.663086 0.825521 0.663086 0.826823 0.662109 0.828125 0.661133 0.828125 0.658203 0.830729 0.658203 0.834635 0.657227 0.835938 0.657227 0.837240 0.658203 0.838542 0.658203 0.841146 0.660156 0.843750 0.660156 0.845052 0.661133 0.846354 0.661133 0.847656 0.662109 0.848958 0.663086 0.852865 0.665039 0.855469 0.666016 0.859375 0.668945 0.863281 0.672852 0.863281 0.673828 0.864583 0.674805 0.863281 0.677734 0.863281 0.678711 0.861979 0.679688 0.861979 0.679688 0.860677 0.682617 0.858073 0.682617 0.856771 0.684570 0.852865 0.684570 0.850260 0.685547 0.848958 0.685547 0.845052 0.686523 0.843750 0.686523 0.838542 0.687500 0.837240 0.687500 0.829427 0.686523 0.828125 0.686523 0.825521 0.685547 0.824219 0.684570 0.820312 0.683594 0.820312 0.681641 0.817708
0 0.666016 0.757812 0.663086 0.761719 0.663086 0.763021 0.661133 0.766927 0.661133 0.774740 0.662109 0.776042 0.662109 0.778646 0.663086 0.779948 0.664062 0.783854 0.666016 0.786458 0.666992 0.790365 0.670898 0.795573 0.671875 0.795573 0.672852 0.796875 0.676758 0.796875 0.677734 0.795573 0.683594 0.795573 0.684570 0.794271 0.686523 0.794271 0.687500 0.795573 0.688477 0.795573 0.690430 0.792969 0.690430 0.791667 0.692383 0.789062 0.692383 0.787760 0.693359 0.786458 0.693359 0.782552 0.692383 0.781250 0.692383 0.778646 0.691406 0.777344 0.691406 0.770833 0.688477 0.766927 0.686523 0.766927 0.685547 0.765625 0.682617 0.764323 0.680664 0.761719 0.679688 0.761719 0.677734 0.759115 0.677734 0.757812 0.676758 0.757812 0.673828 0.755208 0.672852 0.755208 0.671875 0.756510 0.669922 0.756510 0.668945 0.757812
0 0.700195 0.731771 0.700195 0.734375 0.701172 0.735677 0.696289 0.742188 0.696289 0.743490 0.694336 0.746094 0.693359 0.746094 0.693359 0.747396 0.695312 0.747396 0.696289 0.748698 0.696289 0.752604 0.693359 0.756510 0.692383 0.756510 0.690430 0.759115 0.690430 0.761719 0.691406 0.763021 0.691406 0.764323 0.693359 0.768229 0.696289 0.768229 0.697266 0.769531 0.699219 0.769531 0.702148 0.772135 0.710938 0.772135 0.711914 0.770833 0.712891 0.770833 0.716797 0.765625 0.716797 0.764323 0.717773 0.763021 0.717773 0.756510 0.716797 0.755208 0.716797 0.751302 0.715820 0.750000 0.714844 0.750000 0.710938 0.744792 0.710938 0.743490 0.705078 0.735677 0.705078 0.734375 0.704102 0.733073 0.704102 0.731771
0 0.707031 0.709635 0.705078 0.713542 0.705078 0.716146 0.708984 0.722656 0.708984 0.726562 0.710938 0.730469 0.710938 0.734375 0.711914 0.735677 0.711914 0.736979 0.713867 0.739583 0.714844 0.743490 0.715820 0.743490 0.716797 0.744792 0.723633 0.744792 0.724609 0.746094 0.727539 0.746094 0.728516 0.747396 0.733398 0.747396 0.735352 0.744792 0.735352 0.743490 0.736328 0.742188 0.736328 0.739583 0.740234 0.734375 0.740234 0.733073 0.741211 0.731771 0.741211 0.729167 0.742188 0.727865 0.742188 0.721354 0.741211 0.720052 0.741211 0.717448 0.740234 0.716146 0.740234 0.713542 0.738281 0.710938 0.738281 0.709635 0.734375 0.704427 0.733398 0.704427 0.730469 0.701823 0.723633 0.701823 0.719727 0.707031 0.716797 0.707031 0.715820 0.708333 0.708984 0.708333 0.708008 0.709635
0 0.744141 0.739583 0.740234 0.744792 0.737305 0.746094 0.734375 0.750000 0.734375 0.751302 0.733398 0.752604 0.733398 0.755208 0.732422 0.756510 0.732422 0.757812 0.730469 0.760417 0.730469 0.768229 0.731445 0.769531 0.731445 0.770833 0.733398 0.773438 0.732422 0.777344 0.733398 0.778646 0.733398 0.779948 0.735352 0.782552 0.738281 0.782552 0.739258 0.783854 0.744141 0.783854 0.745117 0.785156 0.751953 0.785156 0.752930 0.783854 0.754883 0.783854 0.754883 0.782552 0.749023 0.782552 0.747070 0.779948 0.747070 0.777344 0.750000 0.773438 0.751953 0.773438 0.752930 0.772135 0.757812 0.772135 0.758789 0.773438 0.758789 0.772135 0.759766 0.770833 0.759766 0.766927 0.761719 0.763021 0.761719 0.753906 0.760742 0.752604 0.760742 0.751302 0.756836 0.746094 0.756836 0.744792 0.754883 0.742188 0.751953 0.744792 0.747070 0.744792 0.744141 0.740885
0 0.708008 0.657552 0.706055 0.660156 0.706055 0.661458 0.705078 0.662760 0.705078 0.665365 0.704102 0.666667 0.704102 0.679688 0.705078 0.680990 0.705078 0.682292 0.706055 0.682292 0.707031 0.683594 0.710938 0.683594 0.711914 0.684896 0.712891 0.684896 0.713867 0.683594 0.717773 0.683594 0.718750 0.682292 0.719727 0.682292 0.721680 0.679688 0.722656 0.679688 0.723633 0.678385 0.723633 0.677083 0.725586 0.674479 0.725586 0.673177 0.724609 0.671875 0.723633 0.671875 0.722656 0.670573 0.721680 0.670573 0.720703 0.669271 0.719727 0.669271 0.711914 0.658854 0.710938 0.658854 0.709961 0.657552
0 0.719727 0.626302 0.717773 0.628906 0.717773 0.634115 0.718750 0.635417 0.720703 0.635417 0.721680 0.636719 0.721680 0.638021 0.719727 0.640625 0.719727 0.643229 0.716797 0.649740 0.715820 0.649740 0.712891 0.647135 0.711914 0.648438 0.711914 0.651042 0.712891 0.652344 0.712891 0.657552 0.716797 0.662760 0.716797 0.664062 0.717773 0.664062 0.719727 0.666667 0.719727 0.667969 0.721680 0.667969 0.722656 0.669271 0.725586 0.670573 0.727539 0.673177 0.732422 0.673177 0.733398 0.674479 0.742188 0.674479 0.743164 0.673177 0.744141 0.673177 0.746094 0.670573 0.746094 0.669271 0.748047 0.666667 0.749023 0.662760 0.750977 0.660156 0.750977 0.653646 0.750000 0.652344 0.750000 0.649740 0.749023 0.648438 0.749023 0.647135 0.746094 0.643229 0.746094 0.641927 0.745117 0.640625 0.744141 0.640625 0.740234 0.635417 0.739258 0.635417 0.736328 0.631510 0.733398 0.630208 0.731445 0.627604 0.729492 0.627604 0.728516 0.626302
0 0.741211 0.678385 0.739258 0.680990 0.739258 0.682292 0.736328 0.686198 0.736328 0.695312 0.737305 0.696615 0.737305 0.700521 0.738281 0.701823 0.738281 0.705729 0.739258 0.707031 0.739258 0.708333 0.740234 0.709635 0.743164 0.709635 0.744141 0.710938 0.748047 0.710938 0.749023 0.712240 0.752930 0.712240 0.753906 0.713542 0.760742 0.713542 0.762695 0.710938 0.763672 0.710938 0.764648 0.709635 0.764648 0.707031 0.765625 0.705729 0.765625 0.704427 0.766602 0.703125 0.766602 0.700521 0.767578 0.699219 0.767578 0.687500 0.764648 0.683594 0.764648 0.682292 0.763672 0.682292 0.760742 0.679688 0.758789 0.679688 0.755859 0.677083 0.750977 0.677083 0.750000 0.675781 0.745117 0.675781 0.744141 0.677083
0 0.770508 0.679688 0.770508 0.684896 0.768555 0.688802 0.768555 0.697917 0.767578 0.699219 0.767578 0.703125 0.766602 0.704427 0.766602 0.708333 0.765625 0.709635 0.765625 0.712240 0.766602 0.713542 0.766602 0.714844 0.768555 0.714844 0.769531 0.716146 0.771484 0.716146 0.772461 0.717448 0.773438 0.717448 0.776367 0.720052 0.780273 0.720052 0.782227 0.717448 0.782227 0.716146 0.783203 0.714844 0.783203 0.713542 0.790039 0.704427 0.790039 0.699219 0.791016 0.697917 0.791016 0.691406 0.790039 0.690104 0.790039 0.688802 0.789062 0.687500 0.789062 0.686198 0.788086 0.686198 0.785156 0.683594 0.783203 0.683594 0.782227 0.682292 0.779297 0.682292 0.778320 0.680990 0.776367 0.680990 0.775391 0.679688
0 0.741211 0.609375 0.732422 0.621094 0.732422 0.623698 0.733398 0.625000 0.733398 0.627604 0.734375 0.627604 0.739258 0.634115 0.740234 0.634115 0.743164 0.638021 0.745117 0.638021 0.747070 0.640625 0.748047 0.640625 0.748047 0.639323 0.749023 0.638021 0.749023 0.636719 0.750000 0.635417 0.750000 0.632812 0.750977 0.631510 0.750977 0.630208 0.751953 0.628906 0.751953 0.615885 0.748047 0.610677 0.747070 0.610677 0.746094 0.609375
0 0.742188 0.589844 0.738281 0.584635 0.737305 0.584635 0.736328 0.583333 0.734375 0.583333 0.733398 0.584635 0.729492 0.584635 0.724609 0.588542 0.718750 0.588542 0.716797 0.585938 0.714844 0.585938 0.713867 0.584635 0.703125 0.584635 0.702148 0.585938 0.702148 0.591146 0.699219 0.595052 0.699219 0.600260 0.703125 0.605469 0.703125 0.606771 0.706055 0.610677 0.706055 0.611979 0.710938 0.618490 0.711914 0.618490 0.712891 0.619792 0.715820 0.619792 0.716797 0.621094 0.723633 0.621094 0.724609 0.622396 0.730469 0.622396 0.736328 0.614583 0.736328 0.613281 0.738281 0.610677 0.738281 0.608073 0.739258 0.606771 0.739258 0.604167 0.740234 0.602865 0.740234 0.600260 0.742188 0.596354
0 0.724609 0.541667 0.723633 0.541667 0.720703 0.544271 0.715820 0.544271 0.714844 0.545573 0.713867 0.545573 0.710938 0.549479 0.708008 0.550781 0.708008 0.552083 0.707031 0.553385 0.707031 0.569010 0.708984 0.571615 0.708984 0.574219 0.709961 0.575521 0.709961 0.576823 0.714844 0.583333 0.715820 0.583333 0.718750 0.585938 0.721680 0.585938 0.722656 0.587240 0.723633 0.587240 0.726562 0.584635 0.729492 0.584635 0.730469 0.583333 0.732422 0.583333 0.737305 0.576823 0.737305 0.575521 0.738281 0.574219 0.738281 0.571615 0.739258 0.570312 0.739258 0.563802 0.738281 0.562500 0.738281 0.559896 0.733398 0.553385 0.733398 0.552083 0.731445 0.549479 0.731445 0.548177 0.728516 0.544271 0.727539 0.544271
0 0.736328 0.550781 0.735352 0.552083 0.735352 0.554688 0.738281 0.558594 0.738281 0.559896 0.739258 0.561198 0.739258 0.572917 0.738281 0.574219 0.738281 0.580729 0.744141 0.588542 0.745117 0.588542 0.746094 0.589844 0.750977 0.589844 0.751953 0.588542 0.755859 0.588542 0.756836 0.587240 0.757812 0.587240 0.760742 0.583333 0.760742 0.582031 0.762695 0.578125 0.762695 0.572917 0.763672 0.571615 0.763672 0.566406 0.762695 0.565104 0.762695 0.563802 0.761719 0.562500 0.761719 0.561198 0.760742 0.559896 0.760742 0.558594 0.759766 0.557292 0.759766 0.555990 0.758789 0.554688 0.758789 0.553385 0.756836 0.550781 0.753906 0.550781 0.752930 0.549479 0.738281 0.549479 0.737305 0.550781
0 0.783203 0.623698 0.781250 0.626302 0.781250 0.632812 0.773438 0.643229 0.773438 0.644531 0.772461 0.645833 0.772461 0.648438 0.769531 0.652344 0.769531 0.658854 0.770508 0.660156 0.770508 0.661458 0.772461 0.664062 0.774414 0.664062 0.775391 0.665365 0.776367 0.665365 0.779297 0.669271 0.780273 0.669271 0.781250 0.670573 0.782227 0.670573 0.787109 0.674479 0.788086 0.673177 0.790039 0.673177 0.790039 0.671875 0.791016 0.670573 0.791016 0.667969 0.792969 0.665365 0.793945 0.665365 0.794922 0.664062 0.795898 0.664062 0.797852 0.661458 0.798828 0.661458 0.798828 0.660156 0.799805 0.658854 0.799805 0.640625 0.798828 0.639323 0.798828 0.636719 0.793945 0.630208 0.791016 0.634115 0.790039 0.634115 0.789062 0.632812 0.789062 0.630208 0.791016 0.627604 0.790039 0.627604 0.789062 0.626302 0.787109 0.626302 0.786133 0.625000
0 0.802734 0.656250 0.801758 0.656250 0.800781 0.657552 0.800781 0.658854 0.797852 0.662760 0.796875 0.662760 0.795898 0.664062 0.794922 0.664062 0.791992 0.667969 0.791992 0.669271 0.790039 0.673177 0.789062 0.673177 0.788086 0.674479 0.784180 0.674479 0.783203 0.673177 0.782227 0.674479 0.782227 0.679688 0.784180 0.682292 0.785156 0.682292 0.786133 0.683594 0.787109 0.683594 0.791016 0.688802 0.791016 0.690104 0.791992 0.691406 0.791992 0.692708 0.793945 0.695312 0.795898 0.695312 0.796875 0.694010 0.797852 0.694010 0.800781 0.690104 0.801758 0.690104 0.803711 0.687500 0.804688 0.687500 0.808594 0.682292 0.808594 0.680990 0.809570 0.679688 0.809570 0.666667 0.810547 0.665365 0.810547 0.662760 0.807617 0.662760
0 0.814453 0.667969 0.812500 0.670573 0.812500 0.673177 0.810547 0.677083 0.810547 0.679688 0.809570 0.680990 0.809570 0.682292 0.807617 0.684896 0.807617 0.687500 0.806641 0.688802 0.806641 0.691406 0.809570 0.695312 0.809570 0.697917 0.808594 0.699219 0.808594 0.707031 0.809570 0.708333 0.809570 0.709635 0.811523 0.712240 0.811523 0.713542 0.813477 0.716146 0.813477 0.717448 0.814453 0.717448 0.819336 0.721354 0.833008 0.721354 0.833984 0.720052 0.836914 0.720052 0.836914 0.714844 0.837891 0.713542 0.837891 0.695312 0.834961 0.691406 0.834961 0.688802 0.833984 0.687500 0.833984 0.678385 0.833008 0.677083 0.832031 0.677083 0.830078 0.674479 0.828125 0.674479 0.825195 0.671875 0.823242 0.671875 0.821289 0.669271 0.819336 0.669271 0.818359 0.667969
0 0.829102 0.591146 0.829102 0.595052 0.827148 0.598958 0.825195 0.598958 0.824219 0.600260 0.823242 0.600260 0.821289 0.602865 0.820312 0.602865 0.817383 0.605469 0.817383 0.611979 0.816406 0.613281 0.816406 0.615885 0.817383 0.617188 0.817383 0.618490 0.819336 0.621094 0.820312 0.621094 0.822266 0.623698 0.823242 0.623698 0.825195 0.626302 0.826172 0.626302 0.828125 0.628906 0.829102 0.628906 0.832031 0.632812 0.832031 0.634115 0.833008 0.634115 0.833984 0.635417 0.835938 0.635417 0.836914 0.636719 0.841797 0.630208 0.842773 0.630208 0.845703 0.627604 0.845703 0.610677 0.844727 0.609375 0.844727 0.604167 0.842773 0.601562 0.839844 0.600260 0.836914 0.596354 0.835938 0.596354 0.834961 0.595052 0.832031 0.593750 0.830078 0.591146
0 0.787109 0.585938 0.787109 0.596354 0.788086 0.597656 0.788086 0.605469 0.790039 0.608073 0.790039 0.609375 0.795898 0.617188 0.796875 0.617188 0.799805 0.619792 0.808594 0.619792 0.809570 0.618490 0.814453 0.618490 0.815430 0.617188 0.815430 0.608073 0.816406 0.606771 0.816406 0.604167 0.815430 0.602865 0.815430 0.600260 0.814453 0.598958 0.814453 0.593750 0.813477 0.592448 0.813477 0.591146 0.810547 0.587240 0.804688 0.587240 0.803711 0.588542 0.797852 0.588542 0.796875 0.587240 0.795898 0.587240 0.794922 0.585938 0.793945 0.585938 0.791016 0.583333 0.789062 0.583333
0 0.759766 0.548177 0.759766 0.550781 0.760742 0.552083 0.760742 0.554688 0.761719 0.555990 0.761719 0.557292 0.762695 0.558594 0.763672 0.562500 0.765625 0.565104 0.766602 0.565104 0.767578 0.566406 0.768555 0.566406 0.771484 0.569010 0.773438 0.569010 0.774414 0.570312 0.783203 0.570312 0.784180 0.571615 0.787109 0.571615 0.789062 0.567708 0.789062 0.565104 0.791016 0.561198 0.791016 0.558594 0.791992 0.557292 0.791992 0.555990 0.793945 0.552083 0.793945 0.540365 0.792969 0.539062 0.792969 0.537760 0.791016 0.535156 0.791016 0.533854 0.789062 0.531250 0.788086 0.531250 0.787109 0.529948 0.785156 0.529948 0.784180 0.531250 0.780273 0.531250 0.779297 0.529948 0.778320 0.529948 0.775391 0.533854 0.774414 0.533854 0.770508 0.540365 0.769531 0.540365 0.767578 0.542969 0.763672 0.542969
0 0.798828 0.541667 0.795898 0.544271 0.795898 0.548177 0.794922 0.549479 0.794922 0.552083 0.793945 0.553385 0.793945 0.554688 0.791992 0.558594 0.791992 0.561198 0.791016 0.562500 0.790039 0.566406 0.788086 0.569010 0.788086 0.571615 0.787109 0.572917 0.787109 0.574219 0.789062 0.576823 0.789062 0.578125 0.793945 0.584635 0.795898 0.584635 0.798828 0.587240 0.802734 0.587240 0.803711 0.585938 0.805664 0.585938 0.806641 0.584635 0.809570 0.583333 0.811523 0.580729 0.811523 0.579427 0.813477 0.575521 0.813477 0.570312 0.814453 0.569010 0.814453 0.561198 0.815430 0.559896 0.815430 0.553385 0.814453 0.552083 0.813477 0.552083 0.812500 0.550781 0.809570 0.549479 0.804688 0.542969 0.803711 0.542969 0.802734 0.541667
0 0.837891 0.535156 0.835938 0.537760 0.834961 0.537760 0.833984 0.539062 0.831055 0.540365 0.829102 0.542969 0.829102 0.546875 0.828125 0.548177 0.828125 0.552083 0.827148 0.553385 0.827148 0.555990 0.826172 0.557292 0.826172 0.559896 0.827148 0.561198 0.828125 0.565104 0.830078 0.567708 0.830078 0.569010 0.835938 0.578125 0.837891 0.578125 0.838867 0.579427 0.840820 0.579427 0.841797 0.580729 0.844727 0.580729 0.845703 0.582031 0.852539 0.582031 0.854492 0.579427 0.854492 0.578125 0.857422 0.574219 0.857422 0.572917 0.859375 0.569010 0.859375 0.561198 0.858398 0.559896 0.858398 0.548177 0.855469 0.544271 0.855469 0.542969 0.853516 0.540365 0.852539 0.540365 0.851562 0.539062 0.849609 0.539062 0.848633 0.537760 0.845703 0.537760 0.843750 0.535156
0 0.862305 0.546875 0.859375 0.550781 0.859375 0.562500 0.860352 0.563802 0.860352 0.567708 0.859375 0.569010 0.859375 0.572917 0.857422 0.576823 0.857422 0.582031 0.858398 0.583333 0.858398 0.584635 0.859375 0.585938 0.861328 0.585938 0.866211 0.589844 0.875000 0.589844 0.877930 0.587240 0.880859 0.587240 0.881836 0.585938 0.882812 0.585938 0.887695 0.579427 0.887695 0.578125 0.888672 0.576823 0.888672 0.574219 0.889648 0.572917 0.889648 0.567708 0.890625 0.566406 0.889648 0.562500 0.885742 0.557292 0.885742 0.555990 0.883789 0.553385 0.883789 0.552083 0.880859 0.548177 0.878906 0.548177 0.875977 0.545573 0.875000 0.546875 0.868164 0.546875 0.867188 0.545573 0.864258 0.545573 0.863281 0.546875
0 0.876953 0.501302 0.875977 0.502604 0.875977 0.511719 0.876953 0.513021 0.876953 0.514323 0.880859 0.514323 0.881836 0.515625 0.882812 0.515625 0.883789 0.516927 0.883789 0.518229 0.881836 0.522135 0.881836 0.524740 0.880859 0.526042 0.879883 0.529948 0.876953 0.533854 0.876953 0.535156 0.875977 0.536458 0.875977 0.539062 0.877930 0.539062 0.878906 0.540365 0.879883 0.540365 0.881836 0.542969 0.881836 0.544271 0.884766 0.548177 0.886719 0.548177 0.887695 0.549479 0.891602 0.549479 0.892578 0.550781 0.896484 0.550781 0.898438 0.548177 0.898438 0.541667 0.899414 0.540365 0.899414 0.537760 0.900391 0.536458 0.900391 0.532552 0.901367 0.531250 0.901367 0.528646 0.902344 0.527344 0.902344 0.523438 0.903320 0.522135 0.903320 0.519531 0.904297 0.518229 0.900391 0.513021 0.900391 0.511719 0.897461 0.507812 0.896484 0.507812 0.895508 0.506510 0.885742 0.506510 0.882812 0.503906 0.880859 0.503906 0.879883 0.502604 0.877930 0.502604
0 0.837891 0.516927 0.836914 0.515625 0.836914 0.514323 0.834961 0.511719 0.834961 0.510417 0.831055 0.505208 0.830078 0.505208 0.829102 0.503906 0.825195 0.503906 0.824219 0.505208 0.823242 0.505208 0.821289 0.507812 0.820312 0.507812 0.818359 0.510417 0.816406 0.510417 0.815430 0.511719 0.808594 0.511719 0.807617 0.510417 0.800781 0.510417 0.799805 0.509115 0.797852 0.509115 0.794922 0.511719 0.794922 0.514323 0.793945 0.515625 0.793945 0.520833 0.794922 0.522135 0.794922 0.524740 0.795898 0.526042 0.795898 0.528646 0.796875 0.529948 0.796875 0.531250 0.798828 0.533854 0.799805 0.533854 0.803711 0.539062 0.805664 0.539062 0.806641 0.540365 0.821289 0.540365 0.822266 0.539062 0.826172 0.539062 0.827148 0.537760 0.832031 0.535156 0.834961 0.531250 0.835938 0.527344 0.837891 0.524740
0 0.830078 0.488281 0.830078 0.489583 0.829102 0.490885 0.829102 0.501302 0.830078 0.502604 0.831055 0.502604 0.834961 0.507812 0.834961 0.509115 0.836914 0.511719 0.836914 0.513021 0.837891 0.514323 0.840820 0.514323 0.841797 0.515625 0.842773 0.514323 0.849609 0.514323 0.850586 0.513021 0.852539 0.513021 0.853516 0.511719 0.855469 0.511719 0.856445 0.510417 0.858398 0.510417 0.860352 0.507812 0.860352 0.505208 0.861328 0.503906 0.861328 0.502604 0.863281 0.498698 0.863281 0.496094 0.864258 0.494792 0.864258 0.489583 0.863281 0.488281 0.862305 0.488281 0.859375 0.485677 0.857422 0.485677 0.856445 0.484375 0.854492 0.484375 0.853516 0.483073 0.852539 0.483073 0.849609 0.480469 0.846680 0.480469 0.845703 0.479167 0.843750 0.479167 0.842773 0.480469 0.835938 0.480469 0.834961 0.481771 0.833984 0.481771 0.833008 0.483073 0.833008 0.484375
0 0.762695 0.475260 0.761719 0.476562 0.761719 0.480469 0.759766 0.484375 0.759766 0.486979 0.758789 0.488281 0.758789 0.490885 0.757812 0.492188 0.757812 0.494792 0.756836 0.496094 0.756836 0.500000 0.755859 0.501302 0.755859 0.506510 0.756836 0.507812 0.756836 0.509115 0.758789 0.511719 0.760742 0.511719 0.761719 0.513021 0.763672 0.513021 0.764648 0.514323 0.765625 0.514323 0.770508 0.518229 0.776367 0.518229 0.777344 0.516927 0.779297 0.516927 0.780273 0.515625 0.782227 0.515625 0.783203 0.514323 0.786133 0.513021 0.790039 0.507812 0.790039 0.506510 0.791016 0.505208 0.791016 0.494792 0.790039 0.493490 0.790039 0.490885 0.788086 0.488281 0.787109 0.484375 0.784180 0.480469 0.782227 0.480469 0.781250 0.479167 0.779297 0.479167 0.778320 0.477865 0.777344 0.477865 0.774414 0.475260 0.772461 0.475260 0.771484 0.473958 0.766602 0.473958 0.765625 0.475260
0 0.791016 0.476562 0.791016 0.483073 0.790039 0.484375 0.790039 0.486979 0.791992 0.489583 0.791992 0.490885 0.792969 0.492188 0.792969 0.497396 0.793945 0.498698 0.794922 0.502604 0.795898 0.502604 0.797852 0.505208 0.798828 0.505208 0.799805 0.506510 0.801758 0.506510 0.802734 0.507812 0.809570 0.507812 0.810547 0.509115 0.815430 0.509115 0.816406 0.507812 0.818359 0.507812 0.823242 0.502604 0.826172 0.501302 0.826172 0.498698 0.827148 0.497396 0.827148 0.493490 0.828125 0.492188 0.828125 0.479167 0.826172 0.475260 0.824219 0.475260 0.821289 0.472656 0.818359 0.472656 0.817383 0.471354 0.814453 0.471354 0.813477 0.470052 0.811523 0.470052 0.810547 0.468750 0.808594 0.468750 0.807617 0.467448 0.797852 0.467448 0.795898 0.470052 0.795898 0.471354 0.792969 0.475260 0.791992 0.475260
0 0.758789 0.459635 0.762695 0.464844 0.762695 0.466146 0.763672 0.467448 0.766602 0.467448 0.769531 0.470052 0.782227 0.470052 0.783203 0.468750 0.785156 0.468750 0.786133 0.467448 0.788086 0.467448 0.789062 0.466146 0.791016 0.466146 0.791992 0.464844 0.792969 0.464844 0.793945 0.463542 0.796875 0.462240 0.797852 0.460938 0.797852 0.453125 0.796875 0.451823 0.796875 0.447917 0.791992 0.442708 0.791016 0.442708 0.790039 0.441406 0.789062 0.441406 0.788086 0.440104 0.785156 0.438802 0.783203 0.436198 0.782227 0.436198 0.780273 0.433594 0.779297 0.433594 0.778320 0.432292 0.776367 0.432292 0.775391 0.430990 0.771484 0.430990 0.770508 0.432292 0.767578 0.432292 0.766602 0.433594 0.764648 0.433594 0.764648 0.434896 0.766602 0.437500 0.766602 0.438802 0.767578 0.440104 0.766602 0.441406 0.766602 0.444010 0.764648 0.446615 0.764648 0.447917 0.761719 0.451823 0.761719 0.455729 0.760742 0.457031 0.759766 0.457031 0.759766 0.458333
0 0.804688 0.407552 0.803711 0.408854 0.802734 0.408854 0.799805 0.411458 0.797852 0.411458 0.796875 0.412760 0.795898 0.412760 0.792969 0.415365 0.792969 0.416667 0.791992 0.417969 0.791992 0.419271 0.791016 0.420573 0.791016 0.421875 0.789062 0.425781 0.789062 0.437500 0.790039 0.438802 0.791992 0.438802 0.792969 0.440104 0.793945 0.440104 0.799805 0.447917 0.801758 0.447917 0.803711 0.450521 0.804688 0.450521 0.807617 0.454427 0.810547 0.455729 0.813477 0.451823 0.814453 0.447917 0.820312 0.438802 0.820312 0.437500 0.822266 0.433594 0.821289 0.432292 0.821289 0.427083 0.819336 0.424479 0.817383 0.416667 0.815430 0.414062 0.814453 0.414062 0.813477 0.412760 0.810547 0.411458 0.808594 0.408854 0.807617 0.408854 0.806641 0.407552
0 0.822266 0.438802 0.816406 0.446615 0.816406 0.447917 0.814453 0.450521 0.814453 0.451823 0.812500 0.455729 0.812500 0.458333 0.811523 0.459635 0.811523 0.466146 0.812500 0.467448 0.814453 0.467448 0.815430 0.468750 0.817383 0.468750 0.818359 0.470052 0.820312 0.470052 0.821289 0.471354 0.824219 0.471354 0.827148 0.473958 0.829102 0.473958 0.830078 0.475260 0.832031 0.475260 0.833008 0.476562 0.843750 0.476562 0.847656 0.471354 0.848633 0.471354 0.849609 0.470052 0.849609 0.468750 0.850586 0.467448 0.850586 0.464844 0.849609 0.463542 0.849609 0.462240 0.839844 0.449219 0.838867 0.449219 0.833008 0.441406 0.832031 0.441406 0.829102 0.438802 0.826172 0.438802 0.825195 0.437500 0.824219 0.438802
0 0.830078 0.428385 0.833008 0.429688 0.836914 0.434896 0.837891 0.434896 0.840820 0.437500 0.843750 0.437500 0.844727 0.438802 0.846680 0.438802 0.847656 0.440104 0.849609 0.440104 0.852539 0.442708 0.855469 0.442708 0.856445 0.444010 0.859375 0.444010 0.860352 0.442708 0.862305 0.442708 0.863281 0.441406 0.863281 0.438802 0.864258 0.437500 0.864258 0.430990 0.865234 0.429688 0.865234 0.420573 0.864258 0.419271 0.864258 0.417969 0.862305 0.415365 0.861328 0.411458 0.857422 0.404948 0.856445 0.404948 0.855469 0.403646 0.851562 0.403646 0.849609 0.406250 0.847656 0.406250 0.846680 0.407552 0.844727 0.407552 0.841797 0.411458 0.841797 0.412760 0.838867 0.416667 0.838867 0.420573 0.837891 0.421875 0.837891 0.424479 0.836914 0.425781 0.835938 0.425781 0.833008 0.428385
0 0.873047 0.402344 0.873047 0.404948 0.874023 0.406250 0.874023 0.408854 0.870117 0.415365 0.868164 0.415365 0.866211 0.417969 0.866211 0.420573 0.867188 0.421875 0.867188 0.427083 0.866211 0.428385 0.866211 0.433594 0.865234 0.434896 0.865234 0.444010 0.868164 0.446615 0.882812 0.446615 0.883789 0.445312 0.885742 0.445312 0.886719 0.444010 0.887695 0.444010 0.888672 0.442708 0.891602 0.441406 0.893555 0.438802 0.896484 0.437500 0.898438 0.434896 0.898438 0.433594 0.900391 0.429688 0.900391 0.427083 0.899414 0.425781 0.899414 0.424479 0.896484 0.420573 0.896484 0.419271 0.890625 0.411458 0.889648 0.411458 0.885742 0.406250 0.884766 0.406250 0.883789 0.404948 0.880859 0.404948 0.879883 0.403646 0.877930 0.403646 0.876953 0.402344
0 0.871094 0.454427 0.871094 0.458333 0.875977 0.459635 0.876953 0.460938 0.876953 0.464844 0.873047 0.468750 0.872070 0.468750 0.869141 0.464844 0.869141 0.466146 0.868164 0.467448 0.868164 0.473958 0.869141 0.475260 0.866211 0.479167 0.866211 0.485677 0.869141 0.488281 0.872070 0.488281 0.875000 0.490885 0.877930 0.490885 0.878906 0.492188 0.885742 0.492188 0.886719 0.490885 0.888672 0.490885 0.890625 0.488281 0.892578 0.488281 0.893555 0.486979 0.896484 0.485677 0.898438 0.483073 0.899414 0.483073 0.902344 0.479167 0.902344 0.477865 0.903320 0.476562 0.903320 0.473958 0.905273 0.471354 0.905273 0.470052 0.904297 0.470052 0.900391 0.464844 0.900391 0.463542 0.899414 0.462240 0.894531 0.459635 0.892578 0.457031 0.892578 0.455729 0.888672 0.450521 0.880859 0.450521 0.876953 0.454427
0 0.904297 0.428385 0.903320 0.429688 0.902344 0.429688 0.899414 0.433594 0.899414 0.434896 0.896484 0.438802 0.895508 0.438802 0.894531 0.440104 0.893555 0.440104 0.890625 0.444010 0.890625 0.451823 0.891602 0.453125 0.891602 0.454427 0.892578 0.455729 0.892578 0.457031 0.894531 0.459635 0.895508 0.459635 0.896484 0.460938 0.898438 0.460938 0.901367 0.464844 0.901367 0.470052 0.903320 0.473958 0.904297 0.473958 0.905273 0.472656 0.907227 0.472656 0.908203 0.471354 0.909180 0.471354 0.913086 0.466146 0.913086 0.459635 0.912109 0.458333 0.912109 0.442708 0.911133 0.441406 0.911133 0.436198 0.910156 0.434896 0.910156 0.433594 0.908203 0.429688 0.905273 0.429688
0 0.885742 0.391927 0.885742 0.393229 0.884766 0.394531 0.884766 0.402344 0.900391 0.423177 0.901367 0.423177 0.902344 0.424479 0.904297 0.424479 0.907227 0.427083 0.909180 0.427083 0.910156 0.425781 0.911133 0.425781 0.912109 0.424479 0.913086 0.424479 0.913086 0.411458 0.912109 0.410156 0.912109 0.397135 0.910156 0.394531 0.910156 0.393229 0.908203 0.390625 0.908203 0.389323 0.907227 0.388021 0.907227 0.386719 0.893555 0.386719 0.892578 0.388021 0.889648 0.388021 0.886719 0.391927
0 0.913086 0.429688 0.913086 0.447917 0.914062 0.449219 0.914062 0.457031 0.915039 0.458333 0.915039 0.460938 0.916016 0.462240 0.916992 0.460938 0.921875 0.460938 0.922852 0.462240 0.926758 0.462240 0.927734 0.460938 0.928711 0.460938 0.930664 0.458333 0.933594 0.458333 0.934570 0.457031 0.935547 0.457031 0.936523 0.458333 0.942383 0.458333 0.948242 0.450521 0.948242 0.449219 0.949219 0.447917 0.949219 0.445312 0.952148 0.438802 0.951172 0.437500 0.951172 0.433594 0.949219 0.430990 0.948242 0.430990 0.947266 0.429688 0.945312 0.429688 0.944336 0.428385 0.939453 0.428385 0.938477 0.427083 0.930664 0.427083 0.929688 0.425781 0.919922 0.425781 0.918945 0.424479 0.917969 0.424479 0.916992 0.425781 0.915039 0.425781
0 0.925781 0.467448 0.922852 0.471354 0.921875 0.471354 0.921875 0.472656 0.920898 0.473958 0.920898 0.479167 0.919922 0.480469 0.919922 0.486979 0.920898 0.488281 0.920898 0.490885 0.922852 0.493490 0.923828 0.493490 0.924805 0.494792 0.926758 0.494792 0.927734 0.496094 0.930664 0.497396 0.933594 0.501302 0.934570 0.501302 0.936523 0.503906 0.937500 0.503906 0.938477 0.505208 0.940430 0.505208 0.941406 0.503906 0.942383 0.503906 0.946289 0.498698 0.947266 0.498698 0.947266 0.497396 0.950195 0.493490 0.950195 0.492188 0.952148 0.489583 0.952148 0.488281 0.953125 0.486979 0.953125 0.480469 0.952148 0.479167 0.952148 0.477865 0.950195 0.475260 0.950195 0.472656 0.949219 0.471354 0.949219 0.470052 0.946289 0.466146 0.944336 0.466146 0.943359 0.464844 0.940430 0.464844 0.939453 0.463542 0.938477 0.463542 0.937500 0.464844 0.931641 0.464844 0.930664 0.466146 0.928711 0.466146 0.927734 0.467448
0 0.915039 0.496094 0.914062 0.497396 0.914062 0.500000 0.916016 0.502604 0.916016 0.507812 0.915039 0.509115 0.914062 0.509115 0.911133 0.513021 0.909180 0.513021 0.908203 0.511719 0.908203 0.506510 0.907227 0.506510 0.907227 0.510417 0.908203 0.511719 0.908203 0.513021 0.907227 0.514323 0.907227 0.523438 0.909180 0.526042 0.909180 0.528646 0.911133 0.531250 0.914062 0.532552 0.918945 0.537760 0.920898 0.537760 0.921875 0.539062 0.925781 0.539062 0.926758 0.537760 0.927734 0.537760 0.929688 0.535156 0.930664 0.535156 0.935547 0.528646 0.936523 0.528646 0.936523 0.527344 0.940430 0.522135 0.940430 0.520833 0.942383 0.518229 0.942383 0.516927 0.939453 0.510417 0.939453 0.507812 0.938477 0.507812 0.936523 0.505208 0.935547 0.505208 0.932617 0.501302 0.931641 0.501302 0.928711 0.498698 0.925781 0.498698 0.924805 0.497396 0.920898 0.497396 0.919922 0.496094
0 0.957031 0.548177 0.956055 0.546875 0.955078 0.542969 0.953125 0.540365 0.953125 0.539062 0.947266 0.531250 0.946289 0.531250 0.945312 0.529948 0.937500 0.529948 0.936523 0.531250 0.935547 0.531250 0.933594 0.533854 0.932617 0.533854 0.929688 0.537760 0.928711 0.537760 0.927734 0.539062 0.927734 0.545573 0.928711 0.546875 0.928711 0.553385 0.929688 0.554688 0.929688 0.557292 0.930664 0.558594 0.930664 0.559896 0.928711 0.562500 0.926758 0.562500 0.925781 0.563802 0.924805 0.563802 0.935547 0.563802 0.936523 0.565104 0.943359 0.565104 0.944336 0.563802 0.946289 0.563802 0.947266 0.562500 0.948242 0.562500 0.953125 0.555990 0.954102 0.555990 0.955078 0.554688 0.955078 0.553385 0.956055 0.552083
