0 0.125977 0.644531 0.123047 0.648438 0.124023 0.652344 0.122070 0.654948 0.118164 0.654948 0.116211 0.653646 0.115234 0.651042 0.111328 0.657552 0.111328 0.661458 0.112305 0.662760 0.112305 0.667969 0.113281 0.669271 0.113281 0.680990 0.114258 0.682292 0.114258 0.688802 0.115234 0.690104 0.115234 0.694010 0.119141 0.699219 0.123047 0.701823 0.125000 0.701823 0.125977 0.703125 0.130859 0.703125 0.131836 0.701823 0.137695 0.701823 0.147461 0.695312 0.156250 0.684896 0.156250 0.670573 0.155273 0.669271 0.155273 0.664062 0.154297 0.662760 0.154297 0.653646 0.152344 0.649740 0.146484 0.645833 0.140625 0.645833 0.139648 0.644531 0.134766 0.644531 0.133789 0.645833 0.132812 0.644531
0 0.166992 0.552083 0.163086 0.546875 0.149414 0.546875 0.148438 0.548177 0.143555 0.548177 0.142578 0.549479 0.136719 0.549479 0.133789 0.552083 0.130859 0.552083 0.128906 0.554688 0.128906 0.557292 0.127930 0.558594 0.127930 0.561198 0.126953 0.562500 0.126953 0.567708 0.125977 0.569010 0.125977 0.575521 0.126953 0.576823 0.126953 0.587240 0.127930 0.588542 0.127930 0.589844 0.131836 0.593750 0.142578 0.593750 0.143555 0.595052 0.157227 0.595052 0.158203 0.593750 0.159180 0.593750 0.163086 0.587240 0.163086 0.585938 0.166016 0.579427 0.166016 0.576823 0.166992 0.575521 0.166992 0.567708 0.167969 0.566406 0.167969 0.563802 0.166992 0.562500
0 0.194336 0.628906 0.191406 0.625000 0.186523 0.625000 0.185547 0.626302 0.180664 0.626302 0.179688 0.627604 0.176758 0.627604 0.175781 0.628906 0.170898 0.628906 0.169922 0.627604 0.168945 0.627604 0.164062 0.631510 0.162109 0.631510 0.160156 0.634115 0.160156 0.636719 0.159180 0.638021 0.159180 0.643229 0.158203 0.644531 0.158203 0.667969 0.160156 0.670573 0.162109 0.670573 0.163086 0.671875 0.165039 0.671875 0.166016 0.673177 0.168945 0.673177 0.171875 0.675781 0.173828 0.675781 0.174805 0.677083 0.177734 0.677083 0.178711 0.678385 0.182617 0.678385 0.183594 0.677083 0.185547 0.677083 0.186523 0.675781 0.188477 0.675781 0.189453 0.674479 0.190430 0.674479 0.195312 0.667969 0.195312 0.666667 0.197266 0.664062 0.197266 0.662760 0.200195 0.656250 0.200195 0.641927 0.199219 0.640625 0.199219 0.638021 0.196289 0.634115 0.196289 0.632812 0.194336 0.630208
0 0.208984 0.677083 0.208008 0.677083 0.204102 0.673177 0.200195 0.673177 0.199219 0.671875 0.196289 0.671875 0.187500 0.678385 0.185547 0.678385 0.182617 0.680990 0.179688 0.680990 0.175781 0.684896 0.173828 0.684896 0.171875 0.687500 0.170898 0.692708 0.168945 0.696615 0.166992 0.694010 0.166016 0.688802 0.166016 0.692708 0.165039 0.694010 0.165039 0.700521 0.166016 0.701823 0.166016 0.704427 0.166992 0.705729 0.166992 0.709635 0.167969 0.710938 0.168945 0.716146 0.172852 0.721354 0.178711 0.725260 0.180664 0.725260 0.183594 0.727865 0.186523 0.727865 0.194336 0.722656 0.201172 0.721354 0.201172 0.720052 0.207031 0.712240 0.207031 0.710938 0.211914 0.705729 0.212891 0.703125 0.212891 0.684896 0.208984 0.678385
0 0.215820 0.707031 0.214844 0.709635 0.214844 0.713542 0.212891 0.718750 0.208008 0.726562 0.208984 0.727865 0.208984 0.731771 0.210938 0.734375 0.210938 0.738281 0.211914 0.739583 0.211914 0.746094 0.212891 0.747396 0.212891 0.750000 0.214844 0.751302 0.217773 0.751302 0.218750 0.752604 0.220703 0.752604 0.224609 0.757812 0.228516 0.760417 0.230469 0.760417 0.231445 0.761719 0.235352 0.761719 0.236328 0.763021 0.240234 0.763021 0.242188 0.761719 0.250000 0.751302 0.250000 0.718750 0.247070 0.713542 0.246094 0.714844 0.244141 0.714844 0.240234 0.709635 0.238281 0.708333 0.235352 0.708333 0.234375 0.707031
0 0.201172 0.582031 0.200195 0.582031 0.199219 0.580729 0.196289 0.580729 0.194336 0.576823 0.192383 0.576823 0.191406 0.575521 0.188477 0.575521 0.186523 0.578125 0.182617 0.578125 0.178711 0.582031 0.168945 0.582031 0.168945 0.583333 0.166992 0.585938 0.166992 0.587240 0.166016 0.588542 0.166016 0.591146 0.163086 0.597656 0.163086 0.605469 0.164062 0.606771 0.164062 0.617188 0.165039 0.618490 0.165039 0.619792 0.166992 0.622396 0.168945 0.622396 0.172852 0.626302 0.177734 0.626302 0.178711 0.625000 0.181641 0.625000 0.182617 0.623698 0.185547 0.623698 0.186523 0.622396 0.189453 0.621094 0.191406 0.618490 0.194336 0.617188 0.196289 0.614583 0.199219 0.613281 0.201172 0.610677 0.201172 0.609375 0.204102 0.602865 0.204102 0.598958 0.205078 0.597656 0.205078 0.595052 0.204102 0.593750 0.204102 0.589844 0.203125 0.588542
0 0.208984 0.596354 0.206055 0.600260 0.206055 0.602865 0.203125 0.610677 0.203125 0.618490 0.204102 0.619792 0.204102 0.625000 0.205078 0.626302 0.206055 0.632812 0.208008 0.636719 0.208008 0.639323 0.211914 0.643229 0.219727 0.643229 0.223633 0.645833 0.236328 0.645833 0.238281 0.643229 0.239258 0.643229 0.242188 0.638021 0.242188 0.636719 0.246094 0.631510 0.246094 0.628906 0.247070 0.627604 0.247070 0.618490 0.246094 0.617188 0.246094 0.610677 0.245117 0.609375 0.245117 0.605469 0.244141 0.602865 0.237305 0.593750 0.235352 0.592448 0.229492 0.592448 0.225586 0.589844 0.220703 0.589844 0.216797 0.592448 0.213867 0.592448 0.209961 0.596354
0 0.259766 0.630208 0.255859 0.630208 0.254883 0.631510 0.249023 0.631510 0.247070 0.634115 0.246094 0.638021 0.236328 0.651042 0.234375 0.652344 0.234375 0.660156 0.238281 0.670573 0.240234 0.673177 0.241211 0.677083 0.243164 0.679688 0.244141 0.679688 0.249023 0.687500 0.250977 0.688802 0.252930 0.688802 0.253906 0.690104 0.255859 0.688802 0.258789 0.688802 0.259766 0.687500 0.264648 0.687500 0.265625 0.686198 0.268555 0.686198 0.270508 0.684896 0.278320 0.674479 0.278320 0.673177 0.280273 0.670573 0.280273 0.665365 0.278320 0.661458 0.278320 0.658854 0.275391 0.653646 0.275391 0.652344 0.273438 0.649740 0.272461 0.645833 0.270508 0.643229 0.268555 0.638021 0.263672 0.631510 0.260742 0.631510
0 0.283203 0.690104 0.282227 0.691406 0.282227 0.695312 0.281250 0.697917 0.278320 0.701823 0.278320 0.707031 0.280273 0.709635 0.280273 0.714844 0.282227 0.720052 0.282227 0.723958 0.283203 0.725260 0.283203 0.727865 0.285156 0.730469 0.289062 0.733073 0.291992 0.733073 0.292969 0.734375 0.294922 0.734375 0.296875 0.736979 0.300781 0.739583 0.301758 0.742188 0.303711 0.743490 0.306641 0.743490 0.310547 0.740885 0.313477 0.736979 0.314453 0.736979 0.316406 0.733073 0.317383 0.733073 0.319336 0.730469 0.320312 0.727865 0.320312 0.725260 0.321289 0.723958 0.321289 0.697917 0.318359 0.690104 0.316406 0.688802 0.312500 0.688802 0.311523 0.687500 0.308594 0.687500 0.307617 0.688802 0.304688 0.688802 0.303711 0.687500 0.297852 0.687500 0.294922 0.690104 0.292969 0.688802 0.290039 0.688802 0.287109 0.691406 0.284180 0.691406
0 0.341797 0.677083 0.338867 0.678385 0.334961 0.683594 0.333984 0.683594 0.333008 0.684896 0.331055 0.684896 0.330078 0.686198 0.326172 0.686198 0.323242 0.690104 0.323242 0.692708 0.322266 0.694010 0.322266 0.696615 0.323242 0.697917 0.323242 0.704427 0.324219 0.705729 0.324219 0.709635 0.325195 0.710938 0.325195 0.716146 0.326172 0.717448 0.327148 0.721354 0.333008 0.729167 0.336914 0.729167 0.339844 0.725260 0.342773 0.723958 0.345703 0.720052 0.346680 0.720052 0.349609 0.716146 0.350586 0.716146 0.352539 0.713542 0.352539 0.712240 0.354492 0.708333 0.354492 0.703125 0.355469 0.701823 0.355469 0.697917 0.354492 0.696615 0.354492 0.691406 0.353516 0.690104 0.352539 0.686198 0.350586 0.683594 0.350586 0.682292 0.349609 0.682292 0.348633 0.680990 0.345703 0.680990 0.344727 0.679688 0.343750 0.679688
0 0.333984 0.632812 0.331055 0.632812 0.330078 0.634115 0.329102 0.634115 0.328125 0.632812 0.323242 0.632812 0.322266 0.634115 0.314453 0.634115 0.311523 0.636719 0.311523 0.644531 0.310547 0.645833 0.310547 0.647135 0.309570 0.648438 0.307617 0.645833 0.306641 0.645833 0.305664 0.647135 0.305664 0.651042 0.306641 0.652344 0.306641 0.658854 0.307617 0.658854 0.308594 0.660156 0.308594 0.661458 0.311523 0.667969 0.311523 0.671875 0.314453 0.677083 0.314453 0.678385 0.316406 0.680990 0.317383 0.684896 0.320312 0.687500 0.322266 0.687500 0.323242 0.686198 0.325195 0.686198 0.326172 0.684896 0.330078 0.684896 0.331055 0.683594 0.333008 0.683594 0.336914 0.678385 0.337891 0.678385 0.340820 0.675781 0.340820 0.674479 0.342773 0.671875 0.342773 0.670573 0.343750 0.669271 0.344727 0.669271 0.344727 0.667969 0.347656 0.662760 0.347656 0.652344 0.346680 0.651042 0.345703 0.647135 0.342773 0.643229 0.341797 0.643229 0.337891 0.638021 0.337891 0.636719 0.336914 0.635417 0.335938 0.635417
0 0.242188 0.591146 0.242188 0.595052 0.246094 0.604167 0.246094 0.606771 0.247070 0.608073 0.247070 0.611979 0.248047 0.613281 0.248047 0.615885 0.249023 0.617188 0.249023 0.618490 0.253906 0.623698 0.262695 0.623698 0.263672 0.622396 0.269531 0.622396 0.270508 0.621094 0.272461 0.621094 0.273438 0.619792 0.278320 0.617188 0.282227 0.611979 0.282227 0.610677 0.283203 0.609375 0.283203 0.605469 0.284180 0.604167 0.284180 0.593750 0.283203 0.592448 0.283203 0.588542 0.282227 0.587240 0.279297 0.587240 0.277344 0.589844 0.276367 0.589844 0.273438 0.592448 0.271484 0.592448 0.270508 0.591146 0.269531 0.591146 0.266602 0.587240 0.266602 0.585938 0.265625 0.585938 0.264648 0.584635 0.261719 0.584635 0.260742 0.583333 0.256836 0.583333 0.255859 0.584635 0.250000 0.584635 0.247070 0.587240 0.245117 0.587240
0 0.298828 0.567708 0.296875 0.570312 0.296875 0.571615 0.294922 0.575521 0.294922 0.579427 0.293945 0.580729 0.290039 0.580729 0.290039 0.582031 0.289062 0.583333 0.289062 0.588542 0.288086 0.589844 0.288086 0.593750 0.289062 0.595052 0.289062 0.600260 0.290039 0.601562 0.291016 0.605469 0.291992 0.605469 0.294922 0.609375 0.294922 0.610677 0.295898 0.611979 0.296875 0.611979 0.297852 0.613281 0.300781 0.613281 0.301758 0.614583 0.303711 0.614583 0.304688 0.615885 0.306641 0.615885 0.307617 0.617188 0.309570 0.617188 0.310547 0.618490 0.323242 0.618490 0.325195 0.615885 0.325195 0.613281 0.327148 0.609375 0.327148 0.606771 0.328125 0.605469 0.328125 0.602865 0.329102 0.601562 0.329102 0.598958 0.330078 0.597656 0.330078 0.592448 0.331055 0.591146 0.331055 0.579427 0.326172 0.572917 0.325195 0.572917 0.322266 0.570312 0.320312 0.570312 0.318359 0.567708 0.310547 0.567708 0.309570 0.566406 0.301758 0.566406 0.300781 0.567708
0 0.251953 0.533854 0.248047 0.539062 0.248047 0.545573 0.247070 0.546875 0.247070 0.563802 0.249023 0.569010 0.250977 0.571615 0.256836 0.575521 0.263672 0.583333 0.266602 0.584635 0.270508 0.591146 0.273438 0.591146 0.277344 0.587240 0.280273 0.585938 0.298828 0.565104 0.298828 0.561198 0.295898 0.555990 0.295898 0.554688 0.292969 0.550781 0.292969 0.549479 0.283203 0.539062 0.280273 0.537760 0.274414 0.531250 0.259766 0.531250 0.258789 0.532552
0 0.225586 0.529948 0.221680 0.529948 0.208008 0.541667 0.201172 0.542969 0.196289 0.549479 0.198242 0.552083 0.198242 0.557292 0.197266 0.558594 0.197266 0.559896 0.198242 0.561198 0.198242 0.565104 0.204102 0.572917 0.205078 0.572917 0.215820 0.580729 0.218750 0.580729 0.219727 0.582031 0.220703 0.582031 0.225586 0.578125 0.227539 0.578125 0.228516 0.576823 0.231445 0.576823 0.232422 0.575521 0.233398 0.575521 0.236328 0.571615 0.239258 0.570312 0.241211 0.567708 0.241211 0.566406 0.242188 0.565104 0.242188 0.561198 0.243164 0.559896 0.243164 0.553385 0.242188 0.552083 0.242188 0.549479 0.239258 0.544271 0.239258 0.542969 0.232422 0.533854 0.231445 0.533854 0.228516 0.531250 0.226562 0.531250
0 0.206055 0.502604 0.196289 0.490885 0.194336 0.490885 0.193359 0.489583 0.192383 0.489583 0.189453 0.494792 0.187500 0.494792 0.186523 0.496094 0.183594 0.496094 0.177734 0.503906 0.177734 0.505208 0.176758 0.506510 0.173828 0.506510 0.171875 0.510417 0.168945 0.510417 0.167969 0.511719 0.166016 0.511719 0.166016 0.514323 0.166992 0.515625 0.166992 0.518229 0.167969 0.519531 0.167969 0.524740 0.166016 0.527344 0.166016 0.533854 0.168945 0.536458 0.170898 0.536458 0.171875 0.537760 0.174805 0.537760 0.175781 0.539062 0.185547 0.539062 0.189453 0.542969 0.193359 0.542969 0.194336 0.541667 0.196289 0.541667 0.197266 0.540365 0.198242 0.540365 0.201172 0.536458 0.202148 0.536458 0.208008 0.528646 0.208008 0.527344 0.208984 0.526042 0.208984 0.523438 0.209961 0.522135 0.209961 0.516927 0.208984 0.515625 0.208984 0.511719 0.206055 0.506510
0 0.149414 0.367188 0.146484 0.371094 0.145508 0.371094 0.145508 0.372396 0.143555 0.375000 0.143555 0.377604 0.141602 0.381510 0.141602 0.384115 0.137695 0.393229 0.137695 0.399740 0.136719 0.401042 0.136719 0.406250 0.138672 0.408854 0.138672 0.412760 0.141602 0.412760 0.142578 0.414062 0.149414 0.414062 0.152344 0.416667 0.154297 0.416667 0.158203 0.419271 0.161133 0.419271 0.162109 0.417969 0.166016 0.417969 0.167969 0.420573 0.169922 0.420573 0.173828 0.417969 0.175781 0.415365 0.177734 0.410156 0.177734 0.406250 0.178711 0.404948 0.178711 0.399740 0.179688 0.398438 0.179688 0.386719 0.177734 0.381510 0.177734 0.376302 0.175781 0.373698 0.173828 0.373698 0.172852 0.372396 0.170898 0.372396 0.168945 0.371094 0.166016 0.367188 0.164062 0.365885 0.151367 0.365885
0 0.184570 0.308594 0.183594 0.309896 0.180664 0.311198 0.178711 0.313802 0.177734 0.313802 0.173828 0.319010 0.172852 0.319010 0.169922 0.322917 0.168945 0.322917 0.167969 0.324219 0.167969 0.325521 0.165039 0.329427 0.164062 0.335938 0.165039 0.337240 0.165039 0.338542 0.168945 0.343750 0.168945 0.345052 0.170898 0.347656 0.170898 0.348958 0.171875 0.348958 0.175781 0.354167 0.178711 0.355469 0.184570 0.361979 0.187500 0.361979 0.188477 0.363281 0.197266 0.363281 0.198242 0.361979 0.199219 0.361979 0.208008 0.351562 0.208008 0.348958 0.208984 0.347656 0.208984 0.333333 0.210938 0.329427 0.210938 0.322917 0.209961 0.321615 0.209961 0.319010 0.208008 0.316406 0.206055 0.316406 0.204102 0.313802 0.203125 0.313802 0.200195 0.311198 0.197266 0.311198 0.196289 0.309896 0.194336 0.309896 0.193359 0.308594 0.190430 0.308594 0.189453 0.307292 0.188477 0.307292 0.187500 0.308594
0 0.223633 0.358073 0.219727 0.356771 0.218750 0.355469 0.208984 0.355469 0.208008 0.356771 0.206055 0.356771 0.199219 0.365885 0.198242 0.365885 0.195312 0.369792 0.194336 0.369792 0.187500 0.378906 0.187500 0.404948 0.192383 0.417969 0.201172 0.417969 0.202148 0.416667 0.205078 0.416667 0.206055 0.415365 0.208984 0.415365 0.209961 0.414062 0.212891 0.414062 0.213867 0.412760 0.216797 0.412760 0.217773 0.411458 0.220703 0.411458 0.221680 0.410156 0.223633 0.410156 0.226562 0.407552 0.226562 0.406250 0.229492 0.402344 0.229492 0.401042 0.233398 0.395833 0.233398 0.394531 0.236328 0.389323 0.236328 0.381510 0.234375 0.378906 0.232422 0.373698 0.232422 0.371094 0.231445 0.371094 0.229492 0.368490 0.229492 0.367188
0 0.240234 0.285156 0.234375 0.285156 0.233398 0.286458 0.231445 0.286458 0.226562 0.290365 0.224609 0.290365 0.220703 0.292969 0.218750 0.295573 0.215820 0.296875 0.210938 0.303385 0.209961 0.303385 0.208984 0.305990 0.206055 0.309896 0.209961 0.315104 0.209961 0.316406 0.213867 0.322917 0.218750 0.337240 0.222656 0.341146 0.224609 0.341146 0.225586 0.342448 0.229492 0.342448 0.230469 0.343750 0.236328 0.343750 0.237305 0.342448 0.244141 0.341146 0.248047 0.338542 0.253906 0.329427 0.252930 0.326823 0.252930 0.320312 0.250000 0.315104 0.250000 0.309896 0.248047 0.305990 0.248047 0.303385 0.246094 0.299479 0.246094 0.296875 0.244141 0.291667
0 0.305664 0.194010 0.300781 0.194010 0.299805 0.192708 0.297852 0.192708 0.296875 0.194010 0.292969 0.194010 0.291992 0.195312 0.291016 0.195312 0.288086 0.199219 0.287109 0.199219 0.284180 0.203125 0.283203 0.203125 0.278320 0.210938 0.278320 0.212240 0.275391 0.216146 0.277344 0.220052 0.277344 0.223958 0.276367 0.225260 0.279297 0.231771 0.279297 0.234375 0.283203 0.239583 0.284180 0.239583 0.289062 0.246094 0.289062 0.247396 0.290039 0.248698 0.291992 0.248698 0.292969 0.247396 0.295898 0.247396 0.296875 0.246094 0.298828 0.246094 0.299805 0.244792 0.302734 0.244792 0.304688 0.242188 0.305664 0.242188 0.313477 0.231771 0.313477 0.230469 0.316406 0.226562 0.316406 0.225260 0.318359 0.221354 0.318359 0.218750 0.319336 0.217448 0.319336 0.209635 0.317383 0.207031 0.317383 0.205729 0.313477 0.201823 0.313477 0.200521 0.312500 0.199219 0.311523 0.199219 0.309570 0.196615 0.308594 0.196615
0 0.305664 0.251302 0.301758 0.251302 0.299805 0.253906 0.294922 0.255208 0.293945 0.256510 0.283203 0.263021 0.280273 0.266927 0.280273 0.279948 0.281250 0.281250 0.281250 0.287760 0.283203 0.291667 0.286133 0.292969 0.289062 0.296875 0.290039 0.300781 0.292969 0.304688 0.295898 0.304688 0.296875 0.303385 0.299805 0.303385 0.300781 0.302083 0.302734 0.302083 0.303711 0.303385 0.310547 0.303385 0.315430 0.299479 0.315430 0.298177 0.318359 0.294271 0.318359 0.292969 0.320312 0.290365 0.320312 0.289062 0.322266 0.285156 0.322266 0.277344 0.321289 0.276042 0.321289 0.272135 0.320312 0.270833 0.320312 0.269531 0.318359 0.266927 0.318359 0.265625 0.313477 0.259115 0.312500 0.259115
0 0.266602 0.300781 0.265625 0.302083 0.263672 0.302083 0.262695 0.303385 0.261719 0.303385 0.259766 0.305990 0.258789 0.305990 0.256836 0.308594 0.255859 0.308594 0.251953 0.313802 0.251953 0.315104 0.253906 0.317708 0.253906 0.322917 0.254883 0.324219 0.254883 0.338542 0.255859 0.339844 0.255859 0.341146 0.259766 0.346354 0.260742 0.346354 0.263672 0.348958 0.265625 0.348958 0.266602 0.350260 0.267578 0.350260 0.269531 0.354167 0.276367 0.354167 0.280273 0.350260 0.281250 0.350260 0.284180 0.346354 0.284180 0.345052 0.288086 0.338542 0.288086 0.337240 0.289062 0.335938 0.289062 0.333333 0.290039 0.332031 0.290039 0.328125 0.291016 0.326823 0.291016 0.320312 0.288086 0.315104 0.287109 0.311198 0.281250 0.304688 0.280273 0.304688 0.277344 0.302083 0.275391 0.302083 0.274414 0.300781
0 0.313477 0.304688 0.313477 0.305990 0.312500 0.307292 0.312500 0.312500 0.313477 0.313802 0.313477 0.322917 0.314453 0.324219 0.314453 0.332031 0.317383 0.335938 0.317383 0.342448 0.318359 0.343750 0.318359 0.345052 0.320312 0.345052 0.321289 0.346354 0.326172 0.346354 0.327148 0.347656 0.346680 0.347656 0.347656 0.346354 0.349609 0.346354 0.350586 0.345052 0.351562 0.345052 0.354492 0.341146 0.354492 0.338542 0.355469 0.337240 0.355469 0.322917 0.354492 0.321615 0.354492 0.319010 0.353516 0.317708 0.349609 0.305990 0.345703 0.300781 0.344727 0.300781 0.339844 0.296875 0.336914 0.296875 0.335938 0.295573 0.331055 0.295573 0.330078 0.296875 0.327148 0.296875 0.326172 0.298177 0.324219 0.298177 0.320312 0.302083 0.318359 0.302083 0.317383 0.303385 0.315430 0.303385 0.314453 0.304688
0 0.273438 0.365885 0.269531 0.369792 0.268555 0.369792 0.267578 0.371094 0.265625 0.371094 0.264648 0.372396 0.262695 0.372396 0.260742 0.375000 0.259766 0.375000 0.256836 0.377604 0.256836 0.378906 0.260742 0.384115 0.260742 0.385417 0.261719 0.386719 0.260742 0.388021 0.260742 0.391927 0.257812 0.397135 0.257812 0.399740 0.258789 0.401042 0.258789 0.404948 0.259766 0.406250 0.259766 0.407552 0.260742 0.408854 0.260742 0.411458 0.261719 0.412760 0.261719 0.417969 0.263672 0.417969 0.264648 0.419271 0.267578 0.419271 0.268555 0.420573 0.283203 0.420573 0.284180 0.419271 0.285156 0.419271 0.294922 0.407552 0.294922 0.406250 0.296875 0.403646 0.296875 0.401042 0.298828 0.397135 0.298828 0.391927 0.297852 0.390625 0.296875 0.386719 0.295898 0.386719 0.290039 0.378906 0.289062 0.378906 0.282227 0.369792 0.281250 0.369792 0.278320 0.365885
0 0.304688 0.351562 0.300781 0.356771 0.300781 0.358073 0.299805 0.359375 0.299805 0.363281 0.298828 0.364583 0.298828 0.367188 0.297852 0.368490 0.297852 0.371094 0.296875 0.372396 0.296875 0.375000 0.295898 0.376302 0.295898 0.382812 0.303711 0.391927 0.305664 0.391927 0.306641 0.393229 0.308594 0.393229 0.309570 0.394531 0.312500 0.394531 0.313477 0.395833 0.324219 0.395833 0.325195 0.397135 0.326172 0.397135 0.327148 0.395833 0.329102 0.395833 0.331055 0.393229 0.331055 0.390625 0.333008 0.388021 0.333984 0.384115 0.335938 0.381510 0.335938 0.377604 0.336914 0.376302 0.336914 0.367188 0.334961 0.364583 0.334961 0.363281 0.328125 0.352865 0.327148 0.352865 0.324219 0.350260 0.319336 0.350260 0.318359 0.348958 0.313477 0.348958 0.312500 0.350260 0.307617 0.350260 0.306641 0.351562
0 0.348633 0.179688 0.340820 0.188802 0.338867 0.188802 0.337891 0.190104 0.336914 0.190104 0.333984 0.194010 0.333008 0.194010 0.333008 0.196615 0.333984 0.197917 0.337891 0.197917 0.339844 0.200521 0.339844 0.204427 0.337891 0.207031 0.336914 0.207031 0.335938 0.210938 0.337891 0.213542 0.337891 0.214844 0.340820 0.214844 0.341797 0.216146 0.341797 0.217448 0.342773 0.218750 0.342773 0.222656 0.343750 0.223958 0.343750 0.226562 0.344727 0.226562 0.348633 0.231771 0.349609 0.231771 0.352539 0.235677 0.353516 0.235677 0.354492 0.234375 0.357422 0.234375 0.360352 0.231771 0.362305 0.231771 0.364258 0.229167 0.365234 0.229167 0.369141 0.223958 0.369141 0.222656 0.370117 0.221354 0.370117 0.218750 0.369141 0.217448 0.369141 0.205729 0.368164 0.204427 0.368164 0.200521 0.367188 0.199219 0.367188 0.196615 0.366211 0.195312 0.365234 0.188802 0.362305 0.184896 0.361328 0.184896 0.358398 0.182292 0.356445 0.182292 0.355469 0.180990 0.352539 0.180990 0.351562 0.179688
0 0.373047 0.235677 0.371094 0.235677 0.370117 0.236979 0.367188 0.236979 0.366211 0.235677 0.358398 0.235677 0.354492 0.238281 0.347656 0.246094 0.344727 0.247396 0.341797 0.251302 0.340820 0.251302 0.336914 0.257812 0.339844 0.260417 0.340820 0.264323 0.342773 0.266927 0.342773 0.269531 0.340820 0.272135 0.337891 0.272135 0.336914 0.273438 0.337891 0.276042 0.337891 0.283854 0.338867 0.285156 0.338867 0.289062 0.342773 0.294271 0.345703 0.295573 0.351562 0.291667 0.353516 0.291667 0.355469 0.289062 0.362305 0.289062 0.363281 0.287760 0.367188 0.287760 0.369141 0.289062 0.370117 0.287760 0.372070 0.287760 0.374023 0.285156 0.376953 0.283854 0.379883 0.279948 0.380859 0.279948 0.384766 0.270833 0.384766 0.263021 0.382812 0.259115 0.382812 0.256510 0.379883 0.248698 0.376953 0.244792 0.375977 0.239583
0 0.208008 0.442708 0.206055 0.445312 0.206055 0.446615 0.203125 0.451823 0.202148 0.455729 0.201172 0.457031 0.200195 0.457031 0.200195 0.458333 0.198242 0.462240 0.198242 0.464844 0.197266 0.466146 0.197266 0.471354 0.196289 0.472656 0.196289 0.483073 0.197266 0.484375 0.197266 0.485677 0.201172 0.489583 0.202148 0.489583 0.205078 0.493490 0.206055 0.493490 0.208984 0.496094 0.212891 0.496094 0.213867 0.497396 0.225586 0.497396 0.226562 0.496094 0.228516 0.496094 0.233398 0.490885 0.235352 0.484375 0.237305 0.481771 0.237305 0.480469 0.239258 0.476562 0.239258 0.472656 0.240234 0.471354 0.240234 0.470052 0.239258 0.468750 0.239258 0.462240 0.238281 0.460938 0.238281 0.459635 0.236328 0.457031 0.231445 0.454427 0.229492 0.451823 0.228516 0.451823 0.224609 0.447917 0.222656 0.447917 0.221680 0.446615 0.218750 0.446615 0.217773 0.445312 0.214844 0.445312 0.213867 0.444010 0.211914 0.444010 0.210938 0.442708
0 0.242188 0.473958 0.239258 0.479167 0.233398 0.496094 0.230469 0.500000 0.230469 0.502604 0.229492 0.503906 0.229492 0.507812 0.230469 0.509115 0.230469 0.511719 0.231445 0.514323 0.240234 0.524740 0.244141 0.527344 0.250000 0.527344 0.254883 0.523438 0.261719 0.523438 0.262695 0.522135 0.266602 0.522135 0.270508 0.519531 0.276367 0.511719 0.278320 0.506510 0.278320 0.500000 0.279297 0.498698 0.279297 0.492188 0.277344 0.489583 0.276367 0.485677 0.273438 0.481771 0.273438 0.480469 0.271484 0.477865 0.268555 0.476562 0.266602 0.473958 0.259766 0.473958 0.258789 0.475260 0.251953 0.475260 0.250977 0.473958
0 0.269531 0.430990 0.267578 0.433594 0.267578 0.434896 0.268555 0.436198 0.268555 0.440104 0.267578 0.441406 0.267578 0.444010 0.263672 0.453125 0.263672 0.458333 0.264648 0.459635 0.263672 0.460938 0.263672 0.463542 0.262695 0.464844 0.263672 0.466146 0.264648 0.470052 0.269531 0.472656 0.275391 0.479167 0.281250 0.479167 0.282227 0.480469 0.285156 0.480469 0.286133 0.481771 0.292969 0.481771 0.293945 0.480469 0.298828 0.479167 0.300781 0.476562 0.301758 0.476562 0.304688 0.471354 0.304688 0.468750 0.303711 0.467448 0.303711 0.463542 0.302734 0.462240 0.302734 0.459635 0.301758 0.458333 0.301758 0.453125 0.300781 0.451823 0.297852 0.442708 0.295898 0.440104 0.294922 0.436198 0.291016 0.430990 0.291016 0.429688 0.290039 0.429688 0.289062 0.428385 0.287109 0.428385 0.286133 0.427083 0.282227 0.427083 0.281250 0.428385 0.276367 0.428385 0.275391 0.429688 0.272461 0.429688 0.271484 0.430990
0 0.301758 0.479167 0.285156 0.490885 0.285156 0.492188 0.283203 0.496094 0.283203 0.498698 0.282227 0.500000 0.282227 0.505208 0.281250 0.506510 0.281250 0.513021 0.282227 0.514323 0.282227 0.516927 0.285156 0.520833 0.286133 0.520833 0.291016 0.524740 0.292969 0.524740 0.293945 0.526042 0.295898 0.526042 0.296875 0.527344 0.299805 0.527344 0.300781 0.528646 0.310547 0.528646 0.322266 0.513021 0.322266 0.511719 0.324219 0.509115 0.324219 0.507812 0.325195 0.506510 0.325195 0.501302 0.326172 0.500000 0.326172 0.494792 0.324219 0.490885 0.323242 0.490885 0.310547 0.481771 0.308594 0.481771 0.307617 0.480469 0.305664 0.480469 0.304688 0.479167
0 0.299805 0.401042 0.296875 0.406250 0.295898 0.410156 0.293945 0.412760 0.293945 0.419271 0.291992 0.421875 0.291992 0.424479 0.294922 0.428385 0.295898 0.430990 0.295898 0.433594 0.298828 0.437500 0.301758 0.438802 0.309570 0.447917 0.311523 0.447917 0.319336 0.453125 0.324219 0.453125 0.330078 0.449219 0.332031 0.446615 0.333008 0.446615 0.334961 0.444010 0.338867 0.441406 0.343750 0.433594 0.343750 0.429688 0.344727 0.427083 0.343750 0.425781 0.343750 0.420573 0.342773 0.417969 0.340820 0.416667 0.333984 0.407552 0.330078 0.404948 0.327148 0.401042 0.323242 0.398438 0.320312 0.398438 0.319336 0.397135 0.314453 0.397135 0.313477 0.398438 0.303711 0.398438
0 0.327148 0.455729 0.328125 0.458333 0.328125 0.476562 0.327148 0.477865 0.326172 0.486979 0.329102 0.492188 0.331055 0.492188 0.333008 0.493490 0.335938 0.497396 0.343750 0.502604 0.347656 0.502604 0.348633 0.503906 0.351562 0.503906 0.359375 0.498698 0.361328 0.496094 0.368164 0.492188 0.373047 0.485677 0.373047 0.479167 0.372070 0.477865 0.372070 0.475260 0.371094 0.473958 0.371094 0.470052 0.369141 0.464844 0.367188 0.462240 0.358398 0.457031 0.356445 0.454427 0.350586 0.450521 0.333984 0.450521 0.332031 0.453125 0.330078 0.453125
0 0.320312 0.522135 0.320312 0.526042 0.319336 0.527344 0.319336 0.539062 0.320312 0.540365 0.320312 0.542969 0.321289 0.544271 0.321289 0.545573 0.324219 0.549479 0.325195 0.549479 0.326172 0.550781 0.328125 0.550781 0.329102 0.552083 0.333008 0.552083 0.333984 0.553385 0.334961 0.552083 0.337891 0.552083 0.338867 0.553385 0.348633 0.553385 0.349609 0.552083 0.359375 0.552083 0.360352 0.550781 0.362305 0.550781 0.363281 0.549479 0.363281 0.531250 0.362305 0.529948 0.359375 0.520833 0.357422 0.518229 0.356445 0.514323 0.354492 0.511719 0.354492 0.510417 0.350586 0.506510 0.347656 0.506510 0.346680 0.505208 0.342773 0.505208 0.341797 0.503906 0.335938 0.503906 0.334961 0.505208 0.328125 0.509115 0.325195 0.513021 0.325195 0.514323
0 0.336914 0.585938 0.338867 0.588542 0.338867 0.591146 0.335938 0.595052 0.335938 0.600260 0.333984 0.605469 0.334961 0.606771 0.334961 0.610677 0.336914 0.615885 0.336914 0.621094 0.337891 0.622396 0.337891 0.625000 0.338867 0.627604 0.343750 0.634115 0.347656 0.634115 0.348633 0.635417 0.353516 0.635417 0.354492 0.634115 0.358398 0.634115 0.359375 0.632812 0.361328 0.632812 0.363281 0.630208 0.370117 0.626302 0.373047 0.622396 0.375977 0.621094 0.379883 0.615885 0.380859 0.613281 0.380859 0.609375 0.377930 0.601562 0.375977 0.598958 0.375000 0.595052 0.373047 0.593750 0.370117 0.589844 0.369141 0.589844 0.364258 0.583333 0.357422 0.583333 0.356445 0.582031 0.348633 0.582031 0.347656 0.583333 0.344727 0.583333 0.340820 0.587240 0.339844 0.585938
0 0.358398 0.501302 0.358398 0.503906 0.357422 0.505208 0.357422 0.511719 0.358398 0.513021 0.358398 0.515625 0.360352 0.520833 0.363281 0.524740 0.364258 0.527344 0.364258 0.529948 0.365234 0.531250 0.365234 0.544271 0.368164 0.548177 0.372070 0.550781 0.376953 0.552083 0.379883 0.554688 0.386719 0.554688 0.387695 0.555990 0.388672 0.554688 0.391602 0.554688 0.394531 0.550781 0.400391 0.535156 0.400391 0.520833 0.399414 0.519531 0.399414 0.516927 0.395508 0.511719 0.393555 0.510417 0.391602 0.510417 0.386719 0.506510 0.384766 0.506510 0.381836 0.503906 0.379883 0.503906 0.375977 0.501302 0.373047 0.501302 0.372070 0.500000 0.366211 0.500000 0.365234 0.498698
0 0.404297 0.523438 0.401367 0.526042 0.401367 0.533854 0.400391 0.535156 0.400391 0.537760 0.399414 0.539062 0.399414 0.540365 0.396484 0.544271 0.396484 0.545573 0.395508 0.546875 0.395508 0.549479 0.392578 0.553385 0.392578 0.554688 0.396484 0.562500 0.397461 0.562500 0.398438 0.563802 0.399414 0.563802 0.400391 0.565104 0.401367 0.565104 0.404297 0.567708 0.411133 0.567708 0.413086 0.565104 0.414062 0.565104 0.414062 0.563802 0.416016 0.561198 0.416992 0.557292 0.419922 0.553385 0.419922 0.552083 0.421875 0.549479 0.421875 0.548177 0.423828 0.544271 0.423828 0.536458 0.419922 0.528646 0.418945 0.528646 0.417969 0.527344 0.416992 0.527344 0.416016 0.526042 0.415039 0.526042 0.412109 0.523438
0 0.352539 0.449219 0.353516 0.450521 0.355469 0.450521 0.359375 0.455729 0.360352 0.455729 0.361328 0.457031 0.362305 0.457031 0.364258 0.459635 0.367188 0.460938 0.370117 0.464844 0.370117 0.466146 0.371094 0.467448 0.371094 0.470052 0.372070 0.471354 0.372070 0.473958 0.373047 0.475260 0.373047 0.479167 0.374023 0.480469 0.374023 0.481771 0.375000 0.483073 0.376953 0.483073 0.377930 0.481771 0.378906 0.481771 0.378906 0.480469 0.379883 0.479167 0.379883 0.476562 0.381836 0.473958 0.381836 0.472656 0.384766 0.468750 0.384766 0.467448 0.386719 0.463542 0.386719 0.454427 0.385742 0.453125 0.385742 0.450521 0.383789 0.447917 0.361328 0.447917 0.360352 0.446615 0.356445 0.446615 0.355469 0.447917 0.353516 0.447917
0 0.382812 0.563802 0.381836 0.565104 0.378906 0.566406 0.376953 0.569010 0.375977 0.569010 0.375977 0.571615 0.374023 0.575521 0.374023 0.591146 0.378906 0.598958 0.378906 0.600260 0.380859 0.602865 0.380859 0.604167 0.383789 0.608073 0.384766 0.608073 0.395508 0.621094 0.396484 0.621094 0.397461 0.622396 0.401367 0.622396 0.402344 0.621094 0.403320 0.621094 0.407227 0.615885 0.408203 0.615885 0.410156 0.613281 0.410156 0.611979 0.413086 0.608073 0.413086 0.606771 0.415039 0.602865 0.415039 0.597656 0.416016 0.596354 0.415039 0.595052 0.415039 0.587240 0.414062 0.585938 0.414062 0.583333 0.411133 0.578125 0.410156 0.578125 0.407227 0.574219 0.406250 0.574219 0.402344 0.570312 0.400391 0.570312 0.391602 0.563802
0 0.384766 0.619792 0.379883 0.619792 0.377930 0.622396 0.375000 0.623698 0.371094 0.628906 0.370117 0.628906 0.365234 0.634115 0.364258 0.634115 0.359375 0.638021 0.359375 0.640625 0.358398 0.641927 0.358398 0.645833 0.357422 0.647135 0.357422 0.652344 0.358398 0.653646 0.358398 0.656250 0.359375 0.657552 0.360352 0.661458 0.366211 0.669271 0.368164 0.669271 0.369141 0.670573 0.377930 0.670573 0.378906 0.669271 0.381836 0.669271 0.382812 0.667969 0.384766 0.667969 0.386719 0.665365 0.387695 0.665365 0.391602 0.660156 0.391602 0.658854 0.394531 0.652344 0.394531 0.641927 0.393555 0.640625 0.393555 0.634115 0.392578 0.632812 0.392578 0.630208 0.391602 0.628906 0.390625 0.625000
0 0.416016 0.631510 0.414062 0.631510 0.413086 0.630208 0.411133 0.630208 0.410156 0.631510 0.408203 0.631510 0.407227 0.632812 0.402344 0.632812 0.401367 0.634115 0.398438 0.634115 0.395508 0.636719 0.395508 0.654948 0.393555 0.658854 0.393555 0.665365 0.396484 0.669271 0.397461 0.669271 0.401367 0.674479 0.406250 0.674479 0.407227 0.673177 0.408203 0.673177 0.411133 0.670573 0.414062 0.670573 0.416992 0.666667 0.416992 0.664062 0.417969 0.662760 0.417969 0.661458 0.419922 0.657552 0.419922 0.654948 0.420898 0.653646 0.420898 0.651042 0.421875 0.649740 0.421875 0.640625 0.420898 0.639323 0.420898 0.636719 0.419922 0.635417 0.418945 0.635417
0 0.422852 0.662760 0.421875 0.664062 0.420898 0.664062 0.414062 0.673177 0.414062 0.682292 0.413086 0.683594 0.413086 0.691406 0.414062 0.692708 0.414062 0.695312 0.415039 0.696615 0.415039 0.699219 0.418945 0.704427 0.419922 0.704427 0.422852 0.708333 0.427734 0.708333 0.428711 0.707031 0.430664 0.707031 0.431641 0.705729 0.434570 0.704427 0.437500 0.700521 0.437500 0.699219 0.439453 0.695312 0.439453 0.692708 0.440430 0.691406 0.440430 0.687500 0.441406 0.686198 0.441406 0.680990 0.442383 0.679688 0.442383 0.677083 0.441406 0.675781 0.441406 0.673177 0.436523 0.666667 0.435547 0.666667 0.434570 0.665365 0.432617 0.665365 0.431641 0.664062 0.428711 0.664062 0.427734 0.662760
0 0.412109 0.699219 0.409180 0.699219 0.408203 0.700521 0.409180 0.701823 0.409180 0.705729 0.408203 0.707031 0.400391 0.707031 0.399414 0.708333 0.393555 0.708333 0.392578 0.709635 0.391602 0.709635 0.388672 0.714844 0.388672 0.717448 0.389648 0.718750 0.389648 0.722656 0.388672 0.723958 0.388672 0.726562 0.389648 0.727865 0.389648 0.731771 0.386719 0.735677 0.386719 0.736979 0.387695 0.738281 0.387695 0.742188 0.388672 0.743490 0.388672 0.744792 0.391602 0.748698 0.391602 0.750000 0.396484 0.753906 0.400391 0.753906 0.401367 0.752604 0.407227 0.752604 0.408203 0.751302 0.410156 0.751302 0.411133 0.750000 0.416016 0.750000 0.416992 0.748698 0.418945 0.748698 0.419922 0.747396 0.420898 0.747396 0.421875 0.746094 0.423828 0.739583 0.425781 0.736979 0.425781 0.734375 0.427734 0.730469 0.427734 0.727865 0.428711 0.726562 0.427734 0.725260 0.426758 0.721354 0.424805 0.718750 0.423828 0.714844 0.419922 0.709635 0.419922 0.708333 0.415039 0.705729 0.412109 0.700521
0 0.418945 0.183594 0.415039 0.180990 0.413086 0.180990 0.412109 0.179688 0.401367 0.178385 0.397461 0.182292 0.391602 0.186198 0.391602 0.190104 0.390625 0.191406 0.390625 0.196615 0.392578 0.201823 0.392578 0.210938 0.393555 0.212240 0.393555 0.220052 0.394531 0.221354 0.391602 0.229167 0.391602 0.233073 0.393555 0.236979 0.402344 0.236979 0.409180 0.231771 0.412109 0.231771 0.413086 0.230469 0.415039 0.230469 0.416016 0.229167 0.420898 0.227865 0.429688 0.220052 0.429688 0.217448 0.430664 0.214844 0.429688 0.213542 0.429688 0.209635 0.427734 0.204427 0.427734 0.199219
0 0.436523 0.162760 0.434570 0.162760 0.433594 0.164062 0.431641 0.164062 0.426758 0.170573 0.425781 0.170573 0.422852 0.173177 0.419922 0.173177 0.418945 0.174479 0.417969 0.174479 0.415039 0.178385 0.416016 0.179688 0.416992 0.179688 0.420898 0.184896 0.420898 0.186198 0.426758 0.195312 0.426758 0.196615 0.428711 0.199219 0.428711 0.205729 0.429688 0.207031 0.429688 0.209635 0.430664 0.210938 0.431641 0.214844 0.433594 0.214844 0.434570 0.216146 0.435547 0.214844 0.438477 0.213542 0.440430 0.210938 0.443359 0.209635 0.447266 0.204427 0.447266 0.203125 0.448242 0.201823 0.448242 0.199219 0.449219 0.197917 0.449219 0.194010 0.450195 0.192708 0.450195 0.173177 0.447266 0.169271 0.446289 0.169271 0.444336 0.166667 0.443359 0.166667 0.440430 0.164062 0.437500 0.164062
0 0.382812 0.247396 0.382812 0.253906 0.385742 0.260417 0.385742 0.264323 0.386719 0.265625 0.386719 0.270833 0.385742 0.272135 0.385742 0.276042 0.383789 0.278646 0.384766 0.279948 0.387695 0.281250 0.388672 0.282552 0.388672 0.283854 0.389648 0.283854 0.390625 0.285156 0.392578 0.285156 0.393555 0.286458 0.397461 0.286458 0.398438 0.287760 0.401367 0.287760 0.402344 0.289062 0.407227 0.289062 0.408203 0.290365 0.412109 0.290365 0.413086 0.289062 0.415039 0.289062 0.418945 0.283854 0.418945 0.282552 0.420898 0.278646 0.420898 0.276042 0.421875 0.274740 0.421875 0.264323 0.420898 0.263021 0.420898 0.255208 0.419922 0.253906 0.419922 0.252604 0.415039 0.246094 0.413086 0.246094 0.412109 0.244792 0.406250 0.244792 0.401367 0.240885 0.392578 0.240885 0.391602 0.242188
0 0.375000 0.295573 0.375000 0.298177 0.372070 0.303385 0.372070 0.315104 0.373047 0.316406 0.373047 0.317708 0.374023 0.319010 0.374023 0.321615 0.375000 0.322917 0.375000 0.330729 0.377930 0.334635 0.379883 0.334635 0.381836 0.337240 0.383789 0.337240 0.384766 0.338542 0.386719 0.338542 0.387695 0.339844 0.390625 0.339844 0.391602 0.338542 0.395508 0.338542 0.396484 0.337240 0.406250 0.337240 0.410156 0.333333 0.410156 0.332031 0.411133 0.330729 0.411133 0.326823 0.412109 0.325521 0.412109 0.309896 0.411133 0.308594 0.411133 0.305990 0.410156 0.304688 0.409180 0.298177 0.407227 0.295573 0.405273 0.295573 0.402344 0.292969 0.400391 0.292969 0.399414 0.291667 0.397461 0.291667 0.396484 0.290365 0.386719 0.290365 0.385742 0.291667 0.382812 0.291667 0.381836 0.292969 0.376953 0.292969
0 0.372070 0.333333 0.371094 0.333333 0.370117 0.332031 0.364258 0.332031 0.363281 0.333333 0.360352 0.333333 0.357422 0.335938 0.355469 0.342448 0.349609 0.350260 0.348633 0.350260 0.347656 0.351562 0.345703 0.351562 0.344727 0.352865 0.341797 0.352865 0.340820 0.354167 0.340820 0.368490 0.342773 0.371094 0.342773 0.373698 0.343750 0.375000 0.343750 0.376302 0.344727 0.376302 0.348633 0.381510 0.349609 0.381510 0.350586 0.382812 0.363281 0.382812 0.364258 0.381510 0.367188 0.381510 0.368164 0.380208 0.371094 0.380208 0.372070 0.378906 0.375000 0.378906 0.375977 0.377604 0.376953 0.377604 0.381836 0.371094 0.381836 0.369792 0.383789 0.367188 0.383789 0.364583 0.384766 0.363281 0.384766 0.352865 0.383789 0.351562 0.383789 0.348958 0.382812 0.347656 0.382812 0.346354
0 0.416992 0.290365 0.416016 0.291667 0.415039 0.291667 0.410156 0.298177 0.410156 0.300781 0.411133 0.302083 0.411133 0.305990 0.413086 0.309896 0.413086 0.329427 0.415039 0.332031 0.417969 0.333333 0.420898 0.337240 0.421875 0.337240 0.422852 0.338542 0.426758 0.338542 0.431641 0.332031 0.432617 0.332031 0.434570 0.329427 0.435547 0.329427 0.436523 0.328125 0.436523 0.326823 0.438477 0.324219 0.438477 0.322917 0.440430 0.320312 0.440430 0.313802 0.441406 0.312500 0.441406 0.304688 0.439453 0.300781 0.438477 0.300781 0.436523 0.298177 0.435547 0.298177 0.430664 0.294271 0.428711 0.294271 0.427734 0.292969 0.425781 0.292969 0.424805 0.291667 0.421875 0.291667 0.420898 0.290365
0 0.411133 0.337240 0.408203 0.341146 0.407227 0.341146 0.403320 0.345052 0.402344 0.345052 0.398438 0.350260 0.398438 0.351562 0.397461 0.352865 0.397461 0.356771 0.395508 0.360677 0.394531 0.359375 0.394531 0.355469 0.393555 0.354167 0.393555 0.351562 0.392578 0.350260 0.391602 0.350260 0.391602 0.351562 0.390625 0.352865 0.390625 0.367188 0.391602 0.368490 0.391602 0.369792 0.395508 0.369792 0.396484 0.371094 0.396484 0.373698 0.401367 0.380208 0.401367 0.381510 0.402344 0.381510 0.403320 0.382812 0.405273 0.382812 0.406250 0.384115 0.409180 0.384115 0.410156 0.385417 0.416992 0.386719 0.417969 0.385417 0.419922 0.385417 0.420898 0.384115 0.422852 0.384115 0.423828 0.382812 0.423828 0.381510 0.424805 0.380208 0.424805 0.376302 0.425781 0.375000 0.425781 0.371094 0.427734 0.367188 0.427734 0.361979 0.428711 0.360677 0.428711 0.355469 0.427734 0.354167 0.427734 0.351562 0.421875 0.343750 0.420898 0.343750 0.416016 0.338542
0 0.432617 0.342448 0.430664 0.345052 0.430664 0.346354 0.429688 0.347656 0.429688 0.360677 0.428711 0.361979 0.428711 0.373698 0.427734 0.375000 0.427734 0.377604 0.428711 0.378906 0.428711 0.381510 0.429688 0.381510 0.432617 0.384115 0.451172 0.384115 0.452148 0.382812 0.454102 0.382812 0.455078 0.381510 0.455078 0.368490 0.456055 0.367188 0.456055 0.358073 0.455078 0.356771 0.455078 0.352865 0.454102 0.351562 0.453125 0.347656 0.451172 0.345052 0.451172 0.343750 0.446289 0.339844 0.443359 0.339844 0.442383 0.338542 0.439453 0.338542 0.438477 0.339844 0.436523 0.339844 0.435547 0.341146
0 0.381836 0.398438 0.380859 0.398438 0.379883 0.397135 0.377930 0.397135 0.376953 0.395833 0.371094 0.395833 0.370117 0.397135 0.367188 0.397135 0.366211 0.398438 0.361328 0.398438 0.359375 0.401042 0.359375 0.403646 0.358398 0.404948 0.358398 0.408854 0.352539 0.416667 0.350586 0.416667 0.349609 0.417969 0.346680 0.419271 0.346680 0.433594 0.347656 0.434896 0.347656 0.438802 0.350586 0.444010 0.351562 0.444010 0.352539 0.445312 0.363281 0.445312 0.364258 0.446615 0.379883 0.446615 0.380859 0.445312 0.383789 0.445312 0.389648 0.438802 0.389648 0.437500 0.392578 0.432292 0.392578 0.425781 0.391602 0.424479 0.387695 0.412760 0.385742 0.410156 0.385742 0.408854 0.383789 0.404948 0.383789 0.402344 0.381836 0.399740
0 0.389648 0.386719 0.388672 0.388021 0.388672 0.389323 0.389648 0.390625 0.389648 0.393229 0.388672 0.394531 0.386719 0.394531 0.385742 0.395833 0.384766 0.395833 0.383789 0.397135 0.383789 0.398438 0.384766 0.399740 0.384766 0.402344 0.390625 0.416667 0.390625 0.419271 0.392578 0.421875 0.393555 0.425781 0.397461 0.429688 0.398438 0.429688 0.400391 0.432292 0.401367 0.432292 0.403320 0.434896 0.404297 0.434896 0.407227 0.437500 0.413086 0.437500 0.414062 0.436198 0.415039 0.436198 0.415039 0.434896 0.419922 0.428385 0.419922 0.427083 0.420898 0.425781 0.420898 0.416667 0.421875 0.415365 0.421875 0.411458 0.422852 0.410156 0.422852 0.406250 0.423828 0.404948 0.423828 0.401042 0.422852 0.399740 0.422852 0.398438 0.415039 0.389323 0.414062 0.389323 0.411133 0.386719 0.409180 0.386719 0.408203 0.385417 0.391602 0.385417 0.390625 0.386719
0 0.419922 0.432292 0.417969 0.434896 0.416992 0.434896 0.413086 0.440104 0.412109 0.440104 0.411133 0.441406 0.408203 0.440104 0.407227 0.441406 0.407227 0.444010 0.405273 0.447917 0.405273 0.464844 0.406250 0.466146 0.407227 0.470052 0.408203 0.470052 0.409180 0.471354 0.410156 0.471354 0.411133 0.472656 0.412109 0.472656 0.413086 0.473958 0.414062 0.473958 0.422852 0.480469 0.427734 0.481771 0.428711 0.480469 0.433594 0.477865 0.435547 0.475260 0.436523 0.475260 0.441406 0.468750 0.442383 0.468750 0.445312 0.464844 0.445312 0.449219 0.440430 0.442708 0.439453 0.442708 0.434570 0.437500 0.429688 0.436198 0.428711 0.434896 0.427734 0.434896 0.426758 0.433594 0.424805 0.433594 0.423828 0.432292
0 0.455078 0.385417 0.452148 0.385417 0.451172 0.386719 0.436523 0.386719 0.432617 0.390625 0.431641 0.390625 0.425781 0.398438 0.425781 0.407552 0.424805 0.408854 0.424805 0.412760 0.423828 0.414062 0.424805 0.415365 0.424805 0.416667 0.427734 0.420573 0.429688 0.427083 0.436523 0.436198 0.437500 0.436198 0.438477 0.437500 0.447266 0.437500 0.448242 0.436198 0.453125 0.436198 0.454102 0.434896 0.455078 0.434896 0.456055 0.433594 0.456055 0.432292 0.460938 0.425781 0.460938 0.424479 0.464844 0.419271 0.464844 0.417969 0.465820 0.416667 0.465820 0.408854 0.464844 0.407552 0.464844 0.402344 0.463867 0.401042 0.463867 0.398438 0.460938 0.394531 0.460938 0.393229 0.458984 0.390625 0.458984 0.389323
0 0.458984 0.385417 0.458984 0.388021 0.459961 0.389323 0.459961 0.390625 0.461914 0.393229 0.461914 0.394531 0.463867 0.397135 0.463867 0.398438 0.464844 0.399740 0.464844 0.402344 0.465820 0.403646 0.465820 0.417969 0.464844 0.419271 0.465820 0.423177 0.467773 0.423177 0.468750 0.424479 0.470703 0.424479 0.471680 0.423177 0.476562 0.423177 0.477539 0.421875 0.481445 0.421875 0.482422 0.420573 0.484375 0.420573 0.485352 0.419271 0.487305 0.419271 0.488281 0.417969 0.488281 0.416667 0.489258 0.415365 0.489258 0.408854 0.488281 0.407552 0.488281 0.404948 0.487305 0.403646 0.487305 0.402344 0.485352 0.398438 0.485352 0.395833 0.483398 0.393229 0.483398 0.391927 0.481445 0.389323 0.481445 0.388021 0.480469 0.388021 0.477539 0.385417 0.473633 0.385417 0.472656 0.384115 0.459961 0.384115
0 0.456055 0.440104 0.449219 0.440104 0.448242 0.441406 0.447266 0.441406 0.444336 0.445312 0.445312 0.446615 0.445312 0.449219 0.446289 0.450521 0.446289 0.463542 0.445312 0.464844 0.445312 0.466146 0.441406 0.471354 0.441406 0.472656 0.439453 0.475260 0.439453 0.479167 0.441406 0.481771 0.441406 0.483073 0.442383 0.484375 0.442383 0.486979 0.443359 0.486979 0.444336 0.488281 0.446289 0.488281 0.447266 0.489583 0.448242 0.488281 0.456055 0.488281 0.457031 0.486979 0.458008 0.486979 0.459961 0.484375 0.460938 0.484375 0.462891 0.481771 0.463867 0.481771 0.471680 0.471354 0.471680 0.468750 0.472656 0.467448 0.472656 0.462240 0.471680 0.460938 0.471680 0.457031 0.470703 0.455729 0.470703 0.454427 0.463867 0.445312 0.462891 0.445312 0.460938 0.442708 0.459961 0.442708 0.458984 0.441406 0.457031 0.441406
0 0.399414 0.481771 0.399414 0.492188 0.398438 0.493490 0.398438 0.507812 0.399414 0.509115 0.399414 0.511719 0.400391 0.513021 0.401367 0.513021 0.402344 0.514323 0.404297 0.514323 0.405273 0.515625 0.408203 0.515625 0.409180 0.516927 0.412109 0.516927 0.413086 0.518229 0.426758 0.518229 0.427734 0.516927 0.429688 0.516927 0.430664 0.515625 0.432617 0.515625 0.433594 0.514323 0.433594 0.511719 0.439453 0.498698 0.439453 0.484375 0.438477 0.483073 0.438477 0.480469 0.437500 0.479167 0.434570 0.477865 0.432617 0.480469 0.431641 0.480469 0.428711 0.483073 0.424805 0.483073 0.423828 0.481771 0.421875 0.481771 0.420898 0.480469 0.417969 0.480469 0.416992 0.479167 0.414062 0.479167 0.413086 0.477865 0.404297 0.477865 0.403320 0.479167 0.401367 0.479167
0 0.441406 0.488281 0.440430 0.489583 0.440430 0.498698 0.439453 0.500000 0.439453 0.501302 0.438477 0.502604 0.438477 0.503906 0.435547 0.507812 0.435547 0.510417 0.434570 0.511719 0.434570 0.514323 0.435547 0.515625 0.435547 0.519531 0.436523 0.520833 0.436523 0.522135 0.438477 0.522135 0.439453 0.523438 0.445312 0.523438 0.446289 0.524740 0.448242 0.524740 0.449219 0.523438 0.453125 0.523438 0.454102 0.522135 0.455078 0.522135 0.458984 0.516927 0.458984 0.515625 0.460938 0.513021 0.460938 0.509115 0.461914 0.507812 0.461914 0.502604 0.462891 0.501302 0.462891 0.494792 0.461914 0.493490 0.461914 0.490885 0.460938 0.489583 0.460938 0.488281 0.457031 0.488281 0.456055 0.489583 0.445312 0.489583 0.444336 0.488281
0 0.438477 0.533854 0.439453 0.533854 0.442383 0.536458 0.442383 0.541667 0.441406 0.542969 0.438477 0.542969 0.438477 0.550781 0.437500 0.552083 0.437500 0.571615 0.436523 0.572917 0.436523 0.574219 0.437500 0.575521 0.438477 0.579427 0.441406 0.582031 0.444336 0.582031 0.445312 0.583333 0.448242 0.583333 0.449219 0.584635 0.453125 0.584635 0.454102 0.585938 0.459961 0.585938 0.460938 0.584635 0.462891 0.584635 0.463867 0.583333 0.464844 0.583333 0.467773 0.579427 0.467773 0.578125 0.469727 0.574219 0.470703 0.567708 0.471680 0.566406 0.471680 0.563802 0.470703 0.562500 0.470703 0.559896 0.469727 0.558594 0.469727 0.552083 0.468750 0.550781 0.468750 0.549479 0.465820 0.545573 0.464844 0.545573 0.461914 0.542969 0.457031 0.541667 0.456055 0.540365 0.455078 0.540365 0.454102 0.539062 0.452148 0.539062 0.451172 0.537760 0.447266 0.537760 0.446289 0.536458 0.444336 0.536458 0.443359 0.535156 0.443359 0.533854
0 0.418945 0.575521 0.416016 0.579427 0.416016 0.583333 0.416992 0.584635 0.416992 0.592448 0.417969 0.593750 0.417969 0.596354 0.416992 0.597656 0.416992 0.601562 0.416016 0.602865 0.415039 0.606771 0.413086 0.609375 0.413086 0.611979 0.412109 0.613281 0.412109 0.617188 0.413086 0.618490 0.413086 0.619792 0.417969 0.626302 0.418945 0.626302 0.419922 0.627604 0.424805 0.627604 0.425781 0.628906 0.427734 0.628906 0.428711 0.627604 0.431641 0.627604 0.432617 0.626302 0.434570 0.626302 0.435547 0.625000 0.442383 0.621094 0.444336 0.618490 0.444336 0.617188 0.445312 0.615885 0.445312 0.605469 0.446289 0.604167 0.446289 0.600260 0.447266 0.598958 0.447266 0.595052 0.446289 0.593750 0.446289 0.592448 0.439453 0.583333 0.438477 0.583333 0.433594 0.579427 0.431641 0.579427 0.430664 0.578125 0.428711 0.578125 0.427734 0.576823 0.424805 0.576823 0.423828 0.575521
0 0.436523 0.630208 0.436523 0.631510 0.433594 0.635417 0.433594 0.638021 0.432617 0.639323 0.432617 0.641927 0.431641 0.643229 0.431641 0.645833 0.430664 0.647135 0.430664 0.648438 0.431641 0.649740 0.432617 0.653646 0.434570 0.656250 0.434570 0.657552 0.435547 0.658854 0.435547 0.662760 0.437500 0.665365 0.438477 0.665365 0.440430 0.667969 0.441406 0.667969 0.442383 0.669271 0.455078 0.669271 0.456055 0.667969 0.458984 0.667969 0.459961 0.666667 0.461914 0.666667 0.462891 0.665365 0.465820 0.664062 0.467773 0.661458 0.467773 0.660156 0.468750 0.658854 0.468750 0.649740 0.469727 0.648438 0.469727 0.641927 0.467773 0.638021 0.467773 0.635417 0.464844 0.631510 0.463867 0.631510 0.462891 0.630208 0.460938 0.630208 0.459961 0.628906 0.457031 0.628906 0.456055 0.627604 0.452148 0.627604 0.451172 0.626302 0.441406 0.626302 0.440430 0.627604 0.438477 0.627604
0 0.447266 0.677083 0.446289 0.678385 0.446289 0.684896 0.447266 0.686198 0.450195 0.682292 0.452148 0.684896 0.452148 0.694010 0.450195 0.696615 0.449219 0.695312 0.446289 0.695312 0.446289 0.696615 0.445312 0.697917 0.446289 0.701823 0.449219 0.705729 0.450195 0.705729 0.457031 0.710938 0.458984 0.710938 0.459961 0.712240 0.465820 0.712240 0.466797 0.713542 0.470703 0.713542 0.471680 0.714844 0.473633 0.714844 0.474609 0.713542 0.477539 0.712240 0.479492 0.709635 0.479492 0.708333 0.478516 0.707031 0.478516 0.700521 0.479492 0.699219 0.480469 0.695312 0.482422 0.692708 0.482422 0.691406 0.483398 0.690104 0.483398 0.687500 0.484375 0.686198 0.484375 0.683594 0.483398 0.682292 0.483398 0.678385 0.480469 0.674479 0.480469 0.673177 0.479492 0.671875 0.478516 0.671875 0.477539 0.670573 0.475586 0.670573 0.474609 0.669271 0.458984 0.669271 0.458008 0.670573 0.453125 0.671875 0.452148 0.673177 0.451172 0.673177 0.448242 0.677083
0 0.493164 0.667969 0.489258 0.673177 0.489258 0.674479 0.486328 0.679688 0.486328 0.687500 0.485352 0.688802 0.485352 0.696615 0.486328 0.697917 0.486328 0.705729 0.487305 0.707031 0.487305 0.708333 0.491211 0.713542 0.492188 0.713542 0.495117 0.716146 0.497070 0.716146 0.498047 0.717448 0.500977 0.717448 0.501953 0.718750 0.503906 0.718750 0.504883 0.720052 0.510742 0.720052 0.512695 0.717448 0.513672 0.717448 0.520508 0.712240 0.522461 0.712240 0.523438 0.710938 0.523438 0.708333 0.524414 0.707031 0.524414 0.690104 0.523438 0.688802 0.523438 0.684896 0.520508 0.680990 0.517578 0.680990 0.513672 0.677083 0.511719 0.677083 0.510742 0.675781 0.507812 0.674479 0.504883 0.670573 0.503906 0.670573 0.500977 0.667969
0 0.495117 0.615885 0.493164 0.615885 0.493164 0.617188 0.491211 0.619792 0.491211 0.621094 0.487305 0.626302 0.486328 0.626302 0.485352 0.627604 0.483398 0.627604 0.482422 0.628906 0.480469 0.628906 0.479492 0.630208 0.478516 0.630208 0.477539 0.631510 0.474609 0.632812 0.472656 0.635417 0.472656 0.636719 0.471680 0.638021 0.471680 0.640625 0.472656 0.641927 0.472656 0.649740 0.473633 0.651042 0.474609 0.654948 0.477539 0.658854 0.477539 0.660156 0.479492 0.662760 0.485352 0.662760 0.487305 0.665365 0.491211 0.665365 0.492188 0.664062 0.494141 0.664062 0.495117 0.662760 0.497070 0.662760 0.498047 0.661458 0.499023 0.661458 0.500977 0.658854 0.500977 0.657552 0.502930 0.653646 0.502930 0.651042 0.503906 0.649740 0.503906 0.648438 0.504883 0.647135 0.504883 0.644531 0.505859 0.643229 0.505859 0.628906 0.504883 0.627604 0.504883 0.626302 0.500000 0.619792 0.499023 0.619792 0.497070 0.617188 0.496094 0.617188
0 0.467773 0.583333 0.466797 0.584635 0.465820 0.584635 0.462891 0.588542 0.460938 0.588542 0.459961 0.589844 0.458984 0.589844 0.457031 0.592448 0.454102 0.593750 0.452148 0.596354 0.452148 0.597656 0.451172 0.598958 0.451172 0.601562 0.450195 0.602865 0.450195 0.606771 0.449219 0.608073 0.449219 0.613281 0.450195 0.614583 0.451172 0.618490 0.452148 0.619792 0.455078 0.621094 0.458008 0.625000 0.459961 0.625000 0.460938 0.626302 0.463867 0.626302 0.464844 0.627604 0.466797 0.627604 0.467773 0.628906 0.470703 0.628906 0.471680 0.630208 0.477539 0.630208 0.480469 0.627604 0.482422 0.627604 0.483398 0.626302 0.486328 0.625000 0.490234 0.619792 0.490234 0.618490 0.492188 0.615885 0.492188 0.613281 0.493164 0.611979 0.493164 0.609375 0.494141 0.608073 0.494141 0.602865 0.495117 0.601562 0.495117 0.600260 0.494141 0.598958 0.494141 0.589844 0.493164 0.588542 0.487305 0.588542 0.486328 0.587240 0.483398 0.587240 0.482422 0.585938 0.479492 0.585938 0.478516 0.584635 0.474609 0.584635 0.473633 0.583333
0 0.512695 0.630208 0.508789 0.635417 0.508789 0.641927 0.507812 0.643229 0.507812 0.647135 0.506836 0.648438 0.506836 0.649740 0.507812 0.651042 0.507812 0.654948 0.508789 0.656250 0.508789 0.664062 0.511719 0.665365 0.516602 0.671875 0.521484 0.674479 0.525391 0.679688 0.529297 0.679688 0.530273 0.678385 0.534180 0.678385 0.538086 0.673177 0.538086 0.671875 0.541016 0.665365 0.541016 0.662760 0.541992 0.661458 0.541992 0.658854 0.542969 0.657552 0.542969 0.643229 0.541992 0.641927 0.541992 0.640625 0.537109 0.634115 0.535156 0.634115 0.534180 0.632812 0.532227 0.632812 0.531250 0.631510 0.528320 0.631510 0.527344 0.630208 0.525391 0.630208 0.524414 0.628906 0.518555 0.628906 0.517578 0.627604 0.514648 0.630208
0 0.500000 0.606771 0.500000 0.610677 0.500977 0.611979 0.500977 0.613281 0.506836 0.621094 0.507812 0.621094 0.510742 0.623698 0.513672 0.623698 0.514648 0.625000 0.524414 0.625000 0.525391 0.623698 0.529297 0.623698 0.530273 0.622396 0.531250 0.622396 0.533203 0.619792 0.533203 0.618490 0.534180 0.617188 0.534180 0.614583 0.535156 0.613281 0.535156 0.605469 0.536133 0.604167 0.536133 0.596354 0.531250 0.591146 0.530273 0.591146 0.529297 0.589844 0.528320 0.589844 0.525391 0.587240 0.516602 0.587240 0.515625 0.588542 0.514648 0.588542 0.509766 0.595052 0.509766 0.596354 0.505859 0.601562 0.504883 0.601562
0 0.509766 0.567708 0.505859 0.567708 0.501953 0.574219 0.491211 0.574219 0.490234 0.572917 0.486328 0.572917 0.485352 0.574219 0.482422 0.574219 0.482422 0.575521 0.481445 0.576823 0.481445 0.580729 0.482422 0.582031 0.482422 0.583333 0.484375 0.585938 0.488281 0.585938 0.489258 0.587240 0.494141 0.587240 0.495117 0.588542 0.495117 0.589844 0.496094 0.591146 0.496094 0.602865 0.497070 0.604167 0.498047 0.604167 0.499023 0.602865 0.501953 0.601562 0.503906 0.598958 0.506836 0.597656 0.510742 0.592448 0.510742 0.591146 0.514648 0.585938 0.514648 0.579427 0.513672 0.578125 0.513672 0.576823 0.511719 0.572917 0.511719 0.570312
0 0.475586 0.522135 0.475586 0.523438 0.474609 0.524740 0.474609 0.527344 0.471680 0.531250 0.471680 0.533854 0.470703 0.535156 0.470703 0.539062 0.468750 0.542969 0.471680 0.549479 0.471680 0.555990 0.472656 0.557292 0.472656 0.559896 0.475586 0.565104 0.475586 0.566406 0.481445 0.571615 0.486328 0.571615 0.487305 0.572917 0.501953 0.572917 0.503906 0.570312 0.503906 0.569010 0.505859 0.565104 0.505859 0.555990 0.504883 0.554688 0.504883 0.542969 0.503906 0.541667 0.503906 0.537760 0.502930 0.536458 0.502930 0.533854 0.501953 0.532552 0.501953 0.529948 0.500977 0.528646 0.500977 0.527344 0.498047 0.523438 0.496094 0.523438 0.495117 0.522135
0 0.443359 0.235677 0.443359 0.238281 0.444336 0.239583 0.444336 0.256510 0.445312 0.257812 0.445312 0.261719 0.446289 0.263021 0.446289 0.264323 0.448242 0.266927 0.450195 0.266927 0.451172 0.268229 0.454102 0.268229 0.455078 0.269531 0.458984 0.269531 0.459961 0.270833 0.469727 0.270833 0.470703 0.269531 0.473633 0.269531 0.474609 0.268229 0.475586 0.268229 0.475586 0.266927 0.477539 0.264323 0.477539 0.260417 0.478516 0.259115 0.478516 0.240885 0.477539 0.239583 0.477539 0.236979 0.475586 0.234375 0.474609 0.234375 0.472656 0.231771 0.471680 0.231771 0.467773 0.226562 0.466797 0.226562 0.465820 0.225260 0.457031 0.225260 0.456055 0.226562 0.454102 0.226562 0.453125 0.227865 0.448242 0.230469
0 0.475586 0.235677 0.475586 0.236979 0.476562 0.238281 0.476562 0.242188 0.478516 0.246094 0.478516 0.247396 0.476562 0.251302 0.476562 0.252604 0.477539 0.253906 0.477539 0.259115 0.476562 0.260417 0.475586 0.264323 0.471680 0.269531 0.470703 0.269531 0.469727 0.270833 0.469727 0.272135 0.468750 0.273438 0.469727 0.274740 0.469727 0.278646 0.474609 0.282552 0.477539 0.282552 0.478516 0.283854 0.487305 0.283854 0.488281 0.282552 0.495117 0.282552 0.497070 0.279948 0.497070 0.278646 0.498047 0.277344 0.498047 0.263021 0.497070 0.261719 0.497070 0.255208 0.496094 0.253906 0.496094 0.251302 0.495117 0.250000 0.494141 0.246094 0.492188 0.243490 0.492188 0.242188 0.490234 0.239583 0.489258 0.239583 0.485352 0.234375 0.477539 0.234375 0.476562 0.235677
0 0.483398 0.286458 0.479492 0.286458 0.478516 0.287760 0.475586 0.287760 0.474609 0.289062 0.472656 0.289062 0.471680 0.290365 0.468750 0.291667 0.465820 0.295573 0.465820 0.296875 0.464844 0.298177 0.464844 0.300781 0.463867 0.302083 0.463867 0.305990 0.462891 0.307292 0.462891 0.312500 0.461914 0.313802 0.461914 0.315104 0.462891 0.316406 0.462891 0.319010 0.466797 0.324219 0.466797 0.325521 0.467773 0.326823 0.468750 0.330729 0.469727 0.330729 0.472656 0.333333 0.475586 0.333333 0.476562 0.334635 0.479492 0.334635 0.480469 0.333333 0.483398 0.333333 0.484375 0.332031 0.487305 0.332031 0.488281 0.330729 0.490234 0.330729 0.492188 0.328125 0.493164 0.328125 0.493164 0.326823 0.495117 0.322917 0.495117 0.312500 0.494141 0.311198 0.494141 0.309896 0.491211 0.307292 0.491211 0.305990 0.489258 0.302083 0.489258 0.292969 0.485352 0.287760 0.484375 0.287760
0 0.505859 0.268229 0.504883 0.269531 0.501953 0.270833 0.500977 0.272135 0.500977 0.273438 0.499023 0.276042 0.499023 0.279948 0.498047 0.281250 0.498047 0.283854 0.496094 0.287760 0.496094 0.292969 0.495117 0.294271 0.495117 0.296875 0.494141 0.298177 0.494141 0.304688 0.495117 0.304688 0.496094 0.305990 0.496094 0.308594 0.497070 0.309896 0.497070 0.311198 0.498047 0.312500 0.500000 0.312500 0.500977 0.313802 0.501953 0.313802 0.503906 0.311198 0.505859 0.311198 0.506836 0.312500 0.509766 0.312500 0.510742 0.313802 0.519531 0.313802 0.520508 0.312500 0.521484 0.312500 0.523438 0.309896 0.523438 0.308594 0.525391 0.304688 0.525391 0.302083 0.526367 0.300781 0.526367 0.287760 0.525391 0.286458 0.525391 0.283854 0.524414 0.282552 0.523438 0.278646 0.521484 0.276042 0.521484 0.274740 0.517578 0.268229 0.515625 0.268229 0.514648 0.266927 0.509766 0.266927 0.508789 0.268229
0 0.528320 0.312500 0.523438 0.312500 0.522461 0.313802 0.519531 0.313802 0.518555 0.315104 0.508789 0.315104 0.504883 0.320312 0.504883 0.321615 0.503906 0.322917 0.503906 0.325521 0.502930 0.326823 0.502930 0.341146 0.503906 0.342448 0.503906 0.343750 0.504883 0.345052 0.505859 0.348958 0.510742 0.354167 0.511719 0.354167 0.512695 0.355469 0.521484 0.355469 0.522461 0.354167 0.523438 0.354167 0.526367 0.350260 0.526367 0.348958 0.527344 0.347656 0.527344 0.343750 0.528320 0.342448 0.528320 0.335938 0.529297 0.334635 0.529297 0.326823 0.530273 0.325521 0.530273 0.316406
0 0.500977 0.346354 0.498047 0.342448 0.497070 0.342448 0.490234 0.337240 0.488281 0.337240 0.487305 0.335938 0.483398 0.335938 0.482422 0.337240 0.476562 0.337240 0.475586 0.338542 0.472656 0.338542 0.471680 0.339844 0.469727 0.339844 0.468750 0.341146 0.467773 0.341146 0.460938 0.351562 0.460938 0.356771 0.459961 0.358073 0.459961 0.365885 0.460938 0.367188 0.460938 0.373698 0.461914 0.375000 0.461914 0.377604 0.466797 0.381510 0.471680 0.381510 0.472656 0.380208 0.474609 0.380208 0.475586 0.381510 0.478516 0.381510 0.479492 0.382812 0.488281 0.382812 0.494141 0.376302 0.496094 0.369792 0.498047 0.367188 0.498047 0.365885 0.500977 0.359375
0 0.503906 0.359375 0.502930 0.360677 0.501953 0.360677 0.500000 0.363281 0.500000 0.364583 0.499023 0.365885 0.499023 0.367188 0.496094 0.373698 0.496094 0.376302 0.492188 0.382812 0.492188 0.386719 0.491211 0.388021 0.491211 0.394531 0.492188 0.395833 0.492188 0.402344 0.493164 0.403646 0.496094 0.403646 0.497070 0.404948 0.498047 0.403646 0.499023 0.403646 0.499023 0.402344 0.500000 0.401042 0.502930 0.401042 0.503906 0.402344 0.507812 0.402344 0.508789 0.403646 0.516602 0.403646 0.517578 0.402344 0.518555 0.402344 0.520508 0.399740 0.520508 0.398438 0.521484 0.397135 0.521484 0.393229 0.522461 0.391927 0.522461 0.389323 0.523438 0.388021 0.523438 0.372396 0.522461 0.371094 0.522461 0.365885 0.521484 0.364583 0.521484 0.363281 0.520508 0.363281 0.517578 0.360677 0.514648 0.360677 0.513672 0.359375
0 0.537109 0.329427 0.536133 0.330729 0.533203 0.332031 0.531250 0.334635 0.531250 0.335938 0.530273 0.337240 0.530273 0.341146 0.529297 0.342448 0.529297 0.345052 0.528320 0.346354 0.528320 0.348958 0.526367 0.352865 0.526367 0.355469 0.525391 0.356771 0.525391 0.359375 0.524414 0.360677 0.524414 0.361979 0.525391 0.363281 0.525391 0.365885 0.528320 0.369792 0.528320 0.371094 0.530273 0.375000 0.532227 0.375000 0.533203 0.376302 0.535156 0.376302 0.536133 0.377604 0.541992 0.377604 0.542969 0.378906 0.548828 0.378906 0.559570 0.361979 0.559570 0.360677 0.560547 0.359375 0.560547 0.348958 0.559570 0.347656 0.558594 0.343750 0.553711 0.337240 0.552734 0.337240 0.550781 0.334635 0.549805 0.334635 0.548828 0.333333 0.546875 0.333333 0.545898 0.332031 0.543945 0.332031 0.541016 0.329427
0 0.545898 0.381510 0.541992 0.381510 0.541016 0.380208 0.536133 0.380208 0.535156 0.381510 0.532227 0.381510 0.531250 0.382812 0.528320 0.382812 0.525391 0.386719 0.525391 0.389323 0.523438 0.393229 0.523438 0.395833 0.522461 0.397135 0.522461 0.399740 0.521484 0.401042 0.521484 0.402344 0.518555 0.406250 0.518555 0.410156 0.519531 0.411458 0.519531 0.412760 0.521484 0.415365 0.521484 0.416667 0.526367 0.423177 0.527344 0.423177 0.529297 0.425781 0.531250 0.425781 0.532227 0.427083 0.534180 0.427083 0.535156 0.425781 0.540039 0.425781 0.541016 0.424479 0.543945 0.424479 0.545898 0.421875 0.546875 0.421875 0.551758 0.415365 0.551758 0.414062 0.553711 0.411458 0.553711 0.410156 0.554688 0.408854 0.554688 0.402344 0.553711 0.401042 0.553711 0.397135 0.552734 0.395833 0.552734 0.388021 0.549805 0.384115 0.548828 0.384115
0 0.469727 0.428385 0.469727 0.436198 0.468750 0.437500 0.468750 0.445312 0.472656 0.451823 0.472656 0.454427 0.473633 0.455729 0.473633 0.457031 0.474609 0.458333 0.474609 0.459635 0.475586 0.460938 0.476562 0.464844 0.491211 0.464844 0.492188 0.466146 0.496094 0.466146 0.497070 0.464844 0.498047 0.464844 0.500000 0.462240 0.500977 0.462240 0.502930 0.459635 0.502930 0.458333 0.504883 0.454427 0.504883 0.451823 0.503906 0.450521 0.503906 0.444010 0.502930 0.442708 0.502930 0.440104 0.501953 0.438802 0.501953 0.434896 0.500977 0.433594 0.500977 0.432292 0.500000 0.430990 0.499023 0.427083 0.496094 0.423177 0.494141 0.423177 0.493164 0.421875 0.484375 0.421875 0.481445 0.424479 0.479492 0.424479 0.478516 0.425781 0.474609 0.425781 0.473633 0.427083 0.471680 0.427083 0.470703 0.428385
0 0.503906 0.423177 0.502930 0.424479 0.502930 0.433594 0.503906 0.434896 0.503906 0.438802 0.504883 0.440104 0.504883 0.450521 0.505859 0.451823 0.505859 0.460938 0.506836 0.462240 0.506836 0.463542 0.508789 0.466146 0.510742 0.466146 0.511719 0.467448 0.517578 0.467448 0.518555 0.466146 0.519531 0.466146 0.520508 0.464844 0.521484 0.464844 0.524414 0.462240 0.526367 0.462240 0.528320 0.459635 0.528320 0.458333 0.529297 0.457031 0.529297 0.454427 0.530273 0.453125 0.530273 0.449219 0.531250 0.447917 0.531250 0.437500 0.530273 0.436198 0.529297 0.432292 0.528320 0.432292 0.522461 0.424479 0.521484 0.424479 0.519531 0.421875 0.518555 0.421875 0.517578 0.420573 0.512695 0.420573 0.511719 0.421875 0.509766 0.421875 0.508789 0.423177
0 0.543945 0.428385 0.541992 0.430990 0.539062 0.432292 0.538086 0.433594 0.538086 0.434896 0.536133 0.437500 0.535156 0.437500 0.534180 0.438802 0.534180 0.442708 0.533203 0.444010 0.533203 0.460938 0.534180 0.462240 0.534180 0.463542 0.537109 0.463542 0.538086 0.464844 0.542969 0.464844 0.543945 0.466146 0.545898 0.466146 0.546875 0.467448 0.547852 0.467448 0.548828 0.468750 0.549805 0.468750 0.552734 0.471354 0.556641 0.471354 0.556641 0.470052 0.558594 0.467448 0.558594 0.466146 0.559570 0.464844 0.559570 0.463542 0.561523 0.459635 0.561523 0.455729 0.562500 0.454427 0.562500 0.449219 0.561523 0.447917 0.561523 0.442708 0.560547 0.441406 0.560547 0.436198 0.559570 0.434896 0.559570 0.433594 0.557617 0.430990 0.556641 0.430990 0.555664 0.429688 0.553711 0.429688 0.552734 0.428385
0 0.481445 0.475260 0.480469 0.476562 0.479492 0.476562 0.477539 0.479167 0.477539 0.488281 0.476562 0.489583 0.476562 0.497396 0.477539 0.498698 0.477539 0.500000 0.478516 0.501302 0.479492 0.505208 0.485352 0.513021 0.485352 0.514323 0.488281 0.518229 0.496094 0.518229 0.497070 0.516927 0.498047 0.516927 0.500000 0.514323 0.502930 0.513021 0.506836 0.506510 0.506836 0.502604 0.507812 0.501302 0.507812 0.496094 0.506836 0.494792 0.506836 0.490885 0.505859 0.489583 0.505859 0.488281 0.503906 0.484375 0.503906 0.481771 0.501953 0.479167 0.501953 0.476562 0.500977 0.475260 0.491211 0.475260 0.490234 0.473958 0.489258 0.473958 0.488281 0.475260
0 0.525391 0.466146 0.525391 0.467448 0.524414 0.468750 0.524414 0.471354 0.525391 0.472656 0.527344 0.472656 0.530273 0.475260 0.530273 0.476562 0.528320 0.479167 0.525391 0.479167 0.523438 0.481771 0.523438 0.483073 0.524414 0.484375 0.524414 0.486979 0.527344 0.490885 0.527344 0.492188 0.526367 0.493490 0.525391 0.493490 0.525391 0.494792 0.524414 0.496094 0.524414 0.497396 0.525391 0.498698 0.525391 0.501302 0.526367 0.502604 0.526367 0.506510 0.527344 0.507812 0.528320 0.507812 0.529297 0.509115 0.531250 0.509115 0.534180 0.511719 0.542969 0.511719 0.543945 0.510417 0.544922 0.510417 0.548828 0.505208 0.548828 0.503906 0.551758 0.500000 0.551758 0.498698 0.554688 0.494792 0.554688 0.493490 0.555664 0.492188 0.555664 0.489583 0.556641 0.488281 0.556641 0.483073 0.555664 0.481771 0.555664 0.479167 0.553711 0.476562 0.553711 0.475260 0.552734 0.473958 0.551758 0.473958 0.547852 0.468750 0.545898 0.468750 0.544922 0.467448 0.542969 0.467448 0.541992 0.466146 0.535156 0.466146 0.534180 0.464844 0.531250 0.464844 0.530273 0.466146
0 0.507812 0.510417 0.506836 0.511719 0.505859 0.511719 0.500977 0.518229 0.500977 0.528646 0.501953 0.529948 0.501953 0.531250 0.503906 0.535156 0.503906 0.537760 0.504883 0.539062 0.504883 0.542969 0.505859 0.544271 0.505859 0.554688 0.508789 0.557292 0.512695 0.557292 0.513672 0.555990 0.515625 0.555990 0.516602 0.554688 0.518555 0.554688 0.520508 0.552083 0.521484 0.552083 0.525391 0.546875 0.526367 0.546875 0.528320 0.544271 0.528320 0.541667 0.529297 0.540365 0.529297 0.536458 0.528320 0.535156 0.528320 0.531250 0.527344 0.529948 0.527344 0.527344 0.526367 0.526042 0.526367 0.523438 0.525391 0.522135 0.525391 0.520833 0.524414 0.519531 0.524414 0.518229 0.522461 0.514323 0.521484 0.514323 0.518555 0.511719 0.514648 0.511719 0.513672 0.510417
0 0.557617 0.498698 0.554688 0.498698 0.553711 0.500000 0.552734 0.500000 0.551758 0.503906 0.544922 0.513021 0.542969 0.513021 0.541992 0.514323 0.539062 0.514323 0.538086 0.515625 0.537109 0.515625 0.537109 0.516927 0.536133 0.518229 0.533203 0.518229 0.532227 0.519531 0.532227 0.520833 0.531250 0.522135 0.531250 0.526042 0.532227 0.527344 0.533203 0.531250 0.541016 0.542969 0.543945 0.542969 0.544922 0.544271 0.549805 0.544271 0.550781 0.542969 0.552734 0.542969 0.553711 0.541667 0.556641 0.541667 0.557617 0.540365 0.560547 0.539062 0.564453 0.533854 0.564453 0.532552 0.566406 0.529948 0.566406 0.528646 0.567383 0.527344 0.567383 0.524740 0.568359 0.523438 0.568359 0.518229 0.567383 0.516927 0.566406 0.513021 0.565430 0.513021 0.563477 0.510417 0.563477 0.509115 0.561523 0.506510 0.561523 0.505208
0 0.550781 0.546875 0.541992 0.546875 0.541016 0.548177 0.533203 0.548177 0.532227 0.549479 0.531250 0.548177 0.528320 0.548177 0.527344 0.549479 0.526367 0.549479 0.522461 0.554688 0.521484 0.554688 0.521484 0.557292 0.520508 0.558594 0.517578 0.559896 0.517578 0.567708 0.518555 0.569010 0.519531 0.572917 0.521484 0.575521 0.521484 0.576823 0.526367 0.583333 0.527344 0.583333 0.529297 0.585938 0.530273 0.585938 0.531250 0.587240 0.543945 0.587240 0.544922 0.585938 0.546875 0.585938 0.547852 0.584635 0.548828 0.584635 0.551758 0.580729 0.551758 0.579427 0.553711 0.576823 0.553711 0.575521 0.554688 0.574219 0.554688 0.570312 0.555664 0.569010 0.555664 0.558594 0.554688 0.557292 0.554688 0.553385 0.553711 0.552083 0.553711 0.550781
0 0.540039 0.595052 0.539062 0.596354 0.539062 0.597656 0.538086 0.598958 0.538086 0.601562 0.537109 0.602865 0.537109 0.608073 0.536133 0.609375 0.536133 0.617188 0.534180 0.621094 0.535156 0.625000 0.541992 0.632812 0.543945 0.632812 0.544922 0.634115 0.545898 0.634115 0.546875 0.635417 0.547852 0.635417 0.554688 0.640625 0.556641 0.640625 0.559570 0.643229 0.561523 0.643229 0.562500 0.641927 0.564453 0.641927 0.566406 0.639323 0.566406 0.638021 0.569336 0.634115 0.569336 0.632812 0.570312 0.631510 0.570312 0.628906 0.571289 0.627604 0.571289 0.611979 0.564453 0.602865 0.563477 0.602865 0.562500 0.601562 0.557617 0.598958 0.555664 0.596354 0.553711 0.596354 0.550781 0.593750 0.547852 0.593750 0.546875 0.592448 0.544922 0.592448 0.543945 0.593750 0.541992 0.593750 0.541016 0.595052
0 0.561523 0.647135 0.559570 0.648438 0.555664 0.653646 0.552734 0.653646 0.552734 0.656250 0.550781 0.658854 0.548828 0.658854 0.547852 0.660156 0.547852 0.662760 0.546875 0.664062 0.546875 0.669271 0.547852 0.670573 0.547852 0.677083 0.546875 0.678385 0.551758 0.683594 0.554688 0.684896 0.556641 0.688802 0.559570 0.690104 0.561523 0.692708 0.563477 0.692708 0.565430 0.695312 0.571289 0.699219 0.575195 0.699219 0.581055 0.695312 0.583984 0.691406 0.583984 0.688802 0.584961 0.687500 0.584961 0.669271 0.583984 0.667969 0.583984 0.662760 0.581055 0.658854 0.581055 0.657552 0.578125 0.656250 0.576172 0.653646 0.571289 0.653646 0.570312 0.654948 0.567383 0.654948 0.566406 0.656250 0.562500 0.656250 0.561523 0.654948 0.561523 0.652344 0.563477 0.649740 0.569336 0.649740 0.570312 0.648438 0.568359 0.647135
0 0.608398 0.664062 0.607422 0.664062 0.605469 0.661458 0.604492 0.661458 0.603516 0.660156 0.601562 0.660156 0.600586 0.658854 0.597656 0.658854 0.596680 0.660156 0.593750 0.660156 0.592773 0.661458 0.589844 0.661458 0.586914 0.664062 0.586914 0.669271 0.585938 0.670573 0.585938 0.686198 0.586914 0.687500 0.586914 0.690104 0.584961 0.694010 0.584961 0.695312 0.586914 0.697917 0.589844 0.697917 0.590820 0.699219 0.600586 0.699219 0.601562 0.697917 0.602539 0.697917 0.604492 0.695312 0.605469 0.695312 0.606445 0.694010 0.607422 0.694010 0.609375 0.691406 0.609375 0.688802 0.610352 0.687500 0.610352 0.671875 0.609375 0.670573 0.609375 0.666667 0.608398 0.665365
0 0.574219 0.615885 0.574219 0.617188 0.573242 0.618490 0.573242 0.623698 0.572266 0.625000 0.572266 0.630208 0.571289 0.631510 0.571289 0.635417 0.570312 0.636719 0.570312 0.641927 0.571289 0.643229 0.571289 0.644531 0.572266 0.644531 0.573242 0.645833 0.575195 0.645833 0.583984 0.657552 0.583984 0.658854 0.590820 0.658854 0.591797 0.657552 0.594727 0.657552 0.595703 0.656250 0.601562 0.656250 0.602539 0.654948 0.604492 0.654948 0.609375 0.651042 0.609375 0.644531 0.608398 0.643229 0.608398 0.638021 0.607422 0.636719 0.607422 0.634115 0.605469 0.630208 0.605469 0.627604 0.604492 0.626302 0.604492 0.625000 0.599609 0.618490 0.598633 0.618490 0.595703 0.615885 0.592773 0.615885 0.591797 0.614583 0.586914 0.614583 0.585938 0.613281 0.581055 0.613281 0.580078 0.611979 0.579102 0.611979 0.578125 0.613281 0.576172 0.613281
0 0.611328 0.635417 0.610352 0.636719 0.609375 0.636719 0.609375 0.644531 0.610352 0.645833 0.610352 0.649740 0.604492 0.657552 0.604492 0.658854 0.605469 0.658854 0.608398 0.662760 0.608398 0.664062 0.609375 0.665365 0.609375 0.666667 0.610352 0.667969 0.610352 0.669271 0.611328 0.670573 0.611328 0.671875 0.613281 0.671875 0.614258 0.673177 0.619141 0.673177 0.620117 0.671875 0.621094 0.671875 0.622070 0.670573 0.623047 0.670573 0.624023 0.669271 0.624023 0.667969 0.628906 0.661458 0.628906 0.660156 0.629883 0.658854 0.629883 0.653646 0.628906 0.652344 0.628906 0.648438 0.627930 0.647135 0.627930 0.645833 0.625977 0.643229 0.622070 0.643229 0.621094 0.641927 0.620117 0.641927 0.617188 0.638021 0.616211 0.638021 0.615234 0.636719 0.612305 0.636719
0 0.611328 0.595052 0.610352 0.596354 0.610352 0.598958 0.609375 0.600260 0.609375 0.601562 0.610352 0.602865 0.610352 0.604167 0.614258 0.604167 0.615234 0.605469 0.615234 0.606771 0.614258 0.608073 0.613281 0.608073 0.611328 0.610677 0.609375 0.617188 0.606445 0.621094 0.606445 0.622396 0.608398 0.626302 0.608398 0.630208 0.610352 0.634115 0.612305 0.634115 0.613281 0.635417 0.615234 0.635417 0.617188 0.638021 0.618164 0.638021 0.621094 0.641927 0.622070 0.641927 0.623047 0.643229 0.625977 0.643229 0.626953 0.641927 0.627930 0.641927 0.629883 0.639323 0.630859 0.639323 0.637695 0.630208 0.638672 0.630208 0.640625 0.627604 0.640625 0.626302 0.641602 0.625000 0.641602 0.614583 0.638672 0.608073 0.637695 0.608073 0.631836 0.601562 0.630859 0.601562 0.625977 0.597656 0.621094 0.597656 0.620117 0.596354 0.617188 0.596354 0.616211 0.595052
0 0.665039 0.622396 0.665039 0.623698 0.664062 0.625000 0.664062 0.627604 0.666016 0.630208 0.666016 0.632812 0.663086 0.636719 0.663086 0.639323 0.660156 0.643229 0.660156 0.644531 0.659180 0.645833 0.659180 0.651042 0.660156 0.652344 0.660156 0.654948 0.659180 0.656250 0.659180 0.657552 0.663086 0.662760 0.664062 0.662760 0.665039 0.664062 0.666016 0.664062 0.668945 0.666667 0.674805 0.666667 0.677734 0.662760 0.677734 0.661458 0.679688 0.658854 0.679688 0.657552 0.680664 0.656250 0.680664 0.654948 0.681641 0.653646 0.681641 0.652344 0.683594 0.648438 0.683594 0.645833 0.685547 0.641927 0.685547 0.636719 0.683594 0.634115 0.683594 0.632812 0.682617 0.631510 0.681641 0.627604 0.678711 0.623698 0.667969 0.623698 0.666992 0.622396
0 0.658203 0.667969 0.658203 0.670573 0.659180 0.671875 0.660156 0.675781 0.663086 0.678385 0.661133 0.680990 0.659180 0.680990 0.659180 0.682292 0.656250 0.688802 0.656250 0.692708 0.655273 0.694010 0.655273 0.695312 0.656250 0.696615 0.656250 0.701823 0.655273 0.703125 0.655273 0.704427 0.659180 0.709635 0.661133 0.709635 0.663086 0.712240 0.664062 0.712240 0.665039 0.713542 0.666992 0.713542 0.667969 0.712240 0.670898 0.712240 0.671875 0.710938 0.673828 0.710938 0.674805 0.709635 0.674805 0.708333 0.678711 0.703125 0.679688 0.703125 0.679688 0.701823 0.681641 0.699219 0.681641 0.697917 0.683594 0.694010 0.683594 0.687500 0.682617 0.686198 0.682617 0.682292 0.681641 0.680990 0.681641 0.678385 0.677734 0.673177 0.676758 0.673177 0.675781 0.671875 0.673828 0.671875 0.672852 0.670573 0.669922 0.670573 0.668945 0.669271 0.666992 0.669271 0.666016 0.667969 0.662109 0.667969 0.661133 0.669271 0.660156 0.667969
0 0.562500 0.563802 0.560547 0.567708 0.560547 0.576823 0.561523 0.578125 0.561523 0.585938 0.562500 0.587240 0.562500 0.589844 0.563477 0.591146 0.564453 0.591146 0.572266 0.601562 0.575195 0.601562 0.576172 0.602865 0.582031 0.602865 0.583008 0.604167 0.587891 0.601562 0.595703 0.592448 0.596680 0.588542 0.599609 0.584635 0.599609 0.583333 0.601562 0.579427 0.601562 0.575521 0.600586 0.574219 0.600586 0.572917 0.598633 0.570312 0.598633 0.569010 0.593750 0.562500 0.592773 0.562500 0.590820 0.559896 0.586914 0.559896 0.585938 0.558594 0.576172 0.558594 0.575195 0.559896 0.573242 0.559896 0.571289 0.562500 0.570312 0.562500 0.569336 0.563802
0 0.582031 0.515625 0.574219 0.515625 0.573242 0.516927 0.571289 0.516927 0.569336 0.519531 0.569336 0.522135 0.568359 0.523438 0.568359 0.527344 0.567383 0.528646 0.567383 0.529948 0.566406 0.531250 0.566406 0.532552 0.561523 0.539062 0.561523 0.546875 0.566406 0.553385 0.568359 0.553385 0.571289 0.555990 0.578125 0.555990 0.579102 0.554688 0.580078 0.554688 0.582031 0.552083 0.582031 0.550781 0.588867 0.541667 0.588867 0.540365 0.589844 0.539062 0.589844 0.536458 0.590820 0.535156 0.590820 0.526042 0.589844 0.524740 0.589844 0.523438 0.584961 0.516927 0.583008 0.516927
0 0.588867 0.473958 0.586914 0.476562 0.585938 0.476562 0.584961 0.477865 0.584961 0.480469 0.582031 0.484375 0.581055 0.484375 0.581055 0.485677 0.579102 0.488281 0.579102 0.492188 0.578125 0.493490 0.578125 0.497396 0.579102 0.498698 0.579102 0.501302 0.580078 0.502604 0.580078 0.503906 0.581055 0.505208 0.581055 0.506510 0.588867 0.516927 0.588867 0.518229 0.591797 0.522135 0.594727 0.522135 0.601562 0.513021 0.601562 0.511719 0.604492 0.507812 0.604492 0.506510 0.605469 0.505208 0.605469 0.502604 0.606445 0.501302 0.606445 0.498698 0.607422 0.497396 0.607422 0.496094 0.606445 0.494792 0.606445 0.492188 0.604492 0.489583 0.604492 0.488281 0.600586 0.483073 0.600586 0.481771 0.596680 0.476562 0.595703 0.476562 0.592773 0.473958
0 0.613281 0.503906 0.611328 0.506510 0.610352 0.506510 0.605469 0.513021 0.605469 0.514323 0.602539 0.518229 0.599609 0.519531 0.594727 0.526042 0.592773 0.533854 0.594727 0.537760 0.595703 0.537760 0.598633 0.540365 0.600586 0.540365 0.601562 0.541667 0.603516 0.541667 0.604492 0.542969 0.606445 0.542969 0.607422 0.544271 0.611328 0.544271 0.612305 0.545573 0.617188 0.545573 0.618164 0.544271 0.619141 0.544271 0.621094 0.541667 0.622070 0.541667 0.625000 0.537760 0.625977 0.533854 0.627930 0.531250 0.627930 0.529948 0.629883 0.526042 0.629883 0.516927 0.628906 0.515625 0.628906 0.514323 0.622070 0.505208 0.620117 0.505208 0.619141 0.503906
0 0.621094 0.548177 0.620117 0.549479 0.617188 0.549479 0.616211 0.550781 0.615234 0.550781 0.613281 0.553385 0.612305 0.553385 0.612305 0.559896 0.610352 0.562500 0.607422 0.563802 0.607422 0.565104 0.606445 0.566406 0.606445 0.571615 0.605469 0.572917 0.605469 0.576823 0.606445 0.578125 0.607422 0.582031 0.610352 0.585938 0.613281 0.587240 0.615234 0.589844 0.616211 0.589844 0.617188 0.591146 0.619141 0.591146 0.622070 0.593750 0.625000 0.593750 0.625977 0.595052 0.627930 0.592448 0.628906 0.592448 0.631836 0.588542 0.631836 0.587240 0.635742 0.580729 0.636719 0.576823 0.640625 0.571615 0.640625 0.566406 0.639648 0.565104 0.638672 0.561198 0.631836 0.552083 0.630859 0.552083 0.627930 0.549479 0.625977 0.549479 0.625000 0.548177
0 0.641602 0.570312 0.641602 0.571615 0.639648 0.574219 0.639648 0.575521 0.636719 0.579427 0.636719 0.580729 0.635742 0.582031 0.635742 0.583333 0.633789 0.585938 0.633789 0.587240 0.632812 0.588542 0.632812 0.591146 0.631836 0.592448 0.631836 0.596354 0.632812 0.597656 0.632812 0.598958 0.634766 0.601562 0.634766 0.602865 0.636719 0.605469 0.637695 0.605469 0.639648 0.608073 0.639648 0.609375 0.641602 0.611979 0.641602 0.613281 0.642578 0.614583 0.644531 0.614583 0.645508 0.615885 0.646484 0.615885 0.648438 0.613281 0.649414 0.613281 0.650391 0.611979 0.651367 0.611979 0.651367 0.610677 0.652344 0.609375 0.652344 0.608073 0.656250 0.602865 0.656250 0.601562 0.658203 0.597656 0.658203 0.593750 0.659180 0.592448 0.659180 0.582031 0.658203 0.580729 0.658203 0.579427 0.657227 0.579427 0.655273 0.576823 0.654297 0.576823 0.653320 0.575521 0.652344 0.575521 0.650391 0.572917 0.649414 0.572917 0.646484 0.570312
0 0.579102 0.424479 0.577148 0.428385 0.577148 0.430990 0.578125 0.432292 0.578125 0.434896 0.577148 0.436198 0.577148 0.438802 0.576172 0.440104 0.576172 0.441406 0.577148 0.442708 0.577148 0.447917 0.578125 0.449219 0.578125 0.454427 0.579102 0.455729 0.579102 0.457031 0.580078 0.458333 0.580078 0.459635 0.581055 0.460938 0.582031 0.464844 0.584961 0.467448 0.587891 0.467448 0.588867 0.468750 0.593750 0.468750 0.594727 0.467448 0.596680 0.467448 0.599609 0.463542 0.599609 0.462240 0.602539 0.458333 0.602539 0.455729 0.603516 0.454427 0.603516 0.437500 0.602539 0.436198 0.602539 0.434896 0.599609 0.430990 0.598633 0.430990 0.596680 0.428385 0.595703 0.428385 0.594727 0.427083 0.593750 0.427083 0.590820 0.424479
0 0.605469 0.454427 0.604492 0.455729 0.604492 0.457031 0.603516 0.458333 0.602539 0.462240 0.598633 0.467448 0.598633 0.468750 0.597656 0.470052 0.597656 0.473958 0.598633 0.475260 0.598633 0.476562 0.601562 0.480469 0.601562 0.481771 0.607422 0.489583 0.608398 0.493490 0.614258 0.501302 0.617188 0.501302 0.618164 0.502604 0.619141 0.502604 0.620117 0.501302 0.622070 0.501302 0.626953 0.494792 0.626953 0.493490 0.628906 0.489583 0.628906 0.484375 0.629883 0.483073 0.629883 0.472656 0.628906 0.471354 0.627930 0.467448 0.622070 0.459635 0.621094 0.459635 0.619141 0.457031 0.617188 0.457031 0.616211 0.455729 0.614258 0.455729 0.613281 0.454427
0 0.600586 0.359375 0.598633 0.359375 0.597656 0.358073 0.589844 0.358073 0.586914 0.360677 0.581055 0.360677 0.580078 0.361979 0.579102 0.361979 0.579102 0.363281 0.575195 0.368490 0.575195 0.369792 0.573242 0.373698 0.573242 0.382812 0.575195 0.386719 0.575195 0.389323 0.578125 0.393229 0.578125 0.394531 0.579102 0.395833 0.579102 0.399740 0.580078 0.401042 0.580078 0.403646 0.581055 0.403646 0.582031 0.404948 0.584961 0.404948 0.585938 0.403646 0.590820 0.403646 0.592773 0.401042 0.593750 0.401042 0.602539 0.389323 0.602539 0.388021 0.605469 0.381510 0.605469 0.371094 0.604492 0.369792 0.604492 0.367188 0.603516 0.365885 0.603516 0.364583 0.601562 0.361979 0.601562 0.360677
0 0.603516 0.389323 0.597656 0.397135 0.597656 0.398438 0.591797 0.406250 0.591797 0.407552 0.590820 0.408854 0.590820 0.414062 0.591797 0.415365 0.591797 0.416667 0.599609 0.427083 0.600586 0.427083 0.601562 0.428385 0.601562 0.429688 0.603516 0.432292 0.604492 0.432292 0.605469 0.433594 0.607422 0.433594 0.608398 0.432292 0.609375 0.432292 0.615234 0.424479 0.615234 0.421875 0.616211 0.420573 0.616211 0.417969 0.617188 0.416667 0.617188 0.412760 0.618164 0.411458 0.618164 0.399740 0.617188 0.398438 0.617188 0.397135 0.615234 0.394531 0.614258 0.394531 0.613281 0.393229 0.612305 0.393229 0.609375 0.390625 0.607422 0.390625 0.606445 0.389323
0 0.536133 0.187500 0.535156 0.188802 0.534180 0.188802 0.532227 0.192708 0.532227 0.203125 0.531250 0.204427 0.531250 0.207031 0.530273 0.208333 0.530273 0.214844 0.529297 0.216146 0.529297 0.218750 0.528320 0.220052 0.528320 0.221354 0.529297 0.222656 0.529297 0.226562 0.530273 0.227865 0.530273 0.229167 0.532227 0.231771 0.533203 0.231771 0.534180 0.233073 0.536133 0.233073 0.537109 0.234375 0.537109 0.235677 0.538086 0.236979 0.538086 0.242188 0.539062 0.243490 0.541992 0.243490 0.543945 0.240885 0.544922 0.240885 0.547852 0.236979 0.548828 0.236979 0.552734 0.231771 0.552734 0.230469 0.556641 0.225260 0.556641 0.223958 0.559570 0.220052 0.559570 0.218750 0.558594 0.217448 0.558594 0.209635 0.557617 0.208333 0.557617 0.204427 0.556641 0.203125 0.556641 0.200521 0.554688 0.197917 0.554688 0.196615 0.551758 0.192708 0.550781 0.192708 0.548828 0.190104 0.547852 0.190104 0.546875 0.188802 0.544922 0.188802 0.543945 0.187500
0 0.564453 0.252604 0.562500 0.252604 0.561523 0.251302 0.559570 0.251302 0.558594 0.252604 0.555664 0.252604 0.554688 0.256510 0.549805 0.263021 0.549805 0.264323 0.547852 0.268229 0.547852 0.270833 0.546875 0.272135 0.546875 0.279948 0.545898 0.281250 0.545898 0.285156 0.546875 0.286458 0.546875 0.300781 0.545898 0.302083 0.545898 0.304688 0.547852 0.307292 0.552734 0.307292 0.553711 0.305990 0.558594 0.305990 0.559570 0.304688 0.560547 0.304688 0.562500 0.302083 0.568359 0.299479 0.570312 0.296875 0.571289 0.296875 0.572266 0.295573 0.572266 0.294271 0.578125 0.285156 0.578125 0.277344 0.575195 0.273438 0.575195 0.272135 0.573242 0.269531 0.573242 0.268229 0.572266 0.266927 0.572266 0.265625 0.570312 0.263021 0.570312 0.261719 0.564453 0.253906
0 0.562500 0.218750 0.561523 0.220052 0.560547 0.223958 0.556641 0.230469 0.556641 0.235677 0.558594 0.238281 0.558594 0.239583 0.559570 0.240885 0.559570 0.246094 0.560547 0.247396 0.560547 0.248698 0.562500 0.251302 0.564453 0.251302 0.568359 0.256510 0.568359 0.257812 0.569336 0.257812 0.571289 0.260417 0.576172 0.260417 0.577148 0.261719 0.582031 0.261719 0.583008 0.263021 0.583984 0.263021 0.584961 0.261719 0.587891 0.261719 0.590820 0.257812 0.590820 0.256510 0.592773 0.253906 0.592773 0.252604 0.593750 0.251302 0.593750 0.238281 0.592773 0.236979 0.591797 0.233073 0.579102 0.217448 0.577148 0.217448 0.576172 0.216146 0.574219 0.216146 0.573242 0.217448 0.564453 0.217448 0.563477 0.218750
0 0.583984 0.216146 0.583984 0.218750 0.583008 0.220052 0.588867 0.227865 0.589844 0.227865 0.592773 0.231771 0.592773 0.233073 0.594727 0.236979 0.594727 0.239583 0.595703 0.240885 0.596680 0.244792 0.597656 0.246094 0.598633 0.246094 0.601562 0.250000 0.607422 0.250000 0.608398 0.251302 0.610352 0.251302 0.611328 0.252604 0.615234 0.252604 0.617188 0.250000 0.618164 0.250000 0.618164 0.248698 0.621094 0.242188 0.621094 0.226562 0.620117 0.225260 0.620117 0.222656 0.613281 0.213542 0.612305 0.213542 0.610352 0.210938 0.607422 0.210938 0.606445 0.209635 0.601562 0.209635 0.600586 0.208333 0.594727 0.208333 0.593750 0.209635 0.591797 0.209635 0.590820 0.210938 0.589844 0.210938 0.587891 0.213542 0.585938 0.213542
0 0.593750 0.255208 0.588867 0.261719 0.588867 0.263021 0.586914 0.265625 0.586914 0.273438 0.587891 0.274740 0.589844 0.272135 0.590820 0.272135 0.593750 0.276042 0.593750 0.277344 0.595703 0.279948 0.599609 0.279948 0.600586 0.281250 0.603516 0.282552 0.607422 0.287760 0.607422 0.290365 0.608398 0.291667 0.608398 0.292969 0.611328 0.295573 0.612305 0.294271 0.615234 0.294271 0.617188 0.291667 0.618164 0.291667 0.622070 0.286458 0.622070 0.285156 0.623047 0.283854 0.623047 0.277344 0.622070 0.276042 0.622070 0.270833 0.621094 0.269531 0.621094 0.268229 0.619141 0.265625 0.619141 0.264323 0.617188 0.261719 0.617188 0.260417 0.612305 0.253906 0.611328 0.253906 0.610352 0.252604 0.608398 0.252604 0.607422 0.251302 0.601562 0.251302 0.600586 0.252604 0.597656 0.252604 0.596680 0.253906
0 0.599609 0.279948 0.598633 0.279948 0.595703 0.282552 0.590820 0.283854 0.588867 0.286458 0.586914 0.286458 0.585938 0.287760 0.579102 0.287760 0.579102 0.289062 0.577148 0.292969 0.577148 0.295573 0.578125 0.296875 0.579102 0.300781 0.582031 0.303385 0.580078 0.307292 0.580078 0.311198 0.581055 0.312500 0.581055 0.321615 0.582031 0.322917 0.582031 0.326823 0.581055 0.328125 0.581055 0.329427 0.585938 0.333333 0.587891 0.333333 0.588867 0.332031 0.594727 0.332031 0.595703 0.330729 0.604492 0.330729 0.605469 0.329427 0.608398 0.328125 0.609375 0.326823 0.609375 0.325521 0.616211 0.315104 0.616211 0.307292 0.615234 0.305990 0.615234 0.303385 0.613281 0.300781 0.612305 0.296875 0.608398 0.292969 0.606445 0.286458 0.603516 0.282552 0.602539 0.282552
0 0.626953 0.279948 0.623047 0.279948 0.623047 0.282552 0.622070 0.283854 0.622070 0.285156 0.621094 0.286458 0.621094 0.287760 0.618164 0.291667 0.617188 0.291667 0.616211 0.292969 0.615234 0.292969 0.614258 0.294271 0.613281 0.294271 0.613281 0.299479 0.614258 0.300781 0.614258 0.302083 0.616211 0.305990 0.616211 0.308594 0.617188 0.309896 0.617188 0.311198 0.616211 0.312500 0.616211 0.315104 0.614258 0.317708 0.614258 0.320312 0.613281 0.321615 0.613281 0.322917 0.611328 0.325521 0.613281 0.325521 0.614258 0.326823 0.616211 0.324219 0.618164 0.324219 0.619141 0.322917 0.623047 0.322917 0.624023 0.321615 0.625000 0.321615 0.625977 0.320312 0.626953 0.320312 0.630859 0.315104 0.630859 0.311198 0.631836 0.309896 0.631836 0.308594 0.630859 0.307292 0.630859 0.296875 0.629883 0.295573 0.629883 0.291667 0.628906 0.290365 0.628906 0.285156 0.627930 0.283854 0.627930 0.281250
0 0.612305 0.335938 0.609375 0.332031 0.608398 0.332031 0.607422 0.330729 0.605469 0.330729 0.604492 0.332031 0.600586 0.332031 0.599609 0.333333 0.596680 0.333333 0.595703 0.334635 0.590820 0.334635 0.589844 0.335938 0.585938 0.335938 0.584961 0.337240 0.583984 0.337240 0.582031 0.339844 0.582031 0.342448 0.583008 0.343750 0.583008 0.345052 0.583984 0.346354 0.583984 0.347656 0.584961 0.348958 0.584961 0.350260 0.585938 0.351562 0.585938 0.355469 0.586914 0.356771 0.589844 0.356771 0.590820 0.358073 0.591797 0.358073 0.592773 0.356771 0.596680 0.356771 0.597656 0.358073 0.602539 0.358073 0.606445 0.352865 0.606445 0.351562 0.612305 0.343750
0 0.631836 0.307292 0.630859 0.307292 0.630859 0.308594 0.629883 0.309896 0.629883 0.311198 0.628906 0.312500 0.628906 0.313802 0.627930 0.315104 0.627930 0.316406 0.625000 0.320312 0.624023 0.320312 0.623047 0.321615 0.614258 0.321615 0.614258 0.322917 0.612305 0.325521 0.612305 0.329427 0.613281 0.330729 0.613281 0.332031 0.616211 0.335938 0.616211 0.337240 0.617188 0.338542 0.617188 0.339844 0.619141 0.342448 0.620117 0.342448 0.621094 0.343750 0.624023 0.343750 0.626953 0.346354 0.628906 0.346354 0.630859 0.348958 0.636719 0.341146 0.636719 0.339844 0.637695 0.338542 0.637695 0.335938 0.638672 0.334635 0.638672 0.332031 0.639648 0.330729 0.639648 0.322917 0.638672 0.321615 0.638672 0.315104 0.637695 0.313802 0.637695 0.312500 0.634766 0.308594 0.632812 0.308594
0 0.616211 0.345052 0.615234 0.346354 0.613281 0.346354 0.609375 0.351562 0.608398 0.351562 0.608398 0.352865 0.606445 0.355469 0.606445 0.356771 0.604492 0.360677 0.605469 0.361979 0.605469 0.363281 0.607422 0.367188 0.607422 0.369792 0.608398 0.371094 0.608398 0.375000 0.607422 0.376302 0.607422 0.382812 0.608398 0.382812 0.610352 0.380208 0.612305 0.382812 0.612305 0.384115 0.614258 0.388021 0.615234 0.388021 0.617188 0.390625 0.622070 0.390625 0.624023 0.388021 0.625000 0.388021 0.629883 0.381510 0.629883 0.380208 0.631836 0.377604 0.632812 0.373698 0.634766 0.371094 0.634766 0.360677 0.633789 0.359375 0.633789 0.358073 0.631836 0.355469 0.631836 0.354167 0.625977 0.346354 0.625000 0.346354 0.624023 0.345052
0 0.638672 0.369792 0.637695 0.371094 0.636719 0.371094 0.634766 0.373698 0.634766 0.376302 0.633789 0.377604 0.633789 0.380208 0.632812 0.381510 0.632812 0.386719 0.634766 0.389323 0.634766 0.391927 0.635742 0.393229 0.636719 0.397135 0.638672 0.399740 0.638672 0.402344 0.639648 0.403646 0.639648 0.407552 0.640625 0.408854 0.640625 0.410156 0.643555 0.414062 0.646484 0.414062 0.647461 0.415365 0.651367 0.415365 0.652344 0.414062 0.653320 0.414062 0.658203 0.407552 0.658203 0.406250 0.662109 0.401042 0.662109 0.397135 0.663086 0.395833 0.663086 0.390625 0.662109 0.389323 0.662109 0.384115 0.661133 0.382812 0.661133 0.381510 0.660156 0.380208 0.659180 0.376302 0.658203 0.375000 0.657227 0.375000 0.655273 0.372396 0.654297 0.372396 0.651367 0.369792 0.649414 0.369792 0.648438 0.368490 0.643555 0.368490 0.642578 0.369792
0 0.618164 0.423177 0.618164 0.427083 0.617188 0.428385 0.617188 0.430990 0.618164 0.432292 0.618164 0.437500 0.619141 0.438802 0.619141 0.445312 0.620117 0.445312 0.623047 0.449219 0.624023 0.455729 0.626953 0.459635 0.629883 0.459635 0.631836 0.462240 0.634766 0.462240 0.635742 0.463542 0.641602 0.463542 0.645508 0.459635 0.646484 0.459635 0.648438 0.457031 0.651367 0.455729 0.654297 0.451823 0.655273 0.451823 0.658203 0.447917 0.659180 0.447917 0.661133 0.444010 0.660156 0.442708 0.660156 0.438802 0.659180 0.437500 0.657227 0.430990 0.649414 0.420573 0.646484 0.420573 0.645508 0.419271 0.642578 0.419271 0.641602 0.417969 0.633789 0.417969 0.632812 0.416667 0.625977 0.416667 0.625000 0.417969 0.623047 0.417969 0.622070 0.419271 0.619141 0.420573 0.619141 0.421875
0 0.632812 0.471354 0.632812 0.472656 0.631836 0.473958 0.631836 0.476562 0.630859 0.477865 0.630859 0.483073 0.629883 0.484375 0.629883 0.489583 0.628906 0.490885 0.628906 0.494792 0.627930 0.496094 0.627930 0.500000 0.626953 0.501302 0.626953 0.506510 0.627930 0.507812 0.628906 0.507812 0.631836 0.511719 0.631836 0.513021 0.634766 0.515625 0.638672 0.515625 0.639648 0.514323 0.642578 0.514323 0.643555 0.513021 0.648438 0.513021 0.649414 0.511719 0.650391 0.511719 0.651367 0.510417 0.651367 0.509115 0.653320 0.505208 0.653320 0.502604 0.654297 0.501302 0.654297 0.496094 0.656250 0.492188 0.656250 0.486979 0.652344 0.481771 0.652344 0.480469 0.647461 0.475260 0.646484 0.475260 0.643555 0.472656 0.641602 0.472656 0.638672 0.470052 0.635742 0.470052 0.634766 0.471354
0 0.641602 0.514323 0.640625 0.515625 0.637695 0.515625 0.636719 0.516927 0.635742 0.516927 0.632812 0.520833 0.632812 0.522135 0.631836 0.523438 0.631836 0.526042 0.630859 0.527344 0.630859 0.529948 0.629883 0.531250 0.629883 0.532552 0.627930 0.536458 0.627930 0.539062 0.626953 0.540365 0.626953 0.542969 0.627930 0.544271 0.628906 0.544271 0.633789 0.550781 0.636719 0.550781 0.637695 0.552083 0.644531 0.552083 0.645508 0.553385 0.646484 0.553385 0.647461 0.552083 0.649414 0.552083 0.651367 0.549479 0.651367 0.548177 0.653320 0.545573 0.653320 0.544271 0.654297 0.542969 0.654297 0.541667 0.656250 0.537760 0.656250 0.529948 0.655273 0.528646 0.655273 0.527344 0.654297 0.526042 0.654297 0.524740 0.652344 0.522135 0.652344 0.520833 0.649414 0.516927 0.649414 0.515625 0.648438 0.514323
0 0.660156 0.535156 0.656250 0.541667 0.656250 0.542969 0.655273 0.544271 0.653320 0.550781 0.650391 0.554688 0.650391 0.558594 0.652344 0.561198 0.652344 0.563802 0.653320 0.565104 0.653320 0.566406 0.657227 0.575521 0.658203 0.575521 0.660156 0.578125 0.661133 0.578125 0.664062 0.580729 0.666992 0.580729 0.667969 0.582031 0.676758 0.582031 0.679688 0.578125 0.680664 0.578125 0.687500 0.569010 0.687500 0.567708 0.689453 0.565104 0.689453 0.557292 0.688477 0.555990 0.688477 0.553385 0.687500 0.552083 0.687500 0.549479 0.681641 0.541667 0.680664 0.541667 0.677734 0.539062 0.675781 0.539062 0.674805 0.537760 0.670898 0.537760 0.669922 0.536458 0.664062 0.536458 0.663086 0.535156
0 0.675781 0.584635 0.673828 0.587240 0.673828 0.589844 0.672852 0.591146 0.672852 0.601562 0.673828 0.602865 0.673828 0.605469 0.674805 0.606771 0.674805 0.611979 0.680664 0.619792 0.681641 0.619792 0.683594 0.622396 0.685547 0.622396 0.688477 0.625000 0.693359 0.625000 0.694336 0.623698 0.697266 0.622396 0.701172 0.617188 0.701172 0.606771 0.702148 0.605469 0.702148 0.601562 0.703125 0.600260 0.703125 0.596354 0.702148 0.595052 0.702148 0.593750 0.701172 0.592448 0.700195 0.592448 0.697266 0.588542 0.694336 0.587240 0.691406 0.583333 0.689453 0.583333 0.688477 0.582031 0.687500 0.583333 0.684570 0.583333 0.683594 0.582031 0.680664 0.582031 0.677734 0.584635
0 0.704102 0.623698 0.702148 0.623698 0.701172 0.622396 0.700195 0.622396 0.699219 0.623698 0.696289 0.623698 0.695312 0.625000 0.694336 0.625000 0.693359 0.626302 0.692383 0.626302 0.691406 0.627604 0.690430 0.627604 0.687500 0.631510 0.687500 0.632812 0.686523 0.634115 0.686523 0.643229 0.685547 0.644531 0.685547 0.647135 0.684570 0.648438 0.684570 0.651042 0.683594 0.652344 0.683594 0.657552 0.685547 0.660156 0.686523 0.660156 0.687500 0.661458 0.689453 0.661458 0.690430 0.662760 0.695312 0.662760 0.696289 0.661458 0.698242 0.661458 0.701172 0.658854 0.703125 0.658854 0.704102 0.657552 0.706055 0.657552 0.708984 0.654948 0.708984 0.649740 0.709961 0.648438 0.709961 0.638021 0.708984 0.636719 0.708984 0.634115 0.708008 0.632812 0.708008 0.631510 0.705078 0.627604 0.705078 0.626302 0.704102 0.625000
0 0.700195 0.661458 0.697266 0.665365 0.697266 0.666667 0.696289 0.667969 0.696289 0.669271 0.697266 0.670573 0.699219 0.670573 0.702148 0.674479 0.701172 0.675781 0.701172 0.682292 0.700195 0.683594 0.700195 0.684896 0.701172 0.686198 0.701172 0.690104 0.699219 0.692708 0.699219 0.696615 0.698242 0.697917 0.698242 0.700521 0.699219 0.700521 0.702148 0.704427 0.713867 0.704427 0.714844 0.703125 0.715820 0.703125 0.718750 0.699219 0.718750 0.695312 0.719727 0.694010 0.719727 0.673177 0.718750 0.671875 0.718750 0.666667 0.716797 0.662760 0.715820 0.662760 0.712891 0.660156 0.704102 0.660156 0.703125 0.661458
0 0.721680 0.661458 0.720703 0.662760 0.718750 0.662760 0.718750 0.665365 0.719727 0.666667 0.719727 0.696615 0.718750 0.697917 0.718750 0.705729 0.719727 0.707031 0.728516 0.707031 0.730469 0.704427 0.731445 0.704427 0.734375 0.700521 0.734375 0.699219 0.735352 0.697917 0.735352 0.695312 0.736328 0.694010 0.736328 0.692708 0.738281 0.688802 0.738281 0.673177 0.737305 0.671875 0.736328 0.671875 0.735352 0.670573 0.734375 0.670573 0.733398 0.669271 0.732422 0.669271 0.728516 0.664062 0.727539 0.664062 0.724609 0.661458
0 0.728516 0.615885 0.720703 0.615885 0.718750 0.618490 0.717773 0.618490 0.715820 0.621094 0.714844 0.621094 0.713867 0.622396 0.712891 0.622396 0.710938 0.626302 0.710938 0.630208 0.709961 0.631510 0.709961 0.638021 0.710938 0.639323 0.710938 0.644531 0.711914 0.645833 0.711914 0.648438 0.714844 0.652344 0.715820 0.652344 0.718750 0.654948 0.722656 0.654948 0.723633 0.656250 0.724609 0.654948 0.725586 0.654948 0.731445 0.647135 0.731445 0.644531 0.732422 0.643229 0.732422 0.641927 0.734375 0.638021 0.734375 0.630208 0.733398 0.628906 0.733398 0.625000 0.732422 0.623698 0.732422 0.621094 0.730469 0.618490 0.730469 0.617188 0.729492 0.617188
0 0.720703 0.585938 0.719727 0.585938 0.718750 0.587240 0.717773 0.587240 0.716797 0.588542 0.713867 0.588542 0.712891 0.587240 0.707031 0.587240 0.706055 0.588542 0.706055 0.589844 0.705078 0.591146 0.705078 0.592448 0.704102 0.593750 0.704102 0.601562 0.703125 0.602865 0.703125 0.608073 0.702148 0.609375 0.702148 0.617188 0.704102 0.619792 0.705078 0.619792 0.706055 0.621094 0.707031 0.621094 0.708008 0.622396 0.711914 0.622396 0.713867 0.619792 0.714844 0.619792 0.715820 0.618490 0.716797 0.618490 0.720703 0.613281 0.720703 0.611979 0.721680 0.610677 0.721680 0.609375 0.722656 0.608073 0.722656 0.605469 0.723633 0.604167 0.723633 0.591146 0.721680 0.588542 0.721680 0.587240
0 0.691406 0.548177 0.690430 0.549479 0.690430 0.554688 0.691406 0.555990 0.691406 0.565104 0.690430 0.566406 0.690430 0.571615 0.691406 0.572917 0.691406 0.574219 0.694336 0.578125 0.695312 0.578125 0.697266 0.580729 0.698242 0.580729 0.699219 0.582031 0.702148 0.582031 0.703125 0.583333 0.704102 0.583333 0.707031 0.585938 0.710938 0.585938 0.711914 0.587240 0.719727 0.587240 0.720703 0.585938 0.720703 0.579427 0.719727 0.578125 0.719727 0.574219 0.720703 0.572917 0.720703 0.566406 0.721680 0.565104 0.721680 0.558594 0.716797 0.552083 0.715820 0.552083 0.713867 0.549479 0.712891 0.549479 0.709961 0.546875 0.693359 0.546875 0.692383 0.548177
0 0.708984 0.501302 0.704102 0.501302 0.704102 0.502604 0.696289 0.513021 0.695312 0.513021 0.694336 0.514323 0.694336 0.516927 0.693359 0.518229 0.693359 0.519531 0.691406 0.523438 0.691406 0.526042 0.690430 0.527344 0.692383 0.531250 0.692383 0.533854 0.694336 0.537760 0.694336 0.540365 0.697266 0.542969 0.708984 0.542969 0.713867 0.536458 0.713867 0.535156 0.715820 0.532552 0.715820 0.529948 0.717773 0.526042 0.717773 0.516927 0.716797 0.515625 0.716797 0.511719 0.715820 0.510417 0.715820 0.509115 0.714844 0.507812 0.714844 0.506510 0.712891 0.503906 0.711914 0.503906
0 0.672852 0.470052 0.672852 0.472656 0.673828 0.473958 0.677734 0.473958 0.678711 0.475260 0.678711 0.476562 0.677734 0.477865 0.675781 0.477865 0.674805 0.479167 0.673828 0.479167 0.673828 0.480469 0.672852 0.481771 0.672852 0.507812 0.673828 0.509115 0.676758 0.509115 0.678711 0.511719 0.679688 0.511719 0.682617 0.514323 0.687500 0.514323 0.688477 0.513021 0.691406 0.513021 0.692383 0.511719 0.697266 0.509115 0.699219 0.506510 0.700195 0.506510 0.701172 0.505208 0.701172 0.503906 0.703125 0.501302 0.703125 0.498698 0.704102 0.497396 0.704102 0.490885 0.703125 0.489583 0.703125 0.485677 0.702148 0.484375 0.702148 0.483073 0.697266 0.476562 0.694336 0.475260 0.692383 0.472656 0.690430 0.472656 0.689453 0.471354 0.688477 0.471354 0.687500 0.470052 0.685547 0.470052 0.684570 0.468750 0.676758 0.468750 0.675781 0.470052
0 0.661133 0.424479 0.661133 0.425781 0.659180 0.428385 0.659180 0.429688 0.660156 0.430990 0.660156 0.434896 0.661133 0.436198 0.661133 0.438802 0.662109 0.440104 0.662109 0.449219 0.663086 0.450521 0.663086 0.453125 0.664062 0.454427 0.664062 0.455729 0.666016 0.458333 0.667969 0.458333 0.670898 0.460938 0.673828 0.460938 0.674805 0.462240 0.677734 0.462240 0.678711 0.463542 0.685547 0.463542 0.686523 0.462240 0.687500 0.462240 0.688477 0.460938 0.691406 0.459635 0.693359 0.457031 0.693359 0.453125 0.694336 0.451823 0.694336 0.441406 0.695312 0.440104 0.695312 0.433594 0.694336 0.432292 0.694336 0.428385 0.693359 0.427083 0.693359 0.425781 0.692383 0.425781 0.691406 0.424479 0.683594 0.424479 0.682617 0.423177 0.679688 0.423177 0.678711 0.421875 0.671875 0.421875 0.670898 0.423177 0.662109 0.423177
0 0.653320 0.335938 0.653320 0.337240 0.647461 0.345052 0.646484 0.345052 0.646484 0.346354 0.645508 0.347656 0.644531 0.351562 0.649414 0.358073 0.649414 0.359375 0.651367 0.361979 0.651367 0.363281 0.654297 0.364583 0.655273 0.365885 0.655273 0.367188 0.657227 0.369792 0.658203 0.369792 0.663086 0.375000 0.664062 0.375000 0.665039 0.376302 0.667969 0.376302 0.668945 0.377604 0.673828 0.377604 0.674805 0.376302 0.675781 0.376302 0.676758 0.375000 0.676758 0.373698 0.678711 0.369792 0.678711 0.365885 0.679688 0.364583 0.679688 0.355469 0.678711 0.354167 0.678711 0.352865 0.676758 0.350260 0.676758 0.348958 0.673828 0.345052 0.673828 0.343750 0.672852 0.342448 0.672852 0.341146 0.671875 0.339844 0.670898 0.335938 0.668945 0.335938 0.667969 0.334635 0.655273 0.334635 0.654297 0.335938
0 0.681641 0.372396 0.680664 0.373698 0.679688 0.373698 0.675781 0.378906 0.674805 0.378906 0.669922 0.385417 0.669922 0.386719 0.667969 0.390625 0.667969 0.401042 0.674805 0.410156 0.675781 0.410156 0.676758 0.411458 0.691406 0.411458 0.693359 0.407552 0.693359 0.403646 0.694336 0.402344 0.694336 0.399740 0.695312 0.398438 0.695312 0.391927 0.694336 0.390625 0.694336 0.384115 0.693359 0.382812 0.693359 0.380208 0.692383 0.378906 0.691406 0.378906 0.688477 0.375000 0.687500 0.375000 0.684570 0.372396
0 0.661133 0.248698 0.658203 0.248698 0.657227 0.250000 0.655273 0.250000 0.652344 0.252604 0.650391 0.252604 0.650391 0.253906 0.651367 0.255208 0.651367 0.257812 0.649414 0.260417 0.649414 0.261719 0.648438 0.263021 0.648438 0.268229 0.646484 0.270833 0.646484 0.272135 0.645508 0.273438 0.645508 0.276042 0.644531 0.277344 0.644531 0.278646 0.648438 0.285156 0.649414 0.289062 0.652344 0.292969 0.653320 0.292969 0.654297 0.294271 0.658203 0.294271 0.661133 0.290365 0.666992 0.287760 0.667969 0.286458 0.667969 0.285156 0.671875 0.279948 0.674805 0.278646 0.674805 0.277344 0.675781 0.276042 0.675781 0.266927 0.673828 0.264323 0.673828 0.263021 0.672852 0.261719 0.671875 0.257812 0.667969 0.252604 0.666992 0.252604 0.664062 0.250000 0.662109 0.250000
0 0.676758 0.281250 0.670898 0.281250 0.668945 0.283854 0.668945 0.285156 0.666992 0.289062 0.665039 0.289062 0.664062 0.290365 0.663086 0.290365 0.659180 0.295573 0.658203 0.295573 0.656250 0.298177 0.656250 0.313802 0.657227 0.315104 0.657227 0.316406 0.661133 0.321615 0.662109 0.321615 0.665039 0.324219 0.666016 0.322917 0.666992 0.322917 0.667969 0.321615 0.668945 0.321615 0.669922 0.320312 0.670898 0.320312 0.678711 0.309896 0.678711 0.308594 0.680664 0.305990 0.680664 0.304688 0.681641 0.303385 0.681641 0.298177 0.680664 0.296875 0.680664 0.294271 0.679688 0.292969 0.679688 0.291667 0.680664 0.290365 0.680664 0.289062 0.679688 0.287760 0.679688 0.285156
0 0.694336 0.255208 0.688477 0.255208 0.687500 0.256510 0.686523 0.256510 0.685547 0.257812 0.684570 0.257812 0.682617 0.260417 0.681641 0.260417 0.680664 0.261719 0.676758 0.261719 0.675781 0.263021 0.676758 0.264323 0.676758 0.266927 0.677734 0.268229 0.677734 0.279948 0.678711 0.281250 0.678711 0.282552 0.680664 0.285156 0.680664 0.286458 0.681641 0.287760 0.681641 0.290365 0.682617 0.291667 0.682617 0.292969 0.683594 0.292969 0.685547 0.295573 0.686523 0.295573 0.687500 0.294271 0.690430 0.294271 0.691406 0.292969 0.694336 0.292969 0.695312 0.291667 0.696289 0.291667 0.697266 0.290365 0.698242 0.290365 0.699219 0.289062 0.699219 0.286458 0.700195 0.285156 0.700195 0.281250 0.701172 0.279948 0.701172 0.276042 0.702148 0.274740 0.702148 0.268229 0.701172 0.266927 0.701172 0.265625 0.699219 0.263021 0.699219 0.261719
0 0.698242 0.308594 0.694336 0.308594 0.693359 0.309896 0.683594 0.309896 0.682617 0.311198 0.680664 0.311198 0.677734 0.315104 0.676758 0.319010 0.674805 0.321615 0.674805 0.322917 0.673828 0.324219 0.673828 0.326823 0.672852 0.328125 0.672852 0.332031 0.673828 0.333333 0.673828 0.335938 0.674805 0.337240 0.674805 0.338542 0.675781 0.339844 0.676758 0.343750 0.678711 0.346354 0.678711 0.348958 0.679688 0.350260 0.679688 0.351562 0.682617 0.354167 0.691406 0.354167 0.692383 0.352865 0.695312 0.352865 0.696289 0.351562 0.699219 0.350260 0.706055 0.341146 0.706055 0.339844 0.707031 0.338542 0.707031 0.335938 0.708008 0.334635 0.708008 0.328125 0.707031 0.326823 0.707031 0.325521 0.705078 0.322917 0.704102 0.319010 0.702148 0.316406 0.702148 0.315104 0.701172 0.313802 0.701172 0.311198
0 0.726562 0.287760 0.725586 0.289062 0.723633 0.289062 0.722656 0.290365 0.721680 0.290365 0.721680 0.291667 0.720703 0.292969 0.720703 0.294271 0.718750 0.298177 0.718750 0.300781 0.716797 0.304688 0.717773 0.305990 0.717773 0.308594 0.718750 0.309896 0.718750 0.325521 0.719727 0.326823 0.720703 0.326823 0.723633 0.329427 0.728516 0.329427 0.729492 0.330729 0.732422 0.330729 0.733398 0.329427 0.736328 0.329427 0.738281 0.326823 0.739258 0.326823 0.740234 0.322917 0.743164 0.319010 0.743164 0.317708 0.744141 0.316406 0.744141 0.312500 0.745117 0.311198 0.745117 0.304688 0.744141 0.303385 0.744141 0.299479 0.743164 0.298177 0.743164 0.295573 0.742188 0.294271 0.742188 0.292969 0.740234 0.290365 0.738281 0.290365 0.737305 0.289062 0.733398 0.289062 0.732422 0.287760
0 0.723633 0.333333 0.722656 0.333333 0.721680 0.332031 0.716797 0.332031 0.715820 0.333333 0.714844 0.333333 0.712891 0.335938 0.710938 0.335938 0.709961 0.337240 0.708984 0.337240 0.707031 0.339844 0.707031 0.341146 0.704102 0.345052 0.703125 0.348958 0.702148 0.350260 0.701172 0.350260 0.701172 0.352865 0.703125 0.356771 0.703125 0.361979 0.704102 0.363281 0.704102 0.367188 0.703125 0.368490 0.703125 0.373698 0.702148 0.375000 0.702148 0.377604 0.710938 0.377604 0.711914 0.378906 0.714844 0.378906 0.715820 0.377604 0.721680 0.377604 0.722656 0.376302 0.724609 0.376302 0.726562 0.373698 0.726562 0.372396 0.728516 0.368490 0.728516 0.360677 0.727539 0.359375 0.727539 0.354167 0.726562 0.352865 0.726562 0.345052 0.725586 0.343750 0.725586 0.341146 0.724609 0.339844 0.724609 0.335938 0.723633 0.334635
0 0.767578 0.330729 0.766602 0.332031 0.765625 0.332031 0.761719 0.337240 0.760742 0.337240 0.754883 0.345052 0.753906 0.345052 0.752930 0.346354 0.751953 0.346354 0.751953 0.351562 0.752930 0.352865 0.752930 0.354167 0.753906 0.355469 0.753906 0.356771 0.754883 0.358073 0.758789 0.358073 0.759766 0.356771 0.763672 0.356771 0.764648 0.358073 0.764648 0.359375 0.765625 0.360677 0.765625 0.361979 0.770508 0.368490 0.776367 0.360677 0.776367 0.359375 0.777344 0.358073 0.777344 0.354167 0.778320 0.352865 0.778320 0.342448 0.777344 0.341146 0.777344 0.339844 0.775391 0.337240 0.775391 0.335938 0.774414 0.334635 0.774414 0.333333 0.772461 0.330729
0 0.762695 0.356771 0.759766 0.358073 0.756836 0.361979 0.755859 0.361979 0.753906 0.364583 0.750977 0.365885 0.750000 0.367188 0.750000 0.369792 0.749023 0.371094 0.749023 0.372396 0.745117 0.377604 0.745117 0.382812 0.748047 0.386719 0.748047 0.388021 0.745117 0.391927 0.745117 0.393229 0.748047 0.397135 0.748047 0.398438 0.750000 0.401042 0.750977 0.401042 0.751953 0.402344 0.751953 0.403646 0.753906 0.406250 0.756836 0.406250 0.757812 0.404948 0.760742 0.404948 0.761719 0.403646 0.766602 0.403646 0.766602 0.395833 0.768555 0.393229 0.768555 0.391927 0.769531 0.390625 0.769531 0.388021 0.770508 0.386719 0.770508 0.384115 0.771484 0.382812 0.771484 0.378906 0.772461 0.377604 0.770508 0.373698 0.770508 0.371094 0.769531 0.369792 0.769531 0.368490 0.765625 0.363281 0.764648 0.359375
0 0.770508 0.372396 0.770508 0.384115 0.766602 0.389323 0.766602 0.390625 0.765625 0.391927 0.765625 0.394531 0.764648 0.395833 0.764648 0.398438 0.763672 0.399740 0.763672 0.401042 0.762695 0.402344 0.762695 0.407552 0.763672 0.408854 0.773438 0.408854 0.774414 0.407552 0.782227 0.407552 0.783203 0.406250 0.783203 0.395833 0.782227 0.394531 0.782227 0.384115 0.781250 0.382812 0.781250 0.381510 0.780273 0.380208 0.779297 0.380208 0.775391 0.375000 0.773438 0.375000 0.771484 0.372396
0 0.721680 0.395833 0.720703 0.397135 0.720703 0.398438 0.722656 0.401042 0.723633 0.401042 0.724609 0.402344 0.724609 0.406250 0.722656 0.408854 0.722656 0.415365 0.723633 0.416667 0.723633 0.421875 0.724609 0.423177 0.724609 0.434896 0.725586 0.436198 0.733398 0.436198 0.734375 0.434896 0.739258 0.434896 0.740234 0.433594 0.742188 0.433594 0.743164 0.432292 0.744141 0.432292 0.746094 0.429688 0.746094 0.427083 0.747070 0.425781 0.747070 0.420573 0.748047 0.419271 0.748047 0.407552 0.746094 0.404948 0.746094 0.402344 0.742188 0.397135 0.741211 0.397135 0.738281 0.394531 0.736328 0.394531 0.733398 0.391927 0.728516 0.391927 0.727539 0.393229 0.725586 0.393229 0.723633 0.395833
0 0.739258 0.459635 0.738281 0.459635 0.737305 0.458333 0.732422 0.458333 0.731445 0.457031 0.729492 0.457031 0.728516 0.458333 0.721680 0.458333 0.720703 0.459635 0.718750 0.459635 0.718750 0.462240 0.719727 0.463542 0.719727 0.471354 0.720703 0.472656 0.720703 0.476562 0.719727 0.477865 0.719727 0.480469 0.718750 0.481771 0.718750 0.484375 0.717773 0.485677 0.717773 0.488281 0.715820 0.490885 0.715820 0.492188 0.716797 0.493490 0.717773 0.493490 0.719727 0.496094 0.723633 0.496094 0.724609 0.497396 0.730469 0.497396 0.731445 0.496094 0.739258 0.496094 0.740234 0.494792 0.741211 0.494792 0.741211 0.493490 0.742188 0.492188 0.742188 0.483073 0.743164 0.481771 0.743164 0.472656 0.744141 0.471354 0.743164 0.470052 0.743164 0.467448 0.742188 0.466146 0.742188 0.464844 0.740234 0.462240 0.740234 0.460938
0 0.748047 0.427083 0.746094 0.429688 0.746094 0.430990 0.744141 0.433594 0.742188 0.433594 0.739258 0.436198 0.739258 0.437500 0.737305 0.440104 0.737305 0.444010 0.736328 0.445312 0.736328 0.447917 0.735352 0.449219 0.735352 0.450521 0.736328 0.451823 0.736328 0.453125 0.738281 0.455729 0.739258 0.455729 0.740234 0.457031 0.740234 0.458333 0.741211 0.459635 0.741211 0.460938 0.743164 0.463542 0.743164 0.464844 0.744141 0.466146 0.744141 0.468750 0.745117 0.468750 0.746094 0.470052 0.750000 0.470052 0.751953 0.467448 0.751953 0.466146 0.752930 0.464844 0.752930 0.460938 0.753906 0.459635 0.753906 0.455729 0.754883 0.454427 0.754883 0.451823 0.755859 0.450521 0.755859 0.445312 0.756836 0.444010 0.756836 0.440104 0.757812 0.438802 0.756836 0.437500 0.756836 0.433594 0.753906 0.429688 0.752930 0.429688 0.751953 0.428385 0.749023 0.428385
0 0.750977 0.468750 0.750000 0.468750 0.749023 0.470052 0.744141 0.470052 0.744141 0.471354 0.743164 0.472656 0.743164 0.480469 0.742188 0.481771 0.742188 0.486979 0.741211 0.488281 0.741211 0.489583 0.740234 0.490885 0.740234 0.493490 0.741211 0.494792 0.741211 0.496094 0.742188 0.497396 0.745117 0.497396 0.748047 0.493490 0.749023 0.493490 0.750977 0.490885 0.752930 0.490885 0.753906 0.489583 0.754883 0.489583 0.756836 0.486979 0.755859 0.485677 0.755859 0.484375 0.754883 0.483073 0.754883 0.481771 0.753906 0.480469 0.753906 0.479167 0.752930 0.477865 0.752930 0.475260 0.751953 0.473958 0.751953 0.471354 0.750977 0.470052
0 0.782227 0.411458 0.781250 0.412760 0.780273 0.412760 0.780273 0.416667 0.781250 0.417969 0.781250 0.429688 0.782227 0.430990 0.782227 0.446615 0.781250 0.447917 0.781250 0.450521 0.782227 0.451823 0.790039 0.451823 0.791016 0.453125 0.794922 0.453125 0.795898 0.451823 0.798828 0.451823 0.800781 0.449219 0.801758 0.445312 0.805664 0.438802 0.805664 0.436198 0.806641 0.434896 0.806641 0.423177 0.803711 0.419271 0.802734 0.419271 0.798828 0.414062 0.796875 0.414062 0.795898 0.412760 0.793945 0.412760 0.792969 0.411458 0.791992 0.411458 0.790039 0.408854 0.789062 0.408854 0.788086 0.410156 0.786133 0.410156 0.785156 0.411458
0 0.841797 0.434896 0.831055 0.434896 0.830078 0.436198 0.829102 0.436198 0.828125 0.437500 0.827148 0.437500 0.827148 0.438802 0.826172 0.440104 0.826172 0.442708 0.825195 0.444010 0.825195 0.446615 0.824219 0.447917 0.824219 0.464844 0.823242 0.466146 0.823242 0.468750 0.821289 0.471354 0.822266 0.472656 0.823242 0.472656 0.824219 0.473958 0.828125 0.473958 0.829102 0.472656 0.832031 0.472656 0.833008 0.471354 0.834961 0.471354 0.835938 0.470052 0.836914 0.470052 0.837891 0.468750 0.838867 0.468750 0.839844 0.467448 0.840820 0.467448 0.841797 0.466146 0.842773 0.466146 0.842773 0.464844 0.843750 0.463542 0.843750 0.458333 0.842773 0.457031 0.842773 0.438802 0.841797 0.437500
0 0.792969 0.459635 0.789062 0.459635 0.787109 0.462240 0.787109 0.463542 0.786133 0.464844 0.785156 0.463542 0.783203 0.463542 0.783203 0.464844 0.782227 0.466146 0.782227 0.470052 0.781250 0.471354 0.782227 0.472656 0.782227 0.477865 0.781250 0.479167 0.781250 0.485677 0.782227 0.486979 0.782227 0.497396 0.784180 0.500000 0.785156 0.500000 0.786133 0.501302 0.787109 0.501302 0.790039 0.503906 0.791016 0.503906 0.791992 0.502604 0.794922 0.502604 0.796875 0.500000 0.797852 0.500000 0.798828 0.498698 0.799805 0.498698 0.800781 0.497396 0.801758 0.497396 0.804688 0.493490 0.804688 0.490885 0.805664 0.489583 0.805664 0.472656 0.804688 0.471354 0.804688 0.470052 0.799805 0.463542 0.798828 0.463542 0.795898 0.460938 0.793945 0.460938
0 0.750977 0.492188 0.747070 0.497396 0.747070 0.500000 0.746094 0.501302 0.746094 0.515625 0.747070 0.516927 0.747070 0.518229 0.749023 0.522135 0.749023 0.524740 0.750977 0.527344 0.755859 0.527344 0.756836 0.528646 0.759766 0.529948 0.761719 0.532552 0.762695 0.532552 0.763672 0.533854 0.767578 0.533854 0.769531 0.531250 0.772461 0.529948 0.773438 0.528646 0.773438 0.527344 0.776367 0.523438 0.776367 0.516927 0.777344 0.515625 0.777344 0.506510 0.776367 0.505208 0.776367 0.503906 0.774414 0.501302 0.773438 0.501302 0.771484 0.498698 0.770508 0.498698 0.767578 0.496094 0.765625 0.496094 0.764648 0.494792 0.761719 0.494792 0.760742 0.493490 0.754883 0.493490 0.753906 0.492188
0 0.812500 0.509115 0.806641 0.501302 0.805664 0.501302 0.802734 0.498698 0.800781 0.498698 0.799805 0.500000 0.796875 0.501302 0.794922 0.503906 0.792969 0.503906 0.791992 0.505208 0.789062 0.505208 0.788086 0.503906 0.786133 0.503906 0.785156 0.502604 0.782227 0.502604 0.780273 0.505208 0.780273 0.509115 0.779297 0.510417 0.779297 0.518229 0.780273 0.519531 0.780273 0.523438 0.782227 0.527344 0.782227 0.532552 0.785156 0.532552 0.786133 0.533854 0.802734 0.533854 0.803711 0.532552 0.805664 0.532552 0.806641 0.531250 0.807617 0.531250 0.809570 0.528646 0.810547 0.528646 0.812500 0.526042 0.812500 0.524740 0.813477 0.523438 0.813477 0.519531 0.814453 0.518229 0.814453 0.516927 0.813477 0.515625 0.813477 0.511719 0.812500 0.510417
0 0.740234 0.497396 0.737305 0.497396 0.736328 0.498698 0.731445 0.498698 0.730469 0.500000 0.728516 0.500000 0.727539 0.501302 0.723633 0.501302 0.722656 0.500000 0.719727 0.500000 0.716797 0.503906 0.716797 0.509115 0.717773 0.510417 0.717773 0.513021 0.718750 0.514323 0.718750 0.526042 0.719727 0.527344 0.719727 0.531250 0.720703 0.532552 0.721680 0.532552 0.724609 0.535156 0.732422 0.535156 0.738281 0.527344 0.739258 0.527344 0.740234 0.526042 0.741211 0.526042 0.741211 0.524740 0.742188 0.523438 0.742188 0.520833 0.743164 0.519531 0.743164 0.502604 0.742188 0.501302 0.742188 0.500000
0 0.730469 0.539062 0.730469 0.544271 0.732422 0.546875 0.732422 0.548177 0.733398 0.549479 0.733398 0.561198 0.732422 0.562500 0.732422 0.563802 0.733398 0.563802 0.736328 0.566406 0.738281 0.566406 0.739258 0.567708 0.755859 0.567708 0.756836 0.566406 0.756836 0.565104 0.757812 0.563802 0.757812 0.562500 0.758789 0.561198 0.759766 0.557292 0.761719 0.554688 0.761719 0.553385 0.762695 0.552083 0.762695 0.546875 0.763672 0.545573 0.763672 0.537760 0.762695 0.536458 0.762695 0.535156 0.758789 0.529948 0.757812 0.529948 0.756836 0.528646 0.740234 0.528646 0.738281 0.531250 0.737305 0.531250 0.732422 0.537760 0.731445 0.537760
0 0.732422 0.574219 0.732422 0.575521 0.734375 0.579427 0.734375 0.582031 0.735352 0.583333 0.735352 0.592448 0.736328 0.593750 0.736328 0.592448 0.739258 0.588542 0.742188 0.595052 0.742188 0.596354 0.740234 0.600260 0.738281 0.600260 0.736328 0.597656 0.735352 0.597656 0.735352 0.602865 0.736328 0.604167 0.739258 0.604167 0.740234 0.605469 0.742188 0.605469 0.743164 0.606771 0.748047 0.606771 0.750000 0.604167 0.752930 0.602865 0.756836 0.597656 0.759766 0.596354 0.762695 0.592448 0.762695 0.587240 0.763672 0.585938 0.763672 0.576823 0.761719 0.574219 0.758789 0.572917 0.756836 0.570312 0.755859 0.570312 0.754883 0.569010 0.747070 0.569010 0.744141 0.571615 0.742188 0.571615 0.741211 0.570312 0.737305 0.570312 0.736328 0.569010 0.735352 0.569010 0.733398 0.571615 0.733398 0.572917
0 0.749023 0.611979 0.750000 0.613281 0.750000 0.618490 0.750977 0.619792 0.750977 0.632812 0.750000 0.634115 0.750000 0.641927 0.750977 0.643229 0.753906 0.643229 0.754883 0.644531 0.768555 0.644531 0.777344 0.636719 0.777344 0.634115 0.778320 0.632812 0.778320 0.630208 0.777344 0.628906 0.777344 0.625000 0.776367 0.623698 0.776367 0.621094 0.774414 0.618490 0.771484 0.618490 0.770508 0.617188 0.767578 0.617188 0.766602 0.615885 0.763672 0.615885 0.762695 0.614583 0.760742 0.614583 0.759766 0.613281 0.758789 0.613281 0.755859 0.609375 0.753906 0.609375 0.752930 0.608073 0.751953 0.608073
0 0.774414 0.671875 0.773438 0.673177 0.773438 0.674479 0.772461 0.675781 0.772461 0.680990 0.773438 0.682292 0.773438 0.684896 0.772461 0.686198 0.772461 0.690104 0.771484 0.691406 0.771484 0.700521 0.772461 0.701823 0.772461 0.703125 0.773438 0.704427 0.773438 0.705729 0.774414 0.705729 0.775391 0.707031 0.777344 0.707031 0.778320 0.708333 0.783203 0.708333 0.784180 0.707031 0.785156 0.707031 0.790039 0.700521 0.790039 0.699219 0.792969 0.695312 0.792969 0.694010 0.793945 0.692708 0.793945 0.691406 0.794922 0.690104 0.794922 0.686198 0.795898 0.684896 0.795898 0.683594 0.794922 0.682292 0.794922 0.680990 0.792969 0.678385 0.791016 0.678385 0.790039 0.677083 0.789062 0.677083 0.788086 0.675781 0.786133 0.675781 0.785156 0.674479 0.784180 0.674479 0.783203 0.673177 0.779297 0.673177 0.778320 0.671875
0 0.794922 0.696615 0.788086 0.705729 0.788086 0.710938 0.790039 0.713542 0.793945 0.713542 0.795898 0.716146 0.795898 0.720052 0.792969 0.723958 0.792969 0.730469 0.796875 0.735677 0.796875 0.736979 0.797852 0.738281 0.800781 0.738281 0.801758 0.739583 0.802734 0.739583 0.803711 0.738281 0.805664 0.738281 0.806641 0.736979 0.806641 0.735677 0.808594 0.733073 0.811523 0.731771 0.814453 0.727865 0.815430 0.727865 0.817383 0.725260 0.817383 0.709635 0.814453 0.705729 0.814453 0.704427 0.811523 0.703125 0.809570 0.700521 0.807617 0.700521 0.804688 0.697917 0.801758 0.697917 0.800781 0.696615
0 0.829102 0.700521 0.829102 0.701823 0.828125 0.703125 0.828125 0.717448 0.827148 0.718750 0.827148 0.726562 0.829102 0.729167 0.831055 0.729167 0.832031 0.730469 0.833984 0.730469 0.834961 0.731771 0.835938 0.731771 0.837891 0.734375 0.839844 0.734375 0.842773 0.736979 0.851562 0.736979 0.853516 0.734375 0.853516 0.731771 0.855469 0.727865 0.855469 0.722656 0.856445 0.721354 0.855469 0.720052 0.855469 0.717448 0.854492 0.716146 0.854492 0.714844 0.852539 0.712240 0.852539 0.710938 0.851562 0.709635 0.851562 0.707031 0.850586 0.705729 0.850586 0.704427 0.847656 0.700521 0.846680 0.700521 0.845703 0.699219 0.838867 0.699219 0.837891 0.697917 0.836914 0.697917 0.835938 0.699219 0.831055 0.699219 0.830078 0.700521
0 0.813477 0.658854 0.813477 0.666667 0.812500 0.667969 0.813477 0.669271 0.813477 0.677083 0.812500 0.678385 0.812500 0.682292 0.810547 0.684896 0.806641 0.684896 0.806641 0.686198 0.805664 0.687500 0.805664 0.690104 0.809570 0.695312 0.810547 0.695312 0.813477 0.697917 0.816406 0.697917 0.817383 0.696615 0.818359 0.696615 0.819336 0.697917 0.830078 0.697917 0.831055 0.696615 0.833008 0.696615 0.833984 0.695312 0.834961 0.695312 0.835938 0.694010 0.835938 0.691406 0.836914 0.690104 0.836914 0.666667 0.835938 0.665365 0.835938 0.664062 0.834961 0.662760 0.833984 0.662760 0.833008 0.661458 0.831055 0.661458 0.828125 0.658854
0 0.836914 0.657552 0.835938 0.658854 0.835938 0.664062 0.836914 0.665365 0.836914 0.691406 0.837891 0.692708 0.838867 0.691406 0.842773 0.691406 0.843750 0.690104 0.844727 0.690104 0.845703 0.688802 0.846680 0.688802 0.847656 0.687500 0.847656 0.686198 0.849609 0.683594 0.849609 0.680990 0.850586 0.679688 0.850586 0.674479 0.849609 0.673177 0.849609 0.666667 0.848633 0.665365 0.848633 0.662760 0.847656 0.662760 0.846680 0.661458 0.845703 0.661458 0.844727 0.660156 0.841797 0.660156 0.840820 0.658854 0.838867 0.658854 0.837891 0.657552
0 0.875000 0.675781 0.873047 0.678385 0.873047 0.680990 0.875977 0.684896 0.875977 0.687500 0.875000 0.688802 0.875000 0.700521 0.874023 0.701823 0.874023 0.703125 0.872070 0.705729 0.873047 0.707031 0.873047 0.708333 0.875000 0.710938 0.880859 0.710938 0.881836 0.712240 0.889648 0.712240 0.890625 0.710938 0.891602 0.710938 0.891602 0.708333 0.892578 0.707031 0.892578 0.683594 0.891602 0.682292 0.891602 0.680990 0.890625 0.679688 0.889648 0.679688 0.888672 0.678385 0.886719 0.678385 0.885742 0.677083 0.881836 0.677083 0.880859 0.675781
0 0.887695 0.643229 0.885742 0.647135 0.885742 0.649740 0.887695 0.653646 0.887695 0.656250 0.888672 0.657552 0.888672 0.661458 0.889648 0.662760 0.889648 0.664062 0.888672 0.665365 0.888672 0.673177 0.889648 0.674479 0.889648 0.675781 0.893555 0.680990 0.895508 0.680990 0.898438 0.683594 0.902344 0.683594 0.903320 0.684896 0.904297 0.683594 0.904297 0.682292 0.906250 0.679688 0.906250 0.674479 0.907227 0.673177 0.907227 0.669271 0.908203 0.667969 0.908203 0.658854 0.907227 0.657552 0.907227 0.654948 0.906250 0.653646 0.906250 0.652344 0.905273 0.651042 0.904297 0.651042 0.902344 0.648438 0.900391 0.648438 0.899414 0.647135 0.898438 0.647135 0.895508 0.644531 0.890625 0.644531 0.889648 0.643229
0 0.851562 0.622396 0.849609 0.625000 0.849609 0.626302 0.848633 0.627604 0.848633 0.631510 0.845703 0.635417 0.844727 0.634115 0.841797 0.632812 0.841797 0.634115 0.840820 0.635417 0.840820 0.641927 0.839844 0.643229 0.839844 0.644531 0.840820 0.645833 0.840820 0.647135 0.841797 0.648438 0.842773 0.648438 0.844727 0.651042 0.844727 0.652344 0.845703 0.653646 0.847656 0.653646 0.849609 0.656250 0.849609 0.657552 0.851562 0.661458 0.853516 0.661458 0.854492 0.662760 0.859375 0.662760 0.860352 0.661458 0.864258 0.661458 0.865234 0.660156 0.866211 0.656250 0.869141 0.652344 0.869141 0.649740 0.870117 0.648438 0.870117 0.636719 0.872070 0.632812 0.872070 0.630208 0.870117 0.627604 0.869141 0.627604 0.867188 0.625000 0.866211 0.625000 0.863281 0.622396
0 0.873047 0.626302 0.868164 0.626302 0.868164 0.628906 0.869141 0.630208 0.869141 0.632812 0.870117 0.634115 0.870117 0.648438 0.869141 0.649740 0.869141 0.652344 0.867188 0.654948 0.867188 0.656250 0.866211 0.657552 0.866211 0.660156 0.865234 0.661458 0.865234 0.664062 0.866211 0.665365 0.868164 0.665365 0.869141 0.666667 0.870117 0.665365 0.874023 0.665365 0.875000 0.664062 0.875977 0.664062 0.877930 0.661458 0.878906 0.661458 0.878906 0.660156 0.879883 0.658854 0.879883 0.656250 0.880859 0.654948 0.880859 0.653646 0.881836 0.652344 0.881836 0.649740 0.882812 0.648438 0.882812 0.635417 0.877930 0.628906 0.876953 0.628906 0.875977 0.627604 0.874023 0.627604
0 0.813477 0.613281 0.813477 0.614583 0.812500 0.615885 0.812500 0.617188 0.813477 0.618490 0.813477 0.626302 0.812500 0.627604 0.812500 0.651042 0.814453 0.653646 0.818359 0.653646 0.819336 0.654948 0.822266 0.654948 0.823242 0.656250 0.827148 0.656250 0.828125 0.654948 0.831055 0.654948 0.832031 0.653646 0.833008 0.653646 0.834961 0.651042 0.834961 0.649740 0.835938 0.648438 0.835938 0.647135 0.837891 0.644531 0.837891 0.641927 0.838867 0.640625 0.838867 0.623698 0.837891 0.622396 0.837891 0.618490 0.836914 0.618490 0.833984 0.615885 0.828125 0.615885 0.827148 0.614583 0.815430 0.614583 0.814453 0.613281
0 0.766602 0.578125 0.766602 0.579427 0.765625 0.580729 0.765625 0.583333 0.764648 0.584635 0.764648 0.593750 0.763672 0.595052 0.763672 0.596354 0.765625 0.600260 0.765625 0.602865 0.767578 0.605469 0.767578 0.609375 0.766602 0.610677 0.767578 0.611979 0.770508 0.611979 0.771484 0.613281 0.772461 0.613281 0.774414 0.615885 0.778320 0.615885 0.779297 0.617188 0.786133 0.617188 0.787109 0.615885 0.788086 0.615885 0.789062 0.614583 0.790039 0.614583 0.791016 0.613281 0.793945 0.611979 0.795898 0.609375 0.796875 0.609375 0.798828 0.606771 0.799805 0.606771 0.799805 0.604167 0.798828 0.602865 0.798828 0.598958 0.795898 0.592448 0.795898 0.589844 0.794922 0.588542 0.794922 0.585938 0.793945 0.584635 0.793945 0.582031 0.791016 0.578125 0.786133 0.578125 0.785156 0.579427 0.782227 0.579427 0.779297 0.576823 0.768555 0.576823 0.767578 0.578125
0 0.794922 0.579427 0.794922 0.587240 0.795898 0.588542 0.795898 0.591146 0.796875 0.592448 0.796875 0.593750 0.797852 0.595052 0.797852 0.596354 0.798828 0.597656 0.798828 0.604167 0.797852 0.605469 0.798828 0.606771 0.803711 0.606771 0.804688 0.605469 0.806641 0.605469 0.807617 0.604167 0.807617 0.602865 0.808594 0.601562 0.808594 0.597656 0.809570 0.596354 0.809570 0.589844 0.810547 0.588542 0.810547 0.582031 0.808594 0.579427
0 0.798828 0.539062 0.798828 0.545573 0.799805 0.546875 0.799805 0.549479 0.798828 0.550781 0.798828 0.553385 0.797852 0.554688 0.797852 0.567708 0.796875 0.569010 0.796875 0.578125 0.797852 0.579427 0.798828 0.579427 0.799805 0.578125 0.804688 0.578125 0.805664 0.579427 0.817383 0.579427 0.818359 0.578125 0.821289 0.576823 0.825195 0.571615 0.825195 0.559896 0.826172 0.558594 0.825195 0.557292 0.825195 0.552083 0.824219 0.550781 0.824219 0.548177 0.823242 0.546875 0.823242 0.545573 0.820312 0.541667 0.819336 0.541667 0.818359 0.540365 0.816406 0.540365 0.815430 0.539062 0.813477 0.539062 0.812500 0.537760 0.809570 0.537760 0.808594 0.536458 0.804688 0.536458 0.803711 0.537760 0.801758 0.537760 0.800781 0.539062
0 0.818359 0.523438 0.817383 0.524740 0.817383 0.526042 0.816406 0.527344 0.815430 0.527344 0.815430 0.528646 0.820312 0.535156 0.821289 0.535156 0.823242 0.537760 0.823242 0.540365 0.825195 0.544271 0.825195 0.548177 0.826172 0.549479 0.826172 0.552083 0.827148 0.553385 0.827148 0.563802 0.828125 0.565104 0.828125 0.567708 0.829102 0.569010 0.831055 0.569010 0.832031 0.567708 0.837891 0.567708 0.838867 0.566406 0.840820 0.566406 0.843750 0.562500 0.843750 0.561198 0.845703 0.557292 0.845703 0.554688 0.846680 0.553385 0.846680 0.550781 0.848633 0.546875 0.848633 0.537760 0.847656 0.536458 0.847656 0.533854 0.846680 0.532552 0.846680 0.531250 0.843750 0.527344 0.841797 0.527344 0.840820 0.526042 0.834961 0.526042 0.833984 0.524740 0.830078 0.524740 0.829102 0.523438 0.825195 0.523438 0.824219 0.522135 0.820312 0.522135 0.819336 0.523438
0 0.864258 0.486979 0.863281 0.488281 0.862305 0.488281 0.861328 0.489583 0.861328 0.490885 0.860352 0.492188 0.860352 0.493490 0.859375 0.494792 0.858398 0.494792 0.856445 0.497396 0.856445 0.500000 0.855469 0.501302 0.855469 0.503906 0.854492 0.505208 0.854492 0.515625 0.852539 0.519531 0.851562 0.519531 0.849609 0.522135 0.848633 0.522135 0.848633 0.523438 0.851562 0.527344 0.853516 0.527344 0.854492 0.528646 0.856445 0.528646 0.857422 0.529948 0.861328 0.529948 0.862305 0.528646 0.863281 0.528646 0.865234 0.526042 0.866211 0.526042 0.867188 0.524740 0.867188 0.523438 0.868164 0.522135 0.868164 0.520833 0.869141 0.519531 0.869141 0.518229 0.870117 0.516927 0.870117 0.515625 0.872070 0.511719 0.872070 0.506510 0.873047 0.505208 0.873047 0.500000 0.872070 0.498698 0.872070 0.496094 0.866211 0.488281 0.865234 0.488281
0 0.908203 0.483073 0.898438 0.483073 0.897461 0.484375 0.896484 0.484375 0.896484 0.485677 0.895508 0.486979 0.895508 0.488281 0.894531 0.489583 0.894531 0.494792 0.893555 0.496094 0.893555 0.501302 0.892578 0.502604 0.892578 0.506510 0.891602 0.507812 0.891602 0.515625 0.890625 0.516927 0.893555 0.520833 0.895508 0.520833 0.896484 0.522135 0.897461 0.520833 0.899414 0.520833 0.900391 0.519531 0.901367 0.519531 0.902344 0.518229 0.903320 0.518229 0.910156 0.509115 0.910156 0.507812 0.911133 0.506510 0.911133 0.503906 0.912109 0.502604 0.912109 0.501302 0.911133 0.500000 0.911133 0.493490 0.910156 0.492188 0.910156 0.485677
0 0.825195 0.574219 0.821289 0.579427 0.821289 0.582031 0.822266 0.583333 0.823242 0.583333 0.825195 0.585938 0.825195 0.587240 0.827148 0.589844 0.827148 0.596354 0.825195 0.600260 0.826172 0.601562 0.826172 0.602865 0.827148 0.604167 0.827148 0.605469 0.829102 0.608073 0.830078 0.608073 0.832031 0.610677 0.833008 0.610677 0.835938 0.613281 0.838867 0.613281 0.839844 0.614583 0.842773 0.614583 0.843750 0.613281 0.843750 0.611979 0.845703 0.608073 0.845703 0.604167 0.846680 0.602865 0.846680 0.597656 0.847656 0.596354 0.847656 0.592448 0.848633 0.591146 0.847656 0.589844 0.847656 0.587240 0.846680 0.585938 0.846680 0.584635 0.844727 0.582031 0.843750 0.582031 0.842773 0.580729 0.841797 0.580729 0.840820 0.579427 0.839844 0.579427 0.838867 0.578125 0.837891 0.578125 0.834961 0.575521 0.833008 0.575521 0.832031 0.574219
0 0.849609 0.584635 0.848633 0.585938 0.848633 0.588542 0.849609 0.589844 0.849609 0.591146 0.848633 0.592448 0.848633 0.596354 0.847656 0.597656 0.847656 0.601562 0.846680 0.602865 0.846680 0.608073 0.845703 0.609375 0.845703 0.614583 0.846680 0.615885 0.847656 0.615885 0.848633 0.617188 0.849609 0.617188 0.850586 0.618490 0.851562 0.618490 0.852539 0.619792 0.856445 0.619792 0.857422 0.621094 0.861328 0.621094 0.862305 0.619792 0.863281 0.619792 0.864258 0.618490 0.864258 0.614583 0.865234 0.613281 0.865234 0.611979 0.866211 0.610677 0.866211 0.595052 0.862305 0.589844 0.861328 0.589844 0.860352 0.588542 0.859375 0.588542 0.858398 0.587240 0.856445 0.587240 0.855469 0.585938 0.852539 0.585938 0.851562 0.584635
0 0.915039 0.608073 0.906250 0.608073 0.905273 0.609375 0.904297 0.609375 0.903320 0.610677 0.903320 0.611979 0.901367 0.614583 0.901367 0.615885 0.899414 0.618490 0.899414 0.621094 0.898438 0.622396 0.898438 0.634115 0.899414 0.635417 0.899414 0.638021 0.900391 0.639323 0.900391 0.640625 0.901367 0.641927 0.902344 0.641927 0.903320 0.643229 0.906250 0.643229 0.907227 0.644531 0.908203 0.644531 0.909180 0.643229 0.912109 0.643229 0.913086 0.641927 0.913086 0.640625 0.914062 0.639323 0.914062 0.638021 0.915039 0.636719 0.915039 0.635417 0.916016 0.634115 0.916016 0.627604 0.916992 0.626302 0.916992 0.615885 0.916016 0.614583 0.916016 0.609375
0 0.907227 0.520833 0.906250 0.522135 0.906250 0.524740 0.907227 0.526042 0.907227 0.529948 0.908203 0.531250 0.908203 0.533854 0.909180 0.533854 0.913086 0.537760 0.916992 0.537760 0.918945 0.541667 0.918945 0.544271 0.916016 0.548177 0.915039 0.550781 0.915039 0.553385 0.914062 0.554688 0.914062 0.559896 0.911133 0.563802 0.911133 0.571615 0.914062 0.575521 0.915039 0.579427 0.926758 0.579427 0.926758 0.569010 0.927734 0.566406 0.931641 0.562500 0.931641 0.557292 0.932617 0.555990 0.931641 0.546875 0.933594 0.544271 0.939453 0.544271 0.939453 0.542969 0.936523 0.537760 0.934570 0.536458 0.932617 0.536458 0.926758 0.532552 0.923828 0.527344 0.920898 0.526042 0.918945 0.523438 0.916992 0.522135 0.909180 0.522135
0 0.927734 0.575521 0.926758 0.575521 0.924805 0.578125 0.922852 0.578125 0.921875 0.579427 0.920898 0.579427 0.919922 0.580729 0.912109 0.580729 0.911133 0.582031 0.909180 0.582031 0.908203 0.583333 0.908203 0.585938 0.907227 0.587240 0.907227 0.588542 0.906250 0.589844 0.906250 0.593750 0.905273 0.595052 0.906250 0.596354 0.907227 0.596354 0.909180 0.598958 0.910156 0.598958 0.911133 0.600260 0.913086 0.600260 0.914062 0.601562 0.916992 0.601562 0.917969 0.602865 0.920898 0.602865 0.921875 0.601562 0.923828 0.601562 0.925781 0.598958 0.925781 0.596354 0.926758 0.595052 0.926758 0.591146 0.927734 0.589844
