0 0.478516 0.002611 0.476562 0.002611 0.475586 0.003916 0.467773 0.003916 0.466797 0.005222 0.462891 0.005222 0.461914 0.006527 0.461914 0.010444 0.460938 0.011749 0.460938 0.016971 0.458984 0.019582 0.458984 0.022193 0.458008 0.023499 0.458008 0.028721 0.458984 0.030026 0.458984 0.041775 0.459961 0.041775 0.460938 0.043081 0.462891 0.043081 0.463867 0.044386 0.461914 0.046997 0.461914 0.050914 0.462891 0.052219 0.466797 0.052219 0.468750 0.054830 0.481445 0.054830 0.484375 0.052219 0.486328 0.052219 0.487305 0.050914 0.490234 0.049608 0.495117 0.043081 0.495117 0.040470 0.496094 0.039164 0.496094 0.036554 0.497070 0.035248 0.497070 0.023499 0.496094 0.022193 0.495117 0.018277 0.492188 0.014360 0.490234 0.014360 0.489258 0.013055 0.488281 0.013055 0.482422 0.005222 0.481445 0.005222
0 0.474609 0.079634 0.470703 0.073107 0.469727 0.069191 0.466797 0.065274 0.465820 0.065274 0.462891 0.062663 0.457031 0.062663 0.456055 0.063969 0.454102 0.063969 0.453125 0.065274 0.451172 0.065274 0.448242 0.067885 0.446289 0.067885 0.445312 0.069191 0.444336 0.069191 0.442383 0.071802 0.441406 0.071802 0.439453 0.074413 0.438477 0.074413 0.435547 0.080940 0.435547 0.086162 0.434570 0.087467 0.434570 0.092689 0.435547 0.093995 0.435547 0.096606 0.436523 0.096606 0.437500 0.097911 0.443359 0.097911 0.448242 0.101828 0.453125 0.101828 0.456055 0.099217 0.458984 0.099217 0.459961 0.097911 0.463867 0.097911 0.464844 0.096606 0.466797 0.096606 0.468750 0.093995 0.469727 0.093995 0.474609 0.087467
0 0.454102 0.131854 0.451172 0.135770 0.451172 0.137076 0.450195 0.138381 0.450195 0.140992 0.449219 0.142298 0.449219 0.144909 0.448242 0.146214 0.448242 0.160574 0.447266 0.161880 0.447266 0.174935 0.447266 0.173629 0.450195 0.169713 0.452148 0.172324 0.454102 0.172324 0.455078 0.173629 0.457031 0.173629 0.459961 0.176240 0.469727 0.176240 0.470703 0.174935 0.475586 0.174935 0.476562 0.173629 0.477539 0.173629 0.478516 0.172324 0.478516 0.171018 0.480469 0.167102 0.480469 0.164491 0.481445 0.163185 0.481445 0.157963 0.480469 0.156658 0.480469 0.154047 0.479492 0.152742 0.479492 0.150131 0.478516 0.148825 0.478516 0.146214 0.477539 0.144909 0.477539 0.140992 0.475586 0.138381 0.472656 0.138381 0.471680 0.137076 0.469727 0.137076 0.468750 0.135770 0.465820 0.135770 0.464844 0.134465 0.460938 0.134465 0.459961 0.133159 0.457031 0.133159 0.456055 0.131854
0 0.406250 0.154047 0.406250 0.156658 0.405273 0.157963 0.405273 0.159269 0.406250 0.160574 0.412109 0.160574 0.413086 0.161880 0.415039 0.161880 0.416016 0.163185 0.416992 0.163185 0.417969 0.164491 0.418945 0.164491 0.419922 0.165796 0.420898 0.165796 0.421875 0.167102 0.422852 0.167102 0.424805 0.169713 0.426758 0.169713 0.427734 0.171018 0.428711 0.171018 0.429688 0.172324 0.430664 0.172324 0.433594 0.176240 0.436523 0.176240 0.439453 0.172324 0.439453 0.160574 0.438477 0.159269 0.438477 0.157963 0.437500 0.156658 0.437500 0.155352 0.434570 0.151436 0.431641 0.151436 0.430664 0.150131 0.429688 0.150131 0.427734 0.147520 0.426758 0.147520 0.425781 0.146214 0.424805 0.146214 0.422852 0.143603 0.416992 0.143603 0.416016 0.144909 0.415039 0.144909 0.413086 0.147520 0.412109 0.147520 0.411133 0.148825 0.410156 0.148825
0 0.395508 0.167102 0.395508 0.176240 0.396484 0.177546 0.396484 0.187990 0.399414 0.187990 0.400391 0.189295 0.403320 0.189295 0.404297 0.190601 0.406250 0.190601 0.407227 0.191906 0.409180 0.191906 0.410156 0.193211 0.412109 0.193211 0.414062 0.190601 0.422852 0.190601 0.425781 0.187990 0.429688 0.187990 0.432617 0.185379 0.432617 0.176240 0.430664 0.173629 0.429688 0.173629 0.428711 0.172324 0.427734 0.172324 0.426758 0.171018 0.423828 0.169713 0.421875 0.167102 0.420898 0.167102 0.419922 0.165796 0.418945 0.165796 0.416016 0.163185 0.413086 0.163185 0.412109 0.161880 0.406250 0.161880 0.405273 0.160574 0.403320 0.160574 0.402344 0.161880 0.399414 0.161880 0.398438 0.163185 0.397461 0.163185
0 0.415039 0.191906 0.410156 0.198433 0.410156 0.199739 0.409180 0.201044 0.409180 0.204961 0.408203 0.206266 0.408203 0.210183 0.407227 0.211488 0.407227 0.219321 0.406250 0.220627 0.407227 0.221932 0.408203 0.225849 0.411133 0.228460 0.413086 0.228460 0.416016 0.231070 0.417969 0.231070 0.418945 0.232376 0.420898 0.232376 0.421875 0.233681 0.423828 0.233681 0.424805 0.234987 0.433594 0.234987 0.434570 0.236292 0.439453 0.229765 0.439453 0.228460 0.444336 0.223238 0.445312 0.219321 0.449219 0.212794 0.449219 0.208877 0.445312 0.202350 0.444336 0.195822 0.443359 0.194517 0.438477 0.191906 0.436523 0.189295 0.426758 0.189295 0.425781 0.190601 0.422852 0.190601 0.421875 0.191906
0 0.469727 0.234987 0.467773 0.232376 0.466797 0.232376 0.459961 0.227154 0.458008 0.227154 0.455078 0.224543 0.448242 0.224543 0.447266 0.225849 0.443359 0.225849 0.440430 0.229765 0.440430 0.231070 0.436523 0.237598 0.436523 0.238903 0.434570 0.242820 0.433594 0.249347 0.431641 0.253264 0.431641 0.262402 0.433594 0.265013 0.433594 0.267624 0.434570 0.268930 0.434570 0.271540 0.435547 0.272846 0.435547 0.274151 0.439453 0.274151 0.439453 0.271540 0.437500 0.268930 0.437500 0.266319 0.438477 0.265013 0.439453 0.265013 0.440430 0.266319 0.443359 0.267624 0.445312 0.270235 0.447266 0.270235 0.449219 0.272846 0.450195 0.272846 0.451172 0.274151 0.453125 0.274151 0.454102 0.275457 0.458984 0.272846 0.462891 0.267624 0.463867 0.267624 0.463867 0.266319 0.464844 0.265013 0.464844 0.261097 0.468750 0.255875 0.468750 0.253264 0.469727 0.251958 0.468750 0.250653 0.468750 0.246736 0.469727 0.245431
0 0.393555 0.202350 0.391602 0.202350 0.388672 0.199739 0.381836 0.199739 0.380859 0.198433 0.379883 0.198433 0.378906 0.199739 0.368164 0.199739 0.367188 0.201044 0.366211 0.201044 0.366211 0.202350 0.362305 0.207572 0.362305 0.208877 0.361328 0.210183 0.361328 0.215405 0.360352 0.216710 0.360352 0.223238 0.359375 0.224543 0.359375 0.228460 0.360352 0.229765 0.360352 0.231070 0.366211 0.231070 0.367188 0.232376 0.370117 0.241514 0.371094 0.242820 0.372070 0.242820 0.375977 0.248042 0.380859 0.248042 0.381836 0.246736 0.382812 0.246736 0.384766 0.244125 0.385742 0.244125 0.390625 0.237598 0.391602 0.237598 0.397461 0.229765 0.397461 0.228460 0.398438 0.227154 0.398438 0.220627 0.397461 0.219321 0.397461 0.216710 0.396484 0.215405 0.396484 0.210183 0.395508 0.208877 0.395508 0.206266
0 0.363281 0.263708 0.359375 0.259791 0.359375 0.258486 0.355469 0.253264 0.355469 0.251958 0.354492 0.251958 0.352539 0.249347 0.351562 0.249347 0.348633 0.246736 0.346680 0.246736 0.345703 0.245431 0.344727 0.245431 0.343750 0.246736 0.340820 0.248042 0.337891 0.251958 0.336914 0.251958 0.333008 0.255875 0.332031 0.255875 0.327148 0.262402 0.326172 0.262402 0.322266 0.267624 0.321289 0.267624 0.320312 0.268930 0.320312 0.274151 0.319336 0.275457 0.319336 0.281984 0.321289 0.284595 0.321289 0.285901 0.326172 0.292428 0.327148 0.291123 0.333984 0.291123 0.337891 0.295039 0.342773 0.295039 0.345703 0.292428 0.348633 0.292428 0.349609 0.291123 0.350586 0.291123 0.352539 0.288512 0.353516 0.288512 0.357422 0.283290 0.357422 0.281984 0.363281 0.274151 0.363281 0.271540 0.364258 0.270235 0.364258 0.266319 0.363281 0.265013
0 0.387695 0.249347 0.382812 0.249347 0.381836 0.250653 0.378906 0.250653 0.377930 0.251958 0.375977 0.251958 0.375000 0.253264 0.370117 0.255875 0.367188 0.259791 0.367188 0.261097 0.366211 0.262402 0.366211 0.265013 0.367188 0.266319 0.367188 0.275457 0.368164 0.276762 0.368164 0.280679 0.369141 0.281984 0.369141 0.293734 0.370117 0.295039 0.372070 0.301567 0.376953 0.301567 0.377930 0.300261 0.380859 0.300261 0.381836 0.298956 0.384766 0.298956 0.385742 0.297650 0.386719 0.297650 0.387695 0.296345 0.388672 0.296345 0.389648 0.295039 0.394531 0.292428 0.396484 0.289817 0.397461 0.289817 0.398438 0.288512 0.398438 0.285901 0.399414 0.284595 0.399414 0.275457 0.400391 0.274151 0.400391 0.272846 0.399414 0.271540 0.399414 0.266319 0.398438 0.265013 0.398438 0.263708 0.395508 0.259791 0.394531 0.259791 0.393555 0.258486 0.393555 0.257180
0 0.411133 0.272846 0.409180 0.275457 0.408203 0.275457 0.407227 0.276762 0.402344 0.279373 0.402344 0.280679 0.401367 0.281984 0.401367 0.289817 0.402344 0.291123 0.402344 0.296345 0.403320 0.297650 0.403320 0.308094 0.404297 0.309399 0.404297 0.315927 0.405273 0.315927 0.407227 0.318538 0.409180 0.318538 0.410156 0.319843 0.414062 0.319843 0.415039 0.321149 0.419922 0.321149 0.424805 0.317232 0.426758 0.317232 0.427734 0.315927 0.429688 0.315927 0.431641 0.313316 0.432617 0.313316 0.436523 0.308094 0.436523 0.302872 0.435547 0.301567 0.435547 0.298956 0.436523 0.297650 0.436523 0.288512 0.435547 0.287206 0.435547 0.285901 0.429688 0.278068 0.426758 0.276762 0.424805 0.274151 0.423828 0.274151 0.422852 0.272846
0 0.448242 0.302872 0.446289 0.302872 0.445312 0.304178 0.442383 0.305483 0.438477 0.310705 0.437500 0.310705 0.437500 0.312010 0.435547 0.314621 0.435547 0.315927 0.434570 0.317232 0.433594 0.323760 0.431641 0.326371 0.431641 0.339426 0.432617 0.340731 0.432617 0.342037 0.437500 0.348564 0.437500 0.349869 0.439453 0.352480 0.442383 0.352480 0.444336 0.349869 0.445312 0.349869 0.450195 0.345953 0.457031 0.345953 0.458008 0.347258 0.462891 0.347258 0.463867 0.345953 0.465820 0.345953 0.470703 0.338120 0.470703 0.335509 0.472656 0.331593 0.472656 0.328982 0.471680 0.327676 0.471680 0.326371 0.470703 0.326371 0.467773 0.322454 0.467773 0.321149 0.462891 0.314621 0.461914 0.314621 0.458008 0.309399 0.457031 0.309399
0 0.368164 0.304178 0.364258 0.309399 0.363281 0.313316 0.361328 0.315927 0.361328 0.317232 0.359375 0.321149 0.360352 0.322454 0.360352 0.326371 0.361328 0.327676 0.361328 0.328982 0.369141 0.339426 0.369141 0.340731 0.370117 0.340731 0.373047 0.343342 0.375000 0.343342 0.376953 0.345953 0.377930 0.345953 0.378906 0.347258 0.385742 0.347258 0.387695 0.349869 0.388672 0.349869 0.394531 0.343342 0.395508 0.343342 0.398438 0.339426 0.398438 0.338120 0.399414 0.336815 0.399414 0.327676 0.400391 0.326371 0.399414 0.325065 0.399414 0.321149 0.398438 0.319843 0.398438 0.317232 0.397461 0.315927 0.397461 0.314621 0.392578 0.308094 0.391602 0.308094 0.389648 0.305483 0.386719 0.304178 0.384766 0.301567 0.379883 0.301567 0.378906 0.302872 0.376953 0.302872 0.375977 0.304178
0 0.304688 0.297650 0.303711 0.298956 0.300781 0.298956 0.297852 0.302872 0.296875 0.302872 0.295898 0.304178 0.293945 0.304178 0.291992 0.306789 0.291016 0.306789 0.289062 0.309399 0.288086 0.309399 0.285156 0.313316 0.285156 0.314621 0.284180 0.315927 0.284180 0.330287 0.286133 0.332898 0.287109 0.336815 0.290039 0.340731 0.291016 0.340731 0.292969 0.338120 0.299805 0.338120 0.300781 0.339426 0.301758 0.339426 0.306641 0.343342 0.308594 0.343342 0.309570 0.344648 0.312500 0.342037 0.314453 0.342037 0.315430 0.340731 0.316406 0.340731 0.317383 0.339426 0.319336 0.339426 0.320312 0.338120 0.320312 0.335509 0.321289 0.334204 0.321289 0.330287 0.323242 0.326371 0.323242 0.313316 0.322266 0.312010 0.322266 0.309399 0.320312 0.306789 0.320312 0.305483 0.319336 0.305483 0.318359 0.304178 0.317383 0.304178 0.308594 0.297650
0 0.367188 0.340731 0.362305 0.334204 0.359375 0.325065 0.357422 0.322454 0.356445 0.322454 0.355469 0.321149 0.353516 0.321149 0.352539 0.319843 0.349609 0.319843 0.348633 0.318538 0.345703 0.318538 0.344727 0.319843 0.339844 0.319843 0.338867 0.321149 0.334961 0.321149 0.333984 0.322454 0.332031 0.322454 0.331055 0.323760 0.330078 0.323760 0.323242 0.331593 0.323242 0.338120 0.322266 0.339426 0.322266 0.340731 0.323242 0.342037 0.323242 0.347258 0.326172 0.353786 0.326172 0.357702 0.327148 0.359008 0.327148 0.360313 0.330078 0.362924 0.335938 0.362924 0.336914 0.361619 0.341797 0.360313 0.347656 0.355091 0.350586 0.355091 0.351562 0.353786 0.353516 0.353786 0.356445 0.351175 0.358398 0.351175 0.359375 0.349869 0.362305 0.349869 0.365234 0.347258
0 0.393555 0.351175 0.393555 0.356397 0.395508 0.359008 0.395508 0.361619 0.396484 0.362924 0.396484 0.365535 0.400391 0.374674 0.402344 0.374674 0.403320 0.373368 0.409180 0.373368 0.410156 0.372063 0.415039 0.372063 0.416016 0.370757 0.421875 0.370757 0.422852 0.369452 0.427734 0.369452 0.428711 0.368146 0.429688 0.368146 0.434570 0.361619 0.434570 0.360313 0.435547 0.359008 0.435547 0.355091 0.434570 0.353786 0.434570 0.352480 0.432617 0.349869 0.431641 0.345953 0.428711 0.342037 0.427734 0.338120 0.425781 0.335509 0.424805 0.335509 0.423828 0.334204 0.420898 0.334204 0.419922 0.335509 0.416016 0.335509 0.415039 0.334204 0.408203 0.334204 0.407227 0.335509 0.404297 0.336815 0.402344 0.339426 0.401367 0.339426 0.395508 0.347258 0.395508 0.348564
0 0.466797 0.347258 0.464844 0.347258 0.463867 0.348564 0.459961 0.348564 0.458984 0.349869 0.455078 0.347258 0.453125 0.347258 0.453125 0.348564 0.449219 0.352480 0.447266 0.352480 0.445312 0.355091 0.439453 0.359008 0.437500 0.361619 0.437500 0.362924 0.430664 0.370757 0.430664 0.375979 0.433594 0.381201 0.433594 0.390339 0.434570 0.391645 0.434570 0.394256 0.436523 0.396867 0.437500 0.399478 0.437500 0.402089 0.442383 0.408616 0.444336 0.409922 0.449219 0.409922 0.450195 0.411227 0.456055 0.411227 0.460938 0.406005 0.461914 0.406005 0.465820 0.400783 0.466797 0.400783 0.469727 0.395561 0.469727 0.389034 0.470703 0.387728 0.470703 0.379896 0.471680 0.378590 0.471680 0.375979 0.470703 0.374674 0.470703 0.370757 0.469727 0.369452 0.469727 0.359008 0.470703 0.357702 0.470703 0.351175
0 0.390625 0.356397 0.388672 0.353786 0.386719 0.353786 0.385742 0.352480 0.383789 0.352480 0.382812 0.351175 0.380859 0.351175 0.379883 0.349869 0.378906 0.351175 0.375977 0.351175 0.374023 0.353786 0.371094 0.355091 0.367188 0.360313 0.364258 0.361619 0.361328 0.365535 0.358398 0.366841 0.355469 0.370757 0.352539 0.372063 0.351562 0.373368 0.351562 0.375979 0.350586 0.377285 0.350586 0.378590 0.351562 0.379896 0.352539 0.386423 0.354492 0.390339 0.354492 0.392950 0.356445 0.395561 0.356445 0.396867 0.361328 0.396867 0.362305 0.395561 0.381836 0.395561 0.382812 0.394256 0.384766 0.394256 0.386719 0.391645 0.388672 0.391645 0.394531 0.383812 0.394531 0.382507 0.396484 0.379896 0.396484 0.375979 0.394531 0.373368 0.394531 0.368146 0.393555 0.366841 0.393555 0.364230 0.392578 0.362924
0 0.275391 0.361619 0.275391 0.365535 0.274414 0.366841 0.275391 0.368146 0.275391 0.378590 0.279297 0.389034 0.280273 0.389034 0.283203 0.394256 0.285156 0.394256 0.286133 0.395561 0.288086 0.394256 0.291016 0.394256 0.293945 0.396867 0.296875 0.396867 0.298828 0.398172 0.299805 0.396867 0.302734 0.396867 0.306641 0.392950 0.307617 0.395561 0.309570 0.396867 0.311523 0.396867 0.312500 0.395561 0.314453 0.395561 0.318359 0.389034 0.318359 0.387728 0.315430 0.387728 0.314453 0.390339 0.312500 0.387728 0.314453 0.385117 0.314453 0.381201 0.316406 0.377285 0.316406 0.373368 0.318359 0.370757 0.318359 0.368146 0.319336 0.366841 0.318359 0.365535 0.318359 0.361619 0.310547 0.352480 0.302734 0.352480 0.301758 0.351175 0.296875 0.351175 0.295898 0.352480 0.292969 0.352480 0.291992 0.353786 0.288086 0.353786 0.287109 0.355091 0.284180 0.355091 0.283203 0.356397 0.279297 0.356397
0 0.331055 0.372063 0.329102 0.374674 0.329102 0.375979 0.327148 0.378590 0.327148 0.379896 0.325195 0.382507 0.325195 0.383812 0.322266 0.387728 0.322266 0.389034 0.318359 0.394256 0.318359 0.403394 0.319336 0.404700 0.319336 0.408616 0.320312 0.409922 0.322266 0.416449 0.325195 0.420366 0.330078 0.422977 0.333008 0.426893 0.334961 0.426893 0.335938 0.428198 0.340820 0.428198 0.341797 0.426893 0.342773 0.426893 0.345703 0.422977 0.348633 0.421671 0.355469 0.413838 0.355469 0.399478 0.354492 0.398172 0.354492 0.396867 0.353516 0.395561 0.350586 0.386423 0.348633 0.383812 0.348633 0.382507 0.346680 0.379896 0.346680 0.378590 0.342773 0.373368 0.338867 0.373368 0.337891 0.372063
0 0.453125 0.421671 0.449219 0.426893 0.449219 0.430809 0.448242 0.432115 0.448242 0.434726 0.447266 0.436031 0.447266 0.439948 0.446289 0.441253 0.446289 0.447781 0.445312 0.449086 0.445312 0.453003 0.446289 0.454308 0.446289 0.456919 0.452148 0.466057 0.455078 0.466057 0.456055 0.467363 0.462891 0.467363 0.463867 0.468668 0.466797 0.468668 0.467773 0.469974 0.471680 0.469974 0.472656 0.468668 0.477539 0.467363 0.478516 0.466057 0.478516 0.464752 0.480469 0.462141 0.481445 0.462141 0.481445 0.453003 0.482422 0.451697 0.482422 0.439948 0.483398 0.438642 0.483398 0.434726 0.479492 0.429504 0.477539 0.429504 0.476562 0.428198 0.475586 0.428198 0.473633 0.425587 0.472656 0.425587 0.470703 0.422977 0.469727 0.422977 0.466797 0.420366 0.464844 0.420366 0.463867 0.419060 0.457031 0.419060 0.456055 0.420366
0 0.416992 0.402089 0.400391 0.402089 0.399414 0.403394 0.387695 0.403394 0.386719 0.404700 0.384766 0.404700 0.384766 0.406005 0.380859 0.415144 0.380859 0.432115 0.381836 0.433420 0.381836 0.437337 0.385742 0.442559 0.387695 0.442559 0.389648 0.445170 0.391602 0.445170 0.392578 0.446475 0.399414 0.446475 0.400391 0.445170 0.403320 0.446475 0.404297 0.445170 0.411133 0.445170 0.412109 0.443864 0.413086 0.443864 0.415039 0.441253 0.415039 0.439948 0.416016 0.438642 0.416016 0.436031 0.416992 0.434726 0.416992 0.433420 0.419922 0.429504 0.419922 0.426893 0.420898 0.425587 0.420898 0.409922 0.419922 0.408616 0.419922 0.406005
0 0.254883 0.402089 0.250977 0.407311 0.250977 0.411227 0.250000 0.412533 0.250000 0.425587 0.250977 0.426893 0.250977 0.434726 0.251953 0.436031 0.251953 0.439948 0.254883 0.439948 0.256836 0.442559 0.257812 0.442559 0.258789 0.443864 0.260742 0.443864 0.261719 0.445170 0.268555 0.445170 0.269531 0.446475 0.275391 0.446475 0.276367 0.445170 0.276367 0.443864 0.282227 0.436031 0.283203 0.436031 0.284180 0.434726 0.284180 0.433420 0.286133 0.430809 0.286133 0.429504 0.288086 0.425587 0.288086 0.422977 0.289062 0.421671 0.289062 0.411227 0.285156 0.406005 0.284180 0.406005 0.281250 0.402089 0.280273 0.402089 0.279297 0.400783 0.275391 0.400783 0.274414 0.399478 0.258789 0.399478 0.256836 0.402089
0 0.326172 0.425587 0.324219 0.425587 0.323242 0.424282 0.321289 0.424282 0.320312 0.422977 0.315430 0.422977 0.314453 0.424282 0.297852 0.424282 0.296875 0.425587 0.295898 0.425587 0.291016 0.432115 0.290039 0.432115 0.289062 0.433420 0.288086 0.437337 0.286133 0.439948 0.286133 0.442559 0.285156 0.443864 0.285156 0.445170 0.284180 0.446475 0.284180 0.449086 0.283203 0.450392 0.283203 0.453003 0.284180 0.454308 0.284180 0.458225 0.285156 0.459530 0.285156 0.460836 0.286133 0.460836 0.291016 0.467363 0.291016 0.468668 0.291992 0.468668 0.292969 0.469974 0.296875 0.469974 0.297852 0.471279 0.307617 0.471279 0.308594 0.469974 0.309570 0.469974 0.313477 0.464752 0.316406 0.463446 0.318359 0.460836 0.318359 0.459530 0.320312 0.456919 0.322266 0.450392 0.325195 0.446475 0.325195 0.441253 0.324219 0.439948 0.324219 0.436031 0.325195 0.434726 0.325195 0.428198 0.326172 0.426893
0 0.334961 0.450392 0.328125 0.459530 0.327148 0.463446 0.325195 0.466057 0.325195 0.488251 0.326172 0.489556 0.326172 0.490862 0.331055 0.490862 0.332031 0.492167 0.333984 0.492167 0.335938 0.494778 0.336914 0.494778 0.337891 0.496084 0.339844 0.496084 0.340820 0.497389 0.345703 0.497389 0.346680 0.498695 0.354492 0.498695 0.356445 0.496084 0.357422 0.496084 0.358398 0.494778 0.358398 0.493473 0.360352 0.489556 0.360352 0.485640 0.361328 0.484334 0.361328 0.479112 0.362305 0.477807 0.362305 0.471279 0.361328 0.469974 0.361328 0.468668 0.356445 0.462141 0.355469 0.462141 0.353516 0.459530 0.352539 0.459530 0.349609 0.455614 0.346680 0.454308 0.344727 0.451697 0.343750 0.451697 0.342773 0.450392 0.339844 0.450392 0.338867 0.449086 0.336914 0.449086 0.335938 0.450392
0 0.392578 0.462141 0.390625 0.462141 0.389648 0.460836 0.386719 0.460836 0.385742 0.459530 0.379883 0.459530 0.378906 0.460836 0.374023 0.462141 0.369141 0.466057 0.367188 0.466057 0.364258 0.468668 0.364258 0.469974 0.363281 0.471279 0.363281 0.483029 0.362305 0.484334 0.362305 0.492167 0.361328 0.493473 0.361328 0.498695 0.362305 0.500000 0.362305 0.503916 0.365234 0.510444 0.366211 0.509138 0.369141 0.507833 0.370117 0.509138 0.371094 0.509138 0.374023 0.511749 0.375977 0.511749 0.376953 0.513055 0.384766 0.513055 0.385742 0.511749 0.387695 0.511749 0.394531 0.506527 0.394531 0.505222 0.395508 0.503916 0.395508 0.493473 0.396484 0.492167 0.396484 0.475196 0.395508 0.473890 0.395508 0.466057
0 0.410156 0.486945 0.409180 0.488251 0.409180 0.494778 0.408203 0.496084 0.408203 0.509138 0.407227 0.510444 0.407227 0.514360 0.409180 0.516971 0.409180 0.518277 0.410156 0.518277 0.412109 0.520888 0.413086 0.520888 0.415039 0.523499 0.416016 0.523499 0.416992 0.524804 0.418945 0.524804 0.419922 0.526110 0.422852 0.526110 0.423828 0.527415 0.425781 0.527415 0.426758 0.528721 0.429688 0.528721 0.430664 0.530026 0.433594 0.526110 0.438477 0.526110 0.442383 0.518277 0.442383 0.515666 0.443359 0.514360 0.443359 0.509138 0.444336 0.507833 0.444336 0.493473 0.443359 0.492167 0.443359 0.490862 0.441406 0.488251 0.441406 0.486945 0.440430 0.486945 0.437500 0.483029 0.434570 0.483029 0.433594 0.481723 0.420898 0.481723 0.417969 0.484334 0.416016 0.484334 0.415039 0.485640 0.412109 0.485640 0.411133 0.486945
0 0.472656 0.476501 0.471680 0.476501 0.470703 0.475196 0.462891 0.475196 0.458008 0.481723 0.457031 0.485640 0.454102 0.489556 0.454102 0.490862 0.450195 0.497389 0.450195 0.498695 0.446289 0.507833 0.446289 0.513055 0.450195 0.518277 0.450195 0.522193 0.451172 0.523499 0.451172 0.528721 0.451172 0.524804 0.454102 0.522193 0.457031 0.523499 0.461914 0.530026 0.466797 0.530026 0.467773 0.528721 0.469727 0.528721 0.470703 0.527415 0.474609 0.527415 0.477539 0.523499 0.477539 0.522193 0.478516 0.520888 0.478516 0.518277 0.483398 0.513055 0.483398 0.506527 0.484375 0.505222 0.484375 0.498695 0.483398 0.497389 0.482422 0.490862 0.481445 0.489556 0.481445 0.488251
0 0.407227 0.516971 0.403320 0.516971 0.402344 0.515666 0.390625 0.515666 0.389648 0.516971 0.386719 0.516971 0.382812 0.520888 0.382812 0.522193 0.381836 0.523499 0.381836 0.526110 0.376953 0.536554 0.376953 0.539164 0.375977 0.540470 0.375977 0.548303 0.375000 0.549608 0.375977 0.550914 0.375977 0.553525 0.377930 0.556136 0.377930 0.557441 0.380859 0.562663 0.381836 0.569191 0.383789 0.571802 0.385742 0.571802 0.386719 0.573107 0.390625 0.573107 0.391602 0.574413 0.395508 0.574413 0.396484 0.573107 0.397461 0.573107 0.400391 0.569191 0.402344 0.569191 0.403320 0.567885 0.407227 0.567885 0.409180 0.565274 0.409180 0.563969 0.411133 0.560052 0.411133 0.557441 0.412109 0.556136 0.412109 0.552219 0.415039 0.545692 0.415039 0.544386 0.414062 0.543081 0.414062 0.536554 0.415039 0.535248 0.414062 0.533943 0.414062 0.526110 0.413086 0.524804 0.413086 0.523499
0 0.437500 0.543081 0.436523 0.544386 0.435547 0.544386 0.432617 0.548303 0.429688 0.549608 0.426758 0.553525 0.422852 0.565274 0.419922 0.569191 0.418945 0.569191 0.418945 0.570496 0.417969 0.571802 0.422852 0.583551 0.422852 0.587467 0.424805 0.590078 0.426758 0.590078 0.427734 0.591384 0.429688 0.591384 0.430664 0.592689 0.433594 0.593995 0.435547 0.596606 0.436523 0.596606 0.440430 0.601828 0.441406 0.601828 0.442383 0.603133 0.442383 0.600522 0.443359 0.599217 0.443359 0.593995 0.445312 0.591384 0.450195 0.590078 0.451172 0.588773 0.454102 0.587467 0.456055 0.584856 0.456055 0.582245 0.457031 0.580940 0.457031 0.578329 0.458008 0.577023 0.458008 0.574413 0.458984 0.573107 0.458984 0.560052 0.458008 0.558747 0.456055 0.552219 0.453125 0.548303 0.452148 0.548303 0.451172 0.546997 0.449219 0.546997 0.448242 0.545692 0.446289 0.545692 0.443359 0.543081
0 0.256836 0.463446 0.248047 0.463446 0.245117 0.466057 0.240234 0.466057 0.239258 0.467363 0.235352 0.467363 0.230469 0.476501 0.230469 0.481723 0.229492 0.483029 0.229492 0.486945 0.228516 0.488251 0.228516 0.494778 0.229492 0.496084 0.230469 0.502611 0.233398 0.509138 0.236328 0.510444 0.239258 0.514360 0.240234 0.514360 0.243164 0.516971 0.247070 0.516971 0.248047 0.515666 0.250977 0.514360 0.253906 0.510444 0.262695 0.505222 0.267578 0.498695 0.267578 0.496084 0.269531 0.492167 0.269531 0.489556 0.270508 0.488251 0.270508 0.483029 0.269531 0.481723 0.269531 0.479112 0.267578 0.476501 0.267578 0.475196 0.265625 0.472585 0.264648 0.472585 0.261719 0.467363 0.260742 0.467363
0 0.221680 0.488251 0.220703 0.488251 0.219727 0.486945 0.210938 0.486945 0.209961 0.485640 0.208984 0.485640 0.208008 0.486945 0.205078 0.488251 0.203125 0.490862 0.200195 0.492167 0.197266 0.496084 0.196289 0.496084 0.190430 0.503916 0.190430 0.506527 0.189453 0.507833 0.189453 0.509138 0.191406 0.513055 0.190430 0.519582 0.191406 0.520888 0.191406 0.523499 0.192383 0.524804 0.192383 0.531332 0.191406 0.532637 0.191406 0.540470 0.193359 0.543081 0.194336 0.543081 0.195312 0.544386 0.200195 0.544386 0.204102 0.540470 0.208008 0.540470 0.229492 0.516971 0.229492 0.502611 0.228516 0.501305 0.228516 0.498695 0.227539 0.497389 0.226562 0.493473 0.225586 0.492167 0.224609 0.492167
0 0.281250 0.503916 0.280273 0.503916 0.279297 0.502611 0.274414 0.502611 0.273438 0.503916 0.272461 0.503916 0.270508 0.506527 0.269531 0.506527 0.267578 0.509138 0.266602 0.509138 0.252930 0.526110 0.252930 0.528721 0.251953 0.530026 0.252930 0.531332 0.252930 0.535248 0.254883 0.539164 0.254883 0.543081 0.255859 0.544386 0.256836 0.550914 0.258789 0.553525 0.261719 0.553525 0.262695 0.554830 0.280273 0.554830 0.281250 0.553525 0.286133 0.550914 0.290039 0.545692 0.291016 0.545692 0.293945 0.540470 0.293945 0.535248 0.291992 0.531332 0.291992 0.523499 0.290039 0.519582 0.289062 0.513055 0.284180 0.506527 0.283203 0.506527
0 0.298828 0.531332 0.296875 0.533943 0.296875 0.535248 0.295898 0.536554 0.295898 0.539164 0.292969 0.545692 0.292969 0.548303 0.291992 0.549608 0.291992 0.558747 0.292969 0.560052 0.293945 0.563969 0.297852 0.570496 0.299805 0.577023 0.305664 0.584856 0.309570 0.584856 0.310547 0.583551 0.317383 0.583551 0.318359 0.582245 0.325195 0.578329 0.325195 0.577023 0.329102 0.571802 0.329102 0.570496 0.331055 0.567885 0.331055 0.566580 0.334961 0.557441 0.334961 0.549608 0.333984 0.548303 0.331055 0.539164 0.330078 0.537859 0.328125 0.537859 0.327148 0.536554 0.324219 0.536554 0.323242 0.535248 0.320312 0.535248 0.319336 0.533943 0.316406 0.533943 0.315430 0.532637 0.311523 0.532637 0.310547 0.531332 0.306641 0.531332 0.305664 0.530026 0.300781 0.530026 0.299805 0.531332
0 0.356445 0.539164 0.352539 0.544386 0.351562 0.544386 0.343750 0.553525 0.342773 0.553525 0.338867 0.558747 0.337891 0.558747 0.335938 0.561358 0.335938 0.563969 0.334961 0.565274 0.334961 0.566580 0.335938 0.567885 0.335938 0.571802 0.336914 0.573107 0.336914 0.577023 0.337891 0.578329 0.337891 0.584856 0.338867 0.586162 0.338867 0.587467 0.339844 0.587467 0.340820 0.588773 0.342773 0.588773 0.345703 0.591384 0.349609 0.591384 0.350586 0.592689 0.363281 0.592689 0.364258 0.591384 0.365234 0.591384 0.369141 0.586162 0.370117 0.586162 0.372070 0.583551 0.372070 0.582245 0.375977 0.577023 0.375977 0.570496 0.375000 0.569191 0.375000 0.558747 0.374023 0.557441 0.374023 0.554830 0.373047 0.553525 0.373047 0.552219 0.368164 0.544386 0.367188 0.544386 0.365234 0.541775 0.364258 0.541775 0.361328 0.539164
0 0.375000 0.580940 0.375000 0.582245 0.374023 0.583551 0.374023 0.586162 0.373047 0.587467 0.373047 0.591384 0.371094 0.595300 0.371094 0.599217 0.370117 0.600522 0.370117 0.607050 0.368164 0.610966 0.368164 0.616188 0.369141 0.617493 0.372070 0.626632 0.373047 0.627937 0.374023 0.626632 0.377930 0.626632 0.378906 0.627937 0.379883 0.627937 0.380859 0.629243 0.382812 0.629243 0.383789 0.630548 0.394531 0.630548 0.395508 0.629243 0.399414 0.629243 0.400391 0.627937 0.402344 0.627937 0.403320 0.626632 0.403320 0.625326 0.404297 0.624021 0.404297 0.621410 0.408203 0.612272 0.408203 0.608355 0.409180 0.607050 0.409180 0.601828 0.410156 0.600522 0.411133 0.591384 0.408203 0.587467 0.406250 0.587467 0.405273 0.586162 0.403320 0.586162 0.402344 0.584856 0.400391 0.584856 0.399414 0.583551 0.394531 0.583551 0.393555 0.582245 0.387695 0.582245 0.386719 0.580940 0.382812 0.580940 0.381836 0.579634 0.376953 0.579634 0.375977 0.580940
0 0.440430 0.607050 0.416992 0.607050 0.416016 0.608355 0.414062 0.608355 0.410156 0.610966 0.410156 0.612272 0.408203 0.614883 0.406250 0.620104 0.406250 0.622715 0.405273 0.624021 0.404297 0.630548 0.403320 0.631854 0.403320 0.638381 0.404297 0.639687 0.404297 0.643603 0.405273 0.646214 0.407227 0.648825 0.409180 0.654047 0.415039 0.661880 0.421875 0.661880 0.422852 0.663185 0.425781 0.659269 0.427734 0.657963 0.429688 0.657963 0.430664 0.656658 0.432617 0.656658 0.434570 0.654047 0.438477 0.651436 0.450195 0.634465 0.450195 0.627937 0.447266 0.621410 0.447266 0.618799 0.445312 0.613577 0.443359 0.610966 0.443359 0.609661
0 0.237305 0.577023 0.237305 0.582245 0.238281 0.583551 0.238281 0.586162 0.239258 0.586162 0.240234 0.587467 0.245117 0.587467 0.249023 0.582245 0.252930 0.582245 0.253906 0.580940 0.256836 0.580940 0.257812 0.579634 0.260742 0.579634 0.263672 0.582245 0.265625 0.582245 0.266602 0.583551 0.267578 0.583551 0.271484 0.588773 0.272461 0.588773 0.273438 0.590078 0.275391 0.590078 0.276367 0.588773 0.276367 0.582245 0.277344 0.580940 0.277344 0.577023 0.276367 0.575718 0.276367 0.574413 0.272461 0.569191 0.271484 0.569191 0.270508 0.567885 0.268555 0.567885 0.265625 0.565274 0.263672 0.565274 0.259766 0.560052 0.256836 0.560052 0.255859 0.561358 0.253906 0.561358 0.252930 0.562663 0.251953 0.562663 0.250977 0.563969 0.248047 0.565274 0.241211 0.574413 0.240234 0.574413
0 0.269531 0.586162 0.268555 0.586162 0.267578 0.584856 0.265625 0.584856 0.264648 0.583551 0.263672 0.583551 0.262695 0.582245 0.260742 0.582245 0.259766 0.580940 0.257812 0.580940 0.256836 0.582245 0.253906 0.582245 0.252930 0.583551 0.250000 0.583551 0.249023 0.584856 0.247070 0.584856 0.246094 0.586162 0.241211 0.586162 0.240234 0.584856 0.239258 0.584856 0.237305 0.587467 0.237305 0.590078 0.236328 0.591384 0.236328 0.596606 0.235352 0.597911 0.235352 0.610966 0.234375 0.612272 0.234375 0.618799 0.235352 0.620104 0.235352 0.622715 0.236328 0.624021 0.236328 0.625326 0.237305 0.625326 0.239258 0.627937 0.240234 0.627937 0.243164 0.631854 0.243164 0.633159 0.244141 0.634465 0.246094 0.634465 0.247070 0.635770 0.249023 0.635770 0.250000 0.634465 0.251953 0.634465 0.252930 0.633159 0.258789 0.633159 0.259766 0.631854 0.261719 0.631854 0.262695 0.630548 0.264648 0.630548 0.265625 0.629243 0.266602 0.629243 0.268555 0.626632 0.268555 0.624021 0.269531 0.622715 0.269531 0.614883 0.270508 0.613577 0.270508 0.603133 0.271484 0.601828 0.271484 0.595300 0.272461 0.593995 0.272461 0.592689 0.269531 0.587467
0 0.307617 0.601828 0.305664 0.603133 0.304688 0.605744 0.300781 0.610966 0.297852 0.612272 0.292969 0.618799 0.291016 0.624021 0.291016 0.640992 0.291992 0.642298 0.291992 0.646214 0.292969 0.647520 0.292969 0.650131 0.294922 0.654047 0.300781 0.657963 0.302734 0.657963 0.303711 0.659269 0.306641 0.659269 0.307617 0.660574 0.312500 0.660574 0.313477 0.661880 0.318359 0.661880 0.320312 0.660574 0.321289 0.657963 0.321289 0.654047 0.322266 0.652742 0.322266 0.648825 0.323242 0.646214 0.329102 0.638381 0.330078 0.634465 0.333008 0.630548 0.333984 0.627937 0.333984 0.622715 0.333008 0.621410 0.333008 0.618799 0.332031 0.616188 0.327148 0.608355 0.325195 0.607050 0.323242 0.607050 0.320312 0.604439 0.317383 0.604439 0.316406 0.603133 0.313477 0.603133 0.312500 0.601828
0 0.291016 0.659269 0.290039 0.659269 0.287109 0.655352 0.285156 0.655352 0.283203 0.654047 0.280273 0.650131 0.278320 0.650131 0.276367 0.647520 0.274414 0.646214 0.271484 0.646214 0.270508 0.644909 0.266602 0.644909 0.265625 0.646214 0.261719 0.646214 0.260742 0.647520 0.257812 0.647520 0.250000 0.652742 0.249023 0.654047 0.249023 0.678851 0.250000 0.680157 0.250000 0.685379 0.254883 0.695822 0.254883 0.702350 0.255859 0.704961 0.257812 0.706266 0.259766 0.704961 0.261719 0.704961 0.266602 0.698433 0.268555 0.698433 0.269531 0.697128 0.271484 0.697128 0.272461 0.695822 0.274414 0.695822 0.278320 0.693211 0.279297 0.690601 0.279297 0.673629 0.285156 0.665796 0.287109 0.665796 0.289062 0.664491 0.291016 0.661880
0 0.302734 0.663185 0.295898 0.663185 0.294922 0.664491 0.291016 0.664491 0.286133 0.668407 0.284180 0.668407 0.282227 0.669713 0.280273 0.674935 0.280273 0.719321 0.281250 0.721932 0.283203 0.721932 0.284180 0.723238 0.287109 0.723238 0.288086 0.724543 0.291016 0.724543 0.291992 0.725849 0.298828 0.724543 0.303711 0.720627 0.306641 0.720627 0.308594 0.719321 0.314453 0.712794 0.318359 0.710183 0.319336 0.707572 0.319336 0.703655 0.318359 0.702350 0.319336 0.699739 0.319336 0.682768 0.318359 0.681462 0.318359 0.678851 0.315430 0.673629 0.314453 0.673629 0.311523 0.669713 0.308594 0.668407 0.306641 0.665796
0 0.338867 0.629243 0.334961 0.631854 0.330078 0.638381 0.330078 0.639687 0.324219 0.648825 0.324219 0.651436 0.323242 0.652742 0.324219 0.660574 0.325195 0.661880 0.325195 0.671018 0.326172 0.672324 0.327148 0.680157 0.331055 0.686684 0.338867 0.691906 0.343750 0.691906 0.344727 0.693211 0.347656 0.691906 0.347656 0.686684 0.349609 0.684073 0.351562 0.684073 0.353516 0.686684 0.353516 0.690601 0.358398 0.690601 0.361328 0.682768 0.363281 0.681462 0.363281 0.674935 0.364258 0.672324 0.366211 0.671018 0.365234 0.668407 0.365234 0.664491 0.366211 0.663185 0.366211 0.656658 0.365234 0.655352 0.365234 0.648825 0.364258 0.647520 0.364258 0.644909 0.357422 0.634465 0.353516 0.631854 0.351562 0.631854 0.347656 0.629243
0 0.461914 0.659269 0.458008 0.656658 0.456055 0.656658 0.455078 0.655352 0.453125 0.655352 0.452148 0.656658 0.438477 0.656658 0.436523 0.657963 0.435547 0.660574 0.426758 0.672324 0.423828 0.680157 0.423828 0.685379 0.422852 0.686684 0.422852 0.693211 0.423828 0.694517 0.423828 0.698433 0.425781 0.703655 0.425781 0.707572 0.431641 0.715405 0.433594 0.716710 0.435547 0.716710 0.436523 0.718016 0.438477 0.718016 0.439453 0.719321 0.446289 0.719321 0.448242 0.716710 0.452148 0.714099 0.460938 0.702350 0.461914 0.702350 0.463867 0.697128 0.463867 0.694517 0.467773 0.684073 0.467773 0.672324 0.466797 0.671018 0.466797 0.667102 0.465820 0.664491
0 0.403320 0.677546 0.400391 0.678851 0.396484 0.684073 0.394531 0.685379 0.392578 0.685379 0.390625 0.687990 0.387695 0.689295 0.382812 0.697128 0.380859 0.702350 0.380859 0.706266 0.379883 0.707572 0.379883 0.719321 0.380859 0.720627 0.380859 0.723238 0.381836 0.724543 0.381836 0.727154 0.382812 0.729765 0.386719 0.733681 0.387695 0.733681 0.389648 0.736292 0.390625 0.736292 0.392578 0.738903 0.393555 0.738903 0.395508 0.741514 0.400391 0.741514 0.402344 0.738903 0.403320 0.738903 0.410156 0.729765 0.411133 0.729765 0.416016 0.723238 0.416992 0.723238 0.424805 0.712794 0.424805 0.707572 0.423828 0.706266 0.422852 0.697128 0.419922 0.689295 0.418945 0.689295 0.413086 0.682768 0.411133 0.682768 0.410156 0.681462 0.407227 0.681462
0 0.361328 0.698433 0.354492 0.698433 0.353516 0.699739 0.347656 0.699739 0.346680 0.701044 0.342773 0.701044 0.341797 0.702350 0.338867 0.702350 0.337891 0.703655 0.329102 0.704961 0.327148 0.706266 0.325195 0.710183 0.325195 0.727154 0.328125 0.731070 0.332031 0.742820 0.334961 0.746736 0.334961 0.748042 0.336914 0.750653 0.338867 0.755875 0.343750 0.761097 0.347656 0.761097 0.348633 0.759791 0.350586 0.759791 0.352539 0.758486 0.354492 0.755875 0.356445 0.755875 0.357422 0.754569 0.361328 0.754569 0.363281 0.753264 0.365234 0.749347 0.365234 0.740209 0.366211 0.738903 0.366211 0.736292 0.368164 0.732376 0.368164 0.729765 0.370117 0.724543 0.370117 0.712794 0.369141 0.711488 0.369141 0.708877 0.368164 0.706266 0.363281 0.699739
0 0.314453 0.744125 0.310547 0.745431 0.308594 0.750653 0.300781 0.755875 0.295898 0.762402 0.293945 0.767624 0.292969 0.774151 0.291992 0.775457 0.291992 0.779373 0.290039 0.783290 0.290039 0.787206 0.292969 0.792428 0.293945 0.796345 0.297852 0.802872 0.297852 0.804178 0.304688 0.810705 0.304688 0.815927 0.308594 0.815927 0.309570 0.817232 0.311523 0.817232 0.312500 0.815927 0.316406 0.814621 0.322266 0.806789 0.323242 0.806789 0.325195 0.804178 0.326172 0.804178 0.328125 0.801567 0.334961 0.796345 0.335938 0.793734 0.335938 0.789817 0.336914 0.788512 0.336914 0.766319 0.334961 0.761097 0.326172 0.750653 0.324219 0.750653
0 0.372070 0.759791 0.369141 0.759791 0.366211 0.757180 0.359375 0.757180 0.358398 0.758486 0.356445 0.758486 0.350586 0.762402 0.343750 0.770235 0.343750 0.775457 0.342773 0.776762 0.342773 0.783290 0.341797 0.784595 0.341797 0.788512 0.338867 0.795039 0.338867 0.806789 0.340820 0.812010 0.344727 0.817232 0.348633 0.819843 0.350586 0.819843 0.351562 0.821149 0.361328 0.821149 0.362305 0.819843 0.366211 0.819843 0.372070 0.815927 0.374023 0.815927 0.379883 0.809399 0.380859 0.806789 0.380859 0.804178 0.381836 0.802872 0.381836 0.785901 0.380859 0.784595 0.379883 0.770235 0.377930 0.767624 0.377930 0.766319
0 0.402344 0.742820 0.398438 0.745431 0.395508 0.745431 0.387695 0.755875 0.382812 0.768930 0.382812 0.781984 0.383789 0.783290 0.383789 0.788512 0.384766 0.789817 0.385742 0.796345 0.387695 0.801567 0.390625 0.805483 0.390625 0.806789 0.395508 0.812010 0.399414 0.812010 0.400391 0.813316 0.406250 0.813316 0.408203 0.812010 0.408203 0.810705 0.414062 0.802872 0.416016 0.796345 0.421875 0.787206 0.425781 0.776762 0.425781 0.770235 0.424805 0.768930 0.424805 0.766319 0.423828 0.765013 0.422852 0.758486 0.417969 0.749347 0.416992 0.749347 0.412109 0.744125 0.409180 0.744125 0.408203 0.742820
0 0.466797 0.712794 0.465820 0.712794 0.459961 0.719321 0.456055 0.720627 0.452148 0.723238 0.450195 0.725849 0.449219 0.724543 0.446289 0.724543 0.444336 0.727154 0.442383 0.732376 0.438477 0.737598 0.438477 0.738903 0.436523 0.741514 0.433594 0.742820 0.431641 0.746736 0.431641 0.755875 0.432617 0.757180 0.433594 0.766319 0.434570 0.767624 0.434570 0.770235 0.436523 0.775457 0.437500 0.775457 0.442383 0.781984 0.446289 0.784595 0.453125 0.784595 0.454102 0.783290 0.458008 0.784595 0.459961 0.787206 0.461914 0.792428 0.465820 0.789817 0.466797 0.784595 0.467773 0.783290 0.467773 0.780679 0.469727 0.776762 0.469727 0.772846 0.470703 0.771540 0.470703 0.741514 0.469727 0.740209 0.469727 0.724543 0.468750 0.723238 0.468750 0.719321 0.467773 0.718016 0.467773 0.714099
0 0.465820 0.813316 0.461914 0.813316 0.460938 0.814621 0.456055 0.815927 0.452148 0.822454 0.450195 0.823760 0.449219 0.822454 0.447266 0.822454 0.444336 0.826371 0.443359 0.826371 0.441406 0.830287 0.441406 0.834204 0.440430 0.835509 0.440430 0.838120 0.438477 0.843342 0.438477 0.855091 0.439453 0.856397 0.439453 0.860313 0.440430 0.861619 0.440430 0.868146 0.442383 0.868146 0.447266 0.874674 0.449219 0.881201 0.454102 0.889034 0.461914 0.887728 0.462891 0.886423 0.467773 0.885117 0.470703 0.882507 0.472656 0.882507 0.474609 0.879896 0.475586 0.879896 0.476562 0.878590 0.476562 0.869452 0.478516 0.866841 0.479492 0.864230 0.479492 0.860313 0.480469 0.859008 0.480469 0.845953 0.479492 0.844648 0.478516 0.836815 0.476562 0.834204 0.475586 0.830287 0.474609 0.830287 0.471680 0.826371 0.471680 0.825065 0.470703 0.825065 0.467773 0.821149 0.467773 0.817232
0 0.373047 0.819843 0.361328 0.838120 0.359375 0.844648 0.357422 0.847258 0.357422 0.853786 0.361328 0.860313 0.368164 0.865535 0.375977 0.877285 0.379883 0.878590 0.380859 0.879896 0.382812 0.879896 0.389648 0.885117 0.393555 0.885117 0.397461 0.881201 0.402344 0.868146 0.402344 0.860313 0.403320 0.859008 0.403320 0.848564 0.404297 0.847258 0.403320 0.845953 0.403320 0.839426 0.400391 0.838120 0.394531 0.827676 0.394531 0.821149 0.392578 0.818538 0.392578 0.817232 0.387695 0.815927 0.386719 0.817232 0.380859 0.817232 0.379883 0.818538 0.375977 0.818538 0.375000 0.819843
0 0.345703 0.845953 0.342773 0.845953 0.338867 0.852480 0.333984 0.853786 0.326172 0.862924 0.322266 0.874674 0.322266 0.878590 0.321289 0.879896 0.321289 0.887728 0.320312 0.889034 0.320312 0.896867 0.321289 0.899478 0.330078 0.912533 0.331055 0.912533 0.336914 0.919060 0.340820 0.921671 0.342773 0.921671 0.343750 0.920366 0.348633 0.920366 0.348633 0.916449 0.360352 0.899478 0.360352 0.898172 0.362305 0.896867 0.362305 0.895561 0.365234 0.891645 0.366211 0.887728 0.368164 0.885117 0.368164 0.877285 0.367188 0.875979 0.367188 0.872063 0.366211 0.869452 0.358398 0.859008 0.358398 0.857702 0.357422 0.857702 0.353516 0.852480 0.348633 0.849869
0 0.302734 0.849869 0.299805 0.849869 0.297852 0.851175 0.293945 0.848564 0.289062 0.848564 0.288086 0.847258 0.278320 0.847258 0.276367 0.849869 0.273438 0.851175 0.266602 0.859008 0.266602 0.861619 0.262695 0.872063 0.262695 0.883812 0.261719 0.885117 0.261719 0.894256 0.262695 0.895561 0.262695 0.909922 0.263672 0.912533 0.271484 0.911227 0.274414 0.907311 0.285156 0.907311 0.286133 0.908616 0.290039 0.908616 0.291016 0.907311 0.300781 0.907311 0.301758 0.906005 0.303711 0.906005 0.308594 0.899478 0.308594 0.892950 0.310547 0.887728 0.310547 0.883812 0.309570 0.882507 0.309570 0.873368 0.308594 0.872063 0.307617 0.864230 0.304688 0.856397 0.304688 0.852480
0 0.392578 0.907311 0.390625 0.909922 0.388672 0.909922 0.387695 0.912533 0.383789 0.916449 0.383789 0.917755 0.377930 0.926893 0.375000 0.936031 0.375000 0.939948 0.374023 0.941253 0.375000 0.951697 0.375977 0.953003 0.376953 0.960836 0.381836 0.968668 0.386719 0.971279 0.394531 0.979112 0.396484 0.979112 0.399414 0.981723 0.404297 0.981723 0.404297 0.980418 0.407227 0.976501 0.408203 0.971279 0.410156 0.968668 0.410156 0.967363 0.416992 0.958225 0.418945 0.956919 0.421875 0.949086 0.421875 0.946475 0.423828 0.942559 0.423828 0.929504 0.420898 0.921671 0.411133 0.915144 0.404297 0.913838 0.403320 0.912533 0.401367 0.912533 0.398438 0.909922 0.396484 0.909922
0 0.501953 0.832898 0.496094 0.836815 0.494141 0.836815 0.488281 0.843342 0.487305 0.847258 0.485352 0.849869 0.483398 0.855091 0.482422 0.861619 0.480469 0.865535 0.480469 0.869452 0.479492 0.870757 0.479492 0.877285 0.480469 0.879896 0.486328 0.887728 0.487305 0.887728 0.490234 0.892950 0.494141 0.895561 0.497070 0.895561 0.498047 0.896867 0.501953 0.896867 0.502930 0.898172 0.505859 0.898172 0.511719 0.894256 0.509766 0.891645 0.509766 0.887728 0.512695 0.883812 0.517578 0.883812 0.519531 0.881201 0.520508 0.881201 0.521484 0.878590 0.521484 0.872063 0.522461 0.869452 0.520508 0.864230 0.520508 0.860313 0.519531 0.859008 0.519531 0.855091 0.518555 0.853786 0.518555 0.851175 0.516602 0.848564 0.516602 0.847258 0.504883 0.832898
0 0.574219 0.882507 0.571289 0.886423 0.567383 0.889034 0.565430 0.889034 0.560547 0.896867 0.557617 0.896867 0.555664 0.898172 0.554688 0.900783 0.554688 0.907311 0.553711 0.908616 0.553711 0.915144 0.555664 0.919060 0.555664 0.922977 0.557617 0.926893 0.556641 0.928198 0.556641 0.930809 0.558594 0.933420 0.558594 0.936031 0.567383 0.947781 0.569336 0.947781 0.570312 0.949086 0.574219 0.949086 0.575195 0.950392 0.579102 0.950392 0.583008 0.947781 0.586914 0.942559 0.588867 0.942559 0.592773 0.938642 0.593750 0.938642 0.598633 0.932115 0.600586 0.926893 0.600586 0.915144 0.599609 0.913838 0.599609 0.909922 0.596680 0.904700 0.596680 0.902089 0.592773 0.894256 0.591797 0.894256 0.588867 0.890339 0.583008 0.886423 0.581055 0.886423 0.576172 0.882507
0 0.607422 0.874674 0.604492 0.878590 0.604492 0.881201 0.602539 0.886423 0.600586 0.889034 0.600586 0.894256 0.603516 0.899478 0.603516 0.911227 0.604492 0.912533 0.606445 0.922977 0.609375 0.926893 0.613281 0.929504 0.617188 0.934726 0.627930 0.934726 0.628906 0.933420 0.632812 0.933420 0.639648 0.928198 0.647461 0.916449 0.651367 0.913838 0.652344 0.911227 0.652344 0.904700 0.651367 0.903394 0.651367 0.883812 0.648438 0.877285 0.640625 0.872063 0.631836 0.872063 0.630859 0.873368 0.619141 0.872063 0.618164 0.873368 0.614258 0.873368 0.611328 0.877285
0 0.668945 0.831593 0.666992 0.831593 0.666016 0.832898 0.658203 0.832898 0.654297 0.838120 0.653320 0.842037 0.647461 0.849869 0.647461 0.851175 0.646484 0.852480 0.646484 0.857702 0.645508 0.859008 0.645508 0.862924 0.644531 0.864230 0.644531 0.868146 0.649414 0.873368 0.651367 0.879896 0.653320 0.882507 0.653320 0.885117 0.657227 0.890339 0.658203 0.890339 0.661133 0.892950 0.664062 0.892950 0.665039 0.894256 0.666016 0.894256 0.666992 0.892950 0.669922 0.892950 0.671875 0.890339 0.671875 0.889034 0.673828 0.886423 0.674805 0.882507 0.676758 0.879896 0.677734 0.875979 0.680664 0.872063 0.680664 0.870757 0.682617 0.868146 0.682617 0.866841 0.685547 0.860313 0.685547 0.852480 0.674805 0.838120 0.674805 0.836815 0.671875 0.832898 0.669922 0.832898
0 0.595703 0.798956 0.585938 0.798956 0.584961 0.800261 0.582031 0.800261 0.579102 0.802872 0.576172 0.802872 0.573242 0.805483 0.569336 0.806789 0.568359 0.810705 0.566406 0.813316 0.562500 0.823760 0.562500 0.830287 0.561523 0.831593 0.562500 0.834204 0.569336 0.843342 0.572266 0.852480 0.578125 0.859008 0.580078 0.859008 0.583984 0.864230 0.583984 0.865535 0.585938 0.866841 0.590820 0.866841 0.591797 0.865535 0.595703 0.865535 0.596680 0.864230 0.598633 0.864230 0.607422 0.851175 0.607422 0.848564 0.610352 0.842037 0.610352 0.835509 0.611328 0.834204 0.610352 0.821149 0.607422 0.813316 0.597656 0.800261
0 0.489258 0.770235 0.488281 0.771540 0.486328 0.771540 0.480469 0.775457 0.480469 0.776762 0.477539 0.780679 0.477539 0.784595 0.473633 0.791123 0.473633 0.795039 0.472656 0.796345 0.473633 0.797650 0.473633 0.812010 0.474609 0.813316 0.474609 0.815927 0.479492 0.822454 0.487305 0.827676 0.489258 0.827676 0.496094 0.832898 0.499023 0.832898 0.502930 0.830287 0.505859 0.825065 0.507812 0.825065 0.508789 0.823760 0.512695 0.822454 0.518555 0.815927 0.518555 0.809399 0.519531 0.808094 0.519531 0.805483 0.521484 0.802872 0.521484 0.798956 0.522461 0.797650 0.522461 0.795039 0.521484 0.792428 0.512695 0.780679 0.511719 0.780679 0.509766 0.778068 0.507812 0.778068 0.498047 0.771540 0.495117 0.771540 0.494141 0.770235
0 0.548828 0.765013 0.546875 0.765013 0.541016 0.768930 0.537109 0.774151 0.537109 0.776762 0.534180 0.780679 0.529297 0.784595 0.527344 0.789817 0.527344 0.792428 0.524414 0.797650 0.524414 0.800261 0.521484 0.808094 0.521484 0.825065 0.522461 0.827676 0.526367 0.831593 0.534180 0.832898 0.537109 0.836815 0.541016 0.835509 0.541992 0.838120 0.541016 0.839426 0.539062 0.839426 0.538086 0.842037 0.545898 0.842037 0.544922 0.839426 0.545898 0.834204 0.548828 0.830287 0.551758 0.830287 0.554688 0.827676 0.556641 0.822454 0.562500 0.815927 0.562500 0.812010 0.565430 0.805483 0.565430 0.789817 0.564453 0.788512 0.564453 0.783290 0.563477 0.781984 0.563477 0.779373
0 0.671875 0.766319 0.667969 0.763708 0.665039 0.763708 0.664062 0.762402 0.656250 0.759791 0.653320 0.757180 0.648438 0.757180 0.646484 0.759791 0.643555 0.759791 0.641602 0.761097 0.639648 0.763708 0.638672 0.763708 0.636719 0.766319 0.634766 0.766319 0.632812 0.768930 0.632812 0.770235 0.629883 0.775457 0.630859 0.776762 0.630859 0.791123 0.629883 0.792428 0.629883 0.797650 0.634766 0.806789 0.634766 0.808094 0.637695 0.812010 0.637695 0.817232 0.636719 0.819843 0.634766 0.821149 0.636719 0.821149 0.637695 0.822454 0.639648 0.822454 0.640625 0.821149 0.642578 0.821149 0.643555 0.822454 0.655273 0.821149 0.659180 0.814621 0.661133 0.814621 0.666016 0.810705 0.666016 0.806789 0.666992 0.805483 0.667969 0.798956 0.669922 0.795039 0.670898 0.788512 0.673828 0.780679 0.673828 0.768930
0 0.603516 0.737598 0.601562 0.737598 0.600586 0.736292 0.596680 0.737598 0.595703 0.738903 0.593750 0.737598 0.583008 0.737598 0.578125 0.742820 0.576172 0.742820 0.573242 0.745431 0.569336 0.746736 0.565430 0.753264 0.565430 0.758486 0.567383 0.762402 0.568359 0.768930 0.571289 0.774151 0.576172 0.787206 0.576172 0.791123 0.579102 0.795039 0.583008 0.795039 0.583984 0.796345 0.599609 0.796345 0.605469 0.792428 0.609375 0.787206 0.612305 0.779373 0.613281 0.772846 0.614258 0.771540 0.614258 0.762402 0.613281 0.761097 0.613281 0.758486 0.612305 0.757180 0.611328 0.751958 0.605469 0.744125 0.605469 0.740209
0 0.533203 0.704961 0.531250 0.704961 0.526367 0.708877 0.522461 0.710183 0.518555 0.715405 0.517578 0.715405 0.514648 0.719321 0.513672 0.719321 0.510742 0.723238 0.510742 0.724543 0.502930 0.733681 0.502930 0.736292 0.501953 0.737598 0.501953 0.751958 0.504883 0.757180 0.504883 0.758486 0.509766 0.763708 0.514648 0.766319 0.516602 0.768930 0.516602 0.770235 0.520508 0.774151 0.523438 0.774151 0.524414 0.772846 0.530273 0.771540 0.534180 0.768930 0.536133 0.766319 0.540039 0.763708 0.543945 0.758486 0.547852 0.755875 0.551758 0.746736 0.551758 0.742820 0.552734 0.741514 0.552734 0.734987 0.551758 0.732376 0.547852 0.727154 0.547852 0.725849 0.546875 0.725849 0.541016 0.718016 0.541016 0.716710 0.538086 0.712794 0.538086 0.711488
0 0.490234 0.661880 0.482422 0.667102 0.477539 0.673629 0.477539 0.674935 0.471680 0.681462 0.471680 0.694517 0.472656 0.695822 0.472656 0.703655 0.473633 0.704961 0.473633 0.708877 0.475586 0.712794 0.475586 0.718016 0.476562 0.720627 0.481445 0.727154 0.485352 0.729765 0.488281 0.729765 0.489258 0.731070 0.497070 0.731070 0.510742 0.712794 0.510742 0.711488 0.513672 0.707572 0.513672 0.699739 0.510742 0.693211 0.510742 0.690601 0.506836 0.681462 0.506836 0.678851 0.504883 0.674935 0.504883 0.672324 0.501953 0.664491 0.500000 0.661880
0 0.555664 0.681462 0.547852 0.693211 0.547852 0.694517 0.543945 0.698433 0.543945 0.703655 0.546875 0.711488 0.546875 0.715405 0.547852 0.716710 0.547852 0.719321 0.550781 0.724543 0.551758 0.728460 0.552734 0.729765 0.555664 0.729765 0.559570 0.732376 0.561523 0.732376 0.562500 0.731070 0.567383 0.731070 0.571289 0.734987 0.580078 0.734987 0.583984 0.732376 0.589844 0.723238 0.594727 0.710183 0.594727 0.707572 0.595703 0.706266 0.595703 0.701044 0.591797 0.690601 0.588867 0.687990 0.582031 0.686684 0.579102 0.684073 0.574219 0.684073 0.573242 0.682768 0.570312 0.682768 0.569336 0.681462 0.565430 0.681462 0.564453 0.680157 0.558594 0.680157 0.557617 0.681462
0 0.636719 0.685379 0.628906 0.685379 0.626953 0.684073 0.625977 0.685379 0.623047 0.685379 0.622070 0.686684 0.617188 0.687990 0.610352 0.694517 0.607422 0.695822 0.605469 0.699739 0.605469 0.708877 0.603516 0.714099 0.603516 0.719321 0.602539 0.720627 0.602539 0.724543 0.601562 0.725849 0.601562 0.732376 0.602539 0.733681 0.606445 0.733681 0.609375 0.737598 0.610352 0.741514 0.616211 0.749347 0.618164 0.750653 0.621094 0.750653 0.622070 0.751958 0.626953 0.751958 0.627930 0.750653 0.630859 0.750653 0.634766 0.746736 0.637695 0.745431 0.642578 0.738903 0.646484 0.737598 0.646484 0.736292 0.648438 0.733681 0.647461 0.731070 0.647461 0.724543 0.648438 0.723238 0.648438 0.707572 0.649414 0.706266 0.648438 0.704961 0.648438 0.699739 0.646484 0.694517 0.645508 0.694517 0.642578 0.689295
0 0.665039 0.664491 0.665039 0.671018 0.664062 0.672324 0.664062 0.677546 0.663086 0.678851 0.663086 0.697128 0.664062 0.699739 0.666992 0.703655 0.669922 0.704961 0.672852 0.708877 0.674805 0.710183 0.676758 0.710183 0.681641 0.716710 0.686523 0.718016 0.688477 0.720627 0.697266 0.718016 0.699219 0.715405 0.700195 0.715405 0.707031 0.706266 0.707031 0.698433 0.706055 0.697128 0.707031 0.694517 0.707031 0.685379 0.706055 0.684073 0.706055 0.680157 0.705078 0.678851 0.705078 0.676240 0.701172 0.673629 0.698242 0.673629 0.696289 0.671018 0.692383 0.668407 0.690430 0.668407 0.689453 0.667102 0.687500 0.667102 0.686523 0.665796 0.681641 0.664491 0.676758 0.660574 0.668945 0.660574 0.666016 0.664491
0 0.651367 0.622715 0.646484 0.622715 0.645508 0.621410 0.641602 0.621410 0.640625 0.622715 0.639648 0.622715 0.638672 0.624021 0.638672 0.625326 0.635742 0.627937 0.633789 0.627937 0.632812 0.629243 0.629883 0.629243 0.628906 0.630548 0.626953 0.630548 0.625977 0.631854 0.625000 0.631854 0.623047 0.634465 0.623047 0.637076 0.622070 0.638381 0.622070 0.639687 0.623047 0.640992 0.623047 0.646214 0.624023 0.647520 0.624023 0.654047 0.625000 0.655352 0.625000 0.657963 0.625977 0.659269 0.625977 0.663185 0.627930 0.667102 0.627930 0.669713 0.628906 0.671018 0.628906 0.672324 0.638672 0.681462 0.641602 0.681462 0.642578 0.680157 0.644531 0.680157 0.647461 0.677546 0.649414 0.677546 0.650391 0.676240 0.653320 0.674935 0.655273 0.672324 0.656250 0.672324 0.661133 0.665796 0.662109 0.665796 0.664062 0.661880 0.664062 0.651436 0.662109 0.647520 0.662109 0.644909 0.656250 0.630548 0.656250 0.627937 0.655273 0.626632 0.655273 0.625326 0.654297 0.625326
0 0.593750 0.631854 0.590820 0.634465 0.588867 0.634465 0.581055 0.643603 0.579102 0.643603 0.577148 0.646214 0.577148 0.648825 0.576172 0.650131 0.577148 0.651436 0.577148 0.673629 0.576172 0.676240 0.579102 0.681462 0.581055 0.681462 0.582031 0.682768 0.583984 0.682768 0.584961 0.684073 0.589844 0.685379 0.596680 0.691906 0.599609 0.691906 0.600586 0.693211 0.604492 0.693211 0.605469 0.691906 0.607422 0.691906 0.608398 0.690601 0.610352 0.690601 0.614258 0.687990 0.617188 0.684073 0.617188 0.682768 0.620117 0.677546 0.620117 0.669713 0.619141 0.668407 0.619141 0.663185 0.618164 0.661880 0.618164 0.657963 0.617188 0.656658 0.617188 0.652742 0.616211 0.651436 0.616211 0.644909 0.615234 0.643603 0.615234 0.638381 0.613281 0.634465 0.611328 0.633159 0.608398 0.633159 0.607422 0.631854
0 0.555664 0.624021 0.547852 0.625326 0.539062 0.631854 0.534180 0.633159 0.532227 0.635770 0.525391 0.639687 0.522461 0.646214 0.522461 0.648825 0.518555 0.659269 0.518555 0.663185 0.524414 0.671018 0.525391 0.674935 0.536133 0.691906 0.541016 0.689295 0.541992 0.684073 0.543945 0.681462 0.545898 0.680157 0.550781 0.680157 0.551758 0.678851 0.556641 0.677546 0.563477 0.671018 0.564453 0.664491 0.567383 0.656658 0.567383 0.651436 0.568359 0.650131 0.567383 0.647520 0.567383 0.642298 0.563477 0.631854
0 0.468750 0.605744 0.467773 0.607050 0.466797 0.607050 0.462891 0.612272 0.461914 0.612272 0.458984 0.617493 0.458984 0.618799 0.457031 0.622715 0.457031 0.625326 0.453125 0.634465 0.454102 0.635770 0.454102 0.640992 0.455078 0.642298 0.455078 0.644909 0.456055 0.646214 0.456055 0.648825 0.457031 0.650131 0.457031 0.651436 0.459961 0.655352 0.460938 0.655352 0.461914 0.656658 0.464844 0.656658 0.468750 0.660574 0.470703 0.660574 0.471680 0.661880 0.475586 0.661880 0.476562 0.663185 0.480469 0.663185 0.481445 0.661880 0.483398 0.661880 0.484375 0.660574 0.487305 0.659269 0.490234 0.655352 0.490234 0.654047 0.493164 0.650131 0.494141 0.643603 0.496094 0.639687 0.496094 0.635770 0.492188 0.630548 0.492188 0.629243 0.484375 0.618799 0.484375 0.617493 0.478516 0.610966 0.478516 0.609661 0.477539 0.608355 0.476562 0.608355 0.475586 0.607050 0.472656 0.607050 0.471680 0.605744
0 0.497070 0.586162 0.496094 0.587467 0.496094 0.588773 0.490234 0.596606 0.490234 0.599217 0.489258 0.600522 0.489258 0.614883 0.491211 0.618799 0.491211 0.622715 0.494141 0.629243 0.496094 0.629243 0.497070 0.630548 0.503906 0.634465 0.505859 0.637076 0.508789 0.637076 0.509766 0.635770 0.521484 0.635770 0.523438 0.633159 0.524414 0.633159 0.526367 0.630548 0.527344 0.630548 0.530273 0.627937 0.530273 0.626632 0.532227 0.624021 0.532227 0.621410 0.531250 0.620104 0.531250 0.616188 0.530273 0.614883 0.530273 0.612272 0.529297 0.610966 0.529297 0.608355 0.528320 0.607050 0.528320 0.601828 0.527344 0.600522 0.527344 0.596606 0.525391 0.592689 0.525391 0.588773 0.522461 0.583551 0.521484 0.583551 0.520508 0.582245 0.518555 0.582245 0.517578 0.580940 0.511719 0.580940 0.510742 0.579634 0.508789 0.579634 0.507812 0.580940 0.502930 0.582245 0.501953 0.583551
0 0.500977 0.540470 0.500000 0.540470 0.498047 0.537859 0.497070 0.537859 0.493164 0.533943 0.490234 0.533943 0.489258 0.532637 0.485352 0.532637 0.483398 0.535248 0.482422 0.535248 0.482422 0.536554 0.479492 0.540470 0.478516 0.540470 0.469727 0.550914 0.468750 0.550914 0.461914 0.560052 0.461914 0.563969 0.462891 0.565274 0.462891 0.567885 0.463867 0.569191 0.463867 0.571802 0.464844 0.573107 0.464844 0.575718 0.465820 0.577023 0.465820 0.582245 0.466797 0.583551 0.466797 0.584856 0.470703 0.579634 0.471680 0.580940 0.472656 0.580940 0.479492 0.586162 0.481445 0.586162 0.486328 0.590078 0.490234 0.590078 0.495117 0.583551 0.495117 0.582245 0.500977 0.575718 0.500977 0.574413 0.502930 0.570496 0.502930 0.567885 0.503906 0.566580 0.503906 0.557441 0.504883 0.556136 0.504883 0.554830 0.503906 0.553525 0.503906 0.549608 0.501953 0.545692 0.501953 0.543081 0.500977 0.541775
0 0.528320 0.527415 0.527344 0.528721 0.520508 0.530026 0.519531 0.531332 0.516602 0.532637 0.514648 0.535248 0.513672 0.535248 0.510742 0.539164 0.509766 0.539164 0.508789 0.540470 0.507812 0.552219 0.508789 0.553525 0.508789 0.561358 0.509766 0.562663 0.509766 0.571802 0.510742 0.573107 0.510742 0.575718 0.512695 0.578329 0.514648 0.578329 0.515625 0.579634 0.518555 0.579634 0.519531 0.580940 0.520508 0.580940 0.525391 0.586162 0.527344 0.586162 0.528320 0.587467 0.534180 0.587467 0.536133 0.584856 0.537109 0.584856 0.542969 0.577023 0.542969 0.575718 0.544922 0.573107 0.545898 0.573107 0.546875 0.571802 0.546875 0.570496 0.548828 0.567885 0.548828 0.562663 0.547852 0.561358 0.547852 0.554830 0.546875 0.553525 0.546875 0.544386 0.545898 0.543081 0.545898 0.539164 0.544922 0.537859 0.544922 0.535248 0.541016 0.531332 0.540039 0.531332 0.538086 0.528721 0.535156 0.528721 0.534180 0.527415
0 0.552734 0.570496 0.550781 0.573107 0.549805 0.577023 0.546875 0.580940 0.543945 0.588773 0.543945 0.591384 0.542969 0.592689 0.542969 0.604439 0.543945 0.605744 0.543945 0.614883 0.546875 0.616188 0.548828 0.618799 0.552734 0.621410 0.555664 0.621410 0.560547 0.626632 0.565430 0.626632 0.566406 0.625326 0.572266 0.625326 0.575195 0.622715 0.583008 0.622715 0.584961 0.620104 0.584961 0.617493 0.586914 0.612272 0.586914 0.603133 0.585938 0.601828 0.585938 0.593995 0.584961 0.592689 0.584961 0.584856 0.583984 0.582245 0.581055 0.580940 0.578125 0.577023 0.575195 0.575718 0.572266 0.571802 0.568359 0.569191 0.566406 0.569191 0.565430 0.567885 0.561523 0.567885 0.560547 0.566580 0.559570 0.567885 0.556641 0.567885
0 0.493164 0.484334 0.490234 0.488251 0.490234 0.489556 0.489258 0.490862 0.489258 0.493473 0.488281 0.494778 0.488281 0.497389 0.487305 0.498695 0.487305 0.501305 0.486328 0.502611 0.486328 0.514360 0.487305 0.515666 0.487305 0.524804 0.489258 0.527415 0.489258 0.528721 0.492188 0.528721 0.493164 0.530026 0.495117 0.530026 0.498047 0.533943 0.503906 0.533943 0.504883 0.532637 0.506836 0.532637 0.507812 0.533943 0.508789 0.533943 0.509766 0.532637 0.513672 0.532637 0.515625 0.530026 0.516602 0.530026 0.522461 0.522193 0.522461 0.520888 0.526367 0.515666 0.526367 0.514360 0.527344 0.513055 0.527344 0.493473 0.524414 0.489556 0.523438 0.489556 0.522461 0.488251 0.520508 0.488251 0.519531 0.486945 0.512695 0.486945 0.511719 0.485640 0.505859 0.485640 0.504883 0.484334 0.502930 0.484334 0.501953 0.483029 0.497070 0.483029 0.496094 0.484334
0 0.625977 0.567885 0.622070 0.567885 0.618164 0.570496 0.613281 0.570496 0.612305 0.571802 0.609375 0.571802 0.608398 0.573107 0.604492 0.573107 0.594727 0.579634 0.592773 0.582245 0.592773 0.584856 0.591797 0.586162 0.591797 0.592689 0.590820 0.593995 0.590820 0.597911 0.589844 0.599217 0.589844 0.613577 0.594727 0.626632 0.596680 0.627937 0.604492 0.627937 0.605469 0.629243 0.616211 0.629243 0.617188 0.627937 0.623047 0.627937 0.624023 0.626632 0.626953 0.626632 0.629883 0.622715 0.630859 0.620104 0.630859 0.610966 0.631836 0.609661 0.632812 0.584856 0.631836 0.583551 0.631836 0.579634 0.629883 0.577023 0.628906 0.573107
0 0.676758 0.607050 0.671875 0.613577 0.672852 0.616188 0.672852 0.618799 0.671875 0.620104 0.671875 0.624021 0.670898 0.625326 0.670898 0.640992 0.668945 0.644909 0.668945 0.651436 0.669922 0.654047 0.672852 0.654047 0.676758 0.656658 0.677734 0.659269 0.684570 0.660574 0.688477 0.663185 0.690430 0.663185 0.691406 0.661880 0.693359 0.661880 0.697266 0.659269 0.701172 0.659269 0.702148 0.657963 0.707031 0.656658 0.708984 0.654047 0.709961 0.650131 0.711914 0.647520 0.712891 0.644909 0.712891 0.642298 0.713867 0.640992 0.713867 0.638381 0.710938 0.630548 0.710938 0.627937 0.709961 0.626632 0.709961 0.622715 0.708984 0.620104 0.705078 0.616188 0.701172 0.616188 0.700195 0.614883 0.695312 0.613577 0.685547 0.607050
0 0.639648 0.536554 0.637695 0.537859 0.631836 0.545692 0.630859 0.549608 0.626953 0.556136 0.626953 0.558747 0.625977 0.560052 0.625977 0.563969 0.629883 0.569191 0.630859 0.573107 0.633789 0.578329 0.633789 0.582245 0.635742 0.586162 0.635742 0.591384 0.637695 0.596606 0.642578 0.603133 0.646484 0.603133 0.650391 0.600522 0.653320 0.600522 0.654297 0.599217 0.659180 0.597911 0.662109 0.595300 0.663086 0.592689 0.663086 0.590078 0.664062 0.588773 0.664062 0.586162 0.666992 0.580940 0.666992 0.579634 0.668945 0.577023 0.669922 0.570496 0.667969 0.567885 0.664062 0.556136 0.660156 0.550914 0.659180 0.550914 0.657227 0.548303 0.657227 0.546997 0.650391 0.537859 0.648438 0.537859 0.647461 0.536554
0 0.593750 0.507833 0.590820 0.514360 0.590820 0.516971 0.588867 0.519582 0.588867 0.522193 0.587891 0.523499 0.587891 0.527415 0.586914 0.528721 0.592773 0.536554 0.593750 0.536554 0.595703 0.539164 0.595703 0.540470 0.601562 0.548303 0.601562 0.549608 0.608398 0.557441 0.608398 0.558747 0.610352 0.561358 0.610352 0.563969 0.611328 0.565274 0.621094 0.565274 0.623047 0.562663 0.624023 0.556136 0.628906 0.544386 0.628906 0.540470 0.629883 0.539164 0.629883 0.536554 0.630859 0.535248 0.630859 0.532637 0.629883 0.531332 0.629883 0.530026 0.624023 0.520888 0.623047 0.520888 0.615234 0.510444 0.614258 0.510444 0.611328 0.507833 0.608398 0.507833 0.607422 0.506527 0.595703 0.506527 0.594727 0.507833
0 0.692383 0.498695 0.690430 0.497389 0.683594 0.497389 0.677734 0.501305 0.675781 0.501305 0.672852 0.503916 0.670898 0.503916 0.666016 0.507833 0.664062 0.507833 0.661133 0.511749 0.661133 0.514360 0.660156 0.515666 0.660156 0.520888 0.657227 0.527415 0.656250 0.539164 0.659180 0.543081 0.659180 0.544386 0.660156 0.544386 0.664062 0.549608 0.664062 0.550914 0.669922 0.554830 0.670898 0.553525 0.675781 0.553525 0.677734 0.554830 0.678711 0.553525 0.684570 0.553525 0.685547 0.552219 0.692383 0.552219 0.696289 0.548303 0.697266 0.548303 0.701172 0.543081 0.702148 0.539164 0.701172 0.537859 0.701172 0.526110 0.700195 0.524804 0.700195 0.509138
0 0.650391 0.468668 0.648438 0.468668 0.647461 0.469974 0.634766 0.469974 0.630859 0.472585 0.629883 0.475196 0.625000 0.481723 0.625000 0.483029 0.619141 0.492167 0.619141 0.501305 0.617188 0.505222 0.617188 0.507833 0.619141 0.509138 0.622070 0.513055 0.623047 0.513055 0.625000 0.515666 0.625977 0.519582 0.628906 0.523499 0.631836 0.524804 0.633789 0.527415 0.636719 0.527415 0.637695 0.526110 0.640625 0.526110 0.641602 0.524804 0.647461 0.524804 0.648438 0.523499 0.650391 0.523499 0.654297 0.518277 0.655273 0.515666 0.655273 0.513055 0.659180 0.503916 0.659180 0.501305 0.662109 0.496084 0.662109 0.490862 0.663086 0.489556 0.663086 0.484334 0.664062 0.483029 0.662109 0.477807 0.660156 0.477807 0.658203 0.476501 0.654297 0.471279
0 0.501953 0.428198 0.500000 0.428198 0.496094 0.432115 0.494141 0.432115 0.489258 0.436031 0.486328 0.436031 0.484375 0.439948 0.484375 0.464752 0.483398 0.466057 0.483398 0.467363 0.484375 0.468668 0.484375 0.475196 0.483398 0.476501 0.483398 0.477807 0.484375 0.479112 0.484375 0.485640 0.485352 0.486945 0.488281 0.486945 0.489258 0.488251 0.492188 0.483029 0.494141 0.483029 0.495117 0.481723 0.511719 0.481723 0.513672 0.479112 0.516602 0.477807 0.518555 0.473890 0.518555 0.471279 0.519531 0.469974 0.519531 0.451697 0.518555 0.450392 0.515625 0.441253 0.514648 0.439948 0.511719 0.438642 0.508789 0.434726 0.507812 0.434726
0 0.526367 0.443864 0.522461 0.449086 0.522461 0.479112 0.521484 0.480418 0.521484 0.484334 0.522461 0.485640 0.522461 0.486945 0.523438 0.486945 0.524414 0.488251 0.526367 0.488251 0.527344 0.489556 0.528320 0.489556 0.529297 0.490862 0.531250 0.490862 0.532227 0.492167 0.551758 0.492167 0.560547 0.481723 0.560547 0.480418 0.562500 0.477807 0.562500 0.459530 0.561523 0.458225 0.561523 0.450392 0.559570 0.447781 0.557617 0.447781 0.556641 0.446475 0.553711 0.446475 0.552734 0.445170 0.549805 0.445170 0.548828 0.443864 0.545898 0.443864 0.544922 0.442559 0.539062 0.442559 0.538086 0.441253 0.531250 0.441253 0.530273 0.442559 0.528320 0.442559 0.527344 0.443864
0 0.593750 0.443864 0.590820 0.443864 0.589844 0.445170 0.584961 0.446475 0.582031 0.449086 0.580078 0.449086 0.579102 0.450392 0.576172 0.450392 0.575195 0.451697 0.573242 0.451697 0.572266 0.453003 0.567383 0.453003 0.565430 0.455614 0.565430 0.456919 0.563477 0.460836 0.563477 0.469974 0.564453 0.471279 0.564453 0.477807 0.566406 0.480418 0.567383 0.484334 0.568359 0.484334 0.569336 0.485640 0.571289 0.485640 0.572266 0.486945 0.575195 0.488251 0.577148 0.490862 0.578125 0.490862 0.579102 0.492167 0.581055 0.492167 0.582031 0.493473 0.584961 0.494778 0.586914 0.497389 0.589844 0.497389 0.592773 0.494778 0.598633 0.494778 0.601562 0.490862 0.602539 0.490862 0.602539 0.489556 0.604492 0.485640 0.604492 0.475196 0.605469 0.473890 0.605469 0.460836 0.604492 0.459530 0.604492 0.456919 0.603516 0.455614 0.603516 0.454308 0.599609 0.449086 0.599609 0.447781 0.598633 0.447781 0.596680 0.445170 0.594727 0.445170
0 0.617188 0.419060 0.616211 0.420366 0.613281 0.420366 0.612305 0.421671 0.609375 0.421671 0.605469 0.425587 0.604492 0.432115 0.603516 0.433420 0.603516 0.434726 0.600586 0.441253 0.600586 0.443864 0.599609 0.445170 0.605469 0.455614 0.605469 0.456919 0.607422 0.460836 0.608398 0.467363 0.611328 0.471279 0.621094 0.471279 0.622070 0.472585 0.623047 0.472585 0.624023 0.471279 0.626953 0.471279 0.627930 0.469974 0.629883 0.469974 0.630859 0.468668 0.632812 0.468668 0.633789 0.467363 0.636719 0.466057 0.636719 0.462141 0.637695 0.460836 0.637695 0.458225 0.638672 0.456919 0.638672 0.453003 0.639648 0.451697 0.639648 0.445170 0.638672 0.443864 0.638672 0.439948 0.637695 0.438642 0.636719 0.434726 0.630859 0.425587 0.627930 0.424282 0.624023 0.419060
0 0.701172 0.424282 0.697266 0.424282 0.696289 0.422977 0.683594 0.422977 0.682617 0.424282 0.680664 0.424282 0.679688 0.425587 0.670898 0.430809 0.670898 0.432115 0.667969 0.434726 0.667969 0.438642 0.668945 0.439948 0.668945 0.454308 0.669922 0.455614 0.669922 0.456919 0.678711 0.471279 0.683594 0.473890 0.686523 0.477807 0.687500 0.477807 0.688477 0.479112 0.689453 0.479112 0.690430 0.477807 0.693359 0.477807 0.695312 0.475196 0.696289 0.475196 0.699219 0.472585 0.702148 0.472585 0.703125 0.471279 0.704102 0.471279 0.704102 0.469974 0.706055 0.466057 0.706055 0.460836 0.705078 0.459530 0.705078 0.436031 0.704102 0.434726 0.704102 0.428198
0 0.644531 0.382507 0.640625 0.386423 0.637695 0.387728 0.634766 0.392950 0.634766 0.395561 0.633789 0.396867 0.633789 0.404700 0.637695 0.408616 0.637695 0.415144 0.634766 0.419060 0.633789 0.419060 0.633789 0.421671 0.632812 0.422977 0.632812 0.424282 0.634766 0.426893 0.635742 0.426893 0.637695 0.429504 0.637695 0.430809 0.638672 0.430809 0.639648 0.432115 0.659180 0.432115 0.663086 0.428198 0.666016 0.426893 0.669922 0.421671 0.670898 0.421671 0.670898 0.420366 0.671875 0.419060 0.671875 0.415144 0.672852 0.413838 0.672852 0.403394 0.671875 0.402089 0.670898 0.398172 0.666992 0.392950 0.666992 0.391645 0.665039 0.389034 0.665039 0.387728 0.664062 0.387728 0.658203 0.381201 0.655273 0.381201 0.654297 0.382507 0.653320 0.382507 0.652344 0.381201 0.648438 0.381201 0.647461 0.382507
0 0.460938 0.301567 0.460938 0.310705 0.462891 0.313316 0.463867 0.313316 0.465820 0.315927 0.466797 0.315927 0.467773 0.317232 0.474609 0.317232 0.475586 0.318538 0.479492 0.318538 0.480469 0.317232 0.482422 0.317232 0.483398 0.315927 0.487305 0.315927 0.488281 0.317232 0.490234 0.317232 0.491211 0.318538 0.499023 0.318538 0.500000 0.317232 0.500000 0.315927 0.500977 0.314621 0.500977 0.312010 0.501953 0.310705 0.501953 0.305483 0.500977 0.304178 0.500977 0.302872 0.499023 0.300261 0.499023 0.298956 0.498047 0.297650 0.497070 0.297650 0.494141 0.293734 0.493164 0.293734 0.487305 0.284595 0.485352 0.284595 0.484375 0.283290 0.477539 0.283290 0.476562 0.284595 0.474609 0.284595 0.473633 0.285901 0.472656 0.285901 0.470703 0.288512 0.467773 0.289817 0.464844 0.293734 0.464844 0.295039 0.461914 0.298956 0.461914 0.300261
0 0.516602 0.304178 0.511719 0.304178 0.500000 0.319843 0.500000 0.321149 0.497070 0.325065 0.497070 0.326371 0.493164 0.331593 0.493164 0.343342 0.494141 0.344648 0.494141 0.345953 0.498047 0.351175 0.498047 0.352480 0.500977 0.355091 0.505859 0.355091 0.506836 0.353786 0.509766 0.353786 0.510742 0.352480 0.514648 0.352480 0.515625 0.353786 0.523438 0.353786 0.527344 0.348564 0.530273 0.347258 0.532227 0.343342 0.532227 0.336815 0.530273 0.332898 0.530273 0.326371 0.529297 0.325065 0.529297 0.322454 0.528320 0.321149 0.528320 0.319843 0.526367 0.317232 0.525391 0.313316 0.522461 0.309399 0.519531 0.308094
0 0.563477 0.347258 0.552734 0.347258 0.551758 0.348564 0.547852 0.348564 0.543945 0.351175 0.539062 0.356397 0.539062 0.357702 0.535156 0.362924 0.535156 0.364230 0.533203 0.366841 0.531250 0.372063 0.535156 0.382507 0.535156 0.385117 0.536133 0.386423 0.537109 0.392950 0.540039 0.398172 0.540039 0.400783 0.543945 0.406005 0.555664 0.406005 0.559570 0.403394 0.561523 0.400783 0.564453 0.399478 0.567383 0.395561 0.571289 0.392950 0.574219 0.386423 0.574219 0.383812 0.576172 0.379896 0.576172 0.375979 0.575195 0.374674 0.575195 0.365535 0.574219 0.362924 0.568359 0.355091 0.566406 0.353786 0.566406 0.352480
0 0.576172 0.353786 0.574219 0.357702 0.574219 0.360313 0.575195 0.361619 0.575195 0.364230 0.576172 0.365535 0.576172 0.368146 0.577148 0.369452 0.577148 0.374674 0.578125 0.375979 0.578125 0.381201 0.577148 0.382507 0.577148 0.386423 0.578125 0.387728 0.580078 0.394256 0.582031 0.396867 0.583008 0.400783 0.586914 0.406005 0.587891 0.406005 0.590820 0.408616 0.595703 0.408616 0.596680 0.407311 0.599609 0.407311 0.600586 0.406005 0.602539 0.406005 0.603516 0.404700 0.604492 0.404700 0.606445 0.402089 0.606445 0.396867 0.607422 0.395561 0.607422 0.391645 0.608398 0.390339 0.608398 0.386423 0.609375 0.385117 0.609375 0.381201 0.610352 0.379896 0.610352 0.375979 0.608398 0.373368 0.607422 0.373368 0.600586 0.362924 0.597656 0.361619 0.595703 0.359008 0.593750 0.359008 0.592773 0.357702 0.588867 0.357702 0.587891 0.356397 0.579102 0.356397
0 0.706055 0.319843 0.704102 0.319843 0.703125 0.321149 0.701172 0.321149 0.700195 0.322454 0.696289 0.322454 0.695312 0.323760 0.691406 0.323760 0.690430 0.325065 0.685547 0.325065 0.682617 0.327676 0.680664 0.327676 0.679688 0.328982 0.678711 0.328982 0.676758 0.331593 0.676758 0.332898 0.673828 0.339426 0.673828 0.344648 0.672852 0.345953 0.672852 0.347258 0.676758 0.352480 0.676758 0.353786 0.678711 0.356397 0.678711 0.357702 0.683594 0.364230 0.684570 0.364230 0.685547 0.365535 0.690430 0.365535 0.691406 0.364230 0.693359 0.364230 0.696289 0.360313 0.699219 0.360313 0.700195 0.359008 0.703125 0.359008 0.704102 0.357702 0.708008 0.357702 0.710938 0.353786 0.710938 0.352480 0.712891 0.348564 0.712891 0.336815 0.711914 0.335509 0.710938 0.331593 0.708984 0.328982 0.708984 0.326371 0.708008 0.325065 0.708008 0.322454
0 0.648438 0.287206 0.646484 0.288512 0.643555 0.292428 0.642578 0.292428 0.632812 0.306789 0.632812 0.309399 0.631836 0.310705 0.631836 0.314621 0.630859 0.315927 0.630859 0.321149 0.629883 0.322454 0.629883 0.328982 0.630859 0.331593 0.634766 0.331593 0.634766 0.330287 0.632812 0.327676 0.632812 0.323760 0.634766 0.322454 0.640625 0.328982 0.642578 0.330287 0.645508 0.330287 0.651367 0.334204 0.655273 0.339426 0.659180 0.339426 0.662109 0.336815 0.664062 0.336815 0.666016 0.335509 0.668945 0.331593 0.671875 0.330287 0.672852 0.327676 0.672852 0.323760 0.669922 0.318538 0.668945 0.314621 0.666992 0.312010 0.665039 0.306789 0.665039 0.304178 0.663086 0.298956 0.661133 0.296345 0.661133 0.295039 0.657227 0.289817 0.653320 0.287206
0 0.584961 0.314621 0.584961 0.317232 0.583008 0.321149 0.583984 0.323760 0.583984 0.335509 0.587891 0.342037 0.591797 0.344648 0.593750 0.344648 0.594727 0.345953 0.594727 0.347258 0.592773 0.349869 0.591797 0.349869 0.591797 0.352480 0.593750 0.352480 0.594727 0.353786 0.597656 0.352480 0.597656 0.349869 0.595703 0.347258 0.595703 0.345953 0.598633 0.342037 0.600586 0.343342 0.603516 0.343342 0.606445 0.347258 0.606445 0.348564 0.607422 0.348564 0.613281 0.344648 0.622070 0.344648 0.624023 0.343342 0.626953 0.335509 0.626953 0.322454 0.625977 0.321149 0.625977 0.318538 0.624023 0.315927 0.623047 0.315927 0.616211 0.305483 0.612305 0.302872 0.610352 0.302872 0.607422 0.300261 0.599609 0.300261 0.591797 0.305483 0.588867 0.309399 0.587891 0.309399
0 0.550781 0.276762 0.544922 0.276762 0.543945 0.278068 0.542969 0.278068 0.541016 0.280679 0.540039 0.280679 0.538086 0.283290 0.537109 0.283290 0.533203 0.288512 0.530273 0.289817 0.530273 0.291123 0.526367 0.296345 0.525391 0.296345 0.522461 0.298956 0.522461 0.301567 0.523438 0.302872 0.523438 0.306789 0.524414 0.308094 0.524414 0.309399 0.527344 0.313316 0.527344 0.314621 0.529297 0.317232 0.529297 0.318538 0.533203 0.323760 0.534180 0.323760 0.535156 0.325065 0.535156 0.326371 0.537109 0.328982 0.537109 0.330287 0.538086 0.330287 0.541016 0.332898 0.543945 0.332898 0.544922 0.331593 0.544922 0.330287 0.549805 0.323760 0.550781 0.323760 0.551758 0.322454 0.554688 0.322454 0.555664 0.321149 0.556641 0.321149 0.557617 0.319843 0.557617 0.318538 0.560547 0.314621 0.560547 0.304178 0.561523 0.302872 0.561523 0.291123 0.558594 0.285901 0.558594 0.284595 0.553711 0.278068 0.551758 0.278068
0 0.457031 0.203655 0.454102 0.207572 0.453125 0.207572 0.453125 0.208877 0.452148 0.210183 0.452148 0.214099 0.453125 0.214099 0.455078 0.216710 0.455078 0.221932 0.458008 0.225849 0.459961 0.225849 0.460938 0.227154 0.461914 0.227154 0.462891 0.228460 0.463867 0.228460 0.464844 0.229765 0.467773 0.231070 0.469727 0.233681 0.469727 0.234987 0.470703 0.236292 0.470703 0.240209 0.471680 0.241514 0.471680 0.245431 0.473633 0.248042 0.476562 0.248042 0.477539 0.246736 0.478516 0.246736 0.481445 0.242820 0.481445 0.241514 0.482422 0.240209 0.482422 0.237598 0.483398 0.236292 0.483398 0.233681 0.484375 0.232376 0.484375 0.229765 0.485352 0.228460 0.485352 0.225849 0.484375 0.224543 0.484375 0.223238 0.481445 0.219321 0.481445 0.218016 0.480469 0.216710 0.480469 0.215405 0.479492 0.214099 0.478516 0.210183 0.476562 0.207572 0.476562 0.206266 0.473633 0.202350 0.472656 0.202350 0.471680 0.201044 0.467773 0.201044 0.466797 0.199739 0.465820 0.199739 0.464844 0.201044 0.461914 0.201044 0.460938 0.202350 0.458984 0.202350 0.458008 0.203655
0 0.616211 0.271540 0.609375 0.262402 0.600586 0.257180 0.598633 0.254569 0.594727 0.254569 0.587891 0.261097 0.578125 0.267624 0.576172 0.267624 0.572266 0.271540 0.571289 0.274151 0.571289 0.283290 0.570312 0.284595 0.568359 0.284595 0.567383 0.287206 0.567383 0.295039 0.568359 0.297650 0.569336 0.295039 0.569336 0.291123 0.570312 0.289817 0.570312 0.285901 0.571289 0.284595 0.573242 0.287206 0.573242 0.288512 0.578125 0.295039 0.580078 0.295039 0.583984 0.300261 0.585938 0.300261 0.586914 0.301567 0.587891 0.300261 0.589844 0.300261 0.595703 0.296345 0.597656 0.293734 0.600586 0.292428 0.602539 0.289817 0.603516 0.289817 0.608398 0.284595 0.611328 0.283290 0.613281 0.280679 0.616211 0.279373 0.617188 0.278068 0.616211 0.276762
0 0.664062 0.246736 0.663086 0.246736 0.662109 0.245431 0.660156 0.245431 0.655273 0.241514 0.652344 0.241514 0.651367 0.240209 0.648438 0.240209 0.647461 0.238903 0.644531 0.238903 0.643555 0.240209 0.641602 0.240209 0.639648 0.242820 0.639648 0.244125 0.635742 0.249347 0.635742 0.250653 0.633789 0.253264 0.632812 0.253264 0.630859 0.255875 0.630859 0.257180 0.629883 0.258486 0.626953 0.259791 0.626953 0.261097 0.625977 0.262402 0.625977 0.266319 0.626953 0.267624 0.627930 0.271540 0.631836 0.278068 0.631836 0.279373 0.636719 0.284595 0.638672 0.284595 0.639648 0.285901 0.646484 0.285901 0.647461 0.284595 0.649414 0.284595 0.650391 0.283290 0.651367 0.283290 0.651367 0.281984 0.656250 0.275457 0.657227 0.275457 0.659180 0.272846 0.659180 0.271540 0.662109 0.267624 0.662109 0.266319 0.666016 0.259791 0.666016 0.255875 0.666992 0.254569 0.666992 0.251958 0.666016 0.250653 0.666016 0.249347
0 0.684570 0.234987 0.682617 0.237598 0.681641 0.237598 0.680664 0.241514 0.676758 0.248042 0.676758 0.250653 0.674805 0.253264 0.674805 0.254569 0.672852 0.258486 0.672852 0.261097 0.671875 0.262402 0.671875 0.267624 0.670898 0.268930 0.670898 0.272846 0.669922 0.274151 0.669922 0.278068 0.669922 0.275457 0.670898 0.274151 0.672852 0.274151 0.675781 0.276762 0.675781 0.278068 0.677734 0.280679 0.677734 0.281984 0.680664 0.285901 0.681641 0.285901 0.684570 0.288512 0.686523 0.288512 0.687500 0.289817 0.698242 0.289817 0.699219 0.288512 0.700195 0.288512 0.704102 0.283290 0.704102 0.281984 0.705078 0.280679 0.705078 0.278068 0.706055 0.276762 0.706055 0.274151 0.707031 0.272846 0.707031 0.263708 0.708008 0.262402 0.708008 0.249347 0.707031 0.248042 0.707031 0.246736 0.705078 0.246736 0.699219 0.238903 0.698242 0.238903 0.697266 0.237598 0.695312 0.237598 0.694336 0.236292 0.686523 0.236292 0.685547 0.234987
0 0.702148 0.159269 0.697266 0.156658 0.694336 0.152742 0.693359 0.152742 0.692383 0.151436 0.690430 0.151436 0.688477 0.148825 0.685547 0.148825 0.684570 0.147520 0.679688 0.147520 0.678711 0.148825 0.676758 0.148825 0.674805 0.151436 0.671875 0.152742 0.670898 0.154047 0.670898 0.155352 0.668945 0.159269 0.668945 0.161880 0.666992 0.165796 0.666992 0.173629 0.667969 0.174935 0.667969 0.177546 0.668945 0.178851 0.668945 0.182768 0.667969 0.184073 0.667969 0.194517 0.668945 0.195822 0.669922 0.195822 0.670898 0.194517 0.670898 0.191906 0.672852 0.187990 0.673828 0.187990 0.677734 0.191906 0.678711 0.191906 0.679688 0.193211 0.681641 0.193211 0.682617 0.194517 0.688477 0.194517 0.689453 0.193211 0.690430 0.193211 0.691406 0.191906 0.693359 0.191906 0.696289 0.189295 0.700195 0.189295 0.701172 0.187990 0.701172 0.185379 0.702148 0.184073 0.702148 0.172324 0.704102 0.169713 0.704102 0.163185 0.702148 0.160574
0 0.638672 0.143603 0.634766 0.148825 0.634766 0.150131 0.633789 0.151436 0.633789 0.154047 0.627930 0.163185 0.627930 0.164491 0.625977 0.168407 0.625977 0.171018 0.625000 0.172324 0.625000 0.176240 0.625977 0.177546 0.625977 0.180157 0.626953 0.180157 0.627930 0.181462 0.629883 0.181462 0.630859 0.182768 0.633789 0.182768 0.634766 0.184073 0.638672 0.184073 0.639648 0.185379 0.641602 0.185379 0.642578 0.186684 0.643555 0.186684 0.646484 0.189295 0.648438 0.189295 0.649414 0.190601 0.650391 0.190601 0.651367 0.189295 0.653320 0.189295 0.654297 0.187990 0.657227 0.186684 0.662109 0.180157 0.662109 0.178851 0.663086 0.177546 0.663086 0.174935 0.664062 0.173629 0.664062 0.164491 0.663086 0.163185 0.663086 0.160574 0.662109 0.159269 0.662109 0.156658 0.661133 0.155352 0.661133 0.152742 0.660156 0.151436 0.659180 0.147520 0.657227 0.147520 0.656250 0.146214 0.652344 0.146214 0.651367 0.144909 0.648438 0.144909 0.647461 0.143603
0 0.646484 0.190601 0.645508 0.190601 0.640625 0.186684 0.638672 0.186684 0.637695 0.185379 0.632812 0.185379 0.631836 0.186684 0.629883 0.186684 0.628906 0.187990 0.627930 0.187990 0.627930 0.189295 0.623047 0.197128 0.623047 0.199739 0.619141 0.207572 0.619141 0.210183 0.617188 0.214099 0.617188 0.216710 0.614258 0.221932 0.614258 0.229765 0.618164 0.234987 0.618164 0.236292 0.619141 0.237598 0.621094 0.237598 0.622070 0.238903 0.628906 0.238903 0.629883 0.237598 0.634766 0.237598 0.635742 0.236292 0.638672 0.236292 0.641602 0.233681 0.645508 0.233681 0.646484 0.232376 0.646484 0.231070 0.653320 0.221932 0.654297 0.221932 0.654297 0.220627 0.657227 0.216710 0.657227 0.210183 0.652344 0.202350 0.652344 0.201044 0.650391 0.198433 0.649414 0.194517
0 0.600586 0.168407 0.599609 0.169713 0.598633 0.169713 0.591797 0.178851 0.591797 0.180157 0.588867 0.186684 0.588867 0.191906 0.589844 0.193211 0.589844 0.194517 0.590820 0.194517 0.591797 0.195822 0.592773 0.195822 0.594727 0.198433 0.595703 0.198433 0.598633 0.202350 0.598633 0.203655 0.600586 0.206266 0.600586 0.207572 0.601562 0.208877 0.602539 0.208877 0.604492 0.211488 0.605469 0.211488 0.606445 0.212794 0.611328 0.212794 0.612305 0.214099 0.614258 0.214099 0.616211 0.211488 0.616211 0.210183 0.617188 0.208877 0.618164 0.204961 0.620117 0.202350 0.620117 0.201044 0.621094 0.199739 0.621094 0.197128 0.622070 0.195822 0.622070 0.194517 0.623047 0.193211 0.623047 0.191906 0.625977 0.185379 0.625000 0.184073 0.625000 0.182768 0.623047 0.180157 0.623047 0.178851 0.621094 0.176240 0.618164 0.174935 0.616211 0.172324 0.615234 0.172324 0.614258 0.171018 0.612305 0.171018 0.609375 0.168407
0 0.599609 0.206266 0.596680 0.202350 0.596680 0.201044 0.595703 0.199739 0.594727 0.199739 0.591797 0.197128 0.583008 0.197128 0.582031 0.198433 0.571289 0.198433 0.570312 0.199739 0.567383 0.199739 0.566406 0.201044 0.565430 0.201044 0.563477 0.203655 0.563477 0.206266 0.562500 0.207572 0.562500 0.210183 0.561523 0.211488 0.561523 0.223238 0.560547 0.224543 0.560547 0.229765 0.562500 0.227154 0.564453 0.227154 0.569336 0.231070 0.571289 0.231070 0.572266 0.232376 0.575195 0.232376 0.576172 0.233681 0.580078 0.233681 0.581055 0.232376 0.584961 0.232376 0.585938 0.231070 0.594727 0.231070 0.599609 0.225849 0.599609 0.224543 0.601562 0.220627 0.600586 0.219321 0.600586 0.215405 0.599609 0.214099
0 0.540039 0.184073 0.538086 0.186684 0.538086 0.187990 0.535156 0.191906 0.535156 0.193211 0.534180 0.194517 0.534180 0.195822 0.533203 0.197128 0.532227 0.201044 0.530273 0.203655 0.530273 0.204961 0.527344 0.211488 0.527344 0.216710 0.528320 0.218016 0.529297 0.218016 0.533203 0.223238 0.534180 0.223238 0.537109 0.227154 0.538086 0.227154 0.540039 0.229765 0.541992 0.229765 0.542969 0.231070 0.554688 0.231070 0.555664 0.229765 0.556641 0.229765 0.556641 0.228460 0.558594 0.225849 0.558594 0.221932 0.559570 0.220627 0.559570 0.212794 0.560547 0.211488 0.560547 0.206266 0.561523 0.204961 0.561523 0.202350 0.562500 0.201044 0.562500 0.199739 0.561523 0.198433 0.560547 0.194517 0.558594 0.191906 0.558594 0.190601 0.554688 0.185379 0.553711 0.185379 0.552734 0.184073 0.549805 0.184073 0.548828 0.182768 0.545898 0.182768 0.544922 0.184073
0 0.508789 0.143603 0.502930 0.143603 0.501953 0.144909 0.496094 0.144909 0.495117 0.146214 0.494141 0.146214 0.494141 0.147520 0.490234 0.154047 0.490234 0.155352 0.489258 0.156658 0.489258 0.159269 0.484375 0.171018 0.484375 0.180157 0.487305 0.182768 0.489258 0.182768 0.493164 0.186684 0.495117 0.186684 0.496094 0.187990 0.499023 0.187990 0.500977 0.190601 0.500977 0.195822 0.503906 0.195822 0.504883 0.194517 0.501953 0.190601 0.502930 0.189295 0.505859 0.189295 0.506836 0.190601 0.506836 0.191906 0.509766 0.191906 0.510742 0.190601 0.511719 0.190601 0.518555 0.180157 0.518555 0.177546 0.520508 0.173629 0.520508 0.168407 0.516602 0.161880 0.516602 0.159269 0.515625 0.157963 0.515625 0.156658 0.510742 0.150131 0.510742 0.148825 0.509766 0.147520 0.509766 0.144909
0 0.481445 0.093995 0.481445 0.095300 0.479492 0.099217 0.479492 0.101828 0.481445 0.105744 0.481445 0.108355 0.482422 0.109661 0.484375 0.107050 0.487305 0.107050 0.490234 0.110966 0.491211 0.110966 0.494141 0.114883 0.495117 0.114883 0.500977 0.122715 0.500977 0.124021 0.501953 0.125326 0.507812 0.125326 0.508789 0.124021 0.509766 0.124021 0.513672 0.118799 0.514648 0.118799 0.515625 0.117493 0.515625 0.116188 0.518555 0.112272 0.518555 0.110966 0.519531 0.109661 0.519531 0.104439 0.518555 0.103133 0.518555 0.101828 0.513672 0.095300 0.510742 0.093995 0.507812 0.090078 0.506836 0.090078 0.504883 0.087467 0.503906 0.087467 0.500977 0.084856 0.493164 0.084856 0.492188 0.086162 0.490234 0.086162 0.489258 0.087467 0.488281 0.087467 0.486328 0.090078 0.485352 0.090078 0.482422 0.093995
0 0.524414 0.113577 0.524414 0.114883 0.523438 0.116188 0.523438 0.118799 0.524414 0.120104 0.525391 0.120104 0.527344 0.124021 0.527344 0.133159 0.528320 0.134465 0.529297 0.138381 0.530273 0.138381 0.535156 0.142298 0.537109 0.142298 0.538086 0.143603 0.541992 0.143603 0.542969 0.144909 0.546875 0.144909 0.547852 0.143603 0.552734 0.143603 0.554688 0.140992 0.555664 0.140992 0.556641 0.139687 0.559570 0.138381 0.559570 0.129243 0.558594 0.127937 0.558594 0.125326 0.556641 0.121410 0.556641 0.118799 0.555664 0.117493 0.555664 0.114883 0.553711 0.110966 0.553711 0.108355 0.552734 0.107050 0.552734 0.105744 0.549805 0.101828 0.548828 0.101828 0.547852 0.100522 0.544922 0.100522 0.543945 0.099217 0.541016 0.099217 0.540039 0.100522 0.539062 0.100522 0.538086 0.101828 0.536133 0.101828 0.534180 0.104439 0.531250 0.105744 0.527344 0.110966 0.526367 0.110966
0 0.567383 0.135770 0.565430 0.138381 0.565430 0.140992 0.564453 0.142298 0.564453 0.148825 0.561523 0.152742 0.560547 0.152742 0.559570 0.154047 0.559570 0.157963 0.563477 0.163185 0.563477 0.165796 0.565430 0.168407 0.565430 0.169713 0.568359 0.173629 0.568359 0.174935 0.569336 0.176240 0.569336 0.185379 0.571289 0.187990 0.576172 0.187990 0.577148 0.186684 0.580078 0.185379 0.582031 0.182768 0.584961 0.181462 0.591797 0.172324 0.591797 0.171018 0.592773 0.169713 0.592773 0.159269 0.591797 0.157963 0.591797 0.155352 0.588867 0.151436 0.588867 0.150131 0.583984 0.143603 0.583008 0.143603 0.582031 0.142298 0.581055 0.142298 0.580078 0.140992 0.579102 0.140992 0.578125 0.139687 0.577148 0.139687 0.572266 0.135770
0 0.618164 0.099217 0.617188 0.100522 0.616211 0.100522 0.613281 0.104439 0.613281 0.109661 0.612305 0.110966 0.612305 0.114883 0.611328 0.116188 0.611328 0.118799 0.612305 0.120104 0.612305 0.121410 0.610352 0.124021 0.609375 0.127937 0.610352 0.129243 0.611328 0.129243 0.612305 0.130548 0.613281 0.134465 0.616211 0.138381 0.617188 0.138381 0.619141 0.140992 0.620117 0.140992 0.621094 0.142298 0.622070 0.142298 0.623047 0.143603 0.624023 0.143603 0.628906 0.147520 0.632812 0.147520 0.636719 0.142298 0.637695 0.142298 0.637695 0.139687 0.638672 0.138381 0.638672 0.130548 0.639648 0.129243 0.639648 0.124021 0.640625 0.122715 0.640625 0.113577 0.639648 0.112272 0.639648 0.109661 0.634766 0.105744 0.632812 0.105744 0.631836 0.104439 0.629883 0.104439 0.627930 0.101828 0.625977 0.101828 0.625000 0.100522 0.621094 0.100522 0.620117 0.099217
0 0.618164 0.093995 0.618164 0.096606 0.619141 0.097911 0.620117 0.097911 0.621094 0.099217 0.623047 0.099217 0.624023 0.100522 0.625977 0.100522 0.626953 0.101828 0.628906 0.101828 0.629883 0.103133 0.631836 0.103133 0.632812 0.104439 0.633789 0.104439 0.634766 0.105744 0.635742 0.105744 0.636719 0.107050 0.637695 0.107050 0.640625 0.110966 0.640625 0.112272 0.641602 0.113577 0.641602 0.114883 0.642578 0.114883 0.645508 0.112272 0.647461 0.112272 0.648438 0.110966 0.650391 0.110966 0.651367 0.109661 0.652344 0.109661 0.654297 0.107050 0.654297 0.100522 0.653320 0.099217 0.653320 0.097911 0.652344 0.096606 0.652344 0.095300 0.650391 0.092689 0.650391 0.091384 0.646484 0.086162 0.644531 0.086162 0.643555 0.084856 0.641602 0.084856 0.638672 0.082245 0.634766 0.082245 0.633789 0.080940 0.628906 0.080940 0.627930 0.082245 0.625000 0.082245 0.622070 0.084856 0.622070 0.086162 0.621094 0.087467 0.621094 0.088773 0.619141 0.091384 0.619141 0.092689
0 0.648438 0.125326 0.648438 0.133159 0.649414 0.133159 0.650391 0.134465 0.652344 0.134465 0.653320 0.135770 0.657227 0.135770 0.658203 0.137076 0.662109 0.137076 0.663086 0.138381 0.665039 0.138381 0.666016 0.139687 0.668945 0.140992 0.672852 0.146214 0.673828 0.146214 0.674805 0.144909 0.677734 0.144909 0.678711 0.143603 0.679688 0.143603 0.688477 0.133159 0.690430 0.133159 0.692383 0.129243 0.692383 0.125326 0.691406 0.124021 0.691406 0.114883 0.687500 0.109661 0.686523 0.109661 0.683594 0.107050 0.681641 0.107050 0.678711 0.104439 0.675781 0.104439 0.674805 0.103133 0.663086 0.103133 0.662109 0.104439 0.660156 0.104439 0.657227 0.108355 0.656250 0.108355 0.655273 0.109661 0.655273 0.110966 0.653320 0.114883 0.653320 0.117493 0.649414 0.122715 0.649414 0.124021
0 0.548828 0.070496 0.548828 0.073107 0.547852 0.074413 0.547852 0.078329 0.546875 0.079634 0.546875 0.086162 0.549805 0.086162 0.550781 0.087467 0.555664 0.087467 0.556641 0.088773 0.559570 0.088773 0.560547 0.090078 0.566406 0.090078 0.567383 0.091384 0.571289 0.091384 0.574219 0.093995 0.579102 0.093995 0.583984 0.087467 0.583984 0.086162 0.584961 0.084856 0.584961 0.079634 0.585938 0.078329 0.585938 0.075718 0.583008 0.071802 0.582031 0.067885 0.576172 0.060052 0.575195 0.060052 0.574219 0.058747 0.571289 0.058747 0.570312 0.057441 0.568359 0.057441 0.567383 0.056136 0.565430 0.056136 0.564453 0.054830 0.562500 0.054830 0.561523 0.056136 0.559570 0.056136 0.558594 0.057441 0.557617 0.057441 0.550781 0.066580 0.550781 0.067885
0 0.568359 0.022193 0.567383 0.020888 0.566406 0.020888 0.565430 0.019582 0.562500 0.018277 0.558594 0.013055 0.553711 0.013055 0.552734 0.014360 0.551758 0.014360 0.550781 0.015666 0.549805 0.015666 0.548828 0.016971 0.547852 0.016971 0.546875 0.018277 0.545898 0.018277 0.541016 0.022193 0.539062 0.022193 0.536133 0.026110 0.535156 0.024804 0.533203 0.024804 0.530273 0.028721 0.529297 0.028721 0.529297 0.031332 0.532227 0.031332 0.533203 0.032637 0.533203 0.036554 0.532227 0.037859 0.533203 0.041775 0.536133 0.045692 0.537109 0.049608 0.539062 0.052219 0.541992 0.053525 0.542969 0.052219 0.544922 0.052219 0.545898 0.050914 0.546875 0.050914 0.547852 0.049608 0.548828 0.049608 0.549805 0.048303 0.552734 0.046997 0.554688 0.044386 0.556641 0.044386 0.557617 0.043081 0.559570 0.043081 0.560547 0.041775 0.562500 0.041775 0.563477 0.040470 0.565430 0.040470 0.567383 0.037859 0.568359 0.037859 0.568359 0.036554 0.569336 0.035248 0.569336 0.032637 0.570312 0.031332 0.570312 0.028721 0.569336 0.027415 0.569336 0.024804 0.568359 0.023499
0 0.534180 0.046997 0.533203 0.045692 0.532227 0.045692 0.530273 0.043081 0.529297 0.043081 0.526367 0.040470 0.521484 0.040470 0.520508 0.039164 0.515625 0.039164 0.514648 0.037859 0.509766 0.039164 0.507812 0.043081 0.506836 0.043081 0.502930 0.048303 0.501953 0.048303 0.500977 0.049608 0.500977 0.050914 0.500000 0.052219 0.500000 0.054830 0.499023 0.056136 0.499023 0.063969 0.498047 0.065274 0.498047 0.069191 0.499023 0.070496 0.500977 0.070496 0.501953 0.071802 0.501953 0.073107 0.504883 0.073107 0.506836 0.075718 0.505859 0.077023 0.501953 0.077023 0.500977 0.080940 0.503906 0.080940 0.504883 0.082245 0.513672 0.082245 0.514648 0.080940 0.516602 0.080940 0.517578 0.079634 0.521484 0.079634 0.523438 0.077023 0.523438 0.075718 0.527344 0.070496 0.527344 0.069191 0.530273 0.065274 0.532227 0.058747 0.535156 0.054830 0.535156 0.049608 0.534180 0.048303
0 0.754883 0.143603 0.752930 0.143603 0.751953 0.142298 0.746094 0.142298 0.745117 0.140992 0.741211 0.140992 0.740234 0.142298 0.738281 0.142298 0.735352 0.146214 0.732422 0.147520 0.732422 0.148825 0.730469 0.152742 0.727539 0.152742 0.727539 0.154047 0.729492 0.156658 0.729492 0.159269 0.726562 0.161880 0.726562 0.163185 0.725586 0.164491 0.725586 0.169713 0.726562 0.171018 0.726562 0.172324 0.735352 0.184073 0.736328 0.184073 0.738281 0.186684 0.739258 0.186684 0.740234 0.187990 0.741211 0.186684 0.744141 0.186684 0.745117 0.185379 0.746094 0.185379 0.749023 0.181462 0.750000 0.181462 0.750000 0.180157 0.758789 0.168407 0.759766 0.164491 0.761719 0.161880 0.761719 0.160574 0.762695 0.159269 0.762695 0.154047 0.759766 0.150131 0.759766 0.148825 0.756836 0.144909 0.755859 0.144909
0 0.743164 0.216710 0.741211 0.214099 0.739258 0.214099 0.738281 0.212794 0.737305 0.212794 0.736328 0.211488 0.736328 0.210183 0.734375 0.207572 0.732422 0.207572 0.731445 0.206266 0.730469 0.207572 0.725586 0.207572 0.724609 0.208877 0.722656 0.208877 0.719727 0.211488 0.716797 0.211488 0.715820 0.212794 0.713867 0.212794 0.712891 0.214099 0.709961 0.214099 0.708984 0.215405 0.705078 0.215405 0.705078 0.231070 0.706055 0.232376 0.707031 0.236292 0.708008 0.236292 0.709961 0.238903 0.709961 0.240209 0.713867 0.245431 0.714844 0.245431 0.715820 0.246736 0.716797 0.246736 0.721680 0.242820 0.723633 0.242820 0.724609 0.241514 0.726562 0.241514 0.727539 0.240209 0.729492 0.240209 0.730469 0.238903 0.740234 0.238903 0.745117 0.232376 0.745117 0.231070 0.746094 0.229765 0.746094 0.224543 0.745117 0.223238 0.745117 0.221932 0.744141 0.220627
0 0.719727 0.375979 0.716797 0.374674 0.712891 0.369452 0.710938 0.369452 0.709961 0.368146 0.707031 0.368146 0.706055 0.369452 0.699219 0.369452 0.698242 0.370757 0.695312 0.370757 0.694336 0.372063 0.685547 0.373368 0.679688 0.377285 0.679688 0.378590 0.676758 0.382507 0.675781 0.386423 0.673828 0.389034 0.673828 0.400783 0.674805 0.402089 0.674805 0.406005 0.675781 0.407311 0.676758 0.416449 0.682617 0.420366 0.685547 0.420366 0.686523 0.419060 0.694336 0.419060 0.695312 0.417755 0.699219 0.417755 0.700195 0.419060 0.702148 0.419060 0.703125 0.417755 0.708008 0.417755 0.709961 0.415144 0.710938 0.411227 0.714844 0.406005 0.715820 0.406005 0.721680 0.399478 0.721680 0.391645 0.720703 0.390339 0.720703 0.381201 0.719727 0.379896
0 0.737305 0.425587 0.735352 0.425587 0.731445 0.422977 0.730469 0.424282 0.728516 0.424282 0.724609 0.426893 0.715820 0.426893 0.709961 0.430809 0.708008 0.433420 0.708008 0.442559 0.707031 0.443864 0.707031 0.449086 0.708008 0.450392 0.708008 0.458225 0.708984 0.459530 0.708984 0.466057 0.709961 0.467363 0.709961 0.469974 0.710938 0.471279 0.710938 0.475196 0.711914 0.476501 0.711914 0.480418 0.712891 0.481723 0.715820 0.481723 0.719727 0.479112 0.723633 0.473890 0.725586 0.473890 0.729492 0.469974 0.731445 0.469974 0.732422 0.468668 0.735352 0.468668 0.739258 0.466057 0.742188 0.462141 0.746094 0.459530 0.748047 0.459530 0.750000 0.456919 0.750000 0.454308 0.750977 0.453003 0.750977 0.445170 0.750000 0.443864 0.750000 0.441253 0.749023 0.438642 0.747070 0.436031 0.743164 0.433420 0.741211 0.430809 0.741211 0.429504
0 0.742188 0.425587 0.744141 0.428198 0.744141 0.429504 0.749023 0.436031 0.749023 0.437337 0.752930 0.443864 0.752930 0.450392 0.753906 0.451697 0.753906 0.456919 0.754883 0.458225 0.764648 0.458225 0.767578 0.462141 0.770508 0.460836 0.773438 0.456919 0.777344 0.454308 0.780273 0.454308 0.781250 0.453003 0.782227 0.453003 0.786133 0.458225 0.787109 0.455614 0.787109 0.449086 0.788086 0.447781 0.788086 0.439948 0.786133 0.434726 0.786133 0.430809 0.781250 0.417755 0.779297 0.415144 0.778320 0.411227 0.776367 0.409922 0.774414 0.409922 0.773438 0.408616 0.769531 0.408616 0.768555 0.409922 0.764648 0.409922 0.763672 0.411227 0.755859 0.411227
0 0.704102 0.492167 0.703125 0.493473 0.703125 0.494778 0.699219 0.498695 0.700195 0.500000 0.700195 0.501305 0.701172 0.501305 0.702148 0.502611 0.702148 0.505222 0.701172 0.506527 0.701172 0.513055 0.702148 0.514360 0.702148 0.530026 0.703125 0.531332 0.704102 0.537859 0.708008 0.543081 0.723633 0.543081 0.724609 0.541775 0.727539 0.540470 0.730469 0.535248 0.731445 0.531332 0.736328 0.523499 0.736328 0.522193 0.740234 0.513055 0.740234 0.506527 0.738281 0.502611 0.738281 0.498695 0.737305 0.497389 0.737305 0.496084 0.736328 0.496084 0.733398 0.492167 0.732422 0.492167 0.731445 0.490862 0.719727 0.490862 0.718750 0.489556 0.709961 0.489556 0.708984 0.490862
0 0.768555 0.486945 0.766602 0.486945 0.765625 0.485640 0.763672 0.485640 0.762695 0.484334 0.752930 0.484334 0.751953 0.485640 0.747070 0.485640 0.742188 0.489556 0.742188 0.490862 0.740234 0.494778 0.740234 0.497389 0.739258 0.498695 0.740234 0.500000 0.740234 0.503916 0.741211 0.505222 0.741211 0.507833 0.742188 0.509138 0.742188 0.514360 0.741211 0.515666 0.741211 0.522193 0.740234 0.523499 0.740234 0.526110 0.739258 0.527415 0.739258 0.531332 0.740234 0.532637 0.744141 0.532637 0.745117 0.531332 0.747070 0.531332 0.748047 0.530026 0.749023 0.531332 0.750977 0.531332 0.751953 0.530026 0.765625 0.530026 0.766602 0.528721 0.770508 0.528721 0.771484 0.527415 0.772461 0.527415 0.772461 0.524804 0.773438 0.523499 0.772461 0.522193 0.772461 0.518277 0.773438 0.516971 0.773438 0.511749 0.774414 0.510444 0.774414 0.507833 0.773438 0.506527 0.773438 0.498695 0.772461 0.497389 0.772461 0.494778 0.771484 0.493473 0.770508 0.489556
0 0.771484 0.481723 0.771484 0.484334 0.770508 0.485640 0.770508 0.486945 0.771484 0.488251 0.771484 0.489556 0.773438 0.493473 0.773438 0.498695 0.774414 0.500000 0.774414 0.513055 0.775391 0.514360 0.775391 0.515666 0.776367 0.516971 0.779297 0.516971 0.785156 0.524804 0.788086 0.524804 0.789062 0.523499 0.791016 0.523499 0.791992 0.522193 0.793945 0.522193 0.797852 0.516971 0.797852 0.515666 0.798828 0.514360 0.798828 0.492167 0.797852 0.490862 0.797852 0.488251 0.793945 0.483029 0.792969 0.483029 0.791992 0.481723 0.777344 0.481723 0.776367 0.480418 0.773438 0.480418 0.772461 0.481723
0 0.826172 0.486945 0.824219 0.486945 0.823242 0.488251 0.820312 0.488251 0.819336 0.489556 0.817383 0.489556 0.816406 0.490862 0.811523 0.490862 0.810547 0.492167 0.808594 0.492167 0.807617 0.493473 0.806641 0.493473 0.805664 0.494778 0.802734 0.496084 0.800781 0.500000 0.800781 0.515666 0.799805 0.516971 0.799805 0.523499 0.800781 0.524804 0.801758 0.524804 0.806641 0.531332 0.807617 0.531332 0.809570 0.533943 0.811523 0.533943 0.812500 0.535248 0.826172 0.535248 0.830078 0.530026 0.830078 0.523499 0.832031 0.519582 0.832031 0.514360 0.833008 0.513055 0.833008 0.505222 0.832031 0.503916 0.832031 0.500000 0.831055 0.498695 0.831055 0.497389 0.829102 0.494778 0.829102 0.493473
0 0.681641 0.567885 0.678711 0.573107 0.678711 0.588773 0.677734 0.590078 0.677734 0.600522 0.679688 0.603133 0.686523 0.604439 0.688477 0.607050 0.689453 0.607050 0.696289 0.612272 0.698242 0.612272 0.699219 0.613577 0.708008 0.613577 0.708984 0.612272 0.711914 0.610966 0.714844 0.607050 0.714844 0.605744 0.716797 0.603133 0.716797 0.601828 0.721680 0.595300 0.721680 0.593995 0.722656 0.592689 0.722656 0.591384 0.719727 0.584856 0.719727 0.582245 0.716797 0.577023 0.715820 0.570496 0.712891 0.565274 0.708008 0.565274 0.707031 0.563969 0.702148 0.563969 0.701172 0.562663 0.694336 0.562663 0.693359 0.561358 0.692383 0.561358 0.691406 0.562663 0.686523 0.563969 0.684570 0.566580
0 0.742188 0.535248 0.740234 0.537859 0.738281 0.545692 0.739258 0.546997 0.739258 0.549608 0.743164 0.558747 0.744141 0.565274 0.745117 0.566580 0.746094 0.570496 0.748047 0.573107 0.750000 0.573107 0.752930 0.575718 0.757812 0.575718 0.758789 0.577023 0.762695 0.577023 0.763672 0.578329 0.768555 0.579634 0.769531 0.578329 0.772461 0.577023 0.774414 0.574413 0.777344 0.573107 0.783203 0.566580 0.783203 0.556136 0.782227 0.554830 0.783203 0.550914 0.781250 0.546997 0.781250 0.544386 0.780273 0.543081 0.779297 0.539164 0.776367 0.535248 0.776367 0.533943 0.775391 0.532637 0.774414 0.532637 0.773438 0.531332 0.757812 0.531332 0.756836 0.532637 0.747070 0.532637 0.744141 0.535248
0 0.791016 0.544386 0.786133 0.546997 0.784180 0.549608 0.784180 0.553525 0.783203 0.554830 0.784180 0.556136 0.784180 0.563969 0.785156 0.565274 0.780273 0.571802 0.780273 0.573107 0.779297 0.574413 0.779297 0.577023 0.780273 0.578329 0.780273 0.579634 0.784180 0.584856 0.785156 0.584856 0.787109 0.587467 0.786133 0.588773 0.786133 0.593995 0.784180 0.597911 0.785156 0.599217 0.790039 0.599217 0.791016 0.597911 0.794922 0.597911 0.795898 0.596606 0.797852 0.596606 0.804688 0.588773 0.807617 0.587467 0.809570 0.584856 0.811523 0.578329 0.814453 0.574413 0.814453 0.571802 0.815430 0.570496 0.811523 0.565274 0.810547 0.565274 0.809570 0.563969 0.808594 0.563969 0.806641 0.561358 0.805664 0.561358 0.795898 0.548303 0.792969 0.546997
0 0.764648 0.592689 0.765625 0.593995 0.765625 0.596606 0.778320 0.613577 0.778320 0.614883 0.780273 0.614883 0.781250 0.616188 0.782227 0.616188 0.782227 0.607050 0.781250 0.605744 0.781250 0.603133 0.779297 0.600522 0.778320 0.600522 0.776367 0.597911 0.776367 0.596606 0.775391 0.595300 0.774414 0.595300 0.771484 0.591384 0.766602 0.591384 0.765625 0.592689
0 0.785156 0.609661 0.784180 0.610966 0.784180 0.614883 0.782227 0.618799 0.782227 0.625326 0.781250 0.626632 0.781250 0.629243 0.780273 0.630548 0.780273 0.633159 0.779297 0.634465 0.780273 0.635770 0.780273 0.651436 0.783203 0.655352 0.785156 0.655352 0.786133 0.656658 0.796875 0.656658 0.797852 0.655352 0.800781 0.655352 0.801758 0.654047 0.806641 0.654047 0.808594 0.651436 0.809570 0.651436 0.809570 0.650131 0.810547 0.648825 0.810547 0.646214 0.811523 0.644909 0.812500 0.640992 0.814453 0.638381 0.814453 0.633159 0.815430 0.631854 0.815430 0.627937 0.814453 0.626632 0.814453 0.621410 0.813477 0.620104 0.813477 0.617493 0.812500 0.616188 0.810547 0.616188 0.809570 0.614883 0.808594 0.614883 0.806641 0.612272 0.805664 0.612272 0.802734 0.608355 0.801758 0.608355 0.800781 0.607050 0.790039 0.607050 0.787109 0.609661
0 0.748047 0.591384 0.743164 0.597911 0.742188 0.601828 0.738281 0.605744 0.738281 0.607050 0.737305 0.608355 0.737305 0.613577 0.738281 0.614883 0.744141 0.631854 0.747070 0.631854 0.750000 0.634465 0.751953 0.634465 0.752930 0.635770 0.753906 0.635770 0.757812 0.640992 0.759766 0.640992 0.760742 0.642298 0.762695 0.642298 0.763672 0.643603 0.765625 0.643603 0.766602 0.644909 0.770508 0.639687 0.771484 0.639687 0.774414 0.635770 0.775391 0.635770 0.778320 0.631854 0.778320 0.630548 0.779297 0.629243 0.779297 0.624021 0.780273 0.622715 0.780273 0.607050 0.779297 0.605744 0.779297 0.603133 0.778320 0.601828 0.777344 0.601828 0.775391 0.604439 0.774414 0.604439 0.773438 0.603133 0.770508 0.601828 0.763672 0.593995 0.761719 0.593995 0.755859 0.588773 0.754883 0.588773 0.751953 0.591384
0 0.715820 0.630548 0.714844 0.631854 0.714844 0.639687 0.715820 0.640992 0.715820 0.644909 0.714844 0.646214 0.714844 0.647520 0.709961 0.654047 0.709961 0.655352 0.708008 0.657963 0.707031 0.657963 0.704102 0.660574 0.704102 0.664491 0.705078 0.665796 0.705078 0.668407 0.708984 0.668407 0.709961 0.669713 0.709961 0.673629 0.708984 0.674935 0.709961 0.674935 0.712891 0.677546 0.714844 0.677546 0.715820 0.676240 0.716797 0.676240 0.717773 0.677546 0.724609 0.678851 0.725586 0.680157 0.726562 0.680157 0.729492 0.682768 0.731445 0.682768 0.732422 0.684073 0.736328 0.684073 0.737305 0.680157 0.742188 0.673629 0.742188 0.672324 0.744141 0.668407 0.744141 0.665796 0.746094 0.661880 0.746094 0.656658 0.742188 0.652742 0.739258 0.652742 0.729492 0.637076 0.728516 0.637076 0.723633 0.633159 0.721680 0.633159 0.720703 0.631854 0.717773 0.631854 0.716797 0.630548
0 0.779297 0.652742 0.777344 0.652742 0.776367 0.651436 0.775391 0.651436 0.774414 0.652742 0.773438 0.652742 0.771484 0.655352 0.769531 0.655352 0.768555 0.654047 0.766602 0.654047 0.765625 0.655352 0.764648 0.655352 0.757812 0.660574 0.757812 0.661880 0.755859 0.665796 0.755859 0.671018 0.754883 0.672324 0.754883 0.680157 0.756836 0.682768 0.756836 0.684073 0.757812 0.685379 0.757812 0.690601 0.762695 0.695822 0.764648 0.695822 0.765625 0.697128 0.769531 0.697128 0.770508 0.695822 0.772461 0.695822 0.773438 0.694517 0.775391 0.694517 0.776367 0.693211 0.778320 0.693211 0.779297 0.691906 0.781250 0.691906 0.782227 0.690601 0.786133 0.690601 0.787109 0.689295 0.789062 0.689295 0.791992 0.685379 0.791992 0.681462 0.792969 0.680157 0.791992 0.678851 0.791992 0.668407 0.791016 0.667102 0.791016 0.665796 0.786133 0.659269 0.785156 0.659269 0.783203 0.656658 0.782227 0.656658
0 0.735352 0.687990 0.730469 0.687990 0.729492 0.689295 0.723633 0.689295 0.722656 0.690601 0.716797 0.690601 0.714844 0.693211 0.714844 0.695822 0.712891 0.701044 0.712891 0.708877 0.714844 0.711488 0.714844 0.714099 0.715820 0.715405 0.715820 0.720627 0.716797 0.721932 0.716797 0.737598 0.720703 0.748042 0.723633 0.751958 0.725586 0.751958 0.726562 0.753264 0.731445 0.753264 0.732422 0.751958 0.735352 0.751958 0.736328 0.750653 0.738281 0.750653 0.742188 0.748042 0.745117 0.744125 0.746094 0.744125 0.750977 0.734987 0.750977 0.732376 0.751953 0.731070 0.751953 0.727154 0.752930 0.725849 0.752930 0.721932 0.753906 0.720627 0.753906 0.714099 0.752930 0.711488 0.749023 0.707572 0.747070 0.701044 0.739258 0.690601
0 0.693359 0.727154 0.692383 0.728460 0.687500 0.731070 0.687500 0.732376 0.678711 0.744125 0.678711 0.745431 0.677734 0.746736 0.677734 0.755875 0.678711 0.757180 0.678711 0.762402 0.679688 0.763708 0.679688 0.768930 0.680664 0.770235 0.680664 0.774151 0.681641 0.775457 0.681641 0.780679 0.685547 0.784595 0.698242 0.784595 0.699219 0.785901 0.704102 0.785901 0.707031 0.781984 0.707031 0.780679 0.708984 0.778068 0.709961 0.774151 0.711914 0.771540 0.711914 0.770235 0.713867 0.767624 0.714844 0.763708 0.716797 0.761097 0.717773 0.757180 0.719727 0.754569 0.719727 0.748042 0.717773 0.745431 0.717773 0.742820 0.716797 0.741514 0.716797 0.740209 0.711914 0.733681 0.710938 0.733681 0.706055 0.729765 0.701172 0.728460 0.700195 0.727154
0 0.766602 0.754569 0.759766 0.759791 0.757812 0.759791 0.753906 0.762402 0.749023 0.768930 0.748047 0.768930 0.743164 0.776762 0.742188 0.779373 0.742188 0.781984 0.743164 0.783290 0.743164 0.787206 0.744141 0.788512 0.744141 0.793734 0.745117 0.795039 0.745117 0.798956 0.747070 0.804178 0.753906 0.814621 0.754883 0.814621 0.757812 0.818538 0.759766 0.819843 0.762695 0.819843 0.763672 0.821149 0.777344 0.821149 0.779297 0.818538 0.780273 0.814621 0.785156 0.808094 0.786133 0.805483 0.785156 0.804178 0.785156 0.800261 0.780273 0.788512 0.780273 0.784595 0.779297 0.783290 0.779297 0.780679 0.776367 0.772846 0.776367 0.770235 0.775391 0.768930 0.775391 0.766319 0.774414 0.763708 0.768555 0.754569
0 0.682617 0.788512 0.677734 0.795039 0.676758 0.801567 0.673828 0.806789 0.673828 0.812010 0.677734 0.813316 0.679688 0.815927 0.683594 0.826371 0.683594 0.828982 0.681641 0.831593 0.680664 0.831593 0.679688 0.834204 0.679688 0.839426 0.680664 0.842037 0.682617 0.843342 0.688477 0.851175 0.690430 0.851175 0.694336 0.853786 0.705078 0.855091 0.706055 0.853786 0.708984 0.853786 0.710938 0.852480 0.713867 0.848564 0.714844 0.848564 0.714844 0.847258 0.718750 0.840731 0.721680 0.831593 0.725586 0.825065 0.726562 0.821149 0.724609 0.818538 0.722656 0.818538 0.720703 0.814621 0.720703 0.810705 0.718750 0.808094 0.717773 0.804178 0.710938 0.795039 0.709961 0.795039 0.703125 0.788512 0.699219 0.788512 0.698242 0.787206 0.692383 0.787206 0.691406 0.785901 0.687500 0.785901 0.686523 0.787206
0 0.594727 0.065274 0.593750 0.066580 0.591797 0.066580 0.590820 0.067885 0.589844 0.067885 0.586914 0.071802 0.586914 0.080940 0.585938 0.082245 0.585938 0.086162 0.584961 0.087467 0.584961 0.092689 0.585938 0.093995 0.586914 0.097911 0.587891 0.097911 0.588867 0.099217 0.589844 0.099217 0.592773 0.101828 0.594727 0.101828 0.600586 0.110966 0.603516 0.112272 0.604492 0.110966 0.605469 0.110966 0.609375 0.105744 0.609375 0.101828 0.610352 0.100522 0.610352 0.099217 0.612305 0.096606 0.612305 0.090078 0.613281 0.088773 0.613281 0.079634 0.612305 0.078329 0.612305 0.075718 0.611328 0.074413 0.611328 0.071802 0.609375 0.067885 0.608398 0.067885 0.607422 0.066580 0.603516 0.066580 0.602539 0.065274
