0 0.122070 0.388021 0.118164 0.388021 0.117188 0.386719 0.114258 0.386719 0.113281 0.388021 0.112305 0.388021 0.111328 0.389323 0.110352 0.389323 0.109375 0.390625 0.106445 0.391927 0.103516 0.395833 0.103516 0.397135 0.102539 0.398438 0.101562 0.402344 0.099609 0.404948 0.099609 0.406250 0.098633 0.407552 0.098633 0.410156 0.097656 0.411458 0.097656 0.417969 0.098633 0.419271 0.098633 0.434896 0.102539 0.434896 0.105469 0.430990 0.110352 0.430990 0.111328 0.429688 0.114258 0.429688 0.115234 0.428385 0.118164 0.428385 0.119141 0.427083 0.122070 0.425781 0.124023 0.423177 0.126953 0.421875 0.130859 0.416667 0.130859 0.407552 0.125977 0.398438 0.125977 0.393229
0 0.102539 0.436198 0.102539 0.437500 0.101562 0.438802 0.101562 0.451823 0.102539 0.453125 0.103516 0.457031 0.108398 0.463542 0.113281 0.463542 0.114258 0.464844 0.123047 0.464844 0.124023 0.463542 0.127930 0.463542 0.128906 0.462240 0.130859 0.462240 0.131836 0.460938 0.132812 0.460938 0.134766 0.458333 0.134766 0.457031 0.135742 0.455729 0.135742 0.440104 0.134766 0.438802 0.134766 0.436198 0.132812 0.433594 0.131836 0.433594 0.130859 0.432292 0.128906 0.432292 0.127930 0.430990 0.114258 0.430990 0.113281 0.432292 0.106445 0.432292 0.104492 0.434896 0.103516 0.434896
0 0.143555 0.410156 0.141602 0.412760 0.141602 0.414062 0.139648 0.417969 0.139648 0.421875 0.138672 0.423177 0.138672 0.429688 0.137695 0.430990 0.137695 0.438802 0.144531 0.446615 0.145508 0.446615 0.146484 0.447917 0.149414 0.447917 0.150391 0.449219 0.154297 0.449219 0.155273 0.447917 0.158203 0.447917 0.159180 0.446615 0.161133 0.446615 0.162109 0.445312 0.163086 0.445312 0.168945 0.437500 0.168945 0.436198 0.170898 0.433594 0.170898 0.428385 0.171875 0.427083 0.171875 0.420573 0.170898 0.419271 0.170898 0.416667 0.169922 0.415365 0.166992 0.414062 0.165039 0.411458 0.165039 0.410156 0.163086 0.410156 0.162109 0.408854 0.158203 0.408854 0.157227 0.407552 0.148438 0.407552 0.147461 0.408854 0.145508 0.408854 0.144531 0.410156
0 0.143555 0.450521 0.139648 0.455729 0.139648 0.457031 0.137695 0.460938 0.137695 0.471354 0.138672 0.472656 0.138672 0.475260 0.139648 0.476562 0.139648 0.477865 0.142578 0.481771 0.143555 0.481771 0.146484 0.484375 0.159180 0.484375 0.160156 0.483073 0.161133 0.483073 0.162109 0.481771 0.162109 0.480469 0.163086 0.479167 0.163086 0.477865 0.165039 0.475260 0.165039 0.468750 0.166016 0.467448 0.166016 0.455729 0.165039 0.454427 0.165039 0.453125 0.163086 0.453125 0.162109 0.451823 0.160156 0.451823 0.159180 0.450521 0.149414 0.450521 0.148438 0.449219 0.145508 0.449219 0.144531 0.450521
0 0.184570 0.450521 0.183594 0.451823 0.179688 0.451823 0.177734 0.454427 0.176758 0.454427 0.167969 0.466146 0.167969 0.467448 0.166992 0.468750 0.166992 0.471354 0.166016 0.472656 0.166016 0.476562 0.169922 0.481771 0.172852 0.481771 0.173828 0.483073 0.174805 0.483073 0.176758 0.485677 0.177734 0.485677 0.180664 0.488281 0.182617 0.488281 0.183594 0.489583 0.187500 0.489583 0.188477 0.488281 0.189453 0.488281 0.189453 0.486979 0.194336 0.480469 0.194336 0.479167 0.198242 0.473958 0.198242 0.468750 0.197266 0.467448 0.197266 0.466146 0.196289 0.464844 0.196289 0.463542 0.194336 0.459635 0.194336 0.454427 0.193359 0.453125 0.191406 0.453125 0.190430 0.451823 0.185547 0.451823
0 0.200195 0.475260 0.198242 0.477865 0.197266 0.477865 0.191406 0.485677 0.191406 0.486979 0.189453 0.489583 0.189453 0.490885 0.188477 0.492188 0.188477 0.494792 0.189453 0.496094 0.189453 0.507812 0.190430 0.509115 0.190430 0.511719 0.192383 0.514323 0.192383 0.515625 0.194336 0.515625 0.195312 0.516927 0.198242 0.516927 0.199219 0.518229 0.202148 0.518229 0.203125 0.519531 0.205078 0.519531 0.206055 0.518229 0.207031 0.518229 0.208008 0.516927 0.210938 0.515625 0.215820 0.509115 0.215820 0.507812 0.219727 0.502604 0.219727 0.497396 0.218750 0.496094 0.218750 0.493490 0.217773 0.492188 0.217773 0.489583 0.216797 0.488281 0.216797 0.486979 0.214844 0.484375 0.214844 0.483073 0.211914 0.479167 0.210938 0.479167 0.209961 0.477865 0.207031 0.477865 0.206055 0.476562 0.202148 0.476562 0.201172 0.475260
0 0.205078 0.436198 0.204102 0.437500 0.204102 0.440104 0.203125 0.441406 0.203125 0.442708 0.201172 0.445312 0.200195 0.445312 0.197266 0.449219 0.197266 0.450521 0.196289 0.451823 0.196289 0.460938 0.197266 0.462240 0.197266 0.463542 0.198242 0.464844 0.198242 0.466146 0.200195 0.468750 0.200195 0.470052 0.201172 0.471354 0.202148 0.471354 0.203125 0.472656 0.205078 0.472656 0.206055 0.473958 0.208008 0.473958 0.208984 0.475260 0.210938 0.475260 0.211914 0.476562 0.212891 0.476562 0.213867 0.475260 0.215820 0.475260 0.216797 0.473958 0.217773 0.473958 0.219727 0.471354 0.220703 0.471354 0.222656 0.468750 0.222656 0.466146 0.223633 0.464844 0.223633 0.463542 0.225586 0.459635 0.225586 0.455729 0.224609 0.454427 0.224609 0.451823 0.221680 0.447917 0.221680 0.446615 0.220703 0.446615 0.215820 0.440104 0.212891 0.440104 0.211914 0.438802 0.210938 0.438802 0.208008 0.436198
0 0.171875 0.402344 0.171875 0.406250 0.170898 0.407552 0.170898 0.408854 0.171875 0.410156 0.171875 0.412760 0.172852 0.414062 0.172852 0.416667 0.174805 0.420573 0.174805 0.423177 0.175781 0.424479 0.175781 0.427083 0.177734 0.429688 0.178711 0.429688 0.179688 0.430990 0.183594 0.430990 0.184570 0.432292 0.196289 0.432292 0.197266 0.430990 0.198242 0.430990 0.199219 0.429688 0.200195 0.429688 0.200195 0.424479 0.201172 0.423177 0.201172 0.417969 0.200195 0.416667 0.200195 0.410156 0.199219 0.408854 0.199219 0.406250 0.198242 0.404948 0.198242 0.402344 0.197266 0.401042 0.197266 0.398438 0.196289 0.397135 0.176758 0.397135 0.175781 0.398438 0.174805 0.398438
0 0.116211 0.354167 0.114258 0.356771 0.114258 0.363281 0.115234 0.364583 0.115234 0.368490 0.116211 0.369792 0.116211 0.371094 0.120117 0.376302 0.120117 0.378906 0.121094 0.380208 0.121094 0.381510 0.122070 0.382812 0.122070 0.384115 0.125977 0.389323 0.126953 0.389323 0.127930 0.390625 0.132812 0.390625 0.133789 0.389323 0.135742 0.389323 0.138672 0.385417 0.138672 0.384115 0.139648 0.382812 0.139648 0.373698 0.135742 0.365885 0.135742 0.355469 0.138672 0.351562 0.139648 0.351562 0.138672 0.350260 0.137695 0.350260 0.136719 0.351562 0.132812 0.351562 0.131836 0.350260 0.125977 0.350260 0.125000 0.351562 0.121094 0.351562 0.118164 0.354167
0 0.168945 0.347656 0.165039 0.352865 0.164062 0.352865 0.163086 0.354167 0.163086 0.355469 0.161133 0.358073 0.161133 0.359375 0.160156 0.360677 0.160156 0.363281 0.159180 0.364583 0.159180 0.376302 0.160156 0.377604 0.160156 0.378906 0.162109 0.381510 0.162109 0.382812 0.163086 0.384115 0.163086 0.385417 0.165039 0.389323 0.166016 0.389323 0.166992 0.390625 0.176758 0.390625 0.177734 0.389323 0.178711 0.389323 0.179688 0.388021 0.180664 0.388021 0.182617 0.385417 0.182617 0.368490 0.183594 0.367188 0.182617 0.365885 0.182617 0.364583 0.179688 0.360677 0.179688 0.359375 0.177734 0.356771 0.177734 0.355469 0.175781 0.352865 0.175781 0.351562 0.174805 0.350260 0.173828 0.350260 0.170898 0.347656
0 0.183594 0.369792 0.183594 0.382812 0.184570 0.384115 0.184570 0.385417 0.187500 0.389323 0.188477 0.389323 0.189453 0.390625 0.199219 0.390625 0.200195 0.391927 0.201172 0.390625 0.205078 0.390625 0.208008 0.388021 0.209961 0.388021 0.210938 0.386719 0.211914 0.386719 0.213867 0.384115 0.213867 0.378906 0.212891 0.377604 0.212891 0.375000 0.211914 0.373698 0.211914 0.372396 0.210938 0.371094 0.210938 0.369792 0.209961 0.368490 0.209961 0.367188 0.205078 0.360677 0.204102 0.360677 0.201172 0.358073 0.195312 0.358073 0.194336 0.359375 0.193359 0.359375 0.188477 0.365885 0.187500 0.365885 0.186523 0.367188 0.185547 0.367188
0 0.167969 0.296875 0.166992 0.298177 0.166016 0.298177 0.162109 0.303385 0.159180 0.304688 0.157227 0.307292 0.157227 0.309896 0.156250 0.311198 0.155273 0.315104 0.156250 0.316406 0.156250 0.317708 0.158203 0.320312 0.159180 0.324219 0.161133 0.326823 0.161133 0.328125 0.162109 0.329427 0.163086 0.333333 0.165039 0.335938 0.166016 0.335938 0.168945 0.339844 0.174805 0.339844 0.175781 0.338542 0.177734 0.338542 0.179688 0.335938 0.179688 0.334635 0.181641 0.332031 0.182617 0.328125 0.185547 0.324219 0.185547 0.322917 0.187500 0.320312 0.187500 0.315104 0.190430 0.311198 0.191406 0.311198 0.192383 0.309896 0.192383 0.308594 0.191406 0.307292 0.190430 0.303385 0.187500 0.299479 0.185547 0.299479 0.184570 0.298177 0.179688 0.298177 0.178711 0.296875
0 0.188477 0.321615 0.185547 0.325521 0.185547 0.326823 0.182617 0.330729 0.182617 0.332031 0.181641 0.333333 0.181641 0.339844 0.183594 0.342448 0.183594 0.343750 0.185547 0.346354 0.185547 0.347656 0.190430 0.354167 0.191406 0.354167 0.192383 0.355469 0.205078 0.355469 0.207031 0.352865 0.207031 0.351562 0.208008 0.350260 0.208008 0.348958 0.209961 0.345052 0.209961 0.342448 0.210938 0.341146 0.210938 0.335938 0.209961 0.334635 0.209961 0.333333 0.208984 0.332031 0.208984 0.330729 0.208008 0.329427 0.208008 0.328125 0.204102 0.322917 0.203125 0.322917 0.202148 0.321615 0.199219 0.321615 0.198242 0.320312 0.195312 0.320312 0.194336 0.321615
0 0.224609 0.325521 0.214844 0.335938 0.214844 0.338542 0.213867 0.339844 0.213867 0.341146 0.214844 0.342448 0.214844 0.347656 0.215820 0.348958 0.215820 0.354167 0.216797 0.355469 0.216797 0.356771 0.217773 0.358073 0.217773 0.359375 0.218750 0.360677 0.219727 0.360677 0.221680 0.363281 0.222656 0.363281 0.224609 0.365885 0.226562 0.365885 0.227539 0.367188 0.229492 0.367188 0.230469 0.365885 0.234375 0.365885 0.241211 0.356771 0.242188 0.356771 0.245117 0.352865 0.245117 0.347656 0.241211 0.341146 0.241211 0.337240 0.242188 0.335938 0.241211 0.334635 0.240234 0.334635 0.237305 0.330729 0.236328 0.330729 0.234375 0.328125 0.233398 0.328125 0.230469 0.325521
0 0.204102 0.283854 0.200195 0.289062 0.200195 0.292969 0.199219 0.294271 0.199219 0.295573 0.198242 0.296875 0.198242 0.298177 0.197266 0.299479 0.197266 0.300781 0.195312 0.304688 0.195312 0.316406 0.196289 0.317708 0.196289 0.319010 0.204102 0.319010 0.205078 0.320312 0.208008 0.320312 0.208984 0.321615 0.214844 0.321615 0.215820 0.320312 0.220703 0.320312 0.224609 0.313802 0.224609 0.311198 0.225586 0.309896 0.225586 0.305990 0.224609 0.304688 0.224609 0.300781 0.223633 0.299479 0.223633 0.296875 0.221680 0.292969 0.221680 0.289062 0.220703 0.287760 0.219727 0.287760 0.216797 0.285156 0.214844 0.285156 0.212891 0.282552 0.206055 0.282552 0.205078 0.283854
0 0.237305 0.369792 0.236328 0.371094 0.234375 0.371094 0.233398 0.372396 0.232422 0.372396 0.228516 0.380208 0.225586 0.380208 0.224609 0.381510 0.222656 0.381510 0.222656 0.385417 0.223633 0.386719 0.223633 0.388021 0.225586 0.391927 0.225586 0.394531 0.226562 0.395833 0.226562 0.398438 0.227539 0.399740 0.227539 0.402344 0.229492 0.404948 0.229492 0.406250 0.232422 0.410156 0.233398 0.410156 0.234375 0.411458 0.238281 0.411458 0.239258 0.412760 0.240234 0.412760 0.241211 0.411458 0.244141 0.411458 0.245117 0.410156 0.246094 0.410156 0.247070 0.408854 0.248047 0.408854 0.249023 0.407552 0.251953 0.406250 0.253906 0.403646 0.254883 0.403646 0.254883 0.402344 0.255859 0.401042 0.256836 0.397135 0.255859 0.395833 0.255859 0.391927 0.254883 0.390625 0.254883 0.389323 0.252930 0.386719 0.252930 0.385417 0.250977 0.382812 0.250977 0.381510 0.249023 0.378906 0.249023 0.377604 0.246094 0.373698 0.243164 0.372396 0.241211 0.369792
0 0.208984 0.389323 0.206055 0.391927 0.204102 0.391927 0.203125 0.393229 0.202148 0.393229 0.200195 0.395833 0.200195 0.397135 0.199219 0.398438 0.199219 0.403646 0.200195 0.404948 0.200195 0.407552 0.201172 0.408854 0.201172 0.414062 0.202148 0.415365 0.202148 0.416667 0.205078 0.420573 0.205078 0.421875 0.207031 0.424479 0.207031 0.425781 0.208008 0.427083 0.208008 0.428385 0.209961 0.430990 0.215820 0.430990 0.216797 0.429688 0.217773 0.429688 0.219727 0.427083 0.220703 0.427083 0.222656 0.424479 0.222656 0.423177 0.224609 0.420573 0.224609 0.419271 0.226562 0.415365 0.226562 0.403646 0.224609 0.399740 0.224609 0.397135 0.223633 0.395833 0.223633 0.394531 0.220703 0.390625 0.216797 0.390625 0.215820 0.389323
0 0.241211 0.417969 0.239258 0.417969 0.238281 0.419271 0.236328 0.419271 0.235352 0.420573 0.233398 0.420573 0.229492 0.425781 0.228516 0.425781 0.221680 0.434896 0.220703 0.434896 0.218750 0.437500 0.218750 0.441406 0.224609 0.449219 0.225586 0.453125 0.230469 0.459635 0.231445 0.459635 0.232422 0.460938 0.233398 0.459635 0.244141 0.459635 0.245117 0.458333 0.247070 0.458333 0.250000 0.455729 0.250000 0.453125 0.250977 0.451823 0.250977 0.444010 0.251953 0.442708 0.251953 0.437500 0.250000 0.433594 0.251953 0.429688 0.250977 0.428385 0.250977 0.427083 0.249023 0.423177 0.247070 0.423177 0.244141 0.419271 0.242188 0.419271
0 0.247070 0.464844 0.246094 0.464844 0.245117 0.463542 0.240234 0.463542 0.239258 0.462240 0.238281 0.463542 0.233398 0.463542 0.232422 0.464844 0.231445 0.464844 0.223633 0.475260 0.223633 0.477865 0.219727 0.485677 0.219727 0.492188 0.221680 0.494792 0.221680 0.496094 0.222656 0.497396 0.222656 0.498698 0.224609 0.501302 0.224609 0.502604 0.227539 0.506510 0.233398 0.506510 0.234375 0.505208 0.236328 0.505208 0.237305 0.503906 0.240234 0.502604 0.243164 0.498698 0.244141 0.498698 0.250977 0.490885 0.250977 0.489583 0.251953 0.488281 0.252930 0.484375 0.254883 0.481771 0.254883 0.475260 0.252930 0.472656 0.252930 0.471354 0.250977 0.468750 0.250000 0.468750
0 0.142578 0.492188 0.140625 0.496094 0.140625 0.500000 0.139648 0.501302 0.139648 0.507812 0.140625 0.509115 0.140625 0.510417 0.146484 0.518229 0.146484 0.519531 0.147461 0.519531 0.149414 0.522135 0.150391 0.522135 0.154297 0.527344 0.156250 0.527344 0.157227 0.528646 0.161133 0.528646 0.162109 0.527344 0.163086 0.527344 0.165039 0.524740 0.166016 0.524740 0.166992 0.523438 0.166992 0.514323 0.167969 0.513021 0.167969 0.505208 0.166992 0.503906 0.166992 0.500000 0.166016 0.498698 0.166016 0.494792 0.166992 0.493490 0.166992 0.489583 0.166016 0.489583 0.164062 0.486979 0.154297 0.486979 0.153320 0.488281 0.152344 0.488281 0.149414 0.490885 0.144531 0.490885 0.143555 0.492188
0 0.099609 0.518229 0.099609 0.519531 0.098633 0.520833 0.098633 0.524740 0.099609 0.526042 0.099609 0.528646 0.100586 0.529948 0.100586 0.533854 0.101562 0.535156 0.102539 0.539062 0.103516 0.540365 0.104492 0.540365 0.107422 0.544271 0.109375 0.544271 0.110352 0.545573 0.120117 0.545573 0.121094 0.544271 0.125000 0.544271 0.128906 0.537760 0.128906 0.535156 0.129883 0.533854 0.129883 0.527344 0.128906 0.526042 0.128906 0.523438 0.127930 0.522135 0.127930 0.519531 0.126953 0.518229 0.126953 0.511719 0.125000 0.509115 0.123047 0.509115 0.122070 0.507812 0.121094 0.507812 0.118164 0.505208 0.113281 0.505208 0.112305 0.506510 0.110352 0.506510 0.108398 0.509115 0.107422 0.509115 0.103516 0.515625 0.102539 0.515625 0.100586 0.518229
0 0.149414 0.524740 0.145508 0.524740 0.144531 0.526042 0.142578 0.526042 0.141602 0.527344 0.138672 0.527344 0.137695 0.528646 0.136719 0.528646 0.132812 0.533854 0.132812 0.535156 0.128906 0.540365 0.128906 0.541667 0.127930 0.542969 0.127930 0.544271 0.128906 0.545573 0.128906 0.550781 0.129883 0.552083 0.129883 0.557292 0.130859 0.558594 0.130859 0.566406 0.132812 0.569010 0.133789 0.569010 0.136719 0.571615 0.145508 0.571615 0.146484 0.570312 0.149414 0.570312 0.150391 0.569010 0.153320 0.567708 0.156250 0.563802 0.156250 0.561198 0.157227 0.559896 0.157227 0.557292 0.159180 0.553385 0.159180 0.546875 0.158203 0.545573 0.158203 0.540365 0.157227 0.539062 0.157227 0.532552 0.155273 0.528646 0.153320 0.528646 0.152344 0.527344 0.151367 0.527344
0 0.177734 0.541667 0.174805 0.541667 0.173828 0.542969 0.171875 0.542969 0.170898 0.544271 0.168945 0.544271 0.167969 0.545573 0.165039 0.546875 0.160156 0.553385 0.160156 0.554688 0.159180 0.555990 0.159180 0.557292 0.157227 0.561198 0.157227 0.563802 0.156250 0.565104 0.156250 0.569010 0.155273 0.570312 0.155273 0.579427 0.156250 0.580729 0.163086 0.580729 0.164062 0.579427 0.166016 0.579427 0.166992 0.580729 0.179688 0.580729 0.182617 0.576823 0.182617 0.575521 0.186523 0.569010 0.186523 0.567708 0.185547 0.566406 0.185547 0.558594 0.184570 0.557292 0.184570 0.555990 0.180664 0.550781 0.180664 0.549479 0.178711 0.545573 0.178711 0.542969
0 0.185547 0.572917 0.184570 0.574219 0.184570 0.575521 0.180664 0.580729 0.180664 0.585938 0.179688 0.587240 0.179688 0.595052 0.180664 0.596354 0.180664 0.597656 0.184570 0.602865 0.185547 0.602865 0.187500 0.605469 0.188477 0.605469 0.191406 0.608073 0.193359 0.608073 0.194336 0.609375 0.202148 0.609375 0.203125 0.608073 0.204102 0.608073 0.210938 0.598958 0.210938 0.582031 0.209961 0.580729 0.209961 0.578125 0.208984 0.576823 0.208984 0.575521 0.207031 0.572917 0.205078 0.572917 0.204102 0.571615 0.188477 0.571615 0.187500 0.572917
0 0.153320 0.575521 0.153320 0.578125 0.152344 0.579427 0.152344 0.580729 0.153320 0.582031 0.153320 0.583333 0.154297 0.584635 0.154297 0.587240 0.155273 0.588542 0.155273 0.592448 0.156250 0.593750 0.156250 0.595052 0.157227 0.596354 0.158203 0.596354 0.162109 0.601562 0.164062 0.601562 0.165039 0.602865 0.168945 0.602865 0.169922 0.604167 0.170898 0.604167 0.171875 0.602865 0.175781 0.602865 0.176758 0.601562 0.177734 0.601562 0.179688 0.598958 0.179688 0.595052 0.178711 0.593750 0.178711 0.592448 0.177734 0.591146 0.177734 0.587240 0.176758 0.585938 0.176758 0.584635 0.173828 0.580729 0.169922 0.580729 0.168945 0.579427 0.163086 0.579427 0.162109 0.580729 0.161133 0.580729 0.160156 0.579427 0.157227 0.579427 0.154297 0.575521
0 0.123047 0.569010 0.122070 0.569010 0.121094 0.570312 0.118164 0.570312 0.117188 0.571615 0.112305 0.571615 0.111328 0.572917 0.110352 0.572917 0.109375 0.574219 0.108398 0.574219 0.104492 0.582031 0.104492 0.584635 0.103516 0.585938 0.103516 0.595052 0.105469 0.598958 0.105469 0.601562 0.106445 0.602865 0.106445 0.604167 0.109375 0.608073 0.109375 0.609375 0.110352 0.610677 0.112305 0.610677 0.113281 0.611979 0.116211 0.611979 0.117188 0.610677 0.122070 0.610677 0.123047 0.609375 0.125977 0.609375 0.126953 0.608073 0.127930 0.608073 0.128906 0.606771 0.129883 0.606771 0.129883 0.596354 0.127930 0.592448 0.127930 0.588542 0.126953 0.587240 0.126953 0.582031 0.125977 0.580729 0.125977 0.578125 0.124023 0.574219 0.124023 0.570312
0 0.198242 0.625000 0.197266 0.623698 0.196289 0.623698 0.194336 0.621094 0.193359 0.621094 0.192383 0.619792 0.190430 0.619792 0.188477 0.617188 0.187500 0.621094 0.185547 0.623698 0.184570 0.623698 0.183594 0.622396 0.181641 0.622396 0.180664 0.621094 0.168945 0.621094 0.166992 0.623698 0.166016 0.623698 0.164062 0.627604 0.164062 0.630208 0.162109 0.634115 0.162109 0.640625 0.161133 0.641927 0.161133 0.647135 0.162109 0.648438 0.162109 0.649740 0.165039 0.653646 0.166016 0.653646 0.168945 0.656250 0.180664 0.656250 0.181641 0.654948 0.183594 0.654948 0.184570 0.653646 0.189453 0.653646 0.190430 0.652344 0.192383 0.652344 0.193359 0.651042 0.196289 0.651042 0.199219 0.644531 0.199219 0.627604 0.198242 0.626302
0 0.197266 0.652344 0.197266 0.665365 0.198242 0.665365 0.199219 0.666667 0.200195 0.666667 0.203125 0.669271 0.208008 0.669271 0.208984 0.670573 0.211914 0.670573 0.212891 0.671875 0.214844 0.671875 0.215820 0.673177 0.223633 0.673177 0.226562 0.669271 0.226562 0.665365 0.227539 0.664062 0.227539 0.654948 0.226562 0.653646 0.226562 0.652344 0.225586 0.651042 0.225586 0.649740 0.223633 0.645833 0.223633 0.643229 0.222656 0.641927 0.222656 0.639323 0.221680 0.638021 0.218750 0.638021 0.217773 0.639323 0.214844 0.639323 0.213867 0.638021 0.208984 0.638021 0.207031 0.640625 0.206055 0.640625
0 0.249023 0.628906 0.245117 0.628906 0.244141 0.627604 0.242188 0.627604 0.241211 0.628906 0.238281 0.628906 0.237305 0.630208 0.235352 0.630208 0.234375 0.631510 0.231445 0.631510 0.230469 0.632812 0.228516 0.632812 0.224609 0.638021 0.224609 0.639323 0.223633 0.640625 0.223633 0.644531 0.224609 0.645833 0.224609 0.647135 0.228516 0.652344 0.228516 0.653646 0.229492 0.654948 0.229492 0.657552 0.230469 0.658854 0.230469 0.660156 0.232422 0.664062 0.233398 0.664062 0.234375 0.665365 0.236328 0.665365 0.237305 0.666667 0.243164 0.666667 0.244141 0.665365 0.245117 0.665365 0.246094 0.664062 0.247070 0.664062 0.255859 0.652344 0.255859 0.644531 0.254883 0.643229 0.254883 0.639323 0.252930 0.636719 0.252930 0.634115 0.251953 0.632812 0.251953 0.631510
0 0.266602 0.647135 0.265625 0.648438 0.264648 0.648438 0.263672 0.649740 0.262695 0.649740 0.259766 0.652344 0.257812 0.652344 0.251953 0.660156 0.251953 0.661458 0.250977 0.662760 0.250977 0.669271 0.251953 0.670573 0.251953 0.671875 0.252930 0.673177 0.252930 0.674479 0.258789 0.682292 0.259766 0.682292 0.262695 0.686198 0.264648 0.686198 0.265625 0.687500 0.268555 0.687500 0.269531 0.686198 0.270508 0.686198 0.271484 0.684896 0.272461 0.684896 0.275391 0.682292 0.277344 0.682292 0.278320 0.680990 0.279297 0.680990 0.280273 0.679688 0.281250 0.679688 0.284180 0.675781 0.284180 0.667969 0.283203 0.666667 0.283203 0.665365 0.281250 0.662760 0.281250 0.658854 0.279297 0.654948 0.278320 0.654948 0.273438 0.648438 0.270508 0.648438 0.269531 0.647135
0 0.268555 0.602865 0.267578 0.604167 0.264648 0.604167 0.262695 0.606771 0.259766 0.608073 0.256836 0.611979 0.256836 0.613281 0.254883 0.615885 0.254883 0.621094 0.253906 0.622396 0.253906 0.626302 0.254883 0.627604 0.254883 0.630208 0.255859 0.631510 0.255859 0.632812 0.258789 0.636719 0.259766 0.636719 0.261719 0.639323 0.262695 0.639323 0.266602 0.644531 0.267578 0.644531 0.268555 0.645833 0.274414 0.645833 0.275391 0.644531 0.278320 0.643229 0.280273 0.635417 0.283203 0.631510 0.283203 0.628906 0.284180 0.627604 0.284180 0.622396 0.286133 0.618490 0.286133 0.615885 0.284180 0.613281 0.283203 0.613281 0.278320 0.608073 0.276367 0.608073 0.273438 0.604167 0.272461 0.604167 0.271484 0.602865
0 0.293945 0.626302 0.291016 0.628906 0.287109 0.628906 0.281250 0.636719 0.281250 0.639323 0.280273 0.640625 0.280273 0.647135 0.281250 0.648438 0.281250 0.649740 0.282227 0.651042 0.282227 0.652344 0.284180 0.654948 0.284180 0.656250 0.286133 0.658854 0.287109 0.658854 0.291992 0.665365 0.297852 0.665365 0.298828 0.664062 0.299805 0.664062 0.300781 0.662760 0.301758 0.662760 0.302734 0.661458 0.303711 0.661458 0.306641 0.657552 0.307617 0.657552 0.307617 0.656250 0.308594 0.654948 0.308594 0.651042 0.309570 0.649740 0.309570 0.644531 0.308594 0.643229 0.308594 0.641927 0.303711 0.635417 0.303711 0.634115 0.302734 0.634115 0.299805 0.630208 0.298828 0.630208 0.296875 0.627604 0.295898 0.627604 0.294922 0.626302
0 0.317383 0.657552 0.316406 0.657552 0.315430 0.656250 0.312500 0.656250 0.311523 0.657552 0.309570 0.657552 0.307617 0.660156 0.306641 0.660156 0.305664 0.661458 0.304688 0.661458 0.303711 0.662760 0.302734 0.662760 0.301758 0.664062 0.300781 0.664062 0.300781 0.665365 0.299805 0.666667 0.299805 0.667969 0.298828 0.669271 0.298828 0.671875 0.297852 0.673177 0.297852 0.679688 0.298828 0.680990 0.298828 0.683594 0.299805 0.684896 0.299805 0.686198 0.301758 0.688802 0.303711 0.688802 0.304688 0.690104 0.316406 0.690104 0.317383 0.688802 0.318359 0.688802 0.319336 0.687500 0.320312 0.687500 0.326172 0.679688 0.326172 0.673177 0.323242 0.669271 0.323242 0.667969 0.322266 0.666667 0.322266 0.665365 0.320312 0.662760 0.320312 0.661458
0 0.303711 0.595052 0.298828 0.601562 0.298828 0.602865 0.297852 0.604167 0.297852 0.609375 0.296875 0.610677 0.296875 0.611979 0.294922 0.615885 0.294922 0.618490 0.295898 0.619792 0.295898 0.623698 0.298828 0.627604 0.300781 0.627604 0.301758 0.628906 0.307617 0.628906 0.308594 0.630208 0.313477 0.630208 0.314453 0.628906 0.318359 0.628906 0.319336 0.627604 0.321289 0.627604 0.323242 0.625000 0.323242 0.623698 0.324219 0.622396 0.324219 0.618490 0.326172 0.615885 0.326172 0.611979 0.327148 0.610677 0.327148 0.605469 0.326172 0.604167 0.326172 0.602865 0.325195 0.601562 0.322266 0.601562 0.320312 0.598958 0.320312 0.597656 0.318359 0.597656 0.316406 0.595052 0.315430 0.595052 0.314453 0.593750 0.308594 0.593750 0.307617 0.595052
0 0.283203 0.571615 0.282227 0.572917 0.281250 0.572917 0.281250 0.574219 0.280273 0.575521 0.280273 0.576823 0.278320 0.580729 0.278320 0.583333 0.277344 0.584635 0.277344 0.587240 0.276367 0.588542 0.276367 0.591146 0.275391 0.592448 0.275391 0.593750 0.273438 0.597656 0.273438 0.601562 0.275391 0.604167 0.276367 0.604167 0.277344 0.605469 0.278320 0.605469 0.279297 0.606771 0.280273 0.606771 0.282227 0.609375 0.285156 0.609375 0.286133 0.610677 0.287109 0.610677 0.288086 0.609375 0.289062 0.609375 0.291016 0.606771 0.291992 0.606771 0.291992 0.605469 0.292969 0.604167 0.293945 0.604167 0.296875 0.600260 0.296875 0.598958 0.297852 0.597656 0.297852 0.587240 0.298828 0.585938 0.298828 0.580729 0.296875 0.578125 0.295898 0.578125 0.293945 0.575521 0.292969 0.575521 0.291992 0.574219 0.291016 0.574219 0.289062 0.571615
0 0.216797 0.598958 0.216797 0.606771 0.217773 0.608073 0.217773 0.610677 0.218750 0.611979 0.218750 0.613281 0.220703 0.615885 0.221680 0.615885 0.223633 0.618490 0.223633 0.619792 0.225586 0.622396 0.225586 0.623698 0.227539 0.626302 0.227539 0.627604 0.234375 0.627604 0.235352 0.626302 0.236328 0.626302 0.238281 0.623698 0.239258 0.623698 0.240234 0.622396 0.242188 0.622396 0.246094 0.617188 0.246094 0.614583 0.245117 0.613281 0.245117 0.610677 0.244141 0.609375 0.244141 0.608073 0.241211 0.604167 0.240234 0.604167 0.239258 0.602865 0.237305 0.602865 0.236328 0.601562 0.234375 0.601562 0.233398 0.600260 0.232422 0.600260 0.227539 0.593750 0.222656 0.593750 0.221680 0.595052 0.220703 0.595052 0.219727 0.596354 0.218750 0.596354
0 0.244141 0.558594 0.243164 0.557292 0.243164 0.555990 0.241211 0.553385 0.240234 0.553385 0.239258 0.552083 0.237305 0.552083 0.236328 0.550781 0.232422 0.550781 0.231445 0.552083 0.225586 0.552083 0.224609 0.553385 0.222656 0.553385 0.221680 0.554688 0.220703 0.554688 0.217773 0.558594 0.217773 0.559896 0.216797 0.561198 0.216797 0.563802 0.215820 0.565104 0.215820 0.567708 0.216797 0.569010 0.216797 0.570312 0.217773 0.570312 0.218750 0.571615 0.220703 0.571615 0.221680 0.572917 0.223633 0.572917 0.224609 0.574219 0.225586 0.574219 0.226562 0.575521 0.228516 0.575521 0.229492 0.574219 0.230469 0.574219 0.236328 0.566406 0.237305 0.566406 0.238281 0.565104 0.239258 0.565104 0.240234 0.563802 0.241211 0.563802 0.244141 0.559896
0 0.236328 0.567708 0.226562 0.580729 0.226562 0.584635 0.225586 0.585938 0.226562 0.587240 0.226562 0.591146 0.231445 0.597656 0.231445 0.598958 0.232422 0.600260 0.235352 0.600260 0.236328 0.601562 0.239258 0.601562 0.240234 0.602865 0.242188 0.602865 0.244141 0.605469 0.245117 0.605469 0.246094 0.606771 0.254883 0.606771 0.257812 0.602865 0.258789 0.602865 0.262695 0.596354 0.262695 0.585938 0.263672 0.584635 0.263672 0.576823 0.259766 0.571615 0.259766 0.570312 0.258789 0.569010 0.253906 0.569010 0.252930 0.567708 0.250000 0.567708 0.245117 0.563802 0.242188 0.563802 0.241211 0.565104 0.240234 0.565104 0.239258 0.566406
0 0.193359 0.518229 0.191406 0.520833 0.190430 0.520833 0.187500 0.524740 0.186523 0.524740 0.185547 0.526042 0.185547 0.527344 0.181641 0.532552 0.181641 0.533854 0.180664 0.535156 0.179688 0.539062 0.180664 0.540365 0.180664 0.542969 0.181641 0.544271 0.182617 0.548177 0.184570 0.550781 0.185547 0.550781 0.192383 0.559896 0.194336 0.559896 0.195312 0.561198 0.197266 0.561198 0.198242 0.559896 0.200195 0.559896 0.201172 0.558594 0.203125 0.558594 0.204102 0.557292 0.205078 0.557292 0.208984 0.552083 0.211914 0.550781 0.213867 0.548177 0.213867 0.546875 0.216797 0.542969 0.215820 0.541667 0.215820 0.539062 0.213867 0.536458 0.213867 0.535156 0.212891 0.533854 0.212891 0.531250 0.211914 0.529948 0.211914 0.523438 0.208984 0.523438 0.208008 0.522135 0.205078 0.522135 0.202148 0.519531 0.199219 0.519531 0.198242 0.518229
0 0.228516 0.507812 0.227539 0.509115 0.226562 0.509115 0.223633 0.513021 0.222656 0.513021 0.221680 0.514323 0.220703 0.514323 0.219727 0.515625 0.218750 0.515625 0.215820 0.518229 0.215820 0.526042 0.216797 0.527344 0.216797 0.533854 0.217773 0.535156 0.217773 0.536458 0.220703 0.540365 0.221680 0.540365 0.223633 0.542969 0.224609 0.542969 0.227539 0.546875 0.231445 0.546875 0.232422 0.548177 0.234375 0.548177 0.235352 0.549479 0.236328 0.548177 0.237305 0.548177 0.239258 0.545573 0.240234 0.545573 0.244141 0.540365 0.245117 0.540365 0.248047 0.536458 0.248047 0.535156 0.249023 0.533854 0.249023 0.524740 0.248047 0.523438 0.248047 0.518229 0.243164 0.511719 0.242188 0.511719 0.239258 0.509115 0.238281 0.510417 0.235352 0.510417 0.232422 0.507812
0 0.257812 0.531250 0.256836 0.532552 0.255859 0.532552 0.253906 0.535156 0.252930 0.535156 0.247070 0.542969 0.247070 0.544271 0.246094 0.545573 0.246094 0.546875 0.244141 0.550781 0.244141 0.555990 0.245117 0.557292 0.245117 0.559896 0.246094 0.561198 0.246094 0.562500 0.248047 0.565104 0.249023 0.565104 0.250000 0.566406 0.267578 0.566406 0.268555 0.565104 0.269531 0.565104 0.270508 0.563802 0.271484 0.563802 0.275391 0.555990 0.275391 0.552083 0.276367 0.550781 0.276367 0.548177 0.275391 0.546875 0.275391 0.544271 0.272461 0.540365 0.271484 0.540365 0.270508 0.539062 0.269531 0.539062 0.268555 0.537760 0.267578 0.537760 0.266602 0.536458 0.265625 0.536458 0.263672 0.533854 0.262695 0.533854 0.260742 0.531250
0 0.286133 0.485677 0.285156 0.485677 0.283203 0.483073 0.282227 0.483073 0.281250 0.481771 0.279297 0.481771 0.278320 0.480469 0.270508 0.480469 0.268555 0.483073 0.267578 0.483073 0.265625 0.485677 0.264648 0.485677 0.261719 0.489583 0.261719 0.492188 0.259766 0.496094 0.259766 0.503906 0.258789 0.505208 0.258789 0.514323 0.262695 0.522135 0.263672 0.522135 0.264648 0.523438 0.268555 0.523438 0.269531 0.522135 0.270508 0.522135 0.270508 0.520833 0.271484 0.519531 0.272461 0.519531 0.274414 0.516927 0.275391 0.516927 0.276367 0.515625 0.280273 0.515625 0.281250 0.514323 0.284180 0.514323 0.285156 0.513021 0.286133 0.513021 0.288086 0.510417 0.288086 0.507812 0.289062 0.506510 0.289062 0.489583
0 0.293945 0.535156 0.292969 0.536458 0.291016 0.536458 0.289062 0.539062 0.288086 0.539062 0.285156 0.542969 0.285156 0.544271 0.284180 0.545573 0.284180 0.546875 0.283203 0.548177 0.283203 0.565104 0.286133 0.569010 0.289062 0.569010 0.290039 0.570312 0.291992 0.570312 0.292969 0.571615 0.296875 0.571615 0.297852 0.572917 0.298828 0.571615 0.299805 0.571615 0.301758 0.569010 0.301758 0.566406 0.302734 0.565104 0.302734 0.561198 0.303711 0.559896 0.303711 0.557292 0.304688 0.555990 0.304688 0.554688 0.305664 0.553385 0.305664 0.552083 0.306641 0.550781 0.306641 0.541667 0.304688 0.539062 0.303711 0.539062 0.302734 0.537760 0.300781 0.537760 0.299805 0.536458 0.297852 0.536458 0.296875 0.535156
0 0.313477 0.545573 0.312500 0.546875 0.311523 0.546875 0.310547 0.548177 0.309570 0.548177 0.308594 0.549479 0.307617 0.549479 0.307617 0.550781 0.305664 0.553385 0.305664 0.554688 0.303711 0.558594 0.303711 0.563802 0.302734 0.565104 0.302734 0.572917 0.304688 0.575521 0.304688 0.576823 0.308594 0.582031 0.308594 0.583333 0.310547 0.585938 0.317383 0.585938 0.318359 0.584635 0.320312 0.584635 0.321289 0.583333 0.323242 0.583333 0.325195 0.580729 0.326172 0.580729 0.330078 0.575521 0.330078 0.571615 0.331055 0.570312 0.331055 0.555990 0.330078 0.554688 0.330078 0.553385 0.326172 0.548177 0.323242 0.548177 0.322266 0.546875 0.320312 0.546875 0.319336 0.545573
0 0.343750 0.575521 0.342773 0.576823 0.340820 0.576823 0.333984 0.585938 0.333008 0.585938 0.332031 0.587240 0.332031 0.598958 0.333008 0.600260 0.333008 0.604167 0.333984 0.605469 0.333984 0.606771 0.335938 0.609375 0.336914 0.609375 0.339844 0.611979 0.346680 0.611979 0.347656 0.613281 0.348633 0.613281 0.349609 0.611979 0.351562 0.611979 0.352539 0.610677 0.353516 0.610677 0.356445 0.606771 0.357422 0.606771 0.358398 0.605469 0.359375 0.605469 0.360352 0.604167 0.360352 0.602865 0.361328 0.601562 0.361328 0.600260 0.360352 0.598958 0.360352 0.597656 0.359375 0.596354 0.359375 0.593750 0.357422 0.591146 0.357422 0.589844 0.356445 0.588542 0.356445 0.587240 0.355469 0.585938 0.355469 0.584635 0.354492 0.583333 0.354492 0.582031 0.353516 0.580729 0.353516 0.579427 0.352539 0.578125 0.351562 0.578125 0.349609 0.575521
0 0.383789 0.559896 0.382812 0.559896 0.381836 0.558594 0.375977 0.558594 0.375000 0.557292 0.374023 0.557292 0.372070 0.554688 0.371094 0.554688 0.370117 0.553385 0.368164 0.553385 0.364258 0.558594 0.363281 0.558594 0.362305 0.559896 0.361328 0.559896 0.357422 0.565104 0.357422 0.567708 0.356445 0.569010 0.356445 0.574219 0.355469 0.575521 0.355469 0.582031 0.359375 0.587240 0.360352 0.587240 0.363281 0.591146 0.363281 0.592448 0.365234 0.595052 0.371094 0.595052 0.374023 0.591146 0.375000 0.591146 0.375977 0.589844 0.376953 0.589844 0.377930 0.588542 0.378906 0.588542 0.380859 0.585938 0.381836 0.585938 0.385742 0.580729 0.385742 0.579427 0.386719 0.578125 0.386719 0.569010 0.385742 0.567708 0.385742 0.563802 0.383789 0.561198
0 0.337891 0.539062 0.333984 0.544271 0.333984 0.559896 0.334961 0.561198 0.334961 0.563802 0.335938 0.565104 0.335938 0.566406 0.336914 0.566406 0.337891 0.567708 0.339844 0.567708 0.340820 0.569010 0.342773 0.569010 0.343750 0.570312 0.346680 0.570312 0.347656 0.571615 0.352539 0.571615 0.355469 0.567708 0.355469 0.566406 0.361328 0.558594 0.361328 0.541667 0.359375 0.539062 0.355469 0.539062 0.354492 0.537760 0.339844 0.537760 0.338867 0.539062
0 0.322266 0.516927 0.321289 0.518229 0.321289 0.519531 0.320312 0.520833 0.320312 0.522135 0.319336 0.523438 0.319336 0.524740 0.318359 0.526042 0.318359 0.532552 0.320312 0.535156 0.320312 0.536458 0.323242 0.540365 0.326172 0.540365 0.327148 0.541667 0.331055 0.541667 0.332031 0.542969 0.333984 0.542969 0.337891 0.537760 0.337891 0.532552 0.335938 0.529948 0.335938 0.528646 0.334961 0.527344 0.334961 0.526042 0.333984 0.524740 0.333984 0.523438 0.333008 0.522135 0.333008 0.520833 0.332031 0.519531 0.331055 0.519531 0.330078 0.518229 0.327148 0.518229 0.326172 0.516927
0 0.297852 0.493490 0.296875 0.494792 0.295898 0.494792 0.292969 0.497396 0.292969 0.502604 0.291992 0.503906 0.291992 0.506510 0.286133 0.518229 0.287109 0.519531 0.287109 0.523438 0.290039 0.527344 0.290039 0.528646 0.292969 0.532552 0.293945 0.532552 0.294922 0.533854 0.297852 0.533854 0.298828 0.535156 0.300781 0.535156 0.301758 0.536458 0.305664 0.536458 0.313477 0.526042 0.313477 0.524740 0.314453 0.523438 0.314453 0.502604 0.312500 0.498698 0.311523 0.498698 0.310547 0.497396 0.309570 0.497396 0.306641 0.494792 0.304688 0.494792 0.303711 0.493490
0 0.270508 0.455729 0.270508 0.459635 0.271484 0.460938 0.271484 0.463542 0.272461 0.464844 0.272461 0.467448 0.273438 0.468750 0.273438 0.470052 0.274414 0.471354 0.274414 0.472656 0.276367 0.475260 0.277344 0.475260 0.279297 0.477865 0.280273 0.477865 0.283203 0.480469 0.287109 0.480469 0.288086 0.481771 0.290039 0.481771 0.291016 0.480469 0.294922 0.480469 0.295898 0.479167 0.296875 0.479167 0.298828 0.476562 0.299805 0.476562 0.299805 0.475260 0.300781 0.473958 0.300781 0.457031 0.299805 0.455729 0.299805 0.454427 0.297852 0.451823 0.297852 0.450521 0.296875 0.450521 0.293945 0.447917 0.284180 0.447917 0.283203 0.449219 0.281250 0.449219 0.280273 0.450521 0.278320 0.450521 0.275391 0.453125 0.273438 0.453125
0 0.314453 0.445312 0.311523 0.447917 0.309570 0.447917 0.309570 0.449219 0.305664 0.454427 0.304688 0.458333 0.302734 0.460938 0.302734 0.480469 0.303711 0.481771 0.303711 0.483073 0.305664 0.485677 0.305664 0.486979 0.306641 0.486979 0.308594 0.489583 0.321289 0.489583 0.322266 0.488281 0.323242 0.488281 0.324219 0.486979 0.325195 0.486979 0.326172 0.485677 0.327148 0.485677 0.332031 0.481771 0.332031 0.480469 0.333984 0.476562 0.333984 0.464844 0.333008 0.463542 0.333008 0.459635 0.330078 0.453125 0.330078 0.449219 0.328125 0.449219 0.327148 0.447917 0.326172 0.447917 0.325195 0.446615 0.323242 0.446615 0.322266 0.445312
0 0.313477 0.490885 0.312500 0.492188 0.312500 0.496094 0.322266 0.509115 0.322266 0.510417 0.325195 0.514323 0.326172 0.514323 0.327148 0.515625 0.328125 0.515625 0.329102 0.516927 0.332031 0.516927 0.333008 0.515625 0.333008 0.514323 0.333984 0.513021 0.333984 0.511719 0.335938 0.509115 0.335938 0.507812 0.336914 0.506510 0.336914 0.503906 0.337891 0.502604 0.337891 0.501302 0.336914 0.500000 0.336914 0.494792 0.335938 0.493490 0.335938 0.490885 0.333008 0.486979 0.332031 0.486979 0.331055 0.485677 0.329102 0.485677 0.328125 0.486979 0.325195 0.486979 0.324219 0.488281 0.323242 0.488281 0.322266 0.489583 0.320312 0.489583 0.319336 0.490885
0 0.343750 0.501302 0.340820 0.505208 0.339844 0.505208 0.339844 0.506510 0.334961 0.513021 0.334961 0.514323 0.333984 0.515625 0.333984 0.524740 0.334961 0.526042 0.334961 0.527344 0.335938 0.528646 0.335938 0.529948 0.339844 0.535156 0.342773 0.535156 0.343750 0.536458 0.352539 0.536458 0.353516 0.535156 0.354492 0.535156 0.359375 0.528646 0.359375 0.524740 0.360352 0.523438 0.360352 0.509115 0.359375 0.507812 0.359375 0.506510 0.357422 0.503906 0.356445 0.503906 0.355469 0.502604 0.354492 0.502604 0.353516 0.501302
0 0.368164 0.501302 0.367188 0.505208 0.365234 0.507812 0.365234 0.509115 0.363281 0.511719 0.363281 0.513021 0.362305 0.514323 0.362305 0.528646 0.363281 0.529948 0.363281 0.532552 0.364258 0.533854 0.364258 0.536458 0.367188 0.540365 0.368164 0.540365 0.369141 0.541667 0.375000 0.541667 0.375977 0.542969 0.380859 0.542969 0.381836 0.541667 0.384766 0.541667 0.389648 0.535156 0.389648 0.533854 0.390625 0.532552 0.390625 0.529948 0.391602 0.528646 0.391602 0.514323 0.390625 0.513021 0.390625 0.511719 0.388672 0.509115 0.387695 0.509115 0.384766 0.506510 0.382812 0.506510 0.381836 0.505208 0.379883 0.505208 0.378906 0.503906 0.376953 0.503906 0.374023 0.501302
0 0.354492 0.454427 0.352539 0.454427 0.351562 0.455729 0.348633 0.455729 0.343750 0.460938 0.343750 0.462240 0.341797 0.464844 0.341797 0.466146 0.340820 0.467448 0.340820 0.470052 0.339844 0.471354 0.339844 0.476562 0.338867 0.477865 0.338867 0.483073 0.339844 0.484375 0.339844 0.485677 0.340820 0.486979 0.341797 0.490885 0.346680 0.497396 0.347656 0.497396 0.348633 0.498698 0.351562 0.498698 0.352539 0.497396 0.356445 0.497396 0.359375 0.494792 0.361328 0.494792 0.362305 0.493490 0.364258 0.493490 0.368164 0.488281 0.368164 0.485677 0.370117 0.481771 0.370117 0.475260 0.369141 0.473958 0.369141 0.472656 0.368164 0.471354 0.367188 0.467448 0.362305 0.460938 0.362305 0.459635 0.360352 0.457031 0.359375 0.457031 0.358398 0.455729 0.355469 0.455729
0 0.375977 0.463542 0.375000 0.464844 0.374023 0.464844 0.373047 0.466146 0.372070 0.466146 0.370117 0.470052 0.370117 0.476562 0.371094 0.477865 0.371094 0.480469 0.370117 0.481771 0.370117 0.484375 0.369141 0.485677 0.369141 0.493490 0.370117 0.494792 0.370117 0.496094 0.372070 0.498698 0.373047 0.498698 0.374023 0.500000 0.375000 0.500000 0.377930 0.502604 0.380859 0.502604 0.381836 0.503906 0.385742 0.503906 0.386719 0.505208 0.388672 0.505208 0.389648 0.503906 0.390625 0.503906 0.391602 0.502604 0.392578 0.502604 0.394531 0.500000 0.395508 0.500000 0.395508 0.498698 0.397461 0.494792 0.397461 0.485677 0.396484 0.484375 0.396484 0.483073 0.395508 0.481771 0.395508 0.480469 0.394531 0.479167 0.394531 0.477865 0.393555 0.476562 0.393555 0.475260 0.389648 0.470052 0.388672 0.470052 0.386719 0.467448 0.385742 0.467448 0.382812 0.464844 0.379883 0.464844 0.378906 0.463542
0 0.340820 0.623698 0.338867 0.623698 0.337891 0.622396 0.334961 0.622396 0.333984 0.623698 0.330078 0.623698 0.329102 0.625000 0.328125 0.625000 0.325195 0.628906 0.324219 0.628906 0.321289 0.632812 0.321289 0.635417 0.320312 0.636719 0.320312 0.638021 0.321289 0.639323 0.321289 0.651042 0.322266 0.652344 0.322266 0.660156 0.323242 0.660156 0.326172 0.662760 0.336914 0.662760 0.337891 0.661458 0.340820 0.661458 0.341797 0.660156 0.343750 0.660156 0.344727 0.658854 0.346680 0.658854 0.347656 0.657552 0.348633 0.657552 0.348633 0.652344 0.344727 0.647135 0.344727 0.645833 0.343750 0.644531 0.343750 0.640625 0.342773 0.639323 0.342773 0.627604
0 0.370117 0.611979 0.369141 0.611979 0.368164 0.610677 0.359375 0.610677 0.358398 0.611979 0.356445 0.611979 0.355469 0.613281 0.353516 0.613281 0.352539 0.614583 0.351562 0.614583 0.351562 0.615885 0.346680 0.622396 0.345703 0.622396 0.345703 0.623698 0.343750 0.627604 0.343750 0.638021 0.344727 0.639323 0.344727 0.644531 0.345703 0.645833 0.345703 0.647135 0.348633 0.651042 0.348633 0.652344 0.350586 0.654948 0.357422 0.654948 0.358398 0.653646 0.360352 0.653646 0.361328 0.652344 0.362305 0.652344 0.364258 0.649740 0.365234 0.649740 0.367188 0.647135 0.368164 0.647135 0.371094 0.643229 0.371094 0.641927 0.372070 0.640625 0.372070 0.639323 0.373047 0.638021 0.373047 0.636719 0.375000 0.632812 0.375000 0.630208 0.375977 0.628906 0.375977 0.625000 0.374023 0.621094 0.374023 0.618490 0.373047 0.617188 0.373047 0.615885
0 0.352539 0.661458 0.347656 0.661458 0.346680 0.662760 0.341797 0.662760 0.340820 0.664062 0.338867 0.664062 0.335938 0.667969 0.335938 0.669271 0.334961 0.670573 0.334961 0.671875 0.333008 0.674479 0.333008 0.675781 0.331055 0.678385 0.330078 0.678385 0.329102 0.679688 0.329102 0.682292 0.328125 0.683594 0.328125 0.688802 0.329102 0.690104 0.330078 0.694010 0.333008 0.697917 0.333008 0.699219 0.336914 0.704427 0.337891 0.704427 0.340820 0.708333 0.343750 0.708333 0.344727 0.707031 0.347656 0.707031 0.348633 0.705729 0.350586 0.705729 0.352539 0.703125 0.353516 0.703125 0.354492 0.701823 0.354492 0.700521 0.356445 0.697917 0.356445 0.696615 0.357422 0.695312 0.357422 0.692708 0.359375 0.688802 0.359375 0.686198 0.360352 0.684896 0.360352 0.683594 0.359375 0.682292 0.359375 0.679688 0.358398 0.678385 0.358398 0.674479 0.357422 0.673177 0.357422 0.671875 0.355469 0.669271 0.355469 0.666667 0.353516 0.664062 0.353516 0.662760
0 0.326172 0.692708 0.324219 0.692708 0.323242 0.691406 0.318359 0.691406 0.317383 0.692708 0.312500 0.692708 0.311523 0.694010 0.309570 0.694010 0.309570 0.695312 0.307617 0.697917 0.307617 0.700521 0.306641 0.701823 0.306641 0.704427 0.305664 0.705729 0.305664 0.729167 0.306641 0.730469 0.306641 0.733073 0.308594 0.735677 0.312500 0.735677 0.313477 0.736979 0.317383 0.736979 0.318359 0.735677 0.321289 0.735677 0.324219 0.733073 0.326172 0.733073 0.327148 0.731771 0.328125 0.731771 0.328125 0.730469 0.330078 0.727865 0.331055 0.723958 0.333984 0.720052 0.333984 0.705729 0.333008 0.704427 0.332031 0.700521
0 0.296875 0.708333 0.294922 0.710938 0.291016 0.710938 0.290039 0.712240 0.289062 0.712240 0.287109 0.714844 0.287109 0.717448 0.286133 0.718750 0.286133 0.723958 0.285156 0.725260 0.285156 0.742188 0.286133 0.743490 0.286133 0.744792 0.288086 0.747396 0.288086 0.748698 0.290039 0.751302 0.290039 0.752604 0.291016 0.752604 0.293945 0.756510 0.303711 0.756510 0.304688 0.755208 0.305664 0.755208 0.307617 0.751302 0.306641 0.750000 0.306641 0.736979 0.305664 0.735677 0.305664 0.730469 0.304688 0.729167 0.304688 0.723958 0.303711 0.722656 0.303711 0.714844 0.302734 0.713542 0.302734 0.712240 0.299805 0.708333
0 0.255859 0.722656 0.252930 0.726562 0.252930 0.727865 0.250977 0.730469 0.250977 0.733073 0.250000 0.734375 0.250000 0.736979 0.248047 0.740885 0.248047 0.744792 0.247070 0.746094 0.248047 0.747396 0.248047 0.750000 0.249023 0.751302 0.249023 0.752604 0.250977 0.755208 0.251953 0.755208 0.253906 0.757812 0.254883 0.757812 0.257812 0.760417 0.271484 0.760417 0.276367 0.753906 0.276367 0.752604 0.277344 0.751302 0.277344 0.746094 0.278320 0.744792 0.278320 0.739583 0.279297 0.738281 0.279297 0.729167 0.278320 0.727865 0.274414 0.727865 0.271484 0.723958 0.268555 0.723958 0.268555 0.725260 0.267578 0.726562 0.263672 0.726562 0.262695 0.725260 0.262695 0.722656 0.261719 0.721354 0.258789 0.721354 0.257812 0.722656
0 0.247070 0.756510 0.247070 0.757812 0.244141 0.761719 0.244141 0.763021 0.243164 0.764323 0.243164 0.768229 0.242188 0.769531 0.242188 0.772135 0.241211 0.773438 0.241211 0.774740 0.240234 0.776042 0.240234 0.777344 0.238281 0.781250 0.238281 0.785156 0.237305 0.786458 0.237305 0.787760 0.239258 0.791667 0.240234 0.791667 0.241211 0.792969 0.242188 0.792969 0.245117 0.795573 0.252930 0.795573 0.253906 0.794271 0.256836 0.794271 0.260742 0.789062 0.261719 0.789062 0.264648 0.785156 0.264648 0.783854 0.266602 0.779948 0.266602 0.770833 0.268555 0.768229 0.264648 0.768229 0.263672 0.766927 0.262695 0.766927 0.259766 0.763021 0.258789 0.763021 0.256836 0.760417 0.255859 0.760417 0.254883 0.759115 0.253906 0.759115 0.250977 0.756510
0 0.255859 0.697917 0.254883 0.697917 0.253906 0.696615 0.250000 0.696615 0.248047 0.694010 0.248047 0.691406 0.247070 0.690104 0.243164 0.690104 0.241211 0.692708 0.239258 0.692708 0.238281 0.694010 0.236328 0.694010 0.234375 0.696615 0.233398 0.696615 0.232422 0.697917 0.231445 0.697917 0.227539 0.703125 0.227539 0.704427 0.226562 0.705729 0.226562 0.717448 0.227539 0.718750 0.227539 0.721354 0.228516 0.722656 0.229492 0.722656 0.232422 0.725260 0.233398 0.723958 0.240234 0.723958 0.241211 0.725260 0.245117 0.725260 0.246094 0.726562 0.250000 0.726562 0.251953 0.723958 0.251953 0.722656 0.252930 0.721354 0.252930 0.720052 0.255859 0.716146 0.255859 0.714844 0.257812 0.710938 0.257812 0.707031 0.258789 0.705729 0.257812 0.704427 0.257812 0.703125 0.256836 0.701823 0.256836 0.700521 0.255859 0.699219
0 0.189453 0.700521 0.186523 0.704427 0.185547 0.704427 0.180664 0.710938 0.180664 0.717448 0.188477 0.727865 0.189453 0.727865 0.196289 0.736979 0.197266 0.736979 0.198242 0.738281 0.202148 0.738281 0.207031 0.731771 0.208008 0.731771 0.211914 0.726562 0.211914 0.725260 0.214844 0.721354 0.214844 0.720052 0.216797 0.716146 0.216797 0.709635 0.213867 0.705729 0.213867 0.704427 0.208984 0.699219 0.206055 0.699219 0.205078 0.697917 0.196289 0.697917 0.195312 0.699219 0.192383 0.699219 0.191406 0.700521
0 0.290039 0.753906 0.286133 0.753906 0.285156 0.755208 0.283203 0.755208 0.274414 0.766927 0.274414 0.768229 0.273438 0.769531 0.273438 0.779948 0.274414 0.781250 0.274414 0.795573 0.278320 0.800781 0.278320 0.802083 0.281250 0.804688 0.284180 0.804688 0.285156 0.803385 0.288086 0.802083 0.291992 0.796875 0.291992 0.795573 0.295898 0.790365 0.296875 0.790365 0.298828 0.787760 0.299805 0.787760 0.303711 0.782552 0.303711 0.781250 0.304688 0.779948 0.304688 0.776042 0.303711 0.774740 0.303711 0.770833 0.301758 0.766927 0.301758 0.764323 0.298828 0.764323 0.295898 0.760417 0.295898 0.759115 0.294922 0.757812 0.293945 0.757812 0.291992 0.755208 0.291016 0.755208
0 0.311523 0.783854 0.309570 0.783854 0.308594 0.785156 0.305664 0.785156 0.304688 0.786458 0.302734 0.786458 0.301758 0.787760 0.298828 0.789062 0.293945 0.795573 0.293945 0.796875 0.291992 0.799479 0.291992 0.800781 0.290039 0.804688 0.290039 0.808594 0.289062 0.809896 0.289062 0.812500 0.288086 0.813802 0.288086 0.820312 0.289062 0.821615 0.290039 0.821615 0.295898 0.829427 0.296875 0.829427 0.301758 0.835938 0.305664 0.835938 0.306641 0.834635 0.307617 0.834635 0.307617 0.833333 0.308594 0.832031 0.308594 0.829427 0.315430 0.820312 0.316406 0.820312 0.319336 0.816406 0.319336 0.815104 0.320312 0.813802 0.319336 0.812500 0.319336 0.807292 0.321289 0.803385 0.321289 0.796875 0.320312 0.795573 0.319336 0.791667 0.314453 0.785156 0.312500 0.785156
0 0.330078 0.822917 0.326172 0.822917 0.325195 0.821615 0.320312 0.821615 0.319336 0.822917 0.317383 0.822917 0.316406 0.824219 0.314453 0.824219 0.313477 0.825521 0.313477 0.828125 0.310547 0.832031 0.310547 0.833333 0.304688 0.841146 0.304688 0.846354 0.305664 0.847656 0.305664 0.848958 0.314453 0.860677 0.316406 0.860677 0.317383 0.861979 0.318359 0.861979 0.319336 0.860677 0.322266 0.860677 0.323242 0.859375 0.327148 0.859375 0.328125 0.858073 0.330078 0.858073 0.333984 0.852865 0.333984 0.851562 0.334961 0.850260 0.334961 0.848958 0.335938 0.847656 0.335938 0.846354 0.336914 0.845052 0.336914 0.843750 0.338867 0.839844 0.338867 0.837240 0.339844 0.835938 0.339844 0.834635 0.336914 0.834635 0.334961 0.832031 0.334961 0.830729 0.330078 0.824219
0 0.331055 0.742188 0.330078 0.742188 0.327148 0.744792 0.325195 0.744792 0.324219 0.746094 0.323242 0.746094 0.322266 0.747396 0.321289 0.747396 0.318359 0.751302 0.316406 0.751302 0.313477 0.755208 0.313477 0.769531 0.314453 0.770833 0.314453 0.772135 0.318359 0.777344 0.319336 0.777344 0.321289 0.779948 0.322266 0.779948 0.325195 0.782552 0.326172 0.782552 0.328125 0.779948 0.329102 0.779948 0.332031 0.776042 0.333008 0.776042 0.334961 0.773438 0.335938 0.773438 0.339844 0.768229 0.339844 0.761719 0.338867 0.761719 0.336914 0.759115 0.334961 0.759115 0.333984 0.757812 0.333008 0.757812 0.331055 0.755208 0.331055 0.753906 0.330078 0.752604 0.330078 0.750000 0.332031 0.747396 0.332031 0.744792 0.331055 0.743490
0 0.333008 0.729167 0.333008 0.730469 0.331055 0.733073 0.331055 0.734375 0.329102 0.736979 0.329102 0.738281 0.328125 0.739583 0.328125 0.742188 0.327148 0.743490 0.327148 0.747396 0.329102 0.751302 0.329102 0.753906 0.330078 0.755208 0.330078 0.756510 0.333008 0.756510 0.333984 0.757812 0.334961 0.757812 0.335938 0.759115 0.336914 0.759115 0.337891 0.760417 0.338867 0.760417 0.341797 0.763021 0.350586 0.763021 0.353516 0.759115 0.353516 0.757812 0.354492 0.756510 0.354492 0.755208 0.356445 0.752604 0.356445 0.750000 0.357422 0.748698 0.357422 0.743490 0.358398 0.742188 0.358398 0.740885 0.356445 0.738281 0.356445 0.736979 0.354492 0.734375 0.354492 0.733073 0.350586 0.727865 0.347656 0.727865 0.346680 0.726562 0.343750 0.726562 0.342773 0.725260 0.339844 0.725260 0.336914 0.727865 0.334961 0.727865 0.333984 0.729167
0 0.347656 0.766927 0.346680 0.768229 0.344727 0.768229 0.343750 0.769531 0.342773 0.769531 0.339844 0.773438 0.339844 0.776042 0.338867 0.777344 0.338867 0.782552 0.337891 0.783854 0.337891 0.789062 0.338867 0.790365 0.338867 0.804688 0.339844 0.805990 0.340820 0.809896 0.345703 0.816406 0.353516 0.816406 0.355469 0.813802 0.356445 0.813802 0.357422 0.812500 0.359375 0.812500 0.361328 0.809896 0.361328 0.807292 0.367188 0.799479 0.367188 0.795573 0.364258 0.792969 0.360352 0.792969 0.357422 0.790365 0.357422 0.789062 0.356445 0.787760 0.356445 0.785156 0.355469 0.783854 0.355469 0.782552 0.354492 0.781250 0.354492 0.779948 0.353516 0.778646 0.353516 0.777344 0.351562 0.773438 0.351562 0.769531 0.349609 0.766927
0 0.357422 0.753906 0.356445 0.755208 0.356445 0.756510 0.355469 0.757812 0.355469 0.759115 0.353516 0.763021 0.353516 0.765625 0.352539 0.766927 0.352539 0.773438 0.353516 0.774740 0.353516 0.777344 0.355469 0.779948 0.355469 0.781250 0.356445 0.782552 0.356445 0.786458 0.357422 0.787760 0.357422 0.790365 0.358398 0.791667 0.363281 0.791667 0.364258 0.792969 0.366211 0.792969 0.368164 0.795573 0.369141 0.795573 0.370117 0.794271 0.373047 0.794271 0.374023 0.792969 0.375977 0.792969 0.375977 0.791667 0.378906 0.787760 0.379883 0.787760 0.380859 0.786458 0.380859 0.783854 0.382812 0.781250 0.382812 0.768229 0.381836 0.766927 0.381836 0.763021 0.380859 0.761719 0.380859 0.760417 0.379883 0.759115 0.360352 0.759115 0.359375 0.757812 0.359375 0.756510
0 0.361328 0.690104 0.359375 0.692708 0.359375 0.694010 0.358398 0.695312 0.358398 0.696615 0.357422 0.697917 0.356445 0.701823 0.354492 0.704427 0.353516 0.704427 0.351562 0.708333 0.351562 0.718750 0.350586 0.720052 0.350586 0.721354 0.352539 0.725260 0.352539 0.727865 0.356445 0.733073 0.356445 0.734375 0.357422 0.735677 0.358398 0.735677 0.361328 0.738281 0.365234 0.738281 0.366211 0.736979 0.371094 0.736979 0.374023 0.734375 0.374023 0.733073 0.376953 0.726562 0.376953 0.718750 0.377930 0.717448 0.378906 0.713542 0.380859 0.710938 0.380859 0.707031 0.381836 0.705729 0.381836 0.700521 0.382812 0.699219 0.382812 0.695312 0.381836 0.694010 0.381836 0.692708 0.380859 0.692708 0.379883 0.691406 0.378906 0.691406 0.377930 0.692708 0.371094 0.692708 0.368164 0.690104
0 0.370117 0.796875 0.364258 0.804688 0.364258 0.805990 0.362305 0.808594 0.362305 0.811198 0.363281 0.812500 0.363281 0.815104 0.364258 0.816406 0.364258 0.817708 0.371094 0.826823 0.372070 0.826823 0.373047 0.828125 0.375000 0.828125 0.375977 0.829427 0.377930 0.829427 0.380859 0.832031 0.390625 0.832031 0.393555 0.828125 0.393555 0.826823 0.394531 0.825521 0.394531 0.816406 0.395508 0.815104 0.394531 0.813802 0.394531 0.809896 0.388672 0.802083 0.387695 0.802083 0.386719 0.800781 0.385742 0.800781 0.381836 0.795573 0.372070 0.795573 0.371094 0.796875
0 0.410156 0.803385 0.407227 0.803385 0.405273 0.805990 0.404297 0.805990 0.403320 0.807292 0.402344 0.807292 0.401367 0.808594 0.398438 0.809896 0.398438 0.811198 0.396484 0.813802 0.396484 0.817708 0.395508 0.819010 0.395508 0.829427 0.394531 0.830729 0.394531 0.835938 0.395508 0.837240 0.395508 0.842448 0.396484 0.843750 0.396484 0.845052 0.398438 0.847656 0.398438 0.848958 0.400391 0.851562 0.402344 0.851562 0.403320 0.852865 0.406250 0.852865 0.407227 0.851562 0.408203 0.851562 0.408203 0.850260 0.407227 0.850260 0.404297 0.846354 0.404297 0.845052 0.406250 0.842448 0.407227 0.842448 0.408203 0.841146 0.413086 0.841146 0.414062 0.842448 0.416992 0.842448 0.418945 0.845052 0.418945 0.846354 0.419922 0.845052 0.418945 0.843750 0.418945 0.837240 0.417969 0.835938 0.417969 0.820312 0.416992 0.819010 0.416992 0.815104 0.416016 0.813802 0.415039 0.809896
0 0.395508 0.832031 0.395508 0.833333 0.394531 0.834635 0.394531 0.841146 0.395508 0.842448 0.395508 0.846354 0.396484 0.847656 0.396484 0.848958 0.397461 0.850260 0.398438 0.850260 0.399414 0.851562 0.401367 0.851562 0.403320 0.854167 0.404297 0.854167 0.405273 0.855469 0.406250 0.855469 0.407227 0.856771 0.408203 0.856771 0.409180 0.855469 0.416016 0.855469 0.416992 0.854167 0.418945 0.854167 0.418945 0.850260 0.419922 0.848958 0.419922 0.841146 0.418945 0.839844 0.418945 0.837240 0.417969 0.835938 0.417969 0.834635 0.415039 0.834635 0.414062 0.835938 0.414062 0.837240 0.412109 0.839844 0.407227 0.839844 0.406250 0.841146 0.404297 0.841146 0.401367 0.837240 0.401367 0.835938 0.400391 0.834635 0.399414 0.834635 0.398438 0.833333 0.397461 0.833333 0.396484 0.832031
0 0.439453 0.834635 0.435547 0.834635 0.434570 0.835938 0.432617 0.835938 0.431641 0.837240 0.430664 0.837240 0.429688 0.838542 0.429688 0.839844 0.426758 0.843750 0.425781 0.843750 0.422852 0.846354 0.422852 0.847656 0.421875 0.848958 0.421875 0.851562 0.420898 0.852865 0.420898 0.855469 0.419922 0.856771 0.419922 0.859375 0.420898 0.860677 0.420898 0.865885 0.421875 0.867188 0.421875 0.869792 0.422852 0.871094 0.423828 0.875000 0.429688 0.884115 0.433594 0.884115 0.434570 0.882812 0.436523 0.882812 0.438477 0.880208 0.440430 0.880208 0.441406 0.878906 0.443359 0.878906 0.444336 0.877604 0.446289 0.877604 0.448242 0.875000 0.448242 0.873698 0.450195 0.869792 0.450195 0.859375 0.449219 0.858073 0.449219 0.854167 0.448242 0.852865 0.448242 0.851562 0.447266 0.850260 0.446289 0.846354 0.444336 0.843750 0.444336 0.842448 0.440430 0.837240 0.440430 0.835938
0 0.449219 0.812500 0.446289 0.816406 0.446289 0.817708 0.445312 0.819010 0.445312 0.825521 0.446289 0.826823 0.446289 0.828125 0.447266 0.829427 0.447266 0.830729 0.452148 0.837240 0.453125 0.837240 0.455078 0.839844 0.457031 0.839844 0.458008 0.841146 0.462891 0.841146 0.463867 0.842448 0.466797 0.842448 0.467773 0.841146 0.468750 0.841146 0.470703 0.838542 0.470703 0.837240 0.471680 0.835938 0.471680 0.830729 0.468750 0.826823 0.468750 0.825521 0.467773 0.824219 0.467773 0.822917 0.466797 0.821615 0.466797 0.819010 0.465820 0.817708 0.465820 0.815104 0.464844 0.813802 0.464844 0.812500 0.463867 0.811198 0.463867 0.809896 0.461914 0.807292 0.457031 0.807292 0.456055 0.808594 0.455078 0.808594 0.454102 0.809896 0.453125 0.809896 0.452148 0.811198 0.451172 0.811198 0.450195 0.812500
0 0.426758 0.759115 0.420898 0.759115 0.419922 0.760417 0.416016 0.760417 0.412109 0.765625 0.412109 0.766927 0.410156 0.769531 0.410156 0.770833 0.409180 0.772135 0.409180 0.787760 0.410156 0.789062 0.410156 0.792969 0.411133 0.794271 0.411133 0.796875 0.412109 0.798177 0.412109 0.802083 0.413086 0.803385 0.413086 0.805990 0.416992 0.811198 0.417969 0.811198 0.418945 0.812500 0.419922 0.811198 0.420898 0.811198 0.426758 0.803385 0.427734 0.803385 0.430664 0.799479 0.430664 0.794271 0.431641 0.792969 0.431641 0.786458 0.432617 0.785156 0.432617 0.779948 0.433594 0.778646 0.433594 0.770833 0.434570 0.769531 0.434570 0.768229 0.432617 0.765625 0.431641 0.765625
0 0.401367 0.753906 0.397461 0.753906 0.396484 0.755208 0.393555 0.755208 0.392578 0.756510 0.386719 0.756510 0.386719 0.757812 0.385742 0.759115 0.385742 0.763021 0.383789 0.766927 0.383789 0.779948 0.382812 0.781250 0.382812 0.787760 0.383789 0.789062 0.383789 0.791667 0.384766 0.792969 0.386719 0.792969 0.387695 0.794271 0.389648 0.794271 0.390625 0.795573 0.392578 0.795573 0.393555 0.794271 0.394531 0.794271 0.398438 0.789062 0.399414 0.789062 0.400391 0.787760 0.401367 0.787760 0.402344 0.786458 0.403320 0.786458 0.404297 0.785156 0.405273 0.785156 0.407227 0.782552 0.407227 0.777344 0.408203 0.776042 0.408203 0.761719 0.407227 0.760417 0.407227 0.759115 0.405273 0.756510 0.404297 0.756510
0 0.397461 0.707031 0.391602 0.707031 0.389648 0.709635 0.388672 0.709635 0.387695 0.710938 0.387695 0.712240 0.383789 0.717448 0.383789 0.718750 0.382812 0.720052 0.382812 0.722656 0.381836 0.723958 0.381836 0.729167 0.380859 0.730469 0.380859 0.733073 0.381836 0.734375 0.381836 0.740885 0.382812 0.742188 0.382812 0.744792 0.383789 0.746094 0.383789 0.748698 0.384766 0.750000 0.384766 0.751302 0.385742 0.752604 0.386719 0.752604 0.387695 0.753906 0.389648 0.753906 0.390625 0.755208 0.392578 0.755208 0.393555 0.753906 0.396484 0.753906 0.398438 0.751302 0.399414 0.751302 0.404297 0.744792 0.405273 0.744792 0.407227 0.742188 0.408203 0.742188 0.410156 0.739583 0.410156 0.738281 0.411133 0.736979 0.411133 0.725260 0.410156 0.723958 0.410156 0.721354 0.409180 0.720052 0.409180 0.718750 0.402344 0.709635 0.401367 0.709635 0.400391 0.708333 0.398438 0.708333
0 0.437500 0.718750 0.436523 0.720052 0.435547 0.720052 0.432617 0.723958 0.431641 0.723958 0.430664 0.725260 0.429688 0.725260 0.426758 0.727865 0.426758 0.730469 0.425781 0.731771 0.425781 0.734375 0.423828 0.738281 0.423828 0.740885 0.421875 0.744792 0.421875 0.747396 0.424805 0.751302 0.427734 0.752604 0.430664 0.756510 0.432617 0.756510 0.433594 0.757812 0.434570 0.757812 0.437500 0.760417 0.439453 0.760417 0.440430 0.761719 0.442383 0.761719 0.443359 0.763021 0.447266 0.763021 0.448242 0.761719 0.450195 0.761719 0.451172 0.760417 0.452148 0.760417 0.452148 0.759115 0.453125 0.757812 0.453125 0.730469 0.451172 0.727865 0.451172 0.726562 0.450195 0.725260 0.449219 0.725260 0.445312 0.720052 0.444336 0.720052 0.443359 0.718750
0 0.454102 0.764323 0.444336 0.764323 0.443359 0.765625 0.441406 0.765625 0.439453 0.768229 0.438477 0.768229 0.438477 0.769531 0.436523 0.772135 0.436523 0.773438 0.435547 0.774740 0.435547 0.777344 0.434570 0.778646 0.434570 0.783854 0.433594 0.785156 0.433594 0.791667 0.432617 0.792969 0.432617 0.802083 0.434570 0.804688 0.434570 0.805990 0.440430 0.813802 0.446289 0.813802 0.447266 0.812500 0.448242 0.812500 0.451172 0.808594 0.452148 0.808594 0.453125 0.807292 0.454102 0.807292 0.455078 0.805990 0.456055 0.805990 0.457031 0.804688 0.459961 0.803385 0.459961 0.802083 0.461914 0.798177 0.461914 0.794271 0.462891 0.792969 0.461914 0.791667 0.461914 0.787760 0.460938 0.786458 0.460938 0.783854 0.458984 0.779948 0.458984 0.777344 0.458008 0.776042 0.458008 0.773438 0.457031 0.772135 0.457031 0.769531 0.454102 0.765625
0 0.458008 0.739583 0.456055 0.742188 0.456055 0.743490 0.455078 0.744792 0.455078 0.750000 0.456055 0.751302 0.456055 0.761719 0.458008 0.765625 0.458008 0.768229 0.458984 0.769531 0.458984 0.772135 0.459961 0.773438 0.459961 0.777344 0.460938 0.778646 0.460938 0.779948 0.462891 0.782552 0.462891 0.783854 0.467773 0.787760 0.471680 0.787760 0.472656 0.789062 0.475586 0.789062 0.476562 0.787760 0.481445 0.787760 0.482422 0.786458 0.484375 0.786458 0.485352 0.785156 0.486328 0.785156 0.487305 0.783854 0.487305 0.765625 0.486328 0.764323 0.486328 0.760417 0.485352 0.759115 0.484375 0.755208 0.482422 0.752604 0.482422 0.751302 0.481445 0.750000 0.481445 0.747396 0.478516 0.743490 0.477539 0.743490 0.476562 0.742188 0.471680 0.742188 0.470703 0.740885 0.469727 0.740885 0.468750 0.742188 0.465820 0.742188 0.462891 0.739583
0 0.485352 0.790365 0.479492 0.790365 0.478516 0.791667 0.469727 0.791667 0.468750 0.792969 0.467773 0.792969 0.467773 0.794271 0.465820 0.796875 0.465820 0.800781 0.464844 0.802083 0.464844 0.809896 0.465820 0.811198 0.465820 0.815104 0.466797 0.816406 0.466797 0.819010 0.467773 0.820312 0.467773 0.822917 0.469727 0.825521 0.469727 0.826823 0.474609 0.833333 0.475586 0.832031 0.486328 0.832031 0.487305 0.830729 0.490234 0.829427 0.494141 0.824219 0.494141 0.822917 0.496094 0.820312 0.496094 0.812500 0.495117 0.811198 0.495117 0.807292 0.494141 0.805990 0.494141 0.804688 0.493164 0.803385 0.492188 0.799479
0 0.428711 0.684896 0.423828 0.684896 0.422852 0.686198 0.421875 0.686198 0.419922 0.688802 0.418945 0.688802 0.415039 0.694010 0.415039 0.695312 0.414062 0.696615 0.414062 0.699219 0.413086 0.700521 0.413086 0.703125 0.412109 0.704427 0.412109 0.717448 0.413086 0.718750 0.413086 0.721354 0.414062 0.722656 0.416016 0.722656 0.418945 0.725260 0.427734 0.725260 0.429688 0.722656 0.430664 0.722656 0.434570 0.717448 0.434570 0.716146 0.436523 0.713542 0.436523 0.712240 0.438477 0.708333 0.438477 0.705729 0.439453 0.704427 0.439453 0.701823 0.438477 0.700521 0.438477 0.697917 0.436523 0.695312 0.436523 0.694010 0.435547 0.692708 0.434570 0.692708 0.431641 0.688802 0.431641 0.687500
0 0.398438 0.667969 0.397461 0.669271 0.396484 0.669271 0.392578 0.674479 0.391602 0.674479 0.388672 0.678385 0.388672 0.679688 0.386719 0.682292 0.386719 0.684896 0.385742 0.686198 0.385742 0.695312 0.388672 0.699219 0.389648 0.699219 0.390625 0.700521 0.391602 0.700521 0.394531 0.703125 0.396484 0.703125 0.397461 0.704427 0.400391 0.704427 0.401367 0.705729 0.403320 0.705729 0.404297 0.707031 0.410156 0.707031 0.412109 0.704427 0.412109 0.701823 0.413086 0.700521 0.413086 0.699219 0.414062 0.697917 0.414062 0.695312 0.415039 0.694010 0.414062 0.692708 0.414062 0.690104 0.413086 0.688802 0.413086 0.687500 0.411133 0.684896 0.411133 0.683594 0.409180 0.680990 0.409180 0.679688 0.408203 0.678385 0.408203 0.677083 0.407227 0.675781 0.407227 0.674479 0.406250 0.673177 0.406250 0.671875 0.405273 0.671875 0.403320 0.669271 0.401367 0.669271 0.400391 0.667969
0 0.387695 0.647135 0.373047 0.647135 0.372070 0.648438 0.371094 0.648438 0.370117 0.649740 0.369141 0.649740 0.367188 0.652344 0.367188 0.653646 0.366211 0.654948 0.366211 0.657552 0.365234 0.658854 0.365234 0.664062 0.364258 0.665365 0.364258 0.674479 0.366211 0.677083 0.366211 0.678385 0.369141 0.682292 0.371094 0.682292 0.372070 0.683594 0.374023 0.683594 0.375000 0.682292 0.378906 0.682292 0.379883 0.680990 0.381836 0.680990 0.382812 0.679688 0.384766 0.679688 0.385742 0.678385 0.386719 0.678385 0.387695 0.677083 0.388672 0.677083 0.394531 0.669271 0.394531 0.664062 0.393555 0.662760 0.393555 0.660156 0.392578 0.658854 0.392578 0.656250 0.391602 0.654948 0.391602 0.652344
0 0.404297 0.634115 0.403320 0.635417 0.402344 0.635417 0.401367 0.636719 0.398438 0.638021 0.398438 0.639323 0.396484 0.641927 0.396484 0.643229 0.394531 0.647135 0.394531 0.649740 0.393555 0.651042 0.393555 0.653646 0.394531 0.654948 0.394531 0.657552 0.401367 0.666667 0.402344 0.666667 0.404297 0.669271 0.405273 0.669271 0.408203 0.673177 0.409180 0.677083 0.411133 0.679688 0.412109 0.679688 0.413086 0.678385 0.416016 0.677083 0.422852 0.667969 0.422852 0.666667 0.423828 0.665365 0.423828 0.662760 0.424805 0.661458 0.424805 0.652344 0.423828 0.651042 0.423828 0.648438 0.422852 0.647135 0.422852 0.644531 0.421875 0.643229 0.421875 0.641927 0.419922 0.638021 0.418945 0.638021 0.416992 0.635417 0.415039 0.635417 0.414062 0.634115
0 0.405273 0.593750 0.402344 0.593750 0.401367 0.592448 0.399414 0.592448 0.398438 0.593750 0.395508 0.593750 0.394531 0.595052 0.393555 0.595052 0.390625 0.597656 0.388672 0.597656 0.387695 0.598958 0.387695 0.605469 0.386719 0.606771 0.386719 0.613281 0.385742 0.614583 0.385742 0.619792 0.386719 0.621094 0.386719 0.623698 0.387695 0.625000 0.388672 0.628906 0.391602 0.632812 0.393555 0.632812 0.394531 0.634115 0.401367 0.634115 0.402344 0.632812 0.405273 0.632812 0.406250 0.631510 0.408203 0.631510 0.411133 0.628906 0.413086 0.628906 0.415039 0.626302 0.415039 0.625000 0.416016 0.623698 0.416016 0.613281 0.415039 0.611979 0.415039 0.610677 0.412109 0.606771 0.411133 0.602865 0.409180 0.602865 0.407227 0.600260 0.407227 0.595052 0.406250 0.595052
0 0.411133 0.575521 0.409180 0.579427 0.409180 0.582031 0.408203 0.583333 0.408203 0.585938 0.407227 0.587240 0.407227 0.591146 0.408203 0.592448 0.408203 0.593750 0.413086 0.600260 0.413086 0.601562 0.417969 0.608073 0.418945 0.608073 0.421875 0.611979 0.432617 0.611979 0.433594 0.610677 0.434570 0.610677 0.434570 0.609375 0.435547 0.608073 0.435547 0.598958 0.436523 0.597656 0.436523 0.595052 0.437500 0.593750 0.437500 0.591146 0.438477 0.589844 0.438477 0.583333 0.437500 0.582031 0.437500 0.580729 0.432617 0.574219 0.430664 0.574219 0.429688 0.572917 0.424805 0.572917 0.423828 0.574219 0.420898 0.574219 0.419922 0.575521
0 0.427734 0.617188 0.427734 0.635417 0.428711 0.636719 0.428711 0.641927 0.430664 0.644531 0.432617 0.644531 0.433594 0.645833 0.442383 0.645833 0.443359 0.644531 0.445312 0.644531 0.446289 0.643229 0.447266 0.643229 0.450195 0.639323 0.451172 0.639323 0.452148 0.638021 0.452148 0.636719 0.453125 0.635417 0.453125 0.619792 0.452148 0.619792 0.451172 0.618490 0.443359 0.618490 0.442383 0.617188 0.441406 0.617188 0.440430 0.615885 0.439453 0.615885 0.438477 0.614583 0.437500 0.614583 0.436523 0.613281 0.431641 0.613281 0.430664 0.614583 0.429688 0.614583
0 0.431641 0.648438 0.431641 0.653646 0.430664 0.654948 0.430664 0.662760 0.429688 0.664062 0.429688 0.677083 0.430664 0.678385 0.430664 0.682292 0.431641 0.683594 0.431641 0.684896 0.433594 0.687500 0.439453 0.690104 0.442383 0.694010 0.443359 0.694010 0.444336 0.695312 0.453125 0.695312 0.454102 0.694010 0.455078 0.694010 0.458984 0.688802 0.458984 0.687500 0.461914 0.680990 0.461914 0.671875 0.460938 0.670573 0.460938 0.667969 0.459961 0.666667 0.458984 0.662760 0.452148 0.653646 0.450195 0.653646 0.449219 0.652344 0.446289 0.652344 0.445312 0.651042 0.441406 0.651042 0.440430 0.652344 0.437500 0.652344 0.436523 0.651042 0.433594 0.651042
0 0.452148 0.699219 0.452148 0.701823 0.451172 0.703125 0.451172 0.705729 0.450195 0.707031 0.450195 0.713542 0.449219 0.714844 0.450195 0.716146 0.450195 0.718750 0.451172 0.720052 0.451172 0.721354 0.453125 0.723958 0.453125 0.725260 0.456055 0.729167 0.457031 0.729167 0.464844 0.739583 0.477539 0.739583 0.478516 0.738281 0.479492 0.738281 0.481445 0.734375 0.481445 0.730469 0.482422 0.729167 0.482422 0.717448 0.483398 0.716146 0.483398 0.709635 0.482422 0.708333 0.482422 0.707031 0.480469 0.704427 0.479492 0.704427 0.475586 0.699219 0.474609 0.699219 0.473633 0.697917 0.468750 0.697917 0.467773 0.696615 0.460938 0.696615 0.459961 0.695312 0.458008 0.695312 0.457031 0.696615 0.455078 0.696615 0.453125 0.699219
0 0.403320 0.539062 0.400391 0.542969 0.399414 0.542969 0.399414 0.544271 0.396484 0.548177 0.396484 0.555990 0.397461 0.557292 0.397461 0.558594 0.398438 0.559896 0.398438 0.562500 0.399414 0.563802 0.399414 0.569010 0.403320 0.574219 0.405273 0.574219 0.406250 0.575521 0.409180 0.575521 0.410156 0.574219 0.419922 0.574219 0.420898 0.572917 0.421875 0.572917 0.422852 0.571615 0.423828 0.571615 0.425781 0.569010 0.425781 0.567708 0.426758 0.566406 0.426758 0.561198 0.427734 0.559896 0.426758 0.558594 0.426758 0.549479 0.425781 0.548177 0.425781 0.545573 0.424805 0.544271 0.424805 0.542969 0.422852 0.540365 0.421875 0.540365 0.420898 0.539062 0.414062 0.539062 0.413086 0.537760 0.410156 0.537760 0.409180 0.539062
0 0.399414 0.502604 0.396484 0.506510 0.396484 0.507812 0.395508 0.509115 0.395508 0.510417 0.394531 0.511719 0.394531 0.513021 0.393555 0.514323 0.393555 0.523438 0.398438 0.529948 0.398438 0.531250 0.401367 0.535156 0.402344 0.535156 0.403320 0.536458 0.410156 0.536458 0.411133 0.535156 0.413086 0.535156 0.414062 0.533854 0.415039 0.533854 0.416992 0.531250 0.416992 0.529948 0.417969 0.528646 0.417969 0.526042 0.418945 0.524740 0.418945 0.511719 0.417969 0.510417 0.417969 0.509115 0.416992 0.507812 0.416016 0.507812 0.415039 0.506510 0.414062 0.506510 0.413086 0.505208 0.411133 0.505208 0.410156 0.503906 0.406250 0.503906 0.405273 0.502604
0 0.429688 0.515625 0.426758 0.519531 0.425781 0.519531 0.424805 0.520833 0.424805 0.522135 0.423828 0.523438 0.423828 0.524740 0.421875 0.527344 0.421875 0.536458 0.422852 0.537760 0.422852 0.539062 0.426758 0.544271 0.426758 0.546875 0.427734 0.548177 0.427734 0.550781 0.428711 0.552083 0.428711 0.554688 0.431641 0.557292 0.433594 0.557292 0.434570 0.558594 0.437500 0.558594 0.438477 0.557292 0.440430 0.557292 0.442383 0.554688 0.443359 0.554688 0.447266 0.549479 0.448242 0.549479 0.451172 0.545573 0.451172 0.537760 0.450195 0.536458 0.450195 0.535156 0.449219 0.533854 0.449219 0.531250 0.447266 0.528646 0.447266 0.527344 0.442383 0.520833 0.440430 0.520833 0.439453 0.519531 0.437500 0.519531 0.434570 0.516927 0.432617 0.516927 0.431641 0.515625
0 0.468750 0.492188 0.460938 0.492188 0.459961 0.493490 0.458008 0.493490 0.455078 0.496094 0.453125 0.496094 0.452148 0.497396 0.451172 0.497396 0.448242 0.501302 0.448242 0.502604 0.447266 0.503906 0.447266 0.506510 0.446289 0.507812 0.446289 0.510417 0.445312 0.511719 0.445312 0.515625 0.444336 0.516927 0.449219 0.523438 0.449219 0.524740 0.454102 0.531250 0.456055 0.531250 0.458008 0.533854 0.461914 0.533854 0.462891 0.532552 0.464844 0.532552 0.465820 0.531250 0.468750 0.529948 0.473633 0.523438 0.474609 0.523438 0.474609 0.522135 0.475586 0.520833 0.475586 0.519531 0.476562 0.518229 0.476562 0.516927 0.478516 0.513021 0.478516 0.509115 0.477539 0.507812 0.477539 0.506510 0.475586 0.502604 0.475586 0.500000 0.471680 0.494792 0.470703 0.494792
0 0.459961 0.537760 0.459961 0.548177 0.460938 0.549479 0.461914 0.553385 0.468750 0.562500 0.469727 0.562500 0.470703 0.563802 0.472656 0.563802 0.473633 0.565104 0.483398 0.565104 0.484375 0.566406 0.490234 0.566406 0.491211 0.565104 0.491211 0.563802 0.492188 0.562500 0.492188 0.550781 0.493164 0.549479 0.493164 0.548177 0.492188 0.546875 0.492188 0.540365 0.493164 0.539062 0.492188 0.537760 0.492188 0.531250 0.491211 0.529948 0.491211 0.528646 0.489258 0.526042 0.488281 0.526042 0.487305 0.524740 0.483398 0.524740 0.482422 0.526042 0.474609 0.526042 0.473633 0.527344 0.470703 0.528646 0.468750 0.531250 0.467773 0.531250 0.466797 0.532552 0.465820 0.532552 0.464844 0.533854 0.461914 0.535156
0 0.408203 0.453125 0.407227 0.454427 0.407227 0.455729 0.405273 0.458333 0.404297 0.458333 0.404297 0.459635 0.403320 0.460938 0.403320 0.462240 0.401367 0.466146 0.401367 0.468750 0.400391 0.470052 0.400391 0.472656 0.401367 0.473958 0.401367 0.477865 0.402344 0.479167 0.402344 0.481771 0.403320 0.483073 0.404297 0.486979 0.408203 0.492188 0.409180 0.492188 0.412109 0.494792 0.424805 0.494792 0.425781 0.493490 0.425781 0.492188 0.426758 0.490885 0.426758 0.489583 0.428711 0.485677 0.428711 0.483073 0.429688 0.481771 0.429688 0.473958 0.430664 0.472656 0.430664 0.466146 0.428711 0.462240 0.428711 0.459635 0.422852 0.451823 0.421875 0.451823 0.420898 0.450521 0.413086 0.450521 0.410156 0.453125
0 0.266602 0.403646 0.265625 0.404948 0.263672 0.404948 0.262695 0.406250 0.261719 0.406250 0.258789 0.410156 0.257812 0.410156 0.256836 0.411458 0.256836 0.412760 0.254883 0.415365 0.254883 0.416667 0.253906 0.417969 0.253906 0.424479 0.255859 0.427083 0.256836 0.427083 0.257812 0.428385 0.258789 0.428385 0.265625 0.437500 0.266602 0.437500 0.268555 0.440104 0.270508 0.440104 0.271484 0.441406 0.274414 0.441406 0.275391 0.440104 0.277344 0.440104 0.278320 0.438802 0.279297 0.438802 0.281250 0.434896 0.281250 0.433594 0.280273 0.432292 0.280273 0.429688 0.279297 0.428385 0.279297 0.412760 0.277344 0.410156 0.277344 0.408854 0.276367 0.407552 0.275391 0.407552 0.272461 0.404948 0.270508 0.404948 0.269531 0.403646
0 0.290039 0.406250 0.289062 0.407552 0.287109 0.407552 0.286133 0.408854 0.285156 0.408854 0.280273 0.414062 0.280273 0.419271 0.279297 0.420573 0.279297 0.424479 0.280273 0.425781 0.280273 0.429688 0.281250 0.430990 0.281250 0.432292 0.284180 0.436198 0.284180 0.437500 0.287109 0.441406 0.287109 0.442708 0.289062 0.445312 0.296875 0.445312 0.297852 0.444010 0.298828 0.444010 0.298828 0.441406 0.302734 0.436198 0.302734 0.434896 0.303711 0.433594 0.303711 0.432292 0.305664 0.428385 0.304688 0.424479 0.306641 0.421875 0.308594 0.424479 0.308594 0.425781 0.309570 0.425781 0.310547 0.424479 0.310547 0.419271 0.306641 0.414062 0.306641 0.412760 0.305664 0.411458 0.304688 0.411458 0.303711 0.410156 0.303711 0.408854 0.302734 0.408854 0.301758 0.407552 0.299805 0.407552 0.298828 0.406250
0 0.255859 0.345052 0.251953 0.350260 0.251953 0.351562 0.250977 0.352865 0.250977 0.356771 0.250000 0.358073 0.250000 0.361979 0.249023 0.363281 0.249023 0.365885 0.248047 0.367188 0.248047 0.372396 0.252930 0.378906 0.253906 0.378906 0.254883 0.380208 0.255859 0.380208 0.258789 0.382812 0.266602 0.382812 0.267578 0.381510 0.269531 0.381510 0.270508 0.380208 0.271484 0.380208 0.273438 0.377604 0.273438 0.373698 0.274414 0.372396 0.274414 0.360677 0.273438 0.359375 0.273438 0.356771 0.272461 0.355469 0.272461 0.354167 0.271484 0.352865 0.271484 0.351562 0.270508 0.350260 0.269531 0.350260 0.266602 0.346354 0.265625 0.346354 0.264648 0.345052
0 0.282227 0.369792 0.279297 0.373698 0.278320 0.373698 0.277344 0.375000 0.277344 0.376302 0.275391 0.380208 0.275391 0.382812 0.274414 0.384115 0.274414 0.395833 0.275391 0.397135 0.276367 0.397135 0.281250 0.403646 0.282227 0.403646 0.285156 0.406250 0.287109 0.406250 0.288086 0.404948 0.290039 0.404948 0.291016 0.403646 0.291992 0.403646 0.297852 0.395833 0.297852 0.394531 0.298828 0.393229 0.298828 0.391927 0.302734 0.386719 0.302734 0.385417 0.303711 0.384115 0.303711 0.380208 0.302734 0.378906 0.301758 0.378906 0.299805 0.376302 0.298828 0.376302 0.296875 0.373698 0.295898 0.373698 0.293945 0.371094 0.288086 0.371094 0.287109 0.369792
0 0.309570 0.377604 0.305664 0.382812 0.305664 0.384115 0.304688 0.385417 0.304688 0.389323 0.303711 0.390625 0.303711 0.393229 0.301758 0.395833 0.301758 0.403646 0.305664 0.408854 0.306641 0.408854 0.307617 0.410156 0.308594 0.410156 0.310547 0.412760 0.312500 0.412760 0.313477 0.414062 0.321289 0.414062 0.324219 0.411458 0.327148 0.411458 0.328125 0.410156 0.329102 0.410156 0.331055 0.407552 0.331055 0.402344 0.332031 0.401042 0.332031 0.397135 0.331055 0.395833 0.331055 0.394531 0.329102 0.391927 0.329102 0.390625 0.324219 0.384115 0.323242 0.384115 0.319336 0.378906 0.318359 0.378906 0.317383 0.377604
0 0.341797 0.404948 0.340820 0.406250 0.336914 0.406250 0.334961 0.408854 0.333984 0.408854 0.333008 0.410156 0.333008 0.411458 0.329102 0.416667 0.329102 0.417969 0.325195 0.423177 0.325195 0.428385 0.328125 0.432292 0.328125 0.433594 0.329102 0.434896 0.329102 0.436198 0.330078 0.437500 0.330078 0.438802 0.331055 0.440104 0.332031 0.440104 0.333984 0.442708 0.335938 0.442708 0.336914 0.444010 0.342773 0.444010 0.343750 0.442708 0.345703 0.442708 0.350586 0.436198 0.350586 0.434896 0.351562 0.433594 0.351562 0.432292 0.352539 0.430990 0.352539 0.429688 0.353516 0.428385 0.353516 0.427083 0.355469 0.424479 0.355469 0.419271 0.354492 0.417969 0.354492 0.416667 0.351562 0.412760 0.351562 0.411458 0.350586 0.410156 0.349609 0.410156 0.348633 0.408854 0.347656 0.408854 0.345703 0.406250 0.342773 0.406250
0 0.202148 0.243490 0.200195 0.243490 0.198242 0.246094 0.197266 0.246094 0.196289 0.247396 0.195312 0.247396 0.192383 0.251302 0.192383 0.252604 0.191406 0.253906 0.191406 0.255208 0.188477 0.259115 0.188477 0.260417 0.187500 0.261719 0.187500 0.265625 0.186523 0.266927 0.186523 0.274740 0.187500 0.276042 0.187500 0.277344 0.190430 0.281250 0.191406 0.281250 0.192383 0.282552 0.193359 0.282552 0.196289 0.286458 0.196289 0.287760 0.200195 0.287760 0.200195 0.286458 0.202148 0.283854 0.203125 0.283854 0.204102 0.282552 0.206055 0.282552 0.207031 0.281250 0.209961 0.281250 0.210938 0.279948 0.211914 0.279948 0.211914 0.278646 0.212891 0.277344 0.212891 0.272135 0.210938 0.268229 0.210938 0.261719 0.209961 0.260417 0.209961 0.257812 0.208984 0.256510 0.208984 0.253906 0.208008 0.252604 0.208008 0.251302
0 0.210938 0.213542 0.210938 0.214844 0.206055 0.221354 0.206055 0.222656 0.205078 0.223958 0.205078 0.225260 0.203125 0.229167 0.203125 0.231771 0.202148 0.233073 0.202148 0.238281 0.203125 0.239583 0.203125 0.240885 0.205078 0.243490 0.205078 0.244792 0.208008 0.248698 0.208008 0.250000 0.209961 0.252604 0.210938 0.252604 0.213867 0.255208 0.216797 0.255208 0.217773 0.256510 0.221680 0.256510 0.222656 0.257812 0.225586 0.257812 0.228516 0.253906 0.228516 0.252604 0.233398 0.246094 0.233398 0.230469 0.232422 0.229167 0.232422 0.227865 0.229492 0.223958 0.229492 0.222656 0.224609 0.216146 0.220703 0.216146 0.219727 0.214844 0.217773 0.214844 0.216797 0.213542
0 0.236328 0.247396 0.236328 0.248698 0.235352 0.250000 0.235352 0.252604 0.234375 0.253906 0.234375 0.257812 0.233398 0.259115 0.233398 0.265625 0.234375 0.266927 0.234375 0.270833 0.235352 0.272135 0.235352 0.276042 0.236328 0.277344 0.236328 0.279948 0.238281 0.282552 0.240234 0.282552 0.241211 0.283854 0.242188 0.283854 0.243164 0.285156 0.244141 0.285156 0.247070 0.287760 0.250000 0.287760 0.252930 0.283854 0.253906 0.283854 0.254883 0.282552 0.257812 0.282552 0.258789 0.281250 0.259766 0.281250 0.259766 0.277344 0.260742 0.276042 0.260742 0.266927 0.261719 0.265625 0.261719 0.256510 0.259766 0.253906 0.258789 0.253906 0.257812 0.252604 0.255859 0.252604 0.254883 0.251302 0.251953 0.251302 0.250977 0.250000 0.249023 0.250000 0.248047 0.248698 0.246094 0.248698 0.245117 0.247396
0 0.287109 0.263021 0.274414 0.263021 0.273438 0.264323 0.271484 0.264323 0.270508 0.265625 0.269531 0.265625 0.266602 0.269531 0.266602 0.270833 0.265625 0.272135 0.265625 0.276042 0.264648 0.277344 0.264648 0.279948 0.265625 0.281250 0.265625 0.285156 0.267578 0.287760 0.267578 0.290365 0.268555 0.291667 0.268555 0.292969 0.269531 0.294271 0.270508 0.294271 0.272461 0.296875 0.273438 0.296875 0.274414 0.298177 0.276367 0.298177 0.277344 0.296875 0.279297 0.296875 0.281250 0.294271 0.282227 0.294271 0.283203 0.292969 0.288086 0.292969 0.290039 0.290365 0.290039 0.282552 0.291016 0.281250 0.291016 0.272135 0.290039 0.270833 0.290039 0.268229 0.289062 0.266927 0.289062 0.265625
0 0.257812 0.303385 0.256836 0.304688 0.256836 0.307292 0.255859 0.308594 0.255859 0.312500 0.254883 0.313802 0.254883 0.321615 0.253906 0.322917 0.253906 0.326823 0.251953 0.330729 0.251953 0.333333 0.250977 0.334635 0.250977 0.335938 0.253906 0.339844 0.253906 0.341146 0.254883 0.342448 0.256836 0.342448 0.257812 0.343750 0.264648 0.343750 0.265625 0.345052 0.268555 0.345052 0.269531 0.343750 0.271484 0.343750 0.272461 0.342448 0.273438 0.342448 0.273438 0.341146 0.274414 0.339844 0.274414 0.337240 0.275391 0.335938 0.275391 0.313802 0.274414 0.312500 0.274414 0.311198 0.271484 0.307292 0.269531 0.307292 0.268555 0.305990 0.266602 0.305990 0.265625 0.304688 0.263672 0.304688 0.262695 0.303385
0 0.278320 0.335938 0.277344 0.337240 0.277344 0.338542 0.276367 0.339844 0.276367 0.341146 0.274414 0.345052 0.274414 0.347656 0.273438 0.348958 0.273438 0.354167 0.274414 0.355469 0.274414 0.358073 0.275391 0.359375 0.275391 0.360677 0.277344 0.364583 0.278320 0.364583 0.279297 0.365885 0.280273 0.365885 0.283203 0.368490 0.290039 0.368490 0.291016 0.369792 0.298828 0.369792 0.302734 0.364583 0.303711 0.364583 0.303711 0.363281 0.305664 0.359375 0.305664 0.350260 0.304688 0.348958 0.304688 0.347656 0.303711 0.346354 0.303711 0.345052 0.299805 0.339844 0.299805 0.337240 0.298828 0.335938 0.297852 0.335938 0.296875 0.334635 0.286133 0.334635 0.285156 0.335938
0 0.303711 0.303385 0.301758 0.305990 0.301758 0.307292 0.300781 0.308594 0.300781 0.319010 0.301758 0.320312 0.301758 0.328125 0.302734 0.329427 0.302734 0.332031 0.305664 0.335938 0.306641 0.335938 0.309570 0.339844 0.310547 0.339844 0.311523 0.341146 0.318359 0.341146 0.319336 0.339844 0.320312 0.339844 0.322266 0.337240 0.323242 0.337240 0.324219 0.335938 0.325195 0.335938 0.326172 0.334635 0.326172 0.328125 0.327148 0.326823 0.327148 0.322917 0.328125 0.321615 0.328125 0.313802 0.326172 0.311198 0.325195 0.311198 0.318359 0.302083 0.317383 0.302083 0.316406 0.300781 0.309570 0.300781 0.308594 0.302083 0.306641 0.302083 0.305664 0.303385
0 0.333984 0.343750 0.329102 0.343750 0.328125 0.345052 0.325195 0.345052 0.322266 0.348958 0.321289 0.348958 0.321289 0.350260 0.320312 0.351562 0.320312 0.352865 0.318359 0.356771 0.318359 0.359375 0.316406 0.361979 0.316406 0.363281 0.315430 0.364583 0.315430 0.367188 0.317383 0.369792 0.317383 0.372396 0.318359 0.373698 0.318359 0.375000 0.322266 0.380208 0.322266 0.381510 0.323242 0.381510 0.326172 0.385417 0.328125 0.385417 0.329102 0.386719 0.330078 0.386719 0.331055 0.385417 0.333984 0.385417 0.334961 0.384115 0.337891 0.384115 0.338867 0.382812 0.341797 0.381510 0.343750 0.378906 0.343750 0.377604 0.346680 0.373698 0.346680 0.369792 0.347656 0.368490 0.347656 0.364583 0.346680 0.363281 0.346680 0.360677 0.343750 0.356771 0.343750 0.354167 0.342773 0.352865 0.342773 0.350260 0.341797 0.350260 0.338867 0.346354 0.337891 0.346354 0.336914 0.345052 0.334961 0.345052
0 0.305664 0.246094 0.304688 0.247396 0.302734 0.247396 0.301758 0.248698 0.300781 0.248698 0.297852 0.252604 0.297852 0.253906 0.296875 0.255208 0.296875 0.257812 0.294922 0.261719 0.294922 0.265625 0.292969 0.269531 0.292969 0.276042 0.295898 0.279948 0.295898 0.281250 0.301758 0.289062 0.302734 0.289062 0.303711 0.290365 0.305664 0.290365 0.306641 0.291667 0.309570 0.291667 0.310547 0.290365 0.314453 0.290365 0.317383 0.287760 0.317383 0.286458 0.319336 0.283854 0.319336 0.282552 0.321289 0.279948 0.321289 0.278646 0.322266 0.277344 0.322266 0.274740 0.323242 0.273438 0.323242 0.269531 0.324219 0.268229 0.324219 0.265625 0.323242 0.264323 0.323242 0.261719 0.318359 0.255208 0.317383 0.255208 0.313477 0.250000 0.312500 0.250000 0.310547 0.247396 0.307617 0.247396 0.306641 0.246094
0 0.341797 0.269531 0.335938 0.269531 0.334961 0.270833 0.333984 0.270833 0.331055 0.274740 0.330078 0.274740 0.329102 0.276042 0.328125 0.276042 0.327148 0.277344 0.326172 0.277344 0.323242 0.281250 0.323242 0.292969 0.324219 0.294271 0.324219 0.296875 0.325195 0.298177 0.325195 0.299479 0.330078 0.305990 0.333008 0.305990 0.333984 0.307292 0.335938 0.307292 0.336914 0.308594 0.338867 0.308594 0.339844 0.307292 0.340820 0.307292 0.341797 0.305990 0.342773 0.305990 0.343750 0.304688 0.344727 0.304688 0.346680 0.302083 0.346680 0.299479 0.350586 0.294271 0.350586 0.291667 0.351562 0.290365 0.351562 0.283854 0.350586 0.282552 0.350586 0.281250 0.349609 0.279948 0.349609 0.278646 0.343750 0.270833 0.342773 0.270833
0 0.352539 0.308594 0.345703 0.308594 0.342773 0.312500 0.339844 0.313802 0.334961 0.320312 0.334961 0.321615 0.333984 0.322917 0.333984 0.325521 0.333008 0.326823 0.333008 0.337240 0.333984 0.338542 0.333984 0.339844 0.337891 0.345052 0.338867 0.345052 0.339844 0.346354 0.340820 0.346354 0.343750 0.348958 0.348633 0.348958 0.349609 0.347656 0.350586 0.347656 0.351562 0.346354 0.354492 0.345052 0.357422 0.341146 0.358398 0.341146 0.359375 0.339844 0.362305 0.338542 0.364258 0.335938 0.364258 0.334635 0.365234 0.333333 0.365234 0.325521 0.366211 0.324219 0.366211 0.322917 0.365234 0.321615 0.365234 0.319010 0.364258 0.317708 0.363281 0.317708 0.360352 0.313802 0.358398 0.313802 0.357422 0.312500 0.354492 0.311198
0 0.360352 0.339844 0.359375 0.341146 0.358398 0.341146 0.354492 0.346354 0.353516 0.346354 0.352539 0.347656 0.351562 0.347656 0.349609 0.350260 0.349609 0.351562 0.348633 0.352865 0.348633 0.364583 0.349609 0.365885 0.349609 0.367188 0.350586 0.368490 0.350586 0.369792 0.351562 0.371094 0.351562 0.372396 0.352539 0.373698 0.352539 0.375000 0.354492 0.377604 0.355469 0.377604 0.357422 0.380208 0.361328 0.380208 0.364258 0.382812 0.368164 0.382812 0.372070 0.377604 0.373047 0.377604 0.375000 0.375000 0.375000 0.373698 0.375977 0.372396 0.375977 0.371094 0.377930 0.368490 0.377930 0.365885 0.378906 0.364583 0.378906 0.356771 0.375000 0.351562 0.374023 0.351562 0.373047 0.350260 0.372070 0.350260 0.370117 0.347656 0.370117 0.346354 0.369141 0.345052 0.368164 0.345052 0.367188 0.343750 0.366211 0.343750 0.364258 0.341146 0.363281 0.341146 0.362305 0.339844
0 0.372070 0.393229 0.371094 0.394531 0.370117 0.394531 0.365234 0.401042 0.364258 0.401042 0.360352 0.407552 0.360352 0.410156 0.359375 0.411458 0.359375 0.420573 0.360352 0.421875 0.361328 0.425781 0.363281 0.428385 0.363281 0.429688 0.364258 0.430990 0.365234 0.430990 0.368164 0.433594 0.374023 0.433594 0.375000 0.434896 0.380859 0.434896 0.381836 0.433594 0.384766 0.432292 0.388672 0.427083 0.388672 0.424479 0.389648 0.423177 0.389648 0.421875 0.391602 0.417969 0.391602 0.411458 0.390625 0.410156 0.390625 0.406250 0.389648 0.404948 0.389648 0.402344 0.384766 0.395833 0.383789 0.395833 0.380859 0.393229
0 0.375000 0.269531 0.371094 0.269531 0.370117 0.270833 0.368164 0.270833 0.367188 0.272135 0.366211 0.272135 0.365234 0.273438 0.364258 0.273438 0.363281 0.274740 0.362305 0.274740 0.359375 0.277344 0.357422 0.277344 0.356445 0.278646 0.356445 0.294271 0.357422 0.295573 0.357422 0.298177 0.361328 0.303385 0.362305 0.303385 0.363281 0.304688 0.369141 0.304688 0.370117 0.303385 0.373047 0.303385 0.374023 0.302083 0.376953 0.302083 0.377930 0.300781 0.378906 0.300781 0.379883 0.299479 0.380859 0.299479 0.382812 0.296875 0.382812 0.295573 0.383789 0.294271 0.383789 0.285156 0.382812 0.283854 0.382812 0.281250 0.380859 0.278646 0.380859 0.277344 0.376953 0.272135 0.376953 0.270833 0.375977 0.270833
0 0.381836 0.299479 0.381836 0.307292 0.382812 0.308594 0.382812 0.316406 0.383789 0.317708 0.383789 0.320312 0.384766 0.321615 0.384766 0.322917 0.387695 0.326823 0.389648 0.326823 0.390625 0.325521 0.397461 0.325521 0.398438 0.326823 0.405273 0.326823 0.406250 0.325521 0.408203 0.325521 0.410156 0.322917 0.410156 0.321615 0.411133 0.320312 0.411133 0.317708 0.412109 0.316406 0.412109 0.311198 0.411133 0.309896 0.411133 0.304688 0.409180 0.300781 0.408203 0.300781 0.407227 0.299479 0.404297 0.299479 0.403320 0.298177 0.396484 0.298177 0.395508 0.296875 0.383789 0.296875
0 0.382812 0.333333 0.379883 0.337240 0.379883 0.338542 0.378906 0.339844 0.378906 0.342448 0.377930 0.343750 0.377930 0.351562 0.379883 0.355469 0.379883 0.359375 0.380859 0.360677 0.380859 0.363281 0.382812 0.365885 0.383789 0.365885 0.384766 0.367188 0.386719 0.367188 0.387695 0.368490 0.391602 0.368490 0.392578 0.369792 0.401367 0.369792 0.402344 0.368490 0.403320 0.368490 0.405273 0.365885 0.405273 0.364583 0.406250 0.363281 0.406250 0.356771 0.407227 0.355469 0.407227 0.348958 0.408203 0.347656 0.408203 0.343750 0.407227 0.342448 0.407227 0.338542 0.406250 0.337240 0.406250 0.335938 0.404297 0.333333 0.402344 0.333333 0.401367 0.332031 0.400391 0.332031 0.399414 0.330729 0.398438 0.330729 0.395508 0.328125 0.394531 0.328125 0.393555 0.329427 0.390625 0.329427 0.389648 0.330729 0.387695 0.330729 0.386719 0.332031 0.384766 0.332031 0.383789 0.333333
0 0.423828 0.337240 0.415039 0.337240 0.411133 0.342448 0.410156 0.342448 0.410156 0.343750 0.409180 0.345052 0.409180 0.348958 0.408203 0.350260 0.408203 0.364583 0.407227 0.365885 0.407227 0.367188 0.408203 0.368490 0.408203 0.369792 0.409180 0.371094 0.410156 0.371094 0.411133 0.372396 0.413086 0.372396 0.414062 0.371094 0.422852 0.371094 0.422852 0.369792 0.426758 0.364583 0.427734 0.364583 0.428711 0.363281 0.429688 0.363281 0.431641 0.360677 0.431641 0.359375 0.433594 0.356771 0.433594 0.355469 0.432617 0.354167 0.432617 0.352865 0.431641 0.351562 0.431641 0.350260 0.430664 0.348958 0.430664 0.347656 0.429688 0.346354 0.429688 0.345052
0 0.433594 0.358073 0.430664 0.361979 0.430664 0.363281 0.429688 0.364583 0.428711 0.364583 0.426758 0.367188 0.425781 0.367188 0.423828 0.369792 0.423828 0.371094 0.422852 0.372396 0.423828 0.373698 0.423828 0.377604 0.424805 0.378906 0.424805 0.381510 0.426758 0.385417 0.426758 0.388021 0.427734 0.389323 0.434570 0.389323 0.435547 0.390625 0.440430 0.390625 0.442383 0.393229 0.444336 0.393229 0.445312 0.391927 0.446289 0.391927 0.447266 0.390625 0.448242 0.390625 0.449219 0.389323 0.450195 0.389323 0.451172 0.388021 0.452148 0.388021 0.454102 0.385417 0.454102 0.373698 0.453125 0.372396 0.453125 0.367188 0.452148 0.365885 0.452148 0.364583 0.451172 0.363281 0.449219 0.363281 0.448242 0.361979 0.445312 0.361979 0.444336 0.360677 0.443359 0.360677 0.442383 0.359375 0.441406 0.359375 0.438477 0.356771 0.436523 0.356771 0.435547 0.358073
0 0.380859 0.375000 0.380859 0.376302 0.379883 0.377604 0.379883 0.378906 0.378906 0.380208 0.378906 0.381510 0.377930 0.382812 0.377930 0.389323 0.378906 0.390625 0.379883 0.390625 0.380859 0.391927 0.381836 0.391927 0.382812 0.393229 0.383789 0.393229 0.389648 0.401042 0.390625 0.401042 0.391602 0.402344 0.401367 0.402344 0.402344 0.401042 0.404297 0.401042 0.406250 0.398438 0.406250 0.394531 0.407227 0.393229 0.406250 0.391927 0.406250 0.389323 0.401367 0.382812 0.401367 0.381510 0.397461 0.376302 0.397461 0.375000 0.396484 0.373698 0.395508 0.373698 0.394531 0.372396 0.391602 0.372396 0.390625 0.371094 0.383789 0.371094
0 0.420898 0.372396 0.412109 0.372396 0.411133 0.373698 0.409180 0.373698 0.409180 0.376302 0.408203 0.377604 0.408203 0.384115 0.407227 0.385417 0.407227 0.390625 0.408203 0.391927 0.408203 0.393229 0.407227 0.394531 0.407227 0.397135 0.406250 0.398438 0.406250 0.401042 0.405273 0.402344 0.407227 0.404948 0.409180 0.404948 0.410156 0.406250 0.413086 0.406250 0.414062 0.404948 0.415039 0.404948 0.415039 0.402344 0.416016 0.401042 0.416016 0.399740 0.416992 0.398438 0.416992 0.397135 0.417969 0.395833 0.417969 0.394531 0.418945 0.393229 0.419922 0.393229 0.420898 0.391927 0.422852 0.391927 0.423828 0.390625 0.424805 0.390625 0.425781 0.389323 0.425781 0.386719 0.424805 0.385417 0.424805 0.384115 0.423828 0.382812 0.423828 0.381510 0.422852 0.380208 0.422852 0.377604 0.421875 0.376302 0.421875 0.373698
0 0.418945 0.394531 0.418945 0.395833 0.417969 0.397135 0.417969 0.398438 0.416016 0.402344 0.416016 0.408854 0.416992 0.410156 0.416992 0.414062 0.417969 0.415365 0.417969 0.424479 0.418945 0.425781 0.418945 0.427083 0.421875 0.430990 0.422852 0.430990 0.425781 0.433594 0.434570 0.433594 0.435547 0.432292 0.439453 0.432292 0.442383 0.428385 0.442383 0.427083 0.443359 0.425781 0.443359 0.423177 0.444336 0.421875 0.444336 0.416667 0.445312 0.415365 0.445312 0.401042 0.444336 0.399740 0.443359 0.395833 0.442383 0.394531 0.441406 0.394531 0.439453 0.391927 0.425781 0.391927 0.424805 0.393229 0.420898 0.393229 0.419922 0.394531
0 0.401367 0.403646 0.400391 0.404948 0.399414 0.404948 0.395508 0.410156 0.394531 0.410156 0.394531 0.411458 0.393555 0.412760 0.393555 0.415365 0.392578 0.416667 0.392578 0.419271 0.390625 0.423177 0.390625 0.427083 0.389648 0.428385 0.390625 0.429688 0.390625 0.430990 0.392578 0.433594 0.392578 0.434896 0.393555 0.434896 0.395508 0.437500 0.396484 0.437500 0.399414 0.441406 0.400391 0.441406 0.401367 0.442708 0.406250 0.442708 0.409180 0.438802 0.409180 0.437500 0.415039 0.429688 0.415039 0.428385 0.416016 0.427083 0.416016 0.414062 0.414062 0.410156 0.413086 0.410156 0.410156 0.407552 0.408203 0.407552 0.407227 0.406250 0.406250 0.406250 0.404297 0.403646
0 0.464844 0.428385 0.462891 0.428385 0.461914 0.427083 0.456055 0.427083 0.455078 0.428385 0.453125 0.428385 0.452148 0.429688 0.451172 0.429688 0.450195 0.430990 0.449219 0.430990 0.447266 0.433594 0.446289 0.433594 0.446289 0.434896 0.444336 0.437500 0.444336 0.438802 0.441406 0.442708 0.441406 0.447917 0.442383 0.449219 0.442383 0.451823 0.443359 0.453125 0.443359 0.455729 0.444336 0.457031 0.444336 0.458333 0.445312 0.459635 0.445312 0.460938 0.450195 0.467448 0.455078 0.467448 0.456055 0.466146 0.457031 0.466146 0.458984 0.463542 0.459961 0.463542 0.462891 0.459635 0.463867 0.459635 0.463867 0.458333 0.464844 0.457031 0.464844 0.455729 0.466797 0.453125 0.466797 0.451823 0.467773 0.450521 0.467773 0.449219 0.469727 0.446615 0.469727 0.445312 0.471680 0.441406 0.471680 0.437500 0.469727 0.434896 0.469727 0.433594 0.468750 0.433594
0 0.474609 0.451823 0.471680 0.455729 0.471680 0.457031 0.465820 0.464844 0.465820 0.466146 0.464844 0.467448 0.464844 0.481771 0.465820 0.483073 0.465820 0.485677 0.466797 0.486979 0.466797 0.488281 0.467773 0.488281 0.469727 0.490885 0.474609 0.490885 0.475586 0.492188 0.483398 0.492188 0.484375 0.490885 0.485352 0.490885 0.491211 0.483073 0.491211 0.481771 0.495117 0.475260 0.495117 0.473958 0.496094 0.472656 0.496094 0.460938 0.494141 0.457031 0.492188 0.457031 0.491211 0.455729 0.488281 0.455729 0.487305 0.454427 0.482422 0.454427 0.481445 0.453125 0.477539 0.453125 0.476562 0.451823
0 0.510742 0.479167 0.505859 0.479167 0.501953 0.484375 0.500977 0.484375 0.499023 0.486979 0.498047 0.486979 0.497070 0.488281 0.497070 0.489583 0.495117 0.492188 0.495117 0.496094 0.494141 0.497396 0.495117 0.498698 0.495117 0.502604 0.496094 0.503906 0.496094 0.506510 0.497070 0.507812 0.497070 0.510417 0.500000 0.514323 0.500000 0.515625 0.503906 0.520833 0.504883 0.520833 0.505859 0.522135 0.506836 0.520833 0.513672 0.520833 0.514648 0.519531 0.515625 0.519531 0.517578 0.516927 0.518555 0.516927 0.520508 0.514323 0.520508 0.513021 0.521484 0.511719 0.521484 0.505208 0.522461 0.503906 0.522461 0.500000 0.521484 0.498698 0.521484 0.493490 0.520508 0.492188 0.520508 0.489583 0.514648 0.481771 0.513672 0.481771
0 0.481445 0.501302 0.480469 0.502604 0.480469 0.509115 0.481445 0.510417 0.481445 0.513021 0.480469 0.514323 0.480469 0.515625 0.478516 0.519531 0.478516 0.523438 0.490234 0.523438 0.492188 0.526042 0.492188 0.528646 0.493164 0.529948 0.493164 0.535156 0.494141 0.536458 0.498047 0.536458 0.499023 0.535156 0.501953 0.535156 0.502930 0.533854 0.502930 0.532552 0.504883 0.528646 0.504883 0.523438 0.498047 0.514323 0.498047 0.513021 0.497070 0.511719 0.497070 0.510417 0.496094 0.509115 0.496094 0.507812 0.495117 0.506510 0.495117 0.505208 0.493164 0.502604 0.492188 0.502604 0.491211 0.501302
0 0.468750 0.385417 0.462891 0.385417 0.461914 0.386719 0.457031 0.386719 0.456055 0.388021 0.455078 0.388021 0.454102 0.389323 0.453125 0.389323 0.452148 0.390625 0.451172 0.390625 0.450195 0.391927 0.449219 0.391927 0.448242 0.393229 0.447266 0.393229 0.447266 0.394531 0.446289 0.395833 0.446289 0.408854 0.447266 0.410156 0.447266 0.412760 0.448242 0.414062 0.448242 0.415365 0.451172 0.419271 0.452148 0.419271 0.454102 0.421875 0.456055 0.421875 0.457031 0.423177 0.463867 0.423177 0.464844 0.421875 0.466797 0.421875 0.467773 0.420573 0.469727 0.420573 0.472656 0.417969 0.472656 0.412760 0.474609 0.408854 0.474609 0.399740 0.473633 0.398438 0.473633 0.394531 0.472656 0.393229 0.472656 0.390625 0.471680 0.389323 0.471680 0.388021
0 0.494141 0.393229 0.490234 0.393229 0.489258 0.394531 0.488281 0.394531 0.482422 0.402344 0.482422 0.403646 0.479492 0.407552 0.479492 0.408854 0.477539 0.411458 0.476562 0.411458 0.475586 0.412760 0.475586 0.419271 0.476562 0.420573 0.476562 0.421875 0.479492 0.425781 0.479492 0.427083 0.481445 0.429688 0.481445 0.430990 0.483398 0.433594 0.484375 0.433594 0.485352 0.434896 0.488281 0.434896 0.489258 0.436198 0.490234 0.436198 0.491211 0.434896 0.494141 0.434896 0.495117 0.433594 0.497070 0.433594 0.502930 0.425781 0.502930 0.424479 0.503906 0.423177 0.503906 0.420573 0.504883 0.419271 0.504883 0.417969 0.505859 0.416667 0.505859 0.415365 0.507812 0.411458 0.507812 0.407552 0.506836 0.406250 0.506836 0.404948 0.505859 0.403646 0.504883 0.403646 0.499023 0.395833 0.498047 0.395833 0.497070 0.394531 0.495117 0.394531
0 0.525391 0.428385 0.524414 0.428385 0.523438 0.427083 0.520508 0.427083 0.519531 0.425781 0.517578 0.425781 0.516602 0.424479 0.513672 0.424479 0.512695 0.425781 0.511719 0.425781 0.510742 0.427083 0.507812 0.428385 0.503906 0.433594 0.502930 0.433594 0.500977 0.436198 0.500000 0.436198 0.500000 0.437500 0.498047 0.440104 0.498047 0.441406 0.496094 0.445312 0.496094 0.446615 0.497070 0.447917 0.497070 0.450521 0.498047 0.451823 0.498047 0.453125 0.499023 0.454427 0.500000 0.458333 0.501953 0.460938 0.502930 0.460938 0.505859 0.463542 0.515625 0.463542 0.516602 0.462240 0.520508 0.462240 0.521484 0.460938 0.522461 0.460938 0.524414 0.458333 0.524414 0.457031 0.525391 0.455729 0.525391 0.450521 0.526367 0.449219 0.526367 0.444010 0.527344 0.442708 0.527344 0.437500 0.528320 0.436198 0.528320 0.433594 0.527344 0.432292 0.527344 0.430990
0 0.469727 0.359375 0.469727 0.376302 0.470703 0.377604 0.470703 0.380208 0.473633 0.384115 0.494141 0.384115 0.495117 0.382812 0.496094 0.382812 0.496094 0.372396 0.497070 0.371094 0.497070 0.369792 0.496094 0.368490 0.496094 0.363281 0.495117 0.361979 0.495117 0.360677 0.494141 0.359375 0.494141 0.358073 0.492188 0.355469 0.491211 0.355469 0.490234 0.354167 0.488281 0.354167 0.487305 0.352865 0.480469 0.352865 0.479492 0.354167 0.476562 0.354167 0.475586 0.355469 0.474609 0.355469 0.473633 0.356771 0.472656 0.356771
0 0.444336 0.313802 0.443359 0.315104 0.442383 0.315104 0.440430 0.317708 0.437500 0.319010 0.434570 0.322917 0.434570 0.324219 0.433594 0.325521 0.433594 0.326823 0.431641 0.330729 0.431641 0.334635 0.432617 0.335938 0.432617 0.337240 0.433594 0.338542 0.433594 0.339844 0.434570 0.341146 0.434570 0.342448 0.435547 0.343750 0.436523 0.347656 0.439453 0.351562 0.439453 0.352865 0.440430 0.352865 0.441406 0.354167 0.443359 0.354167 0.444336 0.355469 0.456055 0.355469 0.457031 0.354167 0.458008 0.354167 0.458008 0.352865 0.459961 0.350260 0.459961 0.347656 0.460938 0.346354 0.460938 0.345052 0.462891 0.342448 0.462891 0.341146 0.463867 0.339844 0.463867 0.330729 0.462891 0.329427 0.461914 0.325521 0.460938 0.324219 0.459961 0.324219 0.454102 0.316406 0.453125 0.316406 0.450195 0.313802
0 0.431641 0.287760 0.430664 0.287760 0.429688 0.289062 0.426758 0.289062 0.421875 0.295573 0.421875 0.296875 0.420898 0.298177 0.420898 0.300781 0.419922 0.302083 0.419922 0.303385 0.418945 0.304688 0.418945 0.315104 0.419922 0.316406 0.419922 0.320312 0.420898 0.321615 0.421875 0.321615 0.423828 0.324219 0.424805 0.324219 0.426758 0.326823 0.427734 0.326823 0.428711 0.328125 0.431641 0.328125 0.432617 0.326823 0.432617 0.325521 0.435547 0.321615 0.435547 0.320312 0.438477 0.316406 0.439453 0.316406 0.440430 0.315104 0.441406 0.315104 0.442383 0.313802 0.442383 0.312500 0.443359 0.311198 0.443359 0.304688 0.442383 0.303385 0.442383 0.302083 0.441406 0.300781 0.441406 0.299479 0.439453 0.296875 0.439453 0.295573 0.435547 0.290365 0.434570 0.290365 0.433594 0.289062 0.432617 0.289062
0 0.456055 0.278646 0.455078 0.279948 0.453125 0.279948 0.452148 0.281250 0.451172 0.281250 0.450195 0.282552 0.450195 0.283854 0.449219 0.285156 0.448242 0.285156 0.445312 0.289062 0.445312 0.294271 0.444336 0.295573 0.444336 0.298177 0.445312 0.299479 0.445312 0.303385 0.446289 0.304688 0.446289 0.307292 0.448242 0.311198 0.449219 0.311198 0.450195 0.312500 0.452148 0.312500 0.453125 0.313802 0.454102 0.313802 0.455078 0.315104 0.456055 0.315104 0.459961 0.320312 0.460938 0.320312 0.461914 0.321615 0.462891 0.321615 0.464844 0.319010 0.465820 0.319010 0.471680 0.311198 0.471680 0.309896 0.472656 0.308594 0.472656 0.304688 0.473633 0.303385 0.473633 0.299479 0.472656 0.298177 0.472656 0.292969 0.471680 0.291667 0.471680 0.289062 0.469727 0.286458 0.469727 0.285156 0.467773 0.282552 0.466797 0.282552 0.465820 0.281250 0.464844 0.281250 0.461914 0.278646
0 0.475586 0.315104 0.473633 0.317708 0.473633 0.319010 0.472656 0.320312 0.472656 0.321615 0.471680 0.322917 0.471680 0.341146 0.472656 0.342448 0.472656 0.346354 0.473633 0.347656 0.473633 0.348958 0.474609 0.350260 0.475586 0.350260 0.476562 0.351562 0.485352 0.351562 0.486328 0.350260 0.488281 0.350260 0.490234 0.347656 0.491211 0.347656 0.491211 0.346354 0.493164 0.343750 0.493164 0.342448 0.494141 0.341146 0.494141 0.338542 0.495117 0.337240 0.495117 0.333333 0.496094 0.332031 0.496094 0.330729 0.492188 0.325521 0.492188 0.324219 0.489258 0.320312 0.488281 0.320312 0.487305 0.319010 0.486328 0.319010 0.485352 0.317708 0.484375 0.317708 0.483398 0.316406 0.481445 0.316406 0.480469 0.315104
0 0.484375 0.278646 0.482422 0.281250 0.482422 0.283854 0.480469 0.286458 0.480469 0.287760 0.479492 0.289062 0.479492 0.290365 0.477539 0.294271 0.477539 0.303385 0.478516 0.304688 0.478516 0.307292 0.479492 0.308594 0.479492 0.309896 0.480469 0.311198 0.481445 0.311198 0.484375 0.315104 0.486328 0.315104 0.489258 0.317708 0.497070 0.317708 0.499023 0.315104 0.500000 0.315104 0.501953 0.312500 0.501953 0.299479 0.500977 0.298177 0.500977 0.287760 0.500000 0.286458 0.500000 0.285156 0.499023 0.283854 0.499023 0.282552 0.497070 0.278646
0 0.508789 0.283854 0.507812 0.285156 0.506836 0.285156 0.505859 0.286458 0.504883 0.286458 0.502930 0.289062 0.502930 0.296875 0.501953 0.298177 0.502930 0.299479 0.502930 0.313802 0.504883 0.316406 0.505859 0.316406 0.508789 0.320312 0.509766 0.320312 0.510742 0.321615 0.511719 0.321615 0.512695 0.322917 0.513672 0.322917 0.514648 0.321615 0.516602 0.321615 0.517578 0.320312 0.518555 0.320312 0.520508 0.317708 0.521484 0.317708 0.524414 0.315104 0.524414 0.313802 0.525391 0.312500 0.525391 0.292969 0.524414 0.291667 0.524414 0.289062 0.521484 0.286458 0.519531 0.286458 0.516602 0.283854
0 0.515625 0.326823 0.512695 0.326823 0.510742 0.329427 0.509766 0.329427 0.500977 0.341146 0.500977 0.342448 0.499023 0.345052 0.499023 0.351562 0.500000 0.352865 0.500000 0.355469 0.503906 0.360677 0.503906 0.361979 0.504883 0.363281 0.506836 0.363281 0.507812 0.364583 0.516602 0.364583 0.517578 0.363281 0.518555 0.363281 0.519531 0.361979 0.520508 0.361979 0.521484 0.360677 0.522461 0.360677 0.525391 0.356771 0.525391 0.355469 0.526367 0.354167 0.526367 0.345052 0.525391 0.343750 0.525391 0.342448 0.524414 0.341146 0.524414 0.339844 0.522461 0.337240 0.522461 0.335938 0.521484 0.334635 0.521484 0.333333 0.517578 0.328125 0.516602 0.328125
0 0.509766 0.371094 0.504883 0.377604 0.504883 0.378906 0.502930 0.382812 0.502930 0.386719 0.501953 0.388021 0.502930 0.389323 0.502930 0.395833 0.503906 0.397135 0.503906 0.398438 0.507812 0.403646 0.508789 0.403646 0.509766 0.404948 0.512695 0.404948 0.513672 0.406250 0.517578 0.406250 0.518555 0.407552 0.522461 0.407552 0.523438 0.406250 0.524414 0.406250 0.525391 0.404948 0.525391 0.403646 0.526367 0.402344 0.526367 0.401042 0.529297 0.397135 0.529297 0.394531 0.530273 0.393229 0.530273 0.391927 0.529297 0.390625 0.529297 0.380208 0.528320 0.378906 0.528320 0.377604 0.527344 0.376302 0.526367 0.376302 0.524414 0.373698 0.523438 0.373698 0.522461 0.372396 0.520508 0.372396 0.519531 0.371094 0.516602 0.371094 0.515625 0.369792 0.512695 0.369792 0.511719 0.371094
0 0.541016 0.389323 0.540039 0.389323 0.539062 0.390625 0.536133 0.390625 0.532227 0.395833 0.531250 0.395833 0.529297 0.398438 0.529297 0.399740 0.527344 0.402344 0.527344 0.403646 0.524414 0.407552 0.524414 0.408854 0.523438 0.410156 0.523438 0.417969 0.524414 0.419271 0.524414 0.423177 0.525391 0.424479 0.525391 0.425781 0.526367 0.425781 0.530273 0.430990 0.532227 0.430990 0.533203 0.432292 0.538086 0.432292 0.539062 0.430990 0.541016 0.430990 0.542969 0.428385 0.542969 0.427083 0.543945 0.425781 0.544922 0.425781 0.546875 0.423177 0.546875 0.421875 0.547852 0.420573 0.547852 0.419271 0.548828 0.417969 0.548828 0.416667 0.550781 0.414062 0.550781 0.403646 0.549805 0.402344 0.549805 0.398438 0.548828 0.397135 0.548828 0.395833 0.545898 0.391927 0.543945 0.391927
0 0.552734 0.341146 0.546875 0.341146 0.545898 0.342448 0.544922 0.342448 0.542969 0.345052 0.541992 0.345052 0.540039 0.347656 0.539062 0.347656 0.535156 0.352865 0.534180 0.352865 0.532227 0.355469 0.531250 0.355469 0.530273 0.356771 0.530273 0.359375 0.529297 0.360677 0.529297 0.364583 0.528320 0.365885 0.528320 0.372396 0.529297 0.373698 0.529297 0.375000 0.530273 0.376302 0.531250 0.380208 0.532227 0.381510 0.533203 0.381510 0.535156 0.384115 0.536133 0.384115 0.537109 0.385417 0.541992 0.385417 0.542969 0.384115 0.546875 0.384115 0.547852 0.382812 0.549805 0.382812 0.550781 0.381510 0.553711 0.380208 0.556641 0.376302 0.556641 0.375000 0.559570 0.371094 0.560547 0.371094 0.562500 0.368490 0.562500 0.367188 0.563477 0.365885 0.563477 0.361979 0.561523 0.359375 0.560547 0.355469 0.558594 0.352865 0.558594 0.351562 0.555664 0.347656 0.554688 0.343750
0 0.541016 0.307292 0.536133 0.307292 0.535156 0.308594 0.534180 0.308594 0.525391 0.320312 0.525391 0.322917 0.524414 0.324219 0.524414 0.326823 0.525391 0.328125 0.525391 0.330729 0.526367 0.332031 0.526367 0.333333 0.530273 0.338542 0.530273 0.339844 0.533203 0.343750 0.534180 0.343750 0.537109 0.346354 0.538086 0.345052 0.541016 0.345052 0.551758 0.330729 0.551758 0.329427 0.553711 0.326823 0.553711 0.321615 0.552734 0.320312 0.552734 0.317708 0.551758 0.316406 0.551758 0.315104 0.549805 0.312500 0.548828 0.312500 0.547852 0.311198 0.545898 0.311198 0.544922 0.309896 0.543945 0.309896
0 0.570312 0.285156 0.565430 0.285156 0.564453 0.283854 0.563477 0.285156 0.559570 0.285156 0.558594 0.286458 0.556641 0.286458 0.554688 0.289062 0.553711 0.289062 0.550781 0.292969 0.550781 0.294271 0.546875 0.299479 0.546875 0.302083 0.545898 0.303385 0.546875 0.304688 0.546875 0.305990 0.553711 0.315104 0.553711 0.316406 0.554688 0.317708 0.554688 0.320312 0.556641 0.322917 0.561523 0.322917 0.562500 0.321615 0.564453 0.321615 0.565430 0.320312 0.566406 0.320312 0.567383 0.319010 0.568359 0.319010 0.570312 0.316406 0.571289 0.316406 0.577148 0.308594 0.577148 0.307292 0.579102 0.303385 0.578125 0.302083 0.578125 0.298177 0.577148 0.296875 0.577148 0.295573 0.575195 0.292969 0.575195 0.291667
0 0.557617 0.337240 0.556641 0.338542 0.556641 0.339844 0.555664 0.341146 0.555664 0.342448 0.556641 0.343750 0.556641 0.347656 0.558594 0.350260 0.558594 0.351562 0.561523 0.355469 0.561523 0.356771 0.562500 0.358073 0.562500 0.359375 0.564453 0.361979 0.564453 0.363281 0.566406 0.365885 0.568359 0.365885 0.569336 0.367188 0.571289 0.367188 0.572266 0.368490 0.577148 0.368490 0.579102 0.365885 0.579102 0.363281 0.580078 0.361979 0.580078 0.343750 0.579102 0.342448 0.579102 0.341146 0.577148 0.338542 0.576172 0.338542 0.575195 0.337240 0.573242 0.337240 0.572266 0.335938 0.569336 0.335938 0.568359 0.334635 0.567383 0.334635 0.566406 0.335938 0.559570 0.335938 0.558594 0.337240
0 0.500000 0.540365 0.497070 0.544271 0.496094 0.544271 0.494141 0.546875 0.494141 0.550781 0.493164 0.552083 0.493164 0.566406 0.492188 0.567708 0.492188 0.570312 0.494141 0.572917 0.498047 0.572917 0.499023 0.574219 0.510742 0.574219 0.511719 0.572917 0.513672 0.572917 0.517578 0.567708 0.517578 0.566406 0.519531 0.563802 0.519531 0.562500 0.520508 0.561198 0.520508 0.553385 0.519531 0.552083 0.519531 0.549479 0.518555 0.548177 0.518555 0.546875 0.517578 0.545573 0.516602 0.545573 0.515625 0.544271 0.514648 0.544271 0.511719 0.541667 0.509766 0.541667 0.508789 0.540365 0.503906 0.540365 0.502930 0.539062 0.501953 0.539062 0.500977 0.540365
0 0.501953 0.582031 0.501953 0.583333 0.500977 0.584635 0.500977 0.591146 0.501953 0.592448 0.501953 0.595052 0.502930 0.596354 0.502930 0.597656 0.503906 0.598958 0.504883 0.602865 0.506836 0.605469 0.506836 0.606771 0.509766 0.610677 0.509766 0.611979 0.514648 0.618490 0.515625 0.618490 0.516602 0.619792 0.520508 0.619792 0.521484 0.621094 0.522461 0.619792 0.527344 0.619792 0.528320 0.618490 0.529297 0.618490 0.533203 0.613281 0.533203 0.610677 0.537109 0.605469 0.537109 0.602865 0.538086 0.601562 0.538086 0.598958 0.537109 0.597656 0.537109 0.592448 0.538086 0.591146 0.537109 0.589844 0.536133 0.585938 0.533203 0.582031 0.532227 0.582031 0.531250 0.580729 0.528320 0.579427 0.525391 0.575521 0.523438 0.575521 0.522461 0.574219 0.513672 0.574219 0.512695 0.575521 0.509766 0.575521 0.508789 0.576823 0.505859 0.578125 0.502930 0.582031
0 0.533203 0.544271 0.532227 0.545573 0.531250 0.545573 0.530273 0.546875 0.529297 0.546875 0.526367 0.550781 0.526367 0.552083 0.523438 0.554688 0.523438 0.555990 0.522461 0.557292 0.522461 0.561198 0.521484 0.562500 0.521484 0.563802 0.522461 0.565104 0.522461 0.566406 0.524414 0.570312 0.524414 0.572917 0.525391 0.574219 0.526367 0.574219 0.528320 0.576823 0.529297 0.576823 0.532227 0.580729 0.533203 0.580729 0.535156 0.583333 0.536133 0.583333 0.537109 0.584635 0.538086 0.584635 0.540039 0.587240 0.541016 0.585938 0.541992 0.585938 0.542969 0.584635 0.543945 0.584635 0.546875 0.582031 0.546875 0.580729 0.547852 0.579427 0.547852 0.578125 0.549805 0.574219 0.549805 0.571615 0.550781 0.570312 0.550781 0.569010 0.549805 0.567708 0.549805 0.563802 0.548828 0.562500 0.548828 0.559896 0.547852 0.558594 0.547852 0.557292 0.541992 0.549479 0.541992 0.548177 0.539062 0.544271
0 0.544922 0.584635 0.543945 0.585938 0.542969 0.585938 0.539062 0.591146 0.539062 0.592448 0.538086 0.593750 0.538086 0.602865 0.537109 0.604167 0.537109 0.605469 0.536133 0.606771 0.536133 0.608073 0.534180 0.610677 0.534180 0.617188 0.535156 0.617188 0.537109 0.619792 0.538086 0.619792 0.540039 0.622396 0.545898 0.622396 0.546875 0.623698 0.547852 0.623698 0.548828 0.622396 0.551758 0.622396 0.553711 0.619792 0.554688 0.619792 0.557617 0.615885 0.557617 0.613281 0.558594 0.611979 0.558594 0.605469 0.559570 0.604167 0.559570 0.601562 0.560547 0.600260 0.560547 0.598958 0.559570 0.597656 0.559570 0.595052 0.555664 0.589844 0.554688 0.589844 0.552734 0.587240 0.551758 0.587240 0.548828 0.584635
0 0.439453 0.589844 0.439453 0.592448 0.438477 0.593750 0.438477 0.600260 0.437500 0.601562 0.437500 0.609375 0.436523 0.610677 0.440430 0.615885 0.441406 0.615885 0.442383 0.617188 0.453125 0.617188 0.454102 0.618490 0.455078 0.617188 0.458008 0.617188 0.458984 0.615885 0.460938 0.615885 0.461914 0.614583 0.462891 0.614583 0.463867 0.613281 0.464844 0.613281 0.466797 0.610677 0.466797 0.598958 0.465820 0.597656 0.465820 0.595052 0.464844 0.593750 0.464844 0.592448 0.463867 0.592448 0.461914 0.589844 0.460938 0.589844 0.459961 0.588542 0.452148 0.588542 0.451172 0.587240 0.441406 0.587240
0 0.479492 0.614583 0.465820 0.614583 0.464844 0.615885 0.461914 0.615885 0.460938 0.617188 0.458984 0.617188 0.458008 0.618490 0.457031 0.618490 0.455078 0.621094 0.455078 0.634115 0.456055 0.635417 0.456055 0.638021 0.457031 0.639323 0.457031 0.640625 0.458984 0.644531 0.458984 0.647135 0.461914 0.651042 0.462891 0.651042 0.463867 0.652344 0.470703 0.652344 0.471680 0.651042 0.474609 0.651042 0.475586 0.649740 0.476562 0.649740 0.477539 0.648438 0.478516 0.648438 0.480469 0.645833 0.480469 0.644531 0.482422 0.641927 0.482422 0.640625 0.485352 0.636719 0.485352 0.634115 0.486328 0.632812 0.485352 0.631510 0.485352 0.627604 0.484375 0.626302 0.484375 0.625000 0.482422 0.621094 0.482422 0.618490
0 0.501953 0.615885 0.498047 0.621094 0.497070 0.621094 0.491211 0.628906 0.491211 0.630208 0.490234 0.631510 0.490234 0.638021 0.491211 0.639323 0.491211 0.641927 0.492188 0.643229 0.492188 0.644531 0.498047 0.652344 0.500000 0.652344 0.500977 0.653646 0.511719 0.653646 0.515625 0.648438 0.516602 0.648438 0.517578 0.647135 0.517578 0.645833 0.519531 0.643229 0.519531 0.641927 0.520508 0.640625 0.520508 0.634115 0.521484 0.632812 0.516602 0.626302 0.516602 0.625000 0.515625 0.623698 0.514648 0.623698 0.512695 0.621094 0.511719 0.621094 0.508789 0.618490 0.506836 0.618490 0.505859 0.617188 0.502930 0.617188
0 0.530273 0.626302 0.529297 0.627604 0.528320 0.627604 0.526367 0.630208 0.525391 0.630208 0.523438 0.632812 0.523438 0.634115 0.522461 0.635417 0.522461 0.653646 0.524414 0.657552 0.525391 0.657552 0.526367 0.658854 0.527344 0.658854 0.530273 0.661458 0.532227 0.661458 0.533203 0.662760 0.535156 0.662760 0.536133 0.664062 0.541992 0.664062 0.542969 0.662760 0.543945 0.662760 0.548828 0.656250 0.548828 0.654948 0.552734 0.649740 0.552734 0.645833 0.553711 0.644531 0.553711 0.636719 0.549805 0.630208 0.548828 0.630208 0.547852 0.628906 0.545898 0.628906 0.544922 0.627604 0.543945 0.627604 0.541016 0.625000 0.533203 0.625000 0.532227 0.626302
0 0.479492 0.651042 0.477539 0.651042 0.476562 0.652344 0.471680 0.652344 0.470703 0.653646 0.464844 0.653646 0.463867 0.654948 0.461914 0.654948 0.459961 0.657552 0.459961 0.661458 0.460938 0.662760 0.460938 0.665365 0.462891 0.669271 0.462891 0.678385 0.463867 0.679688 0.463867 0.683594 0.468750 0.690104 0.469727 0.690104 0.472656 0.692708 0.474609 0.692708 0.475586 0.694010 0.477539 0.694010 0.478516 0.692708 0.479492 0.692708 0.480469 0.691406 0.483398 0.690104 0.485352 0.687500 0.485352 0.686198 0.486328 0.684896 0.486328 0.679688 0.487305 0.678385 0.487305 0.673177 0.489258 0.669271 0.489258 0.665365 0.490234 0.664062 0.490234 0.662760 0.489258 0.661458 0.489258 0.658854 0.485352 0.653646 0.484375 0.653646 0.483398 0.652344 0.480469 0.652344
0 0.500977 0.674479 0.498047 0.678385 0.495117 0.678385 0.494141 0.677083 0.493164 0.678385 0.491211 0.678385 0.488281 0.682292 0.488281 0.684896 0.485352 0.688802 0.485352 0.690104 0.483398 0.692708 0.482422 0.692708 0.479492 0.695312 0.479492 0.697917 0.478516 0.699219 0.482422 0.704427 0.482422 0.705729 0.484375 0.708333 0.484375 0.710938 0.485352 0.712240 0.492188 0.712240 0.493164 0.710938 0.494141 0.710938 0.496094 0.708333 0.497070 0.708333 0.500977 0.703125 0.501953 0.703125 0.502930 0.701823 0.505859 0.701823 0.508789 0.699219 0.508789 0.696615 0.509766 0.695312 0.508789 0.694010 0.508789 0.690104 0.507812 0.688802 0.507812 0.687500 0.505859 0.683594 0.505859 0.680990
0 0.509766 0.701823 0.508789 0.701823 0.507812 0.703125 0.504883 0.703125 0.503906 0.704427 0.501953 0.704427 0.500977 0.705729 0.500000 0.705729 0.495117 0.712240 0.494141 0.712240 0.489258 0.718750 0.489258 0.725260 0.490234 0.726562 0.490234 0.727865 0.492188 0.731771 0.492188 0.738281 0.494141 0.742188 0.495117 0.742188 0.498047 0.746094 0.499023 0.746094 0.500000 0.747396 0.506836 0.747396 0.507812 0.746094 0.509766 0.746094 0.510742 0.744792 0.511719 0.744792 0.515625 0.739583 0.516602 0.739583 0.519531 0.735677 0.519531 0.734375 0.520508 0.733073 0.520508 0.722656 0.519531 0.721354 0.519531 0.714844 0.518555 0.713542 0.518555 0.712240 0.512695 0.704427 0.511719 0.704427
0 0.490234 0.739583 0.484375 0.747396 0.484375 0.752604 0.485352 0.753906 0.485352 0.756510 0.486328 0.757812 0.486328 0.759115 0.487305 0.760417 0.487305 0.766927 0.488281 0.768229 0.488281 0.774740 0.489258 0.776042 0.489258 0.778646 0.490234 0.779948 0.498047 0.779948 0.499023 0.778646 0.500000 0.778646 0.500977 0.777344 0.501953 0.777344 0.503906 0.774740 0.503906 0.773438 0.504883 0.772135 0.504883 0.768229 0.505859 0.766927 0.505859 0.759115 0.506836 0.757812 0.506836 0.756510 0.505859 0.755208 0.505859 0.750000 0.504883 0.750000 0.503906 0.748698 0.500977 0.748698 0.500000 0.747396 0.498047 0.747396 0.496094 0.744792 0.495117 0.744792 0.494141 0.743490 0.494141 0.742188 0.493164 0.740885 0.491211 0.740885
0 0.521484 0.736979 0.519531 0.739583 0.518555 0.739583 0.517578 0.740885 0.516602 0.740885 0.514648 0.743490 0.514648 0.744792 0.513672 0.746094 0.513672 0.752604 0.512695 0.753906 0.512695 0.757812 0.513672 0.759115 0.513672 0.763021 0.514648 0.764323 0.514648 0.768229 0.516602 0.770833 0.516602 0.772135 0.519531 0.776042 0.519531 0.777344 0.520508 0.778646 0.527344 0.778646 0.528320 0.777344 0.529297 0.777344 0.530273 0.776042 0.531250 0.776042 0.532227 0.774740 0.533203 0.774740 0.535156 0.772135 0.536133 0.772135 0.541016 0.766927 0.541016 0.765625 0.542969 0.763021 0.542969 0.756510 0.541992 0.755208 0.541992 0.753906 0.541016 0.752604 0.541016 0.751302 0.540039 0.750000 0.540039 0.748698 0.538086 0.746094 0.538086 0.744792 0.532227 0.736979
0 0.516602 0.661458 0.515625 0.662760 0.514648 0.666667 0.511719 0.670573 0.510742 0.670573 0.510742 0.671875 0.509766 0.673177 0.509766 0.675781 0.508789 0.677083 0.508789 0.682292 0.509766 0.683594 0.509766 0.688802 0.510742 0.690104 0.510742 0.695312 0.511719 0.696615 0.511719 0.699219 0.513672 0.701823 0.513672 0.703125 0.518555 0.709635 0.519531 0.709635 0.522461 0.713542 0.524414 0.713542 0.525391 0.714844 0.527344 0.714844 0.528320 0.716146 0.529297 0.716146 0.532227 0.713542 0.532227 0.712240 0.534180 0.708333 0.534180 0.705729 0.537109 0.699219 0.537109 0.692708 0.536133 0.691406 0.536133 0.679688 0.535156 0.678385 0.535156 0.677083 0.533203 0.674479 0.533203 0.673177 0.532227 0.671875 0.531250 0.671875 0.529297 0.669271 0.529297 0.667969 0.528320 0.666667 0.524414 0.666667 0.523438 0.665365 0.522461 0.665365 0.520508 0.662760 0.519531 0.662760 0.518555 0.661458
0 0.543945 0.696615 0.542969 0.697917 0.540039 0.697917 0.537109 0.701823 0.537109 0.704427 0.536133 0.705729 0.536133 0.707031 0.535156 0.708333 0.535156 0.710938 0.534180 0.712240 0.534180 0.718750 0.535156 0.720052 0.535156 0.722656 0.536133 0.723958 0.536133 0.725260 0.540039 0.730469 0.540039 0.733073 0.541016 0.734375 0.541992 0.738281 0.544922 0.742188 0.548828 0.742188 0.549805 0.740885 0.550781 0.740885 0.560547 0.727865 0.560547 0.726562 0.561523 0.725260 0.564453 0.723958 0.567383 0.720052 0.566406 0.718750 0.566406 0.714844 0.565430 0.713542 0.565430 0.712240 0.561523 0.707031 0.561523 0.705729 0.555664 0.697917 0.552734 0.697917 0.551758 0.696615 0.549805 0.696615 0.548828 0.697917 0.547852 0.697917 0.546875 0.696615
0 0.518555 0.782552 0.517578 0.782552 0.516602 0.781250 0.515625 0.781250 0.512695 0.778646 0.504883 0.778646 0.503906 0.779948 0.502930 0.779948 0.500000 0.782552 0.499023 0.786458 0.497070 0.789062 0.497070 0.792969 0.496094 0.794271 0.496094 0.795573 0.494141 0.798177 0.494141 0.802083 0.496094 0.805990 0.496094 0.809896 0.497070 0.811198 0.497070 0.819010 0.498047 0.820312 0.499023 0.820312 0.500000 0.821615 0.506836 0.821615 0.507812 0.820312 0.510742 0.820312 0.511719 0.819010 0.514648 0.819010 0.515625 0.817708 0.516602 0.817708 0.518555 0.815104 0.518555 0.813802 0.520508 0.809896 0.520508 0.805990 0.521484 0.804688 0.521484 0.800781 0.522461 0.799479 0.522461 0.791667 0.521484 0.790365 0.520508 0.786458 0.518555 0.783854
0 0.530273 0.782552 0.530273 0.783854 0.532227 0.786458 0.532227 0.787760 0.539062 0.796875 0.539062 0.798177 0.541016 0.800781 0.541992 0.800781 0.544922 0.804688 0.545898 0.804688 0.546875 0.805990 0.553711 0.805990 0.554688 0.804688 0.557617 0.804688 0.558594 0.803385 0.560547 0.803385 0.561523 0.802083 0.562500 0.802083 0.564453 0.799479 0.565430 0.799479 0.565430 0.798177 0.567383 0.795573 0.567383 0.777344 0.562500 0.770833 0.561523 0.770833 0.558594 0.768229 0.556641 0.768229 0.554688 0.765625 0.553711 0.765625 0.552734 0.764323 0.544922 0.764323 0.543945 0.765625 0.542969 0.765625 0.538086 0.772135 0.537109 0.772135 0.535156 0.774740 0.535156 0.776042 0.532227 0.779948 0.531250 0.779948 0.531250 0.781250
0 0.572266 0.772135 0.572266 0.777344 0.571289 0.778646 0.571289 0.779948 0.570312 0.781250 0.570312 0.783854 0.569336 0.785156 0.569336 0.795573 0.571289 0.799479 0.574219 0.799479 0.575195 0.800781 0.578125 0.800781 0.579102 0.799479 0.580078 0.799479 0.581055 0.800781 0.585938 0.800781 0.586914 0.802083 0.591797 0.802083 0.592773 0.800781 0.595703 0.800781 0.595703 0.799479 0.596680 0.798177 0.596680 0.796875 0.599609 0.792969 0.599609 0.783854 0.596680 0.779948 0.596680 0.778646 0.593750 0.774740 0.593750 0.773438 0.590820 0.769531 0.589844 0.769531 0.588867 0.768229 0.579102 0.768229 0.576172 0.772135
0 0.605469 0.763021 0.605469 0.776042 0.606445 0.777344 0.606445 0.779948 0.609375 0.786458 0.609375 0.789062 0.611328 0.791667 0.612305 0.791667 0.613281 0.792969 0.617188 0.792969 0.618164 0.794271 0.631836 0.794271 0.632812 0.792969 0.635742 0.792969 0.637695 0.790365 0.637695 0.786458 0.638672 0.785156 0.638672 0.782552 0.640625 0.778646 0.640625 0.772135 0.639648 0.770833 0.639648 0.769531 0.632812 0.760417 0.631836 0.760417 0.630859 0.759115 0.628906 0.759115 0.626953 0.756510 0.625000 0.756510 0.624023 0.755208 0.620117 0.755208 0.619141 0.753906 0.619141 0.752604 0.617188 0.755208 0.616211 0.755208 0.615234 0.756510 0.613281 0.756510 0.612305 0.757812 0.610352 0.757812 0.607422 0.761719 0.606445 0.761719
0 0.572266 0.721354 0.568359 0.721354 0.567383 0.722656 0.566406 0.722656 0.564453 0.725260 0.563477 0.725260 0.555664 0.735677 0.555664 0.736979 0.552734 0.740885 0.551758 0.740885 0.550781 0.742188 0.550781 0.743490 0.549805 0.744792 0.549805 0.750000 0.550781 0.751302 0.550781 0.752604 0.552734 0.755208 0.552734 0.756510 0.554688 0.759115 0.555664 0.759115 0.558594 0.761719 0.560547 0.761719 0.561523 0.763021 0.566406 0.763021 0.567383 0.761719 0.568359 0.761719 0.569336 0.760417 0.570312 0.760417 0.574219 0.755208 0.575195 0.755208 0.578125 0.751302 0.578125 0.750000 0.580078 0.747396 0.580078 0.746094 0.581055 0.744792 0.581055 0.739583 0.580078 0.738281 0.580078 0.735677 0.579102 0.734375 0.579102 0.731771 0.578125 0.730469 0.578125 0.727865 0.574219 0.722656 0.573242 0.722656
0 0.564453 0.691406 0.562500 0.694010 0.562500 0.700521 0.565430 0.704427 0.565430 0.705729 0.568359 0.712240 0.568359 0.717448 0.570312 0.720052 0.573242 0.720052 0.574219 0.721354 0.575195 0.721354 0.578125 0.725260 0.578125 0.726562 0.579102 0.727865 0.580078 0.731771 0.581055 0.731771 0.582031 0.733073 0.583984 0.733073 0.585938 0.730469 0.586914 0.730469 0.586914 0.729167 0.587891 0.727865 0.587891 0.723958 0.588867 0.722656 0.588867 0.718750 0.589844 0.717448 0.589844 0.700521 0.588867 0.699219 0.587891 0.695312 0.583984 0.690104 0.583984 0.688802 0.583008 0.688802 0.582031 0.687500 0.579102 0.687500 0.578125 0.688802 0.576172 0.688802 0.575195 0.690104 0.573242 0.690104 0.573242 0.691406 0.569336 0.696615 0.567383 0.696615 0.565430 0.694010 0.565430 0.691406 0.566406 0.690104 0.568359 0.690104 0.566406 0.690104 0.565430 0.691406
0 0.591797 0.720052 0.589844 0.722656 0.589844 0.725260 0.588867 0.726562 0.588867 0.729167 0.583984 0.735677 0.583008 0.735677 0.583008 0.739583 0.583984 0.740885 0.583984 0.746094 0.584961 0.747396 0.584961 0.748698 0.586914 0.751302 0.586914 0.752604 0.589844 0.756510 0.589844 0.757812 0.590820 0.757812 0.593750 0.760417 0.604492 0.760417 0.605469 0.759115 0.608398 0.757812 0.610352 0.755208 0.611328 0.755208 0.614258 0.751302 0.614258 0.748698 0.615234 0.747396 0.615234 0.735677 0.613281 0.733073 0.613281 0.731771 0.610352 0.727865 0.609375 0.727865 0.608398 0.726562 0.606445 0.726562 0.605469 0.725260 0.602539 0.723958 0.599609 0.720052
0 0.654297 0.726562 0.642578 0.726562 0.641602 0.727865 0.639648 0.727865 0.637695 0.730469 0.637695 0.731771 0.635742 0.735677 0.634766 0.735677 0.633789 0.736979 0.630859 0.736979 0.628906 0.740885 0.628906 0.744792 0.629883 0.746094 0.629883 0.747396 0.632812 0.751302 0.633789 0.755208 0.637695 0.760417 0.638672 0.760417 0.641602 0.764323 0.645508 0.764323 0.646484 0.763021 0.650391 0.763021 0.651367 0.761719 0.652344 0.761719 0.653320 0.760417 0.656250 0.759115 0.661133 0.752604 0.661133 0.751302 0.662109 0.750000 0.662109 0.747396 0.663086 0.746094 0.663086 0.735677 0.659180 0.730469 0.656250 0.729167
0 0.623047 0.697917 0.622070 0.699219 0.621094 0.699219 0.620117 0.700521 0.620117 0.703125 0.616211 0.708333 0.615234 0.708333 0.614258 0.709635 0.614258 0.710938 0.613281 0.712240 0.613281 0.713542 0.611328 0.716146 0.610352 0.716146 0.610352 0.718750 0.609375 0.720052 0.610352 0.721354 0.610352 0.723958 0.612305 0.726562 0.613281 0.726562 0.616211 0.730469 0.617188 0.730469 0.618164 0.731771 0.619141 0.731771 0.622070 0.734375 0.624023 0.734375 0.625000 0.735677 0.630859 0.735677 0.631836 0.734375 0.632812 0.734375 0.633789 0.733073 0.634766 0.733073 0.636719 0.730469 0.636719 0.729167 0.638672 0.726562 0.638672 0.725260 0.639648 0.723958 0.639648 0.720052 0.640625 0.718750 0.640625 0.708333 0.639648 0.707031 0.639648 0.705729 0.638672 0.704427 0.637695 0.704427 0.633789 0.699219 0.630859 0.699219 0.629883 0.697917
0 0.560547 0.653646 0.560547 0.654948 0.558594 0.658854 0.562500 0.664062 0.562500 0.671875 0.563477 0.673177 0.562500 0.674479 0.562500 0.675781 0.560547 0.678385 0.559570 0.678385 0.559570 0.679688 0.563477 0.684896 0.570312 0.684896 0.571289 0.686198 0.580078 0.686198 0.581055 0.684896 0.583984 0.684896 0.584961 0.683594 0.584961 0.682292 0.585938 0.680990 0.585938 0.674479 0.584961 0.673177 0.584961 0.670573 0.583984 0.669271 0.583984 0.661458 0.582031 0.657552 0.578125 0.657552 0.577148 0.656250 0.567383 0.656250 0.564453 0.652344 0.562500 0.652344 0.561523 0.653646
0 0.601562 0.662760 0.599609 0.662760 0.598633 0.661458 0.595703 0.661458 0.594727 0.662760 0.592773 0.662760 0.591797 0.664062 0.588867 0.664062 0.586914 0.666667 0.586914 0.673177 0.585938 0.674479 0.585938 0.684896 0.586914 0.686198 0.586914 0.688802 0.587891 0.690104 0.587891 0.691406 0.590820 0.695312 0.591797 0.695312 0.592773 0.694010 0.595703 0.694010 0.596680 0.692708 0.598633 0.692708 0.600586 0.690104 0.601562 0.690104 0.602539 0.688802 0.603516 0.688802 0.607422 0.683594 0.608398 0.683594 0.611328 0.679688 0.611328 0.678385 0.610352 0.677083 0.610352 0.675781 0.609375 0.674479 0.609375 0.673177 0.608398 0.671875 0.608398 0.670573 0.607422 0.670573 0.605469 0.667969 0.605469 0.666667 0.603516 0.664062 0.602539 0.664062
0 0.633789 0.657552 0.632812 0.658854 0.632812 0.662760 0.629883 0.665365 0.629883 0.667969 0.628906 0.669271 0.628906 0.670573 0.627930 0.671875 0.626953 0.671875 0.625000 0.674479 0.625000 0.675781 0.624023 0.677083 0.624023 0.679688 0.629883 0.687500 0.630859 0.687500 0.632812 0.690104 0.632812 0.691406 0.637695 0.697917 0.638672 0.697917 0.641602 0.701823 0.642578 0.701823 0.643555 0.703125 0.648438 0.703125 0.651367 0.700521 0.653320 0.700521 0.654297 0.699219 0.655273 0.699219 0.659180 0.694010 0.659180 0.692708 0.661133 0.690104 0.661133 0.688802 0.662109 0.687500 0.662109 0.683594 0.663086 0.682292 0.663086 0.674479 0.656250 0.665365 0.655273 0.665365 0.654297 0.664062 0.653320 0.664062 0.652344 0.662760 0.649414 0.661458 0.646484 0.657552 0.642578 0.657552 0.641602 0.656250 0.640625 0.657552
0 0.649414 0.705729 0.649414 0.707031 0.648438 0.708333 0.648438 0.710938 0.649414 0.712240 0.649414 0.713542 0.652344 0.717448 0.652344 0.718750 0.653320 0.720052 0.654297 0.723958 0.657227 0.727865 0.658203 0.727865 0.660156 0.730469 0.661133 0.730469 0.666016 0.734375 0.671875 0.734375 0.672852 0.735677 0.673828 0.735677 0.674805 0.734375 0.676758 0.734375 0.677734 0.733073 0.680664 0.731771 0.685547 0.725260 0.685547 0.723958 0.687500 0.721354 0.688477 0.721354 0.688477 0.717448 0.689453 0.716146 0.685547 0.710938 0.685547 0.709635 0.683594 0.707031 0.683594 0.705729 0.680664 0.701823 0.679688 0.701823 0.672852 0.694010 0.671875 0.694010 0.668945 0.691406 0.662109 0.691406 0.660156 0.694010 0.660156 0.695312 0.657227 0.699219 0.656250 0.699219 0.654297 0.701823 0.653320 0.701823 0.651367 0.704427 0.650391 0.704427
0 0.665039 0.653646 0.663086 0.657552 0.663086 0.660156 0.661133 0.662760 0.661133 0.664062 0.662109 0.665365 0.662109 0.669271 0.663086 0.670573 0.663086 0.671875 0.664062 0.673177 0.664062 0.675781 0.665039 0.677083 0.665039 0.682292 0.664062 0.683594 0.664062 0.686198 0.665039 0.687500 0.665039 0.688802 0.669922 0.688802 0.670898 0.690104 0.678711 0.690104 0.679688 0.691406 0.680664 0.691406 0.681641 0.690104 0.683594 0.690104 0.684570 0.688802 0.684570 0.684896 0.685547 0.683594 0.685547 0.682292 0.687500 0.679688 0.687500 0.678385 0.688477 0.677083 0.688477 0.674479 0.689453 0.673177 0.689453 0.669271 0.688477 0.667969 0.688477 0.665365 0.686523 0.662760 0.686523 0.661458 0.684570 0.658854 0.683594 0.658854 0.681641 0.656250 0.680664 0.656250 0.677734 0.653646 0.671875 0.653646 0.670898 0.652344 0.667969 0.652344 0.666992 0.653646
0 0.599609 0.634115 0.598633 0.635417 0.598633 0.638021 0.597656 0.639323 0.597656 0.640625 0.596680 0.641927 0.596680 0.643229 0.594727 0.645833 0.594727 0.647135 0.592773 0.649740 0.592773 0.654948 0.594727 0.657552 0.595703 0.657552 0.596680 0.658854 0.597656 0.658854 0.598633 0.660156 0.600586 0.660156 0.601562 0.661458 0.609375 0.661458 0.610352 0.662760 0.615234 0.662760 0.619141 0.657552 0.619141 0.656250 0.620117 0.654948 0.620117 0.653646 0.621094 0.652344 0.621094 0.640625 0.619141 0.638021 0.619141 0.636719 0.617188 0.634115 0.616211 0.634115 0.614258 0.631510 0.612305 0.631510 0.611328 0.630208 0.607422 0.630208 0.606445 0.631510 0.604492 0.631510 0.603516 0.632812 0.602539 0.632812 0.601562 0.634115
0 0.557617 0.628906 0.557617 0.630208 0.556641 0.631510 0.559570 0.638021 0.559570 0.640625 0.560547 0.641927 0.560547 0.643229 0.561523 0.644531 0.562500 0.648438 0.565430 0.652344 0.566406 0.652344 0.567383 0.653646 0.573242 0.653646 0.574219 0.652344 0.575195 0.652344 0.576172 0.653646 0.578125 0.653646 0.579102 0.654948 0.582031 0.654948 0.583008 0.656250 0.583984 0.656250 0.584961 0.654948 0.587891 0.653646 0.593750 0.645833 0.593750 0.644531 0.595703 0.641927 0.595703 0.638021 0.596680 0.636719 0.596680 0.632812 0.595703 0.631510 0.595703 0.628906 0.593750 0.626302 0.593750 0.625000 0.592773 0.625000 0.591797 0.623698 0.590820 0.623698 0.589844 0.622396 0.588867 0.622396 0.583984 0.618490 0.582031 0.618490 0.581055 0.617188 0.579102 0.617188 0.578125 0.615885 0.567383 0.615885 0.566406 0.617188 0.565430 0.617188
0 0.577148 0.595052 0.577148 0.610677 0.578125 0.611979 0.579102 0.611979 0.580078 0.613281 0.581055 0.613281 0.582031 0.614583 0.584961 0.615885 0.589844 0.621094 0.590820 0.621094 0.591797 0.622396 0.592773 0.622396 0.594727 0.625000 0.596680 0.625000 0.599609 0.627604 0.602539 0.627604 0.603516 0.626302 0.606445 0.625000 0.606445 0.623698 0.608398 0.619792 0.608398 0.617188 0.609375 0.615885 0.609375 0.606771 0.610352 0.605469 0.610352 0.598958 0.608398 0.595052 0.606445 0.595052 0.603516 0.592448 0.601562 0.592448 0.600586 0.591146 0.599609 0.591146 0.598633 0.589844 0.596680 0.589844 0.595703 0.588542 0.591797 0.588542 0.588867 0.592448 0.587891 0.592448 0.586914 0.593750 0.580078 0.593750 0.579102 0.595052
0 0.556641 0.565104 0.556641 0.569010 0.557617 0.570312 0.557617 0.572917 0.558594 0.574219 0.558594 0.576823 0.559570 0.578125 0.559570 0.580729 0.561523 0.583333 0.562500 0.583333 0.569336 0.588542 0.571289 0.588542 0.572266 0.589844 0.574219 0.589844 0.575195 0.591146 0.578125 0.591146 0.579102 0.592448 0.584961 0.592448 0.585938 0.591146 0.586914 0.591146 0.590820 0.585938 0.591797 0.585938 0.595703 0.580729 0.595703 0.578125 0.596680 0.576823 0.596680 0.574219 0.598633 0.570312 0.598633 0.565104 0.595703 0.561198 0.594727 0.561198 0.593750 0.559896 0.591797 0.559896 0.584961 0.554688 0.583008 0.554688 0.582031 0.553385 0.579102 0.553385 0.578125 0.552083 0.574219 0.552083 0.573242 0.550781 0.566406 0.550781 0.564453 0.553385 0.563477 0.553385 0.560547 0.557292 0.559570 0.557292 0.558594 0.558594 0.558594 0.561198
0 0.540039 0.515625 0.537109 0.518229 0.537109 0.519531 0.535156 0.523438 0.535156 0.532552 0.536133 0.533854 0.536133 0.535156 0.538086 0.537760 0.538086 0.539062 0.543945 0.546875 0.543945 0.548177 0.547852 0.553385 0.551758 0.553385 0.552734 0.552083 0.553711 0.552083 0.554688 0.550781 0.555664 0.550781 0.556641 0.549479 0.557617 0.549479 0.561523 0.544271 0.561523 0.541667 0.562500 0.540365 0.562500 0.533854 0.563477 0.532552 0.563477 0.531250 0.562500 0.529948 0.562500 0.526042 0.561523 0.524740 0.561523 0.523438 0.560547 0.522135 0.560547 0.520833 0.557617 0.516927 0.556641 0.516927 0.553711 0.514323 0.542969 0.514323 0.541992 0.515625
0 0.569336 0.522135 0.566406 0.526042 0.566406 0.528646 0.565430 0.529948 0.565430 0.536458 0.566406 0.537760 0.566406 0.540365 0.567383 0.541667 0.567383 0.542969 0.568359 0.544271 0.568359 0.545573 0.569336 0.545573 0.571289 0.548177 0.573242 0.548177 0.576172 0.550781 0.580078 0.550781 0.581055 0.552083 0.583008 0.552083 0.583984 0.553385 0.584961 0.552083 0.588867 0.552083 0.591797 0.549479 0.593750 0.549479 0.598633 0.542969 0.598633 0.540365 0.599609 0.539062 0.599609 0.535156 0.598633 0.533854 0.598633 0.529948 0.597656 0.528646 0.597656 0.527344 0.594727 0.523438 0.593750 0.523438 0.588867 0.518229 0.584961 0.518229 0.583984 0.516927 0.583008 0.518229 0.579102 0.518229 0.578125 0.519531 0.575195 0.519531 0.574219 0.520833 0.571289 0.520833 0.570312 0.522135
0 0.610352 0.559896 0.608398 0.562500 0.608398 0.563802 0.607422 0.565104 0.606445 0.569010 0.604492 0.571615 0.604492 0.572917 0.603516 0.574219 0.603516 0.576823 0.602539 0.578125 0.602539 0.589844 0.603516 0.589844 0.605469 0.592448 0.608398 0.593750 0.611328 0.597656 0.612305 0.597656 0.615234 0.601562 0.616211 0.601562 0.617188 0.602865 0.623047 0.602865 0.625000 0.600260 0.627930 0.598958 0.629883 0.595052 0.629883 0.591146 0.630859 0.589844 0.630859 0.574219 0.631836 0.572917 0.632812 0.569010 0.628906 0.563802 0.626953 0.563802 0.625977 0.562500 0.623047 0.562500 0.622070 0.561198 0.619141 0.561198 0.618164 0.559896
0 0.632812 0.569010 0.630859 0.572917 0.630859 0.593750 0.629883 0.595052 0.629883 0.597656 0.627930 0.600260 0.626953 0.600260 0.625977 0.601562 0.625977 0.602865 0.627930 0.605469 0.629883 0.605469 0.630859 0.606771 0.638672 0.606771 0.641602 0.604167 0.643555 0.604167 0.644531 0.602865 0.647461 0.602865 0.648438 0.601562 0.650391 0.601562 0.650391 0.600260 0.654297 0.595052 0.654297 0.591146 0.653320 0.589844 0.653320 0.588542 0.652344 0.587240 0.652344 0.585938 0.651367 0.584635 0.651367 0.583333 0.646484 0.576823 0.645508 0.576823 0.644531 0.575521 0.643555 0.575521 0.642578 0.574219 0.641602 0.574219 0.639648 0.571615 0.638672 0.571615 0.635742 0.569010
0 0.654297 0.605469 0.653320 0.605469 0.652344 0.604167 0.650391 0.604167 0.649414 0.602865 0.648438 0.604167 0.644531 0.604167 0.643555 0.605469 0.641602 0.605469 0.639648 0.608073 0.638672 0.608073 0.637695 0.609375 0.635742 0.609375 0.631836 0.614583 0.630859 0.614583 0.628906 0.617188 0.629883 0.618490 0.629883 0.619792 0.631836 0.622396 0.630859 0.623698 0.630859 0.627604 0.631836 0.628906 0.631836 0.641927 0.633789 0.644531 0.634766 0.644531 0.635742 0.645833 0.637695 0.645833 0.638672 0.647135 0.641602 0.647135 0.642578 0.648438 0.645508 0.648438 0.646484 0.647135 0.649414 0.647135 0.650391 0.645833 0.651367 0.645833 0.652344 0.644531 0.653320 0.644531 0.654297 0.643229 0.655273 0.643229 0.656250 0.641927 0.657227 0.641927 0.662109 0.638021 0.662109 0.636719 0.664062 0.632812 0.664062 0.625000 0.663086 0.623698 0.663086 0.618490 0.662109 0.617188 0.662109 0.615885
0 0.656250 0.597656 0.655273 0.598958 0.655273 0.605469 0.661133 0.613281 0.661133 0.614583 0.663086 0.617188 0.663086 0.618490 0.664062 0.619792 0.664062 0.626302 0.665039 0.627604 0.665039 0.632812 0.666016 0.634115 0.666016 0.635417 0.668945 0.639323 0.669922 0.639323 0.672852 0.641927 0.677734 0.641927 0.678711 0.640625 0.679688 0.640625 0.680664 0.639323 0.680664 0.636719 0.681641 0.635417 0.681641 0.621094 0.682617 0.619792 0.682617 0.614583 0.681641 0.613281 0.681641 0.610677 0.676758 0.604167 0.676758 0.602865 0.672852 0.597656 0.671875 0.597656 0.670898 0.596354 0.668945 0.596354 0.667969 0.595052 0.666016 0.595052 0.665039 0.593750 0.664062 0.595052 0.660156 0.595052 0.659180 0.596354
0 0.544922 0.472656 0.540039 0.472656 0.538086 0.475260 0.537109 0.475260 0.534180 0.477865 0.532227 0.477865 0.529297 0.481771 0.529297 0.483073 0.527344 0.486979 0.527344 0.489583 0.526367 0.490885 0.526367 0.500000 0.528320 0.502604 0.529297 0.502604 0.532227 0.506510 0.532227 0.507812 0.534180 0.510417 0.535156 0.510417 0.536133 0.511719 0.538086 0.511719 0.539062 0.513021 0.541992 0.513021 0.542969 0.511719 0.546875 0.511719 0.547852 0.510417 0.549805 0.510417 0.555664 0.502604 0.555664 0.498698 0.556641 0.497396 0.556641 0.492188 0.557617 0.490885 0.557617 0.485677 0.553711 0.480469 0.553711 0.479167 0.551758 0.476562 0.550781 0.476562 0.547852 0.473958 0.545898 0.473958
0 0.530273 0.451823 0.530273 0.458333 0.531250 0.459635 0.531250 0.464844 0.532227 0.466146 0.532227 0.467448 0.534180 0.470052 0.535156 0.470052 0.536133 0.471354 0.547852 0.471354 0.550781 0.473958 0.556641 0.473958 0.557617 0.472656 0.560547 0.471354 0.562500 0.468750 0.563477 0.468750 0.564453 0.467448 0.565430 0.463542 0.568359 0.459635 0.568359 0.457031 0.570312 0.453125 0.570312 0.446615 0.566406 0.441406 0.565430 0.441406 0.560547 0.437500 0.558594 0.437500 0.557617 0.436198 0.554688 0.436198 0.553711 0.434896 0.543945 0.434896 0.542969 0.436198 0.540039 0.436198 0.534180 0.444010 0.534180 0.445312 0.531250 0.449219 0.531250 0.450521
0 0.572266 0.447917 0.571289 0.449219 0.571289 0.451823 0.570312 0.453125 0.570312 0.455729 0.569336 0.457031 0.569336 0.458333 0.568359 0.459635 0.568359 0.460938 0.567383 0.462240 0.567383 0.463542 0.566406 0.464844 0.566406 0.466146 0.565430 0.467448 0.565430 0.468750 0.564453 0.470052 0.565430 0.471354 0.565430 0.472656 0.566406 0.473958 0.566406 0.475260 0.567383 0.476562 0.567383 0.479167 0.569336 0.481771 0.583984 0.481771 0.584961 0.480469 0.584961 0.479167 0.585938 0.477865 0.585938 0.475260 0.587891 0.472656 0.587891 0.471354 0.588867 0.470052 0.588867 0.468750 0.590820 0.466146 0.590820 0.464844 0.591797 0.463542 0.591797 0.458333 0.590820 0.457031 0.590820 0.455729 0.588867 0.453125 0.587891 0.453125 0.585938 0.450521 0.584961 0.450521 0.583984 0.449219 0.583008 0.449219 0.582031 0.447917
0 0.587891 0.485677 0.586914 0.485677 0.585938 0.484375 0.577148 0.484375 0.576172 0.483073 0.571289 0.483073 0.570312 0.484375 0.569336 0.484375 0.568359 0.485677 0.567383 0.485677 0.566406 0.486979 0.565430 0.486979 0.564453 0.488281 0.563477 0.488281 0.561523 0.492188 0.561523 0.500000 0.560547 0.501302 0.560547 0.510417 0.561523 0.511719 0.561523 0.513021 0.562500 0.514323 0.563477 0.514323 0.565430 0.516927 0.566406 0.516927 0.568359 0.519531 0.573242 0.519531 0.574219 0.518229 0.577148 0.518229 0.578125 0.516927 0.580078 0.516927 0.581055 0.515625 0.582031 0.515625 0.583008 0.514323 0.583984 0.514323 0.585938 0.511719 0.586914 0.511719 0.587891 0.510417 0.588867 0.510417 0.592773 0.505208 0.592773 0.502604 0.593750 0.501302 0.593750 0.496094 0.592773 0.494792 0.592773 0.493490 0.591797 0.492188 0.591797 0.490885
0 0.619141 0.484375 0.605469 0.484375 0.604492 0.485677 0.602539 0.485677 0.601562 0.486979 0.599609 0.486979 0.598633 0.488281 0.597656 0.488281 0.594727 0.492188 0.594727 0.509115 0.595703 0.510417 0.596680 0.514323 0.600586 0.519531 0.600586 0.520833 0.602539 0.523438 0.602539 0.524740 0.607422 0.524740 0.608398 0.523438 0.611328 0.522135 0.613281 0.519531 0.614258 0.519531 0.617188 0.515625 0.618164 0.515625 0.621094 0.511719 0.621094 0.510417 0.623047 0.507812 0.624023 0.507812 0.625000 0.506510 0.625000 0.501302 0.625977 0.500000 0.625977 0.496094 0.625000 0.494792 0.625000 0.492188
0 0.629883 0.485677 0.628906 0.486979 0.628906 0.489583 0.627930 0.490885 0.626953 0.490885 0.626953 0.492188 0.628906 0.489583 0.632812 0.489583 0.633789 0.488281 0.635742 0.490885 0.634766 0.492188 0.632812 0.492188 0.631836 0.493490 0.628906 0.494792 0.628906 0.497396 0.626953 0.500000 0.626953 0.501302 0.625977 0.502604 0.626953 0.503906 0.626953 0.507812 0.625977 0.509115 0.625000 0.513021 0.626953 0.515625 0.626953 0.518229 0.628906 0.520833 0.631836 0.522135 0.633789 0.524740 0.634766 0.524740 0.637695 0.527344 0.639648 0.527344 0.640625 0.528646 0.644531 0.528646 0.645508 0.527344 0.646484 0.527344 0.646484 0.526042 0.653320 0.516927 0.653320 0.515625 0.655273 0.513021 0.655273 0.511719 0.658203 0.505208 0.658203 0.497396 0.656250 0.494792 0.655273 0.494792 0.650391 0.490885 0.647461 0.490885 0.646484 0.489583 0.643555 0.489583 0.641602 0.486979 0.632812 0.486979 0.631836 0.485677
0 0.632812 0.533854 0.629883 0.529948 0.628906 0.529948 0.625977 0.526042 0.625000 0.526042 0.623047 0.523438 0.618164 0.523438 0.617188 0.524740 0.615234 0.524740 0.613281 0.527344 0.610352 0.527344 0.609375 0.528646 0.608398 0.528646 0.607422 0.529948 0.607422 0.532552 0.605469 0.535156 0.604492 0.535156 0.602539 0.537760 0.602539 0.539062 0.603516 0.540365 0.603516 0.541667 0.604492 0.542969 0.604492 0.545573 0.605469 0.546875 0.605469 0.548177 0.606445 0.549479 0.606445 0.550781 0.607422 0.552083 0.608398 0.552083 0.609375 0.553385 0.616211 0.553385 0.617188 0.552083 0.620117 0.552083 0.621094 0.550781 0.623047 0.550781 0.624023 0.549479 0.625000 0.549479 0.629883 0.542969 0.630859 0.542969 0.633789 0.539062 0.633789 0.537760 0.632812 0.536458
0 0.636719 0.537760 0.634766 0.540365 0.634766 0.541667 0.632812 0.544271 0.632812 0.545573 0.630859 0.548177 0.630859 0.549479 0.628906 0.553385 0.631836 0.555990 0.631836 0.557292 0.632812 0.558594 0.632812 0.563802 0.635742 0.567708 0.636719 0.567708 0.638672 0.570312 0.640625 0.570312 0.641602 0.571615 0.642578 0.571615 0.643555 0.572917 0.645508 0.572917 0.646484 0.574219 0.652344 0.574219 0.653320 0.572917 0.655273 0.572917 0.657227 0.570312 0.658203 0.566406 0.662109 0.561198 0.662109 0.559896 0.663086 0.558594 0.663086 0.554688 0.662109 0.553385 0.662109 0.550781 0.661133 0.549479 0.661133 0.546875 0.660156 0.545573 0.660156 0.541667 0.657227 0.537760 0.655273 0.537760 0.654297 0.536458 0.652344 0.536458 0.651367 0.537760 0.648438 0.537760 0.647461 0.536458 0.643555 0.536458 0.642578 0.537760
0 0.662109 0.506510 0.660156 0.506510 0.659180 0.507812 0.658203 0.507812 0.656250 0.510417 0.656250 0.511719 0.654297 0.514323 0.654297 0.515625 0.652344 0.518229 0.652344 0.519531 0.646484 0.527344 0.646484 0.532552 0.648438 0.535156 0.649414 0.535156 0.650391 0.536458 0.651367 0.536458 0.652344 0.535156 0.654297 0.535156 0.655273 0.536458 0.657227 0.536458 0.658203 0.537760 0.662109 0.537760 0.666992 0.531250 0.666992 0.529948 0.667969 0.528646 0.667969 0.526042 0.668945 0.524740 0.668945 0.516927 0.667969 0.515625 0.667969 0.514323 0.666992 0.513021 0.666992 0.511719 0.665039 0.509115 0.664062 0.509115
0 0.601562 0.289062 0.600586 0.289062 0.599609 0.287760 0.597656 0.287760 0.596680 0.289062 0.594727 0.289062 0.592773 0.291667 0.591797 0.291667 0.590820 0.292969 0.587891 0.294271 0.585938 0.296875 0.584961 0.296875 0.580078 0.302083 0.580078 0.303385 0.579102 0.304688 0.579102 0.307292 0.578125 0.308594 0.578125 0.315104 0.577148 0.316406 0.577148 0.320312 0.579102 0.322917 0.579102 0.329427 0.580078 0.330729 0.580078 0.334635 0.583008 0.334635 0.583984 0.333333 0.584961 0.333333 0.586914 0.330729 0.587891 0.330729 0.590820 0.328125 0.592773 0.328125 0.595703 0.325521 0.597656 0.325521 0.598633 0.324219 0.600586 0.324219 0.601562 0.322917 0.602539 0.322917 0.602539 0.321615 0.603516 0.320312 0.603516 0.319010 0.605469 0.315104 0.605469 0.309896 0.606445 0.308594 0.606445 0.304688 0.605469 0.303385 0.605469 0.298177 0.602539 0.294271 0.602539 0.291667 0.601562 0.290365
0 0.611328 0.325521 0.605469 0.325521 0.604492 0.324219 0.602539 0.324219 0.601562 0.325521 0.599609 0.325521 0.596680 0.329427 0.595703 0.329427 0.591797 0.334635 0.591797 0.335938 0.589844 0.339844 0.589844 0.348958 0.590820 0.350260 0.590820 0.354167 0.591797 0.355469 0.591797 0.358073 0.590820 0.359375 0.590820 0.360677 0.591797 0.360677 0.592773 0.361979 0.611328 0.361979 0.616211 0.355469 0.616211 0.354167 0.617188 0.352865 0.617188 0.343750 0.616211 0.342448 0.616211 0.338542 0.615234 0.337240 0.615234 0.334635 0.613281 0.332031 0.613281 0.329427 0.611328 0.326823
0 0.581055 0.367188 0.581055 0.373698 0.582031 0.375000 0.582031 0.376302 0.583984 0.380208 0.583984 0.388021 0.586914 0.391927 0.587891 0.391927 0.590820 0.394531 0.591797 0.394531 0.592773 0.393229 0.597656 0.393229 0.598633 0.391927 0.602539 0.391927 0.604492 0.389323 0.604492 0.388021 0.605469 0.386719 0.605469 0.385417 0.607422 0.381510 0.607422 0.378906 0.608398 0.377604 0.608398 0.375000 0.609375 0.373698 0.609375 0.367188 0.608398 0.365885 0.608398 0.364583 0.607422 0.364583 0.606445 0.363281 0.589844 0.363281 0.588867 0.364583 0.583984 0.364583
0 0.560547 0.372396 0.558594 0.375000 0.558594 0.376302 0.557617 0.377604 0.557617 0.378906 0.555664 0.381510 0.555664 0.382812 0.553711 0.386719 0.553711 0.397135 0.554688 0.398438 0.554688 0.399740 0.555664 0.401042 0.555664 0.402344 0.556641 0.403646 0.556641 0.404948 0.557617 0.404948 0.558594 0.406250 0.561523 0.406250 0.562500 0.404948 0.576172 0.404948 0.577148 0.403646 0.580078 0.403646 0.581055 0.402344 0.581055 0.397135 0.582031 0.395833 0.582031 0.390625 0.583008 0.389323 0.583008 0.380208 0.582031 0.378906 0.582031 0.376302 0.580078 0.373698 0.580078 0.372396 0.579102 0.371094 0.574219 0.371094 0.573242 0.369792 0.565430 0.369792 0.564453 0.371094 0.562500 0.371094 0.561523 0.372396
0 0.556641 0.410156 0.553711 0.414062 0.553711 0.415365 0.551758 0.417969 0.551758 0.419271 0.550781 0.420573 0.550781 0.428385 0.551758 0.429688 0.551758 0.432292 0.552734 0.432292 0.553711 0.433594 0.554688 0.433594 0.555664 0.434896 0.556641 0.434896 0.557617 0.436198 0.559570 0.436198 0.560547 0.437500 0.562500 0.437500 0.563477 0.438802 0.564453 0.438802 0.565430 0.440104 0.566406 0.440104 0.567383 0.441406 0.571289 0.441406 0.575195 0.436198 0.576172 0.436198 0.578125 0.433594 0.578125 0.430990 0.579102 0.429688 0.579102 0.428385 0.578125 0.427083 0.578125 0.421875 0.577148 0.420573 0.577148 0.417969 0.576172 0.416667 0.576172 0.415365 0.575195 0.414062 0.575195 0.412760 0.573242 0.410156 0.572266 0.410156 0.571289 0.408854 0.570312 0.408854 0.569336 0.407552 0.560547 0.407552 0.559570 0.408854 0.558594 0.408854 0.557617 0.410156
0 0.604492 0.397135 0.603516 0.397135 0.602539 0.395833 0.601562 0.395833 0.600586 0.394531 0.595703 0.394531 0.594727 0.395833 0.593750 0.395833 0.592773 0.397135 0.591797 0.397135 0.589844 0.399740 0.588867 0.399740 0.587891 0.401042 0.586914 0.401042 0.582031 0.407552 0.582031 0.423177 0.583008 0.424479 0.583008 0.425781 0.583984 0.427083 0.584961 0.427083 0.585938 0.428385 0.598633 0.428385 0.599609 0.427083 0.601562 0.427083 0.602539 0.425781 0.603516 0.425781 0.605469 0.423177 0.605469 0.421875 0.606445 0.420573 0.607422 0.420573 0.609375 0.417969 0.609375 0.411458 0.608398 0.410156 0.608398 0.406250 0.607422 0.404948 0.607422 0.402344 0.605469 0.399740 0.605469 0.398438
0 0.586914 0.430990 0.584961 0.433594 0.584961 0.434896 0.583008 0.438802 0.583008 0.441406 0.582031 0.442708 0.582031 0.446615 0.583984 0.449219 0.584961 0.449219 0.585938 0.450521 0.588867 0.451823 0.591797 0.455729 0.591797 0.458333 0.592773 0.459635 0.592773 0.462240 0.593750 0.463542 0.595703 0.463542 0.597656 0.466146 0.601562 0.466146 0.602539 0.467448 0.603516 0.466146 0.606445 0.466146 0.607422 0.464844 0.607422 0.462240 0.608398 0.460938 0.608398 0.458333 0.610352 0.455729 0.610352 0.453125 0.611328 0.451823 0.611328 0.450521 0.613281 0.447917 0.613281 0.446615 0.615234 0.444010 0.615234 0.442708 0.616211 0.441406 0.616211 0.437500 0.615234 0.436198 0.615234 0.433594 0.609375 0.428385 0.597656 0.428385 0.596680 0.429688 0.589844 0.429688 0.588867 0.430990
0 0.613281 0.408854 0.613281 0.410156 0.611328 0.412760 0.611328 0.425781 0.612305 0.427083 0.612305 0.428385 0.616211 0.433594 0.616211 0.436198 0.617188 0.437500 0.617188 0.438802 0.619141 0.441406 0.629883 0.441406 0.630859 0.440104 0.632812 0.440104 0.633789 0.438802 0.634766 0.438802 0.634766 0.437500 0.635742 0.436198 0.635742 0.432292 0.634766 0.430990 0.634766 0.427083 0.633789 0.425781 0.633789 0.424479 0.632812 0.423177 0.632812 0.421875 0.629883 0.417969 0.629883 0.416667 0.624023 0.408854 0.622070 0.408854 0.621094 0.407552 0.615234 0.407552 0.614258 0.408854
0 0.645508 0.440104 0.643555 0.440104 0.642578 0.438802 0.641602 0.440104 0.638672 0.440104 0.637695 0.441406 0.634766 0.441406 0.633789 0.442708 0.630859 0.442708 0.629883 0.444010 0.622070 0.444010 0.621094 0.445312 0.620117 0.445312 0.618164 0.447917 0.617188 0.447917 0.617188 0.449219 0.615234 0.451823 0.615234 0.453125 0.613281 0.457031 0.613281 0.464844 0.614258 0.466146 0.614258 0.467448 0.616211 0.470052 0.616211 0.476562 0.618164 0.479167 0.625000 0.479167 0.625977 0.480469 0.634766 0.480469 0.635742 0.479167 0.637695 0.479167 0.638672 0.477865 0.641602 0.476562 0.647461 0.468750 0.647461 0.467448 0.649414 0.464844 0.649414 0.463542 0.650391 0.462240 0.650391 0.455729 0.648438 0.451823 0.648438 0.449219 0.646484 0.445312 0.646484 0.442708 0.645508 0.441406
0 0.609375 0.399740 0.610352 0.399740 0.611328 0.401042 0.612305 0.399740 0.617188 0.399740 0.618164 0.398438 0.619141 0.398438 0.620117 0.399740 0.623047 0.399740 0.624023 0.398438 0.625977 0.398438 0.628906 0.395833 0.630859 0.395833 0.631836 0.394531 0.633789 0.394531 0.634766 0.393229 0.635742 0.393229 0.636719 0.391927 0.639648 0.390625 0.642578 0.386719 0.641602 0.385417 0.641602 0.380208 0.639648 0.376302 0.639648 0.373698 0.638672 0.372396 0.638672 0.371094 0.634766 0.365885 0.632812 0.365885 0.631836 0.364583 0.618164 0.364583 0.617188 0.365885 0.616211 0.365885 0.611328 0.372396 0.611328 0.373698 0.609375 0.377604 0.609375 0.380208 0.608398 0.381510 0.608398 0.390625 0.609375 0.391927
0 0.641602 0.320312 0.632812 0.320312 0.631836 0.319010 0.630859 0.319010 0.629883 0.320312 0.627930 0.320312 0.626953 0.321615 0.625977 0.321615 0.625977 0.322917 0.619141 0.332031 0.619141 0.333333 0.618164 0.334635 0.618164 0.338542 0.619141 0.339844 0.619141 0.343750 0.620117 0.345052 0.620117 0.347656 0.621094 0.348958 0.621094 0.350260 0.622070 0.351562 0.622070 0.352865 0.624023 0.355469 0.626953 0.355469 0.627930 0.356771 0.633789 0.356771 0.634766 0.355469 0.635742 0.355469 0.636719 0.354167 0.637695 0.354167 0.643555 0.346354 0.643555 0.345052 0.645508 0.341146 0.645508 0.337240 0.646484 0.335938 0.646484 0.334635 0.645508 0.333333 0.645508 0.326823 0.644531 0.325521 0.644531 0.324219
0 0.615234 0.298177 0.615234 0.299479 0.614258 0.300781 0.614258 0.303385 0.613281 0.304688 0.613281 0.311198 0.614258 0.312500 0.614258 0.313802 0.615234 0.315104 0.616211 0.315104 0.617188 0.316406 0.619141 0.316406 0.620117 0.317708 0.627930 0.317708 0.628906 0.319010 0.629883 0.319010 0.630859 0.317708 0.636719 0.317708 0.637695 0.319010 0.638672 0.317708 0.641602 0.317708 0.643555 0.315104 0.643555 0.307292 0.642578 0.305990 0.642578 0.302083 0.641602 0.300781 0.641602 0.298177 0.637695 0.292969 0.635742 0.292969 0.634766 0.291667 0.625977 0.291667 0.625000 0.292969 0.623047 0.292969 0.622070 0.294271 0.618164 0.294271
0 0.654297 0.316406 0.649414 0.322917 0.649414 0.324219 0.648438 0.325521 0.648438 0.328125 0.647461 0.329427 0.647461 0.341146 0.648438 0.342448 0.648438 0.343750 0.650391 0.346354 0.651367 0.346354 0.652344 0.347656 0.654297 0.347656 0.655273 0.348958 0.657227 0.348958 0.658203 0.350260 0.659180 0.350260 0.660156 0.351562 0.661133 0.351562 0.662109 0.352865 0.663086 0.351562 0.664062 0.351562 0.665039 0.350260 0.666016 0.350260 0.669922 0.345052 0.669922 0.343750 0.671875 0.341146 0.671875 0.338542 0.672852 0.337240 0.672852 0.335938 0.673828 0.334635 0.673828 0.326823 0.668945 0.320312 0.667969 0.320312 0.666992 0.319010 0.666016 0.319010 0.665039 0.317708 0.663086 0.317708 0.662109 0.316406
0 0.671875 0.283854 0.670898 0.285156 0.668945 0.285156 0.666016 0.289062 0.666016 0.290365 0.664062 0.292969 0.664062 0.294271 0.661133 0.298177 0.661133 0.302083 0.662109 0.303385 0.662109 0.304688 0.661133 0.305990 0.661133 0.311198 0.663086 0.315104 0.664062 0.315104 0.666016 0.317708 0.666992 0.317708 0.669922 0.320312 0.674805 0.320312 0.675781 0.321615 0.677734 0.321615 0.678711 0.320312 0.680664 0.320312 0.681641 0.319010 0.682617 0.319010 0.685547 0.315104 0.685547 0.311198 0.686523 0.309896 0.686523 0.294271 0.685547 0.292969 0.685547 0.290365 0.683594 0.287760 0.682617 0.287760 0.680664 0.285156 0.679688 0.285156 0.678711 0.283854
0 0.686523 0.322917 0.685547 0.324219 0.684570 0.324219 0.684570 0.325521 0.676758 0.335938 0.676758 0.337240 0.675781 0.338542 0.675781 0.339844 0.673828 0.343750 0.673828 0.347656 0.672852 0.348958 0.672852 0.356771 0.673828 0.358073 0.673828 0.359375 0.674805 0.360677 0.674805 0.361979 0.675781 0.361979 0.676758 0.363281 0.684570 0.363281 0.685547 0.364583 0.687500 0.364583 0.688477 0.365885 0.691406 0.365885 0.694336 0.361979 0.694336 0.360677 0.695312 0.359375 0.695312 0.358073 0.697266 0.355469 0.697266 0.354167 0.698242 0.352865 0.698242 0.335938 0.697266 0.334635 0.697266 0.332031 0.696289 0.330729 0.696289 0.329427 0.695312 0.329427 0.693359 0.326823 0.692383 0.326823 0.689453 0.322917
0 0.651367 0.350260 0.650391 0.351562 0.649414 0.351562 0.648438 0.352865 0.647461 0.352865 0.641602 0.360677 0.640625 0.360677 0.639648 0.361979 0.639648 0.364583 0.638672 0.365885 0.638672 0.367188 0.640625 0.371094 0.640625 0.373698 0.641602 0.375000 0.641602 0.377604 0.642578 0.378906 0.642578 0.381510 0.643555 0.382812 0.643555 0.384115 0.644531 0.384115 0.645508 0.385417 0.647461 0.385417 0.648438 0.386719 0.655273 0.386719 0.656250 0.385417 0.658203 0.385417 0.664062 0.377604 0.664062 0.375000 0.665039 0.373698 0.665039 0.368490 0.666016 0.367188 0.666016 0.361979 0.665039 0.360677 0.665039 0.359375 0.664062 0.359375 0.662109 0.356771 0.661133 0.356771 0.660156 0.355469 0.660156 0.354167 0.659180 0.354167 0.658203 0.352865 0.657227 0.352865 0.654297 0.350260
0 0.667969 0.372396 0.667969 0.373698 0.666992 0.375000 0.666992 0.390625 0.667969 0.391927 0.667969 0.394531 0.669922 0.397135 0.676758 0.397135 0.677734 0.398438 0.688477 0.398438 0.689453 0.397135 0.690430 0.397135 0.691406 0.395833 0.692383 0.395833 0.693359 0.394531 0.694336 0.394531 0.696289 0.391927 0.696289 0.381510 0.695312 0.380208 0.695312 0.377604 0.694336 0.376302 0.694336 0.375000 0.690430 0.369792 0.689453 0.369792 0.688477 0.368490 0.687500 0.368490 0.684570 0.365885 0.677734 0.365885 0.676758 0.367188 0.673828 0.367188 0.671875 0.369792 0.670898 0.369792
0 0.660156 0.390625 0.658203 0.390625 0.657227 0.389323 0.652344 0.389323 0.651367 0.390625 0.648438 0.390625 0.647461 0.391927 0.644531 0.391927 0.643555 0.393229 0.641602 0.393229 0.639648 0.395833 0.638672 0.395833 0.629883 0.407552 0.629883 0.408854 0.630859 0.410156 0.630859 0.411458 0.631836 0.412760 0.632812 0.416667 0.634766 0.419271 0.634766 0.420573 0.637695 0.424479 0.638672 0.424479 0.639648 0.425781 0.642578 0.425781 0.643555 0.427083 0.645508 0.427083 0.646484 0.428385 0.648438 0.428385 0.649414 0.427083 0.656250 0.427083 0.657227 0.425781 0.660156 0.425781 0.665039 0.419271 0.665039 0.414062 0.666016 0.412760 0.666016 0.407552 0.665039 0.406250 0.664062 0.402344 0.662109 0.399740 0.662109 0.397135 0.661133 0.395833 0.661133 0.391927
0 0.689453 0.399740 0.682617 0.399740 0.681641 0.401042 0.679688 0.401042 0.678711 0.399740 0.676758 0.399740 0.675781 0.401042 0.673828 0.401042 0.672852 0.402344 0.671875 0.402344 0.667969 0.407552 0.667969 0.411458 0.666992 0.412760 0.666992 0.427083 0.667969 0.428385 0.667969 0.430990 0.670898 0.434896 0.671875 0.434896 0.674805 0.437500 0.676758 0.437500 0.677734 0.438802 0.678711 0.437500 0.682617 0.437500 0.683594 0.436198 0.684570 0.436198 0.686523 0.433594 0.687500 0.433594 0.688477 0.432292 0.689453 0.432292 0.691406 0.429688 0.692383 0.429688 0.695312 0.425781 0.695312 0.420573 0.694336 0.419271 0.694336 0.408854 0.693359 0.407552 0.693359 0.406250 0.692383 0.404948 0.692383 0.403646
0 0.650391 0.428385 0.649414 0.429688 0.648438 0.429688 0.647461 0.430990 0.646484 0.430990 0.644531 0.433594 0.643555 0.433594 0.642578 0.434896 0.642578 0.436198 0.643555 0.437500 0.643555 0.438802 0.644531 0.440104 0.645508 0.440104 0.646484 0.441406 0.646484 0.442708 0.647461 0.444010 0.647461 0.446615 0.648438 0.447917 0.648438 0.450521 0.649414 0.451823 0.649414 0.453125 0.651367 0.455729 0.651367 0.459635 0.652344 0.460938 0.652344 0.463542 0.653320 0.463542 0.654297 0.464844 0.656250 0.464844 0.657227 0.466146 0.658203 0.466146 0.659180 0.464844 0.660156 0.464844 0.661133 0.463542 0.662109 0.463542 0.664062 0.460938 0.664062 0.459635 0.666016 0.457031 0.666016 0.455729 0.666992 0.454427 0.666992 0.451823 0.667969 0.450521 0.667969 0.438802 0.666992 0.437500 0.666992 0.434896 0.665039 0.432292 0.664062 0.432292 0.663086 0.430990 0.662109 0.430990 0.661133 0.429688 0.660156 0.429688 0.659180 0.428385
0 0.658203 0.471354 0.656250 0.473958 0.656250 0.475260 0.655273 0.476562 0.655273 0.479167 0.654297 0.480469 0.654297 0.490885 0.655273 0.492188 0.656250 0.492188 0.659180 0.496094 0.659180 0.498698 0.661133 0.502604 0.662109 0.502604 0.663086 0.503906 0.669922 0.503906 0.670898 0.502604 0.674805 0.502604 0.675781 0.501302 0.676758 0.501302 0.677734 0.500000 0.677734 0.498698 0.683594 0.490885 0.683594 0.488281 0.684570 0.486979 0.684570 0.477865 0.683594 0.476562 0.683594 0.473958 0.682617 0.472656 0.681641 0.472656 0.680664 0.471354 0.678711 0.471354 0.677734 0.470052 0.674805 0.470052 0.673828 0.468750 0.661133 0.468750 0.659180 0.471354
0 0.669922 0.446615 0.669922 0.450521 0.668945 0.451823 0.668945 0.453125 0.667969 0.454427 0.667969 0.455729 0.666992 0.457031 0.666992 0.464844 0.667969 0.466146 0.669922 0.466146 0.670898 0.467448 0.672852 0.467448 0.673828 0.468750 0.676758 0.468750 0.677734 0.470052 0.679688 0.470052 0.680664 0.471354 0.683594 0.471354 0.684570 0.472656 0.685547 0.472656 0.686523 0.471354 0.688477 0.471354 0.689453 0.470052 0.690430 0.470052 0.690430 0.468750 0.691406 0.467448 0.691406 0.466146 0.692383 0.464844 0.692383 0.463542 0.693359 0.462240 0.693359 0.455729 0.692383 0.454427 0.692383 0.453125 0.691406 0.453125 0.690430 0.451823 0.690430 0.450521 0.688477 0.447917 0.685547 0.447917 0.684570 0.446615 0.681641 0.446615 0.680664 0.445312 0.678711 0.445312 0.677734 0.444010 0.676758 0.444010 0.675781 0.445312 0.672852 0.445312 0.671875 0.446615
0 0.700195 0.466146 0.699219 0.467448 0.698242 0.467448 0.697266 0.468750 0.695312 0.468750 0.694336 0.470052 0.693359 0.470052 0.690430 0.472656 0.690430 0.473958 0.688477 0.476562 0.688477 0.477865 0.687500 0.479167 0.687500 0.490885 0.689453 0.493490 0.689453 0.494792 0.694336 0.501302 0.697266 0.501302 0.698242 0.502604 0.706055 0.502604 0.708984 0.500000 0.708984 0.498698 0.710938 0.496094 0.710938 0.494792 0.712891 0.492188 0.712891 0.490885 0.714844 0.488281 0.714844 0.486979 0.715820 0.485677 0.715820 0.483073 0.714844 0.481771 0.714844 0.479167 0.713867 0.477865 0.713867 0.476562 0.711914 0.473958 0.711914 0.472656 0.710938 0.471354 0.710938 0.470052 0.708984 0.467448 0.708008 0.467448 0.707031 0.466146
0 0.674805 0.522135 0.674805 0.527344 0.676758 0.527344 0.678711 0.529948 0.680664 0.537760 0.683594 0.541667 0.685547 0.541667 0.686523 0.542969 0.688477 0.542969 0.689453 0.544271 0.691406 0.544271 0.692383 0.545573 0.694336 0.545573 0.695312 0.544271 0.700195 0.544271 0.703125 0.541667 0.705078 0.541667 0.706055 0.540365 0.707031 0.540365 0.709961 0.536458 0.710938 0.536458 0.711914 0.535156 0.714844 0.535156 0.716797 0.532552 0.716797 0.531250 0.717773 0.529948 0.717773 0.520833 0.714844 0.516927 0.713867 0.516927 0.709961 0.511719 0.708008 0.511719 0.707031 0.510417 0.706055 0.510417 0.705078 0.509115 0.703125 0.509115 0.700195 0.506510 0.692383 0.506510 0.689453 0.509115 0.685547 0.509115 0.684570 0.510417 0.683594 0.510417 0.681641 0.513021 0.680664 0.516927 0.678711 0.519531 0.677734 0.519531
0 0.689453 0.552083 0.689453 0.553385 0.687500 0.555990 0.687500 0.562500 0.686523 0.563802 0.686523 0.565104 0.687500 0.566406 0.687500 0.567708 0.690430 0.571615 0.691406 0.571615 0.699219 0.582031 0.700195 0.582031 0.701172 0.583333 0.702148 0.583333 0.705078 0.585938 0.706055 0.584635 0.708984 0.584635 0.709961 0.583333 0.711914 0.583333 0.712891 0.582031 0.714844 0.582031 0.715820 0.580729 0.716797 0.580729 0.718750 0.578125 0.718750 0.576823 0.719727 0.575521 0.719727 0.571615 0.720703 0.570312 0.720703 0.565104 0.719727 0.563802 0.719727 0.562500 0.718750 0.561198 0.717773 0.557292 0.715820 0.554688 0.714844 0.550781 0.712891 0.548177 0.711914 0.548177 0.710938 0.546875 0.698242 0.546875 0.697266 0.548177 0.693359 0.548177 0.692383 0.549479 0.691406 0.549479
0 0.662109 0.562500 0.661133 0.563802 0.661133 0.565104 0.658203 0.569010 0.658203 0.570312 0.656250 0.572917 0.656250 0.580729 0.659180 0.584635 0.660156 0.584635 0.666016 0.592448 0.666992 0.592448 0.669922 0.595052 0.671875 0.595052 0.672852 0.596354 0.673828 0.596354 0.676758 0.598958 0.678711 0.598958 0.679688 0.597656 0.681641 0.597656 0.683594 0.595052 0.683594 0.592448 0.684570 0.591146 0.684570 0.576823 0.683594 0.575521 0.683594 0.574219 0.681641 0.571615 0.681641 0.570312 0.680664 0.569010 0.680664 0.567708 0.679688 0.566406 0.679688 0.565104 0.676758 0.561198 0.674805 0.561198 0.673828 0.559896 0.670898 0.559896 0.669922 0.558594 0.668945 0.558594 0.667969 0.559896 0.666016 0.559896 0.665039 0.561198 0.664062 0.561198 0.663086 0.562500
0 0.694336 0.578125 0.689453 0.578125 0.688477 0.579427 0.686523 0.579427 0.686523 0.585938 0.685547 0.587240 0.685547 0.591146 0.684570 0.592448 0.684570 0.593750 0.680664 0.598958 0.678711 0.598958 0.677734 0.600260 0.677734 0.602865 0.678711 0.604167 0.678711 0.605469 0.682617 0.610677 0.682617 0.611979 0.685547 0.615885 0.690430 0.615885 0.693359 0.613281 0.695312 0.613281 0.696289 0.611979 0.697266 0.611979 0.703125 0.604167 0.703125 0.602865 0.704102 0.601562 0.704102 0.597656 0.705078 0.596354 0.705078 0.592448 0.704102 0.591146 0.704102 0.587240 0.701172 0.583333 0.700195 0.583333 0.699219 0.582031 0.698242 0.582031 0.696289 0.579427 0.695312 0.579427
0 0.706055 0.600260 0.705078 0.601562 0.705078 0.604167 0.704102 0.605469 0.704102 0.606771 0.702148 0.609375 0.702148 0.621094 0.703125 0.622396 0.703125 0.623698 0.705078 0.626302 0.707031 0.626302 0.708008 0.627604 0.709961 0.627604 0.710938 0.628906 0.712891 0.628906 0.713867 0.630208 0.714844 0.630208 0.715820 0.631510 0.717773 0.631510 0.718750 0.632812 0.720703 0.632812 0.720703 0.631510 0.728516 0.621094 0.728516 0.619792 0.731445 0.615885 0.732422 0.615885 0.733398 0.614583 0.733398 0.613281 0.734375 0.611979 0.734375 0.610677 0.733398 0.609375 0.733398 0.608073 0.732422 0.606771 0.732422 0.605469 0.730469 0.602865 0.723633 0.602865 0.722656 0.601562 0.719727 0.601562 0.716797 0.598958 0.708008 0.598958 0.707031 0.600260
0 0.702148 0.631510 0.701172 0.632812 0.701172 0.635417 0.700195 0.636719 0.700195 0.638021 0.701172 0.639323 0.701172 0.643229 0.697266 0.648438 0.697266 0.651042 0.696289 0.652344 0.696289 0.657552 0.695312 0.658854 0.695312 0.664062 0.696289 0.665365 0.698242 0.665365 0.699219 0.666667 0.704102 0.666667 0.705078 0.667969 0.707031 0.667969 0.708008 0.669271 0.711914 0.669271 0.712891 0.670573 0.717773 0.670573 0.718750 0.669271 0.720703 0.669271 0.722656 0.666667 0.722656 0.665365 0.723633 0.664062 0.723633 0.661458 0.724609 0.660156 0.724609 0.656250 0.725586 0.654948 0.725586 0.644531 0.724609 0.643229 0.724609 0.641927 0.718750 0.634115 0.717773 0.634115 0.716797 0.632812 0.713867 0.632812 0.712891 0.631510
0 0.700195 0.686198 0.694336 0.694010 0.694336 0.695312 0.691406 0.699219 0.691406 0.700521 0.689453 0.704427 0.689453 0.709635 0.690430 0.710938 0.691406 0.710938 0.696289 0.718750 0.697266 0.718750 0.699219 0.721354 0.700195 0.721354 0.705078 0.726562 0.706055 0.726562 0.707031 0.727865 0.708984 0.727865 0.709961 0.729167 0.711914 0.729167 0.716797 0.733073 0.719727 0.733073 0.720703 0.734375 0.724609 0.734375 0.727539 0.730469 0.727539 0.729167 0.728516 0.727865 0.728516 0.725260 0.729492 0.723958 0.729492 0.721354 0.730469 0.720052 0.730469 0.716146 0.731445 0.714844 0.731445 0.709635 0.724609 0.699219 0.723633 0.699219 0.722656 0.697917 0.720703 0.697917 0.717773 0.694010 0.716797 0.694010 0.711914 0.688802 0.710938 0.688802 0.708008 0.686198
0 0.729492 0.657552 0.723633 0.665365 0.723633 0.666667 0.719727 0.671875 0.718750 0.671875 0.717773 0.673177 0.717773 0.675781 0.720703 0.679688 0.720703 0.680990 0.722656 0.683594 0.722656 0.686198 0.721680 0.687500 0.721680 0.688802 0.724609 0.692708 0.725586 0.696615 0.727539 0.699219 0.728516 0.699219 0.729492 0.700521 0.731445 0.700521 0.732422 0.701823 0.734375 0.701823 0.735352 0.703125 0.738281 0.703125 0.739258 0.704427 0.741211 0.701823 0.741211 0.700521 0.748047 0.692708 0.748047 0.690104 0.750000 0.686198 0.750000 0.674479 0.749023 0.673177 0.749023 0.670573 0.744141 0.664062 0.743164 0.664062 0.739258 0.658854 0.737305 0.658854 0.736328 0.657552
0 0.750977 0.671875 0.750000 0.673177 0.750000 0.674479 0.750977 0.675781 0.750977 0.684896 0.750000 0.686198 0.750000 0.688802 0.749023 0.690104 0.749023 0.691406 0.747070 0.694010 0.747070 0.695312 0.742188 0.701823 0.741211 0.701823 0.739258 0.704427 0.738281 0.704427 0.741211 0.708333 0.742188 0.708333 0.745117 0.710938 0.747070 0.710938 0.748047 0.712240 0.750000 0.712240 0.750977 0.713542 0.755859 0.713542 0.757812 0.710938 0.758789 0.710938 0.761719 0.707031 0.761719 0.705729 0.765625 0.700521 0.765625 0.699219 0.767578 0.695312 0.767578 0.692708 0.769531 0.690104 0.769531 0.687500 0.770508 0.686198 0.770508 0.683594 0.769531 0.683594 0.765625 0.678385 0.763672 0.678385 0.762695 0.677083 0.761719 0.677083 0.759766 0.674479 0.757812 0.674479 0.756836 0.673177 0.753906 0.673177 0.752930 0.671875
0 0.762695 0.652344 0.761719 0.653646 0.761719 0.654948 0.758789 0.657552 0.758789 0.662760 0.759766 0.664062 0.759766 0.665365 0.760742 0.664062 0.761719 0.664062 0.761719 0.662760 0.762695 0.661458 0.763672 0.662760 0.763672 0.673177 0.768555 0.679688 0.769531 0.679688 0.771484 0.682292 0.772461 0.686198 0.779297 0.695312 0.780273 0.695312 0.781250 0.696615 0.784180 0.696615 0.785156 0.695312 0.787109 0.695312 0.790039 0.691406 0.790039 0.690104 0.791016 0.688802 0.791016 0.686198 0.791992 0.684896 0.791992 0.678385 0.791016 0.677083 0.791016 0.675781 0.790039 0.674479 0.790039 0.671875 0.789062 0.670573 0.789062 0.669271 0.788086 0.667969 0.788086 0.666667 0.787109 0.665365 0.787109 0.664062 0.784180 0.657552 0.784180 0.654948 0.783203 0.653646 0.781250 0.653646 0.780273 0.652344 0.775391 0.652344 0.772461 0.649740 0.766602 0.649740 0.765625 0.651042
0 0.729492 0.623698 0.725586 0.628906 0.725586 0.639323 0.726562 0.640625 0.726562 0.647135 0.728516 0.651042 0.729492 0.651042 0.732422 0.653646 0.734375 0.653646 0.735352 0.654948 0.737305 0.654948 0.738281 0.656250 0.741211 0.656250 0.742188 0.657552 0.745117 0.657552 0.746094 0.658854 0.748047 0.658854 0.749023 0.657552 0.750977 0.657552 0.756836 0.649740 0.756836 0.648438 0.758789 0.644531 0.758789 0.630208 0.757812 0.628906 0.757812 0.627604 0.755859 0.625000 0.754883 0.625000 0.753906 0.623698 0.751953 0.623698 0.749023 0.621094 0.742188 0.621094 0.741211 0.619792 0.739258 0.619792 0.738281 0.621094 0.735352 0.621094 0.734375 0.622396 0.731445 0.622396 0.730469 0.623698
0 0.773438 0.615885 0.772461 0.617188 0.772461 0.619792 0.773438 0.621094 0.769531 0.626302 0.767578 0.626302 0.764648 0.628906 0.764648 0.631510 0.762695 0.635417 0.762695 0.638021 0.763672 0.639323 0.763672 0.640625 0.766602 0.644531 0.766602 0.645833 0.767578 0.645833 0.768555 0.647135 0.774414 0.647135 0.775391 0.648438 0.779297 0.648438 0.780273 0.649740 0.782227 0.649740 0.783203 0.651042 0.785156 0.651042 0.786133 0.652344 0.787109 0.651042 0.788086 0.651042 0.790039 0.648438 0.790039 0.647135 0.791016 0.645833 0.791016 0.643229 0.791992 0.641927 0.791992 0.639323 0.792969 0.638021 0.792969 0.635417 0.793945 0.634115 0.793945 0.622396 0.792969 0.621094 0.786133 0.621094 0.785156 0.619792 0.784180 0.619792 0.782227 0.617188 0.780273 0.617188 0.779297 0.615885
0 0.736328 0.580729 0.735352 0.582031 0.735352 0.585938 0.734375 0.587240 0.734375 0.588542 0.733398 0.589844 0.733398 0.591146 0.731445 0.593750 0.731445 0.597656 0.730469 0.598958 0.730469 0.600260 0.734375 0.605469 0.734375 0.608073 0.735352 0.609375 0.735352 0.611979 0.740234 0.618490 0.745117 0.618490 0.746094 0.619792 0.754883 0.619792 0.758789 0.611979 0.758789 0.605469 0.759766 0.604167 0.759766 0.597656 0.758789 0.596354 0.758789 0.593750 0.756836 0.591146 0.756836 0.589844 0.755859 0.588542 0.755859 0.587240 0.754883 0.587240 0.751953 0.583333 0.750977 0.583333 0.750000 0.582031 0.747070 0.582031 0.746094 0.580729
0 0.794922 0.635417 0.794922 0.641927 0.793945 0.643229 0.793945 0.645833 0.792969 0.647135 0.792969 0.648438 0.795898 0.652344 0.795898 0.653646 0.796875 0.653646 0.797852 0.654948 0.799805 0.654948 0.800781 0.656250 0.802734 0.656250 0.805664 0.658854 0.809570 0.658854 0.810547 0.660156 0.816406 0.660156 0.817383 0.658854 0.823242 0.658854 0.824219 0.657552 0.826172 0.657552 0.827148 0.656250 0.829102 0.656250 0.829102 0.654948 0.830078 0.653646 0.830078 0.648438 0.829102 0.647135 0.829102 0.640625 0.828125 0.639323 0.827148 0.635417 0.823242 0.628906 0.822266 0.628906 0.818359 0.623698 0.817383 0.623698 0.816406 0.622396 0.813477 0.622396 0.812500 0.621094 0.809570 0.621094 0.808594 0.622396 0.805664 0.622396 0.803711 0.625000 0.802734 0.625000 0.800781 0.627604 0.800781 0.628906 0.799805 0.630208 0.796875 0.631510
0 0.803711 0.588542 0.800781 0.588542 0.799805 0.589844 0.797852 0.589844 0.796875 0.591146 0.795898 0.591146 0.794922 0.592448 0.793945 0.592448 0.791992 0.595052 0.791992 0.596354 0.791016 0.597656 0.791016 0.600260 0.791992 0.601562 0.791992 0.604167 0.792969 0.605469 0.792969 0.609375 0.793945 0.610677 0.793945 0.619792 0.794922 0.621094 0.794922 0.622396 0.796875 0.625000 0.801758 0.625000 0.804688 0.621094 0.805664 0.621094 0.806641 0.619792 0.807617 0.619792 0.808594 0.618490 0.808594 0.605469 0.807617 0.604167 0.807617 0.592448 0.805664 0.589844 0.804688 0.589844
0 0.810547 0.598958 0.810547 0.608073 0.811523 0.609375 0.811523 0.615885 0.812500 0.617188 0.813477 0.617188 0.815430 0.619792 0.818359 0.621094 0.821289 0.625000 0.824219 0.625000 0.825195 0.626302 0.829102 0.626302 0.830078 0.625000 0.833984 0.625000 0.834961 0.623698 0.837891 0.622396 0.839844 0.619792 0.840820 0.619792 0.841797 0.618490 0.844727 0.617188 0.844727 0.615885 0.845703 0.614583 0.845703 0.608073 0.846680 0.606771 0.846680 0.604167 0.845703 0.602865 0.845703 0.598958 0.844727 0.597656 0.844727 0.596354 0.842773 0.596354 0.841797 0.595052 0.836914 0.595052 0.835938 0.593750 0.825195 0.593750 0.824219 0.595052 0.814453 0.595052 0.813477 0.596354 0.812500 0.596354
0 0.778320 0.555990 0.776367 0.558594 0.776367 0.561198 0.774414 0.563802 0.774414 0.565104 0.776367 0.565104 0.777344 0.563802 0.778320 0.563802 0.779297 0.565104 0.779297 0.575521 0.780273 0.576823 0.780273 0.583333 0.779297 0.584635 0.779297 0.585938 0.780273 0.587240 0.780273 0.589844 0.781250 0.589844 0.782227 0.591146 0.785156 0.591146 0.787109 0.593750 0.788086 0.593750 0.789062 0.595052 0.791016 0.595052 0.792969 0.592448 0.793945 0.592448 0.797852 0.587240 0.798828 0.587240 0.802734 0.582031 0.802734 0.580729 0.803711 0.579427 0.803711 0.572917 0.798828 0.566406 0.797852 0.566406 0.795898 0.563802 0.794922 0.563802 0.793945 0.562500 0.792969 0.562500 0.791016 0.559896 0.790039 0.559896 0.789062 0.558594 0.788086 0.558594 0.787109 0.557292 0.786133 0.557292 0.783203 0.554688 0.781250 0.554688 0.780273 0.555990
0 0.805664 0.569010 0.805664 0.580729 0.807617 0.584635 0.807617 0.587240 0.810547 0.591146 0.811523 0.591146 0.812500 0.592448 0.814453 0.592448 0.815430 0.593750 0.824219 0.593750 0.825195 0.592448 0.831055 0.592448 0.832031 0.591146 0.833984 0.591146 0.834961 0.589844 0.836914 0.589844 0.837891 0.588542 0.838867 0.588542 0.839844 0.587240 0.842773 0.585938 0.843750 0.584635 0.843750 0.582031 0.844727 0.580729 0.844727 0.579427 0.843750 0.578125 0.843750 0.575521 0.841797 0.572917 0.841797 0.571615 0.837891 0.566406 0.836914 0.566406 0.835938 0.565104 0.834961 0.565104 0.833984 0.563802 0.833008 0.563802 0.832031 0.562500 0.829102 0.561198 0.827148 0.558594 0.826172 0.558594 0.821289 0.554688 0.814453 0.554688 0.810547 0.559896 0.810547 0.561198 0.808594 0.563802 0.808594 0.565104
0 0.844727 0.563802 0.842773 0.566406 0.842773 0.567708 0.841797 0.569010 0.842773 0.570312 0.842773 0.571615 0.844727 0.574219 0.844727 0.576823 0.845703 0.578125 0.845703 0.596354 0.846680 0.597656 0.846680 0.598958 0.847656 0.600260 0.847656 0.601562 0.848633 0.601562 0.849609 0.602865 0.856445 0.602865 0.857422 0.601562 0.859375 0.601562 0.863281 0.596354 0.863281 0.595052 0.864258 0.593750 0.864258 0.591146 0.865234 0.589844 0.865234 0.579427 0.864258 0.578125 0.864258 0.575521 0.863281 0.574219 0.863281 0.571615 0.862305 0.570312 0.862305 0.569010 0.860352 0.566406 0.859375 0.566406 0.858398 0.565104 0.855469 0.565104 0.854492 0.563802
0 0.742188 0.539062 0.742188 0.546875 0.741211 0.548177 0.741211 0.552083 0.740234 0.553385 0.740234 0.561198 0.741211 0.562500 0.741211 0.563802 0.744141 0.567708 0.745117 0.567708 0.746094 0.569010 0.749023 0.569010 0.750000 0.570312 0.752930 0.570312 0.753906 0.569010 0.757812 0.569010 0.758789 0.567708 0.760742 0.567708 0.761719 0.566406 0.763672 0.566406 0.764648 0.565104 0.766602 0.565104 0.767578 0.563802 0.768555 0.563802 0.769531 0.562500 0.769531 0.559896 0.771484 0.555990 0.771484 0.553385 0.772461 0.552083 0.772461 0.550781 0.773438 0.549479 0.773438 0.546875 0.774414 0.545573 0.774414 0.542969 0.772461 0.540365 0.772461 0.539062 0.770508 0.536458 0.769531 0.536458 0.768555 0.535156 0.766602 0.535156 0.765625 0.533854 0.756836 0.533854 0.755859 0.532552 0.750977 0.532552 0.750000 0.533854 0.748047 0.533854 0.747070 0.535156 0.744141 0.536458
0 0.720703 0.526042 0.720703 0.527344 0.718750 0.529948 0.718750 0.531250 0.717773 0.532552 0.717773 0.533854 0.715820 0.537760 0.715820 0.546875 0.714844 0.548177 0.715820 0.549479 0.715820 0.552083 0.717773 0.554688 0.717773 0.555990 0.719727 0.558594 0.719727 0.559896 0.720703 0.561198 0.720703 0.562500 0.721680 0.562500 0.722656 0.563802 0.736328 0.563802 0.738281 0.559896 0.738281 0.555990 0.739258 0.554688 0.739258 0.552083 0.740234 0.550781 0.740234 0.548177 0.741211 0.546875 0.741211 0.537760 0.740234 0.536458 0.740234 0.535156 0.736328 0.529948 0.735352 0.529948 0.734375 0.528646 0.733398 0.528646 0.731445 0.526042 0.726562 0.526042 0.725586 0.524740 0.724609 0.524740 0.723633 0.526042
0 0.719727 0.484375 0.718750 0.485677 0.718750 0.486979 0.716797 0.489583 0.715820 0.493490 0.713867 0.496094 0.713867 0.503906 0.712891 0.505208 0.712891 0.507812 0.716797 0.513021 0.717773 0.516927 0.718750 0.516927 0.721680 0.519531 0.723633 0.519531 0.724609 0.520833 0.727539 0.520833 0.728516 0.522135 0.741211 0.522135 0.743164 0.519531 0.744141 0.519531 0.747070 0.516927 0.747070 0.515625 0.748047 0.514323 0.748047 0.510417 0.749023 0.509115 0.749023 0.497396 0.748047 0.496094 0.748047 0.492188 0.744141 0.486979 0.741211 0.485677 0.736328 0.480469 0.731445 0.480469 0.730469 0.481771 0.724609 0.481771 0.723633 0.483073 0.721680 0.483073 0.720703 0.484375
0 0.765625 0.501302 0.763672 0.503906 0.763672 0.507812 0.762695 0.509115 0.762695 0.510417 0.761719 0.511719 0.761719 0.513021 0.759766 0.516927 0.759766 0.519531 0.758789 0.520833 0.758789 0.523438 0.759766 0.524740 0.759766 0.526042 0.760742 0.527344 0.760742 0.528646 0.761719 0.528646 0.762695 0.529948 0.763672 0.529948 0.766602 0.532552 0.770508 0.532552 0.771484 0.533854 0.780273 0.533854 0.781250 0.535156 0.783203 0.535156 0.784180 0.533854 0.785156 0.533854 0.786133 0.532552 0.786133 0.515625 0.785156 0.514323 0.785156 0.510417 0.784180 0.509115 0.784180 0.507812 0.782227 0.505208 0.779297 0.505208 0.778320 0.503906 0.774414 0.503906 0.773438 0.502604 0.771484 0.502604 0.770508 0.501302
0 0.762695 0.481771 0.762695 0.483073 0.763672 0.484375 0.763672 0.485677 0.764648 0.486979 0.764648 0.494792 0.765625 0.496094 0.766602 0.496094 0.767578 0.497396 0.769531 0.497396 0.770508 0.498698 0.771484 0.498698 0.772461 0.500000 0.773438 0.500000 0.774414 0.501302 0.776367 0.501302 0.777344 0.502604 0.779297 0.502604 0.780273 0.503906 0.785156 0.503906 0.787109 0.501302 0.787109 0.500000 0.790039 0.496094 0.790039 0.494792 0.791992 0.492188 0.791992 0.486979 0.791016 0.485677 0.791016 0.484375 0.790039 0.483073 0.789062 0.483073 0.787109 0.480469 0.763672 0.480469
0 0.789062 0.500000 0.789062 0.501302 0.788086 0.502604 0.788086 0.509115 0.789062 0.510417 0.789062 0.514323 0.790039 0.515625 0.790039 0.516927 0.791992 0.519531 0.793945 0.519531 0.794922 0.520833 0.795898 0.520833 0.801758 0.528646 0.802734 0.528646 0.804688 0.531250 0.813477 0.531250 0.814453 0.529948 0.815430 0.529948 0.816406 0.528646 0.819336 0.527344 0.821289 0.524740 0.821289 0.523438 0.822266 0.522135 0.822266 0.513021 0.821289 0.511719 0.821289 0.509115 0.820312 0.507812 0.820312 0.506510 0.819336 0.505208 0.818359 0.501302 0.815430 0.497396 0.813477 0.497396 0.812500 0.496094 0.811523 0.496094 0.809570 0.493490 0.807617 0.493490 0.806641 0.492188 0.800781 0.492188 0.799805 0.490885 0.798828 0.490885 0.797852 0.492188 0.796875 0.492188 0.794922 0.494792 0.791992 0.496094
0 0.792969 0.528646 0.791992 0.529948 0.791016 0.529948 0.788086 0.533854 0.787109 0.533854 0.781250 0.541667 0.781250 0.549479 0.783203 0.553385 0.785156 0.553385 0.786133 0.554688 0.787109 0.554688 0.788086 0.555990 0.789062 0.555990 0.791016 0.558594 0.791992 0.558594 0.793945 0.561198 0.794922 0.561198 0.796875 0.563802 0.797852 0.563802 0.798828 0.565104 0.799805 0.565104 0.801758 0.567708 0.803711 0.567708 0.806641 0.565104 0.806641 0.563802 0.809570 0.559896 0.809570 0.558594 0.811523 0.555990 0.811523 0.553385 0.812500 0.552083 0.812500 0.541667 0.811523 0.540365 0.811523 0.539062 0.809570 0.535156 0.808594 0.535156 0.807617 0.533854 0.805664 0.533854 0.803711 0.531250 0.802734 0.531250 0.801758 0.529948 0.799805 0.529948 0.798828 0.528646
0 0.822266 0.524740 0.821289 0.526042 0.821289 0.527344 0.817383 0.532552 0.816406 0.532552 0.816406 0.533854 0.814453 0.537760 0.814453 0.544271 0.815430 0.545573 0.815430 0.546875 0.816406 0.548177 0.816406 0.549479 0.817383 0.549479 0.820312 0.553385 0.822266 0.553385 0.823242 0.554688 0.824219 0.554688 0.825195 0.555990 0.826172 0.555990 0.829102 0.559896 0.830078 0.559896 0.833008 0.562500 0.834961 0.562500 0.835938 0.563802 0.839844 0.563802 0.840820 0.562500 0.841797 0.562500 0.842773 0.561198 0.842773 0.559896 0.844727 0.555990 0.844727 0.552083 0.845703 0.550781 0.845703 0.540365 0.844727 0.539062 0.844727 0.535156 0.842773 0.532552 0.839844 0.532552 0.838867 0.531250 0.837891 0.531250 0.835938 0.528646 0.834961 0.528646 0.833984 0.527344 0.833008 0.527344 0.830078 0.524740
0 0.768555 0.450521 0.768555 0.451823 0.767578 0.453125 0.767578 0.470052 0.769531 0.472656 0.769531 0.473958 0.772461 0.476562 0.776367 0.476562 0.777344 0.477865 0.781250 0.477865 0.782227 0.476562 0.785156 0.479167 0.791992 0.479167 0.792969 0.477865 0.794922 0.477865 0.796875 0.475260 0.797852 0.475260 0.797852 0.473958 0.799805 0.471354 0.799805 0.470052 0.801758 0.466146 0.801758 0.455729 0.800781 0.454427 0.800781 0.447917 0.797852 0.444010 0.795898 0.444010 0.794922 0.442708 0.790039 0.442708 0.789062 0.441406 0.782227 0.441406 0.781250 0.442708 0.780273 0.442708 0.779297 0.444010 0.778320 0.444010 0.777344 0.445312 0.776367 0.445312 0.773438 0.447917 0.771484 0.447917
0 0.754883 0.444010 0.753906 0.445312 0.747070 0.445312 0.743164 0.450521 0.742188 0.450521 0.742188 0.451823 0.741211 0.453125 0.741211 0.454427 0.740234 0.455729 0.740234 0.463542 0.739258 0.464844 0.739258 0.466146 0.740234 0.467448 0.740234 0.471354 0.742188 0.473958 0.743164 0.473958 0.744141 0.475260 0.745117 0.475260 0.746094 0.476562 0.747070 0.476562 0.748047 0.477865 0.750000 0.477865 0.750977 0.479167 0.758789 0.479167 0.763672 0.472656 0.763672 0.471354 0.764648 0.470052 0.764648 0.468750 0.765625 0.467448 0.765625 0.462240 0.766602 0.460938 0.766602 0.459635 0.765625 0.458333 0.765625 0.454427 0.764648 0.453125 0.764648 0.451823 0.760742 0.446615 0.759766 0.446615 0.758789 0.445312 0.755859 0.445312
0 0.722656 0.421875 0.717773 0.421875 0.716797 0.423177 0.714844 0.423177 0.713867 0.424479 0.711914 0.424479 0.710938 0.425781 0.709961 0.425781 0.707031 0.428385 0.707031 0.429688 0.711914 0.434896 0.710938 0.436198 0.710938 0.440104 0.709961 0.441406 0.709961 0.445312 0.710938 0.446615 0.710938 0.453125 0.709961 0.454427 0.709961 0.455729 0.707031 0.459635 0.708984 0.459635 0.709961 0.460938 0.714844 0.460938 0.715820 0.459635 0.720703 0.459635 0.721680 0.458333 0.727539 0.458333 0.730469 0.455729 0.732422 0.455729 0.737305 0.450521 0.737305 0.446615 0.738281 0.445312 0.737305 0.444010 0.737305 0.441406 0.733398 0.436198 0.732422 0.432292 0.727539 0.425781 0.724609 0.424479
0 0.739258 0.453125 0.738281 0.451823 0.736328 0.451823 0.733398 0.455729 0.732422 0.455729 0.730469 0.458333 0.729492 0.458333 0.728516 0.459635 0.726562 0.459635 0.725586 0.460938 0.723633 0.460938 0.722656 0.462240 0.719727 0.462240 0.718750 0.463542 0.716797 0.463542 0.715820 0.464844 0.711914 0.464844 0.711914 0.467448 0.712891 0.468750 0.712891 0.472656 0.714844 0.475260 0.714844 0.476562 0.716797 0.479167 0.727539 0.479167 0.728516 0.477865 0.731445 0.477865 0.732422 0.476562 0.733398 0.476562 0.737305 0.471354 0.737305 0.470052 0.738281 0.468750 0.738281 0.462240 0.739258 0.460938
0 0.725586 0.408854 0.724609 0.410156 0.724609 0.411458 0.723633 0.412760 0.723633 0.415365 0.721680 0.417969 0.721680 0.419271 0.722656 0.420573 0.723633 0.420573 0.727539 0.425781 0.728516 0.425781 0.735352 0.434896 0.736328 0.434896 0.737305 0.436198 0.745117 0.436198 0.749023 0.430990 0.749023 0.429688 0.750000 0.428385 0.750000 0.427083 0.750977 0.425781 0.750977 0.424479 0.751953 0.423177 0.751953 0.421875 0.752930 0.420573 0.752930 0.419271 0.753906 0.417969 0.752930 0.416667 0.752930 0.415365 0.751953 0.414062 0.751953 0.412760 0.750977 0.411458 0.749023 0.411458 0.748047 0.410156 0.736328 0.410156 0.735352 0.408854 0.729492 0.408854 0.728516 0.407552 0.727539 0.407552 0.726562 0.408854
0 0.772461 0.404948 0.771484 0.404948 0.770508 0.403646 0.765625 0.403646 0.764648 0.402344 0.754883 0.402344 0.753906 0.403646 0.750977 0.403646 0.750000 0.404948 0.749023 0.404948 0.747070 0.407552 0.747070 0.408854 0.749023 0.408854 0.752930 0.414062 0.752930 0.415365 0.753906 0.416667 0.753906 0.420573 0.751953 0.423177 0.751953 0.425781 0.750977 0.427083 0.750977 0.429688 0.751953 0.430990 0.752930 0.430990 0.753906 0.432292 0.753906 0.433594 0.754883 0.434896 0.755859 0.434896 0.756836 0.433594 0.759766 0.433594 0.761719 0.430990 0.762695 0.430990 0.764648 0.428385 0.765625 0.428385 0.768555 0.424479 0.768555 0.423177 0.772461 0.417969 0.772461 0.416667 0.773438 0.415365 0.773438 0.406250
0 0.724609 0.372396 0.721680 0.376302 0.720703 0.376302 0.717773 0.378906 0.712891 0.378906 0.711914 0.380208 0.708984 0.380208 0.708008 0.381510 0.704102 0.381510 0.703125 0.382812 0.701172 0.382812 0.700195 0.384115 0.700195 0.385417 0.698242 0.389323 0.698242 0.394531 0.697266 0.395833 0.697266 0.398438 0.698242 0.399740 0.698242 0.402344 0.699219 0.403646 0.699219 0.404948 0.701172 0.408854 0.701172 0.411458 0.704102 0.415365 0.708984 0.415365 0.709961 0.416667 0.713867 0.416667 0.714844 0.417969 0.717773 0.417969 0.718750 0.416667 0.719727 0.416667 0.721680 0.414062 0.721680 0.412760 0.722656 0.411458 0.722656 0.408854 0.724609 0.404948 0.724609 0.402344 0.726562 0.398438 0.726562 0.394531 0.727539 0.393229 0.727539 0.384115 0.726562 0.382812 0.726562 0.377604 0.725586 0.376302
0 0.727539 0.372396 0.728516 0.373698 0.728516 0.378906 0.729492 0.380208 0.729492 0.384115 0.728516 0.385417 0.728516 0.393229 0.730469 0.397135 0.731445 0.397135 0.732422 0.398438 0.755859 0.398438 0.756836 0.397135 0.758789 0.397135 0.759766 0.395833 0.759766 0.394531 0.760742 0.393229 0.760742 0.389323 0.759766 0.388021 0.759766 0.382812 0.757812 0.378906 0.757812 0.376302 0.754883 0.372396 0.753906 0.372396 0.752930 0.371094 0.750977 0.371094 0.750000 0.369792 0.745117 0.369792 0.744141 0.368490 0.739258 0.368490 0.738281 0.369792 0.733398 0.369792 0.732422 0.371094 0.729492 0.371094 0.728516 0.372396
0 0.718750 0.311198 0.718750 0.320312 0.717773 0.321615 0.717773 0.337240 0.718750 0.338542 0.718750 0.341146 0.721680 0.345052 0.722656 0.345052 0.725586 0.347656 0.734375 0.347656 0.735352 0.346354 0.736328 0.346354 0.741211 0.339844 0.741211 0.328125 0.740234 0.326823 0.740234 0.317708 0.733398 0.308594 0.726562 0.308594 0.725586 0.309896 0.721680 0.309896 0.720703 0.311198
0 0.739258 0.316406 0.739258 0.322917 0.740234 0.324219 0.740234 0.326823 0.741211 0.328125 0.741211 0.338542 0.740234 0.339844 0.740234 0.341146 0.738281 0.343750 0.737305 0.343750 0.736328 0.345052 0.735352 0.345052 0.735352 0.347656 0.736328 0.348958 0.736328 0.350260 0.740234 0.350260 0.741211 0.351562 0.744141 0.351562 0.745117 0.350260 0.746094 0.350260 0.748047 0.347656 0.748047 0.346354 0.749023 0.345052 0.749023 0.342448 0.750000 0.341146 0.750000 0.339844 0.750977 0.338542 0.750977 0.337240 0.751953 0.335938 0.751953 0.334635 0.752930 0.333333 0.752930 0.325521 0.749023 0.320312 0.747070 0.320312 0.746094 0.319010 0.745117 0.319010 0.744141 0.317708 0.741211 0.317708 0.740234 0.316406
0 0.755859 0.333333 0.754883 0.334635 0.753906 0.334635 0.750977 0.338542 0.750977 0.341146 0.750000 0.342448 0.750000 0.343750 0.749023 0.345052 0.749023 0.346354 0.748047 0.347656 0.748047 0.348958 0.746094 0.351562 0.746094 0.352865 0.744141 0.355469 0.744141 0.365885 0.745117 0.365885 0.746094 0.367188 0.750000 0.367188 0.750977 0.368490 0.752930 0.368490 0.755859 0.371094 0.758789 0.371094 0.759766 0.369792 0.761719 0.369792 0.762695 0.368490 0.763672 0.368490 0.763672 0.367188 0.767578 0.361979 0.767578 0.360677 0.768555 0.359375 0.768555 0.358073 0.769531 0.356771 0.769531 0.355469 0.770508 0.354167 0.770508 0.352865 0.771484 0.351562 0.771484 0.350260 0.770508 0.348958 0.770508 0.345052 0.767578 0.341146 0.767578 0.339844 0.766602 0.338542 0.765625 0.338542 0.763672 0.335938 0.762695 0.335938 0.761719 0.334635 0.759766 0.334635 0.758789 0.333333
0 0.791016 0.348958 0.786133 0.355469 0.786133 0.358073 0.785156 0.359375 0.785156 0.361979 0.788086 0.361979 0.789062 0.363281 0.790039 0.363281 0.792969 0.367188 0.792969 0.368490 0.793945 0.369792 0.793945 0.371094 0.794922 0.371094 0.796875 0.373698 0.797852 0.373698 0.801758 0.378906 0.801758 0.380208 0.802734 0.381510 0.806641 0.381510 0.809570 0.377604 0.810547 0.377604 0.810547 0.376302 0.813477 0.372396 0.813477 0.369792 0.814453 0.368490 0.814453 0.363281 0.813477 0.361979 0.813477 0.360677 0.812500 0.359375 0.812500 0.358073 0.811523 0.356771 0.811523 0.355469 0.808594 0.351562 0.807617 0.351562 0.803711 0.346354 0.797852 0.346354 0.796875 0.347656 0.794922 0.347656 0.793945 0.348958
0 0.791016 0.369792 0.789062 0.369792 0.788086 0.371094 0.784180 0.371094 0.782227 0.373698 0.782227 0.377604 0.783203 0.378906 0.784180 0.382812 0.783203 0.384115 0.782227 0.384115 0.782227 0.385417 0.781250 0.386719 0.781250 0.389323 0.780273 0.390625 0.780273 0.395833 0.779297 0.397135 0.779297 0.398438 0.778320 0.399740 0.776367 0.399740 0.774414 0.402344 0.774414 0.403646 0.775391 0.404948 0.776367 0.404948 0.778320 0.407552 0.778320 0.408854 0.780273 0.408854 0.781250 0.410156 0.784180 0.410156 0.785156 0.411458 0.787109 0.411458 0.788086 0.410156 0.791016 0.410156 0.791992 0.408854 0.792969 0.408854 0.794922 0.406250 0.795898 0.406250 0.796875 0.404948 0.799805 0.403646 0.799805 0.402344 0.801758 0.398438 0.801758 0.394531 0.802734 0.393229 0.802734 0.386719 0.801758 0.385417 0.801758 0.382812 0.798828 0.380208 0.798828 0.378906 0.795898 0.375000 0.795898 0.373698 0.794922 0.372396 0.793945 0.372396
0 0.823242 0.363281 0.822266 0.364583 0.821289 0.364583 0.820312 0.365885 0.819336 0.365885 0.818359 0.367188 0.817383 0.367188 0.817383 0.368490 0.815430 0.371094 0.815430 0.372396 0.814453 0.373698 0.814453 0.377604 0.817383 0.381510 0.817383 0.382812 0.818359 0.384115 0.818359 0.388021 0.819336 0.389323 0.819336 0.391927 0.820312 0.393229 0.820312 0.394531 0.821289 0.395833 0.822266 0.395833 0.823242 0.397135 0.824219 0.397135 0.825195 0.398438 0.827148 0.398438 0.828125 0.399740 0.833008 0.399740 0.836914 0.394531 0.836914 0.393229 0.838867 0.390625 0.838867 0.388021 0.839844 0.386719 0.839844 0.382812 0.840820 0.381510 0.840820 0.372396 0.838867 0.369792 0.838867 0.368490 0.835938 0.364583 0.834961 0.364583 0.833984 0.363281
0 0.814453 0.404948 0.814453 0.411458 0.815430 0.412760 0.811523 0.417969 0.811523 0.424479 0.814453 0.428385 0.814453 0.430990 0.815430 0.432292 0.815430 0.436198 0.816406 0.437500 0.818359 0.437500 0.819336 0.438802 0.826172 0.438802 0.827148 0.437500 0.829102 0.437500 0.830078 0.436198 0.833008 0.436198 0.833984 0.434896 0.837891 0.434896 0.840820 0.432292 0.840820 0.421875 0.839844 0.420573 0.839844 0.417969 0.837891 0.414062 0.837891 0.410156 0.834961 0.406250 0.833984 0.406250 0.833008 0.404948 0.831055 0.404948 0.830078 0.403646 0.817383 0.403646 0.816406 0.404948
0 0.844727 0.404948 0.843750 0.406250 0.842773 0.406250 0.841797 0.407552 0.840820 0.407552 0.839844 0.408854 0.839844 0.417969 0.840820 0.419271 0.840820 0.421875 0.841797 0.423177 0.841797 0.432292 0.840820 0.433594 0.840820 0.434896 0.844727 0.440104 0.853516 0.440104 0.854492 0.438802 0.855469 0.438802 0.857422 0.436198 0.858398 0.436198 0.861328 0.432292 0.862305 0.432292 0.863281 0.430990 0.863281 0.425781 0.862305 0.424479 0.862305 0.419271 0.861328 0.417969 0.861328 0.415365 0.860352 0.414062 0.860352 0.412760 0.858398 0.410156 0.858398 0.408854 0.856445 0.406250 0.855469 0.406250 0.854492 0.404948
0 0.881836 0.429688 0.867188 0.429688 0.866211 0.430990 0.865234 0.430990 0.863281 0.433594 0.862305 0.433594 0.861328 0.434896 0.860352 0.434896 0.856445 0.440104 0.856445 0.445312 0.858398 0.447917 0.858398 0.449219 0.861328 0.453125 0.861328 0.454427 0.862305 0.455729 0.862305 0.457031 0.863281 0.458333 0.863281 0.459635 0.864258 0.460938 0.865234 0.460938 0.869141 0.466146 0.870117 0.466146 0.871094 0.467448 0.873047 0.467448 0.877930 0.460938 0.878906 0.460938 0.881836 0.457031 0.882812 0.457031 0.884766 0.454427 0.884766 0.453125 0.886719 0.450521 0.886719 0.441406 0.885742 0.440104 0.885742 0.436198 0.884766 0.434896 0.884766 0.432292
0 0.848633 0.445312 0.847656 0.446615 0.844727 0.447917 0.842773 0.450521 0.842773 0.451823 0.844727 0.455729 0.844727 0.463542 0.843750 0.464844 0.843750 0.467448 0.844727 0.468750 0.844727 0.473958 0.845703 0.475260 0.845703 0.476562 0.846680 0.477865 0.847656 0.477865 0.849609 0.480469 0.849609 0.484375 0.848633 0.485677 0.845703 0.485677 0.849609 0.485677 0.850586 0.484375 0.857422 0.484375 0.858398 0.485677 0.861328 0.486979 0.861328 0.485677 0.866211 0.479167 0.866211 0.477865 0.868164 0.475260 0.868164 0.473958 0.870117 0.470052 0.869141 0.468750 0.869141 0.466146 0.868164 0.464844 0.867188 0.464844 0.864258 0.460938 0.863281 0.460938 0.861328 0.458333 0.861328 0.454427 0.859375 0.450521 0.858398 0.450521 0.855469 0.446615 0.854492 0.446615 0.853516 0.445312
0 0.884766 0.481771 0.881836 0.481771 0.880859 0.480469 0.876953 0.480469 0.875977 0.481771 0.873047 0.483073 0.868164 0.488281 0.866211 0.488281 0.860352 0.493490 0.860352 0.494792 0.859375 0.496094 0.859375 0.498698 0.861328 0.501302 0.861328 0.507812 0.864258 0.507812 0.865234 0.509115 0.865234 0.518229 0.864258 0.519531 0.861328 0.516927 0.861328 0.522135 0.868164 0.522135 0.869141 0.523438 0.872070 0.523438 0.873047 0.522135 0.875977 0.522135 0.876953 0.520833 0.879883 0.519531 0.881836 0.516927 0.884766 0.515625 0.886719 0.513021 0.887695 0.513021 0.887695 0.511719 0.890625 0.505208 0.890625 0.502604 0.891602 0.501302 0.891602 0.496094 0.890625 0.494792 0.890625 0.492188 0.889648 0.490885 0.889648 0.489583 0.884766 0.483073
0 0.861328 0.542969 0.859375 0.546875 0.859375 0.549479 0.858398 0.550781 0.858398 0.552083 0.857422 0.553385 0.857422 0.555990 0.856445 0.557292 0.856445 0.559896 0.857422 0.561198 0.857422 0.562500 0.858398 0.563802 0.859375 0.563802 0.861328 0.566406 0.862305 0.566406 0.873047 0.580729 0.874023 0.580729 0.875000 0.582031 0.880859 0.582031 0.881836 0.580729 0.881836 0.579427 0.883789 0.576823 0.883789 0.575521 0.884766 0.574219 0.884766 0.571615 0.886719 0.569010 0.886719 0.558594 0.885742 0.557292 0.885742 0.555990 0.884766 0.554688 0.884766 0.553385 0.883789 0.552083 0.882812 0.552083 0.879883 0.548177 0.878906 0.548177 0.877930 0.546875 0.876953 0.546875 0.874023 0.544271 0.872070 0.544271 0.871094 0.542969
0 0.106445 0.464844 0.104492 0.464844 0.103516 0.463542 0.102539 0.463542 0.099609 0.466146 0.097656 0.466146 0.096680 0.467448 0.093750 0.467448 0.092773 0.468750 0.090820 0.468750 0.089844 0.470052 0.089844 0.481771 0.090820 0.483073 0.090820 0.494792 0.089844 0.496094 0.089844 0.497396 0.090820 0.498698 0.090820 0.510417 0.092773 0.513021 0.096680 0.513021 0.098633 0.510417 0.100586 0.510417 0.101562 0.509115 0.104492 0.507812 0.106445 0.505208 0.107422 0.505208 0.108398 0.503906 0.108398 0.502604 0.110352 0.498698 0.110352 0.494792 0.108398 0.492188 0.108398 0.485677 0.107422 0.484375 0.107422 0.479167 0.110352 0.475260 0.109375 0.473958 0.109375 0.471354 0.108398 0.470052 0.108398 0.467448
