0 0.125977 0.208877 0.124023 0.211488 0.124023 0.212794 0.123047 0.214099 0.123047 0.216710 0.122070 0.218016 0.122070 0.221932 0.121094 0.223238 0.121094 0.228460 0.122070 0.229765 0.122070 0.233681 0.123047 0.234987 0.124023 0.238903 0.125000 0.240209 0.125977 0.240209 0.126953 0.241514 0.126953 0.242820 0.131836 0.249347 0.134766 0.250653 0.137695 0.254569 0.139648 0.254569 0.140625 0.255875 0.144531 0.255875 0.145508 0.254569 0.148438 0.254569 0.149414 0.253264 0.152344 0.253264 0.153320 0.251958 0.155273 0.251958 0.155273 0.246736 0.156250 0.245431 0.156250 0.220627 0.154297 0.216710 0.154297 0.214099 0.149414 0.207572 0.148438 0.207572 0.143555 0.203655 0.137695 0.203655 0.136719 0.204961 0.134766 0.204961 0.131836 0.207572 0.128906 0.207572 0.127930 0.208877
0 0.115234 0.263708 0.115234 0.270235 0.116211 0.271540 0.116211 0.280679 0.115234 0.281984 0.115234 0.284595 0.122070 0.292428 0.125977 0.292428 0.126953 0.293734 0.128906 0.293734 0.129883 0.295039 0.132812 0.295039 0.133789 0.296345 0.136719 0.296345 0.137695 0.297650 0.142578 0.293734 0.144531 0.293734 0.145508 0.292428 0.148438 0.292428 0.150391 0.289817 0.150391 0.287206 0.151367 0.285901 0.151367 0.284595 0.152344 0.283290 0.152344 0.280679 0.153320 0.279373 0.153320 0.278068 0.152344 0.276762 0.152344 0.274151 0.151367 0.272846 0.151367 0.271540 0.142578 0.259791 0.141602 0.259791 0.138672 0.257180 0.125977 0.257180 0.125000 0.258486 0.122070 0.258486 0.121094 0.259791 0.119141 0.259791 0.118164 0.261097 0.117188 0.261097
0 0.140625 0.298956 0.137695 0.302872 0.137695 0.305483 0.133789 0.310705 0.133789 0.313316 0.132812 0.314621 0.132812 0.317232 0.131836 0.318538 0.131836 0.325065 0.132812 0.326371 0.132812 0.327676 0.135742 0.331593 0.136719 0.331593 0.142578 0.339426 0.143555 0.339426 0.144531 0.340731 0.147461 0.340731 0.148438 0.339426 0.151367 0.339426 0.152344 0.338120 0.155273 0.338120 0.156250 0.336815 0.158203 0.336815 0.159180 0.335509 0.161133 0.335509 0.161133 0.334204 0.162109 0.332898 0.162109 0.330287 0.163086 0.328982 0.163086 0.327676 0.164062 0.326371 0.164062 0.325065 0.166016 0.321149 0.166016 0.317232 0.166992 0.315927 0.166016 0.314621 0.166016 0.313316 0.165039 0.313316 0.164062 0.312010 0.162109 0.312010 0.159180 0.308094 0.156250 0.306789 0.153320 0.302872 0.152344 0.302872 0.150391 0.300261 0.150391 0.298956 0.149414 0.298956 0.146484 0.296345 0.144531 0.296345 0.143555 0.297650
0 0.111328 0.340731 0.110352 0.342037 0.110352 0.343342 0.108398 0.345953 0.108398 0.348564 0.109375 0.349869 0.109375 0.356397 0.110352 0.357702 0.110352 0.360313 0.111328 0.361619 0.111328 0.364230 0.114258 0.368146 0.114258 0.369452 0.115234 0.370757 0.118164 0.370757 0.120117 0.373368 0.121094 0.373368 0.124023 0.375979 0.127930 0.375979 0.128906 0.377285 0.135742 0.377285 0.144531 0.365535 0.144531 0.362924 0.145508 0.361619 0.145508 0.357702 0.146484 0.356397 0.146484 0.351175 0.145508 0.349869 0.145508 0.348564 0.142578 0.344648 0.141602 0.344648 0.137695 0.339426 0.136719 0.339426 0.134766 0.335509 0.133789 0.335509 0.132812 0.334204 0.129883 0.332898 0.126953 0.335509 0.125000 0.335509 0.124023 0.336815 0.122070 0.336815 0.120117 0.339426 0.113281 0.339426 0.112305 0.340731
0 0.113281 0.383812 0.113281 0.385117 0.111328 0.389034 0.111328 0.402089 0.112305 0.403394 0.113281 0.407311 0.116211 0.411227 0.117188 0.411227 0.121094 0.416449 0.122070 0.416449 0.123047 0.417755 0.124023 0.417755 0.126953 0.420366 0.131836 0.420366 0.132812 0.419060 0.134766 0.419060 0.135742 0.417755 0.137695 0.417755 0.138672 0.416449 0.139648 0.416449 0.141602 0.413838 0.141602 0.411227 0.142578 0.409922 0.142578 0.406005 0.143555 0.404700 0.143555 0.402089 0.145508 0.399478 0.145508 0.398172 0.146484 0.396867 0.146484 0.391645 0.144531 0.387728 0.143555 0.387728 0.140625 0.385117 0.136719 0.385117 0.135742 0.383812 0.125000 0.383812 0.124023 0.382507 0.116211 0.382507 0.115234 0.383812
0 0.151367 0.392950 0.146484 0.399478 0.146484 0.400783 0.145508 0.402089 0.145508 0.403394 0.143555 0.407311 0.143555 0.411227 0.142578 0.412533 0.142578 0.417755 0.143555 0.419060 0.143555 0.421671 0.144531 0.422977 0.146484 0.422977 0.149414 0.425587 0.151367 0.425587 0.152344 0.426893 0.154297 0.426893 0.156250 0.429504 0.157227 0.429504 0.158203 0.430809 0.160156 0.430809 0.161133 0.432115 0.169922 0.432115 0.170898 0.430809 0.171875 0.430809 0.172852 0.429504 0.172852 0.426893 0.173828 0.425587 0.173828 0.421671 0.172852 0.420366 0.172852 0.419060 0.173828 0.417755 0.173828 0.413838 0.172852 0.412533 0.172852 0.406005 0.171875 0.404700 0.171875 0.402089 0.170898 0.400783 0.168945 0.400783 0.166992 0.398172 0.166016 0.398172 0.164062 0.395561 0.163086 0.395561 0.158203 0.390339 0.155273 0.390339 0.154297 0.391645
0 0.127930 0.429504 0.127930 0.436031 0.128906 0.437337 0.128906 0.445170 0.129883 0.446475 0.129883 0.450392 0.131836 0.453003 0.143555 0.453003 0.144531 0.454308 0.155273 0.454308 0.156250 0.453003 0.157227 0.453003 0.160156 0.449086 0.161133 0.449086 0.161133 0.447781 0.163086 0.445170 0.163086 0.442559 0.164062 0.441253 0.164062 0.438642 0.161133 0.434726 0.160156 0.434726 0.156250 0.429504 0.155273 0.429504 0.154297 0.428198 0.152344 0.428198 0.151367 0.426893 0.149414 0.426893 0.148438 0.425587 0.144531 0.425587 0.143555 0.424282 0.140625 0.424282 0.139648 0.425587 0.130859 0.425587 0.129883 0.426893 0.128906 0.426893 0.128906 0.428198
0 0.175781 0.428198 0.171875 0.433420 0.171875 0.434726 0.170898 0.436031 0.170898 0.441253 0.171875 0.442559 0.171875 0.450392 0.172852 0.451697 0.172852 0.456919 0.173828 0.458225 0.173828 0.459530 0.174805 0.460836 0.178711 0.460836 0.179688 0.462141 0.184570 0.462141 0.185547 0.463446 0.190430 0.463446 0.191406 0.462141 0.192383 0.462141 0.193359 0.460836 0.194336 0.460836 0.197266 0.456919 0.197266 0.454308 0.198242 0.453003 0.198242 0.443864 0.197266 0.442559 0.197266 0.438642 0.196289 0.437337 0.196289 0.436031 0.189453 0.426893 0.181641 0.426893 0.180664 0.428198
0 0.166016 0.471279 0.165039 0.471279 0.164062 0.469974 0.162109 0.469974 0.161133 0.468668 0.158203 0.468668 0.157227 0.467363 0.156250 0.467363 0.155273 0.468668 0.150391 0.468668 0.149414 0.469974 0.148438 0.469974 0.147461 0.471279 0.146484 0.471279 0.145508 0.472585 0.144531 0.472585 0.144531 0.473890 0.143555 0.475196 0.143555 0.493473 0.144531 0.494778 0.144531 0.498695 0.145508 0.500000 0.145508 0.502611 0.148438 0.506527 0.149414 0.506527 0.150391 0.507833 0.151367 0.506527 0.154297 0.506527 0.155273 0.505222 0.157227 0.505222 0.158203 0.503916 0.160156 0.503916 0.161133 0.502611 0.162109 0.502611 0.163086 0.501305 0.164062 0.501305 0.165039 0.500000 0.166016 0.500000 0.168945 0.496084 0.169922 0.496084 0.170898 0.494778 0.170898 0.493473 0.171875 0.492167 0.171875 0.481723 0.170898 0.480418 0.170898 0.479112 0.168945 0.476501 0.168945 0.475196
0 0.176758 0.493473 0.174805 0.496084 0.174805 0.497389 0.171875 0.501305 0.171875 0.506527 0.170898 0.507833 0.171875 0.509138 0.171875 0.510444 0.173828 0.513055 0.173828 0.514360 0.174805 0.515666 0.174805 0.516971 0.175781 0.518277 0.175781 0.519582 0.178711 0.523499 0.179688 0.523499 0.183594 0.528721 0.184570 0.528721 0.185547 0.530026 0.189453 0.530026 0.190430 0.528721 0.191406 0.528721 0.193359 0.526110 0.193359 0.524804 0.194336 0.523499 0.194336 0.522193 0.195312 0.520888 0.195312 0.519582 0.196289 0.518277 0.196289 0.516971 0.197266 0.515666 0.197266 0.513055 0.198242 0.511749 0.198242 0.506527 0.195312 0.502611 0.195312 0.501305 0.192383 0.497389 0.191406 0.497389 0.190430 0.496084 0.187500 0.496084 0.186523 0.494778 0.183594 0.494778 0.182617 0.493473
0 0.200195 0.466057 0.199219 0.467363 0.198242 0.467363 0.196289 0.469974 0.195312 0.469974 0.194336 0.471279 0.194336 0.472585 0.192383 0.476501 0.192383 0.480418 0.191406 0.481723 0.191406 0.483029 0.192383 0.484334 0.192383 0.490862 0.193359 0.492167 0.193359 0.493473 0.194336 0.494778 0.194336 0.496084 0.199219 0.502611 0.199219 0.503916 0.203125 0.509138 0.208984 0.509138 0.213867 0.502611 0.213867 0.501305 0.218750 0.494778 0.218750 0.493473 0.219727 0.492167 0.219727 0.490862 0.218750 0.489556 0.218750 0.483029 0.217773 0.481723 0.217773 0.480418 0.216797 0.479112 0.216797 0.477807 0.215820 0.476501 0.215820 0.475196 0.213867 0.472585 0.212891 0.472585 0.210938 0.468668 0.209961 0.468668 0.208984 0.467363 0.207031 0.467363 0.206055 0.466057
0 0.202148 0.515666 0.202148 0.516971 0.200195 0.520888 0.200195 0.530026 0.207031 0.539164 0.207031 0.540470 0.209961 0.544386 0.210938 0.544386 0.211914 0.545692 0.220703 0.545692 0.221680 0.544386 0.225586 0.544386 0.226562 0.543081 0.227539 0.543081 0.229492 0.540470 0.229492 0.535248 0.230469 0.533943 0.230469 0.531332 0.231445 0.530026 0.231445 0.523499 0.223633 0.513055 0.222656 0.513055 0.221680 0.511749 0.219727 0.511749 0.218750 0.510444 0.209961 0.510444 0.208984 0.511749 0.207031 0.511749 0.206055 0.513055 0.204102 0.513055
0 0.231445 0.545692 0.231445 0.548303 0.230469 0.549608 0.231445 0.550914 0.231445 0.553525 0.232422 0.554830 0.232422 0.556136 0.234375 0.558747 0.234375 0.560052 0.237305 0.563969 0.237305 0.565274 0.240234 0.569191 0.241211 0.569191 0.243164 0.571802 0.245117 0.571802 0.246094 0.573107 0.255859 0.573107 0.256836 0.571802 0.257812 0.571802 0.262695 0.565274 0.262695 0.562663 0.263672 0.561358 0.263672 0.558747 0.262695 0.557441 0.262695 0.556136 0.261719 0.554830 0.261719 0.553525 0.260742 0.552219 0.260742 0.550914 0.257812 0.546997 0.257812 0.545692 0.256836 0.544386 0.256836 0.543081 0.254883 0.540470 0.252930 0.540470 0.251953 0.539164 0.249023 0.539164 0.248047 0.537859 0.245117 0.537859 0.244141 0.536554 0.242188 0.536554 0.241211 0.537859 0.240234 0.537859 0.238281 0.540470 0.237305 0.540470 0.236328 0.541775 0.235352 0.541775 0.234375 0.543081 0.233398 0.543081
0 0.255859 0.502611 0.253906 0.505222 0.252930 0.505222 0.246094 0.514360 0.246094 0.515666 0.244141 0.519582 0.245117 0.520888 0.245117 0.523499 0.255859 0.537859 0.256836 0.537859 0.258789 0.540470 0.261719 0.540470 0.262695 0.541775 0.263672 0.541775 0.264648 0.540470 0.268555 0.540470 0.270508 0.537859 0.271484 0.537859 0.271484 0.536554 0.274414 0.532637 0.274414 0.531332 0.275391 0.530026 0.275391 0.527415 0.276367 0.526110 0.276367 0.516971 0.275391 0.515666 0.275391 0.514360 0.274414 0.513055 0.274414 0.511749 0.273438 0.510444 0.273438 0.509138 0.270508 0.505222 0.269531 0.505222 0.267578 0.502611
0 0.234375 0.467363 0.234375 0.468668 0.232422 0.471279 0.232422 0.473890 0.231445 0.475196 0.231445 0.485640 0.230469 0.486945 0.231445 0.488251 0.231445 0.489556 0.232422 0.490862 0.232422 0.492167 0.233398 0.493473 0.234375 0.493473 0.235352 0.494778 0.237305 0.494778 0.238281 0.496084 0.244141 0.496084 0.245117 0.494778 0.246094 0.494778 0.247070 0.493473 0.252930 0.493473 0.253906 0.492167 0.256836 0.492167 0.256836 0.490862 0.257812 0.489556 0.257812 0.485640 0.256836 0.484334 0.256836 0.476501 0.255859 0.475196 0.255859 0.473890 0.253906 0.471279 0.253906 0.469974 0.251953 0.467363 0.246094 0.467363 0.245117 0.466057 0.244141 0.466057 0.243164 0.464752 0.242188 0.464752 0.241211 0.463446 0.238281 0.463446 0.236328 0.466057 0.235352 0.466057
0 0.199219 0.430809 0.199219 0.432115 0.198242 0.433420 0.198242 0.437337 0.199219 0.438642 0.199219 0.445170 0.200195 0.446475 0.200195 0.450392 0.202148 0.453003 0.202148 0.454308 0.204102 0.458225 0.205078 0.458225 0.206055 0.459530 0.207031 0.459530 0.208008 0.460836 0.208984 0.460836 0.209961 0.462141 0.210938 0.462141 0.211914 0.463446 0.212891 0.463446 0.215820 0.466057 0.218750 0.466057 0.219727 0.464752 0.222656 0.464752 0.223633 0.463446 0.225586 0.463446 0.226562 0.462141 0.227539 0.462141 0.229492 0.459530 0.229492 0.458225 0.230469 0.456919 0.230469 0.455614 0.232422 0.451697 0.232422 0.442559 0.231445 0.441253 0.231445 0.436031 0.229492 0.433420 0.228516 0.433420 0.226562 0.430809 0.225586 0.430809 0.224609 0.429504 0.223633 0.429504 0.222656 0.428198 0.221680 0.428198 0.220703 0.426893 0.219727 0.426893 0.216797 0.424282 0.208008 0.424282 0.207031 0.425587 0.205078 0.425587 0.204102 0.426893 0.201172 0.428198
0 0.252930 0.428198 0.246094 0.428198 0.245117 0.429504 0.241211 0.429504 0.238281 0.433420 0.238281 0.436031 0.237305 0.437337 0.237305 0.443864 0.238281 0.445170 0.238281 0.453003 0.239258 0.454308 0.239258 0.456919 0.241211 0.460836 0.242188 0.460836 0.244141 0.463446 0.245117 0.463446 0.248047 0.466057 0.249023 0.466057 0.250000 0.464752 0.251953 0.464752 0.252930 0.463446 0.253906 0.463446 0.254883 0.462141 0.255859 0.462141 0.256836 0.460836 0.257812 0.460836 0.258789 0.459530 0.259766 0.459530 0.260742 0.458225 0.261719 0.458225 0.263672 0.455614 0.264648 0.455614 0.266602 0.451697 0.266602 0.446475 0.265625 0.445170 0.265625 0.441253 0.264648 0.439948 0.264648 0.438642 0.259766 0.432115 0.258789 0.432115 0.256836 0.429504 0.253906 0.429504
0 0.258789 0.464752 0.258789 0.466057 0.257812 0.467363 0.257812 0.475196 0.258789 0.476501 0.258789 0.488251 0.260742 0.490862 0.262695 0.490862 0.263672 0.492167 0.265625 0.492167 0.266602 0.493473 0.276367 0.493473 0.277344 0.492167 0.278320 0.492167 0.281250 0.489556 0.283203 0.489556 0.285156 0.486945 0.285156 0.475196 0.284180 0.473890 0.284180 0.469974 0.280273 0.462141 0.279297 0.462141 0.278320 0.460836 0.276367 0.460836 0.275391 0.459530 0.272461 0.459530 0.271484 0.458225 0.266602 0.458225 0.265625 0.459530 0.263672 0.459530 0.262695 0.460836 0.261719 0.460836
0 0.293945 0.472585 0.291992 0.475196 0.291016 0.475196 0.288086 0.479112 0.288086 0.480418 0.287109 0.481723 0.287109 0.488251 0.288086 0.489556 0.288086 0.492167 0.289062 0.493473 0.289062 0.494778 0.291016 0.498695 0.291016 0.501305 0.291992 0.502611 0.291992 0.503916 0.294922 0.507833 0.295898 0.507833 0.296875 0.509138 0.305664 0.509138 0.306641 0.507833 0.308594 0.507833 0.309570 0.506527 0.310547 0.506527 0.312500 0.503916 0.313477 0.503916 0.313477 0.502611 0.314453 0.501305 0.314453 0.500000 0.316406 0.496084 0.316406 0.490862 0.315430 0.489556 0.315430 0.488251 0.314453 0.486945 0.314453 0.484334 0.312500 0.481723 0.312500 0.480418 0.305664 0.471279 0.296875 0.471279 0.295898 0.472585
0 0.287109 0.522193 0.287109 0.531332 0.288086 0.532637 0.288086 0.535248 0.289062 0.536554 0.289062 0.539164 0.291016 0.543081 0.292969 0.543081 0.293945 0.544386 0.295898 0.544386 0.296875 0.545692 0.313477 0.545692 0.314453 0.544386 0.316406 0.544386 0.317383 0.543081 0.318359 0.543081 0.320312 0.540470 0.320312 0.537859 0.321289 0.536554 0.321289 0.531332 0.318359 0.527415 0.317383 0.527415 0.316406 0.526110 0.315430 0.526110 0.311523 0.520888 0.309570 0.520888 0.307617 0.518277 0.306641 0.518277 0.302734 0.513055 0.300781 0.513055 0.299805 0.511749 0.295898 0.511749 0.294922 0.513055 0.293945 0.513055 0.291992 0.515666 0.291016 0.515666 0.288086 0.519582 0.288086 0.520888
0 0.320312 0.550914 0.320312 0.560052 0.321289 0.561358 0.321289 0.566580 0.322266 0.567885 0.322266 0.570496 0.324219 0.573107 0.324219 0.574413 0.326172 0.577023 0.327148 0.577023 0.328125 0.578329 0.331055 0.578329 0.332031 0.579634 0.336914 0.579634 0.337891 0.578329 0.339844 0.578329 0.340820 0.577023 0.342773 0.577023 0.343750 0.575718 0.344727 0.575718 0.345703 0.574413 0.346680 0.574413 0.348633 0.571802 0.348633 0.569191 0.349609 0.567885 0.349609 0.561358 0.348633 0.560052 0.348633 0.553525 0.347656 0.552219 0.347656 0.549608 0.346680 0.549608 0.343750 0.546997 0.339844 0.546997 0.338867 0.545692 0.327148 0.545692 0.326172 0.546997 0.325195 0.546997 0.324219 0.548303 0.323242 0.548303
0 0.333984 0.486945 0.333008 0.486945 0.332031 0.488251 0.329102 0.488251 0.328125 0.489556 0.326172 0.489556 0.325195 0.490862 0.324219 0.490862 0.323242 0.492167 0.323242 0.494778 0.322266 0.496084 0.322266 0.500000 0.321289 0.501305 0.321289 0.515666 0.322266 0.516971 0.322266 0.518277 0.323242 0.518277 0.325195 0.520888 0.326172 0.520888 0.328125 0.524804 0.332031 0.524804 0.333008 0.523499 0.334961 0.523499 0.335938 0.522193 0.339844 0.522193 0.340820 0.520888 0.342773 0.520888 0.343750 0.519582 0.345703 0.519582 0.350586 0.513055 0.350586 0.511749 0.351562 0.510444 0.351562 0.503916 0.348633 0.500000 0.348633 0.498695 0.347656 0.497389 0.346680 0.497389 0.345703 0.496084 0.344727 0.496084 0.342773 0.493473 0.341797 0.493473 0.340820 0.492167 0.339844 0.492167 0.336914 0.488251 0.334961 0.488251
0 0.307617 0.453003 0.307617 0.454308 0.306641 0.455614 0.306641 0.468668 0.307617 0.469974 0.307617 0.471279 0.310547 0.475196 0.310547 0.476501 0.311523 0.476501 0.314453 0.480418 0.315430 0.480418 0.316406 0.481723 0.319336 0.481723 0.320312 0.483029 0.324219 0.483029 0.325195 0.484334 0.328125 0.484334 0.329102 0.483029 0.330078 0.483029 0.331055 0.481723 0.332031 0.481723 0.334961 0.477807 0.335938 0.477807 0.335938 0.476501 0.336914 0.475196 0.336914 0.471279 0.337891 0.469974 0.337891 0.460836 0.335938 0.456919 0.334961 0.456919 0.333984 0.455614 0.329102 0.455614 0.328125 0.454308 0.325195 0.454308 0.324219 0.453003 0.315430 0.453003 0.314453 0.451697 0.309570 0.451697 0.308594 0.453003
0 0.265625 0.429504 0.265625 0.436031 0.267578 0.439948 0.267578 0.443864 0.268555 0.445170 0.268555 0.447781 0.269531 0.449086 0.269531 0.450392 0.273438 0.455614 0.280273 0.455614 0.281250 0.454308 0.286133 0.454308 0.287109 0.453003 0.289062 0.453003 0.290039 0.451697 0.291992 0.451697 0.292969 0.450392 0.293945 0.450392 0.296875 0.446475 0.296875 0.445170 0.297852 0.443864 0.297852 0.438642 0.298828 0.437337 0.298828 0.436031 0.296875 0.432115 0.296875 0.426893 0.297852 0.425587 0.297852 0.424282 0.294922 0.420366 0.288086 0.420366 0.287109 0.419060 0.286133 0.419060 0.285156 0.417755 0.283203 0.417755 0.282227 0.416449 0.277344 0.416449 0.276367 0.417755 0.276367 0.419060 0.272461 0.424282 0.271484 0.424282 0.270508 0.425587 0.267578 0.426893
0 0.244141 0.385117 0.241211 0.389034 0.241211 0.402089 0.242188 0.403394 0.242188 0.407311 0.243164 0.408616 0.243164 0.412533 0.244141 0.413838 0.244141 0.415144 0.245117 0.415144 0.247070 0.417755 0.248047 0.417755 0.250000 0.420366 0.250977 0.420366 0.252930 0.422977 0.253906 0.422977 0.255859 0.425587 0.256836 0.425587 0.257812 0.426893 0.265625 0.426893 0.266602 0.425587 0.267578 0.425587 0.269531 0.421671 0.269531 0.413838 0.270508 0.412533 0.270508 0.411227 0.272461 0.408616 0.271484 0.407311 0.271484 0.403394 0.270508 0.402089 0.270508 0.399478 0.269531 0.399478 0.267578 0.396867 0.266602 0.392950 0.261719 0.386423 0.260742 0.386423 0.259766 0.385117 0.256836 0.385117 0.255859 0.383812 0.247070 0.383812 0.246094 0.385117
0 0.216797 0.386423 0.215820 0.387728 0.215820 0.390339 0.214844 0.391645 0.214844 0.398172 0.215820 0.399478 0.215820 0.400783 0.216797 0.402089 0.216797 0.403394 0.217773 0.404700 0.217773 0.406005 0.218750 0.407311 0.218750 0.408616 0.219727 0.409922 0.219727 0.411227 0.220703 0.412533 0.220703 0.413838 0.222656 0.416449 0.222656 0.417755 0.223633 0.417755 0.226562 0.421671 0.227539 0.421671 0.230469 0.424282 0.232422 0.424282 0.233398 0.425587 0.236328 0.425587 0.239258 0.421671 0.239258 0.420366 0.241211 0.417755 0.241211 0.416449 0.243164 0.413838 0.243164 0.411227 0.242188 0.409922 0.242188 0.406005 0.241211 0.404700 0.241211 0.391645 0.239258 0.389034 0.237305 0.389034 0.236328 0.387728 0.234375 0.387728 0.233398 0.386423 0.228516 0.386423 0.227539 0.385117 0.221680 0.385117 0.220703 0.386423
0 0.180664 0.383812 0.180664 0.402089 0.181641 0.403394 0.181641 0.407311 0.182617 0.408616 0.182617 0.409922 0.184570 0.413838 0.185547 0.413838 0.188477 0.416449 0.196289 0.416449 0.197266 0.415144 0.199219 0.415144 0.200195 0.413838 0.202148 0.413838 0.203125 0.412533 0.205078 0.412533 0.206055 0.411227 0.208008 0.411227 0.208984 0.409922 0.208984 0.408616 0.209961 0.407311 0.209961 0.395561 0.210938 0.394256 0.209961 0.392950 0.209961 0.390339 0.205078 0.383812 0.204102 0.383812 0.202148 0.381201 0.200195 0.381201 0.199219 0.379896 0.195312 0.379896 0.194336 0.378590 0.184570 0.378590
0 0.155273 0.348564 0.153320 0.352480 0.154297 0.353786 0.154297 0.359008 0.153320 0.360313 0.153320 0.364230 0.154297 0.365535 0.154297 0.366841 0.155273 0.368146 0.155273 0.369452 0.161133 0.377285 0.162109 0.377285 0.164062 0.379896 0.165039 0.379896 0.166016 0.381201 0.167969 0.381201 0.168945 0.382507 0.176758 0.382507 0.177734 0.381201 0.178711 0.381201 0.181641 0.378590 0.181641 0.368146 0.180664 0.366841 0.180664 0.361619 0.179688 0.360313 0.179688 0.356397 0.177734 0.352480 0.177734 0.349869 0.175781 0.347258 0.175781 0.345953 0.174805 0.345953 0.171875 0.342037 0.170898 0.342037 0.169922 0.340731 0.167969 0.340731 0.166992 0.342037 0.165039 0.342037 0.164062 0.343342 0.163086 0.343342 0.162109 0.344648 0.161133 0.344648 0.160156 0.345953 0.159180 0.345953 0.158203 0.347258 0.157227 0.347258 0.156250 0.348564
0 0.184570 0.322454 0.180664 0.327676 0.180664 0.328982 0.178711 0.332898 0.178711 0.336815 0.179688 0.338120 0.179688 0.340731 0.180664 0.342037 0.180664 0.343342 0.186523 0.351175 0.187500 0.351175 0.188477 0.352480 0.189453 0.352480 0.191406 0.355091 0.192383 0.355091 0.193359 0.356397 0.194336 0.356397 0.196289 0.359008 0.197266 0.359008 0.198242 0.360313 0.202148 0.360313 0.203125 0.359008 0.204102 0.359008 0.205078 0.357702 0.206055 0.357702 0.207031 0.356397 0.207031 0.355091 0.208984 0.352480 0.208984 0.351175 0.210938 0.347258 0.210938 0.334204 0.209961 0.332898 0.209961 0.331593 0.207031 0.327676 0.206055 0.327676 0.202148 0.322454 0.201172 0.322454 0.198242 0.319843 0.196289 0.319843 0.195312 0.318538 0.192383 0.318538 0.191406 0.319843 0.189453 0.319843 0.186523 0.322454
0 0.215820 0.345953 0.215820 0.347258 0.214844 0.348564 0.214844 0.356397 0.213867 0.357702 0.213867 0.361619 0.212891 0.362924 0.213867 0.364230 0.213867 0.368146 0.218750 0.374674 0.219727 0.374674 0.221680 0.377285 0.222656 0.377285 0.223633 0.378590 0.224609 0.378590 0.227539 0.381201 0.236328 0.381201 0.237305 0.379896 0.238281 0.379896 0.239258 0.378590 0.239258 0.360313 0.238281 0.359008 0.238281 0.351175 0.237305 0.349869 0.237305 0.348564 0.235352 0.345953 0.234375 0.345953 0.233398 0.344648 0.230469 0.344648 0.229492 0.343342 0.220703 0.343342 0.217773 0.345953
0 0.238281 0.340731 0.238281 0.345953 0.239258 0.347258 0.239258 0.351175 0.240234 0.352480 0.240234 0.360313 0.241211 0.361619 0.241211 0.364230 0.245117 0.369452 0.246094 0.369452 0.247070 0.370757 0.263672 0.370757 0.264648 0.369452 0.266602 0.369452 0.267578 0.368146 0.268555 0.368146 0.268555 0.365535 0.269531 0.364230 0.269531 0.356397 0.268555 0.355091 0.268555 0.352480 0.267578 0.351175 0.267578 0.348564 0.266602 0.347258 0.266602 0.344648 0.265625 0.343342 0.265625 0.342037 0.263672 0.339426 0.262695 0.339426 0.257812 0.332898 0.256836 0.332898 0.255859 0.331593 0.246094 0.331593 0.245117 0.332898 0.244141 0.332898
0 0.271484 0.377285 0.271484 0.383812 0.272461 0.385117 0.272461 0.389034 0.273438 0.390339 0.273438 0.392950 0.274414 0.394256 0.274414 0.396867 0.278320 0.402089 0.280273 0.402089 0.281250 0.403394 0.283203 0.403394 0.288086 0.408616 0.289062 0.408616 0.290039 0.409922 0.291992 0.409922 0.292969 0.411227 0.298828 0.411227 0.302734 0.406005 0.303711 0.406005 0.303711 0.404700 0.304688 0.403394 0.304688 0.400783 0.305664 0.399478 0.305664 0.396867 0.304688 0.395561 0.304688 0.392950 0.303711 0.391645 0.302734 0.387728 0.299805 0.383812 0.298828 0.383812 0.295898 0.381201 0.293945 0.381201 0.292969 0.379896 0.291016 0.379896 0.290039 0.378590 0.289062 0.378590 0.286133 0.375979 0.284180 0.375979 0.283203 0.374674 0.280273 0.374674 0.279297 0.373368 0.275391 0.373368 0.274414 0.374674 0.273438 0.374674
0 0.322266 0.404700 0.319336 0.404700 0.318359 0.406005 0.311523 0.406005 0.310547 0.407311 0.309570 0.407311 0.305664 0.412533 0.305664 0.413838 0.304688 0.415144 0.304688 0.416449 0.302734 0.419060 0.302734 0.425587 0.306641 0.430809 0.306641 0.433420 0.307617 0.434726 0.307617 0.436031 0.310547 0.439948 0.311523 0.439948 0.312500 0.441253 0.319336 0.441253 0.320312 0.439948 0.325195 0.439948 0.326172 0.438642 0.328125 0.438642 0.329102 0.437337 0.330078 0.437337 0.333008 0.433420 0.333008 0.432115 0.333984 0.430809 0.333984 0.429504 0.333008 0.428198 0.333008 0.425587 0.332031 0.424282 0.332031 0.415144 0.331055 0.413838 0.331055 0.412533 0.330078 0.411227 0.329102 0.411227 0.326172 0.407311 0.325195 0.407311
0 0.339844 0.399478 0.335938 0.404700 0.335938 0.406005 0.334961 0.407311 0.334961 0.409922 0.333008 0.413838 0.333008 0.424282 0.335938 0.430809 0.335938 0.433420 0.341797 0.441253 0.342773 0.441253 0.343750 0.442559 0.353516 0.442559 0.354492 0.441253 0.355469 0.441253 0.356445 0.439948 0.357422 0.439948 0.358398 0.438642 0.361328 0.437337 0.362305 0.436031 0.362305 0.434726 0.365234 0.430809 0.365234 0.428198 0.366211 0.426893 0.367188 0.422977 0.369141 0.420366 0.369141 0.419060 0.368164 0.419060 0.366211 0.421671 0.364258 0.421671 0.362305 0.419060 0.362305 0.417755 0.364258 0.415144 0.361328 0.413838 0.360352 0.412533 0.360352 0.411227 0.357422 0.409922 0.356445 0.408616 0.356445 0.404700 0.353516 0.403394 0.351562 0.400783 0.350586 0.400783 0.349609 0.399478
0 0.310547 0.365535 0.309570 0.366841 0.309570 0.368146 0.302734 0.377285 0.302734 0.383812 0.303711 0.385117 0.303711 0.386423 0.304688 0.387728 0.304688 0.389034 0.306641 0.392950 0.306641 0.395561 0.308594 0.398172 0.310547 0.398172 0.311523 0.399478 0.314453 0.399478 0.315430 0.400783 0.330078 0.400783 0.331055 0.399478 0.332031 0.399478 0.332031 0.398172 0.333984 0.394256 0.333984 0.387728 0.334961 0.386423 0.334961 0.379896 0.333984 0.378590 0.333984 0.375979 0.328125 0.368146 0.328125 0.366841 0.327148 0.366841 0.326172 0.365535 0.323242 0.365535 0.322266 0.364230 0.318359 0.364230 0.317383 0.362924 0.316406 0.364230 0.312500 0.364230 0.311523 0.365535
0 0.281250 0.326371 0.280273 0.327676 0.279297 0.327676 0.279297 0.328982 0.273438 0.336815 0.272461 0.336815 0.271484 0.338120 0.271484 0.339426 0.269531 0.343342 0.269531 0.349869 0.270508 0.351175 0.270508 0.352480 0.272461 0.355091 0.272461 0.356397 0.274414 0.359008 0.275391 0.359008 0.276367 0.360313 0.276367 0.361619 0.279297 0.365535 0.280273 0.365535 0.286133 0.373368 0.288086 0.373368 0.289062 0.374674 0.291016 0.374674 0.291992 0.373368 0.294922 0.373368 0.295898 0.372063 0.298828 0.370757 0.302734 0.365535 0.302734 0.364230 0.306641 0.357702 0.306641 0.355091 0.307617 0.353786 0.307617 0.345953 0.306641 0.344648 0.306641 0.336815 0.301758 0.330287 0.299805 0.330287 0.298828 0.331593 0.297852 0.330287 0.297852 0.327676 0.295898 0.327676 0.294922 0.326371
0 0.244141 0.281984 0.243164 0.283290 0.242188 0.287206 0.240234 0.289817 0.240234 0.291123 0.238281 0.295039 0.238281 0.297650 0.237305 0.298956 0.237305 0.301567 0.238281 0.302872 0.238281 0.306789 0.239258 0.308094 0.239258 0.312010 0.241211 0.314621 0.241211 0.315927 0.243164 0.318538 0.243164 0.319843 0.244141 0.319843 0.249023 0.323760 0.251953 0.323760 0.252930 0.325065 0.255859 0.325065 0.258789 0.327676 0.263672 0.327676 0.264648 0.326371 0.265625 0.326371 0.270508 0.319843 0.270508 0.318538 0.272461 0.315927 0.272461 0.305483 0.268555 0.300261 0.267578 0.300261 0.266602 0.298956 0.265625 0.295039 0.263672 0.292428 0.261719 0.292428 0.260742 0.291123 0.259766 0.291123 0.256836 0.287206 0.255859 0.287206 0.253906 0.284595 0.251953 0.284595 0.249023 0.280679 0.246094 0.280679 0.245117 0.281984
0 0.192383 0.291123 0.192383 0.300261 0.193359 0.301567 0.193359 0.304178 0.194336 0.305483 0.194336 0.306789 0.198242 0.312010 0.199219 0.312010 0.201172 0.314621 0.202148 0.314621 0.203125 0.315927 0.206055 0.317232 0.208008 0.319843 0.214844 0.319843 0.215820 0.318538 0.220703 0.318538 0.221680 0.317232 0.223633 0.317232 0.225586 0.314621 0.225586 0.310705 0.226562 0.309399 0.225586 0.308094 0.225586 0.302872 0.223633 0.298956 0.223633 0.296345 0.222656 0.295039 0.221680 0.291123 0.217773 0.285901 0.216797 0.285901 0.214844 0.283290 0.213867 0.283290 0.212891 0.281984 0.210938 0.281984 0.209961 0.283290 0.206055 0.283290 0.205078 0.284595 0.202148 0.284595 0.201172 0.285901 0.199219 0.285901 0.198242 0.287206 0.196289 0.287206 0.195312 0.288512 0.194336 0.288512
0 0.159180 0.280679 0.159180 0.281984 0.157227 0.284595 0.157227 0.285901 0.156250 0.287206 0.156250 0.291123 0.157227 0.292428 0.157227 0.293734 0.161133 0.298956 0.161133 0.300261 0.168945 0.310705 0.169922 0.310705 0.172852 0.314621 0.174805 0.314621 0.175781 0.315927 0.177734 0.315927 0.178711 0.314621 0.179688 0.314621 0.180664 0.313316 0.181641 0.313316 0.182617 0.312010 0.183594 0.312010 0.185547 0.309399 0.186523 0.309399 0.187500 0.308094 0.187500 0.306789 0.188477 0.305483 0.188477 0.302872 0.189453 0.301567 0.189453 0.298956 0.188477 0.297650 0.188477 0.293734 0.185547 0.289817 0.184570 0.289817 0.183594 0.288512 0.182617 0.288512 0.180664 0.285901 0.179688 0.285901 0.177734 0.283290 0.175781 0.283290 0.171875 0.278068 0.170898 0.278068 0.168945 0.275457 0.164062 0.275457 0.163086 0.276762 0.162109 0.276762
0 0.166992 0.241514 0.165039 0.245431 0.165039 0.253264 0.166016 0.254569 0.166016 0.257180 0.167969 0.261097 0.167969 0.263708 0.169922 0.267624 0.169922 0.270235 0.170898 0.271540 0.170898 0.274151 0.174805 0.280679 0.179688 0.283290 0.181641 0.285901 0.183594 0.285901 0.184570 0.287206 0.185547 0.287206 0.186523 0.285901 0.187500 0.285901 0.191406 0.280679 0.192383 0.280679 0.194336 0.278068 0.195312 0.278068 0.199219 0.272846 0.199219 0.271540 0.201172 0.267624 0.201172 0.265013 0.202148 0.263708 0.202148 0.262402 0.201172 0.261097 0.199219 0.254569 0.196289 0.250653 0.195312 0.246736 0.193359 0.244125 0.191406 0.244125 0.190430 0.242820 0.188477 0.242820 0.187500 0.241514 0.185547 0.241514 0.180664 0.237598 0.175781 0.237598 0.170898 0.241514
0 0.154297 0.181462 0.152344 0.184073 0.151367 0.187990 0.149414 0.190601 0.149414 0.193211 0.148438 0.194517 0.149414 0.201044 0.154297 0.207572 0.155273 0.207572 0.160156 0.212794 0.160156 0.214099 0.163086 0.218016 0.163086 0.219321 0.166016 0.225849 0.171875 0.225849 0.172852 0.224543 0.175781 0.224543 0.176758 0.223238 0.177734 0.223238 0.184570 0.214099 0.184570 0.212794 0.186523 0.210183 0.186523 0.189295 0.185547 0.187990 0.185547 0.186684 0.181641 0.181462 0.181641 0.178851 0.178711 0.178851 0.177734 0.180157 0.177734 0.182768 0.178711 0.184073 0.178711 0.185379 0.177734 0.186684 0.176758 0.186684 0.175781 0.185379 0.175781 0.182768 0.170898 0.182768 0.169922 0.184073 0.167969 0.181462 0.166992 0.181462 0.163086 0.177546 0.161133 0.177546 0.160156 0.178851 0.158203 0.178851 0.157227 0.180157
0 0.195312 0.201044 0.194336 0.202350 0.193359 0.202350 0.193359 0.203655 0.191406 0.207572 0.191406 0.211488 0.190430 0.212794 0.190430 0.218016 0.191406 0.219321 0.191406 0.227154 0.192383 0.228460 0.192383 0.231070 0.193359 0.232376 0.193359 0.236292 0.194336 0.237598 0.195312 0.241514 0.201172 0.249347 0.203125 0.249347 0.204102 0.250653 0.205078 0.250653 0.206055 0.249347 0.207031 0.249347 0.209961 0.245431 0.210938 0.245431 0.211914 0.244125 0.214844 0.242820 0.216797 0.240209 0.217773 0.240209 0.219727 0.237598 0.220703 0.237598 0.220703 0.234987 0.221680 0.233681 0.221680 0.218016 0.220703 0.216710 0.220703 0.210183 0.219727 0.208877 0.219727 0.207572 0.217773 0.207572 0.216797 0.206266 0.214844 0.206266 0.213867 0.204961 0.212891 0.204961 0.211914 0.203655 0.209961 0.203655 0.208984 0.202350 0.206055 0.202350 0.205078 0.201044
0 0.208984 0.251958 0.208984 0.253264 0.208008 0.254569 0.208008 0.259791 0.208984 0.261097 0.208984 0.263708 0.209961 0.265013 0.209961 0.267624 0.210938 0.268930 0.210938 0.275457 0.213867 0.279373 0.214844 0.279373 0.217773 0.283290 0.218750 0.283290 0.220703 0.285901 0.221680 0.285901 0.224609 0.288512 0.234375 0.288512 0.235352 0.287206 0.238281 0.287206 0.239258 0.285901 0.239258 0.284595 0.240234 0.283290 0.240234 0.265013 0.239258 0.263708 0.239258 0.262402 0.238281 0.262402 0.236328 0.259791 0.233398 0.258486 0.231445 0.255875 0.230469 0.255875 0.229492 0.254569 0.226562 0.253264 0.225586 0.251958 0.225586 0.250653 0.224609 0.250653 0.221680 0.248042 0.213867 0.248042 0.212891 0.249347 0.210938 0.249347
0 0.228516 0.147520 0.227539 0.147520 0.226562 0.148825 0.224609 0.148825 0.223633 0.150131 0.220703 0.150131 0.219727 0.151436 0.217773 0.151436 0.216797 0.152742 0.214844 0.152742 0.213867 0.154047 0.211914 0.154047 0.210938 0.155352 0.207031 0.155352 0.204102 0.159269 0.204102 0.160574 0.203125 0.161880 0.203125 0.165796 0.202148 0.167102 0.202148 0.176240 0.203125 0.177546 0.203125 0.180157 0.205078 0.182768 0.205078 0.184073 0.206055 0.185379 0.206055 0.186684 0.208008 0.189295 0.208008 0.190601 0.208984 0.191906 0.209961 0.191906 0.212891 0.195822 0.214844 0.195822 0.215820 0.197128 0.217773 0.197128 0.218750 0.198433 0.220703 0.198433 0.221680 0.199739 0.226562 0.199739 0.227539 0.198433 0.228516 0.198433 0.234375 0.190601 0.234375 0.180157 0.231445 0.173629 0.231445 0.168407 0.230469 0.167102 0.230469 0.156658 0.231445 0.155352 0.231445 0.152742 0.230469 0.151436 0.230469 0.150131
0 0.235352 0.202350 0.235352 0.203655 0.232422 0.207572 0.232422 0.208877 0.230469 0.211488 0.230469 0.212794 0.228516 0.215405 0.228516 0.216710 0.226562 0.219321 0.226562 0.220627 0.225586 0.221932 0.225586 0.238903 0.228516 0.242820 0.232422 0.242820 0.233398 0.244125 0.240234 0.244125 0.241211 0.245431 0.249023 0.245431 0.250000 0.246736 0.251953 0.246736 0.252930 0.245431 0.253906 0.245431 0.255859 0.242820 0.255859 0.241514 0.257812 0.237598 0.257812 0.224543 0.256836 0.223238 0.256836 0.220627 0.255859 0.219321 0.255859 0.215405 0.254883 0.214099 0.254883 0.211488 0.253906 0.210183 0.253906 0.208877 0.250977 0.206266 0.241211 0.206266 0.240234 0.204961 0.239258 0.204961 0.237305 0.202350
0 0.259766 0.244125 0.257812 0.246736 0.256836 0.246736 0.253906 0.250653 0.253906 0.251958 0.252930 0.253264 0.252930 0.254569 0.250977 0.258486 0.250977 0.261097 0.250000 0.262402 0.250000 0.266319 0.249023 0.267624 0.249023 0.272846 0.250000 0.274151 0.250000 0.275457 0.252930 0.276762 0.254883 0.279373 0.255859 0.279373 0.258789 0.281984 0.260742 0.281984 0.261719 0.283290 0.263672 0.283290 0.264648 0.284595 0.266602 0.284595 0.267578 0.285901 0.272461 0.285901 0.273438 0.287206 0.277344 0.287206 0.278320 0.285901 0.278320 0.283290 0.279297 0.281984 0.279297 0.279373 0.280273 0.278068 0.280273 0.275457 0.281250 0.274151 0.281250 0.261097 0.278320 0.257180 0.278320 0.255875 0.277344 0.254569 0.277344 0.253264 0.276367 0.251958 0.275391 0.248042 0.270508 0.241514 0.265625 0.241514 0.262695 0.244125
0 0.290039 0.240209 0.288086 0.242820 0.287109 0.242820 0.286133 0.244125 0.286133 0.245431 0.284180 0.249347 0.284180 0.254569 0.283203 0.255875 0.283203 0.265013 0.284180 0.266319 0.284180 0.270235 0.285156 0.271540 0.285156 0.272846 0.286133 0.272846 0.292969 0.281984 0.293945 0.281984 0.294922 0.283290 0.296875 0.283290 0.297852 0.284595 0.298828 0.284595 0.301758 0.287206 0.304688 0.287206 0.305664 0.288512 0.306641 0.288512 0.307617 0.287206 0.309570 0.287206 0.309570 0.285901 0.311523 0.281984 0.311523 0.276762 0.310547 0.275457 0.310547 0.267624 0.309570 0.266319 0.309570 0.261097 0.308594 0.259791 0.308594 0.254569 0.307617 0.253264 0.307617 0.250653 0.305664 0.248042 0.305664 0.246736 0.302734 0.242820 0.301758 0.242820 0.298828 0.240209
0 0.287109 0.281984 0.284180 0.285901 0.284180 0.287206 0.282227 0.289817 0.281250 0.289817 0.281250 0.291123 0.280273 0.292428 0.280273 0.295039 0.277344 0.297650 0.277344 0.298956 0.276367 0.300261 0.276367 0.304178 0.278320 0.306789 0.279297 0.306789 0.280273 0.308094 0.281250 0.308094 0.282227 0.309399 0.283203 0.309399 0.285156 0.312010 0.286133 0.312010 0.287109 0.313316 0.289062 0.313316 0.290039 0.314621 0.291992 0.314621 0.292969 0.315927 0.295898 0.315927 0.296875 0.317232 0.298828 0.317232 0.300781 0.314621 0.301758 0.314621 0.304688 0.312010 0.306641 0.312010 0.308594 0.309399 0.308594 0.292428 0.305664 0.289817 0.303711 0.289817 0.302734 0.288512 0.300781 0.288512 0.299805 0.287206 0.298828 0.287206 0.297852 0.285901 0.296875 0.285901 0.295898 0.284595 0.294922 0.284595 0.293945 0.283290 0.292969 0.283290 0.291016 0.280679 0.290039 0.280679 0.289062 0.281984
0 0.318359 0.275457 0.317383 0.276762 0.316406 0.280679 0.314453 0.283290 0.314453 0.284595 0.311523 0.288512 0.311523 0.289817 0.310547 0.291123 0.310547 0.310705 0.311523 0.310705 0.312500 0.312010 0.314453 0.312010 0.315430 0.313316 0.319336 0.313316 0.320312 0.314621 0.327148 0.314621 0.328125 0.315927 0.338867 0.315927 0.339844 0.314621 0.339844 0.313316 0.340820 0.312010 0.340820 0.310705 0.343750 0.304178 0.343750 0.297650 0.342773 0.296345 0.342773 0.281984 0.339844 0.278068 0.337891 0.278068 0.336914 0.276762 0.332031 0.276762 0.331055 0.275457 0.323242 0.275457 0.322266 0.274151 0.320312 0.274151 0.319336 0.275457
0 0.311523 0.319843 0.311523 0.321149 0.310547 0.322454 0.310547 0.328982 0.311523 0.330287 0.311523 0.334204 0.312500 0.335509 0.312500 0.336815 0.316406 0.342037 0.317383 0.342037 0.320312 0.344648 0.328125 0.344648 0.329102 0.345953 0.331055 0.345953 0.332031 0.344648 0.336914 0.344648 0.338867 0.342037 0.339844 0.342037 0.339844 0.338120 0.338867 0.336815 0.338867 0.327676 0.339844 0.326371 0.339844 0.323760 0.338867 0.322454 0.338867 0.319843 0.337891 0.318538 0.335938 0.318538 0.334961 0.317232 0.324219 0.317232 0.323242 0.315927 0.317383 0.315927 0.316406 0.317232 0.314453 0.317232
0 0.348633 0.298956 0.347656 0.300261 0.347656 0.301567 0.346680 0.302872 0.345703 0.306789 0.343750 0.309399 0.343750 0.310705 0.342773 0.312010 0.342773 0.314621 0.341797 0.315927 0.341797 0.319843 0.340820 0.321149 0.340820 0.328982 0.339844 0.330287 0.339844 0.331593 0.340820 0.332898 0.340820 0.338120 0.342773 0.340731 0.344727 0.340731 0.347656 0.343342 0.350586 0.343342 0.351562 0.344648 0.362305 0.344648 0.365234 0.342037 0.367188 0.342037 0.370117 0.338120 0.370117 0.335509 0.371094 0.334204 0.371094 0.323760 0.370117 0.322454 0.370117 0.319843 0.368164 0.317232 0.368164 0.314621 0.362305 0.306789 0.361328 0.306789 0.357422 0.301567 0.356445 0.301567 0.353516 0.298956
0 0.367188 0.274151 0.366211 0.275457 0.366211 0.276762 0.364258 0.279373 0.364258 0.280679 0.362305 0.283290 0.362305 0.288512 0.363281 0.289817 0.363281 0.292428 0.364258 0.293734 0.364258 0.297650 0.365234 0.298956 0.365234 0.301567 0.366211 0.302872 0.366211 0.305483 0.368164 0.309399 0.368164 0.312010 0.369141 0.313316 0.369141 0.315927 0.370117 0.317232 0.371094 0.321149 0.375977 0.327676 0.380859 0.327676 0.382812 0.325065 0.382812 0.323760 0.385742 0.319843 0.385742 0.315927 0.387695 0.312010 0.387695 0.308094 0.388672 0.306789 0.388672 0.300261 0.389648 0.298956 0.389648 0.285901 0.388672 0.284595 0.387695 0.280679 0.384766 0.276762 0.376953 0.276762 0.375977 0.275457 0.374023 0.275457 0.373047 0.274151
0 0.360352 0.240209 0.357422 0.240209 0.356445 0.241514 0.351562 0.241514 0.350586 0.242820 0.345703 0.242820 0.344727 0.244125 0.341797 0.244125 0.340820 0.245431 0.339844 0.245431 0.337891 0.248042 0.337891 0.254569 0.336914 0.255875 0.336914 0.263708 0.337891 0.265013 0.337891 0.266319 0.338867 0.267624 0.339844 0.267624 0.341797 0.270235 0.342773 0.270235 0.345703 0.274151 0.346680 0.274151 0.347656 0.275457 0.348633 0.275457 0.349609 0.276762 0.350586 0.276762 0.353516 0.279373 0.355469 0.279373 0.356445 0.278068 0.359375 0.278068 0.360352 0.276762 0.363281 0.275457 0.367188 0.270235 0.367188 0.268930 0.370117 0.265013 0.370117 0.262402 0.371094 0.261097 0.371094 0.255875 0.372070 0.254569 0.372070 0.250653 0.371094 0.249347 0.371094 0.248042 0.370117 0.246736 0.367188 0.245431 0.365234 0.242820 0.364258 0.242820 0.363281 0.241514 0.361328 0.241514
0 0.233398 0.142298 0.232422 0.143603 0.232422 0.157963 0.231445 0.159269 0.231445 0.165796 0.232422 0.167102 0.232422 0.172324 0.233398 0.173629 0.234375 0.177546 0.236328 0.180157 0.237305 0.180157 0.245117 0.190601 0.247070 0.190601 0.248047 0.191906 0.256836 0.191906 0.257812 0.190601 0.259766 0.190601 0.260742 0.189295 0.261719 0.189295 0.261719 0.186684 0.262695 0.185379 0.262695 0.184073 0.264648 0.181462 0.264648 0.180157 0.266602 0.176240 0.266602 0.173629 0.267578 0.172324 0.267578 0.165796 0.261719 0.157963 0.260742 0.157963 0.259766 0.156658 0.254883 0.154047 0.252930 0.151436 0.251953 0.151436 0.250000 0.148825 0.249023 0.148825 0.245117 0.143603 0.244141 0.143603 0.243164 0.142298 0.241211 0.142298 0.240234 0.140992 0.236328 0.140992 0.235352 0.142298
0 0.279297 0.152742 0.278320 0.154047 0.278320 0.159269 0.277344 0.160574 0.277344 0.161880 0.275391 0.164491 0.275391 0.169713 0.274414 0.171018 0.274414 0.177546 0.273438 0.178851 0.273438 0.185379 0.274414 0.186684 0.275391 0.190601 0.278320 0.193211 0.291016 0.193211 0.291992 0.194517 0.296875 0.194517 0.297852 0.193211 0.298828 0.193211 0.299805 0.194517 0.302734 0.194517 0.304688 0.191906 0.304688 0.189295 0.305664 0.187990 0.305664 0.186684 0.306641 0.185379 0.306641 0.182768 0.307617 0.181462 0.307617 0.167102 0.306641 0.165796 0.306641 0.163185 0.304688 0.160574 0.304688 0.159269 0.299805 0.154047 0.298828 0.154047 0.293945 0.150131 0.287109 0.150131 0.284180 0.152742
0 0.274414 0.194517 0.269531 0.201044 0.269531 0.202350 0.266602 0.206266 0.266602 0.208877 0.265625 0.210183 0.265625 0.212794 0.266602 0.214099 0.266602 0.216710 0.269531 0.220627 0.269531 0.221932 0.270508 0.223238 0.271484 0.223238 0.276367 0.229765 0.277344 0.229765 0.278320 0.231070 0.285156 0.231070 0.286133 0.229765 0.291016 0.229765 0.291992 0.228460 0.291992 0.227154 0.292969 0.225849 0.292969 0.224543 0.296875 0.219321 0.296875 0.216710 0.297852 0.215405 0.297852 0.208877 0.296875 0.207572 0.296875 0.204961 0.295898 0.203655 0.295898 0.201044 0.294922 0.199739 0.294922 0.197128 0.293945 0.195822 0.289062 0.195822 0.288086 0.194517 0.285156 0.194517 0.284180 0.195822 0.281250 0.195822 0.280273 0.194517
0 0.308594 0.206266 0.307617 0.207572 0.307617 0.208877 0.301758 0.216710 0.301758 0.218016 0.300781 0.219321 0.300781 0.223238 0.301758 0.224543 0.301758 0.229765 0.302734 0.231070 0.302734 0.233681 0.303711 0.234987 0.303711 0.237598 0.304688 0.238903 0.305664 0.242820 0.312500 0.251958 0.312500 0.253264 0.313477 0.254569 0.316406 0.254569 0.317383 0.255875 0.318359 0.254569 0.320312 0.254569 0.321289 0.253264 0.322266 0.253264 0.324219 0.250653 0.324219 0.249347 0.328125 0.244125 0.328125 0.241514 0.329102 0.240209 0.329102 0.238903 0.332031 0.234987 0.332031 0.233681 0.335938 0.227154 0.335938 0.221932 0.333984 0.219321 0.333984 0.218016 0.328125 0.210183 0.326172 0.210183 0.325195 0.208877 0.321289 0.208877 0.320312 0.207572 0.315430 0.207572 0.314453 0.206266
0 0.326172 0.151436 0.325195 0.152742 0.323242 0.152742 0.322266 0.154047 0.321289 0.154047 0.317383 0.159269 0.317383 0.160574 0.316406 0.161880 0.315430 0.165796 0.311523 0.172324 0.311523 0.176240 0.312500 0.177546 0.312500 0.178851 0.315430 0.182768 0.315430 0.184073 0.316406 0.185379 0.316406 0.186684 0.317383 0.187990 0.318359 0.191906 0.320312 0.194517 0.320312 0.195822 0.323242 0.199739 0.324219 0.199739 0.327148 0.202350 0.329102 0.202350 0.330078 0.203655 0.331055 0.202350 0.333008 0.202350 0.335938 0.198433 0.335938 0.197128 0.337891 0.194517 0.337891 0.193211 0.341797 0.186684 0.341797 0.185379 0.344727 0.178851 0.344727 0.176240 0.345703 0.174935 0.345703 0.173629 0.344727 0.172324 0.344727 0.171018 0.343750 0.169713 0.343750 0.168407 0.342773 0.167102 0.342773 0.165796 0.341797 0.164491 0.340820 0.160574 0.336914 0.155352 0.335938 0.155352 0.334961 0.154047 0.332031 0.154047 0.331055 0.152742 0.327148 0.152742
0 0.356445 0.182768 0.354492 0.185379 0.353516 0.185379 0.351562 0.187990 0.351562 0.189295 0.335938 0.210183 0.335938 0.212794 0.336914 0.214099 0.336914 0.216710 0.338867 0.219321 0.341797 0.220627 0.348633 0.228460 0.349609 0.228460 0.350586 0.229765 0.351562 0.229765 0.353516 0.232376 0.354492 0.232376 0.355469 0.233681 0.355469 0.234987 0.357422 0.237598 0.360352 0.233681 0.361328 0.233681 0.366211 0.229765 0.368164 0.229765 0.369141 0.228460 0.372070 0.227154 0.374023 0.224543 0.375000 0.220627 0.376953 0.218016 0.376953 0.216710 0.377930 0.215405 0.377930 0.211488 0.376953 0.210183 0.376953 0.208877 0.374023 0.204961 0.373047 0.201044 0.366211 0.191906 0.365234 0.191906 0.361328 0.186684 0.360352 0.186684 0.357422 0.182768
0 0.383789 0.138381 0.382812 0.139687 0.378906 0.139687 0.377930 0.140992 0.371094 0.140992 0.370117 0.142298 0.368164 0.142298 0.366211 0.144909 0.366211 0.146214 0.363281 0.150131 0.363281 0.151436 0.361328 0.155352 0.361328 0.160574 0.360352 0.161880 0.360352 0.165796 0.361328 0.167102 0.361328 0.173629 0.362305 0.174935 0.363281 0.178851 0.368164 0.185379 0.371094 0.185379 0.372070 0.186684 0.373047 0.186684 0.374023 0.185379 0.375977 0.185379 0.376953 0.184073 0.378906 0.184073 0.379883 0.182768 0.380859 0.182768 0.381836 0.181462 0.384766 0.180157 0.386719 0.177546 0.387695 0.177546 0.390625 0.173629 0.393555 0.172324 0.395508 0.168407 0.395508 0.164491 0.394531 0.163185 0.394531 0.159269 0.391602 0.152742 0.391602 0.150131 0.388672 0.146214 0.387695 0.146214 0.385742 0.143603 0.385742 0.142298
0 0.388672 0.184073 0.385742 0.187990 0.385742 0.189295 0.381836 0.194517 0.381836 0.197128 0.382812 0.198433 0.382812 0.203655 0.383789 0.204961 0.383789 0.208877 0.384766 0.210183 0.384766 0.218016 0.385742 0.219321 0.385742 0.225849 0.386719 0.227154 0.386719 0.229765 0.388672 0.232376 0.392578 0.232376 0.393555 0.233681 0.400391 0.233681 0.401367 0.232376 0.403320 0.232376 0.404297 0.231070 0.407227 0.231070 0.408203 0.229765 0.410156 0.229765 0.412109 0.227154 0.412109 0.219321 0.413086 0.218016 0.413086 0.215405 0.414062 0.214099 0.414062 0.212794 0.415039 0.211488 0.416016 0.211488 0.416016 0.210183 0.411133 0.203655 0.410156 0.203655 0.404297 0.195822 0.403320 0.195822 0.402344 0.194517 0.402344 0.193211 0.401367 0.191906 0.401367 0.189295 0.400391 0.187990 0.400391 0.186684 0.398438 0.184073
0 0.409180 0.164491 0.407227 0.167102 0.405273 0.173629 0.403320 0.176240 0.403320 0.177546 0.402344 0.178851 0.402344 0.182768 0.401367 0.184073 0.401367 0.185379 0.402344 0.186684 0.402344 0.190601 0.403320 0.191906 0.404297 0.195822 0.405273 0.195822 0.408203 0.199739 0.411133 0.201044 0.416016 0.207572 0.416992 0.207572 0.417969 0.208877 0.419922 0.208877 0.420898 0.210183 0.421875 0.210183 0.422852 0.211488 0.424805 0.211488 0.425781 0.212794 0.432617 0.212794 0.435547 0.208877 0.435547 0.207572 0.436523 0.206266 0.436523 0.193211 0.437500 0.191906 0.437500 0.185379 0.439453 0.181462 0.438477 0.177546 0.434570 0.172324 0.433594 0.172324 0.430664 0.168407 0.429688 0.168407 0.426758 0.165796 0.422852 0.165796 0.421875 0.164491 0.419922 0.164491 0.418945 0.163185 0.411133 0.163185 0.410156 0.164491
0 0.406250 0.241514 0.405273 0.242820 0.403320 0.242820 0.401367 0.245431 0.400391 0.245431 0.399414 0.246736 0.399414 0.248042 0.395508 0.253264 0.395508 0.254569 0.392578 0.258486 0.392578 0.259791 0.391602 0.261097 0.391602 0.265013 0.392578 0.266319 0.392578 0.271540 0.393555 0.272846 0.393555 0.276762 0.394531 0.278068 0.394531 0.280679 0.401367 0.289817 0.402344 0.289817 0.407227 0.293734 0.411133 0.293734 0.416016 0.287206 0.416016 0.285901 0.416992 0.284595 0.416992 0.283290 0.417969 0.281984 0.418945 0.278068 0.420898 0.275457 0.420898 0.274151 0.422852 0.270235 0.422852 0.267624 0.423828 0.266319 0.423828 0.258486 0.422852 0.257180 0.421875 0.253264 0.417969 0.248042 0.416992 0.248042 0.416016 0.246736 0.415039 0.242820 0.414062 0.242820 0.413086 0.241514
0 0.435547 0.245431 0.434570 0.246736 0.434570 0.248042 0.432617 0.250653 0.432617 0.251958 0.430664 0.254569 0.429688 0.254569 0.428711 0.255875 0.428711 0.257180 0.426758 0.259791 0.426758 0.262402 0.425781 0.263708 0.425781 0.266319 0.424805 0.267624 0.424805 0.270235 0.425781 0.271540 0.425781 0.274151 0.429688 0.279373 0.429688 0.280679 0.438477 0.292428 0.439453 0.292428 0.441406 0.295039 0.442383 0.295039 0.443359 0.296345 0.452148 0.296345 0.454102 0.292428 0.454102 0.289817 0.455078 0.288512 0.455078 0.284595 0.456055 0.283290 0.456055 0.280679 0.457031 0.279373 0.457031 0.276762 0.458008 0.275457 0.458008 0.259791 0.457031 0.258486 0.457031 0.257180 0.455078 0.254569 0.453125 0.254569 0.452148 0.253264 0.451172 0.253264 0.449219 0.250653 0.448242 0.250653 0.443359 0.246736 0.441406 0.246736 0.440430 0.245431
0 0.419922 0.302872 0.417969 0.302872 0.416992 0.304178 0.414062 0.304178 0.411133 0.306789 0.408203 0.306789 0.407227 0.308094 0.405273 0.308094 0.403320 0.310705 0.403320 0.312010 0.402344 0.313316 0.402344 0.315927 0.401367 0.317232 0.401367 0.319843 0.400391 0.321149 0.400391 0.331593 0.401367 0.332898 0.401367 0.336815 0.402344 0.338120 0.402344 0.339426 0.404297 0.342037 0.405273 0.342037 0.408203 0.344648 0.410156 0.344648 0.411133 0.345953 0.414062 0.345953 0.415039 0.344648 0.418945 0.344648 0.419922 0.343342 0.424805 0.343342 0.425781 0.342037 0.427734 0.342037 0.428711 0.340731 0.431641 0.339426 0.433594 0.336815 0.433594 0.334204 0.434570 0.332898 0.434570 0.330287 0.433594 0.328982 0.433594 0.322454 0.432617 0.321149 0.432617 0.317232 0.430664 0.314621 0.430664 0.313316 0.426758 0.308094 0.425781 0.308094 0.422852 0.304178 0.420898 0.304178
0 0.375000 0.335509 0.372070 0.339426 0.372070 0.340731 0.371094 0.342037 0.371094 0.344648 0.370117 0.345953 0.370117 0.348564 0.369141 0.349869 0.369141 0.362924 0.370117 0.364230 0.370117 0.365535 0.372070 0.368146 0.372070 0.369452 0.373047 0.369452 0.374023 0.370757 0.376953 0.372063 0.380859 0.377285 0.381836 0.377285 0.382812 0.378590 0.384766 0.378590 0.385742 0.379896 0.388672 0.379896 0.389648 0.378590 0.392578 0.378590 0.393555 0.377285 0.396484 0.375979 0.397461 0.374674 0.397461 0.373368 0.399414 0.369452 0.399414 0.366841 0.400391 0.365535 0.400391 0.347258 0.398438 0.343342 0.398438 0.340731 0.397461 0.339426 0.397461 0.338120 0.396484 0.338120 0.395508 0.336815 0.393555 0.336815 0.392578 0.335509 0.391602 0.335509 0.390625 0.334204 0.388672 0.334204 0.387695 0.332898 0.380859 0.332898 0.379883 0.334204 0.376953 0.334204 0.375977 0.335509
0 0.333984 0.360313 0.333984 0.361619 0.332031 0.365535 0.332031 0.369452 0.333984 0.372063 0.333984 0.373368 0.334961 0.374674 0.334961 0.375979 0.335938 0.377285 0.336914 0.381201 0.338867 0.383812 0.339844 0.383812 0.340820 0.385117 0.342773 0.385117 0.343750 0.386423 0.348633 0.386423 0.349609 0.387728 0.350586 0.387728 0.352539 0.390339 0.352539 0.391645 0.353516 0.391645 0.354492 0.390339 0.355469 0.390339 0.356445 0.389034 0.357422 0.389034 0.358398 0.387728 0.361328 0.386423 0.365234 0.379896 0.365234 0.375979 0.366211 0.374674 0.366211 0.368146 0.365234 0.366841 0.364258 0.362924 0.360352 0.357702 0.358398 0.357702 0.357422 0.356397 0.346680 0.356397 0.345703 0.355091 0.338867 0.355091 0.337891 0.356397 0.336914 0.356397
0 0.364258 0.386423 0.364258 0.394256 0.366211 0.396867 0.366211 0.398172 0.369141 0.402089 0.369141 0.403394 0.370117 0.404700 0.371094 0.404700 0.374023 0.408616 0.375000 0.408616 0.375977 0.409922 0.378906 0.409922 0.379883 0.411227 0.381836 0.411227 0.382812 0.412533 0.389648 0.412533 0.390625 0.411227 0.392578 0.411227 0.394531 0.408616 0.395508 0.408616 0.397461 0.406005 0.397461 0.404700 0.398438 0.403394 0.398438 0.400783 0.399414 0.399478 0.399414 0.395561 0.398438 0.394256 0.398438 0.389034 0.393555 0.382507 0.392578 0.382507 0.391602 0.381201 0.390625 0.382507 0.387695 0.382507 0.386719 0.381201 0.382812 0.381201 0.381836 0.379896 0.378906 0.379896 0.377930 0.381201 0.374023 0.381201 0.373047 0.382507 0.370117 0.382507 0.369141 0.383812 0.367188 0.383812
0 0.416016 0.399478 0.415039 0.399478 0.414062 0.400783 0.412109 0.400783 0.411133 0.402089 0.410156 0.402089 0.407227 0.406005 0.406250 0.406005 0.404297 0.408616 0.404297 0.409922 0.402344 0.412533 0.402344 0.413838 0.401367 0.415144 0.401367 0.425587 0.402344 0.426893 0.402344 0.428198 0.410156 0.438642 0.414062 0.438642 0.415039 0.439948 0.416016 0.438642 0.417969 0.438642 0.418945 0.437337 0.419922 0.437337 0.420898 0.436031 0.421875 0.436031 0.423828 0.433420 0.424805 0.433420 0.426758 0.430809 0.429688 0.430809 0.432617 0.426893 0.432617 0.425587 0.433594 0.424282 0.433594 0.422977 0.432617 0.421671 0.432617 0.415144 0.431641 0.413838 0.431641 0.412533 0.430664 0.411227 0.430664 0.409922 0.428711 0.407311 0.428711 0.406005 0.427734 0.404700 0.426758 0.404700 0.423828 0.402089 0.421875 0.402089 0.420898 0.400783 0.416992 0.400783
0 0.407227 0.360313 0.407227 0.361619 0.405273 0.364230 0.405273 0.365535 0.404297 0.366841 0.404297 0.373368 0.405273 0.374674 0.405273 0.375979 0.407227 0.378590 0.408203 0.378590 0.416016 0.389034 0.416992 0.389034 0.422852 0.396867 0.431641 0.396867 0.432617 0.395561 0.435547 0.394256 0.439453 0.389034 0.439453 0.387728 0.442383 0.381201 0.442383 0.378590 0.443359 0.377285 0.443359 0.364230 0.442383 0.362924 0.442383 0.361619 0.438477 0.356397 0.434570 0.356397 0.429688 0.352480 0.416992 0.352480 0.416016 0.353786 0.414062 0.353786 0.413086 0.355091 0.412109 0.355091 0.408203 0.360313
0 0.387695 0.428198 0.385742 0.430809 0.384766 0.430809 0.383789 0.432115 0.383789 0.433420 0.379883 0.438642 0.379883 0.439948 0.378906 0.441253 0.378906 0.443864 0.377930 0.445170 0.377930 0.450392 0.378906 0.451697 0.378906 0.458225 0.379883 0.459530 0.379883 0.460836 0.381836 0.463446 0.382812 0.463446 0.385742 0.467363 0.386719 0.467363 0.387695 0.468668 0.389648 0.468668 0.391602 0.471279 0.392578 0.471279 0.393555 0.472585 0.402344 0.472585 0.403320 0.471279 0.406250 0.469974 0.408203 0.467363 0.408203 0.466057 0.410156 0.463446 0.410156 0.462141 0.411133 0.460836 0.411133 0.450392 0.410156 0.449086 0.410156 0.446475 0.409180 0.445170 0.409180 0.442559 0.399414 0.429504 0.398438 0.429504 0.397461 0.428198
0 0.344727 0.467363 0.342773 0.471279 0.342773 0.480418 0.343750 0.481723 0.343750 0.483029 0.345703 0.485640 0.346680 0.485640 0.349609 0.489556 0.350586 0.489556 0.352539 0.492167 0.353516 0.492167 0.354492 0.493473 0.357422 0.493473 0.358398 0.494778 0.362305 0.494778 0.363281 0.496084 0.364258 0.496084 0.366211 0.493473 0.367188 0.493473 0.370117 0.489556 0.371094 0.489556 0.372070 0.488251 0.373047 0.488251 0.374023 0.486945 0.376953 0.485640 0.376953 0.484334 0.377930 0.483029 0.377930 0.480418 0.378906 0.479112 0.378906 0.476501 0.377930 0.475196 0.377930 0.472585 0.376953 0.471279 0.376953 0.469974 0.374023 0.466057 0.374023 0.464752 0.372070 0.462141 0.371094 0.462141 0.370117 0.460836 0.361328 0.460836 0.360352 0.462141 0.358398 0.462141 0.357422 0.463446 0.353516 0.463446 0.352539 0.464752 0.349609 0.464752 0.348633 0.466057 0.346680 0.466057 0.345703 0.467363
0 0.376953 0.502611 0.376953 0.509138 0.379883 0.513055 0.379883 0.515666 0.380859 0.516971 0.381836 0.516971 0.383789 0.519582 0.385742 0.519582 0.388672 0.522193 0.391602 0.522193 0.392578 0.523499 0.396484 0.523499 0.397461 0.524804 0.404297 0.524804 0.405273 0.523499 0.406250 0.523499 0.408203 0.520888 0.408203 0.519582 0.409180 0.518277 0.409180 0.515666 0.411133 0.513055 0.411133 0.511749 0.412109 0.510444 0.412109 0.503916 0.411133 0.502611 0.411133 0.501305 0.408203 0.498695 0.408203 0.497389 0.407227 0.496084 0.406250 0.492167 0.403320 0.489556 0.399414 0.489556 0.398438 0.488251 0.391602 0.488251 0.390625 0.489556 0.387695 0.489556 0.386719 0.490862 0.384766 0.490862 0.383789 0.492167 0.383789 0.493473
0 0.356445 0.515666 0.356445 0.516971 0.355469 0.518277 0.355469 0.522193 0.354492 0.523499 0.354492 0.524804 0.355469 0.526110 0.355469 0.531332 0.356445 0.532637 0.356445 0.535248 0.360352 0.543081 0.361328 0.543081 0.362305 0.544386 0.364258 0.544386 0.365234 0.545692 0.367188 0.545692 0.368164 0.546997 0.375977 0.546997 0.376953 0.545692 0.380859 0.545692 0.381836 0.544386 0.382812 0.544386 0.383789 0.543081 0.384766 0.543081 0.384766 0.541775 0.385742 0.540470 0.385742 0.537859 0.386719 0.536554 0.386719 0.533943 0.385742 0.532637 0.385742 0.531332 0.378906 0.522193 0.377930 0.522193 0.376953 0.520888 0.375977 0.520888 0.374023 0.518277 0.373047 0.518277 0.370117 0.514360 0.369141 0.514360 0.366211 0.511749 0.359375 0.511749
0 0.378906 0.552219 0.378906 0.553525 0.377930 0.554830 0.377930 0.569191 0.380859 0.573107 0.381836 0.573107 0.384766 0.575718 0.386719 0.575718 0.387695 0.577023 0.390625 0.577023 0.391602 0.578329 0.399414 0.578329 0.400391 0.577023 0.402344 0.577023 0.403320 0.575718 0.404297 0.575718 0.406250 0.573107 0.406250 0.571802 0.410156 0.566580 0.410156 0.563969 0.408203 0.561358 0.405273 0.561358 0.404297 0.560052 0.403320 0.560052 0.399414 0.554830 0.399414 0.552219 0.398438 0.550914 0.398438 0.549608 0.396484 0.546997 0.395508 0.546997 0.392578 0.544386 0.387695 0.544386 0.384766 0.548303 0.383789 0.548303 0.382812 0.549608 0.381836 0.549608
0 0.403320 0.528721 0.403320 0.530026 0.402344 0.531332 0.402344 0.532637 0.400391 0.535248 0.400391 0.537859 0.399414 0.539164 0.399414 0.541775 0.398438 0.543081 0.398438 0.549608 0.399414 0.550914 0.399414 0.553525 0.400391 0.554830 0.400391 0.556136 0.402344 0.558747 0.405273 0.558747 0.406250 0.560052 0.418945 0.560052 0.419922 0.558747 0.422852 0.558747 0.423828 0.557441 0.425781 0.557441 0.427734 0.554830 0.427734 0.548303 0.429688 0.544386 0.429688 0.536554 0.426758 0.532637 0.425781 0.532637 0.424805 0.531332 0.422852 0.531332 0.421875 0.530026 0.419922 0.530026 0.418945 0.528721 0.416992 0.528721 0.416016 0.527415 0.409180 0.527415 0.408203 0.526110 0.407227 0.527415 0.405273 0.527415 0.404297 0.528721
0 0.413086 0.563969 0.413086 0.567885 0.414062 0.569191 0.414062 0.578329 0.416992 0.582245 0.417969 0.582245 0.418945 0.583551 0.419922 0.583551 0.420898 0.584856 0.421875 0.584856 0.422852 0.586162 0.423828 0.586162 0.424805 0.587467 0.430664 0.587467 0.431641 0.586162 0.438477 0.586162 0.439453 0.584856 0.439453 0.583551 0.440430 0.582245 0.440430 0.580940 0.439453 0.579634 0.439453 0.565274 0.438477 0.563969 0.438477 0.562663 0.437500 0.562663 0.434570 0.558747 0.433594 0.558747 0.432617 0.557441 0.426758 0.557441 0.425781 0.558747 0.424805 0.558747 0.423828 0.560052 0.417969 0.560052 0.416992 0.561358 0.415039 0.561358
0 0.453125 0.560052 0.452148 0.561358 0.450195 0.561358 0.446289 0.566580 0.445312 0.566580 0.443359 0.569191 0.442383 0.569191 0.441406 0.570496 0.441406 0.580940 0.442383 0.582245 0.442383 0.583551 0.443359 0.584856 0.443359 0.586162 0.444336 0.587467 0.444336 0.588773 0.445312 0.588773 0.446289 0.590078 0.450195 0.590078 0.451172 0.591384 0.457031 0.591384 0.458008 0.592689 0.458984 0.591384 0.459961 0.591384 0.461914 0.588773 0.462891 0.588773 0.468750 0.580940 0.468750 0.573107 0.467773 0.571802 0.467773 0.569191 0.466797 0.567885 0.466797 0.566580 0.462891 0.561358 0.461914 0.561358 0.460938 0.560052
0 0.444336 0.514360 0.443359 0.515666 0.442383 0.515666 0.440430 0.518277 0.440430 0.524804 0.439453 0.526110 0.439453 0.527415 0.437500 0.530026 0.437500 0.537859 0.438477 0.539164 0.438477 0.541775 0.440430 0.544386 0.440430 0.545692 0.442383 0.548303 0.445312 0.548303 0.446289 0.549608 0.451172 0.549608 0.452148 0.548303 0.455078 0.548303 0.463867 0.536554 0.463867 0.528721 0.462891 0.528721 0.460938 0.526110 0.459961 0.526110 0.455078 0.519582 0.455078 0.518277 0.453125 0.515666 0.451172 0.515666 0.450195 0.514360
0 0.478516 0.531332 0.477539 0.531332 0.476562 0.532637 0.475586 0.532637 0.473633 0.535248 0.472656 0.535248 0.470703 0.537859 0.469727 0.537859 0.467773 0.540470 0.467773 0.541775 0.466797 0.543081 0.466797 0.545692 0.465820 0.546997 0.465820 0.553525 0.466797 0.554830 0.466797 0.556136 0.465820 0.557441 0.465820 0.561358 0.468750 0.565274 0.469727 0.565274 0.470703 0.566580 0.471680 0.566580 0.474609 0.570496 0.475586 0.570496 0.476562 0.571802 0.478516 0.571802 0.479492 0.570496 0.480469 0.570496 0.483398 0.567885 0.485352 0.567885 0.486328 0.566580 0.488281 0.566580 0.491211 0.562663 0.492188 0.562663 0.494141 0.560052 0.494141 0.558747 0.495117 0.557441 0.495117 0.550914 0.494141 0.549608 0.494141 0.546997 0.493164 0.545692 0.493164 0.540470 0.491211 0.537859 0.490234 0.537859 0.487305 0.535248 0.485352 0.535248 0.482422 0.532637 0.479492 0.532637
0 0.477539 0.577023 0.477539 0.578329 0.476562 0.579634 0.476562 0.584856 0.475586 0.586162 0.475586 0.587467 0.476562 0.588773 0.476562 0.592689 0.480469 0.597911 0.481445 0.597911 0.482422 0.599217 0.483398 0.599217 0.484375 0.600522 0.485352 0.600522 0.488281 0.604439 0.489258 0.604439 0.492188 0.607050 0.500000 0.607050 0.500977 0.605744 0.501953 0.605744 0.501953 0.604439 0.503906 0.600522 0.503906 0.596606 0.504883 0.595300 0.504883 0.588773 0.503906 0.587467 0.503906 0.583551 0.502930 0.582245 0.502930 0.580940 0.497070 0.573107 0.495117 0.573107 0.494141 0.571802 0.490234 0.571802 0.489258 0.573107 0.487305 0.573107 0.486328 0.574413 0.482422 0.574413 0.481445 0.575718 0.479492 0.575718 0.478516 0.577023
0 0.500977 0.550914 0.499023 0.553525 0.499023 0.554830 0.497070 0.558747 0.497070 0.570496 0.503906 0.579634 0.503906 0.580940 0.504883 0.582245 0.508789 0.582245 0.509766 0.583551 0.511719 0.583551 0.512695 0.584856 0.514648 0.584856 0.515625 0.583551 0.518555 0.583551 0.519531 0.582245 0.520508 0.582245 0.522461 0.579634 0.522461 0.575718 0.523438 0.574413 0.523438 0.557441 0.522461 0.556136 0.522461 0.554830 0.521484 0.553525 0.521484 0.552219 0.520508 0.552219 0.518555 0.549608 0.516602 0.549608 0.515625 0.548303 0.510742 0.548303 0.509766 0.546997 0.508789 0.546997 0.507812 0.548303 0.505859 0.548303 0.502930 0.550914
0 0.506836 0.596606 0.506836 0.597911 0.507812 0.599217 0.507812 0.605744 0.508789 0.607050 0.508789 0.608355 0.510742 0.610966 0.512695 0.610966 0.515625 0.614883 0.516602 0.614883 0.517578 0.616188 0.518555 0.616188 0.521484 0.618799 0.531250 0.618799 0.532227 0.620104 0.533203 0.618799 0.535156 0.618799 0.536133 0.617493 0.536133 0.614883 0.537109 0.613577 0.537109 0.600522 0.536133 0.599217 0.536133 0.596606 0.535156 0.595300 0.535156 0.593995 0.534180 0.592689 0.534180 0.591384 0.533203 0.590078 0.533203 0.588773 0.529297 0.583551 0.527344 0.583551 0.526367 0.582245 0.524414 0.582245 0.521484 0.584856 0.519531 0.584856 0.518555 0.586162 0.516602 0.586162 0.515625 0.587467 0.514648 0.587467 0.512695 0.590078 0.511719 0.590078
0 0.459961 0.488251 0.458984 0.489556 0.457031 0.489556 0.456055 0.490862 0.455078 0.490862 0.453125 0.493473 0.453125 0.497389 0.454102 0.498695 0.454102 0.505222 0.455078 0.506527 0.455078 0.513055 0.456055 0.514360 0.456055 0.519582 0.459961 0.524804 0.460938 0.524804 0.462891 0.527415 0.463867 0.527415 0.464844 0.528721 0.466797 0.528721 0.467773 0.527415 0.468750 0.527415 0.478516 0.514360 0.478516 0.513055 0.479492 0.511749 0.479492 0.509138 0.480469 0.507833 0.480469 0.501305 0.479492 0.500000 0.479492 0.498695 0.473633 0.490862 0.472656 0.490862 0.469727 0.488251
0 0.430664 0.464752 0.426758 0.469974 0.426758 0.471279 0.425781 0.472585 0.425781 0.473890 0.424805 0.475196 0.424805 0.476501 0.422852 0.479112 0.422852 0.480418 0.420898 0.484334 0.420898 0.489556 0.421875 0.490862 0.421875 0.492167 0.424805 0.496084 0.424805 0.497389 0.427734 0.501305 0.430664 0.501305 0.431641 0.502611 0.438477 0.502611 0.439453 0.501305 0.441406 0.501305 0.442383 0.500000 0.443359 0.500000 0.444336 0.498695 0.445312 0.498695 0.447266 0.496084 0.448242 0.496084 0.451172 0.492167 0.451172 0.490862 0.452148 0.489556 0.452148 0.485640 0.453125 0.484334 0.453125 0.480418 0.452148 0.479112 0.452148 0.477807 0.443359 0.466057 0.438477 0.466057 0.437500 0.464752
0 0.442383 0.419060 0.439453 0.422977 0.438477 0.422977 0.437500 0.424282 0.436523 0.424282 0.434570 0.428198 0.434570 0.445170 0.435547 0.446475 0.435547 0.453003 0.437500 0.456919 0.438477 0.456919 0.441406 0.459530 0.454102 0.459530 0.455078 0.458225 0.455078 0.456919 0.456055 0.455614 0.456055 0.454308 0.457031 0.453003 0.457031 0.451697 0.458984 0.449086 0.459961 0.449086 0.461914 0.446475 0.461914 0.439948 0.460938 0.438642 0.460938 0.434726 0.459961 0.433420 0.459961 0.430809 0.456055 0.425587 0.455078 0.425587 0.454102 0.424282 0.453125 0.424282 0.451172 0.421671 0.449219 0.421671 0.447266 0.419060
0 0.471680 0.443864 0.470703 0.445170 0.469727 0.445170 0.466797 0.449086 0.465820 0.449086 0.465820 0.450392 0.462891 0.454308 0.462891 0.455614 0.460938 0.458225 0.460938 0.468668 0.461914 0.469974 0.461914 0.471279 0.464844 0.475196 0.465820 0.475196 0.469727 0.480418 0.470703 0.480418 0.472656 0.483029 0.474609 0.483029 0.475586 0.484334 0.478516 0.484334 0.479492 0.483029 0.480469 0.483029 0.485352 0.476501 0.486328 0.476501 0.486328 0.475196 0.492188 0.467363 0.492188 0.458225 0.491211 0.456919 0.491211 0.455614 0.485352 0.447781 0.484375 0.447781 0.481445 0.445170 0.477539 0.445170 0.476562 0.443864
0 0.442383 0.390339 0.440430 0.392950 0.440430 0.394256 0.441406 0.395561 0.441406 0.399478 0.442383 0.400783 0.442383 0.403394 0.443359 0.404700 0.443359 0.408616 0.444336 0.409922 0.444336 0.411227 0.445312 0.411227 0.446289 0.412533 0.447266 0.412533 0.450195 0.416449 0.451172 0.416449 0.452148 0.417755 0.455078 0.417755 0.456055 0.419060 0.460938 0.419060 0.461914 0.420366 0.462891 0.419060 0.464844 0.419060 0.465820 0.417755 0.466797 0.417755 0.468750 0.415144 0.468750 0.413838 0.470703 0.411227 0.470703 0.408616 0.472656 0.404700 0.472656 0.399478 0.473633 0.398172 0.472656 0.396867 0.472656 0.392950 0.471680 0.391645 0.471680 0.390339 0.470703 0.389034 0.470703 0.387728 0.469727 0.387728 0.466797 0.385117 0.458984 0.385117 0.458008 0.386423 0.453125 0.386423 0.452148 0.387728 0.447266 0.387728 0.446289 0.389034 0.444336 0.389034 0.443359 0.390339
0 0.482422 0.399478 0.479492 0.403394 0.479492 0.404700 0.478516 0.406005 0.478516 0.408616 0.477539 0.409922 0.477539 0.416449 0.476562 0.417755 0.476562 0.421671 0.475586 0.422977 0.475586 0.430809 0.477539 0.433420 0.478516 0.433420 0.480469 0.436031 0.482422 0.436031 0.483398 0.437337 0.495117 0.437337 0.496094 0.436031 0.497070 0.436031 0.500000 0.432115 0.500000 0.430809 0.501953 0.428198 0.501953 0.426893 0.503906 0.422977 0.503906 0.406005 0.500977 0.402089 0.497070 0.402089 0.496094 0.400783 0.493164 0.400783 0.492188 0.399478 0.488281 0.399478 0.487305 0.398172 0.485352 0.398172 0.484375 0.399478
0 0.524414 0.425587 0.517578 0.425587 0.516602 0.426893 0.515625 0.426893 0.514648 0.428198 0.513672 0.428198 0.512695 0.429504 0.511719 0.429504 0.510742 0.430809 0.509766 0.430809 0.508789 0.432115 0.507812 0.432115 0.506836 0.433420 0.505859 0.433420 0.504883 0.434726 0.503906 0.434726 0.502930 0.436031 0.501953 0.436031 0.501953 0.437337 0.500977 0.438642 0.500977 0.445170 0.502930 0.449086 0.502930 0.451697 0.504883 0.454308 0.504883 0.455614 0.505859 0.456919 0.505859 0.458225 0.507812 0.462141 0.508789 0.462141 0.509766 0.463446 0.511719 0.463446 0.512695 0.464752 0.514648 0.464752 0.515625 0.463446 0.517578 0.463446 0.518555 0.462141 0.520508 0.462141 0.521484 0.460836 0.522461 0.460836 0.523438 0.459530 0.524414 0.459530 0.525391 0.458225 0.526367 0.458225 0.529297 0.454308 0.529297 0.453003 0.530273 0.451697 0.530273 0.450392 0.532227 0.446475 0.532227 0.442559 0.533203 0.441253 0.533203 0.439948 0.532227 0.438642 0.532227 0.436031 0.531250 0.434726 0.531250 0.433420 0.529297 0.430809 0.528320 0.430809
0 0.512695 0.471279 0.511719 0.472585 0.511719 0.473890 0.508789 0.477807 0.508789 0.492167 0.509766 0.493473 0.509766 0.494778 0.511719 0.497389 0.512695 0.497389 0.514648 0.500000 0.515625 0.500000 0.516602 0.501305 0.517578 0.501305 0.520508 0.505222 0.522461 0.505222 0.523438 0.503916 0.528320 0.503916 0.529297 0.502611 0.532227 0.502611 0.533203 0.501305 0.534180 0.501305 0.538086 0.496084 0.538086 0.494778 0.539062 0.493473 0.539062 0.492167 0.540039 0.490862 0.540039 0.489556 0.541016 0.488251 0.541016 0.486945 0.542969 0.483029 0.542969 0.481723 0.537109 0.473890 0.536133 0.473890 0.534180 0.471279 0.532227 0.471279 0.531250 0.469974 0.517578 0.469974 0.516602 0.471279
0 0.491211 0.497389 0.488281 0.501305 0.488281 0.502611 0.487305 0.503916 0.487305 0.507833 0.486328 0.509138 0.486328 0.515666 0.487305 0.516971 0.487305 0.519582 0.488281 0.520888 0.489258 0.520888 0.490234 0.522193 0.491211 0.522193 0.493164 0.524804 0.495117 0.524804 0.496094 0.526110 0.497070 0.526110 0.500000 0.528721 0.501953 0.528721 0.504883 0.531332 0.510742 0.531332 0.511719 0.530026 0.512695 0.530026 0.514648 0.527415 0.514648 0.526110 0.515625 0.524804 0.515625 0.506527 0.506836 0.494778 0.506836 0.493473 0.496094 0.493473 0.495117 0.494778 0.494141 0.494778 0.492188 0.497389
0 0.536133 0.506527 0.535156 0.507833 0.533203 0.507833 0.532227 0.509138 0.531250 0.509138 0.530273 0.510444 0.529297 0.510444 0.528320 0.511749 0.527344 0.511749 0.523438 0.516971 0.522461 0.516971 0.520508 0.519582 0.520508 0.522193 0.519531 0.523499 0.519531 0.530026 0.520508 0.531332 0.520508 0.532637 0.523438 0.536554 0.524414 0.536554 0.525391 0.537859 0.526367 0.537859 0.528320 0.540470 0.529297 0.540470 0.530273 0.541775 0.531250 0.541775 0.533203 0.544386 0.534180 0.544386 0.535156 0.545692 0.538086 0.545692 0.539062 0.546997 0.541992 0.546997 0.543945 0.544386 0.544922 0.544386 0.544922 0.543081 0.547852 0.539164 0.547852 0.537859 0.548828 0.536554 0.548828 0.531332 0.549805 0.530026 0.549805 0.528721 0.548828 0.527415 0.548828 0.519582 0.547852 0.518277 0.547852 0.516971 0.545898 0.514360 0.544922 0.514360 0.541992 0.510444 0.541992 0.509138 0.541016 0.507833 0.538086 0.507833 0.537109 0.506527
0 0.551758 0.490862 0.549805 0.493473 0.549805 0.494778 0.548828 0.496084 0.548828 0.503916 0.549805 0.505222 0.549805 0.520888 0.550781 0.522193 0.550781 0.524804 0.552734 0.527415 0.552734 0.528721 0.554688 0.531332 0.555664 0.531332 0.556641 0.532637 0.563477 0.532637 0.564453 0.531332 0.567383 0.531332 0.568359 0.530026 0.569336 0.530026 0.571289 0.527415 0.572266 0.527415 0.575195 0.523499 0.575195 0.522193 0.576172 0.520888 0.576172 0.516971 0.577148 0.515666 0.577148 0.501305 0.575195 0.498695 0.574219 0.498695 0.573242 0.497389 0.573242 0.496084 0.571289 0.493473 0.571289 0.492167 0.570312 0.492167 0.568359 0.489556 0.562500 0.489556 0.561523 0.490862 0.557617 0.490862 0.556641 0.489556 0.555664 0.489556 0.554688 0.490862
0 0.576172 0.527415 0.572266 0.527415 0.571289 0.528721 0.570312 0.528721 0.569336 0.530026 0.568359 0.530026 0.567383 0.531332 0.566406 0.531332 0.565430 0.532637 0.562500 0.532637 0.561523 0.533943 0.558594 0.533943 0.556641 0.536554 0.555664 0.536554 0.553711 0.539164 0.553711 0.543081 0.556641 0.546997 0.556641 0.548303 0.557617 0.549608 0.557617 0.550914 0.559570 0.553525 0.559570 0.554830 0.560547 0.556136 0.560547 0.557441 0.562500 0.560052 0.575195 0.560052 0.576172 0.558747 0.577148 0.558747 0.578125 0.557441 0.578125 0.556136 0.579102 0.554830 0.579102 0.552219 0.580078 0.550914 0.580078 0.532637
0 0.554688 0.553525 0.553711 0.552219 0.542969 0.552219 0.541992 0.553525 0.539062 0.553525 0.538086 0.554830 0.533203 0.554830 0.532227 0.556136 0.529297 0.556136 0.527344 0.558747 0.527344 0.560052 0.526367 0.561358 0.527344 0.562663 0.527344 0.567885 0.528320 0.569191 0.528320 0.571802 0.529297 0.573107 0.529297 0.574413 0.532227 0.578329 0.535156 0.578329 0.536133 0.579634 0.549805 0.579634 0.550781 0.578329 0.552734 0.578329 0.556641 0.573107 0.556641 0.571802 0.558594 0.567885 0.558594 0.563969 0.557617 0.562663 0.557617 0.561358 0.556641 0.560052 0.556641 0.558747 0.555664 0.557441 0.555664 0.556136 0.554688 0.554830
0 0.540039 0.607050 0.540039 0.609661 0.539062 0.610966 0.539062 0.616188 0.538086 0.617493 0.538086 0.618799 0.539062 0.620104 0.539062 0.624021 0.542969 0.629243 0.548828 0.629243 0.549805 0.630548 0.554688 0.630548 0.555664 0.631854 0.559570 0.631854 0.560547 0.630548 0.565430 0.630548 0.568359 0.627937 0.568359 0.626632 0.569336 0.625326 0.569336 0.622715 0.570312 0.621410 0.570312 0.613577 0.569336 0.612272 0.569336 0.610966 0.567383 0.607050 0.565430 0.607050 0.564453 0.605744 0.559570 0.605744 0.558594 0.604439 0.552734 0.604439 0.551758 0.603133 0.542969 0.603133
0 0.579102 0.604439 0.577148 0.607050 0.577148 0.608355 0.574219 0.612272 0.574219 0.635770 0.577148 0.639687 0.578125 0.639687 0.583008 0.646214 0.583984 0.646214 0.585938 0.643603 0.586914 0.643603 0.587891 0.642298 0.588867 0.642298 0.589844 0.640992 0.590820 0.640992 0.591797 0.639687 0.592773 0.639687 0.593750 0.638381 0.594727 0.638381 0.595703 0.637076 0.596680 0.637076 0.598633 0.634465 0.599609 0.634465 0.599609 0.633159 0.601562 0.629243 0.601562 0.624021 0.600586 0.622715 0.600586 0.620104 0.599609 0.618799 0.599609 0.616188 0.598633 0.614883 0.598633 0.613577 0.597656 0.613577 0.595703 0.610966 0.594727 0.610966 0.593750 0.609661 0.591797 0.609661 0.590820 0.608355 0.588867 0.608355 0.587891 0.607050 0.586914 0.607050 0.583984 0.604439
0 0.572266 0.567885 0.572266 0.578329 0.573242 0.579634 0.573242 0.583551 0.574219 0.584856 0.574219 0.586162 0.575195 0.587467 0.575195 0.588773 0.576172 0.590078 0.576172 0.591384 0.577148 0.592689 0.577148 0.593995 0.578125 0.593995 0.579102 0.595300 0.582031 0.595300 0.583008 0.596606 0.584961 0.596606 0.585938 0.597911 0.588867 0.597911 0.589844 0.599217 0.593750 0.599217 0.594727 0.597911 0.596680 0.597911 0.597656 0.596606 0.598633 0.596606 0.601562 0.592689 0.601562 0.584856 0.600586 0.583551 0.600586 0.580940 0.599609 0.579634 0.599609 0.578329 0.598633 0.577023 0.598633 0.575718 0.596680 0.573107 0.596680 0.570496 0.592773 0.565274 0.589844 0.565274 0.588867 0.563969 0.575195 0.563969
0 0.451172 0.197128 0.450195 0.198433 0.449219 0.198433 0.446289 0.202350 0.445312 0.202350 0.444336 0.203655 0.444336 0.204961 0.440430 0.210183 0.440430 0.220627 0.441406 0.221932 0.441406 0.224543 0.442383 0.225849 0.442383 0.232376 0.443359 0.233681 0.443359 0.236292 0.444336 0.236292 0.445312 0.237598 0.448242 0.238903 0.450195 0.241514 0.451172 0.241514 0.454102 0.244125 0.456055 0.244125 0.457031 0.245431 0.463867 0.245431 0.464844 0.244125 0.466797 0.244125 0.467773 0.242820 0.468750 0.242820 0.470703 0.238903 0.470703 0.231070 0.469727 0.229765 0.469727 0.214099 0.470703 0.212794 0.470703 0.211488 0.469727 0.210183 0.469727 0.208877 0.464844 0.202350 0.463867 0.202350 0.462891 0.201044 0.462891 0.199739 0.461914 0.199739 0.460938 0.198433 0.458008 0.198433 0.457031 0.197128
0 0.466797 0.161880 0.462891 0.165796 0.461914 0.169713 0.459961 0.172324 0.458984 0.176240 0.457031 0.178851 0.456055 0.182768 0.454102 0.185379 0.454102 0.186684 0.452148 0.190601 0.454102 0.193211 0.460938 0.197128 0.462891 0.199739 0.463867 0.199739 0.465820 0.202350 0.466797 0.202350 0.470703 0.207572 0.471680 0.207572 0.475586 0.212794 0.475586 0.214099 0.476562 0.214099 0.477539 0.215405 0.480469 0.215405 0.481445 0.214099 0.482422 0.214099 0.489258 0.204961 0.489258 0.203655 0.491211 0.201044 0.491211 0.198433 0.492188 0.197128 0.492188 0.193211 0.493164 0.191906 0.493164 0.184073 0.491211 0.180157 0.491211 0.177546 0.490234 0.176240 0.490234 0.174935 0.486328 0.171018 0.485352 0.171018 0.480469 0.164491 0.480469 0.163185 0.478516 0.160574 0.472656 0.160574 0.471680 0.161880
0 0.504883 0.150131 0.493164 0.165796 0.493164 0.167102 0.492188 0.168407 0.492188 0.171018 0.493164 0.172324 0.493164 0.173629 0.495117 0.176240 0.495117 0.177546 0.497070 0.180157 0.497070 0.181462 0.499023 0.185379 0.499023 0.187990 0.500000 0.189295 0.500000 0.190601 0.503906 0.195822 0.504883 0.195822 0.505859 0.197128 0.507812 0.197128 0.508789 0.198433 0.518555 0.198433 0.519531 0.197128 0.521484 0.197128 0.522461 0.195822 0.525391 0.194517 0.530273 0.187990 0.531250 0.187990 0.531250 0.186684 0.534180 0.180157 0.534180 0.177546 0.533203 0.176240 0.533203 0.172324 0.532227 0.171018 0.532227 0.169713 0.529297 0.169713 0.528320 0.168407 0.527344 0.168407 0.523438 0.163185 0.522461 0.159269 0.520508 0.156658 0.518555 0.156658 0.517578 0.155352 0.515625 0.155352 0.508789 0.148825 0.507812 0.150131
0 0.541992 0.198433 0.540039 0.198433 0.539062 0.199739 0.537109 0.199739 0.535156 0.202350 0.533203 0.202350 0.532227 0.203655 0.530273 0.203655 0.529297 0.204961 0.527344 0.204961 0.524414 0.208877 0.523438 0.212794 0.521484 0.215405 0.521484 0.220627 0.520508 0.221932 0.521484 0.223238 0.521484 0.233681 0.526367 0.240209 0.526367 0.241514 0.531250 0.248042 0.531250 0.249347 0.533203 0.251958 0.535156 0.251958 0.536133 0.253264 0.537109 0.251958 0.540039 0.251958 0.541016 0.250653 0.545898 0.250653 0.547852 0.248042 0.547852 0.246736 0.548828 0.245431 0.548828 0.242820 0.549805 0.241514 0.549805 0.237598 0.550781 0.236292 0.550781 0.224543 0.551758 0.223238 0.551758 0.212794 0.550781 0.211488 0.550781 0.210183 0.545898 0.203655 0.545898 0.202350 0.544922 0.201044 0.543945 0.201044
0 0.497070 0.229765 0.496094 0.231070 0.495117 0.231070 0.492188 0.234987 0.492188 0.236292 0.490234 0.238903 0.490234 0.240209 0.487305 0.246736 0.487305 0.253264 0.488281 0.254569 0.488281 0.255875 0.503906 0.276762 0.504883 0.276762 0.505859 0.278068 0.512695 0.278068 0.513672 0.276762 0.514648 0.276762 0.516602 0.274151 0.517578 0.274151 0.517578 0.272846 0.521484 0.267624 0.521484 0.266319 0.523438 0.262402 0.523438 0.251958 0.522461 0.250653 0.521484 0.246736 0.519531 0.244125 0.518555 0.240209 0.514648 0.234987 0.514648 0.233681 0.512695 0.231070 0.511719 0.231070 0.510742 0.229765
0 0.458008 0.280679 0.458008 0.284595 0.457031 0.285901 0.457031 0.301567 0.458008 0.302872 0.458008 0.304178 0.464844 0.308094 0.472656 0.318538 0.473633 0.318538 0.474609 0.319843 0.481445 0.319843 0.486328 0.315927 0.488281 0.315927 0.491211 0.312010 0.491211 0.310705 0.492188 0.309399 0.492188 0.300261 0.493164 0.298956 0.493164 0.296345 0.494141 0.295039 0.497070 0.293734 0.497070 0.292428 0.495117 0.288512 0.495117 0.284595 0.491211 0.278068 0.490234 0.278068 0.487305 0.275457 0.485352 0.275457 0.482422 0.272846 0.478516 0.272846 0.477539 0.271540 0.466797 0.271540 0.466797 0.272846 0.464844 0.275457 0.463867 0.275457 0.462891 0.276762 0.460938 0.276762
0 0.515625 0.280679 0.514648 0.281984 0.513672 0.281984 0.511719 0.284595 0.511719 0.285901 0.510742 0.287206 0.509766 0.287206 0.509766 0.288512 0.508789 0.289817 0.508789 0.291123 0.507812 0.292428 0.507812 0.293734 0.505859 0.297650 0.505859 0.305483 0.506836 0.306789 0.506836 0.310705 0.507812 0.312010 0.507812 0.317232 0.508789 0.318538 0.508789 0.319843 0.510742 0.322454 0.511719 0.322454 0.512695 0.323760 0.513672 0.323760 0.516602 0.326371 0.519531 0.326371 0.520508 0.327676 0.521484 0.326371 0.523438 0.326371 0.524414 0.325065 0.525391 0.325065 0.527344 0.322454 0.527344 0.321149 0.534180 0.312010 0.534180 0.310705 0.536133 0.308094 0.536133 0.306789 0.538086 0.302872 0.538086 0.295039 0.537109 0.293734 0.537109 0.291123 0.535156 0.288512 0.534180 0.288512 0.532227 0.285901 0.531250 0.285901 0.528320 0.283290 0.526367 0.283290 0.525391 0.281984 0.522461 0.281984 0.521484 0.280679
0 0.547852 0.255875 0.547852 0.257180 0.545898 0.259791 0.544922 0.259791 0.541992 0.262402 0.540039 0.262402 0.538086 0.265013 0.538086 0.266319 0.537109 0.267624 0.538086 0.268930 0.538086 0.272846 0.539062 0.274151 0.538086 0.275457 0.538086 0.281984 0.539062 0.283290 0.539062 0.292428 0.540039 0.293734 0.540039 0.295039 0.541992 0.297650 0.543945 0.297650 0.546875 0.300261 0.552734 0.300261 0.553711 0.298956 0.556641 0.297650 0.558594 0.295039 0.559570 0.295039 0.561523 0.292428 0.562500 0.292428 0.565430 0.288512 0.566406 0.288512 0.567383 0.287206 0.567383 0.285901 0.569336 0.283290 0.569336 0.281984 0.571289 0.278068 0.571289 0.274151 0.572266 0.272846 0.572266 0.266319 0.571289 0.265013 0.571289 0.263708 0.569336 0.263708 0.568359 0.262402 0.566406 0.262402 0.565430 0.261097 0.562500 0.259791 0.560547 0.257180 0.557617 0.257180 0.556641 0.255875
0 0.564453 0.207572 0.558594 0.215405 0.558594 0.216710 0.556641 0.220627 0.556641 0.232376 0.557617 0.233681 0.557617 0.238903 0.558594 0.240209 0.558594 0.242820 0.559570 0.244125 0.559570 0.245431 0.560547 0.246736 0.563477 0.246736 0.565430 0.249347 0.566406 0.249347 0.571289 0.253264 0.580078 0.253264 0.581055 0.251958 0.583984 0.251958 0.584961 0.250653 0.585938 0.250653 0.589844 0.245431 0.589844 0.244125 0.591797 0.241514 0.591797 0.238903 0.592773 0.237598 0.591797 0.236292 0.591797 0.232376 0.590820 0.231070 0.590820 0.228460 0.589844 0.227154 0.588867 0.223238 0.586914 0.220627 0.586914 0.219321 0.585938 0.218016 0.584961 0.214099 0.583984 0.214099 0.581055 0.210183 0.581055 0.208877 0.580078 0.208877 0.578125 0.206266 0.576172 0.206266 0.575195 0.204961 0.569336 0.204961 0.568359 0.206266 0.566406 0.206266 0.565430 0.207572
0 0.552734 0.151436 0.550781 0.154047 0.549805 0.154047 0.546875 0.157963 0.546875 0.160574 0.545898 0.161880 0.545898 0.172324 0.544922 0.173629 0.544922 0.189295 0.545898 0.190601 0.545898 0.195822 0.549805 0.201044 0.550781 0.201044 0.551758 0.202350 0.560547 0.202350 0.561523 0.201044 0.566406 0.198433 0.568359 0.195822 0.569336 0.195822 0.573242 0.190601 0.574219 0.190601 0.575195 0.189295 0.575195 0.186684 0.576172 0.185379 0.576172 0.159269 0.573242 0.155352 0.572266 0.155352 0.569336 0.152742 0.566406 0.152742 0.565430 0.151436
0 0.591797 0.151436 0.590820 0.152742 0.589844 0.152742 0.585938 0.157963 0.585938 0.159269 0.584961 0.160574 0.584961 0.163185 0.583008 0.165796 0.583008 0.167102 0.580078 0.173629 0.580078 0.174935 0.581055 0.176240 0.581055 0.178851 0.583008 0.181462 0.583984 0.181462 0.585938 0.184073 0.586914 0.184073 0.593750 0.193211 0.594727 0.193211 0.597656 0.195822 0.599609 0.195822 0.600586 0.197128 0.602539 0.197128 0.603516 0.198433 0.607422 0.198433 0.608398 0.197128 0.611328 0.195822 0.620117 0.185379 0.620117 0.176240 0.619141 0.174935 0.619141 0.172324 0.620117 0.171018 0.620117 0.167102 0.619141 0.165796 0.619141 0.163185 0.618164 0.161880 0.617188 0.157963 0.613281 0.152742 0.612305 0.152742 0.611328 0.151436 0.609375 0.151436 0.608398 0.150131 0.605469 0.150131 0.604492 0.148825 0.598633 0.148825 0.597656 0.150131 0.595703 0.150131 0.594727 0.151436
0 0.618164 0.198433 0.617188 0.199739 0.612305 0.202350 0.607422 0.208877 0.606445 0.208877 0.602539 0.214099 0.601562 0.214099 0.595703 0.221932 0.594727 0.221932 0.592773 0.225849 0.592773 0.234987 0.593750 0.236292 0.593750 0.241514 0.596680 0.245431 0.596680 0.246736 0.598633 0.249347 0.599609 0.249347 0.602539 0.251958 0.612305 0.251958 0.613281 0.250653 0.615234 0.250653 0.616211 0.249347 0.617188 0.249347 0.622070 0.242820 0.623047 0.242820 0.625977 0.238903 0.625977 0.231070 0.626953 0.229765 0.626953 0.227154 0.627930 0.225849 0.627930 0.221932 0.628906 0.220627 0.627930 0.219321 0.627930 0.214099 0.626953 0.212794 0.626953 0.210183 0.625977 0.208877 0.625000 0.208877
0 0.587891 0.257180 0.586914 0.258486 0.585938 0.258486 0.583008 0.262402 0.583008 0.263708 0.580078 0.267624 0.579102 0.267624 0.577148 0.270235 0.577148 0.271540 0.574219 0.278068 0.574219 0.292428 0.575195 0.293734 0.576172 0.297650 0.578125 0.297650 0.579102 0.298956 0.582031 0.298956 0.583008 0.300261 0.585938 0.300261 0.586914 0.301567 0.590820 0.301567 0.591797 0.302872 0.593750 0.302872 0.594727 0.301567 0.599609 0.301567 0.600586 0.300261 0.601562 0.300261 0.606445 0.293734 0.606445 0.291123 0.607422 0.289817 0.607422 0.287206 0.608398 0.285901 0.608398 0.283290 0.609375 0.281984 0.609375 0.271540 0.608398 0.270235 0.608398 0.267624 0.604492 0.262402 0.603516 0.262402 0.602539 0.261097 0.600586 0.261097 0.599609 0.259791 0.593750 0.259791 0.592773 0.258486 0.588867 0.258486
0 0.558594 0.308094 0.544922 0.308094 0.539062 0.313316 0.539062 0.314621 0.538086 0.315927 0.538086 0.323760 0.537109 0.325065 0.537109 0.340731 0.538086 0.342037 0.539062 0.345953 0.541016 0.348564 0.541992 0.348564 0.542969 0.349869 0.545898 0.349869 0.546875 0.351175 0.550781 0.351175 0.551758 0.349869 0.553711 0.349869 0.554688 0.348564 0.555664 0.348564 0.557617 0.345953 0.558594 0.345953 0.561523 0.342037 0.562500 0.342037 0.564453 0.339426 0.564453 0.336815 0.565430 0.335509 0.565430 0.323760 0.564453 0.322454 0.564453 0.317232 0.563477 0.315927 0.563477 0.313316 0.562500 0.312010 0.562500 0.310705 0.561523 0.309399 0.559570 0.309399
0 0.505859 0.335509 0.503906 0.338120 0.503906 0.339426 0.500977 0.345953 0.500977 0.356397 0.501953 0.357702 0.501953 0.359008 0.503906 0.361619 0.503906 0.362924 0.510742 0.372063 0.511719 0.372063 0.513672 0.374674 0.514648 0.374674 0.519531 0.378590 0.521484 0.378590 0.522461 0.377285 0.524414 0.377285 0.527344 0.373368 0.527344 0.372063 0.532227 0.365535 0.532227 0.364230 0.533203 0.362924 0.533203 0.349869 0.534180 0.348564 0.534180 0.343342 0.533203 0.342037 0.533203 0.340731 0.532227 0.340731 0.529297 0.336815 0.527344 0.336815 0.522461 0.332898 0.512695 0.332898 0.511719 0.334204 0.509766 0.334204 0.508789 0.335509
0 0.438477 0.310705 0.436523 0.313316 0.436523 0.314621 0.435547 0.315927 0.435547 0.318538 0.434570 0.319843 0.434570 0.322454 0.435547 0.323760 0.435547 0.328982 0.437500 0.331593 0.437500 0.332898 0.438477 0.332898 0.444336 0.340731 0.445312 0.340731 0.448242 0.343342 0.450195 0.343342 0.451172 0.344648 0.453125 0.344648 0.454102 0.345953 0.459961 0.345953 0.460938 0.344648 0.462891 0.344648 0.464844 0.342037 0.466797 0.334204 0.470703 0.328982 0.470703 0.319843 0.469727 0.318538 0.469727 0.314621 0.466797 0.310705 0.465820 0.310705 0.464844 0.309399 0.462891 0.309399 0.461914 0.308094 0.460938 0.308094 0.458984 0.305483 0.458008 0.305483 0.455078 0.302872 0.453125 0.302872 0.452148 0.304178 0.451172 0.304178 0.448242 0.306789 0.446289 0.306789 0.443359 0.309399 0.440430 0.309399 0.439453 0.310705
0 0.490234 0.345953 0.488281 0.345953 0.487305 0.344648 0.484375 0.344648 0.483398 0.345953 0.481445 0.345953 0.479492 0.343342 0.477539 0.343342 0.476562 0.342037 0.473633 0.342037 0.471680 0.344648 0.470703 0.344648 0.469727 0.345953 0.467773 0.345953 0.466797 0.347258 0.465820 0.347258 0.464844 0.348564 0.461914 0.349869 0.460938 0.351175 0.460938 0.352480 0.457031 0.357702 0.457031 0.359008 0.456055 0.360313 0.456055 0.368146 0.457031 0.369452 0.458008 0.373368 0.462891 0.379896 0.463867 0.379896 0.466797 0.382507 0.476562 0.382507 0.477539 0.381201 0.481445 0.381201 0.482422 0.379896 0.485352 0.379896 0.487305 0.377285 0.488281 0.377285 0.491211 0.373368 0.491211 0.370757 0.493164 0.366841 0.493164 0.362924 0.494141 0.361619 0.494141 0.356397 0.493164 0.355091 0.493164 0.352480
0 0.511719 0.389034 0.511719 0.390339 0.510742 0.391645 0.510742 0.403394 0.511719 0.404700 0.511719 0.406005 0.512695 0.407311 0.513672 0.411227 0.514648 0.412533 0.517578 0.413838 0.519531 0.416449 0.520508 0.416449 0.521484 0.417755 0.522461 0.417755 0.525391 0.420366 0.526367 0.419060 0.533203 0.419060 0.534180 0.417755 0.536133 0.417755 0.537109 0.416449 0.538086 0.416449 0.539062 0.415144 0.540039 0.411227 0.544922 0.404700 0.544922 0.399478 0.543945 0.398172 0.543945 0.396867 0.539062 0.390339 0.536133 0.389034 0.531250 0.383812 0.529297 0.383812 0.526367 0.381201 0.519531 0.381201 0.517578 0.383812 0.514648 0.385117
0 0.546875 0.404700 0.543945 0.408616 0.543945 0.412533 0.542969 0.413838 0.542969 0.419060 0.543945 0.420366 0.543945 0.422977 0.544922 0.424282 0.544922 0.425587 0.545898 0.426893 0.545898 0.428198 0.546875 0.429504 0.546875 0.430809 0.547852 0.432115 0.548828 0.432115 0.552734 0.437337 0.553711 0.437337 0.554688 0.438642 0.555664 0.438642 0.558594 0.441253 0.565430 0.441253 0.566406 0.439948 0.567383 0.439948 0.568359 0.438642 0.569336 0.438642 0.570312 0.437337 0.570312 0.436031 0.571289 0.434726 0.571289 0.433420 0.573242 0.429504 0.573242 0.425587 0.572266 0.424282 0.572266 0.421671 0.571289 0.420366 0.571289 0.417755 0.570312 0.416449 0.570312 0.412533 0.569336 0.411227 0.569336 0.408616 0.568359 0.407311 0.568359 0.406005 0.564453 0.400783 0.554688 0.400783 0.553711 0.402089 0.551758 0.402089 0.550781 0.403394 0.548828 0.403394 0.547852 0.404700
0 0.578125 0.351175 0.577148 0.351175 0.574219 0.348564 0.569336 0.348564 0.568359 0.349869 0.565430 0.349869 0.564453 0.351175 0.561523 0.352480 0.557617 0.357702 0.557617 0.359008 0.556641 0.360313 0.556641 0.362924 0.555664 0.364230 0.555664 0.385117 0.556641 0.386423 0.556641 0.392950 0.558594 0.395561 0.568359 0.395561 0.569336 0.394256 0.572266 0.394256 0.573242 0.392950 0.575195 0.392950 0.576172 0.391645 0.577148 0.391645 0.585938 0.379896 0.585938 0.378590 0.586914 0.377285 0.585938 0.375979 0.585938 0.370757 0.584961 0.369452 0.584961 0.365535 0.583984 0.364230 0.583984 0.362924 0.582031 0.360313 0.582031 0.359008 0.581055 0.357702 0.580078 0.353786
0 0.541992 0.446475 0.538086 0.451697 0.538086 0.453003 0.536133 0.455614 0.536133 0.462141 0.538086 0.464752 0.538086 0.466057 0.539062 0.467363 0.539062 0.468668 0.542969 0.473890 0.543945 0.473890 0.546875 0.476501 0.550781 0.476501 0.551758 0.477807 0.553711 0.477807 0.554688 0.476501 0.560547 0.476501 0.567383 0.467363 0.567383 0.466057 0.568359 0.464752 0.568359 0.453003 0.566406 0.450392 0.565430 0.450392 0.564453 0.449086 0.561523 0.449086 0.560547 0.447781 0.553711 0.447781 0.552734 0.446475 0.549805 0.446475 0.548828 0.445170 0.543945 0.445170 0.542969 0.446475
0 0.586914 0.428198 0.584961 0.430809 0.583984 0.430809 0.579102 0.436031 0.577148 0.436031 0.574219 0.439948 0.574219 0.441253 0.572266 0.445170 0.572266 0.455614 0.573242 0.456919 0.573242 0.460836 0.574219 0.462141 0.574219 0.463446 0.575195 0.463446 0.576172 0.464752 0.579102 0.466057 0.582031 0.469974 0.583008 0.469974 0.583984 0.471279 0.584961 0.471279 0.585938 0.472585 0.586914 0.472585 0.589844 0.475196 0.591797 0.475196 0.592773 0.473890 0.595703 0.472585 0.600586 0.467363 0.600586 0.439948 0.598633 0.437337 0.598633 0.436031 0.597656 0.436031 0.595703 0.433420 0.594727 0.433420 0.590820 0.428198
0 0.602539 0.386423 0.601562 0.387728 0.599609 0.387728 0.598633 0.389034 0.595703 0.390339 0.590820 0.395561 0.590820 0.396867 0.589844 0.398172 0.589844 0.399478 0.587891 0.403394 0.587891 0.407311 0.586914 0.408616 0.587891 0.409922 0.587891 0.412533 0.589844 0.415144 0.590820 0.419060 0.593750 0.422977 0.594727 0.422977 0.597656 0.426893 0.598633 0.426893 0.600586 0.429504 0.601562 0.429504 0.602539 0.430809 0.605469 0.430809 0.606445 0.432115 0.610352 0.432115 0.611328 0.430809 0.612305 0.430809 0.614258 0.428198 0.614258 0.424282 0.615234 0.422977 0.615234 0.417755 0.616211 0.416449 0.616211 0.409922 0.617188 0.408616 0.617188 0.404700 0.618164 0.403394 0.618164 0.396867 0.617188 0.395561 0.617188 0.394256 0.615234 0.391645 0.614258 0.391645 0.613281 0.390339 0.611328 0.390339 0.610352 0.389034 0.607422 0.389034 0.606445 0.387728 0.604492 0.387728 0.603516 0.386423
0 0.639648 0.441253 0.638672 0.439948 0.631836 0.439948 0.630859 0.441253 0.624023 0.441253 0.623047 0.442559 0.614258 0.442559 0.613281 0.443864 0.612305 0.443864 0.611328 0.445170 0.610352 0.445170 0.609375 0.446475 0.609375 0.447781 0.608398 0.449086 0.608398 0.451697 0.607422 0.453003 0.607422 0.460836 0.608398 0.462141 0.608398 0.463446 0.609375 0.464752 0.609375 0.466057 0.615234 0.471279 0.617188 0.471279 0.618164 0.472585 0.621094 0.472585 0.622070 0.473890 0.627930 0.473890 0.628906 0.472585 0.630859 0.472585 0.640625 0.459530 0.640625 0.458225 0.641602 0.456919 0.641602 0.454308 0.642578 0.453003 0.642578 0.450392 0.641602 0.449086 0.641602 0.446475 0.640625 0.445170 0.640625 0.443864 0.639648 0.442559
0 0.607422 0.308094 0.601562 0.308094 0.600586 0.309399 0.593750 0.309399 0.592773 0.310705 0.586914 0.310705 0.584961 0.313316 0.583984 0.313316 0.583008 0.314621 0.582031 0.318538 0.580078 0.321149 0.580078 0.322454 0.578125 0.326371 0.578125 0.331593 0.579102 0.332898 0.580078 0.336815 0.582031 0.339426 0.582031 0.342037 0.586914 0.348564 0.587891 0.348564 0.590820 0.352480 0.591797 0.352480 0.593750 0.355091 0.599609 0.355091 0.600586 0.353786 0.603516 0.352480 0.605469 0.349869 0.605469 0.348564 0.606445 0.347258 0.606445 0.344648 0.607422 0.343342 0.607422 0.340731 0.609375 0.336815 0.609375 0.334204 0.610352 0.332898 0.610352 0.330287 0.611328 0.328982 0.611328 0.325065 0.613281 0.321149 0.613281 0.319843 0.612305 0.318538 0.612305 0.317232 0.611328 0.315927 0.611328 0.314621 0.610352 0.313316 0.609375 0.309399 0.608398 0.309399
0 0.621094 0.342037 0.620117 0.343342 0.619141 0.343342 0.617188 0.345953 0.617188 0.347258 0.614258 0.351175 0.614258 0.352480 0.612305 0.355091 0.612305 0.356397 0.609375 0.360313 0.609375 0.361619 0.608398 0.362924 0.609375 0.364230 0.609375 0.369452 0.610352 0.370757 0.610352 0.374674 0.611328 0.375979 0.611328 0.377285 0.613281 0.379896 0.613281 0.381201 0.614258 0.382507 0.614258 0.383812 0.616211 0.386423 0.616211 0.387728 0.617188 0.387728 0.619141 0.390339 0.620117 0.390339 0.621094 0.391645 0.624023 0.391645 0.625000 0.392950 0.626953 0.392950 0.635742 0.381201 0.635742 0.379896 0.640625 0.373368 0.640625 0.372063 0.643555 0.368146 0.643555 0.365535 0.642578 0.364230 0.642578 0.360313 0.640625 0.356397 0.640625 0.353786 0.639648 0.352480 0.639648 0.351175 0.635742 0.345953 0.634766 0.345953 0.633789 0.344648 0.630859 0.344648 0.629883 0.343342 0.624023 0.343342 0.623047 0.342037
0 0.589844 0.479112 0.587891 0.481723 0.587891 0.497389 0.588867 0.498695 0.588867 0.500000 0.589844 0.501305 0.589844 0.502611 0.590820 0.503916 0.590820 0.505222 0.594727 0.510444 0.597656 0.510444 0.598633 0.511749 0.608398 0.511749 0.609375 0.510444 0.610352 0.510444 0.612305 0.507833 0.612305 0.506527 0.613281 0.505222 0.614258 0.505222 0.616211 0.502611 0.617188 0.502611 0.619141 0.500000 0.619141 0.498695 0.621094 0.494778 0.621094 0.486945 0.620117 0.485640 0.620117 0.484334 0.617188 0.481723 0.614258 0.481723 0.613281 0.480418 0.610352 0.480418 0.609375 0.479112 0.604492 0.479112 0.603516 0.477807 0.600586 0.477807 0.599609 0.476501 0.595703 0.476501 0.594727 0.477807 0.591797 0.477807 0.590820 0.479112
0 0.591797 0.515666 0.590820 0.516971 0.589844 0.516971 0.589844 0.518277 0.586914 0.522193 0.586914 0.523499 0.584961 0.526110 0.584961 0.527415 0.583984 0.528721 0.583984 0.532637 0.583008 0.533943 0.583984 0.535248 0.583984 0.539164 0.585938 0.543081 0.585938 0.545692 0.587891 0.549608 0.587891 0.552219 0.589844 0.554830 0.597656 0.554830 0.598633 0.556136 0.599609 0.556136 0.600586 0.554830 0.603516 0.554830 0.603516 0.553525 0.609375 0.545692 0.609375 0.544386 0.611328 0.541775 0.611328 0.540470 0.613281 0.537859 0.613281 0.536554 0.614258 0.535248 0.614258 0.531332 0.613281 0.530026 0.613281 0.527415 0.611328 0.524804 0.611328 0.522193 0.608398 0.518277 0.606445 0.518277 0.605469 0.516971 0.592773 0.516971
0 0.607422 0.607050 0.607422 0.609661 0.606445 0.610966 0.606445 0.616188 0.607422 0.617493 0.607422 0.625326 0.606445 0.626632 0.606445 0.630548 0.607422 0.630548 0.608398 0.631854 0.611328 0.631854 0.612305 0.633159 0.613281 0.633159 0.616211 0.635770 0.619141 0.635770 0.620117 0.634465 0.621094 0.634465 0.623047 0.631854 0.625000 0.631854 0.625977 0.630548 0.626953 0.630548 0.627930 0.629243 0.628906 0.629243 0.629883 0.627937 0.630859 0.627937 0.631836 0.626632 0.632812 0.626632 0.633789 0.625326 0.633789 0.624021 0.634766 0.622715 0.634766 0.621410 0.636719 0.617493 0.636719 0.614883 0.637695 0.613577 0.637695 0.607050 0.635742 0.604439 0.626953 0.604439 0.625977 0.603133 0.611328 0.603133 0.610352 0.604439 0.609375 0.604439
0 0.632812 0.565274 0.629883 0.562663 0.626953 0.562663 0.625977 0.561358 0.620117 0.561358 0.619141 0.562663 0.617188 0.562663 0.616211 0.563969 0.615234 0.563969 0.612305 0.567885 0.612305 0.569191 0.610352 0.571802 0.610352 0.573107 0.608398 0.575718 0.608398 0.577023 0.606445 0.580940 0.606445 0.583551 0.605469 0.584856 0.605469 0.587467 0.606445 0.588773 0.606445 0.591384 0.609375 0.595300 0.611328 0.595300 0.612305 0.596606 0.626953 0.596606 0.627930 0.595300 0.629883 0.595300 0.630859 0.593995 0.630859 0.592689 0.631836 0.591384 0.631836 0.590078 0.633789 0.587467 0.633789 0.584856 0.635742 0.580940 0.635742 0.575718 0.634766 0.574413 0.634766 0.571802 0.633789 0.570496 0.633789 0.567885 0.632812 0.566580
0 0.622070 0.527415 0.617188 0.533943 0.617188 0.545692 0.618164 0.546997 0.618164 0.548303 0.619141 0.549608 0.620117 0.549608 0.622070 0.552219 0.624023 0.552219 0.625000 0.553525 0.626953 0.553525 0.627930 0.554830 0.629883 0.554830 0.630859 0.556136 0.632812 0.556136 0.633789 0.557441 0.637695 0.557441 0.646484 0.545692 0.646484 0.544386 0.647461 0.543081 0.647461 0.540470 0.648438 0.539164 0.648438 0.532637 0.646484 0.528721 0.645508 0.528721 0.644531 0.527415 0.640625 0.527415 0.639648 0.526110 0.624023 0.526110 0.623047 0.527415
0 0.670898 0.607050 0.666016 0.607050 0.665039 0.605744 0.652344 0.605744 0.651367 0.607050 0.647461 0.607050 0.646484 0.608355 0.646484 0.609661 0.644531 0.612272 0.644531 0.613577 0.642578 0.616188 0.642578 0.620104 0.643555 0.621410 0.643555 0.622715 0.644531 0.624021 0.644531 0.625326 0.646484 0.629243 0.646484 0.631854 0.647461 0.633159 0.647461 0.638381 0.649414 0.640992 0.654297 0.640992 0.657227 0.643603 0.659180 0.643603 0.660156 0.642298 0.662109 0.642298 0.667969 0.634465 0.668945 0.634465 0.672852 0.629243 0.672852 0.625326 0.673828 0.624021 0.673828 0.621410 0.672852 0.620104 0.672852 0.610966
0 0.681641 0.591384 0.681641 0.599217 0.687500 0.607050 0.688477 0.607050 0.690430 0.609661 0.691406 0.609661 0.693359 0.612272 0.695312 0.612272 0.696289 0.613577 0.699219 0.613577 0.700195 0.614883 0.706055 0.614883 0.711914 0.607050 0.711914 0.604439 0.712891 0.603133 0.712891 0.592689 0.710938 0.590078 0.710938 0.588773 0.708984 0.586162 0.708984 0.584856 0.706055 0.580940 0.703125 0.580940 0.702148 0.579634 0.694336 0.579634 0.693359 0.580940 0.691406 0.580940 0.689453 0.583551 0.688477 0.583551 0.687500 0.584856 0.686523 0.584856
0 0.665039 0.552219 0.658203 0.552219 0.657227 0.553525 0.656250 0.553525 0.655273 0.554830 0.654297 0.554830 0.653320 0.556136 0.652344 0.556136 0.650391 0.558747 0.649414 0.558747 0.645508 0.563969 0.644531 0.563969 0.642578 0.566580 0.641602 0.566580 0.641602 0.567885 0.640625 0.569191 0.640625 0.575718 0.642578 0.578329 0.642578 0.579634 0.643555 0.580940 0.644531 0.580940 0.647461 0.583551 0.649414 0.583551 0.650391 0.584856 0.651367 0.584856 0.654297 0.587467 0.660156 0.587467 0.662109 0.584856 0.663086 0.584856 0.665039 0.582245 0.666016 0.582245 0.667969 0.579634 0.668945 0.579634 0.669922 0.578329 0.670898 0.578329 0.670898 0.577023 0.672852 0.574413 0.672852 0.571802 0.673828 0.570496 0.673828 0.567885 0.674805 0.566580 0.674805 0.565274 0.673828 0.563969 0.673828 0.561358 0.670898 0.557441 0.669922 0.557441 0.666992 0.553525 0.666016 0.553525
0 0.680664 0.548303 0.679688 0.549608 0.679688 0.550914 0.680664 0.552219 0.680664 0.554830 0.681641 0.556136 0.681641 0.562663 0.682617 0.563969 0.682617 0.565274 0.683594 0.566580 0.683594 0.567885 0.685547 0.570496 0.685547 0.571802 0.686523 0.573107 0.686523 0.574413 0.688477 0.577023 0.691406 0.577023 0.692383 0.578329 0.702148 0.578329 0.706055 0.573107 0.706055 0.571802 0.707031 0.570496 0.707031 0.566580 0.708008 0.565274 0.708008 0.561358 0.708984 0.560052 0.708984 0.549608 0.708008 0.548303 0.708008 0.544386 0.707031 0.543081 0.706055 0.543081 0.705078 0.541775 0.703125 0.541775 0.702148 0.540470 0.694336 0.540470 0.693359 0.541775 0.688477 0.541775 0.687500 0.543081 0.686523 0.543081 0.683594 0.546997 0.682617 0.546997 0.681641 0.548303
0 0.736328 0.549608 0.732422 0.549608 0.731445 0.550914 0.730469 0.550914 0.727539 0.553525 0.725586 0.553525 0.724609 0.554830 0.722656 0.554830 0.720703 0.557441 0.719727 0.557441 0.717773 0.560052 0.717773 0.561358 0.714844 0.565274 0.714844 0.567885 0.715820 0.569191 0.715820 0.573107 0.716797 0.574413 0.716797 0.578329 0.717773 0.579634 0.717773 0.582245 0.720703 0.586162 0.721680 0.586162 0.727539 0.593995 0.730469 0.593995 0.731445 0.595300 0.732422 0.595300 0.733398 0.593995 0.736328 0.592689 0.738281 0.590078 0.738281 0.588773 0.742188 0.582245 0.742188 0.580940 0.743164 0.579634 0.744141 0.575718 0.746094 0.573107 0.746094 0.571802 0.748047 0.567885 0.748047 0.565274 0.747070 0.563969 0.746094 0.560052 0.740234 0.552219 0.739258 0.552219
0 0.652344 0.519582 0.652344 0.524804 0.651367 0.526110 0.651367 0.535248 0.653320 0.537859 0.654297 0.537859 0.659180 0.543081 0.661133 0.543081 0.662109 0.544386 0.664062 0.544386 0.665039 0.545692 0.672852 0.545692 0.675781 0.543081 0.677734 0.543081 0.678711 0.541775 0.679688 0.541775 0.683594 0.536554 0.683594 0.533943 0.684570 0.532637 0.684570 0.530026 0.685547 0.528721 0.685547 0.526110 0.686523 0.524804 0.686523 0.518277 0.685547 0.516971 0.683594 0.516971 0.682617 0.515666 0.670898 0.515666 0.669922 0.514360 0.656250 0.514360 0.655273 0.515666 0.654297 0.515666
0 0.705078 0.496084 0.704102 0.497389 0.702148 0.497389 0.701172 0.498695 0.698242 0.500000 0.696289 0.502611 0.695312 0.502611 0.693359 0.505222 0.692383 0.505222 0.692383 0.506527 0.691406 0.507833 0.691406 0.510444 0.690430 0.511749 0.690430 0.513055 0.689453 0.514360 0.689453 0.516971 0.688477 0.518277 0.688477 0.524804 0.692383 0.530026 0.693359 0.530026 0.694336 0.531332 0.695312 0.531332 0.696289 0.532637 0.697266 0.532637 0.700195 0.535248 0.702148 0.535248 0.703125 0.536554 0.704102 0.536554 0.707031 0.539164 0.709961 0.539164 0.710938 0.537859 0.713867 0.537859 0.715820 0.535248 0.716797 0.535248 0.716797 0.533943 0.717773 0.532637 0.717773 0.531332 0.718750 0.530026 0.718750 0.528721 0.720703 0.524804 0.720703 0.522193 0.721680 0.520888 0.721680 0.511749 0.720703 0.510444 0.719727 0.506527 0.716797 0.502611 0.715820 0.502611 0.710938 0.497389 0.708984 0.497389 0.708008 0.496084
0 0.747070 0.509138 0.746094 0.510444 0.745117 0.510444 0.742188 0.514360 0.742188 0.515666 0.740234 0.518277 0.740234 0.532637 0.741211 0.533943 0.741211 0.544386 0.743164 0.548303 0.748047 0.548303 0.749023 0.549608 0.757812 0.549608 0.758789 0.548303 0.759766 0.548303 0.766602 0.539164 0.766602 0.537859 0.767578 0.536554 0.767578 0.535248 0.769531 0.531332 0.769531 0.524804 0.770508 0.523499 0.770508 0.515666 0.769531 0.514360 0.769531 0.513055 0.767578 0.510444 0.765625 0.510444 0.764648 0.509138
0 0.641602 0.479112 0.631836 0.479112 0.630859 0.480418 0.629883 0.480418 0.628906 0.481723 0.627930 0.481723 0.627930 0.483029 0.625000 0.485640 0.625000 0.488251 0.624023 0.489556 0.624023 0.510444 0.625977 0.514360 0.626953 0.514360 0.627930 0.515666 0.629883 0.515666 0.630859 0.516971 0.636719 0.516971 0.637695 0.515666 0.640625 0.515666 0.641602 0.514360 0.642578 0.514360 0.643555 0.513055 0.644531 0.513055 0.645508 0.511749 0.646484 0.511749 0.648438 0.509138 0.648438 0.506527 0.649414 0.505222 0.649414 0.502611 0.650391 0.501305 0.650391 0.498695 0.651367 0.497389 0.651367 0.496084 0.653320 0.493473 0.653320 0.488251 0.651367 0.485640 0.651367 0.484334 0.650391 0.484334 0.647461 0.481723 0.645508 0.481723 0.644531 0.480418 0.642578 0.480418
0 0.686523 0.464752 0.681641 0.458225 0.680664 0.458225 0.677734 0.454308 0.674805 0.454308 0.673828 0.455614 0.668945 0.455614 0.667969 0.456919 0.665039 0.456919 0.664062 0.458225 0.663086 0.458225 0.658203 0.464752 0.657227 0.464752 0.656250 0.466057 0.656250 0.477807 0.658203 0.481723 0.658203 0.484334 0.659180 0.485640 0.659180 0.486945 0.660156 0.486945 0.661133 0.488251 0.668945 0.488251 0.669922 0.489556 0.681641 0.489556 0.682617 0.488251 0.683594 0.488251 0.686523 0.484334 0.688477 0.484334 0.689453 0.483029 0.689453 0.475196 0.688477 0.473890 0.688477 0.471279 0.687500 0.469974 0.687500 0.467363 0.686523 0.466057
0 0.645508 0.429504 0.645508 0.430809 0.643555 0.434726 0.643555 0.443864 0.644531 0.445170 0.644531 0.449086 0.645508 0.450392 0.645508 0.451697 0.648438 0.455614 0.666992 0.455614 0.667969 0.454308 0.671875 0.454308 0.672852 0.453003 0.674805 0.453003 0.677734 0.449086 0.677734 0.447781 0.678711 0.446475 0.678711 0.443864 0.677734 0.442559 0.677734 0.439948 0.675781 0.436031 0.675781 0.432115 0.674805 0.430809 0.674805 0.429504 0.673828 0.428198 0.672852 0.424282 0.670898 0.421671 0.669922 0.421671 0.668945 0.420366 0.667969 0.420366 0.665039 0.417755 0.655273 0.417755 0.654297 0.419060 0.651367 0.420366
0 0.698242 0.458225 0.697266 0.459530 0.697266 0.460836 0.693359 0.466057 0.693359 0.467363 0.692383 0.468668 0.692383 0.472585 0.697266 0.479112 0.697266 0.480418 0.703125 0.488251 0.705078 0.488251 0.706055 0.489556 0.708008 0.489556 0.708984 0.490862 0.714844 0.490862 0.715820 0.492167 0.716797 0.492167 0.717773 0.490862 0.719727 0.490862 0.725586 0.483029 0.726562 0.483029 0.730469 0.477807 0.731445 0.477807 0.731445 0.476501 0.732422 0.475196 0.732422 0.467363 0.731445 0.466057 0.731445 0.462141 0.730469 0.460836 0.729492 0.456919 0.726562 0.453003 0.725586 0.453003 0.724609 0.451697 0.711914 0.451697 0.711914 0.453003 0.708984 0.455614 0.706055 0.455614 0.705078 0.454308 0.704102 0.455614 0.702148 0.455614 0.701172 0.456919
0 0.744141 0.454308 0.740234 0.460836 0.740234 0.462141 0.737305 0.468668 0.737305 0.471279 0.736328 0.472585 0.736328 0.475196 0.735352 0.476501 0.735352 0.484334 0.736328 0.485640 0.736328 0.488251 0.737305 0.489556 0.737305 0.490862 0.738281 0.492167 0.740234 0.492167 0.741211 0.493473 0.748047 0.493473 0.749023 0.494778 0.755859 0.494778 0.756836 0.496084 0.758789 0.496084 0.759766 0.494778 0.762695 0.494778 0.765625 0.490862 0.766602 0.486945 0.769531 0.483029 0.769531 0.471279 0.768555 0.469974 0.768555 0.468668 0.767578 0.467363 0.766602 0.463446 0.764648 0.460836 0.764648 0.459530 0.763672 0.458225 0.762695 0.458225 0.757812 0.454308 0.755859 0.454308 0.754883 0.453003 0.746094 0.453003 0.745117 0.454308
0 0.712891 0.409922 0.711914 0.409922 0.709961 0.407311 0.708984 0.407311 0.706055 0.404700 0.703125 0.404700 0.702148 0.406005 0.696289 0.406005 0.695312 0.407311 0.694336 0.407311 0.693359 0.408616 0.692383 0.408616 0.691406 0.409922 0.688477 0.411227 0.686523 0.413838 0.686523 0.433420 0.685547 0.434726 0.686523 0.436031 0.686523 0.438642 0.687500 0.439948 0.687500 0.441253 0.692383 0.446475 0.700195 0.446475 0.703125 0.443864 0.706055 0.443864 0.707031 0.442559 0.708984 0.442559 0.709961 0.441253 0.710938 0.441253 0.711914 0.439948 0.712891 0.439948 0.713867 0.438642 0.716797 0.437337 0.718750 0.434726 0.718750 0.419060 0.717773 0.417755 0.717773 0.416449
0 0.753906 0.413838 0.752930 0.412533 0.740234 0.412533 0.739258 0.413838 0.730469 0.413838 0.729492 0.415144 0.726562 0.415144 0.725586 0.416449 0.724609 0.416449 0.721680 0.420366 0.721680 0.422977 0.720703 0.424282 0.720703 0.433420 0.719727 0.434726 0.719727 0.439948 0.722656 0.442559 0.724609 0.442559 0.725586 0.443864 0.727539 0.443864 0.728516 0.445170 0.730469 0.445170 0.731445 0.446475 0.739258 0.446475 0.740234 0.445170 0.742188 0.445170 0.745117 0.442559 0.747070 0.442559 0.750977 0.437337 0.750977 0.436031 0.752930 0.433420 0.752930 0.432115 0.753906 0.430809
0 0.787109 0.412533 0.786133 0.413838 0.785156 0.413838 0.784180 0.415144 0.782227 0.415144 0.781250 0.416449 0.780273 0.416449 0.778320 0.419060 0.775391 0.420366 0.769531 0.428198 0.769531 0.430809 0.768555 0.432115 0.768555 0.436031 0.767578 0.437337 0.767578 0.446475 0.768555 0.447781 0.769531 0.447781 0.775391 0.455614 0.776367 0.455614 0.779297 0.458225 0.785156 0.458225 0.786133 0.456919 0.788086 0.456919 0.789062 0.458225 0.790039 0.458225 0.791016 0.456919 0.791992 0.456919 0.793945 0.454308 0.793945 0.451697 0.794922 0.450392 0.794922 0.449086 0.798828 0.442559 0.798828 0.441253 0.799805 0.439948 0.799805 0.436031 0.801758 0.432115 0.801758 0.428198 0.800781 0.426893 0.800781 0.425587 0.793945 0.416449 0.792969 0.416449 0.790039 0.413838 0.788086 0.413838
0 0.746094 0.361619 0.738281 0.361619 0.735352 0.364230 0.732422 0.364230 0.731445 0.365535 0.729492 0.365535 0.728516 0.366841 0.725586 0.368146 0.720703 0.373368 0.720703 0.375979 0.719727 0.377285 0.719727 0.390339 0.720703 0.391645 0.720703 0.392950 0.728516 0.403394 0.728516 0.404700 0.732422 0.409922 0.739258 0.409922 0.740234 0.408616 0.743164 0.408616 0.744141 0.407311 0.745117 0.407311 0.749023 0.400783 0.749023 0.399478 0.750000 0.398172 0.750000 0.396867 0.750977 0.395561 0.750977 0.394256 0.751953 0.392950 0.751953 0.391645 0.754883 0.385117 0.754883 0.382507 0.755859 0.381201 0.755859 0.377285 0.754883 0.375979 0.753906 0.372063
0 0.789062 0.389034 0.788086 0.389034 0.786133 0.386423 0.785156 0.386423 0.780273 0.382507 0.778320 0.382507 0.776367 0.379896 0.769531 0.379896 0.768555 0.381201 0.766602 0.381201 0.765625 0.382507 0.763672 0.382507 0.762695 0.383812 0.761719 0.383812 0.759766 0.386423 0.758789 0.386423 0.755859 0.390339 0.755859 0.391645 0.753906 0.394256 0.753906 0.395561 0.752930 0.396867 0.752930 0.400783 0.753906 0.402089 0.753906 0.404700 0.755859 0.407311 0.756836 0.411227 0.763672 0.419060 0.764648 0.419060 0.765625 0.420366 0.768555 0.420366 0.769531 0.419060 0.774414 0.419060 0.777344 0.416449 0.779297 0.416449 0.780273 0.415144 0.783203 0.413838 0.787109 0.408616 0.788086 0.408616 0.788086 0.407311 0.790039 0.403394 0.790039 0.399478 0.791016 0.398172 0.791016 0.392950 0.789062 0.390339
0 0.773438 0.328982 0.771484 0.331593 0.768555 0.332898 0.767578 0.334204 0.767578 0.336815 0.766602 0.338120 0.766602 0.348564 0.765625 0.349869 0.765625 0.368146 0.767578 0.372063 0.768555 0.372063 0.771484 0.374674 0.780273 0.374674 0.781250 0.375979 0.787109 0.375979 0.791016 0.370757 0.791016 0.369452 0.793945 0.362924 0.793945 0.360313 0.794922 0.359008 0.794922 0.356397 0.796875 0.352480 0.796875 0.343342 0.797852 0.342037 0.797852 0.339426 0.795898 0.335509 0.794922 0.335509 0.792969 0.332898 0.791992 0.332898 0.789062 0.328982 0.788086 0.328982 0.787109 0.327676 0.777344 0.327676 0.776367 0.328982
0 0.706055 0.365535 0.704102 0.365535 0.703125 0.364230 0.701172 0.364230 0.700195 0.362924 0.698242 0.362924 0.697266 0.361619 0.688477 0.361619 0.687500 0.362924 0.685547 0.362924 0.684570 0.364230 0.681641 0.364230 0.677734 0.369452 0.677734 0.370757 0.676758 0.372063 0.676758 0.378590 0.677734 0.379896 0.677734 0.383812 0.678711 0.385117 0.678711 0.390339 0.679688 0.391645 0.679688 0.395561 0.681641 0.399478 0.681641 0.402089 0.682617 0.403394 0.682617 0.406005 0.684570 0.408616 0.687500 0.408616 0.688477 0.407311 0.689453 0.407311 0.692383 0.403394 0.693359 0.403394 0.694336 0.402089 0.695312 0.402089 0.696289 0.400783 0.699219 0.399478 0.704102 0.392950 0.705078 0.392950 0.708008 0.389034 0.708008 0.379896 0.708984 0.378590 0.708984 0.372063 0.708008 0.370757 0.708008 0.368146
0 0.666992 0.370757 0.665039 0.370757 0.664062 0.369452 0.659180 0.369452 0.658203 0.368146 0.657227 0.368146 0.656250 0.369452 0.652344 0.369452 0.650391 0.372063 0.649414 0.372063 0.646484 0.374674 0.644531 0.374674 0.643555 0.375979 0.640625 0.377285 0.637695 0.381201 0.637695 0.394256 0.638672 0.395561 0.638672 0.399478 0.639648 0.400783 0.639648 0.402089 0.642578 0.403394 0.643555 0.404700 0.643555 0.406005 0.644531 0.406005 0.645508 0.407311 0.650391 0.407311 0.651367 0.406005 0.654297 0.406005 0.655273 0.404700 0.659180 0.404700 0.660156 0.403394 0.662109 0.403394 0.663086 0.402089 0.666016 0.400783 0.666992 0.399478 0.667969 0.395561 0.669922 0.392950 0.669922 0.390339 0.670898 0.389034 0.670898 0.382507 0.669922 0.381201 0.669922 0.378590 0.668945 0.377285 0.668945 0.374674
0 0.630859 0.289817 0.629883 0.291123 0.627930 0.291123 0.626953 0.292428 0.625000 0.292428 0.624023 0.293734 0.623047 0.293734 0.619141 0.298956 0.619141 0.302872 0.618164 0.304178 0.618164 0.308094 0.617188 0.309399 0.617188 0.313316 0.618164 0.314621 0.618164 0.321149 0.619141 0.322454 0.620117 0.326371 0.623047 0.330287 0.623047 0.331593 0.624023 0.331593 0.625977 0.334204 0.627930 0.334204 0.628906 0.335509 0.638672 0.335509 0.639648 0.334204 0.641602 0.334204 0.642578 0.332898 0.645508 0.331593 0.647461 0.328982 0.647461 0.327676 0.650391 0.323760 0.650391 0.322454 0.651367 0.321149 0.651367 0.315927 0.650391 0.314621 0.650391 0.313316 0.648438 0.310705 0.648438 0.309399 0.646484 0.306789 0.646484 0.305483 0.644531 0.302872 0.644531 0.301567 0.641602 0.297650 0.640625 0.293734 0.638672 0.291123 0.637695 0.291123 0.636719 0.289817
0 0.654297 0.330287 0.652344 0.332898 0.651367 0.336815 0.648438 0.340731 0.648438 0.343342 0.647461 0.344648 0.647461 0.359008 0.648438 0.360313 0.648438 0.362924 0.649414 0.364230 0.651367 0.364230 0.652344 0.365535 0.655273 0.365535 0.656250 0.366841 0.663086 0.366841 0.664062 0.368146 0.668945 0.368146 0.671875 0.365535 0.673828 0.365535 0.675781 0.362924 0.676758 0.362924 0.680664 0.357702 0.680664 0.356397 0.681641 0.355091 0.681641 0.353786 0.682617 0.352480 0.683594 0.348564 0.685547 0.345953 0.685547 0.344648 0.686523 0.343342 0.686523 0.339426 0.685547 0.339426 0.684570 0.338120 0.680664 0.338120 0.678711 0.335509 0.677734 0.335509 0.676758 0.334204 0.674805 0.334204 0.673828 0.332898 0.669922 0.332898 0.668945 0.331593 0.666992 0.331593 0.666016 0.330287 0.663086 0.330287 0.662109 0.328982 0.656250 0.328982 0.655273 0.330287
0 0.708984 0.318538 0.703125 0.326371 0.703125 0.327676 0.701172 0.330287 0.701172 0.331593 0.699219 0.335509 0.699219 0.338120 0.698242 0.339426 0.698242 0.347258 0.699219 0.348564 0.699219 0.349869 0.700195 0.351175 0.701172 0.351175 0.703125 0.353786 0.706055 0.355091 0.708008 0.357702 0.708008 0.359008 0.708984 0.359008 0.709961 0.360313 0.717773 0.360313 0.718750 0.359008 0.722656 0.359008 0.723633 0.357702 0.724609 0.357702 0.725586 0.356397 0.728516 0.355091 0.734375 0.347258 0.734375 0.345953 0.735352 0.344648 0.735352 0.342037 0.736328 0.340731 0.736328 0.335509 0.733398 0.331593 0.732422 0.331593 0.731445 0.330287 0.730469 0.330287 0.728516 0.327676 0.727539 0.327676 0.721680 0.319843 0.720703 0.319843 0.719727 0.318538 0.716797 0.318538 0.715820 0.317232 0.711914 0.317232 0.710938 0.318538
0 0.671875 0.283290 0.670898 0.284595 0.670898 0.287206 0.669922 0.288512 0.669922 0.300261 0.668945 0.301567 0.668945 0.312010 0.669922 0.313316 0.669922 0.319843 0.670898 0.321149 0.670898 0.322454 0.673828 0.326371 0.675781 0.326371 0.676758 0.327676 0.686523 0.327676 0.687500 0.326371 0.689453 0.326371 0.690430 0.325065 0.692383 0.325065 0.693359 0.323760 0.695312 0.323760 0.696289 0.322454 0.697266 0.322454 0.697266 0.321149 0.699219 0.317232 0.699219 0.309399 0.700195 0.308094 0.700195 0.291123 0.698242 0.288512 0.697266 0.288512 0.692383 0.283290 0.691406 0.283290 0.690430 0.281984 0.688477 0.281984 0.687500 0.280679 0.678711 0.280679 0.677734 0.281984 0.673828 0.281984 0.672852 0.283290
0 0.761719 0.280679 0.760742 0.280679 0.759766 0.279373 0.748047 0.279373 0.747070 0.280679 0.743164 0.280679 0.742188 0.281984 0.740234 0.281984 0.739258 0.283290 0.737305 0.283290 0.732422 0.288512 0.732422 0.289817 0.730469 0.293734 0.730469 0.295039 0.731445 0.296345 0.731445 0.298956 0.732422 0.300261 0.732422 0.301567 0.733398 0.302872 0.733398 0.304178 0.734375 0.305483 0.734375 0.306789 0.737305 0.313316 0.737305 0.315927 0.738281 0.317232 0.738281 0.319843 0.739258 0.321149 0.739258 0.322454 0.742188 0.326371 0.750977 0.326371 0.751953 0.325065 0.753906 0.325065 0.754883 0.323760 0.755859 0.323760 0.761719 0.315927 0.761719 0.314621 0.762695 0.313316 0.762695 0.310705 0.763672 0.309399 0.763672 0.308094 0.766602 0.301567 0.766602 0.292428 0.765625 0.291123 0.765625 0.289817 0.764648 0.288512 0.764648 0.287206
0 0.645508 0.159269 0.644531 0.160574 0.642578 0.160574 0.641602 0.161880 0.641602 0.163185 0.639648 0.165796 0.639648 0.167102 0.636719 0.171018 0.635742 0.174935 0.633789 0.177546 0.633789 0.180157 0.632812 0.181462 0.632812 0.185379 0.631836 0.186684 0.631836 0.195822 0.633789 0.198433 0.634766 0.198433 0.642578 0.208877 0.642578 0.210183 0.644531 0.212794 0.645508 0.212794 0.646484 0.214099 0.650391 0.214099 0.651367 0.212794 0.652344 0.212794 0.653320 0.211488 0.658203 0.208877 0.662109 0.203655 0.663086 0.203655 0.664062 0.202350 0.664062 0.201044 0.666016 0.198433 0.666992 0.198433 0.666992 0.197128 0.667969 0.195822 0.667969 0.189295 0.666992 0.187990 0.666016 0.184073 0.664062 0.181462 0.663086 0.177546 0.661133 0.174935 0.661133 0.173629 0.658203 0.169713 0.658203 0.167102 0.657227 0.165796 0.657227 0.164491 0.654297 0.160574 0.652344 0.160574 0.651367 0.159269
0 0.689453 0.207572 0.686523 0.207572 0.685547 0.206266 0.683594 0.206266 0.682617 0.204961 0.678711 0.204961 0.677734 0.203655 0.672852 0.203655 0.671875 0.204961 0.666992 0.204961 0.666016 0.206266 0.665039 0.206266 0.662109 0.210183 0.661133 0.210183 0.661133 0.214099 0.662109 0.215405 0.661133 0.216710 0.661133 0.220627 0.660156 0.221932 0.660156 0.224543 0.659180 0.225849 0.660156 0.227154 0.660156 0.236292 0.661133 0.237598 0.661133 0.241514 0.662109 0.242820 0.662109 0.244125 0.666992 0.251958 0.667969 0.251958 0.668945 0.253264 0.673828 0.253264 0.675781 0.250653 0.676758 0.250653 0.677734 0.249347 0.680664 0.248042 0.682617 0.245431 0.687500 0.242820 0.687500 0.241514 0.688477 0.240209 0.689453 0.240209 0.696289 0.231070 0.696289 0.227154 0.695312 0.225849 0.695312 0.219321 0.694336 0.218016 0.693359 0.214099
0 0.719727 0.233681 0.717773 0.233681 0.716797 0.232376 0.712891 0.232376 0.711914 0.231070 0.708008 0.231070 0.707031 0.232376 0.703125 0.232376 0.702148 0.233681 0.699219 0.233681 0.698242 0.232376 0.697266 0.232376 0.694336 0.236292 0.693359 0.236292 0.692383 0.237598 0.692383 0.238903 0.689453 0.242820 0.689453 0.262402 0.690430 0.263708 0.690430 0.266319 0.691406 0.267624 0.691406 0.271540 0.693359 0.274151 0.694336 0.274151 0.695312 0.275457 0.697266 0.275457 0.698242 0.276762 0.701172 0.276762 0.702148 0.278068 0.708984 0.278068 0.709961 0.276762 0.710938 0.276762 0.711914 0.275457 0.716797 0.272846 0.722656 0.265013 0.723633 0.265013 0.725586 0.262402 0.724609 0.261097 0.724609 0.255875 0.723633 0.254569 0.723633 0.251958 0.722656 0.250653 0.722656 0.238903 0.721680 0.237598 0.721680 0.236292
0 0.636719 0.240209 0.635742 0.241514 0.634766 0.241514 0.632812 0.244125 0.632812 0.246736 0.630859 0.249347 0.630859 0.251958 0.629883 0.253264 0.629883 0.262402 0.628906 0.263708 0.628906 0.271540 0.629883 0.272846 0.629883 0.274151 0.630859 0.275457 0.631836 0.275457 0.632812 0.276762 0.632812 0.278068 0.635742 0.281984 0.636719 0.281984 0.641602 0.287206 0.642578 0.287206 0.645508 0.289817 0.651367 0.289817 0.652344 0.288512 0.653320 0.288512 0.659180 0.280679 0.660156 0.280679 0.661133 0.279373 0.661133 0.278068 0.663086 0.275457 0.663086 0.274151 0.666016 0.267624 0.666016 0.261097 0.664062 0.258486 0.664062 0.257180 0.662109 0.254569 0.661133 0.254569 0.655273 0.246736 0.655273 0.245431 0.651367 0.240209 0.650391 0.240209 0.649414 0.238903 0.639648 0.238903 0.638672 0.240209
