0 0.152344 0.289062 0.145508 0.289062 0.144531 0.290365 0.142578 0.290365 0.141602 0.291667 0.140625 0.291667 0.139648 0.292969 0.137695 0.292969 0.136719 0.294271 0.126953 0.294271 0.126953 0.295573 0.125977 0.296875 0.125977 0.302083 0.126953 0.303385 0.126953 0.316406 0.127930 0.317708 0.127930 0.322917 0.128906 0.324219 0.128906 0.328125 0.129883 0.329427 0.129883 0.334635 0.130859 0.335938 0.130859 0.337240 0.133789 0.341146 0.134766 0.341146 0.136719 0.343750 0.139648 0.345052 0.141602 0.347656 0.144531 0.347656 0.145508 0.348958 0.146484 0.347656 0.150391 0.347656 0.153320 0.345052 0.160156 0.343750 0.163086 0.341146 0.163086 0.334635 0.162109 0.333333 0.162109 0.311198 0.161133 0.309896 0.161133 0.308594 0.160156 0.308594 0.154297 0.299479 0.154297 0.295573 0.153320 0.294271 0.153320 0.290365
0 0.154297 0.356771 0.145508 0.356771 0.141602 0.359375 0.132812 0.359375 0.131836 0.360677 0.129883 0.360677 0.125977 0.363281 0.122070 0.368490 0.119141 0.376302 0.119141 0.388021 0.120117 0.389323 0.120117 0.395833 0.124023 0.404948 0.124023 0.408854 0.125977 0.411458 0.128906 0.411458 0.129883 0.412760 0.133789 0.412760 0.134766 0.414062 0.139648 0.414062 0.140625 0.415365 0.146484 0.415365 0.147461 0.414062 0.150391 0.414062 0.153320 0.411458 0.158203 0.410156 0.161133 0.406250 0.162109 0.403646 0.162109 0.382812 0.161133 0.381510 0.162109 0.380208 0.162109 0.369792 0.157227 0.364583 0.156250 0.361979 0.156250 0.359375
0 0.169922 0.407552 0.168945 0.407552 0.166992 0.410156 0.164062 0.410156 0.163086 0.411458 0.161133 0.411458 0.155273 0.415365 0.153320 0.417969 0.150391 0.419271 0.145508 0.424479 0.142578 0.425781 0.140625 0.429688 0.140625 0.434896 0.142578 0.438802 0.142578 0.444010 0.144531 0.449219 0.149414 0.455729 0.149414 0.457031 0.153320 0.462240 0.153320 0.463542 0.158203 0.470052 0.162109 0.472656 0.165039 0.472656 0.166016 0.471354 0.171875 0.471354 0.175781 0.467448 0.178711 0.466146 0.183594 0.459635 0.183594 0.457031 0.186523 0.450521 0.186523 0.446615 0.187500 0.445312 0.187500 0.440104 0.186523 0.438802 0.186523 0.436198 0.173828 0.420573 0.171875 0.419271 0.171875 0.416667 0.170898 0.415365 0.170898 0.408854
0 0.209961 0.477865 0.204102 0.477865 0.203125 0.479167 0.202148 0.479167 0.201172 0.480469 0.199219 0.480469 0.196289 0.483073 0.191406 0.484375 0.186523 0.488281 0.181641 0.488281 0.179688 0.492188 0.179688 0.497396 0.180664 0.498698 0.180664 0.506510 0.181641 0.507812 0.181641 0.513021 0.182617 0.514323 0.183594 0.520833 0.186523 0.527344 0.189453 0.528646 0.193359 0.532552 0.199219 0.532552 0.200195 0.531250 0.202148 0.531250 0.203125 0.529948 0.208008 0.527344 0.209961 0.524740 0.210938 0.524740 0.213867 0.522135 0.216797 0.522135 0.221680 0.516927 0.221680 0.510417 0.220703 0.509115 0.220703 0.503906 0.218750 0.500000 0.218750 0.496094 0.217773 0.494792 0.214844 0.485677 0.210938 0.480469 0.210938 0.479167
0 0.241211 0.407552 0.240234 0.407552 0.239258 0.406250 0.236328 0.408854 0.226562 0.408854 0.225586 0.410156 0.219727 0.410156 0.218750 0.411458 0.217773 0.411458 0.213867 0.416667 0.213867 0.417969 0.208008 0.432292 0.208008 0.438802 0.208984 0.440104 0.210938 0.446615 0.214844 0.451823 0.214844 0.455729 0.215820 0.457031 0.215820 0.458333 0.217773 0.458333 0.218750 0.457031 0.235352 0.457031 0.236328 0.455729 0.239258 0.455729 0.240234 0.454427 0.242188 0.454427 0.243164 0.453125 0.248047 0.451823 0.250000 0.449219 0.250000 0.447917 0.251953 0.445312 0.251953 0.442708 0.252930 0.441406 0.252930 0.438802 0.251953 0.437500 0.251953 0.432292 0.250977 0.430990 0.250977 0.429688 0.249023 0.425781 0.249023 0.423177 0.246094 0.417969 0.244141 0.411458
0 0.240234 0.458333 0.236328 0.463542 0.236328 0.476562 0.237305 0.477865 0.237305 0.484375 0.238281 0.485677 0.238281 0.492188 0.239258 0.493490 0.239258 0.497396 0.240234 0.498698 0.240234 0.501302 0.244141 0.506510 0.245117 0.506510 0.246094 0.507812 0.259766 0.507812 0.262695 0.505208 0.264648 0.505208 0.265625 0.503906 0.272461 0.500000 0.275391 0.496094 0.275391 0.489583 0.274414 0.488281 0.274414 0.476562 0.273438 0.475260 0.272461 0.471354 0.271484 0.470052 0.266602 0.467448 0.264648 0.464844 0.264648 0.463542 0.259766 0.457031 0.258789 0.457031 0.255859 0.454427 0.250000 0.454427 0.249023 0.455729 0.246094 0.455729 0.245117 0.457031
0 0.243164 0.528646 0.240234 0.528646 0.235352 0.532552 0.232422 0.532552 0.231445 0.533854 0.226562 0.536458 0.224609 0.539062 0.223633 0.539062 0.222656 0.540365 0.222656 0.541667 0.221680 0.542969 0.221680 0.545573 0.220703 0.546875 0.220703 0.562500 0.221680 0.563802 0.221680 0.566406 0.222656 0.567708 0.222656 0.569010 0.227539 0.575521 0.228516 0.575521 0.233398 0.579427 0.236328 0.579427 0.237305 0.578125 0.238281 0.578125 0.241211 0.574219 0.244141 0.572917 0.248047 0.567708 0.249023 0.567708 0.251953 0.565104 0.255859 0.565104 0.256836 0.563802 0.257812 0.563802 0.257812 0.562500 0.260742 0.555990 0.260742 0.550781 0.261719 0.549479 0.260742 0.545573 0.259766 0.545573 0.255859 0.540365 0.254883 0.540365 0.250000 0.533854 0.247070 0.532552 0.245117 0.529948 0.244141 0.529948
0 0.251953 0.600260 0.251953 0.604167 0.254883 0.610677 0.254883 0.615885 0.255859 0.617188 0.256836 0.617188 0.260742 0.622396 0.262695 0.622396 0.263672 0.623698 0.277344 0.623698 0.278320 0.622396 0.282227 0.622396 0.283203 0.621094 0.286133 0.621094 0.287109 0.619792 0.288086 0.619792 0.292969 0.613281 0.293945 0.613281 0.294922 0.611979 0.294922 0.609375 0.293945 0.608073 0.293945 0.605469 0.292969 0.604167 0.292969 0.597656 0.291992 0.596354 0.291992 0.591146 0.291016 0.589844 0.290039 0.585938 0.289062 0.585938 0.286133 0.583333 0.262695 0.583333 0.252930 0.596354 0.252930 0.598958
0 0.306641 0.570312 0.305664 0.571615 0.305664 0.572917 0.301758 0.576823 0.301758 0.578125 0.299805 0.580729 0.299805 0.582031 0.295898 0.591146 0.295898 0.593750 0.294922 0.595052 0.294922 0.605469 0.297852 0.610677 0.297852 0.611979 0.300781 0.615885 0.300781 0.617188 0.301758 0.617188 0.307617 0.625000 0.308594 0.625000 0.309570 0.626302 0.312500 0.626302 0.313477 0.627604 0.317383 0.627604 0.318359 0.626302 0.321289 0.626302 0.324219 0.622396 0.324219 0.621094 0.331055 0.611979 0.331055 0.610677 0.334961 0.601562 0.334961 0.598958 0.337891 0.595052 0.337891 0.589844 0.336914 0.588542 0.336914 0.587240 0.333984 0.583333 0.333984 0.582031 0.331055 0.579427 0.329102 0.579427 0.326172 0.576823 0.322266 0.576823 0.321289 0.575521 0.318359 0.575521 0.317383 0.574219 0.315430 0.574219 0.314453 0.572917 0.309570 0.572917
0 0.306641 0.627604 0.305664 0.631510 0.300781 0.638021 0.300781 0.639323 0.298828 0.641927 0.297852 0.641927 0.297852 0.643229 0.295898 0.645833 0.294922 0.648438 0.294922 0.654948 0.293945 0.656250 0.293945 0.661458 0.292969 0.664062 0.293945 0.666667 0.295898 0.669271 0.296875 0.669271 0.309570 0.686198 0.311523 0.687500 0.318359 0.687500 0.324219 0.683594 0.326172 0.680990 0.327148 0.680990 0.333984 0.671875 0.334961 0.669271 0.334961 0.665365 0.337891 0.657552 0.337891 0.654948 0.338867 0.653646 0.338867 0.651042 0.339844 0.648438 0.336914 0.643229 0.335938 0.644531 0.333008 0.644531 0.331055 0.641927 0.331055 0.636719 0.323242 0.628906 0.319336 0.628906 0.318359 0.630208 0.316406 0.630208 0.315430 0.628906 0.307617 0.628906
0 0.367188 0.678385 0.366211 0.677083 0.366211 0.675781 0.361328 0.669271 0.358398 0.669271 0.357422 0.670573 0.350586 0.670573 0.349609 0.671875 0.343750 0.671875 0.342773 0.673177 0.337891 0.673177 0.335938 0.675781 0.333008 0.677083 0.328125 0.683594 0.328125 0.688802 0.329102 0.690104 0.329102 0.696615 0.335938 0.705729 0.336914 0.705729 0.339844 0.709635 0.340820 0.709635 0.341797 0.710938 0.352539 0.710938 0.353516 0.709635 0.358398 0.709635 0.359375 0.708333 0.361328 0.708333 0.362305 0.707031 0.363281 0.707031 0.363281 0.705729 0.364258 0.704427 0.364258 0.701823 0.365234 0.700521 0.365234 0.697917 0.366211 0.696615 0.366211 0.694010 0.367188 0.692708 0.367188 0.686198 0.368164 0.684896 0.367188 0.683594
0 0.368164 0.700521 0.368164 0.701823 0.367188 0.703125 0.367188 0.707031 0.366211 0.708333 0.366211 0.716146 0.367188 0.717448 0.368164 0.717448 0.370117 0.720052 0.370117 0.721354 0.375977 0.729167 0.376953 0.729167 0.379883 0.731771 0.391602 0.731771 0.392578 0.730469 0.394531 0.730469 0.395508 0.729167 0.397461 0.729167 0.399414 0.726562 0.399414 0.725260 0.400391 0.723958 0.400391 0.721354 0.401367 0.720052 0.401367 0.717448 0.402344 0.716146 0.402344 0.712240 0.401367 0.710938 0.401367 0.708333 0.400391 0.707031 0.399414 0.707031 0.396484 0.704427 0.387695 0.704427 0.386719 0.703125 0.383789 0.703125 0.381836 0.700521 0.380859 0.700521 0.376953 0.695312 0.375977 0.695312 0.375000 0.694010 0.373047 0.694010
0 0.380859 0.651042 0.378906 0.653646 0.376953 0.653646 0.375000 0.656250 0.374023 0.660156 0.372070 0.662760 0.372070 0.684896 0.373047 0.686198 0.375000 0.692708 0.379883 0.699219 0.380859 0.699219 0.382812 0.701823 0.383789 0.701823 0.384766 0.703125 0.387695 0.703125 0.388672 0.704427 0.395508 0.704427 0.398438 0.701823 0.398438 0.700521 0.400391 0.697917 0.400391 0.696615 0.402344 0.694010 0.402344 0.692708 0.404297 0.690104 0.404297 0.688802 0.407227 0.684896 0.407227 0.682292 0.408203 0.680990 0.408203 0.678385 0.406250 0.674479 0.404297 0.674479 0.402344 0.671875 0.399414 0.670573 0.398438 0.669271 0.398438 0.667969 0.396484 0.665365 0.396484 0.664062 0.393555 0.660156 0.392578 0.660156 0.391602 0.658854 0.387695 0.658854 0.385742 0.656250 0.382812 0.654948 0.380859 0.652344
0 0.360352 0.604167 0.359375 0.605469 0.356445 0.606771 0.356445 0.608073 0.348633 0.618490 0.348633 0.619792 0.346680 0.622396 0.346680 0.628906 0.347656 0.630208 0.347656 0.632812 0.351562 0.639323 0.352539 0.643229 0.358398 0.653646 0.371094 0.653646 0.372070 0.652344 0.374023 0.652344 0.375000 0.651042 0.375977 0.651042 0.377930 0.648438 0.377930 0.647135 0.385742 0.636719 0.385742 0.635417 0.388672 0.631510 0.388672 0.627604 0.389648 0.626302 0.389648 0.617188 0.388672 0.615885 0.387695 0.615885 0.380859 0.605469 0.369141 0.605469 0.368164 0.604167
0 0.435547 0.631510 0.433594 0.631510 0.431641 0.636719 0.429688 0.634115 0.429688 0.630208 0.430664 0.627604 0.429688 0.626302 0.427734 0.626302 0.423828 0.623698 0.421875 0.626302 0.421875 0.628906 0.419922 0.631510 0.409180 0.631510 0.408203 0.630208 0.406250 0.630208 0.404297 0.627604 0.402344 0.627604 0.400391 0.626302 0.398438 0.634115 0.395508 0.638021 0.395508 0.656250 0.394531 0.657552 0.395508 0.661458 0.400391 0.669271 0.401367 0.669271 0.406250 0.674479 0.408203 0.674479 0.412109 0.677083 0.416992 0.677083 0.417969 0.675781 0.420898 0.675781 0.422852 0.674479 0.424805 0.671875 0.430664 0.667969 0.430664 0.665365 0.431641 0.664062 0.431641 0.661458 0.432617 0.660156 0.432617 0.657552 0.434570 0.652344 0.435547 0.643229 0.436523 0.641927 0.435547 0.639323 0.435547 0.634115 0.436523 0.632812
0 0.412109 0.678385 0.412109 0.679688 0.414062 0.682292 0.414062 0.683594 0.416016 0.686198 0.416992 0.686198 0.417969 0.687500 0.417969 0.688802 0.421875 0.694010 0.422852 0.694010 0.425781 0.697917 0.427734 0.697917 0.428711 0.699219 0.430664 0.699219 0.431641 0.700521 0.438477 0.700521 0.439453 0.699219 0.440430 0.699219 0.443359 0.695312 0.443359 0.694010 0.441406 0.691406 0.440430 0.691406 0.439453 0.690104 0.438477 0.690104 0.437500 0.688802 0.437500 0.687500 0.436523 0.686198 0.436523 0.683594 0.432617 0.678385 0.432617 0.677083 0.431641 0.675781 0.431641 0.673177 0.430664 0.671875 0.426758 0.671875 0.425781 0.673177 0.424805 0.673177 0.421875 0.677083 0.420898 0.677083 0.419922 0.678385 0.418945 0.678385 0.417969 0.677083 0.414062 0.677083 0.413086 0.678385
0 0.415039 0.731771 0.415039 0.733073 0.412109 0.736979 0.412109 0.738281 0.410156 0.742188 0.410156 0.744792 0.409180 0.746094 0.409180 0.757812 0.410156 0.759115 0.410156 0.765625 0.411133 0.766927 0.411133 0.769531 0.412109 0.770833 0.412109 0.772135 0.416016 0.777344 0.419922 0.777344 0.420898 0.778646 0.428711 0.778646 0.429688 0.779948 0.444336 0.779948 0.445312 0.778646 0.445312 0.773438 0.447266 0.769531 0.447266 0.761719 0.446289 0.760417 0.446289 0.756510 0.447266 0.755208 0.447266 0.743490 0.446289 0.742188 0.446289 0.743490 0.443359 0.747396 0.438477 0.739583 0.435547 0.739583 0.434570 0.738281 0.433594 0.738281 0.430664 0.734375 0.425781 0.734375 0.424805 0.733073 0.420898 0.733073 0.419922 0.734375 0.417969 0.731771
0 0.456055 0.735677 0.454102 0.735677 0.454102 0.738281 0.450195 0.743490 0.450195 0.744792 0.449219 0.746094 0.449219 0.750000 0.448242 0.751302 0.448242 0.755208 0.447266 0.756510 0.447266 0.769531 0.446289 0.770833 0.446289 0.773438 0.445312 0.774740 0.445312 0.776042 0.444336 0.777344 0.444336 0.779948 0.446289 0.782552 0.447266 0.782552 0.448242 0.781250 0.450195 0.781250 0.452148 0.778646 0.453125 0.778646 0.457031 0.773438 0.457031 0.772135 0.458984 0.769531 0.458984 0.764323 0.459961 0.763021 0.459961 0.761719 0.458984 0.760417 0.458984 0.750000 0.458008 0.748698 0.458008 0.746094 0.457031 0.744792 0.457031 0.742188 0.456055 0.740885 0.457031 0.739583 0.457031 0.736979
0 0.477539 0.680990 0.476562 0.680990 0.475586 0.679688 0.474609 0.679688 0.473633 0.680990 0.473633 0.683594 0.471680 0.686198 0.470703 0.686198 0.470703 0.687500 0.469727 0.688802 0.469727 0.691406 0.464844 0.699219 0.461914 0.700521 0.458984 0.704427 0.454102 0.704427 0.454102 0.717448 0.455078 0.718750 0.457031 0.725260 0.458008 0.725260 0.458984 0.726562 0.464844 0.726562 0.465820 0.727865 0.472656 0.727865 0.473633 0.729167 0.481445 0.729167 0.482422 0.727865 0.483398 0.727865 0.485352 0.725260 0.485352 0.722656 0.486328 0.721354 0.486328 0.703125 0.485352 0.701823 0.485352 0.695312 0.483398 0.692708 0.482422 0.688802 0.480469 0.688802 0.478516 0.691406 0.477539 0.690104 0.477539 0.688802 0.479492 0.686198 0.479492 0.684896
0 0.439453 0.654948 0.438477 0.656250 0.438477 0.658854 0.437500 0.660156 0.436523 0.664062 0.434570 0.666667 0.433594 0.666667 0.433594 0.667969 0.431641 0.671875 0.431641 0.674479 0.435547 0.679688 0.435547 0.680990 0.437500 0.684896 0.437500 0.687500 0.443359 0.694010 0.444336 0.694010 0.445312 0.695312 0.448242 0.695312 0.452148 0.699219 0.454102 0.699219 0.455078 0.700521 0.458008 0.700521 0.458984 0.699219 0.461914 0.699219 0.463867 0.696615 0.464844 0.696615 0.467773 0.692708 0.467773 0.691406 0.469727 0.687500 0.469727 0.684896 0.470703 0.683594 0.470703 0.679688 0.471680 0.678385 0.471680 0.675781 0.473633 0.671875 0.473633 0.665365 0.474609 0.664062 0.474609 0.662760 0.473633 0.661458 0.473633 0.657552 0.472656 0.657552 0.471680 0.656250 0.469727 0.656250 0.466797 0.658854 0.464844 0.658854 0.463867 0.657552 0.458008 0.657552 0.457031 0.656250 0.450195 0.656250 0.447266 0.653646 0.441406 0.653646 0.440430 0.654948
0 0.500977 0.700521 0.500000 0.700521 0.499023 0.699219 0.497070 0.699219 0.496094 0.697917 0.494141 0.697917 0.493164 0.696615 0.488281 0.696615 0.487305 0.697917 0.487305 0.699219 0.486328 0.700521 0.486328 0.705729 0.487305 0.707031 0.487305 0.718750 0.486328 0.720052 0.486328 0.723958 0.485352 0.725260 0.485352 0.727865 0.484375 0.729167 0.484375 0.731771 0.481445 0.735677 0.482422 0.736979 0.484375 0.734375 0.490234 0.734375 0.491211 0.733073 0.492188 0.733073 0.493164 0.731771 0.494141 0.731771 0.496094 0.729167 0.498047 0.729167 0.500977 0.726562 0.500977 0.725260 0.501953 0.723958 0.501953 0.721354 0.503906 0.718750 0.503906 0.717448 0.505859 0.713542 0.505859 0.709635 0.504883 0.708333 0.504883 0.705729 0.503906 0.705729 0.501953 0.703125 0.501953 0.701823
0 0.493164 0.787760 0.489258 0.787760 0.487305 0.790365 0.485352 0.790365 0.484375 0.791667 0.481445 0.791667 0.480469 0.792969 0.478516 0.792969 0.475586 0.796875 0.475586 0.798177 0.474609 0.799479 0.473633 0.799479 0.470703 0.795573 0.469727 0.796875 0.469727 0.804688 0.470703 0.805990 0.470703 0.809896 0.471680 0.811198 0.471680 0.815104 0.472656 0.816406 0.472656 0.819010 0.473633 0.820312 0.473633 0.821615 0.474609 0.822917 0.475586 0.822917 0.477539 0.825521 0.480469 0.826823 0.481445 0.828125 0.481445 0.829427 0.483398 0.832031 0.484375 0.832031 0.485352 0.833333 0.486328 0.832031 0.488281 0.832031 0.489258 0.830729 0.490234 0.830729 0.493164 0.826823 0.494141 0.826823 0.499023 0.820312 0.500000 0.820312 0.505859 0.812500 0.505859 0.800781 0.504883 0.799479 0.504883 0.796875 0.501953 0.792969 0.499023 0.792969 0.498047 0.791667 0.496094 0.791667
0 0.512695 0.747396 0.511719 0.748698 0.511719 0.755208 0.510742 0.756510 0.511719 0.757812 0.511719 0.760417 0.512695 0.761719 0.512695 0.772135 0.511719 0.773438 0.511719 0.783854 0.510742 0.785156 0.510742 0.791667 0.511719 0.792969 0.511719 0.795573 0.512695 0.796875 0.512695 0.798177 0.514648 0.800781 0.524414 0.800781 0.525391 0.799479 0.528320 0.799479 0.531250 0.796875 0.533203 0.796875 0.534180 0.795573 0.537109 0.794271 0.539062 0.790365 0.539062 0.786458 0.540039 0.785156 0.540039 0.779948 0.541016 0.778646 0.541016 0.774740 0.541992 0.773438 0.541992 0.763021 0.541016 0.761719 0.541016 0.759115 0.540039 0.757812 0.540039 0.756510 0.537109 0.752604 0.537109 0.751302 0.531250 0.751302 0.530273 0.750000 0.527344 0.750000 0.526367 0.748698 0.523438 0.748698 0.522461 0.747396 0.518555 0.747396 0.517578 0.748698 0.516602 0.748698 0.515625 0.747396
0 0.515625 0.708333 0.513672 0.710938 0.512695 0.710938 0.511719 0.712240 0.511719 0.713542 0.510742 0.714844 0.510742 0.720052 0.509766 0.721354 0.509766 0.727865 0.510742 0.729167 0.510742 0.733073 0.511719 0.734375 0.511719 0.736979 0.513672 0.739583 0.514648 0.739583 0.515625 0.740885 0.516602 0.740885 0.517578 0.742188 0.520508 0.743490 0.522461 0.746094 0.523438 0.746094 0.524414 0.747396 0.526367 0.747396 0.527344 0.748698 0.531250 0.748698 0.532227 0.747396 0.534180 0.747396 0.536133 0.744792 0.537109 0.740885 0.539062 0.738281 0.539062 0.736979 0.541992 0.733073 0.541992 0.731771 0.542969 0.730469 0.542969 0.718750 0.541992 0.717448 0.541992 0.716146 0.539062 0.712240 0.538086 0.712240 0.537109 0.710938 0.537109 0.709635 0.535156 0.707031 0.533203 0.707031 0.532227 0.705729 0.530273 0.705729 0.529297 0.704427 0.524414 0.704427 0.522461 0.707031 0.519531 0.707031 0.518555 0.708333
0 0.575195 0.760417 0.572266 0.759115 0.570312 0.756510 0.569336 0.756510 0.568359 0.755208 0.565430 0.755208 0.564453 0.756510 0.547852 0.756510 0.545898 0.759115 0.545898 0.761719 0.544922 0.763021 0.544922 0.764323 0.545898 0.765625 0.545898 0.769531 0.544922 0.770833 0.544922 0.778646 0.545898 0.779948 0.545898 0.790365 0.546875 0.791667 0.546875 0.792969 0.549805 0.795573 0.555664 0.795573 0.556641 0.796875 0.561523 0.796875 0.562500 0.795573 0.568359 0.795573 0.569336 0.794271 0.570312 0.790365 0.572266 0.787760 0.572266 0.785156 0.573242 0.783854 0.573242 0.782552 0.575195 0.778646 0.575195 0.776042 0.577148 0.772135 0.577148 0.765625 0.576172 0.764323
0 0.547852 0.796875 0.544922 0.800781 0.543945 0.800781 0.542969 0.802083 0.542969 0.804688 0.541992 0.805990 0.541992 0.811198 0.541016 0.812500 0.541016 0.819010 0.541992 0.820312 0.541992 0.821615 0.543945 0.824219 0.544922 0.824219 0.547852 0.828125 0.548828 0.828125 0.549805 0.829427 0.549805 0.830729 0.551758 0.833333 0.552734 0.833333 0.554688 0.835938 0.555664 0.835938 0.556641 0.837240 0.559570 0.837240 0.560547 0.838542 0.563477 0.838542 0.564453 0.837240 0.566406 0.837240 0.568359 0.834635 0.569336 0.830729 0.571289 0.828125 0.571289 0.826823 0.572266 0.825521 0.572266 0.822917 0.573242 0.821615 0.573242 0.815104 0.574219 0.813802 0.574219 0.807292 0.573242 0.805990 0.573242 0.802083 0.570312 0.798177 0.569336 0.798177 0.568359 0.796875 0.564453 0.796875 0.563477 0.798177 0.555664 0.798177 0.554688 0.796875
0 0.545898 0.713542 0.545898 0.714844 0.544922 0.716146 0.544922 0.729167 0.543945 0.730469 0.543945 0.731771 0.544922 0.733073 0.544922 0.738281 0.545898 0.739583 0.545898 0.746094 0.546875 0.747396 0.546875 0.750000 0.547852 0.751302 0.547852 0.752604 0.549805 0.755208 0.551758 0.755208 0.552734 0.756510 0.559570 0.756510 0.560547 0.755208 0.562500 0.755208 0.563477 0.753906 0.566406 0.753906 0.569336 0.750000 0.570312 0.750000 0.571289 0.748698 0.573242 0.748698 0.578125 0.744792 0.578125 0.727865 0.576172 0.725260 0.576172 0.723958 0.572266 0.718750 0.571289 0.718750 0.569336 0.716146 0.567383 0.716146 0.566406 0.714844 0.561523 0.714844 0.560547 0.713542 0.554688 0.713542 0.553711 0.712240 0.546875 0.712240
0 0.500977 0.662760 0.500977 0.664062 0.500000 0.665365 0.500000 0.675781 0.500977 0.677083 0.500977 0.679688 0.501953 0.680990 0.501953 0.682292 0.502930 0.683594 0.502930 0.684896 0.505859 0.688802 0.506836 0.688802 0.509766 0.692708 0.513672 0.692708 0.514648 0.691406 0.516602 0.691406 0.517578 0.690104 0.519531 0.690104 0.519531 0.688802 0.518555 0.688802 0.517578 0.687500 0.517578 0.686198 0.516602 0.684896 0.516602 0.683594 0.515625 0.682292 0.515625 0.680990 0.514648 0.679688 0.514648 0.677083 0.513672 0.675781 0.513672 0.673177 0.512695 0.671875 0.512695 0.666667 0.510742 0.664062 0.504883 0.664062 0.503906 0.662760
0 0.480469 0.632812 0.477539 0.636719 0.477539 0.658854 0.478516 0.660156 0.478516 0.661458 0.479492 0.662760 0.480469 0.662760 0.481445 0.664062 0.486328 0.664062 0.487305 0.665365 0.493164 0.665365 0.494141 0.664062 0.497070 0.664062 0.498047 0.662760 0.499023 0.662760 0.501953 0.658854 0.501953 0.654948 0.500977 0.653646 0.500977 0.652344 0.500000 0.651042 0.498047 0.651042 0.496094 0.648438 0.495117 0.648438 0.493164 0.645833 0.492188 0.645833 0.491211 0.644531 0.491211 0.643229 0.490234 0.641927 0.490234 0.634115 0.491211 0.632812 0.490234 0.631510 0.485352 0.631510 0.484375 0.632812
0 0.544922 0.652344 0.543945 0.651042 0.539062 0.651042 0.538086 0.649740 0.531250 0.649740 0.530273 0.648438 0.528320 0.648438 0.524414 0.653646 0.524414 0.654948 0.522461 0.657552 0.521484 0.657552 0.519531 0.660156 0.518555 0.660156 0.515625 0.662760 0.513672 0.662760 0.512695 0.664062 0.510742 0.664062 0.507812 0.666667 0.507812 0.670573 0.508789 0.671875 0.508789 0.677083 0.506836 0.679688 0.504883 0.679688 0.504883 0.683594 0.507812 0.687500 0.507812 0.688802 0.509766 0.691406 0.512695 0.691406 0.513672 0.690104 0.529297 0.690104 0.530273 0.688802 0.535156 0.686198 0.539062 0.680990 0.539062 0.679688 0.541992 0.675781 0.541992 0.674479 0.542969 0.673177 0.542969 0.666667 0.543945 0.665365 0.543945 0.658854 0.544922 0.657552
0 0.514648 0.609375 0.510742 0.609375 0.509766 0.610677 0.507812 0.610677 0.506836 0.611979 0.503906 0.611979 0.502930 0.613281 0.500977 0.613281 0.500000 0.614583 0.499023 0.614583 0.497070 0.617188 0.496094 0.623698 0.493164 0.628906 0.493164 0.630208 0.490234 0.636719 0.490234 0.643229 0.494141 0.648438 0.497070 0.649740 0.502930 0.660156 0.503906 0.660156 0.504883 0.661458 0.506836 0.661458 0.507812 0.662760 0.510742 0.662760 0.511719 0.661458 0.513672 0.661458 0.516602 0.658854 0.518555 0.658854 0.519531 0.657552 0.520508 0.657552 0.524414 0.652344 0.524414 0.651042 0.526367 0.648438 0.526367 0.645833 0.528320 0.641927 0.528320 0.639323 0.529297 0.638021 0.529297 0.634115 0.530273 0.632812 0.530273 0.625000 0.529297 0.623698 0.526367 0.623698 0.525391 0.622396 0.524414 0.622396 0.521484 0.618490 0.521484 0.617188 0.516602 0.610677 0.515625 0.610677
0 0.489258 0.597656 0.488281 0.596354 0.486328 0.596354 0.483398 0.593750 0.475586 0.593750 0.474609 0.595052 0.468750 0.595052 0.467773 0.596354 0.462891 0.596354 0.458008 0.602865 0.458008 0.604167 0.456055 0.606771 0.456055 0.609375 0.455078 0.610677 0.455078 0.615885 0.454102 0.617188 0.454102 0.623698 0.455078 0.625000 0.455078 0.626302 0.459961 0.632812 0.461914 0.632812 0.462891 0.634115 0.466797 0.634115 0.467773 0.635417 0.469727 0.635417 0.470703 0.634115 0.473633 0.634115 0.474609 0.632812 0.478516 0.632812 0.479492 0.631510 0.482422 0.631510 0.483398 0.630208 0.488281 0.630208 0.489258 0.628906 0.490234 0.628906 0.490234 0.627604 0.491211 0.626302 0.491211 0.618490 0.492188 0.617188 0.492188 0.613281 0.491211 0.611979 0.491211 0.604167 0.489258 0.600260
0 0.430664 0.575521 0.429688 0.576823 0.429688 0.578125 0.422852 0.587240 0.421875 0.587240 0.417969 0.591146 0.417969 0.592448 0.416016 0.595052 0.416016 0.604167 0.418945 0.609375 0.419922 0.613281 0.422852 0.617188 0.422852 0.618490 0.423828 0.618490 0.425781 0.621094 0.426758 0.621094 0.431641 0.625000 0.433594 0.625000 0.434570 0.626302 0.437500 0.626302 0.438477 0.627604 0.442383 0.627604 0.445312 0.622396 0.445312 0.621094 0.447266 0.618490 0.447266 0.617188 0.449219 0.614583 0.449219 0.613281 0.454102 0.606771 0.454102 0.605469 0.456055 0.601562 0.456055 0.597656 0.457031 0.596354 0.457031 0.592448 0.456055 0.591146 0.456055 0.584635 0.451172 0.580729 0.443359 0.580729 0.439453 0.576823 0.432617 0.576823 0.431641 0.575521
0 0.415039 0.570312 0.412109 0.569010 0.410156 0.566406 0.409180 0.566406 0.408203 0.565104 0.406250 0.565104 0.405273 0.563802 0.404297 0.563802 0.401367 0.567708 0.394531 0.567708 0.393555 0.569010 0.390625 0.569010 0.388672 0.571615 0.387695 0.571615 0.386719 0.572917 0.385742 0.576823 0.383789 0.579427 0.383789 0.591146 0.384766 0.592448 0.384766 0.596354 0.385742 0.597656 0.385742 0.600260 0.386719 0.601562 0.386719 0.602865 0.388672 0.605469 0.389648 0.605469 0.392578 0.608073 0.396484 0.608073 0.397461 0.609375 0.400391 0.609375 0.401367 0.608073 0.404297 0.606771 0.412109 0.596354 0.413086 0.596354 0.413086 0.595052 0.415039 0.591146 0.415039 0.580729 0.416992 0.576823 0.416992 0.572917
0 0.379883 0.559896 0.377930 0.562500 0.376953 0.562500 0.375000 0.559896 0.375000 0.558594 0.370117 0.553385 0.367188 0.553385 0.366211 0.552083 0.362305 0.552083 0.361328 0.550781 0.360352 0.550781 0.357422 0.553385 0.353516 0.553385 0.350586 0.555990 0.348633 0.555990 0.347656 0.557292 0.344727 0.558594 0.343750 0.559896 0.343750 0.561198 0.339844 0.566406 0.339844 0.567708 0.336914 0.572917 0.335938 0.576823 0.336914 0.578125 0.336914 0.580729 0.337891 0.582031 0.337891 0.583333 0.338867 0.583333 0.341797 0.587240 0.341797 0.589844 0.343750 0.592448 0.345703 0.592448 0.348633 0.595052 0.350586 0.595052 0.351562 0.596354 0.352539 0.596354 0.353516 0.597656 0.355469 0.597656 0.356445 0.598958 0.364258 0.598958 0.365234 0.597656 0.368164 0.596354 0.376953 0.584635 0.376953 0.583333 0.377930 0.582031 0.377930 0.576823 0.378906 0.575521 0.378906 0.572917 0.379883 0.571615
0 0.330078 0.514323 0.324219 0.514323 0.323242 0.515625 0.318359 0.515625 0.314453 0.519531 0.313477 0.519531 0.312500 0.520833 0.312500 0.522135 0.311523 0.523438 0.310547 0.523438 0.305664 0.531250 0.305664 0.533854 0.304688 0.535156 0.304688 0.541667 0.303711 0.542969 0.304688 0.544271 0.304688 0.548177 0.307617 0.554688 0.307617 0.558594 0.308594 0.559896 0.308594 0.562500 0.314453 0.570312 0.315430 0.570312 0.318359 0.572917 0.320312 0.572917 0.321289 0.574219 0.324219 0.574219 0.325195 0.575521 0.328125 0.574219 0.339844 0.559896 0.339844 0.558594 0.342773 0.554688 0.342773 0.553385 0.343750 0.552083 0.343750 0.548177 0.344727 0.546875 0.344727 0.539062 0.343750 0.537760 0.343750 0.533854 0.342773 0.532552 0.342773 0.529948 0.333984 0.516927 0.332031 0.516927
0 0.282227 0.503906 0.281250 0.505208 0.279297 0.505208 0.274414 0.509115 0.270508 0.509115 0.267578 0.511719 0.267578 0.523438 0.266602 0.524740 0.266602 0.533854 0.267578 0.535156 0.267578 0.537760 0.268555 0.539062 0.269531 0.542969 0.279297 0.555990 0.280273 0.555990 0.281250 0.557292 0.286133 0.557292 0.287109 0.555990 0.288086 0.555990 0.289062 0.554688 0.290039 0.554688 0.291016 0.553385 0.291992 0.553385 0.292969 0.552083 0.297852 0.549479 0.299805 0.546875 0.299805 0.545573 0.300781 0.544271 0.300781 0.520833 0.301758 0.519531 0.301758 0.518229 0.298828 0.515625 0.296875 0.515625 0.295898 0.514323 0.293945 0.514323 0.292969 0.513021 0.291992 0.513021 0.288086 0.507812 0.287109 0.507812
0 0.301758 0.454427 0.300781 0.455729 0.297852 0.455729 0.297852 0.457031 0.294922 0.460938 0.291016 0.463542 0.286133 0.470052 0.284180 0.475260 0.279297 0.481771 0.280273 0.483073 0.280273 0.485677 0.283203 0.490885 0.283203 0.493490 0.284180 0.494792 0.285156 0.501302 0.290039 0.509115 0.291016 0.509115 0.292969 0.511719 0.294922 0.511719 0.295898 0.513021 0.297852 0.513021 0.301758 0.515625 0.307617 0.515625 0.315430 0.510417 0.317383 0.507812 0.317383 0.506510 0.326172 0.494792 0.327148 0.492188 0.327148 0.485677 0.322266 0.475260 0.322266 0.471354 0.317383 0.464844 0.317383 0.460938 0.316406 0.460938 0.314453 0.458333 0.310547 0.455729 0.304688 0.455729 0.303711 0.454427
0 0.287109 0.408854 0.284180 0.412760 0.281250 0.412760 0.271484 0.419271 0.267578 0.419271 0.263672 0.421875 0.258789 0.428385 0.255859 0.436198 0.255859 0.444010 0.256836 0.445312 0.256836 0.447917 0.257812 0.449219 0.257812 0.451823 0.258789 0.454427 0.259766 0.454427 0.263672 0.459635 0.263672 0.460938 0.267578 0.466146 0.269531 0.467448 0.273438 0.467448 0.274414 0.466146 0.277344 0.466146 0.278320 0.464844 0.280273 0.464844 0.281250 0.463542 0.286133 0.462240 0.293945 0.457031 0.295898 0.454427 0.299805 0.451823 0.302734 0.446615 0.302734 0.441406 0.304688 0.438802 0.302734 0.433594 0.302734 0.428385 0.300781 0.428385 0.300781 0.429688 0.298828 0.432292 0.296875 0.427083 0.292969 0.421875 0.292969 0.420573 0.291016 0.420573 0.289062 0.417969 0.290039 0.414062 0.287109 0.410156
0 0.220703 0.346354 0.217773 0.348958 0.212891 0.350260 0.210938 0.352865 0.208008 0.354167 0.204102 0.359375 0.197266 0.377604 0.197266 0.393229 0.200195 0.398438 0.207031 0.403646 0.210938 0.403646 0.211914 0.404948 0.213867 0.404948 0.219727 0.408854 0.224609 0.408854 0.232422 0.403646 0.236328 0.404948 0.237305 0.403646 0.241211 0.402344 0.245117 0.394531 0.245117 0.389323 0.244141 0.388021 0.244141 0.385417 0.242188 0.380208 0.242188 0.367188 0.240234 0.364583 0.240234 0.363281 0.235352 0.363281 0.233398 0.361979 0.230469 0.358073 0.226562 0.355469 0.224609 0.350260 0.224609 0.346354
0 0.285156 0.343750 0.280273 0.343750 0.278320 0.345052 0.274414 0.350260 0.271484 0.351562 0.266602 0.358073 0.265625 0.358073 0.265625 0.359375 0.261719 0.364583 0.261719 0.367188 0.260742 0.368490 0.260742 0.377604 0.261719 0.378906 0.261719 0.382812 0.262695 0.384115 0.262695 0.389323 0.263672 0.390625 0.263672 0.394531 0.264648 0.395833 0.264648 0.398438 0.271484 0.406250 0.273438 0.406250 0.279297 0.410156 0.281250 0.408854 0.283203 0.408854 0.287109 0.406250 0.292969 0.398438 0.296875 0.395833 0.302734 0.388021 0.303711 0.385417 0.303711 0.376302 0.302734 0.375000 0.302734 0.369792 0.301758 0.367188 0.297852 0.363281 0.296875 0.363281 0.292969 0.358073 0.291992 0.351562 0.287109 0.345052
0 0.204102 0.278646 0.201172 0.283854 0.201172 0.287760 0.202148 0.289062 0.202148 0.292969 0.203125 0.294271 0.203125 0.296875 0.204102 0.298177 0.204102 0.300781 0.205078 0.302083 0.205078 0.304688 0.206055 0.305990 0.207031 0.312500 0.208984 0.315104 0.210938 0.320312 0.210938 0.322917 0.211914 0.324219 0.211914 0.326823 0.212891 0.329427 0.215820 0.333333 0.217773 0.333333 0.218750 0.334635 0.228516 0.334635 0.230469 0.333333 0.233398 0.329427 0.233398 0.325521 0.238281 0.320312 0.241211 0.312500 0.241211 0.309896 0.242188 0.308594 0.242188 0.290365 0.241211 0.287760 0.240234 0.287760 0.236328 0.282552 0.235352 0.282552 0.230469 0.276042 0.229492 0.276042 0.227539 0.273438 0.221680 0.273438 0.220703 0.272135 0.216797 0.272135 0.214844 0.274740 0.213867 0.274740 0.209961 0.278646
0 0.162109 0.213542 0.162109 0.221354 0.164062 0.225260 0.164062 0.230469 0.166016 0.236979 0.166992 0.247396 0.168945 0.252604 0.168945 0.256510 0.172852 0.264323 0.177734 0.266927 0.185547 0.268229 0.188477 0.270833 0.197266 0.270833 0.198242 0.269531 0.200195 0.269531 0.201172 0.265625 0.208984 0.256510 0.208008 0.251302 0.204102 0.242188 0.204102 0.231771 0.205078 0.230469 0.204102 0.229167 0.204102 0.221354 0.205078 0.220052 0.208008 0.220052 0.210938 0.222656 0.212891 0.222656 0.213867 0.221354 0.212891 0.220052 0.208984 0.220052 0.208008 0.218750 0.208008 0.216146 0.204102 0.213542 0.202148 0.209635 0.200195 0.209635 0.199219 0.208333 0.192383 0.208333 0.191406 0.207031 0.186523 0.207031 0.185547 0.205729 0.180664 0.205729 0.179688 0.204427 0.177734 0.204427 0.172852 0.208333 0.165039 0.210938
0 0.237305 0.169271 0.235352 0.169271 0.231445 0.173177 0.229492 0.173177 0.228516 0.174479 0.224609 0.174479 0.219727 0.178385 0.211914 0.178385 0.209961 0.179688 0.208984 0.182292 0.201172 0.194010 0.201172 0.196615 0.203125 0.199219 0.207031 0.199219 0.209961 0.201823 0.210938 0.204427 0.210938 0.207031 0.212891 0.212240 0.214844 0.214844 0.214844 0.216146 0.220703 0.220052 0.223633 0.223958 0.224609 0.227865 0.228516 0.227865 0.233398 0.222656 0.235352 0.221354 0.237305 0.221354 0.238281 0.220052 0.242188 0.220052 0.243164 0.218750 0.246094 0.218750 0.248047 0.217448 0.249023 0.214844 0.249023 0.210938 0.250000 0.209635 0.250000 0.196615 0.250977 0.195312 0.250000 0.194010 0.250000 0.186198 0.249023 0.184896 0.249023 0.182292 0.247070 0.177083 0.244141 0.175781 0.240234 0.170573 0.238281 0.170573
0 0.259766 0.221354 0.240234 0.221354 0.237305 0.223958 0.233398 0.225260 0.227539 0.231771 0.221680 0.235677 0.217773 0.240885 0.218750 0.251302 0.219727 0.252604 0.220703 0.257812 0.223633 0.261719 0.223633 0.263021 0.226562 0.266927 0.226562 0.268229 0.229492 0.272135 0.229492 0.273438 0.234375 0.279948 0.235352 0.279948 0.241211 0.286458 0.246094 0.287760 0.247070 0.286458 0.250977 0.286458 0.254883 0.283854 0.258789 0.279948 0.258789 0.278646 0.263672 0.272135 0.265625 0.266927 0.265625 0.259115 0.263672 0.253906 0.263672 0.244792 0.262695 0.243490 0.265625 0.235677 0.265625 0.229167 0.264648 0.227865 0.264648 0.225260 0.262695 0.222656 0.260742 0.222656
0 0.261719 0.286458 0.257812 0.290365 0.254883 0.291667 0.250000 0.298177 0.250000 0.299479 0.247070 0.303385 0.245117 0.304688 0.243164 0.309896 0.246094 0.317708 0.246094 0.321615 0.247070 0.322917 0.247070 0.326823 0.249023 0.330729 0.249023 0.334635 0.250000 0.337240 0.252930 0.341146 0.252930 0.342448 0.253906 0.342448 0.258789 0.347656 0.260742 0.347656 0.261719 0.348958 0.265625 0.348958 0.266602 0.350260 0.270508 0.350260 0.274414 0.347656 0.279297 0.342448 0.282227 0.341146 0.283203 0.338542 0.283203 0.322917 0.280273 0.319010 0.279297 0.316406 0.279297 0.305990 0.278320 0.304688 0.278320 0.300781 0.277344 0.299479 0.277344 0.296875 0.276367 0.294271 0.271484 0.287760 0.267578 0.287760 0.266602 0.286458
0 0.309570 0.291667 0.308594 0.292969 0.296875 0.292969 0.295898 0.294271 0.291016 0.295573 0.289062 0.298177 0.280273 0.303385 0.280273 0.313802 0.282227 0.319010 0.284180 0.320312 0.284180 0.322917 0.285156 0.324219 0.285156 0.341146 0.292969 0.350260 0.293945 0.356771 0.296875 0.360677 0.298828 0.360677 0.301758 0.363281 0.303711 0.363281 0.304688 0.361979 0.308594 0.360677 0.317383 0.351562 0.320312 0.350260 0.323242 0.346354 0.325195 0.346354 0.325195 0.343750 0.323242 0.341146 0.326172 0.337240 0.326172 0.334635 0.327148 0.333333 0.327148 0.315104 0.326172 0.313802 0.326172 0.308594 0.317383 0.296875
0 0.287109 0.165365 0.285156 0.167969 0.285156 0.170573 0.284180 0.171875 0.284180 0.174479 0.282227 0.178385 0.282227 0.182292 0.281250 0.183594 0.281250 0.197917 0.282227 0.199219 0.282227 0.203125 0.283203 0.204427 0.283203 0.207031 0.284180 0.208333 0.284180 0.209635 0.291016 0.220052 0.294922 0.220052 0.295898 0.221354 0.308594 0.221354 0.309570 0.220052 0.311523 0.220052 0.311523 0.218750 0.313477 0.214844 0.313477 0.210938 0.314453 0.209635 0.314453 0.204427 0.318359 0.195312 0.318359 0.188802 0.319336 0.187500 0.318359 0.178385 0.315430 0.174479 0.315430 0.169271 0.310547 0.164062 0.294922 0.164062 0.293945 0.165365
0 0.302734 0.225260 0.299805 0.225260 0.298828 0.223958 0.296875 0.223958 0.295898 0.222656 0.291992 0.222656 0.291016 0.221354 0.286133 0.225260 0.283203 0.225260 0.282227 0.226562 0.278320 0.226562 0.273438 0.230469 0.271484 0.230469 0.267578 0.233073 0.265625 0.238281 0.265625 0.243490 0.264648 0.244792 0.264648 0.247396 0.265625 0.248698 0.265625 0.253906 0.266602 0.255208 0.266602 0.259115 0.269531 0.264323 0.269531 0.265625 0.277344 0.276042 0.278320 0.279948 0.282227 0.283854 0.291992 0.283854 0.295898 0.281250 0.302734 0.279948 0.304688 0.277344 0.304688 0.272135 0.306641 0.266927 0.306641 0.253906 0.307617 0.252604 0.307617 0.244792 0.306641 0.243490 0.306641 0.239583 0.304688 0.234375 0.304688 0.226562
0 0.339844 0.352865 0.336914 0.352865 0.335938 0.351562 0.328125 0.351562 0.327148 0.352865 0.325195 0.352865 0.324219 0.354167 0.323242 0.354167 0.317383 0.363281 0.317383 0.365885 0.316406 0.367188 0.316406 0.368490 0.314453 0.371094 0.314453 0.372396 0.312500 0.375000 0.312500 0.376302 0.310547 0.380208 0.310547 0.384115 0.309570 0.385417 0.309570 0.391927 0.317383 0.402344 0.317383 0.403646 0.321289 0.408854 0.322266 0.408854 0.323242 0.407552 0.325195 0.407552 0.326172 0.406250 0.332031 0.406250 0.333008 0.404948 0.342773 0.404948 0.343750 0.403646 0.345703 0.403646 0.351562 0.397135 0.351562 0.394531 0.352539 0.393229 0.352539 0.368490 0.351562 0.367188 0.351562 0.365885 0.350586 0.364583 0.349609 0.364583 0.346680 0.359375 0.344727 0.359375
0 0.345703 0.411458 0.338867 0.411458 0.334961 0.414062 0.328125 0.414062 0.326172 0.415365 0.325195 0.417969 0.323242 0.419271 0.315430 0.429688 0.315430 0.430990 0.312500 0.434896 0.312500 0.437500 0.311523 0.438802 0.311523 0.442708 0.310547 0.444010 0.310547 0.446615 0.309570 0.449219 0.316406 0.457031 0.319336 0.458333 0.325195 0.466146 0.326172 0.466146 0.328125 0.468750 0.332031 0.471354 0.337891 0.471354 0.341797 0.468750 0.344727 0.464844 0.344727 0.457031 0.345703 0.455729 0.345703 0.453125 0.350586 0.446615 0.351562 0.442708 0.353516 0.440104 0.353516 0.437500 0.357422 0.430990 0.357422 0.428385 0.355469 0.425781 0.354492 0.425781 0.349609 0.419271 0.349609 0.417969 0.345703 0.412760
0 0.375977 0.432292 0.375000 0.433594 0.372070 0.433594 0.367188 0.437500 0.361328 0.437500 0.357422 0.442708 0.356445 0.442708 0.346680 0.455729 0.346680 0.459635 0.345703 0.460938 0.345703 0.464844 0.348633 0.472656 0.351562 0.476562 0.352539 0.476562 0.354492 0.479167 0.358398 0.481771 0.363281 0.483073 0.365234 0.485677 0.365234 0.486979 0.366211 0.486979 0.368164 0.489583 0.370117 0.489583 0.372070 0.488281 0.375000 0.484375 0.378906 0.481771 0.380859 0.481771 0.384766 0.477865 0.387695 0.476562 0.392578 0.468750 0.393555 0.466146 0.393555 0.460938 0.395508 0.455729 0.395508 0.453125 0.391602 0.449219 0.390625 0.446615 0.390625 0.444010 0.387695 0.438802 0.385742 0.437500 0.383789 0.437500 0.382812 0.436198 0.380859 0.436198
0 0.345703 0.476562 0.344727 0.477865 0.341797 0.479167 0.336914 0.485677 0.336914 0.486979 0.335938 0.488281 0.335938 0.500000 0.336914 0.501302 0.336914 0.507812 0.337891 0.509115 0.337891 0.518229 0.344727 0.527344 0.348633 0.527344 0.349609 0.528646 0.357422 0.528646 0.358398 0.527344 0.360352 0.527344 0.361328 0.526042 0.362305 0.526042 0.366211 0.520833 0.367188 0.520833 0.372070 0.513021 0.372070 0.503906 0.371094 0.502604 0.371094 0.497396 0.370117 0.496094 0.369141 0.492188 0.368164 0.492188 0.362305 0.484375 0.361328 0.484375 0.358398 0.481771 0.356445 0.481771 0.349609 0.476562
0 0.388672 0.507812 0.386719 0.510417 0.384766 0.510417 0.381836 0.513021 0.379883 0.513021 0.379883 0.514323 0.378906 0.515625 0.378906 0.518229 0.375000 0.527344 0.375000 0.529948 0.374023 0.531250 0.374023 0.536458 0.375000 0.537760 0.375000 0.540365 0.376953 0.542969 0.376953 0.544271 0.378906 0.548177 0.378906 0.550781 0.379883 0.552083 0.380859 0.555990 0.385742 0.563802 0.386719 0.563802 0.387695 0.565104 0.391602 0.565104 0.392578 0.566406 0.400391 0.566406 0.410156 0.552083 0.410156 0.550781 0.413086 0.544271 0.413086 0.541667 0.416016 0.535156 0.416016 0.527344 0.411133 0.519531 0.409180 0.519531 0.406250 0.516927 0.403320 0.516927 0.398438 0.513021 0.395508 0.513021 0.394531 0.511719 0.393555 0.511719 0.391602 0.509115 0.391602 0.507812
0 0.404297 0.462240 0.404297 0.463542 0.402344 0.466146 0.399414 0.467448 0.399414 0.468750 0.391602 0.479167 0.391602 0.480469 0.389648 0.484375 0.389648 0.490885 0.388672 0.492188 0.389648 0.501302 0.395508 0.507812 0.396484 0.507812 0.407227 0.515625 0.409180 0.515625 0.412109 0.518229 0.416992 0.519531 0.422852 0.513021 0.422852 0.511719 0.425781 0.507812 0.425781 0.506510 0.427734 0.502604 0.427734 0.485677 0.428711 0.484375 0.428711 0.473958 0.425781 0.470052 0.422852 0.470052 0.421875 0.468750 0.418945 0.468750 0.417969 0.467448 0.413086 0.466146 0.412109 0.464844 0.411133 0.460938 0.411133 0.462240 0.409180 0.466146 0.405273 0.466146 0.404297 0.464844
0 0.430664 0.502604 0.426758 0.507812 0.426758 0.509115 0.424805 0.511719 0.424805 0.513021 0.422852 0.516927 0.422852 0.519531 0.423828 0.520833 0.423828 0.529948 0.424805 0.531250 0.424805 0.532552 0.426758 0.535156 0.426758 0.536458 0.433594 0.545573 0.434570 0.545573 0.436523 0.548177 0.438477 0.548177 0.439453 0.549479 0.441406 0.549479 0.442383 0.550781 0.445312 0.550781 0.446289 0.549479 0.449219 0.549479 0.450195 0.548177 0.452148 0.548177 0.455078 0.544271 0.455078 0.535156 0.456055 0.533854 0.456055 0.529948 0.457031 0.528646 0.457031 0.520833 0.458008 0.519531 0.458008 0.518229 0.457031 0.516927 0.453125 0.516927 0.452148 0.515625 0.450195 0.515625 0.449219 0.514323 0.448242 0.514323 0.446289 0.511719 0.445312 0.511719 0.438477 0.502604 0.438477 0.501302 0.433594 0.501302 0.432617 0.502604
0 0.469727 0.455729 0.465820 0.455729 0.462891 0.459635 0.461914 0.459635 0.459961 0.457031 0.456055 0.454427 0.454102 0.454427 0.450195 0.457031 0.446289 0.457031 0.434570 0.472656 0.433594 0.475260 0.433594 0.486979 0.438477 0.494792 0.439453 0.497396 0.439453 0.500000 0.441406 0.505208 0.447266 0.511719 0.449219 0.511719 0.455078 0.515625 0.456055 0.514323 0.458008 0.514323 0.458008 0.513021 0.459961 0.510417 0.460938 0.510417 0.465820 0.503906 0.466797 0.503906 0.478516 0.488281 0.478516 0.481771 0.477539 0.480469 0.477539 0.470052 0.475586 0.470052 0.473633 0.467448 0.472656 0.460938
0 0.440430 0.407552 0.432617 0.407552 0.430664 0.408854 0.430664 0.412760 0.427734 0.415365 0.418945 0.415365 0.416016 0.419271 0.415039 0.419271 0.414062 0.417969 0.414062 0.415365 0.412109 0.414062 0.409180 0.417969 0.407227 0.423177 0.407227 0.427083 0.404297 0.434896 0.404297 0.440104 0.406250 0.442708 0.407227 0.446615 0.409180 0.449219 0.412109 0.457031 0.416016 0.462240 0.416992 0.462240 0.420898 0.466146 0.424805 0.466146 0.425781 0.464844 0.427734 0.464844 0.429688 0.462240 0.432617 0.460938 0.437500 0.455729 0.444336 0.451823 0.448242 0.445312 0.448242 0.442708 0.449219 0.441406 0.449219 0.421875 0.445312 0.415365 0.445312 0.414062
0 0.373047 0.354167 0.369141 0.356771 0.361328 0.365885 0.360352 0.365885 0.356445 0.369792 0.355469 0.372396 0.355469 0.381510 0.358398 0.389323 0.358398 0.391927 0.360352 0.394531 0.362305 0.399740 0.362305 0.402344 0.364258 0.407552 0.366211 0.410156 0.367188 0.410156 0.371094 0.414062 0.381836 0.414062 0.389648 0.408854 0.392578 0.404948 0.393555 0.401042 0.402344 0.386719 0.402344 0.384115 0.403320 0.381510 0.400391 0.376302 0.400391 0.373698 0.399414 0.372396 0.398438 0.365885 0.393555 0.359375 0.382812 0.359375 0.381836 0.358073 0.376953 0.358073 0.374023 0.354167
0 0.415039 0.326823 0.408203 0.334635 0.407227 0.334635 0.405273 0.339844 0.401367 0.345052 0.401367 0.346354 0.398438 0.351562 0.398438 0.359375 0.399414 0.360677 0.400391 0.367188 0.403320 0.373698 0.403320 0.376302 0.405273 0.381510 0.411133 0.389323 0.415039 0.391927 0.416992 0.391927 0.417969 0.393229 0.420898 0.393229 0.426758 0.389323 0.434570 0.378906 0.435547 0.378906 0.438477 0.375000 0.439453 0.372396 0.439453 0.368490 0.442383 0.361979 0.442383 0.359375 0.441406 0.358073 0.441406 0.351562 0.439453 0.348958 0.439453 0.346354 0.435547 0.335938 0.434570 0.335938 0.431641 0.332031 0.427734 0.329427 0.425781 0.329427 0.421875 0.326823
0 0.450195 0.359375 0.447266 0.363281 0.446289 0.363281 0.445312 0.364583 0.445312 0.365885 0.443359 0.368490 0.443359 0.369792 0.440430 0.376302 0.440430 0.395833 0.442383 0.398438 0.443359 0.398438 0.450195 0.407552 0.451172 0.407552 0.454102 0.411458 0.456055 0.411458 0.457031 0.412760 0.467773 0.412760 0.468750 0.411458 0.471680 0.410156 0.473633 0.407552 0.474609 0.407552 0.478516 0.402344 0.479492 0.402344 0.479492 0.401042 0.481445 0.397135 0.481445 0.376302 0.480469 0.375000 0.480469 0.371094 0.476562 0.365885 0.475586 0.365885 0.473633 0.363281 0.472656 0.363281 0.469727 0.359375 0.467773 0.359375 0.466797 0.358073 0.453125 0.358073 0.452148 0.359375
0 0.466797 0.423177 0.466797 0.427083 0.465820 0.428385 0.464844 0.434896 0.466797 0.438802 0.466797 0.441406 0.467773 0.442708 0.467773 0.446615 0.468750 0.447917 0.468750 0.450521 0.471680 0.454427 0.472656 0.454427 0.475586 0.457031 0.480469 0.458333 0.481445 0.459635 0.482422 0.459635 0.483398 0.460938 0.485352 0.460938 0.488281 0.463542 0.494141 0.463542 0.496094 0.460938 0.497070 0.460938 0.497070 0.459635 0.498047 0.458333 0.499023 0.458333 0.503906 0.451823 0.504883 0.451823 0.507812 0.445312 0.507812 0.442708 0.508789 0.441406 0.508789 0.436198 0.507812 0.434896 0.506836 0.428385 0.502930 0.423177 0.501953 0.423177 0.499023 0.417969 0.498047 0.417969 0.497070 0.416667 0.494141 0.416667 0.493164 0.415365 0.490234 0.415365 0.489258 0.414062 0.481445 0.414062 0.480469 0.415365 0.478516 0.415365 0.477539 0.416667 0.474609 0.416667 0.469727 0.421875
0 0.514648 0.454427 0.510742 0.454427 0.509766 0.453125 0.508789 0.453125 0.507812 0.454427 0.504883 0.454427 0.503906 0.455729 0.502930 0.455729 0.496094 0.464844 0.495117 0.464844 0.494141 0.466146 0.492188 0.466146 0.488281 0.472656 0.488281 0.473958 0.485352 0.480469 0.485352 0.484375 0.484375 0.485677 0.485352 0.486979 0.485352 0.490885 0.486328 0.492188 0.486328 0.494792 0.487305 0.496094 0.490234 0.505208 0.492188 0.507812 0.505859 0.507812 0.508789 0.505208 0.511719 0.505208 0.512695 0.503906 0.514648 0.503906 0.515625 0.502604 0.518555 0.501302 0.523438 0.493490 0.523438 0.488281 0.524414 0.486979 0.523438 0.485677 0.523438 0.480469 0.522461 0.479167 0.521484 0.472656 0.519531 0.470052 0.519531 0.467448 0.518555 0.466146 0.518555 0.460938 0.517578 0.459635 0.517578 0.458333
0 0.477539 0.503906 0.475586 0.505208 0.472656 0.509115 0.471680 0.509115 0.468750 0.514323 0.468750 0.523438 0.467773 0.524740 0.467773 0.531250 0.465820 0.536458 0.465820 0.542969 0.467773 0.546875 0.467773 0.549479 0.469727 0.552083 0.471680 0.552083 0.474609 0.554688 0.476562 0.554688 0.477539 0.555990 0.479492 0.555990 0.483398 0.558594 0.486328 0.558594 0.492188 0.562500 0.496094 0.562500 0.500000 0.558594 0.500977 0.555990 0.500977 0.553385 0.501953 0.552083 0.501953 0.549479 0.503906 0.545573 0.503906 0.540365 0.504883 0.539062 0.503906 0.532552 0.504883 0.531250 0.504883 0.524740 0.505859 0.523438 0.505859 0.516927 0.504883 0.515625 0.504883 0.511719 0.502930 0.510417 0.492188 0.510417 0.488281 0.507812 0.485352 0.503906
0 0.515625 0.529948 0.514648 0.531250 0.513672 0.531250 0.513672 0.532552 0.506836 0.540365 0.506836 0.541667 0.505859 0.542969 0.505859 0.545573 0.504883 0.546875 0.504883 0.549479 0.503906 0.550781 0.503906 0.553385 0.502930 0.554688 0.501953 0.558594 0.499023 0.562500 0.499023 0.563802 0.498047 0.565104 0.498047 0.567708 0.499023 0.569010 0.499023 0.570312 0.501953 0.571615 0.511719 0.584635 0.511719 0.585938 0.512695 0.585938 0.516602 0.589844 0.519531 0.589844 0.520508 0.591146 0.523438 0.588542 0.525391 0.588542 0.526367 0.587240 0.529297 0.585938 0.534180 0.580729 0.534180 0.579427 0.537109 0.575521 0.537109 0.572917 0.539062 0.569010 0.539062 0.566406 0.540039 0.565104 0.540039 0.563802 0.538086 0.559896 0.538086 0.548177 0.537109 0.546875 0.536133 0.540365 0.532227 0.535156 0.530273 0.535156 0.523438 0.529948
0 0.548828 0.572917 0.547852 0.574219 0.546875 0.574219 0.544922 0.578125 0.543945 0.578125 0.541016 0.580729 0.539062 0.580729 0.536133 0.583333 0.536133 0.598958 0.535156 0.600260 0.535156 0.601562 0.536133 0.602865 0.536133 0.609375 0.537109 0.610677 0.537109 0.614583 0.538086 0.615885 0.538086 0.618490 0.539062 0.619792 0.539062 0.622396 0.540039 0.623698 0.540039 0.625000 0.547852 0.632812 0.554688 0.632812 0.555664 0.631510 0.564453 0.626302 0.568359 0.621094 0.569336 0.621094 0.571289 0.618490 0.572266 0.618490 0.572266 0.617188 0.574219 0.614583 0.574219 0.611979 0.575195 0.610677 0.575195 0.605469 0.574219 0.604167 0.574219 0.597656 0.573242 0.596354 0.573242 0.593750 0.572266 0.592448 0.571289 0.588542 0.569336 0.585938 0.569336 0.584635 0.563477 0.578125 0.563477 0.575521 0.562500 0.574219 0.560547 0.574219 0.559570 0.572917
0 0.543945 0.674479 0.542969 0.675781 0.542969 0.677083 0.536133 0.686198 0.536133 0.687500 0.535156 0.688802 0.535156 0.696615 0.536133 0.697917 0.536133 0.701823 0.537109 0.703125 0.537109 0.704427 0.538086 0.704427 0.540039 0.707031 0.541016 0.707031 0.541992 0.708333 0.543945 0.708333 0.544922 0.709635 0.552734 0.709635 0.553711 0.710938 0.563477 0.710938 0.564453 0.709635 0.556641 0.699219 0.556641 0.697917 0.554688 0.695312 0.554688 0.694010 0.551758 0.690104 0.551758 0.684896 0.550781 0.683594 0.550781 0.682292 0.548828 0.678385 0.548828 0.675781 0.547852 0.674479 0.547852 0.673177 0.546875 0.674479
0 0.581055 0.657552 0.579102 0.657552 0.579102 0.661458 0.581055 0.664062 0.581055 0.667969 0.578125 0.671875 0.564453 0.671875 0.562500 0.673177 0.562500 0.674479 0.560547 0.677083 0.558594 0.675781 0.557617 0.673177 0.553711 0.667969 0.551758 0.667969 0.550781 0.669271 0.550781 0.671875 0.549805 0.673177 0.549805 0.679688 0.552734 0.686198 0.552734 0.690104 0.554688 0.692708 0.554688 0.695312 0.556641 0.697917 0.556641 0.699219 0.558594 0.700521 0.561523 0.704427 0.561523 0.705729 0.565430 0.708333 0.570312 0.708333 0.571289 0.709635 0.580078 0.709635 0.582031 0.708333 0.583008 0.704427 0.591797 0.692708 0.592773 0.692708 0.593750 0.690104 0.593750 0.683594 0.592773 0.682292 0.592773 0.679688 0.591797 0.678385 0.591797 0.674479 0.589844 0.669271 0.585938 0.662760 0.583984 0.662760 0.581055 0.660156
0 0.604492 0.678385 0.595703 0.678385 0.594727 0.679688 0.595703 0.680990 0.595703 0.684896 0.594727 0.686198 0.594727 0.690104 0.590820 0.695312 0.589844 0.695312 0.584961 0.701823 0.584961 0.703125 0.583008 0.705729 0.583008 0.707031 0.582031 0.708333 0.580078 0.708333 0.577148 0.710938 0.578125 0.710938 0.579102 0.712240 0.582031 0.712240 0.584961 0.716146 0.585938 0.716146 0.587891 0.718750 0.589844 0.718750 0.590820 0.720052 0.594727 0.720052 0.595703 0.718750 0.596680 0.718750 0.597656 0.717448 0.598633 0.717448 0.599609 0.716146 0.602539 0.714844 0.602539 0.713542 0.603516 0.712240 0.603516 0.707031 0.604492 0.705729 0.604492 0.696615 0.606445 0.692708 0.606445 0.682292
0 0.587891 0.721354 0.587891 0.723958 0.586914 0.725260 0.586914 0.727865 0.589844 0.734375 0.589844 0.736979 0.591797 0.740885 0.591797 0.744792 0.592773 0.746094 0.592773 0.747396 0.593750 0.747396 0.594727 0.748698 0.595703 0.748698 0.596680 0.750000 0.597656 0.750000 0.602539 0.753906 0.605469 0.753906 0.606445 0.755208 0.610352 0.755208 0.611328 0.753906 0.614258 0.753906 0.615234 0.752604 0.616211 0.752604 0.623047 0.743490 0.623047 0.742188 0.624023 0.740885 0.624023 0.739583 0.625977 0.736979 0.625977 0.734375 0.626953 0.733073 0.626953 0.729167 0.625977 0.727865 0.625977 0.726562 0.625000 0.726562 0.623047 0.723958 0.621094 0.723958 0.620117 0.722656 0.618164 0.722656 0.616211 0.720052 0.615234 0.720052 0.612305 0.717448 0.610352 0.717448 0.609375 0.716146 0.607422 0.716146 0.606445 0.714844 0.603516 0.714844 0.602539 0.716146 0.601562 0.716146 0.600586 0.717448 0.599609 0.717448 0.594727 0.721354 0.592773 0.721354 0.591797 0.720052 0.590820 0.721354
0 0.589844 0.777344 0.589844 0.792969 0.590820 0.794271 0.590820 0.798177 0.591797 0.799479 0.591797 0.800781 0.592773 0.802083 0.593750 0.805990 0.595703 0.808594 0.596680 0.808594 0.597656 0.809896 0.600586 0.809896 0.601562 0.811198 0.604492 0.811198 0.605469 0.812500 0.609375 0.812500 0.610352 0.813802 0.611328 0.813802 0.612305 0.812500 0.615234 0.812500 0.617188 0.809896 0.618164 0.809896 0.622070 0.804688 0.625000 0.803385 0.626953 0.799479 0.626953 0.789062 0.624023 0.785156 0.624023 0.783854 0.622070 0.779948 0.617188 0.779948 0.616211 0.778646 0.615234 0.778646 0.614258 0.777344 0.612305 0.777344 0.611328 0.776042 0.605469 0.776042 0.604492 0.774740 0.602539 0.774740 0.601562 0.776042 0.600586 0.776042 0.595703 0.779948 0.594727 0.779948 0.591797 0.776042 0.590820 0.776042
0 0.579102 0.795573 0.579102 0.796875 0.578125 0.798177 0.578125 0.800781 0.577148 0.802083 0.577148 0.807292 0.576172 0.808594 0.576172 0.817708 0.575195 0.819010 0.576172 0.820312 0.576172 0.824219 0.577148 0.825521 0.577148 0.826823 0.579102 0.829427 0.580078 0.829427 0.581055 0.830729 0.583008 0.830729 0.583984 0.832031 0.584961 0.832031 0.585938 0.833333 0.587891 0.833333 0.588867 0.834635 0.591797 0.834635 0.592773 0.835938 0.595703 0.835938 0.596680 0.834635 0.597656 0.834635 0.599609 0.832031 0.601562 0.832031 0.602539 0.830729 0.607422 0.830729 0.607422 0.826823 0.606445 0.825521 0.606445 0.824219 0.608398 0.820312 0.608398 0.817708 0.607422 0.816406 0.607422 0.815104 0.606445 0.815104 0.605469 0.813802 0.602539 0.813802 0.601562 0.812500 0.599609 0.812500 0.598633 0.811198 0.595703 0.809896 0.591797 0.804688 0.590820 0.800781 0.587891 0.796875 0.587891 0.795573 0.586914 0.794271 0.580078 0.794271
0 0.626953 0.803385 0.625977 0.804688 0.625000 0.804688 0.624023 0.805990 0.622070 0.805990 0.618164 0.811198 0.617188 0.811198 0.615234 0.813802 0.613281 0.813802 0.612305 0.815104 0.611328 0.815104 0.610352 0.816406 0.610352 0.817708 0.609375 0.819010 0.609375 0.830729 0.610352 0.832031 0.611328 0.832031 0.612305 0.833333 0.614258 0.833333 0.615234 0.834635 0.617188 0.834635 0.618164 0.835938 0.619141 0.835938 0.622070 0.839844 0.626953 0.839844 0.627930 0.838542 0.628906 0.838542 0.630859 0.835938 0.630859 0.832031 0.629883 0.830729 0.629883 0.825521 0.628906 0.824219 0.628906 0.821615 0.627930 0.820312 0.627930 0.804688
0 0.615234 0.815104 0.616211 0.816406 0.616211 0.819010 0.617188 0.820312 0.617188 0.825521 0.618164 0.826823 0.618164 0.832031 0.619141 0.833333 0.619141 0.834635 0.623047 0.839844 0.628906 0.839844 0.629883 0.838542 0.630859 0.839844 0.636719 0.839844 0.637695 0.838542 0.639648 0.838542 0.640625 0.837240 0.642578 0.837240 0.647461 0.832031 0.647461 0.830729 0.650391 0.826823 0.650391 0.824219 0.651367 0.822917 0.651367 0.813802 0.650391 0.812500 0.650391 0.809896 0.649414 0.808594 0.648438 0.804688 0.646484 0.802083 0.642578 0.802083 0.641602 0.803385 0.635742 0.803385 0.634766 0.802083 0.632812 0.802083 0.631836 0.800781 0.628906 0.800781 0.626953 0.803385 0.625977 0.803385 0.623047 0.807292 0.622070 0.807292 0.620117 0.809896 0.619141 0.809896
0 0.631836 0.843750 0.631836 0.847656 0.632812 0.848958 0.632812 0.850260 0.636719 0.855469 0.636719 0.856771 0.640625 0.861979 0.641602 0.861979 0.642578 0.863281 0.644531 0.863281 0.645508 0.864583 0.646484 0.864583 0.647461 0.865885 0.649414 0.865885 0.650391 0.867188 0.654297 0.867188 0.655273 0.865885 0.657227 0.865885 0.659180 0.863281 0.660156 0.863281 0.663086 0.859375 0.663086 0.858073 0.666016 0.854167 0.666016 0.852865 0.666992 0.851562 0.666992 0.842448 0.666016 0.841146 0.666016 0.838542 0.665039 0.837240 0.664062 0.833333 0.663086 0.832031 0.661133 0.832031 0.660156 0.830729 0.651367 0.830729 0.650391 0.832031 0.649414 0.832031 0.648438 0.833333 0.645508 0.834635 0.643555 0.837240 0.642578 0.837240 0.639648 0.839844 0.637695 0.839844 0.636719 0.841146 0.633789 0.841146
0 0.676758 0.773438 0.676758 0.777344 0.673828 0.782552 0.671875 0.782552 0.670898 0.781250 0.657227 0.781250 0.656250 0.782552 0.650391 0.782552 0.649414 0.783854 0.649414 0.790365 0.648438 0.791667 0.648438 0.792969 0.649414 0.794271 0.649414 0.799479 0.650391 0.800781 0.650391 0.803385 0.651367 0.804688 0.651367 0.807292 0.652344 0.808594 0.652344 0.811198 0.653320 0.812500 0.653320 0.816406 0.654297 0.817708 0.654297 0.820312 0.659180 0.821615 0.660156 0.822917 0.663086 0.824219 0.665039 0.826823 0.674805 0.826823 0.676758 0.824219 0.677734 0.824219 0.683594 0.816406 0.683594 0.815104 0.684570 0.813802 0.684570 0.792969 0.683594 0.791667 0.683594 0.789062 0.682617 0.787760 0.680664 0.781250 0.676758 0.776042
0 0.685547 0.817708 0.685547 0.819010 0.680664 0.825521 0.679688 0.825521 0.679688 0.826823 0.678711 0.828125 0.678711 0.833333 0.677734 0.834635 0.677734 0.835938 0.678711 0.837240 0.678711 0.841146 0.681641 0.845052 0.682617 0.845052 0.687500 0.851562 0.688477 0.851562 0.690430 0.854167 0.692383 0.854167 0.693359 0.855469 0.698242 0.855469 0.699219 0.854167 0.702148 0.854167 0.703125 0.852865 0.706055 0.851562 0.711914 0.843750 0.711914 0.842448 0.712891 0.841146 0.712891 0.833333 0.711914 0.832031 0.711914 0.830729 0.708984 0.826823 0.708984 0.825521 0.708008 0.824219 0.707031 0.820312 0.705078 0.817708 0.699219 0.817708 0.698242 0.816406 0.696289 0.816406 0.695312 0.815104 0.691406 0.815104 0.688477 0.817708
0 0.705078 0.792969 0.703125 0.796875 0.703125 0.799479 0.704102 0.800781 0.704102 0.804688 0.705078 0.805990 0.705078 0.808594 0.707031 0.812500 0.707031 0.815104 0.709961 0.821615 0.709961 0.824219 0.711914 0.826823 0.712891 0.830729 0.714844 0.833333 0.714844 0.834635 0.715820 0.835938 0.732422 0.835938 0.733398 0.834635 0.734375 0.834635 0.737305 0.830729 0.737305 0.828125 0.736328 0.826823 0.736328 0.820312 0.735352 0.819010 0.735352 0.816406 0.734375 0.815104 0.734375 0.812500 0.733398 0.811198 0.732422 0.807292 0.728516 0.800781 0.727539 0.800781 0.725586 0.798177 0.724609 0.798177 0.719727 0.791667 0.711914 0.791667 0.710938 0.792969
0 0.756836 0.787760 0.754883 0.787760 0.753906 0.786458 0.752930 0.786458 0.751953 0.785156 0.750977 0.786458 0.750000 0.786458 0.747070 0.790365 0.746094 0.790365 0.743164 0.794271 0.743164 0.795573 0.740234 0.799479 0.738281 0.799479 0.737305 0.800781 0.733398 0.800781 0.732422 0.802083 0.732422 0.805990 0.733398 0.807292 0.733398 0.808594 0.734375 0.809896 0.734375 0.811198 0.735352 0.812500 0.735352 0.815104 0.736328 0.816406 0.736328 0.819010 0.738281 0.821615 0.743164 0.821615 0.744141 0.820312 0.745117 0.820312 0.746094 0.819010 0.747070 0.819010 0.748047 0.817708 0.750977 0.817708 0.751953 0.816406 0.752930 0.816406 0.752930 0.815104 0.753906 0.813802 0.753906 0.811198 0.754883 0.809896 0.754883 0.807292 0.755859 0.805990 0.755859 0.802083 0.756836 0.800781 0.756836 0.795573 0.757812 0.794271 0.757812 0.789062
0 0.767578 0.787760 0.766602 0.789062 0.766602 0.791667 0.765625 0.792969 0.765625 0.799479 0.766602 0.800781 0.766602 0.803385 0.767578 0.804688 0.767578 0.808594 0.770508 0.812500 0.770508 0.813802 0.771484 0.815104 0.772461 0.819010 0.775391 0.822917 0.777344 0.822917 0.778320 0.824219 0.781250 0.824219 0.782227 0.825521 0.789062 0.825521 0.790039 0.826823 0.791016 0.826823 0.792969 0.824219 0.792969 0.822917 0.793945 0.821615 0.794922 0.817708 0.796875 0.815104 0.797852 0.815104 0.801758 0.809896 0.801758 0.807292 0.802734 0.805990 0.802734 0.798177 0.801758 0.796875 0.801758 0.794271 0.799805 0.791667 0.799805 0.789062 0.797852 0.785156 0.791016 0.785156 0.790039 0.783854 0.789062 0.783854 0.788086 0.782552 0.786133 0.782552 0.785156 0.781250 0.779297 0.781250 0.778320 0.782552 0.775391 0.782552 0.774414 0.783854 0.772461 0.783854 0.772461 0.785156 0.770508 0.787760
0 0.772461 0.744792 0.770508 0.744792 0.768555 0.747396 0.767578 0.747396 0.765625 0.750000 0.765625 0.751302 0.758789 0.760417 0.757812 0.760417 0.756836 0.761719 0.754883 0.761719 0.753906 0.763021 0.750977 0.763021 0.750000 0.764323 0.749023 0.768229 0.750000 0.769531 0.750000 0.772135 0.750977 0.773438 0.750977 0.774740 0.752930 0.777344 0.752930 0.782552 0.753906 0.783854 0.754883 0.783854 0.755859 0.785156 0.767578 0.785156 0.768555 0.783854 0.770508 0.783854 0.773438 0.781250 0.776367 0.781250 0.777344 0.779948 0.778320 0.779948 0.778320 0.778646 0.780273 0.774740 0.780273 0.760417 0.779297 0.759115 0.779297 0.756510 0.776367 0.752604 0.775391 0.748698
0 0.740234 0.755208 0.737305 0.759115 0.736328 0.759115 0.734375 0.761719 0.733398 0.761719 0.732422 0.763021 0.729492 0.763021 0.728516 0.764323 0.726562 0.764323 0.725586 0.763021 0.712891 0.763021 0.712891 0.770833 0.713867 0.772135 0.713867 0.774740 0.714844 0.776042 0.714844 0.777344 0.716797 0.779948 0.716797 0.781250 0.717773 0.782552 0.718750 0.786458 0.722656 0.791667 0.722656 0.792969 0.723633 0.792969 0.725586 0.795573 0.726562 0.795573 0.731445 0.799479 0.739258 0.799479 0.749023 0.786458 0.750000 0.786458 0.751953 0.783854 0.751953 0.778646 0.750977 0.777344 0.750977 0.776042 0.749023 0.773438 0.749023 0.770833 0.747070 0.766927 0.747070 0.764323 0.745117 0.761719 0.745117 0.760417 0.742188 0.756510 0.741211 0.756510
0 0.677734 0.759115 0.677734 0.761719 0.678711 0.763021 0.678711 0.764323 0.679688 0.765625 0.679688 0.766927 0.681641 0.769531 0.681641 0.770833 0.682617 0.772135 0.684570 0.772135 0.685547 0.773438 0.688477 0.773438 0.689453 0.774740 0.690430 0.774740 0.692383 0.777344 0.698242 0.777344 0.699219 0.776042 0.702148 0.776042 0.703125 0.774740 0.706055 0.774740 0.707031 0.773438 0.710938 0.773438 0.711914 0.772135 0.711914 0.768229 0.710938 0.766927 0.710938 0.763021 0.708984 0.760417 0.708008 0.760417 0.707031 0.761719 0.706055 0.761719 0.705078 0.763021 0.704102 0.763021 0.702148 0.765625 0.701172 0.765625 0.700195 0.766927 0.698242 0.766927 0.697266 0.768229 0.695312 0.768229 0.694336 0.766927 0.693359 0.766927 0.689453 0.761719 0.688477 0.761719 0.687500 0.760417 0.686523 0.760417 0.684570 0.757812 0.681641 0.757812 0.680664 0.756510
0 0.661133 0.714844 0.654297 0.714844 0.653320 0.716146 0.649414 0.716146 0.645508 0.721354 0.644531 0.721354 0.643555 0.722656 0.635742 0.722656 0.634766 0.723958 0.633789 0.723958 0.633789 0.726562 0.632812 0.727865 0.632812 0.734375 0.633789 0.735677 0.633789 0.739583 0.634766 0.740885 0.634766 0.744792 0.635742 0.746094 0.635742 0.748698 0.636719 0.750000 0.638672 0.756510 0.642578 0.761719 0.650391 0.761719 0.651367 0.760417 0.655273 0.760417 0.656250 0.759115 0.659180 0.759115 0.660156 0.757812 0.663086 0.757812 0.664062 0.756510 0.665039 0.756510 0.665039 0.752604 0.666016 0.751302 0.666016 0.747396 0.666992 0.746094 0.666992 0.743490 0.667969 0.742188 0.667969 0.733073 0.666992 0.731771 0.666992 0.723958 0.666016 0.722656 0.666016 0.720052
0 0.673828 0.730469 0.672852 0.731771 0.675781 0.734375 0.675781 0.747396 0.676758 0.748698 0.676758 0.751302 0.677734 0.752604 0.678711 0.756510 0.680664 0.759115 0.685547 0.759115 0.686523 0.760417 0.688477 0.760417 0.690430 0.763021 0.687500 0.766927 0.688477 0.768229 0.688477 0.769531 0.691406 0.769531 0.692383 0.768229 0.697266 0.769531 0.700195 0.765625 0.701172 0.765625 0.703125 0.763021 0.704102 0.763021 0.706055 0.760417 0.707031 0.760417 0.709961 0.756510 0.709961 0.755208 0.710938 0.753906 0.710938 0.751302 0.711914 0.750000 0.711914 0.742188 0.710938 0.740885 0.710938 0.739583 0.708984 0.736979 0.708008 0.736979 0.704102 0.731771 0.704102 0.730469 0.703125 0.729167 0.702148 0.729167 0.701172 0.727865 0.699219 0.727865 0.698242 0.726562 0.691406 0.722656 0.690430 0.723958 0.688477 0.723958 0.685547 0.726562 0.683594 0.726562 0.680664 0.733073 0.678711 0.733073 0.677734 0.734375 0.676758 0.734375 0.674805 0.731771 0.674805 0.730469
0 0.711914 0.718750 0.710938 0.720052 0.710938 0.721354 0.708008 0.727865 0.708008 0.731771 0.712891 0.740885 0.712891 0.751302 0.711914 0.752604 0.711914 0.755208 0.710938 0.756510 0.710938 0.757812 0.712891 0.760417 0.716797 0.760417 0.717773 0.761719 0.732422 0.761719 0.735352 0.757812 0.736328 0.757812 0.736328 0.756510 0.739258 0.752604 0.740234 0.752604 0.740234 0.748698 0.741211 0.747396 0.741211 0.744792 0.740234 0.743490 0.740234 0.736979 0.736328 0.731771 0.735352 0.727865 0.729492 0.725260 0.726562 0.721354 0.725586 0.721354 0.723633 0.718750 0.721680 0.718750 0.719727 0.716146 0.716797 0.716146 0.715820 0.717448 0.713867 0.717448 0.712891 0.718750
0 0.749023 0.720052 0.748047 0.721354 0.746094 0.721354 0.745117 0.722656 0.744141 0.722656 0.743164 0.723958 0.742188 0.723958 0.739258 0.726562 0.741211 0.730469 0.741211 0.738281 0.742188 0.739583 0.742188 0.752604 0.743164 0.752604 0.745117 0.755208 0.745117 0.756510 0.746094 0.757812 0.746094 0.759115 0.748047 0.761719 0.753906 0.761719 0.754883 0.760417 0.756836 0.760417 0.757812 0.759115 0.758789 0.759115 0.764648 0.751302 0.764648 0.750000 0.766602 0.746094 0.766602 0.743490 0.767578 0.742188 0.767578 0.735677 0.766602 0.734375 0.766602 0.733073 0.765625 0.731771 0.765625 0.730469 0.758789 0.721354 0.757812 0.721354 0.756836 0.720052
0 0.798828 0.704427 0.797852 0.704427 0.794922 0.701823 0.784180 0.701823 0.783203 0.703125 0.781250 0.703125 0.774414 0.712240 0.773438 0.712240 0.771484 0.714844 0.768555 0.714844 0.767578 0.713542 0.765625 0.713542 0.764648 0.714844 0.762695 0.714844 0.761719 0.716146 0.761719 0.721354 0.763672 0.723958 0.763672 0.725260 0.766602 0.727865 0.766602 0.729167 0.773438 0.738281 0.773438 0.739583 0.775391 0.742188 0.777344 0.742188 0.778320 0.743490 0.779297 0.743490 0.780273 0.742188 0.787109 0.742188 0.788086 0.740885 0.790039 0.740885 0.791992 0.738281 0.792969 0.738281 0.793945 0.736979 0.793945 0.734375 0.794922 0.733073 0.794922 0.731771 0.795898 0.730469 0.795898 0.727865 0.796875 0.726562 0.796875 0.722656 0.797852 0.721354 0.797852 0.718750 0.798828 0.717448
0 0.780273 0.746094 0.780273 0.755208 0.781250 0.756510 0.782227 0.760417 0.786133 0.765625 0.786133 0.766927 0.789062 0.770833 0.790039 0.770833 0.791016 0.772135 0.792969 0.772135 0.793945 0.773438 0.807617 0.773438 0.808594 0.772135 0.811523 0.772135 0.812500 0.773438 0.814453 0.773438 0.815430 0.772135 0.816406 0.772135 0.816406 0.769531 0.817383 0.768229 0.817383 0.765625 0.816406 0.764323 0.816406 0.750000 0.815430 0.748698 0.815430 0.747396 0.814453 0.747396 0.813477 0.746094 0.812500 0.746094 0.810547 0.743490 0.809570 0.743490 0.801758 0.731771 0.797852 0.731771 0.793945 0.736979 0.793945 0.738281 0.791992 0.740885 0.791016 0.740885 0.790039 0.742188 0.787109 0.742188 0.786133 0.743490 0.782227 0.743490
0 0.645508 0.674479 0.644531 0.675781 0.641602 0.675781 0.640625 0.677083 0.639648 0.677083 0.638672 0.678385 0.635742 0.679688 0.633789 0.682292 0.632812 0.682292 0.629883 0.686198 0.629883 0.687500 0.628906 0.688802 0.628906 0.696615 0.630859 0.700521 0.630859 0.704427 0.632812 0.708333 0.632812 0.710938 0.633789 0.712240 0.634766 0.716146 0.637695 0.720052 0.644531 0.720052 0.645508 0.718750 0.646484 0.718750 0.651367 0.714844 0.653320 0.714844 0.654297 0.713542 0.657227 0.712240 0.659180 0.709635 0.660156 0.709635 0.664062 0.704427 0.664062 0.696615 0.662109 0.692708 0.662109 0.690104 0.656250 0.682292 0.653320 0.680990 0.648438 0.675781 0.646484 0.675781
0 0.624023 0.645833 0.622070 0.643229 0.619141 0.641927 0.614258 0.636719 0.612305 0.636719 0.611328 0.635417 0.610352 0.636719 0.609375 0.636719 0.609375 0.638021 0.606445 0.641927 0.606445 0.643229 0.605469 0.644531 0.604492 0.644531 0.602539 0.647135 0.601562 0.647135 0.598633 0.649740 0.596680 0.649740 0.595703 0.651042 0.589844 0.651042 0.588867 0.652344 0.587891 0.652344 0.587891 0.657552 0.588867 0.658854 0.588867 0.661458 0.589844 0.662760 0.589844 0.665365 0.590820 0.666667 0.590820 0.667969 0.593750 0.671875 0.594727 0.671875 0.596680 0.674479 0.597656 0.674479 0.598633 0.675781 0.605469 0.675781 0.606445 0.674479 0.610352 0.674479 0.616211 0.666667 0.619141 0.665365 0.622070 0.661458 0.623047 0.661458 0.623047 0.660156 0.624023 0.658854 0.624023 0.653646 0.625000 0.652344 0.625000 0.648438 0.624023 0.647135
0 0.618164 0.644531 0.616211 0.648438 0.617188 0.649740 0.617188 0.654948 0.619141 0.657552 0.618164 0.658854 0.615234 0.658854 0.615234 0.664062 0.614258 0.665365 0.614258 0.667969 0.611328 0.671875 0.608398 0.673177 0.608398 0.675781 0.610352 0.679688 0.611328 0.679688 0.613281 0.682292 0.614258 0.682292 0.615234 0.683594 0.618164 0.683594 0.619141 0.684896 0.625977 0.684896 0.627930 0.682292 0.628906 0.682292 0.633789 0.675781 0.634766 0.675781 0.635742 0.671875 0.637695 0.669271 0.637695 0.665365 0.638672 0.664062 0.638672 0.661458 0.637695 0.660156 0.637695 0.653646 0.636719 0.652344 0.635742 0.652344 0.634766 0.651042 0.633789 0.651042 0.632812 0.649740 0.631836 0.649740 0.630859 0.648438 0.629883 0.648438 0.626953 0.645833 0.624023 0.645833 0.623047 0.644531
0 0.582031 0.600260 0.580078 0.602865 0.579102 0.602865 0.579102 0.604167 0.578125 0.605469 0.578125 0.608073 0.577148 0.609375 0.577148 0.611979 0.576172 0.613281 0.576172 0.614583 0.575195 0.615885 0.575195 0.618490 0.573242 0.622396 0.574219 0.623698 0.574219 0.627604 0.575195 0.628906 0.576172 0.632812 0.578125 0.635417 0.578125 0.636719 0.580078 0.639323 0.580078 0.640625 0.582031 0.643229 0.582031 0.644531 0.586914 0.651042 0.587891 0.651042 0.588867 0.649740 0.595703 0.649740 0.596680 0.648438 0.598633 0.648438 0.599609 0.647135 0.602539 0.645833 0.606445 0.640625 0.606445 0.639323 0.610352 0.634115 0.610352 0.632812 0.611328 0.631510 0.611328 0.622396 0.610352 0.621094 0.610352 0.618490 0.609375 0.617188 0.609375 0.614583 0.607422 0.610677 0.607422 0.608073 0.606445 0.608073 0.605469 0.609375 0.599609 0.609375 0.598633 0.608073 0.596680 0.608073 0.594727 0.605469 0.592773 0.605469 0.585938 0.600260
0 0.552734 0.518229 0.551758 0.519531 0.550781 0.519531 0.548828 0.522135 0.547852 0.522135 0.544922 0.526042 0.542969 0.526042 0.541992 0.527344 0.541016 0.527344 0.539062 0.529948 0.539062 0.544271 0.540039 0.545573 0.540039 0.549479 0.541016 0.550781 0.541016 0.554688 0.541992 0.555990 0.541992 0.557292 0.543945 0.559896 0.543945 0.561198 0.546875 0.563802 0.548828 0.563802 0.549805 0.565104 0.553711 0.565104 0.554688 0.566406 0.562500 0.566406 0.563477 0.565104 0.568359 0.562500 0.573242 0.555990 0.574219 0.555990 0.576172 0.553385 0.576172 0.548177 0.575195 0.546875 0.575195 0.542969 0.574219 0.541667 0.574219 0.535156 0.564453 0.522135 0.564453 0.520833 0.563477 0.520833 0.562500 0.519531 0.553711 0.519531
0 0.527344 0.483073 0.525391 0.485677 0.525391 0.490885 0.524414 0.492188 0.523438 0.496094 0.519531 0.501302 0.519531 0.502604 0.517578 0.505208 0.517578 0.506510 0.516602 0.507812 0.520508 0.514323 0.522461 0.514323 0.523438 0.515625 0.525391 0.515625 0.527344 0.518229 0.528320 0.518229 0.530273 0.520833 0.531250 0.520833 0.534180 0.523438 0.538086 0.523438 0.539062 0.524740 0.541016 0.524740 0.541992 0.523438 0.544922 0.523438 0.548828 0.518229 0.549805 0.518229 0.554688 0.511719 0.554688 0.510417 0.555664 0.509115 0.555664 0.506510 0.557617 0.502604 0.557617 0.494792 0.556641 0.493490 0.556641 0.490885 0.554688 0.488281 0.554688 0.486979 0.553711 0.486979 0.551758 0.484375 0.541016 0.484375 0.540039 0.483073
0 0.594727 0.542969 0.591797 0.545573 0.589844 0.545573 0.588867 0.546875 0.586914 0.546875 0.583008 0.549479 0.575195 0.559896 0.575195 0.588542 0.578125 0.592448 0.586914 0.597656 0.589844 0.601562 0.592773 0.602865 0.594727 0.605469 0.596680 0.605469 0.597656 0.606771 0.601562 0.606771 0.602539 0.608073 0.608398 0.604167 0.610352 0.601562 0.612305 0.596354 0.612305 0.593750 0.614258 0.591146 0.616211 0.585938 0.616211 0.583333 0.617188 0.582031 0.617188 0.578125 0.618164 0.576823 0.618164 0.571615 0.617188 0.570312 0.617188 0.567708 0.615234 0.562500 0.609375 0.553385 0.608398 0.553385 0.601562 0.544271 0.599609 0.542969
0 0.640625 0.587240 0.639648 0.587240 0.638672 0.585938 0.634766 0.585938 0.633789 0.584635 0.632812 0.584635 0.631836 0.583333 0.629883 0.583333 0.627930 0.580729 0.626953 0.580729 0.625977 0.579427 0.624023 0.579427 0.623047 0.578125 0.622070 0.578125 0.621094 0.579427 0.620117 0.579427 0.618164 0.582031 0.618164 0.583333 0.617188 0.584635 0.617188 0.585938 0.616211 0.587240 0.616211 0.588542 0.615234 0.589844 0.615234 0.591146 0.614258 0.592448 0.614258 0.593750 0.612305 0.597656 0.612305 0.600260 0.611328 0.601562 0.611328 0.605469 0.612305 0.606771 0.612305 0.608073 0.620117 0.618490 0.623047 0.618490 0.624023 0.617188 0.626953 0.617188 0.627930 0.615885 0.630859 0.615885 0.631836 0.614583 0.632812 0.614583 0.638672 0.606771 0.638672 0.605469 0.640625 0.601562 0.640625 0.597656 0.641602 0.596354 0.641602 0.589844 0.640625 0.588542
0 0.650391 0.605469 0.648438 0.605469 0.645508 0.602865 0.644531 0.604167 0.642578 0.604167 0.641602 0.605469 0.640625 0.605469 0.632812 0.615885 0.631836 0.615885 0.630859 0.617188 0.628906 0.617188 0.627930 0.618490 0.625000 0.618490 0.623047 0.621094 0.622070 0.621094 0.622070 0.622396 0.620117 0.626302 0.620117 0.632812 0.621094 0.634115 0.623047 0.640625 0.632812 0.648438 0.637695 0.648438 0.638672 0.649740 0.643555 0.649740 0.644531 0.648438 0.646484 0.648438 0.647461 0.647135 0.650391 0.645833 0.660156 0.631510 0.660156 0.626302 0.658203 0.622396 0.658203 0.618490 0.657227 0.617188 0.655273 0.610677 0.654297 0.610677
0 0.660156 0.636719 0.659180 0.638021 0.658203 0.638021 0.658203 0.639323 0.655273 0.643229 0.654297 0.643229 0.654297 0.644531 0.647461 0.653646 0.647461 0.654948 0.646484 0.656250 0.646484 0.661458 0.647461 0.662760 0.647461 0.666667 0.648438 0.667969 0.648438 0.671875 0.649414 0.673177 0.649414 0.674479 0.653320 0.679688 0.654297 0.679688 0.655273 0.680990 0.657227 0.680990 0.661133 0.686198 0.662109 0.686198 0.663086 0.687500 0.670898 0.687500 0.677734 0.678385 0.678711 0.678385 0.680664 0.675781 0.681641 0.675781 0.685547 0.669271 0.685547 0.657552 0.684570 0.656250 0.684570 0.654948 0.682617 0.652344 0.682617 0.651042 0.677734 0.644531 0.676758 0.644531 0.673828 0.641927 0.668945 0.641927 0.667969 0.640625 0.666016 0.640625 0.663086 0.636719
0 0.689453 0.665365 0.686523 0.667969 0.686523 0.669271 0.684570 0.671875 0.684570 0.673177 0.681641 0.677083 0.680664 0.677083 0.678711 0.679688 0.677734 0.679688 0.677734 0.680990 0.675781 0.683594 0.674805 0.683594 0.673828 0.684896 0.674805 0.686198 0.674805 0.690104 0.677734 0.694010 0.677734 0.695312 0.680664 0.699219 0.681641 0.699219 0.683594 0.701823 0.684570 0.701823 0.687500 0.704427 0.689453 0.704427 0.692383 0.708333 0.698242 0.708333 0.701172 0.704427 0.702148 0.704427 0.708008 0.696615 0.708984 0.696615 0.708984 0.695312 0.709961 0.694010 0.709961 0.687500 0.708984 0.686198 0.708008 0.682292 0.706055 0.679688 0.706055 0.678385 0.705078 0.677083 0.704102 0.673177 0.701172 0.669271 0.700195 0.669271 0.699219 0.667969 0.697266 0.667969 0.696289 0.666667 0.694336 0.666667 0.693359 0.665365
0 0.713867 0.684896 0.713867 0.695312 0.715820 0.697917 0.716797 0.704427 0.718750 0.707031 0.719727 0.710938 0.723633 0.716146 0.724609 0.716146 0.728516 0.721354 0.729492 0.721354 0.731445 0.723958 0.734375 0.723958 0.735352 0.725260 0.736328 0.723958 0.738281 0.723958 0.739258 0.722656 0.742188 0.722656 0.743164 0.721354 0.745117 0.721354 0.748047 0.718750 0.750000 0.718750 0.752930 0.714844 0.752930 0.708333 0.751953 0.707031 0.751953 0.701823 0.750977 0.700521 0.750977 0.694010 0.750000 0.692708 0.750000 0.688802 0.749023 0.687500 0.749023 0.684896 0.745117 0.679688 0.744141 0.679688 0.742188 0.677083 0.741211 0.677083 0.740234 0.675781 0.738281 0.675781 0.737305 0.674479 0.732422 0.674479 0.731445 0.673177 0.723633 0.673177 0.722656 0.674479 0.722656 0.675781 0.717773 0.682292 0.715820 0.682292
0 0.396484 0.174479 0.393555 0.174479 0.392578 0.173177 0.389648 0.173177 0.388672 0.171875 0.386719 0.173177 0.375000 0.173177 0.374023 0.174479 0.367188 0.174479 0.366211 0.175781 0.364258 0.175781 0.359375 0.182292 0.359375 0.184896 0.358398 0.186198 0.358398 0.201823 0.361328 0.209635 0.364258 0.213542 0.368164 0.226562 0.370117 0.227865 0.382812 0.227865 0.384766 0.229167 0.385742 0.227865 0.392578 0.227865 0.393555 0.226562 0.396484 0.226562 0.397461 0.225260 0.402344 0.223958 0.404297 0.221354 0.405273 0.216146 0.406250 0.214844 0.406250 0.210938 0.407227 0.209635 0.406250 0.208333 0.406250 0.201823 0.403320 0.195312 0.403320 0.188802 0.402344 0.187500 0.401367 0.180990
0 0.348633 0.233073 0.344727 0.236979 0.344727 0.238281 0.337891 0.248698 0.334961 0.256510 0.334961 0.269531 0.339844 0.282552 0.344727 0.289062 0.345703 0.289062 0.347656 0.291667 0.351562 0.294271 0.356445 0.294271 0.357422 0.295573 0.359375 0.294271 0.362305 0.294271 0.366211 0.290365 0.368164 0.283854 0.371094 0.279948 0.372070 0.276042 0.376953 0.266927 0.376953 0.263021 0.377930 0.261719 0.376953 0.260417 0.376953 0.255208 0.375977 0.253906 0.375977 0.251302 0.377930 0.246094 0.375000 0.239583 0.371094 0.236979 0.369141 0.236979 0.365234 0.233073
0 0.380859 0.279948 0.379883 0.281250 0.376953 0.282552 0.367188 0.295573 0.367188 0.296875 0.366211 0.298177 0.366211 0.302083 0.367188 0.303385 0.367188 0.315104 0.368164 0.316406 0.368164 0.319010 0.377930 0.332031 0.378906 0.332031 0.383789 0.335938 0.390625 0.335938 0.391602 0.334635 0.393555 0.334635 0.394531 0.333333 0.397461 0.332031 0.399414 0.329427 0.400391 0.329427 0.405273 0.322917 0.406250 0.322917 0.410156 0.317708 0.410156 0.316406 0.411133 0.315104 0.411133 0.309896 0.408203 0.305990 0.408203 0.304688 0.406250 0.302083 0.406250 0.300781 0.399414 0.291667 0.399414 0.290365 0.397461 0.287760 0.396484 0.287760 0.394531 0.285156 0.393555 0.285156 0.391602 0.282552 0.390625 0.282552 0.387695 0.279948
0 0.407227 0.225260 0.403320 0.225260 0.402344 0.226562 0.399414 0.226562 0.398438 0.227865 0.396484 0.227865 0.395508 0.229167 0.393555 0.229167 0.392578 0.230469 0.389648 0.230469 0.387695 0.231771 0.381836 0.247396 0.381836 0.259115 0.382812 0.260417 0.382812 0.272135 0.383789 0.273438 0.383789 0.276042 0.386719 0.278646 0.391602 0.279948 0.398438 0.285156 0.402344 0.285156 0.403320 0.286458 0.405273 0.285156 0.410156 0.285156 0.411133 0.283854 0.413086 0.283854 0.415039 0.282552 0.417969 0.278646 0.417969 0.274740 0.418945 0.273438 0.419922 0.264323 0.420898 0.263021 0.420898 0.260417 0.421875 0.259115 0.421875 0.255208 0.422852 0.253906 0.422852 0.247396 0.421875 0.246094 0.421875 0.240885 0.420898 0.238281 0.416016 0.231771 0.416016 0.230469 0.414062 0.227865 0.412109 0.227865 0.411133 0.226562 0.408203 0.226562
0 0.425781 0.177083 0.424805 0.178385 0.422852 0.178385 0.417969 0.183594 0.412109 0.187500 0.410156 0.192708 0.407227 0.195312 0.407227 0.200521 0.409180 0.204427 0.409180 0.208333 0.413086 0.216146 0.413086 0.218750 0.414062 0.220052 0.414062 0.222656 0.416992 0.227865 0.416992 0.229167 0.420898 0.234375 0.422852 0.235677 0.428711 0.235677 0.430664 0.236979 0.436523 0.229167 0.446289 0.222656 0.448242 0.222656 0.450195 0.221354 0.453125 0.216146 0.452148 0.213542 0.446289 0.205729 0.446289 0.203125 0.445312 0.201823 0.445312 0.195312 0.444336 0.194010 0.444336 0.188802 0.442383 0.186198 0.442383 0.184896 0.440430 0.183594 0.438477 0.178385 0.434570 0.178385 0.433594 0.177083
0 0.451172 0.127604 0.450195 0.128906 0.446289 0.128906 0.445312 0.130208 0.443359 0.130208 0.442383 0.131510 0.440430 0.131510 0.436523 0.134115 0.435547 0.136719 0.435547 0.139323 0.433594 0.143229 0.435547 0.147135 0.435547 0.151042 0.434570 0.152344 0.435547 0.153646 0.435547 0.161458 0.436523 0.162760 0.436523 0.169271 0.437500 0.170573 0.437500 0.175781 0.443359 0.183594 0.445312 0.184896 0.448242 0.184896 0.449219 0.186198 0.453125 0.186198 0.454102 0.187500 0.457031 0.187500 0.470703 0.169271 0.471680 0.169271 0.475586 0.165365 0.476562 0.158854 0.474609 0.153646 0.474609 0.148438 0.470703 0.140625 0.470703 0.138021 0.469727 0.136719 0.468750 0.136719 0.463867 0.130208 0.461914 0.128906 0.456055 0.128906 0.455078 0.127604
0 0.458008 0.220052 0.455078 0.221354 0.452148 0.225260 0.447266 0.225260 0.446289 0.226562 0.443359 0.226562 0.437500 0.230469 0.431641 0.239583 0.431641 0.243490 0.430664 0.244792 0.430664 0.251302 0.428711 0.256510 0.429688 0.263021 0.432617 0.266927 0.432617 0.268229 0.443359 0.282552 0.445312 0.282552 0.446289 0.283854 0.454102 0.278646 0.457031 0.278646 0.458008 0.277344 0.459961 0.277344 0.471680 0.269531 0.473633 0.264323 0.473633 0.246094 0.472656 0.244792 0.472656 0.240885 0.471680 0.238281 0.469727 0.236979 0.465820 0.231771 0.464844 0.229167 0.461914 0.227865 0.459961 0.225260
0 0.552734 0.093750 0.550781 0.092448 0.542969 0.092448 0.540039 0.095052 0.537109 0.095052 0.536133 0.096354 0.534180 0.096354 0.526367 0.101562 0.523438 0.105469 0.523438 0.108073 0.522461 0.109375 0.522461 0.113281 0.520508 0.118490 0.520508 0.132812 0.522461 0.134115 0.523438 0.136719 0.523438 0.139323 0.524414 0.140625 0.524414 0.143229 0.525391 0.145833 0.528320 0.149740 0.531250 0.149740 0.532227 0.151042 0.536133 0.151042 0.537109 0.149740 0.540039 0.149740 0.541016 0.148438 0.542969 0.148438 0.547852 0.144531 0.550781 0.144531 0.551758 0.145833 0.553711 0.143229 0.556641 0.141927 0.559570 0.138021 0.559570 0.135417 0.560547 0.134115 0.560547 0.127604 0.561523 0.126302 0.560547 0.123698 0.560547 0.111979 0.559570 0.110677 0.559570 0.106771 0.558594 0.104167 0.552734 0.095052
0 0.525391 0.175781 0.524414 0.175781 0.523438 0.177083 0.517578 0.177083 0.516602 0.178385 0.513672 0.179688 0.511719 0.182292 0.510742 0.182292 0.508789 0.184896 0.507812 0.184896 0.507812 0.186198 0.505859 0.188802 0.505859 0.190104 0.503906 0.194010 0.503906 0.200521 0.504883 0.201823 0.504883 0.205729 0.508789 0.214844 0.508789 0.217448 0.509766 0.218750 0.509766 0.220052 0.516602 0.230469 0.517578 0.234375 0.524414 0.234375 0.525391 0.233073 0.528320 0.233073 0.529297 0.231771 0.532227 0.230469 0.538086 0.221354 0.539062 0.217448 0.541992 0.213542 0.541992 0.212240 0.542969 0.210938 0.542969 0.208333 0.543945 0.207031 0.542969 0.200521 0.541992 0.199219 0.537109 0.184896 0.532227 0.178385 0.530273 0.178385 0.529297 0.177083 0.526367 0.177083
0 0.482422 0.217448 0.476562 0.225260 0.476562 0.227865 0.475586 0.229167 0.475586 0.234375 0.474609 0.235677 0.474609 0.246094 0.475586 0.247396 0.475586 0.253906 0.476562 0.255208 0.476562 0.259115 0.477539 0.261719 0.480469 0.265625 0.482422 0.266927 0.484375 0.266927 0.488281 0.270833 0.490234 0.270833 0.494141 0.273438 0.498047 0.273438 0.499023 0.274740 0.506836 0.274740 0.507812 0.273438 0.509766 0.273438 0.512695 0.268229 0.512695 0.264323 0.513672 0.263021 0.513672 0.257812 0.515625 0.252604 0.515625 0.231771 0.514648 0.229167 0.509766 0.222656 0.507812 0.221354 0.505859 0.221354 0.498047 0.216146 0.495117 0.216146 0.494141 0.214844 0.488281 0.214844 0.487305 0.216146
0 0.478516 0.282552 0.477539 0.283854 0.477539 0.286458 0.476562 0.287760 0.476562 0.291667 0.475586 0.292969 0.475586 0.299479 0.476562 0.300781 0.476562 0.309896 0.477539 0.311198 0.477539 0.313802 0.479492 0.317708 0.479492 0.322917 0.480469 0.324219 0.480469 0.326823 0.485352 0.330729 0.493164 0.330729 0.494141 0.332031 0.498047 0.332031 0.499023 0.330729 0.503906 0.330729 0.506836 0.326823 0.506836 0.325521 0.510742 0.320312 0.510742 0.319010 0.514648 0.313802 0.514648 0.312500 0.518555 0.307292 0.518555 0.305990 0.519531 0.304688 0.519531 0.300781 0.518555 0.299479 0.518555 0.295573 0.517578 0.294271 0.517578 0.291667 0.516602 0.290365 0.516602 0.289062 0.512695 0.283854 0.509766 0.283854 0.506836 0.281250 0.503906 0.281250 0.502930 0.279948 0.500000 0.279948 0.499023 0.278646 0.486328 0.278646 0.485352 0.279948 0.483398 0.279948 0.482422 0.281250 0.480469 0.281250 0.479492 0.282552
0 0.449219 0.298177 0.448242 0.299479 0.447266 0.299479 0.444336 0.303385 0.443359 0.303385 0.443359 0.304688 0.441406 0.307292 0.441406 0.309896 0.440430 0.311198 0.440430 0.321615 0.439453 0.322917 0.439453 0.334635 0.438477 0.335938 0.438477 0.337240 0.439453 0.338542 0.439453 0.342448 0.440430 0.343750 0.440430 0.345052 0.445312 0.351562 0.447266 0.351562 0.449219 0.354167 0.453125 0.354167 0.454102 0.355469 0.464844 0.355469 0.465820 0.354167 0.467773 0.354167 0.475586 0.346354 0.475586 0.345052 0.476562 0.343750 0.476562 0.341146 0.477539 0.339844 0.477539 0.320312 0.476562 0.319010 0.476562 0.315104 0.475586 0.313802 0.475586 0.311198 0.473633 0.307292 0.470703 0.305990 0.468750 0.303385 0.467773 0.303385 0.458984 0.296875 0.453125 0.296875 0.452148 0.298177
0 0.511719 0.335938 0.510742 0.335938 0.507812 0.333333 0.505859 0.333333 0.504883 0.332031 0.503906 0.333333 0.497070 0.333333 0.496094 0.334635 0.493164 0.334635 0.491211 0.337240 0.488281 0.338542 0.484375 0.343750 0.483398 0.343750 0.480469 0.346354 0.480469 0.350260 0.481445 0.351562 0.481445 0.364583 0.482422 0.365885 0.483398 0.372396 0.488281 0.380208 0.489258 0.380208 0.490234 0.381510 0.493164 0.381510 0.494141 0.382812 0.498047 0.382812 0.499023 0.384115 0.507812 0.384115 0.508789 0.382812 0.511719 0.382812 0.513672 0.380208 0.514648 0.376302 0.517578 0.372396 0.518555 0.372396 0.518555 0.363281 0.517578 0.361979 0.517578 0.355469 0.516602 0.354167 0.516602 0.350260 0.515625 0.348958 0.515625 0.345052 0.514648 0.343750 0.514648 0.341146
0 0.550781 0.303385 0.546875 0.300781 0.541992 0.299479 0.537109 0.303385 0.528320 0.303385 0.526367 0.304688 0.523438 0.308594 0.523438 0.311198 0.517578 0.324219 0.517578 0.326823 0.516602 0.328125 0.516602 0.332031 0.515625 0.333333 0.515625 0.339844 0.516602 0.341146 0.516602 0.346354 0.517578 0.347656 0.517578 0.350260 0.518555 0.352865 0.522461 0.355469 0.525391 0.355469 0.526367 0.356771 0.544922 0.356771 0.545898 0.358073 0.548828 0.358073 0.552734 0.354167 0.557617 0.341146 0.557617 0.337240 0.558594 0.335938 0.558594 0.321615 0.557617 0.320312 0.557617 0.316406 0.554688 0.308594
0 0.533203 0.361979 0.532227 0.363281 0.530273 0.363281 0.524414 0.367188 0.516602 0.376302 0.514648 0.381510 0.514648 0.388021 0.515625 0.389323 0.515625 0.395833 0.516602 0.397135 0.516602 0.402344 0.520508 0.412760 0.525391 0.417969 0.527344 0.417969 0.528320 0.419271 0.533203 0.419271 0.534180 0.420573 0.543945 0.420573 0.544922 0.419271 0.546875 0.419271 0.548828 0.417969 0.553711 0.411458 0.554688 0.411458 0.557617 0.407552 0.557617 0.402344 0.556641 0.401042 0.556641 0.398438 0.555664 0.397135 0.555664 0.393229 0.554688 0.391927 0.554688 0.388021 0.552734 0.382812 0.552734 0.377604 0.549805 0.369792 0.547852 0.367188 0.547852 0.365885 0.545898 0.364583 0.542969 0.364583 0.541992 0.363281 0.539062 0.363281 0.538086 0.361979
0 0.521484 0.419271 0.520508 0.421875 0.520508 0.428385 0.518555 0.432292 0.518555 0.442708 0.517578 0.444010 0.518555 0.445312 0.518555 0.451823 0.519531 0.453125 0.519531 0.455729 0.520508 0.458333 0.524414 0.463542 0.524414 0.464844 0.530273 0.473958 0.536133 0.477865 0.538086 0.477865 0.539062 0.479167 0.549805 0.479167 0.551758 0.477865 0.555664 0.470052 0.555664 0.441406 0.554688 0.440104 0.554688 0.429688 0.552734 0.424479 0.550781 0.421875 0.527344 0.421875 0.524414 0.419271
0 0.563477 0.492188 0.561523 0.496094 0.561523 0.505208 0.562500 0.506510 0.562500 0.513021 0.563477 0.514323 0.563477 0.516927 0.566406 0.522135 0.566406 0.523438 0.567383 0.523438 0.573242 0.531250 0.574219 0.531250 0.577148 0.535156 0.582031 0.537760 0.584961 0.541667 0.585938 0.541667 0.586914 0.542969 0.590820 0.542969 0.591797 0.541667 0.592773 0.541667 0.595703 0.537760 0.595703 0.536458 0.597656 0.532552 0.597656 0.529948 0.600586 0.523438 0.600586 0.520833 0.601562 0.519531 0.601562 0.514323 0.602539 0.513021 0.602539 0.510417 0.603516 0.509115 0.603516 0.505208 0.602539 0.503906 0.601562 0.497396 0.598633 0.492188 0.598633 0.490885 0.595703 0.488281 0.586914 0.488281 0.585938 0.489583 0.580078 0.489583 0.577148 0.492188 0.574219 0.492188 0.573242 0.493490 0.571289 0.493490 0.568359 0.490885 0.565430 0.490885 0.564453 0.492188
0 0.560547 0.408854 0.560547 0.410156 0.558594 0.414062 0.558594 0.419271 0.557617 0.420573 0.557617 0.423177 0.556641 0.424479 0.556641 0.428385 0.555664 0.429688 0.555664 0.434896 0.556641 0.436198 0.556641 0.442708 0.557617 0.444010 0.557617 0.450521 0.558594 0.451823 0.558594 0.453125 0.561523 0.457031 0.562500 0.457031 0.563477 0.458333 0.576172 0.458333 0.577148 0.457031 0.583984 0.457031 0.584961 0.455729 0.588867 0.455729 0.589844 0.454427 0.589844 0.446615 0.590820 0.445312 0.590820 0.441406 0.591797 0.440104 0.591797 0.430990 0.592773 0.429688 0.591797 0.428385 0.591797 0.424479 0.590820 0.423177 0.590820 0.419271 0.589844 0.417969 0.589844 0.415365 0.587891 0.412760 0.587891 0.411458 0.586914 0.411458 0.585938 0.410156 0.585938 0.408854 0.583008 0.406250 0.569336 0.406250 0.568359 0.407552 0.562500 0.407552 0.561523 0.408854
0 0.560547 0.325521 0.560547 0.326823 0.559570 0.328125 0.559570 0.338542 0.558594 0.339844 0.558594 0.342448 0.557617 0.343750 0.557617 0.345052 0.554688 0.350260 0.554688 0.360677 0.557617 0.365885 0.557617 0.373698 0.559570 0.376302 0.565430 0.376302 0.566406 0.375000 0.568359 0.375000 0.569336 0.376302 0.573242 0.376302 0.574219 0.377604 0.580078 0.377604 0.581055 0.376302 0.582031 0.376302 0.586914 0.368490 0.586914 0.367188 0.588867 0.364583 0.588867 0.363281 0.590820 0.360677 0.590820 0.359375 0.592773 0.355469 0.592773 0.351562 0.593750 0.350260 0.593750 0.345052 0.592773 0.343750 0.592773 0.341146 0.590820 0.338542 0.589844 0.338542 0.584961 0.332031 0.584961 0.330729 0.583008 0.326823 0.581055 0.326823 0.580078 0.325521 0.564453 0.325521 0.563477 0.324219 0.562500 0.325521
0 0.560547 0.277344 0.554688 0.285156 0.554688 0.286458 0.552734 0.289062 0.552734 0.299479 0.553711 0.300781 0.553711 0.304688 0.556641 0.308594 0.556641 0.309896 0.557617 0.311198 0.557617 0.312500 0.559570 0.315104 0.559570 0.316406 0.562500 0.319010 0.565430 0.319010 0.566406 0.320312 0.570312 0.320312 0.571289 0.321615 0.575195 0.321615 0.576172 0.320312 0.581055 0.320312 0.584961 0.315104 0.584961 0.313802 0.590820 0.304688 0.590820 0.303385 0.592773 0.299479 0.592773 0.290365 0.590820 0.286458 0.590820 0.283854 0.589844 0.282552 0.587891 0.276042 0.586914 0.274740 0.568359 0.274740 0.567383 0.276042 0.562500 0.276042 0.561523 0.277344
0 0.555664 0.218750 0.550781 0.225260 0.550781 0.226562 0.548828 0.230469 0.548828 0.239583 0.549805 0.240885 0.549805 0.247396 0.553711 0.252604 0.553711 0.253906 0.555664 0.256510 0.555664 0.257812 0.556641 0.259115 0.557617 0.263021 0.559570 0.265625 0.559570 0.266927 0.564453 0.268229 0.567383 0.270833 0.577148 0.270833 0.578125 0.269531 0.579102 0.269531 0.582031 0.265625 0.584961 0.264323 0.586914 0.261719 0.586914 0.260417 0.588867 0.256510 0.588867 0.253906 0.589844 0.252604 0.589844 0.244792 0.588867 0.243490 0.588867 0.239583 0.587891 0.238281 0.587891 0.234375 0.586914 0.233073 0.586914 0.227865 0.585938 0.226562 0.584961 0.220052 0.582031 0.217448 0.578125 0.217448 0.577148 0.216146 0.573242 0.216146 0.572266 0.214844 0.562500 0.214844 0.559570 0.217448 0.557617 0.217448 0.556641 0.218750
0 0.570312 0.153646 0.564453 0.157552 0.559570 0.162760 0.558594 0.162760 0.555664 0.167969 0.553711 0.173177 0.553711 0.175781 0.551758 0.179688 0.551758 0.190104 0.550781 0.191406 0.550781 0.196615 0.552734 0.199219 0.554688 0.199219 0.556641 0.200521 0.558594 0.203125 0.558594 0.204427 0.562500 0.209635 0.564453 0.210938 0.573242 0.210938 0.575195 0.212240 0.576172 0.210938 0.578125 0.210938 0.583984 0.207031 0.585938 0.204427 0.589844 0.201823 0.595703 0.194010 0.596680 0.191406 0.596680 0.187500 0.597656 0.186198 0.597656 0.183594 0.596680 0.182292 0.596680 0.179688 0.593750 0.171875 0.583008 0.158854 0.582031 0.158854 0.580078 0.156250 0.576172 0.153646
0 0.600586 0.135417 0.599609 0.136719 0.598633 0.136719 0.595703 0.140625 0.594727 0.140625 0.589844 0.148438 0.589844 0.151042 0.588867 0.152344 0.588867 0.156250 0.589844 0.157552 0.589844 0.158854 0.588867 0.160156 0.588867 0.162760 0.589844 0.164062 0.589844 0.165365 0.594727 0.171875 0.597656 0.180990 0.602539 0.186198 0.603516 0.186198 0.606445 0.188802 0.612305 0.188802 0.613281 0.187500 0.617188 0.187500 0.618164 0.186198 0.619141 0.186198 0.619141 0.184896 0.621094 0.182292 0.621094 0.180990 0.623047 0.177083 0.623047 0.174479 0.624023 0.173177 0.624023 0.171875 0.628906 0.165365 0.628906 0.164062 0.629883 0.162760 0.629883 0.160156 0.630859 0.158854 0.630859 0.148438 0.627930 0.143229 0.627930 0.141927 0.624023 0.136719 0.623047 0.136719 0.622070 0.135417 0.620117 0.135417 0.619141 0.134115 0.605469 0.134115 0.604492 0.135417
0 0.599609 0.192708 0.597656 0.195312 0.594727 0.196615 0.588867 0.204427 0.585938 0.205729 0.583008 0.209635 0.583008 0.213542 0.582031 0.214844 0.585938 0.220052 0.585938 0.221354 0.586914 0.222656 0.586914 0.226562 0.587891 0.227865 0.587891 0.231771 0.588867 0.233073 0.588867 0.235677 0.590820 0.239583 0.596680 0.239583 0.597656 0.240885 0.603516 0.240885 0.604492 0.242188 0.607422 0.242188 0.608398 0.240885 0.611328 0.240885 0.613281 0.238281 0.613281 0.236979 0.617188 0.227865 0.617188 0.225260 0.618164 0.223958 0.618164 0.214844 0.616211 0.210938 0.616211 0.208333 0.615234 0.207031 0.615234 0.204427 0.614258 0.203125 0.614258 0.199219 0.612305 0.196615 0.611328 0.196615 0.610352 0.195312 0.608398 0.195312 0.607422 0.194010 0.600586 0.194010
0 0.592773 0.248698 0.591797 0.250000 0.591797 0.252604 0.589844 0.256510 0.589844 0.259115 0.587891 0.263021 0.587891 0.273438 0.591797 0.282552 0.591797 0.285156 0.593750 0.287760 0.594727 0.294271 0.596680 0.296875 0.599609 0.298177 0.600586 0.296875 0.615234 0.296875 0.616211 0.295573 0.618164 0.295573 0.619141 0.294271 0.622070 0.292969 0.626953 0.285156 0.626953 0.283854 0.627930 0.282552 0.627930 0.279948 0.628906 0.278646 0.628906 0.276042 0.629883 0.274740 0.629883 0.260417 0.628906 0.259115 0.628906 0.256510 0.627930 0.255208 0.625977 0.248698 0.625000 0.247396 0.622070 0.247396 0.621094 0.246094 0.617188 0.246094 0.616211 0.244792 0.600586 0.244792 0.599609 0.246094 0.597656 0.246094 0.596680 0.247396 0.594727 0.247396 0.593750 0.248698
0 0.602539 0.300781 0.601562 0.302083 0.599609 0.302083 0.597656 0.304688 0.596680 0.304688 0.595703 0.305990 0.593750 0.305990 0.592773 0.307292 0.591797 0.307292 0.588867 0.311198 0.588867 0.312500 0.586914 0.315104 0.586914 0.317708 0.585938 0.319010 0.585938 0.321615 0.584961 0.322917 0.584961 0.326823 0.585938 0.328125 0.585938 0.330729 0.586914 0.332031 0.586914 0.333333 0.588867 0.335938 0.589844 0.335938 0.593750 0.341146 0.593750 0.342448 0.594727 0.343750 0.595703 0.343750 0.596680 0.345052 0.599609 0.345052 0.600586 0.346354 0.602539 0.346354 0.603516 0.347656 0.611328 0.347656 0.612305 0.346354 0.614258 0.346354 0.616211 0.343750 0.617188 0.343750 0.620117 0.339844 0.620117 0.338542 0.622070 0.335938 0.622070 0.332031 0.623047 0.330729 0.623047 0.324219 0.622070 0.322917 0.622070 0.319010 0.621094 0.317708 0.621094 0.315104 0.620117 0.313802 0.619141 0.309896 0.615234 0.304688 0.615234 0.303385 0.614258 0.302083 0.610352 0.302083 0.609375 0.300781
0 0.612305 0.350260 0.603516 0.350260 0.600586 0.352865 0.598633 0.352865 0.596680 0.354167 0.593750 0.358073 0.593750 0.359375 0.591797 0.361979 0.590820 0.365885 0.588867 0.368490 0.586914 0.373698 0.586914 0.388021 0.587891 0.389323 0.587891 0.393229 0.590820 0.398438 0.590820 0.401042 0.596680 0.410156 0.597656 0.414062 0.599609 0.416667 0.602539 0.416667 0.607422 0.412760 0.612305 0.412760 0.613281 0.411458 0.615234 0.411458 0.621094 0.407552 0.624023 0.403646 0.625977 0.402344 0.627930 0.397135 0.627930 0.380208 0.626953 0.378906 0.626953 0.375000 0.625977 0.373698 0.625977 0.371094 0.624023 0.368490 0.624023 0.367188 0.619141 0.360677 0.617188 0.355469 0.614258 0.351562
0 0.609375 0.415365 0.608398 0.416667 0.606445 0.416667 0.605469 0.417969 0.603516 0.417969 0.602539 0.419271 0.599609 0.419271 0.596680 0.423177 0.596680 0.424479 0.595703 0.425781 0.595703 0.429688 0.594727 0.430990 0.594727 0.434896 0.593750 0.436198 0.593750 0.438802 0.592773 0.440104 0.592773 0.447917 0.591797 0.449219 0.591797 0.453125 0.592773 0.454427 0.592773 0.457031 0.594727 0.459635 0.597656 0.460938 0.602539 0.467448 0.605469 0.468750 0.610352 0.473958 0.615234 0.473958 0.616211 0.472656 0.620117 0.472656 0.621094 0.471354 0.624023 0.470052 0.626953 0.464844 0.626953 0.460938 0.627930 0.459635 0.627930 0.455729 0.628906 0.454427 0.628906 0.449219 0.629883 0.447917 0.630859 0.438802 0.629883 0.437500 0.629883 0.433594 0.628906 0.432292 0.628906 0.429688 0.627930 0.428385 0.626953 0.424479 0.623047 0.419271 0.622070 0.419271 0.618164 0.415365
0 0.616211 0.475260 0.615234 0.476562 0.611328 0.476562 0.610352 0.477865 0.608398 0.477865 0.607422 0.479167 0.606445 0.479167 0.604492 0.481771 0.604492 0.486979 0.602539 0.489583 0.602539 0.493490 0.603516 0.494792 0.603516 0.498698 0.605469 0.502604 0.605469 0.519531 0.606445 0.520833 0.607422 0.524740 0.612305 0.531250 0.614258 0.531250 0.615234 0.532552 0.622070 0.532552 0.623047 0.531250 0.631836 0.526042 0.633789 0.523438 0.634766 0.523438 0.639648 0.516927 0.639648 0.515625 0.640625 0.514323 0.640625 0.507812 0.641602 0.506510 0.641602 0.501302 0.640625 0.500000 0.640625 0.497396 0.637695 0.492188 0.636719 0.488281 0.630859 0.477865 0.629883 0.477865 0.626953 0.475260
0 0.624023 0.532552 0.620117 0.537760 0.620117 0.539062 0.615234 0.550781 0.615234 0.557292 0.616211 0.558594 0.616211 0.559896 0.620117 0.569010 0.620117 0.571615 0.622070 0.574219 0.622070 0.575521 0.626953 0.578125 0.629883 0.582031 0.631836 0.582031 0.632812 0.583333 0.634766 0.583333 0.635742 0.584635 0.642578 0.584635 0.643555 0.583333 0.645508 0.583333 0.648438 0.580729 0.650391 0.580729 0.654297 0.574219 0.654297 0.565104 0.653320 0.563802 0.653320 0.559896 0.652344 0.558594 0.652344 0.554688 0.651367 0.553385 0.651367 0.550781 0.650391 0.549479 0.650391 0.546875 0.649414 0.545573 0.649414 0.542969 0.648438 0.541667 0.647461 0.537760 0.642578 0.531250 0.638672 0.531250 0.637695 0.529948 0.627930 0.529948 0.626953 0.531250
0 0.673828 0.492188 0.672852 0.492188 0.669922 0.496094 0.668945 0.496094 0.666016 0.498698 0.664062 0.498698 0.663086 0.497396 0.660156 0.497396 0.659180 0.498698 0.653320 0.498698 0.650391 0.501302 0.648438 0.501302 0.647461 0.500000 0.645508 0.500000 0.644531 0.501302 0.644531 0.503906 0.643555 0.505208 0.643555 0.509115 0.642578 0.510417 0.642578 0.522135 0.643555 0.523438 0.643555 0.526042 0.644531 0.527344 0.644531 0.528646 0.651367 0.539062 0.653320 0.539062 0.656250 0.541667 0.659180 0.541667 0.660156 0.542969 0.669922 0.542969 0.670898 0.541667 0.672852 0.541667 0.673828 0.540365 0.674805 0.540365 0.677734 0.537760 0.679688 0.537760 0.680664 0.536458 0.680664 0.513021 0.679688 0.511719 0.679688 0.507812 0.678711 0.506510 0.677734 0.500000 0.676758 0.498698 0.676758 0.497396 0.673828 0.493490
0 0.689453 0.528646 0.687500 0.532552 0.687500 0.537760 0.685547 0.540365 0.683594 0.540365 0.682617 0.539062 0.680664 0.539062 0.679688 0.540365 0.676758 0.540365 0.674805 0.542969 0.672852 0.542969 0.671875 0.544271 0.669922 0.544271 0.668945 0.545573 0.667969 0.545573 0.665039 0.549479 0.665039 0.553385 0.663086 0.557292 0.663086 0.569010 0.664062 0.570312 0.664062 0.572917 0.665039 0.574219 0.665039 0.575521 0.668945 0.580729 0.669922 0.580729 0.670898 0.582031 0.695312 0.582031 0.697266 0.579427 0.697266 0.578125 0.699219 0.574219 0.699219 0.570312 0.700195 0.569010 0.700195 0.566406 0.701172 0.565104 0.701172 0.550781 0.700195 0.549479 0.700195 0.546875 0.699219 0.545573 0.699219 0.544271 0.694336 0.537760 0.694336 0.536458 0.693359 0.535156 0.693359 0.532552
0 0.655273 0.574219 0.655273 0.575521 0.647461 0.585938 0.647461 0.597656 0.646484 0.598958 0.647461 0.602865 0.648438 0.602865 0.650391 0.605469 0.653320 0.606771 0.658203 0.613281 0.659180 0.613281 0.660156 0.614583 0.665039 0.614583 0.666016 0.615885 0.674805 0.615885 0.676758 0.613281 0.676758 0.610677 0.678711 0.606771 0.678711 0.602865 0.679688 0.601562 0.679688 0.598958 0.680664 0.597656 0.680664 0.595052 0.681641 0.593750 0.681641 0.591146 0.682617 0.589844 0.682617 0.587240 0.683594 0.585938 0.683594 0.584635 0.680664 0.582031 0.678711 0.582031 0.677734 0.583333 0.673828 0.583333 0.672852 0.582031 0.668945 0.582031 0.665039 0.576823 0.665039 0.575521 0.663086 0.572917 0.657227 0.572917 0.656250 0.574219
0 0.703125 0.589844 0.702148 0.589844 0.701172 0.588542 0.699219 0.588542 0.698242 0.587240 0.695312 0.587240 0.694336 0.585938 0.692383 0.585938 0.689453 0.588542 0.687500 0.588542 0.686523 0.589844 0.685547 0.589844 0.682617 0.593750 0.682617 0.595052 0.680664 0.598958 0.680664 0.601562 0.679688 0.602865 0.679688 0.605469 0.678711 0.606771 0.678711 0.609375 0.677734 0.610677 0.677734 0.613281 0.676758 0.614583 0.676758 0.618490 0.677734 0.619792 0.678711 0.623698 0.679688 0.623698 0.681641 0.626302 0.682617 0.626302 0.683594 0.627604 0.690430 0.627604 0.691406 0.626302 0.696289 0.626302 0.697266 0.625000 0.699219 0.625000 0.700195 0.623698 0.702148 0.623698 0.703125 0.622396 0.703125 0.621094 0.705078 0.618490 0.706055 0.614583 0.708008 0.611979 0.708008 0.609375 0.708984 0.608073 0.708984 0.598958 0.707031 0.596354 0.707031 0.595052
0 0.704102 0.623698 0.703125 0.625000 0.698242 0.625000 0.697266 0.626302 0.695312 0.626302 0.694336 0.627604 0.688477 0.627604 0.687500 0.628906 0.684570 0.628906 0.681641 0.631510 0.681641 0.643229 0.682617 0.644531 0.683594 0.648438 0.685547 0.651042 0.685547 0.653646 0.689453 0.658854 0.689453 0.660156 0.692383 0.664062 0.695312 0.664062 0.696289 0.665365 0.701172 0.665365 0.704102 0.661458 0.705078 0.661458 0.711914 0.652344 0.711914 0.651042 0.713867 0.648438 0.713867 0.647135 0.714844 0.645833 0.714844 0.639323 0.713867 0.638021 0.713867 0.636719 0.712891 0.635417 0.711914 0.631510 0.708984 0.627604 0.708008 0.627604 0.706055 0.625000 0.705078 0.625000
0 0.861328 0.782552 0.860352 0.782552 0.859375 0.786458 0.857422 0.789062 0.852539 0.789062 0.851562 0.790365 0.848633 0.790365 0.847656 0.791667 0.846680 0.791667 0.844727 0.794271 0.844727 0.799479 0.843750 0.800781 0.843750 0.802083 0.838867 0.808594 0.837891 0.808594 0.837891 0.812500 0.844727 0.821615 0.845703 0.821615 0.848633 0.825521 0.849609 0.825521 0.850586 0.826823 0.852539 0.826823 0.853516 0.828125 0.865234 0.828125 0.869141 0.822917 0.869141 0.820312 0.870117 0.819010 0.870117 0.816406 0.871094 0.815104 0.871094 0.811198 0.872070 0.809896 0.872070 0.804688 0.873047 0.803385 0.873047 0.800781 0.874023 0.799479 0.874023 0.798177 0.873047 0.796875 0.873047 0.794271 0.870117 0.790365 0.868164 0.790365 0.867188 0.789062 0.866211 0.789062 0.864258 0.786458 0.863281 0.786458 0.861328 0.783854
0 0.818359 0.695312 0.817383 0.696615 0.815430 0.696615 0.812500 0.699219 0.810547 0.699219 0.803711 0.704427 0.803711 0.705729 0.802734 0.707031 0.802734 0.718750 0.801758 0.720052 0.801758 0.721354 0.802734 0.722656 0.802734 0.727865 0.803711 0.729167 0.803711 0.731771 0.805664 0.734375 0.805664 0.735677 0.811523 0.743490 0.812500 0.743490 0.813477 0.744792 0.824219 0.744792 0.827148 0.742188 0.829102 0.742188 0.830078 0.740885 0.833008 0.739583 0.835938 0.735677 0.835938 0.734375 0.836914 0.733073 0.836914 0.729167 0.837891 0.727865 0.837891 0.714844 0.836914 0.713542 0.836914 0.710938 0.835938 0.709635 0.835938 0.708333 0.828125 0.696615 0.826172 0.696615 0.825195 0.695312
0 0.870117 0.701823 0.869141 0.700521 0.868164 0.700521 0.865234 0.704427 0.860352 0.704427 0.857422 0.707031 0.854492 0.707031 0.853516 0.705729 0.849609 0.705729 0.848633 0.704427 0.844727 0.704427 0.843750 0.703125 0.838867 0.703125 0.838867 0.708333 0.837891 0.709635 0.838867 0.710938 0.838867 0.717448 0.839844 0.718750 0.839844 0.725260 0.843750 0.730469 0.846680 0.730469 0.847656 0.731771 0.851562 0.731771 0.852539 0.733073 0.853516 0.733073 0.854492 0.731771 0.857422 0.731771 0.861328 0.726562 0.861328 0.725260 0.865234 0.720052 0.865234 0.718750 0.869141 0.713542 0.869141 0.712240 0.871094 0.708333 0.871094 0.704427 0.870117 0.703125
0 0.836914 0.652344 0.835938 0.653646 0.837891 0.653646 0.840820 0.657552 0.840820 0.658854 0.838867 0.661458 0.836914 0.662760 0.834961 0.662760 0.833008 0.665365 0.832031 0.664062 0.829102 0.664062 0.828125 0.666667 0.828125 0.674479 0.830078 0.678385 0.830078 0.684896 0.832031 0.686198 0.833008 0.690104 0.835938 0.694010 0.836914 0.697917 0.839844 0.701823 0.841797 0.703125 0.843750 0.703125 0.844727 0.704427 0.846680 0.704427 0.847656 0.705729 0.855469 0.705729 0.857422 0.707031 0.860352 0.704427 0.864258 0.704427 0.866211 0.703125 0.869141 0.699219 0.869141 0.696615 0.871094 0.691406 0.871094 0.687500 0.872070 0.686198 0.872070 0.683594 0.870117 0.678385 0.870117 0.670573 0.867188 0.665365 0.867188 0.664062 0.864258 0.660156 0.864258 0.658854 0.861328 0.654948 0.859375 0.653646 0.857422 0.653646 0.856445 0.652344 0.855469 0.653646 0.849609 0.653646 0.845703 0.651042 0.843750 0.652344
0 0.802734 0.658854 0.801758 0.660156 0.800781 0.660156 0.797852 0.664062 0.797852 0.670573 0.798828 0.671875 0.798828 0.674479 0.797852 0.675781 0.797852 0.678385 0.796875 0.679688 0.796875 0.688802 0.797852 0.688802 0.803711 0.696615 0.804688 0.696615 0.805664 0.697917 0.811523 0.697917 0.812500 0.696615 0.813477 0.696615 0.814453 0.695312 0.815430 0.695312 0.818359 0.691406 0.819336 0.691406 0.824219 0.684896 0.824219 0.673177 0.823242 0.671875 0.823242 0.669271 0.822266 0.667969 0.822266 0.666667 0.821289 0.665365 0.821289 0.664062 0.819336 0.661458 0.818359 0.661458 0.817383 0.660156 0.811523 0.660156 0.810547 0.658854
0 0.750977 0.666667 0.750977 0.675781 0.753906 0.680990 0.754883 0.684896 0.758789 0.690104 0.759766 0.690104 0.763672 0.695312 0.764648 0.695312 0.767578 0.699219 0.768555 0.699219 0.769531 0.700521 0.781250 0.700521 0.782227 0.699219 0.784180 0.699219 0.785156 0.697917 0.786133 0.697917 0.791016 0.691406 0.791992 0.691406 0.794922 0.686198 0.794922 0.682292 0.795898 0.680990 0.795898 0.674479 0.791992 0.669271 0.791016 0.669271 0.789062 0.666667 0.789062 0.665365 0.782227 0.656250 0.776367 0.656250 0.772461 0.652344 0.770508 0.652344 0.769531 0.651042 0.766602 0.651042 0.765625 0.652344 0.763672 0.652344 0.762695 0.653646 0.761719 0.653646 0.756836 0.661458 0.753906 0.662760
0 0.744141 0.627604 0.743164 0.627604 0.742188 0.628906 0.741211 0.628906 0.740234 0.630208 0.739258 0.630208 0.738281 0.631510 0.737305 0.631510 0.736328 0.632812 0.735352 0.632812 0.734375 0.634115 0.733398 0.634115 0.732422 0.635417 0.729492 0.636719 0.727539 0.639323 0.726562 0.639323 0.725586 0.640625 0.723633 0.640625 0.722656 0.641927 0.721680 0.641927 0.721680 0.643229 0.720703 0.644531 0.719727 0.644531 0.719727 0.645833 0.718750 0.647135 0.718750 0.648438 0.720703 0.651042 0.720703 0.652344 0.726562 0.661458 0.727539 0.665365 0.730469 0.667969 0.733398 0.667969 0.734375 0.669271 0.742188 0.669271 0.743164 0.667969 0.745117 0.667969 0.746094 0.666667 0.748047 0.666667 0.749023 0.665365 0.750977 0.665365 0.753906 0.661458 0.754883 0.661458 0.758789 0.656250 0.758789 0.654948 0.759766 0.653646 0.758789 0.652344 0.758789 0.651042 0.756836 0.648438 0.756836 0.647135 0.755859 0.645833 0.755859 0.643229 0.750977 0.636719 0.750977 0.635417 0.747070 0.630208 0.746094 0.630208
0 0.729492 0.592448 0.719727 0.592448 0.718750 0.593750 0.715820 0.593750 0.712891 0.597656 0.711914 0.597656 0.711914 0.598958 0.710938 0.600260 0.710938 0.609375 0.709961 0.610677 0.709961 0.623698 0.710938 0.625000 0.710938 0.626302 0.712891 0.628906 0.713867 0.632812 0.715820 0.635417 0.716797 0.635417 0.719727 0.638021 0.721680 0.638021 0.722656 0.639323 0.724609 0.639323 0.725586 0.638021 0.726562 0.638021 0.727539 0.636719 0.728516 0.636719 0.729492 0.635417 0.734375 0.632812 0.739258 0.627604 0.742188 0.626302 0.745117 0.622396 0.745117 0.621094 0.746094 0.619792 0.747070 0.619792 0.749023 0.617188 0.749023 0.614583 0.748047 0.613281 0.748047 0.611979 0.747070 0.611979 0.744141 0.608073 0.744141 0.606771 0.736328 0.596354 0.735352 0.596354 0.732422 0.593750 0.730469 0.593750
0 0.751953 0.595052 0.750977 0.596354 0.750977 0.598958 0.750000 0.600260 0.750000 0.602865 0.750977 0.604167 0.750977 0.608073 0.751953 0.609375 0.751953 0.611979 0.750977 0.613281 0.750977 0.618490 0.750000 0.619792 0.750000 0.627604 0.750977 0.628906 0.750977 0.631510 0.752930 0.634115 0.753906 0.634115 0.754883 0.635417 0.757812 0.635417 0.758789 0.636719 0.762695 0.636719 0.763672 0.638021 0.769531 0.638021 0.770508 0.639323 0.772461 0.639323 0.773438 0.638021 0.777344 0.638021 0.778320 0.636719 0.781250 0.635417 0.784180 0.631510 0.784180 0.630208 0.785156 0.628906 0.785156 0.626302 0.786133 0.625000 0.786133 0.619792 0.785156 0.618490 0.785156 0.615885 0.784180 0.614583 0.783203 0.610677 0.779297 0.604167 0.778320 0.604167 0.777344 0.602865 0.773438 0.602865 0.771484 0.600260 0.770508 0.600260 0.767578 0.596354 0.766602 0.596354 0.765625 0.595052 0.763672 0.595052 0.762695 0.593750 0.757812 0.593750 0.756836 0.595052
0 0.790039 0.605469 0.789062 0.606771 0.790039 0.609375 0.792969 0.609375 0.793945 0.610677 0.792969 0.611979 0.791016 0.611979 0.789062 0.613281 0.788086 0.615885 0.789062 0.618490 0.789062 0.623698 0.788086 0.625000 0.788086 0.628906 0.787109 0.631510 0.789062 0.634115 0.791992 0.641927 0.798828 0.651042 0.799805 0.651042 0.802734 0.656250 0.804688 0.656250 0.805664 0.657552 0.821289 0.657552 0.823242 0.656250 0.825195 0.653646 0.826172 0.651042 0.826172 0.648438 0.829102 0.643229 0.829102 0.640625 0.832031 0.632812 0.832031 0.627604 0.828125 0.617188 0.822266 0.610677 0.821289 0.610677 0.818359 0.606771 0.818359 0.605469 0.810547 0.600260 0.808594 0.600260 0.807617 0.601562 0.801758 0.601562 0.799805 0.604167 0.793945 0.604167 0.792969 0.605469
0 0.825195 0.604167 0.825195 0.605469 0.824219 0.606771 0.825195 0.608073 0.825195 0.610677 0.829102 0.615885 0.829102 0.617188 0.833008 0.626302 0.833008 0.636719 0.833984 0.636719 0.834961 0.638021 0.837891 0.638021 0.838867 0.639323 0.843750 0.639323 0.844727 0.640625 0.850586 0.640625 0.851562 0.641927 0.854492 0.641927 0.855469 0.643229 0.860352 0.643229 0.861328 0.641927 0.864258 0.640625 0.867188 0.636719 0.867188 0.634115 0.868164 0.632812 0.868164 0.626302 0.867188 0.625000 0.867188 0.622396 0.866211 0.621094 0.866211 0.615885 0.865234 0.614583 0.865234 0.613281 0.856445 0.600260 0.854492 0.600260 0.853516 0.598958 0.851562 0.598958 0.850586 0.597656 0.847656 0.597656 0.846680 0.596354 0.844727 0.596354 0.843750 0.595052 0.841797 0.595052 0.840820 0.593750 0.833984 0.593750
0 0.694336 0.531250 0.693359 0.532552 0.697266 0.537760 0.697266 0.539062 0.701172 0.548177 0.701172 0.550781 0.702148 0.552083 0.702148 0.563802 0.701172 0.565104 0.701172 0.569010 0.700195 0.570312 0.700195 0.572917 0.697266 0.579427 0.697266 0.584635 0.698242 0.585938 0.700195 0.585938 0.703125 0.588542 0.708984 0.588542 0.709961 0.589844 0.713867 0.589844 0.715820 0.585938 0.715820 0.579427 0.718750 0.575521 0.718750 0.569010 0.719727 0.567708 0.719727 0.558594 0.718750 0.557292 0.718750 0.548177 0.716797 0.544271 0.716797 0.540365 0.715820 0.539062 0.714844 0.539062 0.713867 0.537760 0.707031 0.533854 0.705078 0.531250
0 0.727539 0.537760 0.726562 0.539062 0.721680 0.540365 0.719727 0.542969 0.719727 0.558594 0.720703 0.559896 0.720703 0.565104 0.719727 0.566406 0.719727 0.575521 0.721680 0.578125 0.722656 0.582031 0.725586 0.585938 0.726562 0.585938 0.728516 0.588542 0.729492 0.588542 0.731445 0.591146 0.732422 0.591146 0.733398 0.592448 0.737305 0.592448 0.738281 0.591146 0.741211 0.589844 0.743164 0.587240 0.744141 0.587240 0.750000 0.579427 0.750000 0.578125 0.751953 0.575521 0.751953 0.572917 0.752930 0.571615 0.752930 0.567708 0.755859 0.561198 0.755859 0.558594 0.752930 0.557292 0.750000 0.553385 0.749023 0.549479 0.747070 0.546875 0.744141 0.545573 0.740234 0.540365 0.739258 0.540365 0.738281 0.539062 0.736328 0.539062 0.735352 0.537760 0.733398 0.537760 0.732422 0.539062 0.731445 0.539062 0.730469 0.537760
0 0.769531 0.550781 0.768555 0.552083 0.766602 0.552083 0.763672 0.555990 0.762695 0.555990 0.759766 0.558594 0.759766 0.562500 0.756836 0.569010 0.756836 0.571615 0.754883 0.575521 0.754883 0.578125 0.753906 0.579427 0.753906 0.580729 0.755859 0.584635 0.755859 0.587240 0.757812 0.589844 0.757812 0.591146 0.758789 0.592448 0.763672 0.592448 0.764648 0.593750 0.766602 0.593750 0.768555 0.596354 0.769531 0.596354 0.774414 0.601562 0.779297 0.601562 0.781250 0.598958 0.787109 0.596354 0.787109 0.595052 0.789062 0.592448 0.790039 0.592448 0.794922 0.585938 0.794922 0.584635 0.795898 0.583333 0.795898 0.575521 0.793945 0.572917 0.793945 0.571615 0.791016 0.567708 0.790039 0.567708 0.785156 0.561198 0.785156 0.559896 0.782227 0.555990 0.781250 0.555990 0.778320 0.553385 0.776367 0.553385 0.775391 0.552083 0.772461 0.552083 0.771484 0.550781
0 0.797852 0.558594 0.797852 0.559896 0.796875 0.561198 0.796875 0.566406 0.795898 0.567708 0.795898 0.570312 0.796875 0.571615 0.796875 0.574219 0.797852 0.575521 0.797852 0.583333 0.796875 0.584635 0.796875 0.585938 0.799805 0.588542 0.804688 0.589844 0.805664 0.591146 0.806641 0.591146 0.809570 0.593750 0.811523 0.593750 0.812500 0.595052 0.819336 0.595052 0.820312 0.596354 0.829102 0.596354 0.831055 0.593750 0.831055 0.592448 0.836914 0.582031 0.836914 0.575521 0.837891 0.574219 0.837891 0.570312 0.836914 0.569010 0.836914 0.567708 0.835938 0.566406 0.834961 0.566406 0.832031 0.562500 0.831055 0.562500 0.828125 0.559896 0.826172 0.559896 0.823242 0.557292 0.821289 0.557292 0.812500 0.550781 0.805664 0.550781
0 0.876953 0.550781 0.875000 0.550781 0.872070 0.553385 0.867188 0.553385 0.866211 0.552083 0.865234 0.552083 0.861328 0.546875 0.859375 0.546875 0.858398 0.548177 0.853516 0.562500 0.850586 0.567708 0.849609 0.567708 0.848633 0.569010 0.846680 0.569010 0.845703 0.567708 0.841797 0.567708 0.839844 0.570312 0.839844 0.572917 0.838867 0.574219 0.838867 0.585938 0.839844 0.587240 0.839844 0.588542 0.843750 0.593750 0.845703 0.593750 0.846680 0.595052 0.848633 0.595052 0.849609 0.596354 0.852539 0.596354 0.853516 0.597656 0.857422 0.597656 0.858398 0.596354 0.860352 0.596354 0.869141 0.589844 0.870117 0.591146 0.873047 0.591146 0.874023 0.589844 0.875000 0.589844 0.875977 0.588542 0.876953 0.582031 0.879883 0.578125 0.879883 0.576823 0.880859 0.575521 0.880859 0.566406 0.879883 0.565104 0.879883 0.558594 0.878906 0.557292 0.878906 0.553385
0 0.823242 0.513021 0.821289 0.515625 0.820312 0.524740 0.818359 0.529948 0.814453 0.533854 0.814453 0.536458 0.813477 0.537760 0.813477 0.541667 0.816406 0.546875 0.816406 0.548177 0.822266 0.554688 0.824219 0.554688 0.834961 0.562500 0.836914 0.562500 0.840820 0.565104 0.845703 0.565104 0.846680 0.566406 0.849609 0.566406 0.851562 0.565104 0.854492 0.557292 0.854492 0.554688 0.855469 0.553385 0.855469 0.549479 0.856445 0.548177 0.856445 0.544271 0.857422 0.542969 0.856445 0.541667 0.856445 0.537760 0.857422 0.536458 0.857422 0.532552 0.858398 0.531250 0.858398 0.526042 0.859375 0.524740 0.859375 0.522135 0.858398 0.519531 0.854492 0.516927 0.849609 0.516927 0.848633 0.515625 0.845703 0.515625 0.843750 0.513021 0.841797 0.513021 0.833984 0.507812 0.832031 0.507812 0.827148 0.511719 0.825195 0.511719
0 0.777344 0.511719 0.777344 0.513021 0.776367 0.514323 0.776367 0.519531 0.775391 0.520833 0.775391 0.524740 0.774414 0.526042 0.774414 0.535156 0.773438 0.536458 0.773438 0.541667 0.772461 0.542969 0.772461 0.544271 0.775391 0.548177 0.778320 0.549479 0.781250 0.553385 0.783203 0.553385 0.784180 0.554688 0.794922 0.554688 0.795898 0.553385 0.797852 0.553385 0.798828 0.552083 0.801758 0.550781 0.803711 0.548177 0.804688 0.548177 0.806641 0.545573 0.807617 0.545573 0.810547 0.541667 0.810547 0.526042 0.811523 0.524740 0.811523 0.518229 0.809570 0.514323 0.808594 0.514323 0.806641 0.511719 0.794922 0.511719 0.793945 0.510417 0.784180 0.510417 0.783203 0.509115
0 0.739258 0.514323 0.739258 0.516927 0.738281 0.518229 0.738281 0.528646 0.739258 0.529948 0.739258 0.531250 0.740234 0.532552 0.740234 0.533854 0.744141 0.542969 0.746094 0.542969 0.748047 0.545573 0.754883 0.545573 0.755859 0.546875 0.768555 0.546875 0.769531 0.545573 0.769531 0.544271 0.770508 0.542969 0.770508 0.539062 0.771484 0.537760 0.771484 0.533854 0.772461 0.532552 0.772461 0.528646 0.773438 0.527344 0.773438 0.519531 0.774414 0.518229 0.774414 0.511719 0.771484 0.507812 0.771484 0.506510 0.770508 0.506510 0.766602 0.501302 0.765625 0.501302 0.764648 0.500000 0.757812 0.500000 0.756836 0.501302 0.755859 0.501302 0.753906 0.503906 0.752930 0.503906 0.749023 0.509115 0.748047 0.509115 0.747070 0.510417 0.745117 0.510417 0.744141 0.511719 0.742188 0.511719
0 0.723633 0.493490 0.720703 0.493490 0.719727 0.494792 0.717773 0.494792 0.716797 0.496094 0.713867 0.496094 0.712891 0.497396 0.709961 0.498698 0.701172 0.510417 0.701172 0.511719 0.700195 0.513021 0.700195 0.515625 0.699219 0.516927 0.699219 0.519531 0.701172 0.522135 0.702148 0.526042 0.706055 0.531250 0.707031 0.531250 0.708008 0.532552 0.709961 0.532552 0.710938 0.533854 0.712891 0.533854 0.715820 0.536458 0.721680 0.536458 0.722656 0.535156 0.723633 0.535156 0.724609 0.533854 0.725586 0.533854 0.726562 0.532552 0.729492 0.531250 0.731445 0.528646 0.732422 0.528646 0.735352 0.524740 0.735352 0.516927 0.734375 0.515625 0.734375 0.513021 0.733398 0.511719 0.733398 0.510417 0.731445 0.507812 0.731445 0.506510 0.727539 0.501302 0.726562 0.497396
0 0.685547 0.458333 0.684570 0.459635 0.683594 0.459635 0.682617 0.460938 0.682617 0.462240 0.678711 0.467448 0.672852 0.467448 0.671875 0.468750 0.671875 0.476562 0.672852 0.477865 0.673828 0.484375 0.679688 0.497396 0.679688 0.500000 0.680664 0.501302 0.680664 0.505208 0.681641 0.506510 0.681641 0.513021 0.682617 0.514323 0.682617 0.515625 0.683594 0.515625 0.690430 0.520833 0.693359 0.520833 0.694336 0.519531 0.695312 0.519531 0.699219 0.514323 0.699219 0.513021 0.702148 0.507812 0.702148 0.506510 0.703125 0.505208 0.704102 0.505208 0.708984 0.497396 0.708984 0.494792 0.709961 0.493490 0.709961 0.490885 0.710938 0.489583 0.710938 0.480469 0.709961 0.479167 0.709961 0.477865 0.707031 0.473958 0.706055 0.473958 0.705078 0.472656 0.705078 0.471354 0.704102 0.471354 0.699219 0.467448 0.697266 0.467448 0.689453 0.459635 0.688477 0.459635 0.687500 0.458333
0 0.642578 0.419271 0.640625 0.419271 0.639648 0.420573 0.633789 0.420573 0.628906 0.425781 0.628906 0.429688 0.629883 0.430990 0.629883 0.433594 0.630859 0.434896 0.630859 0.446615 0.629883 0.447917 0.629883 0.451823 0.628906 0.453125 0.628906 0.457031 0.627930 0.458333 0.627930 0.466146 0.630859 0.468750 0.644531 0.468750 0.645508 0.467448 0.647461 0.467448 0.654297 0.458333 0.654297 0.457031 0.656250 0.453125 0.656250 0.450521 0.657227 0.449219 0.657227 0.442708 0.656250 0.441406 0.656250 0.437500 0.655273 0.436198 0.655273 0.433594 0.654297 0.432292 0.654297 0.429688 0.653320 0.428385 0.652344 0.428385 0.649414 0.424479 0.648438 0.424479 0.646484 0.421875 0.645508 0.421875
0 0.634766 0.358073 0.633789 0.359375 0.633789 0.360677 0.630859 0.364583 0.630859 0.365885 0.629883 0.367188 0.628906 0.367188 0.628906 0.369792 0.627930 0.371094 0.628906 0.372396 0.628906 0.376302 0.629883 0.377604 0.629883 0.402344 0.634766 0.408854 0.639648 0.408854 0.640625 0.410156 0.646484 0.410156 0.647461 0.411458 0.655273 0.411458 0.656250 0.410156 0.658203 0.410156 0.662109 0.404948 0.662109 0.403646 0.665039 0.397135 0.665039 0.391927 0.666016 0.390625 0.666016 0.388021 0.665039 0.386719 0.665039 0.384115 0.664062 0.382812 0.664062 0.380208 0.663086 0.378906 0.662109 0.372396 0.660156 0.369792 0.660156 0.368490 0.655273 0.361979 0.654297 0.361979 0.653320 0.360677 0.651367 0.360677 0.650391 0.359375 0.648438 0.359375 0.647461 0.358073 0.645508 0.358073 0.644531 0.356771 0.637695 0.356771 0.636719 0.358073
0 0.666016 0.402344 0.662109 0.407552 0.661133 0.411458 0.658203 0.414062 0.659180 0.415365 0.659180 0.432292 0.660156 0.433594 0.660156 0.438802 0.661133 0.440104 0.661133 0.441406 0.662109 0.441406 0.666016 0.445312 0.669922 0.445312 0.670898 0.446615 0.672852 0.446615 0.673828 0.447917 0.676758 0.447917 0.677734 0.449219 0.680664 0.449219 0.681641 0.450521 0.684570 0.450521 0.685547 0.451823 0.686523 0.450521 0.689453 0.450521 0.691406 0.447917 0.692383 0.447917 0.696289 0.442708 0.696289 0.441406 0.698242 0.437500 0.698242 0.432292 0.699219 0.430990 0.699219 0.417969 0.700195 0.416667 0.700195 0.411458 0.698242 0.408854 0.689453 0.408854 0.688477 0.407552 0.683594 0.406250 0.678711 0.402344
0 0.706055 0.428385 0.700195 0.437500 0.700195 0.440104 0.696289 0.445312 0.696289 0.450521 0.697266 0.451823 0.697266 0.454427 0.701172 0.460938 0.702148 0.464844 0.706055 0.470052 0.707031 0.470052 0.710938 0.475260 0.710938 0.476562 0.711914 0.477865 0.712891 0.477865 0.713867 0.479167 0.715820 0.479167 0.716797 0.480469 0.719727 0.480469 0.720703 0.481771 0.721680 0.480469 0.724609 0.480469 0.725586 0.479167 0.728516 0.477865 0.739258 0.463542 0.739258 0.462240 0.740234 0.460938 0.740234 0.453125 0.739258 0.451823 0.739258 0.450521 0.738281 0.450521 0.737305 0.449219 0.733398 0.436198 0.731445 0.433594 0.730469 0.433594 0.727539 0.428385 0.726562 0.428385 0.725586 0.427083 0.723633 0.427083 0.722656 0.425781 0.716797 0.425781 0.715820 0.427083 0.710938 0.427083 0.709961 0.428385
0 0.743164 0.458333 0.740234 0.462240 0.740234 0.463542 0.738281 0.466146 0.738281 0.467448 0.737305 0.468750 0.736328 0.468750 0.727539 0.480469 0.722656 0.483073 0.722656 0.486979 0.723633 0.488281 0.725586 0.494792 0.727539 0.497396 0.728516 0.501302 0.731445 0.505208 0.740234 0.505208 0.742188 0.507812 0.747070 0.507812 0.750977 0.501302 0.751953 0.501302 0.755859 0.496094 0.756836 0.496094 0.758789 0.493490 0.759766 0.493490 0.759766 0.492188 0.761719 0.489583 0.761719 0.488281 0.762695 0.486979 0.762695 0.481771 0.761719 0.480469 0.760742 0.476562 0.751953 0.463542 0.751953 0.462240 0.749023 0.460938 0.748047 0.459635 0.748047 0.458333
0 0.775391 0.476562 0.775391 0.477865 0.774414 0.479167 0.774414 0.483073 0.773438 0.484375 0.773438 0.486979 0.774414 0.488281 0.774414 0.489583 0.775391 0.490885 0.775391 0.492188 0.776367 0.493490 0.778320 0.500000 0.779297 0.500000 0.780273 0.501302 0.783203 0.501302 0.790039 0.506510 0.791992 0.506510 0.792969 0.507812 0.794922 0.507812 0.795898 0.509115 0.802734 0.509115 0.803711 0.507812 0.805664 0.507812 0.810547 0.503906 0.810547 0.502604 0.812500 0.498698 0.812500 0.493490 0.813477 0.492188 0.813477 0.477865 0.811523 0.473958 0.811523 0.471354 0.809570 0.468750 0.809570 0.467448 0.808594 0.466146 0.806641 0.466146 0.805664 0.464844 0.792969 0.464844 0.791992 0.466146 0.790039 0.466146 0.789062 0.467448 0.787109 0.467448 0.786133 0.468750 0.781250 0.471354 0.779297 0.473958 0.779297 0.475260 0.778320 0.476562
0 0.848633 0.459635 0.847656 0.459635 0.844727 0.457031 0.842773 0.457031 0.839844 0.454427 0.837891 0.454427 0.831055 0.449219 0.828125 0.449219 0.827148 0.450521 0.827148 0.454427 0.825195 0.457031 0.823242 0.457031 0.821289 0.459635 0.820312 0.459635 0.816406 0.464844 0.816406 0.468750 0.815430 0.470052 0.815430 0.483073 0.816406 0.484375 0.816406 0.489583 0.817383 0.490885 0.818359 0.494792 0.821289 0.498698 0.826172 0.498698 0.827148 0.497396 0.833008 0.497396 0.833984 0.496094 0.837891 0.496094 0.838867 0.494792 0.841797 0.494792 0.842773 0.493490 0.843750 0.493490 0.845703 0.490885 0.848633 0.489583 0.850586 0.486979 0.850586 0.483073 0.851562 0.481771 0.851562 0.464844 0.849609 0.462240 0.849609 0.460938
0 0.797852 0.416667 0.796875 0.417969 0.796875 0.420573 0.797852 0.421875 0.797852 0.429688 0.796875 0.430990 0.796875 0.434896 0.795898 0.436198 0.795898 0.440104 0.794922 0.441406 0.794922 0.444010 0.793945 0.445312 0.793945 0.447917 0.792969 0.449219 0.792969 0.450521 0.798828 0.459635 0.799805 0.459635 0.801758 0.462240 0.804688 0.462240 0.805664 0.463542 0.810547 0.463542 0.813477 0.460938 0.815430 0.460938 0.816406 0.459635 0.819336 0.458333 0.822266 0.454427 0.822266 0.451823 0.823242 0.450521 0.824219 0.446615 0.826172 0.444010 0.826172 0.442708 0.827148 0.441406 0.827148 0.438802 0.829102 0.436198 0.829102 0.430990 0.826172 0.427083 0.825195 0.427083 0.822266 0.423177 0.821289 0.423177 0.817383 0.417969 0.816406 0.417969 0.815430 0.416667 0.813477 0.416667 0.810547 0.414062 0.806641 0.414062 0.801758 0.417969 0.800781 0.416667
0 0.780273 0.419271 0.772461 0.419271 0.770508 0.423177 0.770508 0.425781 0.769531 0.427083 0.768555 0.430990 0.767578 0.432292 0.766602 0.432292 0.764648 0.434896 0.763672 0.434896 0.760742 0.438802 0.760742 0.440104 0.759766 0.441406 0.752930 0.445312 0.752930 0.450521 0.753906 0.451823 0.753906 0.455729 0.754883 0.457031 0.755859 0.457031 0.764648 0.468750 0.766602 0.468750 0.767578 0.470052 0.775391 0.470052 0.776367 0.468750 0.781250 0.467448 0.782227 0.466146 0.783203 0.466146 0.789062 0.458333 0.789062 0.457031 0.791992 0.450521 0.791992 0.447917 0.792969 0.446615 0.792969 0.444010 0.794922 0.440104 0.794922 0.437500 0.793945 0.436198 0.793945 0.434896 0.792969 0.433594 0.791992 0.433594 0.786133 0.424479 0.785156 0.424479 0.782227 0.420573 0.781250 0.420573
0 0.743164 0.388021 0.742188 0.389323 0.739258 0.390625 0.739258 0.391927 0.736328 0.398438 0.737305 0.402344 0.736328 0.403646 0.736328 0.407552 0.735352 0.408854 0.735352 0.415365 0.734375 0.416667 0.734375 0.419271 0.729492 0.423177 0.732422 0.427083 0.732422 0.428385 0.734375 0.430990 0.734375 0.432292 0.737305 0.436198 0.738281 0.436198 0.743164 0.440104 0.746094 0.440104 0.747070 0.441406 0.750977 0.441406 0.751953 0.440104 0.755859 0.440104 0.756836 0.438802 0.758789 0.438802 0.760742 0.436198 0.761719 0.436198 0.765625 0.430990 0.766602 0.430990 0.768555 0.428385 0.768555 0.425781 0.769531 0.424479 0.769531 0.408854 0.767578 0.404948 0.767578 0.402344 0.765625 0.398438 0.763672 0.398438 0.762695 0.397135 0.759766 0.395833 0.755859 0.391927 0.751953 0.391927 0.747070 0.388021
0 0.676758 0.354167 0.676758 0.355469 0.673828 0.359375 0.673828 0.361979 0.669922 0.367188 0.668945 0.369792 0.668945 0.382812 0.670898 0.385417 0.671875 0.389323 0.673828 0.391927 0.676758 0.393229 0.680664 0.398438 0.680664 0.399740 0.684570 0.404948 0.686523 0.406250 0.701172 0.406250 0.702148 0.404948 0.705078 0.404948 0.708008 0.399740 0.708008 0.395833 0.710938 0.388021 0.710938 0.384115 0.711914 0.382812 0.711914 0.377604 0.712891 0.376302 0.712891 0.372396 0.713867 0.371094 0.713867 0.365885 0.712891 0.364583 0.708008 0.363281 0.706055 0.360677 0.705078 0.360677 0.699219 0.352865 0.697266 0.351562 0.694336 0.351562 0.690430 0.348958 0.687500 0.348958 0.685547 0.351562 0.681641 0.354167
0 0.638672 0.303385 0.633789 0.309896 0.633789 0.312500 0.631836 0.317708 0.631836 0.328125 0.630859 0.329427 0.631836 0.330729 0.631836 0.333333 0.633789 0.338542 0.637695 0.343750 0.647461 0.348958 0.650391 0.352865 0.654297 0.355469 0.666992 0.355469 0.669922 0.352865 0.671875 0.352865 0.673828 0.351562 0.677734 0.346354 0.678711 0.343750 0.678711 0.341146 0.679688 0.339844 0.679688 0.324219 0.678711 0.322917 0.678711 0.317708 0.677734 0.316406 0.676758 0.309896 0.672852 0.304688 0.670898 0.304688 0.669922 0.303385 0.665039 0.303385 0.664062 0.302083 0.659180 0.302083 0.658203 0.300781 0.654297 0.300781 0.653320 0.299479 0.652344 0.300781 0.644531 0.300781 0.643555 0.302083 0.640625 0.302083
0 0.712891 0.312500 0.711914 0.313802 0.710938 0.313802 0.710938 0.315104 0.708984 0.317708 0.708008 0.317708 0.706055 0.320312 0.705078 0.320312 0.700195 0.326823 0.700195 0.328125 0.698242 0.330729 0.697266 0.337240 0.698242 0.338542 0.698242 0.342448 0.699219 0.343750 0.699219 0.350260 0.704102 0.356771 0.707031 0.358073 0.710938 0.361979 0.713867 0.361979 0.714844 0.363281 0.720703 0.363281 0.721680 0.364583 0.725586 0.364583 0.726562 0.365885 0.728516 0.365885 0.729492 0.364583 0.732422 0.363281 0.732422 0.361979 0.734375 0.359375 0.734375 0.358073 0.741211 0.348958 0.742188 0.348958 0.742188 0.347656 0.743164 0.346354 0.743164 0.342448 0.744141 0.341146 0.744141 0.328125 0.742188 0.324219 0.741211 0.324219 0.739258 0.321615 0.738281 0.321615 0.736328 0.319010 0.735352 0.319010 0.732422 0.316406 0.729492 0.316406 0.728516 0.315104 0.726562 0.315104 0.725586 0.313802 0.722656 0.313802 0.721680 0.312500 0.717773 0.312500 0.716797 0.311198 0.715820 0.311198 0.714844 0.312500
0 0.748047 0.330729 0.747070 0.332031 0.747070 0.335938 0.746094 0.337240 0.746094 0.342448 0.745117 0.343750 0.745117 0.346354 0.735352 0.361979 0.735352 0.364583 0.734375 0.365885 0.734375 0.372396 0.735352 0.375000 0.744141 0.382812 0.746094 0.382812 0.747070 0.384115 0.752930 0.384115 0.753906 0.385417 0.770508 0.385417 0.773438 0.381510 0.774414 0.378906 0.774414 0.376302 0.775391 0.375000 0.775391 0.372396 0.779297 0.361979 0.779297 0.356771 0.781250 0.351562 0.781250 0.343750 0.780273 0.342448 0.780273 0.339844 0.775391 0.335938 0.773438 0.335938 0.772461 0.334635 0.768555 0.334635 0.764648 0.332031 0.760742 0.332031 0.759766 0.330729
0 0.783203 0.356771 0.782227 0.356771 0.780273 0.359375 0.780273 0.360677 0.779297 0.361979 0.779297 0.364583 0.778320 0.365885 0.778320 0.368490 0.776367 0.372396 0.776367 0.375000 0.775391 0.376302 0.773438 0.382812 0.769531 0.388021 0.769531 0.391927 0.768555 0.393229 0.768555 0.399740 0.769531 0.401042 0.769531 0.404948 0.773438 0.410156 0.775391 0.410156 0.776367 0.411458 0.786133 0.411458 0.788086 0.408854 0.789062 0.408854 0.790039 0.407552 0.791016 0.407552 0.792969 0.404948 0.793945 0.404948 0.796875 0.401042 0.796875 0.399740 0.797852 0.398438 0.797852 0.397135 0.799805 0.394531 0.799805 0.391927 0.801758 0.388021 0.801758 0.377604 0.800781 0.376302 0.800781 0.375000 0.798828 0.372396 0.798828 0.371094 0.795898 0.367188 0.795898 0.365885 0.794922 0.364583 0.793945 0.364583 0.792969 0.363281 0.791992 0.363281 0.791016 0.361979 0.790039 0.361979
0 0.777344 0.299479 0.774414 0.302083 0.773438 0.305990 0.771484 0.308594 0.771484 0.309896 0.769531 0.313802 0.769531 0.316406 0.766602 0.320312 0.766602 0.324219 0.765625 0.325521 0.765625 0.329427 0.766602 0.330729 0.766602 0.332031 0.768555 0.332031 0.769531 0.333333 0.772461 0.333333 0.775391 0.335938 0.777344 0.335938 0.781250 0.341146 0.781250 0.343750 0.782227 0.345052 0.782227 0.348958 0.783203 0.350260 0.786133 0.350260 0.787109 0.348958 0.789062 0.348958 0.790039 0.347656 0.791992 0.347656 0.795898 0.339844 0.795898 0.335938 0.796875 0.334635 0.796875 0.313802 0.794922 0.309896 0.794922 0.307292 0.791992 0.303385 0.790039 0.303385 0.789062 0.302083 0.786133 0.302083 0.785156 0.300781 0.780273 0.300781 0.779297 0.299479
0 0.767578 0.272135 0.755859 0.272135 0.752930 0.276042 0.750000 0.277344 0.746094 0.281250 0.744141 0.281250 0.743164 0.282552 0.735352 0.282552 0.734375 0.283854 0.733398 0.283854 0.728516 0.290365 0.728516 0.292969 0.727539 0.294271 0.727539 0.303385 0.728516 0.304688 0.730469 0.311198 0.731445 0.311198 0.735352 0.316406 0.736328 0.316406 0.743164 0.324219 0.750977 0.324219 0.751953 0.322917 0.756836 0.322917 0.757812 0.321615 0.764648 0.320312 0.767578 0.316406 0.767578 0.315104 0.773438 0.300781 0.773438 0.296875 0.774414 0.295573 0.774414 0.287760 0.773438 0.286458 0.773438 0.283854 0.772461 0.282552 0.771484 0.278646 0.767578 0.273438
0 0.668945 0.287760 0.668945 0.294271 0.670898 0.296875 0.672852 0.303385 0.673828 0.303385 0.677734 0.308594 0.678711 0.311198 0.678711 0.313802 0.681641 0.317708 0.690430 0.317708 0.691406 0.319010 0.698242 0.319010 0.699219 0.317708 0.701172 0.317708 0.703125 0.316406 0.705078 0.313802 0.708984 0.311198 0.711914 0.307292 0.714844 0.305990 0.716797 0.302083 0.716797 0.295573 0.715820 0.294271 0.715820 0.286458 0.712891 0.278646 0.712891 0.276042 0.709961 0.270833 0.703125 0.270833 0.702148 0.269531 0.698242 0.269531 0.697266 0.268229 0.689453 0.268229 0.688477 0.266927 0.681641 0.266927 0.679688 0.268229 0.671875 0.278646 0.669922 0.283854 0.669922 0.286458
0 0.629883 0.251302 0.629883 0.257812 0.630859 0.259115 0.630859 0.265625 0.631836 0.266927 0.631836 0.268229 0.630859 0.269531 0.630859 0.276042 0.629883 0.277344 0.629883 0.282552 0.632812 0.287760 0.632812 0.289062 0.634766 0.291667 0.634766 0.292969 0.638672 0.298177 0.640625 0.298177 0.641602 0.299479 0.642578 0.299479 0.643555 0.298177 0.646484 0.298177 0.647461 0.296875 0.653320 0.296875 0.654297 0.295573 0.656250 0.295573 0.665039 0.283854 0.665039 0.282552 0.666016 0.281250 0.666016 0.266927 0.665039 0.265625 0.665039 0.263021 0.664062 0.261719 0.662109 0.255208 0.659180 0.251302 0.647461 0.251302 0.646484 0.250000 0.641602 0.250000 0.640625 0.248698 0.633789 0.248698 0.632812 0.250000
0 0.635742 0.194010 0.632812 0.197917 0.632812 0.199219 0.628906 0.204427 0.626953 0.205729 0.626953 0.208333 0.623047 0.214844 0.623047 0.225260 0.624023 0.226562 0.624023 0.229167 0.625000 0.230469 0.625977 0.235677 0.631836 0.244792 0.633789 0.244792 0.634766 0.246094 0.642578 0.247396 0.643555 0.248698 0.648438 0.248698 0.649414 0.250000 0.652344 0.250000 0.653320 0.248698 0.663086 0.248698 0.666992 0.238281 0.668945 0.235677 0.670898 0.230469 0.671875 0.223958 0.672852 0.222656 0.672852 0.217448 0.673828 0.216146 0.673828 0.204427 0.671875 0.199219 0.666992 0.194010 0.665039 0.194010 0.664062 0.192708 0.660156 0.192708 0.659180 0.191406 0.647461 0.191406 0.646484 0.192708 0.643555 0.192708 0.642578 0.191406 0.641602 0.192708
0 0.677734 0.207031 0.675781 0.209635 0.675781 0.214844 0.674805 0.216146 0.674805 0.220052 0.673828 0.221354 0.672852 0.230469 0.670898 0.235677 0.670898 0.240885 0.669922 0.242188 0.670898 0.243490 0.670898 0.247396 0.667969 0.251302 0.667969 0.252604 0.671875 0.257812 0.675781 0.260417 0.677734 0.260417 0.678711 0.261719 0.682617 0.261719 0.683594 0.263021 0.692383 0.263021 0.693359 0.264323 0.699219 0.264323 0.700195 0.263021 0.700195 0.260417 0.701172 0.257812 0.707031 0.251302 0.708984 0.246094 0.708984 0.243490 0.710938 0.238281 0.710938 0.234375 0.713867 0.227865 0.713867 0.220052 0.709961 0.214844 0.707031 0.213542 0.705078 0.210938 0.703125 0.209635 0.700195 0.209635 0.696289 0.207031 0.686523 0.207031 0.685547 0.205729 0.680664 0.205729 0.679688 0.207031
0 0.710938 0.252604 0.711914 0.253906 0.711914 0.264323 0.712891 0.265625 0.712891 0.269531 0.713867 0.270833 0.713867 0.273438 0.716797 0.281250 0.718750 0.282552 0.730469 0.282552 0.731445 0.281250 0.734375 0.281250 0.735352 0.279948 0.745117 0.279948 0.749023 0.277344 0.751953 0.273438 0.752930 0.273438 0.758789 0.264323 0.761719 0.256510 0.761719 0.240885 0.759766 0.238281 0.756836 0.230469 0.725586 0.230469 0.724609 0.231771 0.721680 0.231771 0.720703 0.233073 0.720703 0.234375 0.717773 0.238281 0.716797 0.242188 0.713867 0.246094 0.712891 0.250000
0 0.532227 0.236979 0.530273 0.238281 0.526367 0.243490 0.520508 0.247396 0.518555 0.247396 0.516602 0.251302 0.516602 0.257812 0.515625 0.259115 0.515625 0.264323 0.514648 0.265625 0.514648 0.269531 0.513672 0.270833 0.513672 0.277344 0.514648 0.278646 0.514648 0.282552 0.518555 0.287760 0.518555 0.289062 0.520508 0.291667 0.521484 0.291667 0.528320 0.300781 0.537109 0.300781 0.539062 0.298177 0.541992 0.296875 0.545898 0.291667 0.549805 0.289062 0.556641 0.279948 0.558594 0.272135 0.557617 0.270833 0.557617 0.266927 0.556641 0.265625 0.556641 0.263021 0.553711 0.255208 0.550781 0.251302 0.550781 0.250000 0.548828 0.247396 0.542969 0.244792 0.538086 0.239583
