0 0.435547 0.264323 0.434570 0.265625 0.433594 0.265625 0.432617 0.266927 0.429688 0.268229 0.427734 0.270833 0.426758 0.270833 0.423828 0.274740 0.422852 0.274740 0.418945 0.279948 0.417969 0.279948 0.415039 0.283854 0.415039 0.286458 0.414062 0.287760 0.414062 0.289062 0.416016 0.292969 0.416016 0.295573 0.416992 0.296875 0.416992 0.298177 0.417969 0.299479 0.420898 0.300781 0.424805 0.305990 0.425781 0.305990 0.428711 0.309896 0.435547 0.309896 0.435547 0.308594 0.436523 0.307292 0.437500 0.307292 0.438477 0.305990 0.441406 0.304688 0.446289 0.298177 0.447266 0.298177 0.449219 0.295573 0.449219 0.286458 0.450195 0.285156 0.450195 0.279948 0.448242 0.277344 0.447266 0.277344 0.444336 0.273438 0.444336 0.272135 0.443359 0.270833 0.442383 0.270833 0.440430 0.268229 0.439453 0.268229 0.437500 0.265625 0.436523 0.265625
0 0.262695 0.329427 0.261719 0.330729 0.259766 0.330729 0.258789 0.332031 0.256836 0.332031 0.255859 0.333333 0.252930 0.334635 0.250977 0.337240 0.250000 0.337240 0.246094 0.343750 0.244141 0.351562 0.245117 0.352865 0.245117 0.354167 0.247070 0.356771 0.247070 0.358073 0.249023 0.360677 0.249023 0.361979 0.250977 0.364583 0.251953 0.364583 0.252930 0.365885 0.252930 0.367188 0.255859 0.371094 0.255859 0.372396 0.257812 0.375000 0.259766 0.375000 0.260742 0.376302 0.266602 0.376302 0.267578 0.375000 0.270508 0.375000 0.271484 0.373698 0.273438 0.373698 0.274414 0.372396 0.275391 0.372396 0.279297 0.367188 0.279297 0.363281 0.280273 0.361979 0.280273 0.355469 0.281250 0.354167 0.281250 0.345052 0.280273 0.343750 0.279297 0.339844 0.278320 0.339844 0.273438 0.333333 0.272461 0.333333 0.270508 0.330729 0.268555 0.330729 0.267578 0.329427
0 0.083984 0.628906 0.080078 0.628906 0.079102 0.630208 0.078125 0.630208 0.077148 0.631510 0.075195 0.631510 0.070312 0.635417 0.067383 0.635417 0.066406 0.636719 0.063477 0.636719 0.063477 0.638021 0.060547 0.641927 0.060547 0.644531 0.059570 0.645833 0.059570 0.648438 0.058594 0.649740 0.058594 0.652344 0.057617 0.653646 0.057617 0.654948 0.058594 0.656250 0.058594 0.658854 0.063477 0.665365 0.064453 0.665365 0.072266 0.675781 0.073242 0.675781 0.075195 0.678385 0.080078 0.678385 0.081055 0.677083 0.083008 0.677083 0.083984 0.675781 0.086914 0.674479 0.091797 0.667969 0.092773 0.667969 0.092773 0.666667 0.093750 0.665365 0.093750 0.660156 0.094727 0.658854 0.094727 0.657552 0.097656 0.653646 0.097656 0.651042 0.098633 0.649740 0.098633 0.647135 0.096680 0.644531 0.096680 0.643229 0.095703 0.641927 0.095703 0.638021 0.094727 0.636719 0.093750 0.636719 0.092773 0.638021 0.090820 0.638021 0.089844 0.636719 0.089844 0.635417 0.087891 0.635417 0.086914 0.634115 0.085938 0.634115 0.083984 0.631510
0 0.103516 0.571615 0.095703 0.571615 0.092773 0.574219 0.090820 0.574219 0.089844 0.575521 0.086914 0.575521 0.085938 0.576823 0.083984 0.576823 0.081055 0.579427 0.079102 0.579427 0.077148 0.582031 0.077148 0.584635 0.074219 0.591146 0.074219 0.605469 0.075195 0.606771 0.077148 0.606771 0.078125 0.608073 0.079102 0.608073 0.081055 0.610677 0.083984 0.611979 0.087891 0.617188 0.088867 0.617188 0.091797 0.619792 0.096680 0.619792 0.097656 0.618490 0.099609 0.618490 0.100586 0.617188 0.101562 0.617188 0.103516 0.614583 0.104492 0.614583 0.108398 0.609375 0.108398 0.608073 0.109375 0.606771 0.109375 0.604167 0.110352 0.602865 0.110352 0.596354 0.111328 0.595052 0.111328 0.592448 0.112305 0.591146 0.112305 0.584635 0.111328 0.583333 0.111328 0.578125 0.109375 0.575521 0.108398 0.575521
0 0.123047 0.580729 0.117188 0.587240 0.117188 0.593750 0.116211 0.595052 0.116211 0.605469 0.117188 0.606771 0.117188 0.610677 0.118164 0.611979 0.118164 0.618490 0.119141 0.619792 0.119141 0.622396 0.122070 0.625000 0.125977 0.625000 0.126953 0.626302 0.136719 0.626302 0.137695 0.625000 0.139648 0.625000 0.140625 0.623698 0.143555 0.622396 0.144531 0.621094 0.144531 0.618490 0.147461 0.614583 0.147461 0.611979 0.148438 0.610677 0.148438 0.605469 0.151367 0.601562 0.153320 0.601562 0.154297 0.600260 0.154297 0.597656 0.155273 0.596354 0.153320 0.592448 0.153320 0.589844 0.152344 0.589844 0.151367 0.588542 0.150391 0.584635 0.146484 0.579427 0.125977 0.579427 0.125000 0.580729
0 0.112305 0.610677 0.110352 0.613281 0.109375 0.617188 0.106445 0.621094 0.106445 0.622396 0.105469 0.623698 0.105469 0.626302 0.104492 0.627604 0.104492 0.630208 0.103516 0.631510 0.103516 0.634115 0.102539 0.635417 0.102539 0.639323 0.103516 0.640625 0.103516 0.644531 0.104492 0.645833 0.104492 0.648438 0.106445 0.651042 0.106445 0.652344 0.107422 0.652344 0.109375 0.654948 0.110352 0.654948 0.115234 0.658854 0.120117 0.658854 0.121094 0.660156 0.125000 0.660156 0.125977 0.658854 0.127930 0.658854 0.130859 0.656250 0.132812 0.656250 0.134766 0.653646 0.134766 0.652344 0.137695 0.648438 0.137695 0.647135 0.138672 0.645833 0.138672 0.643229 0.137695 0.641927 0.137695 0.639323 0.135742 0.636719 0.135742 0.635417 0.130859 0.628906 0.129883 0.628906 0.128906 0.627604 0.125977 0.627604 0.125000 0.626302 0.121094 0.626302 0.119141 0.623698 0.119141 0.622396 0.117188 0.618490 0.117188 0.611979 0.116211 0.610677 0.116211 0.609375 0.114258 0.609375 0.113281 0.610677
0 0.150391 0.661458 0.145508 0.661458 0.144531 0.660156 0.138672 0.660156 0.135742 0.662760 0.133789 0.662760 0.132812 0.664062 0.129883 0.664062 0.128906 0.665365 0.124023 0.666667 0.119141 0.671875 0.119141 0.673177 0.118164 0.674479 0.118164 0.686198 0.117188 0.687500 0.117188 0.690104 0.118164 0.691406 0.118164 0.700521 0.119141 0.701823 0.119141 0.704427 0.120117 0.705729 0.125000 0.708333 0.126953 0.710938 0.131836 0.710938 0.132812 0.709635 0.135742 0.709635 0.136719 0.708333 0.139648 0.708333 0.142578 0.705729 0.147461 0.704427 0.151367 0.700521 0.153320 0.700521 0.154297 0.699219 0.150391 0.694010 0.150391 0.688802 0.151367 0.687500 0.151367 0.678385 0.148438 0.674479 0.148438 0.667969 0.152344 0.664062
0 0.114258 0.678385 0.111328 0.678385 0.108398 0.675781 0.105469 0.675781 0.104492 0.677083 0.102539 0.677083 0.101562 0.678385 0.098633 0.678385 0.097656 0.679688 0.095703 0.679688 0.092773 0.682292 0.090820 0.682292 0.089844 0.683594 0.088867 0.683594 0.083984 0.690104 0.083984 0.691406 0.083008 0.692708 0.083008 0.696615 0.083984 0.697917 0.083984 0.701823 0.084961 0.703125 0.084961 0.705729 0.085938 0.707031 0.085938 0.710938 0.086914 0.712240 0.086914 0.714844 0.087891 0.716146 0.087891 0.718750 0.090820 0.722656 0.091797 0.722656 0.092773 0.723958 0.101562 0.723958 0.102539 0.722656 0.106445 0.722656 0.107422 0.721354 0.110352 0.720052 0.117188 0.710938 0.117188 0.709635 0.118164 0.708333 0.118164 0.703125 0.116211 0.699219 0.116211 0.687500 0.114258 0.683594 0.114258 0.680990 0.115234 0.679688
0 0.140625 0.713542 0.137695 0.713542 0.136719 0.712240 0.133789 0.712240 0.130859 0.714844 0.126953 0.714844 0.124023 0.717448 0.122070 0.717448 0.117188 0.723958 0.117188 0.725260 0.115234 0.729167 0.115234 0.733073 0.114258 0.734375 0.114258 0.742188 0.115234 0.743490 0.115234 0.746094 0.116211 0.747396 0.116211 0.748698 0.120117 0.753906 0.121094 0.753906 0.123047 0.756510 0.123047 0.757812 0.124023 0.757812 0.125000 0.759115 0.129883 0.759115 0.130859 0.757812 0.132812 0.757812 0.135742 0.755208 0.137695 0.755208 0.138672 0.753906 0.139648 0.753906 0.141602 0.751302 0.142578 0.751302 0.149414 0.742188 0.149414 0.740885 0.151367 0.736979 0.151367 0.734375 0.150391 0.733073 0.150391 0.727865 0.149414 0.726562 0.149414 0.723958 0.148438 0.722656 0.148438 0.721354 0.145508 0.717448 0.142578 0.716146
0 0.156250 0.750000 0.153320 0.750000 0.152344 0.751302 0.149414 0.751302 0.148438 0.752604 0.145508 0.753906 0.143555 0.756510 0.136719 0.760417 0.132812 0.765625 0.131836 0.765625 0.130859 0.766927 0.130859 0.776042 0.129883 0.777344 0.129883 0.782552 0.131836 0.785156 0.132812 0.785156 0.134766 0.787760 0.135742 0.787760 0.139648 0.792969 0.144531 0.794271 0.147461 0.798177 0.148438 0.798177 0.149414 0.799479 0.151367 0.799479 0.152344 0.800781 0.157227 0.799479 0.162109 0.794271 0.165039 0.792969 0.169922 0.786458 0.169922 0.785156 0.170898 0.783854 0.170898 0.774740 0.171875 0.773438 0.171875 0.766927 0.169922 0.764323 0.168945 0.760417 0.160156 0.753906 0.158203 0.753906 0.156250 0.751302
0 0.160156 0.704427 0.158203 0.707031 0.158203 0.708333 0.157227 0.709635 0.157227 0.712240 0.155273 0.716146 0.155273 0.718750 0.154297 0.720052 0.154297 0.723958 0.153320 0.725260 0.153320 0.727865 0.154297 0.729167 0.154297 0.731771 0.155273 0.733073 0.155273 0.734375 0.157227 0.736979 0.158203 0.736979 0.161133 0.739583 0.163086 0.739583 0.164062 0.740885 0.167969 0.740885 0.168945 0.742188 0.176758 0.742188 0.177734 0.740885 0.180664 0.739583 0.181641 0.738281 0.182617 0.734375 0.184570 0.731771 0.184570 0.730469 0.185547 0.729167 0.185547 0.725260 0.187500 0.721354 0.187500 0.714844 0.186523 0.713542 0.185547 0.709635 0.181641 0.704427 0.180664 0.704427 0.178711 0.701823 0.177734 0.701823 0.176758 0.700521 0.174805 0.700521 0.173828 0.699219 0.171875 0.699219 0.170898 0.700521 0.167969 0.700521 0.166992 0.701823 0.165039 0.701823 0.162109 0.704427
0 0.199219 0.658854 0.197266 0.658854 0.196289 0.657552 0.195312 0.658854 0.184570 0.658854 0.182617 0.661458 0.181641 0.661458 0.181641 0.662760 0.177734 0.667969 0.176758 0.671875 0.173828 0.675781 0.173828 0.677083 0.172852 0.678385 0.172852 0.680990 0.171875 0.682292 0.171875 0.688802 0.176758 0.697917 0.179688 0.699219 0.181641 0.701823 0.182617 0.701823 0.185547 0.704427 0.199219 0.704427 0.201172 0.701823 0.201172 0.700521 0.205078 0.695312 0.205078 0.692708 0.206055 0.691406 0.206055 0.688802 0.207031 0.687500 0.207031 0.686198 0.208984 0.683594 0.208984 0.674479 0.206055 0.670573 0.206055 0.667969
0 0.187500 0.621094 0.185547 0.621094 0.184570 0.619792 0.182617 0.619792 0.181641 0.618490 0.178711 0.618490 0.177734 0.619792 0.168945 0.619792 0.167969 0.621094 0.166992 0.621094 0.166016 0.622396 0.165039 0.622396 0.164062 0.623698 0.159180 0.626302 0.156250 0.630208 0.156250 0.631510 0.153320 0.638021 0.153320 0.648438 0.154297 0.649740 0.154297 0.653646 0.155273 0.654948 0.155273 0.656250 0.157227 0.658854 0.157227 0.660156 0.161133 0.666667 0.166016 0.666667 0.166992 0.665365 0.169922 0.665365 0.170898 0.664062 0.171875 0.664062 0.172852 0.662760 0.173828 0.662760 0.174805 0.661458 0.179688 0.658854 0.181641 0.656250 0.182617 0.656250 0.184570 0.653646 0.187500 0.652344 0.192383 0.647135 0.192383 0.639323 0.193359 0.638021 0.193359 0.631510 0.190430 0.627604 0.189453 0.623698
0 0.194336 0.766927 0.192383 0.766927 0.191406 0.768229 0.189453 0.768229 0.188477 0.769531 0.186523 0.769531 0.185547 0.770833 0.184570 0.770833 0.183594 0.769531 0.179688 0.769531 0.178711 0.770833 0.178711 0.777344 0.172852 0.790365 0.172852 0.799479 0.173828 0.800781 0.174805 0.804688 0.176758 0.807292 0.176758 0.808594 0.177734 0.808594 0.181641 0.813802 0.182617 0.813802 0.183594 0.815104 0.186523 0.815104 0.187500 0.816406 0.197266 0.816406 0.198242 0.815104 0.200195 0.815104 0.201172 0.813802 0.201172 0.811198 0.202148 0.809896 0.202148 0.805990 0.203125 0.804688 0.203125 0.802083 0.206055 0.798177 0.206055 0.795573 0.208008 0.791667 0.208008 0.787760 0.208984 0.786458 0.208984 0.782552 0.208008 0.781250 0.208008 0.779948 0.200195 0.769531 0.198242 0.769531 0.197266 0.768229 0.195312 0.768229
0 0.196289 0.712240 0.191406 0.718750 0.191406 0.720052 0.188477 0.723958 0.188477 0.725260 0.186523 0.727865 0.186523 0.729167 0.183594 0.735677 0.183594 0.739583 0.182617 0.740885 0.183594 0.742188 0.183594 0.743490 0.184570 0.744792 0.184570 0.746094 0.185547 0.747396 0.186523 0.751302 0.188477 0.753906 0.189453 0.753906 0.192383 0.756510 0.202148 0.756510 0.203125 0.757812 0.204102 0.757812 0.205078 0.756510 0.207031 0.756510 0.209961 0.752604 0.209961 0.751302 0.212891 0.747396 0.212891 0.746094 0.216797 0.740885 0.216797 0.739583 0.217773 0.738281 0.217773 0.733073 0.218750 0.731771 0.217773 0.730469 0.217773 0.727865 0.215820 0.725260 0.215820 0.723958 0.212891 0.720052 0.212891 0.718750 0.211914 0.717448 0.208984 0.716146 0.207031 0.713542 0.206055 0.713542 0.205078 0.712240
0 0.238281 0.675781 0.232422 0.675781 0.231445 0.677083 0.228516 0.677083 0.227539 0.678385 0.224609 0.678385 0.223633 0.679688 0.221680 0.679688 0.220703 0.680990 0.216797 0.680990 0.215820 0.682292 0.213867 0.682292 0.212891 0.683594 0.211914 0.683594 0.208008 0.688802 0.208008 0.691406 0.207031 0.692708 0.207031 0.701823 0.208008 0.703125 0.208008 0.707031 0.209961 0.709635 0.210938 0.713542 0.212891 0.716146 0.213867 0.716146 0.215820 0.718750 0.218750 0.720052 0.220703 0.722656 0.222656 0.722656 0.223633 0.723958 0.227539 0.723958 0.228516 0.722656 0.233398 0.720052 0.241211 0.709635 0.242188 0.709635 0.243164 0.708333 0.243164 0.707031 0.244141 0.705729 0.244141 0.691406 0.243164 0.690104 0.243164 0.688802 0.244141 0.687500 0.244141 0.682292 0.242188 0.678385 0.241211 0.678385
0 0.223633 0.626302 0.219727 0.626302 0.218750 0.627604 0.213867 0.627604 0.212891 0.628906 0.210938 0.628906 0.209961 0.630208 0.208008 0.630208 0.207031 0.631510 0.206055 0.631510 0.200195 0.639323 0.200195 0.640625 0.199219 0.641927 0.199219 0.645833 0.198242 0.647135 0.198242 0.649740 0.199219 0.651042 0.199219 0.654948 0.200195 0.656250 0.200195 0.657552 0.204102 0.662760 0.204102 0.664062 0.205078 0.664062 0.206055 0.665365 0.206055 0.666667 0.210938 0.673177 0.214844 0.673177 0.215820 0.671875 0.216797 0.671875 0.217773 0.673177 0.225586 0.673177 0.226562 0.671875 0.229492 0.671875 0.230469 0.670573 0.232422 0.670573 0.233398 0.669271 0.234375 0.669271 0.237305 0.662760 0.237305 0.653646 0.236328 0.652344 0.236328 0.643229 0.235352 0.641927 0.235352 0.636719
0 0.156250 0.580729 0.156250 0.583333 0.155273 0.584635 0.155273 0.587240 0.156250 0.588542 0.156250 0.592448 0.161133 0.598958 0.162109 0.598958 0.163086 0.600260 0.163086 0.601562 0.166016 0.605469 0.167969 0.605469 0.170898 0.608073 0.173828 0.608073 0.174805 0.609375 0.181641 0.609375 0.182617 0.608073 0.188477 0.608073 0.189453 0.606771 0.193359 0.606771 0.193359 0.605469 0.194336 0.604167 0.194336 0.598958 0.195312 0.597656 0.195312 0.595052 0.196289 0.593750 0.200195 0.582031 0.202148 0.579427 0.202148 0.574219 0.199219 0.570312 0.196289 0.570312 0.195312 0.569010 0.193359 0.569010 0.192383 0.567708 0.190430 0.567708 0.189453 0.566406 0.182617 0.566406 0.181641 0.565104 0.171875 0.565104 0.170898 0.566406 0.167969 0.567708 0.167969 0.569010 0.166016 0.571615 0.165039 0.571615 0.163086 0.574219 0.162109 0.574219 0.160156 0.576823 0.159180 0.576823
0 0.207031 0.578125 0.205078 0.580729 0.204102 0.580729 0.204102 0.582031 0.202148 0.584635 0.202148 0.585938 0.199219 0.589844 0.199219 0.591146 0.197266 0.593750 0.197266 0.597656 0.196289 0.598958 0.196289 0.610677 0.201172 0.617188 0.201172 0.618490 0.202148 0.618490 0.205078 0.622396 0.206055 0.622396 0.208008 0.625000 0.209961 0.625000 0.210938 0.626302 0.212891 0.626302 0.213867 0.625000 0.217773 0.625000 0.218750 0.623698 0.220703 0.623698 0.222656 0.621094 0.223633 0.617188 0.225586 0.614583 0.225586 0.613281 0.226562 0.611979 0.226562 0.593750 0.227539 0.592448 0.227539 0.585938 0.224609 0.582031 0.223633 0.582031 0.218750 0.578125
0 0.143555 0.527344 0.142578 0.528646 0.140625 0.528646 0.139648 0.529948 0.137695 0.529948 0.136719 0.531250 0.135742 0.531250 0.135742 0.532552 0.133789 0.535156 0.133789 0.536458 0.131836 0.540365 0.131836 0.542969 0.130859 0.544271 0.130859 0.546875 0.129883 0.548177 0.129883 0.549479 0.130859 0.550781 0.130859 0.553385 0.139648 0.566406 0.139648 0.567708 0.145508 0.575521 0.152344 0.575521 0.153320 0.574219 0.155273 0.574219 0.156250 0.572917 0.157227 0.572917 0.166016 0.562500 0.166016 0.559896 0.168945 0.553385 0.168945 0.546875 0.167969 0.545573 0.167969 0.542969 0.169922 0.539062 0.168945 0.537760 0.167969 0.537760 0.164062 0.532552 0.162109 0.532552 0.161133 0.531250 0.159180 0.531250 0.158203 0.529948 0.156250 0.529948 0.153320 0.527344
0 0.094727 0.502604 0.091797 0.506510 0.091797 0.515625 0.092773 0.516927 0.091797 0.518229 0.091797 0.529948 0.092773 0.531250 0.092773 0.537760 0.093750 0.539062 0.093750 0.540365 0.095703 0.542969 0.097656 0.542969 0.098633 0.544271 0.101562 0.545573 0.103516 0.548177 0.107422 0.548177 0.108398 0.549479 0.112305 0.549479 0.113281 0.550781 0.119141 0.550781 0.123047 0.546875 0.124023 0.546875 0.127930 0.541667 0.127930 0.540365 0.129883 0.536458 0.130859 0.529948 0.131836 0.528646 0.131836 0.527344 0.129883 0.524740 0.129883 0.518229 0.128906 0.516927 0.128906 0.513021 0.125000 0.509115 0.124023 0.509115 0.121094 0.506510 0.119141 0.506510 0.118164 0.505208 0.115234 0.503906 0.111328 0.500000 0.106445 0.500000 0.105469 0.498698 0.101562 0.498698 0.100586 0.500000 0.098633 0.500000 0.097656 0.501302
0 0.115234 0.459635 0.112305 0.463542 0.112305 0.464844 0.111328 0.466146 0.111328 0.470052 0.110352 0.471354 0.110352 0.485677 0.111328 0.486979 0.111328 0.490885 0.112305 0.492188 0.112305 0.493490 0.116211 0.498698 0.117188 0.498698 0.118164 0.500000 0.120117 0.500000 0.121094 0.501302 0.122070 0.501302 0.123047 0.502604 0.125000 0.502604 0.125977 0.503906 0.131836 0.503906 0.132812 0.502604 0.134766 0.502604 0.135742 0.501302 0.137695 0.501302 0.140625 0.497396 0.140625 0.496094 0.146484 0.488281 0.146484 0.486979 0.147461 0.485677 0.147461 0.475260 0.144531 0.468750 0.144531 0.466146 0.141602 0.462240 0.141602 0.460938 0.140625 0.460938 0.139648 0.459635 0.137695 0.459635 0.136719 0.458333 0.132812 0.458333 0.131836 0.457031 0.119141 0.457031 0.118164 0.458333
0 0.146484 0.419271 0.145508 0.420573 0.144531 0.420573 0.140625 0.425781 0.140625 0.427083 0.138672 0.429688 0.138672 0.430990 0.137695 0.432292 0.137695 0.434896 0.135742 0.437500 0.135742 0.438802 0.134766 0.440104 0.134766 0.442708 0.133789 0.444010 0.134766 0.445312 0.134766 0.446615 0.137695 0.450521 0.137695 0.451823 0.140625 0.458333 0.141602 0.458333 0.143555 0.460938 0.144531 0.460938 0.146484 0.463542 0.146484 0.464844 0.147461 0.464844 0.148438 0.466146 0.152344 0.466146 0.153320 0.464844 0.154297 0.464844 0.155273 0.463542 0.156250 0.463542 0.161133 0.459635 0.161133 0.454427 0.162109 0.453125 0.162109 0.446615 0.164062 0.444010 0.164062 0.442708 0.166016 0.440104 0.166992 0.440104 0.167969 0.438802 0.167969 0.434896 0.164062 0.429688 0.164062 0.428385 0.162109 0.425781 0.162109 0.424479 0.161133 0.424479 0.158203 0.420573 0.153320 0.420573 0.152344 0.419271
0 0.156250 0.480469 0.155273 0.481771 0.154297 0.481771 0.151367 0.485677 0.150391 0.485677 0.149414 0.486979 0.149414 0.488281 0.145508 0.493490 0.145508 0.496094 0.144531 0.497396 0.144531 0.500000 0.143555 0.501302 0.143555 0.503906 0.144531 0.505208 0.144531 0.511719 0.143555 0.513021 0.143555 0.516927 0.146484 0.519531 0.148438 0.519531 0.149414 0.520833 0.151367 0.520833 0.156250 0.524740 0.159180 0.524740 0.160156 0.526042 0.166016 0.526042 0.166992 0.524740 0.168945 0.524740 0.169922 0.523438 0.172852 0.523438 0.173828 0.522135 0.173828 0.520833 0.175781 0.516927 0.175781 0.514323 0.176758 0.513021 0.176758 0.489583 0.174805 0.486979 0.171875 0.485677 0.168945 0.481771 0.167969 0.481771 0.166992 0.480469 0.162109 0.480469 0.161133 0.479167 0.160156 0.480469
0 0.188477 0.432292 0.186523 0.432292 0.185547 0.433594 0.183594 0.433594 0.182617 0.434896 0.176758 0.434896 0.175781 0.436198 0.172852 0.436198 0.171875 0.437500 0.169922 0.437500 0.166016 0.442708 0.165039 0.442708 0.165039 0.444010 0.163086 0.447917 0.163086 0.458333 0.164062 0.459635 0.164062 0.462240 0.165039 0.463542 0.165039 0.466146 0.167969 0.472656 0.167969 0.475260 0.169922 0.479167 0.171875 0.479167 0.172852 0.480469 0.181641 0.480469 0.182617 0.479167 0.188477 0.479167 0.189453 0.477865 0.190430 0.477865 0.195312 0.471354 0.196289 0.471354 0.196289 0.470052 0.199219 0.466146 0.199219 0.464844 0.201172 0.460938 0.201172 0.450521 0.200195 0.449219 0.197266 0.447917 0.195312 0.445312 0.195312 0.444010 0.190430 0.437500 0.190430 0.436198
0 0.181641 0.382812 0.175781 0.382812 0.174805 0.384115 0.172852 0.384115 0.171875 0.385417 0.166016 0.385417 0.165039 0.386719 0.164062 0.386719 0.159180 0.393229 0.158203 0.393229 0.156250 0.395833 0.156250 0.397135 0.155273 0.398438 0.155273 0.401042 0.156250 0.402344 0.156250 0.408854 0.157227 0.410156 0.157227 0.414062 0.158203 0.415365 0.158203 0.416667 0.163086 0.423177 0.163086 0.424479 0.165039 0.427083 0.165039 0.428385 0.166016 0.428385 0.168945 0.430990 0.175781 0.430990 0.176758 0.429688 0.178711 0.429688 0.179688 0.428385 0.181641 0.428385 0.182617 0.427083 0.187500 0.424479 0.189453 0.421875 0.189453 0.420573 0.190430 0.419271 0.190430 0.416667 0.191406 0.415365 0.191406 0.412760 0.192383 0.411458 0.192383 0.408854 0.193359 0.407552 0.193359 0.399740 0.188477 0.393229 0.188477 0.391927 0.183594 0.385417 0.183594 0.384115 0.182617 0.384115
0 0.200195 0.395833 0.197266 0.398438 0.197266 0.399740 0.196289 0.401042 0.196289 0.403646 0.195312 0.404948 0.195312 0.407552 0.194336 0.408854 0.194336 0.411458 0.193359 0.412760 0.193359 0.428385 0.201172 0.438802 0.202148 0.438802 0.203125 0.440104 0.208984 0.440104 0.209961 0.438802 0.212891 0.438802 0.213867 0.437500 0.214844 0.437500 0.216797 0.434896 0.216797 0.432292 0.217773 0.430990 0.218750 0.427083 0.220703 0.424479 0.220703 0.423177 0.222656 0.420573 0.225586 0.419271 0.227539 0.416667 0.227539 0.412760 0.224609 0.406250 0.223633 0.406250 0.222656 0.404948 0.219727 0.403646 0.216797 0.399740 0.215820 0.399740 0.212891 0.397135 0.210938 0.397135 0.209961 0.395833
0 0.216797 0.359375 0.215820 0.360677 0.215820 0.361979 0.212891 0.368490 0.212891 0.388021 0.214844 0.390625 0.214844 0.391927 0.217773 0.394531 0.220703 0.394531 0.221680 0.395833 0.223633 0.395833 0.224609 0.397135 0.239258 0.397135 0.240234 0.395833 0.241211 0.395833 0.244141 0.391927 0.244141 0.388021 0.245117 0.386719 0.245117 0.385417 0.246094 0.384115 0.246094 0.381510 0.247070 0.380208 0.247070 0.368490 0.246094 0.367188 0.246094 0.363281 0.244141 0.360677 0.243164 0.360677 0.242188 0.359375 0.240234 0.359375 0.239258 0.358073 0.218750 0.358073 0.217773 0.359375
0 0.270508 0.385417 0.269531 0.386719 0.260742 0.386719 0.259766 0.388021 0.258789 0.388021 0.255859 0.391927 0.254883 0.391927 0.253906 0.393229 0.250977 0.394531 0.249023 0.397135 0.249023 0.408854 0.250000 0.410156 0.250000 0.412760 0.250977 0.414062 0.250977 0.416667 0.251953 0.417969 0.251953 0.419271 0.255859 0.424479 0.256836 0.424479 0.259766 0.427083 0.261719 0.427083 0.262695 0.428385 0.269531 0.428385 0.270508 0.427083 0.273438 0.425781 0.277344 0.420573 0.278320 0.420573 0.280273 0.416667 0.280273 0.411458 0.279297 0.410156 0.279297 0.407552 0.278320 0.406250 0.278320 0.403646 0.277344 0.402344 0.277344 0.399740 0.275391 0.395833 0.275391 0.393229 0.274414 0.391927 0.273438 0.388021
0 0.221680 0.424479 0.221680 0.425781 0.218750 0.432292 0.218750 0.434896 0.217773 0.436198 0.217773 0.440104 0.218750 0.441406 0.218750 0.445312 0.219727 0.446615 0.219727 0.447917 0.223633 0.453125 0.223633 0.454427 0.233398 0.467448 0.235352 0.467448 0.236328 0.468750 0.237305 0.468750 0.238281 0.467448 0.241211 0.467448 0.242188 0.466146 0.245117 0.464844 0.248047 0.460938 0.250000 0.460938 0.250977 0.459635 0.254883 0.459635 0.255859 0.458333 0.255859 0.446615 0.254883 0.445312 0.254883 0.444010 0.255859 0.442708 0.255859 0.434896 0.254883 0.433594 0.254883 0.430990 0.253906 0.429688 0.253906 0.428385 0.248047 0.421875 0.247070 0.421875 0.244141 0.419271 0.231445 0.419271 0.230469 0.420573 0.227539 0.420573 0.226562 0.421875 0.224609 0.421875
0 0.226562 0.475260 0.225586 0.476562 0.222656 0.477865 0.220703 0.480469 0.219727 0.480469 0.216797 0.484375 0.216797 0.485677 0.212891 0.492188 0.212891 0.493490 0.211914 0.494792 0.211914 0.498698 0.212891 0.500000 0.212891 0.503906 0.213867 0.505208 0.213867 0.507812 0.214844 0.509115 0.214844 0.510417 0.216797 0.513021 0.216797 0.514323 0.217773 0.515625 0.218750 0.515625 0.221680 0.519531 0.222656 0.519531 0.223633 0.520833 0.226562 0.520833 0.227539 0.522135 0.236328 0.522135 0.237305 0.520833 0.239258 0.520833 0.244141 0.514323 0.244141 0.513021 0.247070 0.506510 0.247070 0.500000 0.246094 0.498698 0.246094 0.496094 0.245117 0.494792 0.245117 0.492188 0.243164 0.488281 0.243164 0.485677 0.242188 0.484375 0.242188 0.483073 0.239258 0.476562 0.238281 0.476562 0.237305 0.475260 0.235352 0.475260 0.234375 0.473958 0.231445 0.473958 0.230469 0.475260
0 0.191406 0.501302 0.190430 0.502604 0.187500 0.502604 0.186523 0.503906 0.184570 0.503906 0.182617 0.506510 0.182617 0.507812 0.180664 0.510417 0.180664 0.511719 0.178711 0.515625 0.178711 0.518229 0.176758 0.522135 0.176758 0.524740 0.175781 0.526042 0.175781 0.528646 0.176758 0.529948 0.176758 0.531250 0.178711 0.533854 0.179688 0.537760 0.186523 0.546875 0.187500 0.546875 0.189453 0.549479 0.190430 0.549479 0.191406 0.550781 0.193359 0.550781 0.194336 0.552083 0.197266 0.552083 0.202148 0.548177 0.204102 0.548177 0.204102 0.546875 0.207031 0.542969 0.208008 0.542969 0.208008 0.541667 0.209961 0.537760 0.209961 0.535156 0.210938 0.533854 0.211914 0.529948 0.213867 0.527344 0.213867 0.526042 0.212891 0.524740 0.212891 0.520833 0.210938 0.518229 0.210938 0.514323 0.209961 0.513021 0.209961 0.511719 0.204102 0.503906 0.203125 0.503906 0.200195 0.501302
0 0.237305 0.529948 0.222656 0.529948 0.221680 0.531250 0.220703 0.531250 0.219727 0.532552 0.216797 0.533854 0.216797 0.535156 0.213867 0.539062 0.212891 0.539062 0.212891 0.540365 0.211914 0.541667 0.211914 0.542969 0.208984 0.549479 0.209961 0.550781 0.209961 0.554688 0.211914 0.557292 0.211914 0.559896 0.213867 0.563802 0.213867 0.566406 0.216797 0.572917 0.218750 0.572917 0.219727 0.574219 0.221680 0.574219 0.222656 0.575521 0.225586 0.575521 0.226562 0.576823 0.228516 0.576823 0.229492 0.575521 0.231445 0.575521 0.233398 0.571615 0.236328 0.570312 0.240234 0.565104 0.240234 0.558594 0.243164 0.552083 0.243164 0.541667 0.242188 0.540365 0.242188 0.536458 0.241211 0.535156 0.240234 0.531250 0.238281 0.531250
0 0.302734 0.373698 0.300781 0.373698 0.299805 0.372396 0.291016 0.372396 0.290039 0.373698 0.286133 0.373698 0.285156 0.375000 0.283203 0.375000 0.278320 0.378906 0.275391 0.378906 0.273438 0.381510 0.273438 0.386719 0.274414 0.388021 0.274414 0.389323 0.275391 0.390625 0.275391 0.393229 0.277344 0.397135 0.277344 0.399740 0.278320 0.401042 0.278320 0.403646 0.280273 0.407552 0.280273 0.410156 0.281250 0.411458 0.281250 0.414062 0.283203 0.416667 0.289062 0.416667 0.290039 0.417969 0.291016 0.417969 0.291992 0.416667 0.296875 0.416667 0.297852 0.415365 0.300781 0.415365 0.301758 0.414062 0.302734 0.414062 0.304688 0.411458 0.305664 0.411458 0.310547 0.407552 0.310547 0.397135 0.311523 0.395833 0.311523 0.386719 0.305664 0.378906 0.304688 0.375000 0.303711 0.375000
0 0.275391 0.425781 0.273438 0.428385 0.272461 0.428385 0.268555 0.433594 0.267578 0.433594 0.265625 0.436198 0.264648 0.436198 0.263672 0.437500 0.263672 0.438802 0.261719 0.442708 0.261719 0.457031 0.262695 0.458333 0.262695 0.460938 0.263672 0.462240 0.263672 0.463542 0.264648 0.463542 0.266602 0.466146 0.267578 0.466146 0.272461 0.470052 0.274414 0.470052 0.275391 0.471354 0.277344 0.471354 0.279297 0.473958 0.280273 0.473958 0.281250 0.475260 0.284180 0.475260 0.288086 0.470052 0.289062 0.470052 0.290039 0.468750 0.291992 0.468750 0.296875 0.462240 0.296875 0.444010 0.293945 0.437500 0.293945 0.434896 0.292969 0.433594 0.292969 0.432292 0.291016 0.429688 0.289062 0.429688 0.288086 0.428385 0.284180 0.428385 0.283203 0.427083 0.280273 0.427083 0.279297 0.425781
0 0.263672 0.468750 0.260742 0.472656 0.259766 0.472656 0.257812 0.475260 0.252930 0.477865 0.249023 0.483073 0.249023 0.484375 0.248047 0.485677 0.248047 0.497396 0.249023 0.498698 0.249023 0.501302 0.250000 0.502604 0.250977 0.506510 0.255859 0.513021 0.256836 0.513021 0.259766 0.515625 0.261719 0.515625 0.266602 0.519531 0.268555 0.519531 0.269531 0.520833 0.273438 0.520833 0.274414 0.519531 0.277344 0.518229 0.277344 0.516927 0.278320 0.515625 0.279297 0.515625 0.282227 0.511719 0.282227 0.509115 0.283203 0.507812 0.283203 0.496094 0.282227 0.494792 0.282227 0.484375 0.281250 0.483073 0.281250 0.480469 0.277344 0.475260 0.276367 0.475260 0.269531 0.470052 0.267578 0.470052 0.266602 0.468750
0 0.255859 0.526042 0.254883 0.527344 0.253906 0.527344 0.252930 0.528646 0.248047 0.531250 0.248047 0.535156 0.247070 0.536458 0.247070 0.558594 0.248047 0.559896 0.248047 0.566406 0.250000 0.569010 0.252930 0.569010 0.253906 0.570312 0.267578 0.570312 0.276367 0.562500 0.276367 0.561198 0.277344 0.559896 0.277344 0.554688 0.278320 0.553385 0.278320 0.549479 0.279297 0.548177 0.278320 0.546875 0.278320 0.544271 0.279297 0.542969 0.279297 0.540365 0.281250 0.537760 0.281250 0.533854 0.280273 0.532552 0.279297 0.532552 0.277344 0.529948 0.276367 0.529948 0.273438 0.527344 0.270508 0.527344 0.269531 0.526042 0.265625 0.526042 0.264648 0.524740 0.259766 0.524740 0.258789 0.526042
0 0.239258 0.569010 0.237305 0.571615 0.234375 0.572917 0.232422 0.575521 0.232422 0.576823 0.230469 0.580729 0.230469 0.583333 0.229492 0.584635 0.229492 0.587240 0.228516 0.588542 0.228516 0.593750 0.227539 0.595052 0.227539 0.601562 0.228516 0.602865 0.228516 0.606771 0.232422 0.611979 0.233398 0.611979 0.234375 0.613281 0.236328 0.613281 0.239258 0.615885 0.242188 0.615885 0.243164 0.617188 0.251953 0.617188 0.252930 0.615885 0.253906 0.615885 0.255859 0.613281 0.256836 0.613281 0.260742 0.608073 0.263672 0.606771 0.263672 0.605469 0.264648 0.604167 0.264648 0.600260 0.265625 0.598958 0.265625 0.588542 0.264648 0.587240 0.264648 0.585938 0.262695 0.583333 0.261719 0.579427 0.260742 0.579427 0.259766 0.578125 0.254883 0.575521 0.252930 0.572917 0.251953 0.572917 0.247070 0.569010
0 0.276367 0.583333 0.273438 0.587240 0.273438 0.588542 0.269531 0.595052 0.269531 0.597656 0.268555 0.598958 0.268555 0.609375 0.269531 0.610677 0.269531 0.613281 0.270508 0.614583 0.270508 0.615885 0.272461 0.618490 0.273438 0.618490 0.274414 0.619792 0.297852 0.619792 0.299805 0.617188 0.299805 0.615885 0.301758 0.613281 0.301758 0.611979 0.303711 0.609375 0.303711 0.608073 0.304688 0.606771 0.304688 0.600260 0.303711 0.598958 0.303711 0.597656 0.302734 0.596354 0.301758 0.592448 0.299805 0.589844 0.299805 0.587240 0.298828 0.585938 0.298828 0.584635 0.297852 0.583333 0.296875 0.583333 0.294922 0.580729 0.283203 0.580729 0.282227 0.582031 0.278320 0.582031 0.277344 0.583333
0 0.270508 0.626302 0.269531 0.626302 0.266602 0.623698 0.262695 0.623698 0.261719 0.622396 0.258789 0.622396 0.257812 0.623698 0.253906 0.623698 0.252930 0.625000 0.250977 0.625000 0.249023 0.627604 0.248047 0.627604 0.245117 0.631510 0.243164 0.631510 0.241211 0.634115 0.241211 0.654948 0.242188 0.656250 0.242188 0.658854 0.243164 0.660156 0.243164 0.661458 0.246094 0.665365 0.247070 0.665365 0.248047 0.666667 0.250000 0.666667 0.250977 0.667969 0.255859 0.667969 0.256836 0.666667 0.258789 0.666667 0.259766 0.665365 0.268555 0.665365 0.269531 0.664062 0.270508 0.664062 0.270508 0.661458 0.271484 0.660156 0.271484 0.657552 0.272461 0.656250 0.272461 0.652344 0.273438 0.651042 0.273438 0.647135 0.274414 0.645833 0.274414 0.643229 0.275391 0.641927 0.275391 0.635417 0.274414 0.634115 0.274414 0.631510
0 0.286133 0.634115 0.284180 0.636719 0.283203 0.636719 0.280273 0.640625 0.280273 0.641927 0.278320 0.645833 0.278320 0.648438 0.277344 0.649740 0.277344 0.652344 0.276367 0.653646 0.276367 0.657552 0.275391 0.658854 0.275391 0.662760 0.276367 0.664062 0.276367 0.665365 0.278320 0.667969 0.280273 0.667969 0.281250 0.669271 0.282227 0.669271 0.287109 0.673177 0.289062 0.673177 0.290039 0.674479 0.291992 0.674479 0.292969 0.675781 0.295898 0.675781 0.296875 0.677083 0.300781 0.677083 0.301758 0.675781 0.302734 0.675781 0.307617 0.669271 0.307617 0.667969 0.308594 0.666667 0.308594 0.664062 0.310547 0.660156 0.310547 0.656250 0.312500 0.652344 0.311523 0.651042 0.311523 0.647135 0.310547 0.645833 0.309570 0.645833 0.308594 0.644531 0.306641 0.644531 0.301758 0.640625 0.299805 0.640625 0.298828 0.639323 0.295898 0.639323 0.294922 0.638021 0.291992 0.638021 0.291016 0.636719 0.290039 0.636719 0.289062 0.635417
0 0.256836 0.669271 0.254883 0.671875 0.254883 0.674479 0.251953 0.680990 0.251953 0.683594 0.250977 0.684896 0.250977 0.687500 0.250000 0.688802 0.250000 0.691406 0.249023 0.692708 0.249023 0.697917 0.248047 0.699219 0.248047 0.700521 0.249023 0.701823 0.249023 0.707031 0.250977 0.709635 0.252930 0.709635 0.257812 0.713542 0.260742 0.713542 0.261719 0.714844 0.267578 0.714844 0.268555 0.713542 0.274414 0.713542 0.275391 0.712240 0.277344 0.712240 0.278320 0.710938 0.279297 0.710938 0.280273 0.709635 0.280273 0.708333 0.283203 0.704427 0.283203 0.703125 0.286133 0.699219 0.286133 0.697917 0.288086 0.694010 0.288086 0.690104 0.289062 0.688802 0.289062 0.683594 0.288086 0.682292 0.288086 0.679688 0.283203 0.673177 0.282227 0.673177 0.277344 0.669271 0.274414 0.669271 0.273438 0.667969 0.258789 0.667969 0.257812 0.669271
0 0.311523 0.677083 0.310547 0.678385 0.309570 0.678385 0.300781 0.690104 0.300781 0.691406 0.298828 0.694010 0.298828 0.695312 0.296875 0.697917 0.296875 0.699219 0.293945 0.703125 0.293945 0.710938 0.295898 0.713542 0.295898 0.714844 0.298828 0.718750 0.299805 0.718750 0.304688 0.723958 0.306641 0.723958 0.307617 0.725260 0.311523 0.725260 0.312500 0.726562 0.318359 0.726562 0.319336 0.725260 0.320312 0.725260 0.324219 0.720052 0.324219 0.718750 0.327148 0.714844 0.327148 0.712240 0.328125 0.710938 0.328125 0.704427 0.329102 0.703125 0.329102 0.699219 0.328125 0.697917 0.328125 0.695312 0.327148 0.694010 0.327148 0.692708 0.317383 0.679688 0.317383 0.678385 0.315430 0.678385 0.314453 0.677083
0 0.248047 0.712240 0.243164 0.718750 0.243164 0.720052 0.242188 0.721354 0.242188 0.722656 0.241211 0.723958 0.241211 0.725260 0.239258 0.729167 0.239258 0.731771 0.238281 0.733073 0.237305 0.736979 0.238281 0.738281 0.238281 0.740885 0.239258 0.742188 0.239258 0.743490 0.241211 0.746094 0.241211 0.747396 0.242188 0.748698 0.243164 0.748698 0.246094 0.752604 0.247070 0.752604 0.248047 0.753906 0.249023 0.753906 0.250000 0.755208 0.250977 0.755208 0.253906 0.757812 0.255859 0.757812 0.256836 0.756510 0.257812 0.756510 0.260742 0.752604 0.261719 0.752604 0.264648 0.748698 0.264648 0.747396 0.268555 0.742188 0.268555 0.740885 0.269531 0.739583 0.269531 0.738281 0.270508 0.736979 0.270508 0.735677 0.272461 0.731771 0.272461 0.725260 0.270508 0.722656 0.269531 0.722656 0.265625 0.717448 0.263672 0.717448 0.262695 0.716146 0.258789 0.716146 0.257812 0.714844 0.255859 0.714844 0.254883 0.713542 0.252930 0.713542 0.251953 0.712240
0 0.232422 0.738281 0.226562 0.738281 0.225586 0.739583 0.222656 0.740885 0.215820 0.748698 0.214844 0.752604 0.209961 0.759115 0.209961 0.760417 0.208984 0.761719 0.209961 0.763021 0.209961 0.764323 0.211914 0.766927 0.211914 0.769531 0.212891 0.770833 0.212891 0.773438 0.214844 0.776042 0.214844 0.777344 0.223633 0.789062 0.227539 0.789062 0.230469 0.786458 0.232422 0.786458 0.233398 0.785156 0.236328 0.785156 0.238281 0.782552 0.239258 0.782552 0.243164 0.777344 0.243164 0.776042 0.248047 0.769531 0.248047 0.764323 0.247070 0.763021 0.247070 0.761719 0.243164 0.756510 0.243164 0.755208 0.241211 0.752604 0.241211 0.751302 0.237305 0.746094 0.236328 0.742188 0.234375 0.739583 0.233398 0.739583
0 0.216797 0.800781 0.214844 0.803385 0.213867 0.803385 0.204102 0.816406 0.204102 0.817708 0.203125 0.819010 0.203125 0.821615 0.201172 0.825521 0.201172 0.830729 0.207031 0.838542 0.207031 0.839844 0.212891 0.847656 0.212891 0.848958 0.213867 0.848958 0.215820 0.851562 0.221680 0.851562 0.222656 0.850260 0.225586 0.850260 0.226562 0.848958 0.228516 0.848958 0.231445 0.845052 0.232422 0.845052 0.236328 0.839844 0.236328 0.838542 0.238281 0.835938 0.238281 0.830729 0.240234 0.828125 0.240234 0.822917 0.238281 0.820312 0.237305 0.820312 0.233398 0.815104 0.232422 0.811198 0.229492 0.807292 0.229492 0.805990 0.228516 0.805990 0.225586 0.803385 0.221680 0.803385 0.220703 0.802083 0.217773 0.802083
0 0.247070 0.838542 0.246094 0.839844 0.245117 0.839844 0.242188 0.843750 0.242188 0.845052 0.241211 0.846354 0.241211 0.847656 0.239258 0.851562 0.239258 0.863281 0.240234 0.864583 0.240234 0.865885 0.243164 0.869792 0.243164 0.871094 0.244141 0.872396 0.245117 0.872396 0.247070 0.875000 0.248047 0.875000 0.249023 0.876302 0.252930 0.876302 0.253906 0.877604 0.255859 0.877604 0.257812 0.875000 0.258789 0.875000 0.266602 0.864583 0.266602 0.863281 0.267578 0.861979 0.267578 0.860677 0.266602 0.859375 0.266602 0.858073 0.264648 0.855469 0.261719 0.855469 0.260742 0.854167 0.259766 0.854167 0.254883 0.847656 0.254883 0.846354 0.253906 0.845052 0.253906 0.843750 0.251953 0.841146 0.251953 0.839844 0.250977 0.838542
0 0.280273 0.811198 0.278320 0.811198 0.275391 0.808594 0.272461 0.808594 0.271484 0.807292 0.265625 0.807292 0.263672 0.804688 0.258789 0.811198 0.258789 0.812500 0.256836 0.815104 0.256836 0.816406 0.253906 0.820312 0.253906 0.821615 0.250977 0.828125 0.250977 0.835938 0.252930 0.838542 0.252930 0.839844 0.253906 0.841146 0.254883 0.845052 0.256836 0.847656 0.256836 0.848958 0.258789 0.852865 0.260742 0.852865 0.261719 0.854167 0.263672 0.854167 0.264648 0.852865 0.266602 0.852865 0.267578 0.851562 0.268555 0.851562 0.269531 0.850260 0.272461 0.848958 0.274414 0.846354 0.275391 0.846354 0.276367 0.845052 0.277344 0.845052 0.278320 0.843750 0.279297 0.843750 0.280273 0.842448 0.281250 0.842448 0.282227 0.841146 0.285156 0.839844 0.287109 0.837240 0.287109 0.835938 0.288086 0.834635 0.288086 0.826823 0.287109 0.825521 0.287109 0.824219 0.285156 0.821615 0.284180 0.817708 0.281250 0.813802 0.281250 0.812500
0 0.276367 0.751302 0.272461 0.751302 0.271484 0.752604 0.268555 0.752604 0.267578 0.753906 0.264648 0.753906 0.263672 0.755208 0.262695 0.755208 0.260742 0.757812 0.259766 0.757812 0.259766 0.759115 0.258789 0.760417 0.258789 0.790365 0.261719 0.794271 0.262695 0.794271 0.265625 0.796875 0.275391 0.796875 0.276367 0.795573 0.280273 0.795573 0.281250 0.794271 0.282227 0.794271 0.284180 0.791667 0.287109 0.790365 0.287109 0.789062 0.288086 0.787760 0.288086 0.778646 0.289062 0.777344 0.289062 0.773438 0.290039 0.772135 0.289062 0.770833 0.289062 0.768229 0.288086 0.766927 0.287109 0.763021 0.280273 0.753906 0.279297 0.753906
0 0.297852 0.781250 0.296875 0.782552 0.294922 0.782552 0.290039 0.789062 0.290039 0.790365 0.289062 0.791667 0.289062 0.794271 0.288086 0.795573 0.288086 0.798177 0.287109 0.799479 0.287109 0.815104 0.288086 0.816406 0.288086 0.819010 0.289062 0.820312 0.289062 0.821615 0.294922 0.829427 0.295898 0.829427 0.298828 0.832031 0.303711 0.832031 0.304688 0.830729 0.306641 0.830729 0.307617 0.829427 0.309570 0.829427 0.310547 0.828125 0.313477 0.826823 0.317383 0.821615 0.317383 0.820312 0.318359 0.819010 0.318359 0.813802 0.319336 0.812500 0.319336 0.796875 0.312500 0.787760 0.310547 0.787760 0.309570 0.786458 0.308594 0.786458 0.307617 0.785156 0.305664 0.785156 0.302734 0.782552 0.299805 0.782552 0.298828 0.781250
0 0.313477 0.730469 0.307617 0.730469 0.306641 0.729167 0.305664 0.729167 0.304688 0.730469 0.301758 0.730469 0.300781 0.731771 0.299805 0.731771 0.295898 0.736979 0.294922 0.736979 0.293945 0.738281 0.291992 0.738281 0.290039 0.740885 0.289062 0.740885 0.289062 0.742188 0.287109 0.746094 0.287109 0.752604 0.288086 0.753906 0.288086 0.757812 0.289062 0.759115 0.290039 0.765625 0.291016 0.766927 0.291992 0.770833 0.295898 0.777344 0.295898 0.778646 0.296875 0.778646 0.297852 0.779948 0.302734 0.779948 0.303711 0.781250 0.305664 0.781250 0.306641 0.779948 0.309570 0.779948 0.310547 0.778646 0.313477 0.778646 0.314453 0.777344 0.315430 0.777344 0.322266 0.766927 0.322266 0.764323 0.325195 0.757812 0.325195 0.753906 0.326172 0.752604 0.326172 0.746094 0.325195 0.744792 0.325195 0.743490 0.321289 0.738281 0.321289 0.736979 0.319336 0.734375 0.318359 0.734375
0 0.348633 0.787760 0.347656 0.787760 0.346680 0.786458 0.335938 0.786458 0.334961 0.787760 0.330078 0.787760 0.329102 0.789062 0.328125 0.789062 0.323242 0.795573 0.323242 0.796875 0.321289 0.799479 0.321289 0.803385 0.320312 0.804688 0.320312 0.819010 0.321289 0.820312 0.321289 0.821615 0.323242 0.824219 0.324219 0.828125 0.329102 0.834635 0.337891 0.834635 0.338867 0.833333 0.345703 0.833333 0.346680 0.832031 0.348633 0.832031 0.351562 0.828125 0.351562 0.826823 0.353516 0.822917 0.353516 0.820312 0.355469 0.816406 0.355469 0.811198 0.356445 0.809896 0.356445 0.804688 0.355469 0.803385 0.355469 0.799479 0.350586 0.792969 0.350586 0.791667
0 0.357422 0.739583 0.344727 0.739583 0.343750 0.740885 0.339844 0.740885 0.334961 0.744792 0.334961 0.746094 0.332031 0.752604 0.332031 0.755208 0.331055 0.756510 0.331055 0.765625 0.330078 0.766927 0.331055 0.768229 0.331055 0.773438 0.334961 0.778646 0.335938 0.778646 0.336914 0.779948 0.345703 0.779948 0.346680 0.778646 0.351562 0.778646 0.352539 0.777344 0.355469 0.777344 0.356445 0.776042 0.359375 0.776042 0.362305 0.773438 0.362305 0.770833 0.363281 0.769531 0.363281 0.764323 0.364258 0.763021 0.364258 0.756510 0.363281 0.755208 0.363281 0.752604 0.362305 0.751302 0.362305 0.747396 0.360352 0.744792 0.360352 0.743490
0 0.341797 0.687500 0.337891 0.692708 0.336914 0.692708 0.333984 0.696615 0.333984 0.697917 0.333008 0.699219 0.333008 0.703125 0.332031 0.704427 0.332031 0.716146 0.333008 0.717448 0.333008 0.718750 0.338867 0.726562 0.339844 0.726562 0.340820 0.727865 0.342773 0.727865 0.343750 0.729167 0.345703 0.729167 0.348633 0.731771 0.353516 0.731771 0.354492 0.730469 0.356445 0.730469 0.357422 0.729167 0.359375 0.729167 0.360352 0.727865 0.361328 0.727865 0.361328 0.726562 0.367188 0.718750 0.367188 0.717448 0.368164 0.716146 0.368164 0.707031 0.369141 0.705729 0.369141 0.704427 0.368164 0.703125 0.368164 0.700521 0.367188 0.699219 0.367188 0.697917 0.365234 0.695312 0.363281 0.695312 0.362305 0.694010 0.359375 0.692708 0.357422 0.690104 0.356445 0.690104 0.351562 0.686198 0.343750 0.686198 0.342773 0.687500
0 0.357422 0.649740 0.351562 0.657552 0.351562 0.658854 0.349609 0.662760 0.349609 0.674479 0.351562 0.677083 0.351562 0.678385 0.354492 0.682292 0.354492 0.683594 0.359375 0.690104 0.360352 0.690104 0.361328 0.691406 0.362305 0.691406 0.365234 0.694010 0.371094 0.694010 0.372070 0.692708 0.374023 0.692708 0.375977 0.690104 0.376953 0.690104 0.379883 0.686198 0.379883 0.684896 0.380859 0.683594 0.380859 0.682292 0.382812 0.678385 0.382812 0.666667 0.381836 0.665365 0.381836 0.662760 0.380859 0.661458 0.380859 0.660156 0.375000 0.652344 0.375000 0.651042 0.374023 0.649740
0 0.321289 0.641927 0.318359 0.645833 0.317383 0.645833 0.316406 0.647135 0.316406 0.648438 0.315430 0.649740 0.315430 0.653646 0.314453 0.654948 0.314453 0.664062 0.316406 0.667969 0.316406 0.670573 0.317383 0.671875 0.317383 0.673177 0.318359 0.674479 0.318359 0.675781 0.319336 0.677083 0.320312 0.680990 0.323242 0.684896 0.324219 0.684896 0.325195 0.686198 0.335938 0.686198 0.336914 0.684896 0.338867 0.684896 0.339844 0.683594 0.340820 0.683594 0.343750 0.679688 0.343750 0.678385 0.345703 0.674479 0.345703 0.656250 0.344727 0.654948 0.344727 0.651042 0.342773 0.648438 0.342773 0.647135 0.341797 0.645833 0.339844 0.645833 0.338867 0.644531 0.335938 0.644531 0.333008 0.641927 0.327148 0.641927 0.326172 0.640625 0.325195 0.640625 0.324219 0.641927
0 0.339844 0.592448 0.338867 0.593750 0.336914 0.593750 0.335938 0.595052 0.333008 0.596354 0.333008 0.597656 0.329102 0.602865 0.328125 0.606771 0.325195 0.610677 0.325195 0.614583 0.324219 0.615885 0.324219 0.619792 0.323242 0.621094 0.323242 0.627604 0.324219 0.628906 0.325195 0.628906 0.327148 0.631510 0.328125 0.631510 0.329102 0.632812 0.330078 0.632812 0.331055 0.634115 0.332031 0.634115 0.333008 0.635417 0.333984 0.635417 0.334961 0.636719 0.335938 0.636719 0.340820 0.640625 0.342773 0.640625 0.343750 0.641927 0.347656 0.641927 0.348633 0.640625 0.349609 0.640625 0.350586 0.639323 0.353516 0.638021 0.354492 0.636719 0.354492 0.635417 0.357422 0.628906 0.357422 0.625000 0.358398 0.623698 0.358398 0.606771 0.357422 0.605469 0.357422 0.604167 0.353516 0.598958 0.352539 0.598958 0.349609 0.595052 0.348633 0.595052 0.347656 0.593750 0.344727 0.593750 0.343750 0.592448
0 0.391602 0.596354 0.388672 0.596354 0.387695 0.595052 0.373047 0.595052 0.372070 0.596354 0.365234 0.596354 0.364258 0.597656 0.362305 0.597656 0.360352 0.600260 0.360352 0.614583 0.359375 0.615885 0.359375 0.617188 0.360352 0.618490 0.360352 0.626302 0.362305 0.630208 0.362305 0.632812 0.368164 0.640625 0.370117 0.640625 0.371094 0.641927 0.376953 0.641927 0.377930 0.640625 0.379883 0.640625 0.380859 0.639323 0.382812 0.639323 0.385742 0.635417 0.386719 0.635417 0.387695 0.634115 0.392578 0.631510 0.394531 0.628906 0.394531 0.627604 0.396484 0.623698 0.396484 0.618490 0.397461 0.617188 0.396484 0.615885 0.396484 0.608073 0.395508 0.606771 0.395508 0.604167 0.394531 0.602865 0.393555 0.598958
0 0.317383 0.561198 0.316406 0.562500 0.314453 0.562500 0.307617 0.570312 0.307617 0.571615 0.306641 0.572917 0.305664 0.576823 0.302734 0.580729 0.302734 0.583333 0.301758 0.584635 0.301758 0.588542 0.302734 0.589844 0.302734 0.592448 0.303711 0.593750 0.303711 0.595052 0.307617 0.600260 0.308594 0.600260 0.311523 0.602865 0.313477 0.602865 0.314453 0.604167 0.316406 0.604167 0.321289 0.608073 0.326172 0.608073 0.326172 0.606771 0.328125 0.604167 0.329102 0.600260 0.333984 0.593750 0.334961 0.593750 0.337891 0.589844 0.338867 0.589844 0.338867 0.578125 0.337891 0.576823 0.337891 0.574219 0.334961 0.570312 0.334961 0.569010 0.333984 0.567708 0.331055 0.566406 0.329102 0.563802 0.327148 0.563802 0.326172 0.562500 0.324219 0.562500 0.323242 0.561198
0 0.346680 0.554688 0.346680 0.555990 0.343750 0.559896 0.343750 0.561198 0.342773 0.562500 0.342773 0.567708 0.343750 0.569010 0.343750 0.572917 0.344727 0.574219 0.344727 0.576823 0.345703 0.578125 0.345703 0.580729 0.347656 0.583333 0.348633 0.587240 0.351562 0.591146 0.352539 0.591146 0.353516 0.592448 0.366211 0.592448 0.367188 0.591146 0.370117 0.591146 0.371094 0.589844 0.373047 0.589844 0.374023 0.588542 0.375977 0.588542 0.376953 0.587240 0.376953 0.585938 0.377930 0.584635 0.377930 0.580729 0.378906 0.579427 0.377930 0.578125 0.377930 0.567708 0.376953 0.566406 0.376953 0.562500 0.375977 0.561198 0.375977 0.559896 0.372070 0.554688 0.370117 0.554688 0.369141 0.553385 0.366211 0.553385 0.365234 0.552083 0.363281 0.552083 0.362305 0.550781 0.359375 0.550781 0.358398 0.549479 0.351562 0.549479
0 0.296875 0.503906 0.295898 0.505208 0.294922 0.505208 0.291992 0.509115 0.291992 0.510417 0.289062 0.514323 0.289062 0.515625 0.287109 0.519531 0.287109 0.524740 0.286133 0.526042 0.286133 0.529948 0.287109 0.531250 0.287109 0.533854 0.288086 0.535156 0.288086 0.537760 0.289062 0.539062 0.290039 0.542969 0.293945 0.548177 0.294922 0.548177 0.297852 0.550781 0.299805 0.550781 0.302734 0.553385 0.304688 0.553385 0.305664 0.554688 0.306641 0.554688 0.307617 0.553385 0.311523 0.553385 0.312500 0.552083 0.313477 0.552083 0.315430 0.549479 0.315430 0.548177 0.317383 0.544271 0.317383 0.541667 0.318359 0.540365 0.318359 0.537760 0.320312 0.533854 0.320312 0.529948 0.321289 0.528646 0.321289 0.527344 0.320312 0.526042 0.320312 0.524740 0.319336 0.523438 0.318359 0.519531 0.313477 0.513021 0.313477 0.511719 0.306641 0.503906 0.305664 0.503906 0.304688 0.502604 0.300781 0.502604 0.299805 0.503906
0 0.345703 0.518229 0.340820 0.518229 0.339844 0.519531 0.337891 0.519531 0.336914 0.520833 0.334961 0.520833 0.333984 0.522135 0.333008 0.522135 0.332031 0.523438 0.329102 0.524740 0.327148 0.527344 0.326172 0.527344 0.323242 0.529948 0.323242 0.531250 0.322266 0.532552 0.322266 0.549479 0.323242 0.550781 0.323242 0.553385 0.324219 0.554688 0.324219 0.555990 0.325195 0.555990 0.328125 0.558594 0.330078 0.558594 0.333008 0.561198 0.335938 0.561198 0.336914 0.562500 0.337891 0.562500 0.338867 0.561198 0.339844 0.561198 0.344727 0.554688 0.345703 0.554688 0.349609 0.549479 0.352539 0.548177 0.354492 0.545573 0.354492 0.540365 0.355469 0.539062 0.354492 0.537760 0.354492 0.533854 0.353516 0.532552 0.353516 0.529948 0.352539 0.528646 0.352539 0.526042 0.350586 0.522135 0.349609 0.522135 0.347656 0.519531 0.346680 0.519531
0 0.364258 0.505208 0.361328 0.509115 0.360352 0.509115 0.353516 0.518229 0.353516 0.526042 0.354492 0.527344 0.354492 0.529948 0.355469 0.531250 0.355469 0.533854 0.357422 0.537760 0.357422 0.540365 0.359375 0.542969 0.362305 0.544271 0.364258 0.546875 0.366211 0.546875 0.367188 0.548177 0.371094 0.548177 0.372070 0.546875 0.373047 0.546875 0.375977 0.549479 0.379883 0.544271 0.380859 0.544271 0.383789 0.540365 0.383789 0.539062 0.388672 0.532552 0.388672 0.520833 0.387695 0.519531 0.386719 0.515625 0.383789 0.511719 0.382812 0.511719 0.377930 0.507812 0.375977 0.507812 0.375000 0.506510 0.373047 0.506510 0.372070 0.505208
0 0.333984 0.475260 0.333008 0.475260 0.332031 0.476562 0.323242 0.476562 0.318359 0.480469 0.316406 0.480469 0.315430 0.481771 0.312500 0.483073 0.310547 0.485677 0.310547 0.486979 0.308594 0.490885 0.308594 0.498698 0.309570 0.500000 0.309570 0.501302 0.312500 0.505208 0.313477 0.505208 0.325195 0.520833 0.330078 0.520833 0.331055 0.519531 0.333008 0.519531 0.333984 0.518229 0.334961 0.518229 0.337891 0.514323 0.340820 0.513021 0.341797 0.511719 0.341797 0.510417 0.343750 0.506510 0.343750 0.503906 0.344727 0.502604 0.344727 0.501302 0.343750 0.500000 0.343750 0.488281 0.342773 0.486979 0.342773 0.485677 0.340820 0.483073 0.340820 0.481771 0.336914 0.476562 0.334961 0.476562
0 0.364258 0.462240 0.358398 0.470052 0.358398 0.472656 0.357422 0.473958 0.357422 0.479167 0.356445 0.480469 0.356445 0.483073 0.357422 0.484375 0.357422 0.489583 0.358398 0.490885 0.358398 0.492188 0.360352 0.494792 0.361328 0.498698 0.364258 0.501302 0.373047 0.501302 0.374023 0.502604 0.379883 0.502604 0.380859 0.501302 0.383789 0.500000 0.383789 0.498698 0.385742 0.496094 0.385742 0.494792 0.388672 0.490885 0.388672 0.486979 0.389648 0.485677 0.389648 0.475260 0.388672 0.473958 0.388672 0.470052 0.386719 0.467448 0.386719 0.466146 0.385742 0.466146 0.382812 0.463542 0.380859 0.463542 0.379883 0.462240 0.375000 0.462240 0.374023 0.460938 0.367188 0.460938 0.366211 0.462240
0 0.302734 0.429688 0.302734 0.438802 0.301758 0.440104 0.301758 0.447917 0.302734 0.449219 0.302734 0.451823 0.303711 0.453125 0.303711 0.454427 0.304688 0.455729 0.305664 0.459635 0.308594 0.463542 0.308594 0.464844 0.310547 0.467448 0.311523 0.467448 0.314453 0.470052 0.318359 0.470052 0.319336 0.468750 0.324219 0.468750 0.325195 0.467448 0.329102 0.467448 0.330078 0.466146 0.332031 0.466146 0.333008 0.464844 0.333984 0.464844 0.333984 0.463542 0.334961 0.462240 0.334961 0.454427 0.336914 0.450521 0.336914 0.449219 0.335938 0.447917 0.335938 0.444010 0.334961 0.442708 0.334961 0.440104 0.333008 0.437500 0.333008 0.436198 0.331055 0.433594 0.330078 0.433594 0.324219 0.425781 0.323242 0.425781 0.321289 0.423177 0.313477 0.423177 0.312500 0.424479 0.309570 0.424479 0.308594 0.425781 0.306641 0.425781 0.305664 0.427083 0.304688 0.427083
0 0.365234 0.425781 0.363281 0.425781 0.362305 0.424479 0.359375 0.424479 0.358398 0.423177 0.352539 0.423177 0.351562 0.424479 0.348633 0.424479 0.347656 0.425781 0.344727 0.425781 0.341797 0.429688 0.341797 0.430990 0.339844 0.434896 0.339844 0.454427 0.340820 0.455729 0.340820 0.460938 0.341797 0.462240 0.342773 0.462240 0.343750 0.463542 0.351562 0.463542 0.352539 0.462240 0.358398 0.462240 0.359375 0.460938 0.361328 0.460938 0.362305 0.459635 0.365234 0.459635 0.366211 0.458333 0.367188 0.458333 0.370117 0.454427 0.370117 0.451823 0.371094 0.450521 0.371094 0.447917 0.373047 0.444010 0.372070 0.442708 0.372070 0.440104 0.370117 0.436198 0.370117 0.433594 0.369141 0.432292 0.369141 0.430990
0 0.316406 0.382812 0.314453 0.386719 0.314453 0.395833 0.313477 0.397135 0.313477 0.398438 0.314453 0.399740 0.314453 0.406250 0.315430 0.407552 0.315430 0.410156 0.320312 0.417969 0.321289 0.417969 0.322266 0.419271 0.324219 0.419271 0.325195 0.420573 0.331055 0.420573 0.333008 0.423177 0.337891 0.423177 0.336914 0.423177 0.333984 0.420573 0.333984 0.419271 0.335938 0.416667 0.337891 0.416667 0.339844 0.419271 0.339844 0.420573 0.341797 0.420573 0.342773 0.419271 0.345703 0.417969 0.347656 0.415365 0.348633 0.415365 0.348633 0.404948 0.349609 0.403646 0.349609 0.402344 0.348633 0.401042 0.348633 0.389323 0.347656 0.388021 0.347656 0.385417 0.346680 0.384115 0.346680 0.382812 0.342773 0.377604 0.339844 0.377604 0.338867 0.376302 0.327148 0.376302 0.326172 0.377604 0.324219 0.377604 0.323242 0.378906
0 0.368164 0.363281 0.367188 0.364583 0.364258 0.364583 0.363281 0.365885 0.361328 0.365885 0.358398 0.369792 0.355469 0.371094 0.353516 0.373698 0.353516 0.375000 0.351562 0.377604 0.351562 0.389323 0.352539 0.390625 0.352539 0.395833 0.353516 0.397135 0.353516 0.401042 0.357422 0.406250 0.358398 0.406250 0.359375 0.407552 0.363281 0.407552 0.364258 0.408854 0.365234 0.408854 0.368164 0.412760 0.369141 0.412760 0.370117 0.411458 0.371094 0.411458 0.372070 0.410156 0.374023 0.410156 0.375000 0.408854 0.375977 0.408854 0.377930 0.406250 0.378906 0.406250 0.379883 0.404948 0.379883 0.403646 0.382812 0.399740 0.382812 0.394531 0.383789 0.393229 0.383789 0.385417 0.382812 0.384115 0.382812 0.380208 0.381836 0.378906 0.380859 0.375000 0.377930 0.371094 0.377930 0.368490 0.375000 0.364583 0.370117 0.364583 0.369141 0.363281
0 0.364258 0.338542 0.364258 0.339844 0.363281 0.341146 0.363281 0.345052 0.362305 0.346354 0.362305 0.358073 0.363281 0.359375 0.363281 0.360677 0.364258 0.361979 0.368164 0.361979 0.369141 0.363281 0.374023 0.363281 0.375000 0.364583 0.377930 0.365885 0.378906 0.367188 0.378906 0.368490 0.380859 0.371094 0.380859 0.373698 0.383789 0.377604 0.386719 0.377604 0.388672 0.375000 0.388672 0.371094 0.389648 0.369792 0.389648 0.368490 0.391602 0.364583 0.391602 0.361979 0.392578 0.360677 0.392578 0.359375 0.391602 0.358073 0.391602 0.343750 0.390625 0.342448 0.390625 0.341146 0.388672 0.341146 0.387695 0.339844 0.384766 0.339844 0.381836 0.337240 0.367188 0.337240 0.366211 0.338542
0 0.404297 0.316406 0.403320 0.317708 0.403320 0.319010 0.401367 0.321615 0.401367 0.322917 0.400391 0.324219 0.400391 0.325521 0.398438 0.329427 0.398438 0.332031 0.396484 0.334635 0.396484 0.335938 0.394531 0.339844 0.394531 0.346354 0.395508 0.347656 0.395508 0.348958 0.397461 0.351562 0.398438 0.355469 0.401367 0.359375 0.410156 0.359375 0.411133 0.358073 0.416016 0.358073 0.416992 0.356771 0.418945 0.356771 0.419922 0.355469 0.420898 0.355469 0.421875 0.354167 0.422852 0.354167 0.423828 0.352865 0.426758 0.351562 0.427734 0.350260 0.427734 0.345052 0.426758 0.343750 0.426758 0.337240 0.425781 0.335938 0.425781 0.333333 0.423828 0.330729 0.422852 0.326823 0.419922 0.322917 0.419922 0.321615 0.416016 0.316406 0.410156 0.316406 0.409180 0.315104 0.406250 0.315104 0.405273 0.316406
0 0.430664 0.354167 0.429688 0.355469 0.427734 0.355469 0.425781 0.358073 0.424805 0.358073 0.420898 0.363281 0.420898 0.364583 0.418945 0.367188 0.418945 0.368490 0.416992 0.372396 0.416992 0.375000 0.416016 0.376302 0.416016 0.380208 0.415039 0.381510 0.415039 0.382812 0.416016 0.384115 0.416016 0.385417 0.417969 0.388021 0.418945 0.388021 0.421875 0.391927 0.421875 0.393229 0.423828 0.395833 0.425781 0.395833 0.426758 0.397135 0.427734 0.397135 0.429688 0.399740 0.430664 0.399740 0.433594 0.403646 0.438477 0.403646 0.439453 0.402344 0.439453 0.399740 0.440430 0.398438 0.440430 0.397135 0.442383 0.394531 0.443359 0.394531 0.444336 0.393229 0.445312 0.389323 0.447266 0.386719 0.447266 0.385417 0.449219 0.381510 0.449219 0.377604 0.450195 0.376302 0.450195 0.369792 0.449219 0.368490 0.449219 0.367188 0.443359 0.359375 0.440430 0.358073 0.438477 0.355469 0.432617 0.355469 0.431641 0.354167
0 0.387695 0.402344 0.386719 0.403646 0.384766 0.403646 0.381836 0.407552 0.381836 0.408854 0.379883 0.411458 0.379883 0.412760 0.377930 0.415365 0.377930 0.416667 0.375000 0.420573 0.375000 0.421875 0.373047 0.424479 0.373047 0.425781 0.371094 0.429688 0.371094 0.433594 0.372070 0.434896 0.372070 0.436198 0.373047 0.437500 0.375000 0.444010 0.375977 0.444010 0.380859 0.450521 0.381836 0.450521 0.382812 0.451823 0.390625 0.451823 0.391602 0.453125 0.392578 0.451823 0.395508 0.451823 0.396484 0.450521 0.397461 0.450521 0.404297 0.445312 0.406250 0.445312 0.408203 0.442708 0.408203 0.427083 0.407227 0.425781 0.407227 0.423177 0.406250 0.421875 0.405273 0.417969 0.399414 0.410156 0.399414 0.408854 0.397461 0.406250 0.396484 0.406250 0.395508 0.404948 0.393555 0.404948 0.392578 0.403646 0.389648 0.403646 0.388672 0.402344
0 0.435547 0.412760 0.434570 0.414062 0.433594 0.414062 0.432617 0.415365 0.429688 0.416667 0.420898 0.428385 0.420898 0.436198 0.421875 0.437500 0.421875 0.438802 0.426758 0.445312 0.427734 0.445312 0.433594 0.453125 0.434570 0.453125 0.437500 0.455729 0.443359 0.455729 0.444336 0.454427 0.445312 0.454427 0.454102 0.442708 0.454102 0.441406 0.455078 0.440104 0.455078 0.427083 0.454102 0.425781 0.454102 0.424479 0.447266 0.415365 0.446289 0.415365 0.444336 0.412760
0 0.406250 0.447917 0.405273 0.449219 0.403320 0.449219 0.400391 0.453125 0.399414 0.453125 0.397461 0.455729 0.397461 0.457031 0.391602 0.464844 0.391602 0.481771 0.392578 0.483073 0.392578 0.486979 0.393555 0.488281 0.394531 0.488281 0.395508 0.489583 0.398438 0.490885 0.399414 0.492188 0.399414 0.494792 0.400391 0.496094 0.401367 0.496094 0.402344 0.497396 0.405273 0.497396 0.406250 0.498698 0.411133 0.498698 0.415039 0.493490 0.416016 0.493490 0.418945 0.489583 0.420898 0.489583 0.421875 0.488281 0.423828 0.488281 0.424805 0.486979 0.424805 0.485677 0.426758 0.481771 0.426758 0.468750 0.425781 0.467448 0.425781 0.466146 0.417969 0.455729 0.416992 0.455729 0.414062 0.451823 0.413086 0.451823 0.411133 0.449219 0.409180 0.449219 0.408203 0.447917
0 0.435547 0.458333 0.434570 0.459635 0.434570 0.460938 0.431641 0.464844 0.431641 0.466146 0.430664 0.467448 0.430664 0.470052 0.429688 0.471354 0.429688 0.477865 0.428711 0.479167 0.428711 0.484375 0.427734 0.485677 0.428711 0.486979 0.429688 0.490885 0.430664 0.492188 0.431641 0.492188 0.434570 0.494792 0.438477 0.494792 0.439453 0.496094 0.455078 0.496094 0.456055 0.494792 0.457031 0.494792 0.458008 0.493490 0.458008 0.492188 0.458984 0.490885 0.458984 0.489583 0.459961 0.488281 0.459961 0.486979 0.461914 0.483073 0.461914 0.480469 0.462891 0.479167 0.462891 0.468750 0.459961 0.464844 0.458984 0.464844 0.455078 0.459635 0.454102 0.459635 0.453125 0.458333 0.449219 0.458333 0.448242 0.457031 0.441406 0.457031 0.440430 0.458333
0 0.394531 0.516927 0.393555 0.518229 0.393555 0.519531 0.391602 0.522135 0.391602 0.536458 0.392578 0.537760 0.393555 0.541667 0.395508 0.544271 0.395508 0.545573 0.399414 0.545573 0.400391 0.546875 0.404297 0.546875 0.405273 0.548177 0.410156 0.548177 0.411133 0.549479 0.414062 0.549479 0.415039 0.548177 0.416016 0.548177 0.417969 0.545573 0.417969 0.544271 0.419922 0.541667 0.419922 0.540365 0.423828 0.535156 0.424805 0.535156 0.427734 0.532552 0.427734 0.528646 0.426758 0.527344 0.426758 0.526042 0.425781 0.524740 0.424805 0.520833 0.419922 0.514323 0.418945 0.514323 0.416016 0.511719 0.414062 0.511719 0.413086 0.510417 0.408203 0.510417 0.407227 0.509115 0.406250 0.510417 0.403320 0.510417 0.402344 0.511719 0.399414 0.513021 0.397461 0.515625
0 0.442383 0.507812 0.442383 0.509115 0.440430 0.511719 0.440430 0.514323 0.441406 0.515625 0.441406 0.523438 0.442383 0.524740 0.442383 0.529948 0.445312 0.533854 0.445312 0.535156 0.448242 0.536458 0.450195 0.539062 0.460938 0.539062 0.463867 0.536458 0.465820 0.536458 0.466797 0.535156 0.469727 0.535156 0.475586 0.527344 0.475586 0.526042 0.476562 0.524740 0.476562 0.522135 0.474609 0.518229 0.474609 0.515625 0.473633 0.514323 0.473633 0.511719 0.472656 0.510417 0.472656 0.507812 0.469727 0.503906 0.468750 0.503906 0.467773 0.502604 0.464844 0.502604 0.463867 0.501302 0.459961 0.501302 0.458984 0.500000 0.454102 0.500000 0.453125 0.501302 0.450195 0.501302 0.449219 0.502604 0.447266 0.502604 0.444336 0.506510 0.443359 0.506510
0 0.435547 0.536458 0.424805 0.536458 0.423828 0.537760 0.422852 0.537760 0.420898 0.540365 0.420898 0.541667 0.419922 0.542969 0.418945 0.546875 0.416992 0.549479 0.416992 0.552083 0.416016 0.553385 0.416016 0.561198 0.415039 0.562500 0.415039 0.572917 0.416016 0.574219 0.416016 0.575521 0.416992 0.576823 0.417969 0.576823 0.423828 0.584635 0.428711 0.584635 0.429688 0.583333 0.432617 0.583333 0.433594 0.582031 0.436523 0.582031 0.437500 0.580729 0.440430 0.579427 0.444336 0.574219 0.445312 0.574219 0.446289 0.572917 0.446289 0.570312 0.447266 0.569010 0.447266 0.565104 0.448242 0.563802 0.448242 0.561198 0.449219 0.559896 0.449219 0.554688 0.447266 0.552083 0.447266 0.550781 0.446289 0.549479 0.445312 0.545573 0.443359 0.542969 0.443359 0.541667 0.442383 0.541667 0.439453 0.537760 0.436523 0.537760
0 0.466797 0.540365 0.465820 0.541667 0.464844 0.541667 0.463867 0.542969 0.460938 0.544271 0.458984 0.546875 0.458008 0.546875 0.457031 0.548177 0.457031 0.550781 0.456055 0.552083 0.456055 0.571615 0.457031 0.572917 0.457031 0.575521 0.458984 0.578125 0.461914 0.579427 0.465820 0.584635 0.466797 0.584635 0.467773 0.585938 0.473633 0.585938 0.474609 0.584635 0.476562 0.584635 0.477539 0.583333 0.478516 0.583333 0.479492 0.582031 0.479492 0.580729 0.484375 0.574219 0.484375 0.572917 0.485352 0.571615 0.485352 0.558594 0.486328 0.557292 0.486328 0.553385 0.482422 0.548177 0.481445 0.548177 0.476562 0.542969 0.475586 0.542969 0.472656 0.540365
0 0.416016 0.585938 0.415039 0.587240 0.412109 0.588542 0.410156 0.591146 0.409180 0.591146 0.407227 0.593750 0.407227 0.595052 0.403320 0.600260 0.403320 0.609375 0.404297 0.610677 0.404297 0.615885 0.405273 0.617188 0.405273 0.623698 0.406250 0.625000 0.407227 0.628906 0.409180 0.631510 0.410156 0.631510 0.411133 0.632812 0.413086 0.632812 0.414062 0.634115 0.420898 0.634115 0.421875 0.635417 0.423828 0.635417 0.425781 0.632812 0.426758 0.632812 0.426758 0.631510 0.429688 0.627604 0.429688 0.626302 0.431641 0.623698 0.431641 0.622396 0.432617 0.621094 0.432617 0.619792 0.435547 0.613281 0.435547 0.606771 0.434570 0.605469 0.434570 0.600260 0.433594 0.598958 0.432617 0.595052 0.431641 0.593750 0.430664 0.593750 0.427734 0.589844 0.426758 0.589844 0.423828 0.587240 0.421875 0.587240 0.420898 0.585938
0 0.460938 0.580729 0.458984 0.580729 0.458008 0.579427 0.457031 0.580729 0.455078 0.580729 0.454102 0.582031 0.453125 0.582031 0.452148 0.583333 0.449219 0.584635 0.446289 0.588542 0.445312 0.588542 0.444336 0.589844 0.441406 0.591146 0.439453 0.593750 0.438477 0.593750 0.438477 0.595052 0.437500 0.596354 0.437500 0.600260 0.436523 0.601562 0.436523 0.602865 0.437500 0.604167 0.437500 0.611979 0.438477 0.613281 0.439453 0.617188 0.442383 0.621094 0.443359 0.621094 0.444336 0.622396 0.446289 0.622396 0.447266 0.623698 0.454102 0.623698 0.455078 0.622396 0.457031 0.622396 0.458008 0.621094 0.458984 0.621094 0.459961 0.619792 0.462891 0.618490 0.466797 0.613281 0.467773 0.613281 0.470703 0.610677 0.470703 0.601562 0.469727 0.600260 0.469727 0.592448 0.468750 0.591146 0.468750 0.589844 0.465820 0.585938 0.464844 0.585938
0 0.394531 0.634115 0.393555 0.635417 0.390625 0.636719 0.386719 0.641927 0.385742 0.641927 0.385742 0.643229 0.384766 0.644531 0.384766 0.660156 0.385742 0.661458 0.385742 0.665365 0.386719 0.666667 0.387695 0.670573 0.389648 0.673177 0.390625 0.673177 0.395508 0.677083 0.408203 0.677083 0.409180 0.675781 0.410156 0.675781 0.413086 0.671875 0.414062 0.671875 0.416016 0.669271 0.416992 0.669271 0.420898 0.664062 0.420898 0.662760 0.421875 0.661458 0.421875 0.656250 0.420898 0.654948 0.420898 0.651042 0.419922 0.649740 0.419922 0.647135 0.418945 0.645833 0.417969 0.641927 0.413086 0.635417 0.399414 0.635417 0.398438 0.634115
0 0.465820 0.619792 0.462891 0.622396 0.460938 0.622396 0.459961 0.623698 0.458008 0.623698 0.457031 0.625000 0.456055 0.625000 0.454102 0.627604 0.454102 0.628906 0.451172 0.635417 0.451172 0.640625 0.450195 0.641927 0.450195 0.643229 0.451172 0.644531 0.451172 0.648438 0.452148 0.649740 0.452148 0.651042 0.453125 0.652344 0.453125 0.653646 0.454102 0.654948 0.455078 0.658854 0.458008 0.662760 0.458984 0.662760 0.460938 0.665365 0.461914 0.665365 0.462891 0.666667 0.471680 0.666667 0.472656 0.665365 0.474609 0.665365 0.475586 0.664062 0.477539 0.664062 0.482422 0.657552 0.483398 0.657552 0.486328 0.653646 0.486328 0.648438 0.487305 0.647135 0.487305 0.639323 0.486328 0.638021 0.486328 0.636719 0.484375 0.634115 0.483398 0.630208 0.481445 0.627604 0.480469 0.627604 0.478516 0.625000 0.475586 0.623698 0.473633 0.621094 0.472656 0.621094 0.471680 0.619792
0 0.386719 0.682292 0.383789 0.686198 0.382812 0.686198 0.372070 0.700521 0.372070 0.701823 0.370117 0.705729 0.370117 0.709635 0.371094 0.710938 0.371094 0.713542 0.372070 0.714844 0.372070 0.716146 0.373047 0.717448 0.374023 0.721354 0.379883 0.729167 0.380859 0.729167 0.383789 0.731771 0.390625 0.731771 0.391602 0.730469 0.392578 0.730469 0.399414 0.721354 0.399414 0.720052 0.403320 0.714844 0.403320 0.710938 0.404297 0.709635 0.404297 0.707031 0.405273 0.705729 0.405273 0.704427 0.404297 0.703125 0.404297 0.699219 0.403320 0.697917 0.403320 0.695312 0.400391 0.691406 0.400391 0.690104 0.395508 0.683594 0.394531 0.683594 0.393555 0.682292
0 0.421875 0.670573 0.420898 0.671875 0.418945 0.671875 0.416016 0.675781 0.415039 0.675781 0.411133 0.680990 0.411133 0.682292 0.410156 0.683594 0.410156 0.684896 0.409180 0.686198 0.409180 0.687500 0.406250 0.694010 0.406250 0.697917 0.405273 0.699219 0.406250 0.700521 0.406250 0.703125 0.410156 0.708333 0.412109 0.708333 0.415039 0.710938 0.417969 0.710938 0.418945 0.712240 0.420898 0.712240 0.421875 0.713542 0.424805 0.713542 0.425781 0.714844 0.430664 0.714844 0.431641 0.713542 0.434570 0.712240 0.439453 0.705729 0.439453 0.704427 0.441406 0.700521 0.441406 0.690104 0.440430 0.688802 0.440430 0.687500 0.438477 0.684896 0.437500 0.680990 0.434570 0.677083 0.434570 0.675781 0.433594 0.674479 0.431641 0.674479 0.430664 0.673177 0.427734 0.673177 0.426758 0.671875 0.424805 0.671875 0.423828 0.670573
0 0.448242 0.670573 0.445312 0.677083 0.445312 0.682292 0.444336 0.683594 0.444336 0.694010 0.443359 0.695312 0.443359 0.701823 0.444336 0.703125 0.444336 0.705729 0.448242 0.710938 0.449219 0.710938 0.451172 0.713542 0.453125 0.713542 0.454102 0.714844 0.455078 0.714844 0.458008 0.717448 0.459961 0.717448 0.460938 0.718750 0.466797 0.718750 0.467773 0.717448 0.469727 0.717448 0.470703 0.716146 0.472656 0.716146 0.473633 0.714844 0.473633 0.713542 0.475586 0.710938 0.475586 0.708333 0.476562 0.707031 0.476562 0.692708 0.477539 0.691406 0.477539 0.683594 0.476562 0.682292 0.476562 0.678385 0.470703 0.671875 0.468750 0.671875 0.467773 0.670573 0.462891 0.670573 0.461914 0.669271 0.459961 0.669271 0.458984 0.667969 0.452148 0.667969 0.451172 0.669271
0 0.373047 0.739583 0.371094 0.742188 0.371094 0.743490 0.368164 0.750000 0.368164 0.752604 0.367188 0.753906 0.367188 0.756510 0.366211 0.757812 0.366211 0.769531 0.367188 0.770833 0.367188 0.773438 0.370117 0.777344 0.370117 0.778646 0.371094 0.778646 0.373047 0.781250 0.375000 0.781250 0.375977 0.782552 0.378906 0.782552 0.379883 0.783854 0.387695 0.783854 0.388672 0.782552 0.393555 0.782552 0.394531 0.781250 0.395508 0.781250 0.397461 0.778646 0.398438 0.774740 0.400391 0.772135 0.400391 0.769531 0.401367 0.768229 0.401367 0.761719 0.402344 0.760417 0.402344 0.756510 0.401367 0.755208 0.401367 0.751302 0.400391 0.750000 0.399414 0.746094 0.394531 0.739583 0.392578 0.739583 0.391602 0.738281 0.375000 0.738281 0.374023 0.739583
0 0.412109 0.721354 0.411133 0.722656 0.410156 0.722656 0.409180 0.723958 0.406250 0.725260 0.403320 0.729167 0.403320 0.733073 0.402344 0.734375 0.402344 0.750000 0.403320 0.751302 0.403320 0.766927 0.404297 0.768229 0.407227 0.768229 0.408203 0.769531 0.410156 0.769531 0.411133 0.770833 0.420898 0.770833 0.421875 0.769531 0.424805 0.769531 0.425781 0.768229 0.426758 0.768229 0.428711 0.765625 0.428711 0.764323 0.431641 0.757812 0.431641 0.753906 0.432617 0.752604 0.432617 0.738281 0.431641 0.736979 0.431641 0.734375 0.430664 0.733073 0.430664 0.731771 0.427734 0.725260 0.426758 0.725260 0.423828 0.722656 0.419922 0.722656 0.418945 0.721354
0 0.449219 0.736979 0.448242 0.738281 0.445312 0.739583 0.443359 0.742188 0.440430 0.743490 0.438477 0.746094 0.438477 0.747396 0.436523 0.751302 0.436523 0.768229 0.437500 0.769531 0.438477 0.769531 0.441406 0.773438 0.442383 0.773438 0.447266 0.777344 0.454102 0.777344 0.455078 0.778646 0.459961 0.778646 0.460938 0.777344 0.462891 0.777344 0.462891 0.776042 0.463867 0.774740 0.464844 0.774740 0.467773 0.770833 0.467773 0.769531 0.470703 0.763021 0.470703 0.759115 0.471680 0.757812 0.471680 0.753906 0.472656 0.752604 0.471680 0.751302 0.470703 0.747396 0.468750 0.744792 0.468750 0.743490 0.465820 0.739583 0.462891 0.739583 0.458008 0.735677 0.453125 0.735677 0.452148 0.736979
0 0.360352 0.804688 0.360352 0.805990 0.358398 0.808594 0.358398 0.811198 0.357422 0.812500 0.357422 0.829427 0.358398 0.830729 0.359375 0.834635 0.362305 0.838542 0.363281 0.838542 0.364258 0.839844 0.367188 0.839844 0.368164 0.838542 0.374023 0.838542 0.375000 0.837240 0.376953 0.837240 0.377930 0.835938 0.379883 0.835938 0.380859 0.834635 0.385742 0.834635 0.386719 0.833333 0.388672 0.833333 0.390625 0.830729 0.390625 0.825521 0.391602 0.824219 0.391602 0.812500 0.390625 0.811198 0.390625 0.808594 0.388672 0.804688 0.388672 0.800781 0.387695 0.799479 0.387695 0.798177 0.386719 0.798177 0.385742 0.796875 0.369141 0.796875 0.368164 0.798177 0.366211 0.798177 0.364258 0.800781 0.363281 0.800781
0 0.413086 0.777344 0.409180 0.777344 0.408203 0.778646 0.404297 0.778646 0.403320 0.779948 0.401367 0.779948 0.400391 0.781250 0.399414 0.781250 0.395508 0.786458 0.395508 0.787760 0.393555 0.790365 0.393555 0.791667 0.391602 0.795573 0.391602 0.798177 0.390625 0.799479 0.390625 0.804688 0.391602 0.805990 0.391602 0.807292 0.392578 0.808594 0.392578 0.811198 0.394531 0.815104 0.394531 0.819010 0.399414 0.825521 0.402344 0.826823 0.404297 0.829427 0.405273 0.829427 0.406250 0.830729 0.411133 0.830729 0.414062 0.826823 0.414062 0.825521 0.420898 0.816406 0.421875 0.812500 0.423828 0.809896 0.423828 0.808594 0.425781 0.804688 0.425781 0.803385 0.424805 0.802083 0.424805 0.796875 0.423828 0.795573 0.423828 0.789062 0.421875 0.786458 0.420898 0.782552 0.418945 0.779948 0.417969 0.779948 0.416992 0.778646 0.414062 0.778646
0 0.457031 0.782552 0.455078 0.782552 0.454102 0.781250 0.445312 0.781250 0.444336 0.782552 0.442383 0.782552 0.441406 0.783854 0.437500 0.783854 0.436523 0.785156 0.435547 0.785156 0.433594 0.787760 0.433594 0.789062 0.430664 0.792969 0.430664 0.794271 0.429688 0.795573 0.429688 0.812500 0.430664 0.813802 0.430664 0.819010 0.431641 0.820312 0.431641 0.822917 0.433594 0.825521 0.442383 0.825521 0.443359 0.824219 0.447266 0.824219 0.448242 0.822917 0.453125 0.822917 0.454102 0.821615 0.456055 0.821615 0.457031 0.820312 0.458008 0.820312 0.459961 0.817708 0.459961 0.816406 0.460938 0.815104 0.460938 0.812500 0.461914 0.811198 0.461914 0.808594 0.462891 0.807292 0.462891 0.802083 0.461914 0.800781 0.461914 0.794271 0.460938 0.792969 0.460938 0.790365 0.458984 0.787760 0.458984 0.786458
0 0.478516 0.761719 0.469727 0.769531 0.468750 0.773438 0.466797 0.776042 0.466797 0.777344 0.464844 0.781250 0.464844 0.804688 0.466797 0.808594 0.467773 0.808594 0.470703 0.811198 0.474609 0.811198 0.475586 0.812500 0.479492 0.812500 0.480469 0.813802 0.488281 0.813802 0.489258 0.815104 0.495117 0.815104 0.496094 0.813802 0.497070 0.813802 0.497070 0.811198 0.498047 0.809896 0.498047 0.802083 0.499023 0.800781 0.499023 0.787760 0.498047 0.786458 0.498047 0.777344 0.497070 0.776042 0.497070 0.774740 0.493164 0.769531 0.493164 0.768229 0.492188 0.766927 0.491211 0.766927 0.489258 0.764323 0.488281 0.764323 0.486328 0.761719
0 0.525391 0.761719 0.520508 0.761719 0.519531 0.763021 0.515625 0.763021 0.514648 0.764323 0.510742 0.764323 0.509766 0.765625 0.507812 0.765625 0.505859 0.768229 0.502930 0.769531 0.500977 0.773438 0.500977 0.776042 0.500000 0.777344 0.500000 0.786458 0.500977 0.787760 0.500977 0.794271 0.501953 0.795573 0.501953 0.799479 0.502930 0.800781 0.502930 0.802083 0.503906 0.802083 0.505859 0.804688 0.505859 0.805990 0.507812 0.809896 0.514648 0.809896 0.515625 0.808594 0.523438 0.808594 0.524414 0.807292 0.526367 0.807292 0.527344 0.805990 0.528320 0.805990 0.533203 0.799479 0.533203 0.796875 0.534180 0.795573 0.534180 0.783854 0.533203 0.782552 0.533203 0.779948 0.532227 0.778646 0.532227 0.776042 0.531250 0.774740 0.531250 0.772135 0.530273 0.770833 0.530273 0.769531 0.527344 0.765625 0.527344 0.764323
0 0.482422 0.707031 0.481445 0.708333 0.480469 0.708333 0.474609 0.716146 0.474609 0.717448 0.472656 0.720052 0.472656 0.721354 0.471680 0.722656 0.471680 0.725260 0.470703 0.726562 0.470703 0.731771 0.469727 0.733073 0.469727 0.740885 0.470703 0.742188 0.470703 0.743490 0.473633 0.747396 0.473633 0.748698 0.478516 0.752604 0.480469 0.752604 0.481445 0.753906 0.485352 0.753906 0.486328 0.755208 0.487305 0.753906 0.492188 0.753906 0.493164 0.752604 0.496094 0.752604 0.498047 0.750000 0.498047 0.748698 0.500000 0.744792 0.500000 0.742188 0.500977 0.740885 0.500977 0.727865 0.501953 0.726562 0.501953 0.720052 0.500977 0.718750 0.500977 0.717448 0.499023 0.714844 0.498047 0.714844 0.495117 0.710938 0.494141 0.710938 0.492188 0.708333 0.491211 0.708333 0.490234 0.707031
0 0.517578 0.710938 0.516602 0.712240 0.513672 0.712240 0.512695 0.713542 0.511719 0.713542 0.509766 0.716146 0.508789 0.716146 0.505859 0.720052 0.505859 0.721354 0.504883 0.722656 0.504883 0.726562 0.503906 0.727865 0.503906 0.743490 0.504883 0.744792 0.504883 0.747396 0.506836 0.750000 0.506836 0.751302 0.509766 0.755208 0.511719 0.755208 0.514648 0.757812 0.519531 0.757812 0.520508 0.759115 0.524414 0.759115 0.525391 0.757812 0.530273 0.755208 0.532227 0.752604 0.537109 0.750000 0.537109 0.748698 0.538086 0.747396 0.538086 0.739583 0.539062 0.738281 0.539062 0.727865 0.538086 0.726562 0.538086 0.722656 0.537109 0.721354 0.537109 0.720052 0.533203 0.714844 0.532227 0.714844 0.531250 0.713542 0.529297 0.713542 0.528320 0.712240 0.525391 0.712240 0.524414 0.710938
0 0.489258 0.657552 0.481445 0.666667 0.481445 0.667969 0.478516 0.674479 0.479492 0.675781 0.479492 0.683594 0.480469 0.684896 0.480469 0.688802 0.481445 0.690104 0.481445 0.696615 0.483398 0.700521 0.486328 0.700521 0.487305 0.701823 0.489258 0.701823 0.490234 0.703125 0.493164 0.704427 0.495117 0.707031 0.498047 0.707031 0.499023 0.708333 0.502930 0.708333 0.503906 0.707031 0.505859 0.707031 0.505859 0.705729 0.506836 0.704427 0.506836 0.700521 0.507812 0.699219 0.507812 0.696615 0.508789 0.695312 0.508789 0.688802 0.509766 0.687500 0.509766 0.683594 0.510742 0.682292 0.510742 0.675781 0.511719 0.674479 0.511719 0.667969 0.509766 0.664062 0.507812 0.664062 0.506836 0.662760 0.504883 0.662760 0.500000 0.658854 0.495117 0.658854 0.494141 0.657552
0 0.513672 0.664062 0.513672 0.669271 0.512695 0.670573 0.512695 0.680990 0.511719 0.682292 0.511719 0.687500 0.510742 0.688802 0.510742 0.697917 0.511719 0.699219 0.511719 0.700521 0.512695 0.700521 0.515625 0.703125 0.517578 0.703125 0.518555 0.704427 0.519531 0.704427 0.522461 0.707031 0.524414 0.707031 0.525391 0.708333 0.530273 0.708333 0.531250 0.709635 0.533203 0.709635 0.534180 0.708333 0.536133 0.708333 0.539062 0.704427 0.539062 0.703125 0.541016 0.699219 0.541016 0.696615 0.541992 0.695312 0.541992 0.692708 0.542969 0.691406 0.542969 0.686198 0.543945 0.684896 0.543945 0.679688 0.544922 0.678385 0.544922 0.675781 0.545898 0.674479 0.545898 0.671875 0.544922 0.670573 0.544922 0.667969 0.543945 0.667969 0.541992 0.665365 0.539062 0.665365 0.538086 0.664062 0.535156 0.664062 0.534180 0.662760 0.531250 0.662760 0.530273 0.661458 0.525391 0.661458 0.524414 0.660156 0.521484 0.660156 0.520508 0.661458 0.518555 0.661458 0.517578 0.662760 0.515625 0.662760 0.514648 0.664062
0 0.513672 0.618490 0.511719 0.618490 0.510742 0.619792 0.504883 0.619792 0.503906 0.621094 0.499023 0.621094 0.498047 0.622396 0.496094 0.622396 0.496094 0.623698 0.494141 0.627604 0.494141 0.630208 0.493164 0.631510 0.493164 0.636719 0.492188 0.638021 0.492188 0.643229 0.495117 0.647135 0.495117 0.653646 0.496094 0.653646 0.498047 0.656250 0.500000 0.656250 0.500977 0.657552 0.502930 0.657552 0.505859 0.660156 0.513672 0.660156 0.514648 0.658854 0.516602 0.658854 0.517578 0.657552 0.519531 0.657552 0.522461 0.654948 0.522461 0.652344 0.523438 0.651042 0.523438 0.639323 0.524414 0.638021 0.524414 0.634115 0.523438 0.632812 0.523438 0.630208 0.522461 0.628906 0.521484 0.625000 0.518555 0.621094 0.517578 0.621094 0.516602 0.619792 0.514648 0.619792
0 0.543945 0.622396 0.541016 0.625000 0.539062 0.625000 0.538086 0.626302 0.537109 0.626302 0.533203 0.631510 0.532227 0.631510 0.531250 0.632812 0.531250 0.634115 0.529297 0.638021 0.529297 0.645833 0.528320 0.647135 0.529297 0.648438 0.529297 0.653646 0.531250 0.657552 0.532227 0.657552 0.533203 0.658854 0.535156 0.658854 0.536133 0.660156 0.537109 0.660156 0.541992 0.664062 0.543945 0.664062 0.546875 0.666667 0.552734 0.666667 0.553711 0.665365 0.554688 0.665365 0.564453 0.652344 0.564453 0.651042 0.565430 0.649740 0.565430 0.640625 0.556641 0.628906 0.555664 0.628906 0.551758 0.623698 0.550781 0.623698 0.549805 0.622396
0 0.481445 0.582031 0.481445 0.584635 0.480469 0.585938 0.480469 0.592448 0.479492 0.593750 0.479492 0.598958 0.480469 0.600260 0.480469 0.606771 0.483398 0.610677 0.484375 0.610677 0.485352 0.611979 0.486328 0.611979 0.491211 0.615885 0.493164 0.615885 0.494141 0.617188 0.503906 0.617188 0.504883 0.615885 0.506836 0.615885 0.511719 0.611979 0.511719 0.609375 0.512695 0.608073 0.512695 0.585938 0.511719 0.584635 0.508789 0.583333 0.505859 0.579427 0.504883 0.579427 0.503906 0.578125 0.501953 0.578125 0.500000 0.575521 0.498047 0.575521 0.497070 0.574219 0.495117 0.574219 0.494141 0.572917 0.491211 0.572917 0.490234 0.574219 0.488281 0.574219 0.487305 0.575521 0.486328 0.575521 0.486328 0.576823
0 0.533203 0.574219 0.531250 0.576823 0.530273 0.576823 0.529297 0.578125 0.526367 0.579427 0.524414 0.582031 0.523438 0.582031 0.518555 0.588542 0.518555 0.589844 0.516602 0.592448 0.516602 0.593750 0.515625 0.595052 0.515625 0.606771 0.516602 0.608073 0.517578 0.611979 0.519531 0.614583 0.520508 0.614583 0.524414 0.619792 0.525391 0.619792 0.526367 0.621094 0.529297 0.621094 0.530273 0.622396 0.534180 0.622396 0.535156 0.623698 0.537109 0.623698 0.538086 0.622396 0.540039 0.622396 0.541992 0.619792 0.544922 0.618490 0.549805 0.611979 0.549805 0.608073 0.550781 0.606771 0.550781 0.605469 0.552734 0.601562 0.552734 0.598958 0.553711 0.597656 0.553711 0.592448 0.552734 0.591146 0.552734 0.588542 0.550781 0.585938 0.545898 0.583333 0.541016 0.576823 0.540039 0.576823 0.537109 0.574219
0 0.536133 0.544271 0.535156 0.545573 0.535156 0.550781 0.534180 0.552083 0.534180 0.570312 0.535156 0.571615 0.535156 0.572917 0.537109 0.572917 0.538086 0.574219 0.541016 0.575521 0.545898 0.582031 0.547852 0.582031 0.548828 0.583333 0.549805 0.583333 0.552734 0.585938 0.553711 0.584635 0.557617 0.584635 0.558594 0.583333 0.559570 0.583333 0.561523 0.580729 0.561523 0.579427 0.563477 0.575521 0.563477 0.571615 0.564453 0.570312 0.564453 0.554688 0.563477 0.553385 0.563477 0.552083 0.561523 0.549479 0.560547 0.549479 0.555664 0.544271 0.552734 0.544271 0.551758 0.542969 0.548828 0.542969 0.547852 0.541667 0.540039 0.541667 0.539062 0.542969
0 0.500000 0.546875 0.500000 0.548177 0.499023 0.549479 0.499023 0.563802 0.500000 0.565104 0.500000 0.569010 0.502930 0.572917 0.503906 0.572917 0.506836 0.575521 0.513672 0.575521 0.514648 0.576823 0.517578 0.576823 0.518555 0.575521 0.526367 0.575521 0.527344 0.574219 0.529297 0.574219 0.532227 0.570312 0.532227 0.566406 0.533203 0.565104 0.533203 0.550781 0.532227 0.549479 0.532227 0.545573 0.531250 0.544271 0.531250 0.542969 0.525391 0.535156 0.524414 0.535156 0.523438 0.533854 0.515625 0.533854 0.514648 0.535156 0.512695 0.535156 0.511719 0.536458 0.510742 0.536458 0.509766 0.537760 0.506836 0.539062 0.504883 0.541667 0.503906 0.541667
0 0.469727 0.472656 0.468750 0.473958 0.468750 0.475260 0.467773 0.476562 0.467773 0.477865 0.466797 0.479167 0.466797 0.480469 0.464844 0.484375 0.464844 0.486979 0.463867 0.488281 0.463867 0.497396 0.465820 0.500000 0.471680 0.502604 0.474609 0.506510 0.475586 0.506510 0.476562 0.507812 0.477539 0.507812 0.480469 0.510417 0.482422 0.510417 0.483398 0.511719 0.489258 0.511719 0.490234 0.510417 0.491211 0.510417 0.493164 0.507812 0.493164 0.506510 0.495117 0.502604 0.495117 0.500000 0.496094 0.498698 0.496094 0.494792 0.497070 0.493490 0.497070 0.490885 0.498047 0.489583 0.498047 0.486979 0.499023 0.485677 0.498047 0.484375 0.498047 0.481771 0.495117 0.477865 0.494141 0.477865 0.490234 0.472656 0.488281 0.472656 0.486328 0.470052 0.474609 0.470052 0.473633 0.471354 0.471680 0.471354 0.470703 0.472656
0 0.509766 0.475260 0.505859 0.480469 0.504883 0.480469 0.503906 0.481771 0.503906 0.483073 0.500977 0.486979 0.500977 0.489583 0.500000 0.490885 0.500000 0.497396 0.499023 0.498698 0.499023 0.501302 0.498047 0.502604 0.499023 0.503906 0.500977 0.503906 0.502930 0.506510 0.505859 0.507812 0.507812 0.510417 0.507812 0.511719 0.508789 0.513021 0.510742 0.513021 0.512695 0.515625 0.513672 0.515625 0.516602 0.519531 0.521484 0.519531 0.522461 0.518229 0.525391 0.518229 0.526367 0.516927 0.527344 0.516927 0.528320 0.515625 0.531250 0.514323 0.533203 0.511719 0.533203 0.509115 0.534180 0.507812 0.534180 0.500000 0.535156 0.498698 0.535156 0.490885 0.534180 0.489583 0.534180 0.486979 0.533203 0.485677 0.533203 0.484375 0.531250 0.481771 0.530273 0.481771 0.525391 0.477865 0.522461 0.477865 0.521484 0.476562 0.519531 0.476562 0.518555 0.475260 0.516602 0.475260 0.515625 0.473958 0.512695 0.473958 0.511719 0.475260
0 0.563477 0.497396 0.560547 0.500000 0.558594 0.500000 0.557617 0.501302 0.556641 0.501302 0.552734 0.506510 0.552734 0.507812 0.550781 0.510417 0.550781 0.514323 0.548828 0.518229 0.548828 0.526042 0.549805 0.527344 0.549805 0.529948 0.550781 0.531250 0.550781 0.532552 0.551758 0.533854 0.552734 0.537760 0.553711 0.537760 0.556641 0.540365 0.561523 0.540365 0.562500 0.541667 0.570312 0.541667 0.571289 0.540365 0.573242 0.540365 0.578125 0.533854 0.578125 0.532552 0.579102 0.531250 0.579102 0.528646 0.580078 0.527344 0.580078 0.519531 0.581055 0.518229 0.581055 0.509115 0.580078 0.507812 0.580078 0.506510 0.575195 0.500000 0.574219 0.500000 0.573242 0.498698 0.571289 0.498698 0.570312 0.497396
0 0.582031 0.528646 0.581055 0.529948 0.580078 0.533854 0.575195 0.540365 0.575195 0.541667 0.574219 0.542969 0.574219 0.544271 0.572266 0.548177 0.574219 0.555990 0.575195 0.555990 0.578125 0.559896 0.579102 0.559896 0.580078 0.561198 0.581055 0.561198 0.582031 0.562500 0.583008 0.562500 0.583984 0.563802 0.584961 0.563802 0.587891 0.566406 0.594727 0.566406 0.597656 0.563802 0.599609 0.563802 0.602539 0.559896 0.602539 0.558594 0.604492 0.554688 0.604492 0.552083 0.605469 0.550781 0.605469 0.544271 0.603516 0.540365 0.603516 0.537760 0.599609 0.531250 0.598633 0.531250 0.595703 0.528646 0.592773 0.528646 0.591797 0.527344 0.584961 0.527344 0.583984 0.528646
0 0.565430 0.588542 0.564453 0.589844 0.562500 0.589844 0.561523 0.591146 0.560547 0.591146 0.559570 0.592448 0.556641 0.593750 0.556641 0.595052 0.555664 0.596354 0.555664 0.598958 0.554688 0.600260 0.554688 0.602865 0.553711 0.604167 0.553711 0.606771 0.552734 0.608073 0.552734 0.619792 0.553711 0.621094 0.554688 0.625000 0.555664 0.626302 0.556641 0.626302 0.560547 0.631510 0.560547 0.632812 0.561523 0.634115 0.562500 0.634115 0.563477 0.635417 0.565430 0.635417 0.566406 0.636719 0.570312 0.636719 0.571289 0.635417 0.572266 0.635417 0.574219 0.632812 0.575195 0.632812 0.578125 0.628906 0.579102 0.628906 0.583008 0.623698 0.583984 0.623698 0.583984 0.622396 0.587891 0.617188 0.587891 0.609375 0.586914 0.608073 0.586914 0.605469 0.585938 0.604167 0.585938 0.602865 0.580078 0.595052 0.579102 0.595052 0.577148 0.592448 0.574219 0.591146 0.572266 0.588542
0 0.553711 0.458333 0.545898 0.458333 0.544922 0.459635 0.541992 0.459635 0.541016 0.460938 0.540039 0.460938 0.536133 0.466146 0.536133 0.468750 0.535156 0.470052 0.535156 0.472656 0.534180 0.473958 0.534180 0.481771 0.536133 0.484375 0.536133 0.488281 0.537109 0.489583 0.537109 0.493490 0.538086 0.494792 0.538086 0.496094 0.540039 0.498698 0.541016 0.498698 0.541992 0.500000 0.543945 0.500000 0.544922 0.501302 0.546875 0.501302 0.547852 0.502604 0.549805 0.502604 0.550781 0.501302 0.553711 0.500000 0.560547 0.490885 0.561523 0.490885 0.563477 0.488281 0.563477 0.486979 0.564453 0.485677 0.564453 0.484375 0.566406 0.480469 0.566406 0.473958 0.565430 0.472656 0.564453 0.468750 0.559570 0.462240 0.558594 0.462240 0.556641 0.459635 0.554688 0.459635
0 0.465820 0.419271 0.463867 0.421875 0.463867 0.424479 0.460938 0.428385 0.460938 0.433594 0.459961 0.434896 0.459961 0.449219 0.461914 0.451823 0.462891 0.455729 0.466797 0.460938 0.469727 0.460938 0.470703 0.462240 0.472656 0.462240 0.473633 0.463542 0.476562 0.463542 0.477539 0.462240 0.482422 0.462240 0.483398 0.460938 0.485352 0.460938 0.487305 0.458333 0.487305 0.457031 0.488281 0.455729 0.488281 0.450521 0.489258 0.449219 0.489258 0.446615 0.490234 0.445312 0.490234 0.442708 0.491211 0.441406 0.491211 0.438802 0.492188 0.437500 0.492188 0.432292 0.493164 0.430990 0.493164 0.429688 0.492188 0.428385 0.491211 0.424479 0.488281 0.420573 0.487305 0.420573 0.485352 0.417969 0.483398 0.417969 0.482422 0.416667 0.470703 0.416667 0.469727 0.417969 0.467773 0.417969 0.466797 0.419271
0 0.502930 0.407552 0.501953 0.408854 0.500977 0.408854 0.498047 0.412760 0.497070 0.412760 0.496094 0.414062 0.496094 0.416667 0.495117 0.417969 0.495117 0.427083 0.496094 0.428385 0.496094 0.441406 0.497070 0.442708 0.497070 0.446615 0.498047 0.447917 0.501953 0.447917 0.502930 0.449219 0.503906 0.449219 0.506836 0.451823 0.508789 0.451823 0.509766 0.453125 0.510742 0.451823 0.516602 0.451823 0.519531 0.447917 0.520508 0.447917 0.521484 0.446615 0.521484 0.445312 0.527344 0.437500 0.527344 0.436198 0.528320 0.434896 0.528320 0.432292 0.527344 0.430990 0.527344 0.423177 0.526367 0.421875 0.526367 0.417969 0.525391 0.416667 0.525391 0.414062 0.520508 0.407552 0.518555 0.407552 0.517578 0.406250 0.506836 0.406250 0.505859 0.407552
0 0.480469 0.367188 0.479492 0.368490 0.478516 0.368490 0.475586 0.372396 0.475586 0.373698 0.474609 0.375000 0.474609 0.376302 0.472656 0.378906 0.471680 0.382812 0.468750 0.386719 0.468750 0.388021 0.466797 0.391927 0.466797 0.394531 0.467773 0.395833 0.467773 0.401042 0.468750 0.402344 0.469727 0.406250 0.470703 0.406250 0.473633 0.410156 0.474609 0.410156 0.475586 0.411458 0.477539 0.411458 0.478516 0.412760 0.482422 0.412760 0.483398 0.414062 0.486328 0.414062 0.487305 0.412760 0.488281 0.412760 0.489258 0.411458 0.490234 0.411458 0.491211 0.410156 0.494141 0.408854 0.497070 0.404948 0.498047 0.404948 0.498047 0.403646 0.500000 0.401042 0.500000 0.399740 0.501953 0.395833 0.501953 0.390625 0.500977 0.389323 0.500977 0.388021 0.500000 0.386719 0.500000 0.385417 0.499023 0.384115 0.499023 0.382812 0.498047 0.381510 0.497070 0.377604 0.492188 0.371094 0.491211 0.371094 0.490234 0.369792 0.488281 0.369792 0.487305 0.368490 0.485352 0.368490 0.484375 0.367188
0 0.520508 0.332031 0.514648 0.339844 0.514648 0.347656 0.515625 0.348958 0.515625 0.354167 0.516602 0.355469 0.516602 0.360677 0.517578 0.361979 0.517578 0.363281 0.518555 0.363281 0.521484 0.365885 0.523438 0.365885 0.524414 0.367188 0.526367 0.367188 0.527344 0.368490 0.530273 0.368490 0.531250 0.369792 0.534180 0.369792 0.535156 0.368490 0.536133 0.368490 0.542969 0.359375 0.542969 0.358073 0.544922 0.355469 0.544922 0.350260 0.546875 0.346354 0.546875 0.342448 0.547852 0.341146 0.547852 0.335938 0.546875 0.334635 0.546875 0.333333 0.543945 0.330729 0.524414 0.330729 0.523438 0.332031
0 0.569336 0.354167 0.568359 0.354167 0.567383 0.352865 0.566406 0.352865 0.565430 0.354167 0.557617 0.354167 0.556641 0.355469 0.553711 0.355469 0.552734 0.356771 0.549805 0.356771 0.548828 0.358073 0.546875 0.358073 0.543945 0.360677 0.543945 0.361979 0.542969 0.363281 0.542969 0.368490 0.541992 0.369792 0.541992 0.371094 0.542969 0.372396 0.542969 0.377604 0.543945 0.378906 0.543945 0.381510 0.544922 0.382812 0.544922 0.384115 0.546875 0.386719 0.547852 0.390625 0.549805 0.393229 0.550781 0.393229 0.551758 0.394531 0.556641 0.394531 0.557617 0.395833 0.562500 0.395833 0.563477 0.394531 0.565430 0.394531 0.566406 0.395833 0.568359 0.395833 0.569336 0.394531 0.571289 0.394531 0.573242 0.391927 0.573242 0.390625 0.575195 0.386719 0.575195 0.381510 0.576172 0.380208 0.576172 0.372396 0.575195 0.371094 0.575195 0.368490 0.572266 0.361979 0.572266 0.359375 0.571289 0.358073 0.571289 0.356771
0 0.569336 0.337240 0.569336 0.338542 0.568359 0.339844 0.568359 0.342448 0.567383 0.343750 0.567383 0.350260 0.573242 0.358073 0.573242 0.360677 0.574219 0.361979 0.574219 0.363281 0.576172 0.367188 0.576172 0.369792 0.577148 0.369792 0.578125 0.371094 0.583984 0.371094 0.584961 0.369792 0.587891 0.369792 0.588867 0.368490 0.590820 0.368490 0.591797 0.367188 0.593750 0.367188 0.594727 0.365885 0.595703 0.365885 0.598633 0.361979 0.598633 0.354167 0.599609 0.352865 0.599609 0.345052 0.598633 0.343750 0.598633 0.339844 0.597656 0.338542 0.597656 0.337240 0.595703 0.334635 0.577148 0.334635 0.576172 0.335938 0.570312 0.335938
0 0.599609 0.373698 0.596680 0.373698 0.595703 0.372396 0.591797 0.372396 0.590820 0.371094 0.589844 0.372396 0.583984 0.372396 0.583008 0.373698 0.581055 0.373698 0.578125 0.376302 0.578125 0.378906 0.577148 0.380208 0.577148 0.389323 0.576172 0.390625 0.576172 0.394531 0.575195 0.395833 0.574219 0.399740 0.571289 0.403646 0.572266 0.404948 0.572266 0.412760 0.574219 0.415365 0.575195 0.415365 0.576172 0.416667 0.579102 0.416667 0.580078 0.417969 0.582031 0.417969 0.583984 0.420573 0.586914 0.420573 0.587891 0.419271 0.591797 0.419271 0.592773 0.417969 0.594727 0.417969 0.595703 0.416667 0.598633 0.415365 0.601562 0.411458 0.604492 0.410156 0.604492 0.408854 0.605469 0.407552 0.605469 0.384115 0.604492 0.382812 0.603516 0.378906
0 0.569336 0.416667 0.565430 0.416667 0.564453 0.417969 0.563477 0.417969 0.562500 0.416667 0.557617 0.416667 0.556641 0.417969 0.552734 0.417969 0.551758 0.419271 0.550781 0.419271 0.547852 0.423177 0.546875 0.423177 0.545898 0.424479 0.545898 0.442708 0.546875 0.444010 0.546875 0.446615 0.547852 0.447917 0.548828 0.451823 0.550781 0.454427 0.551758 0.454427 0.552734 0.455729 0.553711 0.455729 0.556641 0.458333 0.561523 0.458333 0.562500 0.457031 0.564453 0.457031 0.565430 0.455729 0.566406 0.455729 0.569336 0.451823 0.570312 0.451823 0.576172 0.444010 0.576172 0.442708 0.577148 0.441406 0.577148 0.432292 0.575195 0.428385 0.575195 0.425781 0.574219 0.424479 0.574219 0.421875 0.573242 0.420573 0.573242 0.419271 0.572266 0.417969 0.570312 0.417969
0 0.603516 0.416667 0.602539 0.417969 0.601562 0.417969 0.595703 0.425781 0.595703 0.427083 0.593750 0.430990 0.593750 0.433594 0.592773 0.434896 0.592773 0.441406 0.593750 0.442708 0.593750 0.444010 0.600586 0.453125 0.601562 0.453125 0.603516 0.455729 0.603516 0.457031 0.604492 0.457031 0.605469 0.458333 0.608398 0.458333 0.609375 0.459635 0.615234 0.459635 0.616211 0.458333 0.617188 0.458333 0.618164 0.457031 0.621094 0.455729 0.626953 0.447917 0.626953 0.445312 0.627930 0.444010 0.626953 0.442708 0.626953 0.437500 0.625977 0.436198 0.625977 0.434896 0.622070 0.429688 0.622070 0.428385 0.618164 0.423177 0.618164 0.421875 0.614258 0.416667 0.612305 0.416667 0.611328 0.415365 0.608398 0.415365 0.607422 0.416667
0 0.596680 0.453125 0.590820 0.453125 0.589844 0.454427 0.586914 0.455729 0.583984 0.459635 0.581055 0.460938 0.578125 0.464844 0.578125 0.466146 0.571289 0.476562 0.571289 0.484375 0.572266 0.485677 0.572266 0.486979 0.573242 0.488281 0.574219 0.488281 0.577148 0.492188 0.577148 0.494792 0.580078 0.498698 0.583984 0.498698 0.588867 0.502604 0.591797 0.502604 0.594727 0.500000 0.596680 0.500000 0.597656 0.498698 0.599609 0.498698 0.600586 0.497396 0.601562 0.497396 0.611328 0.485677 0.611328 0.483073 0.612305 0.481771 0.610352 0.477865 0.610352 0.475260 0.608398 0.472656 0.607422 0.468750 0.603516 0.462240 0.602539 0.458333 0.599609 0.454427 0.597656 0.454427
0 0.630859 0.480469 0.619141 0.480469 0.617188 0.483073 0.616211 0.483073 0.614258 0.485677 0.613281 0.485677 0.613281 0.486979 0.612305 0.488281 0.611328 0.488281 0.609375 0.490885 0.609375 0.493490 0.608398 0.494792 0.608398 0.497396 0.606445 0.501302 0.606445 0.503906 0.608398 0.506510 0.608398 0.509115 0.609375 0.510417 0.609375 0.515625 0.610352 0.516927 0.610352 0.518229 0.613281 0.522135 0.614258 0.522135 0.615234 0.523438 0.615234 0.524740 0.616211 0.524740 0.617188 0.526042 0.624023 0.526042 0.625000 0.524740 0.627930 0.524740 0.630859 0.522135 0.632812 0.522135 0.634766 0.519531 0.635742 0.519531 0.640625 0.513021 0.640625 0.506510 0.639648 0.505208 0.639648 0.502604 0.638672 0.501302 0.638672 0.497396 0.637695 0.496094 0.637695 0.494792 0.634766 0.488281 0.634766 0.485677 0.633789 0.484375 0.633789 0.483073
0 0.609375 0.539062 0.609375 0.542969 0.608398 0.544271 0.608398 0.546875 0.607422 0.548177 0.607422 0.553385 0.608398 0.554688 0.608398 0.557292 0.609375 0.558594 0.609375 0.562500 0.612305 0.566406 0.613281 0.566406 0.615234 0.569010 0.619141 0.569010 0.620117 0.570312 0.634766 0.570312 0.637695 0.567708 0.639648 0.567708 0.639648 0.566406 0.640625 0.565104 0.640625 0.550781 0.639648 0.549479 0.639648 0.546875 0.638672 0.545573 0.638672 0.544271 0.637695 0.542969 0.637695 0.540365 0.636719 0.539062 0.635742 0.539062 0.634766 0.537760 0.633789 0.537760 0.630859 0.535156 0.628906 0.535156 0.627930 0.533854 0.625000 0.533854 0.624023 0.532552 0.621094 0.532552 0.620117 0.533854 0.617188 0.533854 0.616211 0.535156 0.614258 0.535156 0.613281 0.536458 0.612305 0.536458
0 0.600586 0.565104 0.595703 0.569010 0.593750 0.569010 0.592773 0.570312 0.591797 0.570312 0.587891 0.575521 0.587891 0.583333 0.588867 0.584635 0.588867 0.597656 0.587891 0.598958 0.587891 0.600260 0.589844 0.604167 0.589844 0.606771 0.590820 0.608073 0.590820 0.610677 0.592773 0.613281 0.594727 0.613281 0.595703 0.614583 0.597656 0.614583 0.598633 0.615885 0.608398 0.615885 0.609375 0.614583 0.611328 0.614583 0.613281 0.611979 0.614258 0.611979 0.615234 0.610677 0.615234 0.609375 0.618164 0.605469 0.618164 0.604167 0.619141 0.602865 0.619141 0.598958 0.621094 0.595052 0.621094 0.587240 0.620117 0.585938 0.620117 0.583333 0.619141 0.582031 0.619141 0.580729 0.617188 0.578125 0.617188 0.576823 0.613281 0.570312 0.612305 0.570312 0.610352 0.567708 0.609375 0.567708 0.608398 0.566406 0.606445 0.566406 0.605469 0.565104
0 0.648438 0.572917 0.647461 0.572917 0.646484 0.571615 0.640625 0.571615 0.639648 0.570312 0.638672 0.570312 0.637695 0.571615 0.632812 0.571615 0.631836 0.572917 0.625977 0.572917 0.625000 0.574219 0.624023 0.574219 0.621094 0.578125 0.621094 0.584635 0.622070 0.585938 0.622070 0.595052 0.623047 0.596354 0.624023 0.600260 0.628906 0.606771 0.629883 0.606771 0.632812 0.609375 0.641602 0.609375 0.642578 0.608073 0.644531 0.608073 0.645508 0.606771 0.646484 0.606771 0.646484 0.605469 0.649414 0.601562 0.649414 0.600260 0.651367 0.596354 0.651367 0.592448 0.652344 0.591146 0.652344 0.589844 0.654297 0.585938 0.654297 0.584635 0.653320 0.583333 0.653320 0.580729 0.651367 0.578125 0.651367 0.576823
0 0.589844 0.621094 0.588867 0.622396 0.587891 0.622396 0.586914 0.623698 0.585938 0.623698 0.582031 0.628906 0.582031 0.630208 0.580078 0.634115 0.580078 0.638021 0.579102 0.639323 0.579102 0.651042 0.580078 0.652344 0.580078 0.653646 0.581055 0.653646 0.582031 0.654948 0.583008 0.654948 0.583984 0.656250 0.584961 0.656250 0.585938 0.657552 0.586914 0.657552 0.587891 0.658854 0.588867 0.658854 0.591797 0.661458 0.596680 0.661458 0.597656 0.660156 0.599609 0.660156 0.600586 0.658854 0.601562 0.658854 0.607422 0.651042 0.607422 0.648438 0.608398 0.647135 0.608398 0.644531 0.609375 0.643229 0.609375 0.631510 0.608398 0.630208 0.608398 0.628906 0.607422 0.628906 0.604492 0.625000 0.603516 0.625000 0.601562 0.622396 0.600586 0.622396 0.599609 0.621094
0 0.646484 0.614583 0.643555 0.614583 0.642578 0.615885 0.631836 0.615885 0.630859 0.617188 0.625977 0.617188 0.625977 0.619792 0.625000 0.621094 0.625000 0.626302 0.624023 0.627604 0.624023 0.632812 0.625000 0.634115 0.625000 0.643229 0.624023 0.644531 0.624023 0.647135 0.625000 0.648438 0.625000 0.652344 0.626953 0.654948 0.628906 0.654948 0.632812 0.660156 0.642578 0.660156 0.643555 0.658854 0.649414 0.658854 0.651367 0.656250 0.654297 0.654948 0.654297 0.653646 0.656250 0.651042 0.656250 0.649740 0.657227 0.648438 0.657227 0.645833 0.658203 0.644531 0.658203 0.641927 0.657227 0.640625 0.657227 0.636719 0.655273 0.634115 0.655273 0.632812 0.654297 0.631510 0.654297 0.630208 0.653320 0.628906 0.652344 0.625000 0.650391 0.622396 0.650391 0.621094 0.649414 0.619792 0.649414 0.617188
0 0.556641 0.667969 0.556641 0.679688 0.557617 0.680990 0.557617 0.683594 0.558594 0.684896 0.558594 0.686198 0.563477 0.692708 0.565430 0.692708 0.568359 0.695312 0.572266 0.695312 0.573242 0.696615 0.577148 0.696615 0.578125 0.697917 0.582031 0.697917 0.583008 0.696615 0.585938 0.695312 0.589844 0.690104 0.592773 0.688802 0.592773 0.682292 0.591797 0.680990 0.591797 0.675781 0.590820 0.674479 0.590820 0.670573 0.589844 0.669271 0.589844 0.666667 0.588867 0.665365 0.588867 0.664062 0.586914 0.661458 0.585938 0.661458 0.583008 0.658854 0.581055 0.658854 0.580078 0.657552 0.578125 0.657552 0.577148 0.656250 0.566406 0.656250 0.565430 0.657552 0.564453 0.657552 0.559570 0.664062 0.558594 0.664062 0.558594 0.665365
0 0.607422 0.657552 0.604492 0.661458 0.603516 0.661458 0.602539 0.662760 0.602539 0.664062 0.600586 0.667969 0.600586 0.670573 0.601562 0.671875 0.601562 0.684896 0.605469 0.690104 0.605469 0.691406 0.607422 0.694010 0.607422 0.695312 0.609375 0.697917 0.610352 0.697917 0.614258 0.704427 0.615234 0.704427 0.616211 0.705729 0.622070 0.705729 0.625000 0.703125 0.626953 0.703125 0.627930 0.701823 0.628906 0.701823 0.631836 0.697917 0.631836 0.695312 0.633789 0.691406 0.633789 0.688802 0.634766 0.687500 0.634766 0.683594 0.635742 0.682292 0.635742 0.679688 0.636719 0.678385 0.636719 0.673177 0.635742 0.671875 0.634766 0.667969 0.630859 0.662760 0.629883 0.662760 0.625000 0.658854 0.622070 0.658854 0.621094 0.657552 0.619141 0.657552 0.618164 0.656250 0.609375 0.656250 0.608398 0.657552
0 0.543945 0.695312 0.543945 0.696615 0.541992 0.699219 0.541992 0.700521 0.539062 0.707031 0.539062 0.709635 0.538086 0.710938 0.538086 0.717448 0.539062 0.718750 0.539062 0.722656 0.540039 0.723958 0.540039 0.726562 0.541016 0.727865 0.541992 0.731771 0.544922 0.735677 0.547852 0.735677 0.548828 0.736979 0.552734 0.736979 0.553711 0.735677 0.559570 0.735677 0.560547 0.734375 0.563477 0.734375 0.565430 0.731771 0.565430 0.730469 0.566406 0.729167 0.567383 0.725260 0.570312 0.721354 0.570312 0.720052 0.572266 0.716146 0.572266 0.708333 0.571289 0.707031 0.571289 0.705729 0.569336 0.703125 0.568359 0.699219 0.565430 0.695312 0.564453 0.695312 0.563477 0.694010 0.560547 0.694010 0.559570 0.692708 0.548828 0.692708 0.547852 0.694010 0.545898 0.694010 0.544922 0.695312
0 0.591797 0.691406 0.590820 0.692708 0.589844 0.692708 0.585938 0.697917 0.583008 0.699219 0.582031 0.700521 0.582031 0.701823 0.580078 0.704427 0.579102 0.704427 0.578125 0.705729 0.578125 0.707031 0.577148 0.708333 0.577148 0.710938 0.576172 0.712240 0.576172 0.714844 0.575195 0.716146 0.576172 0.717448 0.576172 0.721354 0.577148 0.722656 0.577148 0.725260 0.579102 0.729167 0.579102 0.731771 0.580078 0.733073 0.581055 0.733073 0.582031 0.734375 0.582031 0.735677 0.583008 0.736979 0.583984 0.736979 0.585938 0.739583 0.586914 0.739583 0.587891 0.740885 0.590820 0.740885 0.591797 0.742188 0.595703 0.742188 0.596680 0.743490 0.603516 0.743490 0.604492 0.742188 0.605469 0.742188 0.613281 0.731771 0.613281 0.730469 0.615234 0.726562 0.615234 0.720052 0.614258 0.718750 0.613281 0.714844 0.608398 0.707031 0.608398 0.705729 0.601562 0.695312 0.600586 0.695312 0.598633 0.692708 0.597656 0.692708 0.596680 0.691406
0 0.641602 0.701823 0.633789 0.701823 0.632812 0.703125 0.629883 0.703125 0.628906 0.704427 0.627930 0.704427 0.626953 0.705729 0.625000 0.705729 0.624023 0.707031 0.623047 0.707031 0.618164 0.710938 0.618164 0.729167 0.617188 0.730469 0.617188 0.738281 0.618164 0.739583 0.618164 0.740885 0.620117 0.740885 0.621094 0.742188 0.624023 0.742188 0.625000 0.743490 0.627930 0.744792 0.629883 0.747396 0.634766 0.747396 0.635742 0.746094 0.638672 0.746094 0.639648 0.744792 0.642578 0.743490 0.646484 0.738281 0.646484 0.717448 0.645508 0.716146 0.645508 0.708333 0.644531 0.707031 0.644531 0.705729
0 0.547852 0.746094 0.544922 0.748698 0.541016 0.748698 0.538086 0.752604 0.535156 0.753906 0.533203 0.756510 0.533203 0.760417 0.532227 0.761719 0.532227 0.770833 0.533203 0.772135 0.533203 0.774740 0.534180 0.776042 0.534180 0.779948 0.536133 0.783854 0.536133 0.786458 0.537109 0.787760 0.537109 0.790365 0.539062 0.792969 0.540039 0.792969 0.541016 0.794271 0.549805 0.794271 0.550781 0.792969 0.552734 0.792969 0.553711 0.791667 0.556641 0.790365 0.559570 0.786458 0.561523 0.786458 0.563477 0.783854 0.563477 0.779948 0.564453 0.778646 0.564453 0.770833 0.565430 0.769531 0.565430 0.759115 0.561523 0.753906 0.559570 0.753906 0.558594 0.752604 0.555664 0.751302 0.553711 0.748698 0.552734 0.748698 0.551758 0.747396 0.548828 0.747396
0 0.568359 0.742188 0.568359 0.750000 0.569336 0.751302 0.568359 0.752604 0.568359 0.756510 0.567383 0.757812 0.567383 0.768229 0.566406 0.769531 0.566406 0.779948 0.569336 0.782552 0.574219 0.782552 0.575195 0.783854 0.588867 0.783854 0.589844 0.785156 0.591797 0.785156 0.592773 0.783854 0.595703 0.782552 0.597656 0.779948 0.597656 0.776042 0.598633 0.774740 0.598633 0.756510 0.597656 0.755208 0.597656 0.753906 0.596680 0.753906 0.594727 0.751302 0.594727 0.750000 0.593750 0.750000 0.591797 0.747396 0.590820 0.747396 0.589844 0.746094 0.588867 0.746094 0.587891 0.744792 0.584961 0.743490 0.583008 0.740885 0.581055 0.740885 0.580078 0.739583 0.576172 0.739583 0.575195 0.740885 0.571289 0.740885 0.570312 0.742188
0 0.604492 0.746094 0.602539 0.748698 0.602539 0.751302 0.601562 0.752604 0.601562 0.756510 0.600586 0.757812 0.600586 0.763021 0.601562 0.764323 0.601562 0.772135 0.602539 0.773438 0.602539 0.779948 0.603516 0.781250 0.604492 0.785156 0.608398 0.790365 0.610352 0.790365 0.611328 0.791667 0.624023 0.791667 0.625000 0.790365 0.626953 0.790365 0.631836 0.783854 0.631836 0.782552 0.632812 0.781250 0.632812 0.764323 0.631836 0.763021 0.631836 0.761719 0.630859 0.760417 0.630859 0.759115 0.627930 0.752604 0.627930 0.750000 0.625977 0.747396 0.624023 0.747396 0.623047 0.746094 0.620117 0.746094 0.619141 0.744792 0.614258 0.744792 0.613281 0.743490 0.608398 0.743490 0.607422 0.744792
0 0.639648 0.756510 0.638672 0.757812 0.637695 0.757812 0.635742 0.760417 0.634766 0.760417 0.634766 0.761719 0.633789 0.763021 0.633789 0.792969 0.634766 0.794271 0.634766 0.796875 0.636719 0.800781 0.637695 0.800781 0.640625 0.804688 0.641602 0.804688 0.642578 0.805990 0.644531 0.805990 0.645508 0.807292 0.646484 0.807292 0.647461 0.805990 0.652344 0.805990 0.653320 0.804688 0.656250 0.803385 0.658203 0.800781 0.658203 0.799479 0.660156 0.795573 0.660156 0.792969 0.662109 0.789062 0.662109 0.782552 0.663086 0.781250 0.663086 0.776042 0.662109 0.774740 0.662109 0.770833 0.661133 0.769531 0.661133 0.768229 0.658203 0.764323 0.657227 0.764323 0.655273 0.761719 0.654297 0.761719 0.653320 0.760417 0.652344 0.760417 0.647461 0.756510
0 0.651367 0.721354 0.651367 0.730469 0.650391 0.731771 0.650391 0.734375 0.649414 0.735677 0.649414 0.738281 0.648438 0.739583 0.648438 0.744792 0.649414 0.746094 0.649414 0.747396 0.651367 0.750000 0.651367 0.751302 0.652344 0.752604 0.652344 0.755208 0.655273 0.759115 0.658203 0.760417 0.659180 0.759115 0.665039 0.759115 0.666016 0.757812 0.674805 0.757812 0.675781 0.756510 0.677734 0.756510 0.680664 0.753906 0.680664 0.752604 0.681641 0.751302 0.681641 0.747396 0.682617 0.746094 0.682617 0.739583 0.683594 0.738281 0.683594 0.734375 0.682617 0.733073 0.682617 0.731771 0.681641 0.730469 0.680664 0.730469 0.672852 0.720052 0.670898 0.720052 0.668945 0.717448 0.665039 0.717448 0.664062 0.716146 0.658203 0.716146 0.655273 0.718750 0.653320 0.718750
0 0.700195 0.774740 0.699219 0.776042 0.699219 0.777344 0.696289 0.781250 0.695312 0.781250 0.691406 0.786458 0.690430 0.786458 0.688477 0.790365 0.688477 0.796875 0.687500 0.798177 0.687500 0.799479 0.688477 0.800781 0.688477 0.811198 0.691406 0.815104 0.692383 0.815104 0.693359 0.816406 0.694336 0.816406 0.697266 0.819010 0.700195 0.819010 0.701172 0.820312 0.705078 0.820312 0.706055 0.819010 0.707031 0.819010 0.708008 0.817708 0.708984 0.817708 0.711914 0.815104 0.713867 0.815104 0.716797 0.811198 0.716797 0.807292 0.717773 0.805990 0.717773 0.800781 0.718750 0.799479 0.718750 0.798177 0.717773 0.796875 0.717773 0.792969 0.716797 0.791667 0.716797 0.787760 0.715820 0.786458 0.715820 0.785156 0.712891 0.781250 0.712891 0.779948 0.711914 0.778646 0.710938 0.778646 0.709961 0.777344 0.706055 0.777344 0.705078 0.776042 0.701172 0.776042
0 0.742188 0.760417 0.737305 0.760417 0.736328 0.761719 0.733398 0.761719 0.732422 0.763021 0.731445 0.763021 0.730469 0.764323 0.727539 0.765625 0.726562 0.766927 0.726562 0.768229 0.723633 0.772135 0.723633 0.773438 0.722656 0.774740 0.721680 0.778646 0.718750 0.782552 0.718750 0.783854 0.719727 0.785156 0.719727 0.789062 0.720703 0.790365 0.720703 0.791667 0.722656 0.794271 0.722656 0.795573 0.728516 0.803385 0.729492 0.803385 0.732422 0.807292 0.735352 0.807292 0.736328 0.805990 0.738281 0.805990 0.739258 0.804688 0.741211 0.804688 0.742188 0.803385 0.750977 0.803385 0.752930 0.800781 0.752930 0.798177 0.753906 0.796875 0.754883 0.796875 0.756836 0.792969 0.756836 0.785156 0.751953 0.778646 0.751953 0.777344 0.750000 0.773438 0.750000 0.769531 0.749023 0.768229 0.749023 0.766927 0.746094 0.763021 0.745117 0.763021
0 0.642578 0.666667 0.640625 0.669271 0.640625 0.670573 0.638672 0.674479 0.638672 0.682292 0.637695 0.683594 0.637695 0.688802 0.638672 0.690104 0.638672 0.691406 0.639648 0.692708 0.640625 0.696615 0.646484 0.704427 0.647461 0.704427 0.648438 0.705729 0.650391 0.705729 0.653320 0.708333 0.660156 0.708333 0.661133 0.707031 0.664062 0.705729 0.672852 0.694010 0.672852 0.692708 0.673828 0.691406 0.673828 0.678385 0.672852 0.677083 0.672852 0.674479 0.671875 0.673177 0.670898 0.673177 0.669922 0.671875 0.667969 0.671875 0.666992 0.670573 0.665039 0.670573 0.662109 0.667969 0.659180 0.667969 0.658203 0.666667 0.656250 0.666667 0.655273 0.665365 0.644531 0.665365 0.643555 0.666667
0 0.680664 0.677083 0.678711 0.679688 0.678711 0.680990 0.676758 0.684896 0.676758 0.687500 0.675781 0.688802 0.675781 0.691406 0.674805 0.692708 0.673828 0.696615 0.671875 0.699219 0.671875 0.707031 0.672852 0.708333 0.672852 0.712240 0.674805 0.714844 0.674805 0.716146 0.676758 0.718750 0.677734 0.718750 0.680664 0.722656 0.681641 0.722656 0.682617 0.723958 0.689453 0.723958 0.690430 0.722656 0.692383 0.722656 0.693359 0.721354 0.696289 0.720052 0.698242 0.717448 0.699219 0.717448 0.702148 0.713542 0.702148 0.712240 0.703125 0.710938 0.703125 0.704427 0.704102 0.703125 0.704102 0.694010 0.701172 0.690104 0.701172 0.687500 0.700195 0.686198 0.700195 0.684896 0.698242 0.682292 0.697266 0.682292 0.696289 0.680990 0.694336 0.680990 0.689453 0.677083
0 0.702148 0.720052 0.702148 0.722656 0.704102 0.726562 0.704102 0.744792 0.703125 0.746094 0.704102 0.747396 0.704102 0.752604 0.705078 0.753906 0.705078 0.756510 0.707031 0.759115 0.708008 0.759115 0.710938 0.761719 0.718750 0.761719 0.719727 0.763021 0.720703 0.761719 0.725586 0.761719 0.726562 0.760417 0.729492 0.760417 0.730469 0.759115 0.733398 0.759115 0.734375 0.757812 0.736328 0.757812 0.737305 0.756510 0.737305 0.751302 0.738281 0.750000 0.738281 0.743490 0.737305 0.742188 0.735352 0.735677 0.732422 0.731771 0.732422 0.730469 0.727539 0.723958 0.726562 0.720052 0.724609 0.717448 0.720703 0.717448 0.719727 0.716146 0.709961 0.716146 0.708984 0.717448 0.704102 0.717448
0 0.749023 0.720052 0.748047 0.721354 0.747070 0.721354 0.743164 0.726562 0.743164 0.727865 0.739258 0.734375 0.739258 0.739583 0.740234 0.740885 0.740234 0.747396 0.741211 0.748698 0.741211 0.751302 0.742188 0.752604 0.742188 0.755208 0.745117 0.759115 0.746094 0.759115 0.748047 0.761719 0.749023 0.761719 0.750000 0.763021 0.751953 0.763021 0.752930 0.764323 0.754883 0.764323 0.755859 0.765625 0.761719 0.765625 0.762695 0.764323 0.763672 0.764323 0.767578 0.759115 0.767578 0.755208 0.768555 0.753906 0.768555 0.748698 0.769531 0.747396 0.769531 0.735677 0.768555 0.734375 0.768555 0.731771 0.764648 0.726562 0.763672 0.726562 0.758789 0.721354 0.756836 0.721354 0.755859 0.720052
0 0.805664 0.726562 0.799805 0.726562 0.798828 0.727865 0.792969 0.727865 0.790039 0.730469 0.788086 0.730469 0.786133 0.734375 0.786133 0.739583 0.785156 0.740885 0.785156 0.750000 0.786133 0.751302 0.786133 0.753906 0.787109 0.755208 0.787109 0.756510 0.789062 0.759115 0.789062 0.760417 0.790039 0.761719 0.790039 0.763021 0.791992 0.765625 0.791992 0.766927 0.794922 0.770833 0.795898 0.770833 0.796875 0.772135 0.802734 0.772135 0.803711 0.770833 0.805664 0.770833 0.806641 0.769531 0.808594 0.769531 0.809570 0.768229 0.812500 0.766927 0.812500 0.765625 0.814453 0.761719 0.814453 0.757812 0.815430 0.756510 0.815430 0.751302 0.816406 0.750000 0.816406 0.739583 0.815430 0.738281 0.815430 0.735677 0.812500 0.731771 0.811523 0.731771 0.810547 0.730469 0.807617 0.729167
0 0.808594 0.691406 0.807617 0.692708 0.807617 0.696615 0.806641 0.697917 0.806641 0.700521 0.804688 0.704427 0.804688 0.708333 0.803711 0.709635 0.803711 0.717448 0.804688 0.718750 0.804688 0.721354 0.809570 0.727865 0.810547 0.727865 0.812500 0.730469 0.815430 0.731771 0.818359 0.735677 0.823242 0.735677 0.824219 0.734375 0.826172 0.734375 0.827148 0.733073 0.830078 0.733073 0.831055 0.731771 0.833008 0.731771 0.833984 0.730469 0.834961 0.730469 0.836914 0.727865 0.836914 0.726562 0.837891 0.725260 0.837891 0.717448 0.838867 0.716146 0.838867 0.712240 0.839844 0.710938 0.839844 0.705729 0.838867 0.704427 0.838867 0.703125 0.836914 0.700521 0.835938 0.700521 0.834961 0.699219 0.832031 0.699219 0.831055 0.697917 0.828125 0.697917 0.827148 0.696615 0.825195 0.696615 0.824219 0.695312 0.821289 0.695312 0.820312 0.694010 0.818359 0.694010 0.817383 0.692708 0.815430 0.692708 0.814453 0.691406
0 0.792969 0.690104 0.790039 0.690104 0.787109 0.687500 0.780273 0.687500 0.779297 0.688802 0.778320 0.688802 0.776367 0.691406 0.775391 0.691406 0.770508 0.697917 0.770508 0.699219 0.769531 0.700521 0.769531 0.701823 0.767578 0.705729 0.767578 0.708333 0.766602 0.709635 0.766602 0.718750 0.767578 0.720052 0.767578 0.725260 0.768555 0.726562 0.769531 0.726562 0.770508 0.727865 0.776367 0.727865 0.777344 0.729167 0.781250 0.729167 0.782227 0.727865 0.788086 0.727865 0.789062 0.726562 0.791016 0.726562 0.792969 0.723958 0.793945 0.723958 0.799805 0.716146 0.799805 0.704427 0.798828 0.703125 0.798828 0.700521 0.797852 0.699219 0.797852 0.697917 0.795898 0.695312 0.795898 0.694010
0 0.715820 0.674479 0.714844 0.675781 0.713867 0.675781 0.712891 0.677083 0.711914 0.677083 0.708008 0.682292 0.708008 0.683594 0.707031 0.684896 0.707031 0.699219 0.706055 0.700521 0.706055 0.710938 0.707031 0.712240 0.709961 0.712240 0.710938 0.713542 0.715820 0.713542 0.716797 0.714844 0.724609 0.714844 0.726562 0.712240 0.727539 0.712240 0.728516 0.710938 0.729492 0.710938 0.733398 0.705729 0.733398 0.704427 0.734375 0.703125 0.734375 0.694010 0.733398 0.692708 0.733398 0.690104 0.732422 0.688802 0.732422 0.687500 0.725586 0.678385 0.724609 0.678385 0.722656 0.675781 0.721680 0.675781 0.720703 0.674479
0 0.761719 0.649740 0.760742 0.651042 0.759766 0.651042 0.757812 0.653646 0.755859 0.653646 0.753906 0.656250 0.750977 0.657552 0.750000 0.658854 0.750000 0.660156 0.747070 0.662760 0.747070 0.669271 0.748047 0.670573 0.748047 0.677083 0.749023 0.678385 0.749023 0.680990 0.750977 0.683594 0.750977 0.684896 0.751953 0.686198 0.752930 0.686198 0.753906 0.687500 0.755859 0.687500 0.756836 0.688802 0.757812 0.688802 0.758789 0.690104 0.760742 0.690104 0.761719 0.691406 0.769531 0.691406 0.770508 0.690104 0.771484 0.690104 0.776367 0.683594 0.776367 0.682292 0.777344 0.680990 0.777344 0.677083 0.778320 0.675781 0.778320 0.670573 0.777344 0.669271 0.777344 0.661458 0.776367 0.660156 0.776367 0.658854 0.775391 0.657552 0.774414 0.657552 0.771484 0.653646 0.770508 0.653646 0.767578 0.651042 0.765625 0.651042 0.764648 0.649740
0 0.786133 0.639323 0.784180 0.641927 0.783203 0.641927 0.781250 0.644531 0.780273 0.644531 0.778320 0.647135 0.777344 0.647135 0.773438 0.652344 0.773438 0.653646 0.774414 0.654948 0.775391 0.654948 0.778320 0.658854 0.778320 0.667969 0.779297 0.669271 0.779297 0.675781 0.781250 0.678385 0.782227 0.678385 0.787109 0.682292 0.789062 0.682292 0.790039 0.683594 0.796875 0.683594 0.797852 0.682292 0.798828 0.682292 0.800781 0.679688 0.801758 0.679688 0.802734 0.678385 0.802734 0.677083 0.805664 0.673177 0.805664 0.671875 0.806641 0.670573 0.806641 0.667969 0.807617 0.666667 0.807617 0.656250 0.806641 0.654948 0.806641 0.652344 0.805664 0.651042 0.805664 0.649740 0.804688 0.648438 0.803711 0.644531 0.800781 0.640625 0.798828 0.640625 0.797852 0.639323 0.796875 0.639323 0.795898 0.640625 0.793945 0.640625 0.792969 0.639323
0 0.844727 0.647135 0.841797 0.647135 0.840820 0.645833 0.839844 0.647135 0.837891 0.647135 0.834961 0.651042 0.833984 0.651042 0.829102 0.654948 0.829102 0.657552 0.828125 0.658854 0.828125 0.661458 0.827148 0.662760 0.827148 0.670573 0.828125 0.671875 0.828125 0.674479 0.829102 0.675781 0.829102 0.682292 0.830078 0.683594 0.830078 0.688802 0.833008 0.691406 0.840820 0.691406 0.841797 0.690104 0.843750 0.690104 0.844727 0.688802 0.846680 0.688802 0.847656 0.687500 0.848633 0.687500 0.849609 0.686198 0.850586 0.686198 0.851562 0.684896 0.854492 0.683594 0.857422 0.679688 0.858398 0.675781 0.860352 0.673177 0.860352 0.665365 0.859375 0.664062 0.858398 0.660156 0.855469 0.656250 0.854492 0.656250 0.852539 0.653646 0.851562 0.653646 0.850586 0.652344 0.847656 0.651042
0 0.817383 0.605469 0.814453 0.609375 0.814453 0.610677 0.813477 0.611979 0.813477 0.614583 0.812500 0.615885 0.812500 0.623698 0.811523 0.625000 0.811523 0.635417 0.810547 0.636719 0.810547 0.644531 0.811523 0.645833 0.811523 0.647135 0.813477 0.647135 0.815430 0.649740 0.817383 0.649740 0.818359 0.651042 0.829102 0.651042 0.830078 0.649740 0.832031 0.649740 0.833008 0.648438 0.835938 0.647135 0.839844 0.641927 0.839844 0.639323 0.840820 0.638021 0.840820 0.636719 0.842773 0.634115 0.842773 0.631510 0.843750 0.630208 0.843750 0.627604 0.844727 0.626302 0.844727 0.622396 0.845703 0.621094 0.844727 0.619792 0.844727 0.615885 0.843750 0.615885 0.842773 0.614583 0.839844 0.613281 0.837891 0.610677 0.835938 0.610677 0.833008 0.608073 0.831055 0.608073 0.830078 0.606771 0.829102 0.606771 0.828125 0.605469 0.826172 0.605469 0.825195 0.604167 0.821289 0.604167 0.820312 0.605469
0 0.666016 0.632812 0.665039 0.634115 0.664062 0.638021 0.661133 0.641927 0.661133 0.643229 0.660156 0.644531 0.660156 0.649740 0.658203 0.653646 0.660156 0.656250 0.660156 0.658854 0.661133 0.660156 0.662109 0.664062 0.663086 0.664062 0.666016 0.666667 0.668945 0.666667 0.671875 0.670573 0.677734 0.673177 0.678711 0.671875 0.681641 0.671875 0.682617 0.670573 0.685547 0.670573 0.690430 0.664062 0.691406 0.664062 0.692383 0.662760 0.692383 0.661458 0.693359 0.660156 0.693359 0.657552 0.694336 0.656250 0.694336 0.649740 0.693359 0.648438 0.692383 0.644531 0.690430 0.641927 0.690430 0.640625 0.686523 0.634115 0.685547 0.634115 0.684570 0.632812 0.679688 0.632812 0.678711 0.631510 0.668945 0.631510 0.667969 0.632812
0 0.694336 0.635417 0.692383 0.638021 0.692383 0.640625 0.693359 0.641927 0.693359 0.644531 0.694336 0.645833 0.694336 0.649740 0.695312 0.651042 0.695312 0.654948 0.694336 0.656250 0.694336 0.660156 0.692383 0.664062 0.693359 0.665365 0.693359 0.670573 0.694336 0.671875 0.694336 0.673177 0.696289 0.675781 0.700195 0.675781 0.701172 0.677083 0.708984 0.677083 0.711914 0.674479 0.713867 0.674479 0.714844 0.673177 0.717773 0.671875 0.718750 0.670573 0.718750 0.669271 0.719727 0.667969 0.719727 0.665365 0.720703 0.664062 0.720703 0.654948 0.721680 0.653646 0.720703 0.652344 0.720703 0.645833 0.719727 0.644531 0.719727 0.643229 0.718750 0.643229 0.717773 0.641927 0.715820 0.641927 0.712891 0.639323 0.710938 0.639323 0.709961 0.638021 0.708008 0.638021 0.707031 0.636719 0.705078 0.636719 0.704102 0.635417 0.702148 0.635417 0.701172 0.634115 0.696289 0.634115 0.695312 0.635417
0 0.728516 0.602865 0.726562 0.605469 0.726562 0.606771 0.720703 0.614583 0.719727 0.614583 0.719727 0.617188 0.715820 0.622396 0.715820 0.627604 0.716797 0.628906 0.716797 0.631510 0.717773 0.632812 0.717773 0.635417 0.720703 0.639323 0.720703 0.640625 0.721680 0.641927 0.722656 0.641927 0.726562 0.647135 0.727539 0.647135 0.728516 0.648438 0.733398 0.648438 0.735352 0.645833 0.736328 0.645833 0.739258 0.641927 0.740234 0.641927 0.743164 0.638021 0.743164 0.636719 0.747070 0.631510 0.747070 0.628906 0.748047 0.627604 0.748047 0.617188 0.742188 0.609375 0.741211 0.609375 0.739258 0.606771 0.739258 0.605469 0.738281 0.604167 0.737305 0.604167 0.736328 0.602865
0 0.786133 0.613281 0.780273 0.608073 0.773438 0.608073 0.772461 0.609375 0.764648 0.609375 0.763672 0.610677 0.760742 0.610677 0.759766 0.611979 0.757812 0.611979 0.755859 0.614583 0.754883 0.614583 0.750977 0.619792 0.750977 0.622396 0.750000 0.623698 0.750000 0.627604 0.749023 0.628906 0.749023 0.634115 0.750000 0.635417 0.750000 0.636719 0.752930 0.640625 0.753906 0.640625 0.754883 0.641927 0.756836 0.641927 0.757812 0.643229 0.759766 0.643229 0.762695 0.645833 0.765625 0.645833 0.766602 0.647135 0.774414 0.647135 0.775391 0.645833 0.778320 0.644531 0.781250 0.640625 0.782227 0.640625 0.785156 0.638021 0.785156 0.635417 0.786133 0.634115 0.786133 0.630208 0.787109 0.628906 0.787109 0.617188 0.786133 0.615885
0 0.797852 0.566406 0.796875 0.567708 0.796875 0.569010 0.793945 0.572917 0.792969 0.572917 0.790039 0.576823 0.790039 0.578125 0.789062 0.579427 0.789062 0.582031 0.788086 0.583333 0.788086 0.588542 0.789062 0.589844 0.789062 0.597656 0.788086 0.598958 0.788086 0.602865 0.789062 0.604167 0.789062 0.606771 0.790039 0.606771 0.794922 0.610677 0.795898 0.609375 0.798828 0.609375 0.799805 0.610677 0.804688 0.610677 0.805664 0.609375 0.806641 0.609375 0.807617 0.608073 0.810547 0.606771 0.812500 0.604167 0.815430 0.602865 0.817383 0.600260 0.818359 0.600260 0.820312 0.596354 0.820312 0.593750 0.819336 0.592448 0.819336 0.589844 0.818359 0.588542 0.818359 0.585938 0.817383 0.584635 0.817383 0.582031 0.814453 0.578125 0.814453 0.575521 0.813477 0.574219 0.813477 0.572917 0.811523 0.570312 0.811523 0.569010 0.810547 0.569010 0.809570 0.567708 0.807617 0.567708 0.806641 0.566406
0 0.750000 0.574219 0.750000 0.575521 0.749023 0.576823 0.749023 0.578125 0.747070 0.582031 0.747070 0.588542 0.746094 0.589844 0.746094 0.601562 0.748047 0.605469 0.749023 0.605469 0.751953 0.608073 0.764648 0.608073 0.765625 0.606771 0.773438 0.606771 0.774414 0.605469 0.776367 0.605469 0.778320 0.602865 0.778320 0.601562 0.779297 0.600260 0.778320 0.598958 0.778320 0.593750 0.777344 0.592448 0.777344 0.588542 0.776367 0.587240 0.776367 0.583333 0.775391 0.582031 0.775391 0.580729 0.773438 0.578125 0.772461 0.578125 0.770508 0.574219 0.769531 0.574219 0.768555 0.572917 0.766602 0.572917 0.763672 0.570312 0.760742 0.570312 0.759766 0.571615 0.756836 0.571615 0.755859 0.572917 0.750977 0.572917
0 0.673828 0.583333 0.672852 0.584635 0.672852 0.588542 0.673828 0.589844 0.671875 0.592448 0.671875 0.593750 0.668945 0.597656 0.667969 0.601562 0.668945 0.602865 0.668945 0.605469 0.671875 0.609375 0.672852 0.613281 0.673828 0.613281 0.676758 0.617188 0.676758 0.618490 0.678711 0.621094 0.678711 0.623698 0.679688 0.625000 0.679688 0.626302 0.680664 0.626302 0.685547 0.630208 0.689453 0.630208 0.690430 0.628906 0.692383 0.628906 0.693359 0.627604 0.694336 0.627604 0.696289 0.625000 0.697266 0.625000 0.698242 0.623698 0.698242 0.622396 0.703125 0.615885 0.703125 0.609375 0.701172 0.605469 0.701172 0.598958 0.700195 0.597656 0.700195 0.595052 0.698242 0.592448 0.698242 0.591146 0.695312 0.587240 0.695312 0.585938 0.694336 0.584635 0.693359 0.584635 0.692383 0.583333 0.689453 0.583333 0.688477 0.582031 0.686523 0.582031 0.685547 0.580729 0.680664 0.580729 0.677734 0.583333
0 0.721680 0.541667 0.713867 0.541667 0.712891 0.542969 0.700195 0.542969 0.699219 0.544271 0.696289 0.544271 0.696289 0.559896 0.695312 0.561198 0.695312 0.566406 0.696289 0.567708 0.696289 0.572917 0.697266 0.574219 0.697266 0.575521 0.695312 0.579427 0.697266 0.582031 0.708008 0.582031 0.708984 0.583333 0.709961 0.583333 0.710938 0.582031 0.719727 0.582031 0.720703 0.580729 0.721680 0.580729 0.723633 0.578125 0.723633 0.576823 0.725586 0.572917 0.725586 0.549479 0.724609 0.548177 0.724609 0.545573
0 0.666016 0.532552 0.662109 0.532552 0.661133 0.533854 0.660156 0.533854 0.659180 0.535156 0.658203 0.535156 0.657227 0.536458 0.656250 0.536458 0.655273 0.537760 0.654297 0.537760 0.653320 0.539062 0.652344 0.539062 0.651367 0.540365 0.648438 0.541667 0.645508 0.545573 0.645508 0.546875 0.643555 0.549479 0.644531 0.550781 0.644531 0.557292 0.645508 0.558594 0.645508 0.562500 0.646484 0.563802 0.646484 0.566406 0.649414 0.570312 0.650391 0.570312 0.651367 0.571615 0.655273 0.571615 0.656250 0.572917 0.659180 0.572917 0.660156 0.574219 0.663086 0.574219 0.664062 0.572917 0.666992 0.572917 0.667969 0.571615 0.668945 0.571615 0.672852 0.566406 0.672852 0.565104 0.674805 0.562500 0.674805 0.561198 0.676758 0.557292 0.676758 0.552083 0.675781 0.550781 0.675781 0.548177 0.674805 0.546875 0.674805 0.545573 0.672852 0.542969 0.672852 0.540365 0.667969 0.533854 0.666992 0.533854
0 0.765625 0.520833 0.765625 0.523438 0.764648 0.524740 0.764648 0.529948 0.762695 0.533854 0.762695 0.548177 0.763672 0.549479 0.763672 0.550781 0.766602 0.553385 0.766602 0.561198 0.767578 0.561198 0.770508 0.563802 0.779297 0.563802 0.780273 0.562500 0.784180 0.562500 0.785156 0.561198 0.786133 0.561198 0.788086 0.558594 0.788086 0.557292 0.790039 0.554688 0.791016 0.550781 0.792969 0.548177 0.792969 0.545573 0.793945 0.544271 0.793945 0.541667 0.794922 0.540365 0.794922 0.529948 0.793945 0.528646 0.793945 0.527344 0.792969 0.527344 0.790039 0.524740 0.788086 0.524740 0.787109 0.523438 0.784180 0.523438 0.783203 0.522135 0.777344 0.522135 0.774414 0.519531 0.767578 0.519531 0.766602 0.520833
0 0.726562 0.514323 0.723633 0.518229 0.724609 0.519531 0.724609 0.526042 0.723633 0.527344 0.723633 0.529948 0.721680 0.533854 0.721680 0.539062 0.724609 0.542969 0.724609 0.544271 0.726562 0.548177 0.726562 0.550781 0.727539 0.552083 0.727539 0.553385 0.730469 0.555990 0.732422 0.555990 0.733398 0.557292 0.735352 0.557292 0.736328 0.555990 0.737305 0.555990 0.741211 0.550781 0.742188 0.550781 0.746094 0.545573 0.746094 0.542969 0.747070 0.541667 0.747070 0.528646 0.744141 0.524740 0.743164 0.524740 0.737305 0.516927 0.736328 0.516927 0.733398 0.514323
0 0.711914 0.496094 0.709961 0.496094 0.708984 0.494792 0.708008 0.494792 0.707031 0.496094 0.700195 0.496094 0.699219 0.497396 0.698242 0.497396 0.697266 0.498698 0.694336 0.500000 0.690430 0.505208 0.689453 0.505208 0.689453 0.506510 0.688477 0.507812 0.689453 0.509115 0.689453 0.510417 0.691406 0.513021 0.691406 0.518229 0.690430 0.519531 0.690430 0.523438 0.694336 0.528646 0.694336 0.531250 0.696289 0.535156 0.696289 0.537760 0.698242 0.537760 0.699219 0.539062 0.708984 0.539062 0.709961 0.537760 0.712891 0.537760 0.713867 0.536458 0.716797 0.536458 0.717773 0.535156 0.718750 0.535156 0.721680 0.531250 0.721680 0.529948 0.723633 0.527344 0.723633 0.518229 0.722656 0.516927 0.722656 0.515625 0.721680 0.514323 0.720703 0.510417 0.718750 0.507812 0.718750 0.506510 0.714844 0.501302 0.713867 0.497396 0.712891 0.497396
0 0.658203 0.490885 0.656250 0.490885 0.655273 0.489583 0.652344 0.489583 0.651367 0.490885 0.648438 0.490885 0.647461 0.492188 0.646484 0.492188 0.645508 0.493490 0.642578 0.494792 0.640625 0.497396 0.640625 0.503906 0.641602 0.505208 0.641602 0.513021 0.640625 0.514323 0.640625 0.515625 0.638672 0.518229 0.638672 0.519531 0.636719 0.522135 0.636719 0.526042 0.637695 0.527344 0.637695 0.529948 0.642578 0.536458 0.647461 0.536458 0.648438 0.535156 0.653320 0.535156 0.654297 0.533854 0.656250 0.533854 0.657227 0.532552 0.659180 0.532552 0.660156 0.531250 0.662109 0.531250 0.671875 0.523438 0.671875 0.520833 0.672852 0.519531 0.672852 0.518229 0.671875 0.516927 0.671875 0.514323 0.670898 0.513021 0.669922 0.509115 0.666016 0.503906 0.665039 0.503906 0.662109 0.500000 0.662109 0.498698 0.659180 0.494792
0 0.673828 0.455729 0.672852 0.457031 0.671875 0.457031 0.669922 0.459635 0.666992 0.460938 0.665039 0.463542 0.664062 0.467448 0.662109 0.470052 0.662109 0.471354 0.660156 0.475260 0.660156 0.477865 0.659180 0.479167 0.659180 0.484375 0.660156 0.485677 0.660156 0.486979 0.665039 0.493490 0.665039 0.494792 0.666992 0.498698 0.669922 0.498698 0.670898 0.500000 0.673828 0.500000 0.674805 0.501302 0.681641 0.501302 0.682617 0.500000 0.685547 0.498698 0.693359 0.488281 0.693359 0.486979 0.694336 0.485677 0.694336 0.479167 0.693359 0.477865 0.693359 0.472656 0.691406 0.468750 0.691406 0.466146 0.690430 0.464844 0.689453 0.460938 0.687500 0.458333 0.686523 0.458333 0.685547 0.457031 0.682617 0.457031 0.681641 0.455729
0 0.650391 0.446615 0.646484 0.446615 0.645508 0.447917 0.636719 0.447917 0.635742 0.449219 0.632812 0.449219 0.627930 0.455729 0.627930 0.457031 0.626953 0.458333 0.625977 0.458333 0.625977 0.459635 0.624023 0.463542 0.624023 0.466146 0.625000 0.467448 0.625000 0.468750 0.627930 0.472656 0.627930 0.473958 0.636719 0.485677 0.636719 0.486979 0.641602 0.492188 0.642578 0.492188 0.643555 0.490885 0.646484 0.490885 0.647461 0.489583 0.650391 0.488281 0.654297 0.483073 0.654297 0.481771 0.658203 0.475260 0.658203 0.473958 0.661133 0.467448 0.661133 0.463542 0.660156 0.462240 0.660156 0.459635 0.658203 0.457031 0.658203 0.455729 0.654297 0.450521 0.654297 0.449219 0.653320 0.447917 0.651367 0.447917
0 0.716797 0.447917 0.714844 0.447917 0.713867 0.446615 0.709961 0.446615 0.708984 0.447917 0.704102 0.447917 0.703125 0.449219 0.701172 0.449219 0.700195 0.450521 0.699219 0.450521 0.699219 0.451823 0.697266 0.454427 0.697266 0.455729 0.695312 0.459635 0.695312 0.462240 0.694336 0.463542 0.694336 0.466146 0.695312 0.467448 0.695312 0.471354 0.696289 0.472656 0.696289 0.477865 0.697266 0.479167 0.697266 0.486979 0.699219 0.486979 0.700195 0.485677 0.701172 0.486979 0.702148 0.490885 0.711914 0.490885 0.712891 0.489583 0.716797 0.489583 0.717773 0.488281 0.720703 0.486979 0.722656 0.484375 0.723633 0.484375 0.727539 0.479167 0.727539 0.477865 0.728516 0.476562 0.728516 0.467448 0.727539 0.466146 0.727539 0.464844 0.724609 0.460938 0.724609 0.459635 0.720703 0.454427 0.719727 0.450521
0 0.745117 0.455729 0.742188 0.455729 0.741211 0.454427 0.740234 0.454427 0.739258 0.455729 0.736328 0.455729 0.735352 0.457031 0.734375 0.457031 0.731445 0.460938 0.731445 0.462240 0.730469 0.463542 0.730469 0.475260 0.729492 0.476562 0.729492 0.480469 0.728516 0.481771 0.728516 0.483073 0.727539 0.484375 0.727539 0.486979 0.726562 0.488281 0.726562 0.500000 0.727539 0.501302 0.727539 0.502604 0.730469 0.503906 0.732422 0.506510 0.733398 0.505208 0.733398 0.503906 0.735352 0.501302 0.736328 0.501302 0.738281 0.503906 0.738281 0.505208 0.740234 0.505208 0.741211 0.503906 0.743164 0.503906 0.748047 0.498698 0.749023 0.498698 0.750000 0.497396 0.750977 0.497396 0.752930 0.494792 0.755859 0.493490 0.755859 0.492188 0.756836 0.490885 0.756836 0.488281 0.757812 0.486979 0.757812 0.470052 0.756836 0.468750 0.756836 0.467448 0.755859 0.467448 0.750000 0.459635 0.749023 0.459635 0.747070 0.457031 0.746094 0.457031
0 0.749023 0.430990 0.746094 0.434896 0.747070 0.436198 0.747070 0.441406 0.745117 0.445312 0.745117 0.450521 0.746094 0.451823 0.746094 0.454427 0.747070 0.454427 0.748047 0.455729 0.750000 0.455729 0.752930 0.459635 0.753906 0.459635 0.757812 0.466146 0.758789 0.466146 0.761719 0.468750 0.765625 0.468750 0.766602 0.467448 0.771484 0.467448 0.777344 0.459635 0.777344 0.458333 0.779297 0.455729 0.779297 0.444010 0.778320 0.442708 0.778320 0.440104 0.777344 0.438802 0.777344 0.436198 0.776367 0.434896 0.775391 0.430990 0.772461 0.427083 0.770508 0.427083 0.769531 0.425781 0.758789 0.425781 0.757812 0.427083 0.754883 0.427083 0.753906 0.428385 0.752930 0.428385 0.751953 0.429688
0 0.713867 0.417969 0.710938 0.421875 0.710938 0.423177 0.708984 0.427083 0.708984 0.433594 0.709961 0.434896 0.709961 0.437500 0.712891 0.444010 0.713867 0.444010 0.714844 0.445312 0.717773 0.446615 0.720703 0.450521 0.721680 0.450521 0.722656 0.451823 0.723633 0.451823 0.728516 0.455729 0.730469 0.455729 0.731445 0.457031 0.732422 0.457031 0.733398 0.455729 0.735352 0.455729 0.737305 0.453125 0.738281 0.453125 0.741211 0.450521 0.741211 0.449219 0.743164 0.445312 0.743164 0.442708 0.745117 0.438802 0.744141 0.437500 0.744141 0.432292 0.743164 0.430990 0.743164 0.429688 0.741211 0.427083 0.740234 0.423177 0.735352 0.416667 0.734375 0.416667 0.733398 0.415365 0.730469 0.415365 0.729492 0.414062 0.721680 0.414062 0.720703 0.415365 0.718750 0.415365 0.715820 0.417969
0 0.668945 0.424479 0.666992 0.428385 0.666992 0.429688 0.667969 0.430990 0.667969 0.441406 0.666992 0.442708 0.666992 0.445312 0.667969 0.446615 0.667969 0.451823 0.668945 0.451823 0.670898 0.454427 0.682617 0.454427 0.683594 0.455729 0.685547 0.455729 0.686523 0.457031 0.689453 0.457031 0.690430 0.455729 0.691406 0.455729 0.693359 0.453125 0.693359 0.451823 0.694336 0.450521 0.695312 0.450521 0.698242 0.446615 0.698242 0.445312 0.699219 0.444010 0.699219 0.433594 0.697266 0.430990 0.697266 0.429688 0.696289 0.428385 0.696289 0.427083 0.694336 0.423177 0.692383 0.423177 0.691406 0.421875 0.686523 0.421875 0.685547 0.420573 0.682617 0.420573 0.681641 0.419271 0.675781 0.419271 0.674805 0.420573 0.671875 0.421875 0.669922 0.424479
0 0.648438 0.391927 0.646484 0.391927 0.645508 0.390625 0.644531 0.391927 0.641602 0.391927 0.638672 0.394531 0.636719 0.394531 0.634766 0.397135 0.633789 0.397135 0.628906 0.403646 0.628906 0.404948 0.626953 0.407552 0.625977 0.407552 0.625977 0.408854 0.624023 0.412760 0.624023 0.415365 0.625977 0.419271 0.625977 0.429688 0.628906 0.430990 0.629883 0.432292 0.629883 0.433594 0.632812 0.437500 0.633789 0.437500 0.634766 0.438802 0.646484 0.438802 0.647461 0.437500 0.649414 0.437500 0.650391 0.436198 0.653320 0.434896 0.660156 0.425781 0.660156 0.424479 0.661133 0.423177 0.661133 0.420573 0.662109 0.419271 0.662109 0.416667 0.661133 0.415365 0.661133 0.412760 0.656250 0.406250 0.656250 0.404948 0.654297 0.402344 0.653320 0.398438 0.650391 0.394531 0.650391 0.393229 0.649414 0.393229
0 0.651367 0.372396 0.650391 0.373698 0.650391 0.375000 0.649414 0.376302 0.649414 0.377604 0.647461 0.380208 0.647461 0.381510 0.646484 0.382812 0.646484 0.388021 0.647461 0.389323 0.648438 0.389323 0.653320 0.395833 0.653320 0.397135 0.655273 0.399740 0.655273 0.401042 0.658203 0.404948 0.659180 0.404948 0.662109 0.407552 0.665039 0.407552 0.666016 0.408854 0.666992 0.408854 0.667969 0.410156 0.668945 0.410156 0.673828 0.403646 0.673828 0.402344 0.675781 0.399740 0.675781 0.398438 0.676758 0.397135 0.676758 0.391927 0.677734 0.390625 0.677734 0.381510 0.675781 0.378906 0.675781 0.377604 0.674805 0.377604 0.672852 0.375000 0.671875 0.375000 0.670898 0.373698 0.668945 0.373698 0.667969 0.372396 0.664062 0.372396 0.663086 0.371094 0.653320 0.371094 0.652344 0.372396
0 0.681641 0.385417 0.681641 0.386719 0.680664 0.388021 0.680664 0.391927 0.679688 0.393229 0.679688 0.395833 0.678711 0.397135 0.678711 0.401042 0.679688 0.402344 0.679688 0.406250 0.680664 0.407552 0.680664 0.410156 0.681641 0.411458 0.681641 0.412760 0.682617 0.412760 0.683594 0.414062 0.686523 0.415365 0.688477 0.417969 0.695312 0.417969 0.696289 0.419271 0.701172 0.419271 0.702148 0.417969 0.707031 0.417969 0.711914 0.414062 0.711914 0.410156 0.712891 0.408854 0.712891 0.403646 0.713867 0.402344 0.713867 0.399740 0.714844 0.398438 0.714844 0.393229 0.713867 0.391927 0.713867 0.390625 0.707031 0.381510 0.706055 0.381510 0.704102 0.378906 0.703125 0.378906 0.702148 0.377604 0.700195 0.377604 0.699219 0.376302 0.693359 0.376302 0.692383 0.377604 0.690430 0.377604 0.689453 0.378906 0.687500 0.378906 0.686523 0.380208 0.685547 0.380208
0 0.720703 0.376302 0.720703 0.377604 0.719727 0.378906 0.719727 0.388021 0.718750 0.389323 0.718750 0.394531 0.719727 0.395833 0.719727 0.397135 0.721680 0.399740 0.721680 0.401042 0.722656 0.401042 0.726562 0.406250 0.727539 0.406250 0.728516 0.407552 0.730469 0.407552 0.731445 0.408854 0.741211 0.408854 0.742188 0.407552 0.745117 0.407552 0.746094 0.406250 0.750977 0.406250 0.753906 0.402344 0.753906 0.401042 0.754883 0.399740 0.754883 0.397135 0.755859 0.395833 0.755859 0.382812 0.751953 0.377604 0.751953 0.376302 0.750000 0.373698 0.749023 0.373698 0.746094 0.371094 0.744141 0.371094 0.739258 0.367188 0.737305 0.367188 0.736328 0.365885 0.735352 0.365885 0.734375 0.367188 0.731445 0.367188 0.730469 0.368490 0.729492 0.368490 0.728516 0.369792 0.727539 0.369792 0.726562 0.371094 0.723633 0.372396
0 0.606445 0.367188 0.603516 0.371094 0.603516 0.373698 0.604492 0.375000 0.604492 0.377604 0.606445 0.381510 0.606445 0.397135 0.607422 0.398438 0.607422 0.401042 0.608398 0.399740 0.611328 0.399740 0.612305 0.401042 0.618164 0.401042 0.619141 0.402344 0.625977 0.402344 0.626953 0.401042 0.629883 0.399740 0.633789 0.394531 0.633789 0.391927 0.634766 0.390625 0.634766 0.381510 0.633789 0.380208 0.633789 0.376302 0.632812 0.375000 0.632812 0.373698 0.630859 0.371094 0.630859 0.369792 0.625977 0.363281 0.624023 0.363281 0.623047 0.361979 0.616211 0.361979 0.615234 0.363281 0.613281 0.363281 0.612305 0.364583 0.610352 0.364583 0.609375 0.365885
0 0.619141 0.304688 0.616211 0.307292 0.614258 0.307292 0.613281 0.308594 0.612305 0.308594 0.603516 0.320312 0.603516 0.333333 0.604492 0.334635 0.604492 0.341146 0.609375 0.346354 0.615234 0.346354 0.616211 0.347656 0.623047 0.347656 0.624023 0.348958 0.626953 0.348958 0.628906 0.346354 0.630859 0.346354 0.634766 0.339844 0.634766 0.338542 0.635742 0.337240 0.635742 0.332031 0.636719 0.330729 0.636719 0.324219 0.635742 0.322917 0.635742 0.319010 0.634766 0.317708 0.634766 0.315104 0.630859 0.309896 0.629883 0.309896 0.628906 0.308594 0.626953 0.308594 0.625977 0.307292 0.625000 0.307292 0.623047 0.304688
0 0.644531 0.320312 0.643555 0.321615 0.641602 0.321615 0.638672 0.324219 0.638672 0.328125 0.637695 0.329427 0.637695 0.337240 0.636719 0.338542 0.636719 0.339844 0.635742 0.341146 0.635742 0.343750 0.634766 0.345052 0.634766 0.348958 0.633789 0.350260 0.633789 0.355469 0.634766 0.356771 0.634766 0.359375 0.636719 0.361979 0.636719 0.364583 0.637695 0.365885 0.637695 0.367188 0.641602 0.367188 0.642578 0.368490 0.649414 0.368490 0.650391 0.367188 0.652344 0.367188 0.653320 0.365885 0.655273 0.365885 0.660156 0.361979 0.660156 0.360677 0.662109 0.356771 0.662109 0.354167 0.663086 0.352865 0.663086 0.351562 0.666016 0.345052 0.666016 0.341146 0.666992 0.339844 0.666992 0.338542 0.666016 0.337240 0.666016 0.332031 0.660156 0.324219 0.659180 0.324219 0.656250 0.321615 0.653320 0.321615 0.652344 0.320312
0 0.684570 0.319010 0.683594 0.320312 0.683594 0.322917 0.682617 0.324219 0.682617 0.328125 0.681641 0.329427 0.681641 0.332031 0.680664 0.333333 0.680664 0.348958 0.683594 0.352865 0.686523 0.354167 0.688477 0.356771 0.689453 0.356771 0.691406 0.359375 0.692383 0.359375 0.694336 0.361979 0.695312 0.361979 0.696289 0.363281 0.705078 0.363281 0.706055 0.361979 0.706055 0.356771 0.707031 0.355469 0.707031 0.352865 0.708008 0.351562 0.708008 0.348958 0.708984 0.347656 0.708984 0.341146 0.709961 0.339844 0.709961 0.326823 0.706055 0.321615 0.705078 0.321615 0.702148 0.319010 0.699219 0.319010 0.698242 0.317708 0.694336 0.317708 0.693359 0.319010
0 0.713867 0.309896 0.710938 0.313802 0.710938 0.315104 0.709961 0.316406 0.709961 0.322917 0.711914 0.326823 0.711914 0.333333 0.712891 0.334635 0.712891 0.338542 0.717773 0.343750 0.718750 0.343750 0.719727 0.345052 0.720703 0.345052 0.721680 0.346354 0.722656 0.346354 0.723633 0.347656 0.726562 0.348958 0.728516 0.351562 0.733398 0.351562 0.734375 0.350260 0.736328 0.350260 0.740234 0.345052 0.740234 0.341146 0.741211 0.339844 0.741211 0.337240 0.742188 0.335938 0.742188 0.325521 0.743164 0.324219 0.743164 0.321615 0.744141 0.320312 0.744141 0.317708 0.743164 0.316406 0.743164 0.315104 0.740234 0.312500 0.737305 0.312500 0.736328 0.311198 0.734375 0.311198 0.733398 0.309896 0.729492 0.309896 0.728516 0.308594 0.715820 0.308594 0.714844 0.309896
0 0.387695 0.549479 0.382812 0.554688 0.382812 0.555990 0.381836 0.557292 0.381836 0.559896 0.380859 0.561198 0.380859 0.571615 0.381836 0.572917 0.381836 0.576823 0.383789 0.580729 0.383789 0.585938 0.385742 0.588542 0.386719 0.588542 0.391602 0.592448 0.405273 0.592448 0.407227 0.589844 0.408203 0.589844 0.412109 0.584635 0.412109 0.582031 0.413086 0.580729 0.413086 0.563802 0.412109 0.562500 0.412109 0.554688 0.411133 0.553385 0.411133 0.552083 0.408203 0.549479 0.404297 0.549479 0.403320 0.548177 0.392578 0.548177 0.391602 0.549479
