0 0.176758 0.412760 0.174805 0.414062 0.170898 0.420573 0.169922 0.420573 0.169922 0.421875 0.166016 0.427083 0.164062 0.432292 0.160156 0.437500 0.160156 0.440104 0.158203 0.445312 0.157227 0.460938 0.159180 0.466146 0.166016 0.471354 0.169922 0.476562 0.169922 0.477865 0.173828 0.480469 0.175781 0.480469 0.178711 0.483073 0.180664 0.483073 0.181641 0.484375 0.189453 0.484375 0.190430 0.483073 0.192383 0.483073 0.194336 0.480469 0.196289 0.480469 0.202148 0.476562 0.204102 0.473958 0.205078 0.468750 0.206055 0.467448 0.206055 0.454427 0.207031 0.453125 0.207031 0.447917 0.202148 0.433594 0.192383 0.419271 0.190430 0.417969 0.186523 0.417969 0.185547 0.416667 0.180664 0.415365 0.178711 0.412760
0 0.164062 0.503906 0.158203 0.507812 0.154297 0.513021 0.149414 0.524740 0.149414 0.528646 0.148438 0.529948 0.148438 0.544271 0.150391 0.549479 0.150391 0.554688 0.151367 0.554688 0.156250 0.561198 0.169922 0.570312 0.175781 0.571615 0.176758 0.572917 0.184570 0.572917 0.188477 0.569010 0.194336 0.553385 0.194336 0.528646 0.193359 0.526042 0.187500 0.518229 0.187500 0.516927 0.177734 0.506510 0.173828 0.505208 0.172852 0.503906 0.170898 0.503906 0.169922 0.502604 0.167969 0.503906
0 0.221680 0.480469 0.217773 0.480469 0.216797 0.481771 0.209961 0.481771 0.208984 0.483073 0.205078 0.484375 0.202148 0.488281 0.199219 0.488281 0.197266 0.489583 0.197266 0.490885 0.194336 0.494792 0.194336 0.496094 0.191406 0.501302 0.191406 0.506510 0.192383 0.507812 0.192383 0.516927 0.195312 0.523438 0.195312 0.526042 0.208984 0.542969 0.211914 0.542969 0.212891 0.544271 0.215820 0.544271 0.216797 0.545573 0.219727 0.545573 0.220703 0.544271 0.225586 0.544271 0.229492 0.540365 0.230469 0.540365 0.234375 0.535156 0.242188 0.529948 0.242188 0.524740 0.240234 0.520833 0.240234 0.510417 0.239258 0.509115 0.239258 0.505208 0.240234 0.502604 0.239258 0.500000 0.237305 0.497396 0.237305 0.496094 0.236328 0.496094 0.228516 0.485677
0 0.172852 0.579427 0.172852 0.587240 0.171875 0.588542 0.171875 0.601562 0.172852 0.602865 0.172852 0.604167 0.175781 0.608073 0.176758 0.608073 0.178711 0.610677 0.179688 0.610677 0.180664 0.611979 0.184570 0.611979 0.185547 0.613281 0.191406 0.613281 0.192383 0.614583 0.202148 0.614583 0.203125 0.613281 0.208008 0.613281 0.208984 0.611979 0.208984 0.609375 0.208008 0.608073 0.208008 0.605469 0.207031 0.604167 0.207031 0.602865 0.204102 0.596354 0.204102 0.583333 0.203125 0.582031 0.203125 0.579427 0.201172 0.576823 0.199219 0.576823 0.198242 0.575521 0.193359 0.575521 0.192383 0.574219 0.186523 0.574219 0.185547 0.575521 0.176758 0.575521 0.174805 0.578125 0.173828 0.578125
0 0.244141 0.553385 0.242188 0.553385 0.239258 0.557292 0.235352 0.557292 0.232422 0.559896 0.223633 0.559896 0.222656 0.561198 0.212891 0.562500 0.210938 0.563802 0.208008 0.569010 0.208984 0.575521 0.205078 0.582031 0.205078 0.595052 0.211914 0.610677 0.217773 0.618490 0.219727 0.619792 0.225586 0.619792 0.226562 0.618490 0.234375 0.618490 0.235352 0.617188 0.238281 0.617188 0.243164 0.613281 0.248047 0.611979 0.255859 0.602865 0.255859 0.600260 0.257812 0.595052 0.256836 0.588542 0.253906 0.584635 0.253906 0.582031 0.250000 0.575521 0.250000 0.572917 0.249023 0.571615 0.247070 0.571615 0.245117 0.569010 0.248047 0.566406 0.254883 0.572917 0.255859 0.570312 0.252930 0.566406 0.252930 0.563802 0.251953 0.562500 0.250000 0.562500 0.245117 0.557292
0 0.261719 0.626302 0.261719 0.618490 0.255859 0.606771 0.254883 0.606771 0.250000 0.611979 0.248047 0.611979 0.245117 0.614583 0.243164 0.614583 0.241211 0.615885 0.239258 0.618490 0.236328 0.618490 0.235352 0.619792 0.225586 0.619792 0.224609 0.621094 0.221680 0.621094 0.220703 0.619792 0.217773 0.619792 0.212891 0.614583 0.211914 0.614583 0.208984 0.617188 0.204102 0.618490 0.202148 0.621094 0.203125 0.625000 0.205078 0.627604 0.206055 0.627604 0.212891 0.636719 0.213867 0.636719 0.220703 0.645833 0.221680 0.645833 0.223633 0.648438 0.226562 0.648438 0.227539 0.647135 0.231445 0.647135 0.232422 0.645833 0.238281 0.645833 0.239258 0.644531 0.244141 0.643229 0.246094 0.640625 0.251953 0.636719 0.256836 0.630208 0.259766 0.628906
0 0.281250 0.518229 0.279297 0.518229 0.278320 0.516927 0.277344 0.518229 0.271484 0.518229 0.270508 0.519531 0.261719 0.519531 0.260742 0.518229 0.257812 0.518229 0.256836 0.519531 0.254883 0.519531 0.250977 0.522135 0.248047 0.527344 0.248047 0.529948 0.246094 0.535156 0.246094 0.539062 0.245117 0.540365 0.245117 0.542969 0.246094 0.544271 0.246094 0.546875 0.247070 0.549479 0.249023 0.552083 0.250000 0.552083 0.256836 0.561198 0.256836 0.562500 0.257812 0.562500 0.260742 0.566406 0.266602 0.570312 0.278320 0.570312 0.279297 0.569010 0.281250 0.569010 0.285156 0.565104 0.287109 0.565104 0.291016 0.561198 0.291992 0.561198 0.293945 0.558594 0.293945 0.557292 0.295898 0.555990 0.296875 0.553385 0.295898 0.550781 0.295898 0.546875 0.294922 0.545573 0.294922 0.537760 0.293945 0.536458 0.293945 0.533854 0.283203 0.519531
0 0.310547 0.566406 0.309570 0.566406 0.308594 0.565104 0.300781 0.565104 0.299805 0.563802 0.297852 0.563802 0.296875 0.565104 0.291016 0.565104 0.290039 0.566406 0.285156 0.567708 0.284180 0.569010 0.277344 0.572917 0.275391 0.575521 0.275391 0.576823 0.274414 0.578125 0.274414 0.588542 0.275391 0.589844 0.275391 0.592448 0.276367 0.593750 0.277344 0.600260 0.280273 0.605469 0.280273 0.608073 0.282227 0.610677 0.284180 0.610677 0.285156 0.611979 0.291016 0.611979 0.291992 0.613281 0.303711 0.613281 0.304688 0.611979 0.307617 0.610677 0.309570 0.608073 0.312500 0.606771 0.315430 0.602865 0.316406 0.602865 0.316406 0.601562 0.319336 0.595052 0.319336 0.584635 0.318359 0.583333 0.318359 0.580729 0.316406 0.578125 0.316406 0.576823 0.312500 0.571615 0.312500 0.570312
0 0.227539 0.332031 0.220703 0.338542 0.215820 0.341146 0.205078 0.354167 0.205078 0.365885 0.206055 0.367188 0.206055 0.372396 0.207031 0.373698 0.207031 0.381510 0.208008 0.382812 0.208984 0.389323 0.211914 0.393229 0.215820 0.394531 0.216797 0.395833 0.222656 0.397135 0.228516 0.403646 0.232422 0.404948 0.245117 0.397135 0.249023 0.391927 0.250000 0.391927 0.254883 0.386719 0.254883 0.364583 0.253906 0.363281 0.253906 0.359375 0.251953 0.355469 0.251953 0.352865 0.249023 0.346354 0.240234 0.339844 0.238281 0.339844 0.236328 0.337240 0.231445 0.334635 0.229492 0.332031
0 0.242188 0.274740 0.236328 0.278646 0.233398 0.282552 0.228516 0.294271 0.227539 0.302083 0.226562 0.303385 0.226562 0.308594 0.227539 0.309896 0.227539 0.315104 0.228516 0.316406 0.228516 0.319010 0.231445 0.326823 0.237305 0.334635 0.238281 0.334635 0.244141 0.341146 0.248047 0.343750 0.250977 0.343750 0.251953 0.345052 0.260742 0.345052 0.261719 0.343750 0.263672 0.343750 0.267578 0.341146 0.272461 0.333333 0.272461 0.332031 0.275391 0.328125 0.276367 0.325521 0.276367 0.321615 0.277344 0.320312 0.277344 0.312500 0.276367 0.311198 0.276367 0.307292 0.275391 0.305990 0.275391 0.303385 0.272461 0.294271 0.272461 0.285156 0.271484 0.283854 0.271484 0.279948 0.268555 0.277344 0.261719 0.276042 0.257812 0.273438 0.249023 0.273438 0.248047 0.274740
0 0.282227 0.334635 0.273438 0.345052 0.273438 0.347656 0.272461 0.348958 0.271484 0.372396 0.272461 0.373698 0.272461 0.382812 0.273438 0.385417 0.278320 0.389323 0.283203 0.395833 0.286133 0.397135 0.290039 0.402344 0.305664 0.402344 0.306641 0.401042 0.308594 0.401042 0.312500 0.398438 0.316406 0.393229 0.319336 0.385417 0.319336 0.369792 0.318359 0.368490 0.319336 0.355469 0.315430 0.352865 0.306641 0.342448 0.300781 0.338542 0.296875 0.338542 0.295898 0.337240 0.289062 0.337240 0.288086 0.335938 0.284180 0.335938
0 0.262695 0.389323 0.260742 0.391927 0.258789 0.391927 0.257812 0.394531 0.249023 0.406250 0.249023 0.407552 0.246094 0.411458 0.245117 0.414062 0.245117 0.424479 0.248047 0.432292 0.251953 0.437500 0.252930 0.437500 0.254883 0.441406 0.255859 0.441406 0.258789 0.445312 0.260742 0.445312 0.261719 0.446615 0.266602 0.447917 0.271484 0.451823 0.274414 0.451823 0.281250 0.445312 0.282227 0.445312 0.288086 0.437500 0.291992 0.427083 0.291992 0.414062 0.291016 0.412760 0.291016 0.410156 0.289062 0.404948 0.281250 0.395833 0.275391 0.391927 0.273438 0.391927 0.270508 0.389323
0 0.294922 0.429688 0.292969 0.434896 0.292969 0.438802 0.291992 0.440104 0.291992 0.451823 0.292969 0.453125 0.293945 0.459635 0.299805 0.467448 0.299805 0.468750 0.305664 0.477865 0.307617 0.477865 0.308594 0.479167 0.313477 0.479167 0.314453 0.480469 0.323242 0.480469 0.324219 0.479167 0.327148 0.479167 0.328125 0.477865 0.330078 0.477865 0.333984 0.475260 0.338867 0.470052 0.339844 0.467448 0.339844 0.464844 0.341797 0.460938 0.341797 0.457031 0.342773 0.455729 0.341797 0.453125 0.341797 0.449219 0.339844 0.446615 0.337891 0.441406 0.329102 0.428385 0.321289 0.428385 0.320312 0.427083 0.313477 0.427083 0.312500 0.425781 0.299805 0.425781 0.298828 0.427083 0.296875 0.427083
0 0.321289 0.483073 0.317383 0.493490 0.315430 0.496094 0.315430 0.498698 0.313477 0.502604 0.313477 0.515625 0.314453 0.516927 0.314453 0.519531 0.316406 0.524740 0.317383 0.524740 0.324219 0.533854 0.328125 0.536458 0.340820 0.536458 0.341797 0.535156 0.344727 0.535156 0.348633 0.532552 0.351562 0.526042 0.351562 0.522135 0.354492 0.514323 0.354492 0.511719 0.355469 0.509115 0.357422 0.507812 0.357422 0.497396 0.354492 0.492188 0.354492 0.490885 0.346680 0.483073 0.344727 0.483073 0.343750 0.481771 0.323242 0.481771
0 0.343750 0.355469 0.341797 0.356771 0.341797 0.358073 0.339844 0.360677 0.330078 0.367188 0.323242 0.373698 0.321289 0.378906 0.321289 0.382812 0.320312 0.384115 0.320312 0.390625 0.321289 0.393229 0.325195 0.395833 0.331055 0.403646 0.332031 0.406250 0.336914 0.410156 0.344727 0.419271 0.346680 0.420573 0.351562 0.420573 0.355469 0.416667 0.360352 0.415365 0.372070 0.407552 0.375000 0.402344 0.375000 0.398438 0.379883 0.393229 0.379883 0.382812 0.376953 0.375000 0.376953 0.372396 0.374023 0.368490 0.374023 0.367188 0.365234 0.359375 0.357422 0.359375 0.350586 0.355469
0 0.362305 0.419271 0.358398 0.421875 0.355469 0.427083 0.355469 0.429688 0.349609 0.445312 0.349609 0.447917 0.348633 0.449219 0.348633 0.453125 0.347656 0.454427 0.347656 0.457031 0.348633 0.458333 0.348633 0.462240 0.351562 0.468750 0.351562 0.471354 0.352539 0.473958 0.354492 0.476562 0.358398 0.479167 0.361328 0.479167 0.362305 0.480469 0.366211 0.480469 0.367188 0.481771 0.369141 0.480469 0.381836 0.480469 0.388672 0.471354 0.388672 0.470052 0.391602 0.466146 0.392578 0.462240 0.394531 0.459635 0.394531 0.450521 0.391602 0.444010 0.390625 0.437500 0.388672 0.432292 0.387695 0.432292 0.383789 0.425781 0.380859 0.424479 0.376953 0.420573 0.373047 0.420573 0.372070 0.419271
0 0.389648 0.480469 0.386719 0.480469 0.380859 0.484375 0.374023 0.484375 0.373047 0.485677 0.369141 0.485677 0.364258 0.490885 0.364258 0.494792 0.363281 0.496094 0.362305 0.513021 0.363281 0.514323 0.363281 0.518229 0.364258 0.519531 0.364258 0.524740 0.365234 0.526042 0.365234 0.528646 0.368164 0.533854 0.375977 0.539062 0.377930 0.539062 0.378906 0.540365 0.386719 0.540365 0.387695 0.541667 0.388672 0.540365 0.394531 0.540365 0.399414 0.535156 0.400391 0.535156 0.404297 0.527344 0.404297 0.513021 0.403320 0.511719 0.403320 0.490885 0.396484 0.483073 0.394531 0.483073 0.393555 0.481771 0.390625 0.481771
0 0.330078 0.566406 0.329102 0.567708 0.329102 0.602865 0.330078 0.604167 0.331055 0.613281 0.333984 0.618490 0.336914 0.618490 0.337891 0.619792 0.340820 0.619792 0.341797 0.621094 0.352539 0.621094 0.354492 0.618490 0.356445 0.618490 0.360352 0.614583 0.361328 0.614583 0.362305 0.613281 0.364258 0.613281 0.366211 0.610677 0.366211 0.609375 0.367188 0.608073 0.367188 0.604167 0.366211 0.602865 0.366211 0.598958 0.367188 0.597656 0.367188 0.584635 0.366211 0.583333 0.366211 0.580729 0.363281 0.574219 0.362305 0.574219 0.358398 0.569010 0.357422 0.569010 0.354492 0.566406 0.352539 0.566406 0.349609 0.563802 0.333008 0.563802 0.331055 0.566406
0 0.318359 0.611979 0.318359 0.618490 0.321289 0.623698 0.321289 0.630208 0.323242 0.634115 0.323242 0.636719 0.324219 0.638021 0.324219 0.639323 0.328125 0.644531 0.330078 0.644531 0.331055 0.645833 0.336914 0.645833 0.337891 0.647135 0.341797 0.647135 0.342773 0.648438 0.349609 0.648438 0.350586 0.647135 0.353516 0.645833 0.353516 0.644531 0.356445 0.640625 0.357422 0.640625 0.360352 0.635417 0.360352 0.617188 0.357422 0.617188 0.353516 0.621094 0.350586 0.621094 0.349609 0.622396 0.344727 0.622396 0.343750 0.621094 0.338867 0.621094 0.337891 0.619792 0.335938 0.619792 0.334961 0.618490 0.333984 0.618490 0.331055 0.614583 0.331055 0.613281 0.330078 0.611979 0.330078 0.609375 0.328125 0.605469 0.325195 0.605469 0.323242 0.608073 0.321289 0.608073
0 0.369141 0.611979 0.366211 0.615885 0.365234 0.615885 0.365234 0.617188 0.364258 0.618490 0.364258 0.653646 0.365234 0.654948 0.366211 0.654948 0.367188 0.656250 0.374023 0.660156 0.375977 0.662760 0.377930 0.662760 0.378906 0.664062 0.382812 0.664062 0.383789 0.665365 0.389648 0.665365 0.390625 0.664062 0.392578 0.664062 0.393555 0.662760 0.396484 0.661458 0.404297 0.652344 0.404297 0.651042 0.406250 0.647135 0.406250 0.640625 0.405273 0.639323 0.405273 0.634115 0.404297 0.632812 0.404297 0.625000 0.403320 0.623698 0.402344 0.623698 0.401367 0.622396 0.399414 0.622396 0.390625 0.615885 0.385742 0.614583 0.380859 0.610677 0.377930 0.610677 0.376953 0.609375 0.375977 0.609375 0.375000 0.610677 0.372070 0.610677 0.371094 0.611979
0 0.411133 0.531250 0.407227 0.533854 0.396484 0.548177 0.394531 0.553385 0.394531 0.557292 0.393555 0.558594 0.393555 0.565104 0.394531 0.566406 0.394531 0.570312 0.397461 0.575521 0.397461 0.576823 0.403320 0.584635 0.404297 0.584635 0.408203 0.588542 0.410156 0.588542 0.411133 0.589844 0.415039 0.589844 0.416016 0.591146 0.421875 0.591146 0.422852 0.592448 0.428711 0.592448 0.428711 0.591146 0.436523 0.580729 0.436523 0.579427 0.439453 0.575521 0.440430 0.572917 0.440430 0.558594 0.439453 0.555990 0.438477 0.555990 0.435547 0.552083 0.431641 0.549479 0.424805 0.541667 0.419922 0.539062 0.414062 0.532552
0 0.184570 0.641927 0.176758 0.649740 0.176758 0.651042 0.174805 0.653646 0.172852 0.658854 0.172852 0.666667 0.171875 0.667969 0.171875 0.674479 0.172852 0.675781 0.172852 0.680990 0.174805 0.686198 0.175781 0.687500 0.177734 0.687500 0.180664 0.691406 0.181641 0.694010 0.183594 0.694010 0.194336 0.701823 0.198242 0.701823 0.200195 0.703125 0.201172 0.701823 0.204102 0.701823 0.205078 0.700521 0.207031 0.700521 0.208984 0.697917 0.212891 0.695312 0.216797 0.690104 0.216797 0.686198 0.217773 0.683594 0.216797 0.682292 0.216797 0.678385 0.214844 0.674479 0.214844 0.667969 0.213867 0.665365 0.211914 0.662760 0.209961 0.662760 0.206055 0.660156 0.203125 0.656250 0.198242 0.653646 0.192383 0.645833 0.190430 0.644531 0.188477 0.644531
0 0.202148 0.712240 0.199219 0.716146 0.199219 0.717448 0.197266 0.721354 0.197266 0.736979 0.198242 0.738281 0.198242 0.742188 0.199219 0.743490 0.199219 0.744792 0.200195 0.744792 0.206055 0.751302 0.208008 0.751302 0.212891 0.755208 0.215820 0.755208 0.218750 0.759115 0.219727 0.759115 0.220703 0.760417 0.224609 0.760417 0.225586 0.759115 0.228516 0.757812 0.230469 0.755208 0.237305 0.751302 0.242188 0.744792 0.242188 0.743490 0.243164 0.742188 0.243164 0.726562 0.239258 0.720052 0.238281 0.720052 0.236328 0.717448 0.233398 0.716146 0.227539 0.707031 0.221680 0.707031 0.220703 0.708333 0.217773 0.708333 0.216797 0.707031 0.211914 0.707031 0.210938 0.708333 0.208984 0.708333 0.208008 0.709635 0.206055 0.709635 0.205078 0.710938
0 0.228516 0.760417 0.228516 0.765625 0.231445 0.769531 0.232422 0.769531 0.233398 0.770833 0.238281 0.773438 0.243164 0.779948 0.244141 0.779948 0.245117 0.781250 0.250000 0.783854 0.251953 0.786458 0.252930 0.786458 0.255859 0.789062 0.258789 0.789062 0.259766 0.790365 0.265625 0.790365 0.266602 0.789062 0.267578 0.789062 0.271484 0.783854 0.271484 0.781250 0.269531 0.777344 0.268555 0.777344 0.267578 0.776042 0.262695 0.773438 0.260742 0.770833 0.259766 0.770833 0.252930 0.761719 0.252930 0.759115 0.251953 0.757812 0.251953 0.756510 0.252930 0.755208 0.252930 0.750000 0.250977 0.746094 0.246094 0.746094 0.245117 0.747396 0.243164 0.747396 0.242188 0.748698 0.241211 0.748698 0.238281 0.752604 0.237305 0.752604 0.236328 0.753906 0.231445 0.756510
0 0.259766 0.727865 0.257812 0.730469 0.257812 0.731771 0.255859 0.735677 0.255859 0.738281 0.253906 0.740885 0.253906 0.743490 0.252930 0.744792 0.252930 0.757812 0.253906 0.759115 0.253906 0.761719 0.259766 0.769531 0.268555 0.774740 0.271484 0.778646 0.271484 0.779948 0.273438 0.779948 0.274414 0.781250 0.277344 0.781250 0.278320 0.779948 0.283203 0.779948 0.284180 0.778646 0.286133 0.778646 0.287109 0.777344 0.287109 0.776042 0.289062 0.773438 0.290039 0.773438 0.294922 0.766927 0.294922 0.765625 0.296875 0.761719 0.296875 0.759115 0.297852 0.757812 0.297852 0.750000 0.296875 0.748698 0.296875 0.746094 0.295898 0.744792 0.295898 0.743490 0.289062 0.738281 0.287109 0.738281 0.284180 0.734375 0.277344 0.730469 0.275391 0.727865 0.274414 0.727865 0.271484 0.725260 0.264648 0.725260 0.263672 0.726562 0.261719 0.726562 0.260742 0.727865
0 0.233398 0.674479 0.232422 0.680990 0.227539 0.688802 0.227539 0.699219 0.228516 0.700521 0.228516 0.703125 0.230469 0.708333 0.235352 0.714844 0.244141 0.721354 0.246094 0.721354 0.247070 0.722656 0.250977 0.722656 0.251953 0.723958 0.255859 0.723958 0.256836 0.722656 0.265625 0.721354 0.266602 0.720052 0.269531 0.720052 0.270508 0.718750 0.274414 0.717448 0.277344 0.709635 0.277344 0.707031 0.280273 0.700521 0.280273 0.696615 0.282227 0.691406 0.282227 0.683594 0.274414 0.684896 0.271484 0.679688 0.271484 0.678385 0.268555 0.674479 0.266602 0.674479 0.265625 0.673177 0.263672 0.673177 0.259766 0.670573 0.248047 0.670573 0.247070 0.671875 0.238281 0.671875 0.237305 0.673177 0.234375 0.673177
0 0.293945 0.670573 0.291016 0.674479 0.291016 0.675781 0.288086 0.679688 0.287109 0.682292 0.287109 0.684896 0.286133 0.686198 0.286133 0.695312 0.287109 0.696615 0.287109 0.699219 0.290039 0.707031 0.297852 0.714844 0.299805 0.714844 0.300781 0.716146 0.305664 0.716146 0.306641 0.717448 0.313477 0.717448 0.314453 0.718750 0.317383 0.718750 0.318359 0.720052 0.319336 0.718750 0.321289 0.718750 0.322266 0.716146 0.331055 0.704427 0.331055 0.703125 0.333984 0.699219 0.333984 0.697917 0.335938 0.695312 0.337891 0.690104 0.337891 0.682292 0.335938 0.677083 0.332031 0.671875 0.330078 0.671875 0.329102 0.670573 0.318359 0.670573 0.317383 0.669271 0.312500 0.669271 0.311523 0.670573
0 0.356445 0.648438 0.355469 0.649740 0.352539 0.649740 0.350586 0.651042 0.346680 0.657552 0.346680 0.661458 0.345703 0.662760 0.345703 0.665365 0.344727 0.666667 0.344727 0.669271 0.342773 0.674479 0.342773 0.678385 0.340820 0.683594 0.340820 0.687500 0.338867 0.692708 0.338867 0.696615 0.340820 0.701823 0.342773 0.703125 0.349609 0.712240 0.351562 0.713542 0.353516 0.713542 0.354492 0.714844 0.362305 0.714844 0.374023 0.707031 0.380859 0.697917 0.381836 0.695312 0.381836 0.691406 0.382812 0.690104 0.382812 0.686198 0.381836 0.684896 0.381836 0.682292 0.382812 0.680990 0.382812 0.675781 0.381836 0.674479 0.381836 0.671875 0.377930 0.665365 0.365234 0.657552 0.361328 0.652344 0.360352 0.649740 0.358398 0.649740
0 0.397461 0.727865 0.394531 0.727865 0.388672 0.731771 0.385742 0.731771 0.384766 0.733073 0.382812 0.733073 0.378906 0.735677 0.375977 0.735677 0.372070 0.738281 0.369141 0.738281 0.365234 0.740885 0.365234 0.752604 0.369141 0.763021 0.377930 0.773438 0.380859 0.774740 0.383789 0.778646 0.385742 0.779948 0.396484 0.779948 0.397461 0.778646 0.400391 0.778646 0.410156 0.772135 0.414062 0.766927 0.415039 0.764323 0.415039 0.755208 0.414062 0.753906 0.414062 0.751302 0.412109 0.748698 0.412109 0.747396 0.410156 0.746094 0.407227 0.742188 0.407227 0.740885 0.402344 0.734375 0.402344 0.733073 0.399414 0.729167
0 0.422852 0.695312 0.421875 0.696615 0.410156 0.696615 0.409180 0.697917 0.406250 0.697917 0.403320 0.701823 0.399414 0.704427 0.396484 0.704427 0.396484 0.707031 0.395508 0.708333 0.395508 0.721354 0.397461 0.726562 0.404297 0.734375 0.404297 0.735677 0.407227 0.739583 0.408203 0.742188 0.409180 0.742188 0.414062 0.748698 0.416016 0.750000 0.417969 0.750000 0.418945 0.751302 0.422852 0.751302 0.423828 0.750000 0.426758 0.750000 0.431641 0.744792 0.434570 0.743490 0.438477 0.738281 0.442383 0.727865 0.442383 0.725260 0.443359 0.723958 0.443359 0.717448 0.442383 0.716146 0.435547 0.716146 0.433594 0.713542 0.430664 0.712240 0.428711 0.707031 0.427734 0.707031 0.422852 0.699219
0 0.462891 0.740885 0.461914 0.740885 0.458008 0.735677 0.457031 0.735677 0.456055 0.734375 0.448242 0.734375 0.447266 0.733073 0.442383 0.733073 0.440430 0.735677 0.440430 0.736979 0.434570 0.744792 0.431641 0.746094 0.426758 0.751302 0.424805 0.751302 0.423828 0.752604 0.419922 0.752604 0.417969 0.755208 0.417969 0.756510 0.416992 0.757812 0.417969 0.759115 0.417969 0.766927 0.420898 0.772135 0.420898 0.773438 0.425781 0.779948 0.426758 0.779948 0.427734 0.781250 0.441406 0.781250 0.442383 0.779948 0.446289 0.779948 0.447266 0.778646 0.452148 0.778646 0.455078 0.776042 0.455078 0.773438 0.456055 0.772135 0.456055 0.770833 0.458984 0.766927 0.459961 0.760417 0.462891 0.753906 0.462891 0.751302 0.463867 0.750000 0.463867 0.744792 0.462891 0.743490
0 0.416016 0.611979 0.415039 0.613281 0.415039 0.619792 0.416016 0.621094 0.412109 0.630208 0.412109 0.641927 0.413086 0.643229 0.413086 0.645833 0.414062 0.648438 0.416016 0.651042 0.416016 0.652344 0.423828 0.662760 0.425781 0.662760 0.426758 0.664062 0.429688 0.664062 0.430664 0.665365 0.435547 0.665365 0.436523 0.664062 0.439453 0.664062 0.444336 0.658854 0.444336 0.657552 0.448242 0.652344 0.448242 0.651042 0.452148 0.645833 0.452148 0.644531 0.456055 0.638021 0.458008 0.632812 0.458008 0.625000 0.457031 0.622396 0.452148 0.614583 0.450195 0.614583 0.449219 0.613281 0.446289 0.613281 0.442383 0.610677 0.434570 0.610677 0.433594 0.611979 0.430664 0.611979 0.429688 0.610677 0.423828 0.610677 0.419922 0.614583
0 0.466797 0.557292 0.465820 0.558594 0.463867 0.558594 0.459961 0.563802 0.458008 0.563802 0.456055 0.566406 0.455078 0.566406 0.455078 0.567708 0.451172 0.574219 0.451172 0.576823 0.450195 0.578125 0.450195 0.588542 0.449219 0.589844 0.450195 0.591146 0.450195 0.595052 0.453125 0.602865 0.453125 0.608073 0.454102 0.609375 0.454102 0.611979 0.456055 0.617188 0.459961 0.622396 0.460938 0.625000 0.464844 0.627604 0.474609 0.627604 0.475586 0.626302 0.481445 0.626302 0.488281 0.621094 0.494141 0.613281 0.494141 0.602865 0.487305 0.585938 0.486328 0.579427 0.481445 0.566406 0.479492 0.565104 0.474609 0.558594 0.471680 0.558594 0.470703 0.559896
0 0.448242 0.683594 0.449219 0.686198 0.449219 0.691406 0.450195 0.692708 0.450195 0.701823 0.452148 0.705729 0.452148 0.708333 0.455078 0.716146 0.458008 0.720052 0.459961 0.720052 0.460938 0.718750 0.463867 0.718750 0.464844 0.717448 0.467773 0.717448 0.468750 0.716146 0.471680 0.716146 0.473633 0.713542 0.479492 0.709635 0.481445 0.707031 0.492188 0.700521 0.494141 0.697917 0.495117 0.697917 0.498047 0.692708 0.498047 0.684896 0.495117 0.680990 0.495117 0.679688 0.493164 0.677083 0.488281 0.674479 0.481445 0.667969 0.463867 0.667969 0.462891 0.666667 0.460938 0.666667 0.457031 0.669271 0.458984 0.671875 0.458984 0.673177 0.457031 0.675781 0.454102 0.677083 0.450195 0.682292
0 0.506836 0.709635 0.505859 0.708333 0.504883 0.704427 0.503906 0.704427 0.500000 0.699219 0.497070 0.697917 0.496094 0.699219 0.495117 0.699219 0.494141 0.700521 0.493164 0.700521 0.492188 0.701823 0.491211 0.701823 0.490234 0.703125 0.489258 0.703125 0.488281 0.704427 0.487305 0.704427 0.486328 0.705729 0.481445 0.708333 0.479492 0.710938 0.478516 0.710938 0.477539 0.712240 0.472656 0.714844 0.470703 0.717448 0.468750 0.717448 0.465820 0.720052 0.463867 0.720052 0.462891 0.721354 0.461914 0.721354 0.461914 0.725260 0.462891 0.726562 0.462891 0.727865 0.464844 0.730469 0.465820 0.730469 0.472656 0.738281 0.476562 0.738281 0.477539 0.739583 0.483398 0.739583 0.484375 0.740885 0.490234 0.740885 0.491211 0.739583 0.493164 0.739583 0.494141 0.738281 0.499023 0.735677 0.501953 0.731771 0.501953 0.730469 0.503906 0.727865 0.503906 0.726562 0.504883 0.725260 0.504883 0.722656 0.505859 0.721354 0.505859 0.712240 0.506836 0.710938
0 0.150391 0.727865 0.149414 0.729167 0.149414 0.730469 0.148438 0.731771 0.147461 0.731771 0.141602 0.740885 0.141602 0.743490 0.140625 0.744792 0.140625 0.757812 0.150391 0.770833 0.152344 0.770833 0.157227 0.774740 0.162109 0.774740 0.163086 0.776042 0.166992 0.776042 0.167969 0.777344 0.170898 0.777344 0.171875 0.778646 0.180664 0.778646 0.185547 0.772135 0.185547 0.768229 0.186523 0.766927 0.186523 0.759115 0.185547 0.759115 0.184570 0.757812 0.183594 0.753906 0.180664 0.750000 0.180664 0.748698 0.175781 0.742188 0.174805 0.742188 0.171875 0.739583 0.168945 0.739583 0.167969 0.738281 0.165039 0.736979 0.160156 0.730469 0.159180 0.730469 0.158203 0.729167 0.154297 0.729167 0.153320 0.727865
0 0.196289 0.766927 0.193359 0.769531 0.191406 0.769531 0.190430 0.770833 0.188477 0.770833 0.187500 0.772135 0.186523 0.772135 0.185547 0.773438 0.185547 0.774740 0.181641 0.779948 0.173828 0.779948 0.172852 0.781250 0.172852 0.783854 0.171875 0.785156 0.171875 0.792969 0.170898 0.794271 0.170898 0.804688 0.172852 0.808594 0.173828 0.808594 0.176758 0.812500 0.177734 0.812500 0.180664 0.815104 0.183594 0.815104 0.184570 0.816406 0.189453 0.816406 0.191406 0.819010 0.192383 0.819010 0.197266 0.822917 0.201172 0.822917 0.202148 0.821615 0.205078 0.820312 0.212891 0.811198 0.212891 0.809896 0.213867 0.808594 0.213867 0.796875 0.214844 0.795573 0.214844 0.790365 0.215820 0.789062 0.215820 0.786458 0.214844 0.785156 0.214844 0.783854 0.213867 0.783854 0.209961 0.779948 0.207031 0.778646 0.199219 0.768229
0 0.201172 0.828125 0.201172 0.843750 0.202148 0.845052 0.203125 0.848958 0.204102 0.848958 0.208008 0.854167 0.208984 0.854167 0.215820 0.859375 0.218750 0.859375 0.219727 0.860677 0.220703 0.860677 0.221680 0.859375 0.225586 0.859375 0.226562 0.858073 0.233398 0.856771 0.234375 0.855469 0.236328 0.855469 0.240234 0.851562 0.244141 0.851562 0.246094 0.847656 0.246094 0.838542 0.247070 0.837240 0.247070 0.833333 0.246094 0.832031 0.246094 0.829427 0.245117 0.828125 0.244141 0.824219 0.240234 0.820312 0.239258 0.820312 0.232422 0.815104 0.227539 0.813802 0.224609 0.811198 0.219727 0.811198 0.218750 0.812500 0.214844 0.812500 0.213867 0.813802 0.212891 0.813802 0.209961 0.817708 0.208984 0.817708 0.206055 0.821615 0.205078 0.821615 0.202148 0.825521 0.202148 0.826823
0 0.234375 0.872396 0.229492 0.872396 0.228516 0.873698 0.222656 0.873698 0.221680 0.875000 0.217773 0.875000 0.216797 0.876302 0.211914 0.877604 0.208984 0.881510 0.207031 0.881510 0.205078 0.878906 0.204102 0.878906 0.204102 0.881510 0.202148 0.885417 0.202148 0.888021 0.203125 0.889323 0.203125 0.893229 0.204102 0.894531 0.204102 0.897135 0.205078 0.898438 0.205078 0.901042 0.206055 0.902344 0.206055 0.906250 0.207031 0.907552 0.207031 0.910156 0.208008 0.911458 0.208984 0.917969 0.212891 0.923177 0.214844 0.923177 0.215820 0.924479 0.219727 0.924479 0.220703 0.923177 0.226562 0.923177 0.227539 0.921875 0.229492 0.921875 0.230469 0.920573 0.235352 0.919271 0.239258 0.914062 0.240234 0.914062 0.240234 0.910156 0.241211 0.908854 0.241211 0.907552 0.240234 0.906250 0.240234 0.901042 0.239258 0.899740 0.239258 0.893229 0.238281 0.891927 0.238281 0.882812 0.237305 0.881510 0.237305 0.877604
0 0.315430 0.789062 0.313477 0.785156 0.312500 0.785156 0.311523 0.783854 0.309570 0.783854 0.304688 0.779948 0.304688 0.778646 0.303711 0.777344 0.303711 0.774740 0.302734 0.773438 0.302734 0.768229 0.301758 0.766927 0.297852 0.766927 0.296875 0.768229 0.295898 0.768229 0.291016 0.774740 0.290039 0.774740 0.287109 0.778646 0.286133 0.778646 0.281250 0.782552 0.275391 0.782552 0.274414 0.783854 0.273438 0.783854 0.271484 0.786458 0.270508 0.790365 0.271484 0.791667 0.271484 0.794271 0.272461 0.795573 0.272461 0.798177 0.273438 0.799479 0.273438 0.803385 0.275391 0.807292 0.278320 0.807292 0.279297 0.808594 0.283203 0.808594 0.285156 0.811198 0.287109 0.811198 0.288086 0.812500 0.295898 0.812500 0.296875 0.811198 0.299805 0.811198 0.300781 0.809896 0.302734 0.809896 0.303711 0.808594 0.310547 0.804688 0.312500 0.802083 0.312500 0.800781 0.315430 0.794271
0 0.322266 0.800781 0.319336 0.804688 0.319336 0.805990 0.316406 0.812500 0.315430 0.819010 0.314453 0.820312 0.314453 0.825521 0.316406 0.829427 0.316406 0.832031 0.317383 0.833333 0.318359 0.839844 0.320312 0.842448 0.320312 0.843750 0.322266 0.846354 0.322266 0.847656 0.325195 0.850260 0.327148 0.850260 0.328125 0.851562 0.330078 0.851562 0.331055 0.852865 0.339844 0.852865 0.344727 0.848958 0.347656 0.848958 0.348633 0.847656 0.349609 0.847656 0.350586 0.846354 0.350586 0.842448 0.351562 0.841146 0.350586 0.839844 0.348633 0.839844 0.347656 0.838542 0.345703 0.838542 0.344727 0.837240 0.341797 0.835938 0.334961 0.826823 0.334961 0.825521 0.332031 0.819010 0.332031 0.808594 0.333008 0.807292 0.333008 0.798177 0.332031 0.799479 0.328125 0.799479 0.327148 0.798177 0.325195 0.798177 0.323242 0.800781
0 0.306641 0.744792 0.304688 0.748698 0.304688 0.753906 0.303711 0.755208 0.303711 0.759115 0.302734 0.760417 0.302734 0.763021 0.303711 0.764323 0.303711 0.766927 0.304688 0.768229 0.304688 0.777344 0.305664 0.778646 0.305664 0.779948 0.306641 0.779948 0.309570 0.782552 0.311523 0.782552 0.316406 0.786458 0.318359 0.786458 0.321289 0.789062 0.332031 0.789062 0.333008 0.787760 0.334961 0.787760 0.338867 0.782552 0.338867 0.779948 0.339844 0.778646 0.339844 0.773438 0.340820 0.772135 0.340820 0.752604 0.339844 0.751302 0.339844 0.747396 0.338867 0.746094 0.338867 0.744792 0.335938 0.743490 0.332031 0.739583 0.324219 0.739583 0.323242 0.738281 0.321289 0.738281 0.320312 0.739583 0.316406 0.739583 0.315430 0.740885 0.313477 0.740885 0.312500 0.742188 0.310547 0.742188 0.309570 0.743490
0 0.380859 0.783854 0.376953 0.779948 0.374023 0.779948 0.374023 0.785156 0.378906 0.792969 0.378906 0.795573 0.377930 0.796875 0.375977 0.796875 0.374023 0.791667 0.369141 0.789062 0.367188 0.786458 0.360352 0.786458 0.359375 0.787760 0.355469 0.787760 0.351562 0.790365 0.347656 0.790365 0.346680 0.791667 0.343750 0.791667 0.342773 0.792969 0.339844 0.792969 0.336914 0.795573 0.336914 0.798177 0.333984 0.803385 0.333984 0.807292 0.333008 0.808594 0.333008 0.817708 0.334961 0.824219 0.341797 0.833333 0.345703 0.835938 0.348633 0.835938 0.352539 0.838542 0.359375 0.838542 0.360352 0.839844 0.366211 0.834635 0.369141 0.833333 0.371094 0.830729 0.375000 0.829427 0.377930 0.824219 0.377930 0.820312 0.378906 0.819010 0.379883 0.811198 0.380859 0.809896 0.380859 0.805990 0.381836 0.804688 0.382812 0.787760
0 0.385742 0.803385 0.382812 0.808594 0.382812 0.812500 0.380859 0.817708 0.380859 0.825521 0.376953 0.830729 0.370117 0.834635 0.366211 0.839844 0.366211 0.841146 0.371094 0.847656 0.373047 0.848958 0.375977 0.848958 0.376953 0.850260 0.377930 0.848958 0.383789 0.848958 0.391602 0.855469 0.396484 0.855469 0.403320 0.847656 0.405273 0.846354 0.407227 0.846354 0.413086 0.842448 0.416016 0.834635 0.415039 0.832031 0.415039 0.825521 0.413086 0.821615 0.413086 0.813802 0.412109 0.811198 0.408203 0.805990 0.408203 0.804688 0.406250 0.804688 0.405273 0.803385
0 0.286133 0.852865 0.282227 0.855469 0.277344 0.861979 0.271484 0.865885 0.269531 0.865885 0.268555 0.867188 0.265625 0.867188 0.264648 0.865885 0.262695 0.865885 0.260742 0.867188 0.256836 0.872396 0.254883 0.877604 0.255859 0.878906 0.255859 0.884115 0.260742 0.890625 0.261719 0.890625 0.270508 0.903646 0.271484 0.903646 0.275391 0.907552 0.281250 0.907552 0.282227 0.906250 0.285156 0.906250 0.286133 0.904948 0.289062 0.904948 0.290039 0.903646 0.293945 0.903646 0.298828 0.899740 0.300781 0.899740 0.303711 0.895833 0.304688 0.893229 0.304688 0.890625 0.305664 0.889323 0.305664 0.881510 0.304688 0.880208 0.304688 0.876302 0.302734 0.871094 0.296875 0.863281 0.291992 0.860677 0.290039 0.858073 0.290039 0.856771
0 0.277344 0.914062 0.277344 0.915365 0.276367 0.916667 0.276367 0.919271 0.275391 0.920573 0.274414 0.924479 0.272461 0.927083 0.271484 0.930990 0.276367 0.941406 0.277344 0.941406 0.282227 0.947917 0.283203 0.947917 0.286133 0.951823 0.287109 0.951823 0.291016 0.955729 0.292969 0.955729 0.293945 0.957031 0.300781 0.957031 0.301758 0.955729 0.303711 0.955729 0.304688 0.954427 0.307617 0.953125 0.309570 0.950521 0.311523 0.950521 0.312500 0.949219 0.313477 0.949219 0.313477 0.945312 0.319336 0.936198 0.319336 0.928385 0.315430 0.923177 0.315430 0.920573 0.314453 0.919271 0.314453 0.916667 0.313477 0.915365 0.313477 0.914062 0.308594 0.907552 0.307617 0.907552 0.306641 0.906250 0.289062 0.906250 0.288086 0.907552 0.283203 0.908854 0.282227 0.910156 0.279297 0.911458
0 0.315430 0.881510 0.312500 0.888021 0.312500 0.890625 0.310547 0.894531 0.310547 0.898438 0.309570 0.899740 0.309570 0.903646 0.313477 0.910156 0.315430 0.916667 0.316406 0.916667 0.318359 0.919271 0.319336 0.919271 0.322266 0.923177 0.323242 0.923177 0.324219 0.924479 0.326172 0.924479 0.327148 0.925781 0.330078 0.925781 0.331055 0.927083 0.340820 0.927083 0.341797 0.925781 0.344727 0.924479 0.346680 0.921875 0.347656 0.921875 0.351562 0.916667 0.351562 0.915365 0.354492 0.908854 0.354492 0.901042 0.349609 0.893229 0.349609 0.891927 0.348633 0.891927 0.345703 0.888021 0.344727 0.888021 0.340820 0.882812 0.339844 0.882812 0.336914 0.880208 0.331055 0.880208 0.330078 0.878906 0.329102 0.878906 0.328125 0.880208 0.317383 0.880208 0.316406 0.881510
0 0.361328 0.901042 0.357422 0.906250 0.357422 0.907552 0.354492 0.912760 0.354492 0.915365 0.351562 0.921875 0.351562 0.927083 0.352539 0.928385 0.352539 0.929688 0.357422 0.936198 0.357422 0.937500 0.361328 0.941406 0.364258 0.942708 0.366211 0.946615 0.369141 0.946615 0.370117 0.947917 0.377930 0.947917 0.378906 0.949219 0.382812 0.949219 0.383789 0.947917 0.385742 0.947917 0.386719 0.946615 0.389648 0.945312 0.390625 0.944010 0.390625 0.942708 0.393555 0.938802 0.393555 0.932292 0.392578 0.930990 0.392578 0.924479 0.391602 0.923177 0.392578 0.921875 0.392578 0.907552 0.384766 0.897135 0.375000 0.897135 0.374023 0.895833 0.372070 0.895833 0.371094 0.897135 0.368164 0.897135 0.365234 0.899740 0.363281 0.899740 0.362305 0.901042
0 0.394531 0.923177 0.394531 0.929688 0.395508 0.930990 0.395508 0.933594 0.396484 0.934896 0.396484 0.938802 0.398438 0.942708 0.398438 0.945312 0.401367 0.949219 0.402344 0.949219 0.415039 0.958333 0.422852 0.958333 0.423828 0.957031 0.428711 0.957031 0.429688 0.955729 0.431641 0.955729 0.431641 0.954427 0.438477 0.945312 0.439453 0.945312 0.439453 0.944010 0.442383 0.940104 0.442383 0.930990 0.441406 0.929688 0.441406 0.925781 0.440430 0.924479 0.440430 0.923177 0.437500 0.919271 0.436523 0.919271 0.432617 0.915365 0.431641 0.915365 0.428711 0.912760 0.426758 0.912760 0.425781 0.911458 0.422852 0.911458 0.421875 0.910156 0.416992 0.910156 0.416016 0.908854 0.415039 0.908854 0.414062 0.910156 0.409180 0.910156 0.408203 0.911458 0.406250 0.911458 0.405273 0.912760 0.404297 0.912760 0.401367 0.916667 0.401367 0.917969 0.400391 0.919271 0.399414 0.919271 0.395508 0.923177
0 0.444336 0.925781 0.442383 0.928385 0.442383 0.940104 0.441406 0.941406 0.441406 0.942708 0.436523 0.949219 0.436523 0.950521 0.432617 0.955729 0.433594 0.957031 0.433594 0.958333 0.438477 0.962240 0.440430 0.962240 0.441406 0.963542 0.443359 0.963542 0.446289 0.966146 0.458984 0.966146 0.459961 0.964844 0.460938 0.964844 0.463867 0.960938 0.463867 0.959635 0.469727 0.951823 0.469727 0.950521 0.470703 0.949219 0.470703 0.938802 0.469727 0.937500 0.469727 0.936198 0.464844 0.929688 0.463867 0.929688 0.461914 0.927083 0.460938 0.927083 0.459961 0.925781 0.458008 0.925781 0.457031 0.924479 0.449219 0.924479 0.448242 0.925781
0 0.458008 0.809896 0.457031 0.809896 0.454102 0.807292 0.452148 0.807292 0.451172 0.805990 0.450195 0.805990 0.449219 0.807292 0.445312 0.807292 0.444336 0.808594 0.441406 0.808594 0.440430 0.809896 0.437500 0.809896 0.436523 0.811198 0.432617 0.811198 0.431641 0.812500 0.428711 0.812500 0.427734 0.813802 0.423828 0.813802 0.421875 0.817708 0.421875 0.822917 0.420898 0.824219 0.420898 0.834635 0.421875 0.835938 0.421875 0.838542 0.422852 0.839844 0.423828 0.843750 0.424805 0.843750 0.431641 0.852865 0.433594 0.852865 0.434570 0.854167 0.443359 0.854167 0.444336 0.852865 0.446289 0.852865 0.449219 0.850260 0.451172 0.850260 0.454102 0.847656 0.456055 0.847656 0.457031 0.846354 0.458008 0.846354 0.459961 0.843750 0.459961 0.842448 0.461914 0.838542 0.461914 0.835938 0.462891 0.834635 0.462891 0.830729 0.463867 0.829427 0.463867 0.821615 0.462891 0.820312 0.462891 0.817708 0.461914 0.816406 0.461914 0.815104
0 0.462891 0.845052 0.459961 0.851562 0.459961 0.856771 0.458984 0.858073 0.458984 0.868490 0.459961 0.869792 0.459961 0.878906 0.460938 0.880208 0.460938 0.881510 0.464844 0.885417 0.464844 0.886719 0.468750 0.891927 0.468750 0.893229 0.469727 0.894531 0.470703 0.894531 0.473633 0.897135 0.489258 0.897135 0.490234 0.895833 0.495117 0.894531 0.500000 0.888021 0.500000 0.886719 0.502930 0.880208 0.502930 0.877604 0.503906 0.876302 0.502930 0.875000 0.502930 0.871094 0.500977 0.868490 0.500977 0.867188 0.499023 0.864583 0.499023 0.863281 0.496094 0.859375 0.496094 0.858073 0.491211 0.851562 0.491211 0.850260 0.490234 0.850260 0.489258 0.848958 0.483398 0.848958 0.482422 0.847656 0.477539 0.847656 0.471680 0.842448 0.468750 0.842448 0.467773 0.843750
0 0.477539 0.792969 0.474609 0.796875 0.474609 0.798177 0.471680 0.804688 0.471680 0.809896 0.467773 0.815104 0.467773 0.819010 0.466797 0.820312 0.466797 0.828125 0.467773 0.829427 0.467773 0.832031 0.468750 0.833333 0.468750 0.834635 0.473633 0.841146 0.474609 0.841146 0.479492 0.845052 0.492188 0.845052 0.493164 0.843750 0.498047 0.843750 0.499023 0.842448 0.501953 0.842448 0.503906 0.839844 0.503906 0.835938 0.508789 0.824219 0.508789 0.817708 0.509766 0.816406 0.509766 0.811198 0.510742 0.809896 0.510742 0.805990 0.508789 0.803385 0.505859 0.802083 0.502930 0.798177 0.502930 0.796875 0.500000 0.792969 0.499023 0.792969 0.498047 0.791667 0.494141 0.791667 0.493164 0.790365 0.484375 0.790365 0.483398 0.791667 0.479492 0.791667 0.478516 0.792969
0 0.503906 0.850260 0.503906 0.852865 0.502930 0.854167 0.503906 0.863281 0.506836 0.868490 0.506836 0.869792 0.508789 0.872396 0.508789 0.873698 0.509766 0.873698 0.513672 0.878906 0.514648 0.878906 0.517578 0.881510 0.519531 0.881510 0.520508 0.882812 0.530273 0.882812 0.531250 0.884115 0.534180 0.884115 0.535156 0.882812 0.536133 0.882812 0.539062 0.878906 0.540039 0.878906 0.545898 0.871094 0.545898 0.869792 0.547852 0.867188 0.547852 0.865885 0.549805 0.861979 0.549805 0.859375 0.550781 0.858073 0.550781 0.855469 0.549805 0.854167 0.549805 0.850260 0.548828 0.848958 0.547852 0.845052 0.538086 0.845052 0.537109 0.846354 0.532227 0.846354 0.531250 0.847656 0.527344 0.847656 0.526367 0.846354 0.523438 0.845052 0.517578 0.838542 0.516602 0.838542 0.514648 0.841146 0.512695 0.841146 0.511719 0.842448 0.508789 0.843750
0 0.524414 0.791667 0.522461 0.794271 0.522461 0.795573 0.521484 0.796875 0.521484 0.799479 0.519531 0.803385 0.519531 0.805990 0.518555 0.807292 0.518555 0.809896 0.517578 0.811198 0.517578 0.813802 0.516602 0.815104 0.515625 0.824219 0.514648 0.825521 0.514648 0.830729 0.515625 0.832031 0.516602 0.835938 0.521484 0.842448 0.522461 0.842448 0.524414 0.845052 0.526367 0.845052 0.527344 0.846354 0.530273 0.846354 0.531250 0.845052 0.536133 0.845052 0.537109 0.843750 0.541992 0.843750 0.542969 0.842448 0.545898 0.842448 0.551758 0.833333 0.551758 0.830729 0.554688 0.825521 0.554688 0.822917 0.555664 0.821615 0.555664 0.819010 0.556641 0.817708 0.556641 0.807292 0.554688 0.804688 0.551758 0.803385 0.548828 0.799479 0.548828 0.798177 0.544922 0.794271 0.542969 0.794271 0.541992 0.792969 0.536133 0.792969 0.535156 0.791667 0.530273 0.791667 0.529297 0.790365
0 0.494141 0.910156 0.491211 0.914062 0.491211 0.915365 0.484375 0.923177 0.484375 0.924479 0.481445 0.930990 0.481445 0.944010 0.484375 0.949219 0.484375 0.950521 0.490234 0.958333 0.491211 0.958333 0.492188 0.959635 0.499023 0.959635 0.500000 0.960938 0.500977 0.960938 0.501953 0.959635 0.504883 0.959635 0.506836 0.957031 0.507812 0.957031 0.515625 0.946615 0.515625 0.945312 0.516602 0.944010 0.517578 0.944010 0.520508 0.940104 0.521484 0.936198 0.524414 0.930990 0.524414 0.928385 0.523438 0.927083 0.522461 0.923177 0.520508 0.920573 0.519531 0.920573 0.515625 0.916667 0.512695 0.916667 0.511719 0.915365 0.505859 0.915365 0.504883 0.914062 0.502930 0.914062 0.498047 0.910156
0 0.536133 0.946615 0.533203 0.950521 0.532227 0.950521 0.531250 0.951823 0.529297 0.951823 0.527344 0.954427 0.526367 0.954427 0.526367 0.955729 0.523438 0.959635 0.522461 0.963542 0.520508 0.966146 0.520508 0.973958 0.521484 0.975260 0.521484 0.976562 0.524414 0.980469 0.525391 0.980469 0.527344 0.983073 0.528320 0.983073 0.529297 0.984375 0.532227 0.984375 0.533203 0.985677 0.538086 0.988281 0.540039 0.990885 0.541016 0.990885 0.541992 0.992188 0.547852 0.992188 0.548828 0.990885 0.549805 0.990885 0.553711 0.985677 0.554688 0.985677 0.556641 0.983073 0.557617 0.983073 0.560547 0.979167 0.560547 0.976562 0.562500 0.972656 0.562500 0.967448 0.563477 0.966146 0.563477 0.964844 0.561523 0.962240 0.560547 0.962240 0.557617 0.958333 0.556641 0.958333 0.555664 0.957031 0.550781 0.954427 0.548828 0.951823 0.547852 0.951823 0.541016 0.946615
0 0.574219 0.881510 0.573242 0.881510 0.572266 0.880208 0.570312 0.880208 0.569336 0.878906 0.566406 0.878906 0.565430 0.877604 0.563477 0.877604 0.562500 0.876302 0.557617 0.876302 0.556641 0.877604 0.552734 0.877604 0.549805 0.881510 0.546875 0.881510 0.545898 0.882812 0.541016 0.882812 0.537109 0.889323 0.537109 0.891927 0.536133 0.893229 0.536133 0.901042 0.538086 0.903646 0.538086 0.908854 0.539062 0.910156 0.540039 0.916667 0.542969 0.920573 0.542969 0.921875 0.548828 0.929688 0.548828 0.930990 0.549805 0.930990 0.551758 0.933594 0.560547 0.933594 0.561523 0.932292 0.563477 0.932292 0.564453 0.930990 0.569336 0.928385 0.572266 0.924479 0.573242 0.917969 0.576172 0.911458 0.576172 0.908854 0.577148 0.907552 0.577148 0.904948 0.578125 0.903646 0.578125 0.899740 0.579102 0.898438 0.579102 0.891927 0.578125 0.890625 0.576172 0.884115
0 0.557617 0.845052 0.557617 0.856771 0.558594 0.858073 0.559570 0.861979 0.561523 0.864583 0.561523 0.867188 0.562500 0.868490 0.562500 0.872396 0.567383 0.876302 0.578125 0.876302 0.579102 0.877604 0.580078 0.877604 0.581055 0.876302 0.588867 0.876302 0.589844 0.875000 0.592773 0.873698 0.597656 0.867188 0.597656 0.858073 0.596680 0.856771 0.596680 0.848958 0.595703 0.847656 0.595703 0.841146 0.594727 0.839844 0.594727 0.835938 0.593750 0.834635 0.593750 0.832031 0.592773 0.832031 0.591797 0.830729 0.589844 0.830729 0.588867 0.829427 0.573242 0.829427 0.572266 0.830729 0.569336 0.832031 0.567383 0.834635 0.566406 0.834635 0.561523 0.841146 0.560547 0.841146
0 0.600586 0.863281 0.598633 0.865885 0.597656 0.869792 0.594727 0.873698 0.593750 0.873698 0.591797 0.876302 0.590820 0.876302 0.587891 0.880208 0.586914 0.884115 0.584961 0.886719 0.584961 0.889323 0.583984 0.890625 0.583984 0.895833 0.584961 0.897135 0.584961 0.899740 0.586914 0.902344 0.586914 0.903646 0.593750 0.911458 0.595703 0.911458 0.596680 0.912760 0.600586 0.912760 0.601562 0.914062 0.609375 0.914062 0.610352 0.912760 0.613281 0.911458 0.615234 0.908854 0.615234 0.907552 0.619141 0.902344 0.619141 0.901042 0.622070 0.897135 0.622070 0.895833 0.625000 0.891927 0.625977 0.891927 0.625977 0.890625 0.626953 0.889323 0.626953 0.886719 0.624023 0.880208 0.623047 0.873698 0.617188 0.865885 0.616211 0.865885 0.615234 0.864583 0.611328 0.864583 0.610352 0.863281
0 0.583008 0.914062 0.582031 0.915365 0.581055 0.915365 0.578125 0.919271 0.578125 0.920573 0.574219 0.927083 0.574219 0.928385 0.570312 0.937500 0.570312 0.940104 0.569336 0.941406 0.569336 0.946615 0.570312 0.947917 0.570312 0.950521 0.571289 0.951823 0.571289 0.954427 0.572266 0.955729 0.573242 0.959635 0.575195 0.962240 0.577148 0.962240 0.578125 0.963542 0.588867 0.963542 0.589844 0.962240 0.593750 0.962240 0.594727 0.960938 0.596680 0.960938 0.600586 0.955729 0.602539 0.949219 0.604492 0.946615 0.604492 0.945312 0.609375 0.933594 0.608398 0.932292 0.608398 0.929688 0.607422 0.928385 0.607422 0.927083 0.602539 0.920573 0.601562 0.920573 0.599609 0.917969 0.598633 0.917969 0.595703 0.915365 0.592773 0.915365 0.591797 0.914062
0 0.626953 0.924479 0.625000 0.928385 0.625000 0.937500 0.624023 0.938802 0.624023 0.951823 0.623047 0.953125 0.623047 0.954427 0.624023 0.955729 0.624023 0.959635 0.625000 0.960938 0.625000 0.962240 0.626953 0.964844 0.627930 0.964844 0.628906 0.966146 0.632812 0.966146 0.633789 0.967448 0.639648 0.967448 0.640625 0.966146 0.646484 0.966146 0.647461 0.967448 0.650391 0.967448 0.651367 0.966146 0.653320 0.966146 0.654297 0.964844 0.654297 0.960938 0.655273 0.959635 0.655273 0.953125 0.656250 0.951823 0.656250 0.936198 0.657227 0.934896 0.657227 0.932292 0.656250 0.930990 0.656250 0.928385 0.655273 0.928385 0.654297 0.927083 0.651367 0.927083 0.650391 0.925781 0.648438 0.925781 0.643555 0.921875 0.636719 0.921875 0.635742 0.923177 0.632812 0.923177 0.631836 0.924479
0 0.626953 0.850260 0.626953 0.856771 0.627930 0.856771 0.628906 0.858073 0.628906 0.860677 0.629883 0.861979 0.630859 0.865885 0.632812 0.868490 0.633789 0.872396 0.638672 0.878906 0.642578 0.878906 0.643555 0.880208 0.647461 0.880208 0.648438 0.881510 0.650391 0.881510 0.651367 0.882812 0.663086 0.882812 0.666992 0.878906 0.669922 0.877604 0.674805 0.869792 0.674805 0.861979 0.671875 0.856771 0.671875 0.855469 0.666992 0.852865 0.665039 0.850260 0.664062 0.850260 0.660156 0.845052 0.655273 0.842448 0.651367 0.838542 0.647461 0.838542 0.646484 0.837240 0.644531 0.837240 0.643555 0.838542 0.640625 0.838542 0.637695 0.841146 0.635742 0.841146 0.632812 0.845052 0.631836 0.845052 0.630859 0.846354 0.630859 0.848958 0.629883 0.850260
0 0.676758 0.864583 0.675781 0.864583 0.674805 0.865885 0.674805 0.869792 0.673828 0.871094 0.673828 0.872396 0.668945 0.878906 0.667969 0.878906 0.666016 0.881510 0.665039 0.881510 0.664062 0.882812 0.662109 0.882812 0.661133 0.884115 0.652344 0.884115 0.651367 0.882812 0.648438 0.882812 0.647461 0.884115 0.645508 0.884115 0.644531 0.885417 0.643555 0.885417 0.643555 0.889323 0.644531 0.890625 0.644531 0.891927 0.649414 0.898438 0.649414 0.899740 0.650391 0.899740 0.651367 0.901042 0.651367 0.902344 0.653320 0.904948 0.654297 0.904948 0.657227 0.908854 0.659180 0.908854 0.660156 0.910156 0.662109 0.910156 0.665039 0.907552 0.667969 0.907552 0.668945 0.906250 0.671875 0.906250 0.674805 0.902344 0.674805 0.899740 0.676758 0.895833 0.676758 0.890625 0.677734 0.889323 0.677734 0.884115 0.678711 0.882812 0.678711 0.877604 0.679688 0.876302 0.678711 0.875000 0.678711 0.869792 0.677734 0.868490 0.677734 0.865885
0 0.682617 0.897135 0.680664 0.899740 0.680664 0.904948 0.679688 0.906250 0.679688 0.928385 0.680664 0.929688 0.680664 0.930990 0.681641 0.932292 0.682617 0.936198 0.685547 0.940104 0.686523 0.940104 0.687500 0.941406 0.692383 0.941406 0.693359 0.940104 0.697266 0.940104 0.698242 0.938802 0.700195 0.938802 0.701172 0.937500 0.704102 0.937500 0.705078 0.936198 0.706055 0.936198 0.708984 0.932292 0.708984 0.930990 0.709961 0.929688 0.709961 0.920573 0.707031 0.917969 0.705078 0.917969 0.704102 0.916667 0.702148 0.916667 0.701172 0.915365 0.700195 0.915365 0.693359 0.906250 0.693359 0.904948 0.691406 0.902344 0.691406 0.901042 0.689453 0.898438 0.689453 0.897135 0.688477 0.895833 0.686523 0.895833 0.685547 0.897135
0 0.734375 0.880208 0.724609 0.872396 0.719727 0.872396 0.718750 0.873698 0.716797 0.873698 0.715820 0.875000 0.710938 0.876302 0.708984 0.878906 0.707031 0.878906 0.704102 0.881510 0.702148 0.881510 0.699219 0.884115 0.697266 0.884115 0.696289 0.885417 0.693359 0.886719 0.689453 0.891927 0.689453 0.897135 0.691406 0.899740 0.691406 0.901042 0.694336 0.906250 0.694336 0.907552 0.698242 0.912760 0.699219 0.912760 0.704102 0.916667 0.706055 0.916667 0.707031 0.917969 0.713867 0.917969 0.714844 0.916667 0.717773 0.916667 0.718750 0.915365 0.721680 0.915365 0.722656 0.914062 0.725586 0.914062 0.726562 0.912760 0.727539 0.912760 0.730469 0.908854 0.731445 0.908854 0.732422 0.907552 0.732422 0.906250 0.734375 0.903646 0.735352 0.903646 0.738281 0.898438 0.738281 0.891927 0.737305 0.890625 0.737305 0.888021 0.736328 0.886719
0 0.711914 0.825521 0.703125 0.825521 0.702148 0.826823 0.689453 0.826823 0.688477 0.828125 0.684570 0.828125 0.683594 0.829427 0.680664 0.829427 0.677734 0.833333 0.674805 0.834635 0.672852 0.837240 0.672852 0.846354 0.674805 0.848958 0.674805 0.850260 0.678711 0.859375 0.678711 0.861979 0.680664 0.865885 0.681641 0.872396 0.683594 0.872396 0.684570 0.873698 0.696289 0.873698 0.697266 0.872396 0.701172 0.872396 0.702148 0.871094 0.706055 0.871094 0.707031 0.869792 0.708984 0.869792 0.715820 0.861979 0.716797 0.861979 0.716797 0.860677 0.718750 0.856771 0.718750 0.852865 0.719727 0.851562 0.719727 0.850260 0.718750 0.848958 0.718750 0.841146 0.717773 0.839844 0.717773 0.837240 0.716797 0.835938 0.716797 0.833333 0.715820 0.832031 0.715820 0.830729
0 0.650391 0.757812 0.647461 0.761719 0.646484 0.764323 0.646484 0.768229 0.644531 0.770833 0.642578 0.776042 0.642578 0.786458 0.641602 0.787760 0.642578 0.789062 0.642578 0.792969 0.643555 0.794271 0.644531 0.800781 0.647461 0.808594 0.651367 0.812500 0.654297 0.812500 0.655273 0.813802 0.667969 0.813802 0.671875 0.811198 0.674805 0.807292 0.674805 0.805990 0.677734 0.802083 0.678711 0.799479 0.678711 0.794271 0.679688 0.792969 0.679688 0.785156 0.680664 0.783854 0.680664 0.777344 0.681641 0.776042 0.681641 0.765625 0.680664 0.764323 0.680664 0.761719 0.676758 0.757812 0.672852 0.757812 0.671875 0.759115 0.667969 0.759115 0.666992 0.760417 0.663086 0.760417 0.662109 0.761719 0.658203 0.761719 0.655273 0.757812
0 0.591797 0.776042 0.588867 0.781250 0.588867 0.790365 0.589844 0.791667 0.589844 0.795573 0.591797 0.799479 0.591797 0.803385 0.592773 0.804688 0.592773 0.807292 0.593750 0.808594 0.596680 0.817708 0.601562 0.821615 0.603516 0.821615 0.604492 0.822917 0.606445 0.822917 0.607422 0.824219 0.609375 0.824219 0.610352 0.825521 0.611328 0.825521 0.612305 0.824219 0.615234 0.824219 0.616211 0.822917 0.618164 0.822917 0.619141 0.821615 0.620117 0.821615 0.625977 0.813802 0.625977 0.812500 0.627930 0.808594 0.627930 0.804688 0.628906 0.803385 0.628906 0.796875 0.627930 0.795573 0.627930 0.792969 0.626953 0.791667 0.626953 0.789062 0.625977 0.787760 0.625977 0.786458 0.624023 0.783854 0.622070 0.783854 0.621094 0.782552 0.613281 0.782552 0.612305 0.781250 0.603516 0.781250 0.600586 0.777344 0.600586 0.776042 0.599609 0.774740 0.596680 0.774740 0.595703 0.773438 0.594727 0.774740
0 0.599609 0.726562 0.598633 0.729167 0.593750 0.735677 0.593750 0.750000 0.594727 0.751302 0.594727 0.756510 0.596680 0.761719 0.596680 0.765625 0.598633 0.770833 0.600586 0.773438 0.602539 0.779948 0.604492 0.779948 0.605469 0.781250 0.620117 0.781250 0.621094 0.782552 0.625977 0.782552 0.626953 0.781250 0.631836 0.781250 0.632812 0.779948 0.634766 0.779948 0.638672 0.773438 0.638672 0.759115 0.637695 0.757812 0.637695 0.744792 0.636719 0.743490 0.636719 0.736979 0.630859 0.733073 0.626953 0.733073 0.625977 0.731771 0.621094 0.730469 0.620117 0.731771 0.617188 0.731771 0.616211 0.733073 0.612305 0.733073 0.611328 0.734375 0.609375 0.734375 0.607422 0.736979 0.604492 0.736979 0.602539 0.738281 0.600586 0.735677 0.601562 0.730469
0 0.544922 0.729167 0.543945 0.730469 0.543945 0.752604 0.545898 0.757812 0.551758 0.761719 0.559570 0.770833 0.573242 0.779948 0.577148 0.779948 0.578125 0.778646 0.580078 0.778646 0.585938 0.772135 0.589844 0.761719 0.589844 0.751302 0.584961 0.738281 0.582031 0.734375 0.580078 0.734375 0.574219 0.730469 0.570312 0.730469 0.567383 0.727865 0.559570 0.727865 0.555664 0.731771 0.548828 0.731771
0 0.556641 0.696615 0.556641 0.704427 0.557617 0.705729 0.557617 0.708333 0.559570 0.710938 0.560547 0.714844 0.569336 0.726562 0.571289 0.726562 0.572266 0.727865 0.591797 0.727865 0.599609 0.720052 0.599609 0.718750 0.603516 0.709635 0.603516 0.690104 0.602539 0.688802 0.602539 0.687500 0.601562 0.687500 0.600586 0.686198 0.596680 0.686198 0.595703 0.684896 0.592773 0.684896 0.591797 0.683594 0.572266 0.683594 0.571289 0.684896 0.568359 0.684896 0.567383 0.686198 0.564453 0.687500 0.560547 0.692708 0.557617 0.694010 0.557617 0.695312
0 0.545898 0.670573 0.540039 0.670573 0.534180 0.666667 0.532227 0.666667 0.531250 0.667969 0.527344 0.667969 0.526367 0.669271 0.521484 0.669271 0.520508 0.670573 0.516602 0.670573 0.515625 0.671875 0.513672 0.671875 0.512695 0.673177 0.512695 0.687500 0.511719 0.688802 0.511719 0.691406 0.509766 0.696615 0.509766 0.700521 0.508789 0.701823 0.508789 0.705729 0.510742 0.708333 0.511719 0.712240 0.514648 0.716146 0.518555 0.718750 0.521484 0.722656 0.523438 0.722656 0.524414 0.723958 0.538086 0.723958 0.541016 0.720052 0.541992 0.716146 0.545898 0.709635 0.551758 0.694010 0.551758 0.688802 0.549805 0.684896 0.549805 0.680990
0 0.680664 0.704427 0.661133 0.704427 0.660156 0.705729 0.657227 0.705729 0.654297 0.709635 0.653320 0.709635 0.652344 0.710938 0.652344 0.712240 0.647461 0.720052 0.647461 0.721354 0.646484 0.722656 0.645508 0.722656 0.643555 0.725260 0.643555 0.726562 0.639648 0.730469 0.639648 0.731771 0.638672 0.733073 0.638672 0.742188 0.639648 0.743490 0.639648 0.744792 0.643555 0.748698 0.644531 0.748698 0.647461 0.752604 0.648438 0.752604 0.649414 0.753906 0.653320 0.753906 0.654297 0.755208 0.662109 0.755208 0.663086 0.753906 0.669922 0.752604 0.671875 0.750000 0.672852 0.750000 0.679688 0.740885 0.679688 0.739583 0.682617 0.735677 0.682617 0.730469 0.683594 0.729167 0.683594 0.716146 0.684570 0.714844 0.682617 0.712240 0.682617 0.710938 0.681641 0.709635 0.681641 0.705729
0 0.696289 0.721354 0.697266 0.726562 0.700195 0.726562 0.702148 0.725260 0.704102 0.721354 0.705078 0.721354 0.707031 0.723958 0.706055 0.730469 0.704102 0.733073 0.703125 0.733073 0.701172 0.736979 0.701172 0.742188 0.705078 0.752604 0.707031 0.755208 0.712891 0.759115 0.718750 0.760417 0.719727 0.761719 0.730469 0.760417 0.731445 0.759115 0.735352 0.757812 0.741211 0.751302 0.741211 0.750000 0.745117 0.743490 0.748047 0.734375 0.748047 0.725260 0.746094 0.720052 0.742188 0.714844 0.738281 0.712240 0.733398 0.712240 0.732422 0.710938 0.723633 0.710938 0.722656 0.712240 0.718750 0.712240 0.717773 0.709635 0.715820 0.707031 0.714844 0.707031 0.713867 0.708333 0.709961 0.708333 0.708984 0.709635 0.705078 0.710938 0.705078 0.712240 0.703125 0.714844 0.701172 0.714844 0.700195 0.717448
0 0.727539 0.763021 0.723633 0.763021 0.720703 0.765625 0.714844 0.765625 0.714844 0.766927 0.712891 0.769531 0.710938 0.769531 0.705078 0.776042 0.703125 0.776042 0.700195 0.779948 0.700195 0.781250 0.699219 0.782552 0.701172 0.790365 0.706055 0.796875 0.706055 0.798177 0.713867 0.808594 0.713867 0.809896 0.715820 0.812500 0.716797 0.812500 0.719727 0.815104 0.724609 0.815104 0.725586 0.813802 0.727539 0.813802 0.728516 0.812500 0.733398 0.809896 0.736328 0.805990 0.736328 0.804688 0.741211 0.792969 0.741211 0.786458 0.742188 0.785156 0.742188 0.782552 0.741211 0.781250 0.741211 0.778646 0.739258 0.776042 0.738281 0.772135 0.736328 0.769531 0.731445 0.766927
0 0.783203 0.845052 0.779297 0.839844 0.776367 0.839844 0.773438 0.837240 0.769531 0.837240 0.768555 0.838542 0.765625 0.838542 0.764648 0.839844 0.761719 0.839844 0.760742 0.841146 0.757812 0.841146 0.756836 0.842448 0.755859 0.842448 0.753906 0.845052 0.752930 0.845052 0.751953 0.846354 0.751953 0.847656 0.749023 0.851562 0.748047 0.851562 0.749023 0.852865 0.749023 0.858073 0.747070 0.860677 0.746094 0.860677 0.745117 0.861979 0.745117 0.864583 0.746094 0.865885 0.744141 0.868490 0.744141 0.873698 0.747070 0.877604 0.748047 0.877604 0.749023 0.878906 0.750977 0.878906 0.751953 0.880208 0.753906 0.880208 0.754883 0.881510 0.756836 0.881510 0.757812 0.882812 0.761719 0.882812 0.762695 0.884115 0.764648 0.884115 0.765625 0.882812 0.769531 0.882812 0.773438 0.877604 0.774414 0.877604 0.775391 0.876302 0.777344 0.869792 0.780273 0.865885 0.780273 0.864583 0.781250 0.863281 0.781250 0.856771 0.782227 0.855469 0.782227 0.851562 0.783203 0.850260
0 0.807617 0.799479 0.805664 0.796875 0.805664 0.795573 0.803711 0.792969 0.803711 0.791667 0.799805 0.786458 0.798828 0.786458 0.795898 0.783854 0.785156 0.783854 0.784180 0.785156 0.779297 0.786458 0.778320 0.787760 0.775391 0.789062 0.773438 0.791667 0.764648 0.796875 0.759766 0.803385 0.758789 0.803385 0.757812 0.804688 0.757812 0.805990 0.758789 0.807292 0.758789 0.811198 0.759766 0.812500 0.759766 0.813802 0.761719 0.816406 0.761719 0.817708 0.763672 0.820312 0.765625 0.826823 0.767578 0.829427 0.769531 0.829427 0.770508 0.830729 0.780273 0.830729 0.781250 0.829427 0.783203 0.829427 0.787109 0.824219 0.787109 0.822917 0.788086 0.821615 0.791016 0.820312 0.795898 0.815104 0.796875 0.815104 0.799805 0.812500 0.803711 0.812500 0.804688 0.811198 0.805664 0.811198 0.808594 0.805990
0 0.805664 0.761719 0.805664 0.766927 0.808594 0.770833 0.808594 0.772135 0.810547 0.776042 0.810547 0.778646 0.812500 0.781250 0.814453 0.787760 0.818359 0.792969 0.823242 0.792969 0.824219 0.791667 0.829102 0.791667 0.830078 0.790365 0.836914 0.790365 0.837891 0.789062 0.841797 0.789062 0.842773 0.787760 0.844727 0.787760 0.845703 0.786458 0.848633 0.786458 0.854492 0.777344 0.854492 0.769531 0.853516 0.768229 0.853516 0.766927 0.849609 0.761719 0.848633 0.761719 0.841797 0.756510 0.839844 0.756510 0.835938 0.751302 0.834961 0.751302 0.830078 0.746094 0.828125 0.746094 0.826172 0.743490 0.826172 0.742188 0.825195 0.742188 0.825195 0.744792 0.824219 0.746094 0.824219 0.747396 0.822266 0.750000 0.821289 0.750000 0.816406 0.756510 0.816406 0.757812 0.810547 0.764323 0.808594 0.764323 0.807617 0.763021 0.807617 0.761719
0 0.875977 0.710938 0.873047 0.710938 0.872070 0.709635 0.866211 0.709635 0.865234 0.708333 0.857422 0.708333 0.851562 0.712240 0.849609 0.714844 0.841797 0.720052 0.839844 0.720052 0.837891 0.721354 0.833984 0.726562 0.833008 0.726562 0.830078 0.730469 0.829102 0.730469 0.828125 0.733073 0.828125 0.738281 0.837891 0.751302 0.838867 0.751302 0.841797 0.755208 0.845703 0.757812 0.847656 0.757812 0.852539 0.761719 0.858398 0.761719 0.864258 0.755208 0.865234 0.755208 0.872070 0.746094 0.877930 0.742188 0.881836 0.735677 0.881836 0.731771 0.882812 0.730469 0.882812 0.727865 0.883789 0.725260 0.881836 0.722656 0.881836 0.720052 0.875977 0.712240
0 0.753906 0.710938 0.753906 0.718750 0.754883 0.720052 0.754883 0.721354 0.758789 0.726562 0.759766 0.726562 0.764648 0.731771 0.765625 0.731771 0.766602 0.733073 0.768555 0.733073 0.769531 0.734375 0.771484 0.734375 0.774414 0.736979 0.782227 0.736979 0.783203 0.738281 0.784180 0.736979 0.791016 0.736979 0.793945 0.733073 0.794922 0.733073 0.795898 0.731771 0.795898 0.730469 0.799805 0.725260 0.800781 0.725260 0.803711 0.720052 0.803711 0.709635 0.802734 0.708333 0.802734 0.705729 0.801758 0.704427 0.801758 0.703125 0.799805 0.703125 0.798828 0.701823 0.793945 0.705729 0.791016 0.705729 0.790039 0.707031 0.789062 0.705729 0.782227 0.705729 0.775391 0.700521 0.773438 0.700521 0.772461 0.699219 0.768555 0.699219 0.767578 0.697917 0.766602 0.699219 0.764648 0.699219 0.763672 0.700521 0.758789 0.703125 0.754883 0.708333 0.754883 0.709635
0 0.767578 0.643229 0.762695 0.651042 0.758789 0.652344 0.755859 0.657552 0.755859 0.671875 0.757812 0.675781 0.757812 0.679688 0.758789 0.682292 0.770508 0.696615 0.772461 0.697917 0.775391 0.697917 0.779297 0.700521 0.782227 0.704427 0.788086 0.704427 0.789062 0.705729 0.792969 0.704427 0.795898 0.700521 0.800781 0.696615 0.805664 0.690104 0.807617 0.684896 0.807617 0.678385 0.806641 0.677083 0.806641 0.673177 0.803711 0.666667 0.803711 0.664062 0.801758 0.658854 0.799805 0.656250 0.797852 0.649740 0.796875 0.649740 0.794922 0.647135 0.794922 0.644531 0.790039 0.639323 0.787109 0.644531 0.783203 0.644531 0.782227 0.647135 0.778320 0.651042 0.776367 0.649740 0.773438 0.644531
0 0.711914 0.653646 0.709961 0.656250 0.708984 0.656250 0.706055 0.660156 0.705078 0.662760 0.704102 0.662760 0.703125 0.665365 0.703125 0.667969 0.702148 0.669271 0.702148 0.677083 0.701172 0.678385 0.701172 0.683594 0.702148 0.684896 0.703125 0.691406 0.708984 0.699219 0.711914 0.699219 0.712891 0.700521 0.714844 0.700521 0.717773 0.703125 0.719727 0.703125 0.723633 0.705729 0.734375 0.705729 0.736328 0.704427 0.736328 0.703125 0.738281 0.700521 0.744141 0.696615 0.749023 0.690104 0.750000 0.687500 0.750000 0.684896 0.750977 0.683594 0.750977 0.678385 0.750000 0.677083 0.750000 0.674479 0.745117 0.667969 0.744141 0.667969 0.732422 0.652344 0.730469 0.651042 0.717773 0.651042 0.716797 0.652344
0 0.657227 0.617188 0.652344 0.617188 0.650391 0.619792 0.648438 0.626302 0.646484 0.628906 0.644531 0.634115 0.640625 0.639323 0.637695 0.640625 0.635742 0.643229 0.631836 0.645833 0.626953 0.645833 0.624023 0.648438 0.625000 0.649740 0.625000 0.653646 0.626953 0.657552 0.627930 0.664062 0.629883 0.667969 0.629883 0.670573 0.632812 0.678385 0.634766 0.679688 0.638672 0.679688 0.639648 0.678385 0.645508 0.678385 0.646484 0.677083 0.651367 0.675781 0.655273 0.671875 0.656250 0.671875 0.663086 0.662760 0.664062 0.662760 0.666992 0.658854 0.666992 0.651042 0.666016 0.649740 0.666016 0.640625 0.663086 0.632812 0.663086 0.630208 0.662109 0.628906 0.661133 0.622396
0 0.711914 0.614583 0.708984 0.611979 0.703125 0.611979 0.702148 0.610677 0.700195 0.610677 0.699219 0.611979 0.696289 0.611979 0.695312 0.613281 0.694336 0.613281 0.693359 0.614583 0.691406 0.614583 0.690430 0.615885 0.684570 0.615885 0.683594 0.617188 0.680664 0.618490 0.679688 0.619792 0.678711 0.623698 0.676758 0.626302 0.675781 0.630208 0.673828 0.632812 0.673828 0.635417 0.672852 0.636719 0.672852 0.641927 0.673828 0.643229 0.673828 0.645833 0.674805 0.647135 0.675781 0.651042 0.677734 0.653646 0.678711 0.653646 0.681641 0.656250 0.699219 0.656250 0.700195 0.654948 0.708984 0.654948 0.712891 0.651042 0.713867 0.651042 0.717773 0.645833 0.717773 0.644531 0.718750 0.643229 0.718750 0.632812 0.717773 0.631510
0 0.728516 0.598958 0.726562 0.601562 0.724609 0.606771 0.724609 0.615885 0.723633 0.617188 0.723633 0.626302 0.724609 0.627604 0.724609 0.632812 0.726562 0.636719 0.726562 0.639323 0.727539 0.641927 0.732422 0.648438 0.736328 0.651042 0.740234 0.651042 0.741211 0.652344 0.755859 0.652344 0.759766 0.649740 0.761719 0.647135 0.762695 0.647135 0.765625 0.641927 0.765625 0.610677 0.764648 0.609375 0.764648 0.605469 0.762695 0.602865 0.760742 0.602865 0.759766 0.601562 0.757812 0.601562 0.756836 0.602865 0.743164 0.602865 0.742188 0.601562 0.738281 0.601562 0.734375 0.598958
0 0.793945 0.567708 0.791016 0.571615 0.783203 0.575521 0.780273 0.579427 0.780273 0.580729 0.777344 0.584635 0.776367 0.584635 0.776367 0.585938 0.779297 0.585938 0.782227 0.589844 0.782227 0.592448 0.778320 0.602865 0.774414 0.605469 0.774414 0.606771 0.779297 0.619792 0.784180 0.625000 0.788086 0.627604 0.790039 0.627604 0.791016 0.628906 0.794922 0.628906 0.795898 0.630208 0.802734 0.630208 0.804688 0.628906 0.814453 0.614583 0.816406 0.614583 0.820312 0.609375 0.820312 0.608073 0.822266 0.605469 0.823242 0.597656 0.824219 0.596354 0.823242 0.595052 0.822266 0.585938 0.818359 0.576823 0.815430 0.572917 0.811523 0.570312 0.809570 0.570312 0.808594 0.569010 0.804688 0.569010 0.803711 0.567708
0 0.833984 0.608073 0.830078 0.608073 0.828125 0.609375 0.828125 0.610677 0.825195 0.613281 0.821289 0.613281 0.814453 0.622396 0.811523 0.623698 0.805664 0.631510 0.805664 0.635417 0.806641 0.636719 0.806641 0.643229 0.807617 0.644531 0.807617 0.647135 0.809570 0.652344 0.811523 0.654948 0.811523 0.656250 0.813477 0.658854 0.815430 0.664062 0.818359 0.667969 0.820312 0.669271 0.830078 0.669271 0.831055 0.667969 0.833008 0.667969 0.840820 0.662760 0.842773 0.660156 0.842773 0.658854 0.846680 0.653646 0.847656 0.653646 0.851562 0.647135 0.851562 0.636719 0.850586 0.635417 0.850586 0.632812 0.849609 0.631510 0.849609 0.628906 0.848633 0.626302 0.846680 0.625000 0.845703 0.621094 0.837891 0.610677 0.835938 0.610677
0 0.740234 0.549479 0.738281 0.552083 0.734375 0.562500 0.733398 0.571615 0.730469 0.578125 0.730469 0.582031 0.731445 0.583333 0.731445 0.585938 0.734375 0.593750 0.736328 0.596354 0.736328 0.597656 0.738281 0.597656 0.739258 0.598958 0.743164 0.598958 0.744141 0.600260 0.756836 0.600260 0.757812 0.598958 0.759766 0.598958 0.763672 0.596354 0.767578 0.591146 0.768555 0.587240 0.773438 0.580729 0.775391 0.575521 0.775391 0.558594 0.774414 0.555990 0.771484 0.552083 0.762695 0.552083 0.757812 0.555990 0.754883 0.555990 0.746094 0.549479
0 0.702148 0.553385 0.699219 0.553385 0.698242 0.554688 0.694336 0.554688 0.693359 0.553385 0.685547 0.553385 0.679688 0.557292 0.676758 0.563802 0.676758 0.566406 0.675781 0.569010 0.672852 0.572917 0.672852 0.574219 0.668945 0.579427 0.667969 0.579427 0.667969 0.582031 0.669922 0.587240 0.679688 0.601562 0.679688 0.602865 0.682617 0.606771 0.682617 0.609375 0.684570 0.613281 0.687500 0.613281 0.688477 0.611979 0.692383 0.611979 0.700195 0.606771 0.707031 0.597656 0.707031 0.596354 0.712891 0.585938 0.712891 0.578125 0.710938 0.574219 0.709961 0.567708 0.708008 0.562500
0 0.626953 0.584635 0.621094 0.588542 0.617188 0.593750 0.610352 0.596354 0.608398 0.598958 0.608398 0.600260 0.604492 0.605469 0.603516 0.605469 0.603516 0.610677 0.607422 0.621094 0.619141 0.635417 0.620117 0.635417 0.621094 0.638021 0.622070 0.638021 0.626953 0.644531 0.631836 0.644531 0.635742 0.640625 0.638672 0.639323 0.644531 0.631510 0.644531 0.630208 0.646484 0.627604 0.648438 0.622396 0.648438 0.619792 0.650391 0.615885 0.649414 0.614583 0.649414 0.596354 0.646484 0.592448 0.641602 0.595052 0.637695 0.591146 0.632812 0.588542 0.630859 0.585938 0.627930 0.585938
0 0.556641 0.610677 0.555664 0.611979 0.554688 0.611979 0.554688 0.613281 0.553711 0.614583 0.553711 0.617188 0.549805 0.621094 0.548828 0.621094 0.543945 0.627604 0.542969 0.627604 0.541992 0.626302 0.540039 0.626302 0.539062 0.627604 0.541016 0.631510 0.540039 0.632812 0.540039 0.639323 0.541016 0.640625 0.541016 0.643229 0.542969 0.645833 0.542969 0.647135 0.544922 0.651042 0.544922 0.653646 0.545898 0.654948 0.545898 0.656250 0.549805 0.662760 0.550781 0.662760 0.551758 0.664062 0.564453 0.664062 0.573242 0.652344 0.574219 0.652344 0.583008 0.639323 0.583008 0.638021 0.585938 0.632812 0.585938 0.627604 0.583008 0.622396 0.583008 0.621094 0.578125 0.615885 0.575195 0.615885 0.574219 0.614583 0.571289 0.614583 0.570312 0.613281 0.564453 0.613281 0.563477 0.611979 0.561523 0.611979 0.560547 0.610677
0 0.495117 0.631510 0.497070 0.635417 0.497070 0.644531 0.499023 0.648438 0.499023 0.651042 0.500000 0.652344 0.500000 0.653646 0.502930 0.657552 0.502930 0.658854 0.506836 0.664062 0.508789 0.664062 0.509766 0.665365 0.512695 0.665365 0.513672 0.666667 0.527344 0.666667 0.528320 0.665365 0.529297 0.665365 0.532227 0.661458 0.532227 0.660156 0.534180 0.656250 0.534180 0.647135 0.533203 0.645833 0.533203 0.635417 0.532227 0.634115 0.532227 0.630208 0.531250 0.628906 0.531250 0.626302 0.529297 0.623698 0.525391 0.623698 0.524414 0.622396 0.518555 0.622396 0.517578 0.621094 0.513672 0.621094 0.512695 0.619792 0.505859 0.619792 0.500000 0.627604 0.497070 0.628906
0 0.498047 0.582031 0.498047 0.589844 0.497070 0.591146 0.497070 0.611979 0.500000 0.615885 0.501953 0.617188 0.508789 0.617188 0.509766 0.618490 0.513672 0.618490 0.517578 0.621094 0.524414 0.621094 0.525391 0.622396 0.536133 0.622396 0.537109 0.621094 0.538086 0.617188 0.541016 0.611979 0.541016 0.609375 0.541992 0.608073 0.541992 0.602865 0.542969 0.601562 0.542969 0.598958 0.541992 0.597656 0.541992 0.585938 0.540039 0.582031 0.536133 0.582031 0.529297 0.575521 0.527344 0.575521 0.526367 0.574219 0.521484 0.574219 0.520508 0.572917 0.515625 0.572917 0.514648 0.574219 0.509766 0.575521 0.503906 0.580729 0.500000 0.580729
0 0.517578 0.511719 0.514648 0.511719 0.512695 0.513021 0.507812 0.509115 0.502930 0.507812 0.500977 0.505208 0.500000 0.506510 0.489258 0.506510 0.485352 0.509115 0.483398 0.511719 0.477539 0.514323 0.475586 0.516927 0.475586 0.519531 0.474609 0.520833 0.474609 0.540365 0.475586 0.541667 0.476562 0.549479 0.478516 0.552083 0.478516 0.553385 0.489258 0.566406 0.491211 0.567708 0.494141 0.567708 0.503906 0.561198 0.505859 0.561198 0.511719 0.557292 0.513672 0.557292 0.517578 0.554688 0.522461 0.549479 0.523438 0.549479 0.526367 0.544271 0.526367 0.533854 0.524414 0.528646 0.524414 0.523438 0.523438 0.520833
0 0.446289 0.485677 0.445312 0.486979 0.442383 0.486979 0.439453 0.489583 0.431641 0.489583 0.427734 0.493490 0.425781 0.493490 0.422852 0.496094 0.421875 0.493490 0.419922 0.492188 0.417969 0.497396 0.417969 0.505208 0.416992 0.506510 0.416992 0.518229 0.417969 0.519531 0.417969 0.522135 0.421875 0.526042 0.424805 0.533854 0.438477 0.550781 0.443359 0.550781 0.450195 0.542969 0.451172 0.539062 0.454102 0.535156 0.454102 0.533854 0.459961 0.523438 0.460938 0.519531 0.464844 0.514323 0.464844 0.506510 0.463867 0.503906 0.459961 0.500000 0.458984 0.500000 0.456055 0.496094 0.455078 0.496094 0.448242 0.486979
0 0.443359 0.421875 0.436523 0.421875 0.435547 0.423177 0.432617 0.423177 0.424805 0.428385 0.422852 0.428385 0.421875 0.429688 0.418945 0.429688 0.416016 0.432292 0.416016 0.434896 0.415039 0.436198 0.415039 0.441406 0.413086 0.446615 0.413086 0.455729 0.414062 0.457031 0.414062 0.460938 0.416016 0.463542 0.416016 0.464844 0.419922 0.470052 0.419922 0.471354 0.421875 0.472656 0.427734 0.480469 0.428711 0.480469 0.431641 0.485677 0.435547 0.488281 0.436523 0.486979 0.439453 0.486979 0.443359 0.483073 0.443359 0.481771 0.445312 0.479167 0.445312 0.476562 0.453125 0.463542 0.456055 0.454427 0.459961 0.447917 0.459961 0.442708 0.458984 0.441406 0.458984 0.438802 0.457031 0.433594 0.450195 0.425781 0.448242 0.424479 0.446289 0.424479
0 0.496094 0.449219 0.492188 0.447917 0.491211 0.446615 0.479492 0.446615 0.478516 0.447917 0.475586 0.447917 0.473633 0.450521 0.468750 0.450521 0.467773 0.449219 0.465820 0.449219 0.464844 0.450521 0.460938 0.451823 0.458008 0.455729 0.454102 0.466146 0.454102 0.485677 0.455078 0.486979 0.456055 0.492188 0.462891 0.501302 0.464844 0.501302 0.465820 0.502604 0.469727 0.502604 0.473633 0.505208 0.479492 0.505208 0.480469 0.503906 0.483398 0.503906 0.484375 0.502604 0.487305 0.502604 0.488281 0.501302 0.494141 0.500000 0.497070 0.496094 0.498047 0.488281 0.502930 0.475260 0.502930 0.462240 0.501953 0.460938 0.501953 0.458333 0.500977 0.455729
0 0.554688 0.430990 0.551758 0.430990 0.550781 0.429688 0.546875 0.429688 0.544922 0.427083 0.539062 0.430990 0.533203 0.430990 0.532227 0.432292 0.527344 0.432292 0.525391 0.434896 0.524414 0.438802 0.518555 0.446615 0.515625 0.454427 0.515625 0.462240 0.516602 0.463542 0.516602 0.467448 0.517578 0.468750 0.517578 0.471354 0.518555 0.472656 0.518555 0.475260 0.519531 0.477865 0.522461 0.481771 0.523438 0.481771 0.525391 0.484375 0.526367 0.484375 0.528320 0.486979 0.532227 0.489583 0.536133 0.489583 0.537109 0.490885 0.545898 0.489583 0.549805 0.485677 0.554688 0.470052 0.557617 0.466146 0.558594 0.462240 0.562500 0.457031 0.562500 0.446615 0.561523 0.445312 0.561523 0.442708 0.558594 0.438802 0.557617 0.434896
0 0.551758 0.486979 0.549805 0.489583 0.547852 0.489583 0.546875 0.490885 0.541992 0.490885 0.541016 0.492188 0.537109 0.492188 0.535156 0.493490 0.533203 0.498698 0.531250 0.498698 0.529297 0.497396 0.527344 0.500000 0.527344 0.502604 0.526367 0.503906 0.526367 0.514323 0.527344 0.515625 0.527344 0.522135 0.528320 0.523438 0.528320 0.527344 0.529297 0.529948 0.537109 0.540365 0.543945 0.544271 0.547852 0.549479 0.551758 0.549479 0.555664 0.545573 0.557617 0.545573 0.558594 0.544271 0.560547 0.544271 0.564453 0.541667 0.572266 0.531250 0.575195 0.523438 0.574219 0.516927 0.572266 0.514323 0.572266 0.513021 0.569336 0.509115 0.568359 0.509115 0.566406 0.506510 0.566406 0.505208 0.553711 0.488281
0 0.576172 0.526042 0.574219 0.528646 0.574219 0.529948 0.564453 0.542969 0.563477 0.542969 0.561523 0.545573 0.559570 0.545573 0.558594 0.546875 0.556641 0.546875 0.555664 0.548177 0.552734 0.549479 0.552734 0.550781 0.551758 0.552083 0.551758 0.553385 0.553711 0.557292 0.553711 0.559896 0.558594 0.566406 0.559570 0.566406 0.561523 0.569010 0.564453 0.570312 0.566406 0.572917 0.567383 0.572917 0.568359 0.574219 0.570312 0.574219 0.571289 0.575521 0.572266 0.575521 0.573242 0.576823 0.575195 0.576823 0.576172 0.578125 0.577148 0.576823 0.579102 0.576823 0.581055 0.574219 0.587891 0.570312 0.591797 0.565104 0.592773 0.565104 0.592773 0.563802 0.594727 0.561198 0.594727 0.559896 0.595703 0.558594 0.595703 0.555990 0.596680 0.554688 0.596680 0.548177 0.595703 0.546875 0.592773 0.545573 0.587891 0.540365 0.586914 0.540365 0.582031 0.533854 0.582031 0.532552 0.578125 0.527344 0.577148 0.527344
0 0.596680 0.489583 0.594727 0.490885 0.589844 0.498698 0.586914 0.498698 0.581055 0.505208 0.581055 0.507812 0.579102 0.511719 0.579102 0.524740 0.580078 0.527344 0.583008 0.531250 0.583984 0.535156 0.585938 0.537760 0.606445 0.553385 0.608398 0.553385 0.609375 0.554688 0.617188 0.554688 0.625000 0.549479 0.629883 0.541667 0.629883 0.515625 0.628906 0.514323 0.628906 0.509115 0.626953 0.503906 0.619141 0.493490 0.618164 0.490885 0.616211 0.490885 0.615234 0.489583 0.610352 0.489583 0.609375 0.488281 0.600586 0.488281 0.599609 0.489583
0 0.641602 0.513021 0.641602 0.514323 0.637695 0.518229 0.633789 0.527344 0.633789 0.539062 0.631836 0.542969 0.631836 0.548177 0.630859 0.549479 0.630859 0.559896 0.636719 0.566406 0.637695 0.566406 0.640625 0.571615 0.643555 0.572917 0.647461 0.576823 0.649414 0.576823 0.653320 0.579427 0.656250 0.579427 0.657227 0.580729 0.664062 0.580729 0.667969 0.578125 0.672852 0.571615 0.673828 0.567708 0.675781 0.565104 0.676758 0.559896 0.678711 0.555990 0.678711 0.552083 0.679688 0.550781 0.679688 0.544271 0.675781 0.539062 0.674805 0.539062 0.667969 0.531250 0.665039 0.529948 0.661133 0.524740 0.660156 0.524740 0.656250 0.519531 0.655273 0.519531 0.651367 0.514323 0.651367 0.513021 0.649414 0.511719 0.644531 0.511719 0.643555 0.513021
0 0.705078 0.488281 0.703125 0.488281 0.700195 0.493490 0.697266 0.494792 0.695312 0.497396 0.693359 0.498698 0.690430 0.498698 0.689453 0.500000 0.687500 0.500000 0.683594 0.502604 0.681641 0.502604 0.676758 0.507812 0.673828 0.509115 0.673828 0.513021 0.670898 0.519531 0.671875 0.529948 0.677734 0.536458 0.677734 0.537760 0.683594 0.546875 0.691406 0.552083 0.697266 0.552083 0.701172 0.549479 0.710938 0.539062 0.713867 0.537760 0.724609 0.527344 0.725586 0.516927 0.719727 0.507812 0.719727 0.506510 0.713867 0.498698 0.712891 0.498698 0.708984 0.493490 0.708008 0.490885 0.707031 0.490885
0 0.751953 0.479167 0.740234 0.486979 0.739258 0.492188 0.741211 0.496094 0.737305 0.502604 0.734375 0.503906 0.730469 0.509115 0.729492 0.511719 0.729492 0.523438 0.730469 0.524740 0.730469 0.528646 0.734375 0.536458 0.738281 0.541667 0.739258 0.541667 0.743164 0.546875 0.747070 0.548177 0.755859 0.554688 0.762695 0.549479 0.770508 0.548177 0.777344 0.540365 0.778320 0.536458 0.783203 0.528646 0.783203 0.526042 0.785156 0.520833 0.785156 0.513021 0.784180 0.511719 0.784180 0.502604 0.782227 0.498698 0.778320 0.497396 0.774414 0.493490 0.771484 0.492188 0.760742 0.480469
0 0.814453 0.502604 0.807617 0.502604 0.803711 0.505208 0.803711 0.506510 0.801758 0.509115 0.799805 0.510417 0.797852 0.510417 0.794922 0.514323 0.787109 0.519531 0.786133 0.522135 0.786133 0.524740 0.785156 0.526042 0.785156 0.528646 0.782227 0.532552 0.781250 0.535156 0.781250 0.537760 0.779297 0.541667 0.779297 0.548177 0.783203 0.553385 0.787109 0.555990 0.789062 0.555990 0.792969 0.558594 0.794922 0.561198 0.796875 0.561198 0.797852 0.562500 0.804688 0.562500 0.805664 0.561198 0.807617 0.561198 0.808594 0.559896 0.813477 0.558594 0.814453 0.555990 0.816406 0.554688 0.829102 0.536458 0.829102 0.532552 0.828125 0.531250 0.828125 0.528646 0.826172 0.524740 0.826172 0.522135 0.825195 0.520833 0.825195 0.518229 0.823242 0.513021 0.817383 0.505208 0.816406 0.505208
0 0.778320 0.428385 0.777344 0.429688 0.779297 0.429688 0.782227 0.433594 0.782227 0.438802 0.780273 0.442708 0.780273 0.447917 0.781250 0.450521 0.780273 0.451823 0.780273 0.455729 0.778320 0.459635 0.778320 0.473958 0.780273 0.477865 0.786133 0.481771 0.791016 0.488281 0.796875 0.493490 0.799805 0.493490 0.800781 0.494792 0.802734 0.493490 0.807617 0.493490 0.808594 0.492188 0.819336 0.488281 0.826172 0.481771 0.827148 0.476562 0.830078 0.472656 0.833008 0.464844 0.833984 0.451823 0.825195 0.438802 0.824219 0.438802 0.820312 0.433594 0.814453 0.429688 0.806641 0.429688 0.802734 0.425781 0.798828 0.425781 0.795898 0.421875 0.792969 0.420573 0.791016 0.417969 0.788086 0.421875 0.784180 0.423177 0.780273 0.428385
0 0.781250 0.361979 0.770508 0.350260 0.768555 0.350260 0.764648 0.346354 0.760742 0.346354 0.758789 0.345052 0.758789 0.347656 0.759766 0.348958 0.759766 0.351562 0.758789 0.352865 0.749023 0.358073 0.742188 0.359375 0.740234 0.361979 0.736328 0.361979 0.731445 0.364583 0.728516 0.363281 0.719727 0.372396 0.720703 0.375000 0.720703 0.393229 0.726562 0.406250 0.735352 0.415365 0.744141 0.417969 0.745117 0.416667 0.755859 0.416667 0.756836 0.415365 0.762695 0.414062 0.766602 0.407552 0.770508 0.406250 0.773438 0.403646 0.775391 0.403646 0.779297 0.399740 0.781250 0.395833 0.781250 0.393229 0.783203 0.388021 0.783203 0.367188
0 0.801758 0.367188 0.799805 0.367188 0.798828 0.365885 0.791992 0.365885 0.791016 0.367188 0.790039 0.365885 0.784180 0.365885 0.785156 0.372396 0.784180 0.373698 0.784180 0.386719 0.783203 0.388021 0.783203 0.391927 0.781250 0.397135 0.777344 0.402344 0.776367 0.402344 0.771484 0.407552 0.767578 0.408854 0.762695 0.415365 0.760742 0.416667 0.759766 0.419271 0.759766 0.423177 0.763672 0.428385 0.765625 0.428385 0.766602 0.429688 0.769531 0.427083 0.773438 0.427083 0.774414 0.425781 0.778320 0.425781 0.779297 0.424479 0.781250 0.424479 0.789062 0.416667 0.791992 0.415365 0.794922 0.411458 0.794922 0.410156 0.796875 0.407552 0.794922 0.397135 0.797852 0.393229 0.797852 0.390625 0.798828 0.389323 0.798828 0.385417 0.802734 0.378906 0.803711 0.373698 0.804688 0.372396
0 0.702148 0.390625 0.694336 0.395833 0.694336 0.397135 0.691406 0.401042 0.690430 0.404948 0.686523 0.408854 0.685547 0.411458 0.685547 0.414062 0.681641 0.420573 0.681641 0.427083 0.684570 0.433594 0.684570 0.445312 0.685547 0.446615 0.687500 0.446615 0.690430 0.450521 0.691406 0.450521 0.695312 0.454427 0.699219 0.454427 0.700195 0.455729 0.706055 0.455729 0.711914 0.451823 0.715820 0.451823 0.718750 0.447917 0.724609 0.444010 0.725586 0.441406 0.725586 0.438802 0.728516 0.430990 0.728516 0.423177 0.726562 0.417969 0.718750 0.403646 0.718750 0.402344 0.710938 0.391927 0.708984 0.390625
0 0.757812 0.425781 0.755859 0.424479 0.750977 0.424479 0.750000 0.423177 0.743164 0.423177 0.742188 0.424479 0.730469 0.424479 0.729492 0.425781 0.729492 0.429688 0.728516 0.430990 0.728516 0.433594 0.727539 0.434896 0.727539 0.437500 0.725586 0.442708 0.720703 0.449219 0.717773 0.450521 0.717773 0.451823 0.715820 0.454427 0.713867 0.454427 0.710938 0.457031 0.710938 0.462240 0.711914 0.464844 0.718750 0.473958 0.719727 0.473958 0.724609 0.479167 0.726562 0.479167 0.729492 0.481771 0.734375 0.481771 0.735352 0.480469 0.742188 0.480469 0.743164 0.479167 0.748047 0.477865 0.751953 0.473958 0.754883 0.472656 0.759766 0.466146 0.763672 0.454427 0.766602 0.450521 0.766602 0.447917 0.767578 0.446615 0.767578 0.444010 0.764648 0.438802 0.763672 0.434896 0.758789 0.428385
0 0.683594 0.454427 0.682617 0.454427 0.680664 0.451823 0.679688 0.451823 0.677734 0.449219 0.673828 0.446615 0.668945 0.446615 0.665039 0.449219 0.658203 0.449219 0.653320 0.454427 0.650391 0.455729 0.650391 0.457031 0.648438 0.459635 0.648438 0.466146 0.644531 0.472656 0.644531 0.475260 0.643555 0.477865 0.639648 0.484375 0.642578 0.492188 0.642578 0.494792 0.643555 0.497396 0.650391 0.503906 0.652344 0.503906 0.656250 0.506510 0.660156 0.506510 0.661133 0.507812 0.667969 0.506510 0.671875 0.502604 0.672852 0.502604 0.672852 0.501302 0.677734 0.493490 0.682617 0.479167 0.689453 0.470052 0.689453 0.464844 0.686523 0.460938 0.685547 0.457031
0 0.568359 0.430990 0.566406 0.436198 0.566406 0.440104 0.565430 0.441406 0.565430 0.453125 0.564453 0.454427 0.564453 0.460938 0.567383 0.470052 0.567383 0.479167 0.569336 0.481771 0.572266 0.481771 0.573242 0.483073 0.612305 0.483073 0.614258 0.481771 0.615234 0.479167 0.615234 0.473958 0.616211 0.472656 0.616211 0.466146 0.615234 0.464844 0.615234 0.460938 0.610352 0.447917 0.610352 0.440104 0.609375 0.438802 0.609375 0.436198 0.606445 0.429688 0.603516 0.425781 0.601562 0.425781 0.597656 0.423177 0.593750 0.423177 0.592773 0.421875 0.576172 0.423177 0.575195 0.424479 0.573242 0.424479
0 0.646484 0.380208 0.644531 0.380208 0.643555 0.378906 0.639648 0.378906 0.637695 0.377604 0.636719 0.378906 0.633789 0.378906 0.627930 0.382812 0.625000 0.382812 0.624023 0.384115 0.619141 0.384115 0.614258 0.389323 0.613281 0.389323 0.610352 0.393229 0.610352 0.395833 0.608398 0.399740 0.608398 0.404948 0.607422 0.406250 0.607422 0.412760 0.606445 0.414062 0.606445 0.424479 0.607422 0.427083 0.612305 0.433594 0.617188 0.436198 0.619141 0.438802 0.623047 0.441406 0.631836 0.441406 0.632812 0.440104 0.635742 0.440104 0.636719 0.438802 0.638672 0.438802 0.642578 0.436198 0.651367 0.425781 0.652344 0.423177 0.652344 0.419271 0.653320 0.417969 0.653320 0.412760 0.654297 0.411458 0.654297 0.395833 0.653320 0.394531 0.652344 0.386719
0 0.650391 0.345052 0.650391 0.350260 0.649414 0.351562 0.649414 0.356771 0.648438 0.358073 0.648438 0.368490 0.649414 0.369792 0.649414 0.372396 0.654297 0.378906 0.655273 0.382812 0.663086 0.391927 0.666016 0.391927 0.666992 0.393229 0.687500 0.393229 0.688477 0.391927 0.691406 0.391927 0.697266 0.388021 0.702148 0.382812 0.705078 0.381510 0.705078 0.380208 0.708008 0.376302 0.708008 0.360677 0.707031 0.359375 0.707031 0.351562 0.705078 0.348958 0.704102 0.345052 0.695312 0.333333 0.690430 0.329427 0.687500 0.329427 0.686523 0.328125 0.672852 0.328125 0.666992 0.335938 0.665039 0.335938 0.662109 0.333333 0.658203 0.334635
0 0.610352 0.303385 0.604492 0.311198 0.602539 0.316406 0.600586 0.326823 0.599609 0.328125 0.599609 0.332031 0.598633 0.333333 0.598633 0.343750 0.599609 0.345052 0.602539 0.359375 0.604492 0.361979 0.608398 0.363281 0.611328 0.365885 0.613281 0.365885 0.620117 0.371094 0.632812 0.371094 0.641602 0.365885 0.646484 0.358073 0.646484 0.350260 0.647461 0.348958 0.647461 0.315104 0.646484 0.313802 0.646484 0.311198 0.639648 0.303385 0.634766 0.303385 0.633789 0.304688 0.630859 0.304688 0.629883 0.305990 0.624023 0.305990 0.623047 0.307292 0.619141 0.307292 0.618164 0.305990 0.615234 0.305990 0.612305 0.303385
0 0.584961 0.348958 0.583008 0.348958 0.577148 0.352865 0.569336 0.363281 0.568359 0.367188 0.566406 0.369792 0.563477 0.377604 0.558594 0.386719 0.558594 0.397135 0.561523 0.402344 0.561523 0.403646 0.567383 0.410156 0.573242 0.414062 0.575195 0.414062 0.578125 0.416667 0.581055 0.416667 0.582031 0.417969 0.585938 0.416667 0.601562 0.404948 0.607422 0.397135 0.608398 0.394531 0.608398 0.390625 0.609375 0.389323 0.609375 0.382812 0.607422 0.377604 0.605469 0.375000 0.604492 0.369792 0.601562 0.364583 0.601562 0.363281 0.595703 0.355469 0.589844 0.354167
0 0.538086 0.358073 0.530273 0.359375 0.522461 0.364583 0.519531 0.368490 0.514648 0.371094 0.512695 0.373698 0.508789 0.375000 0.506836 0.378906 0.502930 0.381510 0.502930 0.385417 0.504883 0.389323 0.505859 0.408854 0.506836 0.410156 0.508789 0.419271 0.512695 0.424479 0.516602 0.425781 0.522461 0.429688 0.534180 0.429688 0.535156 0.428385 0.537109 0.428385 0.542969 0.424479 0.545898 0.420573 0.547852 0.420573 0.551758 0.417969 0.554688 0.412760 0.554688 0.399740 0.555664 0.398438 0.555664 0.382812 0.554688 0.381510 0.554688 0.376302 0.550781 0.367188 0.547852 0.363281 0.541992 0.361979
0 0.461914 0.403646 0.461914 0.412760 0.462891 0.414062 0.461914 0.415365 0.461914 0.424479 0.462891 0.425781 0.462891 0.428385 0.465820 0.432292 0.465820 0.434896 0.469727 0.441406 0.471680 0.441406 0.472656 0.442708 0.488281 0.442708 0.489258 0.441406 0.496094 0.441406 0.497070 0.440104 0.502930 0.440104 0.510742 0.434896 0.510742 0.428385 0.507812 0.420573 0.507812 0.417969 0.505859 0.415365 0.505859 0.412760 0.504883 0.411458 0.504883 0.407552 0.503906 0.406250 0.503906 0.402344 0.502930 0.401042 0.502930 0.397135 0.500977 0.393229 0.499023 0.393229 0.498047 0.391927 0.495117 0.391927 0.494141 0.390625 0.485352 0.390625 0.482422 0.395833 0.478516 0.395833 0.477539 0.398438 0.474609 0.398438 0.473633 0.399740 0.469727 0.399740 0.468750 0.401042 0.466797 0.401042 0.465820 0.402344 0.462891 0.402344
0 0.458008 0.351562 0.456055 0.351562 0.455078 0.350260 0.448242 0.350260 0.447266 0.351562 0.427734 0.351562 0.426758 0.352865 0.426758 0.356771 0.425781 0.359375 0.422852 0.363281 0.421875 0.363281 0.420898 0.367188 0.416992 0.372396 0.415039 0.377604 0.415039 0.390625 0.416016 0.391927 0.416992 0.397135 0.422852 0.404948 0.429688 0.410156 0.432617 0.410156 0.433594 0.411458 0.441406 0.411458 0.442383 0.412760 0.455078 0.412760 0.455078 0.411458 0.458008 0.407552 0.458008 0.404948 0.458984 0.403646 0.458984 0.395833 0.459961 0.394531 0.459961 0.381510 0.460938 0.380208 0.460938 0.365885 0.461914 0.364583 0.460938 0.355469
0 0.385742 0.311198 0.374023 0.325521 0.374023 0.326823 0.371094 0.332031 0.371094 0.335938 0.370117 0.337240 0.370117 0.346354 0.371094 0.347656 0.371094 0.351562 0.372070 0.354167 0.375977 0.358073 0.380859 0.359375 0.384766 0.363281 0.386719 0.363281 0.387695 0.364583 0.395508 0.367188 0.398438 0.369792 0.401367 0.369792 0.402344 0.371094 0.410156 0.371094 0.411133 0.369792 0.413086 0.369792 0.417969 0.363281 0.418945 0.360677 0.418945 0.355469 0.419922 0.354167 0.419922 0.339844 0.418945 0.338542 0.417969 0.332031 0.416016 0.329427 0.416016 0.328125 0.409180 0.319010 0.405273 0.316406 0.403320 0.316406 0.402344 0.315104 0.394531 0.312500 0.391602 0.309896 0.387695 0.309896
0 0.513672 0.300781 0.508789 0.300781 0.506836 0.302083 0.504883 0.304688 0.500977 0.307292 0.498047 0.311198 0.497070 0.311198 0.493164 0.316406 0.489258 0.319010 0.485352 0.324219 0.484375 0.324219 0.484375 0.325521 0.481445 0.329427 0.481445 0.341146 0.482422 0.342448 0.482422 0.346354 0.485352 0.352865 0.493164 0.360677 0.497070 0.363281 0.499023 0.363281 0.504883 0.368490 0.510742 0.368490 0.516602 0.361979 0.521484 0.359375 0.523438 0.356771 0.527344 0.354167 0.533203 0.346354 0.535156 0.341146 0.535156 0.324219 0.533203 0.321615 0.533203 0.319010 0.531250 0.316406 0.531250 0.315104 0.522461 0.304688 0.518555 0.303385 0.517578 0.302083 0.514648 0.302083
0 0.586914 0.295573 0.584961 0.295573 0.581055 0.292969 0.571289 0.292969 0.570312 0.294271 0.561523 0.294271 0.560547 0.295573 0.558594 0.294271 0.553711 0.294271 0.552734 0.295573 0.544922 0.296875 0.540039 0.302083 0.541016 0.312500 0.542969 0.313802 0.542969 0.319010 0.543945 0.320312 0.543945 0.328125 0.542969 0.330729 0.543945 0.332031 0.544922 0.341146 0.547852 0.347656 0.551758 0.352865 0.554688 0.354167 0.559570 0.361979 0.563477 0.360677 0.565430 0.358073 0.578125 0.350260 0.584961 0.343750 0.589844 0.341146 0.595703 0.334635 0.595703 0.328125 0.596680 0.326823 0.596680 0.317708 0.595703 0.316406 0.595703 0.312500 0.592773 0.307292 0.590820 0.300781
0 0.294922 0.223958 0.286133 0.230469 0.282227 0.236979 0.282227 0.239583 0.281250 0.240885 0.280273 0.255208 0.279297 0.256510 0.279297 0.268229 0.282227 0.276042 0.282227 0.282552 0.285156 0.287760 0.295898 0.298177 0.297852 0.298177 0.300781 0.300781 0.311523 0.302083 0.312500 0.303385 0.318359 0.302083 0.320312 0.299479 0.320312 0.296875 0.322266 0.292969 0.322266 0.289062 0.324219 0.283854 0.325195 0.274740 0.327148 0.269531 0.333984 0.261719 0.335938 0.257812 0.335938 0.253906 0.336914 0.252604 0.334961 0.247396 0.333008 0.246094 0.330078 0.248698 0.328125 0.246094 0.325195 0.236979 0.322266 0.235677 0.319336 0.231771 0.315430 0.230469 0.309570 0.222656 0.298828 0.222656 0.297852 0.223958
0 0.358398 0.247396 0.351562 0.247396 0.350586 0.248698 0.347656 0.248698 0.341797 0.256510 0.340820 0.256510 0.336914 0.261719 0.335938 0.261719 0.332031 0.266927 0.331055 0.266927 0.327148 0.276042 0.327148 0.279948 0.323242 0.291667 0.324219 0.298177 0.326172 0.300781 0.327148 0.304688 0.332031 0.311198 0.343750 0.319010 0.354492 0.320312 0.355469 0.319010 0.361328 0.317708 0.371094 0.308594 0.375000 0.307292 0.376953 0.303385 0.375977 0.287760 0.375000 0.286458 0.375000 0.282552 0.374023 0.281250 0.374023 0.268229 0.371094 0.260417 0.365234 0.252604
0 0.334961 0.171875 0.325195 0.178385 0.321289 0.183594 0.320312 0.190104 0.316406 0.200521 0.316406 0.210938 0.318359 0.217448 0.324219 0.225260 0.324219 0.226562 0.328125 0.231771 0.329102 0.235677 0.332031 0.238281 0.333008 0.240885 0.336914 0.243490 0.338867 0.243490 0.341797 0.246094 0.346680 0.247396 0.347656 0.246094 0.350586 0.246094 0.355469 0.243490 0.356445 0.242188 0.356445 0.231771 0.359375 0.227865 0.361328 0.227865 0.370117 0.221354 0.371094 0.218750 0.371094 0.209635 0.370117 0.208333 0.369141 0.200521 0.363281 0.187500 0.362305 0.179688 0.357422 0.174479 0.349609 0.173177 0.348633 0.171875
0 0.419922 0.220052 0.417969 0.220052 0.416992 0.221354 0.399414 0.222656 0.392578 0.226562 0.387695 0.231771 0.381836 0.247396 0.379883 0.257812 0.377930 0.261719 0.377930 0.269531 0.381836 0.276042 0.382812 0.281250 0.386719 0.286458 0.386719 0.287760 0.391602 0.292969 0.397461 0.296875 0.399414 0.296875 0.403320 0.299479 0.412109 0.299479 0.422852 0.291667 0.425781 0.286458 0.428711 0.278646 0.429688 0.272135 0.432617 0.266927 0.432617 0.263021 0.434570 0.256510 0.417969 0.226562 0.417969 0.225260 0.420898 0.222656
0 0.462891 0.257812 0.458008 0.257812 0.457031 0.259115 0.447266 0.259115 0.446289 0.260417 0.442383 0.261719 0.436523 0.268229 0.436523 0.273438 0.435547 0.274740 0.435547 0.278646 0.434570 0.279948 0.432617 0.294271 0.430664 0.299479 0.430664 0.311198 0.433594 0.316406 0.436523 0.326823 0.438477 0.328125 0.443359 0.328125 0.444336 0.326823 0.459961 0.326823 0.460938 0.325521 0.464844 0.325521 0.465820 0.324219 0.467773 0.324219 0.468750 0.322917 0.472656 0.321615 0.479492 0.312500 0.480469 0.309896 0.480469 0.305990 0.481445 0.304688 0.481445 0.289062 0.480469 0.287760 0.480469 0.283854 0.475586 0.276042 0.475586 0.274740 0.471680 0.269531 0.469727 0.263021 0.466797 0.261719
0 0.415039 0.110677 0.414062 0.111979 0.412109 0.111979 0.408203 0.117188 0.408203 0.119792 0.407227 0.121094 0.406250 0.134115 0.404297 0.139323 0.404297 0.154948 0.403320 0.156250 0.403320 0.165365 0.404297 0.167969 0.409180 0.170573 0.420898 0.184896 0.427734 0.188802 0.431641 0.188802 0.433594 0.186198 0.438477 0.183594 0.440430 0.180990 0.447266 0.175781 0.451172 0.169271 0.452148 0.164062 0.453125 0.162760 0.453125 0.154948 0.454102 0.153646 0.454102 0.151042 0.453125 0.149740 0.453125 0.141927 0.430664 0.114583 0.426758 0.111979 0.423828 0.111979 0.422852 0.110677
0 0.458984 0.178385 0.452148 0.178385 0.451172 0.177083 0.450195 0.178385 0.447266 0.178385 0.437500 0.186198 0.431641 0.194010 0.430664 0.194010 0.430664 0.195312 0.426758 0.200521 0.426758 0.203125 0.425781 0.204427 0.424805 0.214844 0.428711 0.222656 0.428711 0.225260 0.432617 0.235677 0.440430 0.247396 0.442383 0.252604 0.444336 0.255208 0.446289 0.255208 0.447266 0.256510 0.459961 0.255208 0.460938 0.253906 0.463867 0.253906 0.464844 0.252604 0.469727 0.251302 0.473633 0.248698 0.478516 0.242188 0.479492 0.238281 0.481445 0.235677 0.481445 0.222656 0.480469 0.221354 0.479492 0.209635 0.477539 0.204427 0.475586 0.201823 0.474609 0.197917 0.471680 0.196615 0.469727 0.194010 0.465820 0.184896 0.461914 0.179688 0.459961 0.179688
0 0.479492 0.108073 0.478516 0.109375 0.475586 0.109375 0.467773 0.115885 0.463867 0.121094 0.462891 0.121094 0.459961 0.126302 0.459961 0.128906 0.458984 0.130208 0.458984 0.147135 0.458008 0.148438 0.458008 0.161458 0.458984 0.162760 0.458984 0.167969 0.459961 0.169271 0.459961 0.173177 0.462891 0.175781 0.470703 0.177083 0.473633 0.179688 0.475586 0.179688 0.479492 0.182292 0.491211 0.182292 0.501953 0.175781 0.506836 0.167969 0.506836 0.152344 0.505859 0.151042 0.505859 0.140625 0.504883 0.139323 0.503906 0.127604 0.502930 0.126302 0.502930 0.123698 0.500977 0.121094 0.495117 0.117188 0.490234 0.110677 0.486328 0.108073
0 0.529297 0.157552 0.528320 0.158854 0.525391 0.158854 0.519531 0.165365 0.514648 0.167969 0.504883 0.179688 0.501953 0.186198 0.501953 0.199219 0.502930 0.200521 0.503906 0.205729 0.507812 0.212240 0.508789 0.216146 0.518555 0.227865 0.522461 0.229167 0.527344 0.233073 0.531250 0.233073 0.542969 0.217448 0.542969 0.216146 0.545898 0.212240 0.546875 0.212240 0.551758 0.204427 0.552734 0.204427 0.554688 0.201823 0.557617 0.192708 0.557617 0.184896 0.554688 0.178385 0.550781 0.173177 0.549805 0.173177 0.546875 0.169271 0.540039 0.165365 0.533203 0.158854 0.530273 0.158854
0 0.510742 0.220052 0.503906 0.220052 0.500000 0.222656 0.497070 0.222656 0.492188 0.230469 0.489258 0.238281 0.488281 0.244792 0.487305 0.246094 0.487305 0.250000 0.486328 0.251302 0.485352 0.260417 0.484375 0.261719 0.484375 0.264323 0.482422 0.269531 0.482422 0.278646 0.483398 0.279948 0.483398 0.285156 0.485352 0.287760 0.495117 0.294271 0.500000 0.294271 0.500977 0.295573 0.502930 0.294271 0.506836 0.294271 0.514648 0.289062 0.520508 0.287760 0.524414 0.283854 0.524414 0.277344 0.525391 0.276042 0.525391 0.265625 0.526367 0.264323 0.526367 0.243490 0.525391 0.240885
0 0.541016 0.223958 0.537109 0.229167 0.535156 0.234375 0.534180 0.240885 0.533203 0.242188 0.533203 0.246094 0.532227 0.247396 0.532227 0.269531 0.535156 0.277344 0.540039 0.282552 0.543945 0.285156 0.547852 0.285156 0.548828 0.286458 0.560547 0.286458 0.561523 0.285156 0.565430 0.285156 0.566406 0.283854 0.569336 0.283854 0.570312 0.282552 0.574219 0.282552 0.576172 0.281250 0.580078 0.274740 0.581055 0.266927 0.584961 0.256510 0.584961 0.246094 0.585938 0.244792 0.585938 0.242188 0.584961 0.240885 0.584961 0.238281 0.582031 0.229167 0.576172 0.221354 0.574219 0.221354 0.573242 0.220052 0.568359 0.220052 0.567383 0.218750 0.554688 0.218750 0.546875 0.223958
0 0.518555 0.082031 0.514648 0.087240 0.513672 0.087240 0.508789 0.095052 0.506836 0.104167 0.505859 0.105469 0.505859 0.122396 0.509766 0.127604 0.509766 0.131510 0.510742 0.132812 0.511719 0.139323 0.515625 0.144531 0.517578 0.145833 0.520508 0.145833 0.532227 0.153646 0.539062 0.153646 0.540039 0.152344 0.543945 0.152344 0.544922 0.151042 0.548828 0.149740 0.551758 0.145833 0.552734 0.145833 0.552734 0.144531 0.557617 0.136719 0.557617 0.134115 0.558594 0.132812 0.558594 0.122396 0.559570 0.121094 0.559570 0.118490 0.558594 0.117188 0.558594 0.110677 0.554688 0.102865 0.551758 0.100260 0.548828 0.095052 0.541992 0.089844 0.538086 0.084635 0.535156 0.083333 0.533203 0.080729 0.531250 0.079427 0.523438 0.079427 0.522461 0.080729
0 0.579102 0.063802 0.573242 0.070312 0.572266 0.070312 0.572266 0.071615 0.568359 0.076823 0.566406 0.080729 0.566406 0.083333 0.564453 0.089844 0.567383 0.093750 0.568359 0.108073 0.570312 0.113281 0.577148 0.122396 0.578125 0.127604 0.580078 0.130208 0.587891 0.130208 0.588867 0.128906 0.594727 0.128906 0.595703 0.127604 0.606445 0.126302 0.614258 0.121094 0.620117 0.110677 0.620117 0.106771 0.621094 0.105469 0.621094 0.095052 0.620117 0.093750 0.620117 0.091146 0.614258 0.079427 0.613281 0.071615 0.611328 0.065104 0.607422 0.062500 0.601562 0.062500 0.600586 0.063802 0.598633 0.063802 0.597656 0.062500 0.593750 0.062500 0.588867 0.059896 0.583008 0.061198 0.581055 0.063802
0 0.671875 0.115885 0.665039 0.111979 0.653320 0.111979 0.652344 0.113281 0.649414 0.113281 0.639648 0.119792 0.637695 0.122396 0.637695 0.125000 0.636719 0.126302 0.636719 0.132812 0.634766 0.136719 0.634766 0.140625 0.629883 0.156250 0.630859 0.173177 0.636719 0.182292 0.641602 0.184896 0.648438 0.184896 0.650391 0.186198 0.656250 0.182292 0.658203 0.182292 0.665039 0.177083 0.669922 0.177083 0.672852 0.174479 0.676758 0.164062 0.676758 0.161458 0.680664 0.153646 0.680664 0.151042 0.682617 0.145833 0.682617 0.139323 0.681641 0.138021 0.681641 0.134115 0.677734 0.123698
0 0.590820 0.152344 0.589844 0.153646 0.585938 0.153646 0.584961 0.154948 0.583008 0.154948 0.571289 0.164062 0.571289 0.169271 0.569336 0.173177 0.569336 0.175781 0.567383 0.180990 0.567383 0.199219 0.568359 0.201823 0.574219 0.208333 0.577148 0.216146 0.583008 0.222656 0.584961 0.223958 0.588867 0.223958 0.589844 0.225260 0.597656 0.225260 0.598633 0.223958 0.604492 0.222656 0.608398 0.220052 0.611328 0.216146 0.612305 0.216146 0.613281 0.213542 0.615234 0.212240 0.619141 0.203125 0.620117 0.186198 0.619141 0.183594 0.602539 0.160156 0.601562 0.160156 0.598633 0.156250 0.594727 0.154948 0.593750 0.153646 0.591797 0.153646
0 0.614258 0.222656 0.612305 0.225260 0.606445 0.229167 0.598633 0.240885 0.597656 0.250000 0.596680 0.251302 0.596680 0.256510 0.597656 0.257812 0.597656 0.269531 0.596680 0.270833 0.596680 0.274740 0.597656 0.276042 0.598633 0.285156 0.600586 0.289062 0.604492 0.291667 0.605469 0.294271 0.606445 0.294271 0.611328 0.300781 0.615234 0.303385 0.629883 0.303385 0.634766 0.300781 0.638672 0.300781 0.646484 0.291667 0.650391 0.283854 0.651367 0.276042 0.652344 0.274740 0.652344 0.268229 0.655273 0.257812 0.653320 0.248698 0.634766 0.227865 0.623047 0.221354 0.617188 0.221354 0.616211 0.222656
0 0.697266 0.253906 0.695312 0.253906 0.694336 0.252604 0.690430 0.252604 0.689453 0.253906 0.687500 0.253906 0.671875 0.264323 0.669922 0.266927 0.666016 0.268229 0.664062 0.270833 0.663086 0.270833 0.663086 0.272135 0.656250 0.282552 0.656250 0.287760 0.655273 0.289062 0.656250 0.290365 0.656250 0.298177 0.662109 0.307292 0.666992 0.311198 0.671875 0.317708 0.671875 0.319010 0.675781 0.322917 0.678711 0.322917 0.684570 0.317708 0.692383 0.316406 0.693359 0.315104 0.695312 0.315104 0.696289 0.313802 0.700195 0.312500 0.703125 0.308594 0.704102 0.308594 0.709961 0.299479 0.709961 0.286458 0.710938 0.285156 0.710938 0.281250 0.709961 0.279948 0.709961 0.274740 0.708984 0.273438 0.708984 0.270833 0.705078 0.264323 0.705078 0.263021
0 0.681641 0.178385 0.674805 0.179688 0.671875 0.183594 0.667969 0.186198 0.656250 0.191406 0.652344 0.191406 0.650391 0.192708 0.645508 0.199219 0.644531 0.199219 0.640625 0.207031 0.638672 0.214844 0.639648 0.218750 0.639648 0.226562 0.642578 0.230469 0.645508 0.231771 0.647461 0.236979 0.651367 0.240885 0.655273 0.247396 0.672852 0.257812 0.676758 0.257812 0.682617 0.252604 0.689453 0.248698 0.704102 0.230469 0.705078 0.227865 0.705078 0.222656 0.706055 0.221354 0.706055 0.207031 0.702148 0.194010 0.696289 0.186198 0.692383 0.183594 0.688477 0.183594 0.686523 0.180990
0 0.751953 0.162760 0.747070 0.158854 0.742188 0.158854 0.736328 0.156250 0.732422 0.156250 0.731445 0.157552 0.718750 0.157552 0.717773 0.158854 0.719727 0.160156 0.725586 0.160156 0.728516 0.161458 0.729492 0.164062 0.725586 0.167969 0.722656 0.174479 0.716797 0.182292 0.712891 0.192708 0.708984 0.190104 0.706055 0.192708 0.711914 0.220052 0.708984 0.226562 0.711914 0.231771 0.714844 0.231771 0.715820 0.233073 0.718750 0.233073 0.719727 0.231771 0.720703 0.233073 0.730469 0.233073 0.731445 0.231771 0.735352 0.231771 0.740234 0.227865 0.745117 0.227865 0.750977 0.223958 0.755859 0.222656 0.760742 0.217448 0.768555 0.204427 0.768555 0.196615 0.763672 0.184896 0.763672 0.182292
0 0.747070 0.233073 0.743164 0.233073 0.740234 0.236979 0.736328 0.239583 0.732422 0.246094 0.721680 0.255208 0.716797 0.261719 0.715820 0.261719 0.711914 0.268229 0.711914 0.272135 0.712891 0.273438 0.712891 0.281250 0.713867 0.282552 0.713867 0.289062 0.714844 0.291667 0.728516 0.300781 0.730469 0.300781 0.736328 0.304688 0.737305 0.303385 0.741211 0.303385 0.742188 0.302083 0.749023 0.300781 0.757812 0.294271 0.757812 0.287760 0.762695 0.279948 0.765625 0.278646 0.767578 0.273438 0.770508 0.273438 0.770508 0.260417 0.766602 0.252604 0.761719 0.246094 0.759766 0.240885
