0 0.230469 0.827676 0.229492 0.827676 0.228516 0.826371 0.223633 0.826371 0.222656 0.825065 0.217773 0.825065 0.216797 0.823760 0.208984 0.823760 0.208008 0.825065 0.204102 0.825065 0.201172 0.827676 0.199219 0.827676 0.198242 0.828982 0.197266 0.828982 0.197266 0.840731 0.198242 0.842037 0.197266 0.843342 0.197266 0.844648 0.194336 0.848564 0.195312 0.849869 0.195312 0.851175 0.197266 0.853786 0.197266 0.855091 0.199219 0.857702 0.199219 0.859008 0.201172 0.861619 0.202148 0.865535 0.203125 0.865535 0.204102 0.866841 0.206055 0.866841 0.207031 0.865535 0.209961 0.864230 0.211914 0.861619 0.214844 0.860313 0.216797 0.857702 0.217773 0.857702 0.220703 0.855091 0.223633 0.855091 0.224609 0.853786 0.225586 0.853786 0.226562 0.852480 0.226562 0.847258 0.227539 0.845953 0.227539 0.844648 0.230469 0.838120 0.230469 0.834204 0.231445 0.832898 0.231445 0.830287 0.230469 0.828982
0 0.286133 0.870757 0.285156 0.872063 0.283203 0.872063 0.282227 0.873368 0.276367 0.873368 0.275391 0.874674 0.272461 0.874674 0.271484 0.875979 0.266602 0.875979 0.263672 0.879896 0.262695 0.879896 0.259766 0.883812 0.258789 0.883812 0.258789 0.885117 0.256836 0.889034 0.256836 0.890339 0.258789 0.894256 0.258789 0.907311 0.259766 0.908616 0.259766 0.911227 0.261719 0.913838 0.261719 0.915144 0.268555 0.924282 0.270508 0.924282 0.271484 0.925587 0.279297 0.925587 0.280273 0.924282 0.282227 0.924282 0.286133 0.920366 0.287109 0.920366 0.289062 0.917755 0.291016 0.917755 0.291992 0.916449 0.294922 0.915144 0.297852 0.911227 0.297852 0.909922 0.299805 0.906005 0.299805 0.899478 0.297852 0.896867 0.297852 0.894256 0.296875 0.892950 0.296875 0.889034 0.290039 0.878590 0.290039 0.877285 0.289062 0.875979 0.289062 0.873368
0 0.322266 0.834204 0.321289 0.838120 0.320312 0.839426 0.319336 0.839426 0.314453 0.847258 0.314453 0.853786 0.315430 0.855091 0.315430 0.862924 0.318359 0.869452 0.318359 0.872063 0.321289 0.875979 0.323242 0.882507 0.325195 0.885117 0.340820 0.885117 0.341797 0.883812 0.342773 0.883812 0.342773 0.882507 0.348633 0.874674 0.348633 0.873368 0.350586 0.870757 0.350586 0.865535 0.351562 0.864230 0.350586 0.862924 0.350586 0.861619 0.347656 0.857702 0.348633 0.856397 0.348633 0.855091 0.349609 0.853786 0.350586 0.853786 0.350586 0.849869 0.349609 0.848564 0.349609 0.849869 0.345703 0.855091 0.343750 0.852480 0.343750 0.851175 0.339844 0.845953 0.339844 0.844648 0.333984 0.836815 0.331055 0.836815 0.330078 0.838120 0.328125 0.838120 0.327148 0.836815 0.325195 0.836815
0 0.254883 0.812010 0.252930 0.814621 0.252930 0.817232 0.251953 0.818538 0.251953 0.827676 0.250977 0.828982 0.250977 0.844648 0.251953 0.845953 0.251953 0.849869 0.252930 0.851175 0.252930 0.852480 0.254883 0.855091 0.256836 0.855091 0.257812 0.856397 0.261719 0.856397 0.262695 0.855091 0.276367 0.855091 0.278320 0.852480 0.279297 0.852480 0.280273 0.851175 0.280273 0.849869 0.282227 0.847258 0.282227 0.845953 0.283203 0.844648 0.283203 0.840731 0.284180 0.839426 0.284180 0.832898 0.283203 0.831593 0.283203 0.830287 0.282227 0.830287 0.281250 0.828982 0.280273 0.828982 0.278320 0.826371 0.277344 0.826371 0.276367 0.825065 0.273438 0.823760 0.270508 0.819843 0.269531 0.819843 0.267578 0.817232 0.266602 0.817232 0.265625 0.815927 0.262695 0.815927 0.259766 0.812010
0 0.291992 0.780679 0.291016 0.779373 0.284180 0.778068 0.282227 0.779373 0.281250 0.781984 0.281250 0.785901 0.279297 0.788512 0.278320 0.788512 0.276367 0.785901 0.270508 0.785901 0.267578 0.789817 0.265625 0.789817 0.263672 0.793734 0.261719 0.793734 0.259766 0.792428 0.257812 0.795039 0.257812 0.801567 0.256836 0.802872 0.256836 0.813316 0.254883 0.817232 0.254883 0.821149 0.253906 0.822454 0.254883 0.823760 0.256836 0.823760 0.257812 0.822454 0.270508 0.822454 0.282227 0.830287 0.286133 0.827676 0.291016 0.819843 0.292969 0.814621 0.292969 0.810705 0.293945 0.809399 0.293945 0.800261 0.294922 0.798956 0.294922 0.793734 0.291016 0.789817 0.291016 0.787206 0.291992 0.785901 0.293945 0.785901 0.293945 0.784595 0.291992 0.783290
0 0.380859 0.832898 0.379883 0.834204 0.378906 0.838120 0.375977 0.842037 0.375977 0.843342 0.373047 0.849869 0.373047 0.864230 0.375000 0.866841 0.375000 0.868146 0.375977 0.869452 0.377930 0.875979 0.379883 0.878590 0.379883 0.879896 0.380859 0.881201 0.380859 0.883812 0.381836 0.885117 0.385742 0.885117 0.391602 0.890339 0.393555 0.890339 0.394531 0.891645 0.397461 0.891645 0.398438 0.890339 0.399414 0.890339 0.403320 0.885117 0.404297 0.885117 0.408203 0.879896 0.408203 0.870757 0.407227 0.869452 0.407227 0.865535 0.406250 0.864230 0.406250 0.859008 0.405273 0.857702 0.405273 0.856397 0.404297 0.855091 0.404297 0.852480 0.403320 0.851175 0.403320 0.847258 0.402344 0.845953 0.402344 0.844648 0.398438 0.839426 0.396484 0.839426 0.395508 0.838120 0.388672 0.838120 0.387695 0.839426 0.383789 0.839426 0.381836 0.836815
0 0.375000 0.785901 0.374023 0.785901 0.373047 0.784595 0.371094 0.784595 0.370117 0.785901 0.368164 0.785901 0.366211 0.788512 0.365234 0.788512 0.362305 0.791123 0.360352 0.791123 0.359375 0.792428 0.356445 0.792428 0.355469 0.793734 0.352539 0.793734 0.351562 0.795039 0.350586 0.795039 0.347656 0.798956 0.346680 0.798956 0.343750 0.802872 0.342773 0.802872 0.341797 0.804178 0.341797 0.805483 0.340820 0.806789 0.340820 0.809399 0.339844 0.810705 0.339844 0.813316 0.340820 0.814621 0.340820 0.822454 0.341797 0.823760 0.341797 0.825065 0.345703 0.828982 0.347656 0.828982 0.350586 0.831593 0.352539 0.831593 0.355469 0.834204 0.357422 0.834204 0.362305 0.838120 0.365234 0.838120 0.366211 0.839426 0.370117 0.839426 0.371094 0.838120 0.374023 0.838120 0.376953 0.834204 0.376953 0.832898 0.377930 0.831593 0.377930 0.828982 0.378906 0.827676 0.378906 0.822454 0.377930 0.821149 0.377930 0.814621 0.376953 0.813316 0.376953 0.810705 0.374023 0.805483 0.374023 0.802872 0.373047 0.801567 0.375000 0.797650 0.375000 0.792428 0.374023 0.791123 0.374023 0.789817 0.375000 0.788512
0 0.314453 0.768930 0.311523 0.772846 0.311523 0.774151 0.310547 0.775457 0.310547 0.778068 0.309570 0.779373 0.309570 0.780679 0.307617 0.784595 0.307617 0.797650 0.308594 0.798956 0.308594 0.801567 0.309570 0.802872 0.309570 0.804178 0.311523 0.806789 0.314453 0.806789 0.315430 0.808094 0.321289 0.808094 0.322266 0.809399 0.329102 0.809399 0.330078 0.810705 0.334961 0.810705 0.335938 0.809399 0.336914 0.809399 0.337891 0.808094 0.337891 0.806789 0.339844 0.802872 0.339844 0.798956 0.335938 0.793734 0.335938 0.791123 0.334961 0.789817 0.333984 0.785901 0.332031 0.783290 0.332031 0.780679 0.330078 0.776762 0.330078 0.774151 0.329102 0.772846 0.329102 0.770235 0.326172 0.766319 0.323242 0.766319 0.322266 0.767624 0.317383 0.767624 0.316406 0.768930
0 0.353516 0.744125 0.346680 0.744125 0.345703 0.745431 0.344727 0.745431 0.343750 0.744125 0.339844 0.744125 0.338867 0.745431 0.333984 0.748042 0.332031 0.750653 0.331055 0.750653 0.328125 0.757180 0.328125 0.761097 0.327148 0.762402 0.327148 0.765013 0.330078 0.771540 0.330078 0.774151 0.332031 0.778068 0.332031 0.780679 0.333008 0.781984 0.333008 0.783290 0.333984 0.784595 0.333984 0.785901 0.334961 0.787206 0.336914 0.793734 0.339844 0.796345 0.341797 0.796345 0.342773 0.795039 0.345703 0.795039 0.346680 0.793734 0.349609 0.793734 0.350586 0.792428 0.351562 0.792428 0.353516 0.789817 0.356445 0.788512 0.364258 0.778068 0.364258 0.775457 0.365234 0.774151 0.364258 0.772846 0.364258 0.770235 0.358398 0.762402 0.358398 0.761097 0.357422 0.759791 0.357422 0.755875 0.356445 0.754569 0.356445 0.751958 0.355469 0.750653 0.355469 0.748042
0 0.331055 0.724543 0.329102 0.724543 0.328125 0.723238 0.325195 0.723238 0.322266 0.720627 0.317383 0.720627 0.316406 0.721932 0.315430 0.721932 0.314453 0.723238 0.312500 0.723238 0.311523 0.724543 0.305664 0.724543 0.304688 0.725849 0.304688 0.729765 0.305664 0.731070 0.305664 0.748042 0.306641 0.749347 0.306641 0.751958 0.307617 0.753264 0.307617 0.759791 0.309570 0.763708 0.312500 0.763708 0.313477 0.765013 0.319336 0.765013 0.320312 0.763708 0.324219 0.763708 0.326172 0.761097 0.326172 0.759791 0.327148 0.758486 0.327148 0.755875 0.328125 0.754569 0.329102 0.750653 0.331055 0.748042 0.331055 0.745431 0.332031 0.744125 0.332031 0.742820 0.335938 0.737598 0.334961 0.736292 0.334961 0.732376 0.333008 0.729765 0.333008 0.727154
0 0.243164 0.671018 0.240234 0.673629 0.238281 0.673629 0.236328 0.676240 0.233398 0.676240 0.232422 0.677546 0.231445 0.677546 0.230469 0.681462 0.227539 0.685379 0.227539 0.686684 0.226562 0.687990 0.226562 0.693211 0.225586 0.694517 0.225586 0.699739 0.227539 0.703655 0.228516 0.703655 0.235352 0.712794 0.236328 0.712794 0.247070 0.727154 0.252930 0.727154 0.253906 0.725849 0.254883 0.725849 0.255859 0.724543 0.256836 0.720627 0.259766 0.716710 0.260742 0.716710 0.261719 0.715405 0.261719 0.714099 0.264648 0.707572 0.264648 0.697128 0.265625 0.695822 0.265625 0.689295 0.264648 0.687990 0.264648 0.686684 0.259766 0.680157 0.258789 0.680157 0.255859 0.676240 0.255859 0.674935 0.254883 0.673629 0.253906 0.673629 0.251953 0.671018 0.250000 0.671018 0.249023 0.672324 0.246094 0.672324 0.245117 0.671018
0 0.205078 0.629243 0.200195 0.635770 0.200195 0.637076 0.198242 0.639687 0.198242 0.640992 0.197266 0.642298 0.197266 0.644909 0.196289 0.646214 0.196289 0.650131 0.195312 0.651436 0.195312 0.656658 0.197266 0.660574 0.197266 0.672324 0.198242 0.673629 0.198242 0.674935 0.203125 0.680157 0.204102 0.680157 0.205078 0.681462 0.207031 0.681462 0.208984 0.684073 0.214844 0.684073 0.215820 0.682768 0.217773 0.682768 0.218750 0.681462 0.219727 0.681462 0.223633 0.676240 0.224609 0.676240 0.224609 0.674935 0.226562 0.672324 0.226562 0.661880 0.227539 0.660574 0.226562 0.659269 0.226562 0.637076 0.224609 0.634465 0.222656 0.634465 0.221680 0.633159 0.220703 0.633159 0.219727 0.631854 0.217773 0.631854 0.216797 0.630548 0.213867 0.630548 0.212891 0.629243
0 0.248047 0.597911 0.246094 0.597911 0.245117 0.599217 0.242188 0.599217 0.241211 0.600522 0.238281 0.600522 0.237305 0.601828 0.235352 0.601828 0.233398 0.604439 0.232422 0.604439 0.232422 0.605744 0.230469 0.608355 0.230469 0.609661 0.229492 0.610966 0.229492 0.614883 0.228516 0.616188 0.228516 0.620104 0.229492 0.621410 0.229492 0.625326 0.230469 0.626632 0.230469 0.629243 0.232422 0.631854 0.232422 0.633159 0.236328 0.639687 0.236328 0.640992 0.237305 0.642298 0.237305 0.643603 0.239258 0.646214 0.240234 0.650131 0.241211 0.650131 0.242188 0.651436 0.248047 0.651436 0.249023 0.650131 0.251953 0.650131 0.253906 0.647520 0.254883 0.647520 0.256836 0.644909 0.257812 0.644909 0.261719 0.639687 0.261719 0.638381 0.262695 0.637076 0.262695 0.634465 0.263672 0.633159 0.263672 0.624021 0.264648 0.622715 0.264648 0.617493 0.263672 0.616188 0.263672 0.613577 0.253906 0.601828 0.252930 0.601828 0.250977 0.599217 0.249023 0.599217
0 0.293945 0.624021 0.292969 0.625326 0.291992 0.625326 0.290039 0.627937 0.288086 0.627937 0.287109 0.629243 0.284180 0.630548 0.282227 0.633159 0.282227 0.634465 0.280273 0.638381 0.280273 0.640992 0.278320 0.644909 0.278320 0.650131 0.279297 0.651436 0.281250 0.657963 0.284180 0.661880 0.284180 0.663185 0.285156 0.664491 0.286133 0.668407 0.288086 0.671018 0.289062 0.674935 0.291992 0.678851 0.298828 0.678851 0.299805 0.677546 0.302734 0.677546 0.303711 0.676240 0.304688 0.676240 0.308594 0.671018 0.313477 0.668407 0.313477 0.665796 0.314453 0.664491 0.314453 0.644909 0.313477 0.643603 0.313477 0.642298 0.311523 0.639687 0.311523 0.638381 0.305664 0.630548 0.305664 0.629243 0.303711 0.626632 0.297852 0.626632 0.296875 0.625326
0 0.314453 0.677546 0.312500 0.677546 0.311523 0.678851 0.302734 0.678851 0.301758 0.680157 0.293945 0.680157 0.291016 0.682768 0.291016 0.684073 0.288086 0.690601 0.288086 0.702350 0.289062 0.703655 0.289062 0.708877 0.291016 0.711488 0.292969 0.711488 0.293945 0.712794 0.294922 0.712794 0.296875 0.715405 0.297852 0.715405 0.302734 0.721932 0.312500 0.721932 0.313477 0.720627 0.314453 0.720627 0.315430 0.719321 0.315430 0.718016 0.319336 0.712794 0.319336 0.708877 0.318359 0.707572 0.318359 0.698433 0.317383 0.697128 0.317383 0.689295 0.316406 0.687990 0.316406 0.681462
0 0.315430 0.680157 0.315430 0.681462 0.317383 0.684073 0.317383 0.690601 0.318359 0.691906 0.318359 0.701044 0.319336 0.702350 0.319336 0.708877 0.320312 0.710183 0.320312 0.714099 0.321289 0.715405 0.321289 0.716710 0.324219 0.720627 0.325195 0.720627 0.326172 0.721932 0.335938 0.721932 0.336914 0.720627 0.338867 0.720627 0.339844 0.719321 0.341797 0.719321 0.348633 0.710183 0.348633 0.708877 0.349609 0.707572 0.349609 0.703655 0.350586 0.702350 0.350586 0.695822 0.349609 0.694517 0.349609 0.691906 0.348633 0.690601 0.347656 0.690601 0.345703 0.687990 0.343750 0.687990 0.342773 0.689295 0.339844 0.689295 0.338867 0.690601 0.336914 0.690601 0.335938 0.689295 0.333984 0.689295 0.333008 0.687990 0.330078 0.686684 0.327148 0.682768 0.326172 0.682768 0.325195 0.681462 0.323242 0.681462 0.322266 0.680157 0.320312 0.680157 0.319336 0.678851 0.317383 0.678851 0.316406 0.680157
0 0.331055 0.635770 0.330078 0.637076 0.327148 0.638381 0.324219 0.642298 0.318359 0.644909 0.315430 0.648825 0.315430 0.651436 0.316406 0.652742 0.316406 0.659269 0.315430 0.660574 0.315430 0.671018 0.321289 0.677546 0.326172 0.680157 0.330078 0.685379 0.331055 0.685379 0.335938 0.689295 0.340820 0.689295 0.341797 0.687990 0.343750 0.687990 0.344727 0.686684 0.345703 0.686684 0.345703 0.685379 0.349609 0.678851 0.349609 0.677546 0.352539 0.671018 0.352539 0.665796 0.353516 0.664491 0.352539 0.663185 0.352539 0.659269 0.353516 0.657963 0.353516 0.651436 0.354492 0.650131 0.354492 0.648825 0.352539 0.646214 0.351562 0.646214 0.350586 0.644909 0.348633 0.644909 0.347656 0.643603 0.345703 0.643603 0.334961 0.635770
0 0.389648 0.691906 0.378906 0.681462 0.368164 0.681462 0.367188 0.682768 0.367188 0.684073 0.364258 0.687990 0.353516 0.687990 0.353516 0.689295 0.352539 0.690601 0.352539 0.702350 0.351562 0.703655 0.351562 0.707572 0.352539 0.708877 0.352539 0.714099 0.353516 0.715405 0.356445 0.724543 0.359375 0.727154 0.365234 0.727154 0.366211 0.725849 0.369141 0.725849 0.370117 0.724543 0.373047 0.724543 0.374023 0.723238 0.375977 0.723238 0.376953 0.721932 0.378906 0.721932 0.379883 0.720627 0.382812 0.720627 0.383789 0.719321 0.386719 0.718016 0.386719 0.714099 0.385742 0.712794 0.385742 0.704961 0.390625 0.698433 0.390625 0.694517 0.389648 0.693211
0 0.387695 0.720627 0.386719 0.721932 0.383789 0.721932 0.382812 0.723238 0.380859 0.723238 0.379883 0.724543 0.377930 0.724543 0.374023 0.727154 0.371094 0.727154 0.370117 0.728460 0.368164 0.728460 0.366211 0.731070 0.365234 0.734987 0.362305 0.738903 0.362305 0.740209 0.360352 0.742820 0.358398 0.748042 0.358398 0.755875 0.360352 0.761097 0.361328 0.761097 0.366211 0.767624 0.367188 0.771540 0.378906 0.787206 0.380859 0.787206 0.384766 0.784595 0.387695 0.780679 0.390625 0.779373 0.394531 0.774151 0.394531 0.772846 0.396484 0.770235 0.396484 0.768930 0.399414 0.763708 0.399414 0.758486 0.400391 0.757180 0.400391 0.750653 0.396484 0.741514 0.396484 0.738903 0.391602 0.725849 0.389648 0.723238 0.389648 0.721932
0 0.407227 0.771540 0.406250 0.772846 0.401367 0.774151 0.395508 0.779373 0.392578 0.779373 0.391602 0.780679 0.388672 0.781984 0.386719 0.784595 0.385742 0.784595 0.377930 0.792428 0.377930 0.793734 0.376953 0.795039 0.376953 0.806789 0.377930 0.808094 0.377930 0.812010 0.378906 0.813316 0.378906 0.814621 0.383789 0.821149 0.384766 0.821149 0.385742 0.822454 0.388672 0.822454 0.389648 0.823760 0.398438 0.823760 0.399414 0.825065 0.402344 0.825065 0.403320 0.823760 0.405273 0.823760 0.406250 0.822454 0.409180 0.821149 0.409180 0.819843 0.411133 0.817232 0.411133 0.815927 0.413086 0.812010 0.413086 0.809399 0.414062 0.808094 0.414062 0.801567 0.413086 0.800261 0.413086 0.796345 0.412109 0.795039 0.412109 0.787206 0.413086 0.785901 0.412109 0.784595 0.412109 0.780679 0.411133 0.779373 0.410156 0.775457
0 0.419922 0.801567 0.418945 0.802872 0.418945 0.804178 0.417969 0.805483 0.417969 0.808094 0.415039 0.814621 0.415039 0.817232 0.414062 0.818538 0.414062 0.822454 0.413086 0.823760 0.413086 0.828982 0.412109 0.830287 0.412109 0.834204 0.413086 0.835509 0.414062 0.839426 0.415039 0.839426 0.420898 0.845953 0.421875 0.845953 0.422852 0.847258 0.424805 0.847258 0.429688 0.851175 0.431641 0.851175 0.432617 0.852480 0.434570 0.852480 0.435547 0.853786 0.440430 0.853786 0.445312 0.847258 0.446289 0.847258 0.448242 0.844648 0.448242 0.843342 0.449219 0.842037 0.449219 0.839426 0.450195 0.838120 0.450195 0.831593 0.449219 0.830287 0.449219 0.822454 0.447266 0.819843 0.446289 0.819843 0.441406 0.813316 0.440430 0.813316 0.435547 0.809399 0.432617 0.809399 0.431641 0.808094 0.427734 0.808094 0.426758 0.806789 0.425781 0.806789 0.422852 0.802872 0.420898 0.802872
0 0.455078 0.772846 0.454102 0.771540 0.451172 0.770235 0.449219 0.767624 0.449219 0.766319 0.448242 0.765013 0.442383 0.765013 0.441406 0.766319 0.438477 0.767624 0.436523 0.770235 0.435547 0.770235 0.434570 0.771540 0.433594 0.770235 0.431641 0.770235 0.430664 0.771540 0.428711 0.771540 0.427734 0.772846 0.425781 0.772846 0.424805 0.771540 0.420898 0.771540 0.419922 0.770235 0.417969 0.774151 0.417969 0.791123 0.419922 0.795039 0.419922 0.797650 0.425781 0.805483 0.426758 0.805483 0.427734 0.806789 0.432617 0.806789 0.433594 0.808094 0.440430 0.808094 0.443359 0.805483 0.446289 0.805483 0.447266 0.804178 0.451172 0.804178 0.453125 0.801567 0.454102 0.801567 0.455078 0.800261 0.455078 0.783290 0.456055 0.781984 0.456055 0.776762 0.455078 0.775457
0 0.466797 0.798956 0.465820 0.800261 0.462891 0.800261 0.459961 0.802872 0.455078 0.804178 0.453125 0.806789 0.453125 0.809399 0.451172 0.814621 0.451172 0.822454 0.450195 0.823760 0.450195 0.827676 0.451172 0.828982 0.451172 0.836815 0.452148 0.838120 0.451172 0.839426 0.451172 0.843342 0.455078 0.845953 0.457031 0.848564 0.458008 0.848564 0.462891 0.855091 0.463867 0.855091 0.465820 0.857702 0.472656 0.857702 0.477539 0.851175 0.478516 0.851175 0.484375 0.842037 0.485352 0.842037 0.488281 0.838120 0.489258 0.838120 0.489258 0.836815 0.492188 0.832898 0.492188 0.827676 0.489258 0.822454 0.486328 0.814621 0.486328 0.808094 0.487305 0.806789 0.485352 0.802872 0.481445 0.802872 0.478516 0.800261 0.473633 0.800261 0.472656 0.798956
0 0.508789 0.787206 0.507812 0.788512 0.506836 0.788512 0.504883 0.791123 0.501953 0.792428 0.497070 0.800261 0.496094 0.800261 0.494141 0.802872 0.493164 0.802872 0.492188 0.804178 0.492188 0.817232 0.493164 0.818538 0.493164 0.822454 0.497070 0.827676 0.498047 0.827676 0.503906 0.835509 0.503906 0.836815 0.505859 0.839426 0.506836 0.839426 0.509766 0.843342 0.510742 0.843342 0.512695 0.845953 0.513672 0.845953 0.514648 0.844648 0.516602 0.844648 0.517578 0.843342 0.518555 0.843342 0.521484 0.839426 0.521484 0.838120 0.525391 0.831593 0.525391 0.830287 0.526367 0.828982 0.526367 0.826371 0.528320 0.822454 0.528320 0.815927 0.529297 0.814621 0.529297 0.809399 0.528320 0.808094 0.528320 0.805483 0.527344 0.804178 0.522461 0.801567 0.517578 0.795039 0.517578 0.793734 0.516602 0.792428 0.515625 0.792428 0.512695 0.788512 0.510742 0.788512 0.509766 0.787206
0 0.535156 0.800261 0.534180 0.801567 0.534180 0.813316 0.533203 0.814621 0.533203 0.831593 0.532227 0.832898 0.532227 0.844648 0.533203 0.845953 0.533203 0.847258 0.539062 0.847258 0.540039 0.848564 0.545898 0.848564 0.546875 0.849869 0.552734 0.849869 0.553711 0.848564 0.557617 0.848564 0.558594 0.847258 0.559570 0.847258 0.562500 0.843342 0.563477 0.843342 0.563477 0.842037 0.564453 0.840731 0.564453 0.832898 0.563477 0.831593 0.563477 0.806789 0.562500 0.805483 0.562500 0.804178 0.561523 0.802872 0.558594 0.801567 0.555664 0.797650 0.554688 0.797650 0.553711 0.796345 0.551758 0.796345 0.550781 0.795039 0.544922 0.795039 0.543945 0.796345 0.541992 0.796345 0.541016 0.797650 0.539062 0.797650 0.538086 0.798956
0 0.469727 0.753264 0.464844 0.759791 0.464844 0.763708 0.463867 0.765013 0.463867 0.767624 0.462891 0.768930 0.462891 0.771540 0.461914 0.772846 0.461914 0.780679 0.462891 0.781984 0.462891 0.788512 0.463867 0.789817 0.463867 0.792428 0.464844 0.793734 0.464844 0.795039 0.465820 0.795039 0.466797 0.796345 0.469727 0.796345 0.470703 0.797650 0.477539 0.797650 0.478516 0.798956 0.481445 0.798956 0.482422 0.800261 0.488281 0.800261 0.489258 0.801567 0.496094 0.798956 0.498047 0.796345 0.498047 0.795039 0.499023 0.793734 0.499023 0.791123 0.500000 0.789817 0.500000 0.787206 0.500977 0.785901 0.500977 0.766319 0.501953 0.765013 0.501953 0.758486 0.498047 0.753264 0.497070 0.753264 0.496094 0.751958 0.494141 0.751958 0.493164 0.750653 0.473633 0.750653 0.472656 0.751958
0 0.534180 0.754569 0.531250 0.754569 0.530273 0.755875 0.528320 0.755875 0.527344 0.757180 0.526367 0.757180 0.525391 0.758486 0.523438 0.765013 0.520508 0.768930 0.516602 0.768930 0.514648 0.771540 0.514648 0.780679 0.515625 0.781984 0.515625 0.784595 0.516602 0.785901 0.516602 0.789817 0.519531 0.793734 0.520508 0.793734 0.521484 0.795039 0.523438 0.795039 0.524414 0.796345 0.524414 0.797650 0.526367 0.800261 0.527344 0.800261 0.528320 0.801567 0.533203 0.801567 0.536133 0.797650 0.537109 0.797650 0.540039 0.795039 0.541992 0.795039 0.542969 0.793734 0.545898 0.793734 0.546875 0.792428 0.551758 0.792428 0.553711 0.789817 0.553711 0.788512 0.554688 0.787206 0.554688 0.784595 0.553711 0.783290 0.553711 0.772846 0.552734 0.771540 0.552734 0.767624 0.546875 0.761097 0.544922 0.761097 0.543945 0.759791 0.541016 0.759791 0.540039 0.758486 0.539062 0.758486 0.537109 0.755875 0.535156 0.755875
0 0.570312 0.757180 0.569336 0.758486 0.568359 0.758486 0.566406 0.761097 0.565430 0.761097 0.561523 0.766319 0.560547 0.766319 0.557617 0.768930 0.557617 0.784595 0.558594 0.785901 0.558594 0.792428 0.559570 0.793734 0.562500 0.802872 0.566406 0.808094 0.567383 0.808094 0.572266 0.812010 0.576172 0.812010 0.577148 0.813316 0.583984 0.813316 0.583984 0.812010 0.585938 0.808094 0.585938 0.797650 0.586914 0.796345 0.586914 0.780679 0.587891 0.779373 0.587891 0.767624 0.588867 0.766319 0.588867 0.763708 0.587891 0.762402 0.586914 0.758486 0.583984 0.755875 0.575195 0.755875 0.574219 0.757180
0 0.463867 0.697128 0.460938 0.697128 0.459961 0.695822 0.456055 0.695822 0.448242 0.701044 0.446289 0.701044 0.444336 0.702350 0.441406 0.706266 0.436523 0.719321 0.436523 0.729765 0.437500 0.731070 0.437500 0.733681 0.438477 0.734987 0.439453 0.741514 0.441406 0.745431 0.441406 0.748042 0.443359 0.753264 0.445312 0.755875 0.445312 0.757180 0.449219 0.761097 0.457031 0.761097 0.462891 0.757180 0.465820 0.753264 0.466797 0.753264 0.469727 0.749347 0.470703 0.749347 0.474609 0.744125 0.476562 0.738903 0.476562 0.736292 0.477539 0.734987 0.477539 0.723238 0.475586 0.720627 0.473633 0.714099 0.471680 0.711488 0.471680 0.707572 0.469727 0.704961 0.469727 0.702350
0 0.419922 0.690601 0.418945 0.691906 0.418945 0.693211 0.416016 0.695822 0.412109 0.691906 0.410156 0.691906 0.409180 0.693211 0.405273 0.693211 0.404297 0.694517 0.402344 0.694517 0.401367 0.695822 0.397461 0.695822 0.394531 0.698433 0.392578 0.698433 0.387695 0.704961 0.387695 0.712794 0.388672 0.714099 0.388672 0.716710 0.389648 0.718016 0.391602 0.724543 0.393555 0.727154 0.399414 0.744125 0.401367 0.746736 0.407227 0.746736 0.408203 0.745431 0.416992 0.740209 0.421875 0.733681 0.422852 0.733681 0.422852 0.732376 0.424805 0.729765 0.424805 0.728460 0.427734 0.721932 0.429688 0.710183 0.428711 0.708877 0.428711 0.706266 0.426758 0.703655 0.426758 0.702350 0.425781 0.702350 0.424805 0.701044 0.424805 0.699739 0.423828 0.698433 0.423828 0.695822 0.422852 0.695822 0.419922 0.691906
0 0.435547 0.651436 0.434570 0.652742 0.429688 0.654047 0.427734 0.656658 0.424805 0.657963 0.422852 0.660574 0.421875 0.660574 0.418945 0.663185 0.418945 0.665796 0.417969 0.667102 0.417969 0.676240 0.418945 0.677546 0.418945 0.681462 0.420898 0.684073 0.420898 0.686684 0.421875 0.687990 0.421875 0.689295 0.428711 0.698433 0.429688 0.698433 0.433594 0.703655 0.435547 0.703655 0.436523 0.704961 0.439453 0.704961 0.443359 0.701044 0.445312 0.701044 0.446289 0.699739 0.449219 0.698433 0.451172 0.695822 0.452148 0.695822 0.453125 0.694517 0.455078 0.694517 0.457031 0.691906 0.457031 0.684073 0.456055 0.682768 0.456055 0.680157 0.454102 0.676240 0.454102 0.672324 0.453125 0.671018 0.453125 0.669713 0.455078 0.665796 0.455078 0.663185 0.454102 0.661880 0.454102 0.660574 0.451172 0.656658 0.451172 0.655352 0.442383 0.655352 0.439453 0.652742 0.437500 0.652742 0.436523 0.651436
0 0.474609 0.650131 0.473633 0.651436 0.471680 0.651436 0.470703 0.652742 0.469727 0.652742 0.466797 0.656658 0.463867 0.657963 0.461914 0.660574 0.461914 0.661880 0.458984 0.667102 0.458984 0.669713 0.458008 0.671018 0.458008 0.682768 0.458984 0.684073 0.458984 0.689295 0.459961 0.690601 0.459961 0.691906 0.465820 0.694517 0.468750 0.698433 0.469727 0.698433 0.470703 0.699739 0.472656 0.699739 0.473633 0.701044 0.475586 0.701044 0.476562 0.702350 0.482422 0.702350 0.483398 0.701044 0.490234 0.697128 0.494141 0.691906 0.495117 0.691906 0.496094 0.690601 0.496094 0.687990 0.497070 0.686684 0.497070 0.685379 0.496094 0.684073 0.496094 0.677546 0.495117 0.676240 0.495117 0.667102 0.494141 0.665796 0.494141 0.654047 0.493164 0.652742 0.487305 0.652742 0.486328 0.651436 0.478516 0.651436 0.477539 0.650131
0 0.500000 0.690601 0.499023 0.691906 0.498047 0.691906 0.495117 0.695822 0.494141 0.695822 0.490234 0.701044 0.489258 0.701044 0.487305 0.703655 0.486328 0.703655 0.485352 0.704961 0.485352 0.706266 0.484375 0.707572 0.484375 0.716710 0.485352 0.718016 0.485352 0.720627 0.486328 0.721932 0.486328 0.727154 0.487305 0.728460 0.487305 0.729765 0.488281 0.729765 0.489258 0.731070 0.491211 0.731070 0.492188 0.732376 0.493164 0.732376 0.498047 0.736292 0.503906 0.736292 0.504883 0.734987 0.506836 0.734987 0.507812 0.733681 0.508789 0.733681 0.509766 0.732376 0.510742 0.732376 0.511719 0.731070 0.514648 0.729765 0.516602 0.727154 0.517578 0.727154 0.517578 0.725849 0.518555 0.724543 0.521484 0.723238 0.523438 0.720627 0.523438 0.716710 0.522461 0.715405 0.520508 0.715405 0.519531 0.714099 0.518555 0.714099 0.514648 0.708877 0.514648 0.707572 0.513672 0.706266 0.512695 0.706266 0.503906 0.694517 0.503906 0.693211 0.501953 0.690601
0 0.528320 0.657963 0.524414 0.657963 0.523438 0.659269 0.518555 0.659269 0.517578 0.660574 0.515625 0.660574 0.513672 0.663185 0.510742 0.664491 0.508789 0.667102 0.508789 0.668407 0.505859 0.674935 0.504883 0.681462 0.503906 0.682768 0.503906 0.687990 0.504883 0.689295 0.504883 0.691906 0.505859 0.693211 0.505859 0.695822 0.506836 0.697128 0.506836 0.698433 0.508789 0.701044 0.511719 0.702350 0.516602 0.708877 0.516602 0.710183 0.518555 0.712794 0.527344 0.712794 0.528320 0.711488 0.532227 0.711488 0.533203 0.710183 0.536133 0.708877 0.541992 0.701044 0.541992 0.699739 0.542969 0.698433 0.542969 0.690601 0.541992 0.689295 0.541992 0.685379 0.541016 0.684073 0.541016 0.681462 0.540039 0.680157 0.540039 0.678851 0.536133 0.673629 0.536133 0.672324 0.533203 0.667102 0.531250 0.660574
0 0.402344 0.617493 0.398438 0.617493 0.397461 0.618799 0.394531 0.618799 0.393555 0.620104 0.391602 0.620104 0.390625 0.621410 0.388672 0.621410 0.387695 0.622715 0.386719 0.622715 0.386719 0.624021 0.383789 0.627937 0.383789 0.629243 0.381836 0.631854 0.381836 0.633159 0.380859 0.634465 0.380859 0.647520 0.379883 0.648825 0.379883 0.650131 0.388672 0.660574 0.389648 0.660574 0.392578 0.664491 0.393555 0.664491 0.396484 0.667102 0.400391 0.667102 0.401367 0.665796 0.404297 0.665796 0.405273 0.664491 0.407227 0.664491 0.408203 0.663185 0.409180 0.663185 0.411133 0.660574 0.414062 0.660574 0.415039 0.659269 0.416016 0.659269 0.417969 0.655352 0.417969 0.651436 0.418945 0.650131 0.418945 0.633159 0.412109 0.622715 0.411133 0.622715 0.410156 0.621410 0.408203 0.621410 0.407227 0.620104 0.406250 0.620104 0.405273 0.618799 0.403320 0.618799
0 0.349609 0.590078 0.346680 0.592689 0.344727 0.592689 0.343750 0.593995 0.342773 0.593995 0.339844 0.597911 0.339844 0.600522 0.334961 0.612272 0.334961 0.616188 0.333984 0.617493 0.333984 0.622715 0.333008 0.624021 0.333008 0.630548 0.339844 0.638381 0.340820 0.638381 0.341797 0.639687 0.343750 0.639687 0.344727 0.640992 0.348633 0.640992 0.349609 0.642298 0.352539 0.642298 0.353516 0.640992 0.359375 0.640992 0.360352 0.639687 0.362305 0.639687 0.363281 0.638381 0.364258 0.638381 0.365234 0.637076 0.365234 0.635770 0.367188 0.633159 0.367188 0.631854 0.368164 0.630548 0.368164 0.627937 0.371094 0.621410 0.371094 0.612272 0.370117 0.610966 0.370117 0.609661 0.367188 0.605744 0.366211 0.605744 0.357422 0.595300 0.356445 0.595300 0.353516 0.591384 0.350586 0.591384
0 0.302734 0.590078 0.301758 0.591384 0.301758 0.593995 0.300781 0.595300 0.300781 0.613577 0.301758 0.614883 0.301758 0.617493 0.303711 0.620104 0.303711 0.622715 0.304688 0.624021 0.305664 0.627937 0.314453 0.631854 0.318359 0.637076 0.322266 0.637076 0.325195 0.634465 0.327148 0.634465 0.328125 0.633159 0.329102 0.633159 0.331055 0.630548 0.331055 0.627937 0.332031 0.626632 0.332031 0.622715 0.333008 0.621410 0.333008 0.616188 0.333984 0.614883 0.333984 0.605744 0.332031 0.601828 0.332031 0.596606 0.331055 0.595300 0.331055 0.592689 0.328125 0.592689 0.323242 0.596606 0.316406 0.596606 0.315430 0.595300 0.311523 0.595300 0.310547 0.593995 0.307617 0.592689 0.305664 0.590078
0 0.296875 0.544386 0.289062 0.544386 0.288086 0.543081 0.278320 0.543081 0.276367 0.545692 0.275391 0.545692 0.271484 0.550914 0.271484 0.557441 0.269531 0.560052 0.269531 0.562663 0.268555 0.563969 0.268555 0.569191 0.267578 0.570496 0.267578 0.578329 0.268555 0.579634 0.268555 0.580940 0.271484 0.584856 0.273438 0.591384 0.276367 0.595300 0.277344 0.595300 0.280273 0.599217 0.281250 0.599217 0.282227 0.600522 0.285156 0.600522 0.286133 0.599217 0.288086 0.599217 0.289062 0.597911 0.289062 0.596606 0.291992 0.592689 0.291992 0.591384 0.295898 0.586162 0.295898 0.584856 0.297852 0.580940 0.297852 0.571802 0.296875 0.570496 0.296875 0.565274 0.297852 0.563969 0.297852 0.561358 0.298828 0.560052 0.299805 0.553525 0.301758 0.550914 0.301758 0.549608 0.298828 0.545692 0.297852 0.545692
0 0.310547 0.541775 0.305664 0.545692 0.301758 0.557441 0.299805 0.560052 0.299805 0.563969 0.298828 0.565274 0.298828 0.573107 0.300781 0.577023 0.300781 0.579634 0.303711 0.583551 0.303711 0.584856 0.305664 0.587467 0.305664 0.588773 0.306641 0.588773 0.308594 0.592689 0.309570 0.592689 0.310547 0.593995 0.314453 0.593995 0.315430 0.595300 0.322266 0.595300 0.323242 0.593995 0.325195 0.593995 0.329102 0.588773 0.330078 0.588773 0.331055 0.587467 0.332031 0.583551 0.336914 0.577023 0.336914 0.575718 0.337891 0.574413 0.337891 0.571802 0.338867 0.570496 0.338867 0.561358 0.337891 0.560052 0.336914 0.556136 0.332031 0.549608 0.332031 0.548303 0.331055 0.548303 0.330078 0.546997 0.320312 0.546997 0.319336 0.545692 0.317383 0.545692 0.316406 0.544386 0.314453 0.544386 0.313477 0.543081 0.311523 0.543081
0 0.243164 0.502611 0.242188 0.503916 0.241211 0.503916 0.238281 0.509138 0.235352 0.510444 0.232422 0.514360 0.231445 0.514360 0.225586 0.520888 0.224609 0.520888 0.224609 0.530026 0.225586 0.531332 0.225586 0.535248 0.226562 0.536554 0.227539 0.540470 0.233398 0.548303 0.234375 0.548303 0.241211 0.553525 0.244141 0.553525 0.245117 0.554830 0.250000 0.554830 0.250977 0.553525 0.254883 0.553525 0.259766 0.548303 0.259766 0.546997 0.260742 0.545692 0.260742 0.543081 0.261719 0.541775 0.261719 0.537859 0.262695 0.536554 0.262695 0.533943 0.263672 0.532637 0.263672 0.528721 0.262695 0.527415 0.262695 0.524804 0.261719 0.523499 0.261719 0.519582 0.260742 0.518277 0.260742 0.511749 0.256836 0.507833 0.256836 0.506527 0.258789 0.503916 0.256836 0.503916 0.255859 0.502611 0.254883 0.502611 0.253906 0.503916 0.249023 0.503916 0.248047 0.502611
0 0.270508 0.488251 0.266602 0.497389 0.266602 0.500000 0.265625 0.501305 0.265625 0.503916 0.264648 0.505222 0.264648 0.507833 0.263672 0.509138 0.263672 0.513055 0.262695 0.514360 0.262695 0.522193 0.263672 0.523499 0.263672 0.526110 0.264648 0.527415 0.264648 0.528721 0.269531 0.533943 0.271484 0.533943 0.272461 0.535248 0.276367 0.535248 0.277344 0.536554 0.286133 0.536554 0.287109 0.535248 0.291016 0.535248 0.291992 0.533943 0.294922 0.532637 0.296875 0.530026 0.296875 0.524804 0.297852 0.523499 0.297852 0.518277 0.298828 0.516971 0.299805 0.510444 0.301758 0.507833 0.301758 0.502611 0.298828 0.498695 0.297852 0.498695 0.295898 0.496084 0.294922 0.496084 0.291992 0.492167 0.285156 0.488251 0.282227 0.484334 0.277344 0.484334 0.276367 0.485640 0.274414 0.485640 0.273438 0.486945
0 0.212891 0.441253 0.207031 0.441253 0.206055 0.442559 0.202148 0.442559 0.201172 0.443864 0.195312 0.443864 0.194336 0.445170 0.192383 0.445170 0.190430 0.449086 0.190430 0.456919 0.191406 0.458225 0.191406 0.462141 0.190430 0.463446 0.190430 0.466057 0.188477 0.471279 0.188477 0.475196 0.187500 0.476501 0.187500 0.486945 0.190430 0.493473 0.197266 0.497389 0.200195 0.501305 0.205078 0.501305 0.210938 0.497389 0.214844 0.497389 0.218750 0.493473 0.219727 0.493473 0.226562 0.484334 0.227539 0.481723 0.227539 0.476501 0.231445 0.467363 0.231445 0.466057 0.229492 0.463446 0.228516 0.463446 0.218750 0.450392 0.217773 0.450392 0.214844 0.446475
0 0.205078 0.385117 0.201172 0.385117 0.200195 0.383812 0.195312 0.383812 0.193359 0.382507 0.192383 0.383812 0.189453 0.383812 0.188477 0.385117 0.184570 0.385117 0.183594 0.386423 0.181641 0.386423 0.175781 0.394256 0.173828 0.399478 0.173828 0.403394 0.175781 0.407311 0.175781 0.412533 0.176758 0.413838 0.176758 0.416449 0.177734 0.417755 0.177734 0.421671 0.178711 0.422977 0.178711 0.428198 0.179688 0.429504 0.179688 0.436031 0.180664 0.438642 0.182617 0.439948 0.185547 0.443864 0.189453 0.443864 0.190430 0.442559 0.194336 0.442559 0.195312 0.441253 0.200195 0.441253 0.201172 0.439948 0.204102 0.439948 0.207031 0.436031 0.207031 0.434726 0.210938 0.430809 0.210938 0.429504 0.213867 0.425587 0.215820 0.420366 0.215820 0.417755 0.216797 0.416449 0.216797 0.406005 0.215820 0.404700 0.215820 0.402089 0.212891 0.396867 0.211914 0.392950 0.207031 0.386423
0 0.246094 0.331593 0.244141 0.331593 0.243164 0.330287 0.237305 0.330287 0.236328 0.328982 0.232422 0.328982 0.230469 0.326371 0.226562 0.326371 0.219727 0.332898 0.217773 0.332898 0.216797 0.334204 0.211914 0.335509 0.211914 0.336815 0.210938 0.338120 0.210938 0.340731 0.209961 0.342037 0.209961 0.362924 0.210938 0.364230 0.210938 0.368146 0.213867 0.372063 0.213867 0.373368 0.215820 0.377285 0.215820 0.379896 0.216797 0.381201 0.220703 0.381201 0.223633 0.383812 0.228516 0.383812 0.237305 0.372063 0.240234 0.370757 0.242188 0.368146 0.242188 0.361619 0.240234 0.357702 0.240234 0.352480 0.239258 0.351175 0.239258 0.344648 0.246094 0.335509
0 0.239258 0.345953 0.239258 0.347258 0.240234 0.348564 0.240234 0.352480 0.241211 0.353786 0.241211 0.357702 0.242188 0.359008 0.242188 0.361619 0.243164 0.362924 0.243164 0.365535 0.246094 0.370757 0.246094 0.372063 0.249023 0.375979 0.250000 0.375979 0.250977 0.377285 0.256836 0.377285 0.257812 0.378590 0.279297 0.378590 0.280273 0.377285 0.282227 0.377285 0.282227 0.374674 0.283203 0.373368 0.283203 0.369452 0.282227 0.368146 0.282227 0.361619 0.283203 0.360313 0.283203 0.351175 0.282227 0.349869 0.282227 0.347258 0.281250 0.345953 0.281250 0.344648 0.273438 0.330287 0.273438 0.326371 0.272461 0.325065 0.262695 0.325065 0.261719 0.326371 0.258789 0.326371 0.255859 0.328982 0.253906 0.328982 0.252930 0.330287 0.251953 0.330287 0.249023 0.334204 0.248047 0.334204
0 0.263672 0.254569 0.262695 0.255875 0.261719 0.255875 0.258789 0.259791 0.258789 0.261097 0.257812 0.262402 0.257812 0.265013 0.256836 0.266319 0.256836 0.267624 0.253906 0.274151 0.253906 0.276762 0.252930 0.278068 0.252930 0.281984 0.251953 0.283290 0.251953 0.288512 0.252930 0.289817 0.252930 0.302872 0.253906 0.304178 0.253906 0.305483 0.260742 0.305483 0.263672 0.308094 0.265625 0.308094 0.266602 0.309399 0.267578 0.309399 0.270508 0.313316 0.272461 0.313316 0.273438 0.312010 0.277344 0.312010 0.278320 0.310705 0.283203 0.308094 0.286133 0.304178 0.286133 0.302872 0.287109 0.301567 0.287109 0.288512 0.286133 0.287206 0.286133 0.263708 0.280273 0.257180 0.278320 0.257180 0.275391 0.254569
0 0.299805 0.304178 0.291016 0.314621 0.291016 0.321149 0.292969 0.323760 0.292969 0.326371 0.293945 0.327676 0.293945 0.331593 0.294922 0.332898 0.294922 0.335509 0.296875 0.339426 0.296875 0.342037 0.297852 0.343342 0.298828 0.349869 0.300781 0.352480 0.306641 0.355091 0.309570 0.352480 0.313477 0.352480 0.314453 0.351175 0.315430 0.352480 0.318359 0.352480 0.319336 0.351175 0.321289 0.351175 0.323242 0.348564 0.324219 0.348564 0.326172 0.345953 0.326172 0.343342 0.327148 0.342037 0.327148 0.340731 0.328125 0.339426 0.331055 0.338120 0.333008 0.335509 0.333008 0.334204 0.332031 0.332898 0.332031 0.330287 0.330078 0.327676 0.330078 0.322454 0.329102 0.321149 0.329102 0.318538 0.328125 0.317232 0.327148 0.313316 0.325195 0.310705 0.325195 0.309399 0.324219 0.309399 0.318359 0.302872 0.317383 0.302872 0.316406 0.301567 0.313477 0.301567 0.312500 0.300261 0.305664 0.300261 0.304688 0.301567
0 0.310547 0.353786 0.305664 0.357702 0.305664 0.359008 0.303711 0.361619 0.301758 0.366841 0.301758 0.370757 0.300781 0.372063 0.300781 0.374674 0.301758 0.375979 0.302734 0.382507 0.304688 0.386423 0.304688 0.389034 0.306641 0.392950 0.307617 0.399478 0.309570 0.404700 0.314453 0.411227 0.316406 0.411227 0.319336 0.413838 0.322266 0.413838 0.323242 0.415144 0.327148 0.415144 0.328125 0.413838 0.330078 0.413838 0.335938 0.407311 0.337891 0.402089 0.337891 0.399478 0.340820 0.395561 0.341797 0.391645 0.345703 0.386423 0.345703 0.381201 0.344727 0.379896 0.344727 0.377285 0.345703 0.375979 0.345703 0.368146 0.339844 0.362924 0.333008 0.362924 0.319336 0.353786
0 0.364258 0.351175 0.360352 0.355091 0.359375 0.355091 0.354492 0.361619 0.353516 0.361619 0.353516 0.362924 0.351562 0.365535 0.348633 0.373368 0.348633 0.383812 0.350586 0.387728 0.350586 0.390339 0.351562 0.392950 0.356445 0.399478 0.356445 0.400783 0.360352 0.407311 0.363281 0.407311 0.364258 0.408616 0.366211 0.408616 0.367188 0.407311 0.370117 0.407311 0.371094 0.408616 0.373047 0.408616 0.374023 0.407311 0.376953 0.407311 0.380859 0.404700 0.383789 0.400783 0.384766 0.400783 0.385742 0.398172 0.389648 0.392950 0.389648 0.390339 0.390625 0.387728 0.387695 0.382507 0.387695 0.381201 0.385742 0.378590 0.383789 0.373368 0.383789 0.370757 0.384766 0.369452 0.387695 0.369452 0.388672 0.368146 0.385742 0.368146 0.383789 0.366841 0.374023 0.353786
0 0.363281 0.284595 0.360352 0.287206 0.360352 0.288512 0.357422 0.292428 0.357422 0.293734 0.355469 0.296345 0.355469 0.297650 0.346680 0.314621 0.346680 0.321149 0.349609 0.326371 0.349609 0.327676 0.351562 0.330287 0.351562 0.331593 0.356445 0.338120 0.360352 0.340731 0.367188 0.340731 0.368164 0.342037 0.372070 0.342037 0.373047 0.343342 0.379883 0.343342 0.381836 0.340731 0.382812 0.336815 0.387695 0.330287 0.387695 0.328982 0.389648 0.326371 0.389648 0.323760 0.390625 0.322454 0.390625 0.313316 0.389648 0.312010 0.389648 0.306789 0.386719 0.301567 0.383789 0.293734 0.383789 0.289817 0.380859 0.285901 0.376953 0.283290 0.372070 0.283290 0.371094 0.284595
0 0.360352 0.409922 0.356445 0.409922 0.354492 0.412533 0.352539 0.412533 0.344727 0.419060 0.341797 0.419060 0.340820 0.420366 0.339844 0.420366 0.336914 0.425587 0.336914 0.446475 0.337891 0.447781 0.337891 0.451697 0.338867 0.453003 0.338867 0.454308 0.339844 0.455614 0.339844 0.458225 0.340820 0.459530 0.340820 0.463446 0.342773 0.466057 0.344727 0.466057 0.345703 0.467363 0.350586 0.467363 0.354492 0.463446 0.358398 0.463446 0.359375 0.462141 0.362305 0.462141 0.367188 0.458225 0.369141 0.458225 0.371094 0.455614 0.374023 0.454308 0.375977 0.451697 0.375977 0.439948 0.377930 0.436031 0.377930 0.433420 0.376953 0.432115 0.376953 0.430809 0.372070 0.424282 0.372070 0.420366 0.369141 0.419060 0.367188 0.416449 0.366211 0.416449 0.364258 0.413838 0.363281 0.413838
0 0.328125 0.473890 0.324219 0.476501 0.319336 0.483029 0.319336 0.484334 0.317383 0.486945 0.315430 0.492167 0.315430 0.500000 0.316406 0.501305 0.316406 0.503916 0.318359 0.509138 0.318359 0.518277 0.321289 0.523499 0.323242 0.523499 0.331055 0.528721 0.337891 0.528721 0.338867 0.530026 0.344727 0.530026 0.348633 0.526110 0.353516 0.523499 0.355469 0.520888 0.355469 0.519582 0.357422 0.516971 0.360352 0.515666 0.364258 0.509138 0.364258 0.505222 0.362305 0.501305 0.362305 0.493473 0.360352 0.488251 0.360352 0.477807 0.358398 0.475196 0.354492 0.473890 0.353516 0.472585 0.348633 0.472585 0.347656 0.471279 0.342773 0.471279 0.341797 0.469974 0.337891 0.471279 0.336914 0.472585 0.332031 0.472585 0.331055 0.473890
0 0.365234 0.467363 0.365234 0.468668 0.364258 0.469974 0.364258 0.472585 0.363281 0.473890 0.363281 0.489556 0.364258 0.490862 0.364258 0.492167 0.365234 0.492167 0.367188 0.494778 0.368164 0.494778 0.372070 0.500000 0.373047 0.500000 0.379883 0.505222 0.388672 0.505222 0.389648 0.503916 0.392578 0.503916 0.393555 0.502611 0.398438 0.502611 0.399414 0.501305 0.400391 0.501305 0.402344 0.498695 0.402344 0.496084 0.406250 0.492167 0.404297 0.489556 0.404297 0.481723 0.402344 0.477807 0.402344 0.472585 0.401367 0.471279 0.402344 0.469974 0.402344 0.466057 0.398438 0.460836 0.397461 0.460836 0.396484 0.459530 0.394531 0.459530 0.393555 0.458225 0.391602 0.458225 0.390625 0.459530 0.386719 0.459530 0.385742 0.458225 0.380859 0.458225 0.377930 0.460836 0.375000 0.460836 0.372070 0.463446 0.367188 0.464752
0 0.381836 0.553525 0.378906 0.553525 0.377930 0.554830 0.375977 0.554830 0.375000 0.556136 0.372070 0.556136 0.371094 0.557441 0.361328 0.557441 0.356445 0.562663 0.356445 0.565274 0.352539 0.570496 0.351562 0.573107 0.351562 0.587467 0.352539 0.588773 0.354492 0.588773 0.358398 0.592689 0.360352 0.592689 0.366211 0.600522 0.367188 0.604439 0.371094 0.608355 0.377930 0.608355 0.378906 0.607050 0.382812 0.607050 0.383789 0.605744 0.385742 0.605744 0.389648 0.603133 0.389648 0.601828 0.392578 0.597911 0.394531 0.592689 0.392578 0.587467 0.392578 0.582245 0.393555 0.580940 0.392578 0.579634 0.392578 0.575718 0.394531 0.571802 0.394531 0.566580 0.393555 0.565274 0.393555 0.562663 0.391602 0.560052
0 0.399414 0.509138 0.398438 0.510444 0.396484 0.510444 0.393555 0.513055 0.391602 0.513055 0.383789 0.523499 0.383789 0.524804 0.381836 0.528721 0.381836 0.536554 0.380859 0.537859 0.380859 0.546997 0.381836 0.548303 0.381836 0.550914 0.383789 0.553525 0.384766 0.553525 0.403320 0.566580 0.408203 0.567885 0.409180 0.566580 0.412109 0.565274 0.415039 0.561358 0.416016 0.561358 0.418945 0.556136 0.418945 0.554830 0.419922 0.553525 0.419922 0.550914 0.420898 0.549608 0.420898 0.541775 0.421875 0.540470 0.421875 0.533943 0.420898 0.532637 0.420898 0.528721 0.417969 0.523499 0.416992 0.523499 0.412109 0.519582 0.410156 0.519582 0.409180 0.518277 0.406250 0.518277 0.405273 0.516971 0.404297 0.516971 0.402344 0.514360 0.402344 0.511749 0.400391 0.509138
0 0.433594 0.582245 0.429688 0.578329 0.428711 0.578329 0.426758 0.575718 0.425781 0.575718 0.422852 0.571802 0.420898 0.571802 0.419922 0.570496 0.418945 0.570496 0.416016 0.573107 0.413086 0.573107 0.412109 0.574413 0.411133 0.574413 0.410156 0.573107 0.404297 0.573107 0.402344 0.575718 0.402344 0.577023 0.398438 0.582245 0.397461 0.582245 0.397461 0.583551 0.395508 0.586162 0.395508 0.590078 0.396484 0.591384 0.396484 0.596606 0.395508 0.597911 0.395508 0.600522 0.394531 0.601828 0.394531 0.603133 0.395508 0.604439 0.395508 0.608355 0.399414 0.614883 0.401367 0.614883 0.402344 0.616188 0.407227 0.616188 0.410156 0.618799 0.413086 0.618799 0.414062 0.620104 0.416016 0.620104 0.416992 0.618799 0.420898 0.618799 0.421875 0.617493 0.423828 0.617493 0.424805 0.616188 0.428711 0.616188 0.431641 0.610966 0.431641 0.607050 0.432617 0.605744 0.432617 0.604439 0.433594 0.603133 0.433594 0.600522 0.434570 0.599217 0.434570 0.586162 0.433594 0.584856
0 0.465820 0.533943 0.458008 0.528721 0.455078 0.528721 0.451172 0.526110 0.449219 0.527415 0.435547 0.527415 0.430664 0.535248 0.430664 0.537859 0.425781 0.549608 0.425781 0.552219 0.422852 0.556136 0.422852 0.558747 0.421875 0.560052 0.421875 0.567885 0.427734 0.575718 0.430664 0.577023 0.434570 0.580940 0.437500 0.580940 0.438477 0.582245 0.447266 0.582245 0.448242 0.580940 0.450195 0.580940 0.454102 0.578329 0.458984 0.571802 0.460938 0.566580 0.460938 0.560052 0.463867 0.552219 0.463867 0.546997 0.462891 0.544386 0.466797 0.540470 0.466797 0.535248
0 0.434570 0.467363 0.426758 0.476501 0.426758 0.479112 0.425781 0.480418 0.425781 0.497389 0.424805 0.498695 0.424805 0.501305 0.425781 0.502611 0.424805 0.503916 0.424805 0.514360 0.425781 0.515666 0.425781 0.516971 0.426758 0.516971 0.428711 0.519582 0.428711 0.520888 0.429688 0.520888 0.432617 0.523499 0.445312 0.523499 0.446289 0.522193 0.448242 0.522193 0.449219 0.520888 0.454102 0.518277 0.456055 0.515666 0.458008 0.515666 0.458984 0.514360 0.458984 0.513055 0.462891 0.503916 0.462891 0.492167 0.460938 0.489556 0.460938 0.486945 0.458984 0.484334 0.458984 0.481723 0.455078 0.476501 0.453125 0.476501 0.451172 0.473890 0.450195 0.473890 0.445312 0.469974 0.441406 0.469974 0.440430 0.468668 0.437500 0.468668 0.436523 0.467363
0 0.474609 0.480418 0.469727 0.486945 0.469727 0.488251 0.468750 0.489556 0.468750 0.492167 0.467773 0.493473 0.467773 0.501305 0.466797 0.502611 0.466797 0.518277 0.465820 0.519582 0.465820 0.526110 0.468750 0.531332 0.470703 0.531332 0.475586 0.536554 0.476562 0.536554 0.477539 0.537859 0.479492 0.537859 0.480469 0.539164 0.482422 0.539164 0.483398 0.537859 0.488281 0.537859 0.489258 0.536554 0.491211 0.536554 0.495117 0.532637 0.496094 0.532637 0.498047 0.530026 0.499023 0.530026 0.499023 0.528721 0.501953 0.524804 0.501953 0.520888 0.502930 0.519582 0.502930 0.503916 0.501953 0.502611 0.501953 0.497389 0.502930 0.496084 0.503906 0.492167 0.501953 0.488251 0.497070 0.485640 0.493164 0.480418 0.484375 0.480418 0.483398 0.481723 0.476562 0.481723 0.475586 0.480418
0 0.448242 0.595300 0.446289 0.597911 0.446289 0.599217 0.445312 0.600522 0.444336 0.600522 0.438477 0.608355 0.438477 0.609661 0.437500 0.610966 0.437500 0.613577 0.436523 0.614883 0.436523 0.617493 0.435547 0.618799 0.435547 0.624021 0.434570 0.625326 0.434570 0.630548 0.433594 0.631854 0.433594 0.634465 0.434570 0.634465 0.437500 0.637076 0.439453 0.637076 0.442383 0.640992 0.443359 0.640992 0.445312 0.643603 0.446289 0.643603 0.451172 0.651436 0.452148 0.651436 0.455078 0.654047 0.462891 0.654047 0.467773 0.648825 0.467773 0.647520 0.470703 0.640992 0.470703 0.638381 0.471680 0.637076 0.471680 0.631854 0.472656 0.630548 0.472656 0.612272 0.470703 0.609661 0.470703 0.608355 0.468750 0.605744 0.467773 0.605744 0.459961 0.595300
0 0.494141 0.556136 0.493164 0.556136 0.491211 0.558747 0.479492 0.558747 0.478516 0.560052 0.475586 0.560052 0.474609 0.561358 0.473633 0.561358 0.472656 0.560052 0.469727 0.560052 0.466797 0.563969 0.465820 0.563969 0.465820 0.565274 0.463867 0.569191 0.463867 0.577023 0.462891 0.578329 0.462891 0.593995 0.467773 0.603133 0.468750 0.603133 0.470703 0.605744 0.471680 0.605744 0.476562 0.612272 0.477539 0.612272 0.478516 0.613577 0.489258 0.613577 0.492188 0.609661 0.493164 0.609661 0.496094 0.605744 0.497070 0.605744 0.499023 0.601828 0.499023 0.588773 0.498047 0.587467 0.498047 0.575718 0.499023 0.574413 0.499023 0.570496 0.498047 0.569191 0.498047 0.563969 0.497070 0.562663 0.497070 0.561358 0.494141 0.557441
0 0.506836 0.610966 0.499023 0.610966 0.498047 0.609661 0.497070 0.609661 0.494141 0.613577 0.493164 0.613577 0.492188 0.614883 0.487305 0.614883 0.486328 0.616188 0.482422 0.616188 0.481445 0.614883 0.476562 0.614883 0.475586 0.616188 0.475586 0.621410 0.474609 0.622715 0.474609 0.629243 0.475586 0.630548 0.475586 0.633159 0.476562 0.634465 0.476562 0.635770 0.478516 0.638381 0.478516 0.640992 0.479492 0.640992 0.480469 0.642298 0.482422 0.642298 0.485352 0.646214 0.486328 0.646214 0.489258 0.648825 0.496094 0.648825 0.497070 0.647520 0.501953 0.647520 0.504883 0.643603 0.505859 0.643603 0.507812 0.640992 0.508789 0.640992 0.511719 0.637076 0.511719 0.634465 0.512695 0.633159 0.512695 0.630548 0.513672 0.629243 0.513672 0.626632 0.514648 0.625326 0.514648 0.624021 0.511719 0.620104 0.511719 0.618799 0.509766 0.616188 0.509766 0.614883
0 0.545898 0.582245 0.543945 0.582245 0.541016 0.586162 0.535156 0.586162 0.532227 0.588773 0.530273 0.588773 0.529297 0.590078 0.526367 0.590078 0.523438 0.592689 0.518555 0.592689 0.517578 0.593995 0.516602 0.592689 0.513672 0.592689 0.512695 0.593995 0.512695 0.596606 0.511719 0.597911 0.511719 0.600522 0.510742 0.601828 0.510742 0.613577 0.511719 0.614883 0.512695 0.618799 0.519531 0.626632 0.520508 0.626632 0.523438 0.629243 0.525391 0.629243 0.526367 0.630548 0.529297 0.631854 0.531250 0.634465 0.533203 0.634465 0.536133 0.637076 0.541016 0.635770 0.543945 0.631854 0.544922 0.631854 0.548828 0.626632 0.548828 0.625326 0.550781 0.622715 0.550781 0.618799 0.551758 0.617493 0.551758 0.592689 0.549805 0.590078 0.548828 0.586162
0 0.509766 0.528721 0.501953 0.540470 0.501953 0.543081 0.500977 0.544386 0.500977 0.548303 0.499023 0.552219 0.499023 0.558747 0.500000 0.560052 0.500000 0.563969 0.500977 0.565274 0.500977 0.567885 0.503906 0.573107 0.503906 0.574413 0.508789 0.582245 0.510742 0.582245 0.512695 0.584856 0.518555 0.588773 0.523438 0.588773 0.524414 0.587467 0.531250 0.586162 0.534180 0.582245 0.534180 0.580940 0.536133 0.578329 0.537109 0.578329 0.538086 0.574413 0.541016 0.570496 0.541016 0.569191 0.543945 0.563969 0.543945 0.549608 0.542969 0.548303 0.542969 0.544386 0.541016 0.541775 0.541016 0.540470 0.539062 0.539164 0.535156 0.539164 0.534180 0.537859 0.531250 0.537859 0.525391 0.533943 0.522461 0.533943 0.521484 0.532637 0.516602 0.532637 0.512695 0.528721
0 0.537109 0.477807 0.534180 0.477807 0.533203 0.476501 0.532227 0.477807 0.531250 0.477807 0.528320 0.483029 0.526367 0.483029 0.525391 0.484334 0.521484 0.484334 0.520508 0.483029 0.518555 0.483029 0.517578 0.481723 0.516602 0.483029 0.513672 0.484334 0.509766 0.489556 0.509766 0.490862 0.508789 0.492167 0.508789 0.494778 0.507812 0.496084 0.507812 0.501305 0.506836 0.502611 0.506836 0.506527 0.507812 0.507833 0.507812 0.515666 0.508789 0.516971 0.508789 0.518277 0.513672 0.524804 0.518555 0.527415 0.520508 0.530026 0.523438 0.530026 0.524414 0.531332 0.529297 0.531332 0.530273 0.530026 0.534180 0.530026 0.538086 0.526110 0.539062 0.526110 0.541992 0.523499 0.543945 0.523499 0.544922 0.522193 0.545898 0.522193 0.547852 0.519582 0.547852 0.510444 0.548828 0.509138 0.548828 0.494778 0.547852 0.493473 0.547852 0.492167 0.544922 0.488251 0.544922 0.486945 0.543945 0.486945 0.541016 0.483029 0.541016 0.481723
0 0.514648 0.424282 0.512695 0.424282 0.511719 0.425587 0.507812 0.425587 0.506836 0.426893 0.498047 0.426893 0.497070 0.428198 0.496094 0.428198 0.491211 0.434726 0.491211 0.436031 0.488281 0.442559 0.488281 0.445170 0.487305 0.446475 0.487305 0.449086 0.486328 0.450392 0.486328 0.453003 0.485352 0.454308 0.485352 0.460836 0.486328 0.462141 0.487305 0.462141 0.490234 0.466057 0.490234 0.467363 0.492188 0.469974 0.493164 0.473890 0.498047 0.479112 0.499023 0.479112 0.501953 0.481723 0.504883 0.481723 0.505859 0.483029 0.509766 0.483029 0.510742 0.481723 0.513672 0.480418 0.515625 0.477807 0.516602 0.473890 0.518555 0.471279 0.518555 0.469974 0.520508 0.467363 0.520508 0.466057 0.523438 0.462141 0.524414 0.458225 0.528320 0.451697 0.528320 0.445170 0.523438 0.437337 0.523438 0.436031 0.520508 0.430809 0.520508 0.429504 0.517578 0.425587 0.515625 0.425587
0 0.499023 0.365535 0.496094 0.365535 0.493164 0.368146 0.491211 0.368146 0.490234 0.369452 0.486328 0.369452 0.482422 0.372063 0.475586 0.381201 0.473633 0.382507 0.471680 0.387728 0.471680 0.392950 0.470703 0.394256 0.470703 0.403394 0.473633 0.399478 0.475586 0.403394 0.475586 0.408616 0.477539 0.411227 0.478516 0.411227 0.485352 0.420366 0.485352 0.421671 0.487305 0.424282 0.494141 0.424282 0.495117 0.422977 0.501953 0.421671 0.507812 0.417755 0.511719 0.412533 0.511719 0.411227 0.514648 0.407311 0.515625 0.404700 0.515625 0.400783 0.516602 0.399478 0.516602 0.396867 0.515625 0.395561 0.515625 0.392950 0.514648 0.390339 0.512695 0.387728 0.512695 0.383812 0.505859 0.374674 0.504883 0.374674 0.502930 0.372063 0.501953 0.368146
0 0.481445 0.314621 0.480469 0.315927 0.477539 0.315927 0.476562 0.317232 0.466797 0.317232 0.465820 0.318538 0.462891 0.318538 0.458984 0.321149 0.456055 0.325065 0.454102 0.330287 0.454102 0.332898 0.452148 0.336815 0.452148 0.345953 0.453125 0.347258 0.453125 0.349869 0.455078 0.353786 0.455078 0.356397 0.457031 0.360313 0.457031 0.362924 0.458008 0.365535 0.461914 0.370757 0.463867 0.372063 0.471680 0.372063 0.475586 0.369452 0.479492 0.369452 0.480469 0.368146 0.483398 0.368146 0.484375 0.366841 0.491211 0.365535 0.493164 0.364230 0.496094 0.356397 0.496094 0.353786 0.497070 0.352480 0.497070 0.338120 0.496094 0.335509 0.493164 0.331593 0.493164 0.330287 0.490234 0.326371 0.489258 0.326371 0.486328 0.322454 0.484375 0.317232
0 0.448242 0.245431 0.447266 0.246736 0.445312 0.246736 0.441406 0.249347 0.439453 0.251958 0.437500 0.251958 0.435547 0.253264 0.434570 0.257180 0.431641 0.261097 0.430664 0.263708 0.430664 0.266319 0.429688 0.267624 0.429688 0.270235 0.427734 0.274151 0.427734 0.276762 0.426758 0.279373 0.427734 0.280679 0.427734 0.284595 0.428711 0.285901 0.428711 0.288512 0.436523 0.301567 0.438477 0.301567 0.441406 0.304178 0.443359 0.304178 0.447266 0.308094 0.452148 0.309399 0.454102 0.308094 0.458008 0.302872 0.458984 0.300261 0.459961 0.300261 0.460938 0.297650 0.460938 0.295039 0.462891 0.292428 0.464844 0.285901 0.469727 0.278068 0.470703 0.275457 0.470703 0.263708 0.469727 0.262402 0.469727 0.258486 0.466797 0.253264 0.464844 0.251958 0.462891 0.251958 0.461914 0.250653 0.458984 0.250653 0.458008 0.249347 0.456055 0.249347 0.452148 0.245431
0 0.417969 0.199739 0.416992 0.201044 0.414062 0.201044 0.412109 0.203655 0.406250 0.206266 0.405273 0.210183 0.401367 0.215405 0.400391 0.215405 0.396484 0.221932 0.396484 0.223238 0.392578 0.227154 0.392578 0.229765 0.391602 0.231070 0.391602 0.237598 0.392578 0.238903 0.392578 0.241514 0.394531 0.242820 0.397461 0.248042 0.398438 0.248042 0.401367 0.251958 0.402344 0.251958 0.404297 0.257180 0.405273 0.255875 0.412109 0.255875 0.416992 0.259791 0.418945 0.259791 0.422852 0.262402 0.425781 0.262402 0.429688 0.259791 0.434570 0.253264 0.436523 0.245431 0.438477 0.242820 0.439453 0.242820 0.441406 0.238903 0.441406 0.231070 0.440430 0.229765 0.440430 0.220627 0.439453 0.219321 0.439453 0.215405 0.437500 0.211488 0.435547 0.210183 0.432617 0.210183 0.424805 0.204961 0.421875 0.201044
0 0.469727 0.146214 0.464844 0.146214 0.455078 0.152742 0.453125 0.152742 0.452148 0.154047 0.449219 0.154047 0.443359 0.157963 0.440430 0.157963 0.438477 0.160574 0.438477 0.163185 0.434570 0.169713 0.433594 0.172324 0.433594 0.174935 0.432617 0.176240 0.432617 0.180157 0.433594 0.181462 0.433594 0.186684 0.434570 0.187990 0.434570 0.190601 0.438477 0.195822 0.439453 0.195822 0.444336 0.203655 0.445312 0.203655 0.448242 0.207572 0.454102 0.211488 0.457031 0.210183 0.461914 0.203655 0.462891 0.203655 0.465820 0.198433 0.466797 0.198433 0.479492 0.181462 0.480469 0.181462 0.482422 0.178851 0.482422 0.171018 0.479492 0.165796 0.477539 0.157963 0.471680 0.150131 0.471680 0.148825
0 0.491211 0.223238 0.489258 0.223238 0.488281 0.224543 0.485352 0.224543 0.483398 0.225849 0.479492 0.231070 0.479492 0.232376 0.474609 0.240209 0.472656 0.241514 0.470703 0.241514 0.469727 0.242820 0.469727 0.248042 0.470703 0.249347 0.470703 0.251958 0.471680 0.253264 0.471680 0.258486 0.472656 0.259791 0.472656 0.270235 0.473633 0.271540 0.473633 0.274151 0.475586 0.279373 0.479492 0.284595 0.482422 0.285901 0.486328 0.291123 0.489258 0.291123 0.496094 0.281984 0.498047 0.280679 0.500000 0.280679 0.502930 0.276762 0.503906 0.276762 0.508789 0.271540 0.511719 0.270235 0.515625 0.265013 0.515625 0.258486 0.514648 0.257180 0.514648 0.246736 0.513672 0.245431 0.513672 0.241514 0.511719 0.236292 0.506836 0.229765 0.504883 0.229765 0.503906 0.228460 0.500977 0.228460 0.500000 0.227154 0.498047 0.227154 0.495117 0.224543 0.492188 0.224543
0 0.504883 0.161880 0.495117 0.171018 0.489258 0.174935 0.489258 0.176240 0.487305 0.178851 0.487305 0.181462 0.486328 0.182768 0.486328 0.187990 0.485352 0.189295 0.486328 0.191906 0.486328 0.198433 0.487305 0.199739 0.488281 0.206266 0.490234 0.210183 0.491211 0.218016 0.493164 0.221932 0.495117 0.221932 0.498047 0.224543 0.502930 0.224543 0.506836 0.227154 0.516602 0.227154 0.523438 0.221932 0.523438 0.218016 0.524414 0.216710 0.524414 0.207572 0.525391 0.206266 0.525391 0.202350 0.526367 0.201044 0.526367 0.198433 0.528320 0.193211 0.528320 0.189295 0.529297 0.187990 0.529297 0.185379 0.531250 0.180157 0.531250 0.172324 0.530273 0.169713 0.526367 0.167102 0.523438 0.167102 0.522461 0.165796 0.517578 0.165796 0.516602 0.164491 0.510742 0.164491 0.509766 0.163185
0 0.505859 0.285901 0.504883 0.287206 0.500000 0.289817 0.493164 0.300261 0.493164 0.315927 0.491211 0.319843 0.491211 0.325065 0.497070 0.332898 0.497070 0.334204 0.500000 0.338120 0.502930 0.339426 0.506836 0.344648 0.507812 0.344648 0.508789 0.345953 0.511719 0.345953 0.512695 0.344648 0.516602 0.344648 0.517578 0.343342 0.519531 0.343342 0.520508 0.342037 0.521484 0.342037 0.525391 0.336815 0.526367 0.336815 0.526367 0.335509 0.531250 0.328982 0.531250 0.327676 0.532227 0.326371 0.532227 0.312010 0.533203 0.310705 0.533203 0.309399 0.532227 0.308094 0.532227 0.305483 0.527344 0.298956 0.526367 0.298956 0.523438 0.295039 0.522461 0.295039 0.516602 0.288512 0.515625 0.288512 0.512695 0.285901
0 0.521484 0.373368 0.518555 0.377285 0.517578 0.377285 0.516602 0.381201 0.514648 0.383812 0.515625 0.385117 0.515625 0.387728 0.517578 0.392950 0.517578 0.398172 0.518555 0.399478 0.518555 0.412533 0.519531 0.413838 0.519531 0.424282 0.521484 0.426893 0.525391 0.429504 0.529297 0.429504 0.530273 0.430809 0.533203 0.430809 0.534180 0.432115 0.546875 0.432115 0.554688 0.426893 0.555664 0.425587 0.555664 0.417755 0.554688 0.416449 0.554688 0.408616 0.553711 0.407311 0.553711 0.400783 0.552734 0.399478 0.552734 0.386423 0.551758 0.385117 0.551758 0.382507 0.549805 0.379896 0.547852 0.378590 0.544922 0.378590 0.536133 0.372063 0.530273 0.372063 0.529297 0.370757 0.528320 0.372063 0.524414 0.372063 0.523438 0.373368
0 0.567383 0.720627 0.567383 0.724543 0.566406 0.725849 0.566406 0.727154 0.567383 0.728460 0.567383 0.729765 0.569336 0.733681 0.570312 0.733681 0.575195 0.738903 0.578125 0.740209 0.580078 0.742820 0.582031 0.742820 0.586914 0.748042 0.588867 0.748042 0.589844 0.749347 0.591797 0.749347 0.592773 0.748042 0.594727 0.748042 0.595703 0.746736 0.596680 0.746736 0.602539 0.738903 0.602539 0.737598 0.603516 0.736292 0.603516 0.725849 0.602539 0.724543 0.602539 0.723238 0.599609 0.719321 0.598633 0.719321 0.597656 0.718016 0.596680 0.718016 0.594727 0.715405 0.593750 0.715405 0.588867 0.708877 0.587891 0.708877 0.584961 0.706266 0.580078 0.706266 0.571289 0.718016 0.570312 0.718016
0 0.559570 0.657963 0.558594 0.659269 0.557617 0.659269 0.552734 0.665796 0.552734 0.667102 0.546875 0.674935 0.546875 0.676240 0.545898 0.677546 0.545898 0.699739 0.547852 0.702350 0.550781 0.703655 0.552734 0.706266 0.552734 0.707572 0.553711 0.707572 0.554688 0.708877 0.556641 0.708877 0.562500 0.715405 0.563477 0.715405 0.566406 0.718016 0.569336 0.718016 0.571289 0.715405 0.572266 0.715405 0.572266 0.714099 0.573242 0.712794 0.574219 0.712794 0.578125 0.707572 0.578125 0.706266 0.580078 0.702350 0.580078 0.671018 0.579102 0.669713 0.579102 0.667102 0.577148 0.664491 0.577148 0.663185 0.571289 0.660574 0.569336 0.656658 0.567383 0.656658 0.566406 0.657963
0 0.583984 0.586162 0.570312 0.586162 0.568359 0.587467 0.568359 0.591384 0.564453 0.593995 0.560547 0.599217 0.559570 0.599217 0.557617 0.601828 0.555664 0.607050 0.555664 0.613577 0.554688 0.614883 0.554688 0.625326 0.555664 0.626632 0.555664 0.631854 0.564453 0.643603 0.565430 0.643603 0.567383 0.646214 0.571289 0.648825 0.575195 0.648825 0.579102 0.644909 0.580078 0.644909 0.580078 0.643603 0.583008 0.639687 0.583984 0.639687 0.587891 0.634465 0.588867 0.634465 0.592773 0.629243 0.593750 0.629243 0.595703 0.626632 0.595703 0.624021 0.596680 0.622715 0.596680 0.612272 0.591797 0.601828 0.591797 0.596606 0.590820 0.593995 0.585938 0.587467
0 0.552734 0.537859 0.552734 0.541775 0.551758 0.543081 0.551758 0.546997 0.552734 0.548303 0.552734 0.553525 0.557617 0.563969 0.557617 0.567885 0.558594 0.569191 0.560547 0.575718 0.564453 0.580940 0.576172 0.580940 0.577148 0.579634 0.583008 0.579634 0.583984 0.578329 0.587891 0.578329 0.588867 0.577023 0.589844 0.577023 0.594727 0.570496 0.594727 0.569191 0.595703 0.567885 0.595703 0.550914 0.594727 0.549608 0.594727 0.545692 0.593750 0.544386 0.593750 0.541775 0.586914 0.532637 0.584961 0.532637 0.583984 0.531332 0.583008 0.531332 0.582031 0.532637 0.577148 0.532637 0.576172 0.531332 0.571289 0.531332 0.570312 0.532637 0.568359 0.532637 0.567383 0.533943 0.564453 0.533943 0.563477 0.535248 0.562500 0.533943 0.560547 0.533943 0.559570 0.535248 0.557617 0.535248 0.555664 0.537859
0 0.611328 0.629243 0.605469 0.629243 0.604492 0.630548 0.600586 0.630548 0.600586 0.631854 0.598633 0.634465 0.597656 0.633159 0.593750 0.633159 0.592773 0.634465 0.590820 0.634465 0.590820 0.635770 0.586914 0.639687 0.586914 0.640992 0.584961 0.643603 0.583008 0.648825 0.583008 0.652742 0.582031 0.655352 0.583008 0.656658 0.583008 0.661880 0.583984 0.663185 0.583984 0.668407 0.584961 0.669713 0.584961 0.677546 0.587891 0.682768 0.587891 0.684073 0.591797 0.687990 0.594727 0.687990 0.595703 0.689295 0.600586 0.689295 0.601562 0.687990 0.604492 0.687990 0.605469 0.686684 0.610352 0.685379 0.614258 0.681462 0.615234 0.681462 0.617188 0.678851 0.618164 0.678851 0.619141 0.676240 0.623047 0.671018 0.623047 0.664491 0.622070 0.663185 0.622070 0.655352 0.621094 0.654047 0.621094 0.643603 0.618164 0.639687 0.617188 0.637076 0.613281 0.634465 0.611328 0.634465 0.610352 0.633159 0.610352 0.630548
0 0.598633 0.694517 0.598633 0.701044 0.600586 0.702350 0.602539 0.706266 0.602539 0.718016 0.605469 0.725849 0.605469 0.731070 0.606445 0.732376 0.606445 0.736292 0.607422 0.736292 0.609375 0.738903 0.613281 0.741514 0.618164 0.741514 0.619141 0.742820 0.627930 0.742820 0.628906 0.741514 0.631836 0.741514 0.633789 0.738903 0.635742 0.738903 0.637695 0.736292 0.638672 0.736292 0.644531 0.727154 0.644531 0.716710 0.642578 0.711488 0.640625 0.708877 0.639648 0.704961 0.635742 0.701044 0.635742 0.699739 0.632812 0.695822 0.632812 0.694517 0.630859 0.693211 0.625000 0.693211 0.624023 0.691906 0.617188 0.691906 0.616211 0.690601 0.604492 0.690601
0 0.600586 0.744125 0.600586 0.745431 0.598633 0.749347 0.598633 0.753264 0.599609 0.754569 0.599609 0.759791 0.603516 0.766319 0.603516 0.767624 0.606445 0.772846 0.607422 0.776762 0.617188 0.788512 0.618164 0.788512 0.619141 0.789817 0.624023 0.789817 0.625000 0.788512 0.626953 0.788512 0.627930 0.787206 0.628906 0.787206 0.631836 0.783290 0.634766 0.781984 0.640625 0.775457 0.640625 0.771540 0.641602 0.770235 0.641602 0.767624 0.640625 0.766319 0.640625 0.761097 0.639648 0.759791 0.639648 0.758486 0.636719 0.754569 0.636719 0.753264 0.629883 0.744125 0.623047 0.744125 0.622070 0.742820 0.613281 0.742820 0.612305 0.741514 0.610352 0.741514 0.609375 0.740209 0.603516 0.740209
0 0.603516 0.539164 0.602539 0.540470 0.602539 0.544386 0.601562 0.545692 0.604492 0.546997 0.605469 0.549608 0.603516 0.552219 0.601562 0.552219 0.599609 0.549608 0.599609 0.548303 0.598633 0.550914 0.598633 0.563969 0.596680 0.569191 0.596680 0.578329 0.597656 0.579634 0.597656 0.583551 0.598633 0.584856 0.599609 0.591384 0.601562 0.593995 0.603516 0.600522 0.607422 0.603133 0.610352 0.603133 0.611328 0.604439 0.618164 0.604439 0.619141 0.603133 0.622070 0.603133 0.623047 0.601828 0.625000 0.601828 0.628906 0.599217 0.633789 0.592689 0.634766 0.592689 0.637695 0.587467 0.637695 0.570496 0.636719 0.569191 0.635742 0.563969 0.632812 0.560052 0.632812 0.557441 0.630859 0.554830 0.630859 0.553525 0.625977 0.553525 0.623047 0.550914 0.618164 0.549608 0.615234 0.545692 0.607422 0.545692 0.605469 0.541775 0.605469 0.539164
0 0.587891 0.466057 0.586914 0.466057 0.586914 0.467363 0.583984 0.471279 0.582031 0.471279 0.579102 0.473890 0.578125 0.472585 0.575195 0.472585 0.569336 0.480418 0.568359 0.484334 0.565430 0.488251 0.563477 0.489556 0.563477 0.502611 0.564453 0.503916 0.564453 0.507833 0.566406 0.510444 0.566406 0.511749 0.574219 0.522193 0.575195 0.522193 0.578125 0.527415 0.580078 0.528721 0.583984 0.528721 0.584961 0.527415 0.588867 0.527415 0.589844 0.526110 0.597656 0.526110 0.599609 0.524804 0.599609 0.523499 0.604492 0.516971 0.606445 0.511749 0.607422 0.505222 0.608398 0.503916 0.607422 0.501305 0.607422 0.498695 0.605469 0.493473 0.603516 0.490862 0.603516 0.489556 0.600586 0.484334 0.600586 0.480418 0.599609 0.479112 0.599609 0.476501 0.595703 0.471279
0 0.580078 0.392950 0.578125 0.394256 0.574219 0.399478 0.572266 0.399478 0.568359 0.404700 0.568359 0.406005 0.563477 0.411227 0.563477 0.412533 0.561523 0.415144 0.559570 0.420366 0.559570 0.428198 0.567383 0.441253 0.572266 0.443864 0.577148 0.449086 0.581055 0.451697 0.585938 0.451697 0.586914 0.453003 0.593750 0.453003 0.594727 0.454308 0.597656 0.451697 0.598633 0.449086 0.598633 0.446475 0.601562 0.439948 0.602539 0.430809 0.603516 0.429504 0.603516 0.426893 0.606445 0.419060 0.607422 0.409922 0.602539 0.404700 0.598633 0.402089 0.596680 0.402089 0.593750 0.398172 0.592773 0.398172 0.590820 0.395561 0.586914 0.392950
0 0.556641 0.322454 0.550781 0.326371 0.548828 0.328982 0.547852 0.328982 0.547852 0.330287 0.543945 0.335509 0.543945 0.338120 0.542969 0.339426 0.542969 0.344648 0.541992 0.345953 0.541992 0.348564 0.540039 0.352480 0.540039 0.355091 0.539062 0.357702 0.544922 0.366841 0.544922 0.368146 0.548828 0.373368 0.548828 0.374674 0.554688 0.381201 0.556641 0.382507 0.558594 0.382507 0.559570 0.383812 0.568359 0.383812 0.574219 0.379896 0.576172 0.374674 0.576172 0.372063 0.578125 0.369452 0.585938 0.348564 0.585938 0.342037 0.584961 0.339426 0.581055 0.334204 0.581055 0.332898 0.577148 0.327676 0.569336 0.322454 0.565430 0.322454 0.564453 0.321149 0.562500 0.322454
0 0.545898 0.220627 0.541992 0.220627 0.541016 0.221932 0.533203 0.221932 0.531250 0.224543 0.530273 0.224543 0.521484 0.237598 0.515625 0.253264 0.516602 0.254569 0.516602 0.258486 0.517578 0.259791 0.517578 0.262402 0.518555 0.263708 0.518555 0.266319 0.519531 0.267624 0.519531 0.270235 0.520508 0.271540 0.520508 0.274151 0.521484 0.276762 0.523438 0.279373 0.524414 0.279373 0.529297 0.287206 0.531250 0.287206 0.532227 0.288512 0.534180 0.288512 0.535156 0.287206 0.538086 0.287206 0.543945 0.283290 0.545898 0.280679 0.545898 0.279373 0.549805 0.272846 0.550781 0.268930 0.553711 0.265013 0.558594 0.251958 0.560547 0.249347 0.560547 0.245431 0.561523 0.244125 0.561523 0.241514 0.554688 0.232376 0.554688 0.231070 0.550781 0.225849 0.550781 0.224543 0.548828 0.221932 0.546875 0.221932
0 0.591797 0.257180 0.589844 0.255875 0.583984 0.255875 0.583008 0.257180 0.581055 0.257180 0.577148 0.259791 0.574219 0.259791 0.573242 0.261097 0.570312 0.261097 0.569336 0.262402 0.564453 0.263708 0.560547 0.267624 0.559570 0.267624 0.559570 0.268930 0.553711 0.278068 0.553711 0.285901 0.552734 0.287206 0.552734 0.292428 0.551758 0.293734 0.552734 0.298956 0.553711 0.300261 0.553711 0.302872 0.558594 0.312010 0.566406 0.317232 0.572266 0.318538 0.573242 0.317232 0.576172 0.317232 0.577148 0.315927 0.582031 0.315927 0.583008 0.314621 0.587891 0.313316 0.595703 0.305483 0.600586 0.302872 0.603516 0.295039 0.603516 0.287206 0.604492 0.285901 0.603516 0.278068 0.601562 0.272846 0.597656 0.266319 0.597656 0.265013
0 0.597656 0.180157 0.591797 0.180157 0.590820 0.181462 0.585938 0.182768 0.583008 0.185379 0.577148 0.186684 0.574219 0.189295 0.572266 0.189295 0.569336 0.191906 0.567383 0.191906 0.564453 0.194517 0.562500 0.194517 0.558594 0.197128 0.557617 0.199739 0.557617 0.229765 0.559570 0.234987 0.562500 0.238903 0.563477 0.238903 0.567383 0.245431 0.571289 0.248042 0.576172 0.248042 0.580078 0.245431 0.587891 0.244125 0.593750 0.236292 0.597656 0.225849 0.603516 0.218016 0.602539 0.198433 0.599609 0.191906 0.599609 0.184073
0 0.547852 0.121410 0.546875 0.122715 0.546875 0.127937 0.543945 0.135770 0.540039 0.142298 0.540039 0.144909 0.539062 0.146214 0.539062 0.148825 0.537109 0.154047 0.537109 0.157963 0.536133 0.159269 0.537109 0.160574 0.538086 0.169713 0.540039 0.174935 0.548828 0.182768 0.550781 0.182768 0.551758 0.184073 0.555664 0.184073 0.556641 0.185379 0.567383 0.184073 0.570312 0.181462 0.572266 0.181462 0.580078 0.169713 0.580078 0.167102 0.581055 0.165796 0.581055 0.161880 0.582031 0.160574 0.582031 0.156658 0.583008 0.155352 0.583008 0.152742 0.580078 0.147520 0.575195 0.133159 0.569336 0.125326 0.569336 0.124021 0.566406 0.121410 0.563477 0.121410 0.562500 0.120104 0.557617 0.120104 0.556641 0.118799
0 0.655273 0.105744 0.653320 0.107050 0.647461 0.116188 0.644531 0.117493 0.644531 0.118799 0.642578 0.121410 0.641602 0.121410 0.642578 0.127937 0.641602 0.129243 0.641602 0.135770 0.640625 0.137076 0.640625 0.154047 0.643555 0.157963 0.645508 0.159269 0.647461 0.159269 0.650391 0.163185 0.656250 0.167102 0.660156 0.172324 0.665039 0.172324 0.669922 0.165796 0.670898 0.165796 0.673828 0.161880 0.675781 0.160574 0.676758 0.157963 0.676758 0.155352 0.677734 0.154047 0.677734 0.113577 0.674805 0.109661 0.670898 0.107050 0.668945 0.107050 0.667969 0.105744
0 0.638672 0.203655 0.634766 0.203655 0.630859 0.206266 0.625977 0.211488 0.625977 0.212794 0.624023 0.215405 0.624023 0.219321 0.623047 0.221932 0.621094 0.224543 0.618164 0.232376 0.615234 0.236292 0.611328 0.246736 0.611328 0.251958 0.612305 0.253264 0.612305 0.257180 0.613281 0.258486 0.613281 0.262402 0.614258 0.263708 0.614258 0.266319 0.616211 0.268930 0.618164 0.270235 0.620117 0.270235 0.623047 0.272846 0.625000 0.271540 0.630859 0.271540 0.631836 0.270235 0.636719 0.270235 0.644531 0.265013 0.650391 0.257180 0.651367 0.253264 0.653320 0.250653 0.653320 0.249347 0.655273 0.246736 0.657227 0.241514 0.657227 0.236292 0.656250 0.236292 0.652344 0.229765 0.651367 0.223238 0.642578 0.211488 0.642578 0.210183
0 0.629883 0.275457 0.628906 0.276762 0.624023 0.276762 0.623047 0.278068 0.620117 0.278068 0.619141 0.279373 0.614258 0.280679 0.612305 0.283290 0.607422 0.285901 0.605469 0.289817 0.605469 0.293734 0.604492 0.295039 0.602539 0.305483 0.600586 0.309399 0.600586 0.319843 0.602539 0.325065 0.608398 0.332898 0.613281 0.335509 0.617188 0.339426 0.625000 0.339426 0.631836 0.334204 0.636719 0.332898 0.642578 0.328982 0.649414 0.319843 0.650391 0.317232 0.650391 0.313316 0.651367 0.312010 0.651367 0.305483 0.649414 0.302872 0.647461 0.297650 0.644531 0.293734 0.640625 0.291123 0.638672 0.288512 0.638672 0.287206
0 0.599609 0.345953 0.595703 0.351175 0.594727 0.351175 0.591797 0.356397 0.591797 0.359008 0.589844 0.364230 0.589844 0.372063 0.590820 0.374674 0.592773 0.375979 0.594727 0.378590 0.594727 0.379896 0.601562 0.389034 0.604492 0.390339 0.607422 0.394256 0.619141 0.402089 0.621094 0.402089 0.622070 0.403394 0.625977 0.403394 0.626953 0.402089 0.630859 0.400783 0.630859 0.399478 0.637695 0.389034 0.638672 0.383812 0.640625 0.378590 0.642578 0.375979 0.642578 0.365535 0.637695 0.352480 0.630859 0.347258 0.626953 0.342037 0.610352 0.342037 0.609375 0.343342 0.606445 0.343342 0.605469 0.344648
0 0.638672 0.403394 0.636719 0.403394 0.635742 0.404700 0.630859 0.404700 0.626953 0.407311 0.615234 0.407311 0.614258 0.408616 0.611328 0.408616 0.609375 0.409922 0.609375 0.413838 0.607422 0.417755 0.607422 0.420366 0.606445 0.421671 0.606445 0.425587 0.604492 0.430809 0.604492 0.437337 0.603516 0.439948 0.604492 0.442559 0.614258 0.455614 0.620117 0.459530 0.627930 0.459530 0.635742 0.454308 0.639648 0.454308 0.643555 0.451697 0.647461 0.445170 0.648438 0.442559 0.648438 0.439948 0.649414 0.438642 0.649414 0.433420 0.651367 0.428198 0.650391 0.419060 0.647461 0.411227 0.646484 0.411227 0.643555 0.407311 0.640625 0.406005
0 0.610352 0.472585 0.610352 0.477807 0.609375 0.479112 0.609375 0.481723 0.608398 0.484334 0.609375 0.485640 0.609375 0.488251 0.613281 0.496084 0.613281 0.502611 0.616211 0.510444 0.617188 0.510444 0.620117 0.514360 0.629883 0.520888 0.632812 0.524804 0.632812 0.526110 0.636719 0.526110 0.637695 0.524804 0.639648 0.524804 0.641602 0.522193 0.645508 0.519582 0.649414 0.514360 0.649414 0.507833 0.650391 0.506527 0.651367 0.494778 0.652344 0.493473 0.652344 0.490862 0.653320 0.489556 0.653320 0.485640 0.654297 0.484334 0.654297 0.477807 0.652344 0.475196 0.644531 0.469974 0.641602 0.466057 0.637695 0.463446 0.633789 0.463446 0.632812 0.464752 0.627930 0.466057 0.625000 0.468668 0.619141 0.468668 0.618164 0.469974 0.616211 0.469974 0.615234 0.471279 0.612305 0.471279
0 0.650391 0.518277 0.646484 0.520888 0.640625 0.527415 0.637695 0.528721 0.635742 0.531332 0.634766 0.533943 0.634766 0.544386 0.635742 0.545692 0.635742 0.548303 0.637695 0.553525 0.638672 0.562663 0.641602 0.567885 0.645508 0.570496 0.647461 0.570496 0.650391 0.573107 0.653320 0.573107 0.657227 0.577023 0.660156 0.577023 0.661133 0.575718 0.663086 0.575718 0.665039 0.574413 0.668945 0.569191 0.669922 0.569191 0.671875 0.566580 0.673828 0.566580 0.677734 0.561358 0.679688 0.556136 0.679688 0.546997 0.680664 0.545692 0.680664 0.543081 0.679688 0.541775 0.679688 0.539164 0.677734 0.533943 0.670898 0.526110 0.667969 0.524804 0.665039 0.520888 0.663086 0.520888 0.662109 0.519582 0.651367 0.519582
0 0.641602 0.590078 0.638672 0.593995 0.638672 0.607050 0.642578 0.617493 0.642578 0.620104 0.643555 0.621410 0.643555 0.624021 0.645508 0.629243 0.650391 0.635770 0.655273 0.637076 0.660156 0.640992 0.663086 0.640992 0.664062 0.642298 0.672852 0.642298 0.680664 0.637076 0.680664 0.635770 0.682617 0.633159 0.682617 0.625326 0.683594 0.624021 0.683594 0.603133 0.684570 0.601828 0.684570 0.595300 0.682617 0.592689 0.679688 0.591384 0.677734 0.588773 0.677734 0.587467 0.672852 0.580940 0.670898 0.579634 0.667969 0.579634 0.666992 0.580940 0.659180 0.580940 0.658203 0.582245 0.651367 0.582245 0.643555 0.590078
0 0.645508 0.648825 0.644531 0.650131 0.641602 0.651436 0.635742 0.659269 0.635742 0.660574 0.629883 0.674935 0.629883 0.680157 0.630859 0.681462 0.632812 0.687990 0.634766 0.690601 0.634766 0.691906 0.636719 0.694517 0.637695 0.694517 0.638672 0.695822 0.638672 0.697128 0.643555 0.703655 0.648438 0.703655 0.649414 0.704961 0.651367 0.704961 0.652344 0.703655 0.656250 0.703655 0.657227 0.702350 0.662109 0.701044 0.663086 0.699739 0.666016 0.698433 0.668945 0.694517 0.671875 0.693211 0.673828 0.690601 0.673828 0.689295 0.672852 0.687990 0.672852 0.685379 0.669922 0.680157 0.669922 0.678851 0.667969 0.674935 0.667969 0.672324 0.666992 0.671018 0.662109 0.656658 0.660156 0.654047 0.660156 0.652742 0.658203 0.650131 0.658203 0.648825
0 0.663086 0.712794 0.663086 0.714099 0.661133 0.716710 0.657227 0.719321 0.657227 0.727154 0.658203 0.729765 0.660156 0.732376 0.662109 0.737598 0.666016 0.742820 0.667969 0.748042 0.676758 0.759791 0.676758 0.761097 0.677734 0.761097 0.679688 0.763708 0.681641 0.763708 0.689453 0.768930 0.690430 0.765013 0.692383 0.763708 0.692383 0.762402 0.699219 0.753264 0.701172 0.753264 0.703125 0.750653 0.703125 0.748042 0.704102 0.746736 0.704102 0.740209 0.703125 0.738903 0.703125 0.733681 0.702148 0.732376 0.702148 0.727154 0.701172 0.725849 0.701172 0.721932 0.697266 0.721932 0.694336 0.714099 0.692383 0.712794 0.688477 0.712794 0.687500 0.711488 0.677734 0.711488 0.676758 0.710183 0.669922 0.710183 0.668945 0.711488 0.665039 0.711488
0 0.645508 0.749347 0.645508 0.750653 0.644531 0.751958 0.644531 0.754569 0.643555 0.755875 0.643555 0.758486 0.642578 0.759791 0.642578 0.771540 0.643555 0.772846 0.643555 0.776762 0.644531 0.778068 0.644531 0.779373 0.649414 0.785901 0.650391 0.785901 0.659180 0.792428 0.661133 0.792428 0.662109 0.793734 0.664062 0.793734 0.665039 0.795039 0.672852 0.795039 0.676758 0.789817 0.677734 0.789817 0.678711 0.788512 0.680664 0.788512 0.683594 0.784595 0.685547 0.778068 0.687500 0.775457 0.687500 0.771540 0.681641 0.765013 0.676758 0.762402 0.670898 0.754569 0.669922 0.754569 0.665039 0.750653 0.660156 0.750653 0.659180 0.749347 0.653320 0.749347 0.650391 0.745431 0.649414 0.745431 0.646484 0.749347
0 0.750977 0.699739 0.747070 0.697128 0.742188 0.701044 0.738281 0.701044 0.737305 0.702350 0.729492 0.702350 0.727539 0.701044 0.725586 0.702350 0.725586 0.704961 0.726562 0.706266 0.725586 0.707572 0.723633 0.707572 0.722656 0.706266 0.722656 0.702350 0.719727 0.701044 0.717773 0.703655 0.715820 0.703655 0.711914 0.711488 0.711914 0.716710 0.710938 0.718016 0.711914 0.728460 0.713867 0.733681 0.715820 0.736292 0.715820 0.738903 0.717773 0.741514 0.717773 0.742820 0.727539 0.753264 0.729492 0.753264 0.730469 0.754569 0.741211 0.754569 0.742188 0.753264 0.748047 0.753264 0.751953 0.749347 0.751953 0.746736 0.750977 0.745431 0.750977 0.742820 0.751953 0.741514 0.752930 0.744125 0.754883 0.745431 0.755859 0.740209 0.756836 0.738903 0.756836 0.736292 0.757812 0.734987 0.757812 0.731070 0.758789 0.729765 0.758789 0.720627 0.757812 0.719321 0.757812 0.711488 0.756836 0.710183 0.756836 0.707572
0 0.681641 0.642298 0.680664 0.644909 0.677734 0.648825 0.674805 0.656658 0.674805 0.665796 0.675781 0.667102 0.675781 0.669713 0.679688 0.680157 0.683594 0.685379 0.695312 0.693211 0.698242 0.693211 0.704102 0.697128 0.706055 0.697128 0.707031 0.695822 0.708984 0.695822 0.708984 0.694517 0.710938 0.691906 0.714844 0.689295 0.722656 0.678851 0.723633 0.676240 0.723633 0.668407 0.724609 0.667102 0.724609 0.661880 0.722656 0.659269 0.714844 0.654047 0.712891 0.654047 0.701172 0.644909 0.698242 0.644909 0.697266 0.643603 0.692383 0.643603 0.689453 0.639687 0.687500 0.639687 0.685547 0.642298
0 0.719727 0.586162 0.718750 0.587467 0.715820 0.587467 0.714844 0.588773 0.705078 0.588773 0.704102 0.587467 0.696289 0.587467 0.694336 0.590078 0.691406 0.591384 0.687500 0.596606 0.685547 0.601828 0.685547 0.614883 0.686523 0.616188 0.686523 0.618799 0.688477 0.624021 0.690430 0.626632 0.691406 0.630548 0.696289 0.637076 0.697266 0.637076 0.702148 0.642298 0.704102 0.642298 0.708008 0.644909 0.715820 0.644909 0.716797 0.643603 0.718750 0.643603 0.719727 0.642298 0.721680 0.642298 0.725586 0.639687 0.729492 0.633159 0.729492 0.630548 0.730469 0.629243 0.730469 0.620104 0.733398 0.612272 0.732422 0.609661 0.732422 0.604439 0.730469 0.599217 0.721680 0.587467
0 0.740234 0.654047 0.735352 0.660574 0.735352 0.663185 0.734375 0.664491 0.734375 0.667102 0.735352 0.668407 0.735352 0.671018 0.736328 0.672324 0.736328 0.673629 0.737305 0.674935 0.737305 0.676240 0.740234 0.680157 0.740234 0.681462 0.743164 0.685379 0.743164 0.686684 0.744141 0.687990 0.744141 0.689295 0.745117 0.689295 0.747070 0.691906 0.749023 0.691906 0.750000 0.693211 0.751953 0.693211 0.753906 0.690601 0.753906 0.689295 0.754883 0.687990 0.754883 0.686684 0.757812 0.682768 0.757812 0.681462 0.760742 0.677546 0.760742 0.676240 0.763672 0.672324 0.763672 0.671018 0.765625 0.667102 0.765625 0.664491 0.764648 0.664491 0.763672 0.663185 0.757812 0.663185 0.756836 0.661880 0.754883 0.661880 0.753906 0.660574 0.752930 0.660574 0.751953 0.659269 0.750977 0.659269 0.750000 0.657963 0.749023 0.657963 0.747070 0.655352 0.746094 0.655352 0.743164 0.652742 0.742188 0.654047
0 0.739258 0.617493 0.736328 0.621410 0.736328 0.625326 0.740234 0.625326 0.741211 0.626632 0.741211 0.630548 0.739258 0.633159 0.741211 0.638381 0.737305 0.643603 0.743164 0.651436 0.746094 0.652742 0.750977 0.657963 0.752930 0.657963 0.755859 0.660574 0.760742 0.660574 0.761719 0.661880 0.765625 0.661880 0.766602 0.663185 0.768555 0.661880 0.771484 0.661880 0.772461 0.660574 0.774414 0.660574 0.778320 0.655352 0.779297 0.655352 0.784180 0.648825 0.786133 0.643603 0.786133 0.638381 0.784180 0.633159 0.784180 0.629243 0.779297 0.622715 0.778320 0.622715 0.776367 0.620104 0.776367 0.618799 0.767578 0.607050 0.760742 0.607050 0.756836 0.609661 0.750977 0.616188 0.749023 0.616188 0.749023 0.617493 0.746094 0.621410 0.745117 0.621410 0.745117 0.622715 0.743164 0.625326 0.741211 0.622715 0.740234 0.617493
0 0.700195 0.531332 0.696289 0.535248 0.695312 0.535248 0.693359 0.537859 0.693359 0.539164 0.691406 0.540470 0.688477 0.544386 0.685547 0.544386 0.684570 0.545692 0.684570 0.550914 0.682617 0.554830 0.682617 0.563969 0.683594 0.565274 0.680664 0.569191 0.680664 0.570496 0.685547 0.577023 0.687500 0.578329 0.689453 0.578329 0.697266 0.584856 0.699219 0.584856 0.700195 0.586162 0.715820 0.586162 0.717773 0.584856 0.718750 0.582245 0.718750 0.578329 0.719727 0.577023 0.719727 0.574413 0.721680 0.570496 0.721680 0.565274 0.722656 0.563969 0.722656 0.558747 0.723633 0.557441 0.723633 0.552219 0.724609 0.550914 0.724609 0.543081 0.723633 0.540470 0.721680 0.539164 0.718750 0.535248 0.716797 0.533943 0.714844 0.533943 0.711914 0.531332
0 0.758789 0.514360 0.754883 0.518277 0.753906 0.522193 0.750977 0.526110 0.747070 0.536554 0.747070 0.539164 0.746094 0.540470 0.746094 0.557441 0.745117 0.558747 0.745117 0.561358 0.749023 0.563969 0.750977 0.566580 0.751953 0.566580 0.755859 0.571802 0.757812 0.573107 0.760742 0.573107 0.761719 0.574413 0.771484 0.574413 0.772461 0.573107 0.776367 0.573107 0.778320 0.569191 0.778320 0.565274 0.779297 0.563969 0.780273 0.557441 0.783203 0.552219 0.783203 0.549608 0.784180 0.548303 0.784180 0.544386 0.787109 0.539164 0.787109 0.536554 0.788086 0.535248 0.787109 0.528721 0.783203 0.523499 0.771484 0.515666 0.769531 0.515666 0.768555 0.514360
0 0.715820 0.472585 0.708984 0.480418 0.706055 0.481723 0.700195 0.489556 0.699219 0.492167 0.699219 0.507833 0.696289 0.514360 0.697266 0.516971 0.699219 0.519582 0.701172 0.519582 0.704102 0.523499 0.704102 0.524804 0.711914 0.530026 0.714844 0.530026 0.715820 0.531332 0.719727 0.531332 0.720703 0.530026 0.727539 0.528721 0.729492 0.526110 0.731445 0.520888 0.731445 0.518277 0.732422 0.516971 0.733398 0.510444 0.738281 0.497389 0.740234 0.494778 0.740234 0.486945 0.739258 0.486945 0.735352 0.481723 0.733398 0.481723 0.732422 0.480418 0.730469 0.480418 0.729492 0.481723 0.726562 0.481723 0.724609 0.480418 0.719727 0.472585
0 0.654297 0.428198 0.652344 0.430809 0.652344 0.433420 0.650391 0.438642 0.650391 0.442559 0.649414 0.443864 0.649414 0.446475 0.646484 0.451697 0.646484 0.454308 0.645508 0.455614 0.645508 0.456919 0.647461 0.459530 0.649414 0.464752 0.649414 0.468668 0.650391 0.471279 0.652344 0.472585 0.656250 0.477807 0.657227 0.480418 0.662109 0.483029 0.664062 0.485640 0.666992 0.485640 0.667969 0.486945 0.674805 0.486945 0.675781 0.485640 0.677734 0.485640 0.679688 0.484334 0.680664 0.481723 0.683594 0.477807 0.683594 0.476501 0.687500 0.471279 0.689453 0.463446 0.692383 0.460836 0.692383 0.454308 0.687500 0.447781 0.685547 0.439948 0.679688 0.433420 0.673828 0.429504 0.668945 0.429504 0.667969 0.430809 0.661133 0.430809 0.660156 0.429504 0.655273 0.429504
0 0.679688 0.378590 0.673828 0.387728 0.673828 0.392950 0.672852 0.394256 0.672852 0.407311 0.671875 0.408616 0.671875 0.421671 0.674805 0.425587 0.679688 0.428198 0.681641 0.430809 0.687500 0.430809 0.688477 0.432115 0.689453 0.430809 0.691406 0.430809 0.694336 0.428198 0.696289 0.428198 0.700195 0.425587 0.707031 0.425587 0.712891 0.417755 0.712891 0.415144 0.718750 0.402089 0.718750 0.398172 0.719727 0.396867 0.719727 0.390339 0.720703 0.389034 0.720703 0.383812 0.718750 0.381201 0.716797 0.381201 0.715820 0.379896 0.712891 0.379896 0.711914 0.378590 0.707031 0.378590 0.706055 0.377285 0.692383 0.377285 0.691406 0.375979 0.684570 0.375979 0.683594 0.377285 0.681641 0.377285
0 0.718750 0.413838 0.714844 0.419060 0.714844 0.422977 0.713867 0.424282 0.714844 0.426893 0.714844 0.433420 0.715820 0.434726 0.715820 0.437337 0.713867 0.442559 0.715820 0.445170 0.710938 0.450392 0.712891 0.455614 0.722656 0.468668 0.723633 0.468668 0.727539 0.475196 0.735352 0.475196 0.739258 0.472585 0.743164 0.472585 0.744141 0.471279 0.747070 0.471279 0.749023 0.469974 0.750977 0.467363 0.751953 0.459530 0.752930 0.458225 0.752930 0.450392 0.751953 0.449086 0.751953 0.443864 0.750000 0.439948 0.750977 0.438642 0.750977 0.430809 0.749023 0.425587 0.749023 0.417755 0.747070 0.416449 0.745117 0.412533 0.741211 0.412533 0.740234 0.411227 0.739258 0.412533 0.729492 0.412533 0.727539 0.411227 0.726562 0.412533 0.722656 0.412533 0.721680 0.413838
0 0.772461 0.449086 0.766602 0.449086 0.765625 0.447781 0.762695 0.447781 0.761719 0.449086 0.757812 0.450392 0.754883 0.455614 0.753906 0.464752 0.750000 0.471279 0.749023 0.476501 0.748047 0.477807 0.748047 0.483029 0.751953 0.493473 0.750977 0.494778 0.750977 0.497389 0.752930 0.497389 0.752930 0.494778 0.751953 0.493473 0.754883 0.488251 0.755859 0.489556 0.755859 0.497389 0.756836 0.498695 0.756836 0.502611 0.757812 0.503916 0.757812 0.509138 0.758789 0.511749 0.762695 0.511749 0.763672 0.510444 0.764648 0.511749 0.766602 0.511749 0.767578 0.510444 0.770508 0.510444 0.775391 0.506527 0.778320 0.506527 0.780273 0.505222 0.786133 0.497389 0.787109 0.494778 0.787109 0.490862 0.788086 0.489556 0.788086 0.480418 0.787109 0.479112 0.787109 0.475196 0.786133 0.473890 0.785156 0.466057 0.781250 0.459530 0.780273 0.455614
0 0.751953 0.357702 0.749023 0.357702 0.748047 0.356397 0.746094 0.356397 0.745117 0.355091 0.743164 0.355091 0.742188 0.353786 0.740234 0.353786 0.739258 0.352480 0.737305 0.352480 0.736328 0.351175 0.734375 0.351175 0.731445 0.353786 0.731445 0.356397 0.730469 0.357702 0.730469 0.359008 0.724609 0.369452 0.724609 0.372063 0.723633 0.373368 0.723633 0.377285 0.722656 0.378590 0.722656 0.382507 0.721680 0.383812 0.721680 0.395561 0.720703 0.396867 0.720703 0.403394 0.721680 0.404700 0.722656 0.408616 0.723633 0.408616 0.724609 0.409922 0.732422 0.409922 0.733398 0.408616 0.736328 0.408616 0.737305 0.407311 0.746094 0.402089 0.748047 0.399478 0.749023 0.399478 0.752930 0.394256 0.752930 0.392950 0.753906 0.391645 0.753906 0.386423 0.754883 0.385117 0.754883 0.375979 0.753906 0.374674 0.753906 0.362924 0.752930 0.361619
0 0.698242 0.318538 0.689453 0.330287 0.687500 0.335509 0.687500 0.339426 0.686523 0.340731 0.686523 0.352480 0.688477 0.357702 0.688477 0.361619 0.691406 0.366841 0.691406 0.368146 0.692383 0.369452 0.707031 0.369452 0.708008 0.368146 0.721680 0.368146 0.722656 0.366841 0.724609 0.366841 0.729492 0.359008 0.729492 0.355091 0.731445 0.349869 0.731445 0.336815 0.729492 0.331593 0.725586 0.326371 0.725586 0.319843 0.724609 0.317232 0.720703 0.314621 0.717773 0.314621 0.716797 0.315927 0.714844 0.315927 0.713867 0.314621 0.705078 0.314621 0.704102 0.315927 0.702148 0.315927
0 0.677734 0.253264 0.671875 0.253264 0.670898 0.254569 0.665039 0.254569 0.664062 0.255875 0.660156 0.255875 0.654297 0.259791 0.651367 0.263708 0.651367 0.265013 0.649414 0.266319 0.649414 0.267624 0.645508 0.274151 0.643555 0.280679 0.641602 0.283290 0.640625 0.283290 0.640625 0.285901 0.643555 0.289817 0.643555 0.291123 0.650391 0.300261 0.652344 0.305483 0.661133 0.317232 0.668945 0.317232 0.672852 0.313316 0.673828 0.313316 0.674805 0.312010 0.674805 0.309399 0.681641 0.298956 0.681641 0.297650 0.684570 0.293734 0.686523 0.288512 0.690430 0.283290 0.690430 0.280679 0.691406 0.279373 0.691406 0.275457 0.690430 0.274151 0.690430 0.270235 0.686523 0.262402 0.685547 0.262402 0.679688 0.254569
0 0.686523 0.178851 0.677734 0.178851 0.676758 0.180157 0.673828 0.180157 0.670898 0.182768 0.668945 0.182768 0.665039 0.185379 0.662109 0.189295 0.661133 0.189295 0.656250 0.195822 0.657227 0.198433 0.657227 0.207572 0.658203 0.208877 0.658203 0.211488 0.657227 0.212794 0.657227 0.219321 0.658203 0.220627 0.658203 0.229765 0.657227 0.231070 0.658203 0.232376 0.659180 0.237598 0.662109 0.241514 0.664062 0.241514 0.667969 0.244125 0.676758 0.244125 0.680664 0.241514 0.686523 0.234987 0.689453 0.233681 0.696289 0.225849 0.702148 0.221932 0.706055 0.216710 0.706055 0.204961 0.705078 0.203655 0.705078 0.199739 0.703125 0.197128 0.703125 0.195822 0.697266 0.187990 0.691406 0.184073
0 0.720703 0.250653 0.719727 0.251958 0.716797 0.251958 0.711914 0.255875 0.708008 0.255875 0.705078 0.258486 0.700195 0.259791 0.692383 0.267624 0.692383 0.281984 0.691406 0.283290 0.691406 0.291123 0.692383 0.292428 0.693359 0.297650 0.699219 0.305483 0.705078 0.309399 0.710938 0.310705 0.711914 0.312010 0.722656 0.312010 0.723633 0.313316 0.730469 0.306789 0.736328 0.302872 0.740234 0.297650 0.740234 0.295039 0.742188 0.291123 0.742188 0.287206 0.743164 0.285901 0.743164 0.283290 0.742188 0.281984 0.742188 0.271540 0.743164 0.270235 0.743164 0.267624 0.737305 0.258486 0.733398 0.257180 0.724609 0.250653
0 0.775391 0.389034 0.774414 0.391645 0.765625 0.402089 0.765625 0.403394 0.760742 0.409922 0.760742 0.411227 0.757812 0.416449 0.757812 0.426893 0.758789 0.428198 0.758789 0.432115 0.762695 0.439948 0.766602 0.442559 0.769531 0.442559 0.770508 0.443864 0.772461 0.443864 0.773438 0.445170 0.779297 0.445170 0.780273 0.446475 0.785156 0.446475 0.786133 0.445170 0.792969 0.445170 0.793945 0.443864 0.796875 0.443864 0.798828 0.442559 0.801758 0.438642 0.802734 0.433420 0.805664 0.426893 0.805664 0.422977 0.806641 0.421671 0.806641 0.415144 0.807617 0.413838 0.807617 0.402089 0.805664 0.399478 0.805664 0.398172 0.804688 0.398172 0.802734 0.395561 0.799805 0.395561 0.798828 0.394256 0.791016 0.394256 0.784180 0.389034 0.781250 0.389034 0.780273 0.390339 0.776367 0.390339
0 0.820312 0.464752 0.811523 0.464752 0.810547 0.466057 0.808594 0.466057 0.804688 0.468668 0.802734 0.471279 0.801758 0.471279 0.799805 0.473890 0.799805 0.475196 0.795898 0.479112 0.792969 0.488251 0.791016 0.490862 0.791016 0.494778 0.790039 0.496084 0.790039 0.505222 0.791016 0.507833 0.794922 0.510444 0.797852 0.510444 0.800781 0.513055 0.802734 0.513055 0.808594 0.516971 0.811523 0.520888 0.813477 0.522193 0.815430 0.522193 0.825195 0.515666 0.827148 0.513055 0.835938 0.507833 0.838867 0.503916 0.841797 0.496084 0.841797 0.479112 0.836914 0.475196 0.834961 0.475196 0.830078 0.469974 0.828125 0.468668 0.826172 0.468668 0.825195 0.467363 0.822266 0.467363
0 0.835938 0.413838 0.833984 0.416449 0.829102 0.417755 0.826172 0.420366 0.826172 0.424282 0.825195 0.426893 0.821289 0.432115 0.821289 0.434726 0.820312 0.436031 0.820312 0.438642 0.818359 0.443864 0.818359 0.450392 0.819336 0.451697 0.819336 0.454308 0.820312 0.456919 0.822266 0.458225 0.825195 0.462141 0.825195 0.463446 0.826172 0.463446 0.829102 0.467363 0.840820 0.475196 0.846680 0.475196 0.852539 0.469974 0.856445 0.458225 0.859375 0.454308 0.861328 0.449086 0.864258 0.445170 0.864258 0.441253 0.865234 0.439948 0.864258 0.438642 0.864258 0.434726 0.862305 0.432115 0.861328 0.428198 0.858398 0.424282 0.858398 0.422977 0.856445 0.421671 0.853516 0.417755 0.849609 0.415144 0.844727 0.415144 0.843750 0.413838
0 0.906250 0.403394 0.903320 0.403394 0.902344 0.402089 0.887695 0.402089 0.886719 0.406005 0.880859 0.413838 0.877930 0.415144 0.875977 0.417755 0.872070 0.420366 0.870117 0.425587 0.871094 0.426893 0.871094 0.433420 0.870117 0.434726 0.870117 0.438642 0.869141 0.439948 0.869141 0.445170 0.872070 0.445170 0.877930 0.453003 0.883789 0.456919 0.886719 0.456919 0.887695 0.458225 0.893555 0.458225 0.897461 0.454308 0.898438 0.454308 0.900391 0.451697 0.901367 0.451697 0.903320 0.449086 0.904297 0.449086 0.907227 0.445170 0.907227 0.443864 0.912109 0.438642 0.912109 0.437337 0.914062 0.434726 0.914062 0.421671 0.915039 0.420366 0.915039 0.413838 0.914062 0.411227
0 0.819336 0.335509 0.816406 0.335509 0.815430 0.336815 0.813477 0.336815 0.812500 0.338120 0.809570 0.338120 0.803711 0.342037 0.798828 0.343342 0.794922 0.347258 0.794922 0.349869 0.793945 0.351175 0.793945 0.360313 0.796875 0.368146 0.796875 0.372063 0.798828 0.377285 0.798828 0.383812 0.799805 0.385117 0.799805 0.387728 0.804688 0.395561 0.805664 0.395561 0.810547 0.400783 0.813477 0.400783 0.816406 0.396867 0.818359 0.395561 0.820312 0.395561 0.828125 0.390339 0.834961 0.382507 0.834961 0.381201 0.837891 0.377285 0.837891 0.374674 0.838867 0.373368 0.838867 0.364230 0.837891 0.362924 0.837891 0.356397 0.835938 0.353786 0.833984 0.353786 0.827148 0.343342 0.824219 0.342037 0.821289 0.338120 0.821289 0.336815
0 0.783203 0.292428 0.778320 0.289817 0.774414 0.289817 0.773438 0.288512 0.766602 0.287206 0.765625 0.288512 0.762695 0.288512 0.758789 0.293734 0.754883 0.293734 0.749023 0.298956 0.744141 0.298956 0.740234 0.305483 0.742188 0.306789 0.747070 0.306789 0.748047 0.308094 0.748047 0.312010 0.746094 0.315927 0.746094 0.319843 0.745117 0.321149 0.746094 0.322454 0.746094 0.332898 0.742188 0.336815 0.742188 0.340731 0.749023 0.347258 0.751953 0.347258 0.756836 0.352480 0.761719 0.352480 0.769531 0.347258 0.771484 0.347258 0.772461 0.345953 0.774414 0.345953 0.775391 0.344648 0.777344 0.344648 0.778320 0.343342 0.780273 0.343342 0.781250 0.342037 0.783203 0.342037 0.789062 0.338120 0.795898 0.335509 0.795898 0.332898 0.796875 0.331593 0.796875 0.318538 0.795898 0.317232 0.795898 0.314621 0.791992 0.305483
0 0.804688 0.276762 0.798828 0.292428 0.798828 0.304178 0.796875 0.309399 0.797852 0.319843 0.801758 0.330287 0.805664 0.332898 0.810547 0.332898 0.811523 0.331593 0.815430 0.331593 0.816406 0.330287 0.828125 0.328982 0.835938 0.323760 0.837891 0.323760 0.841797 0.318538 0.845703 0.308094 0.845703 0.283290 0.842773 0.278068 0.840820 0.276762 0.827148 0.276762 0.826172 0.275457 0.809570 0.275457 0.808594 0.276762
0 0.830078 0.335509 0.830078 0.338120 0.829102 0.339426 0.829102 0.343342 0.830078 0.345953 0.832031 0.348564 0.833008 0.348564 0.838867 0.356397 0.838867 0.365535 0.840820 0.369452 0.845703 0.369452 0.846680 0.370757 0.857422 0.370757 0.860352 0.368146 0.862305 0.368146 0.863281 0.366841 0.865234 0.366841 0.869141 0.364230 0.872070 0.360313 0.876953 0.362924 0.879883 0.357702 0.879883 0.353786 0.880859 0.352480 0.879883 0.351175 0.879883 0.348564 0.878906 0.347258 0.878906 0.343342 0.877930 0.342037 0.877930 0.335509 0.876953 0.334204 0.876953 0.330287 0.875977 0.328982 0.875977 0.326371 0.872070 0.322454 0.866211 0.322454 0.860352 0.318538 0.858398 0.318538 0.857422 0.317232 0.854492 0.317232 0.850586 0.314621 0.844727 0.314621 0.839844 0.322454 0.839844 0.323760 0.836914 0.327676 0.833008 0.330287
0 0.755859 0.197128 0.751953 0.199739 0.748047 0.199739 0.746094 0.201044 0.744141 0.203655 0.741211 0.204961 0.738281 0.210183 0.736328 0.210183 0.735352 0.212794 0.736328 0.214099 0.738281 0.212794 0.740234 0.214099 0.740234 0.233681 0.741211 0.234987 0.741211 0.249347 0.742188 0.251958 0.745117 0.254569 0.747070 0.254569 0.749023 0.257180 0.750977 0.257180 0.754883 0.262402 0.756836 0.262402 0.757812 0.263708 0.761719 0.263708 0.762695 0.262402 0.770508 0.259791 0.772461 0.257180 0.773438 0.257180 0.773438 0.255875 0.775391 0.253264 0.775391 0.250653 0.779297 0.240209 0.780273 0.233681 0.783203 0.227154 0.784180 0.220627 0.786133 0.216710 0.786133 0.210183 0.784180 0.207572 0.774414 0.201044 0.771484 0.201044 0.770508 0.199739 0.767578 0.199739 0.766602 0.198433 0.756836 0.198433
0 0.731445 0.142298 0.724609 0.134465 0.712891 0.126632 0.706055 0.126632 0.705078 0.125326 0.704102 0.126632 0.702148 0.126632 0.700195 0.127937 0.694336 0.135770 0.691406 0.137076 0.689453 0.139687 0.689453 0.142298 0.687500 0.147520 0.688477 0.150131 0.688477 0.174935 0.693359 0.182768 0.695312 0.182768 0.696289 0.184073 0.708008 0.184073 0.711914 0.181462 0.714844 0.181462 0.715820 0.180157 0.718750 0.180157 0.719727 0.178851 0.722656 0.178851 0.723633 0.177546 0.726562 0.177546 0.728516 0.176240 0.730469 0.173629 0.730469 0.168407 0.731445 0.167102
0 0.757812 0.135770 0.750977 0.140992 0.749023 0.140992 0.748047 0.142298 0.746094 0.142298 0.744141 0.143603 0.741211 0.147520 0.739258 0.148825 0.739258 0.151436 0.737305 0.154047 0.738281 0.155352 0.738281 0.160574 0.737305 0.161880 0.737305 0.172324 0.738281 0.174935 0.742188 0.177546 0.754883 0.194517 0.756836 0.194517 0.757812 0.195822 0.761719 0.195822 0.763672 0.197128 0.764648 0.195822 0.766602 0.195822 0.770508 0.190601 0.771484 0.190601 0.780273 0.177546 0.781250 0.174935 0.781250 0.172324 0.782227 0.171018 0.782227 0.163185 0.781250 0.161880 0.781250 0.159269 0.780273 0.156658 0.778320 0.154047 0.777344 0.154047 0.771484 0.146214 0.765625 0.142298 0.761719 0.137076 0.761719 0.135770
0 0.765625 0.053525 0.761719 0.053525 0.760742 0.054830 0.758789 0.054830 0.754883 0.060052 0.750000 0.062663 0.748047 0.065274 0.746094 0.070496 0.748047 0.075718 0.739258 0.095300 0.739258 0.097911 0.740234 0.099217 0.740234 0.101828 0.741211 0.104439 0.745117 0.108355 0.746094 0.108355 0.750000 0.114883 0.752930 0.116188 0.757812 0.121410 0.760742 0.121410 0.769531 0.114883 0.772461 0.114883 0.774414 0.113577 0.777344 0.105744 0.779297 0.103133 0.779297 0.100522 0.781250 0.097911 0.782227 0.095300 0.782227 0.091384 0.783203 0.090078 0.783203 0.083551 0.782227 0.082245 0.782227 0.078329 0.783203 0.077023 0.783203 0.070496 0.773438 0.058747
0 0.837891 0.109661 0.834961 0.105744 0.832031 0.104439 0.828125 0.099217 0.826172 0.097911 0.824219 0.099217 0.820312 0.099217 0.819336 0.100522 0.816406 0.100522 0.813477 0.103133 0.805664 0.103133 0.803711 0.105744 0.799805 0.108355 0.797852 0.108355 0.793945 0.113577 0.792969 0.116188 0.792969 0.118799 0.791992 0.120104 0.791992 0.122715 0.791016 0.124021 0.791016 0.133159 0.791992 0.134465 0.791992 0.139687 0.790039 0.142298 0.790039 0.143603 0.793945 0.148825 0.797852 0.151436 0.799805 0.151436 0.804688 0.155352 0.818359 0.155352 0.822266 0.151436 0.824219 0.151436 0.825195 0.150131 0.828125 0.150131 0.833008 0.144909 0.833008 0.139687 0.833984 0.138381 0.833984 0.134465 0.835938 0.129243 0.835938 0.122715 0.837891 0.117493
0 0.793945 0.168407 0.792969 0.171018 0.789062 0.174935 0.790039 0.180157 0.786133 0.185379 0.786133 0.193211 0.789062 0.199739 0.789062 0.207572 0.790039 0.208877 0.791016 0.215405 0.792969 0.218016 0.792969 0.219321 0.796875 0.221932 0.800781 0.221932 0.803711 0.224543 0.806641 0.224543 0.807617 0.225849 0.817383 0.225849 0.824219 0.219321 0.825195 0.219321 0.827148 0.215405 0.827148 0.212794 0.828125 0.211488 0.828125 0.207572 0.829102 0.206266 0.829102 0.195822 0.830078 0.194517 0.830078 0.172324 0.827148 0.168407 0.825195 0.168407 0.821289 0.165796 0.807617 0.165796 0.806641 0.167102 0.796875 0.167102 0.795898 0.168407
0 0.825195 0.221932 0.825195 0.224543 0.821289 0.229765 0.820312 0.233681 0.817383 0.237598 0.817383 0.250653 0.814453 0.258486 0.815430 0.259791 0.815430 0.263708 0.817383 0.265013 0.820312 0.268930 0.820312 0.271540 0.823242 0.274151 0.828125 0.274151 0.829102 0.275457 0.841797 0.275457 0.846680 0.280679 0.849609 0.280679 0.853516 0.272846 0.853516 0.270235 0.854492 0.268930 0.854492 0.266319 0.856445 0.261097 0.857422 0.251958 0.858398 0.250653 0.858398 0.248042 0.859375 0.246736 0.859375 0.242820 0.860352 0.241514 0.860352 0.228460 0.858398 0.225849 0.853516 0.225849 0.852539 0.224543 0.850586 0.224543 0.849609 0.223238 0.846680 0.223238 0.845703 0.221932 0.843750 0.221932 0.842773 0.223238 0.840820 0.223238 0.839844 0.221932 0.833008 0.221932 0.832031 0.220627 0.827148 0.220627
0 0.848633 0.125326 0.836914 0.139687 0.836914 0.140992 0.833984 0.146214 0.833984 0.148825 0.833008 0.150131 0.832031 0.156658 0.830078 0.159269 0.828125 0.164491 0.831055 0.169713 0.833008 0.177546 0.838867 0.185379 0.840820 0.186684 0.842773 0.186684 0.843750 0.187990 0.862305 0.187990 0.863281 0.186684 0.865234 0.186684 0.867188 0.184073 0.868164 0.181462 0.868164 0.178851 0.869141 0.177546 0.869141 0.174935 0.872070 0.171018 0.873047 0.168407 0.873047 0.165796 0.874023 0.164491 0.874023 0.161880 0.875977 0.156658 0.875977 0.151436 0.872070 0.148825 0.867188 0.142298 0.866211 0.142298 0.862305 0.137076 0.861328 0.137076 0.854492 0.127937 0.850586 0.125326
0 0.899414 0.193211 0.897461 0.195822 0.896484 0.195822 0.890625 0.203655 0.889648 0.206266 0.889648 0.216710 0.893555 0.227154 0.896484 0.231070 0.898438 0.236292 0.898438 0.238903 0.900391 0.242820 0.900391 0.246736 0.902344 0.251958 0.904297 0.254569 0.913086 0.254569 0.920898 0.249347 0.933594 0.236292 0.934570 0.233681 0.934570 0.220627 0.932617 0.216710 0.932617 0.214099 0.931641 0.212794 0.931641 0.210183 0.929688 0.204961 0.927734 0.202350 0.925781 0.195822 0.922852 0.191906 0.903320 0.191906 0.902344 0.193211
0 0.934570 0.236292 0.933594 0.237598 0.932617 0.237598 0.928711 0.242820 0.927734 0.242820 0.923828 0.248042 0.922852 0.248042 0.920898 0.250653 0.919922 0.250653 0.917969 0.253264 0.916992 0.253264 0.914062 0.257180 0.915039 0.258486 0.916016 0.258486 0.916992 0.259791 0.917969 0.259791 0.925781 0.270235 0.925781 0.271540 0.926758 0.272846 0.926758 0.274151 0.928711 0.276762 0.928711 0.278068 0.929688 0.279373 0.929688 0.280679 0.931641 0.283290 0.932617 0.281984 0.933594 0.281984 0.937500 0.276762 0.937500 0.275457 0.939453 0.272846 0.939453 0.271540 0.940430 0.270235 0.940430 0.268930 0.942383 0.266319 0.942383 0.265013 0.943359 0.263708 0.943359 0.262402 0.945312 0.259791 0.945312 0.258486 0.946289 0.257180 0.946289 0.250653 0.944336 0.248042 0.944336 0.246736 0.938477 0.238903 0.937500 0.238903
0 0.915039 0.257180 0.912109 0.257180 0.911133 0.258486 0.909180 0.258486 0.908203 0.259791 0.906250 0.259791 0.905273 0.261097 0.903320 0.261097 0.902344 0.262402 0.898438 0.263708 0.895508 0.267624 0.890625 0.270235 0.887695 0.278068 0.884766 0.281984 0.881836 0.283290 0.878906 0.287206 0.877930 0.289817 0.878906 0.291123 0.878906 0.298956 0.879883 0.300261 0.879883 0.302872 0.884766 0.310705 0.884766 0.312010 0.891602 0.318538 0.894531 0.318538 0.895508 0.319843 0.909180 0.319843 0.910156 0.318538 0.914062 0.318538 0.917969 0.313316 0.922852 0.310705 0.922852 0.305483 0.926758 0.302872 0.929688 0.297650 0.933594 0.295039 0.933594 0.288512 0.931641 0.283290 0.927734 0.278068 0.924805 0.270235
0 0.946289 0.289817 0.941406 0.289817 0.939453 0.292428 0.936523 0.293734 0.935547 0.295039 0.935547 0.301567 0.934570 0.304178 0.931641 0.308094 0.926758 0.310705 0.918945 0.321149 0.922852 0.331593 0.922852 0.336815 0.926758 0.339426 0.930664 0.344648 0.932617 0.345953 0.934570 0.345953 0.939453 0.349869 0.940430 0.348564 0.945312 0.348564 0.946289 0.347258 0.948242 0.347258 0.952148 0.343342 0.953125 0.343342 0.956055 0.339426 0.956055 0.338120 0.958008 0.336815 0.958984 0.332898 0.964844 0.326371 0.964844 0.315927 0.963867 0.314621 0.963867 0.312010 0.962891 0.310705 0.961914 0.304178 0.959961 0.301567 0.959961 0.300261 0.954102 0.293734 0.950195 0.291123 0.947266 0.291123
0 0.902344 0.336815 0.907227 0.339426 0.908203 0.342037 0.904297 0.345953 0.903320 0.345953 0.904297 0.352480 0.902344 0.356397 0.901367 0.364230 0.896484 0.374674 0.896484 0.379896 0.895508 0.382507 0.897461 0.385117 0.900391 0.394256 0.903320 0.396867 0.910156 0.396867 0.911133 0.398172 0.913086 0.398172 0.914062 0.396867 0.916992 0.396867 0.918945 0.398172 0.919922 0.396867 0.922852 0.396867 0.926758 0.394256 0.935547 0.383812 0.937500 0.378590 0.937500 0.375979 0.938477 0.374674 0.938477 0.359008 0.939453 0.357702 0.938477 0.351175 0.936523 0.348564 0.934570 0.348564 0.931641 0.345953 0.929688 0.345953 0.923828 0.342037 0.920898 0.336815 0.916016 0.336815 0.915039 0.335509 0.905273 0.335509 0.904297 0.336815
