0 0.187500 0.103133 0.185547 0.104439 0.181641 0.110966 0.181641 0.114883 0.180664 0.116188 0.180664 0.122715 0.179688 0.124021 0.179688 0.126632 0.177734 0.131854 0.179688 0.137076 0.183594 0.142298 0.185547 0.148825 0.188477 0.154047 0.189453 0.159269 0.190430 0.159269 0.193359 0.164491 0.194336 0.164491 0.196289 0.167102 0.202148 0.167102 0.203125 0.165796 0.208984 0.164491 0.211914 0.159269 0.217773 0.155352 0.219727 0.152742 0.220703 0.147520 0.221680 0.146214 0.221680 0.143603 0.229492 0.125326 0.229492 0.116188 0.223633 0.109661 0.219727 0.107050 0.217773 0.107050 0.216797 0.105744 0.210938 0.104439 0.209961 0.103133 0.208008 0.103133 0.207031 0.104439
0 0.118164 0.207572 0.118164 0.208877 0.114258 0.215405 0.114258 0.218016 0.113281 0.219321 0.113281 0.221932 0.116211 0.227154 0.117188 0.227154 0.121094 0.232376 0.125977 0.234987 0.127930 0.237598 0.133789 0.240209 0.142578 0.249347 0.146484 0.249347 0.147461 0.250653 0.152344 0.250653 0.154297 0.249347 0.157227 0.251958 0.159180 0.251958 0.159180 0.244125 0.160156 0.241514 0.164062 0.236292 0.163086 0.234987 0.163086 0.231070 0.164062 0.229765 0.164062 0.219321 0.163086 0.218016 0.163086 0.212794 0.166016 0.207572 0.166016 0.204961 0.165039 0.204961 0.162109 0.201044 0.160156 0.201044 0.157227 0.198433 0.155273 0.198433 0.153320 0.195822 0.149414 0.193211 0.147461 0.193211 0.146484 0.191906 0.139648 0.191906 0.138672 0.193211 0.134766 0.193211 0.133789 0.194517 0.129883 0.195822 0.127930 0.198433 0.125000 0.199739 0.120117 0.206266
0 0.059570 0.250653 0.057617 0.253264 0.057617 0.255875 0.056641 0.257180 0.056641 0.261097 0.057617 0.262402 0.057617 0.266319 0.058594 0.267624 0.058594 0.281984 0.057617 0.283290 0.057617 0.287206 0.056641 0.288512 0.056641 0.292428 0.055664 0.293734 0.057617 0.298956 0.059570 0.301567 0.060547 0.305483 0.061523 0.305483 0.063477 0.308094 0.065430 0.308094 0.071289 0.312010 0.076172 0.312010 0.077148 0.310705 0.079102 0.310705 0.081055 0.309399 0.083984 0.305483 0.088867 0.302872 0.091797 0.298956 0.091797 0.295039 0.088867 0.288512 0.088867 0.285901 0.087891 0.284595 0.087891 0.280679 0.086914 0.279373 0.086914 0.275457 0.087891 0.274151 0.087891 0.259791 0.086914 0.258486 0.086914 0.253264 0.083984 0.250653 0.082031 0.250653 0.081055 0.249347 0.078125 0.249347 0.077148 0.248042 0.068359 0.248042 0.067383 0.249347 0.064453 0.249347 0.063477 0.250653
0 0.123047 0.257180 0.119141 0.262402 0.118164 0.265013 0.118164 0.275457 0.119141 0.276762 0.119141 0.284595 0.120117 0.285901 0.120117 0.289817 0.123047 0.293734 0.124023 0.293734 0.128906 0.301567 0.129883 0.301567 0.131836 0.304178 0.135742 0.306789 0.139648 0.312010 0.152344 0.312010 0.154297 0.310705 0.157227 0.306789 0.157227 0.304178 0.158203 0.302872 0.158203 0.295039 0.157227 0.293734 0.157227 0.276762 0.158203 0.275457 0.158203 0.267624 0.160156 0.263708 0.158203 0.258486 0.153320 0.257180 0.147461 0.253264 0.143555 0.253264 0.142578 0.251958 0.134766 0.251958 0.133789 0.253264 0.128906 0.253264
0 0.204102 0.214099 0.199219 0.219321 0.193359 0.223238 0.184570 0.237598 0.183594 0.240209 0.183594 0.245431 0.182617 0.246736 0.182617 0.253264 0.183594 0.254569 0.183594 0.257180 0.193359 0.271540 0.197266 0.274151 0.199219 0.274151 0.200195 0.275457 0.205078 0.276762 0.206055 0.278068 0.210938 0.278068 0.216797 0.274151 0.218750 0.274151 0.222656 0.268930 0.222656 0.266319 0.231445 0.244125 0.231445 0.236292 0.228516 0.232376 0.226562 0.227154 0.218750 0.216710 0.216797 0.215405 0.211914 0.215405 0.210938 0.214099
0 0.238281 0.177546 0.236328 0.181462 0.236328 0.184073 0.235352 0.185379 0.235352 0.190601 0.234375 0.191906 0.234375 0.194517 0.232422 0.199739 0.232422 0.210183 0.235352 0.218016 0.236328 0.227154 0.242188 0.233681 0.244141 0.233681 0.245117 0.234987 0.250000 0.234987 0.250977 0.236292 0.256836 0.237598 0.257812 0.238903 0.263672 0.238903 0.267578 0.236292 0.274414 0.227154 0.277344 0.219321 0.277344 0.214099 0.276367 0.212794 0.275391 0.204961 0.274414 0.203655 0.274414 0.193211 0.276367 0.187990 0.276367 0.180157 0.274414 0.177546 0.268555 0.177546 0.267578 0.176240 0.264648 0.176240 0.263672 0.174935 0.260742 0.174935 0.259766 0.173629 0.250977 0.173629 0.250000 0.174935 0.245117 0.174935 0.244141 0.176240 0.240234 0.176240
0 0.287109 0.218016 0.286133 0.219321 0.284180 0.219321 0.282227 0.220627 0.278320 0.225849 0.278320 0.227154 0.276367 0.229765 0.276367 0.232376 0.274414 0.234987 0.274414 0.237598 0.273438 0.238903 0.273438 0.242820 0.272461 0.244125 0.272461 0.266319 0.273438 0.268930 0.277344 0.274151 0.279297 0.275457 0.281250 0.275457 0.282227 0.276762 0.285156 0.276762 0.286133 0.278068 0.290039 0.278068 0.291016 0.279373 0.295898 0.280679 0.297852 0.279373 0.299805 0.275457 0.299805 0.268930 0.300781 0.267624 0.300781 0.261097 0.301758 0.259791 0.302734 0.253264 0.304688 0.248042 0.310547 0.240209 0.310547 0.237598 0.311523 0.236292 0.311523 0.229765 0.310547 0.227154 0.307617 0.223238 0.306641 0.223238 0.302734 0.219321 0.300781 0.219321 0.299805 0.218016
0 0.327148 0.148825 0.325195 0.151436 0.322266 0.160574 0.320312 0.163185 0.316406 0.173629 0.316406 0.176240 0.313477 0.182768 0.313477 0.186684 0.312500 0.187990 0.312500 0.193211 0.311523 0.195822 0.312500 0.197128 0.312500 0.202350 0.315430 0.210183 0.320312 0.218016 0.322266 0.219321 0.330078 0.219321 0.333008 0.221932 0.336914 0.223238 0.345703 0.210183 0.355469 0.202350 0.355469 0.199739 0.357422 0.194517 0.357422 0.180157 0.353516 0.171018 0.353516 0.168407 0.351562 0.163185 0.347656 0.156658 0.344727 0.155352 0.342773 0.152742 0.340820 0.152742 0.339844 0.151436 0.337891 0.151436 0.333984 0.148825
0 0.243164 0.237598 0.235352 0.242820 0.233398 0.242820 0.231445 0.249347 0.229492 0.251958 0.224609 0.265013 0.224609 0.274151 0.223633 0.275457 0.223633 0.279373 0.224609 0.280679 0.224609 0.283290 0.229492 0.289817 0.231445 0.291123 0.234375 0.291123 0.238281 0.295039 0.242188 0.297650 0.244141 0.297650 0.245117 0.298956 0.251953 0.298956 0.252930 0.297650 0.255859 0.297650 0.257812 0.296345 0.266602 0.284595 0.269531 0.283290 0.269531 0.279373 0.268555 0.278068 0.268555 0.274151 0.267578 0.272846 0.267578 0.266319 0.266602 0.265013 0.266602 0.262402 0.265625 0.259791 0.259766 0.253264 0.259766 0.251958 0.252930 0.241514 0.250977 0.240209 0.249023 0.240209 0.248047 0.238903 0.245117 0.238903
0 0.264648 0.289817 0.261719 0.293734 0.259766 0.298956 0.259766 0.301567 0.262695 0.309399 0.262695 0.312010 0.264648 0.315927 0.264648 0.318538 0.267578 0.323760 0.267578 0.325065 0.269531 0.327676 0.270508 0.330287 0.270508 0.332898 0.278320 0.342037 0.282227 0.344648 0.284180 0.343342 0.287109 0.343342 0.288086 0.342037 0.291016 0.342037 0.294922 0.339426 0.296875 0.334204 0.303711 0.325065 0.304688 0.322454 0.304688 0.317232 0.305664 0.315927 0.304688 0.313316 0.304688 0.310705 0.303711 0.309399 0.304688 0.308094 0.304688 0.305483 0.297852 0.297650 0.295898 0.289817 0.294922 0.288512 0.291992 0.288512 0.291016 0.287206 0.282227 0.287206 0.281250 0.285901 0.272461 0.285901 0.271484 0.287206 0.269531 0.287206 0.268555 0.288512 0.266602 0.288512
0 0.311523 0.242820 0.309570 0.245431 0.306641 0.246736 0.303711 0.253264 0.303711 0.255875 0.301758 0.261097 0.301758 0.272846 0.300781 0.274151 0.299805 0.280679 0.315430 0.300261 0.316406 0.300261 0.322266 0.306789 0.328125 0.310705 0.335938 0.310705 0.337891 0.308094 0.344727 0.304178 0.347656 0.300261 0.348633 0.300261 0.350586 0.296345 0.350586 0.284595 0.349609 0.283290 0.349609 0.279373 0.347656 0.274151 0.347656 0.270235 0.346680 0.268930 0.345703 0.262402 0.342773 0.255875 0.341797 0.255875 0.337891 0.250653 0.334961 0.249347 0.333008 0.246736 0.327148 0.242820 0.324219 0.242820 0.323242 0.241514 0.314453 0.241514 0.313477 0.242820
0 0.182617 0.298956 0.180664 0.300261 0.173828 0.309399 0.172852 0.309399 0.164062 0.321149 0.163086 0.323760 0.163086 0.331593 0.162109 0.332898 0.162109 0.335509 0.168945 0.343342 0.176758 0.348564 0.179688 0.353786 0.181641 0.355091 0.183594 0.355091 0.186523 0.357702 0.188477 0.357702 0.189453 0.359008 0.193359 0.356397 0.200195 0.355091 0.203125 0.349869 0.203125 0.348564 0.205078 0.345953 0.205078 0.343342 0.207031 0.338120 0.207031 0.325065 0.206055 0.323760 0.206055 0.317232 0.205078 0.315927 0.205078 0.313316 0.206055 0.310705 0.200195 0.306789 0.198242 0.304178 0.194336 0.301567 0.192383 0.301567 0.189453 0.298956
0 0.218750 0.295039 0.215820 0.298956 0.215820 0.301567 0.213867 0.306789 0.211914 0.309399 0.210938 0.312010 0.210938 0.315927 0.209961 0.317232 0.209961 0.331593 0.215820 0.347258 0.217773 0.347258 0.218750 0.348564 0.223633 0.348564 0.231445 0.353786 0.237305 0.353786 0.238281 0.355091 0.245117 0.355091 0.247070 0.352480 0.248047 0.347258 0.251953 0.340731 0.251953 0.336815 0.252930 0.335509 0.252930 0.330287 0.250977 0.327676 0.250000 0.322454 0.249023 0.321149 0.249023 0.317232 0.250977 0.315927 0.250977 0.314621 0.250000 0.314621 0.248047 0.317232 0.247070 0.315927 0.247070 0.310705 0.244141 0.302872 0.236328 0.293734 0.234375 0.293734 0.233398 0.292428 0.226562 0.292428 0.225586 0.293734
0 0.136719 0.312010 0.132812 0.306789 0.128906 0.304178 0.123047 0.296345 0.123047 0.295039 0.121094 0.293734 0.108398 0.295039 0.107422 0.296345 0.104492 0.296345 0.101562 0.298956 0.096680 0.300261 0.094727 0.302872 0.093750 0.302872 0.093750 0.304178 0.091797 0.306789 0.090820 0.306789 0.083984 0.315927 0.083984 0.323760 0.084961 0.325065 0.084961 0.327676 0.083984 0.328982 0.083984 0.342037 0.090820 0.349869 0.097656 0.349869 0.099609 0.351175 0.100586 0.349869 0.104492 0.349869 0.105469 0.348564 0.110352 0.348564 0.112305 0.351175 0.115234 0.352480 0.128906 0.336815 0.129883 0.331593 0.132812 0.323760 0.136719 0.317232
0 0.162109 0.340731 0.150391 0.344648 0.148438 0.347258 0.148438 0.348564 0.145508 0.351175 0.145508 0.352480 0.142578 0.357702 0.142578 0.361619 0.141602 0.362924 0.141602 0.368146 0.139648 0.373368 0.139648 0.385117 0.141602 0.389034 0.145508 0.390339 0.148438 0.394256 0.148438 0.395561 0.149414 0.395561 0.152344 0.399478 0.156250 0.400783 0.157227 0.402089 0.160156 0.402089 0.161133 0.403394 0.164062 0.400783 0.166016 0.400783 0.166992 0.399478 0.169922 0.399478 0.172852 0.396867 0.174805 0.396867 0.178711 0.394256 0.180664 0.391645 0.181641 0.391645 0.187500 0.383812 0.187500 0.379896 0.188477 0.378590 0.187500 0.375979 0.187500 0.369452 0.186523 0.368146 0.186523 0.361619 0.185547 0.359008 0.179688 0.355091 0.174805 0.348564 0.168945 0.344648 0.166016 0.344648
0 0.215820 0.349869 0.214844 0.351175 0.212891 0.351175 0.207031 0.355091 0.205078 0.357702 0.202148 0.359008 0.199219 0.362924 0.199219 0.394256 0.200195 0.395561 0.201172 0.400783 0.208008 0.408616 0.210938 0.409922 0.214844 0.415144 0.221680 0.415144 0.225586 0.412533 0.230469 0.407311 0.232422 0.407311 0.235352 0.404700 0.240234 0.404700 0.244141 0.402089 0.245117 0.399478 0.245117 0.383812 0.246094 0.382507 0.246094 0.374674 0.242188 0.368146 0.242188 0.366841 0.241211 0.366841 0.238281 0.362924 0.235352 0.361619 0.229492 0.355091 0.223633 0.351175 0.217773 0.351175
0 0.269531 0.338120 0.265625 0.340731 0.262695 0.344648 0.261719 0.344648 0.256836 0.351175 0.256836 0.352480 0.253906 0.356397 0.253906 0.357702 0.250000 0.361619 0.248047 0.366841 0.248047 0.379896 0.249023 0.382507 0.260742 0.396867 0.264648 0.399478 0.266602 0.399478 0.267578 0.400783 0.270508 0.400783 0.271484 0.402089 0.275391 0.402089 0.276367 0.403394 0.283203 0.403394 0.287109 0.399478 0.288086 0.399478 0.291016 0.395561 0.291016 0.392950 0.294922 0.386423 0.295898 0.383812 0.295898 0.369452 0.288086 0.352480 0.287109 0.352480 0.283203 0.347258 0.282227 0.347258 0.280273 0.344648 0.276367 0.342037 0.273438 0.338120
0 0.310547 0.323760 0.309570 0.325065 0.307617 0.325065 0.305664 0.326371 0.298828 0.334204 0.297852 0.338120 0.295898 0.340731 0.295898 0.347258 0.294922 0.348564 0.294922 0.353786 0.297852 0.361619 0.297852 0.365535 0.299805 0.368146 0.302734 0.378590 0.305664 0.382507 0.307617 0.382507 0.308594 0.383812 0.312500 0.383812 0.313477 0.385117 0.320312 0.385117 0.328125 0.379896 0.331055 0.375979 0.333984 0.374674 0.336914 0.369452 0.340820 0.369452 0.341797 0.366841 0.341797 0.352480 0.333008 0.340731 0.331055 0.339426 0.330078 0.335509 0.327148 0.334204 0.325195 0.331593 0.324219 0.331593 0.317383 0.325065
0 0.311523 0.394256 0.305664 0.394256 0.304688 0.395561 0.300781 0.395561 0.299805 0.396867 0.297852 0.396867 0.295898 0.398172 0.290039 0.404700 0.290039 0.406005 0.287109 0.409922 0.285156 0.416449 0.282227 0.420366 0.282227 0.426893 0.284180 0.432115 0.287109 0.436031 0.287109 0.437337 0.289062 0.439948 0.289062 0.441253 0.291016 0.443864 0.291016 0.445170 0.292969 0.447781 0.294922 0.453003 0.300781 0.460836 0.306641 0.460836 0.316406 0.454308 0.318359 0.451697 0.319336 0.449086 0.319336 0.446475 0.322266 0.441253 0.323242 0.437337 0.325195 0.434726 0.325195 0.432115 0.326172 0.430809 0.325195 0.428198 0.325195 0.425587 0.324219 0.424282 0.324219 0.419060 0.323242 0.417755 0.323242 0.415144 0.321289 0.409922 0.319336 0.407311 0.319336 0.406005 0.317383 0.403394 0.315430 0.398172
0 0.276367 0.419060 0.272461 0.419060 0.271484 0.417755 0.260742 0.417755 0.259766 0.419060 0.257812 0.419060 0.255859 0.420366 0.253906 0.422977 0.250000 0.425587 0.246094 0.430809 0.246094 0.439948 0.247070 0.441253 0.247070 0.449086 0.248047 0.450392 0.248047 0.456919 0.250000 0.462141 0.251953 0.464752 0.254883 0.473890 0.255859 0.473890 0.259766 0.477807 0.262695 0.477807 0.263672 0.479112 0.264648 0.477807 0.268555 0.477807 0.269531 0.476501 0.271484 0.476501 0.274414 0.473890 0.276367 0.473890 0.283203 0.467363 0.285156 0.467363 0.287109 0.463446 0.290039 0.463446 0.291992 0.460836 0.291016 0.460836 0.288086 0.456919 0.289062 0.454308 0.289062 0.446475 0.286133 0.441253 0.285156 0.437337 0.282227 0.433420 0.282227 0.430809 0.279297 0.424282 0.279297 0.421671
0 0.243164 0.430809 0.230469 0.430809 0.229492 0.432115 0.211914 0.432115 0.208008 0.436031 0.208008 0.437337 0.206055 0.439948 0.206055 0.442559 0.205078 0.443864 0.205078 0.456919 0.206055 0.458225 0.206055 0.462141 0.207031 0.463446 0.210938 0.475196 0.213867 0.480418 0.214844 0.480418 0.215820 0.481723 0.218750 0.481723 0.219727 0.483029 0.232422 0.483029 0.233398 0.481723 0.235352 0.481723 0.238281 0.479112 0.240234 0.479112 0.242188 0.476501 0.242188 0.475196 0.246094 0.466057 0.246094 0.462141 0.247070 0.460836 0.247070 0.451697 0.246094 0.450392 0.246094 0.445170 0.245117 0.443864 0.245117 0.437337 0.244141 0.436031 0.244141 0.432115
0 0.137695 0.422977 0.136719 0.424282 0.135742 0.424282 0.129883 0.432115 0.129883 0.433420 0.127930 0.436031 0.127930 0.437337 0.126953 0.438642 0.126953 0.441253 0.125977 0.442559 0.125977 0.455614 0.126953 0.456919 0.126953 0.458225 0.128906 0.462141 0.128906 0.464752 0.131836 0.471279 0.132812 0.471279 0.133789 0.472585 0.135742 0.472585 0.140625 0.476501 0.142578 0.476501 0.143555 0.477807 0.148438 0.477807 0.149414 0.479112 0.150391 0.477807 0.153320 0.476501 0.155273 0.473890 0.156250 0.473890 0.157227 0.472585 0.159180 0.472585 0.160156 0.471279 0.163086 0.469974 0.165039 0.467363 0.166992 0.467363 0.167969 0.466057 0.168945 0.466057 0.170898 0.463446 0.170898 0.462141 0.171875 0.460836 0.170898 0.459530 0.170898 0.455614 0.169922 0.454308 0.169922 0.449086 0.168945 0.447781 0.168945 0.446475 0.160156 0.434726 0.158203 0.434726 0.156250 0.432115 0.155273 0.432115 0.154297 0.430809 0.154297 0.429504 0.153320 0.429504 0.149414 0.422977 0.147461 0.422977 0.146484 0.421671 0.143555 0.421671 0.142578 0.422977
0 0.086914 0.403394 0.085938 0.404700 0.083008 0.404700 0.080078 0.408616 0.079102 0.415144 0.074219 0.425587 0.074219 0.430809 0.072266 0.436031 0.073242 0.441253 0.072266 0.442559 0.072266 0.447781 0.071289 0.449086 0.071289 0.454308 0.070312 0.455614 0.070312 0.462141 0.071289 0.464752 0.075195 0.469974 0.077148 0.469974 0.078125 0.471279 0.084961 0.471279 0.085938 0.472585 0.091797 0.472585 0.094727 0.469974 0.094727 0.466057 0.096680 0.463446 0.106445 0.456919 0.108398 0.451697 0.108398 0.447781 0.107422 0.445170 0.109375 0.441253 0.109375 0.436031 0.108398 0.433420 0.100586 0.422977 0.098633 0.412533 0.096680 0.411227 0.091797 0.411227 0.089844 0.408616 0.091797 0.406005 0.094727 0.404700 0.092773 0.404700 0.091797 0.403394
0 0.081055 0.493473 0.081055 0.502611 0.080078 0.503916 0.080078 0.507833 0.079102 0.509138 0.079102 0.523499 0.080078 0.524804 0.080078 0.528721 0.083984 0.535248 0.087891 0.537859 0.090820 0.537859 0.091797 0.539164 0.095703 0.539164 0.096680 0.537859 0.099609 0.537859 0.100586 0.536554 0.103516 0.536554 0.104492 0.535248 0.115234 0.535248 0.116211 0.533943 0.119141 0.533943 0.120117 0.531332 0.120117 0.528721 0.124023 0.520888 0.124023 0.507833 0.123047 0.506527 0.123047 0.503916 0.120117 0.500000 0.118164 0.494778 0.118164 0.492167 0.116211 0.489556 0.114258 0.488251 0.111328 0.488251 0.107422 0.485640 0.100586 0.485640 0.099609 0.484334 0.087891 0.484334 0.086914 0.486945
0 0.205078 0.473890 0.202148 0.469974 0.202148 0.468668 0.196289 0.462141 0.191406 0.462141 0.190430 0.463446 0.187500 0.463446 0.186523 0.464752 0.183594 0.464752 0.182617 0.466057 0.176758 0.466057 0.175781 0.467363 0.171875 0.467363 0.166016 0.471279 0.164062 0.471279 0.159180 0.475196 0.157227 0.475196 0.153320 0.480418 0.153320 0.493473 0.154297 0.494778 0.154297 0.497389 0.156250 0.502611 0.156250 0.507833 0.157227 0.510444 0.160156 0.514360 0.164062 0.516971 0.169922 0.518277 0.173828 0.520888 0.179688 0.520888 0.181641 0.522193 0.182617 0.520888 0.186523 0.520888 0.189453 0.518277 0.193359 0.518277 0.191406 0.518277 0.190430 0.516971 0.190430 0.513055 0.194336 0.510444 0.199219 0.505222 0.201172 0.500000 0.201172 0.485640 0.206055 0.477807
0 0.225586 0.497389 0.225586 0.500000 0.224609 0.501305 0.224609 0.506527 0.223633 0.507833 0.224609 0.509138 0.224609 0.513055 0.227539 0.518277 0.227539 0.519582 0.230469 0.523499 0.232422 0.530026 0.235352 0.532637 0.240234 0.533943 0.243164 0.536554 0.249023 0.536554 0.250000 0.537859 0.253906 0.537859 0.261719 0.532637 0.263672 0.532637 0.265625 0.530026 0.266602 0.530026 0.269531 0.524804 0.269531 0.513055 0.268555 0.511749 0.268555 0.509138 0.264648 0.498695 0.262695 0.496084 0.260742 0.490862 0.260742 0.488251 0.258789 0.485640 0.255859 0.485640 0.248047 0.480418 0.241211 0.480418 0.237305 0.484334 0.234375 0.485640 0.231445 0.489556 0.230469 0.489556 0.230469 0.490862
0 0.302734 0.472585 0.297852 0.472585 0.296875 0.473890 0.289062 0.473890 0.283203 0.477807 0.273438 0.477807 0.272461 0.479112 0.269531 0.479112 0.267578 0.480418 0.263672 0.485640 0.263672 0.490862 0.269531 0.506527 0.269531 0.509138 0.272461 0.516971 0.276367 0.522193 0.276367 0.523499 0.279297 0.528721 0.297852 0.528721 0.298828 0.527415 0.302734 0.527415 0.304688 0.524804 0.306641 0.524804 0.308594 0.522193 0.309570 0.522193 0.312500 0.518277 0.313477 0.515666 0.313477 0.509138 0.312500 0.507833 0.312500 0.502611 0.311523 0.501305 0.311523 0.492167 0.308594 0.486945 0.307617 0.483029 0.302734 0.476501
0 0.333008 0.494778 0.332031 0.496084 0.330078 0.496084 0.328125 0.497389 0.328125 0.498695 0.324219 0.503916 0.324219 0.505222 0.322266 0.506527 0.320312 0.509138 0.320312 0.510444 0.314453 0.518277 0.313477 0.520888 0.313477 0.523499 0.312500 0.524804 0.312500 0.527415 0.313477 0.528721 0.313477 0.532637 0.314453 0.535248 0.321289 0.544386 0.321289 0.545692 0.324219 0.548303 0.324219 0.549608 0.326172 0.552219 0.332031 0.556136 0.342773 0.556136 0.344727 0.554830 0.349609 0.548303 0.350586 0.544386 0.361328 0.527415 0.362305 0.524804 0.362305 0.513055 0.361328 0.511749 0.361328 0.509138 0.359375 0.503916 0.357422 0.501305 0.352539 0.501305 0.351562 0.500000 0.348633 0.500000 0.347656 0.498695 0.342773 0.498695 0.341797 0.497389 0.337891 0.497389 0.336914 0.496084 0.334961 0.496084
0 0.282227 0.532637 0.280273 0.533943 0.274414 0.541775 0.274414 0.543081 0.272461 0.545692 0.272461 0.548303 0.270508 0.553525 0.270508 0.562663 0.272461 0.567885 0.274414 0.570496 0.274414 0.571802 0.285156 0.586162 0.287109 0.587467 0.289062 0.587467 0.290039 0.588773 0.301758 0.588773 0.305664 0.586162 0.308594 0.580940 0.308594 0.579634 0.310547 0.577023 0.311523 0.570496 0.312500 0.567885 0.315430 0.563969 0.315430 0.561358 0.316406 0.560052 0.316406 0.550914 0.313477 0.543081 0.310547 0.539164 0.309570 0.535248 0.306641 0.531332 0.302734 0.531332 0.301758 0.532637 0.291992 0.532637 0.291016 0.531332 0.285156 0.531332 0.284180 0.532637
0 0.205078 0.524804 0.199219 0.528721 0.194336 0.533943 0.193359 0.533943 0.192383 0.536554 0.192383 0.539164 0.191406 0.540470 0.191406 0.543081 0.189453 0.548303 0.189453 0.552219 0.188477 0.553525 0.188477 0.574413 0.189453 0.575718 0.193359 0.575718 0.194336 0.577023 0.193359 0.579634 0.193359 0.582245 0.197266 0.584856 0.206055 0.584856 0.207031 0.586162 0.209961 0.586162 0.210938 0.584856 0.213867 0.584856 0.216797 0.582245 0.219727 0.582245 0.224609 0.577023 0.224609 0.574413 0.225586 0.573107 0.225586 0.565274 0.224609 0.563969 0.225586 0.541775 0.223633 0.537859 0.221680 0.537859 0.219727 0.536554 0.217773 0.532637 0.215820 0.532637 0.214844 0.531332 0.210938 0.531332 0.208984 0.528721 0.208984 0.527415 0.212891 0.524804
0 0.153320 0.509138 0.150391 0.511749 0.149414 0.515666 0.147461 0.518277 0.146484 0.518277 0.138672 0.528721 0.135742 0.530026 0.132812 0.533943 0.132812 0.536554 0.134766 0.540470 0.134766 0.546997 0.133789 0.548303 0.134766 0.552219 0.135742 0.552219 0.137695 0.554830 0.142578 0.557441 0.145508 0.561358 0.146484 0.561358 0.149414 0.563969 0.152344 0.563969 0.153320 0.565274 0.157227 0.565274 0.160156 0.562663 0.165039 0.562663 0.166016 0.561358 0.166992 0.561358 0.167969 0.560052 0.169922 0.560052 0.174805 0.556136 0.174805 0.554830 0.178711 0.545692 0.177734 0.544386 0.177734 0.527415 0.173828 0.522193 0.171875 0.522193 0.170898 0.520888 0.168945 0.520888 0.167969 0.519582 0.165039 0.519582 0.164062 0.518277 0.162109 0.518277 0.161133 0.516971 0.160156 0.516971 0.154297 0.509138
0 0.182617 0.558747 0.181641 0.560052 0.176758 0.561358 0.175781 0.562663 0.166992 0.567885 0.166992 0.569191 0.166016 0.570496 0.166016 0.574413 0.165039 0.575718 0.165039 0.578329 0.166016 0.579634 0.166016 0.582245 0.165039 0.583551 0.165039 0.592689 0.166016 0.593995 0.166016 0.595300 0.168945 0.599217 0.168945 0.600522 0.174805 0.608355 0.179688 0.609661 0.183594 0.613577 0.188477 0.613577 0.189453 0.612272 0.191406 0.612272 0.192383 0.610966 0.193359 0.610966 0.201172 0.599217 0.204102 0.597911 0.207031 0.593995 0.207031 0.590078 0.208008 0.588773 0.208008 0.587467 0.207031 0.586162 0.199219 0.586162 0.196289 0.582245 0.196289 0.580940 0.195312 0.582245 0.193359 0.582245 0.190430 0.578329 0.189453 0.578329 0.186523 0.573107 0.186523 0.569191 0.187500 0.567885 0.187500 0.561358 0.186523 0.560052 0.186523 0.558747
0 0.224609 0.587467 0.218750 0.590078 0.218750 0.591384 0.216797 0.593995 0.214844 0.593995 0.211914 0.596606 0.208984 0.596606 0.201172 0.601828 0.193359 0.613577 0.194336 0.614883 0.194336 0.618799 0.197266 0.622715 0.197266 0.624021 0.202148 0.631854 0.202148 0.633159 0.209961 0.640992 0.213867 0.643603 0.215820 0.643603 0.216797 0.644909 0.217773 0.643603 0.222656 0.643603 0.223633 0.644909 0.224609 0.643603 0.228516 0.643603 0.232422 0.639687 0.233398 0.639687 0.235352 0.634465 0.235352 0.631854 0.237305 0.627937 0.238281 0.618799 0.240234 0.613577 0.240234 0.608355 0.238281 0.603133 0.231445 0.593995 0.230469 0.593995
0 0.312500 0.620104 0.307617 0.616188 0.301758 0.614883 0.298828 0.612272 0.296875 0.612272 0.291016 0.618799 0.289062 0.625326 0.285156 0.630548 0.284180 0.630548 0.284180 0.631854 0.281250 0.635770 0.277344 0.635770 0.274414 0.633159 0.274414 0.629243 0.273438 0.627937 0.273438 0.620104 0.271484 0.616188 0.268555 0.624021 0.268555 0.643603 0.270508 0.648825 0.270508 0.655352 0.271484 0.656658 0.271484 0.659269 0.273438 0.660574 0.277344 0.660574 0.278320 0.661880 0.284180 0.661880 0.286133 0.663185 0.287109 0.661880 0.293945 0.661880 0.294922 0.660574 0.302734 0.659269 0.303711 0.657963 0.308594 0.656658 0.313477 0.648825 0.313477 0.622715
0 0.236328 0.650131 0.235352 0.651436 0.235352 0.654047 0.232422 0.657963 0.232422 0.674935 0.235352 0.681462 0.235352 0.684073 0.236328 0.685379 0.236328 0.690601 0.239258 0.694517 0.241211 0.694517 0.242188 0.695822 0.246094 0.695822 0.247070 0.697128 0.250000 0.697128 0.250977 0.698433 0.257812 0.698433 0.258789 0.697128 0.262695 0.697128 0.270508 0.690601 0.270508 0.687990 0.271484 0.686684 0.271484 0.684073 0.270508 0.682768 0.270508 0.673629 0.271484 0.672324 0.271484 0.663185 0.270508 0.661880 0.270508 0.659269 0.268555 0.655352 0.268555 0.648825 0.267578 0.647520 0.266602 0.647520 0.265625 0.646214 0.259766 0.646214 0.258789 0.644909 0.251953 0.644909 0.250977 0.646214 0.248047 0.646214 0.247070 0.647520 0.246094 0.647520 0.240234 0.654047 0.239258 0.654047 0.237305 0.651436 0.237305 0.650131
0 0.159180 0.655352 0.153320 0.664491 0.152344 0.667102 0.152344 0.671018 0.150391 0.673629 0.149414 0.676240 0.149414 0.678851 0.148438 0.680157 0.149414 0.681462 0.149414 0.686684 0.153320 0.697128 0.157227 0.701044 0.160156 0.701044 0.162109 0.702350 0.165039 0.706266 0.171875 0.706266 0.172852 0.704961 0.174805 0.704961 0.175781 0.706266 0.178711 0.706266 0.179688 0.707572 0.181641 0.707572 0.182617 0.706266 0.185547 0.706266 0.190430 0.698433 0.193359 0.697128 0.192383 0.690601 0.194336 0.685379 0.196289 0.682768 0.196289 0.678851 0.197266 0.677546 0.194336 0.669713 0.189453 0.661880 0.186523 0.661880 0.185547 0.660574 0.180664 0.660574 0.179688 0.659269 0.174805 0.659269 0.173828 0.657963 0.167969 0.657963 0.164062 0.654047 0.161133 0.654047
0 0.254883 0.702350 0.254883 0.703655 0.252930 0.706266 0.250000 0.706266 0.248047 0.707572 0.247070 0.710183 0.245117 0.711488 0.242188 0.716710 0.239258 0.718016 0.236328 0.721932 0.235352 0.721932 0.235352 0.729765 0.234375 0.731070 0.234375 0.733681 0.239258 0.738903 0.240234 0.741514 0.240234 0.745431 0.242188 0.748042 0.242188 0.750653 0.243164 0.751958 0.243164 0.757180 0.245117 0.759791 0.246094 0.759791 0.250000 0.763708 0.252930 0.763708 0.253906 0.765013 0.261719 0.765013 0.262695 0.763708 0.267578 0.763708 0.270508 0.761097 0.272461 0.761097 0.277344 0.754569 0.278320 0.754569 0.278320 0.751958 0.280273 0.748042 0.280273 0.745431 0.278320 0.740209 0.275391 0.744125 0.274414 0.742820 0.270508 0.732376 0.270508 0.728460 0.269531 0.727154 0.269531 0.724543 0.268555 0.723238 0.268555 0.720627 0.266602 0.715405 0.262695 0.710183 0.258789 0.710183 0.255859 0.706266 0.255859 0.702350
0 0.302734 0.714099 0.300781 0.719321 0.298828 0.721932 0.297852 0.725849 0.293945 0.731070 0.292969 0.736292 0.290039 0.742820 0.289062 0.750653 0.290039 0.751958 0.290039 0.755875 0.291016 0.758486 0.295898 0.762402 0.301758 0.770235 0.305664 0.772846 0.308594 0.772846 0.309570 0.774151 0.326172 0.774151 0.328125 0.772846 0.331055 0.768930 0.332031 0.762402 0.333984 0.758486 0.333984 0.755875 0.334961 0.754569 0.334961 0.748042 0.335938 0.746736 0.335938 0.741514 0.336914 0.740209 0.336914 0.731070 0.334961 0.725849 0.333008 0.723238 0.330078 0.714099 0.327148 0.710183 0.325195 0.710183 0.324219 0.708877 0.317383 0.708877 0.311523 0.712794 0.309570 0.715405 0.309570 0.716710 0.306641 0.719321 0.305664 0.719321 0.303711 0.714099
0 0.380859 0.738903 0.375000 0.742820 0.371094 0.742820 0.370117 0.741514 0.368164 0.741514 0.366211 0.738903 0.360352 0.734987 0.355469 0.734987 0.352539 0.737598 0.349609 0.737598 0.346680 0.740209 0.340820 0.741514 0.336914 0.748042 0.336914 0.751958 0.333984 0.759791 0.333984 0.762402 0.333008 0.763708 0.333008 0.768930 0.332031 0.770235 0.337891 0.779373 0.341797 0.781984 0.344727 0.785901 0.344727 0.787206 0.345703 0.787206 0.349609 0.792428 0.356445 0.792428 0.357422 0.791123 0.363281 0.789817 0.371094 0.784595 0.373047 0.784595 0.376953 0.780679 0.376953 0.778068 0.378906 0.774151 0.378906 0.768930 0.379883 0.767624 0.379883 0.759791 0.380859 0.758486 0.380859 0.750653 0.381836 0.749347 0.381836 0.740209
0 0.335938 0.643603 0.324219 0.643603 0.323242 0.644909 0.321289 0.644909 0.319336 0.647520 0.317383 0.647520 0.314453 0.651436 0.314453 0.652742 0.308594 0.659269 0.306641 0.660574 0.304688 0.660574 0.301758 0.663185 0.297852 0.663185 0.296875 0.664491 0.297852 0.668407 0.302734 0.674935 0.304688 0.680157 0.309570 0.686684 0.309570 0.687990 0.313477 0.691906 0.316406 0.691906 0.318359 0.693211 0.322266 0.698433 0.323242 0.702350 0.324219 0.702350 0.326172 0.704961 0.329102 0.704961 0.333008 0.699739 0.333984 0.695822 0.336914 0.691906 0.337891 0.687990 0.341797 0.681462 0.341797 0.677546 0.345703 0.667102 0.345703 0.663185 0.343750 0.659269 0.343750 0.656658 0.341797 0.651436
0 0.361328 0.677546 0.357422 0.680157 0.354492 0.684073 0.353516 0.684073 0.352539 0.686684 0.352539 0.689295 0.350586 0.693211 0.350586 0.695822 0.349609 0.697128 0.349609 0.699739 0.348633 0.701044 0.348633 0.703655 0.347656 0.704961 0.346680 0.711488 0.345703 0.712794 0.345703 0.719321 0.349609 0.721932 0.354492 0.727154 0.359375 0.729765 0.364258 0.736292 0.368164 0.738903 0.375000 0.738903 0.376953 0.737598 0.379883 0.733681 0.380859 0.733681 0.384766 0.728460 0.386719 0.723238 0.386719 0.720627 0.387695 0.719321 0.387695 0.711488 0.389648 0.707572 0.389648 0.704961 0.390625 0.703655 0.390625 0.699739 0.387695 0.694517 0.387695 0.693211 0.384766 0.689295 0.384766 0.687990 0.382812 0.685379 0.380859 0.680157 0.376953 0.677546
0 0.352539 0.635770 0.352539 0.637076 0.350586 0.640992 0.350586 0.644909 0.349609 0.646214 0.349609 0.656658 0.350586 0.657963 0.350586 0.660574 0.352539 0.664491 0.353516 0.664491 0.360352 0.669713 0.362305 0.669713 0.363281 0.671018 0.366211 0.671018 0.367188 0.672324 0.370117 0.672324 0.371094 0.673629 0.380859 0.673629 0.381836 0.672324 0.384766 0.671018 0.384766 0.669713 0.385742 0.668407 0.385742 0.665796 0.386719 0.664491 0.386719 0.660574 0.387695 0.659269 0.387695 0.656658 0.390625 0.650131 0.390625 0.643603 0.389648 0.642298 0.389648 0.640992 0.382812 0.631854 0.381836 0.631854 0.380859 0.630548 0.375977 0.630548 0.375000 0.629243 0.371094 0.629243 0.370117 0.627937 0.362305 0.627937 0.361328 0.629243 0.359375 0.629243 0.358398 0.630548 0.355469 0.631854
0 0.395508 0.650131 0.393555 0.651436 0.390625 0.655352 0.389648 0.657963 0.389648 0.660574 0.388672 0.661880 0.388672 0.665796 0.386719 0.671018 0.383789 0.674935 0.383789 0.681462 0.387695 0.685379 0.389648 0.690601 0.392578 0.694517 0.393555 0.698433 0.396484 0.702350 0.399414 0.703655 0.401367 0.706266 0.404297 0.706266 0.405273 0.707572 0.414062 0.707572 0.416016 0.706266 0.419922 0.701044 0.419922 0.699739 0.424805 0.691906 0.424805 0.689295 0.425781 0.687990 0.425781 0.684073 0.428711 0.678851 0.428711 0.676240 0.429688 0.674935 0.429688 0.665796 0.428711 0.663185 0.427734 0.663185 0.422852 0.655352 0.418945 0.655352 0.412109 0.650131 0.406250 0.650131 0.405273 0.651436 0.399414 0.651436 0.398438 0.650131
0 0.445312 0.657963 0.444336 0.659269 0.442383 0.659269 0.437500 0.665796 0.437500 0.671018 0.431641 0.681462 0.431641 0.689295 0.434570 0.693211 0.435547 0.695822 0.435547 0.702350 0.440430 0.708877 0.442383 0.714099 0.445312 0.718016 0.449219 0.720627 0.457031 0.720627 0.458008 0.719321 0.459961 0.719321 0.463867 0.716710 0.465820 0.714099 0.466797 0.711488 0.466797 0.707572 0.470703 0.697128 0.470703 0.693211 0.473633 0.687990 0.473633 0.677546 0.472656 0.676240 0.472656 0.673629 0.471680 0.672324 0.471680 0.669713 0.470703 0.667102 0.462891 0.659269 0.460938 0.657963
0 0.458008 0.723238 0.458984 0.724543 0.460938 0.724543 0.461914 0.727154 0.459961 0.729765 0.458008 0.731070 0.455078 0.731070 0.454102 0.732376 0.452148 0.737598 0.452148 0.746736 0.458008 0.761097 0.458008 0.763708 0.463867 0.779373 0.465820 0.779373 0.466797 0.780679 0.474609 0.780679 0.479492 0.775457 0.481445 0.775457 0.483398 0.772846 0.486328 0.771540 0.488281 0.768930 0.489258 0.766319 0.489258 0.762402 0.490234 0.761097 0.490234 0.754569 0.491211 0.753264 0.491211 0.749347 0.492188 0.748042 0.492188 0.740209 0.491211 0.738903 0.491211 0.736292 0.489258 0.732376 0.486328 0.733681 0.480469 0.727154 0.476562 0.724543 0.461914 0.724543 0.460938 0.723238
0 0.528320 0.718016 0.524414 0.718016 0.524414 0.719321 0.521484 0.723238 0.513672 0.723238 0.512695 0.721932 0.508789 0.721932 0.505859 0.724543 0.500977 0.725849 0.497070 0.731070 0.497070 0.733681 0.496094 0.734987 0.496094 0.749347 0.497070 0.750653 0.497070 0.751958 0.500977 0.757180 0.501953 0.761097 0.503906 0.763708 0.504883 0.763708 0.507812 0.766319 0.524414 0.766319 0.525391 0.765013 0.526367 0.765013 0.534180 0.754569 0.534180 0.751958 0.535156 0.750653 0.535156 0.741514 0.536133 0.740209 0.536133 0.733681 0.533203 0.727154 0.533203 0.724543
0 0.560547 0.684073 0.555664 0.684073 0.554688 0.685379 0.552734 0.685379 0.549805 0.687990 0.547852 0.687990 0.546875 0.689295 0.545898 0.689295 0.543945 0.695822 0.539062 0.702350 0.539062 0.708877 0.538086 0.710183 0.538086 0.712794 0.537109 0.714099 0.537109 0.715405 0.536133 0.716710 0.536133 0.719321 0.535156 0.720627 0.535156 0.727154 0.536133 0.728460 0.538086 0.734987 0.539062 0.736292 0.541992 0.737598 0.546875 0.742820 0.551758 0.742820 0.554688 0.740209 0.556641 0.740209 0.557617 0.738903 0.560547 0.738903 0.561523 0.737598 0.568359 0.733681 0.570312 0.731070 0.570312 0.729765 0.572266 0.725849 0.572266 0.723238 0.574219 0.719321 0.574219 0.706266 0.573242 0.704961 0.571289 0.698433 0.569336 0.695822 0.569336 0.694517
0 0.425781 0.620104 0.425781 0.621410 0.424805 0.622715 0.424805 0.634465 0.425781 0.635770 0.425781 0.639687 0.426758 0.640992 0.427734 0.644909 0.431641 0.650131 0.433594 0.650131 0.434570 0.651436 0.438477 0.651436 0.439453 0.652742 0.443359 0.652742 0.444336 0.654047 0.446289 0.654047 0.447266 0.655352 0.458008 0.655352 0.458984 0.654047 0.458984 0.652742 0.462891 0.647520 0.462891 0.646214 0.465820 0.640992 0.465820 0.637076 0.466797 0.635770 0.466797 0.627937 0.467773 0.626632 0.467773 0.624021 0.466797 0.622715 0.466797 0.618799 0.465820 0.617493 0.465820 0.616188 0.462891 0.616188 0.459961 0.612272 0.458984 0.612272 0.458008 0.610966 0.456055 0.610966 0.455078 0.609661 0.452148 0.609661 0.451172 0.608355 0.448242 0.608355 0.447266 0.607050 0.439453 0.607050 0.438477 0.608355 0.435547 0.609661 0.433594 0.612272 0.433594 0.614883 0.431641 0.617493 0.427734 0.617493
0 0.490234 0.604439 0.488281 0.607050 0.487305 0.607050 0.485352 0.610966 0.485352 0.614883 0.486328 0.616188 0.486328 0.621410 0.485352 0.622715 0.485352 0.634465 0.488281 0.642298 0.488281 0.644909 0.490234 0.647520 0.494141 0.647520 0.495117 0.648825 0.497070 0.648825 0.498047 0.650131 0.502930 0.651436 0.508789 0.656658 0.511719 0.656658 0.512695 0.657963 0.514648 0.657963 0.515625 0.656658 0.517578 0.656658 0.519531 0.655352 0.523438 0.650131 0.525391 0.644909 0.525391 0.642298 0.527344 0.638381 0.527344 0.634465 0.528320 0.633159 0.527344 0.631854 0.527344 0.614883 0.524414 0.609661 0.524414 0.608355 0.521484 0.605744 0.519531 0.605744 0.515625 0.601828 0.510742 0.600522 0.508789 0.597911 0.506836 0.599217 0.502930 0.599217 0.501953 0.600522 0.498047 0.600522 0.497070 0.601828 0.495117 0.601828 0.494141 0.603133 0.492188 0.603133
0 0.526367 0.654047 0.524414 0.654047 0.523438 0.655352 0.522461 0.655352 0.519531 0.657963 0.517578 0.657963 0.516602 0.659269 0.509766 0.659269 0.508789 0.657963 0.502930 0.657963 0.502930 0.659269 0.499023 0.663185 0.499023 0.665796 0.498047 0.667102 0.497070 0.676240 0.498047 0.677546 0.498047 0.682768 0.499023 0.684073 0.499023 0.686684 0.500977 0.690601 0.500977 0.694517 0.501953 0.695822 0.501953 0.698433 0.504883 0.702350 0.509766 0.704961 0.513672 0.710183 0.516602 0.710183 0.517578 0.708877 0.521484 0.708877 0.522461 0.707572 0.526367 0.707572 0.527344 0.706266 0.528320 0.706266 0.530273 0.703655 0.531250 0.703655 0.536133 0.697128 0.537109 0.697128 0.537109 0.695822 0.540039 0.690601 0.540039 0.687990 0.541016 0.686684 0.541016 0.681462 0.539062 0.677546 0.539062 0.674935 0.538086 0.673629 0.537109 0.667102 0.531250 0.657963 0.530273 0.657963
0 0.540039 0.622715 0.541016 0.634465 0.539062 0.635770 0.538086 0.639687 0.534180 0.643603 0.534180 0.654047 0.536133 0.659269 0.538086 0.661880 0.538086 0.664491 0.541992 0.669713 0.542969 0.673629 0.545898 0.677546 0.551758 0.681462 0.556641 0.681462 0.559570 0.677546 0.564453 0.674935 0.567383 0.671018 0.568359 0.671018 0.568359 0.669713 0.575195 0.660574 0.576172 0.660574 0.577148 0.657963 0.577148 0.655352 0.578125 0.654047 0.578125 0.644909 0.576172 0.642298 0.576172 0.640992 0.568359 0.630548 0.568359 0.629243 0.564453 0.625326 0.560547 0.625326 0.556641 0.629243 0.554688 0.627937 0.545898 0.627937 0.544922 0.629243 0.542969 0.629243 0.541992 0.627937 0.541992 0.622715
0 0.556641 0.567885 0.555664 0.567885 0.554688 0.566580 0.552734 0.566580 0.551758 0.565274 0.550781 0.566580 0.548828 0.566580 0.545898 0.569191 0.542969 0.569191 0.541992 0.570496 0.538086 0.570496 0.537109 0.571802 0.532227 0.574413 0.529297 0.578329 0.524414 0.578329 0.524414 0.579634 0.523438 0.580940 0.523438 0.583551 0.522461 0.584856 0.522461 0.592689 0.523438 0.593995 0.523438 0.600522 0.524414 0.601828 0.524414 0.603133 0.528320 0.608355 0.528320 0.609661 0.532227 0.614883 0.533203 0.614883 0.534180 0.616188 0.541016 0.616188 0.543945 0.613577 0.545898 0.613577 0.546875 0.612272 0.547852 0.612272 0.550781 0.608355 0.551758 0.608355 0.552734 0.607050 0.555664 0.605744 0.557617 0.603133 0.558594 0.603133 0.563477 0.596606 0.563477 0.595300 0.564453 0.593995 0.564453 0.587467 0.563477 0.586162 0.563477 0.582245 0.560547 0.577023 0.560547 0.575718 0.558594 0.573107 0.558594 0.571802 0.556641 0.569191
0 0.508789 0.546997 0.506836 0.546997 0.505859 0.545692 0.500000 0.545692 0.499023 0.546997 0.496094 0.546997 0.495117 0.548303 0.493164 0.548303 0.492188 0.549608 0.489258 0.550914 0.485352 0.556136 0.485352 0.557441 0.482422 0.561358 0.482422 0.562663 0.477539 0.570496 0.477539 0.578329 0.478516 0.579634 0.478516 0.583551 0.479492 0.584856 0.480469 0.588773 0.486328 0.596606 0.487305 0.596606 0.489258 0.599217 0.496094 0.599217 0.497070 0.597911 0.501953 0.597911 0.502930 0.596606 0.513672 0.596606 0.514648 0.595300 0.516602 0.595300 0.518555 0.592689 0.518555 0.587467 0.519531 0.586162 0.519531 0.578329 0.520508 0.577023 0.519531 0.575718 0.519531 0.570496 0.518555 0.569191 0.518555 0.563969 0.517578 0.562663 0.516602 0.558747 0.509766 0.549608 0.509766 0.548303
0 0.428711 0.532637 0.425781 0.532637 0.424805 0.533943 0.420898 0.533943 0.417969 0.536554 0.413086 0.537859 0.409180 0.541775 0.405273 0.544386 0.403320 0.544386 0.401367 0.545692 0.397461 0.550914 0.397461 0.557441 0.398438 0.558747 0.398438 0.563969 0.400391 0.567885 0.400391 0.570496 0.401367 0.571802 0.401367 0.574413 0.402344 0.577023 0.405273 0.578329 0.410156 0.583551 0.412109 0.583551 0.416016 0.586162 0.419922 0.590078 0.424805 0.590078 0.425781 0.588773 0.427734 0.588773 0.433594 0.584856 0.439453 0.578329 0.442383 0.577023 0.444336 0.574413 0.445312 0.571802 0.445312 0.569191 0.446289 0.567885 0.446289 0.554830 0.445312 0.553525 0.445312 0.550914 0.442383 0.543081 0.439453 0.539164 0.437500 0.537859 0.435547 0.537859
0 0.368164 0.544386 0.364258 0.549608 0.361328 0.550914 0.361328 0.556136 0.360352 0.557441 0.360352 0.561358 0.357422 0.566580 0.357422 0.578329 0.356445 0.579634 0.356445 0.583551 0.357422 0.586162 0.361328 0.591384 0.366211 0.592689 0.372070 0.599217 0.375977 0.601828 0.382812 0.601828 0.383789 0.603133 0.384766 0.601828 0.387695 0.601828 0.396484 0.591384 0.396484 0.590078 0.399414 0.586162 0.400391 0.583551 0.400391 0.580940 0.401367 0.579634 0.401367 0.575718 0.400391 0.574413 0.400391 0.571802 0.397461 0.563969 0.396484 0.554830 0.394531 0.550914 0.391602 0.549608 0.388672 0.545692 0.386719 0.544386 0.383789 0.544386 0.382812 0.543081 0.371094 0.543081 0.370117 0.544386
0 0.335938 0.439948 0.329102 0.450392 0.327148 0.455614 0.327148 0.460836 0.326172 0.462141 0.327148 0.463446 0.327148 0.468668 0.329102 0.473890 0.333008 0.479112 0.334961 0.484334 0.334961 0.488251 0.336914 0.490862 0.339844 0.490862 0.340820 0.492167 0.344727 0.492167 0.345703 0.493473 0.348633 0.493473 0.349609 0.494778 0.358398 0.494778 0.359375 0.493473 0.361328 0.493473 0.363281 0.490862 0.367188 0.488251 0.371094 0.483029 0.372070 0.480418 0.372070 0.464752 0.371094 0.463446 0.370117 0.456919 0.367188 0.453003 0.365234 0.446475 0.362305 0.442559 0.362305 0.441253 0.361328 0.439948 0.358398 0.439948 0.357422 0.438642 0.354492 0.438642 0.353516 0.437337 0.344727 0.437337 0.343750 0.438642 0.338867 0.438642 0.337891 0.439948
0 0.380859 0.480418 0.379883 0.481723 0.377930 0.481723 0.376953 0.483029 0.375000 0.483029 0.374023 0.484334 0.373047 0.484334 0.371094 0.486945 0.371094 0.488251 0.366211 0.494778 0.366211 0.496084 0.365234 0.497389 0.365234 0.502611 0.364258 0.503916 0.365234 0.515666 0.366211 0.516971 0.366211 0.520888 0.367188 0.522193 0.367188 0.526110 0.368164 0.527415 0.368164 0.530026 0.370117 0.532637 0.371094 0.532637 0.375977 0.536554 0.377930 0.536554 0.378906 0.537859 0.383789 0.539164 0.386719 0.541775 0.391602 0.541775 0.392578 0.540470 0.393555 0.540470 0.396484 0.536554 0.397461 0.536554 0.399414 0.533943 0.399414 0.532637 0.401367 0.528721 0.401367 0.523499 0.400391 0.522193 0.400391 0.509138 0.399414 0.507833 0.399414 0.489556 0.400391 0.488251 0.400391 0.485640 0.398438 0.483029 0.396484 0.483029 0.395508 0.481723 0.381836 0.481723
0 0.428711 0.476501 0.421875 0.475196 0.416992 0.479112 0.415039 0.479112 0.409180 0.485640 0.407227 0.485640 0.405273 0.486945 0.402344 0.490862 0.401367 0.493473 0.401367 0.500000 0.402344 0.501305 0.402344 0.509138 0.401367 0.510444 0.401367 0.514360 0.402344 0.515666 0.402344 0.523499 0.404297 0.528721 0.412109 0.536554 0.414062 0.536554 0.415039 0.535248 0.417969 0.535248 0.419922 0.532637 0.422852 0.532637 0.423828 0.531332 0.427734 0.531332 0.429688 0.528721 0.435547 0.524804 0.437500 0.524804 0.441406 0.520888 0.442383 0.520888 0.442383 0.510444 0.443359 0.509138 0.442383 0.506527 0.442383 0.496084 0.439453 0.490862 0.439453 0.488251 0.438477 0.485640 0.435547 0.481723 0.430664 0.479112
0 0.364258 0.366841 0.360352 0.370757 0.359375 0.370757 0.357422 0.373368 0.356445 0.373368 0.354492 0.375979 0.353516 0.375979 0.351562 0.378590 0.350586 0.378590 0.348633 0.381201 0.348633 0.382507 0.346680 0.386423 0.346680 0.391645 0.345703 0.392950 0.345703 0.394256 0.346680 0.395561 0.346680 0.400783 0.347656 0.402089 0.348633 0.406005 0.353516 0.412533 0.354492 0.412533 0.357422 0.416449 0.358398 0.416449 0.361328 0.419060 0.363281 0.419060 0.364258 0.420366 0.366211 0.420366 0.367188 0.421671 0.370117 0.421671 0.371094 0.422977 0.372070 0.422977 0.381836 0.409922 0.382812 0.409922 0.387695 0.403394 0.387695 0.399478 0.388672 0.398172 0.388672 0.392950 0.389648 0.391645 0.390625 0.382507 0.388672 0.379896 0.388672 0.378590 0.384766 0.373368 0.383789 0.373368 0.380859 0.370757 0.378906 0.370757 0.377930 0.369452 0.373047 0.369452 0.372070 0.368146 0.370117 0.368146 0.369141 0.366841
0 0.401367 0.403394 0.396484 0.403394 0.395508 0.404700 0.388672 0.406005 0.381836 0.411227 0.373047 0.424282 0.372070 0.429504 0.371094 0.430809 0.371094 0.433420 0.370117 0.434726 0.370117 0.442559 0.371094 0.443864 0.371094 0.447781 0.374023 0.455614 0.379883 0.463446 0.380859 0.463446 0.384766 0.469974 0.386719 0.471279 0.399414 0.471279 0.400391 0.469974 0.404297 0.469974 0.406250 0.468668 0.412109 0.460836 0.412109 0.459530 0.414062 0.456919 0.415039 0.449086 0.418945 0.441253 0.418945 0.436031 0.410156 0.422977 0.409180 0.417755
0 0.424805 0.379896 0.423828 0.381201 0.418945 0.383812 0.416992 0.386423 0.416016 0.386423 0.416016 0.387728 0.412109 0.394256 0.412109 0.395561 0.411133 0.396867 0.411133 0.402089 0.410156 0.403394 0.410156 0.416449 0.411133 0.417755 0.411133 0.420366 0.412109 0.421671 0.413086 0.425587 0.422852 0.438642 0.431641 0.441253 0.432617 0.439948 0.434570 0.439948 0.435547 0.438642 0.438477 0.437337 0.440430 0.434726 0.441406 0.434726 0.448242 0.424282 0.448242 0.422977 0.450195 0.420366 0.450195 0.419060 0.453125 0.413838 0.453125 0.400783 0.447266 0.392950 0.446289 0.392950 0.442383 0.387728 0.441406 0.387728 0.435547 0.381201 0.433594 0.381201 0.432617 0.379896
0 0.439453 0.439948 0.435547 0.445170 0.435547 0.446475 0.434570 0.447781 0.434570 0.454308 0.433594 0.455614 0.433594 0.459530 0.432617 0.460836 0.432617 0.467363 0.433594 0.468668 0.433594 0.472585 0.434570 0.473890 0.434570 0.475196 0.441406 0.485640 0.441406 0.488251 0.443359 0.492167 0.446289 0.492167 0.447266 0.493473 0.456055 0.493473 0.457031 0.494778 0.460938 0.494778 0.461914 0.493473 0.464844 0.493473 0.467773 0.489556 0.467773 0.488251 0.469727 0.485640 0.469727 0.483029 0.472656 0.479112 0.472656 0.477807 0.477539 0.466057 0.476562 0.464752 0.476562 0.463446 0.474609 0.460836 0.474609 0.459530 0.472656 0.456919 0.472656 0.455614 0.470703 0.453003 0.470703 0.451697 0.467773 0.447781 0.466797 0.447781 0.464844 0.445170 0.463867 0.445170 0.460938 0.442559 0.458984 0.442559 0.458008 0.441253 0.456055 0.441253 0.455078 0.439948 0.452148 0.439948 0.451172 0.438642 0.441406 0.438642 0.440430 0.439948
0 0.506836 0.456919 0.497070 0.456919 0.496094 0.458225 0.489258 0.458225 0.488281 0.459530 0.485352 0.459530 0.481445 0.462141 0.478516 0.466057 0.478516 0.468668 0.476562 0.471279 0.474609 0.476501 0.474609 0.479112 0.472656 0.483029 0.472656 0.485640 0.473633 0.486945 0.473633 0.490862 0.475586 0.496084 0.482422 0.506527 0.483398 0.506527 0.485352 0.509138 0.489258 0.511749 0.501953 0.511749 0.502930 0.510444 0.505859 0.510444 0.508789 0.507833 0.510742 0.507833 0.512695 0.506527 0.516602 0.501305 0.517578 0.498695 0.517578 0.496084 0.520508 0.488251 0.519531 0.485640 0.519531 0.479112 0.516602 0.471279 0.509766 0.463446 0.508789 0.459530
0 0.464844 0.400783 0.461914 0.404700 0.461914 0.407311 0.460938 0.408616 0.460938 0.425587 0.461914 0.426893 0.461914 0.429504 0.464844 0.434726 0.464844 0.437337 0.466797 0.442559 0.469727 0.446475 0.471680 0.447781 0.474609 0.447781 0.477539 0.450392 0.479492 0.450392 0.480469 0.451697 0.483398 0.451697 0.484375 0.453003 0.490234 0.453003 0.491211 0.451697 0.493164 0.451697 0.499023 0.447781 0.500977 0.445170 0.500977 0.442559 0.501953 0.441253 0.501953 0.436031 0.500977 0.434726 0.500977 0.421671 0.500000 0.420366 0.500977 0.419060 0.500977 0.411227 0.500000 0.409922 0.500000 0.406005 0.497070 0.402089 0.495117 0.400783 0.493164 0.400783 0.492188 0.399478 0.483398 0.398172 0.482422 0.396867 0.480469 0.396867 0.479492 0.398172 0.471680 0.398172 0.470703 0.399478 0.466797 0.399478
0 0.551758 0.434726 0.550781 0.434726 0.549805 0.433420 0.531250 0.433420 0.530273 0.434726 0.527344 0.434726 0.526367 0.436031 0.522461 0.436031 0.521484 0.437337 0.518555 0.437337 0.517578 0.438642 0.515625 0.438642 0.514648 0.439948 0.513672 0.439948 0.509766 0.445170 0.509766 0.446475 0.508789 0.447781 0.508789 0.456919 0.509766 0.458225 0.509766 0.459530 0.517578 0.469974 0.517578 0.471279 0.518555 0.471279 0.519531 0.472585 0.519531 0.473890 0.522461 0.480418 0.523438 0.480418 0.526367 0.483029 0.528320 0.483029 0.529297 0.484334 0.530273 0.483029 0.539062 0.483029 0.540039 0.481723 0.541016 0.481723 0.543945 0.477807 0.543945 0.476501 0.549805 0.466057 0.549805 0.463446 0.551758 0.459530 0.551758 0.456919 0.552734 0.455614 0.552734 0.437337 0.551758 0.436031
0 0.503906 0.383812 0.503906 0.385117 0.499023 0.392950 0.499023 0.399478 0.500000 0.400783 0.500000 0.404700 0.501953 0.408616 0.502930 0.415144 0.503906 0.416449 0.503906 0.417755 0.504883 0.417755 0.505859 0.419060 0.505859 0.420366 0.508789 0.425587 0.508789 0.426893 0.515625 0.430809 0.517578 0.433420 0.526367 0.433420 0.527344 0.432115 0.532227 0.430809 0.535156 0.426893 0.536133 0.426893 0.536133 0.425587 0.538086 0.422977 0.538086 0.421671 0.539062 0.420366 0.539062 0.417755 0.540039 0.416449 0.540039 0.407311 0.539062 0.406005 0.539062 0.399478 0.538086 0.398172 0.538086 0.395561 0.537109 0.394256 0.537109 0.389034 0.535156 0.386423 0.534180 0.386423 0.527344 0.381201 0.525391 0.381201 0.524414 0.379896 0.521484 0.379896 0.520508 0.378590 0.517578 0.378590 0.516602 0.377285 0.515625 0.378590 0.512695 0.378590 0.511719 0.379896 0.509766 0.379896 0.508789 0.381201
0 0.449219 0.340731 0.448242 0.342037 0.447266 0.342037 0.442383 0.348564 0.442383 0.349869 0.436523 0.360313 0.436523 0.361619 0.434570 0.365535 0.434570 0.374674 0.435547 0.375979 0.435547 0.377285 0.441406 0.385117 0.442383 0.385117 0.445312 0.389034 0.446289 0.389034 0.451172 0.394256 0.453125 0.394256 0.454102 0.395561 0.459961 0.395561 0.460938 0.396867 0.465820 0.395561 0.468750 0.390339 0.469727 0.390339 0.476562 0.382507 0.476562 0.381201 0.478516 0.377285 0.478516 0.373368 0.479492 0.372063 0.479492 0.366841 0.478516 0.365535 0.478516 0.360313 0.477539 0.359008 0.477539 0.355091 0.476562 0.353786 0.476562 0.352480 0.475586 0.352480 0.474609 0.351175 0.472656 0.351175 0.471680 0.349869 0.469727 0.349869 0.468750 0.348564 0.465820 0.348564 0.462891 0.345953 0.460938 0.345953 0.459961 0.344648 0.458984 0.344648 0.456055 0.342037 0.454102 0.342037 0.453125 0.340731
0 0.342773 0.309399 0.338867 0.314621 0.338867 0.315927 0.336914 0.319843 0.336914 0.336815 0.337891 0.338120 0.338867 0.344648 0.341797 0.348564 0.341797 0.349869 0.344727 0.352480 0.346680 0.352480 0.347656 0.353786 0.349609 0.353786 0.350586 0.355091 0.352539 0.355091 0.353516 0.356397 0.358398 0.356397 0.359375 0.357702 0.366211 0.357702 0.367188 0.359008 0.371094 0.359008 0.372070 0.357702 0.374023 0.357702 0.375977 0.355091 0.375977 0.353786 0.378906 0.347258 0.378906 0.339426 0.379883 0.338120 0.379883 0.328982 0.378906 0.327676 0.378906 0.325065 0.376953 0.322454 0.376953 0.318538 0.375977 0.317232 0.375977 0.314621 0.372070 0.310705 0.369141 0.310705 0.364258 0.306789 0.362305 0.306789 0.361328 0.305483 0.358398 0.305483 0.357422 0.304178 0.348633 0.304178 0.347656 0.305483 0.346680 0.305483 0.343750 0.309399
0 0.401367 0.304178 0.400391 0.305483 0.398438 0.305483 0.394531 0.308094 0.392578 0.310705 0.391602 0.310705 0.387695 0.314621 0.387695 0.317232 0.385742 0.321149 0.385742 0.339426 0.384766 0.342037 0.385742 0.343342 0.385742 0.347258 0.387695 0.349869 0.387695 0.351175 0.395508 0.362924 0.403320 0.368146 0.411133 0.368146 0.414062 0.365535 0.416016 0.365535 0.419922 0.360313 0.419922 0.359008 0.421875 0.356397 0.421875 0.355091 0.423828 0.352480 0.425781 0.347258 0.425781 0.344648 0.426758 0.343342 0.426758 0.338120 0.425781 0.336815 0.425781 0.332898 0.424805 0.330287 0.421875 0.326371 0.421875 0.325065 0.416016 0.315927 0.416016 0.314621 0.415039 0.314621 0.412109 0.310705 0.412109 0.309399 0.411133 0.309399 0.407227 0.304178
0 0.429688 0.268930 0.427734 0.270235 0.423828 0.275457 0.419922 0.278068 0.419922 0.279373 0.413086 0.288512 0.412109 0.288512 0.411133 0.291123 0.411133 0.300261 0.413086 0.305483 0.417969 0.312010 0.420898 0.313316 0.422852 0.315927 0.426758 0.318538 0.428711 0.318538 0.430664 0.321149 0.435547 0.323760 0.438477 0.327676 0.443359 0.327676 0.447266 0.322454 0.448242 0.322454 0.454102 0.315927 0.457031 0.308094 0.457031 0.302872 0.458008 0.301567 0.458008 0.297650 0.457031 0.296345 0.457031 0.291123 0.455078 0.285901 0.449219 0.279373 0.448242 0.279373 0.445312 0.275457 0.441406 0.272846 0.438477 0.272846 0.437500 0.271540 0.434570 0.271540 0.431641 0.268930
0 0.345703 0.212794 0.339844 0.221932 0.339844 0.224543 0.338867 0.225849 0.338867 0.234987 0.339844 0.236292 0.339844 0.240209 0.340820 0.241514 0.340820 0.248042 0.342773 0.250653 0.344727 0.250653 0.346680 0.253264 0.347656 0.253264 0.352539 0.259791 0.361328 0.261097 0.364258 0.263708 0.369141 0.263708 0.370117 0.262402 0.372070 0.262402 0.373047 0.261097 0.375000 0.261097 0.375977 0.259791 0.376953 0.259791 0.377930 0.258486 0.378906 0.251958 0.380859 0.249347 0.380859 0.248042 0.382812 0.244125 0.382812 0.234987 0.383789 0.233681 0.383789 0.228460 0.382812 0.227154 0.382812 0.225849 0.377930 0.220627 0.375000 0.219321 0.373047 0.216710 0.370117 0.215405 0.368164 0.212794 0.367188 0.212794 0.360352 0.207572 0.353516 0.207572 0.352539 0.208877
0 0.357422 0.120104 0.353516 0.122715 0.348633 0.127937 0.344727 0.138381 0.344727 0.143603 0.346680 0.147520 0.346680 0.150131 0.348633 0.154047 0.348633 0.156658 0.349609 0.159269 0.353516 0.164491 0.357422 0.177546 0.360352 0.181462 0.361328 0.181462 0.364258 0.185379 0.366211 0.185379 0.370117 0.187990 0.374023 0.187990 0.375000 0.186684 0.377930 0.186684 0.379883 0.185379 0.381836 0.182768 0.381836 0.181462 0.383789 0.180157 0.383789 0.178851 0.389648 0.171018 0.390625 0.163185 0.391602 0.161880 0.392578 0.154047 0.393555 0.152742 0.392578 0.151436 0.392578 0.147520 0.391602 0.144909 0.376953 0.124021 0.373047 0.121410 0.370117 0.121410 0.369141 0.120104
0 0.404297 0.156658 0.403320 0.156658 0.390625 0.174935 0.390625 0.176240 0.382812 0.187990 0.382812 0.189295 0.379883 0.193211 0.379883 0.194517 0.378906 0.195822 0.378906 0.198433 0.377930 0.199739 0.377930 0.201044 0.378906 0.202350 0.378906 0.203655 0.382812 0.208877 0.382812 0.210183 0.384766 0.212794 0.386719 0.212794 0.387695 0.214099 0.392578 0.214099 0.393555 0.215405 0.395508 0.215405 0.396484 0.214099 0.401367 0.214099 0.402344 0.212794 0.404297 0.212794 0.405273 0.211488 0.406250 0.211488 0.406250 0.210183 0.415039 0.198433 0.416992 0.198433 0.418945 0.201044 0.419922 0.201044 0.419922 0.198433 0.420898 0.197128 0.420898 0.195822 0.419922 0.194517 0.418945 0.187990 0.416992 0.184073 0.416992 0.181462 0.413086 0.172324 0.412109 0.165796 0.411133 0.164491 0.410156 0.164491 0.408203 0.161880 0.408203 0.160574
0 0.447266 0.208877 0.441406 0.212794 0.432617 0.224543 0.431641 0.224543 0.426758 0.231070 0.424805 0.232376 0.422852 0.237598 0.422852 0.241514 0.421875 0.242820 0.421875 0.248042 0.420898 0.249347 0.420898 0.259791 0.423828 0.267624 0.432617 0.266319 0.433594 0.267624 0.437500 0.267624 0.443359 0.271540 0.446289 0.271540 0.447266 0.272846 0.453125 0.274151 0.454102 0.275457 0.458984 0.271540 0.459961 0.268930 0.459961 0.265013 0.460938 0.263708 0.460938 0.261097 0.462891 0.255875 0.462891 0.237598 0.463867 0.236292 0.463867 0.216710 0.461914 0.214099 0.458008 0.211488 0.454102 0.211488 0.453125 0.210183 0.448242 0.210183
0 0.491211 0.237598 0.481445 0.249347 0.481445 0.250653 0.479492 0.253264 0.477539 0.258486 0.479492 0.259791 0.482422 0.263708 0.481445 0.266319 0.481445 0.268930 0.482422 0.270235 0.482422 0.274151 0.483398 0.276762 0.486328 0.279373 0.491211 0.280679 0.493164 0.283290 0.498047 0.281984 0.499023 0.283290 0.499023 0.285901 0.500000 0.288512 0.502930 0.288512 0.503906 0.289817 0.507812 0.289817 0.508789 0.291123 0.513672 0.291123 0.513672 0.289817 0.518555 0.284595 0.520508 0.279373 0.520508 0.275457 0.521484 0.274151 0.521484 0.270235 0.522461 0.268930 0.522461 0.251958 0.521484 0.249347 0.515625 0.245431 0.513672 0.245431 0.512695 0.244125 0.509766 0.244125 0.508789 0.242820 0.503906 0.241514 0.499023 0.237598
0 0.545898 0.321149 0.536133 0.321149 0.535156 0.322454 0.533203 0.322454 0.532227 0.323760 0.528320 0.323760 0.527344 0.325065 0.520508 0.326371 0.513672 0.331593 0.514648 0.332898 0.514648 0.335509 0.517578 0.340731 0.517578 0.343342 0.516602 0.344648 0.516602 0.359008 0.517578 0.360313 0.517578 0.361619 0.522461 0.368146 0.520508 0.370757 0.520508 0.373368 0.521484 0.373368 0.524414 0.375979 0.531250 0.375979 0.532227 0.377285 0.536133 0.377285 0.539062 0.374674 0.541992 0.374674 0.542969 0.373368 0.544922 0.373368 0.545898 0.372063 0.546875 0.372063 0.550781 0.366841 0.551758 0.366841 0.551758 0.364230 0.552734 0.362924 0.552734 0.344648 0.551758 0.343342 0.551758 0.331593
0 0.556641 0.251958 0.551758 0.253264 0.549805 0.255875 0.547852 0.255875 0.543945 0.259791 0.532227 0.267624 0.528320 0.267624 0.527344 0.268930 0.525391 0.268930 0.523438 0.271540 0.523438 0.274151 0.522461 0.275457 0.522461 0.284595 0.524414 0.287206 0.525391 0.292428 0.524414 0.293734 0.520508 0.293734 0.520508 0.295039 0.524414 0.295039 0.526367 0.297650 0.526367 0.300261 0.529297 0.304178 0.529297 0.305483 0.527344 0.308094 0.527344 0.312010 0.529297 0.314621 0.533203 0.314621 0.534180 0.313316 0.551758 0.313316 0.555664 0.310705 0.556641 0.308094 0.558594 0.305483 0.559570 0.305483 0.560547 0.297650 0.562500 0.292428 0.562500 0.285901 0.563477 0.284595 0.563477 0.270235
0 0.501953 0.225849 0.501953 0.227154 0.500977 0.228460 0.500977 0.234987 0.500000 0.236292 0.500977 0.237598 0.501953 0.237598 0.504883 0.240209 0.506836 0.240209 0.507812 0.241514 0.510742 0.241514 0.511719 0.242820 0.514648 0.242820 0.515625 0.244125 0.517578 0.244125 0.518555 0.245431 0.519531 0.245431 0.525391 0.254569 0.531250 0.254569 0.532227 0.255875 0.534180 0.255875 0.536133 0.258486 0.541992 0.258486 0.542969 0.257180 0.543945 0.257180 0.547852 0.251958 0.547852 0.249347 0.548828 0.248042 0.548828 0.246736 0.547852 0.245431 0.547852 0.241514 0.546875 0.240209 0.545898 0.231070 0.544922 0.229765 0.544922 0.227154 0.543945 0.225849 0.543945 0.221932 0.539062 0.214099 0.538086 0.214099 0.534180 0.210183 0.531250 0.210183 0.528320 0.207572 0.523438 0.206266 0.522461 0.207572 0.519531 0.208877 0.516602 0.214099 0.515625 0.214099 0.510742 0.219321 0.505859 0.221932 0.502930 0.225849
0 0.477539 0.172324 0.477539 0.177546 0.476562 0.180157 0.480469 0.185379 0.480469 0.187990 0.479492 0.189295 0.480469 0.190601 0.480469 0.193211 0.483398 0.198433 0.486328 0.206266 0.489258 0.210183 0.490234 0.210183 0.492188 0.212794 0.496094 0.215405 0.509766 0.215405 0.510742 0.214099 0.513672 0.214099 0.515625 0.210183 0.515625 0.197128 0.516602 0.195822 0.516602 0.184073 0.517578 0.182768 0.517578 0.164491 0.515625 0.159269 0.513672 0.157963 0.498047 0.157963 0.497070 0.156658 0.494141 0.156658 0.493164 0.157963 0.491211 0.157963 0.483398 0.168407 0.481445 0.168407
0 0.440430 0.110966 0.435547 0.117493 0.435547 0.121410 0.432617 0.129243 0.430664 0.131854 0.430664 0.135770 0.429688 0.137076 0.429688 0.138381 0.433594 0.142298 0.433594 0.146214 0.434570 0.147520 0.434570 0.150131 0.435547 0.152742 0.437500 0.152742 0.441406 0.155352 0.445312 0.160574 0.450195 0.163185 0.452148 0.165796 0.454102 0.165796 0.455078 0.167102 0.462891 0.167102 0.464844 0.165796 0.468750 0.160574 0.472656 0.150131 0.472656 0.142298 0.471680 0.140992 0.471680 0.135770 0.470703 0.134465 0.470703 0.129243 0.469727 0.127937 0.469727 0.121410 0.467773 0.117493 0.467773 0.114883 0.463867 0.112272 0.461914 0.109661 0.459961 0.109661 0.458984 0.108355 0.456055 0.108355 0.455078 0.107050 0.451172 0.107050 0.450195 0.108355 0.447266 0.108355 0.446289 0.109661 0.443359 0.109661 0.442383 0.110966
0 0.490234 0.086162 0.489258 0.087467 0.485352 0.087467 0.482422 0.090078 0.478516 0.090078 0.474609 0.092689 0.471680 0.096606 0.471680 0.097911 0.469727 0.100522 0.469727 0.105744 0.468750 0.107050 0.468750 0.116188 0.469727 0.117493 0.469727 0.120104 0.470703 0.121410 0.470703 0.124021 0.472656 0.129243 0.472656 0.133159 0.474609 0.138381 0.476562 0.140992 0.476562 0.142298 0.478516 0.144909 0.480469 0.144909 0.481445 0.146214 0.486328 0.146214 0.490234 0.152742 0.494141 0.152742 0.498047 0.150131 0.503906 0.150131 0.504883 0.148825 0.506836 0.148825 0.509766 0.144909 0.510742 0.140992 0.512695 0.138381 0.512695 0.134465 0.513672 0.133159 0.513672 0.110966 0.512695 0.108355 0.504883 0.097911 0.504883 0.096606 0.503906 0.096606 0.500000 0.091384 0.500000 0.090078 0.498047 0.087467 0.496094 0.087467 0.495117 0.086162
0 0.575195 0.092689 0.574219 0.095300 0.574219 0.097911 0.571289 0.105744 0.571289 0.109661 0.570312 0.110966 0.570312 0.121410 0.569336 0.122715 0.569336 0.130548 0.568359 0.131854 0.569336 0.134465 0.569336 0.137076 0.575195 0.143603 0.576172 0.147520 0.579102 0.152742 0.586914 0.157963 0.588867 0.157963 0.589844 0.159269 0.594727 0.159269 0.595703 0.157963 0.597656 0.157963 0.601562 0.155352 0.607422 0.148825 0.611328 0.138381 0.611328 0.122715 0.610352 0.121410 0.610352 0.116188 0.606445 0.113577 0.604492 0.110966 0.601562 0.109661 0.599609 0.107050 0.596680 0.105744 0.593750 0.101828 0.591797 0.100522 0.587891 0.100522 0.579102 0.093995 0.577148 0.093995
0 0.637695 0.071802 0.633789 0.071802 0.632812 0.070496 0.628906 0.070496 0.627930 0.071802 0.625000 0.071802 0.624023 0.073107 0.622070 0.073107 0.620117 0.075718 0.619141 0.075718 0.618164 0.077023 0.615234 0.078329 0.613281 0.080940 0.612305 0.080940 0.609375 0.084856 0.609375 0.087467 0.611328 0.090078 0.611328 0.097911 0.610352 0.099217 0.610352 0.105744 0.611328 0.107050 0.611328 0.112272 0.612305 0.113577 0.612305 0.117493 0.613281 0.118799 0.613281 0.121410 0.614258 0.122715 0.614258 0.124021 0.615234 0.124021 0.617188 0.126632 0.618164 0.126632 0.621094 0.129243 0.625000 0.129243 0.625977 0.130548 0.626953 0.129243 0.630859 0.129243 0.633789 0.126632 0.635742 0.126632 0.636719 0.125326 0.639648 0.124021 0.639648 0.122715 0.642578 0.118799 0.642578 0.117493 0.645508 0.113577 0.645508 0.112272 0.646484 0.110966 0.646484 0.104439 0.647461 0.103133 0.647461 0.097911 0.648438 0.096606 0.648438 0.088773 0.647461 0.087467 0.647461 0.083551 0.646484 0.082245 0.645508 0.078329 0.642578 0.074413 0.641602 0.074413 0.640625 0.073107 0.638672 0.073107
0 0.654297 0.104439 0.644531 0.117493 0.644531 0.118799 0.641602 0.122715 0.641602 0.125326 0.640625 0.126632 0.640625 0.131854 0.642578 0.137076 0.647461 0.143603 0.652344 0.156658 0.653320 0.163185 0.662109 0.163185 0.665039 0.160574 0.668945 0.160574 0.670898 0.159269 0.679688 0.146214 0.679688 0.144909 0.681641 0.142298 0.686523 0.129243 0.686523 0.122715 0.684570 0.117493 0.676758 0.109661 0.674805 0.109661 0.668945 0.105744 0.663086 0.105744 0.662109 0.104439
0 0.630859 0.147520 0.625000 0.147520 0.624023 0.146214 0.622070 0.146214 0.621094 0.147520 0.618164 0.147520 0.615234 0.151436 0.614258 0.151436 0.612305 0.154047 0.611328 0.154047 0.609375 0.156658 0.608398 0.156658 0.608398 0.157963 0.604492 0.164491 0.604492 0.167102 0.601562 0.172324 0.601562 0.174935 0.600586 0.176240 0.600586 0.180157 0.601562 0.180157 0.606445 0.186684 0.606445 0.187990 0.607422 0.187990 0.608398 0.189295 0.608398 0.190601 0.609375 0.191906 0.610352 0.191906 0.613281 0.195822 0.613281 0.197128 0.617188 0.202350 0.617188 0.203655 0.620117 0.206266 0.624023 0.206266 0.625000 0.204961 0.628906 0.204961 0.629883 0.203655 0.630859 0.203655 0.633789 0.199739 0.634766 0.199739 0.634766 0.198433 0.638672 0.193211 0.640625 0.186684 0.644531 0.180157 0.644531 0.176240 0.641602 0.171018 0.641602 0.168407 0.638672 0.161880 0.638672 0.159269 0.635742 0.155352 0.635742 0.154047 0.633789 0.151436 0.633789 0.150131
0 0.703125 0.164491 0.700195 0.159269 0.700195 0.157963 0.699219 0.157963 0.697266 0.155352 0.685547 0.155352 0.684570 0.156658 0.682617 0.156658 0.681641 0.157963 0.678711 0.157963 0.674805 0.161880 0.672852 0.161880 0.671875 0.163185 0.666992 0.163185 0.666016 0.164491 0.664062 0.164491 0.661133 0.167102 0.661133 0.168407 0.659180 0.172324 0.659180 0.185379 0.660156 0.186684 0.660156 0.190601 0.661133 0.190601 0.662109 0.191906 0.665039 0.193211 0.666992 0.195822 0.667969 0.195822 0.668945 0.197128 0.670898 0.197128 0.671875 0.198433 0.678711 0.198433 0.679688 0.197128 0.680664 0.197128 0.685547 0.190601 0.687500 0.190601 0.691406 0.186684 0.694336 0.186684 0.697266 0.190601 0.698242 0.189295 0.700195 0.189295 0.700195 0.185379 0.701172 0.184073 0.701172 0.181462 0.702148 0.180157 0.702148 0.169713 0.703125 0.168407
0 0.647461 0.208877 0.646484 0.208877 0.645508 0.207572 0.643555 0.207572 0.642578 0.206266 0.630859 0.206266 0.629883 0.207572 0.625977 0.207572 0.625000 0.208877 0.620117 0.208877 0.617188 0.211488 0.617188 0.212794 0.615234 0.215405 0.615234 0.216710 0.611328 0.221932 0.611328 0.224543 0.610352 0.225849 0.610352 0.227154 0.612305 0.229765 0.612305 0.237598 0.613281 0.238903 0.613281 0.241514 0.614258 0.242820 0.615234 0.246736 0.617188 0.249347 0.619141 0.249347 0.623047 0.253264 0.622070 0.257180 0.624023 0.259791 0.630859 0.259791 0.631836 0.258486 0.634766 0.258486 0.635742 0.257180 0.639648 0.257180 0.640625 0.255875 0.641602 0.255875 0.641602 0.254569 0.643555 0.251958 0.646484 0.250653 0.648438 0.246736 0.649414 0.246736 0.654297 0.241514 0.654297 0.240209 0.655273 0.238903 0.655273 0.229765 0.654297 0.228460 0.654297 0.225849 0.653320 0.224543 0.653320 0.220627 0.652344 0.219321 0.652344 0.216710
0 0.599609 0.228460 0.595703 0.231070 0.592773 0.231070 0.583008 0.237598 0.584961 0.241514 0.584961 0.249347 0.585938 0.250653 0.585938 0.254569 0.588867 0.258486 0.589844 0.261097 0.589844 0.265013 0.590820 0.266319 0.590820 0.268930 0.593750 0.274151 0.591797 0.276762 0.587891 0.274151 0.587891 0.278068 0.589844 0.279373 0.591797 0.279373 0.592773 0.276762 0.594727 0.275457 0.596680 0.278068 0.596680 0.280679 0.597656 0.281984 0.601562 0.284595 0.605469 0.284595 0.606445 0.283290 0.608398 0.283290 0.609375 0.281984 0.614258 0.280679 0.619141 0.274151 0.620117 0.271540 0.620117 0.267624 0.619141 0.266319 0.619141 0.263708 0.616211 0.259791 0.615234 0.257180 0.614258 0.248042 0.611328 0.244125 0.611328 0.241514 0.610352 0.240209 0.610352 0.237598 0.608398 0.232376 0.604492 0.228460
0 0.644531 0.261097 0.638672 0.261097 0.636719 0.263708 0.635742 0.263708 0.630859 0.267624 0.627930 0.267624 0.626953 0.268930 0.624023 0.270235 0.616211 0.280679 0.616211 0.281984 0.612305 0.288512 0.612305 0.291123 0.613281 0.292428 0.613281 0.295039 0.615234 0.297650 0.616211 0.301567 0.618164 0.304178 0.619141 0.304178 0.620117 0.305483 0.622070 0.305483 0.625000 0.309399 0.625977 0.309399 0.626953 0.310705 0.628906 0.310705 0.629883 0.312010 0.632812 0.312010 0.633789 0.313316 0.636719 0.313316 0.637695 0.314621 0.638672 0.314621 0.639648 0.313316 0.641602 0.313316 0.654297 0.296345 0.654297 0.295039 0.655273 0.293734 0.655273 0.284595 0.654297 0.283290 0.654297 0.275457 0.653320 0.274151 0.652344 0.270235 0.646484 0.262402 0.645508 0.262402
0 0.693359 0.236292 0.690430 0.236292 0.689453 0.234987 0.685547 0.234987 0.684570 0.236292 0.681641 0.236292 0.680664 0.237598 0.674805 0.237598 0.673828 0.238903 0.670898 0.238903 0.669922 0.240209 0.666016 0.240209 0.665039 0.241514 0.663086 0.241514 0.658203 0.246736 0.657227 0.246736 0.657227 0.261097 0.658203 0.262402 0.658203 0.267624 0.657227 0.268930 0.657227 0.275457 0.658203 0.276762 0.658203 0.279373 0.661133 0.283290 0.660156 0.289817 0.663086 0.293734 0.666016 0.293734 0.668945 0.291123 0.684570 0.291123 0.685547 0.289817 0.687500 0.289817 0.693359 0.284595 0.693359 0.281984 0.695312 0.278068 0.695312 0.274151 0.696289 0.272846 0.696289 0.263708 0.697266 0.262402 0.697266 0.254569 0.698242 0.253264 0.698242 0.250653 0.697266 0.249347 0.697266 0.244125 0.695312 0.238903
0 0.709961 0.248042 0.709961 0.250653 0.708984 0.251958 0.711914 0.253264 0.713867 0.257180 0.712891 0.262402 0.714844 0.262402 0.717773 0.267624 0.717773 0.268930 0.714844 0.272846 0.712891 0.272846 0.711914 0.274151 0.714844 0.279373 0.714844 0.283290 0.712891 0.287206 0.713867 0.293734 0.719727 0.295039 0.720703 0.296345 0.724609 0.296345 0.725586 0.292428 0.727539 0.289817 0.735352 0.287206 0.741211 0.283290 0.747070 0.283290 0.748047 0.281984 0.750000 0.281984 0.753906 0.279373 0.753906 0.275457 0.754883 0.274151 0.754883 0.267624 0.752930 0.265013 0.751953 0.257180 0.750977 0.254569 0.747070 0.253264 0.742188 0.248042 0.737305 0.246736 0.729492 0.241514 0.721680 0.241514 0.720703 0.242820 0.717773 0.242820 0.716797 0.241514 0.714844 0.245431
0 0.797852 0.184073 0.791016 0.184073 0.790039 0.185379 0.788086 0.185379 0.787109 0.186684 0.786133 0.186684 0.782227 0.191906 0.782227 0.193211 0.781250 0.194517 0.781250 0.195822 0.783203 0.199739 0.783203 0.207572 0.784180 0.208877 0.784180 0.211488 0.785156 0.212794 0.785156 0.216710 0.786133 0.218016 0.786133 0.232376 0.787109 0.233681 0.787109 0.238903 0.788086 0.240209 0.788086 0.245431 0.789062 0.246736 0.793945 0.245431 0.796875 0.242820 0.798828 0.242820 0.799805 0.241514 0.802734 0.240209 0.804688 0.237598 0.805664 0.237598 0.807617 0.233681 0.812500 0.231070 0.815430 0.227154 0.815430 0.218016 0.816406 0.216710 0.816406 0.215405 0.812500 0.208877 0.807617 0.206266 0.804688 0.202350 0.804688 0.201044 0.802734 0.198433 0.802734 0.197128 0.799805 0.193211 0.799805 0.187990
0 0.580078 0.305483 0.578125 0.305483 0.577148 0.306789 0.573242 0.306789 0.570312 0.309399 0.568359 0.309399 0.560547 0.314621 0.559570 0.315927 0.562500 0.319843 0.562500 0.322454 0.561523 0.323760 0.561523 0.332898 0.559570 0.334204 0.557617 0.331593 0.556641 0.327676 0.555664 0.330287 0.555664 0.342037 0.559570 0.347258 0.559570 0.349869 0.561523 0.355091 0.564453 0.359008 0.568359 0.361619 0.573242 0.361619 0.574219 0.362924 0.581055 0.362924 0.582031 0.361619 0.586914 0.361619 0.589844 0.357702 0.590820 0.357702 0.594727 0.352480 0.595703 0.349869 0.595703 0.342037 0.596680 0.340731 0.596680 0.330287 0.595703 0.328982 0.595703 0.314621 0.594727 0.312010 0.592773 0.312010 0.589844 0.309399 0.587891 0.309399 0.583984 0.306789 0.581055 0.306789
0 0.556641 0.361619 0.548828 0.372063 0.545898 0.373368 0.539062 0.381201 0.539062 0.392950 0.540039 0.394256 0.540039 0.399478 0.541016 0.400783 0.541992 0.404700 0.548828 0.413838 0.549805 0.413838 0.552734 0.416449 0.554688 0.416449 0.555664 0.417755 0.563477 0.417755 0.564453 0.416449 0.566406 0.416449 0.569336 0.412533 0.570312 0.412533 0.572266 0.409922 0.573242 0.409922 0.578125 0.403394 0.578125 0.402089 0.580078 0.399478 0.580078 0.395561 0.581055 0.394256 0.581055 0.392950 0.580078 0.391645 0.580078 0.389034 0.578125 0.386423 0.578125 0.385117 0.576172 0.382507 0.576172 0.381201 0.574219 0.378590 0.574219 0.377285 0.571289 0.373368 0.571289 0.372063 0.566406 0.364230 0.565430 0.364230 0.564453 0.362924 0.562500 0.362924 0.561523 0.361619
0 0.599609 0.340731 0.598633 0.342037 0.597656 0.348564 0.594727 0.353786 0.594727 0.355091 0.592773 0.357702 0.592773 0.360313 0.590820 0.364230 0.590820 0.372063 0.592773 0.374674 0.594727 0.381201 0.600586 0.389034 0.601562 0.389034 0.602539 0.390339 0.610352 0.390339 0.611328 0.391645 0.621094 0.391645 0.622070 0.390339 0.624023 0.390339 0.625977 0.387728 0.626953 0.387728 0.632812 0.379896 0.632812 0.378590 0.633789 0.377285 0.633789 0.374674 0.634766 0.373368 0.634766 0.370757 0.635742 0.369452 0.635742 0.364230 0.634766 0.362924 0.634766 0.359008 0.633789 0.357702 0.633789 0.355091 0.632812 0.353786 0.631836 0.349869 0.620117 0.335509 0.611328 0.335509 0.610352 0.336815 0.606445 0.336815 0.603516 0.339426 0.601562 0.339426 0.600586 0.340731
0 0.671875 0.300261 0.671875 0.301567 0.670898 0.302872 0.670898 0.305483 0.669922 0.306789 0.669922 0.309399 0.668945 0.310705 0.668945 0.313316 0.666016 0.319843 0.666016 0.325065 0.666992 0.326371 0.670898 0.338120 0.672852 0.340731 0.673828 0.344648 0.676758 0.349869 0.677734 0.349869 0.680664 0.353786 0.682617 0.353786 0.683594 0.355091 0.689453 0.355091 0.692383 0.351175 0.693359 0.351175 0.695312 0.348564 0.696289 0.348564 0.699219 0.344648 0.699219 0.343342 0.701172 0.339426 0.701172 0.332898 0.702148 0.331593 0.702148 0.319843 0.701172 0.318538 0.701172 0.314621 0.700195 0.313316 0.700195 0.312010 0.697266 0.308094 0.697266 0.306789 0.696289 0.305483 0.696289 0.302872 0.693359 0.300261 0.691406 0.300261 0.690430 0.301567 0.687500 0.301567 0.686523 0.300261 0.677734 0.300261 0.676758 0.298956 0.675781 0.300261
0 0.712891 0.328982 0.711914 0.330287 0.710938 0.330287 0.708008 0.334204 0.707031 0.334204 0.703125 0.339426 0.703125 0.340731 0.700195 0.345953 0.700195 0.347258 0.697266 0.351175 0.696289 0.351175 0.696289 0.352480 0.699219 0.356397 0.699219 0.357702 0.702148 0.364230 0.702148 0.368146 0.703125 0.369452 0.703125 0.370757 0.708008 0.377285 0.709961 0.377285 0.711914 0.379896 0.717773 0.379896 0.718750 0.381201 0.720703 0.381201 0.722656 0.383812 0.724609 0.383812 0.739258 0.364230 0.739258 0.362924 0.741211 0.359008 0.741211 0.355091 0.740234 0.353786 0.740234 0.351175 0.735352 0.344648 0.734375 0.344648 0.729492 0.339426 0.726562 0.338120 0.724609 0.335509 0.723633 0.335509 0.716797 0.330287 0.713867 0.330287
0 0.761719 0.295039 0.757812 0.295039 0.756836 0.296345 0.753906 0.296345 0.752930 0.297650 0.749023 0.297650 0.749023 0.298956 0.747070 0.301567 0.746094 0.301567 0.743164 0.306789 0.743164 0.308094 0.740234 0.314621 0.740234 0.317232 0.738281 0.321149 0.738281 0.323760 0.737305 0.325065 0.737305 0.327676 0.738281 0.328982 0.738281 0.334204 0.737305 0.335509 0.736328 0.335509 0.736328 0.336815 0.739258 0.336815 0.740234 0.338120 0.740234 0.340731 0.745117 0.347258 0.748047 0.348564 0.751953 0.352480 0.752930 0.351175 0.754883 0.351175 0.754883 0.349869 0.757812 0.345953 0.759766 0.345953 0.760742 0.344648 0.762695 0.344648 0.763672 0.343342 0.766602 0.343342 0.767578 0.342037 0.768555 0.342037 0.772461 0.336815 0.775391 0.335509 0.775391 0.334204 0.779297 0.330287 0.779297 0.323760 0.776367 0.319843 0.776367 0.318538 0.775391 0.317232 0.775391 0.313316 0.774414 0.312010 0.774414 0.309399 0.772461 0.306789 0.771484 0.302872 0.768555 0.298956 0.767578 0.298956 0.764648 0.296345 0.762695 0.296345
0 0.791016 0.305483 0.791016 0.308094 0.791992 0.306789 0.793945 0.306789 0.795898 0.309399 0.794922 0.312010 0.791016 0.312010 0.791016 0.319843 0.792969 0.323760 0.792969 0.327676 0.793945 0.328982 0.794922 0.335509 0.796875 0.335509 0.798828 0.338120 0.800781 0.335509 0.801758 0.335509 0.805664 0.342037 0.804688 0.343342 0.804688 0.347258 0.808594 0.351175 0.813477 0.351175 0.821289 0.345953 0.821289 0.344648 0.823242 0.342037 0.826172 0.334204 0.826172 0.331593 0.827148 0.330287 0.827148 0.322454 0.828125 0.321149 0.827148 0.318538 0.827148 0.313316 0.826172 0.312010 0.826172 0.302872 0.825195 0.300261 0.821289 0.300261 0.820312 0.298956 0.805664 0.298956 0.804688 0.300261 0.801758 0.300261 0.797852 0.305483 0.796875 0.304178 0.792969 0.304178
0 0.840820 0.215405 0.839844 0.218016 0.836914 0.220627 0.840820 0.223238 0.840820 0.228460 0.836914 0.238903 0.836914 0.259791 0.837891 0.261097 0.837891 0.263708 0.843750 0.270235 0.847656 0.271540 0.848633 0.272846 0.859375 0.272846 0.860352 0.271540 0.865234 0.271540 0.867188 0.274151 0.870117 0.274151 0.872070 0.271540 0.872070 0.266319 0.874023 0.261097 0.876953 0.257180 0.876953 0.249347 0.877930 0.248042 0.877930 0.244125 0.878906 0.242820 0.878906 0.236292 0.874023 0.228460 0.874023 0.215405 0.873047 0.212794 0.856445 0.212794 0.855469 0.214099 0.847656 0.215405 0.846680 0.216710 0.846680 0.221932 0.845703 0.223238 0.842773 0.223238 0.841797 0.221932 0.842773 0.219321 0.842773 0.215405
0 0.692383 0.375979 0.684570 0.385117 0.681641 0.385117 0.678711 0.389034 0.678711 0.390339 0.679688 0.391645 0.679688 0.411227 0.680664 0.412533 0.680664 0.419060 0.682617 0.421671 0.682617 0.422977 0.687500 0.429504 0.688477 0.429504 0.689453 0.430809 0.707031 0.430809 0.708008 0.429504 0.709961 0.429504 0.713867 0.424282 0.713867 0.422977 0.716797 0.419060 0.716797 0.417755 0.717773 0.416449 0.717773 0.413838 0.718750 0.412533 0.718750 0.408616 0.719727 0.407311 0.719727 0.403394 0.720703 0.402089 0.720703 0.392950 0.718750 0.390339 0.717773 0.390339 0.713867 0.385117 0.712891 0.385117 0.707031 0.378590 0.706055 0.378590 0.703125 0.375979 0.701172 0.375979 0.700195 0.374674 0.696289 0.374674 0.695312 0.375979
0 0.764648 0.362924 0.762695 0.362924 0.761719 0.364230 0.759766 0.364230 0.758789 0.365535 0.747070 0.365535 0.746094 0.366841 0.742188 0.366841 0.741211 0.368146 0.740234 0.368146 0.740234 0.370757 0.739258 0.372063 0.740234 0.378590 0.739258 0.379896 0.738281 0.386423 0.739258 0.387728 0.739258 0.395561 0.740234 0.396867 0.740234 0.400783 0.741211 0.402089 0.741211 0.413838 0.743164 0.416449 0.744141 0.416449 0.747070 0.419060 0.749023 0.419060 0.750000 0.417755 0.754883 0.417755 0.755859 0.416449 0.758789 0.416449 0.759766 0.415144 0.763672 0.415144 0.765625 0.412533 0.766602 0.412533 0.771484 0.404700 0.771484 0.387728 0.770508 0.386423 0.770508 0.378590 0.769531 0.377285 0.769531 0.369452 0.768555 0.368146 0.768555 0.366841
0 0.796875 0.389034 0.794922 0.387728 0.790039 0.387728 0.789062 0.389034 0.786133 0.389034 0.784180 0.391645 0.782227 0.391645 0.780273 0.394256 0.779297 0.394256 0.773438 0.402089 0.771484 0.408616 0.767578 0.413838 0.766602 0.413838 0.759766 0.420366 0.758789 0.422977 0.758789 0.430809 0.759766 0.432115 0.759766 0.438642 0.758789 0.439948 0.759766 0.441253 0.764648 0.443864 0.766602 0.446475 0.771484 0.446475 0.776367 0.442559 0.783203 0.442559 0.786133 0.445170 0.790039 0.445170 0.791016 0.443864 0.793945 0.443864 0.795898 0.442559 0.802734 0.433420 0.802734 0.432115 0.806641 0.428198 0.809570 0.420366 0.809570 0.415144 0.799805 0.396867
0 0.831055 0.373368 0.828125 0.373368 0.827148 0.372063 0.822266 0.372063 0.821289 0.373368 0.818359 0.373368 0.817383 0.374674 0.816406 0.374674 0.812500 0.379896 0.812500 0.381201 0.809570 0.385117 0.808594 0.385117 0.804688 0.390339 0.804688 0.391645 0.803711 0.392950 0.803711 0.399478 0.804688 0.400783 0.804688 0.403394 0.805664 0.404700 0.806641 0.408616 0.809570 0.412533 0.809570 0.413838 0.810547 0.415144 0.810547 0.419060 0.811523 0.420366 0.811523 0.421671 0.812500 0.421671 0.815430 0.424282 0.821289 0.424282 0.822266 0.422977 0.823242 0.422977 0.825195 0.420366 0.825195 0.419060 0.833008 0.408616 0.833008 0.407311 0.833984 0.406005 0.833984 0.404700 0.834961 0.403394 0.836914 0.396867 0.838867 0.394256 0.838867 0.392950 0.839844 0.391645 0.839844 0.386423 0.838867 0.385117 0.837891 0.381201 0.833008 0.374674 0.832031 0.374674
0 0.783203 0.445170 0.777344 0.445170 0.776367 0.446475 0.774414 0.446475 0.768555 0.450392 0.765625 0.450392 0.764648 0.451697 0.761719 0.451697 0.760742 0.453003 0.755859 0.453003 0.750977 0.456919 0.750000 0.459530 0.750000 0.463446 0.749023 0.464752 0.749023 0.468668 0.748047 0.469974 0.748047 0.473890 0.745117 0.477807 0.748047 0.481723 0.748047 0.488251 0.755859 0.501305 0.757812 0.502611 0.765625 0.502611 0.766602 0.501305 0.769531 0.501305 0.770508 0.500000 0.772461 0.500000 0.780273 0.494778 0.783203 0.490862 0.784180 0.490862 0.789062 0.483029 0.789062 0.480418 0.790039 0.479112 0.790039 0.475196 0.791016 0.473890 0.790039 0.462141 0.789062 0.460836 0.789062 0.458225 0.785156 0.447781
0 0.718750 0.417755 0.716797 0.420366 0.714844 0.426893 0.712891 0.429504 0.711914 0.429504 0.711914 0.434726 0.709961 0.437337 0.709961 0.438642 0.708008 0.442559 0.708008 0.447781 0.708984 0.449086 0.708984 0.450392 0.715820 0.459530 0.716797 0.459530 0.717773 0.460836 0.717773 0.464752 0.716797 0.466057 0.717773 0.466057 0.719727 0.468668 0.730469 0.468668 0.731445 0.469974 0.736328 0.469974 0.737305 0.471279 0.740234 0.471279 0.743164 0.473890 0.746094 0.472585 0.746094 0.471279 0.747070 0.469974 0.747070 0.464752 0.748047 0.463446 0.748047 0.449086 0.746094 0.445170 0.746094 0.442559 0.744141 0.438642 0.744141 0.436031 0.743164 0.434726 0.742188 0.430809 0.739258 0.426893 0.738281 0.426893 0.735352 0.422977 0.735352 0.421671 0.734375 0.420366 0.733398 0.420366 0.730469 0.417755 0.726562 0.417755 0.725586 0.416449 0.720703 0.416449 0.719727 0.417755
0 0.660156 0.415144 0.657227 0.421671 0.657227 0.425587 0.656250 0.426893 0.656250 0.459530 0.657227 0.460836 0.657227 0.464752 0.658203 0.466057 0.668945 0.466057 0.669922 0.464752 0.678711 0.464752 0.679688 0.463446 0.682617 0.463446 0.683594 0.462141 0.688477 0.462141 0.695312 0.454308 0.695312 0.453003 0.699219 0.446475 0.699219 0.443864 0.698242 0.442559 0.698242 0.441253 0.695312 0.439948 0.692383 0.436031 0.692383 0.434726 0.691406 0.434726 0.688477 0.430809 0.687500 0.430809 0.679688 0.421671 0.676758 0.420366 0.670898 0.412533 0.666992 0.412533 0.666016 0.411227 0.662109 0.415144
0 0.641602 0.417755 0.635742 0.417755 0.627930 0.429504 0.626953 0.429504 0.625000 0.432115 0.621094 0.434726 0.618164 0.434726 0.618164 0.460836 0.619141 0.462141 0.619141 0.464752 0.629883 0.469974 0.633789 0.475196 0.633789 0.480418 0.632812 0.481723 0.635742 0.481723 0.639648 0.477807 0.641602 0.477807 0.643555 0.475196 0.645508 0.475196 0.649414 0.472585 0.652344 0.472585 0.655273 0.468668 0.655273 0.458225 0.654297 0.456919 0.654297 0.450392 0.655273 0.449086 0.655273 0.432115 0.644531 0.419060 0.642578 0.419060
0 0.589844 0.450392 0.586914 0.450392 0.585938 0.449086 0.583984 0.449086 0.583008 0.447781 0.580078 0.447781 0.579102 0.446475 0.578125 0.447781 0.575195 0.447781 0.571289 0.450392 0.567383 0.455614 0.565430 0.455614 0.564453 0.456919 0.561523 0.456919 0.559570 0.459530 0.558594 0.459530 0.556641 0.456919 0.556641 0.455614 0.556641 0.467363 0.558594 0.467363 0.559570 0.468668 0.559570 0.472585 0.555664 0.483029 0.561523 0.493473 0.563477 0.500000 0.564453 0.500000 0.566406 0.502611 0.568359 0.503916 0.573242 0.503916 0.574219 0.502611 0.576172 0.502611 0.580078 0.498695 0.581055 0.500000 0.583984 0.500000 0.586914 0.497389 0.591797 0.496084 0.595703 0.492167 0.595703 0.489556 0.596680 0.488251 0.596680 0.485640 0.598633 0.480418 0.598633 0.476501 0.599609 0.475196 0.599609 0.469974 0.596680 0.463446 0.596680 0.460836 0.595703 0.458225
0 0.583984 0.502611 0.577148 0.502611 0.574219 0.505222 0.569336 0.505222 0.568359 0.503916 0.566406 0.503916 0.565430 0.502611 0.564453 0.502611 0.563477 0.501305 0.561523 0.501305 0.560547 0.500000 0.559570 0.501305 0.558594 0.505222 0.556641 0.507833 0.555664 0.507833 0.555664 0.509138 0.549805 0.516971 0.549805 0.518277 0.547852 0.522193 0.547852 0.527415 0.546875 0.528721 0.547852 0.530026 0.547852 0.531332 0.548828 0.532637 0.549805 0.532637 0.551758 0.535248 0.556641 0.537859 0.558594 0.540470 0.559570 0.540470 0.562500 0.543081 0.564453 0.543081 0.565430 0.544386 0.567383 0.544386 0.568359 0.543081 0.569336 0.543081 0.570312 0.541775 0.577148 0.537859 0.579102 0.535248 0.580078 0.535248 0.582031 0.532637 0.583008 0.532637 0.586914 0.527415 0.586914 0.526110 0.589844 0.522193 0.589844 0.520888 0.591797 0.516971 0.591797 0.510444 0.590820 0.509138 0.587891 0.507833
0 0.670898 0.473890 0.668945 0.472585 0.667969 0.473890 0.664062 0.473890 0.663086 0.475196 0.653320 0.475196 0.652344 0.476501 0.650391 0.476501 0.648438 0.477807 0.648438 0.481723 0.646484 0.485640 0.645508 0.485640 0.643555 0.483029 0.641602 0.483029 0.641602 0.484334 0.639648 0.486945 0.641602 0.492167 0.641602 0.496084 0.642578 0.497389 0.641602 0.500000 0.641602 0.509138 0.642578 0.511749 0.645508 0.511749 0.646484 0.513055 0.645508 0.515666 0.642578 0.514360 0.640625 0.519582 0.640625 0.523499 0.641602 0.524804 0.645508 0.527415 0.648438 0.527415 0.652344 0.524804 0.665039 0.524804 0.668945 0.520888 0.671875 0.519582 0.677734 0.510444 0.679688 0.503916 0.682617 0.498695 0.682617 0.493473 0.681641 0.490862 0.673828 0.480418 0.672852 0.476501
0 0.716797 0.469974 0.715820 0.469974 0.712891 0.473890 0.710938 0.473890 0.709961 0.472585 0.707031 0.472585 0.706055 0.471279 0.704102 0.471279 0.703125 0.469974 0.701172 0.469974 0.700195 0.468668 0.696289 0.468668 0.695312 0.467363 0.694336 0.467363 0.693359 0.466057 0.691406 0.466057 0.690430 0.464752 0.683594 0.464752 0.682617 0.466057 0.680664 0.466057 0.679688 0.467363 0.678711 0.467363 0.677734 0.468668 0.674805 0.477807 0.675781 0.479112 0.676758 0.483029 0.682617 0.492167 0.682617 0.494778 0.683594 0.496084 0.683594 0.503916 0.680664 0.507833 0.680664 0.509138 0.686523 0.514360 0.692383 0.514360 0.694336 0.511749 0.695312 0.511749 0.699219 0.507833 0.700195 0.507833 0.703125 0.503916 0.704102 0.503916 0.705078 0.502611 0.708008 0.501305 0.709961 0.498695 0.710938 0.498695 0.710938 0.497389 0.715820 0.490862 0.715820 0.489556 0.718750 0.484334 0.718750 0.481723 0.719727 0.480418 0.719727 0.476501
0 0.728516 0.484334 0.727539 0.485640 0.722656 0.488251 0.720703 0.490862 0.718750 0.490862 0.717773 0.492167 0.716797 0.496084 0.714844 0.498695 0.713867 0.498695 0.713867 0.501305 0.712891 0.502611 0.712891 0.505222 0.713867 0.506527 0.713867 0.511749 0.710938 0.518277 0.710938 0.520888 0.709961 0.522193 0.709961 0.524804 0.708984 0.526110 0.708984 0.530026 0.715820 0.531332 0.719727 0.536554 0.722656 0.536554 0.723633 0.537859 0.729492 0.537859 0.730469 0.539164 0.732422 0.539164 0.733398 0.537859 0.735352 0.537859 0.738281 0.535248 0.740234 0.535248 0.741211 0.533943 0.746094 0.531332 0.748047 0.528721 0.748047 0.527415 0.749023 0.526110 0.749023 0.523499 0.750000 0.522193 0.750000 0.519582 0.750977 0.518277 0.750977 0.515666 0.751953 0.514360 0.751953 0.498695 0.744141 0.488251 0.743164 0.488251 0.742188 0.486945 0.740234 0.486945 0.739258 0.485640 0.730469 0.485640 0.729492 0.484334
0 0.833984 0.484334 0.832031 0.486945 0.831055 0.490862 0.828125 0.494778 0.828125 0.497389 0.827148 0.498695 0.827148 0.501305 0.824219 0.507833 0.824219 0.524804 0.823242 0.526110 0.823242 0.532637 0.824219 0.533943 0.824219 0.535248 0.827148 0.537859 0.832031 0.537859 0.833008 0.539164 0.839844 0.539164 0.840820 0.537859 0.841797 0.537859 0.844727 0.533943 0.845703 0.530026 0.850586 0.523499 0.850586 0.522193 0.851562 0.520888 0.852539 0.520888 0.854492 0.518277 0.854492 0.516971 0.856445 0.513055 0.856445 0.502611 0.855469 0.501305 0.853516 0.494778 0.849609 0.489556 0.848633 0.489556 0.847656 0.488251 0.843750 0.488251 0.840820 0.485640 0.834961 0.485640
0 0.818359 0.556136 0.815430 0.561358 0.815430 0.566580 0.813477 0.569191 0.813477 0.570496 0.808594 0.577023 0.808594 0.582245 0.813477 0.595300 0.817383 0.600522 0.819336 0.605744 0.819336 0.610966 0.818359 0.612272 0.819336 0.613577 0.821289 0.613577 0.822266 0.614883 0.827148 0.616188 0.829102 0.617493 0.832031 0.621410 0.832031 0.622715 0.833984 0.622715 0.833984 0.618799 0.834961 0.616188 0.841797 0.607050 0.841797 0.604439 0.844727 0.597911 0.844727 0.593995 0.846680 0.588773 0.846680 0.577023 0.845703 0.575718 0.845703 0.573107 0.844727 0.570496 0.839844 0.563969 0.838867 0.563969 0.836914 0.561358 0.833984 0.561358 0.833008 0.560052 0.826172 0.560052 0.825195 0.558747 0.822266 0.558747
0 0.697266 0.531332 0.694336 0.536554 0.693359 0.540470 0.689453 0.545692 0.689453 0.546997 0.687500 0.550914 0.688477 0.552219 0.688477 0.566580 0.693359 0.573107 0.694336 0.573107 0.697266 0.577023 0.699219 0.577023 0.700195 0.578329 0.704102 0.578329 0.705078 0.579634 0.708984 0.579634 0.709961 0.578329 0.711914 0.578329 0.712891 0.577023 0.717773 0.575718 0.720703 0.571802 0.721680 0.567885 0.723633 0.565274 0.724609 0.565274 0.729492 0.557441 0.729492 0.556136 0.731445 0.552219 0.730469 0.545692 0.726562 0.541775 0.724609 0.541775 0.723633 0.540470 0.720703 0.540470 0.719727 0.539164 0.714844 0.537859 0.710938 0.533943 0.708008 0.533943 0.707031 0.532637 0.703125 0.532637 0.702148 0.531332
0 0.626953 0.548303 0.626953 0.549608 0.625000 0.553525 0.625000 0.557441 0.624023 0.558747 0.624023 0.573107 0.625977 0.577023 0.626953 0.577023 0.627930 0.578329 0.630859 0.578329 0.631836 0.577023 0.639648 0.577023 0.640625 0.578329 0.642578 0.578329 0.643555 0.579634 0.645508 0.579634 0.646484 0.580940 0.648438 0.580940 0.649414 0.582245 0.656250 0.583551 0.657227 0.584856 0.659180 0.584856 0.660156 0.583551 0.662109 0.583551 0.663086 0.582245 0.663086 0.580940 0.665039 0.577023 0.665039 0.571802 0.666016 0.570496 0.666016 0.563969 0.665039 0.562663 0.665039 0.550914 0.664062 0.549608 0.661133 0.540470 0.658203 0.536554 0.657227 0.536554 0.656250 0.535248 0.647461 0.535248 0.646484 0.536554 0.645508 0.536554 0.642578 0.540470 0.638672 0.540470 0.637695 0.541775 0.636719 0.541775 0.636719 0.544386 0.633789 0.548303 0.632812 0.548303 0.631836 0.549608 0.627930 0.549608
0 0.580078 0.558747 0.580078 0.561358 0.578125 0.563969 0.578125 0.566580 0.577148 0.567885 0.577148 0.577023 0.578125 0.578329 0.578125 0.582245 0.579102 0.583551 0.579102 0.584856 0.583984 0.592689 0.602539 0.592689 0.603516 0.591384 0.607422 0.591384 0.608398 0.590078 0.610352 0.590078 0.613281 0.587467 0.613281 0.586162 0.615234 0.582245 0.615234 0.573107 0.616211 0.571802 0.616211 0.566580 0.615234 0.565274 0.615234 0.562663 0.614258 0.561358 0.614258 0.560052 0.613281 0.560052 0.612305 0.558747 0.610352 0.552219 0.607422 0.548303 0.604492 0.548303 0.603516 0.549608 0.602539 0.549608 0.601562 0.548303 0.597656 0.548303 0.596680 0.546997 0.594727 0.546997 0.593750 0.548303 0.591797 0.548303 0.590820 0.549608 0.589844 0.549608 0.586914 0.553525 0.585938 0.553525 0.583984 0.556136 0.582031 0.556136
0 0.576172 0.597911 0.579102 0.597911 0.582031 0.601828 0.582031 0.603133 0.580078 0.605744 0.578125 0.605744 0.575195 0.609661 0.574219 0.609661 0.574219 0.612272 0.573242 0.613577 0.573242 0.620104 0.574219 0.621410 0.574219 0.627937 0.576172 0.631854 0.580078 0.631854 0.581055 0.634465 0.582031 0.634465 0.591797 0.648825 0.593750 0.650131 0.595703 0.650131 0.598633 0.652742 0.600586 0.652742 0.602539 0.651436 0.607422 0.643603 0.609375 0.638381 0.609375 0.635770 0.610352 0.634465 0.610352 0.630548 0.611328 0.629243 0.611328 0.625326 0.610352 0.624021 0.610352 0.618799 0.609375 0.617493 0.609375 0.609661 0.608398 0.608355 0.608398 0.605744 0.607422 0.603133 0.603516 0.597911 0.603516 0.596606 0.601562 0.595300 0.594727 0.595300 0.593750 0.596606 0.579102 0.596606 0.578125 0.597911
0 0.617188 0.580940 0.616211 0.582245 0.614258 0.588773 0.611328 0.592689 0.611328 0.607050 0.612305 0.608355 0.611328 0.609661 0.611328 0.612272 0.612305 0.613577 0.612305 0.620104 0.613281 0.621410 0.613281 0.622715 0.617188 0.626632 0.619141 0.626632 0.620117 0.627937 0.631836 0.627937 0.632812 0.626632 0.635742 0.626632 0.636719 0.625326 0.641602 0.622715 0.646484 0.616188 0.646484 0.614883 0.647461 0.613577 0.647461 0.610966 0.649414 0.607050 0.649414 0.603133 0.650391 0.601828 0.650391 0.596606 0.649414 0.595300 0.649414 0.592689 0.646484 0.587467 0.645508 0.583551 0.644531 0.583551 0.641602 0.580940 0.639648 0.580940 0.638672 0.579634 0.625000 0.579634 0.624023 0.578329 0.622070 0.578329 0.619141 0.580940
0 0.681641 0.566580 0.672852 0.566580 0.671875 0.567885 0.668945 0.567885 0.666992 0.570496 0.666992 0.573107 0.666016 0.574413 0.666016 0.578329 0.665039 0.579634 0.665039 0.580940 0.661133 0.586162 0.660156 0.586162 0.654297 0.593995 0.654297 0.595300 0.653320 0.596606 0.653320 0.599217 0.652344 0.600522 0.652344 0.604439 0.653320 0.605744 0.653320 0.607050 0.659180 0.614883 0.660156 0.614883 0.662109 0.617493 0.663086 0.617493 0.666016 0.620104 0.667969 0.620104 0.668945 0.621410 0.675781 0.621410 0.676758 0.620104 0.679688 0.620104 0.680664 0.618799 0.685547 0.618799 0.688477 0.616188 0.688477 0.614883 0.689453 0.613577 0.689453 0.610966 0.692383 0.605744 0.692383 0.603133 0.693359 0.601828 0.693359 0.595300 0.692383 0.593995 0.692383 0.590078 0.693359 0.588773 0.693359 0.586162 0.694336 0.584856 0.694336 0.582245 0.695312 0.580940 0.692383 0.575718 0.689453 0.574413 0.686523 0.570496 0.683594 0.569191
0 0.747070 0.622715 0.747070 0.626632 0.746094 0.627937 0.746094 0.633159 0.745117 0.634465 0.745117 0.639687 0.743164 0.643603 0.743164 0.651436 0.744141 0.652742 0.744141 0.654047 0.745117 0.655352 0.745117 0.657963 0.747070 0.661880 0.751953 0.663185 0.754883 0.660574 0.755859 0.660574 0.756836 0.661880 0.763672 0.661880 0.764648 0.660574 0.767578 0.660574 0.768555 0.659269 0.775391 0.655352 0.777344 0.652742 0.779297 0.652742 0.781250 0.650131 0.781250 0.647520 0.782227 0.646214 0.782227 0.635770 0.783203 0.634465 0.783203 0.633159 0.782227 0.631854 0.782227 0.629243 0.781250 0.629243 0.779297 0.626632 0.778320 0.626632 0.775391 0.630548 0.770508 0.630548 0.768555 0.627937 0.766602 0.627937 0.764648 0.625326 0.762695 0.625326 0.757812 0.618799 0.756836 0.618799 0.755859 0.617493 0.752930 0.617493 0.751953 0.618799 0.749023 0.620104
0 0.824219 0.629243 0.822266 0.631854 0.822266 0.633159 0.815430 0.642298 0.815430 0.643603 0.813477 0.646214 0.813477 0.647520 0.811523 0.651436 0.811523 0.661880 0.812500 0.663185 0.812500 0.669713 0.810547 0.672324 0.809570 0.672324 0.809570 0.673629 0.808594 0.674935 0.813477 0.678851 0.818359 0.680157 0.819336 0.681462 0.820312 0.681462 0.823242 0.684073 0.825195 0.684073 0.826172 0.685379 0.833008 0.685379 0.835938 0.681462 0.836914 0.681462 0.841797 0.674935 0.841797 0.638381 0.839844 0.635770 0.838867 0.635770 0.835938 0.633159 0.831055 0.631854 0.828125 0.629243
0 0.590820 0.650131 0.589844 0.651436 0.587891 0.651436 0.583008 0.655352 0.581055 0.655352 0.580078 0.656658 0.580078 0.657963 0.572266 0.668407 0.572266 0.669713 0.571289 0.671018 0.571289 0.681462 0.572266 0.682768 0.572266 0.685379 0.573242 0.686684 0.573242 0.690601 0.576172 0.694517 0.576172 0.695822 0.577148 0.697128 0.582031 0.699739 0.583984 0.702350 0.585938 0.702350 0.586914 0.703655 0.588867 0.703655 0.589844 0.704961 0.592773 0.704961 0.593750 0.703655 0.596680 0.703655 0.597656 0.702350 0.598633 0.702350 0.603516 0.697128 0.603516 0.695822 0.605469 0.691906 0.605469 0.686684 0.606445 0.685379 0.605469 0.684073 0.605469 0.663185 0.604492 0.661880 0.603516 0.657963 0.602539 0.656658 0.601562 0.656658 0.599609 0.654047 0.597656 0.654047 0.594727 0.651436 0.591797 0.651436
0 0.641602 0.656658 0.641602 0.660574 0.638672 0.665796 0.635742 0.665796 0.634766 0.667102 0.633789 0.667102 0.632812 0.665796 0.630859 0.665796 0.629883 0.664491 0.625000 0.664491 0.624023 0.665796 0.623047 0.665796 0.623047 0.667102 0.622070 0.668407 0.622070 0.673629 0.621094 0.674935 0.619141 0.681462 0.616211 0.685379 0.615234 0.685379 0.613281 0.689295 0.613281 0.691906 0.614258 0.693211 0.614258 0.695822 0.615234 0.697128 0.615234 0.698433 0.623047 0.708877 0.627930 0.708877 0.631836 0.704961 0.632812 0.704961 0.635742 0.702350 0.637695 0.702350 0.638672 0.701044 0.641602 0.701044 0.645508 0.697128 0.648438 0.697128 0.649414 0.695822 0.652344 0.694517 0.654297 0.691906 0.654297 0.690601 0.656250 0.686684 0.655273 0.680157 0.654297 0.678851 0.653320 0.678851 0.652344 0.677546 0.652344 0.676240 0.648438 0.671018 0.647461 0.667102
0 0.672852 0.655352 0.672852 0.656658 0.670898 0.660574 0.670898 0.663185 0.669922 0.664491 0.669922 0.676240 0.670898 0.677546 0.670898 0.684073 0.671875 0.685379 0.671875 0.689295 0.673828 0.691906 0.674805 0.691906 0.676758 0.694517 0.676758 0.695822 0.677734 0.697128 0.679688 0.697128 0.680664 0.698433 0.681641 0.698433 0.682617 0.697128 0.686523 0.697128 0.687500 0.695822 0.692383 0.695822 0.695312 0.693211 0.697266 0.693211 0.700195 0.690601 0.702148 0.690601 0.703125 0.689295 0.704102 0.689295 0.704102 0.687990 0.705078 0.686684 0.705078 0.684073 0.706055 0.682768 0.706055 0.672324 0.705078 0.671018 0.705078 0.668407 0.704102 0.667102 0.703125 0.667102 0.696289 0.657963 0.695312 0.657963 0.688477 0.648825 0.687500 0.648825 0.684570 0.646214 0.680664 0.646214 0.675781 0.654047
0 0.751953 0.667102 0.750000 0.667102 0.749023 0.665796 0.740234 0.665796 0.739258 0.667102 0.736328 0.667102 0.735352 0.668407 0.734375 0.668407 0.733398 0.669713 0.732422 0.669713 0.725586 0.674935 0.725586 0.677546 0.724609 0.678851 0.724609 0.685379 0.722656 0.689295 0.722656 0.699739 0.724609 0.703655 0.724609 0.706266 0.725586 0.707572 0.726562 0.711488 0.729492 0.715405 0.731445 0.715405 0.732422 0.716710 0.734375 0.716710 0.735352 0.718016 0.740234 0.718016 0.741211 0.716710 0.743164 0.716710 0.744141 0.715405 0.747070 0.714099 0.749023 0.711488 0.749023 0.710183 0.750977 0.707572 0.751953 0.703655 0.754883 0.699739 0.754883 0.698433 0.757812 0.691906 0.757812 0.684073 0.756836 0.682768 0.756836 0.678851 0.755859 0.677546 0.755859 0.673629 0.754883 0.672324 0.754883 0.671018
0 0.782227 0.652742 0.781250 0.654047 0.778320 0.654047 0.776367 0.655352 0.771484 0.660574 0.766602 0.663185 0.763672 0.667102 0.762695 0.667102 0.760742 0.672324 0.758789 0.674935 0.758789 0.684073 0.759766 0.685379 0.759766 0.689295 0.768555 0.699739 0.769531 0.699739 0.777344 0.711488 0.779297 0.712794 0.791016 0.712794 0.794922 0.710183 0.803711 0.697128 0.803711 0.691906 0.802734 0.690601 0.802734 0.674935 0.800781 0.669713 0.798828 0.667102 0.796875 0.660574 0.794922 0.659269 0.792969 0.659269 0.788086 0.655352 0.785156 0.655352
0 0.755859 0.701044 0.753906 0.703655 0.752930 0.708877 0.751953 0.710183 0.751953 0.712794 0.753906 0.715405 0.753906 0.724543 0.752930 0.725849 0.752930 0.728460 0.753906 0.731070 0.758789 0.737598 0.758789 0.738903 0.764648 0.746736 0.764648 0.749347 0.763672 0.750653 0.760742 0.750653 0.757812 0.746736 0.755859 0.746736 0.751953 0.741514 0.750977 0.742820 0.750977 0.746736 0.756836 0.750653 0.759766 0.754569 0.771484 0.761097 0.774414 0.757180 0.778320 0.754569 0.783203 0.748042 0.784180 0.742820 0.781250 0.736292 0.781250 0.733681 0.779297 0.728460 0.776367 0.723238 0.776367 0.720627 0.775391 0.719321 0.775391 0.714099 0.773438 0.708877 0.771484 0.706266 0.771484 0.704961 0.768555 0.701044
0 0.692383 0.719321 0.691406 0.719321 0.690430 0.720627 0.685547 0.720627 0.684570 0.719321 0.681641 0.719321 0.680664 0.720627 0.677734 0.721932 0.673828 0.727154 0.672852 0.727154 0.666992 0.734987 0.666016 0.734987 0.665039 0.736292 0.665039 0.737598 0.664062 0.738903 0.664062 0.742820 0.660156 0.748042 0.660156 0.749347 0.661133 0.750653 0.661133 0.753264 0.666016 0.759791 0.668945 0.759791 0.671875 0.763708 0.674805 0.765013 0.676758 0.767624 0.679688 0.767624 0.680664 0.768930 0.685547 0.768930 0.686523 0.767624 0.687500 0.767624 0.689453 0.765013 0.689453 0.763708 0.697266 0.753264 0.699219 0.745431 0.703125 0.740209 0.703125 0.738903 0.704102 0.737598 0.704102 0.732376 0.700195 0.727154 0.699219 0.727154 0.695312 0.721932 0.694336 0.721932
0 0.583984 0.704961 0.583008 0.706266 0.582031 0.706266 0.582031 0.707572 0.579102 0.711488 0.579102 0.712794 0.578125 0.714099 0.578125 0.716710 0.577148 0.718016 0.577148 0.733681 0.578125 0.734987 0.578125 0.738903 0.584961 0.748042 0.584961 0.749347 0.585938 0.750653 0.586914 0.750653 0.590820 0.754569 0.592773 0.754569 0.593750 0.755875 0.596680 0.755875 0.597656 0.757180 0.599609 0.757180 0.600586 0.755875 0.603516 0.755875 0.604492 0.754569 0.607422 0.754569 0.608398 0.753264 0.610352 0.753264 0.611328 0.751958 0.612305 0.751958 0.614258 0.749347 0.614258 0.741514 0.615234 0.740209 0.615234 0.732376 0.613281 0.728460 0.613281 0.718016 0.612305 0.716710 0.610352 0.710183 0.608398 0.707572 0.605469 0.706266 0.603516 0.703655 0.601562 0.703655 0.600586 0.704961 0.598633 0.704961 0.597656 0.706266 0.584961 0.706266
0 0.626953 0.754569 0.625977 0.754569 0.625000 0.753264 0.614258 0.753264 0.613281 0.754569 0.610352 0.754569 0.609375 0.755875 0.607422 0.755875 0.606445 0.757180 0.604492 0.757180 0.603516 0.758486 0.600586 0.759791 0.594727 0.766319 0.593750 0.766319 0.593750 0.774151 0.594727 0.775457 0.594727 0.783290 0.595703 0.784595 0.595703 0.787206 0.597656 0.789817 0.597656 0.792428 0.599609 0.796345 0.599609 0.800261 0.603516 0.805483 0.608398 0.805483 0.609375 0.806789 0.617188 0.806789 0.618164 0.805483 0.621094 0.805483 0.624023 0.802872 0.625977 0.802872 0.626953 0.801567 0.629883 0.800261 0.633789 0.795039 0.633789 0.793734 0.635742 0.791123 0.635742 0.789817 0.638672 0.785901 0.639648 0.785901 0.639648 0.776762 0.638672 0.775457 0.638672 0.771540 0.637695 0.770235 0.636719 0.766319 0.632812 0.761097 0.631836 0.761097 0.629883 0.758486 0.628906 0.758486 0.626953 0.755875
0 0.552734 0.744125 0.553711 0.746736 0.556641 0.746736 0.558594 0.749347 0.556641 0.751958 0.556641 0.754569 0.555664 0.755875 0.554688 0.762402 0.551758 0.768930 0.551758 0.774151 0.550781 0.775457 0.551758 0.776762 0.551758 0.780679 0.553711 0.785901 0.556641 0.789817 0.556641 0.791123 0.557617 0.791123 0.560547 0.795039 0.562500 0.796345 0.564453 0.796345 0.565430 0.797650 0.569336 0.797650 0.570312 0.798956 0.580078 0.798956 0.582031 0.796345 0.583008 0.796345 0.587891 0.787206 0.587891 0.775457 0.585938 0.770235 0.585938 0.766319 0.586914 0.765013 0.585938 0.763708 0.585938 0.761097 0.584961 0.759791 0.584961 0.757180 0.583984 0.754569 0.581055 0.750653 0.580078 0.746736 0.577148 0.742820 0.577148 0.741514 0.575195 0.738903 0.573242 0.738903 0.572266 0.737598 0.567383 0.737598 0.561523 0.741514 0.558594 0.741514 0.557617 0.742820 0.554688 0.742820
0 0.859375 0.603133 0.859375 0.604439 0.858398 0.605744 0.858398 0.609661 0.856445 0.613577 0.856445 0.616188 0.854492 0.618799 0.854492 0.624021 0.855469 0.625326 0.856445 0.629243 0.860352 0.635770 0.864258 0.647520 0.868164 0.654047 0.871094 0.654047 0.872070 0.655352 0.878906 0.655352 0.879883 0.656658 0.883789 0.656658 0.884766 0.655352 0.884766 0.646214 0.889648 0.634465 0.889648 0.630548 0.890625 0.629243 0.890625 0.627937 0.888672 0.624021 0.888672 0.617493 0.885742 0.610966 0.885742 0.608355 0.884766 0.607050 0.884766 0.605744 0.876953 0.597911 0.872070 0.597911 0.868164 0.601828 0.861328 0.601828 0.860352 0.603133
0 0.924805 0.570496 0.922852 0.570496 0.921875 0.571802 0.917969 0.571802 0.918945 0.575718 0.910156 0.587467 0.910156 0.590078 0.909180 0.591384 0.909180 0.593995 0.908203 0.595300 0.908203 0.607050 0.907227 0.608355 0.907227 0.609661 0.908203 0.610966 0.908203 0.613577 0.907227 0.614883 0.907227 0.617493 0.908203 0.618799 0.910156 0.618799 0.914062 0.622715 0.916016 0.622715 0.918945 0.625326 0.920898 0.625326 0.921875 0.624021 0.928711 0.624021 0.929688 0.622715 0.931641 0.622715 0.932617 0.621410 0.937500 0.618799 0.941406 0.613577 0.941406 0.607050 0.942383 0.605744 0.942383 0.601828 0.940430 0.597911 0.940430 0.590078 0.939453 0.588773 0.939453 0.586162 0.938477 0.584856 0.938477 0.583551 0.933594 0.575718 0.932617 0.575718 0.927734 0.571802 0.925781 0.571802
0 0.859375 0.511749 0.856445 0.518277 0.857422 0.520888 0.859375 0.520888 0.860352 0.519582 0.864258 0.519582 0.869141 0.515666 0.872070 0.516971 0.873047 0.519582 0.867188 0.528721 0.867188 0.530026 0.862305 0.535248 0.858398 0.548303 0.858398 0.552219 0.857422 0.553525 0.857422 0.561358 0.861328 0.565274 0.864258 0.565274 0.866211 0.566580 0.869141 0.570496 0.872070 0.570496 0.875000 0.573107 0.876953 0.573107 0.880859 0.575718 0.883789 0.575718 0.888672 0.569191 0.890625 0.563969 0.892578 0.553525 0.896484 0.544386 0.896484 0.540470 0.898438 0.535248 0.898438 0.530026 0.893555 0.523499 0.889648 0.520888 0.884766 0.519582 0.879883 0.514360 0.872070 0.514360 0.871094 0.513055 0.867188 0.513055 0.866211 0.511749
0 0.954102 0.506527 0.950195 0.506527 0.950195 0.514360 0.948242 0.516971 0.939453 0.519582 0.937500 0.522193 0.937500 0.524804 0.935547 0.528721 0.935547 0.537859 0.936523 0.539164 0.936523 0.544386 0.937500 0.545692 0.937500 0.553525 0.938477 0.554830 0.937500 0.557441 0.937500 0.560052 0.938477 0.562663 0.940430 0.562663 0.944336 0.565274 0.944336 0.566580 0.942383 0.569191 0.939453 0.570496 0.941406 0.570496 0.942383 0.571802 0.955078 0.571802 0.957031 0.570496 0.957031 0.566580 0.958008 0.563969 0.959961 0.561358 0.962891 0.560052 0.966797 0.554830 0.967773 0.552219 0.967773 0.549608 0.968750 0.548303 0.968750 0.540470 0.967773 0.539164 0.967773 0.532637 0.965820 0.527415 0.964844 0.518277 0.961914 0.513055 0.958984 0.513055 0.957031 0.511749
0 0.955078 0.430809 0.955078 0.432115 0.954102 0.433420 0.954102 0.437337 0.942383 0.453003 0.942383 0.455614 0.941406 0.456919 0.941406 0.459530 0.940430 0.460836 0.940430 0.464752 0.941406 0.466057 0.941406 0.468668 0.944336 0.472585 0.944336 0.477807 0.945312 0.479112 0.946289 0.485640 0.948242 0.485640 0.949219 0.486945 0.951172 0.486945 0.953125 0.489556 0.956055 0.489556 0.957031 0.490862 0.958008 0.490862 0.958984 0.492167 0.958984 0.493473 0.956055 0.497389 0.956055 0.498695 0.958984 0.498695 0.963867 0.493473 0.963867 0.492167 0.966797 0.486945 0.969727 0.485640 0.974609 0.479112 0.974609 0.477807 0.976562 0.473890 0.976562 0.462141 0.974609 0.459530 0.972656 0.459530 0.969727 0.455614 0.969727 0.454308 0.966797 0.447781 0.966797 0.445170 0.965820 0.443864 0.964844 0.439948 0.962891 0.437337 0.961914 0.437337 0.958984 0.433420 0.958984 0.432115 0.958008 0.430809
0 0.884766 0.429504 0.883789 0.429504 0.882812 0.428198 0.879883 0.428198 0.878906 0.426893 0.875000 0.426893 0.874023 0.425587 0.860352 0.425587 0.856445 0.421671 0.851562 0.425587 0.851562 0.432115 0.850586 0.433420 0.849609 0.433420 0.849609 0.434726 0.848633 0.436031 0.848633 0.441253 0.851562 0.447781 0.851562 0.450392 0.854492 0.454308 0.854492 0.455614 0.855469 0.456919 0.855469 0.459530 0.858398 0.464752 0.858398 0.467363 0.854492 0.471279 0.855469 0.471279 0.856445 0.472585 0.858398 0.472585 0.859375 0.471279 0.862305 0.471279 0.866211 0.467363 0.869141 0.467363 0.873047 0.463446 0.875977 0.462141 0.877930 0.459530 0.880859 0.458225 0.885742 0.451697 0.885742 0.450392 0.886719 0.449086 0.886719 0.446475 0.887695 0.445170 0.887695 0.441253 0.888672 0.439948 0.887695 0.438642 0.887695 0.433420
0 0.925781 0.374674 0.923828 0.377285 0.923828 0.385117 0.922852 0.386423 0.921875 0.392950 0.918945 0.399478 0.918945 0.400783 0.919922 0.402089 0.919922 0.409922 0.920898 0.411227 0.923828 0.420366 0.924805 0.421671 0.925781 0.421671 0.929688 0.426893 0.931641 0.426893 0.932617 0.428198 0.948242 0.428198 0.949219 0.426893 0.950195 0.426893 0.951172 0.425587 0.951172 0.424282 0.954102 0.420366 0.954102 0.419060 0.955078 0.417755 0.955078 0.413838 0.956055 0.412533 0.956055 0.399478 0.955078 0.398172 0.955078 0.394256 0.952148 0.390339 0.951172 0.386423 0.948242 0.382507 0.947266 0.382507 0.945312 0.379896 0.944336 0.379896 0.938477 0.372063 0.934570 0.372063 0.933594 0.373368 0.928711 0.373368 0.927734 0.374674
