0 0.091797 0.292969 0.091797 0.294271 0.090820 0.295573 0.090820 0.298177 0.089844 0.299479 0.089844 0.305990 0.088867 0.307292 0.088867 0.315104 0.089844 0.316406 0.089844 0.325521 0.090820 0.326823 0.091797 0.330729 0.092773 0.330729 0.094727 0.333333 0.095703 0.333333 0.096680 0.334635 0.098633 0.334635 0.099609 0.335938 0.102539 0.335938 0.103516 0.337240 0.104492 0.335938 0.106445 0.335938 0.109375 0.332031 0.110352 0.332031 0.111328 0.330729 0.114258 0.330729 0.116211 0.328125 0.119141 0.326823 0.124023 0.320312 0.124023 0.303385 0.125000 0.302083 0.125977 0.298177 0.125000 0.298177 0.123047 0.295573 0.122070 0.295573 0.121094 0.294271 0.118164 0.294271 0.115234 0.291667 0.111328 0.291667 0.110352 0.290365 0.101562 0.290365 0.100586 0.289062 0.094727 0.289062
0 0.173828 0.333333 0.168945 0.341146 0.168945 0.346354 0.174805 0.354167 0.174805 0.355469 0.175781 0.355469 0.178711 0.359375 0.178711 0.360677 0.182617 0.365885 0.183594 0.365885 0.188477 0.369792 0.193359 0.369792 0.194336 0.371094 0.196289 0.371094 0.197266 0.372396 0.201172 0.372396 0.205078 0.365885 0.208008 0.365885 0.208008 0.363281 0.208984 0.361979 0.208984 0.359375 0.209961 0.358073 0.209961 0.348958 0.210938 0.347656 0.210938 0.343750 0.209961 0.342448 0.209961 0.338542 0.208984 0.337240 0.208984 0.335938 0.208008 0.334635 0.207031 0.334635 0.204102 0.330729 0.202148 0.330729 0.201172 0.329427 0.198242 0.329427 0.197266 0.328125 0.195312 0.328125 0.192383 0.325521 0.183594 0.325521 0.182617 0.326823 0.180664 0.326823 0.174805 0.333333
0 0.215820 0.363281 0.214844 0.364583 0.212891 0.364583 0.209961 0.368490 0.208984 0.368490 0.206055 0.372396 0.205078 0.372396 0.205078 0.373698 0.203125 0.376302 0.201172 0.382812 0.198242 0.386719 0.198242 0.389323 0.200195 0.393229 0.201172 0.393229 0.204102 0.397135 0.207031 0.398438 0.215820 0.408854 0.218750 0.410156 0.220703 0.412760 0.224609 0.412760 0.227539 0.410156 0.229492 0.410156 0.230469 0.408854 0.231445 0.408854 0.235352 0.403646 0.236328 0.403646 0.237305 0.399740 0.239258 0.397135 0.239258 0.395833 0.240234 0.394531 0.240234 0.388021 0.241211 0.386719 0.241211 0.381510 0.240234 0.380208 0.239258 0.380208 0.237305 0.377604 0.236328 0.373698 0.234375 0.371094 0.233398 0.371094 0.232422 0.369792 0.230469 0.369792 0.229492 0.368490 0.226562 0.368490 0.225586 0.367188 0.223633 0.367188 0.222656 0.365885 0.221680 0.365885 0.220703 0.364583 0.218750 0.364583 0.217773 0.363281
0 0.224609 0.415365 0.222656 0.417969 0.222656 0.419271 0.218750 0.424479 0.218750 0.428385 0.217773 0.429688 0.217773 0.440104 0.220703 0.445312 0.220703 0.446615 0.222656 0.449219 0.223633 0.449219 0.228516 0.457031 0.229492 0.457031 0.231445 0.459635 0.232422 0.459635 0.235352 0.462240 0.238281 0.462240 0.239258 0.463542 0.245117 0.463542 0.246094 0.462240 0.248047 0.462240 0.249023 0.463542 0.251953 0.463542 0.251953 0.462240 0.253906 0.459635 0.253906 0.457031 0.254883 0.455729 0.254883 0.450521 0.255859 0.449219 0.255859 0.445312 0.256836 0.444010 0.256836 0.433594 0.255859 0.432292 0.255859 0.428385 0.249023 0.419271 0.248047 0.419271 0.247070 0.417969 0.245117 0.417969 0.244141 0.416667 0.242188 0.416667 0.241211 0.415365 0.238281 0.415365 0.237305 0.414062 0.226562 0.414062 0.225586 0.415365
0 0.250977 0.382812 0.247070 0.388021 0.247070 0.389323 0.244141 0.393229 0.244141 0.394531 0.242188 0.397135 0.242188 0.398438 0.241211 0.399740 0.241211 0.406250 0.242188 0.407552 0.242188 0.410156 0.244141 0.412760 0.244141 0.414062 0.245117 0.415365 0.248047 0.416667 0.250000 0.419271 0.250977 0.419271 0.255859 0.425781 0.256836 0.425781 0.257812 0.427083 0.263672 0.427083 0.264648 0.425781 0.267578 0.425781 0.272461 0.421875 0.274414 0.421875 0.277344 0.417969 0.278320 0.414062 0.280273 0.411458 0.280273 0.403646 0.279297 0.402344 0.279297 0.399740 0.278320 0.398438 0.278320 0.394531 0.279297 0.393229 0.275391 0.388021 0.275391 0.386719 0.274414 0.386719 0.271484 0.384115 0.264648 0.384115 0.263672 0.382812 0.257812 0.382812 0.256836 0.381510 0.253906 0.381510 0.252930 0.382812
0 0.247070 0.312500 0.239258 0.312500 0.238281 0.313802 0.235352 0.313802 0.234375 0.315104 0.231445 0.316406 0.227539 0.321615 0.227539 0.322917 0.225586 0.326823 0.225586 0.329427 0.224609 0.330729 0.224609 0.338542 0.225586 0.339844 0.225586 0.341146 0.230469 0.347656 0.232422 0.354167 0.234375 0.356771 0.236328 0.356771 0.237305 0.355469 0.239258 0.355469 0.240234 0.354167 0.241211 0.355469 0.245117 0.355469 0.246094 0.354167 0.247070 0.354167 0.249023 0.351562 0.250000 0.351562 0.250000 0.345052 0.250977 0.343750 0.250977 0.341146 0.255859 0.335938 0.256836 0.335938 0.257812 0.337240 0.259766 0.337240 0.262695 0.341146 0.262695 0.335938 0.261719 0.335938 0.257812 0.330729 0.257812 0.324219 0.256836 0.322917 0.256836 0.321615 0.250977 0.315104 0.250000 0.315104
0 0.218750 0.278646 0.217773 0.279948 0.215820 0.279948 0.214844 0.281250 0.213867 0.281250 0.208984 0.287760 0.208008 0.287760 0.207031 0.289062 0.204102 0.290365 0.201172 0.294271 0.202148 0.295573 0.202148 0.299479 0.203125 0.300781 0.203125 0.302083 0.204102 0.303385 0.204102 0.304688 0.205078 0.305990 0.206055 0.309896 0.208984 0.313802 0.209961 0.313802 0.211914 0.316406 0.212891 0.316406 0.217773 0.320312 0.220703 0.320312 0.221680 0.321615 0.224609 0.321615 0.226562 0.319010 0.227539 0.319010 0.227539 0.317708 0.229492 0.315104 0.230469 0.315104 0.235352 0.311198 0.237305 0.311198 0.238281 0.309896 0.239258 0.309896 0.239258 0.305990 0.240234 0.304688 0.239258 0.303385 0.239258 0.300781 0.238281 0.299479 0.238281 0.298177 0.235352 0.291667 0.235352 0.289062 0.233398 0.286458 0.233398 0.285156 0.232422 0.285156 0.228516 0.279948 0.227539 0.279948 0.226562 0.278646
0 0.201172 0.449219 0.199219 0.451823 0.196289 0.453125 0.194336 0.455729 0.194336 0.457031 0.193359 0.458333 0.193359 0.462240 0.192383 0.463542 0.192383 0.471354 0.193359 0.472656 0.193359 0.480469 0.196289 0.484375 0.197266 0.484375 0.201172 0.489583 0.202148 0.489583 0.204102 0.492188 0.206055 0.492188 0.208984 0.494792 0.213867 0.490885 0.215820 0.490885 0.217773 0.488281 0.217773 0.484375 0.218750 0.483073 0.218750 0.476562 0.219727 0.475260 0.219727 0.473958 0.226562 0.464844 0.226562 0.463542 0.227539 0.462240 0.227539 0.459635 0.224609 0.455729 0.223633 0.455729 0.222656 0.454427 0.221680 0.454427 0.219727 0.451823 0.217773 0.451823 0.216797 0.450521 0.213867 0.450521 0.212891 0.449219
0 0.225586 0.467448 0.219727 0.475260 0.219727 0.492188 0.220703 0.493490 0.220703 0.497396 0.221680 0.498698 0.222656 0.502604 0.224609 0.505208 0.224609 0.506510 0.225586 0.506510 0.227539 0.509115 0.229492 0.509115 0.230469 0.510417 0.244141 0.510417 0.245117 0.509115 0.248047 0.507812 0.248047 0.505208 0.247070 0.503906 0.247070 0.501302 0.249023 0.498698 0.249023 0.494792 0.250000 0.493490 0.250000 0.484375 0.250977 0.483073 0.250977 0.480469 0.253906 0.476562 0.254883 0.476562 0.254883 0.475260 0.253906 0.475260 0.251953 0.472656 0.251953 0.471354 0.250977 0.470052 0.247070 0.470052 0.246094 0.468750 0.243164 0.468750 0.242188 0.467448 0.239258 0.467448 0.238281 0.466146 0.235352 0.466146 0.234375 0.464844 0.228516 0.464844 0.226562 0.467448
0 0.202148 0.516927 0.202148 0.520833 0.204102 0.523438 0.206055 0.523438 0.207031 0.524740 0.208008 0.524740 0.209961 0.527344 0.210938 0.527344 0.212891 0.529948 0.213867 0.529948 0.214844 0.531250 0.216797 0.531250 0.217773 0.532552 0.218750 0.532552 0.219727 0.533854 0.220703 0.533854 0.221680 0.535156 0.222656 0.535156 0.225586 0.537760 0.229492 0.537760 0.231445 0.535156 0.231445 0.533854 0.232422 0.532552 0.232422 0.531250 0.234375 0.528646 0.234375 0.524740 0.235352 0.523438 0.235352 0.522135 0.234375 0.520833 0.234375 0.516927 0.232422 0.514323 0.231445 0.514323 0.230469 0.513021 0.229492 0.513021 0.228516 0.511719 0.227539 0.511719 0.224609 0.509115 0.221680 0.509115 0.220703 0.507812 0.218750 0.507812 0.217773 0.509115 0.211914 0.509115 0.210938 0.510417 0.208008 0.510417 0.207031 0.511719 0.206055 0.511719
0 0.258789 0.510417 0.254883 0.510417 0.251953 0.513021 0.247070 0.513021 0.246094 0.514323 0.244141 0.514323 0.243164 0.515625 0.242188 0.515625 0.236328 0.523438 0.236328 0.524740 0.234375 0.528646 0.234375 0.531250 0.233398 0.532552 0.233398 0.542969 0.234375 0.544271 0.235352 0.544271 0.236328 0.545573 0.239258 0.546875 0.242188 0.550781 0.243164 0.550781 0.248047 0.554688 0.253906 0.554688 0.254883 0.553385 0.256836 0.553385 0.257812 0.552083 0.258789 0.552083 0.262695 0.546875 0.263672 0.546875 0.267578 0.541667 0.268555 0.541667 0.270508 0.537760 0.269531 0.536458 0.269531 0.533854 0.268555 0.532552 0.270508 0.528646 0.270508 0.526042 0.269531 0.524740 0.269531 0.523438 0.261719 0.513021 0.260742 0.513021
0 0.129883 0.476562 0.121094 0.485677 0.119141 0.485677 0.119141 0.486979 0.114258 0.494792 0.114258 0.496094 0.113281 0.497396 0.112305 0.501302 0.110352 0.503906 0.109375 0.507812 0.110352 0.509115 0.110352 0.510417 0.113281 0.514323 0.113281 0.515625 0.114258 0.516927 0.114258 0.519531 0.117188 0.523438 0.117188 0.524740 0.118164 0.526042 0.119141 0.526042 0.122070 0.528646 0.126953 0.529948 0.129883 0.532552 0.140625 0.532552 0.141602 0.531250 0.144531 0.529948 0.147461 0.523438 0.147461 0.520833 0.146484 0.520833 0.145508 0.519531 0.143555 0.519531 0.142578 0.520833 0.141602 0.519531 0.141602 0.518229 0.144531 0.514323 0.144531 0.513021 0.147461 0.507812 0.147461 0.502604 0.142578 0.494792 0.142578 0.493490 0.139648 0.489583 0.139648 0.486979 0.138672 0.485677 0.138672 0.484375 0.137695 0.484375 0.134766 0.480469 0.131836 0.479167
0 0.179688 0.506510 0.177734 0.506510 0.176758 0.505208 0.173828 0.505208 0.172852 0.503906 0.167969 0.503906 0.162109 0.507812 0.160156 0.507812 0.155273 0.513021 0.155273 0.514323 0.153320 0.516927 0.151367 0.522135 0.147461 0.527344 0.146484 0.529948 0.146484 0.532552 0.145508 0.533854 0.145508 0.536458 0.144531 0.537760 0.144531 0.540365 0.143555 0.541667 0.143555 0.545573 0.142578 0.546875 0.142578 0.549479 0.143555 0.550781 0.143555 0.553385 0.146484 0.557292 0.149414 0.557292 0.150391 0.558594 0.152344 0.558594 0.156250 0.561198 0.161133 0.561198 0.162109 0.562500 0.168945 0.562500 0.171875 0.559896 0.174805 0.559896 0.176758 0.558594 0.180664 0.552083 0.183594 0.550781 0.187500 0.546875 0.187500 0.544271 0.188477 0.542969 0.188477 0.535156 0.187500 0.533854 0.187500 0.531250 0.185547 0.526042 0.185547 0.520833 0.183594 0.516927 0.183594 0.514323 0.180664 0.510417 0.180664 0.507812
0 0.162109 0.600260 0.163086 0.601562 0.163086 0.602865 0.166016 0.604167 0.170898 0.610677 0.171875 0.610677 0.172852 0.611979 0.179688 0.611979 0.180664 0.610677 0.184570 0.610677 0.181641 0.610677 0.179688 0.608073 0.179688 0.606771 0.181641 0.604167 0.183594 0.604167 0.184570 0.602865 0.185547 0.602865 0.188477 0.598958 0.189453 0.598958 0.192383 0.596354 0.196289 0.596354 0.198242 0.593750 0.198242 0.592448 0.199219 0.591146 0.196289 0.587240 0.194336 0.587240 0.193359 0.585938 0.192383 0.585938 0.191406 0.584635 0.190430 0.584635 0.185547 0.580729 0.183594 0.580729 0.182617 0.579427 0.180664 0.579427 0.175781 0.575521 0.173828 0.575521 0.172852 0.574219 0.170898 0.574219 0.169922 0.572917 0.166016 0.572917 0.165039 0.574219 0.164062 0.574219 0.164062 0.578125 0.163086 0.579427 0.163086 0.588542 0.164062 0.589844 0.164062 0.591146 0.162109 0.595052
0 0.259766 0.559896 0.259766 0.563802 0.258789 0.565104 0.258789 0.569010 0.259766 0.570312 0.259766 0.579427 0.261719 0.583333 0.264648 0.583333 0.265625 0.584635 0.270508 0.584635 0.271484 0.585938 0.276367 0.585938 0.277344 0.587240 0.279297 0.587240 0.282227 0.589844 0.286133 0.589844 0.287109 0.588542 0.287109 0.585938 0.292969 0.578125 0.292969 0.576823 0.293945 0.575521 0.293945 0.561198 0.294922 0.559896 0.293945 0.558594 0.293945 0.555990 0.291992 0.553385 0.291016 0.553385 0.286133 0.549479 0.284180 0.549479 0.283203 0.548177 0.278320 0.548177 0.277344 0.549479 0.275391 0.549479 0.274414 0.550781 0.272461 0.550781 0.271484 0.552083 0.269531 0.552083 0.268555 0.553385 0.267578 0.553385 0.266602 0.554688 0.265625 0.554688 0.264648 0.555990 0.261719 0.557292
0 0.263672 0.589844 0.262695 0.591146 0.259766 0.591146 0.258789 0.592448 0.256836 0.592448 0.251953 0.597656 0.250977 0.597656 0.247070 0.601562 0.246094 0.601562 0.243164 0.606771 0.243164 0.611979 0.244141 0.613281 0.244141 0.614583 0.247070 0.618490 0.248047 0.622396 0.249023 0.622396 0.253906 0.630208 0.253906 0.632812 0.259766 0.643229 0.259766 0.648438 0.263672 0.648438 0.267578 0.644531 0.274414 0.643229 0.274414 0.641927 0.272461 0.639323 0.272461 0.636719 0.273438 0.635417 0.276367 0.634115 0.281250 0.627604 0.281250 0.626302 0.282227 0.625000 0.282227 0.619792 0.283203 0.618490 0.283203 0.605469 0.280273 0.600260 0.280273 0.598958 0.274414 0.593750 0.272461 0.593750 0.271484 0.592448 0.269531 0.592448 0.268555 0.591146 0.264648 0.591146
0 0.302734 0.632812 0.301758 0.634115 0.300781 0.634115 0.296875 0.639323 0.293945 0.640625 0.293945 0.641927 0.290039 0.647135 0.290039 0.648438 0.288086 0.652344 0.288086 0.654948 0.287109 0.656250 0.286133 0.662760 0.285156 0.664062 0.285156 0.671875 0.286133 0.673177 0.286133 0.674479 0.289062 0.677083 0.294922 0.677083 0.295898 0.678385 0.297852 0.678385 0.298828 0.679688 0.303711 0.679688 0.304688 0.680990 0.317383 0.680990 0.318359 0.679688 0.319336 0.679688 0.322266 0.675781 0.322266 0.673177 0.323242 0.671875 0.323242 0.670573 0.326172 0.666667 0.326172 0.665365 0.328125 0.661458 0.328125 0.658854 0.329102 0.657552 0.328125 0.656250 0.328125 0.641927 0.329102 0.640625 0.329102 0.638021 0.328125 0.636719 0.326172 0.636719 0.325195 0.635417 0.323242 0.635417 0.322266 0.634115 0.319336 0.634115 0.318359 0.632812
0 0.325195 0.578125 0.324219 0.579427 0.315430 0.584635 0.313477 0.587240 0.312500 0.587240 0.307617 0.593750 0.307617 0.595052 0.304688 0.600260 0.304688 0.610677 0.305664 0.611979 0.305664 0.614583 0.307617 0.618490 0.307617 0.621094 0.311523 0.628906 0.312500 0.628906 0.313477 0.630208 0.317383 0.630208 0.318359 0.631510 0.322266 0.631510 0.323242 0.632812 0.327148 0.632812 0.328125 0.634115 0.331055 0.634115 0.332031 0.632812 0.334961 0.632812 0.335938 0.631510 0.337891 0.631510 0.343750 0.625000 0.343750 0.623698 0.344727 0.622396 0.344727 0.617188 0.345703 0.615885 0.345703 0.605469 0.344727 0.604167 0.344727 0.601562 0.341797 0.596354 0.341797 0.595052 0.333984 0.584635 0.333984 0.583333 0.332031 0.580729 0.331055 0.580729 0.328125 0.578125
0 0.349609 0.614583 0.347656 0.617188 0.347656 0.619792 0.346680 0.621094 0.346680 0.623698 0.345703 0.625000 0.345703 0.627604 0.344727 0.628906 0.344727 0.636719 0.345703 0.638021 0.345703 0.641927 0.346680 0.643229 0.346680 0.645833 0.347656 0.647135 0.349609 0.653646 0.351562 0.656250 0.352539 0.656250 0.355469 0.658854 0.358398 0.658854 0.359375 0.660156 0.361328 0.660156 0.362305 0.661458 0.366211 0.661458 0.367188 0.660156 0.369141 0.660156 0.375000 0.651042 0.375977 0.647135 0.378906 0.643229 0.379883 0.643229 0.380859 0.641927 0.378906 0.639323 0.378906 0.638021 0.376953 0.635417 0.376953 0.634115 0.375977 0.632812 0.375977 0.626302 0.375000 0.625000 0.374023 0.621094 0.372070 0.618490 0.372070 0.617188 0.370117 0.614583 0.369141 0.614583 0.368164 0.613281 0.351562 0.613281 0.350586 0.614583
0 0.352539 0.661458 0.350586 0.664062 0.349609 0.664062 0.348633 0.665365 0.347656 0.665365 0.345703 0.667969 0.344727 0.667969 0.338867 0.677083 0.338867 0.678385 0.337891 0.679688 0.337891 0.682292 0.336914 0.683594 0.336914 0.686198 0.335938 0.687500 0.335938 0.694010 0.336914 0.695312 0.336914 0.696615 0.343750 0.705729 0.344727 0.705729 0.346680 0.708333 0.348633 0.708333 0.349609 0.709635 0.353516 0.709635 0.354492 0.710938 0.359375 0.710938 0.365234 0.705729 0.365234 0.704427 0.368164 0.700521 0.368164 0.699219 0.370117 0.695312 0.370117 0.675781 0.371094 0.674479 0.370117 0.673177 0.370117 0.671875 0.369141 0.670573 0.368164 0.666667 0.367188 0.666667 0.364258 0.664062 0.362305 0.664062 0.361328 0.662760 0.359375 0.662760 0.358398 0.661458
0 0.408203 0.651042 0.402344 0.651042 0.401367 0.652344 0.399414 0.652344 0.398438 0.653646 0.393555 0.654948 0.392578 0.656250 0.389648 0.657552 0.385742 0.662760 0.384766 0.662760 0.381836 0.667969 0.381836 0.683594 0.382812 0.684896 0.383789 0.688802 0.384766 0.690104 0.385742 0.690104 0.393555 0.699219 0.394531 0.699219 0.399414 0.703125 0.405273 0.703125 0.406250 0.701823 0.408203 0.701823 0.411133 0.697917 0.412109 0.697917 0.413086 0.696615 0.415039 0.696615 0.420898 0.690104 0.420898 0.688802 0.422852 0.684896 0.422852 0.674479 0.420898 0.670573 0.420898 0.667969 0.419922 0.666667 0.419922 0.662760 0.415039 0.656250 0.410156 0.653646
0 0.414062 0.595052 0.413086 0.595052 0.410156 0.592448 0.399414 0.592448 0.398438 0.593750 0.394531 0.593750 0.393555 0.595052 0.388672 0.595052 0.387695 0.596354 0.385742 0.596354 0.384766 0.597656 0.381836 0.598958 0.379883 0.601562 0.379883 0.618490 0.380859 0.619792 0.380859 0.625000 0.381836 0.626302 0.381836 0.627604 0.384766 0.631510 0.385742 0.631510 0.386719 0.632812 0.388672 0.632812 0.389648 0.634115 0.391602 0.634115 0.392578 0.635417 0.397461 0.635417 0.398438 0.634115 0.400391 0.634115 0.401367 0.632812 0.403320 0.632812 0.406250 0.628906 0.409180 0.627604 0.416016 0.617188 0.418945 0.619792 0.418945 0.606771 0.417969 0.605469 0.417969 0.602865 0.416992 0.601562 0.416992 0.600260 0.415039 0.597656 0.415039 0.596354
0 0.379883 0.569010 0.375977 0.569010 0.375000 0.570312 0.372070 0.570312 0.371094 0.571615 0.369141 0.571615 0.368164 0.572917 0.367188 0.572917 0.365234 0.575521 0.365234 0.576823 0.364258 0.578125 0.364258 0.579427 0.362305 0.583333 0.362305 0.587240 0.361328 0.588542 0.361328 0.592448 0.360352 0.593750 0.360352 0.597656 0.359375 0.598958 0.359375 0.602865 0.363281 0.609375 0.364258 0.609375 0.365234 0.610677 0.366211 0.610677 0.369141 0.613281 0.374023 0.613281 0.375000 0.611979 0.376953 0.611979 0.378906 0.608073 0.378906 0.601562 0.382812 0.596354 0.385742 0.596354 0.386719 0.595052 0.388672 0.595052 0.391602 0.591146 0.391602 0.584635 0.389648 0.582031 0.389648 0.580729 0.384766 0.574219 0.383789 0.574219
0 0.336914 0.535156 0.330078 0.544271 0.330078 0.545573 0.326172 0.552083 0.326172 0.553385 0.323242 0.559896 0.323242 0.567708 0.324219 0.569010 0.325195 0.572917 0.327148 0.575521 0.329102 0.575521 0.330078 0.576823 0.333008 0.578125 0.335938 0.582031 0.337891 0.582031 0.338867 0.583333 0.341797 0.583333 0.346680 0.589844 0.349609 0.591146 0.350586 0.589844 0.350586 0.584635 0.351562 0.583333 0.352539 0.583333 0.358398 0.575521 0.358398 0.574219 0.361328 0.570312 0.361328 0.569010 0.362305 0.567708 0.362305 0.563802 0.361328 0.562500 0.361328 0.561198 0.359375 0.558594 0.359375 0.555990 0.358398 0.554688 0.358398 0.550781 0.357422 0.549479 0.357422 0.548177 0.353516 0.542969 0.352539 0.542969 0.350586 0.540365 0.349609 0.540365 0.344727 0.536458 0.342773 0.536458 0.341797 0.535156
0 0.374023 0.513021 0.373047 0.514323 0.372070 0.514323 0.366211 0.522135 0.366211 0.523438 0.364258 0.526042 0.364258 0.527344 0.363281 0.528646 0.363281 0.531250 0.361328 0.535156 0.361328 0.537760 0.359375 0.541667 0.359375 0.544271 0.360352 0.545573 0.361328 0.545573 0.363281 0.548177 0.365234 0.554688 0.371094 0.562500 0.372070 0.562500 0.373047 0.563802 0.375000 0.563802 0.375977 0.565104 0.379883 0.565104 0.380859 0.563802 0.388672 0.563802 0.389648 0.562500 0.392578 0.561198 0.395508 0.557292 0.395508 0.555990 0.396484 0.554688 0.396484 0.552083 0.397461 0.550781 0.397461 0.545573 0.398438 0.544271 0.396484 0.540365 0.396484 0.537760 0.386719 0.524740 0.385742 0.524740 0.379883 0.516927 0.378906 0.516927 0.375977 0.513021
0 0.327148 0.522135 0.326172 0.522135 0.323242 0.519531 0.320312 0.519531 0.319336 0.520833 0.315430 0.520833 0.314453 0.522135 0.312500 0.522135 0.311523 0.523438 0.308594 0.524740 0.301758 0.533854 0.301758 0.535156 0.300781 0.536458 0.300781 0.542969 0.301758 0.544271 0.301758 0.548177 0.302734 0.549479 0.302734 0.552083 0.303711 0.553385 0.303711 0.554688 0.307617 0.559896 0.309570 0.559896 0.310547 0.561198 0.321289 0.561198 0.322266 0.559896 0.323242 0.555990 0.325195 0.553385 0.325195 0.552083 0.326172 0.550781 0.326172 0.548177 0.330078 0.542969 0.330078 0.541667 0.333008 0.537760 0.333008 0.536458 0.334961 0.533854 0.334961 0.532552
0 0.289062 0.483073 0.284180 0.483073 0.283203 0.484375 0.277344 0.484375 0.276367 0.485677 0.274414 0.485677 0.273438 0.486979 0.270508 0.488281 0.268555 0.490885 0.267578 0.490885 0.264648 0.494792 0.264648 0.496094 0.263672 0.497396 0.263672 0.501302 0.264648 0.502604 0.264648 0.503906 0.265625 0.505208 0.265625 0.506510 0.266602 0.507812 0.266602 0.509115 0.267578 0.510417 0.267578 0.511719 0.268555 0.513021 0.269531 0.516927 0.271484 0.519531 0.271484 0.520833 0.275391 0.526042 0.278320 0.526042 0.279297 0.527344 0.281250 0.527344 0.282227 0.526042 0.284180 0.526042 0.285156 0.524740 0.286133 0.524740 0.288086 0.522135 0.289062 0.522135 0.290039 0.520833 0.292969 0.519531 0.292969 0.518229 0.293945 0.516927 0.294922 0.513021 0.296875 0.510417 0.296875 0.507812 0.297852 0.506510 0.297852 0.503906 0.299805 0.500000 0.299805 0.496094 0.298828 0.494792 0.298828 0.493490 0.294922 0.488281 0.293945 0.488281 0.291016 0.484375 0.290039 0.484375
0 0.271484 0.428385 0.270508 0.429688 0.267578 0.430990 0.265625 0.433594 0.264648 0.433594 0.264648 0.434896 0.262695 0.437500 0.261719 0.441406 0.259766 0.444010 0.259766 0.445312 0.257812 0.449219 0.257812 0.453125 0.256836 0.454427 0.256836 0.457031 0.257812 0.458333 0.257812 0.460938 0.258789 0.462240 0.258789 0.463542 0.262695 0.468750 0.265625 0.470052 0.267578 0.472656 0.269531 0.472656 0.270508 0.471354 0.273438 0.475260 0.277344 0.475260 0.278320 0.473958 0.281250 0.473958 0.282227 0.472656 0.282227 0.471354 0.288086 0.462240 0.288086 0.458333 0.289062 0.457031 0.289062 0.454427 0.290039 0.453125 0.291992 0.453125 0.293945 0.450521 0.287109 0.441406 0.287109 0.440104 0.284180 0.436198 0.284180 0.434896 0.283203 0.433594 0.282227 0.433594 0.281250 0.432292 0.280273 0.432292 0.275391 0.428385
0 0.293945 0.398438 0.292969 0.399740 0.290039 0.401042 0.285156 0.407552 0.285156 0.408854 0.282227 0.412760 0.282227 0.419271 0.283203 0.420573 0.284180 0.424479 0.287109 0.428385 0.287109 0.429688 0.296875 0.442708 0.297852 0.442708 0.300781 0.446615 0.301758 0.446615 0.302734 0.447917 0.303711 0.446615 0.306641 0.446615 0.308594 0.444010 0.309570 0.444010 0.309570 0.442708 0.311523 0.440104 0.311523 0.438802 0.317383 0.430990 0.319336 0.430990 0.320312 0.429688 0.321289 0.429688 0.321289 0.428385 0.322266 0.427083 0.322266 0.419271 0.321289 0.417969 0.321289 0.416667 0.319336 0.414062 0.319336 0.412760 0.315430 0.407552 0.314453 0.407552 0.311523 0.403646 0.310547 0.403646 0.303711 0.398438
0 0.316406 0.434896 0.314453 0.437500 0.314453 0.438802 0.313477 0.440104 0.313477 0.441406 0.310547 0.447917 0.310547 0.460938 0.311523 0.462240 0.311523 0.467448 0.312500 0.468750 0.312500 0.471354 0.313477 0.472656 0.313477 0.475260 0.314453 0.476562 0.315430 0.476562 0.316406 0.477865 0.319336 0.479167 0.320312 0.477865 0.322266 0.477865 0.322266 0.476562 0.328125 0.467448 0.331055 0.467448 0.332031 0.468750 0.333984 0.468750 0.334961 0.470052 0.337891 0.470052 0.338867 0.468750 0.339844 0.468750 0.339844 0.467448 0.343750 0.462240 0.343750 0.445312 0.341797 0.442708 0.341797 0.441406 0.336914 0.437500 0.332031 0.437500 0.331055 0.436198 0.326172 0.436198 0.325195 0.434896
0 0.328125 0.468750 0.326172 0.471354 0.326172 0.473958 0.325195 0.475260 0.325195 0.477865 0.321289 0.483073 0.318359 0.484375 0.318359 0.485677 0.317383 0.486979 0.317383 0.490885 0.316406 0.492188 0.316406 0.503906 0.317383 0.505208 0.318359 0.509115 0.321289 0.513021 0.321289 0.514323 0.322266 0.515625 0.325195 0.515625 0.326172 0.516927 0.328125 0.516927 0.329102 0.518229 0.333984 0.518229 0.334961 0.516927 0.335938 0.513021 0.337891 0.510417 0.338867 0.510417 0.343750 0.506510 0.343750 0.505208 0.344727 0.503906 0.344727 0.500000 0.345703 0.498698 0.346680 0.500000 0.346680 0.501302 0.347656 0.502604 0.348633 0.502604 0.348633 0.501302 0.349609 0.500000 0.349609 0.485677 0.348633 0.484375 0.348633 0.483073 0.345703 0.479167 0.345703 0.477865 0.343750 0.475260 0.342773 0.475260 0.337891 0.471354 0.335938 0.471354 0.334961 0.470052 0.332031 0.470052 0.331055 0.468750
0 0.364258 0.414062 0.360352 0.414062 0.355469 0.417969 0.353516 0.417969 0.352539 0.419271 0.349609 0.420573 0.347656 0.423177 0.346680 0.423177 0.344727 0.427083 0.344727 0.429688 0.343750 0.430990 0.343750 0.436198 0.342773 0.437500 0.342773 0.440104 0.343750 0.441406 0.343750 0.442708 0.344727 0.444010 0.344727 0.445312 0.345703 0.446615 0.345703 0.447917 0.346680 0.449219 0.347656 0.453125 0.349609 0.455729 0.350586 0.455729 0.351562 0.457031 0.353516 0.457031 0.354492 0.458333 0.361328 0.458333 0.363281 0.455729 0.366211 0.454427 0.368164 0.451823 0.370117 0.451823 0.371094 0.450521 0.372070 0.450521 0.373047 0.449219 0.375000 0.449219 0.375977 0.447917 0.380859 0.447917 0.381836 0.446615 0.381836 0.436198 0.380859 0.434896 0.380859 0.432292 0.379883 0.430990 0.379883 0.429688 0.374023 0.420573 0.373047 0.420573 0.372070 0.419271 0.371094 0.419271 0.370117 0.417969 0.369141 0.417969
0 0.375977 0.477865 0.375977 0.479167 0.374023 0.483073 0.374023 0.486979 0.373047 0.488281 0.373047 0.498698 0.374023 0.500000 0.374023 0.502604 0.378906 0.507812 0.380859 0.507812 0.382812 0.510417 0.388672 0.513021 0.389648 0.511719 0.391602 0.511719 0.392578 0.510417 0.397461 0.510417 0.398438 0.509115 0.402344 0.509115 0.403320 0.507812 0.405273 0.507812 0.406250 0.509115 0.409180 0.509115 0.412109 0.506510 0.412109 0.490885 0.411133 0.489583 0.411133 0.486979 0.409180 0.483073 0.409180 0.480469 0.405273 0.473958 0.404297 0.473958 0.399414 0.470052 0.389648 0.470052 0.384766 0.473958 0.382812 0.473958 0.381836 0.475260 0.379883 0.475260 0.378906 0.476562
0 0.318359 0.355469 0.316406 0.355469 0.315430 0.356771 0.312500 0.356771 0.311523 0.358073 0.309570 0.358073 0.307617 0.360677 0.306641 0.360677 0.303711 0.364583 0.302734 0.364583 0.299805 0.368490 0.299805 0.369792 0.298828 0.371094 0.298828 0.384115 0.299805 0.385417 0.299805 0.388021 0.301758 0.390625 0.302734 0.390625 0.305664 0.394531 0.306641 0.394531 0.307617 0.395833 0.309570 0.395833 0.310547 0.397135 0.311523 0.397135 0.313477 0.399740 0.315430 0.399740 0.316406 0.401042 0.317383 0.401042 0.321289 0.395833 0.324219 0.395833 0.329102 0.391927 0.331055 0.391927 0.333008 0.389323 0.333008 0.377604 0.333984 0.376302 0.333008 0.375000 0.333008 0.372396 0.332031 0.371094 0.332031 0.369792 0.331055 0.368490 0.330078 0.364583 0.328125 0.361979 0.327148 0.361979 0.326172 0.360677 0.323242 0.359375 0.321289 0.356771 0.319336 0.356771
0 0.335938 0.381510 0.335938 0.384115 0.334961 0.385417 0.334961 0.394531 0.335938 0.395833 0.335938 0.403646 0.334961 0.404948 0.334961 0.408854 0.335938 0.410156 0.335938 0.411458 0.337891 0.414062 0.342773 0.416667 0.344727 0.419271 0.346680 0.419271 0.347656 0.417969 0.350586 0.417969 0.351562 0.416667 0.353516 0.416667 0.354492 0.415365 0.355469 0.415365 0.356445 0.414062 0.358398 0.414062 0.359375 0.412760 0.368164 0.412760 0.368164 0.411458 0.373047 0.406250 0.373047 0.402344 0.374023 0.401042 0.374023 0.395833 0.373047 0.394531 0.373047 0.390625 0.369141 0.384115 0.368164 0.384115 0.365234 0.380208 0.362305 0.378906 0.360352 0.376302 0.359375 0.376302 0.356445 0.373698 0.354492 0.373698 0.349609 0.369792 0.347656 0.369792 0.346680 0.371094 0.344727 0.371094 0.342773 0.373698 0.341797 0.373698
0 0.379883 0.394531 0.379883 0.395833 0.377930 0.399740 0.377930 0.411458 0.378906 0.412760 0.378906 0.415365 0.379883 0.416667 0.379883 0.417969 0.383789 0.423177 0.385742 0.423177 0.386719 0.424479 0.391602 0.424479 0.392578 0.423177 0.405273 0.423177 0.406250 0.421875 0.407227 0.421875 0.407227 0.420573 0.408203 0.419271 0.409180 0.415365 0.411133 0.412760 0.411133 0.410156 0.413086 0.406250 0.413086 0.401042 0.412109 0.399740 0.412109 0.398438 0.408203 0.393229 0.407227 0.389323 0.404297 0.386719 0.386719 0.386719 0.385742 0.388021 0.384766 0.388021
0 0.365234 0.342448 0.365234 0.343750 0.364258 0.345052 0.364258 0.347656 0.365234 0.348958 0.365234 0.354167 0.370117 0.365885 0.370117 0.368490 0.372070 0.371094 0.374023 0.377604 0.375977 0.380208 0.377930 0.380208 0.378906 0.381510 0.380859 0.381510 0.381836 0.382812 0.385742 0.382812 0.395508 0.375000 0.396484 0.375000 0.399414 0.380208 0.403320 0.375000 0.403320 0.364583 0.400391 0.358073 0.400391 0.350260 0.399414 0.348958 0.399414 0.347656 0.396484 0.343750 0.393555 0.334635 0.391602 0.332031 0.390625 0.332031 0.389648 0.333333 0.385742 0.333333 0.384766 0.332031 0.377930 0.332031 0.376953 0.333333 0.375000 0.333333 0.374023 0.334635 0.372070 0.334635 0.371094 0.335938 0.370117 0.335938
0 0.335938 0.319010 0.335938 0.320312 0.331055 0.325521 0.331055 0.326823 0.329102 0.330729 0.329102 0.347656 0.331055 0.350260 0.331055 0.351562 0.338867 0.361979 0.339844 0.361979 0.340820 0.363281 0.350586 0.363281 0.352539 0.360677 0.356445 0.360677 0.359375 0.356771 0.362305 0.355469 0.363281 0.354167 0.363281 0.342448 0.364258 0.341146 0.364258 0.334635 0.365234 0.333333 0.365234 0.328125 0.364258 0.326823 0.364258 0.325521 0.363281 0.325521 0.362305 0.324219 0.360352 0.324219 0.359375 0.322917 0.356445 0.321615 0.354492 0.319010 0.352539 0.319010 0.351562 0.317708 0.349609 0.317708 0.348633 0.316406 0.340820 0.316406 0.339844 0.317708 0.337891 0.317708 0.336914 0.319010
0 0.281250 0.322917 0.274414 0.334635 0.274414 0.335938 0.273438 0.337240 0.273438 0.338542 0.272461 0.339844 0.272461 0.341146 0.269531 0.347656 0.269531 0.352865 0.270508 0.354167 0.270508 0.355469 0.275391 0.361979 0.287109 0.361979 0.288086 0.363281 0.289062 0.363281 0.293945 0.367188 0.294922 0.367188 0.295898 0.365885 0.297852 0.365885 0.300781 0.361979 0.301758 0.361979 0.305664 0.356771 0.305664 0.345052 0.304688 0.343750 0.304688 0.342448 0.303711 0.341146 0.302734 0.337240 0.299805 0.333333 0.299805 0.332031 0.293945 0.324219 0.292969 0.324219 0.290039 0.321615 0.289062 0.322917
0 0.293945 0.304688 0.293945 0.307292 0.292969 0.308594 0.292969 0.315104 0.291992 0.316406 0.291016 0.320312 0.295898 0.322917 0.298828 0.326823 0.299805 0.326823 0.302734 0.329427 0.304688 0.329427 0.305664 0.330729 0.306641 0.330729 0.307617 0.329427 0.313477 0.329427 0.314453 0.328125 0.317383 0.328125 0.318359 0.326823 0.320312 0.326823 0.321289 0.325521 0.322266 0.325521 0.325195 0.329427 0.326172 0.329427 0.326172 0.328125 0.329102 0.324219 0.329102 0.321615 0.330078 0.320312 0.330078 0.317708 0.331055 0.316406 0.331055 0.309896 0.329102 0.307292 0.329102 0.304688 0.326172 0.300781 0.325195 0.300781 0.322266 0.296875 0.321289 0.296875 0.318359 0.292969 0.317383 0.292969 0.315430 0.290365 0.314453 0.290365 0.313477 0.289062 0.308594 0.289062 0.307617 0.290365 0.306641 0.290365 0.304688 0.292969 0.303711 0.292969 0.301758 0.295573 0.300781 0.295573 0.298828 0.298177 0.297852 0.298177 0.296875 0.299479 0.296875 0.300781
0 0.241211 0.283854 0.242188 0.285156 0.242188 0.294271 0.243164 0.295573 0.244141 0.299479 0.245117 0.299479 0.247070 0.302083 0.247070 0.303385 0.248047 0.304688 0.249023 0.303385 0.252930 0.303385 0.253906 0.302083 0.257812 0.302083 0.258789 0.303385 0.265625 0.303385 0.268555 0.300781 0.270508 0.300781 0.274414 0.295573 0.276367 0.295573 0.277344 0.294271 0.278320 0.294271 0.278320 0.291667 0.276367 0.287760 0.276367 0.285156 0.275391 0.283854 0.275391 0.282552 0.272461 0.278646 0.269531 0.277344 0.264648 0.270833 0.263672 0.270833 0.259766 0.265625 0.256836 0.265625 0.255859 0.264323 0.254883 0.265625 0.252930 0.265625 0.251953 0.266927 0.250977 0.266927 0.248047 0.270833 0.245117 0.272135 0.244141 0.273438 0.244141 0.276042 0.243164 0.277344 0.243164 0.279948
0 0.233398 0.230469 0.232422 0.231771 0.229492 0.233073 0.227539 0.235677 0.227539 0.236979 0.224609 0.240885 0.223633 0.244792 0.221680 0.247396 0.221680 0.255208 0.222656 0.256510 0.222656 0.257812 0.223633 0.259115 0.223633 0.260417 0.224609 0.261719 0.224609 0.263021 0.225586 0.264323 0.225586 0.265625 0.226562 0.266927 0.227539 0.270833 0.228516 0.270833 0.229492 0.272135 0.233398 0.272135 0.234375 0.270833 0.238281 0.270833 0.239258 0.272135 0.240234 0.272135 0.241211 0.270833 0.242188 0.270833 0.244141 0.266927 0.245117 0.266927 0.246094 0.265625 0.249023 0.265625 0.250000 0.264323 0.251953 0.264323 0.254883 0.260417 0.254883 0.259115 0.255859 0.257812 0.255859 0.250000 0.254883 0.248698 0.254883 0.247396 0.251953 0.243490 0.251953 0.242188 0.250000 0.239583 0.250000 0.238281 0.244141 0.230469
0 0.270508 0.190104 0.265625 0.190104 0.264648 0.191406 0.261719 0.191406 0.260742 0.192708 0.259766 0.192708 0.257812 0.195312 0.254883 0.196615 0.252930 0.199219 0.251953 0.199219 0.250977 0.200521 0.248047 0.201823 0.246094 0.204427 0.245117 0.204427 0.241211 0.210938 0.241211 0.213542 0.240234 0.214844 0.244141 0.220052 0.244141 0.221354 0.250000 0.230469 0.250977 0.234375 0.252930 0.236979 0.253906 0.236979 0.254883 0.238281 0.259766 0.238281 0.260742 0.239583 0.263672 0.239583 0.264648 0.238281 0.265625 0.238281 0.273438 0.229167 0.274414 0.229167 0.276367 0.226562 0.277344 0.226562 0.281250 0.221354 0.281250 0.214844 0.279297 0.212240 0.279297 0.210938 0.278320 0.209635 0.278320 0.207031 0.277344 0.205729 0.277344 0.203125 0.276367 0.201823 0.276367 0.199219 0.271484 0.192708 0.271484 0.191406
0 0.289062 0.227865 0.288086 0.227865 0.287109 0.226562 0.281250 0.226562 0.280273 0.227865 0.278320 0.227865 0.277344 0.229167 0.274414 0.230469 0.271484 0.234375 0.270508 0.238281 0.266602 0.243490 0.266602 0.244792 0.265625 0.246094 0.265625 0.252604 0.266602 0.253906 0.266602 0.260417 0.267578 0.261719 0.267578 0.263021 0.269531 0.265625 0.269531 0.268229 0.270508 0.269531 0.286133 0.269531 0.290039 0.264323 0.291016 0.264323 0.291992 0.263021 0.294922 0.261719 0.298828 0.255208 0.301758 0.256510 0.300781 0.255208 0.300781 0.253906 0.299805 0.252604 0.299805 0.250000 0.297852 0.246094 0.297852 0.242188 0.296875 0.240885 0.296875 0.239583 0.294922 0.236979 0.294922 0.235677
0 0.292969 0.156250 0.291992 0.156250 0.291016 0.154948 0.288086 0.154948 0.287109 0.153646 0.281250 0.153646 0.280273 0.154948 0.276367 0.154948 0.275391 0.156250 0.274414 0.156250 0.273438 0.157552 0.271484 0.157552 0.270508 0.158854 0.269531 0.158854 0.267578 0.161458 0.266602 0.161458 0.266602 0.162760 0.265625 0.164062 0.265625 0.166667 0.264648 0.167969 0.264648 0.173177 0.265625 0.174479 0.265625 0.175781 0.267578 0.178385 0.267578 0.179688 0.269531 0.182292 0.270508 0.186198 0.275391 0.192708 0.277344 0.192708 0.278320 0.191406 0.279297 0.191406 0.281250 0.188802 0.282227 0.188802 0.286133 0.180990 0.287109 0.180990 0.288086 0.179688 0.291992 0.179688 0.292969 0.178385 0.294922 0.178385 0.295898 0.177083 0.295898 0.174479 0.298828 0.170573 0.299805 0.170573 0.300781 0.171875 0.300781 0.174479 0.301758 0.175781 0.301758 0.171875 0.300781 0.171875 0.299805 0.170573 0.298828 0.166667 0.295898 0.162760 0.294922 0.158854
0 0.329102 0.167969 0.319336 0.167969 0.318359 0.169271 0.317383 0.169271 0.314453 0.173177 0.313477 0.173177 0.311523 0.175781 0.311523 0.177083 0.308594 0.180990 0.308594 0.182292 0.307617 0.183594 0.307617 0.194010 0.308594 0.195312 0.308594 0.196615 0.310547 0.199219 0.310547 0.200521 0.311523 0.201823 0.311523 0.203125 0.312500 0.203125 0.313477 0.204427 0.314453 0.204427 0.317383 0.207031 0.320312 0.207031 0.321289 0.205729 0.323242 0.205729 0.324219 0.204427 0.327148 0.204427 0.328125 0.203125 0.330078 0.203125 0.335938 0.195312 0.336914 0.195312 0.337891 0.194010 0.338867 0.194010 0.338867 0.191406 0.339844 0.190104 0.338867 0.188802 0.338867 0.186198 0.337891 0.184896 0.337891 0.179688 0.335938 0.177083 0.335938 0.175781 0.332031 0.170573 0.331055 0.170573
0 0.303711 0.216146 0.302734 0.217448 0.300781 0.217448 0.296875 0.222656 0.296875 0.225260 0.295898 0.226562 0.295898 0.236979 0.298828 0.240885 0.298828 0.242188 0.299805 0.243490 0.299805 0.244792 0.300781 0.246094 0.300781 0.247396 0.304688 0.252604 0.305664 0.252604 0.308594 0.255208 0.311523 0.255208 0.313477 0.252604 0.314453 0.252604 0.317383 0.248698 0.318359 0.248698 0.319336 0.247396 0.319336 0.246094 0.321289 0.243490 0.321289 0.242188 0.322266 0.240885 0.322266 0.239583 0.324219 0.236979 0.325195 0.236979 0.325195 0.231771 0.323242 0.227865 0.323242 0.225260 0.317383 0.217448 0.316406 0.217448 0.315430 0.216146
0 0.367188 0.236979 0.365234 0.234375 0.364258 0.234375 0.361328 0.231771 0.358398 0.231771 0.357422 0.233073 0.354492 0.233073 0.353516 0.234375 0.351562 0.234375 0.350586 0.235677 0.349609 0.235677 0.348633 0.236979 0.347656 0.236979 0.344727 0.240885 0.344727 0.242188 0.342773 0.246094 0.342773 0.250000 0.341797 0.251302 0.341797 0.255208 0.340820 0.256510 0.340820 0.259115 0.339844 0.260417 0.339844 0.264323 0.340820 0.265625 0.340820 0.266927 0.342773 0.266927 0.343750 0.268229 0.353516 0.268229 0.354492 0.269531 0.357422 0.269531 0.358398 0.270833 0.361328 0.270833 0.362305 0.269531 0.363281 0.269531 0.365234 0.266927 0.365234 0.265625 0.366211 0.264323 0.366211 0.261719 0.367188 0.260417 0.367188 0.259115 0.369141 0.255208 0.369141 0.252604 0.370117 0.251302 0.370117 0.243490 0.369141 0.242188 0.369141 0.240885 0.367188 0.238281
0 0.337891 0.272135 0.333008 0.278646 0.333008 0.281250 0.331055 0.285156 0.331055 0.296875 0.332031 0.298177 0.333008 0.302083 0.334961 0.304688 0.334961 0.305990 0.339844 0.311198 0.341797 0.311198 0.342773 0.312500 0.346680 0.312500 0.347656 0.313802 0.358398 0.313802 0.359375 0.315104 0.361328 0.315104 0.362305 0.313802 0.362305 0.312500 0.364258 0.309896 0.364258 0.307292 0.365234 0.305990 0.365234 0.298177 0.364258 0.296875 0.364258 0.294271 0.363281 0.292969 0.363281 0.281250 0.362305 0.279948 0.362305 0.277344 0.361328 0.276042 0.361328 0.273438 0.358398 0.270833 0.353516 0.270833 0.352539 0.269531 0.344727 0.269531 0.343750 0.270833 0.341797 0.270833 0.340820 0.272135
0 0.372070 0.294271 0.372070 0.295573 0.370117 0.299479 0.370117 0.303385 0.369141 0.304688 0.369141 0.308594 0.368164 0.309896 0.368164 0.317708 0.369141 0.319010 0.369141 0.321615 0.373047 0.326823 0.374023 0.326823 0.375000 0.328125 0.376953 0.328125 0.377930 0.329427 0.383789 0.329427 0.384766 0.330729 0.388672 0.330729 0.389648 0.329427 0.393555 0.329427 0.394531 0.328125 0.396484 0.328125 0.399414 0.324219 0.399414 0.320312 0.400391 0.319010 0.400391 0.299479 0.395508 0.292969 0.394531 0.292969 0.393555 0.291667 0.391602 0.291667 0.390625 0.290365 0.381836 0.290365 0.380859 0.291667 0.377930 0.291667 0.376953 0.292969 0.374023 0.292969 0.373047 0.294271
0 0.375977 0.244792 0.374023 0.247396 0.374023 0.248698 0.373047 0.250000 0.373047 0.253906 0.372070 0.255208 0.372070 0.257812 0.370117 0.261719 0.370117 0.265625 0.369141 0.266927 0.369141 0.270833 0.370117 0.272135 0.370117 0.276042 0.372070 0.278646 0.372070 0.279948 0.376953 0.286458 0.377930 0.286458 0.379883 0.289062 0.394531 0.289062 0.395508 0.290365 0.398438 0.286458 0.399414 0.286458 0.401367 0.283854 0.401367 0.282552 0.404297 0.276042 0.404297 0.270833 0.405273 0.269531 0.405273 0.266927 0.404297 0.265625 0.404297 0.260417 0.403320 0.259115 0.403320 0.257812 0.400391 0.253906 0.400391 0.252604 0.395508 0.246094 0.394531 0.246094 0.392578 0.243490 0.387695 0.243490 0.386719 0.242188 0.380859 0.242188 0.379883 0.243490 0.377930 0.243490 0.376953 0.244792
0 0.384766 0.180990 0.380859 0.180990 0.379883 0.182292 0.378906 0.182292 0.377930 0.183594 0.375000 0.184896 0.372070 0.188802 0.371094 0.188802 0.369141 0.191406 0.368164 0.191406 0.366211 0.194010 0.365234 0.194010 0.362305 0.197917 0.362305 0.207031 0.363281 0.208333 0.363281 0.210938 0.364258 0.212240 0.364258 0.214844 0.366211 0.217448 0.369141 0.217448 0.370117 0.218750 0.371094 0.218750 0.374023 0.221354 0.376953 0.221354 0.377930 0.220052 0.379883 0.220052 0.380859 0.218750 0.382812 0.218750 0.383789 0.217448 0.385742 0.217448 0.386719 0.216146 0.388672 0.216146 0.392578 0.210938 0.393555 0.210938 0.394531 0.209635 0.396484 0.209635 0.396484 0.208333 0.397461 0.207031 0.397461 0.195312 0.393555 0.190104 0.393555 0.188802 0.391602 0.186198 0.390625 0.186198 0.389648 0.184896 0.386719 0.183594
0 0.370117 0.143229 0.367188 0.139323 0.361328 0.139323 0.360352 0.140625 0.355469 0.140625 0.354492 0.141927 0.350586 0.141927 0.349609 0.143229 0.347656 0.143229 0.346680 0.144531 0.344727 0.144531 0.343750 0.145833 0.342773 0.145833 0.340820 0.148438 0.340820 0.149740 0.337891 0.153646 0.337891 0.154948 0.336914 0.156250 0.336914 0.158854 0.337891 0.160156 0.337891 0.161458 0.340820 0.165365 0.340820 0.166667 0.341797 0.167969 0.341797 0.170573 0.342773 0.171875 0.346680 0.171875 0.347656 0.173177 0.360352 0.173177 0.361328 0.171875 0.362305 0.171875 0.363281 0.170573 0.364258 0.170573 0.365234 0.169271 0.366211 0.169271 0.369141 0.166667 0.373047 0.166667 0.375000 0.162760 0.375000 0.156250 0.373047 0.153646 0.373047 0.151042 0.372070 0.149740 0.372070 0.148438 0.371094 0.147135
0 0.422852 0.201823 0.420898 0.201823 0.419922 0.200521 0.416016 0.200521 0.415039 0.201823 0.414062 0.201823 0.412109 0.204427 0.411133 0.204427 0.408203 0.208333 0.407227 0.208333 0.406250 0.209635 0.406250 0.210938 0.404297 0.214844 0.404297 0.217448 0.403320 0.218750 0.403320 0.226562 0.402344 0.227865 0.402344 0.238281 0.403320 0.239583 0.403320 0.246094 0.405273 0.246094 0.405273 0.240885 0.406250 0.239583 0.406250 0.238281 0.408203 0.235677 0.409180 0.236979 0.410156 0.236979 0.414062 0.242188 0.414062 0.243490 0.415039 0.244792 0.416016 0.244792 0.417969 0.247396 0.421875 0.247396 0.422852 0.246094 0.423828 0.246094 0.426758 0.242188 0.427734 0.242188 0.430664 0.244792 0.431641 0.243490 0.431641 0.242188 0.433594 0.239583 0.433594 0.238281 0.434570 0.236979 0.434570 0.223958 0.433594 0.222656 0.433594 0.220052 0.432617 0.218750 0.430664 0.212240 0.427734 0.208333 0.427734 0.207031 0.426758 0.205729 0.425781 0.205729
0 0.470703 0.216146 0.461914 0.208333 0.457031 0.208333 0.456055 0.209635 0.455078 0.209635 0.454102 0.210938 0.451172 0.212240 0.447266 0.217448 0.446289 0.217448 0.446289 0.218750 0.445312 0.220052 0.444336 0.220052 0.439453 0.226562 0.439453 0.229167 0.438477 0.230469 0.438477 0.231771 0.439453 0.233073 0.439453 0.236979 0.440430 0.238281 0.440430 0.246094 0.442383 0.248698 0.445312 0.248698 0.446289 0.247396 0.447266 0.248698 0.448242 0.248698 0.449219 0.250000 0.451172 0.250000 0.454102 0.252604 0.459961 0.252604 0.460938 0.251302 0.462891 0.251302 0.465820 0.248698 0.468750 0.248698 0.470703 0.246094 0.470703 0.244792 0.471680 0.243490 0.471680 0.239583 0.472656 0.238281 0.472656 0.221354 0.471680 0.220052
0 0.437500 0.259115 0.436523 0.259115 0.435547 0.257812 0.430664 0.257812 0.429688 0.259115 0.425781 0.259115 0.424805 0.260417 0.421875 0.260417 0.420898 0.261719 0.418945 0.261719 0.417969 0.263021 0.415039 0.264323 0.413086 0.266927 0.413086 0.268229 0.411133 0.270833 0.411133 0.272135 0.410156 0.273438 0.410156 0.287760 0.411133 0.289062 0.411133 0.290365 0.412109 0.291667 0.412109 0.292969 0.415039 0.299479 0.416992 0.299479 0.417969 0.300781 0.421875 0.300781 0.422852 0.302083 0.429688 0.302083 0.430664 0.303385 0.435547 0.303385 0.436523 0.302083 0.437500 0.302083 0.438477 0.300781 0.441406 0.299479 0.443359 0.296875 0.443359 0.291667 0.444336 0.290365 0.444336 0.287760 0.446289 0.283854 0.446289 0.279948 0.447266 0.278646 0.447266 0.277344 0.445312 0.274740 0.445312 0.273438 0.443359 0.270833 0.443359 0.269531 0.439453 0.264323 0.439453 0.263021
0 0.470703 0.269531 0.467773 0.269531 0.466797 0.270833 0.464844 0.270833 0.463867 0.272135 0.461914 0.272135 0.460938 0.273438 0.457031 0.273438 0.456055 0.274740 0.454102 0.274740 0.453125 0.276042 0.451172 0.276042 0.450195 0.277344 0.449219 0.277344 0.449219 0.278646 0.448242 0.279948 0.448242 0.295573 0.449219 0.296875 0.449219 0.298177 0.450195 0.299479 0.450195 0.300781 0.456055 0.308594 0.458984 0.308594 0.459961 0.309896 0.462891 0.309896 0.465820 0.305990 0.465820 0.304688 0.466797 0.303385 0.466797 0.302083 0.472656 0.294271 0.473633 0.294271 0.474609 0.292969 0.475586 0.292969 0.477539 0.290365 0.477539 0.289062 0.478516 0.287760 0.477539 0.286458 0.477539 0.281250 0.476562 0.279948 0.476562 0.277344 0.474609 0.274740 0.474609 0.273438 0.473633 0.272135 0.472656 0.272135
0 0.468750 0.300781 0.468750 0.302083 0.467773 0.303385 0.465820 0.309896 0.467773 0.312500 0.467773 0.316406 0.468750 0.317708 0.468750 0.319010 0.472656 0.324219 0.472656 0.325521 0.475586 0.328125 0.475586 0.329427 0.478516 0.333333 0.479492 0.333333 0.480469 0.334635 0.482422 0.334635 0.485352 0.332031 0.491211 0.332031 0.492188 0.333333 0.498047 0.333333 0.499023 0.332031 0.501953 0.332031 0.502930 0.330729 0.502930 0.326823 0.503906 0.325521 0.503906 0.321615 0.504883 0.320312 0.504883 0.308594 0.503906 0.307292 0.503906 0.304688 0.501953 0.302083 0.501953 0.300781 0.498047 0.295573 0.498047 0.294271 0.497070 0.292969 0.496094 0.292969 0.492188 0.287760 0.485352 0.287760 0.482422 0.290365 0.480469 0.290365 0.479492 0.291667 0.477539 0.291667 0.475586 0.294271 0.472656 0.295573
0 0.500000 0.256510 0.492188 0.266927 0.492188 0.273438 0.494141 0.277344 0.494141 0.283854 0.495117 0.282552 0.498047 0.282552 0.499023 0.283854 0.499023 0.286458 0.500000 0.287760 0.500977 0.287760 0.503906 0.291667 0.505859 0.291667 0.506836 0.292969 0.516602 0.292969 0.518555 0.290365 0.519531 0.290365 0.520508 0.289062 0.521484 0.289062 0.522461 0.287760 0.523438 0.287760 0.526367 0.285156 0.526367 0.282552 0.527344 0.281250 0.527344 0.274740 0.526367 0.273438 0.526367 0.272135 0.525391 0.270833 0.524414 0.266927 0.522461 0.264323 0.521484 0.260417 0.517578 0.255208 0.510742 0.255208 0.509766 0.253906 0.508789 0.253906 0.507812 0.255208 0.502930 0.255208 0.501953 0.256510
0 0.409180 0.303385 0.408203 0.304688 0.408203 0.305990 0.406250 0.309896 0.406250 0.312500 0.405273 0.313802 0.405273 0.328125 0.406250 0.329427 0.406250 0.332031 0.407227 0.333333 0.407227 0.334635 0.408203 0.335938 0.409180 0.334635 0.411133 0.334635 0.412109 0.335938 0.415039 0.335938 0.416016 0.337240 0.417969 0.337240 0.418945 0.338542 0.421875 0.338542 0.422852 0.339844 0.424805 0.339844 0.425781 0.338542 0.428711 0.338542 0.431641 0.334635 0.431641 0.332031 0.433594 0.328125 0.433594 0.325521 0.434570 0.324219 0.434570 0.321615 0.435547 0.320312 0.435547 0.308594 0.433594 0.305990 0.431641 0.305990 0.430664 0.304688 0.423828 0.304688 0.422852 0.303385 0.415039 0.303385 0.414062 0.302083 0.411133 0.302083 0.410156 0.303385
0 0.438477 0.317708 0.435547 0.324219 0.435547 0.328125 0.434570 0.329427 0.434570 0.342448 0.435547 0.343750 0.435547 0.347656 0.436523 0.348958 0.436523 0.350260 0.438477 0.352865 0.441406 0.352865 0.442383 0.354167 0.444336 0.354167 0.445312 0.352865 0.447266 0.352865 0.448242 0.354167 0.461914 0.354167 0.462891 0.352865 0.463867 0.352865 0.465820 0.350260 0.465820 0.348958 0.467773 0.346354 0.467773 0.343750 0.468750 0.342448 0.468750 0.328125 0.469727 0.326823 0.469727 0.325521 0.467773 0.322917 0.467773 0.321615 0.466797 0.320312 0.465820 0.320312 0.460938 0.313802 0.445312 0.313802 0.444336 0.315104 0.442383 0.315104 0.441406 0.316406
0 0.490234 0.333333 0.489258 0.333333 0.488281 0.334635 0.485352 0.334635 0.484375 0.335938 0.481445 0.337240 0.476562 0.343750 0.473633 0.345052 0.471680 0.347656 0.470703 0.347656 0.468750 0.350260 0.467773 0.350260 0.467773 0.351562 0.466797 0.352865 0.466797 0.361979 0.467773 0.363281 0.469727 0.369792 0.471680 0.372396 0.471680 0.373698 0.472656 0.373698 0.473633 0.375000 0.475586 0.375000 0.478516 0.378906 0.478516 0.381510 0.479492 0.382812 0.480469 0.382812 0.482422 0.385417 0.486328 0.385417 0.487305 0.384115 0.491211 0.384115 0.492188 0.382812 0.500977 0.382812 0.501953 0.381510 0.501953 0.378906 0.502930 0.377604 0.502930 0.375000 0.503906 0.373698 0.503906 0.352865 0.502930 0.351562 0.500977 0.345052 0.496094 0.338542 0.495117 0.338542 0.492188 0.334635 0.491211 0.334635
0 0.505859 0.335938 0.505859 0.342448 0.506836 0.343750 0.506836 0.350260 0.507812 0.351562 0.507812 0.354167 0.508789 0.355469 0.508789 0.361979 0.510742 0.364583 0.511719 0.368490 0.513672 0.371094 0.524414 0.371094 0.525391 0.369792 0.527344 0.369792 0.528320 0.368490 0.529297 0.368490 0.533203 0.363281 0.535156 0.363281 0.536133 0.364583 0.538086 0.361979 0.538086 0.360677 0.540039 0.356771 0.540039 0.352865 0.541016 0.351562 0.541016 0.350260 0.540039 0.348958 0.540039 0.345052 0.539062 0.343750 0.539062 0.339844 0.538086 0.338542 0.538086 0.335938 0.537109 0.334635 0.537109 0.333333 0.535156 0.330729 0.534180 0.330729 0.531250 0.328125 0.515625 0.328125 0.514648 0.329427 0.512695 0.329427 0.511719 0.330729 0.510742 0.330729 0.507812 0.334635 0.506836 0.334635
0 0.417969 0.358073 0.416992 0.359375 0.416016 0.359375 0.413086 0.363281 0.413086 0.364583 0.411133 0.367188 0.411133 0.369792 0.410156 0.371094 0.410156 0.373698 0.409180 0.375000 0.409180 0.378906 0.408203 0.380208 0.408203 0.386719 0.409180 0.388021 0.409180 0.390625 0.410156 0.391927 0.410156 0.393229 0.416016 0.401042 0.416992 0.399740 0.427734 0.399740 0.428711 0.398438 0.430664 0.398438 0.433594 0.394531 0.433594 0.393229 0.435547 0.390625 0.435547 0.389323 0.436523 0.388021 0.436523 0.384115 0.437500 0.382812 0.437500 0.380208 0.436523 0.378906 0.436523 0.369792 0.435547 0.368490 0.435547 0.367188 0.431641 0.361979 0.430664 0.361979 0.428711 0.359375 0.427734 0.359375 0.426758 0.358073
0 0.446289 0.367188 0.446289 0.368490 0.444336 0.371094 0.444336 0.372396 0.442383 0.376302 0.442383 0.378906 0.440430 0.382812 0.440430 0.401042 0.443359 0.404948 0.445312 0.404948 0.448242 0.407552 0.458984 0.407552 0.459961 0.406250 0.463867 0.406250 0.464844 0.404948 0.467773 0.404948 0.469727 0.402344 0.469727 0.401042 0.470703 0.399740 0.470703 0.397135 0.472656 0.393229 0.472656 0.384115 0.469727 0.380208 0.468750 0.380208 0.464844 0.375000 0.463867 0.375000 0.462891 0.373698 0.461914 0.373698 0.458984 0.371094 0.456055 0.371094 0.455078 0.369792 0.454102 0.369792 0.451172 0.367188
0 0.500977 0.386719 0.499023 0.386719 0.498047 0.385417 0.494141 0.385417 0.493164 0.386719 0.490234 0.386719 0.489258 0.388021 0.487305 0.388021 0.486328 0.389323 0.483398 0.389323 0.480469 0.391927 0.478516 0.391927 0.477539 0.393229 0.474609 0.394531 0.472656 0.397135 0.472656 0.403646 0.473633 0.404948 0.473633 0.406250 0.476562 0.410156 0.477539 0.410156 0.481445 0.415365 0.481445 0.416667 0.482422 0.417969 0.482422 0.420573 0.485352 0.424479 0.490234 0.424479 0.491211 0.423177 0.492188 0.423177 0.495117 0.420573 0.497070 0.420573 0.498047 0.419271 0.502930 0.419271 0.503906 0.417969 0.505859 0.417969 0.506836 0.416667 0.506836 0.415365 0.507812 0.414062 0.507812 0.410156 0.508789 0.408854 0.508789 0.401042 0.507812 0.399740 0.507812 0.397135 0.505859 0.394531 0.505859 0.393229
0 0.494141 0.423177 0.490234 0.428385 0.490234 0.429688 0.489258 0.430990 0.489258 0.442708 0.488281 0.444010 0.488281 0.455729 0.489258 0.457031 0.489258 0.458333 0.490234 0.459635 0.492188 0.459635 0.493164 0.460938 0.494141 0.460938 0.496094 0.463542 0.497070 0.463542 0.500000 0.466146 0.501953 0.466146 0.502930 0.467448 0.504883 0.467448 0.505859 0.468750 0.509766 0.468750 0.510742 0.467448 0.512695 0.467448 0.512695 0.466146 0.517578 0.460938 0.517578 0.459635 0.520508 0.453125 0.520508 0.450521 0.521484 0.449219 0.521484 0.441406 0.522461 0.440104 0.522461 0.436198 0.521484 0.434896 0.521484 0.428385 0.514648 0.423177 0.511719 0.423177 0.510742 0.421875 0.506836 0.421875 0.505859 0.420573 0.500977 0.420573 0.500000 0.421875 0.497070 0.421875 0.496094 0.423177
0 0.448242 0.412760 0.448242 0.417969 0.449219 0.419271 0.449219 0.425781 0.450195 0.427083 0.450195 0.433594 0.451172 0.434896 0.451172 0.441406 0.453125 0.445312 0.455078 0.445312 0.456055 0.446615 0.458008 0.446615 0.458984 0.447917 0.459961 0.446615 0.465820 0.446615 0.470703 0.450521 0.474609 0.450521 0.475586 0.451823 0.477539 0.451823 0.478516 0.450521 0.480469 0.450521 0.482422 0.447917 0.482422 0.421875 0.481445 0.420573 0.480469 0.416667 0.477539 0.412760 0.476562 0.412760 0.473633 0.408854 0.471680 0.408854 0.470703 0.407552 0.459961 0.407552 0.458984 0.408854 0.453125 0.408854 0.452148 0.410156 0.450195 0.410156
0 0.416016 0.406250 0.412109 0.411458 0.412109 0.412760 0.411133 0.414062 0.411133 0.416667 0.410156 0.417969 0.410156 0.423177 0.411133 0.424479 0.411133 0.427083 0.412109 0.428385 0.412109 0.429688 0.413086 0.430990 0.414062 0.434896 0.422852 0.446615 0.429688 0.446615 0.430664 0.447917 0.432617 0.447917 0.433594 0.446615 0.437500 0.446615 0.438477 0.445312 0.441406 0.445312 0.445312 0.440104 0.445312 0.438802 0.446289 0.437500 0.446289 0.433594 0.447266 0.432292 0.447266 0.423177 0.446289 0.421875 0.446289 0.416667 0.444336 0.414062 0.444336 0.412760 0.435547 0.403646 0.423828 0.403646 0.422852 0.404948 0.420898 0.404948 0.419922 0.406250
0 0.399414 0.434896 0.389648 0.449219 0.389648 0.450521 0.387695 0.454427 0.387695 0.458333 0.388672 0.459635 0.388672 0.460938 0.390625 0.463542 0.391602 0.467448 0.392578 0.467448 0.393555 0.468750 0.398438 0.468750 0.399414 0.470052 0.401367 0.470052 0.402344 0.471354 0.405273 0.472656 0.407227 0.475260 0.408203 0.475260 0.411133 0.479167 0.415039 0.479167 0.418945 0.473958 0.418945 0.472656 0.419922 0.471354 0.419922 0.470052 0.421875 0.466146 0.421875 0.454427 0.420898 0.453125 0.420898 0.450521 0.419922 0.449219 0.419922 0.447917 0.413086 0.438802 0.412109 0.438802 0.411133 0.437500 0.407227 0.437500 0.406250 0.436198 0.402344 0.436198 0.401367 0.434896
0 0.425781 0.467448 0.424805 0.468750 0.423828 0.468750 0.419922 0.473958 0.419922 0.475260 0.417969 0.479167 0.417969 0.481771 0.416992 0.483073 0.416992 0.485677 0.415039 0.489583 0.415039 0.502604 0.416992 0.506510 0.419922 0.506510 0.420898 0.507812 0.435547 0.507812 0.439453 0.502604 0.440430 0.498698 0.442383 0.496094 0.442383 0.494792 0.445312 0.490885 0.445312 0.489583 0.447266 0.485677 0.447266 0.481771 0.446289 0.480469 0.445312 0.476562 0.443359 0.473958 0.443359 0.472656 0.442383 0.471354 0.441406 0.471354 0.439453 0.468750 0.438477 0.468750 0.437500 0.467448
0 0.416992 0.510417 0.413086 0.515625 0.412109 0.515625 0.410156 0.518229 0.410156 0.519531 0.409180 0.520833 0.409180 0.544271 0.410156 0.545573 0.412109 0.545573 0.413086 0.546875 0.416016 0.546875 0.416992 0.548177 0.417969 0.548177 0.418945 0.549479 0.420898 0.549479 0.421875 0.550781 0.430664 0.550781 0.431641 0.549479 0.432617 0.549479 0.440430 0.539062 0.440430 0.532552 0.439453 0.531250 0.439453 0.529948 0.437500 0.527344 0.437500 0.526042 0.435547 0.523438 0.435547 0.520833 0.434570 0.519531 0.434570 0.514323 0.433594 0.513021 0.433594 0.511719 0.432617 0.511719 0.431641 0.510417 0.429688 0.510417 0.428711 0.509115 0.422852 0.509115 0.421875 0.510417
0 0.447266 0.490885 0.443359 0.496094 0.443359 0.497396 0.441406 0.500000 0.441406 0.502604 0.437500 0.507812 0.437500 0.509115 0.436523 0.510417 0.436523 0.522135 0.437500 0.523438 0.437500 0.524740 0.442383 0.531250 0.448242 0.531250 0.449219 0.532552 0.457031 0.532552 0.459961 0.536458 0.462891 0.537760 0.463867 0.536458 0.464844 0.536458 0.466797 0.533854 0.466797 0.532552 0.470703 0.527344 0.470703 0.526042 0.471680 0.524740 0.471680 0.518229 0.470703 0.516927 0.470703 0.511719 0.469727 0.510417 0.469727 0.506510 0.468750 0.505208 0.468750 0.501302 0.467773 0.500000 0.467773 0.498698 0.464844 0.494792 0.463867 0.494792 0.462891 0.493490 0.459961 0.493490 0.458984 0.492188 0.457031 0.492188 0.456055 0.490885
0 0.450195 0.535156 0.449219 0.536458 0.447266 0.536458 0.446289 0.537760 0.441406 0.540365 0.435547 0.548177 0.435547 0.549479 0.432617 0.553385 0.432617 0.554688 0.431641 0.555990 0.431641 0.559896 0.432617 0.561198 0.432617 0.563802 0.433594 0.565104 0.433594 0.567708 0.434570 0.569010 0.434570 0.572917 0.435547 0.574219 0.436523 0.578125 0.438477 0.580729 0.438477 0.582031 0.439453 0.582031 0.442383 0.584635 0.444336 0.584635 0.445312 0.585938 0.447266 0.585938 0.448242 0.587240 0.451172 0.587240 0.452148 0.588542 0.455078 0.588542 0.457031 0.585938 0.458008 0.585938 0.462891 0.579427 0.463867 0.575521 0.466797 0.571615 0.466797 0.563802 0.465820 0.562500 0.465820 0.559896 0.464844 0.558594 0.464844 0.557292 0.463867 0.555990 0.463867 0.554688 0.462891 0.553385 0.460938 0.546875 0.458984 0.544271 0.458984 0.540365 0.458008 0.539062 0.458008 0.537760 0.457031 0.537760 0.455078 0.535156
0 0.398438 0.561198 0.398438 0.562500 0.397461 0.563802 0.397461 0.566406 0.396484 0.567708 0.396484 0.570312 0.397461 0.571615 0.397461 0.574219 0.398438 0.575521 0.398438 0.579427 0.399414 0.580729 0.399414 0.583333 0.400391 0.584635 0.400391 0.588542 0.402344 0.591146 0.410156 0.591146 0.411133 0.592448 0.413086 0.592448 0.414062 0.593750 0.416992 0.595052 0.418945 0.597656 0.419922 0.597656 0.420898 0.596354 0.421875 0.596354 0.422852 0.595052 0.425781 0.593750 0.427734 0.591146 0.428711 0.591146 0.429688 0.589844 0.429688 0.587240 0.430664 0.585938 0.430664 0.582031 0.429688 0.580729 0.429688 0.574219 0.428711 0.572917 0.428711 0.569010 0.427734 0.567708 0.427734 0.566406 0.426758 0.565104 0.426758 0.563802 0.425781 0.562500 0.425781 0.561198 0.424805 0.559896 0.423828 0.555990 0.421875 0.553385 0.406250 0.553385 0.405273 0.554688 0.404297 0.554688 0.402344 0.557292 0.401367 0.557292
0 0.436523 0.588542 0.435547 0.589844 0.434570 0.589844 0.432617 0.592448 0.431641 0.592448 0.430664 0.593750 0.429688 0.593750 0.427734 0.596354 0.426758 0.596354 0.426758 0.597656 0.423828 0.601562 0.423828 0.602865 0.421875 0.606771 0.421875 0.618490 0.427734 0.626302 0.428711 0.626302 0.430664 0.628906 0.433594 0.630208 0.435547 0.632812 0.437500 0.632812 0.438477 0.634115 0.444336 0.634115 0.445312 0.632812 0.446289 0.632812 0.450195 0.627604 0.451172 0.627604 0.452148 0.626302 0.452148 0.625000 0.454102 0.622396 0.455078 0.618490 0.458984 0.611979 0.458984 0.609375 0.459961 0.608073 0.459961 0.606771 0.458984 0.605469 0.458984 0.601562 0.455078 0.593750 0.454102 0.593750 0.453125 0.592448 0.450195 0.592448 0.449219 0.591146 0.447266 0.591146 0.446289 0.589844 0.444336 0.589844 0.443359 0.588542
0 0.469727 0.606771 0.468750 0.608073 0.466797 0.608073 0.461914 0.614583 0.458984 0.615885 0.457031 0.618490 0.457031 0.619792 0.456055 0.621094 0.456055 0.643229 0.458008 0.647135 0.458008 0.649740 0.458984 0.651042 0.458984 0.653646 0.459961 0.653646 0.461914 0.656250 0.464844 0.657552 0.466797 0.660156 0.468750 0.660156 0.469727 0.661458 0.470703 0.661458 0.471680 0.660156 0.472656 0.660156 0.476562 0.654948 0.477539 0.654948 0.480469 0.651042 0.483398 0.649740 0.486328 0.645833 0.486328 0.644531 0.487305 0.643229 0.487305 0.640625 0.489258 0.638021 0.489258 0.632812 0.490234 0.631510 0.489258 0.630208 0.489258 0.626302 0.488281 0.625000 0.488281 0.623698 0.483398 0.617188 0.482422 0.617188 0.481445 0.615885 0.476562 0.613281 0.474609 0.610677 0.473633 0.610677 0.470703 0.606771
0 0.440430 0.635417 0.439453 0.636719 0.437500 0.636719 0.436523 0.638021 0.435547 0.638021 0.433594 0.640625 0.432617 0.640625 0.421875 0.653646 0.421875 0.654948 0.420898 0.656250 0.420898 0.664062 0.421875 0.665365 0.421875 0.669271 0.422852 0.670573 0.422852 0.671875 0.424805 0.674479 0.424805 0.675781 0.426758 0.675781 0.427734 0.677083 0.430664 0.678385 0.432617 0.680990 0.433594 0.680990 0.436523 0.684896 0.437500 0.684896 0.438477 0.686198 0.443359 0.686198 0.445312 0.683594 0.446289 0.683594 0.449219 0.679688 0.450195 0.679688 0.451172 0.678385 0.452148 0.678385 0.454102 0.675781 0.455078 0.675781 0.458008 0.671875 0.458984 0.667969 0.458008 0.666667 0.458008 0.662760 0.457031 0.661458 0.457031 0.651042 0.456055 0.649740 0.456055 0.648438 0.447266 0.638021 0.446289 0.638021 0.443359 0.635417
0 0.493164 0.648438 0.492188 0.649740 0.488281 0.649740 0.484375 0.654948 0.483398 0.654948 0.477539 0.662760 0.477539 0.664062 0.476562 0.665365 0.476562 0.680990 0.477539 0.682292 0.477539 0.687500 0.478516 0.688802 0.478516 0.690104 0.479492 0.690104 0.480469 0.691406 0.481445 0.691406 0.482422 0.692708 0.483398 0.692708 0.484375 0.694010 0.489258 0.696615 0.491211 0.699219 0.496094 0.699219 0.497070 0.700521 0.498047 0.699219 0.501953 0.699219 0.502930 0.697917 0.505859 0.696615 0.509766 0.691406 0.509766 0.690104 0.510742 0.688802 0.510742 0.670573 0.509766 0.669271 0.509766 0.661458 0.508789 0.660156 0.508789 0.656250 0.507812 0.654948 0.507812 0.653646 0.506836 0.653646 0.501953 0.649740 0.499023 0.649740 0.498047 0.648438
0 0.469727 0.707031 0.462891 0.699219 0.460938 0.699219 0.459961 0.697917 0.458984 0.697917 0.456055 0.695312 0.454102 0.695312 0.453125 0.694010 0.450195 0.694010 0.447266 0.696615 0.442383 0.697917 0.438477 0.707031 0.438477 0.709635 0.435547 0.716146 0.435547 0.720052 0.433594 0.723958 0.433594 0.735677 0.434570 0.736979 0.435547 0.743490 0.436523 0.743490 0.437500 0.744792 0.440430 0.744792 0.441406 0.746094 0.448242 0.746094 0.449219 0.747396 0.451172 0.747396 0.452148 0.746094 0.454102 0.746094 0.455078 0.744792 0.458984 0.744792 0.459961 0.743490 0.462891 0.743490 0.465820 0.739583 0.465820 0.738281 0.466797 0.736979 0.466797 0.734375 0.467773 0.733073 0.467773 0.730469 0.468750 0.729167 0.468750 0.726562 0.469727 0.725260 0.469727 0.722656 0.470703 0.721354 0.470703 0.717448 0.471680 0.716146 0.471680 0.713542 0.470703 0.712240 0.470703 0.709635 0.469727 0.708333
0 0.493164 0.704427 0.492188 0.704427 0.491211 0.705729 0.489258 0.705729 0.484375 0.709635 0.482422 0.709635 0.481445 0.710938 0.480469 0.710938 0.478516 0.713542 0.477539 0.713542 0.473633 0.720052 0.473633 0.723958 0.472656 0.725260 0.472656 0.729167 0.471680 0.730469 0.471680 0.731771 0.472656 0.733073 0.472656 0.736979 0.473633 0.738281 0.473633 0.739583 0.475586 0.742188 0.475586 0.743490 0.482422 0.752604 0.483398 0.752604 0.490234 0.757812 0.491211 0.756510 0.494141 0.756510 0.496094 0.753906 0.499023 0.752604 0.510742 0.736979 0.510742 0.735677 0.511719 0.734375 0.511719 0.718750 0.510742 0.717448 0.510742 0.716146 0.509766 0.714844 0.506836 0.713542 0.501953 0.708333 0.500000 0.708333 0.499023 0.707031 0.497070 0.707031 0.496094 0.705729 0.494141 0.705729
0 0.527344 0.714844 0.526367 0.716146 0.525391 0.716146 0.523438 0.718750 0.522461 0.718750 0.517578 0.725260 0.516602 0.725260 0.516602 0.726562 0.515625 0.727865 0.515625 0.731771 0.514648 0.733073 0.514648 0.753906 0.516602 0.757812 0.517578 0.757812 0.519531 0.760417 0.521484 0.760417 0.524414 0.763021 0.532227 0.763021 0.533203 0.761719 0.536133 0.761719 0.537109 0.760417 0.538086 0.760417 0.539062 0.759115 0.541992 0.757812 0.541992 0.756510 0.542969 0.755208 0.542969 0.751302 0.543945 0.750000 0.543945 0.731771 0.544922 0.730469 0.544922 0.725260 0.539062 0.717448 0.538086 0.717448 0.536133 0.714844
0 0.532227 0.661458 0.531250 0.662760 0.528320 0.662760 0.527344 0.664062 0.525391 0.664062 0.524414 0.665365 0.523438 0.665365 0.519531 0.670573 0.519531 0.671875 0.516602 0.678385 0.516602 0.687500 0.515625 0.688802 0.516602 0.690104 0.516602 0.696615 0.517578 0.697917 0.517578 0.699219 0.519531 0.701823 0.520508 0.701823 0.522461 0.704427 0.523438 0.704427 0.526367 0.708333 0.527344 0.708333 0.529297 0.710938 0.537109 0.710938 0.538086 0.709635 0.541016 0.708333 0.546875 0.700521 0.546875 0.699219 0.547852 0.697917 0.547852 0.695312 0.548828 0.694010 0.548828 0.677083 0.547852 0.675781 0.547852 0.673177 0.539062 0.662760 0.538086 0.662760 0.537109 0.661458
0 0.508789 0.613281 0.502930 0.621094 0.501953 0.621094 0.500000 0.623698 0.499023 0.623698 0.499023 0.625000 0.497070 0.628906 0.497070 0.645833 0.500000 0.648438 0.502930 0.648438 0.503906 0.649740 0.504883 0.649740 0.506836 0.652344 0.507812 0.652344 0.509766 0.654948 0.510742 0.654948 0.511719 0.656250 0.518555 0.656250 0.519531 0.657552 0.521484 0.657552 0.522461 0.656250 0.525391 0.656250 0.529297 0.649740 0.529297 0.648438 0.532227 0.641927 0.532227 0.639323 0.533203 0.638021 0.533203 0.631510 0.532227 0.630208 0.531250 0.626302 0.529297 0.623698 0.526367 0.622396 0.522461 0.617188 0.521484 0.617188 0.518555 0.614583 0.514648 0.614583 0.513672 0.613281
0 0.478516 0.561198 0.476562 0.563802 0.476562 0.566406 0.474609 0.569010 0.474609 0.570312 0.471680 0.576823 0.471680 0.582031 0.470703 0.583333 0.470703 0.589844 0.471680 0.591146 0.471680 0.595052 0.473633 0.598958 0.473633 0.601562 0.474609 0.602865 0.475586 0.602865 0.478516 0.606771 0.479492 0.606771 0.480469 0.608073 0.482422 0.608073 0.485352 0.610677 0.491211 0.610677 0.492188 0.609375 0.494141 0.609375 0.495117 0.608073 0.498047 0.608073 0.500977 0.604167 0.500977 0.602865 0.505859 0.591146 0.505859 0.588542 0.506836 0.587240 0.506836 0.582031 0.507812 0.580729 0.507812 0.571615 0.506836 0.570312 0.506836 0.567708 0.505859 0.566406 0.505859 0.565104 0.501953 0.565104 0.500977 0.563802 0.498047 0.563802 0.497070 0.562500 0.493164 0.562500 0.492188 0.561198 0.486328 0.561198 0.485352 0.559896 0.480469 0.559896 0.479492 0.561198
0 0.485352 0.513021 0.477539 0.523438 0.477539 0.526042 0.476562 0.527344 0.476562 0.549479 0.477539 0.550781 0.477539 0.553385 0.478516 0.554688 0.478516 0.555990 0.479492 0.555990 0.480469 0.557292 0.486328 0.557292 0.487305 0.558594 0.489258 0.558594 0.490234 0.559896 0.495117 0.559896 0.496094 0.561198 0.501953 0.561198 0.502930 0.559896 0.503906 0.559896 0.506836 0.555990 0.506836 0.554688 0.510742 0.545573 0.510742 0.541667 0.511719 0.540365 0.511719 0.532552 0.510742 0.531250 0.509766 0.527344 0.508789 0.527344 0.502930 0.519531 0.500977 0.519531 0.499023 0.516927 0.498047 0.516927 0.493164 0.513021
0 0.489258 0.460938 0.487305 0.463542 0.486328 0.463542 0.480469 0.471354 0.480469 0.472656 0.477539 0.476562 0.477539 0.479167 0.473633 0.485677 0.473633 0.493490 0.476562 0.497396 0.477539 0.501302 0.479492 0.503906 0.482422 0.503906 0.483398 0.505208 0.491211 0.505208 0.492188 0.506510 0.497070 0.506510 0.498047 0.505208 0.499023 0.505208 0.501953 0.501302 0.501953 0.500000 0.503906 0.497396 0.503906 0.496094 0.508789 0.489583 0.508789 0.488281 0.509766 0.486979 0.509766 0.484375 0.510742 0.483073 0.510742 0.480469 0.505859 0.473958 0.504883 0.473958 0.498047 0.466146 0.497070 0.466146 0.496094 0.464844 0.495117 0.464844 0.494141 0.463542 0.493164 0.463542 0.492188 0.462240
0 0.506836 0.493490 0.506836 0.494792 0.503906 0.501302 0.503906 0.509115 0.504883 0.510417 0.504883 0.513021 0.505859 0.514323 0.505859 0.516927 0.506836 0.518229 0.506836 0.520833 0.509766 0.524740 0.510742 0.524740 0.515625 0.531250 0.516602 0.531250 0.517578 0.532552 0.524414 0.532552 0.525391 0.531250 0.528320 0.531250 0.532227 0.526042 0.533203 0.526042 0.535156 0.523438 0.536133 0.523438 0.537109 0.522135 0.537109 0.520833 0.538086 0.519531 0.538086 0.503906 0.537109 0.502604 0.537109 0.497396 0.535156 0.493490 0.533203 0.493490 0.532227 0.492188 0.526367 0.492188 0.525391 0.490885 0.508789 0.490885
0 0.538086 0.533854 0.530273 0.533854 0.529297 0.535156 0.528320 0.535156 0.527344 0.536458 0.524414 0.537760 0.520508 0.542969 0.520508 0.544271 0.518555 0.548177 0.518555 0.550781 0.517578 0.552083 0.517578 0.563802 0.518555 0.565104 0.518555 0.569010 0.527344 0.580729 0.528320 0.580729 0.529297 0.582031 0.532227 0.582031 0.533203 0.583333 0.534180 0.582031 0.538086 0.582031 0.539062 0.580729 0.541016 0.580729 0.541992 0.579427 0.542969 0.579427 0.544922 0.576823 0.544922 0.575521 0.546875 0.572917 0.546875 0.571615 0.549805 0.567708 0.549805 0.566406 0.550781 0.565104 0.550781 0.562500 0.551758 0.561198 0.551758 0.548177 0.547852 0.541667 0.546875 0.541667 0.545898 0.540365 0.542969 0.539062 0.540039 0.535156 0.539062 0.535156
0 0.539062 0.583333 0.538086 0.584635 0.535156 0.584635 0.530273 0.588542 0.530273 0.589844 0.528320 0.592448 0.528320 0.593750 0.527344 0.595052 0.527344 0.598958 0.526367 0.600260 0.526367 0.604167 0.525391 0.605469 0.525391 0.606771 0.527344 0.610677 0.527344 0.614583 0.528320 0.615885 0.529297 0.619792 0.530273 0.619792 0.533203 0.623698 0.533203 0.625000 0.537109 0.625000 0.538086 0.626302 0.539062 0.626302 0.541016 0.628906 0.541992 0.628906 0.542969 0.630208 0.544922 0.630208 0.545898 0.628906 0.546875 0.628906 0.547852 0.627604 0.548828 0.627604 0.549805 0.626302 0.550781 0.626302 0.551758 0.625000 0.552734 0.625000 0.553711 0.623698 0.558594 0.621094 0.560547 0.618490 0.561523 0.618490 0.561523 0.615885 0.563477 0.611979 0.563477 0.604167 0.562500 0.602865 0.562500 0.598958 0.560547 0.596354 0.560547 0.595052 0.559570 0.595052 0.557617 0.592448 0.556641 0.592448 0.552734 0.587240 0.551758 0.587240 0.546875 0.583333
0 0.567383 0.622396 0.564453 0.622396 0.563477 0.623698 0.559570 0.623698 0.558594 0.625000 0.555664 0.625000 0.554688 0.626302 0.547852 0.630208 0.545898 0.632812 0.544922 0.632812 0.538086 0.641927 0.538086 0.643229 0.539062 0.644531 0.539062 0.648438 0.540039 0.649740 0.540039 0.652344 0.541016 0.653646 0.541016 0.656250 0.542969 0.658854 0.542969 0.662760 0.551758 0.675781 0.552734 0.675781 0.555664 0.678385 0.559570 0.678385 0.560547 0.677083 0.562500 0.677083 0.563477 0.675781 0.566406 0.674479 0.569336 0.669271 0.569336 0.667969 0.572266 0.664062 0.572266 0.661458 0.574219 0.658854 0.574219 0.657552 0.577148 0.652344 0.577148 0.647135 0.576172 0.645833 0.576172 0.643229 0.574219 0.639323 0.574219 0.636719 0.570312 0.630208 0.570312 0.628906
0 0.611328 0.688802 0.607422 0.688802 0.606445 0.690104 0.603516 0.690104 0.597656 0.694010 0.590820 0.703125 0.589844 0.707031 0.585938 0.713542 0.585938 0.718750 0.588867 0.723958 0.588867 0.726562 0.589844 0.727865 0.589844 0.731771 0.592773 0.739583 0.594727 0.742188 0.596680 0.747396 0.601562 0.753906 0.609375 0.753906 0.610352 0.752604 0.613281 0.752604 0.619141 0.748698 0.621094 0.746094 0.624023 0.744792 0.625977 0.742188 0.626953 0.742188 0.631836 0.735677 0.632812 0.733073 0.632812 0.725260 0.630859 0.721354 0.630859 0.718750 0.629883 0.717448 0.629883 0.713542 0.628906 0.712240 0.628906 0.709635 0.626953 0.704427 0.620117 0.695312 0.620117 0.694010 0.619141 0.694010 0.615234 0.690104 0.612305 0.690104
0 0.610352 0.658854 0.608398 0.656250 0.607422 0.656250 0.606445 0.654948 0.605469 0.654948 0.603516 0.652344 0.601562 0.652344 0.600586 0.651042 0.592773 0.651042 0.591797 0.652344 0.589844 0.652344 0.588867 0.653646 0.585938 0.654948 0.582031 0.660156 0.582031 0.661458 0.580078 0.664062 0.580078 0.665365 0.579102 0.666667 0.579102 0.667969 0.577148 0.671875 0.577148 0.677083 0.578125 0.678385 0.578125 0.683594 0.580078 0.686198 0.581055 0.686198 0.582031 0.687500 0.582031 0.688802 0.583984 0.691406 0.588867 0.691406 0.589844 0.690104 0.591797 0.690104 0.592773 0.688802 0.594727 0.688802 0.595703 0.687500 0.603516 0.687500 0.604492 0.686198 0.607422 0.686198 0.609375 0.682292 0.609375 0.679688 0.610352 0.678385 0.610352 0.677083 0.611328 0.675781 0.611328 0.673177 0.613281 0.669271 0.613281 0.667969 0.612305 0.666667 0.612305 0.664062 0.611328 0.662760
0 0.617188 0.627604 0.613281 0.632812 0.613281 0.634115 0.611328 0.638021 0.612305 0.639323 0.612305 0.645833 0.613281 0.647135 0.613281 0.658854 0.616211 0.662760 0.618164 0.662760 0.620117 0.665365 0.621094 0.665365 0.622070 0.666667 0.624023 0.666667 0.625000 0.667969 0.630859 0.667969 0.631836 0.669271 0.636719 0.669271 0.637695 0.667969 0.642578 0.667969 0.644531 0.665365 0.644531 0.664062 0.646484 0.660156 0.646484 0.640625 0.645508 0.639323 0.645508 0.638021 0.644531 0.636719 0.643555 0.636719 0.641602 0.634115 0.640625 0.634115 0.637695 0.630208 0.634766 0.628906 0.631836 0.625000 0.630859 0.625000 0.629883 0.623698 0.623047 0.623698 0.622070 0.625000 0.621094 0.625000 0.620117 0.626302
0 0.670898 0.661458 0.665039 0.661458 0.664062 0.662760 0.661133 0.662760 0.660156 0.664062 0.658203 0.664062 0.657227 0.665365 0.655273 0.665365 0.650391 0.671875 0.649414 0.671875 0.648438 0.673177 0.648438 0.674479 0.646484 0.677083 0.645508 0.677083 0.645508 0.678385 0.643555 0.680990 0.643555 0.682292 0.642578 0.683594 0.642578 0.690104 0.643555 0.691406 0.643555 0.692708 0.645508 0.695312 0.646484 0.695312 0.651367 0.701823 0.654297 0.703125 0.656250 0.705729 0.657227 0.705729 0.662109 0.709635 0.666992 0.709635 0.671875 0.704427 0.674805 0.703125 0.680664 0.694010 0.680664 0.690104 0.681641 0.688802 0.681641 0.675781 0.680664 0.674479 0.680664 0.671875 0.679688 0.670573 0.679688 0.669271 0.676758 0.665365 0.675781 0.665365 0.673828 0.662760 0.671875 0.662760
0 0.586914 0.592448 0.585938 0.593750 0.583984 0.593750 0.583008 0.595052 0.580078 0.596354 0.576172 0.601562 0.576172 0.606771 0.574219 0.609375 0.574219 0.611979 0.573242 0.613281 0.572266 0.617188 0.573242 0.618490 0.573242 0.626302 0.574219 0.627604 0.574219 0.631510 0.578125 0.636719 0.579102 0.636719 0.583984 0.641927 0.585938 0.641927 0.586914 0.643229 0.591797 0.643229 0.592773 0.641927 0.595703 0.641927 0.597656 0.639323 0.599609 0.639323 0.600586 0.638021 0.603516 0.636719 0.603516 0.635417 0.605469 0.632812 0.605469 0.631510 0.606445 0.630208 0.606445 0.627604 0.607422 0.626302 0.607422 0.615885 0.606445 0.614583 0.605469 0.610677 0.603516 0.608073 0.602539 0.604167 0.596680 0.596354 0.596680 0.595052 0.595703 0.595052 0.592773 0.592448
0 0.564453 0.549479 0.563477 0.550781 0.562500 0.550781 0.560547 0.553385 0.559570 0.553385 0.559570 0.554688 0.556641 0.558594 0.556641 0.559896 0.555664 0.561198 0.555664 0.563802 0.554688 0.565104 0.554688 0.570312 0.553711 0.571615 0.553711 0.576823 0.557617 0.582031 0.557617 0.583333 0.560547 0.587240 0.560547 0.588542 0.562500 0.592448 0.565430 0.593750 0.569336 0.598958 0.574219 0.598958 0.575195 0.597656 0.576172 0.597656 0.578125 0.595052 0.579102 0.595052 0.581055 0.592448 0.582031 0.592448 0.583984 0.589844 0.583984 0.588542 0.584961 0.587240 0.584961 0.584635 0.586914 0.582031 0.586914 0.580729 0.587891 0.579427 0.587891 0.576823 0.588867 0.575521 0.588867 0.572917 0.589844 0.571615 0.589844 0.563802 0.585938 0.558594 0.584961 0.558594 0.580078 0.553385 0.578125 0.553385 0.575195 0.550781 0.572266 0.550781 0.571289 0.549479
0 0.593750 0.563802 0.591797 0.566406 0.591797 0.567708 0.590820 0.569010 0.590820 0.574219 0.589844 0.575521 0.589844 0.584635 0.590820 0.585938 0.590820 0.589844 0.591797 0.591146 0.592773 0.591146 0.593750 0.592448 0.596680 0.593750 0.599609 0.597656 0.600586 0.597656 0.601562 0.598958 0.604492 0.598958 0.605469 0.600260 0.609375 0.600260 0.610352 0.601562 0.614258 0.601562 0.615234 0.600260 0.617188 0.600260 0.618164 0.598958 0.619141 0.598958 0.621094 0.595052 0.621094 0.592448 0.622070 0.591146 0.622070 0.584635 0.623047 0.583333 0.623047 0.574219 0.622070 0.572917 0.622070 0.569010 0.621094 0.567708 0.621094 0.566406 0.619141 0.563802 0.619141 0.562500 0.618164 0.562500 0.616211 0.559896 0.615234 0.559896 0.612305 0.557292 0.606445 0.557292 0.605469 0.558594 0.602539 0.558594 0.601562 0.559896 0.600586 0.559896 0.595703 0.563802
0 0.625000 0.584635 0.625000 0.585938 0.624023 0.587240 0.624023 0.589844 0.623047 0.591146 0.623047 0.597656 0.622070 0.598958 0.622070 0.606771 0.623047 0.608073 0.623047 0.610677 0.624023 0.611979 0.625977 0.618490 0.626953 0.618490 0.627930 0.619792 0.631836 0.619792 0.632812 0.621094 0.638672 0.621094 0.639648 0.622396 0.647461 0.622396 0.648438 0.621094 0.649414 0.621094 0.650391 0.619792 0.652344 0.619792 0.653320 0.618490 0.658203 0.615885 0.660156 0.613281 0.661133 0.613281 0.665039 0.605469 0.665039 0.600260 0.666016 0.598958 0.666016 0.595052 0.665039 0.593750 0.665039 0.591146 0.664062 0.589844 0.664062 0.588542 0.659180 0.580729 0.658203 0.580729 0.655273 0.578125 0.653320 0.578125 0.650391 0.575521 0.645508 0.575521 0.644531 0.574219 0.636719 0.574219 0.633789 0.576823 0.630859 0.576823 0.629883 0.578125 0.628906 0.578125
0 0.591797 0.498698 0.588867 0.502604 0.588867 0.503906 0.586914 0.506510 0.585938 0.510417 0.583008 0.514323 0.583008 0.515625 0.582031 0.516927 0.582031 0.520833 0.581055 0.522135 0.581055 0.523438 0.582031 0.524740 0.582031 0.529948 0.581055 0.531250 0.581055 0.535156 0.582031 0.536458 0.582031 0.539062 0.585938 0.544271 0.586914 0.548177 0.587891 0.548177 0.589844 0.544271 0.591797 0.544271 0.593750 0.546875 0.593750 0.548177 0.602539 0.548177 0.603516 0.549479 0.608398 0.549479 0.609375 0.548177 0.610352 0.548177 0.611328 0.546875 0.611328 0.545573 0.615234 0.541667 0.615234 0.540365 0.617188 0.537760 0.617188 0.536458 0.619141 0.532552 0.619141 0.515625 0.618164 0.514323 0.618164 0.513021 0.612305 0.506510 0.610352 0.506510 0.609375 0.505208 0.607422 0.505208 0.606445 0.503906 0.604492 0.503906 0.603516 0.502604 0.598633 0.501302 0.595703 0.498698
0 0.555664 0.492188 0.554688 0.493490 0.552734 0.493490 0.549805 0.496094 0.547852 0.496094 0.544922 0.498698 0.544922 0.500000 0.543945 0.501302 0.543945 0.505208 0.542969 0.506510 0.542969 0.510417 0.541992 0.511719 0.541992 0.523438 0.541016 0.524740 0.541016 0.528646 0.541992 0.529948 0.542969 0.533854 0.546875 0.539062 0.551758 0.541667 0.554688 0.545573 0.563477 0.545573 0.565430 0.542969 0.566406 0.542969 0.569336 0.539062 0.569336 0.537760 0.570312 0.536458 0.572266 0.529948 0.574219 0.527344 0.574219 0.524740 0.575195 0.523438 0.575195 0.520833 0.574219 0.519531 0.574219 0.518229 0.572266 0.515625 0.572266 0.514323 0.570312 0.511719 0.570312 0.510417 0.569336 0.509115 0.569336 0.507812 0.567383 0.505208 0.567383 0.503906 0.565430 0.501302 0.564453 0.501302 0.559570 0.494792 0.558594 0.494792 0.556641 0.492188
0 0.562500 0.450521 0.561523 0.451823 0.560547 0.451823 0.558594 0.454427 0.558594 0.455729 0.557617 0.457031 0.557617 0.459635 0.556641 0.460938 0.556641 0.466146 0.555664 0.467448 0.555664 0.475260 0.554688 0.476562 0.554688 0.486979 0.555664 0.488281 0.555664 0.489583 0.558594 0.490885 0.560547 0.493490 0.561523 0.493490 0.564453 0.497396 0.565430 0.497396 0.568359 0.500000 0.579102 0.500000 0.580078 0.498698 0.580078 0.497396 0.584961 0.490885 0.584961 0.489583 0.586914 0.485677 0.586914 0.477865 0.585938 0.476562 0.585938 0.464844 0.583984 0.462240 0.583984 0.460938 0.583008 0.459635 0.582031 0.459635 0.580078 0.457031 0.579102 0.457031 0.576172 0.454427 0.574219 0.454427 0.573242 0.453125 0.569336 0.453125 0.568359 0.451823 0.566406 0.451823 0.565430 0.450521
0 0.528320 0.437500 0.526367 0.440104 0.526367 0.441406 0.524414 0.445312 0.524414 0.447917 0.523438 0.449219 0.523438 0.453125 0.522461 0.454427 0.522461 0.468750 0.523438 0.470052 0.523438 0.472656 0.524414 0.473958 0.524414 0.475260 0.525391 0.476562 0.526367 0.480469 0.527344 0.481771 0.529297 0.481771 0.530273 0.483073 0.534180 0.483073 0.535156 0.484375 0.540039 0.484375 0.541016 0.483073 0.543945 0.483073 0.544922 0.481771 0.547852 0.480469 0.550781 0.476562 0.550781 0.475260 0.552734 0.471354 0.552734 0.467448 0.553711 0.466146 0.553711 0.462240 0.554688 0.460938 0.554688 0.453125 0.553711 0.451823 0.552734 0.447917 0.550781 0.445312 0.547852 0.444010 0.545898 0.441406 0.544922 0.441406 0.541992 0.438802 0.537109 0.438802 0.536133 0.437500
0 0.559570 0.397135 0.558594 0.398438 0.555664 0.399740 0.547852 0.410156 0.547852 0.411458 0.544922 0.417969 0.544922 0.420573 0.543945 0.421875 0.543945 0.427083 0.542969 0.428385 0.542969 0.434896 0.544922 0.438802 0.546875 0.438802 0.547852 0.440104 0.550781 0.440104 0.551758 0.441406 0.552734 0.441406 0.554688 0.445312 0.555664 0.445312 0.558594 0.447917 0.567383 0.447917 0.568359 0.449219 0.570312 0.449219 0.571289 0.450521 0.572266 0.449219 0.573242 0.449219 0.577148 0.444010 0.577148 0.442708 0.578125 0.441406 0.578125 0.437500 0.579102 0.436198 0.579102 0.425781 0.578125 0.424479 0.578125 0.421875 0.576172 0.417969 0.576172 0.412760 0.575195 0.411458 0.575195 0.410156 0.571289 0.404948 0.570312 0.404948 0.568359 0.402344 0.566406 0.402344 0.564453 0.399740 0.564453 0.398438 0.563477 0.398438 0.562500 0.397135
0 0.524414 0.384115 0.523438 0.385417 0.520508 0.385417 0.519531 0.386719 0.517578 0.386719 0.516602 0.388021 0.515625 0.388021 0.513672 0.390625 0.513672 0.391927 0.511719 0.395833 0.511719 0.398438 0.510742 0.399740 0.510742 0.404948 0.511719 0.406250 0.511719 0.410156 0.512695 0.411458 0.512695 0.412760 0.513672 0.414062 0.514648 0.417969 0.516602 0.420573 0.519531 0.421875 0.521484 0.424479 0.522461 0.424479 0.523438 0.425781 0.526367 0.425781 0.527344 0.424479 0.529297 0.424479 0.532227 0.421875 0.535156 0.421875 0.536133 0.420573 0.538086 0.420573 0.539062 0.419271 0.540039 0.419271 0.541016 0.417969 0.541016 0.416667 0.541992 0.415365 0.541992 0.412760 0.542969 0.411458 0.542969 0.403646 0.541992 0.402344 0.541016 0.398438 0.537109 0.393229 0.536133 0.393229 0.531250 0.386719 0.530273 0.386719 0.529297 0.385417 0.526367 0.385417 0.525391 0.384115
0 0.547852 0.372396 0.547852 0.373698 0.545898 0.376302 0.545898 0.377604 0.543945 0.381510 0.543945 0.384115 0.542969 0.385417 0.542969 0.390625 0.541992 0.391927 0.541992 0.393229 0.542969 0.394531 0.542969 0.397135 0.544922 0.399740 0.545898 0.399740 0.547852 0.402344 0.550781 0.402344 0.551758 0.403646 0.554688 0.399740 0.555664 0.399740 0.556641 0.398438 0.557617 0.398438 0.559570 0.395833 0.560547 0.395833 0.561523 0.397135 0.563477 0.397135 0.564453 0.398438 0.565430 0.398438 0.567383 0.401042 0.571289 0.401042 0.573242 0.398438 0.573242 0.394531 0.574219 0.393229 0.574219 0.389323 0.575195 0.388021 0.574219 0.386719 0.574219 0.384115 0.570312 0.378906 0.569336 0.378906 0.568359 0.377604 0.567383 0.377604 0.565430 0.375000 0.564453 0.375000 0.563477 0.373698 0.561523 0.373698 0.558594 0.371094 0.549805 0.371094 0.548828 0.372396
0 0.585938 0.382812 0.581055 0.388021 0.581055 0.389323 0.579102 0.391927 0.579102 0.393229 0.578125 0.394531 0.578125 0.402344 0.577148 0.403646 0.577148 0.407552 0.576172 0.408854 0.577148 0.410156 0.578125 0.414062 0.581055 0.416667 0.583008 0.416667 0.583984 0.417969 0.584961 0.417969 0.586914 0.420573 0.596680 0.420573 0.599609 0.423177 0.603516 0.423177 0.604492 0.421875 0.605469 0.421875 0.608398 0.417969 0.608398 0.416667 0.609375 0.415365 0.609375 0.411458 0.610352 0.410156 0.610352 0.391927 0.607422 0.390625 0.601562 0.382812 0.600586 0.382812 0.599609 0.381510 0.594727 0.381510 0.593750 0.380208 0.590820 0.380208 0.589844 0.381510 0.587891 0.381510 0.586914 0.382812
0 0.579102 0.294271 0.578125 0.295573 0.575195 0.295573 0.574219 0.296875 0.572266 0.296875 0.570312 0.299479 0.569336 0.299479 0.566406 0.303385 0.565430 0.303385 0.565430 0.304688 0.563477 0.307292 0.563477 0.308594 0.561523 0.312500 0.561523 0.316406 0.560547 0.317708 0.560547 0.321615 0.562500 0.325521 0.563477 0.325521 0.564453 0.326823 0.565430 0.326823 0.567383 0.329427 0.568359 0.329427 0.572266 0.334635 0.573242 0.334635 0.578125 0.341146 0.581055 0.341146 0.582031 0.339844 0.584961 0.338542 0.587891 0.334635 0.588867 0.334635 0.590820 0.332031 0.590820 0.330729 0.592773 0.328125 0.592773 0.325521 0.593750 0.324219 0.593750 0.317708 0.594727 0.316406 0.594727 0.313802 0.591797 0.309896 0.590820 0.309896 0.589844 0.308594 0.589844 0.307292 0.583008 0.298177 0.582031 0.298177
0 0.605469 0.341146 0.602539 0.339844 0.600586 0.337240 0.599609 0.337240 0.598633 0.335938 0.594727 0.335938 0.593750 0.337240 0.592773 0.337240 0.588867 0.342448 0.587891 0.342448 0.586914 0.343750 0.585938 0.343750 0.584961 0.345052 0.582031 0.346354 0.582031 0.347656 0.580078 0.350260 0.580078 0.354167 0.579102 0.355469 0.579102 0.364583 0.580078 0.365885 0.580078 0.371094 0.579102 0.372396 0.579102 0.381510 0.581055 0.381510 0.582031 0.382812 0.583008 0.382812 0.585938 0.378906 0.586914 0.378906 0.587891 0.377604 0.591797 0.377604 0.592773 0.378906 0.597656 0.378906 0.598633 0.380208 0.603516 0.380208 0.605469 0.377604 0.606445 0.377604 0.609375 0.373698 0.609375 0.372396 0.610352 0.371094 0.610352 0.359375 0.609375 0.358073 0.609375 0.351562 0.608398 0.350260 0.608398 0.345052
0 0.612305 0.330729 0.612305 0.332031 0.610352 0.335938 0.610352 0.338542 0.609375 0.339844 0.609375 0.341146 0.610352 0.342448 0.610352 0.345052 0.612305 0.347656 0.612305 0.348958 0.619141 0.358073 0.630859 0.358073 0.633789 0.355469 0.636719 0.358073 0.638672 0.358073 0.638672 0.356771 0.639648 0.355469 0.640625 0.355469 0.644531 0.350260 0.644531 0.348958 0.645508 0.347656 0.645508 0.343750 0.643555 0.339844 0.643555 0.334635 0.642578 0.333333 0.642578 0.330729 0.641602 0.329427 0.641602 0.328125 0.640625 0.328125 0.638672 0.325521 0.632812 0.325521 0.631836 0.324219 0.619141 0.324219 0.618164 0.325521 0.616211 0.325521
0 0.610352 0.273438 0.605469 0.279948 0.605469 0.281250 0.603516 0.283854 0.603516 0.286458 0.602539 0.287760 0.602539 0.291667 0.601562 0.292969 0.602539 0.296875 0.611328 0.308594 0.612305 0.308594 0.615234 0.311198 0.628906 0.311198 0.629883 0.312500 0.630859 0.311198 0.630859 0.309896 0.632812 0.305990 0.632812 0.302083 0.633789 0.300781 0.633789 0.296875 0.634766 0.295573 0.634766 0.290365 0.635742 0.289062 0.635742 0.287760 0.634766 0.286458 0.634766 0.282552 0.633789 0.281250 0.632812 0.281250 0.630859 0.278646 0.629883 0.278646 0.628906 0.277344 0.627930 0.277344 0.626953 0.276042 0.625977 0.276042 0.623047 0.273438 0.621094 0.273438 0.620117 0.272135 0.616211 0.272135 0.615234 0.270833 0.614258 0.270833 0.613281 0.272135
0 0.645508 0.274740 0.639648 0.282552 0.639648 0.283854 0.637695 0.286458 0.637695 0.290365 0.636719 0.291667 0.636719 0.302083 0.637695 0.303385 0.637695 0.308594 0.638672 0.309896 0.640625 0.309896 0.641602 0.308594 0.642578 0.309896 0.644531 0.309896 0.645508 0.311198 0.647461 0.311198 0.648438 0.312500 0.650391 0.312500 0.651367 0.313802 0.660156 0.313802 0.661133 0.315104 0.662109 0.315104 0.663086 0.313802 0.665039 0.313802 0.666016 0.312500 0.666016 0.311198 0.667969 0.308594 0.667969 0.305990 0.669922 0.303385 0.669922 0.300781 0.670898 0.299479 0.670898 0.298177 0.671875 0.296875 0.672852 0.292969 0.670898 0.290365 0.670898 0.289062 0.667969 0.285156 0.667969 0.283854 0.664062 0.278646 0.663086 0.278646 0.658203 0.274740 0.655273 0.274740 0.654297 0.273438 0.648438 0.273438 0.647461 0.274740
0 0.668945 0.240885 0.666016 0.244792 0.666016 0.246094 0.665039 0.247396 0.665039 0.250000 0.664062 0.251302 0.664062 0.261719 0.663086 0.263021 0.663086 0.270833 0.664062 0.272135 0.664062 0.273438 0.666992 0.277344 0.667969 0.277344 0.669922 0.279948 0.671875 0.279948 0.672852 0.281250 0.676758 0.281250 0.677734 0.279948 0.681641 0.279948 0.682617 0.278646 0.683594 0.278646 0.684570 0.277344 0.685547 0.277344 0.686523 0.276042 0.687500 0.276042 0.691406 0.270833 0.691406 0.260417 0.690430 0.259115 0.690430 0.256510 0.688477 0.253906 0.688477 0.252604 0.687500 0.251302 0.687500 0.247396 0.683594 0.242188 0.682617 0.242188 0.681641 0.240885
0 0.684570 0.281250 0.684570 0.283854 0.683594 0.285156 0.682617 0.289062 0.683594 0.290365 0.683594 0.292969 0.684570 0.294271 0.684570 0.295573 0.688477 0.302083 0.691406 0.303385 0.693359 0.305990 0.695312 0.305990 0.696289 0.307292 0.698242 0.307292 0.699219 0.308594 0.700195 0.308594 0.702148 0.305990 0.703125 0.305990 0.705078 0.303385 0.706055 0.303385 0.708008 0.300781 0.708984 0.300781 0.710938 0.303385 0.710938 0.308594 0.711914 0.309896 0.711914 0.308594 0.712891 0.307292 0.712891 0.304688 0.714844 0.302083 0.714844 0.300781 0.716797 0.296875 0.716797 0.287760 0.715820 0.286458 0.715820 0.283854 0.714844 0.282552 0.713867 0.278646 0.708008 0.269531 0.706055 0.269531 0.705078 0.268229 0.699219 0.268229 0.696289 0.270833 0.694336 0.270833 0.689453 0.277344 0.688477 0.277344 0.686523 0.279948 0.685547 0.279948
0 0.638672 0.365885 0.638672 0.368490 0.639648 0.369792 0.639648 0.372396 0.640625 0.373698 0.640625 0.378906 0.641602 0.380208 0.641602 0.382812 0.642578 0.384115 0.642578 0.385417 0.645508 0.389323 0.646484 0.389323 0.647461 0.390625 0.655273 0.390625 0.656250 0.389323 0.658203 0.389323 0.660156 0.386719 0.661133 0.386719 0.666992 0.378906 0.667969 0.378906 0.668945 0.377604 0.669922 0.377604 0.670898 0.378906 0.673828 0.378906 0.673828 0.371094 0.672852 0.369792 0.672852 0.367188 0.670898 0.364583 0.670898 0.363281 0.669922 0.361979 0.669922 0.359375 0.666992 0.355469 0.665039 0.355469 0.664062 0.354167 0.656250 0.354167 0.655273 0.352865 0.648438 0.352865 0.647461 0.354167 0.645508 0.354167 0.644531 0.355469 0.643555 0.355469 0.641602 0.358073 0.641602 0.359375 0.640625 0.360677 0.640625 0.361979
0 0.668945 0.378906 0.667969 0.380208 0.666016 0.380208 0.666016 0.381510 0.662109 0.386719 0.661133 0.386719 0.659180 0.389323 0.659180 0.390625 0.655273 0.395833 0.655273 0.397135 0.654297 0.398438 0.654297 0.401042 0.653320 0.402344 0.653320 0.414062 0.656250 0.417969 0.656250 0.419271 0.658203 0.421875 0.659180 0.421875 0.660156 0.423177 0.661133 0.423177 0.662109 0.424479 0.663086 0.424479 0.664062 0.425781 0.665039 0.425781 0.666016 0.427083 0.668945 0.428385 0.671875 0.432292 0.673828 0.432292 0.675781 0.429688 0.676758 0.429688 0.685547 0.417969 0.685547 0.416667 0.686523 0.415365 0.686523 0.412760 0.688477 0.408854 0.688477 0.402344 0.687500 0.401042 0.687500 0.399740 0.685547 0.397135 0.684570 0.397135 0.681641 0.393229 0.681641 0.391927 0.675781 0.382812 0.674805 0.382812 0.671875 0.380208 0.669922 0.380208
0 0.614258 0.382812 0.613281 0.384115 0.613281 0.386719 0.612305 0.388021 0.612305 0.394531 0.611328 0.395833 0.611328 0.414062 0.616211 0.414062 0.619141 0.411458 0.624023 0.411458 0.625000 0.412760 0.626953 0.412760 0.627930 0.414062 0.628906 0.414062 0.630859 0.416667 0.632812 0.416667 0.633789 0.417969 0.634766 0.417969 0.636719 0.415365 0.637695 0.415365 0.637695 0.414062 0.639648 0.411458 0.639648 0.410156 0.640625 0.408854 0.640625 0.403646 0.639648 0.402344 0.639648 0.389323 0.638672 0.388021 0.638672 0.386719 0.637695 0.386719 0.636719 0.385417 0.635742 0.385417 0.632812 0.382812 0.630859 0.382812 0.629883 0.381510 0.627930 0.381510 0.626953 0.380208 0.619141 0.380208 0.618164 0.381510 0.616211 0.381510 0.615234 0.382812
0 0.621094 0.412760 0.620117 0.414062 0.617188 0.414062 0.616211 0.415365 0.615234 0.415365 0.613281 0.417969 0.612305 0.417969 0.612305 0.419271 0.611328 0.420573 0.610352 0.420573 0.608398 0.423177 0.608398 0.424479 0.606445 0.428385 0.606445 0.432292 0.605469 0.433594 0.605469 0.434896 0.606445 0.436198 0.606445 0.438802 0.610352 0.444010 0.610352 0.445312 0.616211 0.453125 0.616211 0.454427 0.620117 0.459635 0.621094 0.459635 0.622070 0.460938 0.626953 0.460938 0.627930 0.459635 0.627930 0.458333 0.630859 0.454427 0.633789 0.453125 0.633789 0.451823 0.638672 0.445312 0.638672 0.444010 0.641602 0.440104 0.642578 0.440104 0.642578 0.438802 0.643555 0.437500 0.643555 0.433594 0.641602 0.430990 0.640625 0.430990 0.638672 0.428385 0.637695 0.428385 0.633789 0.423177 0.632812 0.423177 0.630859 0.420573 0.630859 0.419271 0.627930 0.415365 0.626953 0.415365 0.625977 0.414062 0.624023 0.414062 0.623047 0.412760
0 0.663086 0.425781 0.660156 0.425781 0.659180 0.424479 0.657227 0.424479 0.656250 0.425781 0.654297 0.425781 0.653320 0.427083 0.652344 0.427083 0.648438 0.432292 0.648438 0.433594 0.645508 0.437500 0.644531 0.437500 0.644531 0.438802 0.635742 0.450521 0.635742 0.451823 0.634766 0.453125 0.634766 0.462240 0.635742 0.463542 0.635742 0.464844 0.639648 0.470052 0.642578 0.471354 0.646484 0.476562 0.647461 0.476562 0.648438 0.477865 0.655273 0.477865 0.658203 0.475260 0.662109 0.475260 0.665039 0.471354 0.665039 0.470052 0.666992 0.466146 0.666992 0.463542 0.668945 0.459635 0.668945 0.457031 0.669922 0.455729 0.669922 0.453125 0.670898 0.451823 0.670898 0.436198
0 0.625000 0.464844 0.622070 0.467448 0.622070 0.468750 0.620117 0.471354 0.620117 0.472656 0.618164 0.475260 0.617188 0.479167 0.615234 0.481771 0.615234 0.483073 0.614258 0.484375 0.614258 0.494792 0.613281 0.496094 0.614258 0.497396 0.614258 0.501302 0.615234 0.502604 0.615234 0.505208 0.619141 0.510417 0.620117 0.510417 0.621094 0.511719 0.625000 0.511719 0.625977 0.513021 0.627930 0.513021 0.628906 0.511719 0.635742 0.511719 0.636719 0.510417 0.638672 0.510417 0.639648 0.509115 0.640625 0.509115 0.643555 0.505208 0.643555 0.503906 0.644531 0.502604 0.645508 0.502604 0.646484 0.498698 0.648438 0.496094 0.648438 0.494792 0.649414 0.493490 0.649414 0.490885 0.650391 0.489583 0.650391 0.485677 0.649414 0.484375 0.649414 0.483073 0.644531 0.476562 0.643555 0.476562 0.642578 0.475260 0.639648 0.473958 0.637695 0.471354 0.636719 0.471354 0.634766 0.468750 0.633789 0.468750 0.630859 0.466146 0.628906 0.466146 0.627930 0.464844
0 0.653320 0.481771 0.652344 0.483073 0.652344 0.488281 0.651367 0.489583 0.651367 0.494792 0.650391 0.496094 0.650391 0.500000 0.651367 0.501302 0.651367 0.503906 0.652344 0.505208 0.652344 0.506510 0.653320 0.507812 0.654297 0.511719 0.658203 0.516927 0.659180 0.516927 0.660156 0.518229 0.662109 0.518229 0.663086 0.519531 0.666992 0.519531 0.667969 0.520833 0.670898 0.520833 0.671875 0.522135 0.674805 0.522135 0.675781 0.520833 0.676758 0.520833 0.678711 0.518229 0.679688 0.518229 0.681641 0.515625 0.681641 0.514323 0.682617 0.513021 0.682617 0.510417 0.683594 0.509115 0.683594 0.500000 0.684570 0.498698 0.684570 0.494792 0.683594 0.493490 0.683594 0.490885 0.681641 0.490885 0.679688 0.488281 0.677734 0.488281 0.676758 0.486979 0.673828 0.485677 0.671875 0.483073 0.670898 0.483073 0.667969 0.480469 0.666016 0.480469 0.665039 0.479167 0.660156 0.479167 0.657227 0.481771
0 0.683594 0.442708 0.682617 0.444010 0.680664 0.444010 0.676758 0.449219 0.675781 0.449219 0.672852 0.453125 0.672852 0.454427 0.671875 0.455729 0.671875 0.466146 0.672852 0.467448 0.672852 0.468750 0.673828 0.470052 0.673828 0.471354 0.674805 0.472656 0.675781 0.476562 0.678711 0.480469 0.679688 0.480469 0.681641 0.483073 0.682617 0.483073 0.685547 0.485677 0.689453 0.485677 0.704102 0.466146 0.704102 0.457031 0.703125 0.455729 0.703125 0.454427 0.697266 0.446615 0.696289 0.446615 0.693359 0.444010 0.691406 0.444010 0.690430 0.442708
0 0.695312 0.484375 0.694336 0.485677 0.693359 0.485677 0.692383 0.486979 0.689453 0.488281 0.686523 0.492188 0.686523 0.496094 0.685547 0.497396 0.685547 0.513021 0.686523 0.514323 0.686523 0.515625 0.692383 0.523438 0.693359 0.523438 0.695312 0.526042 0.696289 0.526042 0.697266 0.527344 0.701172 0.527344 0.702148 0.528646 0.705078 0.528646 0.706055 0.527344 0.707031 0.527344 0.714844 0.516927 0.714844 0.514323 0.715820 0.513021 0.715820 0.506510 0.716797 0.505208 0.716797 0.501302 0.717773 0.500000 0.717773 0.492188 0.716797 0.490885 0.715820 0.490885 0.713867 0.488281 0.712891 0.488281 0.709961 0.485677 0.708008 0.485677 0.707031 0.484375
0 0.673828 0.541667 0.666992 0.541667 0.666016 0.542969 0.664062 0.542969 0.663086 0.544271 0.661133 0.544271 0.660156 0.545573 0.655273 0.545573 0.652344 0.548177 0.650391 0.548177 0.649414 0.549479 0.649414 0.550781 0.650391 0.552083 0.650391 0.557292 0.647461 0.561198 0.647461 0.562500 0.646484 0.563802 0.648438 0.566406 0.648438 0.569010 0.649414 0.570312 0.649414 0.572917 0.652344 0.575521 0.654297 0.575521 0.655273 0.576823 0.658203 0.578125 0.666016 0.589844 0.667969 0.587240 0.668945 0.587240 0.673828 0.580729 0.673828 0.579427 0.676758 0.575521 0.677734 0.571615 0.681641 0.566406 0.681641 0.565104 0.683594 0.562500 0.683594 0.553385 0.680664 0.549479 0.680664 0.548177 0.678711 0.545573 0.677734 0.545573 0.675781 0.542969 0.674805 0.542969
0 0.700195 0.540365 0.698242 0.540365 0.697266 0.539062 0.692383 0.539062 0.691406 0.540365 0.687500 0.540365 0.686523 0.541667 0.684570 0.541667 0.683594 0.542969 0.680664 0.542969 0.679688 0.544271 0.678711 0.544271 0.679688 0.545573 0.679688 0.548177 0.682617 0.552083 0.682617 0.553385 0.683594 0.554688 0.683594 0.562500 0.682617 0.563802 0.682617 0.565104 0.679688 0.569010 0.679688 0.570312 0.677734 0.574219 0.677734 0.575521 0.678711 0.576823 0.690430 0.576823 0.691406 0.575521 0.695312 0.575521 0.696289 0.574219 0.698242 0.574219 0.699219 0.572917 0.700195 0.572917 0.702148 0.570312 0.703125 0.570312 0.707031 0.565104 0.707031 0.553385 0.705078 0.550781 0.705078 0.549479 0.703125 0.546875 0.702148 0.542969
0 0.717773 0.522135 0.715820 0.524740 0.715820 0.527344 0.714844 0.528646 0.714844 0.546875 0.715820 0.548177 0.715820 0.549479 0.718750 0.553385 0.718750 0.554688 0.721680 0.558594 0.723633 0.558594 0.725586 0.561198 0.726562 0.561198 0.727539 0.562500 0.730469 0.562500 0.731445 0.563802 0.737305 0.563802 0.738281 0.562500 0.740234 0.562500 0.741211 0.561198 0.742188 0.561198 0.742188 0.559896 0.743164 0.558594 0.746094 0.557292 0.748047 0.554688 0.748047 0.545573 0.749023 0.544271 0.748047 0.542969 0.748047 0.540365 0.747070 0.539062 0.747070 0.535156 0.746094 0.533854 0.746094 0.531250 0.744141 0.528646 0.744141 0.527344 0.743164 0.526042 0.742188 0.522135 0.739258 0.520833 0.737305 0.518229 0.736328 0.518229 0.735352 0.516927 0.725586 0.516927 0.724609 0.518229 0.723633 0.518229 0.722656 0.519531 0.721680 0.519531 0.720703 0.520833
0 0.749023 0.571615 0.747070 0.571615 0.746094 0.570312 0.732422 0.570312 0.727539 0.574219 0.727539 0.575521 0.726562 0.576823 0.726562 0.578125 0.723633 0.584635 0.723633 0.596354 0.724609 0.597656 0.724609 0.600260 0.725586 0.601562 0.725586 0.602865 0.727539 0.605469 0.727539 0.606771 0.732422 0.613281 0.734375 0.613281 0.735352 0.614583 0.736328 0.614583 0.737305 0.613281 0.740234 0.613281 0.741211 0.611979 0.744141 0.611979 0.746094 0.609375 0.747070 0.609375 0.748047 0.608073 0.750977 0.606771 0.757812 0.597656 0.757812 0.593750 0.756836 0.592448 0.756836 0.588542 0.755859 0.587240 0.755859 0.585938 0.753906 0.583333 0.753906 0.582031 0.752930 0.580729 0.752930 0.579427 0.751953 0.578125 0.750977 0.574219
0 0.722656 0.457031 0.721680 0.458333 0.721680 0.459635 0.717773 0.464844 0.717773 0.485677 0.718750 0.486979 0.718750 0.488281 0.719727 0.489583 0.723633 0.489583 0.724609 0.490885 0.726562 0.490885 0.729492 0.493490 0.732422 0.493490 0.733398 0.494792 0.735352 0.494792 0.736328 0.496094 0.740234 0.496094 0.741211 0.494792 0.742188 0.494792 0.749023 0.485677 0.749023 0.484375 0.750977 0.481771 0.750977 0.477865 0.750000 0.476562 0.750000 0.468750 0.746094 0.463542 0.745117 0.463542 0.743164 0.460938 0.742188 0.460938 0.737305 0.455729 0.736328 0.455729 0.735352 0.454427 0.733398 0.454427 0.732422 0.453125 0.730469 0.453125 0.729492 0.454427 0.726562 0.454427 0.725586 0.455729
0 0.705078 0.376302 0.704102 0.377604 0.700195 0.377604 0.699219 0.378906 0.697266 0.378906 0.696289 0.380208 0.695312 0.384115 0.692383 0.388021 0.692383 0.389323 0.690430 0.393229 0.690430 0.399740 0.691406 0.401042 0.691406 0.403646 0.693359 0.406250 0.694336 0.410156 0.696289 0.412760 0.696289 0.414062 0.701172 0.420573 0.701172 0.421875 0.703125 0.424479 0.704102 0.424479 0.705078 0.425781 0.709961 0.425781 0.710938 0.424479 0.711914 0.424479 0.712891 0.423177 0.712891 0.421875 0.714844 0.419271 0.715820 0.419271 0.718750 0.415365 0.719727 0.411458 0.721680 0.408854 0.721680 0.393229 0.720703 0.391927 0.720703 0.388021 0.719727 0.386719 0.719727 0.385417 0.714844 0.378906 0.713867 0.378906 0.710938 0.376302
0 0.742188 0.408854 0.741211 0.408854 0.740234 0.407552 0.736328 0.407552 0.735352 0.406250 0.733398 0.406250 0.732422 0.404948 0.730469 0.404948 0.729492 0.406250 0.727539 0.406250 0.726562 0.407552 0.723633 0.408854 0.723633 0.410156 0.719727 0.415365 0.719727 0.417969 0.718750 0.419271 0.718750 0.423177 0.717773 0.424479 0.717773 0.428385 0.716797 0.429688 0.716797 0.445312 0.717773 0.446615 0.718750 0.446615 0.719727 0.447917 0.721680 0.447917 0.724609 0.450521 0.733398 0.450521 0.734375 0.449219 0.737305 0.449219 0.738281 0.447917 0.739258 0.447917 0.742188 0.444010 0.742188 0.441406 0.743164 0.440104 0.743164 0.417969 0.742188 0.416667
0 0.759766 0.419271 0.757812 0.421875 0.754883 0.423177 0.750000 0.429688 0.750000 0.430990 0.748047 0.433594 0.747070 0.433594 0.746094 0.434896 0.746094 0.436198 0.745117 0.437500 0.745117 0.440104 0.744141 0.441406 0.744141 0.445312 0.745117 0.446615 0.745117 0.449219 0.747070 0.451823 0.747070 0.453125 0.751953 0.459635 0.753906 0.459635 0.754883 0.460938 0.757812 0.460938 0.758789 0.462240 0.764648 0.462240 0.765625 0.463542 0.766602 0.463542 0.771484 0.458333 0.771484 0.457031 0.772461 0.455729 0.772461 0.453125 0.774414 0.450521 0.774414 0.446615 0.775391 0.445312 0.775391 0.444010 0.773438 0.440104 0.773438 0.437500 0.772461 0.436198 0.772461 0.434896 0.767578 0.428385 0.767578 0.427083 0.766602 0.425781 0.765625 0.421875 0.762695 0.419271
0 0.713867 0.369792 0.712891 0.371094 0.712891 0.373698 0.713867 0.375000 0.713867 0.376302 0.714844 0.376302 0.717773 0.380208 0.717773 0.381510 0.720703 0.385417 0.720703 0.386719 0.721680 0.388021 0.721680 0.390625 0.722656 0.391927 0.722656 0.395833 0.723633 0.397135 0.723633 0.404948 0.724609 0.404948 0.725586 0.403646 0.731445 0.403646 0.732422 0.402344 0.733398 0.402344 0.734375 0.401042 0.735352 0.401042 0.738281 0.397135 0.738281 0.395833 0.739258 0.394531 0.739258 0.391927 0.741211 0.389323 0.741211 0.388021 0.742188 0.386719 0.742188 0.384115 0.743164 0.382812 0.743164 0.380208 0.742188 0.378906 0.742188 0.375000 0.740234 0.371094 0.738281 0.371094 0.737305 0.369792 0.736328 0.369792 0.735352 0.368490 0.733398 0.368490 0.732422 0.367188 0.719727 0.367188 0.718750 0.368490 0.715820 0.368490 0.714844 0.369792
0 0.750977 0.376302 0.750000 0.377604 0.749023 0.377604 0.748047 0.378906 0.747070 0.378906 0.744141 0.382812 0.744141 0.384115 0.743164 0.385417 0.743164 0.386719 0.742188 0.388021 0.742188 0.389323 0.740234 0.393229 0.740234 0.399740 0.741211 0.401042 0.741211 0.403646 0.745117 0.408854 0.747070 0.408854 0.748047 0.410156 0.749023 0.410156 0.750000 0.411458 0.750977 0.411458 0.751953 0.412760 0.752930 0.412760 0.755859 0.415365 0.757812 0.415365 0.758789 0.416667 0.759766 0.416667 0.760742 0.415365 0.762695 0.415365 0.763672 0.414062 0.764648 0.414062 0.769531 0.407552 0.769531 0.406250 0.770508 0.404948 0.770508 0.391927 0.769531 0.390625 0.769531 0.386719 0.764648 0.380208 0.763672 0.380208 0.762695 0.378906 0.759766 0.378906 0.758789 0.377604 0.753906 0.377604 0.752930 0.376302
0 0.764648 0.354167 0.758789 0.361979 0.758789 0.363281 0.757812 0.364583 0.757812 0.375000 0.758789 0.376302 0.760742 0.376302 0.761719 0.377604 0.763672 0.377604 0.767578 0.382812 0.768555 0.382812 0.770508 0.385417 0.778320 0.385417 0.779297 0.384115 0.781250 0.384115 0.787109 0.376302 0.787109 0.375000 0.788086 0.373698 0.788086 0.369792 0.787109 0.368490 0.787109 0.365885 0.785156 0.363281 0.785156 0.361979 0.783203 0.358073 0.783203 0.355469 0.782227 0.355469 0.781250 0.354167 0.778320 0.354167 0.777344 0.352865 0.766602 0.352865 0.765625 0.354167
0 0.696289 0.330729 0.694336 0.333333 0.693359 0.333333 0.690430 0.337240 0.687500 0.338542 0.685547 0.341146 0.684570 0.341146 0.682617 0.343750 0.681641 0.343750 0.678711 0.347656 0.677734 0.351562 0.673828 0.356771 0.673828 0.358073 0.672852 0.359375 0.672852 0.361979 0.673828 0.361979 0.677734 0.367188 0.678711 0.367188 0.679688 0.368490 0.686523 0.368490 0.687500 0.369792 0.690430 0.371094 0.695312 0.376302 0.700195 0.376302 0.701172 0.375000 0.704102 0.373698 0.707031 0.369792 0.708008 0.369792 0.709961 0.367188 0.709961 0.363281 0.710938 0.361979 0.710938 0.358073 0.709961 0.356771 0.709961 0.347656 0.708008 0.343750 0.708008 0.341146 0.707031 0.339844 0.707031 0.337240 0.703125 0.332031 0.702148 0.332031 0.701172 0.330729
0 0.712891 0.315104 0.708008 0.320312 0.708008 0.322917 0.707031 0.324219 0.707031 0.335938 0.708008 0.337240 0.708008 0.339844 0.708984 0.341146 0.708984 0.345052 0.709961 0.346354 0.710938 0.346354 0.713867 0.348958 0.715820 0.348958 0.716797 0.350260 0.717773 0.350260 0.720703 0.354167 0.723633 0.355469 0.725586 0.358073 0.726562 0.358073 0.727539 0.359375 0.728516 0.358073 0.731445 0.356771 0.732422 0.355469 0.733398 0.351562 0.735352 0.348958 0.735352 0.347656 0.736328 0.346354 0.736328 0.345052 0.738281 0.341146 0.738281 0.332031 0.737305 0.330729 0.737305 0.324219 0.736328 0.322917 0.736328 0.321615 0.732422 0.321615 0.731445 0.320312 0.730469 0.320312 0.729492 0.319010 0.728516 0.319010 0.725586 0.316406 0.723633 0.316406 0.722656 0.315104
0 0.732422 0.273438 0.729492 0.277344 0.729492 0.278646 0.726562 0.281250 0.726562 0.282552 0.725586 0.283854 0.725586 0.286458 0.724609 0.287760 0.724609 0.290365 0.723633 0.291667 0.723633 0.305990 0.724609 0.307292 0.724609 0.308594 0.726562 0.312500 0.728516 0.312500 0.729492 0.313802 0.730469 0.313802 0.733398 0.316406 0.739258 0.316406 0.740234 0.315104 0.741211 0.315104 0.743164 0.312500 0.744141 0.312500 0.750000 0.304688 0.750000 0.303385 0.754883 0.298177 0.754883 0.296875 0.755859 0.295573 0.755859 0.289062 0.754883 0.287760 0.754883 0.286458 0.753906 0.285156 0.752930 0.281250 0.749023 0.274740 0.739258 0.274740 0.738281 0.273438
0 0.762695 0.298177 0.761719 0.299479 0.759766 0.299479 0.758789 0.300781 0.755859 0.300781 0.754883 0.302083 0.753906 0.302083 0.750977 0.305990 0.750977 0.307292 0.750000 0.308594 0.750000 0.312500 0.749023 0.313802 0.749023 0.315104 0.748047 0.316406 0.747070 0.316406 0.745117 0.320312 0.746094 0.321615 0.746094 0.324219 0.750977 0.330729 0.753906 0.332031 0.755859 0.334635 0.756836 0.334635 0.759766 0.338542 0.760742 0.338542 0.761719 0.339844 0.763672 0.339844 0.764648 0.341146 0.767578 0.342448 0.768555 0.341146 0.771484 0.339844 0.771484 0.338542 0.778320 0.329427 0.778320 0.328125 0.781250 0.324219 0.781250 0.322917 0.782227 0.321615 0.782227 0.313802 0.781250 0.312500 0.780273 0.312500 0.779297 0.311198 0.778320 0.311198 0.777344 0.309896 0.774414 0.308594 0.768555 0.300781
0 0.763672 0.268229 0.761719 0.270833 0.761719 0.272135 0.759766 0.274740 0.759766 0.291667 0.760742 0.292969 0.760742 0.295573 0.761719 0.296875 0.767578 0.296875 0.768555 0.298177 0.768555 0.299479 0.773438 0.305990 0.774414 0.305990 0.775391 0.307292 0.780273 0.307292 0.781250 0.305990 0.782227 0.305990 0.786133 0.300781 0.786133 0.299479 0.787109 0.298177 0.786133 0.296875 0.786133 0.283854 0.785156 0.282552 0.785156 0.281250 0.784180 0.279948 0.784180 0.278646 0.781250 0.274740 0.781250 0.273438 0.780273 0.272135 0.779297 0.272135 0.778320 0.270833 0.777344 0.270833 0.776367 0.269531 0.775391 0.269531 0.772461 0.266927 0.765625 0.266927 0.764648 0.268229
0 0.708984 0.225260 0.708008 0.226562 0.706055 0.226562 0.705078 0.227865 0.704102 0.227865 0.702148 0.230469 0.702148 0.235677 0.703125 0.236979 0.703125 0.238281 0.702148 0.239583 0.702148 0.247396 0.701172 0.248698 0.701172 0.256510 0.702148 0.257812 0.702148 0.261719 0.705078 0.265625 0.706055 0.265625 0.708008 0.268229 0.708984 0.268229 0.711914 0.272135 0.712891 0.272135 0.713867 0.273438 0.715820 0.273438 0.716797 0.274740 0.718750 0.274740 0.719727 0.276042 0.722656 0.272135 0.723633 0.272135 0.729492 0.264323 0.729492 0.263021 0.730469 0.261719 0.730469 0.250000 0.731445 0.248698 0.731445 0.242188 0.728516 0.238281 0.728516 0.236979 0.724609 0.231771 0.724609 0.230469 0.723633 0.230469 0.721680 0.227865 0.720703 0.227865 0.719727 0.226562 0.716797 0.226562 0.715820 0.225260
0 0.750977 0.218750 0.750000 0.220052 0.749023 0.220052 0.742188 0.229167 0.742188 0.230469 0.738281 0.235677 0.738281 0.238281 0.741211 0.242188 0.742188 0.242188 0.743164 0.243490 0.744141 0.243490 0.748047 0.248698 0.750000 0.248698 0.750977 0.250000 0.751953 0.250000 0.752930 0.251302 0.753906 0.251302 0.754883 0.252604 0.758789 0.252604 0.758789 0.247396 0.757812 0.246094 0.757812 0.242188 0.756836 0.240885 0.756836 0.238281 0.754883 0.235677 0.754883 0.230469 0.753906 0.229167 0.753906 0.226562 0.752930 0.225260 0.752930 0.221354 0.751953 0.220052 0.751953 0.218750
0 0.771484 0.208333 0.768555 0.208333 0.767578 0.209635 0.764648 0.209635 0.764648 0.216146 0.765625 0.217448 0.765625 0.221354 0.766602 0.222656 0.766602 0.226562 0.767578 0.227865 0.767578 0.229167 0.769531 0.233073 0.769531 0.235677 0.770508 0.236979 0.770508 0.242188 0.769531 0.243490 0.769531 0.255208 0.768555 0.256510 0.767578 0.256510 0.768555 0.256510 0.769531 0.255208 0.772461 0.255208 0.773438 0.253906 0.775391 0.253906 0.778320 0.250000 0.778320 0.248698 0.779297 0.247396 0.779297 0.246094 0.781250 0.243490 0.781250 0.242188 0.782227 0.240885 0.782227 0.239583 0.783203 0.238281 0.783203 0.236979 0.785156 0.233073 0.785156 0.218750 0.783203 0.216146 0.781250 0.216146 0.780273 0.214844 0.779297 0.214844 0.776367 0.210938 0.775391 0.210938 0.774414 0.209635 0.772461 0.209635
0 0.791016 0.200521 0.791016 0.201823 0.790039 0.203125 0.790039 0.218750 0.791016 0.220052 0.791016 0.221354 0.793945 0.225260 0.798828 0.225260 0.799805 0.223958 0.801758 0.223958 0.802734 0.222656 0.806641 0.222656 0.807617 0.223958 0.810547 0.223958 0.811523 0.225260 0.814453 0.225260 0.814453 0.223958 0.815430 0.222656 0.815430 0.216146 0.816406 0.214844 0.816406 0.207031 0.815430 0.205729 0.815430 0.203125 0.813477 0.200521 0.813477 0.199219 0.811523 0.196615 0.810547 0.196615 0.807617 0.194010 0.797852 0.194010 0.796875 0.195312 0.794922 0.195312
0 0.793945 0.227865 0.792969 0.229167 0.792969 0.230469 0.791016 0.234375 0.791016 0.246094 0.791992 0.247396 0.792969 0.247396 0.794922 0.250000 0.795898 0.250000 0.796875 0.251302 0.797852 0.251302 0.798828 0.252604 0.799805 0.252604 0.800781 0.253906 0.801758 0.253906 0.802734 0.255208 0.803711 0.255208 0.805664 0.257812 0.807617 0.257812 0.808594 0.259115 0.814453 0.259115 0.816406 0.256510 0.817383 0.256510 0.820312 0.252604 0.820312 0.251302 0.821289 0.250000 0.821289 0.242188 0.820312 0.240885 0.820312 0.238281 0.819336 0.236979 0.819336 0.234375 0.813477 0.226562 0.812500 0.226562 0.811523 0.225260 0.809570 0.225260 0.808594 0.223958 0.801758 0.223958 0.800781 0.225260 0.798828 0.225260 0.797852 0.226562 0.795898 0.226562 0.794922 0.227865
0 0.810547 0.260417 0.809570 0.260417 0.808594 0.261719 0.805664 0.261719 0.803711 0.264323 0.802734 0.264323 0.799805 0.266927 0.797852 0.266927 0.795898 0.269531 0.794922 0.269531 0.792969 0.272135 0.791992 0.272135 0.791992 0.273438 0.790039 0.277344 0.790039 0.285156 0.791992 0.289062 0.791992 0.292969 0.793945 0.295573 0.797852 0.295573 0.798828 0.296875 0.799805 0.296875 0.802734 0.300781 0.804688 0.300781 0.805664 0.302083 0.806641 0.302083 0.807617 0.300781 0.809570 0.300781 0.810547 0.299479 0.813477 0.299479 0.816406 0.296875 0.818359 0.296875 0.819336 0.295573 0.820312 0.295573 0.820312 0.294271 0.821289 0.292969 0.821289 0.290365 0.822266 0.289062 0.822266 0.285156 0.821289 0.283854 0.821289 0.272135 0.813477 0.261719 0.811523 0.261719
0 0.829102 0.299479 0.817383 0.299479 0.815430 0.302083 0.814453 0.302083 0.813477 0.303385 0.811523 0.303385 0.809570 0.305990 0.806641 0.307292 0.804688 0.309896 0.805664 0.311198 0.805664 0.316406 0.806641 0.317708 0.806641 0.322917 0.807617 0.324219 0.807617 0.326823 0.808594 0.328125 0.809570 0.332031 0.810547 0.332031 0.812500 0.334635 0.813477 0.338542 0.816406 0.338542 0.817383 0.339844 0.819336 0.339844 0.820312 0.341146 0.822266 0.341146 0.823242 0.339844 0.824219 0.339844 0.826172 0.337240 0.829102 0.335938 0.830078 0.334635 0.830078 0.333333 0.834961 0.326823 0.834961 0.325521 0.836914 0.322917 0.840820 0.322917 0.840820 0.319010 0.838867 0.316406 0.838867 0.315104 0.835938 0.311198 0.834961 0.307292 0.831055 0.302083 0.831055 0.300781 0.830078 0.300781
0 0.837891 0.313802 0.836914 0.313802 0.836914 0.319010 0.835938 0.320312 0.835938 0.322917 0.834961 0.324219 0.834961 0.325521 0.825195 0.338542 0.825195 0.342448 0.826172 0.342448 0.829102 0.346354 0.831055 0.346354 0.832031 0.347656 0.841797 0.347656 0.842773 0.346354 0.842773 0.320312
0 0.857422 0.302083 0.855469 0.304688 0.853516 0.311198 0.850586 0.315104 0.850586 0.319010 0.845703 0.325521 0.845703 0.332031 0.844727 0.333333 0.844727 0.335938 0.845703 0.337240 0.845703 0.338542 0.847656 0.341146 0.847656 0.342448 0.850586 0.346354 0.851562 0.346354 0.853516 0.348958 0.854492 0.348958 0.857422 0.351562 0.859375 0.351562 0.860352 0.352865 0.865234 0.352865 0.866211 0.351562 0.867188 0.351562 0.868164 0.350260 0.873047 0.347656 0.875000 0.345052 0.875977 0.345052 0.879883 0.339844 0.879883 0.335938 0.880859 0.334635 0.880859 0.329427 0.881836 0.328125 0.881836 0.319010 0.880859 0.317708 0.879883 0.313802 0.873047 0.304688 0.872070 0.304688 0.869141 0.302083
0 0.834961 0.261719 0.833984 0.263021 0.831055 0.263021 0.830078 0.264323 0.829102 0.264323 0.828125 0.265625 0.827148 0.265625 0.824219 0.268229 0.824219 0.269531 0.823242 0.270833 0.823242 0.273438 0.824219 0.274740 0.824219 0.289062 0.825195 0.290365 0.825195 0.291667 0.828125 0.295573 0.829102 0.295573 0.830078 0.296875 0.831055 0.296875 0.833984 0.300781 0.839844 0.300781 0.840820 0.299479 0.841797 0.299479 0.842773 0.298177 0.843750 0.298177 0.846680 0.294271 0.846680 0.292969 0.850586 0.287760 0.850586 0.286458 0.853516 0.282552 0.853516 0.277344 0.852539 0.276042 0.852539 0.274740 0.851562 0.273438 0.851562 0.272135 0.848633 0.268229 0.848633 0.266927 0.847656 0.266927 0.846680 0.265625 0.845703 0.265625 0.844727 0.264323 0.843750 0.264323 0.840820 0.261719
0 0.856445 0.243490 0.854492 0.246094 0.852539 0.246094 0.851562 0.247396 0.850586 0.247396 0.847656 0.251302 0.847656 0.263021 0.849609 0.265625 0.849609 0.268229 0.850586 0.269531 0.850586 0.270833 0.852539 0.273438 0.852539 0.274740 0.854492 0.277344 0.854492 0.278646 0.855469 0.279948 0.855469 0.281250 0.856445 0.281250 0.857422 0.282552 0.859375 0.282552 0.860352 0.283854 0.861328 0.283854 0.862305 0.282552 0.865234 0.282552 0.866211 0.281250 0.868164 0.281250 0.869141 0.279948 0.870117 0.279948 0.873047 0.276042 0.874023 0.276042 0.876953 0.272135 0.876953 0.270833 0.877930 0.269531 0.877930 0.266927 0.876953 0.265625 0.876953 0.264323 0.875000 0.261719 0.875000 0.260417 0.874023 0.259115 0.874023 0.257812 0.873047 0.256510 0.873047 0.255208 0.871094 0.252604 0.871094 0.251302 0.869141 0.248698 0.868164 0.248698 0.865234 0.246094 0.863281 0.246094 0.862305 0.244792 0.858398 0.244792 0.857422 0.243490
0 0.840820 0.204427 0.832031 0.216146 0.832031 0.218750 0.831055 0.220052 0.831055 0.222656 0.830078 0.223958 0.830078 0.230469 0.831055 0.231771 0.831055 0.233073 0.837891 0.242188 0.840820 0.242188 0.844727 0.247396 0.845703 0.247396 0.846680 0.246094 0.848633 0.246094 0.849609 0.244792 0.851562 0.244792 0.854492 0.242188 0.854492 0.240885 0.855469 0.239583 0.855469 0.236979 0.856445 0.235677 0.856445 0.233073 0.857422 0.231771 0.857422 0.229167 0.859375 0.225260 0.859375 0.222656 0.860352 0.221354 0.860352 0.218750 0.859375 0.217448 0.859375 0.214844 0.858398 0.213542 0.858398 0.212240 0.857422 0.210938 0.856445 0.210938 0.854492 0.208333 0.853516 0.208333 0.850586 0.205729 0.843750 0.205729 0.842773 0.204427
0 0.812500 0.174479 0.812500 0.177083 0.811523 0.178385 0.811523 0.179688 0.812500 0.180990 0.812500 0.183594 0.813477 0.184896 0.813477 0.188802 0.817383 0.196615 0.818359 0.196615 0.819336 0.197917 0.824219 0.197917 0.825195 0.199219 0.832031 0.199219 0.833008 0.200521 0.839844 0.200521 0.840820 0.199219 0.841797 0.199219 0.841797 0.197917 0.843750 0.195312 0.843750 0.190104 0.841797 0.186198 0.841797 0.183594 0.839844 0.179688 0.839844 0.175781 0.838867 0.174479 0.838867 0.173177 0.837891 0.171875 0.837891 0.170573 0.835938 0.170573 0.834961 0.169271 0.833008 0.169271 0.832031 0.167969 0.828125 0.167969 0.827148 0.166667 0.821289 0.166667 0.820312 0.167969 0.818359 0.167969 0.816406 0.170573 0.815430 0.170573
0 0.865234 0.123698 0.862305 0.127604 0.862305 0.128906 0.861328 0.130208 0.861328 0.136719 0.862305 0.138021 0.861328 0.139323 0.861328 0.141927 0.862305 0.143229 0.862305 0.145833 0.864258 0.148438 0.865234 0.148438 0.867188 0.151042 0.868164 0.151042 0.870117 0.153646 0.871094 0.153646 0.872070 0.154948 0.874023 0.154948 0.875000 0.156250 0.881836 0.156250 0.882812 0.157552 0.885742 0.157552 0.887695 0.154948 0.888672 0.154948 0.888672 0.153646 0.889648 0.152344 0.889648 0.149740 0.890625 0.148438 0.890625 0.140625 0.889648 0.139323 0.889648 0.132812 0.888672 0.131510 0.888672 0.128906 0.883789 0.122396 0.881836 0.122396 0.880859 0.121094 0.870117 0.121094 0.869141 0.122396 0.867188 0.122396 0.866211 0.123698
0 0.905273 0.147135 0.899414 0.147135 0.898438 0.148438 0.898438 0.149740 0.896484 0.152344 0.895508 0.152344 0.895508 0.153646 0.894531 0.154948 0.894531 0.156250 0.893555 0.157552 0.893555 0.170573 0.894531 0.171875 0.894531 0.173177 0.899414 0.179688 0.900391 0.179688 0.902344 0.177083 0.902344 0.175781 0.903320 0.174479 0.903320 0.170573 0.904297 0.169271 0.904297 0.167969 0.905273 0.166667 0.905273 0.162760 0.906250 0.161458 0.906250 0.148438
0 0.875977 0.183594 0.875000 0.184896 0.874023 0.184896 0.872070 0.187500 0.871094 0.191406 0.868164 0.195312 0.868164 0.210938 0.869141 0.212240 0.869141 0.214844 0.870117 0.216146 0.873047 0.216146 0.874023 0.217448 0.875977 0.217448 0.876953 0.218750 0.877930 0.218750 0.882812 0.225260 0.886719 0.225260 0.888672 0.222656 0.888672 0.221354 0.892578 0.216146 0.892578 0.214844 0.893555 0.213542 0.893555 0.212240 0.894531 0.210938 0.894531 0.209635 0.895508 0.208333 0.895508 0.207031 0.896484 0.205729 0.896484 0.204427 0.898438 0.200521 0.898438 0.195312 0.897461 0.194010 0.897461 0.190104 0.895508 0.186198 0.893555 0.186198 0.892578 0.184896 0.883789 0.184896 0.882812 0.183594
0 0.867188 0.178385 0.867188 0.179688 0.868164 0.180990 0.868164 0.182292 0.870117 0.184896 0.870117 0.186198 0.872070 0.188802 0.873047 0.188802 0.874023 0.187500 0.875000 0.187500 0.875977 0.186198 0.876953 0.186198 0.877930 0.184896 0.881836 0.184896 0.882812 0.186198 0.884766 0.186198 0.885742 0.187500 0.887695 0.187500 0.888672 0.188802 0.889648 0.188802 0.891602 0.191406 0.892578 0.191406 0.894531 0.194010 0.894531 0.195312 0.895508 0.196615 0.895508 0.199219 0.896484 0.199219 0.896484 0.196615 0.897461 0.195312 0.897461 0.190104 0.896484 0.188802 0.896484 0.183594 0.895508 0.182292 0.894531 0.182292 0.889648 0.175781 0.888672 0.175781 0.887695 0.174479 0.886719 0.174479 0.885742 0.173177 0.883789 0.173177 0.882812 0.171875 0.877930 0.171875 0.876953 0.173177 0.874023 0.173177 0.873047 0.174479 0.871094 0.174479 0.870117 0.175781 0.869141 0.175781
0 0.913086 0.182292 0.912109 0.183594 0.910156 0.183594 0.909180 0.184896 0.908203 0.184896 0.908203 0.186198 0.907227 0.187500 0.907227 0.188802 0.905273 0.192708 0.905273 0.195312 0.903320 0.199219 0.903320 0.218750 0.904297 0.220052 0.904297 0.222656 0.909180 0.227865 0.910156 0.227865 0.913086 0.230469 0.919922 0.230469 0.920898 0.229167 0.921875 0.229167 0.924805 0.225260 0.924805 0.223958 0.926758 0.221354 0.926758 0.218750 0.927734 0.217448 0.927734 0.212240 0.928711 0.210938 0.928711 0.208333 0.929688 0.207031 0.929688 0.199219 0.928711 0.197917 0.928711 0.195312 0.927734 0.194010 0.927734 0.192708 0.926758 0.191406 0.926758 0.190104 0.925781 0.188802 0.924805 0.184896 0.923828 0.184896 0.921875 0.182292
0 0.957031 0.135417 0.956055 0.136719 0.954102 0.136719 0.953125 0.138021 0.952148 0.138021 0.951172 0.139323 0.950195 0.139323 0.948242 0.141927 0.948242 0.149740 0.949219 0.151042 0.949219 0.154948 0.950195 0.156250 0.950195 0.161458 0.951172 0.162760 0.951172 0.164062 0.952148 0.165365 0.952148 0.166667 0.958984 0.175781 0.963867 0.175781 0.964844 0.174479 0.966797 0.174479 0.967773 0.173177 0.969727 0.173177 0.971680 0.170573 0.971680 0.169271 0.973633 0.165365 0.973633 0.162760 0.974609 0.161458 0.974609 0.152344 0.973633 0.151042 0.973633 0.148438 0.971680 0.145833 0.971680 0.144531 0.966797 0.138021 0.965820 0.138021 0.962891 0.135417
0 0.947266 0.104167 0.944336 0.104167 0.943359 0.105469 0.942383 0.105469 0.934570 0.115885 0.933594 0.115885 0.929688 0.121094 0.929688 0.125000 0.934570 0.131510 0.934570 0.132812 0.936523 0.135417 0.937500 0.135417 0.938477 0.136719 0.939453 0.136719 0.941406 0.139323 0.946289 0.139323 0.947266 0.138021 0.948242 0.138021 0.949219 0.136719 0.950195 0.136719 0.952148 0.134115 0.952148 0.132812 0.953125 0.131510 0.953125 0.121094 0.952148 0.119792 0.952148 0.118490 0.951172 0.117188 0.951172 0.114583 0.950195 0.113281 0.950195 0.110677 0.949219 0.109375 0.949219 0.106771
0 0.980469 0.179688 0.979492 0.179688 0.978516 0.178385 0.976562 0.178385 0.975586 0.179688 0.966797 0.179688 0.963867 0.183594 0.962891 0.183594 0.959961 0.186198 0.959961 0.187500 0.958984 0.188802 0.958984 0.191406 0.958008 0.192708 0.958008 0.196615 0.958984 0.197917 0.958984 0.199219 0.959961 0.200521 0.959961 0.201823 0.960938 0.203125 0.960938 0.204427 0.964844 0.209635 0.967773 0.209635 0.968750 0.210938 0.971680 0.210938 0.972656 0.209635 0.976562 0.209635 0.977539 0.208333 0.983398 0.208333 0.984375 0.207031 0.985352 0.207031 0.989258 0.201823 0.989258 0.200521 0.990234 0.199219 0.990234 0.197917 0.989258 0.196615 0.989258 0.194010 0.988281 0.194010 0.984375 0.188802 0.984375 0.187500 0.982422 0.184896 0.982422 0.183594
0 0.939453 0.210938 0.935547 0.216146 0.935547 0.218750 0.934570 0.220052 0.934570 0.230469 0.942383 0.240885 0.943359 0.240885 0.945312 0.243490 0.946289 0.243490 0.947266 0.244792 0.949219 0.244792 0.950195 0.246094 0.954102 0.246094 0.955078 0.244792 0.956055 0.244792 0.958008 0.242188 0.958984 0.242188 0.962891 0.236979 0.962891 0.235677 0.964844 0.231771 0.964844 0.230469 0.963867 0.229167 0.963867 0.227865 0.962891 0.226562 0.962891 0.225260 0.958984 0.220052 0.958984 0.218750 0.958008 0.217448 0.957031 0.217448 0.953125 0.212240 0.952148 0.212240 0.950195 0.209635 0.941406 0.209635 0.940430 0.210938
0 0.947266 0.256510 0.947266 0.257812 0.949219 0.260417 0.949219 0.261719 0.950195 0.263021 0.950195 0.264323 0.952148 0.266927 0.952148 0.268229 0.956055 0.273438 0.964844 0.273438 0.965820 0.274740 0.970703 0.274740 0.972656 0.272135 0.974609 0.272135 0.975586 0.270833 0.975586 0.269531 0.976562 0.268229 0.976562 0.264323 0.977539 0.263021 0.977539 0.260417 0.976562 0.259115 0.976562 0.255208 0.975586 0.253906 0.975586 0.251302 0.970703 0.244792 0.968750 0.244792 0.967773 0.243490 0.960938 0.243490 0.959961 0.244792 0.958984 0.244792 0.958008 0.246094 0.957031 0.246094 0.955078 0.248698 0.954102 0.248698 0.948242 0.256510
0 0.902344 0.234375 0.899414 0.238281 0.899414 0.239583 0.897461 0.243490 0.897461 0.257812 0.899414 0.260417 0.899414 0.261719 0.902344 0.265625 0.903320 0.265625 0.907227 0.270833 0.908203 0.270833 0.909180 0.272135 0.916992 0.272135 0.917969 0.270833 0.919922 0.270833 0.922852 0.266927 0.922852 0.265625 0.923828 0.264323 0.923828 0.261719 0.925781 0.257812 0.925781 0.255208 0.924805 0.253906 0.924805 0.250000 0.923828 0.248698 0.923828 0.247396 0.922852 0.246094 0.922852 0.244792 0.917969 0.238281 0.916992 0.238281 0.916016 0.236979 0.915039 0.236979 0.913086 0.234375 0.911133 0.234375 0.910156 0.233073 0.905273 0.233073 0.904297 0.234375
0 0.887695 0.261719 0.886719 0.263021 0.885742 0.263021 0.881836 0.268229 0.881836 0.269531 0.879883 0.272135 0.879883 0.273438 0.877930 0.277344 0.877930 0.279948 0.876953 0.281250 0.876953 0.283854 0.877930 0.285156 0.877930 0.289062 0.878906 0.290365 0.878906 0.291667 0.880859 0.294271 0.881836 0.294271 0.885742 0.299479 0.886719 0.299479 0.887695 0.300781 0.891602 0.300781 0.892578 0.302083 0.897461 0.302083 0.900391 0.298177 0.900391 0.296875 0.901367 0.295573 0.902344 0.295573 0.904297 0.292969 0.904297 0.290365 0.906250 0.287760 0.907227 0.287760 0.907227 0.285156 0.908203 0.283854 0.908203 0.282552 0.907227 0.281250 0.907227 0.274740 0.906250 0.273438 0.906250 0.272135 0.904297 0.269531 0.903320 0.269531 0.902344 0.268229 0.901367 0.268229 0.898438 0.264323 0.897461 0.264323 0.895508 0.261719
0 0.912109 0.285156 0.912109 0.286458 0.911133 0.287760 0.911133 0.290365 0.912109 0.291667 0.912109 0.294271 0.913086 0.295573 0.913086 0.305990 0.914062 0.307292 0.914062 0.308594 0.916016 0.308594 0.916992 0.309896 0.920898 0.309896 0.921875 0.308594 0.927734 0.308594 0.928711 0.307292 0.932617 0.307292 0.933594 0.308594 0.935547 0.308594 0.937500 0.305990 0.938477 0.305990 0.938477 0.289062 0.937500 0.287760 0.937500 0.286458 0.935547 0.283854 0.935547 0.282552 0.932617 0.278646 0.931641 0.278646 0.929688 0.276042 0.922852 0.276042 0.921875 0.277344 0.919922 0.277344 0.918945 0.278646 0.917969 0.278646 0.915039 0.282552 0.914062 0.282552
0 0.906250 0.312500 0.905273 0.313802 0.904297 0.313802 0.904297 0.315104 0.902344 0.319010 0.901367 0.319010 0.896484 0.324219 0.896484 0.328125 0.897461 0.329427 0.897461 0.332031 0.898438 0.333333 0.898438 0.335938 0.899414 0.337240 0.899414 0.339844 0.900391 0.341146 0.899414 0.342448 0.899414 0.345052 0.898438 0.346354 0.899414 0.346354 0.900391 0.347656 0.902344 0.347656 0.903320 0.346354 0.906250 0.350260 0.907227 0.350260 0.908203 0.351562 0.910156 0.351562 0.911133 0.352865 0.916016 0.352865 0.916992 0.351562 0.919922 0.350260 0.923828 0.345052 0.923828 0.343750 0.926758 0.339844 0.926758 0.334635 0.924805 0.332031 0.924805 0.330729 0.923828 0.329427 0.922852 0.325521 0.916992 0.317708 0.916992 0.316406 0.914062 0.312500 0.913086 0.312500 0.912109 0.311198 0.911133 0.311198 0.910156 0.312500
0 0.885742 0.363281 0.885742 0.368490 0.886719 0.369792 0.886719 0.371094 0.888672 0.375000 0.888672 0.382812 0.890625 0.386719 0.891602 0.386719 0.892578 0.388021 0.894531 0.388021 0.895508 0.389323 0.896484 0.388021 0.898438 0.388021 0.899414 0.386719 0.901367 0.386719 0.904297 0.384115 0.906250 0.384115 0.907227 0.382812 0.909180 0.382812 0.910156 0.381510 0.911133 0.381510 0.912109 0.380208 0.913086 0.380208 0.917969 0.375000 0.917969 0.369792 0.916992 0.368490 0.916992 0.365885 0.915039 0.361979 0.915039 0.359375 0.914062 0.358073 0.914062 0.356771 0.913086 0.356771 0.911133 0.354167 0.909180 0.354167 0.908203 0.352865 0.905273 0.352865 0.904297 0.354167 0.903320 0.354167 0.902344 0.352865 0.899414 0.352865 0.898438 0.351562 0.895508 0.351562 0.891602 0.356771 0.890625 0.356771 0.889648 0.358073 0.889648 0.359375 0.887695 0.361979 0.886719 0.361979
0 0.952148 0.369792 0.950195 0.369792 0.949219 0.371094 0.946289 0.372396 0.940430 0.380208 0.940430 0.381510 0.939453 0.382812 0.939453 0.390625 0.938477 0.391927 0.938477 0.399740 0.939453 0.401042 0.939453 0.402344 0.940430 0.402344 0.941406 0.403646 0.940430 0.407552 0.943359 0.411458 0.944336 0.410156 0.953125 0.410156 0.954102 0.408854 0.957031 0.408854 0.958008 0.407552 0.959961 0.407552 0.960938 0.406250 0.962891 0.406250 0.963867 0.404948 0.964844 0.404948 0.966797 0.402344 0.966797 0.398438 0.967773 0.397135 0.967773 0.388021 0.966797 0.386719 0.966797 0.384115 0.965820 0.382812 0.965820 0.381510 0.962891 0.377604 0.961914 0.377604 0.960938 0.376302 0.959961 0.376302 0.958984 0.375000 0.956055 0.373698 0.954102 0.371094 0.953125 0.371094
0 0.839844 0.351562 0.838867 0.352865 0.838867 0.354167 0.837891 0.355469 0.837891 0.356771 0.838867 0.358073 0.838867 0.360677 0.840820 0.363281 0.840820 0.364583 0.841797 0.365885 0.841797 0.369792 0.842773 0.371094 0.841797 0.372396 0.841797 0.375000 0.840820 0.376302 0.840820 0.381510 0.845703 0.381510 0.846680 0.382812 0.855469 0.382812 0.856445 0.384115 0.860352 0.384115 0.862305 0.381510 0.862305 0.380208 0.863281 0.378906 0.863281 0.367188 0.861328 0.363281 0.861328 0.356771 0.858398 0.354167 0.856445 0.354167 0.855469 0.352865 0.851562 0.352865 0.850586 0.351562 0.842773 0.351562 0.841797 0.350260 0.840820 0.351562
0 0.859375 0.385417 0.857422 0.385417 0.856445 0.384115 0.849609 0.384115 0.848633 0.382812 0.844727 0.382812 0.843750 0.384115 0.839844 0.384115 0.836914 0.388021 0.836914 0.397135 0.837891 0.398438 0.837891 0.404948 0.838867 0.406250 0.838867 0.410156 0.839844 0.411458 0.839844 0.416667 0.844727 0.423177 0.849609 0.416667 0.850586 0.416667 0.853516 0.412760 0.854492 0.412760 0.855469 0.411458 0.860352 0.411458 0.861328 0.412760 0.864258 0.412760 0.864258 0.410156 0.863281 0.408854 0.863281 0.398438 0.862305 0.397135 0.862305 0.391927 0.860352 0.389323 0.860352 0.386719
0 0.853516 0.415365 0.851562 0.417969 0.851562 0.424479 0.850586 0.425781 0.850586 0.447917 0.851562 0.449219 0.851562 0.451823 0.857422 0.459635 0.858398 0.459635 0.861328 0.462240 0.871094 0.462240 0.872070 0.460938 0.874023 0.460938 0.875000 0.459635 0.877930 0.458333 0.881836 0.451823 0.882812 0.447917 0.884766 0.445312 0.884766 0.444010 0.886719 0.440104 0.883789 0.436198 0.883789 0.434896 0.881836 0.432292 0.881836 0.430990 0.880859 0.429688 0.880859 0.425781 0.879883 0.424479 0.879883 0.423177 0.877930 0.420573 0.876953 0.420573 0.875000 0.417969 0.874023 0.417969 0.873047 0.416667 0.861328 0.416667 0.858398 0.414062 0.855469 0.414062 0.854492 0.415365
0 0.864258 0.381510 0.862305 0.384115 0.862305 0.385417 0.861328 0.386719 0.861328 0.389323 0.862305 0.390625 0.862305 0.394531 0.863281 0.395833 0.863281 0.406250 0.864258 0.407552 0.864258 0.411458 0.866211 0.414062 0.871094 0.414062 0.872070 0.415365 0.874023 0.415365 0.875000 0.416667 0.877930 0.416667 0.878906 0.417969 0.879883 0.417969 0.881836 0.415365 0.881836 0.412760 0.884766 0.408854 0.884766 0.407552 0.885742 0.406250 0.885742 0.404948 0.886719 0.403646 0.886719 0.402344 0.885742 0.401042 0.885742 0.399740 0.883789 0.397135 0.883789 0.393229 0.881836 0.390625 0.881836 0.389323 0.878906 0.385417 0.878906 0.384115 0.877930 0.382812 0.876953 0.382812 0.875977 0.381510
0 0.820312 0.345052 0.819336 0.346354 0.816406 0.347656 0.814453 0.350260 0.813477 0.350260 0.810547 0.354167 0.810547 0.355469 0.809570 0.356771 0.809570 0.361979 0.808594 0.363281 0.808594 0.372396 0.810547 0.376302 0.811523 0.376302 0.814453 0.380208 0.815430 0.380208 0.818359 0.384115 0.819336 0.384115 0.821289 0.386719 0.821289 0.388021 0.822266 0.388021 0.823242 0.389323 0.829102 0.389323 0.830078 0.388021 0.831055 0.388021 0.832031 0.386719 0.834961 0.385417 0.837891 0.381510 0.837891 0.380208 0.838867 0.378906 0.838867 0.377604 0.840820 0.373698 0.840820 0.365885 0.839844 0.364583 0.839844 0.363281 0.837891 0.360677 0.837891 0.359375 0.834961 0.355469 0.833984 0.355469 0.828125 0.346354 0.827148 0.346354 0.826172 0.345052
0 0.790039 0.375000 0.787109 0.378906 0.787109 0.380208 0.785156 0.384115 0.785156 0.393229 0.791016 0.401042 0.791016 0.402344 0.801758 0.416667 0.803711 0.416667 0.804688 0.417969 0.805664 0.417969 0.806641 0.416667 0.808594 0.416667 0.809570 0.415365 0.810547 0.415365 0.811523 0.414062 0.811523 0.412760 0.814453 0.408854 0.814453 0.406250 0.816406 0.402344 0.816406 0.393229 0.817383 0.391927 0.817383 0.388021 0.816406 0.386719 0.816406 0.384115 0.815430 0.382812 0.814453 0.382812 0.811523 0.378906 0.810547 0.378906 0.809570 0.377604 0.808594 0.377604 0.805664 0.375000 0.803711 0.375000 0.802734 0.373698 0.800781 0.373698 0.799805 0.372396 0.794922 0.372396 0.793945 0.373698 0.791992 0.373698 0.791016 0.375000
0 0.817383 0.450521 0.811523 0.442708 0.810547 0.442708 0.807617 0.440104 0.805664 0.440104 0.804688 0.441406 0.800781 0.441406 0.799805 0.442708 0.796875 0.442708 0.795898 0.444010 0.794922 0.444010 0.793945 0.445312 0.792969 0.445312 0.790039 0.447917 0.786133 0.447917 0.784180 0.450521 0.784180 0.458333 0.785156 0.459635 0.785156 0.462240 0.786133 0.463542 0.786133 0.466146 0.788086 0.468750 0.788086 0.470052 0.790039 0.472656 0.793945 0.472656 0.794922 0.471354 0.797852 0.471354 0.798828 0.470052 0.799805 0.470052 0.800781 0.468750 0.801758 0.468750 0.803711 0.466146 0.804688 0.466146 0.807617 0.462240 0.808594 0.462240 0.809570 0.460938 0.810547 0.460938 0.816406 0.453125 0.816406 0.451823
