0 0.163086 0.213542 0.162109 0.214844 0.162109 0.221354 0.163086 0.222656 0.164062 0.231771 0.166016 0.236979 0.166016 0.242188 0.166992 0.243490 0.168945 0.257812 0.171875 0.263021 0.175781 0.265625 0.183594 0.266927 0.189453 0.270833 0.193359 0.270833 0.198242 0.268229 0.208008 0.256510 0.208984 0.246094 0.206055 0.246094 0.204102 0.243490 0.204102 0.225260 0.205078 0.223958 0.208008 0.226562 0.210938 0.222656 0.213867 0.222656 0.214844 0.223958 0.214844 0.226562 0.215820 0.227865 0.216797 0.226562 0.216797 0.223958 0.212891 0.220052 0.209961 0.218750 0.208984 0.217448 0.208984 0.214844 0.204102 0.213542 0.198242 0.208333 0.195312 0.208333 0.194336 0.207031 0.186523 0.207031 0.185547 0.205729 0.183594 0.205729 0.182617 0.207031 0.177734 0.207031 0.176758 0.208333 0.170898 0.209635
0 0.241211 0.169271 0.237305 0.169271 0.236328 0.167969 0.235352 0.169271 0.233398 0.169271 0.231445 0.171875 0.229492 0.173177 0.227539 0.173177 0.226562 0.174479 0.224609 0.174479 0.219727 0.178385 0.214844 0.178385 0.210938 0.182292 0.208984 0.182292 0.207031 0.183594 0.205078 0.186198 0.205078 0.200521 0.207031 0.201823 0.208984 0.201823 0.209961 0.203125 0.212891 0.213542 0.216797 0.218750 0.220703 0.221354 0.223633 0.225260 0.224609 0.229167 0.225586 0.227865 0.228516 0.227865 0.235352 0.221354 0.246094 0.218750 0.248047 0.217448 0.249023 0.214844 0.249023 0.212240 0.250000 0.210938 0.250000 0.200521 0.250977 0.199219 0.250000 0.184896 0.248047 0.180990 0.248047 0.178385
0 0.149414 0.287760 0.148438 0.289062 0.143555 0.289062 0.138672 0.292969 0.135742 0.292969 0.134766 0.294271 0.126953 0.294271 0.125977 0.295573 0.125977 0.308594 0.126953 0.309896 0.126953 0.317708 0.127930 0.319010 0.127930 0.325521 0.128906 0.326823 0.128906 0.329427 0.129883 0.330729 0.129883 0.334635 0.130859 0.335938 0.130859 0.337240 0.135742 0.342448 0.136719 0.342448 0.137695 0.343750 0.139648 0.343750 0.140625 0.345052 0.142578 0.345052 0.143555 0.346354 0.149414 0.346354 0.150391 0.345052 0.152344 0.345052 0.153320 0.343750 0.156250 0.343750 0.157227 0.342448 0.159180 0.342448 0.160156 0.341146 0.161133 0.341146 0.163086 0.337240 0.163086 0.334635 0.162109 0.333333 0.162109 0.315104 0.161133 0.313802 0.161133 0.309896 0.155273 0.302083 0.155273 0.300781 0.154297 0.299479 0.154297 0.296875 0.153320 0.295573 0.153320 0.289062 0.150391 0.289062
0 0.153320 0.356771 0.151367 0.355469 0.146484 0.355469 0.143555 0.358073 0.139648 0.358073 0.138672 0.359375 0.131836 0.359375 0.130859 0.360677 0.128906 0.360677 0.125000 0.363281 0.119141 0.372396 0.119141 0.393229 0.120117 0.394531 0.120117 0.397135 0.121094 0.398438 0.121094 0.401042 0.122070 0.402344 0.122070 0.404948 0.124023 0.410156 0.125977 0.411458 0.132812 0.411458 0.133789 0.412760 0.137695 0.412760 0.138672 0.414062 0.146484 0.414062 0.147461 0.412760 0.149414 0.412760 0.150391 0.411458 0.153320 0.411458 0.154297 0.410156 0.156250 0.410156 0.160156 0.407552 0.162109 0.402344 0.162109 0.375000 0.161133 0.373698 0.161133 0.367188 0.159180 0.364583 0.158203 0.364583 0.157227 0.361979
0 0.169922 0.407552 0.167969 0.408854 0.166016 0.408854 0.165039 0.410156 0.162109 0.410156 0.150391 0.417969 0.147461 0.421875 0.143555 0.424479 0.143555 0.425781 0.140625 0.429688 0.140625 0.432292 0.139648 0.433594 0.139648 0.441406 0.140625 0.442708 0.140625 0.445312 0.142578 0.446615 0.146484 0.451823 0.147461 0.451823 0.150391 0.457031 0.150391 0.459635 0.152344 0.462240 0.152344 0.463542 0.155273 0.467448 0.156250 0.467448 0.160156 0.471354 0.170898 0.471354 0.171875 0.470052 0.173828 0.470052 0.177734 0.467448 0.182617 0.460938 0.183594 0.458333 0.183594 0.454427 0.185547 0.450521 0.185547 0.446615 0.186523 0.445312 0.186523 0.438802 0.185547 0.436198 0.181641 0.430990 0.180664 0.430990 0.174805 0.421875 0.173828 0.421875 0.170898 0.417969 0.170898 0.415365 0.169922 0.414062
0 0.209961 0.476562 0.204102 0.476562 0.195312 0.483073 0.192383 0.483073 0.189453 0.485677 0.187500 0.485677 0.186523 0.486979 0.181641 0.489583 0.179688 0.492188 0.179688 0.501302 0.180664 0.502604 0.179688 0.503906 0.179688 0.509115 0.180664 0.510417 0.180664 0.514323 0.181641 0.515625 0.184570 0.524740 0.186523 0.527344 0.187500 0.527344 0.192383 0.531250 0.199219 0.531250 0.200195 0.529948 0.202148 0.529948 0.203125 0.528646 0.206055 0.527344 0.208008 0.524740 0.208984 0.524740 0.211914 0.522135 0.213867 0.522135 0.220703 0.516927 0.220703 0.509115 0.219727 0.507812 0.219727 0.503906 0.218750 0.502604 0.218750 0.496094 0.217773 0.494792 0.217773 0.492188 0.214844 0.486979 0.213867 0.483073
0 0.240234 0.406250 0.238281 0.406250 0.237305 0.407552 0.231445 0.407552 0.230469 0.408854 0.225586 0.408854 0.224609 0.410156 0.218750 0.410156 0.217773 0.411458 0.216797 0.411458 0.213867 0.415365 0.210938 0.424479 0.208008 0.429688 0.207031 0.436198 0.208008 0.437500 0.208008 0.440104 0.209961 0.442708 0.209961 0.444010 0.211914 0.447917 0.211914 0.450521 0.214844 0.457031 0.220703 0.457031 0.221680 0.455729 0.238281 0.455729 0.239258 0.454427 0.244141 0.453125 0.245117 0.451823 0.248047 0.450521 0.250000 0.447917 0.250000 0.446615 0.251953 0.444010 0.251953 0.433594 0.250977 0.432292 0.250977 0.429688 0.250000 0.428385 0.250000 0.425781 0.249023 0.424479 0.248047 0.420573 0.246094 0.417969 0.246094 0.416667 0.243164 0.411458 0.243164 0.410156
0 0.241211 0.351562 0.238281 0.348958 0.236328 0.348958 0.234375 0.346354 0.234375 0.345052 0.232422 0.342448 0.231445 0.342448 0.230469 0.343750 0.226562 0.343750 0.225586 0.345052 0.219727 0.345052 0.208008 0.352865 0.204102 0.358073 0.197266 0.376302 0.197266 0.394531 0.199219 0.397135 0.206055 0.402344 0.213867 0.404948 0.219727 0.408854 0.223633 0.408854 0.232422 0.403646 0.240234 0.402344 0.244141 0.393229 0.243164 0.390625 0.243164 0.385417 0.242188 0.384115 0.242188 0.378906 0.241211 0.377604 0.242188 0.375000 0.242188 0.368490 0.241211 0.365885 0.239258 0.363281 0.237305 0.363281 0.236328 0.360677 0.240234 0.355469 0.240234 0.352865
0 0.215820 0.272135 0.211914 0.277344 0.209961 0.278646 0.204102 0.278646 0.202148 0.279948 0.202148 0.281250 0.200195 0.283854 0.201172 0.285156 0.201172 0.290365 0.202148 0.291667 0.202148 0.294271 0.203125 0.295573 0.203125 0.298177 0.204102 0.299479 0.204102 0.302083 0.205078 0.303385 0.206055 0.309896 0.208008 0.315104 0.209961 0.317708 0.209961 0.320312 0.210938 0.321615 0.211914 0.328125 0.213867 0.329427 0.216797 0.334635 0.221680 0.335938 0.222656 0.334635 0.226562 0.334635 0.227539 0.333333 0.229492 0.333333 0.232422 0.329427 0.232422 0.325521 0.234375 0.322917 0.235352 0.322917 0.241211 0.313802 0.241211 0.309896 0.242188 0.308594 0.242188 0.304688 0.243164 0.303385 0.242188 0.302083 0.242188 0.291667 0.240234 0.287760 0.239258 0.287760 0.231445 0.277344 0.230469 0.277344 0.227539 0.273438 0.224609 0.273438 0.223633 0.272135
0 0.264648 0.222656 0.260742 0.222656 0.259766 0.221354 0.240234 0.221354 0.231445 0.226562 0.225586 0.233073 0.222656 0.234375 0.217773 0.240885 0.217773 0.248698 0.218750 0.250000 0.218750 0.252604 0.220703 0.257812 0.230469 0.273438 0.230469 0.274740 0.239258 0.285156 0.241211 0.286458 0.250000 0.286458 0.256836 0.281250 0.258789 0.278646 0.258789 0.277344 0.263672 0.272135 0.264648 0.266927 0.265625 0.265625 0.265625 0.260417 0.262695 0.252604 0.261719 0.240885 0.264648 0.236979 0.266602 0.231771 0.266602 0.225260
0 0.310547 0.164062 0.303711 0.164062 0.302734 0.162760 0.301758 0.164062 0.293945 0.164062 0.292969 0.165365 0.289062 0.165365 0.288086 0.166667 0.286133 0.166667 0.286133 0.167969 0.284180 0.171875 0.284180 0.174479 0.282227 0.178385 0.282227 0.182292 0.281250 0.183594 0.281250 0.199219 0.282227 0.200521 0.282227 0.204427 0.283203 0.205729 0.284180 0.209635 0.291016 0.220052 0.295898 0.220052 0.296875 0.221354 0.308594 0.221354 0.309570 0.220052 0.311523 0.220052 0.312500 0.218750 0.312500 0.216146 0.313477 0.214844 0.313477 0.209635 0.314453 0.208333 0.314453 0.204427 0.318359 0.195312 0.318359 0.191406 0.319336 0.190104 0.319336 0.180990 0.318359 0.179688 0.318359 0.177083 0.316406 0.173177 0.316406 0.169271
0 0.304688 0.225260 0.300781 0.225260 0.296875 0.222656 0.289062 0.222656 0.286133 0.225260 0.282227 0.225260 0.281250 0.226562 0.278320 0.226562 0.273438 0.230469 0.270508 0.230469 0.265625 0.235677 0.263672 0.240885 0.263672 0.247396 0.264648 0.248698 0.264648 0.252604 0.265625 0.253906 0.265625 0.256510 0.268555 0.264323 0.276367 0.274740 0.277344 0.278646 0.280273 0.282552 0.282227 0.283854 0.284180 0.283854 0.285156 0.282552 0.291016 0.282552 0.291992 0.281250 0.300781 0.279948 0.303711 0.277344 0.303711 0.272135 0.306641 0.265625 0.306641 0.251302 0.307617 0.250000 0.307617 0.244792 0.306641 0.243490 0.306641 0.239583 0.303711 0.231771 0.304688 0.229167
0 0.260742 0.286458 0.256836 0.290365 0.253906 0.291667 0.244141 0.305990 0.243164 0.309896 0.245117 0.313802 0.245117 0.317708 0.246094 0.319010 0.247070 0.328125 0.248047 0.329427 0.248047 0.332031 0.249023 0.333333 0.249023 0.335938 0.250000 0.337240 0.250000 0.338542 0.251953 0.341146 0.252930 0.341146 0.254883 0.343750 0.255859 0.343750 0.259766 0.347656 0.263672 0.347656 0.264648 0.348958 0.271484 0.348958 0.272461 0.347656 0.275391 0.346354 0.277344 0.343750 0.280273 0.342448 0.282227 0.339844 0.282227 0.322917 0.279297 0.316406 0.279297 0.305990 0.278320 0.304688 0.278320 0.300781 0.277344 0.299479 0.277344 0.296875 0.276367 0.295573 0.276367 0.294271 0.271484 0.287760 0.269531 0.287760 0.268555 0.286458
0 0.310547 0.291667 0.301758 0.291667 0.300781 0.292969 0.295898 0.292969 0.294922 0.294271 0.290039 0.295573 0.288086 0.298177 0.284180 0.300781 0.282227 0.300781 0.280273 0.303385 0.280273 0.313802 0.283203 0.320312 0.283203 0.333333 0.284180 0.334635 0.284180 0.339844 0.292969 0.350260 0.293945 0.358073 0.297852 0.359375 0.301758 0.363281 0.306641 0.361979 0.313477 0.355469 0.318359 0.352865 0.320312 0.350260 0.321289 0.350260 0.326172 0.343750 0.327148 0.341146 0.328125 0.319010 0.327148 0.317708 0.326172 0.309896 0.318359 0.298177 0.317383 0.298177
0 0.284180 0.342448 0.281250 0.342448 0.279297 0.343750 0.275391 0.348958 0.270508 0.351562 0.264648 0.359375 0.260742 0.369792 0.260742 0.380208 0.261719 0.381510 0.261719 0.385417 0.262695 0.386719 0.262695 0.391927 0.263672 0.393229 0.263672 0.395833 0.264648 0.398438 0.270508 0.404948 0.274414 0.407552 0.276367 0.407552 0.277344 0.408854 0.282227 0.408854 0.286133 0.406250 0.299805 0.389323 0.300781 0.389323 0.303711 0.384115 0.303711 0.378906 0.302734 0.377604 0.302734 0.369792 0.301758 0.367188 0.298828 0.363281 0.297852 0.363281 0.292969 0.358073 0.292969 0.355469 0.291992 0.354167 0.291992 0.350260 0.288086 0.345052
0 0.287109 0.408854 0.286133 0.408854 0.285156 0.411458 0.283203 0.411458 0.282227 0.412760 0.279297 0.412760 0.271484 0.417969 0.269531 0.417969 0.267578 0.416667 0.256836 0.429688 0.256836 0.432292 0.254883 0.437500 0.254883 0.440104 0.255859 0.441406 0.255859 0.446615 0.256836 0.447917 0.256836 0.451823 0.267578 0.466146 0.270508 0.466146 0.271484 0.467448 0.272461 0.466146 0.279297 0.464844 0.282227 0.462240 0.284180 0.462240 0.289062 0.458333 0.291016 0.458333 0.300781 0.449219 0.302734 0.442708 0.305664 0.438802 0.305664 0.433594 0.302734 0.425781 0.296875 0.419271 0.294922 0.417969 0.291016 0.417969 0.290039 0.416667 0.290039 0.414062 0.289062 0.414062 0.287109 0.411458
0 0.245117 0.454427 0.242188 0.457031 0.240234 0.457031 0.235352 0.463542 0.235352 0.473958 0.236328 0.475260 0.236328 0.480469 0.237305 0.481771 0.237305 0.488281 0.238281 0.489583 0.238281 0.494792 0.239258 0.496094 0.239258 0.500000 0.240234 0.501302 0.240234 0.502604 0.241211 0.502604 0.243164 0.505208 0.244141 0.505208 0.247070 0.507812 0.257812 0.507812 0.260742 0.505208 0.265625 0.503906 0.266602 0.502604 0.271484 0.500000 0.273438 0.497396 0.274414 0.497396 0.274414 0.496094 0.276367 0.492188 0.276367 0.488281 0.275391 0.486979 0.275391 0.480469 0.274414 0.479167 0.274414 0.475260 0.273438 0.473958 0.273438 0.471354 0.271484 0.468750 0.269531 0.468750 0.268555 0.467448 0.267578 0.467448 0.259766 0.457031 0.256836 0.455729 0.254883 0.453125 0.249023 0.453125 0.248047 0.454427
0 0.241211 0.527344 0.240234 0.527344 0.237305 0.529948 0.235352 0.529948 0.232422 0.532552 0.229492 0.532552 0.228516 0.533854 0.227539 0.533854 0.221680 0.540365 0.221680 0.542969 0.220703 0.544271 0.220703 0.546875 0.219727 0.548177 0.219727 0.553385 0.218750 0.554688 0.219727 0.555990 0.219727 0.562500 0.220703 0.563802 0.221680 0.567708 0.225586 0.572917 0.226562 0.572917 0.227539 0.574219 0.227539 0.575521 0.228516 0.575521 0.231445 0.578125 0.236328 0.578125 0.238281 0.575521 0.241211 0.574219 0.249023 0.566406 0.250977 0.566406 0.251953 0.565104 0.254883 0.565104 0.258789 0.559896 0.258789 0.557292 0.260742 0.553385 0.260742 0.545573 0.259766 0.545573 0.257812 0.542969 0.257812 0.541667 0.251953 0.535156 0.250977 0.535156 0.249023 0.532552 0.246094 0.531250 0.244141 0.528646 0.242188 0.528646
0 0.290039 0.587240 0.287109 0.583333 0.283203 0.583333 0.282227 0.582031 0.280273 0.582031 0.279297 0.580729 0.275391 0.580729 0.274414 0.582031 0.262695 0.582031 0.261719 0.583333 0.260742 0.583333 0.260742 0.584635 0.251953 0.596354 0.251953 0.605469 0.254883 0.611979 0.254883 0.615885 0.258789 0.621094 0.260742 0.621094 0.261719 0.622396 0.278320 0.622396 0.279297 0.621094 0.283203 0.621094 0.284180 0.619792 0.287109 0.619792 0.290039 0.615885 0.291016 0.615885 0.292969 0.613281 0.293945 0.613281 0.294922 0.611979 0.294922 0.609375 0.293945 0.608073 0.293945 0.605469 0.292969 0.604167 0.292969 0.600260 0.291992 0.598958 0.291992 0.595052 0.291016 0.593750 0.291016 0.589844 0.290039 0.588542
0 0.306641 0.569010 0.305664 0.570312 0.305664 0.571615 0.304688 0.572917 0.303711 0.572917 0.298828 0.580729 0.298828 0.582031 0.294922 0.591146 0.294922 0.595052 0.293945 0.596354 0.293945 0.601562 0.294922 0.602865 0.294922 0.605469 0.295898 0.606771 0.295898 0.609375 0.296875 0.610677 0.296875 0.611979 0.307617 0.625000 0.309570 0.625000 0.310547 0.626302 0.319336 0.626302 0.320312 0.625000 0.321289 0.625000 0.322266 0.623698 0.322266 0.622396 0.330078 0.611979 0.330078 0.610677 0.332031 0.606771 0.333008 0.600260 0.333984 0.598958 0.333984 0.597656 0.336914 0.593750 0.337891 0.589844 0.336914 0.588542 0.336914 0.585938 0.335938 0.584635 0.334961 0.584635 0.333008 0.580729 0.331055 0.580729 0.326172 0.576823 0.324219 0.576823 0.323242 0.575521 0.320312 0.575521 0.319336 0.574219 0.317383 0.574219 0.314453 0.571615 0.311523 0.571615 0.310547 0.570312 0.308594 0.570312 0.307617 0.569010
0 0.306641 0.627604 0.305664 0.630208 0.295898 0.643229 0.294922 0.645833 0.294922 0.652344 0.293945 0.653646 0.293945 0.656250 0.291992 0.661458 0.291992 0.665365 0.293945 0.667969 0.298828 0.670573 0.299805 0.673177 0.307617 0.684896 0.309570 0.686198 0.311523 0.686198 0.312500 0.687500 0.315430 0.687500 0.316406 0.686198 0.321289 0.684896 0.323242 0.682292 0.326172 0.680990 0.332031 0.673177 0.333984 0.667969 0.333984 0.665365 0.334961 0.664062 0.334961 0.660156 0.335938 0.658854 0.335938 0.656250 0.337891 0.652344 0.337891 0.649740 0.338867 0.647135 0.336914 0.644531 0.333984 0.644531 0.331055 0.636719 0.327148 0.631510 0.324219 0.630208 0.322266 0.627604 0.320312 0.628906 0.308594 0.628906
0 0.366211 0.675781 0.360352 0.666667 0.357422 0.669271 0.349609 0.669271 0.348633 0.670573 0.342773 0.670573 0.341797 0.671875 0.337891 0.671875 0.336914 0.673177 0.333984 0.674479 0.328125 0.682292 0.328125 0.695312 0.329102 0.696615 0.329102 0.697917 0.331055 0.700521 0.332031 0.700521 0.339844 0.709635 0.341797 0.709635 0.342773 0.710938 0.346680 0.710938 0.347656 0.709635 0.356445 0.709635 0.357422 0.708333 0.361328 0.708333 0.363281 0.705729 0.363281 0.701823 0.364258 0.700521 0.364258 0.699219 0.365234 0.697917 0.365234 0.695312 0.366211 0.694010 0.366211 0.687500 0.367188 0.686198 0.367188 0.679688 0.366211 0.678385
0 0.366211 0.701823 0.366211 0.705729 0.364258 0.709635 0.364258 0.712240 0.365234 0.713542 0.365234 0.716146 0.366211 0.716146 0.370117 0.721354 0.370117 0.722656 0.371094 0.723958 0.372070 0.723958 0.375000 0.727865 0.375977 0.727865 0.378906 0.730469 0.382812 0.730469 0.383789 0.731771 0.384766 0.731771 0.385742 0.730469 0.392578 0.730469 0.393555 0.729167 0.394531 0.729167 0.395508 0.727865 0.398438 0.726562 0.398438 0.725260 0.399414 0.723958 0.399414 0.721354 0.400391 0.720052 0.400391 0.716146 0.401367 0.714844 0.401367 0.710938 0.400391 0.709635 0.400391 0.708333 0.397461 0.704427 0.388672 0.704427 0.387695 0.703125 0.384766 0.703125 0.383789 0.701823 0.380859 0.700521 0.375977 0.694010 0.375000 0.694010 0.373047 0.691406 0.371094 0.694010 0.371094 0.695312
0 0.376953 0.654948 0.375000 0.657552 0.374023 0.657552 0.373047 0.658854 0.373047 0.660156 0.371094 0.664062 0.371094 0.677083 0.372070 0.678385 0.372070 0.684896 0.373047 0.686198 0.373047 0.688802 0.374023 0.690104 0.374023 0.691406 0.380859 0.700521 0.381836 0.700521 0.382812 0.701823 0.384766 0.701823 0.385742 0.703125 0.396484 0.703125 0.397461 0.701823 0.397461 0.700521 0.399414 0.697917 0.399414 0.696615 0.401367 0.694010 0.401367 0.692708 0.404297 0.688802 0.404297 0.687500 0.406250 0.684896 0.406250 0.683594 0.407227 0.682292 0.407227 0.675781 0.406250 0.674479 0.405273 0.674479 0.404297 0.673177 0.401367 0.671875 0.396484 0.665365 0.396484 0.664062 0.393555 0.660156 0.389648 0.660156 0.388672 0.658854 0.386719 0.658854 0.385742 0.657552 0.383789 0.657552 0.382812 0.656250 0.378906 0.656250 0.377930 0.654948
0 0.381836 0.602865 0.374023 0.602865 0.373047 0.604167 0.361328 0.604167 0.360352 0.605469 0.358398 0.605469 0.351562 0.614583 0.350586 0.614583 0.347656 0.618490 0.347656 0.619792 0.346680 0.621094 0.346680 0.625000 0.345703 0.626302 0.346680 0.627604 0.346680 0.630208 0.347656 0.631510 0.348633 0.635417 0.352539 0.641927 0.353516 0.645833 0.356445 0.649740 0.356445 0.651042 0.357422 0.652344 0.358398 0.652344 0.359375 0.653646 0.367188 0.653646 0.368164 0.652344 0.371094 0.652344 0.372070 0.651042 0.375000 0.649740 0.382812 0.639323 0.383789 0.639323 0.384766 0.638021 0.384766 0.636719 0.387695 0.632812 0.387695 0.631510 0.389648 0.627604 0.389648 0.623698 0.390625 0.622396 0.390625 0.617188 0.389648 0.615885 0.388672 0.611979
0 0.423828 0.625000 0.419922 0.628906 0.415039 0.628906 0.415039 0.630208 0.411133 0.634115 0.408203 0.631510 0.406250 0.631510 0.404297 0.632812 0.403320 0.631510 0.403320 0.628906 0.401367 0.626302 0.400391 0.626302 0.399414 0.627604 0.399414 0.630208 0.398438 0.632812 0.395508 0.636719 0.395508 0.640625 0.394531 0.641927 0.394531 0.658854 0.400391 0.669271 0.403320 0.670573 0.405273 0.673177 0.409180 0.675781 0.413086 0.675781 0.415039 0.677083 0.420898 0.673177 0.422852 0.673177 0.424805 0.670573 0.426758 0.669271 0.428711 0.669271 0.429688 0.667969 0.429688 0.665365 0.430664 0.664062 0.430664 0.660156 0.433594 0.652344 0.433594 0.648438 0.434570 0.647135 0.434570 0.641927 0.435547 0.640625 0.435547 0.636719 0.434570 0.635417 0.430664 0.635417 0.427734 0.631510 0.427734 0.627604
0 0.280273 0.503906 0.279297 0.505208 0.277344 0.505208 0.272461 0.509115 0.269531 0.509115 0.267578 0.511719 0.267578 0.513021 0.266602 0.514323 0.266602 0.535156 0.267578 0.536458 0.267578 0.539062 0.268555 0.540365 0.268555 0.541667 0.272461 0.546875 0.272461 0.548177 0.278320 0.555990 0.280273 0.555990 0.281250 0.557292 0.284180 0.557292 0.285156 0.555990 0.287109 0.555990 0.288086 0.554688 0.289062 0.554688 0.290039 0.553385 0.291016 0.553385 0.291992 0.552083 0.296875 0.549479 0.297852 0.548177 0.297852 0.546875 0.299805 0.544271 0.299805 0.522135 0.300781 0.520833 0.300781 0.518229 0.298828 0.515625 0.297852 0.515625 0.296875 0.514323 0.293945 0.514323 0.291992 0.511719 0.289062 0.510417 0.287109 0.507812 0.286133 0.507812 0.283203 0.503906
0 0.322266 0.511719 0.321289 0.513021 0.319336 0.513021 0.318359 0.514323 0.315430 0.515625 0.312500 0.519531 0.312500 0.520833 0.306641 0.527344 0.306641 0.528646 0.304688 0.532552 0.304688 0.536458 0.303711 0.537760 0.303711 0.545573 0.304688 0.546875 0.304688 0.549479 0.307617 0.555990 0.307617 0.559896 0.308594 0.561198 0.308594 0.563802 0.311523 0.567708 0.314453 0.569010 0.318359 0.572917 0.320312 0.572917 0.321289 0.574219 0.326172 0.574219 0.328125 0.571615 0.329102 0.571615 0.333984 0.565104 0.334961 0.565104 0.341797 0.554688 0.341797 0.552083 0.342773 0.550781 0.342773 0.545573 0.343750 0.544271 0.343750 0.537760 0.341797 0.533854 0.341797 0.531250 0.340820 0.529948 0.340820 0.528646 0.337891 0.524740 0.336914 0.520833 0.332031 0.514323 0.331055 0.514323 0.330078 0.513021 0.325195 0.513021 0.324219 0.511719
0 0.301758 0.453125 0.300781 0.454427 0.298828 0.454427 0.292969 0.462240 0.290039 0.463542 0.285156 0.470052 0.284180 0.473958 0.280273 0.479167 0.280273 0.484375 0.283203 0.490885 0.284180 0.500000 0.290039 0.509115 0.293945 0.511719 0.295898 0.511719 0.296875 0.513021 0.299805 0.513021 0.300781 0.514323 0.309570 0.514323 0.311523 0.513021 0.314453 0.509115 0.315430 0.509115 0.318359 0.505208 0.318359 0.503906 0.325195 0.494792 0.326172 0.492188 0.326172 0.484375 0.324219 0.481771 0.321289 0.473958 0.321289 0.471354 0.318359 0.467448 0.315430 0.459635 0.314453 0.459635 0.310547 0.455729 0.307617 0.455729 0.306641 0.454427
0 0.346680 0.407552 0.333008 0.407552 0.332031 0.408854 0.330078 0.408854 0.315430 0.428385 0.315430 0.429688 0.312500 0.433594 0.312500 0.436198 0.311523 0.437500 0.311523 0.440104 0.309570 0.445312 0.309570 0.449219 0.312500 0.453125 0.313477 0.453125 0.317383 0.458333 0.320312 0.459635 0.328125 0.468750 0.332031 0.471354 0.335938 0.471354 0.343750 0.466146 0.343750 0.460938 0.344727 0.459635 0.345703 0.453125 0.350586 0.446615 0.353516 0.437500 0.357422 0.430990 0.357422 0.423177 0.352539 0.419271 0.350586 0.412760
0 0.373047 0.430990 0.365234 0.437500 0.360352 0.437500 0.358398 0.440104 0.357422 0.440104 0.354492 0.444010 0.353516 0.444010 0.353516 0.445312 0.348633 0.451823 0.348633 0.453125 0.345703 0.458333 0.345703 0.466146 0.347656 0.468750 0.347656 0.471354 0.352539 0.477865 0.360352 0.483073 0.363281 0.483073 0.368164 0.489583 0.371094 0.488281 0.374023 0.484375 0.377930 0.481771 0.379883 0.481771 0.385742 0.477865 0.387695 0.475260 0.388672 0.475260 0.390625 0.470052 0.390625 0.467448 0.392578 0.463542 0.392578 0.455729 0.390625 0.453125 0.389648 0.446615 0.386719 0.438802 0.376953 0.432292 0.374023 0.432292
0 0.341797 0.477865 0.335938 0.485677 0.335938 0.489583 0.334961 0.490885 0.334961 0.497396 0.335938 0.498698 0.335938 0.503906 0.336914 0.505208 0.336914 0.518229 0.342773 0.526042 0.343750 0.526042 0.344727 0.527344 0.348633 0.527344 0.349609 0.528646 0.352539 0.528646 0.353516 0.527344 0.358398 0.527344 0.359375 0.526042 0.361328 0.526042 0.364258 0.522135 0.365234 0.522135 0.370117 0.515625 0.370117 0.514323 0.374023 0.507812 0.374023 0.505208 0.371094 0.498698 0.371094 0.492188 0.369141 0.492188 0.364258 0.485677 0.363281 0.485677 0.362305 0.484375 0.360352 0.484375 0.359375 0.483073 0.358398 0.483073 0.349609 0.476562 0.343750 0.476562 0.342773 0.477865
0 0.365234 0.544271 0.361328 0.544271 0.357422 0.548177 0.355469 0.548177 0.354492 0.549479 0.349609 0.552083 0.345703 0.557292 0.344727 0.557292 0.342773 0.559896 0.342773 0.561198 0.336914 0.569010 0.336914 0.570312 0.335938 0.571615 0.335938 0.579427 0.336914 0.580729 0.336914 0.582031 0.337891 0.583333 0.338867 0.583333 0.343750 0.591146 0.344727 0.591146 0.348633 0.595052 0.350586 0.595052 0.353516 0.597656 0.364258 0.597656 0.365234 0.596354 0.368164 0.595052 0.372070 0.589844 0.373047 0.589844 0.373047 0.588542 0.377930 0.580729 0.377930 0.569010 0.375000 0.563802 0.375000 0.554688 0.371094 0.550781 0.368164 0.550781 0.366211 0.548177
0 0.340820 0.351562 0.338867 0.351562 0.337891 0.350260 0.334961 0.350260 0.333984 0.348958 0.333008 0.350260 0.329102 0.350260 0.328125 0.351562 0.323242 0.352865 0.320312 0.356771 0.320312 0.358073 0.316406 0.364583 0.315430 0.368490 0.313477 0.371094 0.309570 0.381510 0.309570 0.385417 0.308594 0.386719 0.309570 0.389323 0.309570 0.391927 0.317383 0.402344 0.317383 0.403646 0.320312 0.407552 0.324219 0.407552 0.325195 0.406250 0.328125 0.406250 0.329102 0.404948 0.336914 0.404948 0.337891 0.403646 0.344727 0.403646 0.347656 0.399740 0.348633 0.399740 0.351562 0.395833 0.352539 0.393229 0.352539 0.390625 0.353516 0.389323 0.353516 0.386719 0.352539 0.385417 0.352539 0.369792 0.351562 0.367188 0.341797 0.355469
0 0.387695 0.507812 0.386719 0.509115 0.384766 0.509115 0.382812 0.511719 0.381836 0.511719 0.378906 0.514323 0.378906 0.515625 0.374023 0.527344 0.374023 0.537760 0.375000 0.539062 0.381836 0.558594 0.384766 0.562500 0.385742 0.562500 0.386719 0.563802 0.388672 0.563802 0.389648 0.565104 0.400391 0.565104 0.406250 0.557292 0.406250 0.555990 0.411133 0.548177 0.411133 0.546875 0.412109 0.545573 0.412109 0.542969 0.416016 0.533854 0.416016 0.531250 0.413086 0.526042 0.413086 0.523438 0.411133 0.520833 0.394531 0.510417 0.392578 0.507812
0 0.414062 0.569010 0.413086 0.569010 0.412109 0.567708 0.411133 0.567708 0.406250 0.563802 0.403320 0.563802 0.401367 0.566406 0.400391 0.566406 0.399414 0.567708 0.390625 0.567708 0.387695 0.571615 0.386719 0.571615 0.386719 0.572917 0.384766 0.575521 0.384766 0.576823 0.382812 0.580729 0.382812 0.585938 0.383789 0.587240 0.383789 0.593750 0.384766 0.595052 0.384766 0.598958 0.385742 0.600260 0.385742 0.601562 0.388672 0.605469 0.389648 0.605469 0.390625 0.606771 0.393555 0.606771 0.394531 0.608073 0.401367 0.608073 0.404297 0.604167 0.405273 0.604167 0.411133 0.596354 0.412109 0.596354 0.415039 0.589844 0.415039 0.582031 0.416992 0.578125 0.416992 0.572917
0 0.439453 0.574219 0.436523 0.576823 0.433594 0.576823 0.432617 0.575521 0.430664 0.575521 0.424805 0.583333 0.423828 0.583333 0.418945 0.589844 0.417969 0.589844 0.415039 0.595052 0.415039 0.602865 0.416016 0.604167 0.416992 0.608073 0.420898 0.614583 0.420898 0.615885 0.423828 0.619792 0.424805 0.619792 0.431641 0.625000 0.434570 0.625000 0.435547 0.626302 0.437500 0.626302 0.438477 0.627604 0.440430 0.627604 0.441406 0.626302 0.442383 0.626302 0.443359 0.625000 0.444336 0.621094 0.447266 0.617188 0.447266 0.615885 0.454102 0.606771 0.454102 0.604167 0.455078 0.602865 0.455078 0.596354 0.456055 0.595052 0.456055 0.582031 0.455078 0.580729 0.455078 0.579427 0.453125 0.579427 0.451172 0.582031 0.450195 0.582031 0.446289 0.578125 0.445312 0.578125 0.444336 0.576823 0.442383 0.576823
0 0.412109 0.678385 0.412109 0.679688 0.415039 0.683594 0.415039 0.684896 0.418945 0.690104 0.418945 0.691406 0.419922 0.692708 0.420898 0.692708 0.421875 0.694010 0.422852 0.694010 0.423828 0.695312 0.424805 0.695312 0.426758 0.697917 0.429688 0.697917 0.430664 0.699219 0.437500 0.699219 0.438477 0.697917 0.440430 0.697917 0.443359 0.694010 0.442383 0.692708 0.442383 0.691406 0.434570 0.680990 0.434570 0.679688 0.432617 0.677083 0.432617 0.675781 0.431641 0.674479 0.431641 0.671875 0.430664 0.670573 0.427734 0.670573 0.426758 0.671875 0.425781 0.671875 0.424805 0.673177 0.423828 0.673177 0.422852 0.674479 0.421875 0.674479 0.420898 0.675781 0.417969 0.675781 0.416992 0.677083 0.414062 0.677083 0.413086 0.678385
0 0.465820 0.647135 0.463867 0.648438 0.463867 0.652344 0.462891 0.653646 0.458008 0.653646 0.456055 0.651042 0.455078 0.647135 0.454102 0.648438 0.454102 0.652344 0.452148 0.654948 0.449219 0.654948 0.444336 0.649740 0.441406 0.649740 0.438477 0.652344 0.438477 0.653646 0.431641 0.664062 0.431641 0.667969 0.430664 0.669271 0.429688 0.675781 0.430664 0.678385 0.432617 0.680990 0.435547 0.682292 0.436523 0.684896 0.440430 0.690104 0.438477 0.694010 0.439453 0.695312 0.440430 0.694010 0.444336 0.694010 0.445312 0.695312 0.448242 0.695312 0.453125 0.699219 0.458984 0.699219 0.462891 0.696615 0.466797 0.691406 0.466797 0.690104 0.469727 0.684896 0.470703 0.678385 0.472656 0.674479 0.472656 0.669271 0.473633 0.667969 0.473633 0.657552 0.469727 0.652344 0.468750 0.652344
0 0.412109 0.735677 0.412109 0.736979 0.409180 0.740885 0.409180 0.743490 0.408203 0.744792 0.408203 0.750000 0.409180 0.751302 0.409180 0.763021 0.410156 0.764323 0.410156 0.766927 0.411133 0.768229 0.411133 0.770833 0.412109 0.772135 0.412109 0.773438 0.413086 0.773438 0.416016 0.776042 0.418945 0.776042 0.419922 0.777344 0.421875 0.777344 0.422852 0.778646 0.431641 0.778646 0.432617 0.779948 0.444336 0.779948 0.446289 0.777344 0.445312 0.776042 0.445312 0.770833 0.446289 0.769531 0.446289 0.744792 0.445312 0.744792 0.444336 0.743490 0.444336 0.742188 0.441406 0.740885 0.438477 0.734375 0.437500 0.734375 0.434570 0.738281 0.432617 0.735677 0.431641 0.731771 0.430664 0.731771 0.428711 0.734375 0.421875 0.733073 0.418945 0.738281 0.416016 0.738281 0.415039 0.736979 0.413086 0.736979
0 0.458008 0.735677 0.455078 0.739583 0.454102 0.739583 0.453125 0.740885 0.452148 0.740885 0.451172 0.742188 0.450195 0.742188 0.448242 0.744792 0.448242 0.750000 0.447266 0.751302 0.447266 0.759115 0.446289 0.760417 0.446289 0.765625 0.447266 0.766927 0.446289 0.768229 0.446289 0.770833 0.444336 0.774740 0.443359 0.774740 0.442383 0.776042 0.439453 0.776042 0.438477 0.777344 0.438477 0.778646 0.439453 0.779948 0.443359 0.779948 0.444336 0.781250 0.448242 0.781250 0.449219 0.779948 0.450195 0.779948 0.453125 0.776042 0.454102 0.776042 0.456055 0.773438 0.456055 0.772135 0.458984 0.768229 0.458984 0.751302 0.458008 0.750000 0.458008 0.746094 0.457031 0.744792 0.457031 0.739583 0.458008 0.738281
0 0.474609 0.677083 0.473633 0.677083 0.472656 0.680990 0.470703 0.683594 0.468750 0.690104 0.465820 0.694010 0.465820 0.695312 0.462891 0.699219 0.459961 0.700521 0.459961 0.701823 0.455078 0.707031 0.455078 0.709635 0.453125 0.712240 0.453125 0.713542 0.452148 0.714844 0.453125 0.718750 0.458008 0.725260 0.458984 0.725260 0.459961 0.726562 0.464844 0.726562 0.465820 0.727865 0.472656 0.727865 0.473633 0.729167 0.479492 0.729167 0.480469 0.727865 0.482422 0.727865 0.483398 0.726562 0.484375 0.726562 0.484375 0.723958 0.485352 0.722656 0.485352 0.717448 0.486328 0.716146 0.486328 0.708333 0.485352 0.707031 0.485352 0.695312 0.484375 0.694010 0.484375 0.690104 0.477539 0.680990 0.477539 0.679688 0.476562 0.679688
0 0.500977 0.699219 0.500000 0.699219 0.499023 0.697917 0.497070 0.697917 0.496094 0.696615 0.494141 0.696615 0.493164 0.695312 0.488281 0.695312 0.486328 0.697917 0.486328 0.721354 0.485352 0.722656 0.485352 0.723958 0.484375 0.725260 0.484375 0.726562 0.481445 0.730469 0.480469 0.730469 0.479492 0.731771 0.479492 0.733073 0.481445 0.736979 0.484375 0.733073 0.486328 0.733073 0.487305 0.731771 0.491211 0.731771 0.492188 0.730469 0.494141 0.730469 0.495117 0.729167 0.497070 0.729167 0.500977 0.723958 0.500977 0.722656 0.502930 0.720052 0.502930 0.718750 0.504883 0.716146 0.504883 0.713542 0.505859 0.712240 0.505859 0.709635 0.504883 0.708333 0.504883 0.705729 0.502930 0.703125 0.502930 0.701823
0 0.500977 0.791667 0.500000 0.791667 0.499023 0.790365 0.496094 0.790365 0.494141 0.787760 0.488281 0.787760 0.487305 0.789062 0.485352 0.789062 0.484375 0.790365 0.482422 0.790365 0.481445 0.791667 0.478516 0.791667 0.475586 0.795573 0.475586 0.798177 0.474609 0.799479 0.473633 0.799479 0.472656 0.798177 0.469727 0.798177 0.469727 0.807292 0.470703 0.808594 0.470703 0.812500 0.472656 0.816406 0.472656 0.819010 0.473633 0.820312 0.473633 0.821615 0.474609 0.821615 0.476562 0.824219 0.479492 0.825521 0.483398 0.830729 0.488281 0.830729 0.489258 0.829427 0.490234 0.829427 0.496094 0.821615 0.497070 0.821615 0.499023 0.819010 0.500000 0.819010 0.502930 0.815104 0.503906 0.815104 0.505859 0.811198 0.505859 0.802083 0.504883 0.800781 0.504883 0.796875
0 0.536133 0.752604 0.534180 0.752604 0.533203 0.751302 0.531250 0.751302 0.530273 0.750000 0.526367 0.750000 0.525391 0.748698 0.519531 0.748698 0.518555 0.750000 0.515625 0.750000 0.513672 0.752604 0.513672 0.763021 0.512695 0.764323 0.512695 0.769531 0.511719 0.770833 0.511719 0.779948 0.510742 0.781250 0.510742 0.794271 0.511719 0.795573 0.511719 0.796875 0.513672 0.799479 0.514648 0.799479 0.515625 0.800781 0.520508 0.800781 0.521484 0.799479 0.526367 0.799479 0.527344 0.798177 0.529297 0.798177 0.532227 0.795573 0.534180 0.795573 0.537109 0.792969 0.537109 0.791667 0.539062 0.787760 0.539062 0.783854 0.540039 0.782552 0.540039 0.776042 0.541016 0.774740 0.541016 0.770833 0.540039 0.769531 0.540039 0.763021 0.538086 0.760417 0.538086 0.757812 0.537109 0.756510
0 0.543945 0.799479 0.541992 0.803385 0.541992 0.805990 0.541016 0.807292 0.541016 0.811198 0.540039 0.812500 0.540039 0.816406 0.541016 0.817708 0.541016 0.819010 0.551758 0.833333 0.552734 0.833333 0.555664 0.835938 0.557617 0.835938 0.558594 0.837240 0.564453 0.837240 0.565430 0.835938 0.566406 0.835938 0.567383 0.834635 0.567383 0.833333 0.568359 0.832031 0.568359 0.830729 0.569336 0.829427 0.569336 0.828125 0.571289 0.824219 0.571289 0.820312 0.572266 0.819010 0.572266 0.813802 0.573242 0.812500 0.573242 0.805990 0.572266 0.804688 0.572266 0.802083 0.571289 0.802083 0.568359 0.798177 0.563477 0.798177 0.562500 0.796875 0.546875 0.796875 0.544922 0.799479
0 0.575195 0.761719 0.573242 0.759115 0.572266 0.759115 0.570312 0.756510 0.569336 0.756510 0.568359 0.755208 0.563477 0.755208 0.562500 0.756510 0.552734 0.756510 0.551758 0.757812 0.550781 0.756510 0.548828 0.756510 0.547852 0.757812 0.546875 0.757812 0.546875 0.759115 0.544922 0.761719 0.544922 0.770833 0.545898 0.772135 0.545898 0.792969 0.547852 0.795573 0.567383 0.795573 0.569336 0.792969 0.569336 0.790365 0.570312 0.789062 0.570312 0.787760 0.572266 0.785156 0.572266 0.782552 0.573242 0.781250 0.573242 0.778646 0.574219 0.777344 0.574219 0.769531 0.575195 0.768229
0 0.511719 0.710938 0.509766 0.714844 0.509766 0.730469 0.510742 0.731771 0.510742 0.734375 0.511719 0.735677 0.511719 0.736979 0.513672 0.739583 0.515625 0.739583 0.516602 0.740885 0.519531 0.742188 0.522461 0.746094 0.524414 0.746094 0.525391 0.747396 0.532227 0.747396 0.533203 0.746094 0.534180 0.746094 0.534180 0.744792 0.537109 0.740885 0.537109 0.739583 0.539062 0.736979 0.540039 0.733073 0.541992 0.730469 0.541992 0.729167 0.542969 0.727865 0.542969 0.721354 0.541992 0.720052 0.541992 0.717448 0.540039 0.714844 0.540039 0.713542 0.539062 0.712240 0.538086 0.712240 0.536133 0.709635 0.536133 0.708333 0.535156 0.708333 0.534180 0.707031 0.532227 0.707031 0.529297 0.704427 0.526367 0.704427 0.523438 0.707031 0.521484 0.707031 0.520508 0.708333 0.518555 0.708333 0.517578 0.709635 0.514648 0.709635 0.513672 0.710938
0 0.543945 0.712240 0.543945 0.735677 0.544922 0.736979 0.544922 0.746094 0.545898 0.747396 0.545898 0.750000 0.547852 0.753906 0.548828 0.753906 0.551758 0.756510 0.553711 0.756510 0.554688 0.755208 0.561523 0.755208 0.562500 0.753906 0.565430 0.753906 0.568359 0.750000 0.569336 0.750000 0.571289 0.747396 0.573242 0.747396 0.574219 0.746094 0.577148 0.744792 0.577148 0.743490 0.578125 0.742188 0.578125 0.727865 0.576172 0.725260 0.576172 0.723958 0.573242 0.720052 0.573242 0.718750 0.572266 0.717448 0.571289 0.717448 0.569336 0.714844 0.563477 0.714844 0.562500 0.713542 0.556641 0.713542 0.555664 0.712240 0.552734 0.712240 0.551758 0.710938 0.544922 0.710938
0 0.490234 0.630208 0.489258 0.630208 0.488281 0.631510 0.484375 0.631510 0.483398 0.632812 0.479492 0.632812 0.478516 0.634115 0.477539 0.634115 0.475586 0.636719 0.475586 0.639323 0.476562 0.640625 0.476562 0.656250 0.477539 0.657552 0.477539 0.660156 0.479492 0.662760 0.481445 0.662760 0.482422 0.664062 0.494141 0.664062 0.495117 0.662760 0.497070 0.662760 0.498047 0.661458 0.499023 0.661458 0.500977 0.658854 0.500977 0.652344 0.499023 0.649740 0.498047 0.649740 0.497070 0.648438 0.496094 0.648438 0.491211 0.641927 0.491211 0.639323 0.490234 0.638021 0.490234 0.636719 0.491211 0.635417 0.491211 0.631510
0 0.490234 0.602865 0.488281 0.600260 0.487305 0.600260 0.483398 0.595052 0.482422 0.595052 0.481445 0.593750 0.476562 0.593750 0.475586 0.595052 0.468750 0.595052 0.465820 0.597656 0.463867 0.597656 0.458008 0.605469 0.457031 0.605469 0.456055 0.606771 0.456055 0.608073 0.455078 0.609375 0.455078 0.611979 0.454102 0.613281 0.454102 0.623698 0.455078 0.625000 0.455078 0.626302 0.458984 0.631510 0.459961 0.631510 0.460938 0.632812 0.462891 0.632812 0.463867 0.634115 0.471680 0.634115 0.472656 0.632812 0.476562 0.632812 0.477539 0.631510 0.481445 0.631510 0.482422 0.630208 0.485352 0.630208 0.486328 0.628906 0.489258 0.628906 0.491211 0.626302 0.491211 0.605469 0.490234 0.604167
0 0.512695 0.605469 0.507812 0.605469 0.500000 0.613281 0.498047 0.613281 0.496094 0.615885 0.496094 0.618490 0.495117 0.619792 0.494141 0.626302 0.490234 0.632812 0.490234 0.641927 0.491211 0.643229 0.492188 0.647135 0.495117 0.651042 0.496094 0.651042 0.497070 0.652344 0.497070 0.653646 0.498047 0.654948 0.498047 0.657552 0.500977 0.657552 0.501953 0.658854 0.502930 0.658854 0.503906 0.660156 0.505859 0.660156 0.508789 0.662760 0.509766 0.662760 0.510742 0.661458 0.512695 0.661458 0.513672 0.660156 0.520508 0.656250 0.523438 0.652344 0.523438 0.651042 0.526367 0.645833 0.526367 0.643229 0.527344 0.641927 0.527344 0.639323 0.528320 0.638021 0.528320 0.635417 0.529297 0.634115 0.529297 0.630208 0.530273 0.628906 0.530273 0.625000 0.529297 0.623698 0.524414 0.622396 0.521484 0.617188 0.521484 0.615885 0.518555 0.611979 0.518555 0.610677 0.515625 0.606771 0.513672 0.606771
0 0.500977 0.661458 0.499023 0.664062 0.499023 0.674479 0.500000 0.675781 0.500000 0.677083 0.500977 0.678385 0.500977 0.679688 0.501953 0.680990 0.501953 0.682292 0.502930 0.683594 0.502930 0.684896 0.505859 0.688802 0.506836 0.688802 0.508789 0.691406 0.511719 0.691406 0.512695 0.690104 0.515625 0.690104 0.516602 0.688802 0.517578 0.688802 0.515625 0.686198 0.515625 0.684896 0.513672 0.682292 0.513672 0.680990 0.511719 0.678385 0.511719 0.664062 0.507812 0.664062 0.506836 0.662760 0.503906 0.662760 0.502930 0.661458
0 0.543945 0.649740 0.534180 0.649740 0.533203 0.648438 0.530273 0.648438 0.529297 0.647135 0.528320 0.647135 0.526367 0.649740 0.525391 0.649740 0.524414 0.651042 0.524414 0.652344 0.522461 0.656250 0.521484 0.656250 0.519531 0.658854 0.516602 0.660156 0.514648 0.662760 0.512695 0.662760 0.510742 0.666667 0.510742 0.671875 0.511719 0.673177 0.510742 0.674479 0.510742 0.680990 0.509766 0.682292 0.509766 0.684896 0.508789 0.686198 0.508789 0.688802 0.509766 0.690104 0.512695 0.690104 0.513672 0.688802 0.522461 0.688802 0.523438 0.690104 0.525391 0.690104 0.526367 0.688802 0.530273 0.688802 0.531250 0.687500 0.534180 0.686198 0.539062 0.679688 0.539062 0.678385 0.541992 0.674479 0.541992 0.673177 0.543945 0.669271
0 0.544922 0.673177 0.541016 0.678385 0.541016 0.679688 0.538086 0.683594 0.537109 0.683594 0.536133 0.684896 0.536133 0.686198 0.534180 0.688802 0.534180 0.694010 0.535156 0.695312 0.535156 0.700521 0.536133 0.701823 0.536133 0.703125 0.537109 0.703125 0.539062 0.705729 0.541016 0.705729 0.541992 0.707031 0.543945 0.707031 0.544922 0.708333 0.549805 0.708333 0.550781 0.709635 0.554688 0.709635 0.555664 0.710938 0.563477 0.710938 0.564453 0.709635 0.563477 0.708333 0.563477 0.707031 0.559570 0.701823 0.559570 0.700521 0.557617 0.697917 0.557617 0.696615 0.554688 0.692708 0.552734 0.692708 0.550781 0.690104 0.550781 0.683594 0.549805 0.682292 0.549805 0.679688 0.548828 0.678385 0.548828 0.675781 0.547852 0.674479 0.547852 0.671875 0.546875 0.673177
0 0.594727 0.687500 0.593750 0.686198 0.593750 0.680990 0.592773 0.679688 0.592773 0.677083 0.591797 0.675781 0.591797 0.674479 0.587891 0.669271 0.586914 0.669271 0.583008 0.673177 0.581055 0.673177 0.580078 0.674479 0.577148 0.674479 0.576172 0.675781 0.574219 0.675781 0.573242 0.674479 0.567383 0.674479 0.564453 0.677083 0.561523 0.677083 0.560547 0.678385 0.558594 0.678385 0.557617 0.677083 0.553711 0.677083 0.552734 0.675781 0.549805 0.675781 0.548828 0.677083 0.548828 0.684896 0.549805 0.686198 0.550781 0.692708 0.553711 0.696615 0.553711 0.697917 0.555664 0.700521 0.555664 0.701823 0.556641 0.701823 0.558594 0.704427 0.558594 0.707031 0.559570 0.708333 0.562500 0.708333 0.563477 0.707031 0.564453 0.707031 0.565430 0.708333 0.574219 0.708333 0.575195 0.709635 0.580078 0.708333 0.582031 0.705729 0.582031 0.704427 0.586914 0.697917 0.587891 0.697917 0.592773 0.691406 0.593750 0.691406
0 0.605469 0.679688 0.604492 0.678385 0.595703 0.678385 0.594727 0.679688 0.594727 0.684896 0.593750 0.686198 0.593750 0.688802 0.591797 0.691406 0.590820 0.691406 0.589844 0.692708 0.589844 0.694010 0.582031 0.704427 0.581055 0.704427 0.580078 0.705729 0.579102 0.705729 0.578125 0.707031 0.577148 0.707031 0.577148 0.708333 0.576172 0.709635 0.576172 0.710938 0.577148 0.710938 0.578125 0.712240 0.581055 0.712240 0.583008 0.714844 0.583984 0.714844 0.586914 0.717448 0.593750 0.717448 0.594727 0.716146 0.596680 0.716146 0.597656 0.714844 0.599609 0.714844 0.600586 0.713542 0.601562 0.713542 0.602539 0.712240 0.602539 0.709635 0.603516 0.708333 0.603516 0.697917 0.604492 0.696615 0.604492 0.692708 0.605469 0.691406
0 0.587891 0.721354 0.587891 0.722656 0.586914 0.723958 0.586914 0.727865 0.587891 0.729167 0.587891 0.731771 0.588867 0.733073 0.588867 0.735677 0.590820 0.739583 0.590820 0.742188 0.591797 0.743490 0.591797 0.744792 0.593750 0.747396 0.594727 0.747396 0.595703 0.748698 0.598633 0.750000 0.600586 0.752604 0.602539 0.752604 0.603516 0.753906 0.611328 0.753906 0.612305 0.752604 0.614258 0.752604 0.616211 0.750000 0.617188 0.750000 0.622070 0.743490 0.622070 0.742188 0.624023 0.739583 0.624023 0.738281 0.625977 0.734375 0.625977 0.727865 0.623047 0.723958 0.622070 0.723958 0.621094 0.722656 0.618164 0.722656 0.616211 0.720052 0.615234 0.720052 0.612305 0.717448 0.610352 0.717448 0.609375 0.716146 0.607422 0.716146 0.606445 0.714844 0.602539 0.714844 0.601562 0.716146 0.599609 0.716146 0.596680 0.718750 0.594727 0.718750 0.593750 0.720052 0.590820 0.720052 0.589844 0.721354
0 0.590820 0.777344 0.588867 0.779948 0.588867 0.785156 0.589844 0.786458 0.589844 0.794271 0.590820 0.795573 0.590820 0.798177 0.591797 0.799479 0.591797 0.802083 0.592773 0.803385 0.592773 0.804688 0.594727 0.807292 0.596680 0.807292 0.597656 0.808594 0.599609 0.808594 0.600586 0.809896 0.602539 0.809896 0.603516 0.811198 0.606445 0.811198 0.607422 0.812500 0.614258 0.812500 0.616211 0.809896 0.617188 0.809896 0.621094 0.804688 0.622070 0.804688 0.626953 0.798177 0.626953 0.794271 0.625977 0.792969 0.625977 0.789062 0.625000 0.787760 0.625000 0.786458 0.622070 0.779948 0.618164 0.779948 0.617188 0.778646 0.615234 0.778646 0.612305 0.776042 0.607422 0.776042 0.606445 0.774740 0.604492 0.774740 0.603516 0.773438 0.602539 0.773438 0.599609 0.776042 0.597656 0.776042 0.594727 0.778646 0.593750 0.777344
0 0.348633 0.233073 0.346680 0.234375 0.343750 0.238281 0.343750 0.239583 0.338867 0.246094 0.338867 0.247396 0.336914 0.250000 0.335938 0.252604 0.335938 0.255208 0.334961 0.256510 0.334961 0.269531 0.335938 0.270833 0.335938 0.273438 0.338867 0.281250 0.343750 0.287760 0.344727 0.287760 0.346680 0.290365 0.350586 0.292969 0.352539 0.292969 0.353516 0.294271 0.356445 0.294271 0.357422 0.295573 0.360352 0.295573 0.364258 0.292969 0.367188 0.289062 0.367188 0.286458 0.368164 0.283854 0.371094 0.279948 0.371094 0.278646 0.373047 0.276042 0.374023 0.272135 0.376953 0.266927 0.376953 0.263021 0.377930 0.261719 0.376953 0.260417 0.376953 0.250000 0.377930 0.247396 0.375977 0.242188 0.372070 0.236979 0.370117 0.236979 0.366211 0.233073
0 0.360352 0.180990 0.359375 0.183594 0.359375 0.187500 0.358398 0.188802 0.358398 0.201823 0.361328 0.209635 0.365234 0.216146 0.368164 0.226562 0.370117 0.227865 0.391602 0.227865 0.392578 0.226562 0.395508 0.226562 0.396484 0.225260 0.401367 0.223958 0.404297 0.221354 0.404297 0.218750 0.405273 0.217448 0.405273 0.214844 0.406250 0.213542 0.406250 0.210938 0.407227 0.208333 0.406250 0.207031 0.406250 0.203125 0.405273 0.201823 0.405273 0.199219 0.403320 0.194010 0.403320 0.188802 0.402344 0.187500 0.401367 0.180990 0.397461 0.175781 0.395508 0.174479 0.392578 0.174479 0.391602 0.173177 0.375977 0.173177 0.375000 0.174479 0.367188 0.174479 0.366211 0.175781 0.364258 0.175781
0 0.407227 0.225260 0.403320 0.225260 0.402344 0.226562 0.399414 0.226562 0.398438 0.227865 0.396484 0.227865 0.395508 0.229167 0.393555 0.229167 0.392578 0.230469 0.389648 0.230469 0.387695 0.231771 0.381836 0.247396 0.381836 0.263021 0.382812 0.264323 0.382812 0.273438 0.383789 0.276042 0.386719 0.278646 0.391602 0.279948 0.398438 0.285156 0.402344 0.285156 0.403320 0.286458 0.405273 0.285156 0.409180 0.285156 0.410156 0.283854 0.415039 0.282552 0.417969 0.278646 0.417969 0.274740 0.418945 0.273438 0.418945 0.270833 0.420898 0.268229 0.420898 0.261719 0.422852 0.256510 0.422852 0.246094 0.421875 0.244792 0.421875 0.240885 0.420898 0.238281 0.414062 0.227865 0.412109 0.226562 0.408203 0.226562
0 0.380859 0.279948 0.379883 0.281250 0.376953 0.282552 0.373047 0.287760 0.372070 0.287760 0.372070 0.289062 0.367188 0.295573 0.367188 0.296875 0.366211 0.298177 0.366211 0.304688 0.367188 0.305990 0.367188 0.315104 0.368164 0.316406 0.368164 0.319010 0.370117 0.321615 0.370117 0.322917 0.371094 0.322917 0.376953 0.330729 0.377930 0.330729 0.384766 0.335938 0.389648 0.335938 0.390625 0.334635 0.395508 0.333333 0.397461 0.330729 0.398438 0.330729 0.400391 0.328125 0.401367 0.328125 0.407227 0.320312 0.408203 0.320312 0.409180 0.319010 0.409180 0.317708 0.411133 0.315104 0.411133 0.313802 0.410156 0.312500 0.409180 0.308594 0.405273 0.302083 0.405273 0.300781 0.398438 0.291667 0.398438 0.290365 0.396484 0.287760 0.395508 0.287760 0.391602 0.282552 0.390625 0.282552 0.387695 0.279948
0 0.379883 0.348958 0.376953 0.348958 0.375000 0.351562 0.369141 0.355469 0.360352 0.365885 0.359375 0.365885 0.355469 0.372396 0.355469 0.382812 0.358398 0.389323 0.358398 0.391927 0.361328 0.397135 0.362305 0.403646 0.366211 0.410156 0.367188 0.410156 0.371094 0.414062 0.380859 0.414062 0.388672 0.408854 0.393555 0.402344 0.393555 0.401042 0.396484 0.397135 0.397461 0.393229 0.400391 0.389323 0.401367 0.385417 0.403320 0.382812 0.403320 0.381510 0.401367 0.378906 0.401367 0.376302 0.399414 0.371094 0.399414 0.367188 0.396484 0.361979 0.395508 0.356771 0.393555 0.356771 0.388672 0.352865 0.383789 0.354167 0.381836 0.352865 0.379883 0.350260
0 0.416016 0.325521 0.410156 0.332031 0.409180 0.332031 0.406250 0.335938 0.404297 0.341146 0.399414 0.347656 0.398438 0.350260 0.398438 0.359375 0.399414 0.360677 0.400391 0.367188 0.402344 0.371094 0.402344 0.373698 0.404297 0.377604 0.404297 0.380208 0.411133 0.389323 0.415039 0.391927 0.422852 0.391927 0.426758 0.388021 0.427734 0.388021 0.427734 0.386719 0.429688 0.384115 0.430664 0.384115 0.435547 0.377604 0.437500 0.376302 0.437500 0.375000 0.439453 0.372396 0.439453 0.368490 0.442383 0.361979 0.442383 0.359375 0.441406 0.358073 0.441406 0.354167 0.440430 0.352865 0.439453 0.346354 0.437500 0.342448 0.437500 0.339844 0.436523 0.337240 0.432617 0.332031 0.431641 0.332031 0.429688 0.329427 0.425781 0.326823 0.422852 0.326823 0.421875 0.325521
0 0.396484 0.471354 0.391602 0.477865 0.391602 0.479167 0.389648 0.483073 0.389648 0.486979 0.388672 0.488281 0.388672 0.497396 0.389648 0.498698 0.389648 0.501302 0.392578 0.505208 0.393555 0.505208 0.394531 0.506510 0.395508 0.506510 0.406250 0.514323 0.408203 0.514323 0.413086 0.518229 0.416992 0.518229 0.422852 0.511719 0.422852 0.510417 0.425781 0.506510 0.425781 0.503906 0.427734 0.500000 0.427734 0.484375 0.428711 0.483073 0.428711 0.475260 0.424805 0.471354 0.421875 0.471354 0.420898 0.470052 0.417969 0.470052 0.416992 0.468750 0.413086 0.468750 0.412109 0.467448 0.403320 0.467448 0.402344 0.468750 0.400391 0.468750 0.399414 0.470052
0 0.430664 0.500000 0.426758 0.505208 0.426758 0.507812 0.423828 0.511719 0.423828 0.513021 0.422852 0.514323 0.422852 0.529948 0.424805 0.532552 0.424805 0.533854 0.428711 0.540365 0.429688 0.540365 0.433594 0.545573 0.434570 0.545573 0.439453 0.549479 0.441406 0.549479 0.442383 0.550781 0.443359 0.550781 0.444336 0.549479 0.448242 0.549479 0.449219 0.548177 0.452148 0.546875 0.454102 0.544271 0.454102 0.542969 0.455078 0.541667 0.455078 0.526042 0.456055 0.524740 0.456055 0.518229 0.455078 0.516927 0.452148 0.516927 0.451172 0.515625 0.448242 0.515625 0.447266 0.514323 0.445312 0.514323 0.444336 0.513021 0.441406 0.511719 0.438477 0.507812 0.438477 0.506510 0.437500 0.505208 0.437500 0.502604 0.436523 0.501302 0.433594 0.501302 0.432617 0.500000
0 0.439453 0.407552 0.437500 0.407552 0.434570 0.410156 0.432617 0.410156 0.430664 0.411458 0.427734 0.415365 0.420898 0.415365 0.419922 0.416667 0.414062 0.416667 0.412109 0.414062 0.411133 0.416667 0.407227 0.421875 0.407227 0.425781 0.404297 0.433594 0.404297 0.438802 0.407227 0.446615 0.409180 0.449219 0.411133 0.455729 0.416992 0.463542 0.418945 0.464844 0.421875 0.464844 0.422852 0.466146 0.425781 0.463542 0.427734 0.463542 0.429688 0.460938 0.434570 0.458333 0.436523 0.455729 0.446289 0.449219 0.448242 0.444010 0.448242 0.437500 0.449219 0.436198 0.449219 0.427083 0.444336 0.414062 0.442383 0.411458 0.441406 0.411458
0 0.469727 0.457031 0.465820 0.457031 0.464844 0.458333 0.460938 0.458333 0.457031 0.455729 0.451172 0.455729 0.450195 0.457031 0.446289 0.457031 0.444336 0.458333 0.442383 0.460938 0.442383 0.462240 0.434570 0.472656 0.433594 0.475260 0.433594 0.477865 0.432617 0.479167 0.432617 0.483073 0.433594 0.484375 0.433594 0.486979 0.434570 0.489583 0.437500 0.493490 0.439453 0.498698 0.439453 0.501302 0.440430 0.503906 0.444336 0.509115 0.448242 0.511719 0.450195 0.511719 0.451172 0.513021 0.456055 0.514323 0.458008 0.513021 0.465820 0.502604 0.466797 0.502604 0.470703 0.497396 0.471680 0.497396 0.476562 0.490885 0.476562 0.489583 0.478516 0.486979 0.478516 0.484375 0.477539 0.483073 0.477539 0.477865 0.476562 0.476562 0.476562 0.473958 0.477539 0.471354 0.474609 0.471354 0.472656 0.468750 0.471680 0.466146 0.471680 0.460938
0 0.501953 0.511719 0.500000 0.513021 0.498047 0.513021 0.497070 0.514323 0.496094 0.513021 0.493164 0.513021 0.497070 0.515625 0.497070 0.516927 0.494141 0.519531 0.489258 0.516927 0.487305 0.514323 0.483398 0.514323 0.482422 0.515625 0.480469 0.514323 0.476562 0.514323 0.475586 0.515625 0.473633 0.515625 0.470703 0.519531 0.469727 0.519531 0.467773 0.523438 0.467773 0.528646 0.465820 0.533854 0.465820 0.542969 0.466797 0.544271 0.466797 0.548177 0.470703 0.552083 0.472656 0.552083 0.478516 0.555990 0.481445 0.555990 0.487305 0.559896 0.490234 0.559896 0.491211 0.561198 0.497070 0.561198 0.499023 0.559896 0.500000 0.557292 0.500000 0.554688 0.500977 0.553385 0.500977 0.549479 0.502930 0.545573 0.502930 0.524740 0.503906 0.523438 0.503906 0.515625
0 0.508789 0.541667 0.506836 0.544271 0.506836 0.545573 0.502930 0.552083 0.502930 0.555990 0.501953 0.557292 0.501953 0.558594 0.499023 0.562500 0.499023 0.563802 0.498047 0.565104 0.498047 0.567708 0.500000 0.570312 0.500977 0.570312 0.506836 0.578125 0.507812 0.578125 0.509766 0.580729 0.509766 0.582031 0.511719 0.584635 0.511719 0.585938 0.512695 0.585938 0.514648 0.588542 0.515625 0.588542 0.516602 0.589844 0.521484 0.589844 0.526367 0.585938 0.528320 0.585938 0.530273 0.583333 0.531250 0.583333 0.537109 0.574219 0.537109 0.571615 0.538086 0.570312 0.538086 0.567708 0.539062 0.566406 0.539062 0.562500 0.538086 0.561198 0.537109 0.557292 0.532227 0.554688 0.526367 0.546875 0.525391 0.546875 0.521484 0.541667 0.520508 0.541667 0.519531 0.540365 0.513672 0.540365 0.512695 0.541667
0 0.563477 0.582031 0.558594 0.582031 0.557617 0.583333 0.554688 0.583333 0.553711 0.584635 0.548828 0.584635 0.547852 0.585938 0.546875 0.585938 0.546875 0.589844 0.543945 0.593750 0.542969 0.593750 0.541992 0.592448 0.537109 0.592448 0.537109 0.593750 0.536133 0.595052 0.536133 0.609375 0.537109 0.610677 0.537109 0.614583 0.538086 0.615885 0.538086 0.618490 0.539062 0.619792 0.540039 0.623698 0.544922 0.630208 0.545898 0.630208 0.548828 0.632812 0.552734 0.632812 0.553711 0.631510 0.555664 0.631510 0.556641 0.630208 0.563477 0.626302 0.572266 0.615885 0.572266 0.614583 0.574219 0.610677 0.574219 0.600260 0.573242 0.598958 0.572266 0.592448 0.567383 0.584635 0.566406 0.584635
0 0.579102 0.596354 0.579102 0.600260 0.578125 0.601562 0.578125 0.605469 0.577148 0.606771 0.577148 0.609375 0.575195 0.613281 0.575195 0.615885 0.574219 0.617188 0.574219 0.619792 0.573242 0.621094 0.573242 0.626302 0.574219 0.627604 0.574219 0.628906 0.579102 0.636719 0.580078 0.643229 0.583984 0.649740 0.584961 0.649740 0.585938 0.651042 0.588867 0.651042 0.589844 0.649740 0.593750 0.649740 0.594727 0.648438 0.597656 0.648438 0.598633 0.647135 0.599609 0.647135 0.601562 0.644531 0.602539 0.644531 0.610352 0.632812 0.610352 0.618490 0.609375 0.617188 0.608398 0.613281 0.607422 0.613281 0.605469 0.610677 0.603516 0.610677 0.602539 0.609375 0.597656 0.608073 0.596680 0.606771 0.595703 0.606771 0.594727 0.605469 0.587891 0.601562 0.585938 0.598958 0.583984 0.598958 0.583008 0.597656 0.581055 0.597656 0.580078 0.596354
0 0.620117 0.641927 0.619141 0.641927 0.617188 0.639323 0.616211 0.639323 0.615234 0.638021 0.614258 0.638021 0.613281 0.636719 0.610352 0.635417 0.605469 0.641927 0.605469 0.643229 0.604492 0.644531 0.601562 0.645833 0.599609 0.648438 0.598633 0.648438 0.597656 0.649740 0.595703 0.649740 0.594727 0.651042 0.590820 0.651042 0.589844 0.652344 0.587891 0.652344 0.586914 0.653646 0.586914 0.657552 0.588867 0.661458 0.588867 0.664062 0.594727 0.671875 0.595703 0.671875 0.598633 0.675781 0.603516 0.675781 0.604492 0.674479 0.607422 0.674479 0.609375 0.671875 0.610352 0.671875 0.615234 0.665365 0.617188 0.665365 0.618164 0.664062 0.619141 0.664062 0.619141 0.662760 0.623047 0.657552 0.623047 0.645833
0 0.627930 0.645833 0.622070 0.645833 0.622070 0.657552 0.621094 0.658854 0.621094 0.660156 0.618164 0.664062 0.616211 0.664062 0.614258 0.666667 0.614258 0.667969 0.611328 0.671875 0.610352 0.671875 0.609375 0.673177 0.608398 0.673177 0.608398 0.675781 0.610352 0.679688 0.611328 0.679688 0.612305 0.680990 0.613281 0.680990 0.616211 0.683594 0.620117 0.683594 0.621094 0.684896 0.624023 0.684896 0.625000 0.683594 0.626953 0.683594 0.631836 0.677083 0.632812 0.677083 0.634766 0.674479 0.634766 0.673177 0.636719 0.670573 0.636719 0.669271 0.637695 0.667969 0.637695 0.665365 0.638672 0.664062 0.638672 0.653646 0.636719 0.651042 0.635742 0.651042 0.632812 0.648438 0.630859 0.648438
0 0.647461 0.675781 0.641602 0.675781 0.639648 0.678385 0.633789 0.680990 0.630859 0.684896 0.629883 0.684896 0.629883 0.686198 0.627930 0.688802 0.627930 0.695312 0.629883 0.699219 0.629883 0.703125 0.630859 0.704427 0.630859 0.707031 0.631836 0.708333 0.631836 0.709635 0.632812 0.710938 0.632812 0.712240 0.633789 0.713542 0.634766 0.717448 0.637695 0.720052 0.640625 0.720052 0.641602 0.718750 0.644531 0.718750 0.649414 0.714844 0.651367 0.714844 0.652344 0.713542 0.655273 0.713542 0.656250 0.712240 0.659180 0.710938 0.662109 0.707031 0.662109 0.705729 0.663086 0.704427 0.663086 0.701823 0.664062 0.700521 0.664062 0.699219 0.663086 0.697917 0.663086 0.695312 0.662109 0.694010 0.662109 0.691406 0.661133 0.690104 0.660156 0.686198 0.659180 0.686198 0.658203 0.684896 0.657227 0.684896 0.655273 0.682292 0.652344 0.680990
0 0.664062 0.718750 0.663086 0.718750 0.660156 0.716146 0.648438 0.716146 0.644531 0.721354 0.643555 0.721354 0.642578 0.722656 0.637695 0.722656 0.636719 0.723958 0.634766 0.723958 0.633789 0.725260 0.632812 0.725260 0.632812 0.734375 0.633789 0.735677 0.633789 0.739583 0.634766 0.740885 0.634766 0.746094 0.635742 0.747396 0.635742 0.750000 0.636719 0.751302 0.636719 0.752604 0.638672 0.755208 0.638672 0.756510 0.640625 0.760417 0.641602 0.760417 0.642578 0.761719 0.647461 0.761719 0.648438 0.760417 0.653320 0.760417 0.654297 0.759115 0.658203 0.759115 0.659180 0.757812 0.662109 0.757812 0.664062 0.755208 0.664062 0.752604 0.665039 0.751302 0.665039 0.748698 0.666016 0.747396 0.666016 0.744792 0.666992 0.743490 0.666992 0.725260
0 0.578125 0.795573 0.578125 0.798177 0.576172 0.802083 0.576172 0.813802 0.575195 0.815104 0.575195 0.821615 0.577148 0.824219 0.578125 0.828125 0.579102 0.828125 0.580078 0.829427 0.581055 0.829427 0.583984 0.832031 0.585938 0.832031 0.586914 0.833333 0.589844 0.833333 0.590820 0.834635 0.595703 0.834635 0.598633 0.830729 0.600586 0.830729 0.601562 0.829427 0.604492 0.828125 0.606445 0.825521 0.606445 0.824219 0.608398 0.820312 0.608398 0.816406 0.609375 0.815104 0.608398 0.815104 0.607422 0.813802 0.604492 0.813802 0.603516 0.812500 0.601562 0.812500 0.600586 0.811198 0.599609 0.811198 0.596680 0.808594 0.594727 0.808594 0.591797 0.804688 0.591797 0.803385 0.590820 0.802083 0.590820 0.800781 0.589844 0.799479 0.589844 0.798177 0.588867 0.796875 0.587891 0.792969 0.582031 0.792969 0.581055 0.794271 0.579102 0.794271
0 0.624023 0.805990 0.622070 0.805990 0.621094 0.807292 0.620117 0.807292 0.618164 0.809896 0.617188 0.809896 0.614258 0.813802 0.612305 0.813802 0.611328 0.815104 0.610352 0.815104 0.608398 0.817708 0.608398 0.820312 0.605469 0.824219 0.605469 0.829427 0.606445 0.830729 0.608398 0.830729 0.609375 0.832031 0.611328 0.832031 0.612305 0.833333 0.617188 0.833333 0.618164 0.834635 0.619141 0.834635 0.622070 0.838542 0.623047 0.838542 0.624023 0.837240 0.625977 0.837240 0.627930 0.834635 0.627930 0.825521 0.626953 0.824219 0.626953 0.817708 0.625977 0.816406 0.625977 0.812500 0.625000 0.811198 0.625000 0.807292
0 0.629883 0.799479 0.628906 0.800781 0.625977 0.802083 0.622070 0.807292 0.619141 0.808594 0.615234 0.813802 0.615234 0.816406 0.616211 0.817708 0.616211 0.826823 0.617188 0.828125 0.617188 0.832031 0.622070 0.837240 0.628906 0.837240 0.629883 0.838542 0.637695 0.838542 0.638672 0.837240 0.640625 0.837240 0.641602 0.835938 0.644531 0.834635 0.648438 0.829427 0.648438 0.828125 0.650391 0.824219 0.650391 0.821615 0.651367 0.820312 0.651367 0.819010 0.650391 0.817708 0.650391 0.815104 0.649414 0.813802 0.649414 0.809896 0.648438 0.808594 0.648438 0.807292 0.647461 0.805990 0.646484 0.802083 0.633789 0.802083 0.632812 0.800781
0 0.666992 0.841146 0.666016 0.839844 0.666016 0.838542 0.665039 0.837240 0.665039 0.835938 0.663086 0.832031 0.662109 0.832031 0.661133 0.830729 0.659180 0.830729 0.658203 0.829427 0.653320 0.829427 0.652344 0.830729 0.650391 0.830729 0.649414 0.832031 0.648438 0.832031 0.647461 0.833333 0.644531 0.834635 0.642578 0.837240 0.641602 0.837240 0.640625 0.838542 0.638672 0.838542 0.637695 0.839844 0.633789 0.839844 0.632812 0.841146 0.631836 0.841146 0.630859 0.842448 0.630859 0.851562 0.631836 0.851562 0.632812 0.852865 0.634766 0.852865 0.638672 0.859375 0.639648 0.859375 0.640625 0.860677 0.641602 0.860677 0.642578 0.861979 0.643555 0.861979 0.646484 0.864583 0.648438 0.864583 0.649414 0.865885 0.654297 0.865885 0.656250 0.863281 0.657227 0.863281 0.661133 0.858073 0.662109 0.858073 0.662109 0.856771 0.666016 0.851562 0.666016 0.850260 0.666992 0.848958
0 0.655273 0.763021 0.658203 0.763021 0.655273 0.763021 0.652344 0.766927 0.651367 0.766927 0.649414 0.770833 0.650391 0.776042 0.653320 0.776042 0.654297 0.777344 0.653320 0.778646 0.650391 0.778646 0.647461 0.782552 0.647461 0.792969 0.649414 0.798177 0.649414 0.803385 0.653320 0.813802 0.653320 0.817708 0.654297 0.820312 0.660156 0.821615 0.665039 0.825521 0.667969 0.825521 0.668945 0.826823 0.670898 0.825521 0.673828 0.825521 0.677734 0.822917 0.681641 0.817708 0.682617 0.817708 0.683594 0.815104 0.683594 0.811198 0.684570 0.809896 0.684570 0.795573 0.683594 0.794271 0.683594 0.789062 0.679688 0.781250 0.679688 0.778646 0.677734 0.774740 0.677734 0.770833 0.676758 0.769531 0.671875 0.769531 0.669922 0.768229 0.667969 0.770833 0.666016 0.770833 0.665039 0.772135 0.659180 0.772135 0.655273 0.769531 0.654297 0.766927 0.654297 0.764323
0 0.675781 0.830729 0.675781 0.834635 0.676758 0.835938 0.676758 0.838542 0.677734 0.839844 0.677734 0.841146 0.679688 0.843750 0.680664 0.843750 0.681641 0.845052 0.684570 0.846354 0.687500 0.850260 0.688477 0.850260 0.689453 0.851562 0.690430 0.851562 0.693359 0.854167 0.698242 0.854167 0.699219 0.852865 0.702148 0.852865 0.703125 0.851562 0.705078 0.851562 0.709961 0.845052 0.709961 0.843750 0.711914 0.841146 0.711914 0.838542 0.712891 0.837240 0.712891 0.834635 0.711914 0.833333 0.711914 0.832031 0.708984 0.828125 0.708984 0.826823 0.705078 0.821615 0.704102 0.821615 0.703125 0.820312 0.703125 0.819010 0.701172 0.819010 0.700195 0.817708 0.699219 0.817708 0.696289 0.815104 0.691406 0.815104 0.690430 0.816406 0.687500 0.816406 0.686523 0.817708 0.683594 0.819010 0.677734 0.826823 0.677734 0.828125
0 0.705078 0.802083 0.705078 0.808594 0.706055 0.809896 0.706055 0.812500 0.708008 0.816406 0.708008 0.819010 0.709961 0.822917 0.709961 0.825521 0.711914 0.828125 0.711914 0.829427 0.713867 0.833333 0.714844 0.833333 0.715820 0.834635 0.732422 0.834635 0.733398 0.833333 0.734375 0.833333 0.736328 0.830729 0.736328 0.822917 0.735352 0.821615 0.735352 0.819010 0.734375 0.817708 0.734375 0.815104 0.732422 0.811198 0.732422 0.808594 0.730469 0.805990 0.730469 0.804688 0.726562 0.799479 0.725586 0.799479 0.720703 0.794271 0.718750 0.794271 0.717773 0.795573 0.715820 0.795573 0.714844 0.796875 0.713867 0.796875 0.711914 0.799479 0.710938 0.799479 0.708008 0.802083
0 0.755859 0.787760 0.754883 0.787760 0.753906 0.786458 0.749023 0.786458 0.748047 0.787760 0.747070 0.787760 0.744141 0.791667 0.743164 0.791667 0.743164 0.792969 0.739258 0.798177 0.737305 0.798177 0.736328 0.799479 0.731445 0.799479 0.731445 0.804688 0.732422 0.805990 0.732422 0.807292 0.733398 0.808594 0.733398 0.809896 0.734375 0.811198 0.734375 0.813802 0.735352 0.815104 0.735352 0.817708 0.738281 0.821615 0.740234 0.821615 0.741211 0.820312 0.742188 0.820312 0.743164 0.819010 0.745117 0.819010 0.746094 0.817708 0.748047 0.817708 0.749023 0.816406 0.751953 0.816406 0.751953 0.815104 0.752930 0.813802 0.752930 0.811198 0.753906 0.809896 0.753906 0.805990 0.754883 0.804688 0.754883 0.802083 0.755859 0.800781 0.755859 0.794271 0.756836 0.792969 0.756836 0.789062
0 0.712891 0.763021 0.712891 0.773438 0.713867 0.774740 0.713867 0.776042 0.715820 0.778646 0.715820 0.779948 0.716797 0.781250 0.716797 0.782552 0.718750 0.785156 0.718750 0.786458 0.725586 0.795573 0.726562 0.795573 0.727539 0.796875 0.729492 0.796875 0.730469 0.798177 0.733398 0.798177 0.734375 0.799479 0.735352 0.799479 0.736328 0.798177 0.739258 0.798177 0.741211 0.795573 0.741211 0.794271 0.744141 0.790365 0.745117 0.790365 0.748047 0.786458 0.749023 0.786458 0.750977 0.783854 0.750977 0.777344 0.749023 0.774740 0.749023 0.773438 0.748047 0.772135 0.748047 0.769531 0.747070 0.768229 0.747070 0.765625 0.746094 0.764323 0.746094 0.763021 0.744141 0.760417 0.744141 0.759115 0.743164 0.759115 0.740234 0.756510 0.739258 0.756510 0.737305 0.759115 0.736328 0.759115 0.733398 0.761719 0.730469 0.761719 0.729492 0.763021 0.724609 0.763021 0.723633 0.761719 0.717773 0.761719 0.716797 0.763021
0 0.675781 0.751302 0.675781 0.753906 0.676758 0.755208 0.676758 0.757812 0.678711 0.761719 0.678711 0.764323 0.684570 0.772135 0.685547 0.772135 0.686523 0.773438 0.687500 0.773438 0.688477 0.774740 0.689453 0.774740 0.692383 0.777344 0.696289 0.777344 0.697266 0.776042 0.699219 0.776042 0.700195 0.774740 0.703125 0.774740 0.704102 0.773438 0.706055 0.773438 0.707031 0.772135 0.708008 0.772135 0.708984 0.770833 0.709961 0.770833 0.709961 0.761719 0.708984 0.760417 0.708984 0.759115 0.708008 0.759115 0.707031 0.760417 0.705078 0.760417 0.704102 0.761719 0.702148 0.761719 0.701172 0.763021 0.699219 0.763021 0.696289 0.765625 0.695312 0.764323 0.693359 0.764323 0.688477 0.757812 0.687500 0.757812 0.686523 0.756510 0.685547 0.756510 0.684570 0.755208 0.683594 0.755208 0.682617 0.753906 0.681641 0.753906 0.679688 0.751302 0.678711 0.751302 0.677734 0.750000 0.676758 0.750000
0 0.692383 0.721354 0.691406 0.722656 0.690430 0.722656 0.686523 0.727865 0.685547 0.727865 0.678711 0.736979 0.678711 0.738281 0.675781 0.744792 0.675781 0.747396 0.676758 0.748698 0.676758 0.751302 0.678711 0.753906 0.678711 0.755208 0.681641 0.759115 0.685547 0.759115 0.686523 0.760417 0.687500 0.760417 0.689453 0.763021 0.688477 0.764323 0.687500 0.768229 0.690430 0.768229 0.691406 0.766927 0.695312 0.766927 0.696289 0.768229 0.701172 0.763021 0.702148 0.763021 0.703125 0.761719 0.704102 0.761719 0.706055 0.759115 0.707031 0.759115 0.709961 0.755208 0.709961 0.752604 0.710938 0.751302 0.710938 0.740885 0.709961 0.739583 0.709961 0.738281 0.705078 0.733073 0.704102 0.729167 0.702148 0.729167 0.701172 0.727865 0.699219 0.727865 0.698242 0.726562 0.695312 0.725260
0 0.716797 0.710938 0.715820 0.712240 0.715820 0.713542 0.712891 0.717448 0.711914 0.717448 0.708008 0.722656 0.707031 0.722656 0.707031 0.731771 0.708984 0.734375 0.708984 0.735677 0.711914 0.739583 0.711914 0.740885 0.712891 0.742188 0.712891 0.746094 0.711914 0.747396 0.711914 0.753906 0.710938 0.755208 0.710938 0.757812 0.711914 0.759115 0.715820 0.759115 0.716797 0.760417 0.732422 0.760417 0.733398 0.759115 0.734375 0.759115 0.739258 0.752604 0.739258 0.751302 0.740234 0.750000 0.740234 0.739583 0.739258 0.738281 0.738281 0.734375 0.736328 0.731771 0.736328 0.730469 0.733398 0.726562 0.731445 0.726562 0.730469 0.725260 0.729492 0.725260 0.727539 0.722656 0.727539 0.721354 0.724609 0.717448 0.723633 0.717448 0.721680 0.714844 0.720703 0.714844 0.718750 0.712240 0.717773 0.712240
0 0.755859 0.718750 0.750000 0.718750 0.749023 0.720052 0.747070 0.720052 0.744141 0.722656 0.742188 0.722656 0.741211 0.723958 0.740234 0.723958 0.737305 0.726562 0.737305 0.727865 0.740234 0.730469 0.740234 0.734375 0.741211 0.735677 0.741211 0.751302 0.742188 0.752604 0.743164 0.752604 0.745117 0.755208 0.745117 0.756510 0.746094 0.757812 0.746094 0.759115 0.748047 0.761719 0.750977 0.761719 0.751953 0.760417 0.754883 0.760417 0.755859 0.759115 0.757812 0.759115 0.763672 0.751302 0.763672 0.750000 0.765625 0.746094 0.765625 0.743490 0.766602 0.742188 0.766602 0.734375 0.765625 0.733073 0.765625 0.731771
0 0.773438 0.747396 0.767578 0.747396 0.761719 0.755208 0.761719 0.756510 0.759766 0.759115 0.758789 0.759115 0.755859 0.761719 0.750977 0.761719 0.750000 0.763021 0.749023 0.763021 0.749023 0.772135 0.750000 0.773438 0.750000 0.774740 0.751953 0.777344 0.751953 0.782552 0.752930 0.783854 0.754883 0.783854 0.755859 0.785156 0.761719 0.785156 0.762695 0.783854 0.769531 0.783854 0.770508 0.782552 0.772461 0.782552 0.773438 0.781250 0.774414 0.781250 0.775391 0.779948 0.776367 0.779948 0.778320 0.777344 0.778320 0.776042 0.779297 0.774740 0.779297 0.769531 0.780273 0.768229 0.780273 0.763021 0.779297 0.761719 0.779297 0.759115 0.778320 0.757812 0.778320 0.756510 0.776367 0.753906 0.776367 0.752604 0.775391 0.751302 0.775391 0.750000
0 0.786133 0.776042 0.785156 0.777344 0.780273 0.778646 0.777344 0.782552 0.774414 0.783854 0.777344 0.787760 0.776367 0.791667 0.774414 0.794271 0.773438 0.794271 0.771484 0.791667 0.771484 0.789062 0.769531 0.789062 0.766602 0.792969 0.766602 0.804688 0.767578 0.805990 0.767578 0.808594 0.769531 0.811198 0.769531 0.812500 0.772461 0.817708 0.772461 0.820312 0.773438 0.821615 0.775391 0.821615 0.776367 0.822917 0.779297 0.822917 0.780273 0.824219 0.783203 0.824219 0.784180 0.825521 0.791016 0.825521 0.792969 0.821615 0.792969 0.819010 0.800781 0.809896 0.800781 0.807292 0.801758 0.805990 0.801758 0.796875 0.800781 0.795573 0.800781 0.792969 0.798828 0.789062 0.798828 0.786458 0.797852 0.785156 0.797852 0.783854 0.794922 0.782552 0.791992 0.778646
0 0.871094 0.791667 0.869141 0.791667 0.868164 0.790365 0.867188 0.790365 0.865234 0.787760 0.862305 0.787760 0.861328 0.789062 0.851562 0.789062 0.850586 0.790365 0.845703 0.790365 0.844727 0.791667 0.844727 0.795573 0.843750 0.796875 0.843750 0.799479 0.842773 0.800781 0.842773 0.802083 0.838867 0.807292 0.837891 0.807292 0.836914 0.808594 0.836914 0.811198 0.844727 0.821615 0.847656 0.822917 0.849609 0.825521 0.850586 0.825521 0.851562 0.826823 0.854492 0.826823 0.855469 0.828125 0.863281 0.828125 0.864258 0.826823 0.865234 0.826823 0.868164 0.822917 0.868164 0.820312 0.869141 0.819010 0.869141 0.813802 0.870117 0.812500 0.870117 0.809896 0.871094 0.808594 0.871094 0.805990 0.872070 0.804688 0.872070 0.802083 0.873047 0.800781 0.873047 0.796875 0.872070 0.795573
0 0.778320 0.746094 0.778320 0.748698 0.779297 0.750000 0.779297 0.752604 0.780273 0.753906 0.780273 0.756510 0.781250 0.757812 0.781250 0.759115 0.785156 0.764323 0.785156 0.765625 0.788086 0.769531 0.789062 0.769531 0.791992 0.772135 0.793945 0.772135 0.794922 0.773438 0.802734 0.773438 0.803711 0.772135 0.815430 0.772135 0.816406 0.770833 0.816406 0.756510 0.815430 0.755208 0.815430 0.748698 0.811523 0.743490 0.810547 0.743490 0.808594 0.740885 0.807617 0.740885 0.803711 0.735677 0.803711 0.734375 0.802734 0.733073 0.794922 0.733073 0.794922 0.734375 0.790039 0.740885 0.788086 0.740885 0.787109 0.742188 0.783203 0.742188 0.782227 0.743490 0.780273 0.743490
0 0.796875 0.703125 0.795898 0.703125 0.794922 0.701823 0.782227 0.701823 0.781250 0.703125 0.780273 0.703125 0.774414 0.710938 0.773438 0.710938 0.772461 0.712240 0.768555 0.712240 0.767578 0.710938 0.767578 0.708333 0.768555 0.707031 0.768555 0.705729 0.767578 0.704427 0.766602 0.704427 0.766602 0.710938 0.765625 0.712240 0.760742 0.714844 0.760742 0.717448 0.761719 0.718750 0.761719 0.721354 0.762695 0.722656 0.762695 0.723958 0.775391 0.740885 0.777344 0.740885 0.778320 0.742188 0.782227 0.742188 0.783203 0.740885 0.787109 0.740885 0.788086 0.739583 0.790039 0.739583 0.792969 0.735677 0.792969 0.734375 0.794922 0.730469 0.794922 0.727865 0.795898 0.726562 0.795898 0.723958 0.796875 0.722656 0.796875 0.718750 0.797852 0.717448 0.797852 0.714844 0.798828 0.713542 0.798828 0.708333 0.797852 0.707031 0.797852 0.704427
0 0.715820 0.683594 0.713867 0.687500 0.713867 0.691406 0.714844 0.692708 0.714844 0.695312 0.715820 0.696615 0.715820 0.699219 0.716797 0.700521 0.716797 0.703125 0.717773 0.704427 0.717773 0.705729 0.719727 0.708333 0.719727 0.709635 0.722656 0.710938 0.725586 0.714844 0.725586 0.716146 0.731445 0.723958 0.736328 0.723958 0.739258 0.721354 0.743164 0.721354 0.746094 0.718750 0.748047 0.718750 0.749023 0.717448 0.750000 0.717448 0.751953 0.714844 0.751953 0.713542 0.752930 0.712240 0.752930 0.709635 0.751953 0.708333 0.751953 0.704427 0.750977 0.703125 0.750977 0.696615 0.750000 0.695312 0.750000 0.691406 0.749023 0.690104 0.749023 0.686198 0.748047 0.684896 0.748047 0.683594 0.747070 0.683594 0.743164 0.678385 0.742188 0.678385 0.739258 0.675781 0.732422 0.675781 0.729492 0.678385 0.727539 0.678385 0.726562 0.679688 0.726562 0.683594 0.725586 0.684896 0.723633 0.684896 0.721680 0.680990 0.719727 0.680990 0.717773 0.683594
0 0.688477 0.665365 0.687500 0.666667 0.686523 0.666667 0.685547 0.667969 0.685547 0.669271 0.683594 0.671875 0.683594 0.673177 0.681641 0.675781 0.680664 0.675781 0.673828 0.684896 0.673828 0.687500 0.674805 0.688802 0.674805 0.690104 0.683594 0.701823 0.689453 0.704427 0.692383 0.708333 0.697266 0.708333 0.698242 0.707031 0.699219 0.707031 0.699219 0.705729 0.700195 0.704427 0.701172 0.704427 0.708008 0.695312 0.708008 0.694010 0.708984 0.692708 0.708984 0.686198 0.708008 0.684896 0.707031 0.680990 0.703125 0.674479 0.703125 0.673177 0.698242 0.666667 0.696289 0.666667 0.695312 0.665365
0 0.658203 0.636719 0.657227 0.638021 0.657227 0.639323 0.655273 0.641927 0.654297 0.641927 0.652344 0.644531 0.652344 0.645833 0.651367 0.647135 0.650391 0.647135 0.646484 0.653646 0.646484 0.656250 0.645508 0.657552 0.645508 0.661458 0.646484 0.662760 0.646484 0.666667 0.647461 0.667969 0.647461 0.671875 0.648438 0.673177 0.649414 0.677083 0.650391 0.677083 0.652344 0.679688 0.654297 0.679688 0.655273 0.680990 0.658203 0.682292 0.660156 0.684896 0.661133 0.684896 0.662109 0.686198 0.665039 0.686198 0.666016 0.687500 0.669922 0.687500 0.670898 0.686198 0.671875 0.686198 0.671875 0.684896 0.675781 0.679688 0.676758 0.679688 0.683594 0.671875 0.683594 0.670573 0.685547 0.666667 0.685547 0.658854 0.684570 0.657552 0.684570 0.654948 0.682617 0.652344 0.681641 0.648438 0.677734 0.643229 0.674805 0.641927 0.672852 0.639323 0.669922 0.639323 0.668945 0.638021 0.666016 0.638021 0.665039 0.636719
0 0.648438 0.604167 0.641602 0.604167 0.640625 0.605469 0.639648 0.605469 0.637695 0.608073 0.637695 0.609375 0.634766 0.613281 0.633789 0.613281 0.631836 0.615885 0.629883 0.615885 0.628906 0.617188 0.626953 0.617188 0.625977 0.618490 0.623047 0.619792 0.620117 0.623698 0.620117 0.625000 0.619141 0.626302 0.619141 0.631510 0.621094 0.634115 0.622070 0.638021 0.624023 0.640625 0.625000 0.640625 0.627930 0.644531 0.628906 0.644531 0.631836 0.647135 0.633789 0.647135 0.634766 0.648438 0.644531 0.648438 0.645508 0.647135 0.646484 0.647135 0.647461 0.645833 0.650391 0.644531 0.659180 0.632812 0.659180 0.630208 0.660156 0.628906 0.660156 0.626302 0.658203 0.622396 0.658203 0.618490 0.657227 0.617188 0.657227 0.615885 0.656250 0.614583 0.655273 0.610677 0.654297 0.610677 0.650391 0.605469 0.649414 0.605469
0 0.594727 0.541667 0.589844 0.545573 0.587891 0.545573 0.586914 0.546875 0.584961 0.546875 0.583008 0.548177 0.581055 0.550781 0.581055 0.552083 0.575195 0.559896 0.574219 0.562500 0.574219 0.567708 0.575195 0.569010 0.575195 0.588542 0.580078 0.593750 0.582031 0.593750 0.585938 0.596354 0.588867 0.600260 0.589844 0.600260 0.591797 0.602865 0.595703 0.605469 0.597656 0.605469 0.598633 0.606771 0.603516 0.606771 0.607422 0.604167 0.610352 0.600260 0.611328 0.597656 0.611328 0.595052 0.614258 0.589844 0.614258 0.587240 0.617188 0.580729 0.617188 0.569010 0.613281 0.558594 0.602539 0.544271 0.600586 0.542969 0.598633 0.542969 0.597656 0.541667
0 0.639648 0.587240 0.638672 0.587240 0.637695 0.585938 0.634766 0.585938 0.631836 0.583333 0.629883 0.583333 0.628906 0.582031 0.627930 0.582031 0.625977 0.579427 0.624023 0.579427 0.623047 0.578125 0.622070 0.578125 0.621094 0.579427 0.619141 0.579427 0.618164 0.580729 0.618164 0.582031 0.616211 0.584635 0.616211 0.585938 0.614258 0.589844 0.614258 0.592448 0.613281 0.593750 0.613281 0.595052 0.612305 0.596354 0.612305 0.597656 0.610352 0.601562 0.610352 0.606771 0.611328 0.606771 0.612305 0.608073 0.612305 0.609375 0.613281 0.610677 0.614258 0.610677 0.620117 0.618490 0.623047 0.618490 0.624023 0.617188 0.625977 0.617188 0.626953 0.615885 0.628906 0.615885 0.629883 0.614583 0.631836 0.614583 0.633789 0.611979 0.634766 0.611979 0.634766 0.610677 0.638672 0.605469 0.638672 0.602865 0.639648 0.601562 0.639648 0.598958 0.640625 0.597656 0.640625 0.588542
0 0.540039 0.527344 0.539062 0.528646 0.539062 0.531250 0.538086 0.532552 0.538086 0.537760 0.539062 0.539062 0.539062 0.545573 0.540039 0.546875 0.540039 0.550781 0.541016 0.552083 0.541016 0.554688 0.541992 0.555990 0.541992 0.557292 0.546875 0.563802 0.549805 0.563802 0.550781 0.565104 0.563477 0.565104 0.564453 0.563802 0.567383 0.562500 0.569336 0.559896 0.570312 0.559896 0.574219 0.554688 0.575195 0.554688 0.576172 0.553385 0.576172 0.548177 0.574219 0.544271 0.574219 0.535156 0.573242 0.533854 0.573242 0.532552 0.570312 0.528646 0.569336 0.528646 0.567383 0.526042 0.566406 0.526042 0.562500 0.520833 0.559570 0.520833 0.558594 0.519531 0.550781 0.519531 0.549805 0.520833 0.548828 0.520833 0.545898 0.524740
0 0.513672 0.454427 0.507812 0.454427 0.506836 0.455729 0.503906 0.455729 0.502930 0.457031 0.501953 0.457031 0.500000 0.459635 0.499023 0.459635 0.495117 0.464844 0.493164 0.464844 0.489258 0.470052 0.489258 0.471354 0.487305 0.473958 0.487305 0.476562 0.486328 0.477865 0.486328 0.480469 0.485352 0.481771 0.485352 0.484375 0.484375 0.485677 0.484375 0.486979 0.485352 0.488281 0.485352 0.492188 0.489258 0.501302 0.489258 0.503906 0.492188 0.507812 0.502930 0.507812 0.503906 0.506510 0.507812 0.506510 0.508789 0.505208 0.510742 0.505208 0.511719 0.503906 0.516602 0.502604 0.521484 0.496094 0.521484 0.494792 0.523438 0.492188 0.523438 0.483073 0.522461 0.481771 0.522461 0.477865 0.521484 0.476562 0.521484 0.473958 0.519531 0.471354 0.519531 0.470052 0.517578 0.466146 0.517578 0.462240 0.516602 0.460938 0.515625 0.457031
0 0.556641 0.492188 0.555664 0.490885 0.554688 0.486979 0.552734 0.484375 0.550781 0.484375 0.549805 0.483073 0.546875 0.483073 0.545898 0.484375 0.527344 0.484375 0.526367 0.485677 0.525391 0.485677 0.525391 0.488281 0.524414 0.489583 0.524414 0.492188 0.523438 0.493490 0.523438 0.494792 0.521484 0.497396 0.521484 0.498698 0.518555 0.502604 0.518555 0.503906 0.516602 0.506510 0.516602 0.509115 0.520508 0.514323 0.523438 0.514323 0.524414 0.515625 0.527344 0.516927 0.530273 0.520833 0.531250 0.520833 0.532227 0.522135 0.534180 0.522135 0.537109 0.524740 0.541016 0.524740 0.541992 0.523438 0.543945 0.523438 0.544922 0.522135 0.545898 0.522135 0.554688 0.510417 0.554688 0.509115 0.555664 0.507812 0.555664 0.505208 0.556641 0.503906
0 0.466797 0.420573 0.466797 0.421875 0.465820 0.423177 0.465820 0.429688 0.464844 0.430990 0.464844 0.436198 0.466797 0.440104 0.467773 0.449219 0.470703 0.453125 0.471680 0.453125 0.476562 0.457031 0.481445 0.458333 0.484375 0.460938 0.486328 0.460938 0.487305 0.462240 0.489258 0.462240 0.490234 0.463542 0.491211 0.462240 0.494141 0.462240 0.495117 0.460938 0.496094 0.460938 0.500977 0.454427 0.501953 0.454427 0.505859 0.450521 0.505859 0.449219 0.507812 0.445312 0.507812 0.442708 0.508789 0.441406 0.508789 0.434896 0.506836 0.430990 0.506836 0.428385 0.505859 0.427083 0.504883 0.423177 0.501953 0.417969 0.501953 0.414062 0.500977 0.412760 0.497070 0.412760 0.495117 0.415365 0.493164 0.415365 0.492188 0.414062 0.489258 0.414062 0.488281 0.412760 0.486328 0.412760 0.485352 0.411458 0.482422 0.411458 0.477539 0.415365 0.474609 0.415365 0.473633 0.416667
0 0.451172 0.359375 0.449219 0.361979 0.446289 0.363281 0.443359 0.367188 0.443359 0.368490 0.440430 0.375000 0.440430 0.395833 0.442383 0.398438 0.443359 0.398438 0.450195 0.407552 0.451172 0.407552 0.453125 0.410156 0.454102 0.410156 0.457031 0.412760 0.466797 0.412760 0.467773 0.411458 0.469727 0.411458 0.470703 0.410156 0.471680 0.410156 0.480469 0.399740 0.480469 0.394531 0.481445 0.393229 0.481445 0.380208 0.480469 0.378906 0.480469 0.371094 0.477539 0.367188 0.476562 0.367188 0.471680 0.361979 0.470703 0.361979 0.467773 0.359375 0.465820 0.359375 0.464844 0.358073 0.455078 0.358073 0.454102 0.359375
0 0.450195 0.298177 0.449219 0.299479 0.446289 0.300781 0.444336 0.303385 0.443359 0.303385 0.440430 0.309896 0.440430 0.313802 0.439453 0.315104 0.439453 0.332031 0.438477 0.333333 0.438477 0.341146 0.441406 0.346354 0.441406 0.347656 0.442383 0.347656 0.444336 0.350260 0.445312 0.350260 0.450195 0.354167 0.453125 0.354167 0.454102 0.355469 0.464844 0.355469 0.465820 0.354167 0.467773 0.354167 0.473633 0.347656 0.474609 0.347656 0.476562 0.343750 0.476562 0.339844 0.477539 0.338542 0.477539 0.321615 0.476562 0.320312 0.476562 0.316406 0.475586 0.315104 0.475586 0.312500 0.474609 0.311198 0.474609 0.309896 0.471680 0.305990 0.470703 0.305990 0.461914 0.299479 0.459961 0.299479 0.458984 0.298177
0 0.511719 0.335938 0.510742 0.335938 0.509766 0.334635 0.507812 0.334635 0.504883 0.332031 0.503906 0.332031 0.502930 0.333333 0.496094 0.333333 0.495117 0.334635 0.493164 0.334635 0.492188 0.335938 0.489258 0.337240 0.485352 0.342448 0.484375 0.342448 0.482422 0.345052 0.480469 0.345052 0.480469 0.350260 0.481445 0.351562 0.481445 0.358073 0.482422 0.359375 0.482422 0.367188 0.483398 0.368490 0.483398 0.372396 0.488281 0.380208 0.490234 0.380208 0.491211 0.381510 0.494141 0.381510 0.495117 0.382812 0.500000 0.382812 0.500977 0.384115 0.505859 0.384115 0.506836 0.382812 0.510742 0.382812 0.511719 0.381510 0.512695 0.381510 0.513672 0.377604 0.518555 0.371094 0.518555 0.364583 0.517578 0.363281 0.517578 0.356771 0.516602 0.355469 0.516602 0.350260 0.515625 0.348958 0.515625 0.345052 0.514648 0.343750 0.514648 0.341146 0.513672 0.339844 0.513672 0.338542
0 0.532227 0.361979 0.529297 0.364583 0.527344 0.364583 0.525391 0.365885 0.515625 0.377604 0.514648 0.380208 0.514648 0.391927 0.515625 0.393229 0.515625 0.398438 0.516602 0.399740 0.516602 0.402344 0.519531 0.410156 0.524414 0.416667 0.528320 0.419271 0.535156 0.419271 0.536133 0.420573 0.541016 0.420573 0.541992 0.419271 0.545898 0.419271 0.549805 0.416667 0.554688 0.410156 0.555664 0.410156 0.557617 0.407552 0.557617 0.403646 0.555664 0.398438 0.555664 0.394531 0.554688 0.393229 0.554688 0.389323 0.553711 0.388021 0.552734 0.378906 0.547852 0.365885 0.545898 0.364583 0.542969 0.364583 0.541992 0.363281 0.539062 0.363281 0.538086 0.361979
0 0.520508 0.417969 0.520508 0.421875 0.519531 0.423177 0.519531 0.425781 0.520508 0.428385 0.518555 0.432292 0.518555 0.440104 0.517578 0.441406 0.517578 0.446615 0.518555 0.447917 0.518555 0.453125 0.519531 0.454427 0.519531 0.457031 0.523438 0.462240 0.523438 0.463542 0.530273 0.473958 0.532227 0.473958 0.537109 0.477865 0.540039 0.477865 0.541016 0.479167 0.548828 0.479167 0.550781 0.477865 0.554688 0.471354 0.554688 0.468750 0.555664 0.467448 0.555664 0.442708 0.554688 0.441406 0.554688 0.432292 0.553711 0.430990 0.553711 0.427083 0.551758 0.424479 0.551758 0.423177 0.548828 0.420573 0.545898 0.420573 0.544922 0.421875 0.533203 0.421875 0.532227 0.420573 0.530273 0.420573 0.529297 0.421875 0.528320 0.420573 0.525391 0.420573 0.522461 0.417969
0 0.586914 0.411458 0.585938 0.411458 0.583008 0.408854 0.578125 0.408854 0.577148 0.410156 0.571289 0.410156 0.570312 0.411458 0.569336 0.411458 0.567383 0.414062 0.566406 0.412760 0.563477 0.412760 0.560547 0.416667 0.559570 0.416667 0.558594 0.417969 0.558594 0.419271 0.556641 0.423177 0.556641 0.425781 0.555664 0.427083 0.555664 0.436198 0.556641 0.437500 0.556641 0.442708 0.557617 0.444010 0.557617 0.447917 0.558594 0.449219 0.558594 0.451823 0.562500 0.457031 0.580078 0.457031 0.581055 0.455729 0.586914 0.455729 0.588867 0.453125 0.588867 0.451823 0.589844 0.450521 0.589844 0.445312 0.590820 0.444010 0.590820 0.440104 0.591797 0.438802 0.591797 0.424479 0.590820 0.423177 0.590820 0.421875 0.589844 0.420573 0.589844 0.417969
0 0.563477 0.492188 0.563477 0.493490 0.561523 0.496094 0.561523 0.502604 0.562500 0.503906 0.562500 0.513021 0.563477 0.514323 0.563477 0.518229 0.564453 0.520833 0.566406 0.523438 0.567383 0.523438 0.573242 0.531250 0.581055 0.536458 0.583984 0.540365 0.587891 0.542969 0.588867 0.541667 0.591797 0.541667 0.595703 0.536458 0.595703 0.533854 0.600586 0.522135 0.600586 0.516927 0.602539 0.511719 0.602539 0.501302 0.598633 0.490885 0.595703 0.488281 0.585938 0.488281 0.583984 0.490885 0.582031 0.490885 0.579102 0.493490 0.577148 0.492188 0.575195 0.492188 0.573242 0.494792 0.570312 0.496094 0.568359 0.498698 0.566406 0.496094 0.566406 0.492188
0 0.450195 0.127604 0.449219 0.128906 0.447266 0.128906 0.446289 0.130208 0.443359 0.130208 0.442383 0.131510 0.437500 0.134115 0.436523 0.135417 0.436523 0.138021 0.433594 0.141927 0.433594 0.143229 0.434570 0.144531 0.434570 0.149740 0.435547 0.151042 0.435547 0.160156 0.436523 0.161458 0.436523 0.169271 0.437500 0.170573 0.437500 0.174479 0.438477 0.175781 0.438477 0.177083 0.443359 0.183594 0.445312 0.183594 0.446289 0.184896 0.450195 0.184896 0.451172 0.186198 0.453125 0.186198 0.454102 0.187500 0.457031 0.187500 0.458008 0.186198 0.458984 0.186198 0.458984 0.184896 0.469727 0.170573 0.470703 0.170573 0.473633 0.166667 0.474609 0.166667 0.475586 0.165365 0.475586 0.162760 0.476562 0.161458 0.476562 0.157552 0.475586 0.156250 0.475586 0.153646 0.474609 0.152344 0.474609 0.148438 0.473633 0.147135 0.470703 0.138021 0.469727 0.136719 0.468750 0.136719 0.462891 0.128906 0.461914 0.128906 0.460938 0.127604
0 0.425781 0.177083 0.424805 0.178385 0.422852 0.178385 0.420898 0.180990 0.419922 0.180990 0.417969 0.183594 0.414062 0.186198 0.408203 0.194010 0.407227 0.194010 0.407227 0.200521 0.409180 0.204427 0.409180 0.208333 0.413086 0.216146 0.413086 0.218750 0.414062 0.220052 0.414062 0.222656 0.416992 0.227865 0.416992 0.229167 0.420898 0.234375 0.422852 0.235677 0.429688 0.235677 0.430664 0.236979 0.435547 0.230469 0.451172 0.220052 0.452148 0.218750 0.452148 0.213542 0.447266 0.207031 0.446289 0.204427 0.446289 0.201823 0.445312 0.200521 0.445312 0.195312 0.444336 0.194010 0.444336 0.190104 0.443359 0.187500 0.439453 0.182292 0.438477 0.178385 0.435547 0.178385 0.434570 0.177083
0 0.458984 0.221354 0.455078 0.221354 0.452148 0.225260 0.447266 0.225260 0.446289 0.226562 0.443359 0.226562 0.437500 0.230469 0.432617 0.236979 0.431641 0.239583 0.431641 0.243490 0.430664 0.244792 0.430664 0.251302 0.428711 0.256510 0.429688 0.263021 0.432617 0.266927 0.432617 0.268229 0.443359 0.282552 0.449219 0.282552 0.452148 0.279948 0.454102 0.279948 0.459961 0.276042 0.461914 0.276042 0.469727 0.270833 0.472656 0.266927 0.473633 0.264323 0.473633 0.246094 0.472656 0.244792 0.472656 0.239583 0.470703 0.236979 0.469727 0.236979 0.465820 0.231771 0.464844 0.229167 0.461914 0.227865 0.458984 0.223958
0 0.480469 0.218750 0.477539 0.222656 0.476562 0.225260 0.476562 0.227865 0.475586 0.229167 0.475586 0.236979 0.474609 0.238281 0.474609 0.244792 0.475586 0.246094 0.475586 0.250000 0.476562 0.251302 0.476562 0.257812 0.478516 0.263021 0.480469 0.265625 0.482422 0.266927 0.485352 0.266927 0.487305 0.269531 0.491211 0.272135 0.494141 0.272135 0.495117 0.273438 0.499023 0.273438 0.500000 0.274740 0.506836 0.274740 0.507812 0.273438 0.509766 0.273438 0.512695 0.268229 0.512695 0.264323 0.513672 0.263021 0.513672 0.257812 0.514648 0.256510 0.514648 0.252604 0.515625 0.251302 0.515625 0.238281 0.516602 0.236979 0.515625 0.235677 0.515625 0.231771 0.514648 0.229167 0.509766 0.222656 0.507812 0.221354 0.505859 0.221354 0.500977 0.217448 0.499023 0.217448 0.498047 0.216146 0.495117 0.216146 0.494141 0.214844 0.486328 0.214844
0 0.552734 0.093750 0.550781 0.092448 0.542969 0.092448 0.540039 0.095052 0.537109 0.095052 0.533203 0.098958 0.531250 0.098958 0.529297 0.101562 0.524414 0.104167 0.523438 0.106771 0.523438 0.109375 0.522461 0.110677 0.522461 0.114583 0.520508 0.119792 0.520508 0.132812 0.523438 0.136719 0.523438 0.143229 0.525391 0.148438 0.527344 0.148438 0.528320 0.149740 0.532227 0.149740 0.533203 0.151042 0.538086 0.151042 0.547852 0.144531 0.550781 0.144531 0.551758 0.145833 0.557617 0.141927 0.560547 0.138021 0.560547 0.110677 0.559570 0.109375 0.559570 0.106771 0.557617 0.101562 0.553711 0.096354
0 0.518555 0.177083 0.517578 0.178385 0.515625 0.178385 0.513672 0.180990 0.512695 0.180990 0.510742 0.183594 0.509766 0.183594 0.506836 0.187500 0.506836 0.188802 0.503906 0.195312 0.503906 0.203125 0.504883 0.204427 0.504883 0.207031 0.506836 0.209635 0.506836 0.210938 0.508789 0.214844 0.508789 0.218750 0.516602 0.230469 0.517578 0.234375 0.525391 0.234375 0.526367 0.233073 0.528320 0.233073 0.529297 0.231771 0.532227 0.230469 0.535156 0.226562 0.535156 0.225260 0.538086 0.221354 0.538086 0.220052 0.541992 0.213542 0.543945 0.204427 0.542969 0.203125 0.542969 0.200521 0.539062 0.191406 0.539062 0.188802 0.538086 0.187500 0.538086 0.186198 0.532227 0.178385 0.530273 0.178385 0.529297 0.177083
0 0.533203 0.236979 0.532227 0.238281 0.530273 0.238281 0.528320 0.242188 0.517578 0.248698 0.516602 0.251302 0.516602 0.255208 0.515625 0.256510 0.515625 0.263021 0.514648 0.264323 0.514648 0.268229 0.513672 0.269531 0.513672 0.278646 0.514648 0.279948 0.514648 0.282552 0.518555 0.287760 0.518555 0.289062 0.522461 0.292969 0.523438 0.295573 0.524414 0.295573 0.528320 0.300781 0.530273 0.300781 0.531250 0.302083 0.534180 0.302083 0.535156 0.300781 0.537109 0.300781 0.539062 0.298177 0.544922 0.294271 0.556641 0.279948 0.557617 0.277344 0.557617 0.274740 0.558594 0.273438 0.557617 0.270833 0.557617 0.266927 0.556641 0.265625 0.556641 0.263021 0.553711 0.255208 0.549805 0.250000 0.549805 0.248698 0.548828 0.248698 0.546875 0.246094 0.544922 0.246094 0.542969 0.244792 0.538086 0.239583 0.536133 0.238281 0.534180 0.238281
0 0.479492 0.278646 0.477539 0.281250 0.477539 0.283854 0.476562 0.285156 0.476562 0.289062 0.475586 0.290365 0.475586 0.305990 0.476562 0.307292 0.476562 0.311198 0.479492 0.317708 0.479492 0.324219 0.480469 0.325521 0.480469 0.326823 0.481445 0.328125 0.482422 0.328125 0.483398 0.329427 0.485352 0.329427 0.486328 0.330729 0.503906 0.330729 0.506836 0.326823 0.506836 0.325521 0.509766 0.321615 0.509766 0.320312 0.512695 0.316406 0.512695 0.315104 0.515625 0.311198 0.515625 0.309896 0.519531 0.304688 0.519531 0.302083 0.518555 0.300781 0.518555 0.296875 0.517578 0.295573 0.517578 0.292969 0.516602 0.291667 0.515625 0.287760 0.512695 0.283854 0.509766 0.283854 0.506836 0.281250 0.500000 0.279948 0.497070 0.277344 0.488281 0.277344 0.487305 0.278646 0.483398 0.278646 0.482422 0.277344 0.481445 0.277344 0.480469 0.278646
0 0.549805 0.303385 0.546875 0.303385 0.545898 0.302083 0.540039 0.302083 0.537109 0.304688 0.527344 0.304688 0.524414 0.307292 0.522461 0.313802 0.520508 0.316406 0.516602 0.326823 0.516602 0.332031 0.515625 0.333333 0.515625 0.338542 0.516602 0.339844 0.516602 0.345052 0.517578 0.346354 0.517578 0.350260 0.520508 0.354167 0.522461 0.354167 0.523438 0.355469 0.528320 0.355469 0.529297 0.356771 0.545898 0.356771 0.546875 0.358073 0.548828 0.358073 0.552734 0.354167 0.556641 0.343750 0.556641 0.341146 0.557617 0.339844 0.557617 0.335938 0.558594 0.334635 0.558594 0.322917 0.557617 0.321615 0.557617 0.317708 0.556641 0.316406 0.556641 0.313802 0.555664 0.311198
0 0.572266 0.153646 0.571289 0.154948 0.569336 0.154948 0.568359 0.156250 0.565430 0.157552 0.563477 0.160156 0.562500 0.160156 0.560547 0.162760 0.559570 0.162760 0.555664 0.169271 0.555664 0.171875 0.554688 0.173177 0.554688 0.180990 0.555664 0.182292 0.555664 0.186198 0.554688 0.187500 0.554688 0.190104 0.552734 0.192708 0.552734 0.195312 0.554688 0.197917 0.554688 0.199219 0.555664 0.199219 0.558594 0.201823 0.559570 0.205729 0.561523 0.208333 0.562500 0.208333 0.563477 0.209635 0.565430 0.209635 0.566406 0.210938 0.575195 0.210938 0.576172 0.209635 0.579102 0.209635 0.580078 0.208333 0.582031 0.208333 0.583008 0.207031 0.583984 0.207031 0.585938 0.204427 0.586914 0.204427 0.588867 0.201823 0.589844 0.201823 0.596680 0.192708 0.596680 0.190104 0.597656 0.188802 0.597656 0.183594 0.596680 0.182292 0.596680 0.180990 0.595703 0.179688 0.595703 0.177083 0.592773 0.171875 0.592773 0.170573 0.589844 0.166667 0.588867 0.166667 0.586914 0.164062 0.585938 0.164062 0.583008 0.158854 0.581055 0.158854 0.578125 0.156250 0.576172 0.156250 0.575195 0.154948 0.573242 0.154948
0 0.559570 0.216146 0.558594 0.217448 0.555664 0.218750 0.550781 0.225260 0.550781 0.226562 0.548828 0.230469 0.548828 0.240885 0.549805 0.242188 0.549805 0.247396 0.553711 0.252604 0.553711 0.253906 0.555664 0.256510 0.558594 0.265625 0.560547 0.268229 0.564453 0.268229 0.566406 0.270833 0.569336 0.270833 0.570312 0.272135 0.571289 0.272135 0.572266 0.270833 0.577148 0.270833 0.578125 0.269531 0.579102 0.269531 0.582031 0.265625 0.584961 0.264323 0.586914 0.261719 0.586914 0.260417 0.588867 0.256510 0.588867 0.253906 0.589844 0.252604 0.589844 0.246094 0.588867 0.244792 0.588867 0.239583 0.587891 0.238281 0.587891 0.231771 0.586914 0.230469 0.586914 0.226562 0.585938 0.225260 0.585938 0.222656 0.583008 0.217448 0.578125 0.217448 0.577148 0.216146 0.573242 0.216146 0.572266 0.214844 0.562500 0.214844 0.561523 0.216146
0 0.559570 0.277344 0.559570 0.278646 0.554688 0.285156 0.554688 0.286458 0.552734 0.289062 0.552734 0.302083 0.553711 0.303385 0.553711 0.304688 0.556641 0.308594 0.556641 0.309896 0.557617 0.311198 0.557617 0.312500 0.559570 0.315104 0.559570 0.316406 0.560547 0.317708 0.565430 0.317708 0.566406 0.319010 0.569336 0.319010 0.570312 0.320312 0.575195 0.320312 0.576172 0.319010 0.581055 0.319010 0.582031 0.317708 0.583008 0.317708 0.584961 0.315104 0.584961 0.313802 0.588867 0.308594 0.588867 0.307292 0.591797 0.303385 0.591797 0.302083 0.592773 0.300781 0.592773 0.290365 0.590820 0.286458 0.590820 0.283854 0.589844 0.282552 0.587891 0.276042 0.586914 0.274740 0.569336 0.274740 0.568359 0.276042 0.561523 0.276042 0.560547 0.277344
0 0.561523 0.325521 0.559570 0.329427 0.559570 0.338542 0.558594 0.339844 0.558594 0.342448 0.557617 0.343750 0.557617 0.345052 0.554688 0.351562 0.554688 0.354167 0.553711 0.355469 0.553711 0.358073 0.557617 0.367188 0.557617 0.373698 0.559570 0.376302 0.564453 0.376302 0.565430 0.375000 0.569336 0.375000 0.570312 0.376302 0.573242 0.376302 0.574219 0.377604 0.580078 0.377604 0.585938 0.369792 0.585938 0.368490 0.590820 0.360677 0.590820 0.358073 0.592773 0.354167 0.592773 0.348958 0.593750 0.347656 0.592773 0.341146 0.590820 0.338542 0.589844 0.338542 0.583984 0.330729 0.583008 0.326823 0.582031 0.326823 0.581055 0.325521 0.577148 0.325521 0.576172 0.326823 0.575195 0.326823 0.574219 0.325521
0 0.599609 0.136719 0.595703 0.141927 0.594727 0.141927 0.592773 0.144531 0.592773 0.145833 0.589844 0.152344 0.589844 0.164062 0.590820 0.165365 0.590820 0.166667 0.593750 0.170573 0.594727 0.174479 0.596680 0.177083 0.596680 0.179688 0.600586 0.184896 0.601562 0.184896 0.606445 0.188802 0.613281 0.188802 0.614258 0.187500 0.618164 0.187500 0.622070 0.180990 0.622070 0.179688 0.623047 0.178385 0.623047 0.174479 0.624023 0.173177 0.625000 0.169271 0.629883 0.162760 0.629883 0.161458 0.630859 0.160156 0.630859 0.148438 0.627930 0.143229 0.627930 0.141927 0.624023 0.136719 0.623047 0.136719 0.622070 0.135417 0.620117 0.135417 0.619141 0.134115 0.606445 0.134115 0.605469 0.135417 0.603516 0.135417 0.602539 0.136719
0 0.598633 0.192708 0.598633 0.194010 0.597656 0.195312 0.594727 0.196615 0.588867 0.204427 0.585938 0.205729 0.582031 0.210938 0.581055 0.210938 0.581055 0.214844 0.582031 0.214844 0.585938 0.220052 0.585938 0.221354 0.586914 0.222656 0.586914 0.225260 0.587891 0.226562 0.587891 0.229167 0.588867 0.230469 0.588867 0.235677 0.590820 0.239583 0.597656 0.239583 0.598633 0.240885 0.603516 0.240885 0.604492 0.242188 0.607422 0.242188 0.608398 0.240885 0.611328 0.240885 0.613281 0.238281 0.614258 0.234375 0.616211 0.231771 0.616211 0.230469 0.617188 0.229167 0.617188 0.226562 0.618164 0.225260 0.618164 0.218750 0.619141 0.217448 0.619141 0.216146 0.616211 0.209635 0.616211 0.207031 0.615234 0.205729 0.615234 0.203125 0.614258 0.201823 0.614258 0.200521 0.611328 0.196615 0.609375 0.196615 0.606445 0.194010 0.602539 0.194010 0.601562 0.192708
0 0.593750 0.247396 0.591797 0.250000 0.591797 0.252604 0.590820 0.253906 0.590820 0.255208 0.589844 0.256510 0.589844 0.259115 0.587891 0.263021 0.587891 0.274740 0.588867 0.276042 0.592773 0.287760 0.594727 0.290365 0.594727 0.292969 0.595703 0.294271 0.595703 0.295573 0.596680 0.296875 0.615234 0.296875 0.616211 0.295573 0.618164 0.295573 0.619141 0.294271 0.620117 0.294271 0.626953 0.285156 0.626953 0.283854 0.628906 0.279948 0.628906 0.277344 0.629883 0.276042 0.629883 0.260417 0.628906 0.259115 0.628906 0.256510 0.625977 0.251302 0.625977 0.248698 0.625000 0.248698 0.624023 0.247396 0.621094 0.247396 0.620117 0.246094 0.617188 0.246094 0.616211 0.244792 0.599609 0.244792 0.596680 0.247396
0 0.601562 0.300781 0.600586 0.302083 0.598633 0.302083 0.596680 0.304688 0.593750 0.305990 0.588867 0.312500 0.588867 0.313802 0.586914 0.316406 0.586914 0.317708 0.585938 0.319010 0.585938 0.321615 0.584961 0.322917 0.584961 0.326823 0.585938 0.328125 0.585938 0.330729 0.586914 0.332031 0.586914 0.333333 0.588867 0.335938 0.591797 0.337240 0.594727 0.343750 0.595703 0.343750 0.596680 0.345052 0.599609 0.345052 0.600586 0.346354 0.602539 0.346354 0.603516 0.347656 0.611328 0.347656 0.612305 0.346354 0.614258 0.346354 0.616211 0.343750 0.617188 0.343750 0.620117 0.339844 0.620117 0.338542 0.622070 0.334635 0.622070 0.332031 0.623047 0.330729 0.623047 0.324219 0.622070 0.322917 0.622070 0.320312 0.621094 0.319010 0.621094 0.315104 0.620117 0.313802 0.620117 0.312500 0.618164 0.309896 0.618164 0.308594 0.615234 0.304688 0.615234 0.303385 0.614258 0.302083 0.611328 0.302083 0.610352 0.300781
0 0.612305 0.350260 0.602539 0.350260 0.599609 0.352865 0.597656 0.352865 0.595703 0.354167 0.593750 0.356771 0.591797 0.363281 0.589844 0.365885 0.586914 0.373698 0.586914 0.380208 0.585938 0.381510 0.585938 0.384115 0.586914 0.385417 0.586914 0.390625 0.591797 0.403646 0.595703 0.408854 0.595703 0.410156 0.599609 0.416667 0.605469 0.412760 0.610352 0.412760 0.611328 0.411458 0.614258 0.411458 0.615234 0.410156 0.617188 0.410156 0.624023 0.403646 0.625000 0.403646 0.625000 0.402344 0.626953 0.399740 0.626953 0.394531 0.627930 0.393229 0.627930 0.382812 0.626953 0.381510 0.626953 0.375000 0.625977 0.373698 0.625977 0.371094 0.624023 0.368490 0.624023 0.367188 0.619141 0.360677 0.617188 0.355469 0.614258 0.351562
0 0.607422 0.415365 0.606445 0.416667 0.604492 0.416667 0.603516 0.417969 0.601562 0.417969 0.600586 0.419271 0.599609 0.419271 0.595703 0.424479 0.595703 0.428385 0.594727 0.429688 0.594727 0.434896 0.593750 0.436198 0.593750 0.438802 0.592773 0.440104 0.592773 0.455729 0.594727 0.459635 0.595703 0.459635 0.597656 0.462240 0.598633 0.462240 0.602539 0.467448 0.603516 0.467448 0.605469 0.470052 0.606445 0.470052 0.611328 0.473958 0.615234 0.473958 0.616211 0.472656 0.619141 0.472656 0.620117 0.471354 0.623047 0.470052 0.625977 0.466146 0.625977 0.464844 0.626953 0.463542 0.626953 0.459635 0.627930 0.458333 0.627930 0.454427 0.628906 0.453125 0.628906 0.447917 0.629883 0.446615 0.629883 0.433594 0.628906 0.432292 0.626953 0.425781 0.625000 0.423177 0.625000 0.421875 0.624023 0.420573 0.623047 0.420573 0.620117 0.416667 0.619141 0.416667 0.618164 0.415365
0 0.635742 0.416667 0.634766 0.417969 0.633789 0.417969 0.630859 0.421875 0.629883 0.421875 0.627930 0.424479 0.627930 0.427083 0.628906 0.428385 0.628906 0.430990 0.629883 0.432292 0.629883 0.434896 0.630859 0.436198 0.630859 0.445312 0.629883 0.446615 0.629883 0.449219 0.628906 0.450521 0.628906 0.455729 0.627930 0.457031 0.627930 0.463542 0.626953 0.464844 0.628906 0.467448 0.630859 0.467448 0.631836 0.468750 0.644531 0.468750 0.645508 0.467448 0.648438 0.466146 0.648438 0.464844 0.654297 0.457031 0.654297 0.455729 0.655273 0.454427 0.655273 0.451823 0.656250 0.450521 0.656250 0.438802 0.655273 0.437500 0.655273 0.434896 0.654297 0.433594 0.654297 0.429688 0.651367 0.425781 0.651367 0.424479 0.650391 0.423177 0.649414 0.423177 0.644531 0.419271 0.642578 0.419271 0.641602 0.417969 0.639648 0.417969 0.638672 0.416667
0 0.626953 0.473958 0.621094 0.473958 0.620117 0.475260 0.615234 0.475260 0.614258 0.476562 0.611328 0.476562 0.610352 0.477865 0.608398 0.477865 0.607422 0.479167 0.606445 0.479167 0.606445 0.480469 0.605469 0.481771 0.605469 0.484375 0.604492 0.485677 0.604492 0.488281 0.602539 0.490885 0.602539 0.492188 0.603516 0.493490 0.603516 0.497396 0.604492 0.498698 0.604492 0.505208 0.605469 0.506510 0.605469 0.518229 0.606445 0.519531 0.606445 0.522135 0.607422 0.523438 0.607422 0.524740 0.612305 0.531250 0.614258 0.531250 0.615234 0.532552 0.622070 0.532552 0.626953 0.528646 0.628906 0.528646 0.634766 0.522135 0.635742 0.522135 0.640625 0.515625 0.640625 0.510417 0.641602 0.509115 0.641602 0.501302 0.640625 0.500000 0.640625 0.497396 0.637695 0.492188 0.637695 0.490885 0.634766 0.485677 0.634766 0.484375 0.630859 0.479167 0.630859 0.477865 0.629883 0.477865
0 0.622070 0.533854 0.618164 0.539062 0.618164 0.541667 0.614258 0.549479 0.614258 0.555990 0.615234 0.557292 0.615234 0.559896 0.617188 0.562500 0.621094 0.575521 0.622070 0.575521 0.625000 0.578125 0.626953 0.578125 0.628906 0.580729 0.629883 0.580729 0.632812 0.583333 0.636719 0.583333 0.637695 0.584635 0.639648 0.584635 0.640625 0.583333 0.643555 0.583333 0.644531 0.582031 0.649414 0.580729 0.653320 0.575521 0.653320 0.572917 0.654297 0.571615 0.654297 0.567708 0.653320 0.566406 0.653320 0.561198 0.652344 0.559896 0.652344 0.555990 0.651367 0.554688 0.651367 0.552083 0.650391 0.550781 0.650391 0.548177 0.649414 0.546875 0.649414 0.544271 0.648438 0.542969 0.648438 0.539062 0.646484 0.536458 0.646484 0.535156 0.641602 0.529948 0.637695 0.529948 0.636719 0.528646 0.629883 0.528646 0.628906 0.529948
0 0.668945 0.485677 0.667969 0.486979 0.666016 0.486979 0.665039 0.488281 0.664062 0.488281 0.663086 0.486979 0.662109 0.486979 0.661133 0.488281 0.650391 0.488281 0.643555 0.496094 0.643555 0.505208 0.642578 0.506510 0.642578 0.513021 0.641602 0.514323 0.641602 0.518229 0.642578 0.519531 0.643555 0.528646 0.650391 0.537760 0.651367 0.537760 0.652344 0.539062 0.654297 0.539062 0.657227 0.541667 0.660156 0.541667 0.661133 0.542969 0.668945 0.542969 0.669922 0.541667 0.672852 0.541667 0.673828 0.540365 0.678711 0.537760 0.680664 0.535156 0.680664 0.510417 0.679688 0.509115 0.679688 0.505208 0.678711 0.503906 0.677734 0.497396 0.675781 0.494792 0.675781 0.493490 0.673828 0.490885 0.673828 0.489583
0 0.654297 0.574219 0.653320 0.578125 0.652344 0.579427 0.651367 0.579427 0.647461 0.584635 0.647461 0.587240 0.646484 0.588542 0.646484 0.598958 0.647461 0.600260 0.647461 0.601562 0.649414 0.604167 0.652344 0.605469 0.656250 0.610677 0.657227 0.610677 0.659180 0.613281 0.660156 0.613281 0.661133 0.614583 0.666992 0.614583 0.667969 0.615885 0.673828 0.615885 0.676758 0.611979 0.676758 0.609375 0.677734 0.608073 0.677734 0.605469 0.678711 0.604167 0.678711 0.601562 0.679688 0.600260 0.679688 0.597656 0.680664 0.596354 0.680664 0.592448 0.681641 0.591146 0.681641 0.588542 0.682617 0.587240 0.682617 0.583333 0.681641 0.583333 0.680664 0.582031 0.678711 0.582031 0.677734 0.583333 0.676758 0.583333 0.675781 0.582031 0.668945 0.582031 0.664062 0.575521 0.664062 0.574219 0.662109 0.571615 0.659180 0.571615 0.658203 0.572917 0.656250 0.572917 0.655273 0.574219
0 0.665039 0.549479 0.665039 0.550781 0.664062 0.552083 0.664062 0.554688 0.663086 0.555990 0.663086 0.558594 0.662109 0.559896 0.663086 0.561198 0.663086 0.570312 0.666992 0.579427 0.667969 0.579427 0.670898 0.582031 0.685547 0.582031 0.686523 0.580729 0.689453 0.580729 0.690430 0.582031 0.694336 0.582031 0.697266 0.578125 0.697266 0.575521 0.698242 0.574219 0.698242 0.572917 0.700195 0.569010 0.700195 0.566406 0.701172 0.565104 0.701172 0.552083 0.700195 0.550781 0.700195 0.548177 0.699219 0.546875 0.698242 0.542969 0.696289 0.540365 0.688477 0.540365 0.687500 0.541667 0.682617 0.541667 0.681641 0.540365 0.680664 0.540365 0.679688 0.541667 0.676758 0.541667 0.675781 0.542969 0.673828 0.542969 0.672852 0.544271 0.670898 0.544271 0.669922 0.545573 0.667969 0.545573
0 0.703125 0.589844 0.702148 0.589844 0.701172 0.588542 0.699219 0.588542 0.698242 0.587240 0.696289 0.587240 0.695312 0.585938 0.693359 0.585938 0.692383 0.584635 0.691406 0.585938 0.688477 0.585938 0.687500 0.587240 0.685547 0.587240 0.684570 0.588542 0.684570 0.589844 0.681641 0.593750 0.681641 0.596354 0.679688 0.600260 0.679688 0.602865 0.678711 0.604167 0.678711 0.606771 0.677734 0.608073 0.677734 0.610677 0.676758 0.611979 0.676758 0.614583 0.675781 0.615885 0.676758 0.619792 0.680664 0.625000 0.681641 0.625000 0.682617 0.626302 0.692383 0.626302 0.693359 0.625000 0.696289 0.625000 0.697266 0.623698 0.700195 0.623698 0.701172 0.622396 0.702148 0.622396 0.705078 0.618490 0.705078 0.617188 0.706055 0.615885 0.706055 0.614583 0.708008 0.610677 0.708008 0.605469 0.708984 0.604167 0.708984 0.600260 0.708008 0.598958 0.707031 0.595052
0 0.706055 0.623698 0.700195 0.623698 0.699219 0.625000 0.696289 0.625000 0.695312 0.626302 0.691406 0.626302 0.690430 0.627604 0.686523 0.627604 0.685547 0.628906 0.682617 0.628906 0.681641 0.630208 0.681641 0.632812 0.680664 0.634115 0.680664 0.640625 0.681641 0.641927 0.681641 0.644531 0.683594 0.647135 0.683594 0.648438 0.684570 0.649740 0.685547 0.653646 0.689453 0.658854 0.689453 0.660156 0.690430 0.661458 0.691406 0.661458 0.692383 0.662760 0.694336 0.662760 0.695312 0.664062 0.700195 0.664062 0.701172 0.662760 0.704102 0.661458 0.710938 0.652344 0.710938 0.651042 0.712891 0.648438 0.712891 0.647135 0.713867 0.645833 0.713867 0.638021 0.712891 0.636719 0.712891 0.635417 0.711914 0.634115 0.710938 0.630208
0 0.826172 0.696615 0.820312 0.696615 0.819336 0.695312 0.818359 0.695312 0.817383 0.696615 0.814453 0.696615 0.811523 0.699219 0.809570 0.699219 0.808594 0.700521 0.807617 0.700521 0.805664 0.703125 0.804688 0.703125 0.802734 0.707031 0.802734 0.717448 0.801758 0.718750 0.801758 0.726562 0.802734 0.727865 0.803711 0.731771 0.805664 0.734375 0.806641 0.738281 0.807617 0.738281 0.809570 0.740885 0.812500 0.742188 0.814453 0.744792 0.821289 0.744792 0.822266 0.743490 0.824219 0.743490 0.825195 0.742188 0.827148 0.742188 0.830078 0.739583 0.832031 0.739583 0.833984 0.736979 0.834961 0.736979 0.834961 0.735677 0.836914 0.731771 0.836914 0.712240 0.835938 0.710938 0.835938 0.709635 0.831055 0.703125 0.831055 0.701823 0.828125 0.697917 0.827148 0.697917
0 0.869141 0.700521 0.867188 0.700521 0.866211 0.701823 0.864258 0.701823 0.863281 0.703125 0.860352 0.703125 0.859375 0.704427 0.847656 0.704427 0.846680 0.703125 0.838867 0.703125 0.838867 0.704427 0.837891 0.705729 0.837891 0.712240 0.838867 0.713542 0.838867 0.723958 0.839844 0.725260 0.839844 0.726562 0.840820 0.726562 0.841797 0.727865 0.842773 0.727865 0.845703 0.730469 0.851562 0.730469 0.852539 0.731771 0.853516 0.730469 0.857422 0.730469 0.859375 0.727865 0.859375 0.726562 0.861328 0.723958 0.861328 0.722656 0.868164 0.713542 0.868164 0.712240 0.870117 0.709635 0.870117 0.703125 0.869141 0.701823
0 0.746094 0.628906 0.745117 0.628906 0.744141 0.627604 0.742188 0.627604 0.741211 0.628906 0.739258 0.628906 0.737305 0.631510 0.736328 0.631510 0.733398 0.634115 0.731445 0.634115 0.730469 0.635417 0.729492 0.635417 0.724609 0.639323 0.720703 0.639323 0.718750 0.641927 0.718750 0.644531 0.717773 0.645833 0.717773 0.648438 0.721680 0.653646 0.721680 0.654948 0.724609 0.658854 0.724609 0.660156 0.726562 0.662760 0.727539 0.666667 0.729492 0.666667 0.730469 0.667969 0.732422 0.667969 0.733398 0.669271 0.740234 0.669271 0.741211 0.667969 0.743164 0.667969 0.744141 0.666667 0.747070 0.666667 0.748047 0.665365 0.750977 0.664062 0.755859 0.657552 0.756836 0.657552 0.758789 0.654948 0.758789 0.652344 0.757812 0.651042 0.757812 0.649740 0.756836 0.648438 0.756836 0.647135 0.755859 0.645833 0.754883 0.641927 0.750977 0.636719 0.750977 0.635417
0 0.767578 0.647135 0.764648 0.651042 0.761719 0.652344 0.750977 0.665365 0.750977 0.674479 0.751953 0.675781 0.754883 0.684896 0.763672 0.695312 0.768555 0.697917 0.770508 0.700521 0.779297 0.700521 0.780273 0.699219 0.782227 0.699219 0.783203 0.697917 0.786133 0.696615 0.791016 0.690104 0.791992 0.690104 0.792969 0.688802 0.792969 0.687500 0.794922 0.683594 0.794922 0.675781 0.793945 0.674479 0.793945 0.673177 0.783203 0.658854 0.783203 0.657552 0.782227 0.656250 0.780273 0.656250 0.779297 0.654948 0.774414 0.654948 0.772461 0.652344 0.772461 0.648438 0.771484 0.647135
0 0.799805 0.658854 0.797852 0.661458 0.796875 0.661458 0.795898 0.662760 0.795898 0.665365 0.796875 0.666667 0.796875 0.680990 0.795898 0.682292 0.795898 0.686198 0.796875 0.687500 0.796875 0.688802 0.797852 0.688802 0.803711 0.696615 0.804688 0.696615 0.805664 0.697917 0.809570 0.697917 0.810547 0.696615 0.811523 0.696615 0.812500 0.695312 0.813477 0.695312 0.815430 0.692708 0.816406 0.692708 0.818359 0.690104 0.819336 0.690104 0.823242 0.684896 0.823242 0.682292 0.824219 0.680990 0.824219 0.678385 0.823242 0.677083 0.823242 0.671875 0.822266 0.670573 0.822266 0.667969 0.821289 0.666667 0.821289 0.665365 0.820312 0.664062 0.820312 0.662760 0.818359 0.660156 0.815430 0.660156 0.814453 0.658854
0 0.827148 0.669271 0.827148 0.675781 0.828125 0.677083 0.828125 0.680990 0.829102 0.682292 0.829102 0.684896 0.832031 0.687500 0.832031 0.688802 0.834961 0.692708 0.834961 0.694010 0.838867 0.700521 0.840820 0.700521 0.841797 0.701823 0.843750 0.701823 0.844727 0.703125 0.853516 0.703125 0.854492 0.704427 0.857422 0.704427 0.858398 0.703125 0.860352 0.703125 0.861328 0.701823 0.864258 0.701823 0.865234 0.700521 0.866211 0.700521 0.868164 0.697917 0.868164 0.696615 0.870117 0.692708 0.870117 0.690104 0.871094 0.688802 0.871094 0.682292 0.870117 0.680990 0.870117 0.675781 0.869141 0.674479 0.869141 0.667969 0.860352 0.654948 0.858398 0.654948 0.856445 0.657552 0.854492 0.657552 0.853516 0.658854 0.852539 0.657552 0.850586 0.657552 0.848633 0.654948 0.847656 0.656250 0.843750 0.656250 0.842773 0.657552 0.841797 0.657552 0.841797 0.658854 0.838867 0.662760 0.836914 0.662760 0.832031 0.666667 0.829102 0.666667
0 0.719727 0.591146 0.718750 0.592448 0.714844 0.592448 0.712891 0.595052 0.711914 0.595052 0.710938 0.596354 0.710938 0.601562 0.709961 0.602865 0.709961 0.613281 0.708984 0.614583 0.708984 0.617188 0.709961 0.618490 0.709961 0.622396 0.710938 0.623698 0.710938 0.626302 0.712891 0.628906 0.712891 0.631510 0.715820 0.635417 0.717773 0.635417 0.718750 0.636719 0.722656 0.636719 0.723633 0.638021 0.724609 0.636719 0.726562 0.636719 0.731445 0.632812 0.733398 0.632812 0.734375 0.631510 0.735352 0.631510 0.738281 0.627604 0.739258 0.627604 0.741211 0.625000 0.742188 0.625000 0.743164 0.623698 0.743164 0.622396 0.746094 0.618490 0.747070 0.618490 0.749023 0.615885 0.748047 0.614583 0.748047 0.611979 0.747070 0.610677 0.746094 0.610677 0.744141 0.608073 0.744141 0.606771 0.737305 0.597656 0.734375 0.596354 0.732422 0.593750 0.730469 0.593750 0.729492 0.592448 0.727539 0.592448 0.726562 0.591146
0 0.750000 0.596354 0.750000 0.600260 0.749023 0.601562 0.750000 0.602865 0.750000 0.608073 0.750977 0.609375 0.750977 0.615885 0.750000 0.617188 0.750000 0.621094 0.749023 0.622396 0.750000 0.623698 0.750000 0.628906 0.750977 0.630208 0.750977 0.631510 0.753906 0.635417 0.757812 0.635417 0.758789 0.636719 0.764648 0.636719 0.765625 0.638021 0.776367 0.638021 0.777344 0.636719 0.779297 0.636719 0.782227 0.632812 0.783203 0.632812 0.783203 0.631510 0.784180 0.630208 0.784180 0.627604 0.785156 0.626302 0.785156 0.619792 0.784180 0.618490 0.784180 0.615885 0.783203 0.614583 0.781250 0.608073 0.779297 0.605469 0.779297 0.604167 0.777344 0.604167 0.776367 0.602865 0.774414 0.602865 0.773438 0.601562 0.772461 0.601562 0.770508 0.598958 0.769531 0.598958 0.766602 0.595052 0.764648 0.595052 0.763672 0.593750 0.751953 0.593750
0 0.791016 0.597656 0.786133 0.604167 0.785156 0.606771 0.785156 0.613281 0.787109 0.617188 0.787109 0.632812 0.790039 0.636719 0.791992 0.641927 0.803711 0.656250 0.806641 0.656250 0.807617 0.657552 0.818359 0.657552 0.819336 0.656250 0.821289 0.656250 0.823242 0.654948 0.825195 0.652344 0.826172 0.649740 0.826172 0.647135 0.831055 0.634115 0.831055 0.625000 0.828125 0.617188 0.823242 0.610677 0.822266 0.610677 0.818359 0.604167 0.817383 0.604167 0.815430 0.601562 0.809570 0.597656 0.805664 0.597656 0.804688 0.596354 0.797852 0.596354 0.794922 0.600260 0.792969 0.600260
0 0.827148 0.600260 0.827148 0.601562 0.825195 0.604167 0.825195 0.609375 0.832031 0.622396 0.832031 0.635417 0.833008 0.636719 0.833984 0.636719 0.834961 0.638021 0.837891 0.638021 0.838867 0.639323 0.845703 0.639323 0.846680 0.640625 0.852539 0.640625 0.853516 0.641927 0.856445 0.641927 0.857422 0.643229 0.858398 0.641927 0.861328 0.641927 0.862305 0.640625 0.865234 0.639323 0.865234 0.638021 0.867188 0.635417 0.867188 0.632812 0.868164 0.631510 0.867188 0.630208 0.867188 0.623698 0.866211 0.622396 0.866211 0.618490 0.865234 0.617188 0.865234 0.614583 0.861328 0.609375 0.861328 0.608073 0.859375 0.605469 0.859375 0.604167 0.858398 0.604167 0.855469 0.600260 0.854492 0.600260 0.853516 0.598958 0.851562 0.598958 0.850586 0.597656 0.846680 0.597656 0.845703 0.596354 0.843750 0.596354 0.842773 0.595052 0.840820 0.595052 0.839844 0.593750 0.833008 0.593750 0.830078 0.598958
0 0.694336 0.531250 0.694336 0.533854 0.697266 0.537760 0.697266 0.539062 0.698242 0.540365 0.698242 0.542969 0.701172 0.548177 0.701172 0.550781 0.702148 0.552083 0.702148 0.563802 0.701172 0.565104 0.701172 0.569010 0.700195 0.570312 0.698242 0.576823 0.696289 0.579427 0.696289 0.583333 0.698242 0.585938 0.700195 0.585938 0.703125 0.588542 0.709961 0.588542 0.710938 0.589844 0.713867 0.589844 0.714844 0.588542 0.714844 0.580729 0.717773 0.575521 0.717773 0.566406 0.718750 0.565104 0.718750 0.553385 0.717773 0.552083 0.717773 0.546875 0.715820 0.544271 0.715820 0.539062 0.714844 0.537760 0.713867 0.537760 0.712891 0.536458 0.706055 0.532552 0.704102 0.529948 0.699219 0.529948 0.698242 0.531250
0 0.725586 0.540365 0.724609 0.541667 0.723633 0.541667 0.719727 0.546875 0.719727 0.565104 0.718750 0.566406 0.718750 0.574219 0.719727 0.575521 0.719727 0.576823 0.724609 0.584635 0.725586 0.584635 0.727539 0.587240 0.728516 0.587240 0.731445 0.591146 0.734375 0.591146 0.735352 0.592448 0.736328 0.591146 0.738281 0.591146 0.739258 0.589844 0.740234 0.589844 0.743164 0.585938 0.744141 0.585938 0.750000 0.578125 0.750000 0.576823 0.752930 0.570312 0.752930 0.567708 0.755859 0.561198 0.755859 0.558594 0.754883 0.557292 0.752930 0.557292 0.750000 0.553385 0.749023 0.549479 0.747070 0.546875 0.744141 0.545573 0.741211 0.541667 0.740234 0.541667 0.739258 0.540365 0.737305 0.540365 0.736328 0.539062 0.731445 0.539062 0.730469 0.540365
0 0.767578 0.550781 0.766602 0.552083 0.765625 0.552083 0.762695 0.555990 0.761719 0.555990 0.758789 0.558594 0.758789 0.563802 0.757812 0.565104 0.757812 0.566406 0.756836 0.567708 0.756836 0.570312 0.754883 0.574219 0.753906 0.580729 0.754883 0.582031 0.755859 0.585938 0.757812 0.588542 0.757812 0.589844 0.758789 0.591146 0.761719 0.591146 0.762695 0.592448 0.764648 0.592448 0.765625 0.593750 0.768555 0.595052 0.773438 0.600260 0.774414 0.600260 0.775391 0.601562 0.778320 0.601562 0.780273 0.598958 0.786133 0.596354 0.794922 0.584635 0.794922 0.574219 0.793945 0.572917 0.793945 0.571615 0.790039 0.566406 0.789062 0.566406 0.784180 0.559896 0.784180 0.558594 0.783203 0.557292 0.782227 0.557292 0.780273 0.554688 0.779297 0.554688 0.776367 0.552083 0.773438 0.552083 0.772461 0.550781
0 0.802734 0.553385 0.797852 0.559896 0.797852 0.561198 0.796875 0.562500 0.796875 0.566406 0.795898 0.567708 0.795898 0.571615 0.796875 0.572917 0.796875 0.583333 0.795898 0.584635 0.795898 0.585938 0.796875 0.587240 0.798828 0.587240 0.799805 0.588542 0.802734 0.588542 0.807617 0.592448 0.809570 0.592448 0.810547 0.593750 0.812500 0.593750 0.813477 0.595052 0.820312 0.595052 0.821289 0.596354 0.829102 0.596354 0.832031 0.591146 0.832031 0.589844 0.833984 0.587240 0.833984 0.585938 0.836914 0.582031 0.836914 0.576823 0.837891 0.575521 0.837891 0.567708 0.835938 0.565104 0.833008 0.563802 0.831055 0.561198 0.829102 0.561198 0.826172 0.558594 0.821289 0.557292 0.814453 0.552083 0.811523 0.552083 0.810547 0.550781 0.805664 0.550781 0.803711 0.553385
0 0.876953 0.552083 0.872070 0.552083 0.871094 0.553385 0.867188 0.553385 0.866211 0.552083 0.863281 0.550781 0.861328 0.548177 0.859375 0.548177 0.857422 0.550781 0.857422 0.553385 0.856445 0.554688 0.856445 0.555990 0.849609 0.565104 0.847656 0.565104 0.846680 0.566406 0.841797 0.566406 0.840820 0.567708 0.839844 0.567708 0.839844 0.570312 0.838867 0.571615 0.838867 0.587240 0.843750 0.593750 0.844727 0.593750 0.845703 0.595052 0.848633 0.595052 0.849609 0.596354 0.858398 0.596354 0.859375 0.595052 0.861328 0.595052 0.868164 0.589844 0.873047 0.591146 0.875000 0.587240 0.875000 0.584635 0.875977 0.583333 0.875977 0.580729 0.876953 0.579427 0.876953 0.578125 0.879883 0.574219 0.879883 0.559896 0.878906 0.558594
0 0.666992 0.459635 0.666992 0.462240 0.666016 0.463542 0.666016 0.470052 0.668945 0.473958 0.668945 0.475260 0.672852 0.481771 0.674805 0.488281 0.676758 0.490885 0.676758 0.492188 0.678711 0.494792 0.680664 0.500000 0.680664 0.505208 0.681641 0.506510 0.681641 0.513021 0.682617 0.515625 0.684570 0.515625 0.688477 0.519531 0.691406 0.519531 0.692383 0.520833 0.696289 0.518229 0.698242 0.515625 0.700195 0.509115 0.707031 0.500000 0.709961 0.492188 0.709961 0.489583 0.710938 0.488281 0.710938 0.480469 0.709961 0.477865 0.703125 0.470052 0.696289 0.466146 0.687500 0.457031 0.678711 0.457031 0.677734 0.455729 0.676758 0.457031 0.671875 0.457031 0.670898 0.458333 0.668945 0.458333
0 0.723633 0.493490 0.718750 0.493490 0.717773 0.494792 0.715820 0.494792 0.714844 0.496094 0.711914 0.496094 0.709961 0.498698 0.708984 0.498698 0.708008 0.500000 0.708008 0.501302 0.705078 0.505208 0.704102 0.505208 0.702148 0.507812 0.702148 0.509115 0.700195 0.513021 0.700195 0.515625 0.699219 0.516927 0.699219 0.518229 0.700195 0.519531 0.700195 0.520833 0.701172 0.522135 0.702148 0.526042 0.706055 0.531250 0.707031 0.531250 0.708008 0.532552 0.709961 0.532552 0.710938 0.533854 0.712891 0.533854 0.715820 0.536458 0.720703 0.536458 0.721680 0.535156 0.723633 0.535156 0.725586 0.532552 0.726562 0.532552 0.727539 0.531250 0.730469 0.529948 0.732422 0.527344 0.733398 0.527344 0.734375 0.526042 0.734375 0.524740 0.735352 0.523438 0.735352 0.516927 0.734375 0.515625 0.734375 0.513021 0.733398 0.511719 0.733398 0.510417 0.728516 0.503906 0.728516 0.502604 0.726562 0.500000 0.725586 0.496094
0 0.758789 0.498698 0.757812 0.500000 0.754883 0.501302 0.748047 0.509115 0.747070 0.509115 0.742188 0.513021 0.740234 0.513021 0.739258 0.514323 0.739258 0.516927 0.738281 0.518229 0.738281 0.520833 0.737305 0.522135 0.737305 0.524740 0.738281 0.526042 0.738281 0.528646 0.741211 0.535156 0.741211 0.537760 0.742188 0.539062 0.742188 0.540365 0.744141 0.542969 0.745117 0.542969 0.746094 0.544271 0.748047 0.544271 0.749023 0.545573 0.755859 0.545573 0.756836 0.546875 0.766602 0.546875 0.767578 0.545573 0.768555 0.545573 0.770508 0.541667 0.770508 0.537760 0.771484 0.536458 0.771484 0.532552 0.772461 0.531250 0.772461 0.524740 0.773438 0.523438 0.773438 0.518229 0.774414 0.516927 0.774414 0.511719 0.767578 0.502604 0.766602 0.502604 0.764648 0.500000 0.761719 0.500000 0.760742 0.498698
0 0.776367 0.514323 0.776367 0.518229 0.775391 0.519531 0.775391 0.523438 0.774414 0.524740 0.774414 0.533854 0.773438 0.535156 0.773438 0.540365 0.772461 0.541667 0.772461 0.544271 0.773438 0.545573 0.776367 0.546875 0.780273 0.552083 0.781250 0.552083 0.782227 0.553385 0.785156 0.553385 0.786133 0.554688 0.792969 0.554688 0.793945 0.553385 0.795898 0.553385 0.796875 0.552083 0.798828 0.552083 0.799805 0.550781 0.802734 0.549479 0.804688 0.546875 0.805664 0.546875 0.807617 0.544271 0.808594 0.544271 0.809570 0.542969 0.809570 0.528646 0.810547 0.527344 0.810547 0.516927 0.808594 0.513021 0.807617 0.513021 0.806641 0.511719 0.793945 0.511719 0.792969 0.510417 0.780273 0.510417 0.779297 0.511719 0.778320 0.511719
0 0.814453 0.510417 0.813477 0.511719 0.813477 0.515625 0.814453 0.516927 0.813477 0.518229 0.813477 0.522135 0.811523 0.527344 0.811523 0.535156 0.812500 0.536458 0.812500 0.544271 0.815430 0.548177 0.815430 0.549479 0.820312 0.554688 0.825195 0.555990 0.828125 0.558594 0.833008 0.559896 0.835938 0.562500 0.841797 0.562500 0.842773 0.563802 0.845703 0.563802 0.846680 0.562500 0.849609 0.562500 0.851562 0.561198 0.854492 0.555990 0.854492 0.552083 0.855469 0.550781 0.855469 0.545573 0.856445 0.544271 0.856445 0.536458 0.857422 0.535156 0.857422 0.528646 0.858398 0.527344 0.858398 0.520833 0.856445 0.518229 0.843750 0.514323 0.839844 0.511719 0.836914 0.507812 0.834961 0.507812 0.832031 0.505208 0.821289 0.505208 0.820312 0.506510 0.818359 0.506510 0.815430 0.510417
0 0.633789 0.195312 0.631836 0.200521 0.625977 0.207031 0.622070 0.216146 0.622070 0.225260 0.623047 0.226562 0.623047 0.230469 0.625000 0.233073 0.625000 0.234375 0.627930 0.238281 0.627930 0.239583 0.631836 0.244792 0.633789 0.246094 0.636719 0.246094 0.637695 0.247396 0.640625 0.247396 0.641602 0.248698 0.645508 0.248698 0.646484 0.250000 0.655273 0.250000 0.656250 0.248698 0.663086 0.248698 0.666016 0.240885 0.669922 0.234375 0.670898 0.229167 0.671875 0.227865 0.671875 0.225260 0.672852 0.223958 0.672852 0.218750 0.673828 0.217448 0.673828 0.204427 0.671875 0.199219 0.670898 0.199219 0.666016 0.194010 0.664062 0.194010 0.663086 0.192708 0.659180 0.192708 0.658203 0.191406 0.642578 0.191406 0.641602 0.192708 0.638672 0.192708 0.637695 0.194010
0 0.629883 0.252604 0.629883 0.257812 0.630859 0.259115 0.630859 0.265625 0.631836 0.266927 0.631836 0.268229 0.630859 0.269531 0.630859 0.277344 0.629883 0.278646 0.629883 0.283854 0.632812 0.287760 0.633789 0.291667 0.637695 0.298177 0.642578 0.299479 0.643555 0.298177 0.648438 0.298177 0.649414 0.296875 0.654297 0.296875 0.655273 0.295573 0.658203 0.294271 0.659180 0.292969 0.659180 0.291667 0.665039 0.283854 0.665039 0.282552 0.666016 0.281250 0.666016 0.266927 0.665039 0.265625 0.665039 0.263021 0.664062 0.261719 0.663086 0.257812 0.661133 0.255208 0.661133 0.253906 0.660156 0.253906 0.657227 0.251302 0.643555 0.251302 0.642578 0.250000 0.634766 0.250000 0.633789 0.251302 0.631836 0.251302 0.630859 0.252604
0 0.677734 0.205729 0.675781 0.210938 0.675781 0.216146 0.674805 0.217448 0.674805 0.221354 0.673828 0.222656 0.672852 0.231771 0.671875 0.233073 0.671875 0.235677 0.669922 0.240885 0.669922 0.244792 0.670898 0.246094 0.666992 0.250000 0.666992 0.252604 0.670898 0.257812 0.674805 0.260417 0.677734 0.260417 0.678711 0.261719 0.681641 0.261719 0.682617 0.263021 0.687500 0.263021 0.688477 0.264323 0.693359 0.264323 0.694336 0.265625 0.698242 0.265625 0.700195 0.263021 0.701172 0.257812 0.707031 0.251302 0.710938 0.240885 0.710938 0.235677 0.713867 0.227865 0.713867 0.220052 0.710938 0.216146 0.708008 0.214844 0.706055 0.212240 0.702148 0.209635 0.699219 0.209635 0.695312 0.207031 0.689453 0.207031 0.688477 0.208333 0.686523 0.208333 0.685547 0.207031 0.678711 0.207031
0 0.667969 0.291667 0.667969 0.294271 0.669922 0.299479 0.677734 0.308594 0.678711 0.311198 0.678711 0.313802 0.681641 0.317708 0.691406 0.317708 0.692383 0.319010 0.697266 0.319010 0.698242 0.317708 0.701172 0.317708 0.705078 0.315104 0.708008 0.311198 0.708984 0.311198 0.713867 0.305990 0.714844 0.305990 0.716797 0.302083 0.716797 0.295573 0.715820 0.294271 0.715820 0.286458 0.714844 0.285156 0.714844 0.282552 0.711914 0.274740 0.708984 0.270833 0.699219 0.270833 0.698242 0.269531 0.693359 0.269531 0.692383 0.268229 0.690430 0.269531 0.688477 0.268229 0.681641 0.268229 0.677734 0.270833 0.671875 0.278646 0.671875 0.279948 0.669922 0.282552 0.669922 0.285156 0.668945 0.286458 0.668945 0.290365
0 0.639648 0.303385 0.634766 0.309896 0.634766 0.312500 0.633789 0.313802 0.633789 0.324219 0.632812 0.325521 0.632812 0.335938 0.633789 0.338542 0.637695 0.343750 0.641602 0.346354 0.643555 0.346354 0.647461 0.348958 0.650391 0.352865 0.652344 0.354167 0.654297 0.354167 0.655273 0.355469 0.666992 0.355469 0.669922 0.352865 0.671875 0.352865 0.677734 0.346354 0.678711 0.343750 0.678711 0.338542 0.679688 0.337240 0.679688 0.325521 0.678711 0.324219 0.678711 0.317708 0.676758 0.313802 0.676758 0.309896 0.674805 0.308594 0.673828 0.305990 0.671875 0.304688 0.669922 0.304688 0.668945 0.303385 0.664062 0.303385 0.663086 0.302083 0.658203 0.302083 0.657227 0.300781 0.646484 0.300781 0.645508 0.302083 0.642578 0.302083 0.641602 0.303385
0 0.627930 0.361979 0.626953 0.363281 0.626953 0.368490 0.627930 0.369792 0.627930 0.372396 0.628906 0.373698 0.628906 0.376302 0.629883 0.377604 0.629883 0.402344 0.631836 0.404948 0.631836 0.406250 0.634766 0.408854 0.638672 0.408854 0.639648 0.410156 0.646484 0.410156 0.647461 0.411458 0.655273 0.411458 0.656250 0.410156 0.658203 0.410156 0.662109 0.404948 0.662109 0.403646 0.665039 0.397135 0.665039 0.384115 0.664062 0.382812 0.664062 0.380208 0.662109 0.376302 0.662109 0.373698 0.659180 0.368490 0.659180 0.367188 0.653320 0.359375 0.651367 0.359375 0.650391 0.358073 0.648438 0.358073 0.647461 0.356771 0.645508 0.356771 0.644531 0.355469 0.635742 0.355469 0.634766 0.356771 0.631836 0.358073 0.628906 0.361979
0 0.677734 0.352865 0.673828 0.358073 0.671875 0.364583 0.668945 0.368490 0.668945 0.382812 0.670898 0.388021 0.673828 0.391927 0.677734 0.394531 0.678711 0.397135 0.683594 0.403646 0.687500 0.406250 0.701172 0.406250 0.702148 0.404948 0.704102 0.404948 0.706055 0.403646 0.708008 0.398438 0.708008 0.394531 0.710938 0.388021 0.710938 0.382812 0.711914 0.381510 0.711914 0.376302 0.712891 0.375000 0.713867 0.365885 0.709961 0.363281 0.708008 0.363281 0.706055 0.361979 0.699219 0.352865 0.697266 0.351562 0.695312 0.351562 0.694336 0.350260 0.692383 0.350260 0.691406 0.348958 0.689453 0.348958 0.688477 0.347656 0.682617 0.352865
0 0.662109 0.407552 0.661133 0.411458 0.658203 0.414062 0.658203 0.415365 0.659180 0.416667 0.659180 0.437500 0.661133 0.441406 0.662109 0.441406 0.664062 0.444010 0.666016 0.444010 0.666992 0.445312 0.669922 0.445312 0.670898 0.446615 0.673828 0.446615 0.674805 0.447917 0.676758 0.447917 0.677734 0.449219 0.679688 0.449219 0.680664 0.450521 0.683594 0.450521 0.684570 0.451823 0.689453 0.450521 0.696289 0.442708 0.696289 0.441406 0.697266 0.440104 0.697266 0.437500 0.698242 0.436198 0.698242 0.430990 0.699219 0.429688 0.699219 0.415365 0.700195 0.414062 0.699219 0.412760 0.699219 0.410156 0.698242 0.408854 0.689453 0.408854 0.688477 0.407552 0.683594 0.406250 0.682617 0.404948 0.681641 0.404948 0.680664 0.403646 0.678711 0.403646 0.677734 0.402344 0.672852 0.402344 0.671875 0.403646 0.669922 0.403646 0.668945 0.404948 0.665039 0.404948 0.663086 0.407552
0 0.708008 0.425781 0.707031 0.427083 0.707031 0.428385 0.703125 0.432292 0.703125 0.433594 0.700195 0.437500 0.699219 0.441406 0.696289 0.445312 0.696289 0.451823 0.697266 0.453125 0.699219 0.459635 0.701172 0.462240 0.702148 0.466146 0.704102 0.468750 0.705078 0.468750 0.711914 0.477865 0.712891 0.477865 0.713867 0.479167 0.715820 0.479167 0.716797 0.480469 0.723633 0.480469 0.724609 0.479167 0.729492 0.476562 0.734375 0.470052 0.734375 0.468750 0.735352 0.467448 0.736328 0.467448 0.739258 0.463542 0.739258 0.462240 0.740234 0.460938 0.740234 0.453125 0.736328 0.447917 0.736328 0.446615 0.735352 0.445312 0.735352 0.441406 0.734375 0.440104 0.733398 0.436198 0.727539 0.428385 0.726562 0.428385 0.723633 0.425781
0 0.743164 0.459635 0.742188 0.460938 0.741211 0.460938 0.739258 0.463542 0.739258 0.464844 0.736328 0.468750 0.735352 0.468750 0.733398 0.471354 0.733398 0.472656 0.732422 0.473958 0.731445 0.473958 0.727539 0.479167 0.726562 0.479167 0.723633 0.481771 0.720703 0.481771 0.721680 0.483073 0.721680 0.484375 0.722656 0.485677 0.722656 0.488281 0.723633 0.489583 0.724609 0.493490 0.726562 0.496094 0.727539 0.500000 0.731445 0.505208 0.736328 0.505208 0.737305 0.506510 0.739258 0.506510 0.742188 0.509115 0.747070 0.509115 0.749023 0.506510 0.749023 0.505208 0.751953 0.501302 0.751953 0.500000 0.754883 0.496094 0.755859 0.496094 0.762695 0.486979 0.762695 0.483073 0.761719 0.481771 0.760742 0.477865 0.756836 0.472656 0.755859 0.468750 0.750977 0.462240 0.748047 0.462240 0.746094 0.459635
0 0.721680 0.231771 0.720703 0.235677 0.717773 0.239583 0.716797 0.243490 0.712891 0.250000 0.712891 0.264323 0.713867 0.265625 0.713867 0.272135 0.714844 0.273438 0.714844 0.276042 0.716797 0.281250 0.718750 0.282552 0.722656 0.282552 0.723633 0.283854 0.726562 0.283854 0.727539 0.282552 0.731445 0.282552 0.735352 0.279948 0.745117 0.279948 0.746094 0.278646 0.748047 0.278646 0.750977 0.274740 0.754883 0.272135 0.757812 0.266927 0.757812 0.265625 0.760742 0.261719 0.760742 0.259115 0.761719 0.257812 0.761719 0.242188 0.757812 0.231771 0.755859 0.230469 0.729492 0.230469 0.728516 0.229167 0.727539 0.230469 0.724609 0.230469 0.723633 0.231771
0 0.766602 0.272135 0.764648 0.272135 0.763672 0.270833 0.760742 0.270833 0.759766 0.272135 0.754883 0.273438 0.751953 0.277344 0.744141 0.282552 0.735352 0.282552 0.729492 0.286458 0.727539 0.289062 0.727539 0.291667 0.726562 0.292969 0.726562 0.298177 0.727539 0.299479 0.727539 0.305990 0.728516 0.307292 0.728516 0.309896 0.730469 0.312500 0.731445 0.312500 0.733398 0.315104 0.737305 0.317708 0.743164 0.324219 0.750977 0.324219 0.751953 0.322917 0.757812 0.322917 0.758789 0.321615 0.760742 0.321615 0.761719 0.320312 0.764648 0.320312 0.766602 0.319010 0.766602 0.317708 0.768555 0.315104 0.768555 0.312500 0.769531 0.309896 0.771484 0.307292 0.771484 0.304688 0.773438 0.300781 0.773438 0.296875 0.774414 0.295573 0.774414 0.289062 0.773438 0.287760 0.773438 0.285156 0.771484 0.279948
0 0.712891 0.312500 0.708008 0.319010 0.707031 0.319010 0.705078 0.321615 0.704102 0.321615 0.698242 0.329427 0.698242 0.330729 0.697266 0.332031 0.697266 0.339844 0.698242 0.341146 0.698242 0.343750 0.699219 0.345052 0.699219 0.350260 0.705078 0.358073 0.706055 0.358073 0.709961 0.361979 0.713867 0.361979 0.714844 0.363281 0.721680 0.363281 0.722656 0.364583 0.725586 0.364583 0.726562 0.365885 0.728516 0.365885 0.729492 0.364583 0.730469 0.364583 0.733398 0.360677 0.733398 0.359375 0.736328 0.355469 0.736328 0.354167 0.737305 0.352865 0.738281 0.352865 0.743164 0.346354 0.743164 0.342448 0.744141 0.341146 0.744141 0.328125 0.742188 0.324219 0.741211 0.324219 0.739258 0.321615 0.738281 0.321615 0.736328 0.319010 0.735352 0.319010 0.732422 0.316406 0.729492 0.316406 0.728516 0.315104 0.726562 0.315104 0.725586 0.313802 0.722656 0.313802 0.721680 0.312500
0 0.778320 0.299479 0.777344 0.300781 0.775391 0.300781 0.773438 0.303385 0.773438 0.305990 0.771484 0.308594 0.769531 0.316406 0.766602 0.320312 0.766602 0.322917 0.765625 0.324219 0.765625 0.329427 0.767578 0.332031 0.769531 0.332031 0.770508 0.333333 0.772461 0.333333 0.773438 0.334635 0.774414 0.334635 0.775391 0.335938 0.778320 0.337240 0.781250 0.341146 0.781250 0.343750 0.782227 0.345052 0.782227 0.350260 0.786133 0.350260 0.787109 0.348958 0.789062 0.348958 0.790039 0.347656 0.792969 0.346354 0.792969 0.345052 0.794922 0.342448 0.794922 0.341146 0.795898 0.339844 0.795898 0.335938 0.796875 0.334635 0.796875 0.313802 0.795898 0.312500 0.795898 0.311198 0.794922 0.309896 0.793945 0.305990 0.791992 0.303385 0.790039 0.303385 0.789062 0.302083 0.785156 0.302083 0.784180 0.300781 0.779297 0.300781
0 0.748047 0.330729 0.746094 0.334635 0.746094 0.341146 0.745117 0.342448 0.745117 0.345052 0.744141 0.347656 0.738281 0.355469 0.738281 0.356771 0.735352 0.361979 0.735352 0.364583 0.734375 0.365885 0.734375 0.373698 0.740234 0.380208 0.744141 0.382812 0.746094 0.382812 0.747070 0.384115 0.752930 0.384115 0.753906 0.385417 0.768555 0.385417 0.769531 0.384115 0.771484 0.384115 0.774414 0.377604 0.774414 0.373698 0.779297 0.361979 0.779297 0.358073 0.781250 0.352865 0.781250 0.345052 0.780273 0.343750 0.780273 0.341146 0.778320 0.338542 0.774414 0.335938 0.767578 0.334635 0.764648 0.332031 0.760742 0.332031 0.759766 0.330729
0 0.784180 0.358073 0.782227 0.358073 0.779297 0.361979 0.779297 0.364583 0.776367 0.371094 0.776367 0.373698 0.775391 0.375000 0.775391 0.377604 0.774414 0.378906 0.774414 0.380208 0.772461 0.382812 0.772461 0.384115 0.770508 0.386719 0.769531 0.386719 0.769531 0.389323 0.768555 0.390625 0.768555 0.401042 0.769531 0.402344 0.769531 0.404948 0.773438 0.410156 0.775391 0.410156 0.776367 0.411458 0.785156 0.411458 0.786133 0.410156 0.789062 0.408854 0.791016 0.406250 0.793945 0.404948 0.795898 0.402344 0.796875 0.398438 0.798828 0.395833 0.798828 0.394531 0.801758 0.388021 0.801758 0.377604 0.800781 0.376302 0.800781 0.375000 0.798828 0.372396 0.798828 0.371094 0.792969 0.363281 0.791992 0.363281 0.787109 0.359375 0.785156 0.359375
0 0.743164 0.388021 0.742188 0.389323 0.739258 0.390625 0.739258 0.391927 0.737305 0.395833 0.737305 0.403646 0.736328 0.404948 0.736328 0.408854 0.735352 0.410156 0.735352 0.415365 0.734375 0.416667 0.734375 0.419271 0.731445 0.423177 0.730469 0.423177 0.730469 0.424479 0.732422 0.427083 0.732422 0.428385 0.734375 0.430990 0.734375 0.432292 0.737305 0.436198 0.740234 0.437500 0.742188 0.440104 0.746094 0.440104 0.747070 0.441406 0.750000 0.441406 0.750977 0.440104 0.756836 0.440104 0.760742 0.436198 0.761719 0.436198 0.765625 0.430990 0.766602 0.430990 0.767578 0.429688 0.767578 0.428385 0.768555 0.427083 0.768555 0.416667 0.769531 0.415365 0.769531 0.408854 0.767578 0.404948 0.767578 0.402344 0.766602 0.401042 0.766602 0.399740 0.764648 0.397135 0.762695 0.397135 0.756836 0.391927 0.754883 0.391927 0.753906 0.390625 0.750977 0.390625 0.748047 0.388021
0 0.782227 0.420573 0.780273 0.420573 0.779297 0.419271 0.773438 0.419271 0.772461 0.420573 0.771484 0.420573 0.771484 0.421875 0.770508 0.423177 0.770508 0.425781 0.769531 0.427083 0.768555 0.430990 0.767578 0.432292 0.766602 0.432292 0.764648 0.434896 0.763672 0.434896 0.761719 0.437500 0.761719 0.438802 0.759766 0.441406 0.758789 0.441406 0.753906 0.447917 0.753906 0.455729 0.754883 0.457031 0.755859 0.457031 0.760742 0.463542 0.760742 0.464844 0.762695 0.467448 0.763672 0.467448 0.766602 0.470052 0.774414 0.470052 0.775391 0.468750 0.777344 0.468750 0.778320 0.467448 0.781250 0.467448 0.783203 0.464844 0.784180 0.464844 0.788086 0.459635 0.788086 0.458333 0.790039 0.455729 0.790039 0.454427 0.791016 0.453125 0.791016 0.450521 0.791992 0.449219 0.792969 0.442708 0.794922 0.438802 0.793945 0.437500 0.793945 0.434896 0.792969 0.434896 0.787109 0.427083 0.787109 0.425781 0.786133 0.425781
0 0.811523 0.415365 0.807617 0.415365 0.806641 0.416667 0.803711 0.417969 0.800781 0.421875 0.800781 0.423177 0.799805 0.424479 0.799805 0.425781 0.798828 0.427083 0.798828 0.428385 0.795898 0.434896 0.795898 0.440104 0.793945 0.444010 0.793945 0.447917 0.792969 0.449219 0.792969 0.450521 0.798828 0.459635 0.799805 0.459635 0.802734 0.462240 0.804688 0.462240 0.805664 0.463542 0.809570 0.463542 0.812500 0.460938 0.814453 0.460938 0.817383 0.458333 0.819336 0.458333 0.821289 0.455729 0.821289 0.454427 0.822266 0.453125 0.822266 0.451823 0.823242 0.450521 0.824219 0.446615 0.826172 0.444010 0.826172 0.441406 0.829102 0.434896 0.829102 0.430990 0.826172 0.427083 0.825195 0.427083 0.821289 0.421875 0.820312 0.421875 0.817383 0.417969 0.816406 0.417969 0.815430 0.416667 0.812500 0.416667
0 0.772461 0.476562 0.772461 0.479167 0.771484 0.480469 0.771484 0.485677 0.772461 0.486979 0.775391 0.496094 0.778320 0.500000 0.779297 0.500000 0.780273 0.501302 0.782227 0.501302 0.785156 0.503906 0.787109 0.503906 0.791992 0.507812 0.794922 0.507812 0.795898 0.509115 0.803711 0.509115 0.804688 0.507812 0.807617 0.506510 0.810547 0.502604 0.810547 0.501302 0.812500 0.497396 0.812500 0.492188 0.813477 0.490885 0.813477 0.475260 0.812500 0.473958 0.811523 0.470052 0.809570 0.467448 0.808594 0.467448 0.807617 0.466146 0.805664 0.466146 0.804688 0.464844 0.791992 0.464844 0.791016 0.466146 0.786133 0.467448 0.783203 0.470052 0.781250 0.470052 0.776367 0.473958 0.774414 0.473958
0 0.851562 0.464844 0.846680 0.458333 0.844727 0.458333 0.841797 0.455729 0.839844 0.455729 0.838867 0.454427 0.836914 0.454427 0.835938 0.453125 0.834961 0.453125 0.833984 0.451823 0.829102 0.449219 0.829102 0.451823 0.828125 0.453125 0.828125 0.454427 0.826172 0.457031 0.824219 0.457031 0.823242 0.458333 0.820312 0.459635 0.814453 0.466146 0.814453 0.473958 0.815430 0.475260 0.815430 0.485677 0.816406 0.486979 0.816406 0.490885 0.817383 0.492188 0.818359 0.496094 0.821289 0.498698 0.825195 0.498698 0.826172 0.497396 0.833984 0.497396 0.834961 0.496094 0.837891 0.496094 0.838867 0.494792 0.840820 0.494792 0.841797 0.493490 0.842773 0.493490 0.844727 0.490885 0.847656 0.489583 0.849609 0.486979 0.849609 0.485677 0.850586 0.484375 0.850586 0.476562 0.851562 0.475260
