0 0.031250 0.291123 0.031250 0.304178 0.034180 0.309399 0.034180 0.310705 0.036133 0.312010 0.041016 0.319843 0.042969 0.321149 0.044922 0.321149 0.045898 0.322454 0.047852 0.322454 0.048828 0.323760 0.050781 0.323760 0.051758 0.325065 0.058594 0.325065 0.059570 0.323760 0.069336 0.323760 0.070312 0.322454 0.077148 0.322454 0.078125 0.321149 0.080078 0.321149 0.082031 0.319843 0.082031 0.317232 0.083984 0.313316 0.083984 0.301567 0.083008 0.300261 0.083008 0.295039 0.081055 0.293734 0.076172 0.287206 0.076172 0.285901 0.072266 0.288512 0.070312 0.288512 0.069336 0.287206 0.053711 0.287206 0.052734 0.288512 0.043945 0.288512 0.042969 0.287206 0.041016 0.287206 0.037109 0.284595
0 0.073242 0.272846 0.074219 0.275457 0.074219 0.278068 0.078125 0.283290 0.079102 0.283290 0.086914 0.295039 0.094727 0.300261 0.097656 0.304178 0.101562 0.306789 0.108398 0.306789 0.112305 0.304178 0.117188 0.304178 0.118164 0.302872 0.120117 0.302872 0.124023 0.300261 0.125000 0.297650 0.128906 0.293734 0.127930 0.292428 0.125977 0.292428 0.124023 0.289817 0.124023 0.272846 0.123047 0.272846 0.118164 0.265013 0.108398 0.258486 0.102539 0.258486 0.101562 0.259791 0.098633 0.259791 0.095703 0.262402 0.093750 0.262402 0.087891 0.266319 0.085938 0.266319 0.083984 0.268930 0.077148 0.270235
0 0.126953 0.263708 0.127930 0.265013 0.127930 0.270235 0.132812 0.278068 0.132812 0.280679 0.133789 0.281984 0.133789 0.284595 0.134766 0.285901 0.135742 0.289817 0.137695 0.292428 0.137695 0.293734 0.139648 0.296345 0.139648 0.297650 0.140625 0.297650 0.147461 0.308094 0.158203 0.308094 0.161133 0.305483 0.166016 0.305483 0.166992 0.304178 0.169922 0.304178 0.169922 0.302872 0.171875 0.298956 0.171875 0.287206 0.170898 0.285901 0.170898 0.281984 0.169922 0.280679 0.169922 0.279373 0.165039 0.279373 0.164062 0.278068 0.162109 0.278068 0.161133 0.276762 0.160156 0.276762 0.153320 0.267624 0.153320 0.266319 0.152344 0.265013 0.152344 0.261097 0.150391 0.258486 0.144531 0.258486 0.143555 0.257180 0.140625 0.257180 0.139648 0.258486 0.136719 0.258486 0.131836 0.262402 0.128906 0.262402 0.127930 0.263708
0 0.154297 0.234987 0.154297 0.236292 0.151367 0.242820 0.151367 0.250653 0.152344 0.251958 0.152344 0.255875 0.151367 0.257180 0.153320 0.261097 0.153320 0.265013 0.154297 0.266319 0.154297 0.267624 0.161133 0.275457 0.176758 0.275457 0.177734 0.274151 0.188477 0.274151 0.189453 0.272846 0.192383 0.272846 0.195312 0.267624 0.195312 0.263708 0.196289 0.262402 0.196289 0.261097 0.195312 0.259791 0.195312 0.249347 0.196289 0.248042 0.196289 0.246736 0.195312 0.245431 0.194336 0.241514 0.193359 0.241514 0.188477 0.236292 0.186523 0.236292 0.185547 0.234987 0.183594 0.234987 0.182617 0.233681 0.179688 0.233681 0.178711 0.232376 0.177734 0.232376 0.173828 0.227154 0.171875 0.227154 0.170898 0.225849 0.166992 0.225849 0.159180 0.233681 0.156250 0.233681 0.155273 0.234987
0 0.166992 0.157963 0.166992 0.168407 0.167969 0.169713 0.167969 0.176240 0.171875 0.186684 0.176758 0.193211 0.177734 0.197128 0.180664 0.201044 0.181641 0.203655 0.185547 0.206266 0.196289 0.206266 0.199219 0.203655 0.201172 0.203655 0.208984 0.198433 0.211914 0.194517 0.211914 0.174935 0.210938 0.173629 0.210938 0.161880 0.208984 0.157963 0.207031 0.157963 0.206055 0.156658 0.188477 0.156658 0.187500 0.155352 0.179688 0.155352 0.178711 0.154047 0.170898 0.154047
0 0.208984 0.208877 0.208984 0.210183 0.208008 0.211488 0.208008 0.221932 0.208984 0.223238 0.208984 0.227154 0.210938 0.229765 0.211914 0.233681 0.212891 0.233681 0.219727 0.242820 0.219727 0.244125 0.222656 0.248042 0.223633 0.248042 0.225586 0.250653 0.226562 0.250653 0.230469 0.255875 0.234375 0.255875 0.235352 0.257180 0.236328 0.255875 0.240234 0.255875 0.241211 0.254569 0.244141 0.254569 0.245117 0.253264 0.246094 0.253264 0.249023 0.249347 0.249023 0.240209 0.248047 0.238903 0.248047 0.233681 0.247070 0.232376 0.247070 0.220627 0.246094 0.219321 0.246094 0.214099 0.243164 0.208877 0.243164 0.207572 0.240234 0.203655 0.239258 0.203655 0.232422 0.198433 0.230469 0.198433 0.229492 0.197128 0.224609 0.197128 0.223633 0.198433 0.218750 0.201044 0.216797 0.203655 0.216797 0.204961 0.212891 0.208877
0 0.215820 0.155352 0.215820 0.157963 0.214844 0.159269 0.214844 0.174935 0.215820 0.176240 0.217773 0.182768 0.225586 0.193211 0.226562 0.193211 0.229492 0.195822 0.231445 0.195822 0.234375 0.198433 0.236328 0.198433 0.237305 0.199739 0.245117 0.199739 0.246094 0.198433 0.248047 0.198433 0.251953 0.194517 0.254883 0.194517 0.256836 0.191906 0.256836 0.187990 0.257812 0.186684 0.257812 0.164491 0.256836 0.163185 0.256836 0.157963 0.255859 0.156658 0.255859 0.154047 0.254883 0.152742 0.253906 0.152742 0.250977 0.150131 0.227539 0.150131 0.226562 0.151436 0.221680 0.151436 0.220703 0.152742 0.218750 0.152742
0 0.258789 0.197128 0.256836 0.199739 0.254883 0.204961 0.254883 0.221932 0.255859 0.223238 0.255859 0.227154 0.256836 0.228460 0.256836 0.234987 0.255859 0.236292 0.255859 0.248042 0.256836 0.250653 0.262695 0.254569 0.264648 0.257180 0.266602 0.257180 0.267578 0.258486 0.273438 0.258486 0.274414 0.257180 0.279297 0.257180 0.280273 0.255875 0.283203 0.255875 0.287109 0.253264 0.290039 0.253264 0.294922 0.249347 0.296875 0.246736 0.299805 0.237598 0.304688 0.231070 0.304688 0.228460 0.305664 0.227154 0.303711 0.223238 0.303711 0.215405 0.305664 0.211488 0.305664 0.206266 0.302734 0.203655 0.300781 0.203655 0.298828 0.201044 0.291016 0.201044 0.290039 0.199739 0.286133 0.199739 0.285156 0.198433 0.277344 0.198433 0.276367 0.197128 0.265625 0.197128 0.264648 0.198433
0 0.048828 0.335509 0.041016 0.345953 0.041016 0.347258 0.038086 0.353786 0.038086 0.357702 0.039062 0.359008 0.039062 0.361619 0.041992 0.362924 0.047852 0.370757 0.048828 0.370757 0.055664 0.379896 0.055664 0.381201 0.056641 0.382507 0.056641 0.385117 0.058594 0.387728 0.066406 0.387728 0.067383 0.386423 0.072266 0.383812 0.074219 0.381201 0.077148 0.379896 0.082031 0.373368 0.082031 0.372063 0.083984 0.369452 0.083984 0.364230 0.084961 0.362924 0.083984 0.356397 0.080078 0.352480 0.075195 0.349869 0.072266 0.345953 0.072266 0.343342 0.068359 0.338120 0.067383 0.338120 0.066406 0.336815 0.063477 0.336815 0.060547 0.334204 0.052734 0.334204 0.051758 0.335509
0 0.083984 0.379896 0.083984 0.381201 0.083008 0.382507 0.083008 0.390339 0.082031 0.391645 0.082031 0.398172 0.083984 0.400783 0.085938 0.407311 0.089844 0.412533 0.090820 0.412533 0.092773 0.415144 0.093750 0.415144 0.094727 0.416449 0.096680 0.416449 0.097656 0.417755 0.099609 0.417755 0.100586 0.419060 0.103516 0.419060 0.107422 0.422977 0.109375 0.422977 0.110352 0.424282 0.111328 0.422977 0.112305 0.422977 0.115234 0.419060 0.118164 0.417755 0.123047 0.412533 0.125977 0.411227 0.125977 0.409922 0.126953 0.408616 0.126953 0.402089 0.125000 0.399478 0.125000 0.396867 0.124023 0.395561 0.124023 0.391645 0.125000 0.390339 0.125000 0.387728 0.124023 0.386423 0.122070 0.386423 0.121094 0.385117 0.119141 0.385117 0.118164 0.383812 0.112305 0.383812 0.111328 0.382507 0.108398 0.382507 0.107422 0.381201 0.102539 0.379896 0.100586 0.377285 0.098633 0.377285 0.097656 0.375979 0.086914 0.375979
0 0.103516 0.339426 0.103516 0.340731 0.101562 0.344648 0.101562 0.347258 0.098633 0.353786 0.098633 0.357702 0.097656 0.359008 0.097656 0.362924 0.096680 0.364230 0.096680 0.369452 0.098633 0.373368 0.101562 0.374674 0.103516 0.377285 0.105469 0.377285 0.106445 0.378590 0.108398 0.378590 0.109375 0.379896 0.112305 0.379896 0.113281 0.381201 0.117188 0.381201 0.118164 0.382507 0.131836 0.382507 0.132812 0.381201 0.133789 0.381201 0.138672 0.374674 0.138672 0.373368 0.141602 0.368146 0.141602 0.364230 0.140625 0.362924 0.138672 0.356397 0.135742 0.352480 0.134766 0.352480 0.128906 0.345953 0.126953 0.345953 0.125977 0.344648 0.125000 0.344648 0.118164 0.339426 0.116211 0.339426 0.115234 0.338120 0.104492 0.338120
0 0.171875 0.313316 0.169922 0.315927 0.169922 0.319843 0.167969 0.322454 0.167969 0.323760 0.166016 0.326371 0.166016 0.327676 0.160156 0.335509 0.160156 0.336815 0.159180 0.338120 0.159180 0.343342 0.160156 0.344648 0.160156 0.345953 0.162109 0.348564 0.162109 0.349869 0.168945 0.359008 0.169922 0.359008 0.170898 0.360313 0.170898 0.361619 0.172852 0.364230 0.173828 0.364230 0.174805 0.365535 0.177734 0.365535 0.180664 0.368146 0.181641 0.366841 0.182617 0.366841 0.183594 0.365535 0.183594 0.364230 0.186523 0.360313 0.186523 0.359008 0.187500 0.357702 0.187500 0.356397 0.188477 0.355091 0.188477 0.353786 0.189453 0.352480 0.191406 0.345953 0.193359 0.343342 0.193359 0.342037 0.194336 0.340731 0.194336 0.338120 0.195312 0.336815 0.195312 0.335509 0.194336 0.334204 0.192383 0.327676 0.190430 0.325065 0.190430 0.323760 0.189453 0.323760 0.187500 0.321149 0.186523 0.321149 0.184570 0.318538 0.181641 0.317232 0.179688 0.314621 0.178711 0.314621 0.177734 0.313316
0 0.215820 0.310705 0.212891 0.313316 0.212891 0.314621 0.210938 0.317232 0.210938 0.318538 0.204102 0.327676 0.203125 0.327676 0.201172 0.330287 0.200195 0.330287 0.199219 0.331593 0.199219 0.332898 0.198242 0.334204 0.198242 0.336815 0.199219 0.338120 0.199219 0.340731 0.200195 0.342037 0.201172 0.345953 0.205078 0.351175 0.205078 0.352480 0.208984 0.359008 0.209961 0.359008 0.211914 0.361619 0.212891 0.361619 0.213867 0.362924 0.221680 0.362924 0.224609 0.359008 0.224609 0.357702 0.226562 0.355091 0.227539 0.355091 0.228516 0.353786 0.228516 0.352480 0.237305 0.339426 0.237305 0.338120 0.238281 0.336815 0.238281 0.328982 0.236328 0.326371 0.235352 0.326371 0.231445 0.321149 0.231445 0.319843 0.230469 0.319843 0.227539 0.315927 0.226562 0.315927 0.223633 0.313316 0.221680 0.313316 0.220703 0.312010 0.217773 0.312010 0.216797 0.310705
0 0.162109 0.378590 0.162109 0.379896 0.161133 0.381201 0.161133 0.386423 0.162109 0.387728 0.162109 0.390339 0.164062 0.392950 0.165039 0.396867 0.166016 0.398172 0.166992 0.398172 0.170898 0.403394 0.171875 0.403394 0.174805 0.406005 0.176758 0.406005 0.177734 0.407311 0.179688 0.407311 0.180664 0.408616 0.197266 0.408616 0.197266 0.407311 0.199219 0.404700 0.199219 0.403394 0.200195 0.402089 0.201172 0.402089 0.201172 0.400783 0.203125 0.398172 0.203125 0.395561 0.204102 0.394256 0.204102 0.391645 0.203125 0.390339 0.203125 0.386423 0.201172 0.383812 0.200195 0.379896 0.191406 0.370757 0.183594 0.370757 0.182617 0.372063 0.176758 0.372063 0.175781 0.373368 0.172852 0.373368 0.170898 0.370757 0.169922 0.370757 0.167969 0.373368 0.165039 0.374674
0 0.151367 0.412533 0.147461 0.417755 0.147461 0.425587 0.148438 0.426893 0.148438 0.432115 0.149414 0.433420 0.149414 0.436031 0.150391 0.437337 0.150391 0.439948 0.151367 0.441253 0.151367 0.442559 0.153320 0.445170 0.155273 0.451697 0.157227 0.454308 0.158203 0.454308 0.159180 0.455614 0.170898 0.455614 0.171875 0.454308 0.173828 0.454308 0.174805 0.453003 0.175781 0.453003 0.177734 0.450392 0.178711 0.450392 0.183594 0.443864 0.183594 0.441253 0.184570 0.439948 0.184570 0.429504 0.183594 0.428198 0.183594 0.417755 0.181641 0.415144 0.180664 0.415144 0.178711 0.412533 0.177734 0.412533 0.174805 0.409922 0.172852 0.409922 0.171875 0.408616 0.169922 0.408616 0.168945 0.407311 0.158203 0.407311 0.155273 0.411227 0.153320 0.411227 0.152344 0.412533
0 0.106445 0.450392 0.104492 0.456919 0.107422 0.460836 0.108398 0.464752 0.112305 0.471279 0.112305 0.472585 0.113281 0.473890 0.113281 0.475196 0.115234 0.477807 0.115234 0.479112 0.119141 0.484334 0.123047 0.484334 0.125977 0.486945 0.127930 0.486945 0.128906 0.488251 0.130859 0.488251 0.131836 0.489556 0.134766 0.489556 0.135742 0.488251 0.138672 0.486945 0.139648 0.483029 0.141602 0.480418 0.141602 0.479112 0.143555 0.476501 0.143555 0.475196 0.144531 0.473890 0.144531 0.463446 0.145508 0.462141 0.146484 0.462141 0.146484 0.460836 0.145508 0.460836 0.143555 0.463446 0.140625 0.463446 0.139648 0.462141 0.135742 0.462141 0.128906 0.451697 0.127930 0.447781 0.126953 0.446475 0.125977 0.446475 0.125000 0.445170 0.123047 0.445170 0.122070 0.443864 0.115234 0.443864 0.114258 0.445170 0.112305 0.445170 0.111328 0.446475 0.108398 0.447781
0 0.060547 0.436031 0.060547 0.437337 0.059570 0.438642 0.059570 0.445170 0.060547 0.446475 0.061523 0.450392 0.068359 0.459530 0.069336 0.459530 0.074219 0.466057 0.075195 0.466057 0.076172 0.467363 0.078125 0.467363 0.079102 0.468668 0.081055 0.468668 0.082031 0.467363 0.083984 0.467363 0.084961 0.468668 0.091797 0.468668 0.092773 0.467363 0.094727 0.467363 0.097656 0.463446 0.098633 0.463446 0.098633 0.458225 0.099609 0.456919 0.098633 0.455614 0.098633 0.446475 0.097656 0.445170 0.097656 0.443864 0.096680 0.442559 0.095703 0.442559 0.091797 0.436031 0.089844 0.436031 0.088867 0.434726 0.084961 0.434726 0.083984 0.436031 0.077148 0.436031 0.076172 0.434726 0.075195 0.434726 0.074219 0.436031 0.065430 0.436031 0.064453 0.434726 0.063477 0.434726 0.062500 0.436031
0 0.133789 0.492167 0.133789 0.493473 0.134766 0.494778 0.135742 0.494778 0.139648 0.500000 0.154297 0.506527 0.155273 0.505222 0.159180 0.505222 0.160156 0.503916 0.163086 0.503916 0.164062 0.502611 0.166016 0.502611 0.166992 0.501305 0.169922 0.500000 0.172852 0.496084 0.172852 0.494778 0.174805 0.492167 0.174805 0.489556 0.175781 0.488251 0.175781 0.485640 0.176758 0.484334 0.176758 0.481723 0.172852 0.481723 0.171875 0.480418 0.169922 0.480418 0.164062 0.472585 0.164062 0.471279 0.163086 0.471279 0.162109 0.469974 0.160156 0.469974 0.159180 0.468668 0.149414 0.468668 0.145508 0.473890 0.145508 0.475196 0.144531 0.476501 0.143555 0.480418 0.141602 0.483029 0.141602 0.484334 0.137695 0.489556 0.136719 0.489556
0 0.137695 0.500000 0.132812 0.500000 0.131836 0.501305 0.128906 0.501305 0.127930 0.502611 0.125000 0.502611 0.124023 0.503916 0.123047 0.503916 0.122070 0.505222 0.121094 0.505222 0.120117 0.506527 0.117188 0.507833 0.115234 0.510444 0.114258 0.510444 0.111328 0.514360 0.111328 0.516971 0.110352 0.518277 0.110352 0.519582 0.111328 0.520888 0.111328 0.524804 0.112305 0.526110 0.113281 0.530026 0.120117 0.539164 0.120117 0.540470 0.123047 0.544386 0.124023 0.544386 0.125977 0.546997 0.126953 0.546997 0.127930 0.548303 0.129883 0.548303 0.132812 0.544386 0.133789 0.544386 0.146484 0.527415 0.146484 0.526110 0.147461 0.524804 0.147461 0.518277 0.146484 0.516971 0.146484 0.514360 0.145508 0.513055 0.147461 0.510444 0.147461 0.507833 0.146484 0.507833 0.145508 0.506527 0.143555 0.506527 0.142578 0.505222 0.142578 0.503916 0.139648 0.502611
0 0.189453 0.528721 0.188477 0.527415 0.188477 0.526110 0.185547 0.522193 0.182617 0.522193 0.181641 0.523499 0.180664 0.523499 0.176758 0.519582 0.175781 0.520888 0.171875 0.520888 0.168945 0.524804 0.167969 0.524804 0.166992 0.526110 0.163086 0.526110 0.160156 0.523499 0.155273 0.523499 0.154297 0.524804 0.153320 0.524804 0.153320 0.526110 0.151367 0.528721 0.150391 0.528721 0.148438 0.531332 0.147461 0.531332 0.144531 0.535248 0.144531 0.536554 0.143555 0.537859 0.143555 0.541775 0.145508 0.545692 0.145508 0.548303 0.146484 0.549608 0.146484 0.552219 0.147461 0.553525 0.147461 0.554830 0.150391 0.558747 0.152344 0.558747 0.153320 0.560052 0.161133 0.560052 0.162109 0.558747 0.167969 0.558747 0.168945 0.557441 0.172852 0.557441 0.173828 0.556136 0.176758 0.556136 0.177734 0.554830 0.180664 0.554830 0.181641 0.553525 0.182617 0.553525 0.182617 0.552219 0.186523 0.543081 0.186523 0.540470 0.187500 0.539164 0.187500 0.536554 0.188477 0.535248
0 0.191406 0.537859 0.191406 0.541775 0.192383 0.543081 0.192383 0.544386 0.193359 0.544386 0.201172 0.554830 0.202148 0.554830 0.205078 0.557441 0.208984 0.557441 0.209961 0.558747 0.218750 0.558747 0.219727 0.557441 0.221680 0.557441 0.222656 0.556136 0.225586 0.556136 0.226562 0.557441 0.228516 0.557441 0.228516 0.556136 0.231445 0.552219 0.231445 0.549608 0.232422 0.548303 0.232422 0.545692 0.233398 0.544386 0.233398 0.536554 0.232422 0.535248 0.232422 0.532637 0.230469 0.530026 0.230469 0.528721 0.229492 0.527415 0.228516 0.527415 0.226562 0.524804 0.225586 0.524804 0.224609 0.523499 0.222656 0.523499 0.221680 0.522193 0.214844 0.522193 0.213867 0.523499 0.206055 0.523499 0.205078 0.522193 0.203125 0.522193 0.202148 0.520888 0.200195 0.520888 0.200195 0.523499 0.199219 0.524804 0.199219 0.527415 0.198242 0.528721 0.198242 0.530026 0.197266 0.531332 0.196289 0.531332
0 0.258789 0.539164 0.253906 0.543081 0.251953 0.543081 0.250000 0.545692 0.249023 0.549608 0.247070 0.552219 0.247070 0.553525 0.245117 0.557441 0.245117 0.563969 0.246094 0.565274 0.246094 0.566580 0.245117 0.567885 0.245117 0.570496 0.247070 0.573107 0.247070 0.574413 0.250977 0.579634 0.250977 0.580940 0.251953 0.580940 0.258789 0.591384 0.259766 0.591384 0.262695 0.595300 0.268555 0.595300 0.270508 0.592689 0.271484 0.592689 0.271484 0.591384 0.275391 0.586162 0.278320 0.584856 0.281250 0.580940 0.281250 0.579634 0.282227 0.578329 0.282227 0.575718 0.283203 0.574413 0.283203 0.571802 0.284180 0.570496 0.284180 0.567885 0.285156 0.566580 0.285156 0.561358 0.282227 0.554830 0.281250 0.554830 0.279297 0.552219 0.277344 0.552219 0.276367 0.550914 0.273438 0.549608 0.266602 0.540470 0.264648 0.540470 0.263672 0.539164
0 0.271484 0.511749 0.270508 0.510444 0.270508 0.509138 0.266602 0.503916 0.265625 0.503916 0.264648 0.502611 0.263672 0.502611 0.262695 0.501305 0.261719 0.501305 0.258789 0.498695 0.252930 0.498695 0.251953 0.497389 0.250977 0.497389 0.250000 0.498695 0.246094 0.498695 0.244141 0.501305 0.243164 0.501305 0.240234 0.505222 0.240234 0.506527 0.234375 0.514360 0.234375 0.515666 0.232422 0.518277 0.232422 0.520888 0.230469 0.523499 0.230469 0.524804 0.231445 0.526110 0.231445 0.527415 0.233398 0.530026 0.235352 0.530026 0.236328 0.531332 0.238281 0.531332 0.239258 0.532637 0.257812 0.532637 0.258789 0.531332 0.260742 0.531332 0.261719 0.530026 0.262695 0.530026 0.265625 0.526110 0.266602 0.526110 0.267578 0.524804 0.267578 0.523499 0.268555 0.522193 0.268555 0.519582 0.271484 0.515666
0 0.202148 0.469974 0.200195 0.469974 0.193359 0.479112 0.190430 0.480418 0.188477 0.483029 0.187500 0.483029 0.184570 0.486945 0.183594 0.486945 0.181641 0.489556 0.181641 0.493473 0.185547 0.501305 0.186523 0.501305 0.188477 0.503916 0.190430 0.503916 0.192383 0.506527 0.193359 0.506527 0.196289 0.509138 0.199219 0.509138 0.200195 0.510444 0.201172 0.509138 0.204102 0.509138 0.208984 0.502611 0.209961 0.502611 0.210938 0.501305 0.213867 0.500000 0.215820 0.497389 0.220703 0.497389 0.220703 0.496084 0.221680 0.494778 0.221680 0.492167 0.220703 0.490862 0.220703 0.489556 0.216797 0.484334 0.216797 0.483029 0.215820 0.481723 0.215820 0.477807 0.214844 0.477807 0.213867 0.476501 0.211914 0.476501 0.208984 0.473890 0.207031 0.473890
0 0.212891 0.409922 0.207031 0.409922 0.206055 0.411227 0.204102 0.411227 0.203125 0.412533 0.196289 0.416449 0.193359 0.422977 0.193359 0.432115 0.192383 0.433420 0.192383 0.447781 0.193359 0.449086 0.193359 0.451697 0.196289 0.456919 0.196289 0.458225 0.197266 0.458225 0.202148 0.464752 0.208008 0.464752 0.208984 0.463446 0.212891 0.463446 0.213867 0.462141 0.218750 0.462141 0.222656 0.458225 0.223633 0.458225 0.224609 0.456919 0.226562 0.456919 0.227539 0.455614 0.230469 0.454308 0.232422 0.451697 0.232422 0.447781 0.233398 0.446475 0.233398 0.445170 0.232422 0.443864 0.232422 0.437337 0.231445 0.436031 0.229492 0.429504 0.226562 0.425587 0.226562 0.424282 0.224609 0.421671 0.224609 0.420366 0.223633 0.420366 0.218750 0.413838 0.217773 0.413838
0 0.255859 0.458225 0.254883 0.458225 0.251953 0.455614 0.249023 0.455614 0.248047 0.454308 0.244141 0.454308 0.243164 0.453003 0.242188 0.454308 0.235352 0.454308 0.232422 0.458225 0.231445 0.458225 0.229492 0.460836 0.229492 0.462141 0.222656 0.471279 0.222656 0.472585 0.220703 0.475196 0.219727 0.475196 0.218750 0.476501 0.218750 0.480418 0.217773 0.481723 0.218750 0.483029 0.218750 0.484334 0.221680 0.488251 0.221680 0.489556 0.224609 0.493473 0.226562 0.493473 0.227539 0.494778 0.228516 0.494778 0.233398 0.498695 0.236328 0.498695 0.237305 0.497389 0.238281 0.497389 0.240234 0.494778 0.241211 0.494778 0.244141 0.490862 0.247070 0.489556 0.250000 0.485640 0.250977 0.485640 0.253906 0.481723 0.253906 0.480418 0.255859 0.477807 0.255859 0.475196 0.256836 0.473890 0.256836 0.472585 0.258789 0.469974 0.258789 0.466057 0.257812 0.464752 0.257812 0.462141 0.255859 0.459530
0 0.247070 0.364230 0.238281 0.364230 0.237305 0.365535 0.234375 0.365535 0.233398 0.366841 0.229492 0.366841 0.225586 0.369452 0.223633 0.372063 0.220703 0.373368 0.215820 0.378590 0.215820 0.385117 0.219727 0.389034 0.219727 0.396867 0.220703 0.398172 0.220703 0.400783 0.222656 0.406005 0.228516 0.413838 0.228516 0.415144 0.229492 0.415144 0.231445 0.417755 0.233398 0.417755 0.234375 0.419060 0.237305 0.419060 0.238281 0.417755 0.240234 0.417755 0.241211 0.416449 0.243164 0.416449 0.245117 0.415144 0.252930 0.403394 0.252930 0.402089 0.255859 0.398172 0.256836 0.394256 0.258789 0.391645 0.258789 0.389034 0.259766 0.387728 0.256836 0.382507 0.256836 0.379896 0.253906 0.379896 0.251953 0.377285 0.252930 0.375979 0.254883 0.375979 0.255859 0.374674 0.255859 0.372063 0.252930 0.370757 0.250977 0.366841
0 0.234375 0.420366 0.233398 0.421671 0.233398 0.433420 0.234375 0.434726 0.234375 0.437337 0.235352 0.438642 0.235352 0.442559 0.236328 0.443864 0.236328 0.446475 0.238281 0.449086 0.241211 0.449086 0.242188 0.450392 0.246094 0.450392 0.247070 0.451697 0.250000 0.451697 0.250977 0.453003 0.253906 0.453003 0.254883 0.454308 0.255859 0.454308 0.258789 0.458225 0.260742 0.458225 0.262695 0.455614 0.263672 0.455614 0.263672 0.454308 0.266602 0.450392 0.266602 0.449086 0.268555 0.446475 0.269531 0.446475 0.271484 0.443864 0.271484 0.442559 0.272461 0.441253 0.272461 0.434726 0.271484 0.433420 0.271484 0.432115 0.268555 0.428198 0.267578 0.428198 0.265625 0.425587 0.264648 0.425587 0.263672 0.424282 0.262695 0.424282 0.261719 0.422977 0.260742 0.422977 0.255859 0.419060 0.253906 0.419060 0.252930 0.417755 0.250000 0.417755 0.249023 0.416449 0.244141 0.416449 0.243164 0.417755 0.241211 0.417755 0.240234 0.419060 0.236328 0.419060 0.235352 0.420366
0 0.277344 0.385117 0.276367 0.386423 0.274414 0.386423 0.267578 0.394256 0.264648 0.395561 0.263672 0.396867 0.263672 0.398172 0.254883 0.409922 0.254883 0.413838 0.257812 0.417755 0.259766 0.417755 0.262695 0.421671 0.263672 0.421671 0.265625 0.424282 0.268555 0.425587 0.273438 0.430809 0.276367 0.430809 0.277344 0.432115 0.279297 0.432115 0.280273 0.430809 0.282227 0.430809 0.283203 0.429504 0.288086 0.426893 0.296875 0.417755 0.296875 0.415144 0.297852 0.413838 0.297852 0.403394 0.293945 0.398172 0.293945 0.396867 0.291992 0.394256 0.291992 0.392950 0.289062 0.389034 0.288086 0.389034 0.287109 0.387728 0.285156 0.387728 0.284180 0.386423 0.280273 0.386423 0.279297 0.385117
0 0.297852 0.425587 0.296875 0.425587 0.295898 0.426893 0.292969 0.426893 0.291992 0.428198 0.290039 0.428198 0.286133 0.432115 0.281250 0.434726 0.273438 0.445170 0.272461 0.445170 0.270508 0.447781 0.269531 0.447781 0.267578 0.451697 0.267578 0.453003 0.273438 0.459530 0.275391 0.459530 0.276367 0.460836 0.281250 0.463446 0.286133 0.469974 0.289062 0.471279 0.291016 0.473890 0.291992 0.473890 0.294922 0.476501 0.295898 0.475196 0.299805 0.475196 0.300781 0.473890 0.303711 0.472585 0.305664 0.469974 0.306641 0.469974 0.306641 0.468668 0.315430 0.456919 0.313477 0.450392 0.306641 0.441253 0.306641 0.439948 0.303711 0.436031 0.302734 0.432115 0.301758 0.432115 0.298828 0.428198 0.298828 0.426893
0 0.263672 0.471279 0.262695 0.472585 0.262695 0.475196 0.263672 0.476501 0.262695 0.477807 0.260742 0.477807 0.259766 0.479112 0.259766 0.483029 0.258789 0.484334 0.258789 0.488251 0.257812 0.489556 0.257812 0.494778 0.258789 0.496084 0.258789 0.497389 0.259766 0.497389 0.260742 0.498695 0.263672 0.500000 0.265625 0.502611 0.268555 0.503916 0.270508 0.506527 0.270508 0.507833 0.271484 0.509138 0.272461 0.509138 0.274414 0.511749 0.276367 0.511749 0.277344 0.513055 0.283203 0.513055 0.286133 0.510444 0.288086 0.510444 0.289062 0.509138 0.290039 0.509138 0.290039 0.507833 0.293945 0.502611 0.293945 0.501305 0.294922 0.500000 0.294922 0.494778 0.295898 0.493473 0.295898 0.481723 0.294922 0.480418 0.293945 0.480418 0.288086 0.472585 0.285156 0.471279 0.282227 0.467363 0.277344 0.467363 0.276367 0.468668 0.274414 0.468668 0.273438 0.469974 0.270508 0.469974 0.267578 0.472585 0.265625 0.472585 0.264648 0.471279
0 0.300781 0.505222 0.299805 0.505222 0.298828 0.503916 0.294922 0.503916 0.293945 0.505222 0.293945 0.506527 0.289062 0.513055 0.288086 0.513055 0.287109 0.514360 0.285156 0.514360 0.284180 0.515666 0.280273 0.515666 0.279297 0.516971 0.277344 0.516971 0.276367 0.518277 0.276367 0.523499 0.275391 0.524804 0.276367 0.526110 0.276367 0.537859 0.277344 0.539164 0.277344 0.543081 0.278320 0.544386 0.278320 0.548303 0.280273 0.552219 0.282227 0.552219 0.283203 0.553525 0.294922 0.553525 0.296875 0.550914 0.298828 0.550914 0.299805 0.549608 0.302734 0.548303 0.309570 0.539164 0.309570 0.536554 0.310547 0.535248 0.310547 0.532637 0.309570 0.531332 0.309570 0.522193 0.308594 0.520888 0.308594 0.515666 0.307617 0.514360 0.307617 0.513055
0 0.295898 0.556136 0.295898 0.558747 0.294922 0.560052 0.294922 0.569191 0.293945 0.570496 0.293945 0.575718 0.301758 0.575718 0.302734 0.577023 0.305664 0.578329 0.309570 0.583551 0.311523 0.583551 0.312500 0.584856 0.315430 0.584856 0.316406 0.586162 0.319336 0.586162 0.320312 0.584856 0.322266 0.584856 0.323242 0.583551 0.328125 0.580940 0.330078 0.578329 0.331055 0.578329 0.334961 0.573107 0.334961 0.571802 0.335938 0.570496 0.335938 0.563969 0.334961 0.562663 0.334961 0.560052 0.332031 0.556136 0.329102 0.554830 0.326172 0.550914 0.323242 0.549608 0.318359 0.544386 0.309570 0.544386 0.307617 0.546997 0.305664 0.546997 0.303711 0.549608 0.298828 0.552219
0 0.316406 0.522193 0.316406 0.523499 0.315430 0.524804 0.315430 0.533943 0.316406 0.535248 0.316406 0.537859 0.320312 0.543081 0.321289 0.543081 0.326172 0.546997 0.328125 0.546997 0.334961 0.552219 0.345703 0.552219 0.346680 0.550914 0.347656 0.550914 0.351562 0.545692 0.351562 0.544386 0.353516 0.541775 0.353516 0.540470 0.354492 0.539164 0.354492 0.536554 0.355469 0.535248 0.355469 0.532637 0.354492 0.531332 0.354492 0.526110 0.353516 0.524804 0.353516 0.518277 0.352539 0.516971 0.351562 0.513055 0.348633 0.509138 0.345703 0.509138 0.344727 0.507833 0.336914 0.507833 0.335938 0.509138 0.335938 0.510444 0.333008 0.514360 0.330078 0.514360 0.329102 0.515666 0.326172 0.515666 0.325195 0.516971 0.324219 0.515666 0.321289 0.515666
0 0.334961 0.475196 0.333984 0.475196 0.333008 0.473890 0.331055 0.473890 0.330078 0.472585 0.324219 0.472585 0.322266 0.469974 0.319336 0.472585 0.317383 0.472585 0.317383 0.473890 0.315430 0.476501 0.314453 0.476501 0.301758 0.493473 0.301758 0.496084 0.300781 0.497389 0.300781 0.501305 0.307617 0.510444 0.308594 0.510444 0.309570 0.511749 0.313477 0.511749 0.314453 0.513055 0.318359 0.513055 0.319336 0.511749 0.323242 0.511749 0.327148 0.506527 0.328125 0.506527 0.331055 0.503916 0.333008 0.503916 0.333984 0.502611 0.336914 0.501305 0.337891 0.500000 0.337891 0.498695 0.340820 0.492167 0.340820 0.488251 0.337891 0.484334 0.337891 0.483029 0.335938 0.479112 0.335938 0.476501
0 0.341797 0.561358 0.338867 0.565274 0.338867 0.566580 0.336914 0.570496 0.336914 0.573107 0.335938 0.574413 0.335938 0.578329 0.337891 0.580940 0.337891 0.582245 0.340820 0.588773 0.340820 0.591384 0.341797 0.592689 0.341797 0.596606 0.342773 0.597911 0.342773 0.601828 0.343750 0.601828 0.344727 0.603133 0.346680 0.603133 0.347656 0.604439 0.363281 0.604439 0.364258 0.603133 0.369141 0.603133 0.370117 0.601828 0.371094 0.601828 0.372070 0.600522 0.372070 0.597911 0.373047 0.596606 0.373047 0.577023 0.374023 0.575718 0.374023 0.574413 0.373047 0.573107 0.373047 0.569191 0.369141 0.561358 0.369141 0.558747 0.366211 0.554830 0.365234 0.554830 0.364258 0.553525 0.354492 0.553525 0.353516 0.554830 0.351562 0.554830 0.350586 0.556136
0 0.375000 0.536554 0.373047 0.540470 0.373047 0.543081 0.372070 0.544386 0.372070 0.546997 0.371094 0.548303 0.371094 0.558747 0.372070 0.560052 0.372070 0.562663 0.373047 0.563969 0.373047 0.566580 0.374023 0.567885 0.374023 0.569191 0.375977 0.571802 0.375977 0.573107 0.376953 0.573107 0.378906 0.575718 0.379883 0.575718 0.381836 0.578329 0.382812 0.578329 0.383789 0.579634 0.396484 0.579634 0.397461 0.578329 0.399414 0.578329 0.401367 0.574413 0.401367 0.560052 0.402344 0.558747 0.402344 0.544386 0.401367 0.543081 0.401367 0.540470 0.399414 0.537859 0.397461 0.537859 0.396484 0.536554 0.395508 0.536554 0.394531 0.535248 0.393555 0.535248 0.388672 0.531332 0.381836 0.531332 0.380859 0.532637 0.377930 0.533943 0.375977 0.536554
0 0.375000 0.574413 0.375000 0.577023 0.374023 0.578329 0.374023 0.590078 0.373047 0.591384 0.373047 0.601828 0.374023 0.603133 0.377930 0.603133 0.378906 0.604439 0.384766 0.604439 0.385742 0.603133 0.390625 0.603133 0.391602 0.604439 0.394531 0.604439 0.395508 0.605744 0.399414 0.605744 0.400391 0.604439 0.401367 0.604439 0.402344 0.603133 0.404297 0.603133 0.405273 0.601828 0.405273 0.596606 0.404297 0.595300 0.404297 0.584856 0.405273 0.583551 0.405273 0.579634 0.404297 0.578329 0.404297 0.577023 0.401367 0.577023 0.400391 0.575718 0.398438 0.578329 0.393555 0.578329 0.392578 0.579634 0.383789 0.579634 0.382812 0.578329 0.381836 0.578329 0.379883 0.575718 0.378906 0.575718 0.376953 0.573107 0.375977 0.573107
0 0.437500 0.544386 0.436523 0.544386 0.435547 0.543081 0.432617 0.543081 0.431641 0.541775 0.430664 0.541775 0.429688 0.543081 0.424805 0.543081 0.423828 0.544386 0.415039 0.544386 0.414062 0.545692 0.412109 0.545692 0.411133 0.546997 0.408203 0.548303 0.406250 0.550914 0.407227 0.552219 0.407227 0.557441 0.404297 0.563969 0.404297 0.571802 0.410156 0.579634 0.411133 0.579634 0.415039 0.584856 0.416992 0.584856 0.417969 0.586162 0.420898 0.586162 0.421875 0.587467 0.425781 0.587467 0.426758 0.586162 0.428711 0.586162 0.429688 0.584856 0.431641 0.584856 0.433594 0.582245 0.433594 0.580940 0.436523 0.574413 0.436523 0.571802 0.437500 0.570496 0.437500 0.567885 0.438477 0.566580 0.438477 0.557441 0.437500 0.556136 0.437500 0.554830 0.439453 0.552219 0.439453 0.548303
0 0.442383 0.591384 0.440430 0.591384 0.438477 0.588773 0.436523 0.588773 0.435547 0.587467 0.431641 0.587467 0.430664 0.588773 0.426758 0.588773 0.425781 0.590078 0.420898 0.590078 0.419922 0.588773 0.416992 0.588773 0.415039 0.591384 0.415039 0.592689 0.414062 0.593995 0.414062 0.596606 0.413086 0.597911 0.413086 0.610966 0.414062 0.612272 0.414062 0.616188 0.415039 0.617493 0.415039 0.618799 0.416016 0.620104 0.416992 0.624021 0.418945 0.626632 0.419922 0.626632 0.421875 0.629243 0.422852 0.629243 0.423828 0.630548 0.425781 0.630548 0.426758 0.629243 0.428711 0.629243 0.429688 0.627937 0.431641 0.627937 0.432617 0.626632 0.434570 0.626632 0.435547 0.625326 0.437500 0.625326 0.438477 0.624021 0.439453 0.624021 0.440430 0.622715 0.443359 0.621410 0.445312 0.618799 0.445312 0.617493 0.447266 0.613577 0.447266 0.608355 0.446289 0.607050 0.446289 0.596606 0.445312 0.596606 0.443359 0.593995 0.443359 0.592689
0 0.354492 0.497389 0.354492 0.498695 0.355469 0.500000 0.356445 0.500000 0.358398 0.502611 0.358398 0.503916 0.359375 0.505222 0.359375 0.509138 0.361328 0.513055 0.361328 0.516971 0.362305 0.518277 0.362305 0.522193 0.363281 0.523499 0.363281 0.524804 0.364258 0.524804 0.366211 0.527415 0.369141 0.527415 0.370117 0.528721 0.372070 0.528721 0.373047 0.530026 0.375000 0.530026 0.375977 0.531332 0.376953 0.531332 0.377930 0.530026 0.379883 0.530026 0.380859 0.528721 0.382812 0.528721 0.385742 0.524804 0.385742 0.511749 0.384766 0.510444 0.384766 0.509138 0.380859 0.503916 0.380859 0.502611 0.379883 0.501305 0.379883 0.494778 0.378906 0.493473 0.377930 0.493473 0.376953 0.492167 0.374023 0.492167 0.373047 0.493473 0.371094 0.493473 0.370117 0.492167 0.360352 0.492167 0.359375 0.493473 0.358398 0.493473 0.355469 0.497389
0 0.419922 0.486945 0.418945 0.485640 0.416992 0.485640 0.416016 0.484334 0.415039 0.484334 0.414062 0.483029 0.414062 0.481723 0.411133 0.477807 0.410156 0.477807 0.408203 0.475196 0.407227 0.475196 0.406250 0.473890 0.402344 0.473890 0.401367 0.472585 0.398438 0.472585 0.397461 0.473890 0.395508 0.473890 0.394531 0.475196 0.394531 0.476501 0.391602 0.480418 0.391602 0.481723 0.389648 0.484334 0.389648 0.485640 0.386719 0.489556 0.385742 0.489556 0.384766 0.493473 0.382812 0.496084 0.382812 0.500000 0.381836 0.501305 0.381836 0.503916 0.385742 0.509138 0.385742 0.510444 0.387695 0.513055 0.389648 0.513055 0.390625 0.514360 0.404297 0.514360 0.408203 0.509138 0.408203 0.506527 0.414062 0.498695 0.414062 0.497389 0.415039 0.496084 0.415039 0.493473
0 0.426758 0.493473 0.422852 0.493473 0.421875 0.492167 0.417969 0.492167 0.415039 0.496084 0.414062 0.500000 0.410156 0.505222 0.410156 0.506527 0.408203 0.509138 0.408203 0.510444 0.404297 0.515666 0.404297 0.516971 0.403320 0.518277 0.403320 0.523499 0.404297 0.524804 0.404297 0.537859 0.405273 0.539164 0.408203 0.539164 0.411133 0.541775 0.419922 0.541775 0.420898 0.540470 0.422852 0.540470 0.425781 0.536554 0.427734 0.536554 0.432617 0.530026 0.432617 0.528721 0.434570 0.524804 0.434570 0.519582 0.435547 0.518277 0.435547 0.514360 0.436523 0.513055 0.436523 0.507833 0.435547 0.506527 0.434570 0.502611 0.428711 0.494778 0.427734 0.494778
0 0.307617 0.422977 0.307617 0.424282 0.306641 0.425587 0.306641 0.434726 0.307617 0.436031 0.307617 0.437337 0.309570 0.439948 0.309570 0.441253 0.311523 0.443864 0.311523 0.445170 0.317383 0.453003 0.320312 0.454308 0.323242 0.458225 0.323242 0.459530 0.324219 0.460836 0.328125 0.460836 0.329102 0.462141 0.333984 0.462141 0.334961 0.460836 0.338867 0.460836 0.339844 0.459530 0.340820 0.459530 0.342773 0.456919 0.343750 0.456919 0.347656 0.451697 0.347656 0.447781 0.348633 0.446475 0.347656 0.445170 0.347656 0.442559 0.346680 0.441253 0.346680 0.438642 0.345703 0.437337 0.345703 0.436031 0.344727 0.434726 0.343750 0.434726 0.339844 0.429504 0.338867 0.429504 0.334961 0.424282 0.333984 0.424282 0.329102 0.419060 0.325195 0.419060 0.324219 0.417755 0.316406 0.417755 0.315430 0.419060 0.311523 0.419060 0.310547 0.420366 0.309570 0.420366
0 0.377930 0.462141 0.373047 0.455614 0.370117 0.454308 0.365234 0.449086 0.363281 0.449086 0.360352 0.453003 0.359375 0.453003 0.355469 0.458225 0.354492 0.458225 0.352539 0.460836 0.350586 0.460836 0.344727 0.466057 0.341797 0.466057 0.340820 0.467363 0.340820 0.468668 0.338867 0.471279 0.338867 0.473890 0.337891 0.475196 0.337891 0.477807 0.339844 0.480418 0.340820 0.480418 0.341797 0.481723 0.341797 0.483029 0.343750 0.486945 0.344727 0.486945 0.347656 0.490862 0.348633 0.490862 0.349609 0.492167 0.352539 0.492167 0.353516 0.493473 0.354492 0.492167 0.355469 0.492167 0.356445 0.490862 0.358398 0.490862 0.359375 0.489556 0.362305 0.489556 0.363281 0.488251 0.366211 0.488251 0.367188 0.486945 0.367188 0.484334 0.369141 0.481723 0.374023 0.481723 0.375000 0.480418 0.375977 0.480418 0.377930 0.476501 0.377930 0.468668 0.376953 0.467363 0.376953 0.464752 0.377930 0.463446
0 0.330078 0.389034 0.330078 0.390339 0.329102 0.391645 0.329102 0.395561 0.328125 0.396867 0.328125 0.399478 0.327148 0.400783 0.327148 0.402089 0.326172 0.403394 0.326172 0.406005 0.325195 0.407311 0.325195 0.411227 0.326172 0.412533 0.326172 0.413838 0.329102 0.417755 0.330078 0.417755 0.331055 0.419060 0.333984 0.420366 0.335938 0.422977 0.336914 0.422977 0.344727 0.432115 0.345703 0.432115 0.350586 0.436031 0.353516 0.436031 0.354492 0.437337 0.356445 0.437337 0.358398 0.433420 0.358398 0.430809 0.361328 0.426893 0.361328 0.425587 0.364258 0.419060 0.364258 0.416449 0.365234 0.415144 0.365234 0.402089 0.361328 0.402089 0.358398 0.398172 0.360352 0.394256 0.359375 0.392950 0.356445 0.392950 0.355469 0.391645 0.354492 0.391645 0.349609 0.387728 0.347656 0.387728 0.346680 0.386423 0.341797 0.386423 0.340820 0.387728 0.332031 0.387728 0.331055 0.389034
0 0.383789 0.407311 0.382812 0.408616 0.380859 0.408616 0.379883 0.409922 0.375000 0.409922 0.374023 0.411227 0.373047 0.411227 0.369141 0.416449 0.368164 0.416449 0.368164 0.417755 0.366211 0.420366 0.366211 0.422977 0.365234 0.424282 0.365234 0.426893 0.366211 0.428198 0.366211 0.430809 0.367188 0.432115 0.367188 0.434726 0.368164 0.436031 0.368164 0.437337 0.370117 0.439948 0.370117 0.445170 0.371094 0.446475 0.371094 0.449086 0.374023 0.453003 0.374023 0.454308 0.375000 0.455614 0.375977 0.455614 0.377930 0.458225 0.380859 0.459530 0.382812 0.462141 0.383789 0.462141 0.384766 0.463446 0.385742 0.462141 0.387695 0.462141 0.388672 0.460836 0.390625 0.460836 0.391602 0.459530 0.393555 0.459530 0.394531 0.458225 0.397461 0.456919 0.397461 0.455614 0.398438 0.454308 0.398438 0.446475 0.399414 0.445170 0.399414 0.442559 0.400391 0.441253 0.400391 0.434726 0.399414 0.433420 0.399414 0.428198 0.398438 0.426893 0.398438 0.424282 0.394531 0.419060 0.394531 0.417755 0.387695 0.409922 0.385742 0.409922
0 0.394531 0.368146 0.393555 0.369452 0.392578 0.369452 0.390625 0.372063 0.389648 0.372063 0.389648 0.378590 0.387695 0.381201 0.384766 0.382507 0.382812 0.385117 0.381836 0.389034 0.379883 0.391645 0.379883 0.392950 0.378906 0.394256 0.379883 0.395561 0.379883 0.398172 0.380859 0.399478 0.381836 0.399478 0.392578 0.413838 0.393555 0.413838 0.394531 0.415144 0.396484 0.415144 0.397461 0.416449 0.398438 0.416449 0.400391 0.419060 0.401367 0.417755 0.403320 0.417755 0.404297 0.416449 0.405273 0.416449 0.406250 0.415144 0.406250 0.413838 0.410156 0.408616 0.411133 0.408616 0.412109 0.407311 0.413086 0.407311 0.415039 0.404700 0.416016 0.404700 0.416016 0.403394 0.418945 0.399478 0.419922 0.399478 0.419922 0.396867 0.420898 0.395561 0.420898 0.387728 0.419922 0.386423 0.417969 0.379896 0.416992 0.379896 0.412109 0.373368 0.408203 0.373368 0.407227 0.372063 0.404297 0.372063 0.403320 0.370757 0.401367 0.370757 0.398438 0.368146
0 0.412109 0.409922 0.407227 0.416449 0.407227 0.417755 0.404297 0.424282 0.404297 0.433420 0.405273 0.434726 0.405273 0.441253 0.406250 0.442559 0.406250 0.447781 0.407227 0.449086 0.407227 0.450392 0.412109 0.454308 0.414062 0.454308 0.415039 0.455614 0.416016 0.455614 0.417969 0.458225 0.418945 0.458225 0.421875 0.460836 0.427734 0.460836 0.430664 0.463446 0.431641 0.463446 0.432617 0.462141 0.434570 0.462141 0.435547 0.460836 0.435547 0.454308 0.436523 0.453003 0.436523 0.450392 0.437500 0.449086 0.437500 0.439948 0.438477 0.438642 0.438477 0.436031 0.440430 0.432115 0.440430 0.429504 0.439453 0.428198 0.439453 0.426893 0.438477 0.425587 0.437500 0.425587 0.434570 0.421671 0.431641 0.420366 0.428711 0.416449 0.425781 0.415144 0.422852 0.411227 0.421875 0.411227 0.418945 0.408616 0.414062 0.408616 0.413086 0.409922
0 0.461914 0.389034 0.457031 0.377285 0.455078 0.377285 0.452148 0.382507 0.445312 0.382507 0.444336 0.381201 0.442383 0.381201 0.441406 0.379896 0.436523 0.379896 0.435547 0.378590 0.430664 0.378590 0.428711 0.381201 0.427734 0.381201 0.427734 0.382507 0.422852 0.389034 0.422852 0.392950 0.421875 0.394256 0.421875 0.398172 0.419922 0.400783 0.419922 0.402089 0.418945 0.403394 0.418945 0.406005 0.420898 0.408616 0.422852 0.408616 0.423828 0.409922 0.424805 0.409922 0.430664 0.417755 0.433594 0.419060 0.435547 0.421671 0.436523 0.421671 0.439453 0.424282 0.442383 0.424282 0.443359 0.425587 0.448242 0.425587 0.449219 0.424282 0.450195 0.424282 0.453125 0.420366 0.454102 0.420366 0.458984 0.413838 0.458984 0.412533 0.460938 0.408616 0.460938 0.404700 0.461914 0.403394
0 0.430664 0.471279 0.430664 0.473890 0.429688 0.475196 0.429688 0.476501 0.428711 0.477807 0.428711 0.480418 0.427734 0.481723 0.427734 0.488251 0.429688 0.490862 0.429688 0.492167 0.431641 0.494778 0.432617 0.494778 0.438477 0.502611 0.439453 0.502611 0.440430 0.503916 0.442383 0.503916 0.443359 0.505222 0.447266 0.505222 0.448242 0.506527 0.455078 0.506527 0.456055 0.505222 0.458008 0.505222 0.458984 0.503916 0.462891 0.503916 0.463867 0.502611 0.463867 0.501305 0.466797 0.494778 0.466797 0.485640 0.465820 0.484334 0.465820 0.481723 0.464844 0.480418 0.463867 0.476501 0.458008 0.468668 0.455078 0.468668 0.450195 0.462141 0.447266 0.464752 0.444336 0.464752 0.443359 0.463446 0.439453 0.463446 0.438477 0.464752 0.437500 0.464752 0.436523 0.466057 0.433594 0.467363
0 0.442383 0.513055 0.442383 0.514360 0.437500 0.520888 0.437500 0.522193 0.436523 0.523499 0.436523 0.526110 0.435547 0.527415 0.435547 0.530026 0.434570 0.531332 0.434570 0.539164 0.435547 0.540470 0.436523 0.540470 0.440430 0.545692 0.441406 0.545692 0.442383 0.546997 0.443359 0.546997 0.444336 0.548303 0.445312 0.548303 0.446289 0.549608 0.447266 0.549608 0.450195 0.552219 0.454102 0.552219 0.455078 0.553525 0.456055 0.553525 0.457031 0.552219 0.459961 0.552219 0.460938 0.550914 0.461914 0.550914 0.463867 0.548303 0.463867 0.546997 0.464844 0.545692 0.464844 0.543081 0.465820 0.541775 0.465820 0.540470 0.467773 0.537859 0.469727 0.530026 0.465820 0.524804 0.464844 0.520888 0.461914 0.516971 0.460938 0.516971 0.457031 0.511749 0.455078 0.511749 0.452148 0.509138 0.449219 0.509138 0.448242 0.510444 0.446289 0.510444 0.445312 0.511749
0 0.471680 0.567885 0.469727 0.563969 0.467773 0.563969 0.466797 0.562663 0.465820 0.562663 0.464844 0.563969 0.457031 0.563969 0.456055 0.565274 0.455078 0.565274 0.454102 0.566580 0.453125 0.566580 0.451172 0.569191 0.446289 0.569191 0.444336 0.571802 0.443359 0.571802 0.442383 0.573107 0.439453 0.573107 0.438477 0.574413 0.438477 0.575718 0.436523 0.579634 0.436523 0.582245 0.438477 0.584856 0.439453 0.584856 0.440430 0.586162 0.441406 0.586162 0.443359 0.588773 0.444336 0.588773 0.447266 0.592689 0.448242 0.592689 0.451172 0.595300 0.457031 0.595300 0.458008 0.593995 0.462891 0.593995 0.463867 0.592689 0.464844 0.592689 0.465820 0.591384 0.466797 0.591384 0.468750 0.588773 0.469727 0.588773 0.470703 0.587467 0.470703 0.586162 0.472656 0.582245 0.472656 0.574413 0.471680 0.573107
0 0.480469 0.597911 0.477539 0.593995 0.476562 0.593995 0.474609 0.591384 0.469727 0.591384 0.467773 0.593995 0.465820 0.593995 0.457031 0.605744 0.456055 0.605744 0.453125 0.609661 0.452148 0.609661 0.448242 0.614883 0.448242 0.617493 0.447266 0.618799 0.448242 0.620104 0.448242 0.624021 0.451172 0.627937 0.453125 0.627937 0.454102 0.629243 0.462891 0.629243 0.463867 0.627937 0.466797 0.627937 0.467773 0.626632 0.469727 0.626632 0.470703 0.625326 0.471680 0.625326 0.472656 0.624021 0.473633 0.624021 0.475586 0.621410 0.476562 0.621410 0.479492 0.617493 0.479492 0.616188 0.481445 0.612272 0.481445 0.601828 0.480469 0.600522
0 0.249023 0.327676 0.246094 0.331593 0.246094 0.334204 0.245117 0.335509 0.245117 0.339426 0.244141 0.340731 0.244141 0.351175 0.247070 0.355091 0.247070 0.356397 0.248047 0.357702 0.249023 0.357702 0.254883 0.366841 0.255859 0.366841 0.258789 0.370757 0.260742 0.370757 0.263672 0.373368 0.271484 0.373368 0.272461 0.374674 0.276367 0.374674 0.282227 0.368146 0.282227 0.365535 0.283203 0.364230 0.283203 0.356397 0.282227 0.355091 0.282227 0.351175 0.280273 0.347258 0.279297 0.340731 0.282227 0.335509 0.282227 0.334204 0.284180 0.331593 0.272461 0.331593 0.271484 0.330287 0.266602 0.330287 0.265625 0.328982 0.261719 0.328982 0.260742 0.327676 0.259766 0.327676 0.258789 0.326371 0.256836 0.326371 0.255859 0.325065 0.252930 0.325065 0.251953 0.326371
0 0.291016 0.348564 0.291016 0.349869 0.287109 0.356397 0.287109 0.359008 0.286133 0.360313 0.286133 0.372063 0.287109 0.373368 0.288086 0.379896 0.290039 0.382507 0.290039 0.385117 0.293945 0.390339 0.296875 0.390339 0.297852 0.391645 0.323242 0.391645 0.327148 0.387728 0.327148 0.385117 0.329102 0.381201 0.329102 0.369452 0.328125 0.368146 0.328125 0.366841 0.325195 0.362924 0.325195 0.361619 0.322266 0.356397 0.322266 0.355091 0.318359 0.349869 0.317383 0.349869 0.315430 0.347258 0.313477 0.347258 0.312500 0.345953 0.307617 0.345953 0.306641 0.344648 0.301758 0.344648 0.300781 0.343342 0.298828 0.343342 0.297852 0.344648 0.294922 0.344648
0 0.299805 0.305483 0.299805 0.306789 0.297852 0.310705 0.297852 0.314621 0.298828 0.315927 0.298828 0.319843 0.299805 0.321149 0.300781 0.327676 0.301758 0.328982 0.302734 0.332898 0.305664 0.336815 0.305664 0.340731 0.306641 0.340731 0.307617 0.342037 0.310547 0.342037 0.311523 0.343342 0.313477 0.343342 0.320312 0.348564 0.323242 0.348564 0.324219 0.349869 0.327148 0.349869 0.328125 0.348564 0.332031 0.348564 0.335938 0.344648 0.336914 0.344648 0.338867 0.342037 0.338867 0.338120 0.339844 0.336815 0.339844 0.330287 0.338867 0.328982 0.338867 0.325065 0.341797 0.321149 0.341797 0.319843 0.340820 0.318538 0.339844 0.314621 0.337891 0.312010 0.336914 0.312010 0.331055 0.304178 0.326172 0.304178 0.325195 0.302872 0.323242 0.302872 0.322266 0.301567 0.320312 0.301567 0.319336 0.300261 0.311523 0.300261 0.310547 0.301567 0.306641 0.301567 0.305664 0.302872 0.302734 0.302872
0 0.254883 0.278068 0.253906 0.279373 0.253906 0.280679 0.250977 0.283290 0.250977 0.285901 0.250000 0.287206 0.250000 0.293734 0.250977 0.295039 0.250977 0.298956 0.251953 0.300261 0.251953 0.305483 0.252930 0.306789 0.252930 0.309399 0.253906 0.310705 0.253906 0.312010 0.256836 0.313316 0.259766 0.317232 0.261719 0.325065 0.262695 0.326371 0.263672 0.326371 0.264648 0.327676 0.266602 0.327676 0.267578 0.328982 0.283203 0.328982 0.284180 0.327676 0.286133 0.327676 0.291992 0.319843 0.291992 0.310705 0.288086 0.305483 0.288086 0.304178 0.287109 0.302872 0.287109 0.300261 0.285156 0.296345 0.285156 0.293734 0.282227 0.287206 0.282227 0.284595 0.281250 0.283290 0.280273 0.279373 0.276367 0.275457 0.266602 0.275457 0.259766 0.280679 0.258789 0.280679 0.256836 0.278068
0 0.352539 0.197128 0.349609 0.194517 0.347656 0.194517 0.346680 0.195822 0.336914 0.195822 0.335938 0.197128 0.333008 0.197128 0.332031 0.199739 0.319336 0.218016 0.319336 0.219321 0.317383 0.221932 0.315430 0.227154 0.315430 0.233681 0.316406 0.234987 0.316406 0.240209 0.317383 0.242820 0.318359 0.242820 0.320312 0.245431 0.323242 0.245431 0.324219 0.246736 0.326172 0.246736 0.327148 0.248042 0.329102 0.248042 0.333008 0.250653 0.348633 0.250653 0.349609 0.249347 0.352539 0.249347 0.356445 0.242820 0.357422 0.236292 0.360352 0.232376 0.360352 0.228460 0.359375 0.227154 0.359375 0.218016 0.358398 0.216710 0.358398 0.212794 0.355469 0.208877 0.353516 0.203655 0.353516 0.199739
0 0.337891 0.130548 0.336914 0.131854 0.333008 0.131854 0.327148 0.135770 0.321289 0.144909 0.320312 0.147520 0.320312 0.151436 0.321289 0.152742 0.321289 0.157963 0.323242 0.161880 0.324219 0.168407 0.327148 0.173629 0.328125 0.177546 0.331055 0.181462 0.334961 0.191906 0.336914 0.193211 0.343750 0.193211 0.344727 0.191906 0.348633 0.191906 0.350586 0.190601 0.360352 0.180157 0.364258 0.169713 0.364258 0.164491 0.352539 0.133159 0.350586 0.131854 0.348633 0.131854 0.347656 0.130548
0 0.409180 0.195822 0.406250 0.193211 0.403320 0.193211 0.391602 0.185379 0.390625 0.186684 0.386719 0.186684 0.382812 0.191906 0.381836 0.191906 0.378906 0.195822 0.375000 0.198433 0.373047 0.198433 0.372070 0.199739 0.369141 0.199739 0.362305 0.208877 0.362305 0.223238 0.363281 0.224543 0.363281 0.231070 0.365234 0.236292 0.368164 0.238903 0.373047 0.238903 0.379883 0.244125 0.381836 0.244125 0.382812 0.245431 0.386719 0.245431 0.387695 0.246736 0.390625 0.242820 0.397461 0.238903 0.403320 0.231070 0.404297 0.231070 0.405273 0.227154 0.409180 0.220627
0 0.421875 0.130548 0.419922 0.130548 0.418945 0.129243 0.417969 0.130548 0.416016 0.130548 0.406250 0.137076 0.404297 0.139687 0.402344 0.139687 0.400391 0.140992 0.398438 0.143603 0.394531 0.146214 0.391602 0.146214 0.389648 0.147520 0.387695 0.150131 0.386719 0.152742 0.386719 0.167102 0.387695 0.168407 0.387695 0.172324 0.394531 0.184073 0.396484 0.185379 0.398438 0.185379 0.399414 0.186684 0.401367 0.186684 0.402344 0.187990 0.406250 0.187990 0.407227 0.189295 0.409180 0.187990 0.415039 0.187990 0.418945 0.185379 0.421875 0.181462 0.422852 0.181462 0.428711 0.173629 0.429688 0.171018 0.429688 0.165796 0.430664 0.164491 0.430664 0.151436 0.429688 0.150131 0.429688 0.146214 0.427734 0.142298 0.427734 0.139687
0 0.415039 0.199739 0.414062 0.203655 0.412109 0.206266 0.412109 0.210183 0.411133 0.211488 0.411133 0.220627 0.412109 0.221932 0.412109 0.227154 0.415039 0.233681 0.415039 0.237598 0.416016 0.238903 0.416016 0.241514 0.418945 0.245431 0.419922 0.248042 0.425781 0.251958 0.432617 0.253264 0.433594 0.251958 0.442383 0.251958 0.452148 0.245431 0.456055 0.234987 0.456055 0.231070 0.457031 0.229765 0.457031 0.220627 0.455078 0.216710 0.455078 0.214099 0.452148 0.210183 0.449219 0.208877 0.447266 0.206266 0.446289 0.206266 0.444336 0.208877 0.441406 0.208877 0.431641 0.199739 0.429688 0.199739 0.428711 0.198433 0.425781 0.198433 0.424805 0.197128 0.417969 0.197128
0 0.389648 0.248042 0.386719 0.253264 0.386719 0.263708 0.387695 0.265013 0.388672 0.276762 0.391602 0.284595 0.391602 0.288512 0.392578 0.289817 0.392578 0.295039 0.394531 0.297650 0.394531 0.298956 0.396484 0.300261 0.407227 0.300261 0.408203 0.298956 0.411133 0.298956 0.414062 0.296345 0.416016 0.296345 0.419922 0.293734 0.426758 0.285901 0.428711 0.280679 0.428711 0.270235 0.427734 0.267624 0.429688 0.263708 0.428711 0.261097 0.419922 0.250653 0.417969 0.250653 0.414062 0.248042 0.412109 0.245431 0.409180 0.245431 0.408203 0.246736 0.406250 0.246736 0.405273 0.245431 0.402344 0.245431 0.400391 0.242820 0.396484 0.242820 0.394531 0.245431
0 0.333984 0.284595 0.334961 0.285901 0.334961 0.291123 0.335938 0.292428 0.335938 0.295039 0.336914 0.296345 0.336914 0.298956 0.337891 0.300261 0.337891 0.302872 0.338867 0.304178 0.338867 0.305483 0.342773 0.310705 0.342773 0.312010 0.344727 0.314621 0.347656 0.315927 0.349609 0.318538 0.357422 0.318538 0.361328 0.314621 0.362305 0.315927 0.366211 0.315927 0.367188 0.314621 0.369141 0.314621 0.370117 0.313316 0.373047 0.312010 0.377930 0.305483 0.377930 0.304178 0.379883 0.300261 0.379883 0.297650 0.380859 0.296345 0.380859 0.289817 0.379883 0.288512 0.379883 0.285901 0.378906 0.284595 0.376953 0.284595 0.375977 0.283290 0.374023 0.283290 0.373047 0.281984 0.371094 0.281984 0.370117 0.280679 0.365234 0.279373 0.362305 0.276762 0.358398 0.276762 0.357422 0.275457 0.355469 0.275457 0.354492 0.274151 0.348633 0.274151 0.347656 0.272846 0.343750 0.272846 0.342773 0.274151 0.340820 0.274151 0.334961 0.281984 0.334961 0.283290
0 0.349609 0.322454 0.347656 0.325065 0.347656 0.326371 0.342773 0.332898 0.342773 0.334204 0.341797 0.335509 0.341797 0.338120 0.340820 0.339426 0.340820 0.342037 0.339844 0.343342 0.339844 0.352480 0.340820 0.353786 0.340820 0.355091 0.341797 0.356397 0.341797 0.359008 0.343750 0.361619 0.343750 0.362924 0.344727 0.362924 0.345703 0.364230 0.347656 0.364230 0.348633 0.365535 0.351562 0.365535 0.352539 0.366841 0.358398 0.366841 0.359375 0.368146 0.372070 0.368146 0.373047 0.369452 0.374023 0.368146 0.375977 0.368146 0.380859 0.361619 0.380859 0.360313 0.381836 0.359008 0.381836 0.351175 0.380859 0.349869 0.379883 0.345953 0.377930 0.343342 0.377930 0.342037 0.375000 0.338120 0.375000 0.336815 0.374023 0.335509 0.374023 0.332898 0.373047 0.331593 0.373047 0.327676 0.372070 0.326371 0.372070 0.325065 0.369141 0.322454
0 0.391602 0.302872 0.388672 0.306789 0.388672 0.308094 0.387695 0.309399 0.386719 0.309399 0.385742 0.310705 0.383789 0.310705 0.382812 0.312010 0.380859 0.312010 0.378906 0.314621 0.378906 0.323760 0.377930 0.325065 0.377930 0.338120 0.378906 0.339426 0.378906 0.342037 0.382812 0.348564 0.382812 0.349869 0.385742 0.355091 0.385742 0.356397 0.391602 0.362924 0.392578 0.362924 0.393555 0.364230 0.397461 0.364230 0.406250 0.352480 0.409180 0.351175 0.417969 0.340731 0.417969 0.338120 0.418945 0.336815 0.418945 0.325065 0.417969 0.323760 0.417969 0.319843 0.416992 0.318538 0.416992 0.317232 0.416016 0.317232 0.414062 0.314621 0.414062 0.313316 0.412109 0.310705 0.412109 0.309399 0.410156 0.309399 0.408203 0.306789 0.408203 0.305483 0.400391 0.305483 0.399414 0.304178 0.396484 0.304178 0.395508 0.302872
0 0.430664 0.315927 0.424805 0.323760 0.422852 0.325065 0.422852 0.336815 0.419922 0.342037 0.419922 0.343342 0.417969 0.345953 0.417969 0.351175 0.420898 0.357702 0.420898 0.361619 0.421875 0.362924 0.421875 0.365535 0.423828 0.368146 0.424805 0.372063 0.426758 0.374674 0.429688 0.374674 0.430664 0.375979 0.433594 0.375979 0.434570 0.377285 0.437500 0.377285 0.438477 0.378590 0.444336 0.378590 0.445312 0.379896 0.448242 0.379896 0.449219 0.378590 0.451172 0.378590 0.454102 0.373368 0.453125 0.370757 0.453125 0.352480 0.452148 0.351175 0.452148 0.326371 0.451172 0.325065 0.451172 0.322454 0.449219 0.319843 0.447266 0.319843 0.446289 0.318538 0.442383 0.318538 0.438477 0.315927
0 0.433594 0.263708 0.432617 0.267624 0.430664 0.270235 0.430664 0.279373 0.429688 0.280679 0.429688 0.284595 0.428711 0.285901 0.428711 0.300261 0.429688 0.301567 0.429688 0.304178 0.430664 0.305483 0.430664 0.308094 0.431641 0.309399 0.431641 0.310705 0.432617 0.310705 0.433594 0.312010 0.435547 0.312010 0.436523 0.313316 0.445312 0.313316 0.446289 0.314621 0.453125 0.314621 0.454102 0.315927 0.455078 0.315927 0.456055 0.314621 0.459961 0.314621 0.460938 0.313316 0.461914 0.313316 0.463867 0.310705 0.463867 0.309399 0.465820 0.305483 0.465820 0.301567 0.466797 0.300261 0.466797 0.293734 0.467773 0.292428 0.467773 0.287206 0.466797 0.285901 0.466797 0.281984 0.465820 0.280679 0.465820 0.279373 0.463867 0.276762 0.457031 0.272846 0.454102 0.268930 0.453125 0.268930 0.450195 0.263708 0.449219 0.263708 0.446289 0.261097 0.445312 0.262402 0.443359 0.262402 0.442383 0.263708 0.441406 0.262402 0.436523 0.262402 0.435547 0.263708
0 0.452148 0.171018 0.450195 0.173629 0.450195 0.191906 0.449219 0.193211 0.449219 0.197128 0.450195 0.198433 0.450195 0.199739 0.460938 0.211488 0.461914 0.211488 0.464844 0.214099 0.466797 0.214099 0.470703 0.219321 0.471680 0.219321 0.472656 0.220627 0.475586 0.220627 0.476562 0.221932 0.477539 0.221932 0.485352 0.211488 0.486328 0.211488 0.486328 0.210183 0.490234 0.203655 0.490234 0.202350 0.492188 0.198433 0.492188 0.189295 0.491211 0.187990 0.491211 0.186684 0.489258 0.184073 0.486328 0.182768 0.481445 0.176240 0.480469 0.176240 0.477539 0.171018 0.476562 0.171018 0.475586 0.169713 0.473633 0.169713 0.472656 0.168407 0.470703 0.168407 0.469727 0.167102 0.467773 0.167102 0.466797 0.165796 0.464844 0.165796 0.463867 0.167102 0.458984 0.167102 0.455078 0.171018
0 0.463867 0.224543 0.463867 0.225849 0.460938 0.229765 0.460938 0.231070 0.458984 0.234987 0.458984 0.237598 0.458008 0.238903 0.457031 0.245431 0.455078 0.249347 0.455078 0.255875 0.456055 0.257180 0.456055 0.259791 0.459961 0.268930 0.460938 0.268930 0.463867 0.271540 0.465820 0.271540 0.468750 0.274151 0.473633 0.274151 0.474609 0.275457 0.479492 0.276762 0.480469 0.275457 0.482422 0.275457 0.483398 0.274151 0.486328 0.272846 0.490234 0.268930 0.492188 0.268930 0.493164 0.267624 0.494141 0.267624 0.497070 0.263708 0.498047 0.263708 0.498047 0.253264 0.499023 0.251958 0.499023 0.248042 0.498047 0.246736 0.498047 0.245431 0.487305 0.232376 0.487305 0.231070 0.486328 0.231070 0.485352 0.229765 0.482422 0.229765 0.478516 0.225849 0.477539 0.225849 0.476562 0.224543 0.474609 0.224543 0.470703 0.220627 0.467773 0.220627
0 0.513672 0.194517 0.510742 0.198433 0.509766 0.198433 0.502930 0.207572 0.500977 0.208877 0.498047 0.208877 0.496094 0.212794 0.496094 0.215405 0.495117 0.216710 0.495117 0.219321 0.494141 0.220627 0.494141 0.232376 0.495117 0.233681 0.495117 0.237598 0.500000 0.242820 0.507812 0.248042 0.509766 0.248042 0.512695 0.250653 0.517578 0.251958 0.520508 0.254569 0.526367 0.254569 0.527344 0.253264 0.529297 0.253264 0.531250 0.250653 0.531250 0.249347 0.535156 0.245431 0.537109 0.240209 0.537109 0.237598 0.538086 0.236292 0.538086 0.232376 0.539062 0.231070 0.540039 0.216710 0.538086 0.211488 0.537109 0.211488 0.533203 0.206266 0.533203 0.203655 0.531250 0.199739 0.524414 0.199739 0.523438 0.198433 0.518555 0.198433
0 0.501953 0.258486 0.500000 0.261097 0.500000 0.263708 0.497070 0.267624 0.496094 0.267624 0.495117 0.268930 0.495117 0.281984 0.496094 0.283290 0.496094 0.287206 0.497070 0.288512 0.498047 0.292428 0.501953 0.297650 0.503906 0.297650 0.505859 0.300261 0.506836 0.300261 0.509766 0.302872 0.513672 0.302872 0.514648 0.304178 0.516602 0.304178 0.519531 0.306789 0.527344 0.306789 0.528320 0.300261 0.531250 0.296345 0.532227 0.296345 0.536133 0.289817 0.536133 0.284595 0.531250 0.272846 0.531250 0.270235 0.528320 0.263708 0.528320 0.261097 0.527344 0.259791 0.527344 0.258486 0.520508 0.258486 0.515625 0.254569 0.510742 0.254569 0.509766 0.255875 0.507812 0.255875 0.506836 0.257180 0.503906 0.257180 0.502930 0.258486
0 0.559570 0.241514 0.552734 0.241514 0.551758 0.242820 0.547852 0.242820 0.546875 0.244125 0.544922 0.244125 0.541992 0.246736 0.537109 0.246736 0.536133 0.248042 0.535156 0.248042 0.532227 0.251958 0.532227 0.262402 0.534180 0.266319 0.534180 0.268930 0.535156 0.270235 0.535156 0.271540 0.538086 0.275457 0.540039 0.281984 0.543945 0.288512 0.544922 0.292428 0.548828 0.296345 0.552734 0.296345 0.553711 0.295039 0.555664 0.295039 0.556641 0.293734 0.559570 0.292428 0.565430 0.285901 0.566406 0.285901 0.570312 0.280679 0.570312 0.279373 0.575195 0.274151 0.575195 0.267624 0.574219 0.266319 0.574219 0.262402 0.572266 0.258486 0.572266 0.255875 0.571289 0.254569 0.566406 0.251958 0.561523 0.245431 0.561523 0.244125
0 0.498047 0.304178 0.497070 0.305483 0.497070 0.308094 0.496094 0.309399 0.496094 0.310705 0.499023 0.314621 0.496094 0.318538 0.496094 0.322454 0.495117 0.323760 0.495117 0.327676 0.496094 0.328982 0.497070 0.338120 0.498047 0.339426 0.502930 0.353786 0.505859 0.359008 0.506836 0.359008 0.507812 0.360313 0.510742 0.360313 0.511719 0.361619 0.514648 0.361619 0.515625 0.362924 0.518555 0.362924 0.519531 0.361619 0.520508 0.361619 0.520508 0.360313 0.523438 0.356397 0.524414 0.356397 0.525391 0.355091 0.525391 0.353786 0.527344 0.351175 0.527344 0.349869 0.534180 0.340731 0.534180 0.339426 0.535156 0.338120 0.535156 0.330287 0.534180 0.328982 0.534180 0.326371 0.532227 0.322454 0.532227 0.319843 0.529297 0.315927 0.525391 0.315927 0.521484 0.310705 0.519531 0.310705 0.516602 0.308094 0.512695 0.308094 0.509766 0.305483 0.505859 0.305483 0.504883 0.304178
0 0.479492 0.313316 0.469727 0.313316 0.466797 0.315927 0.463867 0.315927 0.462891 0.317232 0.460938 0.317232 0.459961 0.318538 0.458008 0.318538 0.456055 0.319843 0.456055 0.331593 0.455078 0.332898 0.455078 0.345953 0.454102 0.347258 0.455078 0.348564 0.455078 0.356397 0.456055 0.357702 0.456055 0.361619 0.457031 0.364230 0.458984 0.365535 0.459961 0.368146 0.463867 0.373368 0.463867 0.374674 0.465820 0.375979 0.470703 0.375979 0.474609 0.373368 0.476562 0.370757 0.478516 0.369452 0.480469 0.369452 0.482422 0.366841 0.484375 0.361619 0.494141 0.355091 0.494141 0.343342 0.495117 0.342037 0.495117 0.335509 0.494141 0.334204 0.494141 0.330287 0.492188 0.325065 0.490234 0.322454 0.486328 0.319843 0.482422 0.314621 0.480469 0.314621
0 0.465820 0.382507 0.465820 0.386423 0.466797 0.387728 0.466797 0.389034 0.465820 0.390339 0.465820 0.402089 0.466797 0.403394 0.466797 0.406005 0.467773 0.407311 0.468750 0.407311 0.471680 0.409922 0.473633 0.409922 0.474609 0.411227 0.476562 0.411227 0.477539 0.412533 0.480469 0.412533 0.483398 0.415144 0.485352 0.415144 0.486328 0.416449 0.488281 0.416449 0.489258 0.417755 0.490234 0.417755 0.491211 0.416449 0.494141 0.416449 0.495117 0.415144 0.497070 0.415144 0.498047 0.413838 0.500000 0.413838 0.502930 0.409922 0.502930 0.387728 0.501953 0.386423 0.501953 0.383812 0.500977 0.382507 0.500977 0.381201 0.498047 0.381201 0.497070 0.379896 0.494141 0.378590 0.491211 0.374674 0.490234 0.374674 0.489258 0.373368 0.485352 0.373368 0.484375 0.374674 0.480469 0.374674 0.479492 0.375979 0.474609 0.375979 0.473633 0.377285 0.472656 0.377285
0 0.510742 0.368146 0.510742 0.374674 0.509766 0.375979 0.509766 0.382507 0.506836 0.389034 0.507812 0.390339 0.507812 0.395561 0.509766 0.398172 0.511719 0.404700 0.513672 0.407311 0.514648 0.407311 0.515625 0.408616 0.518555 0.408616 0.520508 0.406005 0.526367 0.406005 0.527344 0.407311 0.530273 0.407311 0.531250 0.406005 0.533203 0.406005 0.536133 0.403394 0.540039 0.403394 0.541016 0.402089 0.541016 0.400783 0.543945 0.396867 0.543945 0.394256 0.547852 0.386423 0.547852 0.381201 0.546875 0.379896 0.546875 0.378590 0.541992 0.372063 0.541992 0.370757 0.541016 0.370757 0.538086 0.368146 0.536133 0.368146 0.533203 0.365535 0.517578 0.365535 0.516602 0.366841 0.515625 0.365535 0.513672 0.365535
0 0.493164 0.419060 0.492188 0.420366 0.492188 0.429504 0.491211 0.430809 0.491211 0.442559 0.493164 0.445170 0.493164 0.446475 0.494141 0.446475 0.499023 0.453003 0.500977 0.453003 0.501953 0.454308 0.518555 0.454308 0.524414 0.446475 0.524414 0.445170 0.527344 0.441253 0.527344 0.438642 0.528320 0.437337 0.528320 0.413838 0.526367 0.409922 0.519531 0.409922 0.518555 0.411227 0.516602 0.411227 0.513672 0.408616 0.508789 0.408616 0.507812 0.409922 0.505859 0.409922 0.502930 0.413838 0.501953 0.413838 0.500977 0.415144 0.499023 0.415144 0.498047 0.416449
0 0.485352 0.433420 0.483398 0.433420 0.482422 0.434726 0.481445 0.433420 0.479492 0.433420 0.478516 0.432115 0.477539 0.432115 0.476562 0.433420 0.472656 0.433420 0.471680 0.434726 0.467773 0.434726 0.466797 0.436031 0.463867 0.436031 0.458984 0.439948 0.458984 0.441253 0.456055 0.447781 0.456055 0.454308 0.458008 0.456919 0.458008 0.458225 0.459961 0.460836 0.459961 0.462141 0.461914 0.464752 0.461914 0.466057 0.466797 0.472585 0.466797 0.473890 0.468750 0.476501 0.474609 0.476501 0.475586 0.475196 0.477539 0.475196 0.478516 0.473890 0.481445 0.472585 0.483398 0.469974 0.484375 0.469974 0.488281 0.464752 0.488281 0.463446 0.491211 0.456919 0.491211 0.454308 0.492188 0.453003 0.492188 0.450392 0.491211 0.449086 0.491211 0.447781 0.489258 0.445170 0.489258 0.443864 0.487305 0.439948 0.487305 0.437337
0 0.516602 0.456919 0.515625 0.456919 0.514648 0.458225 0.499023 0.458225 0.498047 0.459530 0.494141 0.459530 0.490234 0.464752 0.490234 0.467363 0.489258 0.468668 0.489258 0.471279 0.488281 0.472585 0.488281 0.475196 0.487305 0.476501 0.487305 0.479112 0.488281 0.480418 0.488281 0.481723 0.492188 0.488251 0.493164 0.492167 0.497070 0.497389 0.499023 0.503916 0.500977 0.506527 0.501953 0.506527 0.504883 0.509138 0.505859 0.509138 0.508789 0.505222 0.508789 0.503916 0.510742 0.501305 0.510742 0.500000 0.512695 0.497389 0.513672 0.497389 0.516602 0.493473 0.517578 0.493473 0.518555 0.492167 0.518555 0.490862 0.521484 0.486945 0.521484 0.472585 0.520508 0.471279 0.520508 0.468668 0.519531 0.467363 0.519531 0.463446 0.518555 0.462141 0.518555 0.459530
0 0.472656 0.492167 0.465820 0.502611 0.465820 0.505222 0.464844 0.506527 0.464844 0.511749 0.463867 0.513055 0.464844 0.514360 0.464844 0.516971 0.465820 0.518277 0.465820 0.519582 0.467773 0.522193 0.467773 0.523499 0.469727 0.526110 0.469727 0.527415 0.472656 0.531332 0.472656 0.532637 0.476562 0.537859 0.477539 0.537859 0.478516 0.539164 0.486328 0.539164 0.489258 0.536554 0.493164 0.536554 0.494141 0.537859 0.494141 0.539164 0.497070 0.541775 0.501953 0.541775 0.501953 0.518277 0.500977 0.516971 0.500977 0.513055 0.500000 0.511749 0.500000 0.509138 0.499023 0.507833 0.499023 0.506527 0.497070 0.503916 0.496094 0.500000 0.493164 0.496084 0.492188 0.492167 0.490234 0.489556 0.489258 0.489556 0.485352 0.485640 0.483398 0.485640 0.482422 0.484334 0.480469 0.486945 0.479492 0.486945 0.478516 0.488251 0.475586 0.489556 0.473633 0.492167
0 0.494141 0.533943 0.491211 0.535248 0.489258 0.537859 0.488281 0.537859 0.487305 0.539164 0.483398 0.539164 0.482422 0.540470 0.479492 0.540470 0.478516 0.539164 0.477539 0.540470 0.472656 0.540470 0.471680 0.541775 0.470703 0.541775 0.469727 0.543081 0.469727 0.544386 0.466797 0.548303 0.466797 0.553525 0.467773 0.554830 0.467773 0.556136 0.468750 0.556136 0.472656 0.561358 0.472656 0.562663 0.473633 0.562663 0.480469 0.571802 0.481445 0.571802 0.482422 0.573107 0.484375 0.573107 0.485352 0.574413 0.486328 0.574413 0.487305 0.573107 0.490234 0.573107 0.491211 0.571802 0.492188 0.571802 0.494141 0.569191 0.495117 0.569191 0.500000 0.562663 0.500000 0.561358 0.501953 0.557441 0.501953 0.548303 0.500977 0.546997 0.500000 0.543081 0.497070 0.541775 0.495117 0.539164 0.495117 0.535248
0 0.506836 0.577023 0.500000 0.567885 0.499023 0.567885 0.498047 0.566580 0.495117 0.570496 0.494141 0.570496 0.491211 0.573107 0.489258 0.573107 0.488281 0.574413 0.481445 0.574413 0.477539 0.579634 0.476562 0.579634 0.473633 0.583551 0.473633 0.584856 0.472656 0.586162 0.472656 0.587467 0.474609 0.590078 0.475586 0.590078 0.477539 0.592689 0.478516 0.592689 0.480469 0.595300 0.481445 0.595300 0.482422 0.596606 0.486328 0.596606 0.487305 0.595300 0.489258 0.595300 0.490234 0.593995 0.492188 0.593995 0.493164 0.592689 0.494141 0.592689 0.495117 0.591384 0.496094 0.591384 0.498047 0.588773 0.500000 0.588773 0.500977 0.587467 0.501953 0.587467 0.502930 0.586162 0.503906 0.586162 0.505859 0.582245 0.505859 0.579634 0.506836 0.578329
0 0.485352 0.618799 0.485352 0.620104 0.486328 0.621410 0.486328 0.624021 0.485352 0.625326 0.485352 0.633159 0.486328 0.634465 0.487305 0.634465 0.488281 0.635770 0.489258 0.635770 0.490234 0.637076 0.491211 0.637076 0.493164 0.639687 0.496094 0.639687 0.497070 0.640992 0.499023 0.640992 0.500000 0.642298 0.502930 0.642298 0.503906 0.640992 0.511719 0.640992 0.515625 0.635770 0.516602 0.635770 0.518555 0.633159 0.518555 0.631854 0.520508 0.627937 0.520508 0.622715 0.519531 0.622715 0.516602 0.620104 0.514648 0.620104 0.513672 0.618799 0.511719 0.618799 0.510742 0.620104 0.508789 0.620104 0.507812 0.618799 0.502930 0.618799 0.501953 0.617493 0.496094 0.617493 0.495117 0.616188 0.488281 0.616188
0 0.535156 0.634465 0.534180 0.634465 0.531250 0.631854 0.523438 0.631854 0.522461 0.633159 0.521484 0.633159 0.519531 0.635770 0.518555 0.635770 0.517578 0.637076 0.515625 0.637076 0.514648 0.638381 0.513672 0.638381 0.513672 0.639687 0.512695 0.640992 0.512695 0.642298 0.510742 0.644909 0.510742 0.660574 0.511719 0.661880 0.511719 0.667102 0.512695 0.668407 0.525391 0.668407 0.526367 0.667102 0.529297 0.667102 0.530273 0.665796 0.531250 0.665796 0.534180 0.661880 0.534180 0.660574 0.535156 0.659269 0.535156 0.657963 0.538086 0.654047 0.538086 0.643603 0.536133 0.639687 0.536133 0.637076 0.535156 0.635770
0 0.537109 0.577023 0.532227 0.577023 0.529297 0.579634 0.525391 0.579634 0.524414 0.580940 0.519531 0.580940 0.518555 0.582245 0.516602 0.582245 0.513672 0.584856 0.513672 0.587467 0.512695 0.588773 0.512695 0.591384 0.511719 0.592689 0.512695 0.593995 0.512695 0.604439 0.513672 0.605744 0.513672 0.609661 0.514648 0.610966 0.514648 0.613577 0.517578 0.617493 0.518555 0.617493 0.521484 0.620104 0.529297 0.620104 0.530273 0.618799 0.531250 0.618799 0.532227 0.617493 0.533203 0.617493 0.534180 0.616188 0.537109 0.614883 0.540039 0.610966 0.540039 0.609661 0.541016 0.608355 0.541016 0.607050 0.542969 0.603133 0.542969 0.600522 0.544922 0.596606 0.544922 0.591384 0.542969 0.588773 0.542969 0.587467 0.540039 0.583551 0.540039 0.582245 0.538086 0.579634 0.538086 0.578329
0 0.537109 0.549608 0.536133 0.549608 0.533203 0.545692 0.533203 0.544386 0.532227 0.544386 0.532227 0.546997 0.530273 0.549608 0.528320 0.549608 0.527344 0.550914 0.525391 0.550914 0.524414 0.552219 0.522461 0.552219 0.521484 0.553525 0.516602 0.553525 0.515625 0.554830 0.511719 0.554830 0.510742 0.556136 0.508789 0.556136 0.507812 0.557441 0.504883 0.558747 0.502930 0.561358 0.502930 0.563969 0.501953 0.565274 0.501953 0.566580 0.502930 0.567885 0.503906 0.571802 0.505859 0.574413 0.506836 0.574413 0.509766 0.578329 0.527344 0.578329 0.528320 0.577023 0.530273 0.577023 0.531250 0.575718 0.533203 0.575718 0.536133 0.571802 0.536133 0.570496 0.537109 0.569191 0.537109 0.565274 0.538086 0.563969 0.538086 0.557441 0.537109 0.556136
0 0.513672 0.500000 0.512695 0.501305 0.512695 0.502611 0.509766 0.506527 0.509766 0.507833 0.508789 0.509138 0.509766 0.510444 0.509766 0.514360 0.510742 0.515666 0.510742 0.518277 0.511719 0.519582 0.511719 0.524804 0.512695 0.526110 0.512695 0.527415 0.515625 0.531332 0.516602 0.531332 0.517578 0.532637 0.536133 0.532637 0.537109 0.531332 0.538086 0.531332 0.541016 0.528721 0.541016 0.526110 0.541992 0.524804 0.541992 0.522193 0.541016 0.520888 0.541016 0.513055 0.539062 0.510444 0.539062 0.509138 0.537109 0.505222 0.537109 0.501305 0.536133 0.500000 0.536133 0.498695 0.535156 0.498695 0.532227 0.494778 0.526367 0.494778 0.525391 0.493473 0.524414 0.493473 0.521484 0.496084 0.519531 0.496084 0.518555 0.497389 0.516602 0.497389 0.514648 0.500000
0 0.541016 0.530026 0.539062 0.532637 0.539062 0.533943 0.538086 0.535248 0.538086 0.545692 0.541992 0.550914 0.541992 0.552219 0.545898 0.557441 0.546875 0.557441 0.547852 0.558747 0.548828 0.558747 0.551758 0.561358 0.553711 0.561358 0.554688 0.562663 0.558594 0.562663 0.559570 0.563969 0.560547 0.562663 0.562500 0.562663 0.568359 0.554830 0.568359 0.533943 0.567383 0.532637 0.567383 0.528721 0.566406 0.527415 0.564453 0.527415 0.563477 0.526110 0.559570 0.526110 0.558594 0.524804 0.549805 0.524804 0.548828 0.526110 0.545898 0.526110 0.544922 0.527415 0.543945 0.527415 0.541992 0.530026
0 0.572266 0.562663 0.571289 0.561358 0.566406 0.561358 0.565430 0.562663 0.564453 0.562663 0.563477 0.563969 0.561523 0.563969 0.560547 0.565274 0.555664 0.565274 0.554688 0.563969 0.550781 0.563969 0.549805 0.562663 0.544922 0.562663 0.543945 0.563969 0.543945 0.566580 0.542969 0.567885 0.542969 0.571802 0.541992 0.573107 0.541992 0.580940 0.542969 0.582245 0.542969 0.583551 0.543945 0.584856 0.543945 0.586162 0.544922 0.587467 0.545898 0.591384 0.546875 0.592689 0.555664 0.592689 0.556641 0.591384 0.564453 0.591384 0.567383 0.588773 0.572266 0.588773 0.574219 0.586162 0.574219 0.574413 0.573242 0.573107 0.573242 0.567885 0.572266 0.566580
0 0.564453 0.596606 0.561523 0.596606 0.560547 0.597911 0.553711 0.597911 0.555664 0.601828 0.554688 0.603133 0.550781 0.603133 0.549805 0.601828 0.547852 0.601828 0.545898 0.604439 0.544922 0.604439 0.544922 0.605744 0.543945 0.607050 0.543945 0.609661 0.542969 0.610966 0.542969 0.616188 0.543945 0.617493 0.543945 0.622715 0.544922 0.624021 0.544922 0.627937 0.545898 0.629243 0.545898 0.638381 0.543945 0.642298 0.543945 0.650131 0.546875 0.652742 0.554688 0.652742 0.555664 0.651436 0.561523 0.651436 0.562500 0.652742 0.567383 0.652742 0.568359 0.651436 0.570312 0.651436 0.572266 0.648825 0.572266 0.643603 0.573242 0.642298 0.573242 0.639687 0.578125 0.630548 0.578125 0.621410 0.577148 0.620104 0.577148 0.617493 0.576172 0.616188 0.576172 0.614883 0.573242 0.610966 0.571289 0.603133 0.570312 0.601828 0.567383 0.600522
0 0.606445 0.622715 0.604492 0.622715 0.603516 0.621410 0.599609 0.621410 0.598633 0.622715 0.594727 0.622715 0.591797 0.626632 0.591797 0.627937 0.590820 0.629243 0.584961 0.631854 0.582031 0.635770 0.582031 0.638381 0.581055 0.639687 0.581055 0.648825 0.580078 0.650131 0.580078 0.656658 0.582031 0.660574 0.583008 0.660574 0.583984 0.661880 0.586914 0.661880 0.587891 0.663185 0.595703 0.663185 0.596680 0.661880 0.597656 0.661880 0.599609 0.659269 0.602539 0.657963 0.604492 0.655352 0.605469 0.655352 0.606445 0.654047 0.606445 0.652742 0.607422 0.651436 0.607422 0.646214 0.608398 0.644909 0.608398 0.635770 0.609375 0.634465 0.609375 0.629243 0.608398 0.627937 0.608398 0.626632
0 0.613281 0.599217 0.612305 0.597911 0.612305 0.595300 0.610352 0.591384 0.609375 0.591384 0.608398 0.592689 0.602539 0.592689 0.601562 0.593995 0.596680 0.593995 0.595703 0.595300 0.586914 0.595300 0.585938 0.596606 0.583984 0.596606 0.581055 0.600522 0.581055 0.601828 0.580078 0.603133 0.580078 0.604439 0.577148 0.608355 0.577148 0.612272 0.579102 0.614883 0.580078 0.614883 0.581055 0.616188 0.582031 0.616188 0.584961 0.618799 0.603516 0.618799 0.604492 0.617493 0.606445 0.617493 0.607422 0.616188 0.608398 0.616188 0.612305 0.610966 0.612305 0.609661 0.613281 0.608355
0 0.579102 0.554830 0.579102 0.557441 0.580078 0.558747 0.580078 0.561358 0.579102 0.562663 0.579102 0.573107 0.580078 0.574413 0.580078 0.577023 0.581055 0.578329 0.581055 0.580940 0.582031 0.582245 0.582031 0.584856 0.583008 0.586162 0.583008 0.590078 0.584961 0.592689 0.585938 0.592689 0.586914 0.593995 0.591797 0.593995 0.592773 0.592689 0.595703 0.592689 0.596680 0.591384 0.598633 0.591384 0.599609 0.590078 0.600586 0.590078 0.602539 0.587467 0.603516 0.587467 0.603516 0.586162 0.604492 0.584856 0.604492 0.579634 0.607422 0.575718 0.607422 0.574413 0.608398 0.573107 0.608398 0.566580 0.607422 0.565274 0.607422 0.562663 0.606445 0.561358 0.605469 0.562663 0.605469 0.563969 0.604492 0.565274 0.604492 0.567885 0.603516 0.569191 0.601562 0.566580 0.601562 0.561358 0.600586 0.560052 0.601562 0.558747 0.602539 0.554830 0.601562 0.554830 0.598633 0.552219 0.596680 0.552219 0.595703 0.553525 0.585938 0.553525 0.583984 0.550914 0.583008 0.550914 0.583008 0.552219 0.582031 0.553525
0 0.609375 0.514360 0.608398 0.513055 0.606445 0.513055 0.603516 0.510444 0.599609 0.510444 0.598633 0.511749 0.595703 0.511749 0.594727 0.513055 0.587891 0.513055 0.586914 0.514360 0.584961 0.514360 0.582031 0.516971 0.580078 0.516971 0.575195 0.523499 0.575195 0.524804 0.574219 0.526110 0.574219 0.532637 0.575195 0.533943 0.575195 0.535248 0.577148 0.537859 0.578125 0.537859 0.579102 0.539164 0.582031 0.539164 0.583008 0.540470 0.583984 0.540470 0.584961 0.539164 0.587891 0.539164 0.588867 0.537859 0.596680 0.537859 0.597656 0.536554 0.601562 0.536554 0.602539 0.535248 0.603516 0.535248 0.609375 0.527415 0.609375 0.526110 0.610352 0.524804 0.610352 0.520888 0.609375 0.519582
0 0.554688 0.445170 0.546875 0.445170 0.545898 0.446475 0.544922 0.446475 0.542969 0.449086 0.541016 0.449086 0.539062 0.451697 0.538086 0.451697 0.533203 0.455614 0.529297 0.455614 0.524414 0.459530 0.524414 0.467363 0.526367 0.471279 0.526367 0.475196 0.527344 0.476501 0.527344 0.479112 0.531250 0.485640 0.533203 0.492167 0.536133 0.496084 0.540039 0.496084 0.541992 0.493473 0.542969 0.493473 0.546875 0.488251 0.547852 0.488251 0.551758 0.483029 0.552734 0.483029 0.558594 0.475196 0.559570 0.475196 0.560547 0.473890 0.560547 0.469974 0.561523 0.468668 0.561523 0.464752 0.560547 0.463446 0.560547 0.460836 0.553711 0.450392 0.555664 0.446475
0 0.573242 0.485640 0.571289 0.483029 0.571289 0.481723 0.569336 0.479112 0.568359 0.479112 0.567383 0.477807 0.558594 0.477807 0.557617 0.479112 0.556641 0.479112 0.550781 0.486945 0.549805 0.486945 0.545898 0.492167 0.544922 0.492167 0.540039 0.498695 0.540039 0.509138 0.542969 0.511749 0.555664 0.511749 0.556641 0.513055 0.559570 0.513055 0.560547 0.511749 0.563477 0.511749 0.564453 0.510444 0.565430 0.510444 0.566406 0.509138 0.567383 0.509138 0.570312 0.505222 0.571289 0.505222 0.574219 0.501305 0.574219 0.498695 0.575195 0.497389 0.574219 0.496084 0.574219 0.489556 0.573242 0.488251
0 0.576172 0.476501 0.576172 0.477807 0.574219 0.481723 0.574219 0.483029 0.575195 0.484334 0.575195 0.486945 0.578125 0.493473 0.578125 0.496084 0.580078 0.498695 0.580078 0.500000 0.582031 0.502611 0.583008 0.506527 0.584961 0.509138 0.585938 0.509138 0.586914 0.510444 0.589844 0.510444 0.590820 0.511749 0.591797 0.511749 0.592773 0.510444 0.595703 0.510444 0.596680 0.509138 0.598633 0.509138 0.599609 0.507833 0.600586 0.507833 0.602539 0.505222 0.603516 0.505222 0.603516 0.503916 0.605469 0.501305 0.605469 0.500000 0.607422 0.496084 0.607422 0.493473 0.608398 0.492167 0.608398 0.486945 0.609375 0.485640 0.609375 0.479112 0.608398 0.477807 0.608398 0.475196 0.606445 0.472585 0.606445 0.471279 0.604492 0.471279 0.603516 0.469974 0.585938 0.469974 0.584961 0.471279 0.582031 0.471279 0.580078 0.473890 0.579102 0.473890 0.577148 0.476501
0 0.571289 0.421671 0.569336 0.424282 0.569336 0.425587 0.566406 0.428198 0.566406 0.429504 0.564453 0.432115 0.564453 0.433420 0.563477 0.434726 0.563477 0.443864 0.564453 0.445170 0.565430 0.451697 0.567383 0.454308 0.567383 0.455614 0.575195 0.466057 0.576172 0.466057 0.579102 0.468668 0.591797 0.468668 0.592773 0.467363 0.597656 0.464752 0.597656 0.463446 0.598633 0.462141 0.598633 0.459530 0.599609 0.458225 0.599609 0.455614 0.601562 0.451697 0.601562 0.443864 0.602539 0.442559 0.602539 0.438642 0.601562 0.437337 0.601562 0.434726 0.600586 0.433420 0.600586 0.432115 0.594727 0.425587 0.589844 0.424282 0.588867 0.422977 0.587891 0.422977 0.584961 0.420366 0.583008 0.420366 0.582031 0.419060 0.578125 0.419060 0.577148 0.420366 0.575195 0.420366 0.574219 0.421671
0 0.541016 0.403394 0.541016 0.406005 0.541992 0.407311 0.541992 0.409922 0.543945 0.413838 0.547852 0.413838 0.549805 0.416449 0.550781 0.416449 0.553711 0.419060 0.556641 0.419060 0.557617 0.420366 0.564453 0.420366 0.565430 0.419060 0.567383 0.419060 0.568359 0.417755 0.569336 0.417755 0.571289 0.415144 0.572266 0.415144 0.575195 0.411227 0.575195 0.408616 0.576172 0.407311 0.576172 0.404700 0.577148 0.403394 0.577148 0.398172 0.576172 0.396867 0.574219 0.396867 0.573242 0.398172 0.566406 0.398172 0.565430 0.396867 0.562500 0.395561 0.560547 0.392950 0.559570 0.392950 0.556641 0.389034 0.556641 0.387728 0.554688 0.385117 0.548828 0.385117 0.547852 0.386423 0.547852 0.387728 0.545898 0.390339 0.545898 0.391645 0.544922 0.392950 0.544922 0.395561
0 0.579102 0.343342 0.570312 0.343342 0.569336 0.344648 0.564453 0.345953 0.561523 0.349869 0.558594 0.351175 0.554688 0.356397 0.554688 0.362924 0.553711 0.364230 0.553711 0.366841 0.551758 0.370757 0.551758 0.375979 0.552734 0.377285 0.552734 0.378590 0.556641 0.383812 0.557617 0.387728 0.563477 0.395561 0.565430 0.395561 0.566406 0.396867 0.574219 0.396867 0.575195 0.395561 0.578125 0.394256 0.580078 0.391645 0.582031 0.391645 0.586914 0.387728 0.591797 0.387728 0.591797 0.383812 0.593750 0.381201 0.593750 0.378590 0.594727 0.377285 0.594727 0.357702 0.591797 0.353786 0.586914 0.351175 0.583984 0.347258 0.583008 0.347258
0 0.610352 0.381201 0.605469 0.381201 0.602539 0.383812 0.600586 0.383812 0.599609 0.385117 0.596680 0.385117 0.592773 0.390339 0.589844 0.391645 0.585938 0.396867 0.585938 0.398172 0.584961 0.399478 0.584961 0.402089 0.583984 0.403394 0.583984 0.409922 0.594727 0.424282 0.595703 0.424282 0.598633 0.428198 0.599609 0.428198 0.602539 0.430809 0.605469 0.430809 0.606445 0.429504 0.608398 0.429504 0.613281 0.425587 0.615234 0.425587 0.616211 0.424282 0.617188 0.424282 0.619141 0.420366 0.619141 0.416449 0.620117 0.415144 0.620117 0.411227 0.621094 0.409922 0.621094 0.407311 0.622070 0.406005 0.622070 0.399478 0.623047 0.398172 0.623047 0.391645 0.622070 0.390339 0.622070 0.389034 0.619141 0.386423 0.616211 0.386423 0.615234 0.385117 0.612305 0.383812
0 0.634766 0.400783 0.632812 0.400783 0.631836 0.402089 0.629883 0.402089 0.628906 0.403394 0.625977 0.403394 0.625000 0.404700 0.624023 0.408616 0.622070 0.411227 0.622070 0.413838 0.621094 0.415144 0.621094 0.419060 0.620117 0.420366 0.620117 0.437337 0.621094 0.438642 0.621094 0.447781 0.622070 0.449086 0.622070 0.453003 0.625000 0.455614 0.629883 0.455614 0.630859 0.454308 0.633789 0.454308 0.634766 0.453003 0.636719 0.453003 0.639648 0.449086 0.642578 0.447781 0.645508 0.443864 0.647461 0.443864 0.648438 0.442559 0.649414 0.442559 0.651367 0.439948 0.651367 0.438642 0.652344 0.437337 0.652344 0.429504 0.651367 0.428198 0.651367 0.424282 0.650391 0.422977 0.650391 0.415144 0.649414 0.413838 0.648438 0.409922 0.647461 0.409922 0.642578 0.404700 0.641602 0.404700 0.640625 0.403394 0.638672 0.403394 0.637695 0.402089 0.635742 0.402089
0 0.649414 0.501305 0.648438 0.500000 0.647461 0.496084 0.644531 0.492167 0.643555 0.492167 0.642578 0.490862 0.639648 0.490862 0.637695 0.493473 0.635742 0.493473 0.634766 0.494778 0.631836 0.494778 0.630859 0.496084 0.625977 0.496084 0.625000 0.497389 0.619141 0.497389 0.618164 0.498695 0.617188 0.498695 0.612305 0.505222 0.612305 0.506527 0.611328 0.507833 0.611328 0.510444 0.612305 0.511749 0.612305 0.513055 0.616211 0.518277 0.617188 0.518277 0.618164 0.519582 0.619141 0.519582 0.622070 0.522193 0.627930 0.522193 0.628906 0.523499 0.630859 0.523499 0.631836 0.522193 0.636719 0.522193 0.637695 0.520888 0.640625 0.520888 0.646484 0.513055 0.646484 0.511749 0.647461 0.510444 0.647461 0.509138 0.649414 0.505222
0 0.641602 0.535248 0.639648 0.535248 0.638672 0.536554 0.636719 0.536554 0.635742 0.535248 0.630859 0.535248 0.629883 0.533943 0.631836 0.530026 0.630859 0.528721 0.629883 0.528721 0.628906 0.530026 0.628906 0.531332 0.627930 0.532637 0.626953 0.532637 0.624023 0.536554 0.623047 0.536554 0.618164 0.541775 0.615234 0.541775 0.613281 0.545692 0.613281 0.552219 0.612305 0.553525 0.612305 0.556136 0.613281 0.557441 0.613281 0.560052 0.614258 0.561358 0.614258 0.565274 0.615234 0.566580 0.615234 0.570496 0.616211 0.570496 0.619141 0.573107 0.623047 0.573107 0.624023 0.574413 0.630859 0.574413 0.631836 0.573107 0.631836 0.571802 0.635742 0.566580 0.638672 0.565274 0.642578 0.558747 0.645508 0.557441 0.645508 0.554830 0.646484 0.553525 0.646484 0.550914 0.647461 0.549608 0.646484 0.548303 0.646484 0.544386 0.645508 0.543081 0.645508 0.540470
0 0.560547 0.297650 0.554688 0.297650 0.553711 0.298956 0.549805 0.298956 0.548828 0.300261 0.543945 0.301567 0.542969 0.302872 0.540039 0.304178 0.540039 0.305483 0.537109 0.309399 0.537109 0.310705 0.536133 0.312010 0.536133 0.321149 0.538086 0.325065 0.538086 0.327676 0.541992 0.336815 0.541992 0.339426 0.542969 0.340731 0.543945 0.344648 0.546875 0.348564 0.546875 0.351175 0.548828 0.353786 0.552734 0.353786 0.553711 0.352480 0.555664 0.352480 0.558594 0.348564 0.561523 0.347258 0.563477 0.344648 0.564453 0.344648 0.567383 0.342037 0.569336 0.342037 0.569336 0.340731 0.570312 0.339426 0.570312 0.334204 0.571289 0.332898 0.571289 0.330287 0.573242 0.326371 0.573242 0.323760 0.575195 0.321149 0.575195 0.314621 0.574219 0.313316 0.573242 0.309399 0.572266 0.308094 0.571289 0.308094 0.568359 0.304178 0.567383 0.304178 0.563477 0.300261 0.562500 0.300261
0 0.617188 0.241514 0.614258 0.241514 0.613281 0.240209 0.610352 0.240209 0.609375 0.238903 0.603516 0.238903 0.602539 0.240209 0.600586 0.240209 0.599609 0.241514 0.597656 0.241514 0.596680 0.242820 0.594727 0.242820 0.593750 0.244125 0.590820 0.244125 0.587891 0.248042 0.587891 0.250653 0.586914 0.251958 0.586914 0.254569 0.585938 0.255875 0.585938 0.261097 0.584961 0.262402 0.584961 0.267624 0.583008 0.271540 0.583008 0.274151 0.583984 0.275457 0.583984 0.276762 0.584961 0.278068 0.585938 0.278068 0.589844 0.283290 0.590820 0.287206 0.597656 0.296345 0.598633 0.296345 0.599609 0.297650 0.604492 0.297650 0.605469 0.296345 0.610352 0.295039 0.612305 0.287206 0.617188 0.279373 0.617188 0.278068 0.622070 0.266319 0.622070 0.263708 0.623047 0.262402 0.623047 0.251958 0.622070 0.250653 0.622070 0.248042 0.619141 0.244125 0.619141 0.242820 0.618164 0.242820
0 0.595703 0.300261 0.594727 0.301567 0.593750 0.301567 0.590820 0.306789 0.589844 0.306789 0.585938 0.312010 0.584961 0.312010 0.581055 0.315927 0.581055 0.317232 0.580078 0.318538 0.580078 0.321149 0.579102 0.322454 0.579102 0.328982 0.580078 0.330287 0.580078 0.334204 0.581055 0.335509 0.581055 0.339426 0.583984 0.345953 0.584961 0.345953 0.586914 0.348564 0.587891 0.348564 0.596680 0.355091 0.600586 0.355091 0.601562 0.353786 0.602539 0.353786 0.608398 0.345953 0.608398 0.344648 0.611328 0.339426 0.611328 0.338120 0.619141 0.326371 0.619141 0.325065 0.621094 0.322454 0.621094 0.314621 0.619141 0.314621 0.618164 0.313316 0.617188 0.313316 0.613281 0.308094 0.611328 0.308094 0.610352 0.306789 0.605469 0.304178 0.601562 0.300261
0 0.663086 0.285901 0.658203 0.283290 0.656250 0.280679 0.651367 0.279373 0.647461 0.275457 0.639648 0.275457 0.639648 0.276762 0.637695 0.279373 0.636719 0.278068 0.632812 0.278068 0.628906 0.281984 0.627930 0.281984 0.626953 0.283290 0.625977 0.287206 0.618164 0.298956 0.618164 0.302872 0.624023 0.313316 0.625000 0.317232 0.630859 0.325065 0.631836 0.325065 0.635742 0.328982 0.638672 0.328982 0.639648 0.327676 0.641602 0.327676 0.653320 0.312010 0.653320 0.310705 0.659180 0.302872 0.660156 0.302872 0.663086 0.298956 0.663086 0.297650 0.664062 0.296345 0.664062 0.288512 0.663086 0.287206
0 0.693359 0.255875 0.689453 0.255875 0.688477 0.257180 0.686523 0.257180 0.685547 0.258486 0.682617 0.258486 0.681641 0.259791 0.678711 0.259791 0.677734 0.261097 0.675781 0.261097 0.674805 0.262402 0.673828 0.262402 0.671875 0.265013 0.670898 0.265013 0.667969 0.267624 0.666992 0.271540 0.665039 0.274151 0.665039 0.279373 0.664062 0.280679 0.664062 0.284595 0.666016 0.288512 0.666016 0.293734 0.666992 0.295039 0.666992 0.296345 0.671875 0.302872 0.673828 0.302872 0.674805 0.304178 0.675781 0.304178 0.676758 0.305483 0.678711 0.305483 0.679688 0.306789 0.684570 0.306789 0.685547 0.305483 0.690430 0.305483 0.691406 0.304178 0.694336 0.304178 0.699219 0.298956 0.699219 0.270235 0.700195 0.268930 0.700195 0.265013 0.699219 0.263708 0.699219 0.262402 0.697266 0.259791 0.697266 0.258486 0.696289 0.258486
0 0.680664 0.310705 0.678711 0.310705 0.677734 0.309399 0.673828 0.309399 0.672852 0.308094 0.669922 0.308094 0.668945 0.309399 0.668945 0.310705 0.663086 0.317232 0.662109 0.317232 0.661133 0.318538 0.658203 0.318538 0.657227 0.317232 0.657227 0.315927 0.654297 0.315927 0.653320 0.317232 0.653320 0.318538 0.651367 0.321149 0.650391 0.321149 0.648438 0.325065 0.647461 0.325065 0.647461 0.327676 0.648438 0.328982 0.648438 0.332898 0.649414 0.334204 0.649414 0.339426 0.650391 0.340731 0.649414 0.342037 0.649414 0.349869 0.650391 0.351175 0.650391 0.356397 0.653320 0.361619 0.655273 0.361619 0.656250 0.362924 0.659180 0.362924 0.660156 0.364230 0.673828 0.364230 0.674805 0.362924 0.677734 0.362924 0.681641 0.357702 0.681641 0.356397 0.682617 0.355091 0.682617 0.352480 0.684570 0.349869 0.684570 0.347258 0.687500 0.340731 0.687500 0.325065 0.686523 0.323760 0.686523 0.321149 0.684570 0.318538 0.683594 0.314621
0 0.622070 0.330287 0.621094 0.331593 0.619141 0.331593 0.618164 0.332898 0.617188 0.332898 0.613281 0.338120 0.613281 0.339426 0.608398 0.351175 0.608398 0.360313 0.607422 0.361619 0.608398 0.362924 0.609375 0.366841 0.611328 0.369452 0.611328 0.370757 0.612305 0.372063 0.612305 0.374674 0.614258 0.377285 0.615234 0.377285 0.619141 0.382507 0.620117 0.382507 0.622070 0.385117 0.626953 0.385117 0.627930 0.383812 0.631836 0.383812 0.632812 0.382507 0.635742 0.381201 0.637695 0.378590 0.639648 0.378590 0.640625 0.377285 0.641602 0.377285 0.643555 0.374674 0.643555 0.373368 0.648438 0.366841 0.648438 0.365535 0.649414 0.364230 0.649414 0.361619 0.648438 0.360313 0.648438 0.356397 0.647461 0.355091 0.647461 0.353786 0.642578 0.345953 0.642578 0.343342 0.641602 0.342037 0.641602 0.338120 0.640625 0.336815 0.640625 0.335509 0.639648 0.335509 0.634766 0.331593 0.630859 0.331593 0.629883 0.330287
0 0.652344 0.365535 0.650391 0.368146 0.647461 0.369452 0.645508 0.372063 0.645508 0.373368 0.643555 0.375979 0.643555 0.377285 0.642578 0.378590 0.641602 0.378590 0.640625 0.379896 0.638672 0.379896 0.637695 0.381201 0.636719 0.381201 0.634766 0.383812 0.634766 0.391645 0.635742 0.392950 0.636719 0.396867 0.640625 0.402089 0.643555 0.403394 0.645508 0.406005 0.648438 0.407311 0.650391 0.409922 0.652344 0.409922 0.653320 0.411227 0.655273 0.411227 0.656250 0.412533 0.660156 0.412533 0.661133 0.411227 0.662109 0.411227 0.665039 0.407311 0.666016 0.407311 0.667969 0.404700 0.667969 0.402089 0.671875 0.392950 0.671875 0.387728 0.672852 0.386423 0.672852 0.382507 0.673828 0.381201 0.673828 0.373368 0.670898 0.369452 0.669922 0.369452 0.668945 0.368146 0.666992 0.368146 0.666016 0.366841 0.663086 0.366841 0.662109 0.365535
0 0.688477 0.387728 0.688477 0.391645 0.685547 0.395561 0.681641 0.395561 0.680664 0.396867 0.679688 0.396867 0.677734 0.399478 0.673828 0.399478 0.672852 0.400783 0.672852 0.402089 0.669922 0.406005 0.669922 0.407311 0.667969 0.409922 0.667969 0.411227 0.666016 0.413838 0.666016 0.419060 0.667969 0.421671 0.667969 0.422977 0.668945 0.424282 0.668945 0.426893 0.669922 0.428198 0.671875 0.434726 0.675781 0.439948 0.676758 0.443864 0.679688 0.447781 0.682617 0.447781 0.683594 0.446475 0.684570 0.446475 0.686523 0.443864 0.687500 0.443864 0.694336 0.434726 0.694336 0.433420 0.696289 0.430809 0.696289 0.428198 0.698242 0.425587 0.699219 0.421671 0.701172 0.419060 0.701172 0.412533 0.700195 0.411227 0.700195 0.409922 0.697266 0.406005 0.697266 0.403394 0.696289 0.402089 0.696289 0.399478 0.695312 0.398172 0.695312 0.396867 0.693359 0.394256 0.690430 0.392950 0.689453 0.391645 0.689453 0.389034
0 0.712891 0.331593 0.710938 0.331593 0.709961 0.332898 0.705078 0.332898 0.704102 0.334204 0.699219 0.334204 0.698242 0.335509 0.696289 0.335509 0.695312 0.336815 0.693359 0.336815 0.692383 0.338120 0.689453 0.338120 0.689453 0.339426 0.686523 0.345953 0.686523 0.348564 0.685547 0.349869 0.685547 0.352480 0.684570 0.353786 0.684570 0.365535 0.685547 0.366841 0.685547 0.368146 0.686523 0.368146 0.687500 0.369452 0.692383 0.372063 0.694336 0.374674 0.695312 0.374674 0.700195 0.378590 0.702148 0.378590 0.705078 0.381201 0.708984 0.381201 0.710938 0.378590 0.711914 0.378590 0.714844 0.374674 0.715820 0.374674 0.718750 0.370757 0.718750 0.366841 0.719727 0.365535 0.719727 0.360313 0.720703 0.359008 0.720703 0.352480 0.719727 0.351175 0.719727 0.345953 0.718750 0.344648 0.718750 0.343342 0.716797 0.340731 0.714844 0.334204
0 0.676758 0.449086 0.674805 0.449086 0.673828 0.447781 0.672852 0.447781 0.671875 0.449086 0.669922 0.449086 0.668945 0.450392 0.666016 0.451697 0.662109 0.455614 0.659180 0.455614 0.658203 0.456919 0.656250 0.456919 0.655273 0.455614 0.652344 0.455614 0.651367 0.454308 0.650391 0.454308 0.648438 0.460836 0.645508 0.466057 0.645508 0.475196 0.644531 0.476501 0.644531 0.483029 0.643555 0.484334 0.643555 0.488251 0.650391 0.497389 0.652344 0.497389 0.653320 0.496084 0.658203 0.496084 0.659180 0.494778 0.661133 0.494778 0.662109 0.493473 0.664062 0.493473 0.665039 0.492167 0.667969 0.492167 0.668945 0.490862 0.674805 0.490862 0.675781 0.489556 0.678711 0.489556 0.679688 0.488251 0.680664 0.488251 0.683594 0.484334 0.683594 0.479112 0.682617 0.477807 0.682617 0.471279 0.679688 0.464752 0.679688 0.455614 0.678711 0.454308 0.678711 0.451697
0 0.705078 0.450392 0.702148 0.450392 0.701172 0.451697 0.698242 0.451697 0.697266 0.453003 0.695312 0.453003 0.694336 0.454308 0.691406 0.455614 0.687500 0.460836 0.687500 0.462141 0.685547 0.464752 0.685547 0.466057 0.684570 0.467363 0.683594 0.467363 0.683594 0.477807 0.684570 0.479112 0.684570 0.484334 0.682617 0.488251 0.683594 0.492167 0.684570 0.492167 0.685547 0.493473 0.690430 0.493473 0.691406 0.492167 0.697266 0.492167 0.699219 0.489556 0.705078 0.486945 0.705078 0.485640 0.707031 0.483029 0.708008 0.483029 0.708984 0.481723 0.708984 0.480418 0.712891 0.473890 0.712891 0.469974 0.713867 0.468668 0.713867 0.462141 0.712891 0.462141 0.705078 0.451697
0 0.680664 0.494778 0.679688 0.494778 0.678711 0.493473 0.674805 0.493473 0.673828 0.492167 0.668945 0.492167 0.667969 0.493473 0.665039 0.493473 0.664062 0.494778 0.662109 0.494778 0.661133 0.496084 0.657227 0.496084 0.656250 0.497389 0.653320 0.497389 0.652344 0.498695 0.651367 0.498695 0.651367 0.501305 0.650391 0.502611 0.650391 0.507833 0.649414 0.509138 0.649414 0.511749 0.648438 0.513055 0.648438 0.514360 0.649414 0.514360 0.656250 0.523499 0.657227 0.523499 0.659180 0.526110 0.660156 0.526110 0.661133 0.527415 0.662109 0.527415 0.665039 0.530026 0.667969 0.530026 0.668945 0.528721 0.670898 0.528721 0.671875 0.527415 0.676758 0.527415 0.678711 0.523499 0.678711 0.516971 0.679688 0.515666 0.679688 0.513055 0.680664 0.511749 0.680664 0.502611 0.681641 0.501305 0.681641 0.496084
0 0.647461 0.540470 0.648438 0.541775 0.648438 0.554830 0.649414 0.556136 0.650391 0.560052 0.653320 0.563969 0.655273 0.563969 0.656250 0.565274 0.660156 0.565274 0.661133 0.563969 0.663086 0.563969 0.666016 0.561358 0.667969 0.561358 0.668945 0.560052 0.670898 0.560052 0.671875 0.558747 0.672852 0.558747 0.675781 0.554830 0.672852 0.550914 0.672852 0.549608 0.673828 0.548303 0.674805 0.548303 0.677734 0.544386 0.678711 0.545692 0.682617 0.545692 0.683594 0.544386 0.683594 0.537859 0.682617 0.536554 0.682617 0.533943 0.681641 0.533943 0.679688 0.531332 0.678711 0.531332 0.677734 0.530026 0.668945 0.530026 0.667969 0.531332 0.663086 0.531332 0.662109 0.530026 0.659180 0.530026 0.658203 0.528721 0.652344 0.528721 0.652344 0.530026 0.650391 0.532637 0.650391 0.533943
0 0.708008 0.500000 0.696289 0.500000 0.695312 0.501305 0.692383 0.502611 0.687500 0.509138 0.687500 0.510444 0.685547 0.513055 0.685547 0.514360 0.684570 0.515666 0.684570 0.520888 0.683594 0.522193 0.683594 0.530026 0.685547 0.532637 0.686523 0.536554 0.689453 0.540470 0.690430 0.544386 0.692383 0.546997 0.693359 0.546997 0.694336 0.548303 0.697266 0.548303 0.698242 0.546997 0.700195 0.546997 0.701172 0.545692 0.703125 0.545692 0.704102 0.544386 0.705078 0.544386 0.712891 0.533943 0.713867 0.533943 0.714844 0.532637 0.714844 0.530026 0.715820 0.528721 0.715820 0.527415 0.718750 0.520888 0.718750 0.509138 0.717773 0.507833 0.715820 0.507833 0.714844 0.506527 0.712891 0.506527
0 0.695312 0.563969 0.692383 0.560052 0.691406 0.560052 0.690430 0.558747 0.686523 0.558747 0.685547 0.560052 0.673828 0.560052 0.672852 0.561358 0.668945 0.561358 0.666016 0.563969 0.664062 0.563969 0.662109 0.566580 0.661133 0.566580 0.661133 0.567885 0.662109 0.569191 0.662109 0.574413 0.663086 0.575718 0.663086 0.579634 0.662109 0.580940 0.662109 0.582245 0.663086 0.583551 0.663086 0.588773 0.664062 0.590078 0.664062 0.591384 0.666992 0.593995 0.682617 0.593995 0.683594 0.592689 0.686523 0.592689 0.687500 0.591384 0.689453 0.591384 0.691406 0.588773 0.692383 0.588773 0.692383 0.587467 0.694336 0.584856 0.694336 0.583551 0.696289 0.580940 0.696289 0.579634 0.697266 0.578329 0.697266 0.571802 0.696289 0.570496 0.696289 0.567885 0.695312 0.566580
0 0.647461 0.565274 0.644531 0.565274 0.643555 0.566580 0.641602 0.566580 0.639648 0.569191 0.638672 0.569191 0.637695 0.570496 0.634766 0.571802 0.631836 0.575718 0.630859 0.575718 0.628906 0.578329 0.628906 0.579634 0.625977 0.586162 0.625977 0.590078 0.625000 0.591384 0.625000 0.592689 0.625977 0.593995 0.625977 0.596606 0.628906 0.600522 0.628906 0.603133 0.629883 0.604439 0.629883 0.605744 0.634766 0.609661 0.637695 0.609661 0.638672 0.610966 0.644531 0.610966 0.645508 0.609661 0.646484 0.609661 0.649414 0.605744 0.650391 0.605744 0.661133 0.591384 0.661133 0.586162 0.659180 0.583551 0.659180 0.582245 0.658203 0.580940 0.658203 0.578329 0.657227 0.577023 0.657227 0.574413 0.656250 0.574413 0.655273 0.573107 0.649414 0.573107 0.648438 0.571802 0.647461 0.571802 0.646484 0.570496 0.648438 0.566580
0 0.610352 0.620104 0.610352 0.622715 0.611328 0.624021 0.611328 0.625326 0.613281 0.627937 0.613281 0.629243 0.614258 0.629243 0.615234 0.630548 0.618164 0.630548 0.619141 0.631854 0.624023 0.631854 0.625000 0.633159 0.625977 0.633159 0.628906 0.635770 0.639648 0.635770 0.646484 0.626632 0.647461 0.626632 0.647461 0.625326 0.648438 0.624021 0.648438 0.618799 0.646484 0.614883 0.644531 0.614883 0.643555 0.613577 0.641602 0.613577 0.640625 0.612272 0.637695 0.612272 0.636719 0.610966 0.634766 0.610966 0.633789 0.609661 0.631836 0.609661 0.630859 0.608355 0.627930 0.608355 0.626953 0.607050 0.625977 0.607050 0.625000 0.608355 0.622070 0.608355 0.620117 0.610966 0.619141 0.610966 0.616211 0.613577 0.614258 0.613577 0.611328 0.617493 0.611328 0.618799
0 0.615234 0.654047 0.615234 0.656658 0.616211 0.657963 0.616211 0.664491 0.617188 0.665796 0.617188 0.673629 0.616211 0.674935 0.617188 0.676240 0.617188 0.677546 0.619141 0.680157 0.620117 0.680157 0.621094 0.681462 0.623047 0.681462 0.624023 0.682768 0.626953 0.682768 0.627930 0.684073 0.636719 0.684073 0.637695 0.682768 0.647461 0.682768 0.647461 0.673629 0.646484 0.672324 0.646484 0.668407 0.645508 0.667102 0.645508 0.655352 0.643555 0.652742 0.643555 0.651436 0.642578 0.650131 0.642578 0.638381 0.631836 0.638381 0.630859 0.639687 0.629883 0.639687 0.625977 0.644909 0.624023 0.651436 0.622070 0.654047
0 0.686523 0.678851 0.683594 0.674935 0.683594 0.673629 0.681641 0.669713 0.681641 0.667102 0.679688 0.664491 0.678711 0.664491 0.677734 0.663185 0.676758 0.663185 0.673828 0.660574 0.672852 0.660574 0.672852 0.661880 0.670898 0.664491 0.670898 0.665796 0.669922 0.667102 0.666992 0.667102 0.666016 0.665796 0.665039 0.665796 0.662109 0.663185 0.660156 0.663185 0.659180 0.664491 0.657227 0.664491 0.655273 0.667102 0.654297 0.667102 0.651367 0.671018 0.651367 0.672324 0.650391 0.673629 0.650391 0.677546 0.652344 0.681462 0.652344 0.684073 0.653320 0.685379 0.653320 0.687990 0.654297 0.689295 0.654297 0.690601 0.656250 0.693211 0.657227 0.693211 0.658203 0.694517 0.661133 0.694517 0.662109 0.695822 0.664062 0.695822 0.665039 0.697128 0.675781 0.697128 0.676758 0.695822 0.677734 0.695822 0.679688 0.693211 0.680664 0.693211 0.681641 0.691906 0.684570 0.690601 0.686523 0.687990 0.686523 0.686684 0.687500 0.685379 0.687500 0.684073 0.686523 0.682768
0 0.650391 0.638381 0.650391 0.640992 0.651367 0.642298 0.651367 0.646214 0.652344 0.647520 0.652344 0.648825 0.654297 0.651436 0.655273 0.651436 0.656250 0.652742 0.677734 0.652742 0.678711 0.651436 0.680664 0.651436 0.682617 0.648825 0.682617 0.646214 0.683594 0.644909 0.683594 0.637076 0.682617 0.635770 0.682617 0.634465 0.680664 0.631854 0.679688 0.631854 0.678711 0.630548 0.658203 0.630548 0.657227 0.631854 0.656250 0.631854 0.654297 0.634465 0.653320 0.634465
0 0.688477 0.601828 0.685547 0.597911 0.684570 0.597911 0.683594 0.596606 0.681641 0.596606 0.680664 0.595300 0.671875 0.595300 0.670898 0.596606 0.666992 0.596606 0.666016 0.597911 0.665039 0.597911 0.664062 0.596606 0.662109 0.596606 0.661133 0.597911 0.660156 0.597911 0.657227 0.601828 0.657227 0.603133 0.655273 0.607050 0.655273 0.610966 0.654297 0.612272 0.655273 0.613577 0.655273 0.614883 0.657227 0.617493 0.657227 0.621410 0.658203 0.622715 0.658203 0.627937 0.659180 0.629243 0.675781 0.629243 0.676758 0.627937 0.677734 0.627937 0.678711 0.624021 0.680664 0.621410 0.683594 0.620104 0.685547 0.617493 0.686523 0.617493 0.687500 0.616188 0.687500 0.614883 0.688477 0.613577
0 0.733398 0.665796 0.729492 0.660574 0.729492 0.659269 0.727539 0.656658 0.725586 0.656658 0.724609 0.655352 0.723633 0.655352 0.720703 0.657963 0.716797 0.657963 0.715820 0.659269 0.708984 0.659269 0.708008 0.660574 0.704102 0.660574 0.701172 0.664491 0.701172 0.667102 0.700195 0.668407 0.700195 0.681462 0.701172 0.682768 0.701172 0.684073 0.703125 0.686684 0.704102 0.686684 0.706055 0.689295 0.707031 0.689295 0.708008 0.690601 0.710938 0.690601 0.711914 0.689295 0.713867 0.689295 0.714844 0.687990 0.716797 0.687990 0.717773 0.686684 0.719727 0.686684 0.720703 0.685379 0.722656 0.685379 0.723633 0.684073 0.724609 0.684073 0.725586 0.682768 0.726562 0.682768 0.727539 0.681462 0.728516 0.681462 0.729492 0.680157 0.730469 0.680157 0.730469 0.678851 0.732422 0.674935 0.732422 0.672324 0.733398 0.671018
0 0.727539 0.648825 0.726562 0.647520 0.726562 0.644909 0.725586 0.643603 0.725586 0.642298 0.723633 0.638381 0.723633 0.635770 0.722656 0.634465 0.722656 0.633159 0.720703 0.630548 0.720703 0.629243 0.719727 0.627937 0.717773 0.627937 0.716797 0.626632 0.714844 0.626632 0.711914 0.624021 0.710938 0.625326 0.707031 0.625326 0.706055 0.626632 0.702148 0.626632 0.701172 0.627937 0.698242 0.629243 0.694336 0.634465 0.693359 0.634465 0.691406 0.637076 0.691406 0.640992 0.692383 0.642298 0.692383 0.646214 0.694336 0.650131 0.694336 0.652742 0.696289 0.655352 0.701172 0.655352 0.702148 0.656658 0.704102 0.656658 0.705078 0.657963 0.713867 0.657963 0.714844 0.656658 0.718750 0.656658 0.719727 0.655352 0.721680 0.655352 0.722656 0.654047 0.724609 0.654047 0.727539 0.650131
0 0.763672 0.646214 0.762695 0.644909 0.761719 0.644909 0.757812 0.639687 0.756836 0.639687 0.755859 0.638381 0.754883 0.638381 0.752930 0.635770 0.750977 0.635770 0.749023 0.638381 0.748047 0.638381 0.742188 0.646214 0.741211 0.646214 0.739258 0.648825 0.738281 0.648825 0.737305 0.650131 0.735352 0.650131 0.734375 0.651436 0.732422 0.651436 0.732422 0.660574 0.733398 0.661880 0.733398 0.663185 0.735352 0.665796 0.735352 0.667102 0.736328 0.668407 0.736328 0.669713 0.739258 0.672324 0.741211 0.672324 0.742188 0.673629 0.748047 0.673629 0.749023 0.672324 0.750977 0.672324 0.751953 0.671018 0.752930 0.671018 0.753906 0.669713 0.754883 0.669713 0.754883 0.668407 0.755859 0.667102 0.756836 0.667102 0.757812 0.665796 0.758789 0.665796 0.759766 0.664491 0.760742 0.664491 0.763672 0.661880 0.763672 0.660574 0.764648 0.659269 0.764648 0.648825 0.763672 0.647520
0 0.752930 0.592689 0.750977 0.592689 0.750000 0.591384 0.741211 0.591384 0.740234 0.592689 0.737305 0.592689 0.736328 0.593995 0.733398 0.593995 0.732422 0.595300 0.730469 0.595300 0.729492 0.596606 0.728516 0.596606 0.728516 0.597911 0.729492 0.599217 0.729492 0.605744 0.728516 0.607050 0.728516 0.610966 0.727539 0.612272 0.727539 0.614883 0.726562 0.616188 0.726562 0.620104 0.727539 0.621410 0.727539 0.626632 0.728516 0.627937 0.730469 0.634465 0.731445 0.635770 0.734375 0.637076 0.737305 0.640992 0.741211 0.640992 0.742188 0.639687 0.744141 0.639687 0.746094 0.637076 0.750977 0.634465 0.756836 0.626632 0.757812 0.626632 0.760742 0.622715 0.760742 0.621410 0.761719 0.620104 0.761719 0.608355 0.760742 0.607050 0.758789 0.600522 0.756836 0.597911 0.756836 0.596606 0.755859 0.595300 0.754883 0.595300
0 0.791016 0.608355 0.790039 0.607050 0.779297 0.607050 0.778320 0.605744 0.774414 0.605744 0.770508 0.610966 0.770508 0.612272 0.763672 0.621410 0.763672 0.622715 0.762695 0.624021 0.762695 0.625326 0.761719 0.626632 0.761719 0.627937 0.759766 0.631854 0.759766 0.640992 0.760742 0.640992 0.761719 0.642298 0.763672 0.642298 0.764648 0.640992 0.766602 0.640992 0.767578 0.639687 0.770508 0.639687 0.771484 0.638381 0.773438 0.638381 0.774414 0.637076 0.777344 0.637076 0.778320 0.635770 0.781250 0.635770 0.783203 0.633159 0.783203 0.631854 0.786133 0.627937 0.786133 0.626632 0.787109 0.625326 0.787109 0.624021 0.788086 0.622715 0.788086 0.621410 0.790039 0.618799 0.790039 0.609661
0 0.702148 0.584856 0.698242 0.590078 0.698242 0.591384 0.694336 0.596606 0.694336 0.600522 0.693359 0.601828 0.693359 0.608355 0.694336 0.609661 0.694336 0.612272 0.696289 0.614883 0.701172 0.614883 0.702148 0.616188 0.707031 0.616188 0.708008 0.617493 0.714844 0.617493 0.715820 0.618799 0.716797 0.618799 0.717773 0.617493 0.720703 0.617493 0.724609 0.612272 0.724609 0.610966 0.725586 0.609661 0.725586 0.607050 0.726562 0.605744 0.726562 0.595300 0.725586 0.593995 0.725586 0.592689 0.724609 0.591384 0.724609 0.590078 0.723633 0.588773 0.722656 0.584856 0.721680 0.583551 0.719727 0.583551 0.718750 0.582245 0.710938 0.582245 0.709961 0.580940 0.708008 0.580940 0.707031 0.582245 0.706055 0.582245 0.705078 0.583551
0 0.716797 0.537859 0.715820 0.539164 0.712891 0.539164 0.711914 0.540470 0.710938 0.540470 0.710938 0.541775 0.706055 0.548303 0.705078 0.548303 0.704102 0.549608 0.704102 0.550914 0.702148 0.553525 0.702148 0.556136 0.700195 0.560052 0.700195 0.571802 0.701172 0.571802 0.702148 0.573107 0.705078 0.574413 0.708008 0.578329 0.709961 0.578329 0.710938 0.579634 0.717773 0.579634 0.718750 0.580940 0.720703 0.580940 0.721680 0.579634 0.724609 0.579634 0.728516 0.574413 0.728516 0.573107 0.729492 0.571802 0.729492 0.569191 0.730469 0.567885 0.730469 0.562663 0.731445 0.561358 0.731445 0.549608 0.725586 0.541775 0.724609 0.541775 0.721680 0.539164 0.718750 0.539164 0.717773 0.537859
0 0.766602 0.566580 0.763672 0.563969 0.758789 0.563969 0.757812 0.565274 0.751953 0.565274 0.750977 0.566580 0.744141 0.566580 0.743164 0.567885 0.737305 0.567885 0.736328 0.569191 0.735352 0.569191 0.730469 0.575718 0.730469 0.584856 0.731445 0.586162 0.731445 0.588773 0.732422 0.590078 0.734375 0.590078 0.735352 0.591384 0.737305 0.591384 0.738281 0.590078 0.742188 0.590078 0.743164 0.588773 0.754883 0.588773 0.762695 0.578329 0.763672 0.578329 0.765625 0.575718 0.765625 0.569191 0.766602 0.567885
0 0.798828 0.569191 0.791992 0.569191 0.791016 0.570496 0.789062 0.567885 0.788086 0.567885 0.787109 0.566580 0.786133 0.567885 0.785156 0.567885 0.782227 0.570496 0.780273 0.570496 0.779297 0.571802 0.777344 0.571802 0.773438 0.577023 0.773438 0.578329 0.771484 0.580940 0.771484 0.582245 0.770508 0.583551 0.770508 0.586162 0.769531 0.587467 0.769531 0.590078 0.768555 0.591384 0.768555 0.595300 0.769531 0.596606 0.769531 0.597911 0.770508 0.597911 0.771484 0.599217 0.774414 0.600522 0.776367 0.603133 0.778320 0.603133 0.779297 0.604439 0.782227 0.604439 0.783203 0.605744 0.788086 0.605744 0.789062 0.604439 0.793945 0.604439 0.794922 0.603133 0.795898 0.603133 0.798828 0.599217 0.798828 0.597911 0.800781 0.595300 0.800781 0.593995 0.801758 0.592689 0.801758 0.573107
0 0.821289 0.590078 0.820312 0.590078 0.819336 0.591384 0.816406 0.591384 0.815430 0.590078 0.813477 0.590078 0.810547 0.593995 0.805664 0.593995 0.804688 0.595300 0.802734 0.595300 0.802734 0.596606 0.794922 0.607050 0.794922 0.608355 0.795898 0.609661 0.795898 0.610966 0.799805 0.616188 0.799805 0.617493 0.808594 0.629243 0.809570 0.629243 0.810547 0.630548 0.811523 0.629243 0.814453 0.629243 0.815430 0.627937 0.816406 0.627937 0.817383 0.626632 0.818359 0.626632 0.822266 0.621410 0.822266 0.620104 0.825195 0.616188 0.826172 0.616188 0.829102 0.612272 0.829102 0.607050 0.828125 0.605744 0.828125 0.604439 0.827148 0.603133 0.827148 0.601828 0.825195 0.599217 0.825195 0.597911 0.822266 0.593995 0.822266 0.591384
0 0.808594 0.571802 0.809570 0.573107 0.809570 0.577023 0.812500 0.580940 0.813477 0.580940 0.814453 0.582245 0.818359 0.582245 0.819336 0.583551 0.821289 0.583551 0.822266 0.584856 0.824219 0.584856 0.825195 0.586162 0.828125 0.586162 0.829102 0.584856 0.833984 0.584856 0.835938 0.582245 0.836914 0.582245 0.839844 0.578329 0.840820 0.578329 0.844727 0.573107 0.845703 0.569191 0.847656 0.566580 0.847656 0.565274 0.850586 0.561358 0.850586 0.560052 0.848633 0.557441 0.848633 0.556136 0.847656 0.556136 0.846680 0.554830 0.842773 0.554830 0.841797 0.553525 0.829102 0.553525 0.828125 0.554830 0.822266 0.554830 0.819336 0.550914 0.815430 0.550914 0.814453 0.552219 0.813477 0.552219 0.810547 0.556136 0.810547 0.557441 0.808594 0.561358
0 0.787109 0.524804 0.786133 0.524804 0.786133 0.526110 0.784180 0.528721 0.782227 0.528721 0.781250 0.530026 0.779297 0.530026 0.778320 0.531332 0.775391 0.531332 0.774414 0.532637 0.772461 0.532637 0.771484 0.533943 0.770508 0.533943 0.768555 0.536554 0.765625 0.537859 0.764648 0.539164 0.764648 0.540470 0.762695 0.543081 0.761719 0.543081 0.761719 0.544386 0.757812 0.549608 0.757812 0.550914 0.762695 0.557441 0.763672 0.557441 0.764648 0.558747 0.764648 0.560052 0.768555 0.565274 0.768555 0.566580 0.770508 0.569191 0.771484 0.569191 0.774414 0.571802 0.775391 0.571802 0.776367 0.570496 0.777344 0.570496 0.778320 0.569191 0.781250 0.567885 0.787109 0.560052 0.788086 0.560052 0.790039 0.557441 0.791992 0.557441 0.792969 0.556136 0.793945 0.556136 0.793945 0.554830 0.792969 0.553525 0.792969 0.550914 0.791016 0.546997 0.791016 0.543081 0.790039 0.541775 0.790039 0.539164 0.789062 0.537859 0.789062 0.536554 0.788086 0.535248 0.788086 0.532637 0.787109 0.531332
0 0.724609 0.531332 0.724609 0.535248 0.725586 0.536554 0.725586 0.537859 0.726562 0.537859 0.729492 0.541775 0.730469 0.541775 0.731445 0.543081 0.736328 0.543081 0.737305 0.544386 0.742188 0.544386 0.743164 0.545692 0.745117 0.545692 0.746094 0.544386 0.750977 0.544386 0.751953 0.543081 0.756836 0.543081 0.757812 0.541775 0.757812 0.539164 0.760742 0.535248 0.760742 0.532637 0.761719 0.531332 0.761719 0.528721 0.760742 0.527415 0.759766 0.527415 0.757812 0.524804 0.757812 0.523499 0.756836 0.522193 0.755859 0.522193 0.749023 0.513055 0.748047 0.513055 0.745117 0.510444 0.737305 0.510444 0.736328 0.511749 0.735352 0.511749 0.732422 0.515666 0.732422 0.518277 0.731445 0.519582 0.730469 0.519582 0.727539 0.522193 0.727539 0.523499 0.725586 0.527415 0.725586 0.530026
0 0.714844 0.488251 0.714844 0.490862 0.713867 0.492167 0.713867 0.493473 0.714844 0.494778 0.714844 0.498695 0.717773 0.502611 0.718750 0.502611 0.721680 0.505222 0.724609 0.505222 0.725586 0.506527 0.727539 0.506527 0.728516 0.507833 0.733398 0.507833 0.734375 0.509138 0.736328 0.509138 0.737305 0.507833 0.740234 0.507833 0.741211 0.506527 0.743164 0.506527 0.744141 0.505222 0.745117 0.505222 0.746094 0.503916 0.746094 0.502611 0.748047 0.500000 0.750000 0.500000 0.751953 0.497389 0.751953 0.496084 0.753906 0.493473 0.753906 0.489556 0.754883 0.488251 0.749023 0.480418 0.746094 0.479112 0.742188 0.473890 0.741211 0.473890 0.738281 0.471279 0.730469 0.471279 0.729492 0.472585 0.728516 0.472585 0.727539 0.473890 0.724609 0.475196 0.722656 0.477807 0.721680 0.477807 0.716797 0.484334 0.716797 0.485640
0 0.778320 0.485640 0.777344 0.486945 0.775391 0.486945 0.774414 0.488251 0.769531 0.488251 0.768555 0.489556 0.764648 0.489556 0.763672 0.490862 0.762695 0.490862 0.758789 0.496084 0.758789 0.497389 0.756836 0.501305 0.756836 0.503916 0.755859 0.505222 0.755859 0.507833 0.754883 0.509138 0.754883 0.513055 0.755859 0.514360 0.755859 0.515666 0.763672 0.526110 0.764648 0.526110 0.767578 0.528721 0.769531 0.528721 0.770508 0.530026 0.777344 0.530026 0.778320 0.528721 0.779297 0.528721 0.783203 0.523499 0.784180 0.523499 0.786133 0.520888 0.786133 0.519582 0.788086 0.515666 0.788086 0.513055 0.789062 0.511749 0.789062 0.503916 0.787109 0.500000 0.787109 0.497389 0.784180 0.493473 0.784180 0.492167 0.782227 0.489556 0.781250 0.489556
0 0.754883 0.434726 0.752930 0.432115 0.752930 0.430809 0.747070 0.422977 0.746094 0.422977 0.741211 0.417755 0.738281 0.417755 0.735352 0.420366 0.735352 0.424282 0.733398 0.426893 0.732422 0.426893 0.728516 0.432115 0.727539 0.432115 0.726562 0.433420 0.726562 0.434726 0.724609 0.437337 0.723633 0.437337 0.722656 0.438642 0.720703 0.438642 0.719727 0.439948 0.716797 0.436031 0.716797 0.434726 0.716797 0.442559 0.715820 0.443864 0.715820 0.454308 0.716797 0.455614 0.716797 0.458225 0.718750 0.460836 0.719727 0.460836 0.720703 0.462141 0.722656 0.462141 0.723633 0.463446 0.724609 0.463446 0.725586 0.464752 0.727539 0.464752 0.728516 0.466057 0.729492 0.464752 0.732422 0.464752 0.735352 0.462141 0.737305 0.462141 0.739258 0.459530 0.740234 0.459530 0.741211 0.458225 0.742188 0.458225 0.744141 0.455614 0.747070 0.454308 0.750000 0.450392 0.750000 0.449086 0.751953 0.446475 0.751953 0.443864 0.754883 0.437337
0 0.774414 0.439948 0.772461 0.439948 0.771484 0.438642 0.770508 0.438642 0.769531 0.439948 0.762695 0.439948 0.761719 0.441253 0.760742 0.441253 0.758789 0.443864 0.758789 0.445170 0.757812 0.446475 0.756836 0.446475 0.751953 0.453003 0.751953 0.454308 0.750000 0.456919 0.750000 0.460836 0.749023 0.462141 0.749023 0.472585 0.750000 0.473890 0.750000 0.477807 0.750977 0.479112 0.750977 0.480418 0.751953 0.481723 0.752930 0.481723 0.754883 0.484334 0.758789 0.484334 0.759766 0.483029 0.768555 0.483029 0.769531 0.481723 0.772461 0.481723 0.773438 0.480418 0.777344 0.480418 0.778320 0.479112 0.781250 0.477807 0.781250 0.476501 0.783203 0.473890 0.783203 0.472585 0.784180 0.471279 0.784180 0.468668 0.785156 0.467363 0.785156 0.462141 0.784180 0.460836 0.784180 0.458225 0.783203 0.456919 0.783203 0.454308 0.782227 0.453003 0.781250 0.449086 0.779297 0.446475 0.779297 0.445170 0.778320 0.443864 0.777344 0.443864
0 0.703125 0.387728 0.703125 0.391645 0.702148 0.392950 0.702148 0.394256 0.703125 0.395561 0.703125 0.406005 0.704102 0.407311 0.705078 0.407311 0.708008 0.411227 0.708984 0.411227 0.713867 0.417755 0.714844 0.417755 0.715820 0.419060 0.724609 0.419060 0.725586 0.417755 0.729492 0.417755 0.730469 0.416449 0.731445 0.416449 0.732422 0.415144 0.733398 0.415144 0.738281 0.411227 0.738281 0.400783 0.737305 0.399478 0.737305 0.396867 0.736328 0.395561 0.736328 0.381201 0.735352 0.379896 0.735352 0.378590 0.734375 0.377285 0.733398 0.377285 0.731445 0.374674 0.719727 0.374674 0.718750 0.375979 0.716797 0.375979 0.715820 0.377285 0.714844 0.377285 0.712891 0.379896 0.711914 0.379896 0.709961 0.382507 0.708984 0.382507 0.708008 0.383812 0.705078 0.385117
0 0.752930 0.304178 0.750977 0.304178 0.750000 0.305483 0.747070 0.305483 0.742188 0.312010 0.741211 0.312010 0.739258 0.314621 0.738281 0.314621 0.729492 0.327676 0.729492 0.328982 0.727539 0.332898 0.727539 0.338120 0.726562 0.339426 0.726562 0.342037 0.727539 0.343342 0.727539 0.344648 0.730469 0.348564 0.730469 0.349869 0.737305 0.359008 0.738281 0.359008 0.740234 0.361619 0.741211 0.361619 0.744141 0.364230 0.745117 0.364230 0.746094 0.362924 0.748047 0.362924 0.748047 0.361619 0.755859 0.351175 0.756836 0.351175 0.760742 0.345953 0.760742 0.344648 0.765625 0.338120 0.765625 0.336815 0.770508 0.331593 0.770508 0.328982 0.769531 0.327676 0.769531 0.326371 0.766602 0.322454 0.766602 0.321149 0.762695 0.315927 0.761719 0.315927 0.759766 0.313316 0.758789 0.313316 0.756836 0.310705 0.755859 0.306789
0 0.759766 0.375979 0.758789 0.377285 0.758789 0.378590 0.757812 0.379896 0.757812 0.382507 0.755859 0.386423 0.755859 0.390339 0.754883 0.391645 0.754883 0.394256 0.756836 0.396867 0.756836 0.398172 0.762695 0.406005 0.762695 0.407311 0.763672 0.408616 0.764648 0.408616 0.766602 0.411227 0.767578 0.411227 0.769531 0.413838 0.773438 0.413838 0.774414 0.415144 0.775391 0.415144 0.776367 0.413838 0.780273 0.413838 0.781250 0.415144 0.786133 0.415144 0.788086 0.412533 0.788086 0.411227 0.789062 0.409922 0.789062 0.407311 0.790039 0.406005 0.790039 0.402089 0.791992 0.398172 0.791992 0.394256 0.792969 0.392950 0.792969 0.382507 0.793945 0.381201 0.793945 0.372063 0.790039 0.366841 0.774414 0.366841 0.773438 0.368146 0.770508 0.368146 0.769531 0.369452 0.768555 0.369452 0.766602 0.372063 0.765625 0.372063 0.764648 0.373368 0.762695 0.373368 0.760742 0.375979
0 0.749023 0.413838 0.749023 0.419060 0.750000 0.420366 0.750000 0.421671 0.750977 0.422977 0.751953 0.422977 0.753906 0.425587 0.754883 0.425587 0.756836 0.428198 0.757812 0.428198 0.760742 0.432115 0.761719 0.432115 0.764648 0.434726 0.772461 0.434726 0.773438 0.433420 0.774414 0.433420 0.780273 0.425587 0.780273 0.424282 0.783203 0.420366 0.783203 0.416449 0.782227 0.416449 0.781250 0.415144 0.775391 0.415144 0.774414 0.416449 0.773438 0.415144 0.769531 0.415144 0.768555 0.413838 0.767578 0.413838 0.764648 0.409922 0.763672 0.409922 0.758789 0.403394 0.757812 0.403394 0.755859 0.400783 0.753906 0.403394 0.752930 0.403394 0.752930 0.404700 0.750977 0.407311 0.750977 0.408616 0.750000 0.409922 0.750000 0.412533
0 0.817383 0.362924 0.814453 0.362924 0.813477 0.364230 0.809570 0.364230 0.808594 0.362924 0.802734 0.362924 0.801758 0.364230 0.800781 0.364230 0.797852 0.366841 0.795898 0.366841 0.795898 0.368146 0.794922 0.369452 0.794922 0.379896 0.793945 0.381201 0.793945 0.390339 0.792969 0.391645 0.792969 0.396867 0.793945 0.398172 0.793945 0.400783 0.799805 0.408616 0.800781 0.408616 0.801758 0.409922 0.806641 0.409922 0.807617 0.408616 0.810547 0.407311 0.817383 0.398172 0.817383 0.396867 0.819336 0.394256 0.819336 0.391645 0.820312 0.390339 0.820312 0.366841
0 0.817383 0.413838 0.815430 0.413838 0.814453 0.412533 0.809570 0.412533 0.808594 0.413838 0.803711 0.413838 0.802734 0.412533 0.799805 0.412533 0.798828 0.411227 0.797852 0.411227 0.796875 0.412533 0.794922 0.412533 0.793945 0.413838 0.789062 0.416449 0.787109 0.419060 0.786133 0.419060 0.786133 0.420366 0.782227 0.425587 0.782227 0.433420 0.783203 0.434726 0.783203 0.438642 0.784180 0.439948 0.784180 0.441253 0.782227 0.443864 0.782227 0.447781 0.783203 0.449086 0.783203 0.450392 0.784180 0.451697 0.789062 0.454308 0.791992 0.459530 0.792969 0.459530 0.793945 0.460836 0.796875 0.460836 0.797852 0.462141 0.802734 0.462141 0.803711 0.460836 0.805664 0.460836 0.807617 0.458225 0.808594 0.458225 0.824219 0.437337 0.824219 0.433420 0.823242 0.432115 0.823242 0.430809 0.819336 0.425587 0.818359 0.421671 0.817383 0.421671 0.815430 0.419060 0.817383 0.416449
0 0.811523 0.460836 0.807617 0.460836 0.804688 0.464752 0.802734 0.464752 0.801758 0.466057 0.800781 0.466057 0.797852 0.469974 0.796875 0.469974 0.794922 0.472585 0.794922 0.473890 0.791992 0.480418 0.791992 0.488251 0.793945 0.492167 0.793945 0.494778 0.795898 0.497389 0.795898 0.498695 0.796875 0.500000 0.796875 0.502611 0.798828 0.505222 0.798828 0.507833 0.799805 0.509138 0.799805 0.510444 0.801758 0.513055 0.806641 0.513055 0.808594 0.510444 0.810547 0.510444 0.811523 0.509138 0.812500 0.509138 0.815430 0.505222 0.821289 0.502611 0.822266 0.501305 0.823242 0.497389 0.825195 0.494778 0.825195 0.493473 0.826172 0.492167 0.826172 0.485640 0.825195 0.484334 0.825195 0.480418 0.824219 0.479112 0.824219 0.476501 0.823242 0.475196 0.823242 0.473890 0.821289 0.471279 0.819336 0.471279
0 0.826172 0.505222 0.825195 0.505222 0.824219 0.503916 0.819336 0.503916 0.818359 0.505222 0.815430 0.506527 0.813477 0.509138 0.812500 0.509138 0.811523 0.510444 0.808594 0.511749 0.806641 0.514360 0.805664 0.514360 0.804688 0.515666 0.802734 0.515666 0.800781 0.518277 0.797852 0.519582 0.797852 0.533943 0.800781 0.537859 0.800781 0.539164 0.804688 0.544386 0.806641 0.544386 0.807617 0.545692 0.809570 0.545692 0.810547 0.546997 0.817383 0.546997 0.818359 0.545692 0.821289 0.545692 0.822266 0.544386 0.822266 0.543081 0.826172 0.537859 0.826172 0.536554 0.827148 0.535248 0.827148 0.531332 0.828125 0.530026 0.828125 0.526110 0.829102 0.524804 0.829102 0.520888 0.830078 0.519582 0.830078 0.513055 0.829102 0.511749 0.829102 0.509138
0 0.833008 0.502611 0.830078 0.505222 0.830078 0.510444 0.831055 0.511749 0.831055 0.514360 0.833008 0.518277 0.831055 0.520888 0.831055 0.523499 0.830078 0.524804 0.830078 0.527415 0.829102 0.528721 0.829102 0.531332 0.828125 0.532637 0.828125 0.539164 0.833008 0.544386 0.834961 0.544386 0.839844 0.548303 0.841797 0.548303 0.844727 0.550914 0.847656 0.550914 0.848633 0.552219 0.852539 0.546997 0.857422 0.544386 0.859375 0.541775 0.859375 0.533943 0.860352 0.532637 0.860352 0.516971 0.857422 0.513055 0.855469 0.513055 0.854492 0.511749 0.853516 0.511749 0.851562 0.509138 0.846680 0.509138 0.845703 0.510444 0.844727 0.510444 0.842773 0.507833 0.840820 0.507833 0.839844 0.506527 0.838867 0.506527 0.836914 0.503916 0.834961 0.503916 0.833984 0.502611
0 0.833008 0.476501 0.833008 0.483029 0.832031 0.484334 0.832031 0.498695 0.833008 0.500000 0.833984 0.500000 0.837891 0.493473 0.839844 0.496084 0.840820 0.496084 0.843750 0.500000 0.844727 0.500000 0.846680 0.502611 0.847656 0.502611 0.848633 0.503916 0.861328 0.503916 0.863281 0.501305 0.863281 0.500000 0.867188 0.494778 0.867188 0.493473 0.868164 0.492167 0.868164 0.488251 0.867188 0.486945 0.867188 0.485640 0.865234 0.483029 0.865234 0.481723 0.863281 0.479112 0.863281 0.477807 0.861328 0.473890 0.857422 0.473890 0.856445 0.475196 0.852539 0.475196 0.851562 0.476501 0.848633 0.476501 0.847656 0.475196 0.842773 0.475196 0.841797 0.473890 0.840820 0.473890 0.839844 0.475196 0.833984 0.475196
0 0.858398 0.432115 0.857422 0.432115 0.856445 0.430809 0.854492 0.430809 0.853516 0.429504 0.850586 0.429504 0.846680 0.434726 0.845703 0.434726 0.839844 0.442559 0.838867 0.442559 0.836914 0.445170 0.835938 0.445170 0.834961 0.449086 0.832031 0.453003 0.832031 0.454308 0.830078 0.456919 0.830078 0.458225 0.829102 0.459530 0.829102 0.466057 0.830078 0.467363 0.830078 0.469974 0.833008 0.473890 0.838867 0.473890 0.839844 0.472585 0.840820 0.472585 0.841797 0.473890 0.843750 0.473890 0.844727 0.475196 0.853516 0.475196 0.854492 0.473890 0.858398 0.473890 0.859375 0.472585 0.861328 0.472585 0.862305 0.471279 0.865234 0.471279 0.866211 0.469974 0.867188 0.469974 0.867188 0.468668 0.868164 0.467363 0.868164 0.459530 0.867188 0.458225 0.867188 0.454308 0.866211 0.453003 0.866211 0.450392 0.864258 0.446475 0.864258 0.443864 0.863281 0.442559 0.863281 0.439948 0.858398 0.433420
