0 0.125977 0.261719 0.125977 0.274740 0.126953 0.276042 0.126953 0.279948 0.127930 0.281250 0.127930 0.283854 0.128906 0.285156 0.128906 0.287760 0.129883 0.289062 0.129883 0.291667 0.130859 0.292969 0.139648 0.292969 0.140625 0.294271 0.142578 0.294271 0.143555 0.292969 0.149414 0.292969 0.150391 0.291667 0.152344 0.291667 0.155273 0.289062 0.155273 0.286458 0.156250 0.285156 0.156250 0.273438 0.154297 0.269531 0.154297 0.263021 0.153320 0.261719 0.151367 0.264323 0.149414 0.264323 0.147461 0.261719 0.147461 0.259115 0.145508 0.256510 0.143555 0.256510 0.142578 0.255208 0.134766 0.255208 0.131836 0.257812 0.129883 0.257812 0.127930 0.260417 0.126953 0.260417
0 0.165039 0.270833 0.163086 0.274740 0.163086 0.277344 0.162109 0.278646 0.162109 0.282552 0.161133 0.283854 0.161133 0.294271 0.160156 0.295573 0.160156 0.303385 0.164062 0.308594 0.165039 0.308594 0.166016 0.309896 0.180664 0.309896 0.181641 0.308594 0.183594 0.308594 0.183594 0.307292 0.184570 0.305990 0.184570 0.303385 0.183594 0.302083 0.183594 0.295573 0.184570 0.294271 0.184570 0.291667 0.185547 0.290365 0.185547 0.282552 0.186523 0.281250 0.186523 0.273438 0.184570 0.270833 0.182617 0.270833 0.181641 0.269531 0.168945 0.269531 0.167969 0.270833
0 0.189453 0.276042 0.188477 0.277344 0.188477 0.278646 0.186523 0.282552 0.186523 0.287760 0.185547 0.289062 0.185547 0.294271 0.184570 0.295573 0.184570 0.303385 0.185547 0.304688 0.185547 0.305990 0.187500 0.308594 0.187500 0.309896 0.190430 0.312500 0.195312 0.312500 0.196289 0.313802 0.197266 0.312500 0.202148 0.312500 0.203125 0.311198 0.205078 0.311198 0.209961 0.304688 0.209961 0.298177 0.206055 0.292969 0.206055 0.282552 0.205078 0.281250 0.205078 0.279948 0.203125 0.277344 0.201172 0.277344 0.200195 0.276042
0 0.186523 0.239583 0.184570 0.242188 0.184570 0.243490 0.182617 0.247396 0.182617 0.248698 0.183594 0.250000 0.183594 0.253906 0.182617 0.255208 0.182617 0.256510 0.183594 0.257812 0.183594 0.260417 0.184570 0.261719 0.184570 0.266927 0.185547 0.268229 0.186523 0.268229 0.187500 0.269531 0.189453 0.269531 0.192383 0.272135 0.200195 0.272135 0.201172 0.270833 0.202148 0.272135 0.207031 0.272135 0.208984 0.269531 0.208984 0.265625 0.209961 0.264323 0.209961 0.261719 0.210938 0.260417 0.210938 0.252604 0.209961 0.251302 0.209961 0.248698 0.208984 0.247396 0.208984 0.243490 0.208008 0.242188 0.208008 0.240885 0.205078 0.236979 0.202148 0.236979 0.201172 0.235677 0.191406 0.235677 0.190430 0.236979 0.189453 0.236979 0.187500 0.239583
0 0.208008 0.317708 0.196289 0.317708 0.195312 0.319010 0.192383 0.319010 0.190430 0.321615 0.189453 0.321615 0.189453 0.322917 0.185547 0.328125 0.185547 0.329427 0.184570 0.330729 0.184570 0.335938 0.185547 0.337240 0.185547 0.338542 0.186523 0.339844 0.186523 0.342448 0.188477 0.345052 0.188477 0.346354 0.190430 0.346354 0.191406 0.347656 0.192383 0.347656 0.194336 0.345052 0.194336 0.343750 0.196289 0.341146 0.196289 0.339844 0.198242 0.337240 0.199219 0.337240 0.200195 0.335938 0.202148 0.335938 0.203125 0.334635 0.205078 0.334635 0.206055 0.333333 0.207031 0.333333 0.208008 0.332031 0.208984 0.332031 0.210938 0.329427 0.210938 0.324219 0.209961 0.322917 0.209961 0.321615 0.208984 0.320312 0.208984 0.319010
0 0.197266 0.342448 0.194336 0.346354 0.194336 0.347656 0.192383 0.351562 0.192383 0.358073 0.193359 0.359375 0.193359 0.363281 0.194336 0.364583 0.194336 0.368490 0.196289 0.371094 0.197266 0.371094 0.198242 0.372396 0.204102 0.372396 0.205078 0.373698 0.208008 0.373698 0.208984 0.375000 0.215820 0.375000 0.216797 0.373698 0.217773 0.373698 0.218750 0.372396 0.218750 0.369792 0.219727 0.368490 0.219727 0.365885 0.221680 0.363281 0.221680 0.360677 0.220703 0.360677 0.218750 0.356771 0.218750 0.352865 0.217773 0.351562 0.217773 0.346354 0.216797 0.345052 0.215820 0.345052 0.214844 0.343750 0.212891 0.343750 0.211914 0.342448 0.206055 0.342448 0.205078 0.341146 0.200195 0.341146 0.199219 0.342448
0 0.168945 0.358073 0.165039 0.358073 0.164062 0.359375 0.161133 0.359375 0.160156 0.360677 0.157227 0.361979 0.155273 0.364583 0.154297 0.364583 0.151367 0.367188 0.149414 0.367188 0.148438 0.368490 0.147461 0.368490 0.144531 0.371094 0.144531 0.373698 0.145508 0.375000 0.145508 0.380208 0.146484 0.381510 0.146484 0.382812 0.151367 0.389323 0.152344 0.389323 0.153320 0.390625 0.162109 0.390625 0.163086 0.391927 0.165039 0.391927 0.166016 0.393229 0.166992 0.391927 0.170898 0.391927 0.172852 0.389323 0.173828 0.389323 0.176758 0.386719 0.176758 0.385417 0.173828 0.385417 0.171875 0.382812 0.172852 0.378906 0.173828 0.377604 0.174805 0.377604 0.174805 0.373698 0.175781 0.372396 0.174805 0.371094 0.173828 0.371094 0.170898 0.367188 0.170898 0.365885 0.168945 0.361979
0 0.189453 0.381510 0.189453 0.384115 0.190430 0.385417 0.190430 0.386719 0.192383 0.389323 0.192383 0.390625 0.198242 0.398438 0.199219 0.398438 0.201172 0.401042 0.201172 0.402344 0.204102 0.406250 0.205078 0.406250 0.206055 0.407552 0.211914 0.407552 0.212891 0.406250 0.218750 0.406250 0.219727 0.404948 0.220703 0.404948 0.224609 0.398438 0.224609 0.397135 0.225586 0.395833 0.225586 0.393229 0.226562 0.391927 0.225586 0.390625 0.225586 0.385417 0.223633 0.382812 0.223633 0.381510 0.222656 0.380208 0.221680 0.380208 0.218750 0.377604 0.216797 0.377604 0.215820 0.376302 0.209961 0.376302 0.208984 0.375000 0.206055 0.375000 0.205078 0.373698 0.196289 0.373698 0.195312 0.375000 0.194336 0.375000
0 0.197266 0.399740 0.195312 0.399740 0.194336 0.401042 0.192383 0.401042 0.190430 0.403646 0.189453 0.403646 0.186523 0.407552 0.185547 0.407552 0.184570 0.408854 0.184570 0.410156 0.182617 0.414062 0.182617 0.425781 0.183594 0.427083 0.183594 0.432292 0.184570 0.433594 0.184570 0.436198 0.185547 0.437500 0.185547 0.438802 0.187500 0.441406 0.193359 0.441406 0.194336 0.440104 0.195312 0.440104 0.199219 0.434896 0.199219 0.433594 0.202148 0.429688 0.202148 0.428385 0.203125 0.427083 0.203125 0.424479 0.204102 0.423177 0.206055 0.423177 0.208008 0.419271 0.208008 0.417969 0.207031 0.416667 0.207031 0.414062 0.202148 0.407552 0.202148 0.406250 0.201172 0.404948 0.201172 0.403646 0.200195 0.402344 0.199219 0.402344
0 0.236328 0.398438 0.231445 0.398438 0.230469 0.399740 0.228516 0.399740 0.226562 0.402344 0.225586 0.402344 0.221680 0.407552 0.221680 0.411458 0.220703 0.412760 0.221680 0.414062 0.221680 0.421875 0.222656 0.423177 0.222656 0.425781 0.223633 0.427083 0.223633 0.429688 0.224609 0.430990 0.225586 0.430990 0.228516 0.434896 0.229492 0.434896 0.230469 0.436198 0.233398 0.436198 0.235352 0.433594 0.235352 0.430990 0.236328 0.429688 0.236328 0.427083 0.237305 0.425781 0.237305 0.421875 0.238281 0.420573 0.238281 0.419271 0.239258 0.417969 0.239258 0.416667 0.240234 0.415365 0.240234 0.414062 0.241211 0.412760 0.242188 0.412760 0.244141 0.410156 0.244141 0.404948 0.243164 0.403646 0.243164 0.402344 0.241211 0.399740 0.237305 0.399740
0 0.251953 0.407552 0.249023 0.411458 0.248047 0.411458 0.247070 0.412760 0.244141 0.412760 0.243164 0.414062 0.242188 0.414062 0.241211 0.415365 0.240234 0.415365 0.240234 0.416667 0.239258 0.417969 0.239258 0.420573 0.238281 0.421875 0.238281 0.425781 0.237305 0.427083 0.237305 0.429688 0.236328 0.430990 0.236328 0.440104 0.237305 0.441406 0.237305 0.444010 0.240234 0.447917 0.241211 0.447917 0.242188 0.449219 0.245117 0.449219 0.246094 0.450521 0.250000 0.450521 0.250977 0.451823 0.254883 0.451823 0.257812 0.447917 0.257812 0.446615 0.258789 0.445312 0.259766 0.445312 0.261719 0.442708 0.261719 0.441406 0.262695 0.440104 0.262695 0.437500 0.261719 0.436198 0.261719 0.415365 0.260742 0.414062 0.260742 0.412760 0.256836 0.407552
0 0.239258 0.356771 0.238281 0.358073 0.235352 0.358073 0.233398 0.360677 0.232422 0.360677 0.231445 0.361979 0.231445 0.363281 0.230469 0.364583 0.229492 0.364583 0.226562 0.368490 0.226562 0.369792 0.225586 0.371094 0.225586 0.377604 0.226562 0.378906 0.226562 0.385417 0.227539 0.386719 0.227539 0.390625 0.228516 0.391927 0.228516 0.397135 0.230469 0.397135 0.231445 0.398438 0.232422 0.398438 0.233398 0.397135 0.236328 0.397135 0.237305 0.398438 0.241211 0.398438 0.242188 0.397135 0.243164 0.397135 0.246094 0.393229 0.246094 0.390625 0.245117 0.389323 0.245117 0.386719 0.244141 0.385417 0.244141 0.384115 0.243164 0.382812 0.243164 0.380208 0.242188 0.378906 0.242188 0.373698 0.241211 0.372396 0.241211 0.367188 0.242188 0.365885 0.242188 0.363281 0.243164 0.361979 0.242188 0.360677 0.241211 0.360677
0 0.242188 0.364583 0.242188 0.365885 0.241211 0.367188 0.241211 0.368490 0.242188 0.369792 0.242188 0.376302 0.243164 0.377604 0.243164 0.382812 0.244141 0.384115 0.244141 0.385417 0.246094 0.389323 0.246094 0.391927 0.248047 0.394531 0.256836 0.394531 0.257812 0.393229 0.260742 0.393229 0.261719 0.391927 0.265625 0.391927 0.266602 0.390625 0.268555 0.390625 0.270508 0.388021 0.270508 0.377604 0.268555 0.373698 0.268555 0.369792 0.267578 0.368490 0.267578 0.365885 0.266602 0.364583 0.265625 0.364583 0.263672 0.361979 0.261719 0.361979 0.260742 0.360677 0.259766 0.360677 0.256836 0.358073 0.251953 0.358073 0.250977 0.359375 0.250000 0.359375 0.247070 0.361979 0.245117 0.361979
0 0.304688 0.367188 0.299805 0.360677 0.291016 0.360677 0.290039 0.361979 0.286133 0.361979 0.285156 0.363281 0.279297 0.363281 0.278320 0.364583 0.276367 0.364583 0.275391 0.365885 0.274414 0.365885 0.273438 0.367188 0.273438 0.372396 0.272461 0.373698 0.272461 0.385417 0.273438 0.386719 0.273438 0.389323 0.274414 0.390625 0.274414 0.391927 0.277344 0.395833 0.279297 0.395833 0.280273 0.397135 0.282227 0.397135 0.283203 0.398438 0.295898 0.398438 0.296875 0.397135 0.299805 0.397135 0.300781 0.395833 0.301758 0.395833 0.303711 0.393229 0.304688 0.393229 0.304688 0.391927 0.305664 0.390625 0.305664 0.371094 0.304688 0.369792
0 0.263672 0.320312 0.262695 0.321615 0.259766 0.322917 0.257812 0.325521 0.256836 0.325521 0.256836 0.326823 0.254883 0.329427 0.254883 0.334635 0.253906 0.335938 0.253906 0.338542 0.252930 0.339844 0.252930 0.342448 0.251953 0.343750 0.251953 0.348958 0.252930 0.350260 0.252930 0.351562 0.255859 0.355469 0.256836 0.355469 0.258789 0.358073 0.261719 0.359375 0.263672 0.361979 0.265625 0.361979 0.266602 0.363281 0.271484 0.363281 0.272461 0.361979 0.274414 0.361979 0.275391 0.360677 0.276367 0.360677 0.276367 0.359375 0.279297 0.355469 0.278320 0.354167 0.278320 0.348958 0.279297 0.347656 0.279297 0.329427 0.277344 0.326823 0.277344 0.322917 0.278320 0.321615 0.278320 0.320312 0.276367 0.320312 0.275391 0.321615 0.272461 0.321615 0.271484 0.320312
0 0.255859 0.308594 0.253906 0.308594 0.252930 0.309896 0.249023 0.309896 0.248047 0.308594 0.247070 0.309896 0.242188 0.309896 0.241211 0.311198 0.237305 0.311198 0.236328 0.312500 0.231445 0.312500 0.230469 0.313802 0.228516 0.313802 0.227539 0.315104 0.227539 0.316406 0.226562 0.317708 0.226562 0.325521 0.227539 0.326823 0.227539 0.329427 0.228516 0.330729 0.228516 0.333333 0.229492 0.334635 0.229492 0.335938 0.230469 0.337240 0.230469 0.338542 0.231445 0.339844 0.232422 0.343750 0.234375 0.346354 0.234375 0.347656 0.237305 0.351562 0.237305 0.352865 0.241211 0.352865 0.242188 0.351562 0.243164 0.351562 0.244141 0.350260 0.247070 0.348958 0.249023 0.346354 0.250000 0.346354 0.250000 0.345052 0.251953 0.341146 0.251953 0.335938 0.252930 0.334635 0.252930 0.332031 0.255859 0.325521 0.255859 0.324219 0.251953 0.319010 0.251953 0.316406 0.250977 0.315104 0.250977 0.313802 0.253906 0.309896 0.255859 0.309896
0 0.275391 0.270833 0.274414 0.272135 0.271484 0.273438 0.269531 0.276042 0.268555 0.276042 0.268555 0.277344 0.265625 0.281250 0.265625 0.282552 0.264648 0.283854 0.264648 0.287760 0.263672 0.289062 0.263672 0.291667 0.261719 0.295573 0.261719 0.302083 0.262695 0.303385 0.263672 0.303385 0.269531 0.311198 0.269531 0.312500 0.271484 0.315104 0.282227 0.315104 0.283203 0.313802 0.283203 0.312500 0.285156 0.309896 0.285156 0.308594 0.286133 0.307292 0.286133 0.305990 0.288086 0.302083 0.288086 0.296875 0.289062 0.295573 0.289062 0.291667 0.290039 0.290365 0.290039 0.286458 0.291016 0.285156 0.291016 0.282552 0.290039 0.281250 0.290039 0.279948 0.286133 0.274740 0.285156 0.274740 0.283203 0.272135 0.281250 0.272135 0.280273 0.270833
0 0.293945 0.316406 0.291016 0.320312 0.291016 0.322917 0.290039 0.324219 0.291016 0.325521 0.291016 0.329427 0.291992 0.330729 0.291992 0.335938 0.292969 0.337240 0.292969 0.342448 0.296875 0.347656 0.299805 0.348958 0.301758 0.351562 0.302734 0.351562 0.303711 0.352865 0.308594 0.352865 0.309570 0.354167 0.313477 0.354167 0.314453 0.352865 0.318359 0.352865 0.320312 0.348958 0.320312 0.334635 0.321289 0.333333 0.321289 0.329427 0.323242 0.325521 0.323242 0.322917 0.322266 0.321615 0.322266 0.320312 0.321289 0.319010 0.320312 0.319010 0.318359 0.316406 0.317383 0.316406 0.316406 0.315104 0.313477 0.315104 0.312500 0.313802 0.304688 0.313802 0.303711 0.315104 0.299805 0.315104 0.298828 0.316406
0 0.334961 0.367188 0.333984 0.365885 0.333008 0.365885 0.331055 0.363281 0.330078 0.363281 0.328125 0.360677 0.327148 0.360677 0.325195 0.358073 0.323242 0.358073 0.322266 0.356771 0.321289 0.356771 0.320312 0.358073 0.317383 0.358073 0.316406 0.359375 0.313477 0.359375 0.312500 0.360677 0.311523 0.360677 0.310547 0.361979 0.310547 0.363281 0.308594 0.367188 0.308594 0.388021 0.309570 0.389323 0.309570 0.390625 0.311523 0.390625 0.312500 0.391927 0.319336 0.391927 0.320312 0.390625 0.323242 0.390625 0.324219 0.389323 0.328125 0.389323 0.329102 0.388021 0.331055 0.388021 0.332031 0.386719 0.333008 0.386719 0.335938 0.382812 0.335938 0.377604 0.334961 0.376302
0 0.308594 0.407552 0.307617 0.407552 0.306641 0.406250 0.302734 0.406250 0.301758 0.404948 0.293945 0.404948 0.292969 0.406250 0.289062 0.406250 0.288086 0.407552 0.287109 0.407552 0.284180 0.411458 0.281250 0.412760 0.279297 0.415365 0.279297 0.417969 0.278320 0.419271 0.278320 0.425781 0.279297 0.427083 0.279297 0.432292 0.280273 0.433594 0.280273 0.434896 0.281250 0.436198 0.281250 0.437500 0.282227 0.438802 0.282227 0.440104 0.283203 0.441406 0.284180 0.445312 0.286133 0.447917 0.288086 0.447917 0.289062 0.446615 0.292969 0.446615 0.293945 0.445312 0.294922 0.445312 0.297852 0.441406 0.300781 0.440104 0.306641 0.432292 0.306641 0.417969 0.307617 0.416667 0.307617 0.415365 0.308594 0.414062 0.308594 0.411458 0.309570 0.410156 0.309570 0.408854
0 0.297852 0.444010 0.295898 0.446615 0.295898 0.447917 0.294922 0.449219 0.294922 0.460938 0.295898 0.462240 0.295898 0.463542 0.297852 0.466146 0.297852 0.467448 0.299805 0.470052 0.299805 0.471354 0.301758 0.473958 0.301758 0.475260 0.302734 0.476562 0.302734 0.479167 0.306641 0.479167 0.307617 0.480469 0.315430 0.480469 0.316406 0.479167 0.317383 0.479167 0.318359 0.477865 0.321289 0.476562 0.323242 0.473958 0.323242 0.472656 0.325195 0.470052 0.325195 0.468750 0.326172 0.467448 0.326172 0.464844 0.327148 0.463542 0.327148 0.458333 0.328125 0.457031 0.328125 0.454427 0.326172 0.451823 0.325195 0.451823 0.322266 0.449219 0.320312 0.449219 0.319336 0.447917 0.318359 0.447917 0.317383 0.446615 0.316406 0.446615 0.315430 0.445312 0.314453 0.445312 0.313477 0.444010 0.312500 0.444010 0.311523 0.442708 0.310547 0.442708 0.307617 0.440104 0.304688 0.440104 0.303711 0.441406 0.301758 0.441406 0.300781 0.442708
0 0.336914 0.403646 0.333984 0.403646 0.333008 0.402344 0.328125 0.402344 0.327148 0.403646 0.325195 0.403646 0.324219 0.404948 0.321289 0.404948 0.320312 0.406250 0.318359 0.406250 0.317383 0.407552 0.315430 0.407552 0.310547 0.414062 0.310547 0.415365 0.309570 0.416667 0.309570 0.430990 0.308594 0.432292 0.308594 0.434896 0.309570 0.436198 0.309570 0.437500 0.311523 0.440104 0.311523 0.441406 0.312500 0.441406 0.315430 0.445312 0.316406 0.445312 0.317383 0.446615 0.319336 0.446615 0.320312 0.447917 0.324219 0.447917 0.325195 0.449219 0.326172 0.449219 0.327148 0.447917 0.330078 0.447917 0.331055 0.446615 0.333008 0.446615 0.335938 0.442708 0.335938 0.441406 0.336914 0.440104 0.336914 0.437500 0.337891 0.436198 0.337891 0.433594 0.338867 0.432292 0.338867 0.429688 0.339844 0.428385 0.339844 0.421875 0.338867 0.420573 0.338867 0.417969 0.337891 0.416667 0.337891 0.406250 0.336914 0.404948
0 0.259766 0.454427 0.252930 0.454427 0.251953 0.455729 0.247070 0.455729 0.246094 0.457031 0.245117 0.457031 0.244141 0.458333 0.243164 0.458333 0.241211 0.460938 0.241211 0.463542 0.240234 0.464844 0.240234 0.468750 0.239258 0.470052 0.239258 0.475260 0.238281 0.476562 0.238281 0.481771 0.239258 0.481771 0.245117 0.489583 0.246094 0.489583 0.247070 0.490885 0.249023 0.490885 0.250000 0.489583 0.252930 0.489583 0.253906 0.488281 0.253906 0.485677 0.254883 0.484375 0.254883 0.483073 0.258789 0.477865 0.258789 0.476562 0.260742 0.473958 0.260742 0.472656 0.261719 0.471354 0.262695 0.471354 0.264648 0.468750 0.264648 0.467448 0.266602 0.464844 0.265625 0.463542 0.265625 0.459635 0.264648 0.458333 0.263672 0.458333 0.262695 0.457031 0.261719 0.457031
0 0.260742 0.477865 0.259766 0.479167 0.258789 0.479167 0.258789 0.480469 0.256836 0.483073 0.256836 0.484375 0.255859 0.485677 0.255859 0.493490 0.254883 0.494792 0.254883 0.502604 0.255859 0.503906 0.255859 0.509115 0.256836 0.510417 0.256836 0.511719 0.260742 0.516927 0.261719 0.520833 0.262695 0.520833 0.264648 0.523438 0.265625 0.523438 0.266602 0.524740 0.275391 0.524740 0.276367 0.523438 0.279297 0.522135 0.281250 0.518229 0.281250 0.513021 0.282227 0.511719 0.282227 0.507812 0.283203 0.506510 0.283203 0.503906 0.284180 0.502604 0.284180 0.496094 0.283203 0.494792 0.282227 0.490885 0.280273 0.488281 0.280273 0.486979 0.279297 0.485677 0.279297 0.483073 0.278320 0.481771 0.274414 0.481771 0.273438 0.480469 0.270508 0.480469 0.269531 0.479167 0.264648 0.479167 0.263672 0.477865
0 0.201172 0.470052 0.199219 0.472656 0.199219 0.473958 0.198242 0.475260 0.197266 0.475260 0.197266 0.477865 0.196289 0.479167 0.196289 0.492188 0.197266 0.493490 0.197266 0.494792 0.198242 0.496094 0.198242 0.497396 0.199219 0.498698 0.199219 0.500000 0.201172 0.503906 0.202148 0.503906 0.203125 0.505208 0.207031 0.505208 0.208008 0.506510 0.208984 0.505208 0.209961 0.505208 0.210938 0.503906 0.211914 0.503906 0.212891 0.502604 0.213867 0.502604 0.215820 0.500000 0.216797 0.500000 0.218750 0.497396 0.219727 0.497396 0.219727 0.496094 0.221680 0.492188 0.221680 0.489583 0.220703 0.488281 0.220703 0.477865 0.219727 0.476562 0.217773 0.479167 0.214844 0.479167 0.213867 0.477865 0.212891 0.477865 0.211914 0.476562 0.210938 0.476562 0.208984 0.473958 0.204102 0.473958
0 0.190430 0.533854 0.190430 0.536458 0.189453 0.537760 0.189453 0.540365 0.188477 0.541667 0.188477 0.550781 0.189453 0.552083 0.189453 0.553385 0.191406 0.555990 0.191406 0.557292 0.192383 0.558594 0.192383 0.559896 0.194336 0.562500 0.196289 0.562500 0.197266 0.563802 0.207031 0.563802 0.209961 0.561198 0.211914 0.561198 0.212891 0.559896 0.213867 0.559896 0.214844 0.558594 0.215820 0.558594 0.218750 0.554688 0.219727 0.554688 0.219727 0.550781 0.220703 0.549479 0.220703 0.548177 0.218750 0.545573 0.217773 0.545573 0.216797 0.544271 0.215820 0.544271 0.212891 0.540365 0.212891 0.537760 0.211914 0.537760 0.208008 0.532552 0.200195 0.532552 0.198242 0.535156 0.197266 0.535156 0.196289 0.536458 0.195312 0.535156 0.194336 0.535156 0.193359 0.533854 0.193359 0.532552 0.192383 0.532552 0.191406 0.533854
0 0.216797 0.569010 0.215820 0.570312 0.214844 0.570312 0.213867 0.571615 0.212891 0.571615 0.210938 0.574219 0.209961 0.574219 0.208984 0.575521 0.207031 0.575521 0.207031 0.576823 0.206055 0.578125 0.206055 0.591146 0.208008 0.595052 0.208008 0.598958 0.208984 0.600260 0.208984 0.602865 0.211914 0.606771 0.212891 0.606771 0.215820 0.609375 0.217773 0.609375 0.218750 0.610677 0.223633 0.610677 0.224609 0.609375 0.225586 0.609375 0.226562 0.608073 0.227539 0.608073 0.228516 0.606771 0.229492 0.606771 0.230469 0.605469 0.231445 0.605469 0.233398 0.602865 0.233398 0.601562 0.234375 0.600260 0.234375 0.592448 0.233398 0.591146 0.233398 0.588542 0.232422 0.587240 0.232422 0.585938 0.227539 0.585938 0.225586 0.583333 0.224609 0.583333 0.221680 0.579427 0.221680 0.578125 0.220703 0.576823 0.220703 0.575521 0.219727 0.574219 0.219727 0.572917 0.218750 0.571615 0.218750 0.570312 0.217773 0.570312
0 0.257812 0.597656 0.255859 0.597656 0.252930 0.601562 0.251953 0.601562 0.249023 0.605469 0.248047 0.605469 0.248047 0.606771 0.247070 0.608073 0.247070 0.609375 0.245117 0.611979 0.245117 0.618490 0.246094 0.619792 0.246094 0.627604 0.247070 0.628906 0.247070 0.631510 0.250977 0.636719 0.252930 0.636719 0.253906 0.638021 0.257812 0.638021 0.258789 0.636719 0.260742 0.636719 0.261719 0.635417 0.263672 0.635417 0.264648 0.634115 0.265625 0.634115 0.270508 0.627604 0.270508 0.626302 0.274414 0.621094 0.274414 0.619792 0.273438 0.618490 0.273438 0.617188 0.271484 0.614583 0.271484 0.613281 0.270508 0.611979 0.270508 0.610677 0.269531 0.609375 0.269531 0.608073 0.268555 0.606771 0.267578 0.606771 0.265625 0.604167 0.265625 0.602865 0.263672 0.600260 0.261719 0.600260 0.260742 0.598958 0.258789 0.598958
0 0.267578 0.636719 0.266602 0.638021 0.266602 0.640625 0.263672 0.644531 0.263672 0.647135 0.262695 0.648438 0.262695 0.661458 0.263672 0.662760 0.263672 0.667969 0.265625 0.670573 0.268555 0.670573 0.269531 0.671875 0.281250 0.671875 0.282227 0.670573 0.283203 0.670573 0.283203 0.662760 0.285156 0.658854 0.285156 0.656250 0.286133 0.654948 0.286133 0.652344 0.287109 0.651042 0.287109 0.648438 0.288086 0.647135 0.287109 0.645833 0.287109 0.644531 0.283203 0.639323 0.278320 0.639323 0.277344 0.638021 0.277344 0.635417 0.276367 0.635417 0.275391 0.634115 0.274414 0.634115 0.273438 0.635417 0.271484 0.635417 0.270508 0.636719
0 0.291016 0.649740 0.287109 0.654948 0.287109 0.657552 0.286133 0.658854 0.286133 0.661458 0.285156 0.662760 0.285156 0.669271 0.286133 0.670573 0.286133 0.673177 0.288086 0.675781 0.288086 0.677083 0.290039 0.679688 0.291016 0.679688 0.291992 0.680990 0.293945 0.680990 0.294922 0.682292 0.301758 0.682292 0.302734 0.680990 0.303711 0.680990 0.304688 0.679688 0.305664 0.679688 0.306641 0.678385 0.307617 0.678385 0.309570 0.675781 0.310547 0.675781 0.311523 0.674479 0.311523 0.673177 0.312500 0.671875 0.312500 0.669271 0.313477 0.667969 0.312500 0.666667 0.312500 0.657552 0.311523 0.656250 0.311523 0.654948 0.309570 0.651042 0.308594 0.651042 0.307617 0.649740 0.300781 0.649740 0.299805 0.648438 0.295898 0.648438 0.294922 0.649740
0 0.327148 0.631510 0.324219 0.631510 0.323242 0.632812 0.322266 0.632812 0.320312 0.635417 0.319336 0.635417 0.318359 0.636719 0.315430 0.636719 0.314453 0.638021 0.313477 0.638021 0.313477 0.639323 0.311523 0.641927 0.311523 0.648438 0.312500 0.649740 0.312500 0.653646 0.313477 0.654948 0.313477 0.656250 0.315430 0.658854 0.315430 0.660156 0.316406 0.661458 0.316406 0.662760 0.317383 0.664062 0.317383 0.665365 0.318359 0.666667 0.320312 0.666667 0.321289 0.667969 0.322266 0.667969 0.323242 0.666667 0.326172 0.666667 0.327148 0.665365 0.328125 0.665365 0.329102 0.664062 0.330078 0.664062 0.331055 0.662760 0.332031 0.662760 0.334961 0.658854 0.334961 0.657552 0.335938 0.656250 0.335938 0.653646 0.336914 0.652344 0.336914 0.651042 0.335938 0.649740 0.335938 0.643229 0.334961 0.641927 0.334961 0.640625 0.333984 0.639323 0.333984 0.638021 0.333008 0.636719 0.332031 0.636719 0.329102 0.632812 0.328125 0.632812
0 0.291992 0.596354 0.291992 0.606771 0.293945 0.609375 0.294922 0.609375 0.295898 0.610677 0.297852 0.610677 0.298828 0.611979 0.300781 0.611979 0.303711 0.614583 0.305664 0.614583 0.308594 0.611979 0.311523 0.611979 0.312500 0.610677 0.315430 0.610677 0.321289 0.605469 0.321289 0.602865 0.322266 0.601562 0.322266 0.595052 0.323242 0.593750 0.323242 0.588542 0.322266 0.587240 0.322266 0.583333 0.318359 0.583333 0.317383 0.584635 0.314453 0.584635 0.311523 0.587240 0.304688 0.587240 0.303711 0.585938 0.301758 0.585938 0.300781 0.584635 0.298828 0.584635 0.297852 0.583333 0.294922 0.587240 0.294922 0.588542 0.293945 0.589844 0.293945 0.592448
0 0.304688 0.552083 0.303711 0.553385 0.302734 0.553385 0.296875 0.561198 0.296875 0.562500 0.293945 0.566406 0.293945 0.567708 0.291992 0.570312 0.291992 0.571615 0.291016 0.572917 0.291016 0.576823 0.296875 0.584635 0.298828 0.584635 0.299805 0.585938 0.305664 0.585938 0.306641 0.587240 0.310547 0.587240 0.311523 0.585938 0.313477 0.585938 0.313477 0.584635 0.316406 0.580729 0.317383 0.580729 0.319336 0.578125 0.320312 0.578125 0.321289 0.576823 0.321289 0.575521 0.322266 0.574219 0.322266 0.570312 0.314453 0.559896 0.313477 0.559896 0.312500 0.558594 0.312500 0.557292 0.311523 0.557292 0.310547 0.555990 0.309570 0.555990 0.306641 0.552083
0 0.287109 0.520833 0.286133 0.522135 0.285156 0.522135 0.283203 0.524740 0.282227 0.524740 0.281250 0.526042 0.280273 0.526042 0.279297 0.527344 0.279297 0.528646 0.278320 0.529948 0.278320 0.537760 0.279297 0.539062 0.279297 0.541667 0.280273 0.542969 0.280273 0.544271 0.282227 0.546875 0.282227 0.548177 0.288086 0.555990 0.291992 0.555990 0.292969 0.554688 0.294922 0.554688 0.297852 0.550781 0.298828 0.550781 0.304688 0.542969 0.304688 0.541667 0.305664 0.540365 0.305664 0.533854 0.304688 0.532552 0.304688 0.529948 0.303711 0.528646 0.303711 0.527344 0.302734 0.526042 0.302734 0.524740 0.294922 0.524740 0.293945 0.523438 0.292969 0.523438 0.291992 0.522135 0.291016 0.522135 0.290039 0.520833
0 0.258789 0.527344 0.257812 0.528646 0.256836 0.528646 0.254883 0.531250 0.254883 0.532552 0.252930 0.535156 0.252930 0.536458 0.250977 0.539062 0.250977 0.542969 0.250000 0.544271 0.250000 0.549479 0.250977 0.550781 0.250977 0.552083 0.252930 0.554688 0.253906 0.554688 0.254883 0.555990 0.255859 0.555990 0.256836 0.557292 0.257812 0.557292 0.261719 0.562500 0.263672 0.562500 0.264648 0.563802 0.268555 0.563802 0.269531 0.562500 0.270508 0.562500 0.275391 0.555990 0.276367 0.555990 0.277344 0.554688 0.279297 0.554688 0.279297 0.550781 0.280273 0.549479 0.279297 0.548177 0.279297 0.545573 0.278320 0.544271 0.278320 0.542969 0.277344 0.541667 0.277344 0.540365 0.276367 0.539062 0.276367 0.537760 0.273438 0.533854 0.272461 0.533854 0.271484 0.532552 0.270508 0.532552 0.269531 0.531250 0.268555 0.531250 0.267578 0.529948 0.266602 0.529948 0.263672 0.527344
0 0.251953 0.500000 0.248047 0.500000 0.247070 0.501302 0.244141 0.501302 0.240234 0.506510 0.239258 0.506510 0.236328 0.510417 0.235352 0.510417 0.232422 0.514323 0.232422 0.515625 0.231445 0.516927 0.231445 0.533854 0.232422 0.535156 0.232422 0.536458 0.235352 0.540365 0.235352 0.542969 0.236328 0.544271 0.239258 0.544271 0.241211 0.546875 0.243164 0.546875 0.244141 0.548177 0.247070 0.544271 0.247070 0.542969 0.249023 0.540365 0.249023 0.539062 0.250977 0.536458 0.250977 0.535156 0.255859 0.528646 0.255859 0.527344 0.256836 0.526042 0.256836 0.516927 0.255859 0.515625 0.255859 0.513021 0.254883 0.511719 0.254883 0.506510 0.253906 0.505208 0.253906 0.502604
0 0.316406 0.484375 0.315430 0.484375 0.314453 0.483073 0.309570 0.483073 0.308594 0.481771 0.302734 0.481771 0.299805 0.484375 0.297852 0.484375 0.291016 0.492188 0.291016 0.493490 0.290039 0.494792 0.290039 0.497396 0.289062 0.498698 0.289062 0.506510 0.290039 0.507812 0.290039 0.516927 0.291016 0.518229 0.291016 0.519531 0.292969 0.522135 0.294922 0.522135 0.295898 0.523438 0.300781 0.523438 0.301758 0.522135 0.304688 0.522135 0.305664 0.520833 0.307617 0.520833 0.308594 0.519531 0.310547 0.519531 0.311523 0.518229 0.312500 0.518229 0.313477 0.516927 0.315430 0.516927 0.318359 0.514323 0.318359 0.513021 0.319336 0.511719 0.319336 0.503906 0.318359 0.502604 0.318359 0.496094 0.319336 0.494792 0.319336 0.489583 0.318359 0.488281 0.318359 0.486979
0 0.361328 0.579427 0.360352 0.578125 0.359375 0.578125 0.358398 0.579427 0.356445 0.579427 0.355469 0.578125 0.354492 0.578125 0.352539 0.575521 0.349609 0.575521 0.348633 0.576823 0.345703 0.576823 0.344727 0.578125 0.340820 0.578125 0.333008 0.588542 0.332031 0.588542 0.331055 0.589844 0.331055 0.595052 0.333008 0.598958 0.333008 0.605469 0.335938 0.608073 0.338867 0.608073 0.339844 0.609375 0.342773 0.609375 0.343750 0.610677 0.348633 0.610677 0.349609 0.609375 0.353516 0.609375 0.354492 0.608073 0.357422 0.606771 0.359375 0.604167 0.359375 0.592448 0.358398 0.591146 0.358398 0.588542 0.357422 0.587240 0.356445 0.587240 0.355469 0.585938 0.355469 0.584635 0.357422 0.582031 0.360352 0.582031 0.360352 0.580729
0 0.354492 0.533854 0.350586 0.533854 0.349609 0.535156 0.343750 0.535156 0.342773 0.536458 0.341797 0.536458 0.340820 0.537760 0.339844 0.537760 0.338867 0.539062 0.337891 0.539062 0.334961 0.542969 0.334961 0.545573 0.333984 0.546875 0.333984 0.552083 0.333008 0.553385 0.333008 0.558594 0.333984 0.559896 0.333984 0.561198 0.334961 0.562500 0.334961 0.563802 0.339844 0.570312 0.339844 0.571615 0.341797 0.574219 0.348633 0.574219 0.349609 0.572917 0.353516 0.572917 0.354492 0.571615 0.357422 0.571615 0.358398 0.570312 0.359375 0.570312 0.361328 0.567708 0.361328 0.566406 0.362305 0.565104 0.362305 0.559896 0.363281 0.558594 0.363281 0.550781 0.362305 0.549479 0.362305 0.546875 0.358398 0.540365 0.358398 0.539062 0.357422 0.537760 0.357422 0.536458 0.356445 0.536458
0 0.321289 0.513021 0.317383 0.518229 0.317383 0.519531 0.316406 0.520833 0.316406 0.526042 0.315430 0.527344 0.315430 0.533854 0.316406 0.533854 0.317383 0.535156 0.319336 0.535156 0.324219 0.541667 0.325195 0.541667 0.326172 0.542969 0.328125 0.542969 0.329102 0.544271 0.332031 0.544271 0.333008 0.542969 0.333984 0.542969 0.334961 0.541667 0.334961 0.540365 0.339844 0.533854 0.340820 0.533854 0.341797 0.532552 0.341797 0.526042 0.340820 0.524740 0.340820 0.523438 0.339844 0.523438 0.338867 0.522135 0.336914 0.522135 0.334961 0.519531 0.333008 0.519531 0.329102 0.514323 0.328125 0.514323 0.327148 0.513021
0 0.335938 0.472656 0.334961 0.473958 0.333984 0.473958 0.333008 0.475260 0.332031 0.475260 0.331055 0.476562 0.328125 0.477865 0.322266 0.485677 0.322266 0.486979 0.321289 0.488281 0.321289 0.490885 0.320312 0.492188 0.320312 0.501302 0.321289 0.502604 0.321289 0.506510 0.322266 0.507812 0.322266 0.510417 0.325195 0.510417 0.326172 0.511719 0.327148 0.511719 0.333984 0.519531 0.335938 0.519531 0.336914 0.520833 0.339844 0.520833 0.340820 0.519531 0.341797 0.519531 0.344727 0.515625 0.345703 0.511719 0.347656 0.509115 0.347656 0.507812 0.350586 0.501302 0.350586 0.497396 0.351562 0.496094 0.351562 0.490885 0.349609 0.486979 0.349609 0.480469 0.348633 0.479167 0.348633 0.476562 0.346680 0.476562 0.345703 0.475260 0.343750 0.475260 0.340820 0.472656
0 0.365234 0.503906 0.364258 0.505208 0.363281 0.505208 0.358398 0.511719 0.358398 0.513021 0.356445 0.516927 0.356445 0.520833 0.355469 0.522135 0.355469 0.529948 0.356445 0.531250 0.356445 0.532552 0.359375 0.536458 0.359375 0.537760 0.360352 0.539062 0.360352 0.541667 0.362305 0.544271 0.363281 0.544271 0.364258 0.545573 0.366211 0.545573 0.367188 0.546875 0.372070 0.546875 0.374023 0.542969 0.374023 0.540365 0.375000 0.539062 0.375000 0.535156 0.375977 0.533854 0.375977 0.532552 0.375000 0.532552 0.372070 0.528646 0.372070 0.526042 0.371094 0.524740 0.371094 0.520833 0.370117 0.519531 0.370117 0.510417 0.371094 0.509115 0.371094 0.505208 0.368164 0.505208 0.367188 0.503906
0 0.397461 0.531250 0.393555 0.531250 0.392578 0.532552 0.386719 0.532552 0.385742 0.533854 0.382812 0.533854 0.381836 0.535156 0.380859 0.535156 0.379883 0.536458 0.378906 0.536458 0.377930 0.537760 0.376953 0.537760 0.376953 0.539062 0.375000 0.541667 0.375000 0.545573 0.374023 0.546875 0.374023 0.555990 0.375000 0.557292 0.375000 0.558594 0.377930 0.562500 0.377930 0.563802 0.378906 0.563802 0.379883 0.565104 0.380859 0.565104 0.383789 0.567708 0.385742 0.567708 0.386719 0.569010 0.395508 0.569010 0.396484 0.567708 0.397461 0.567708 0.400391 0.565104 0.400391 0.563802 0.401367 0.562500 0.401367 0.561198 0.402344 0.559896 0.402344 0.558594 0.404297 0.554688 0.404297 0.552083 0.405273 0.550781 0.405273 0.544271 0.404297 0.542969 0.404297 0.541667 0.402344 0.539062 0.402344 0.537760 0.401367 0.536458 0.401367 0.535156 0.400391 0.535156
0 0.399414 0.500000 0.398438 0.500000 0.391602 0.492188 0.391602 0.493490 0.388672 0.497396 0.387695 0.497396 0.386719 0.498698 0.378906 0.498698 0.377930 0.497396 0.376953 0.497396 0.374023 0.501302 0.374023 0.502604 0.373047 0.503906 0.373047 0.505208 0.371094 0.509115 0.371094 0.513021 0.370117 0.514323 0.370117 0.518229 0.371094 0.519531 0.371094 0.522135 0.372070 0.523438 0.372070 0.528646 0.374023 0.531250 0.375000 0.531250 0.375977 0.532552 0.384766 0.532552 0.385742 0.531250 0.390625 0.531250 0.391602 0.529948 0.394531 0.529948 0.395508 0.528646 0.396484 0.528646 0.397461 0.527344 0.397461 0.526042 0.400391 0.523438 0.400391 0.522135 0.402344 0.518229 0.402344 0.514323 0.403320 0.513021 0.403320 0.511719 0.402344 0.510417 0.402344 0.506510 0.401367 0.505208 0.401367 0.503906 0.399414 0.501302
0 0.387695 0.574219 0.386719 0.574219 0.386719 0.575521 0.384766 0.578125 0.384766 0.579427 0.383789 0.580729 0.376953 0.580729 0.375977 0.582031 0.366211 0.582031 0.365234 0.580729 0.362305 0.584635 0.362305 0.587240 0.361328 0.588542 0.361328 0.610677 0.363281 0.614583 0.370117 0.614583 0.371094 0.615885 0.377930 0.615885 0.378906 0.614583 0.381836 0.614583 0.382812 0.613281 0.383789 0.613281 0.385742 0.610677 0.385742 0.609375 0.387695 0.605469 0.387695 0.598958 0.388672 0.597656 0.388672 0.575521
0 0.375000 0.618490 0.373047 0.621094 0.373047 0.623698 0.374023 0.625000 0.374023 0.627604 0.375000 0.628906 0.375000 0.630208 0.377930 0.634115 0.377930 0.635417 0.381836 0.640625 0.381836 0.641927 0.383789 0.644531 0.383789 0.645833 0.384766 0.647135 0.386719 0.647135 0.387695 0.648438 0.394531 0.648438 0.395508 0.647135 0.396484 0.647135 0.397461 0.645833 0.397461 0.643229 0.398438 0.641927 0.398438 0.636719 0.399414 0.635417 0.399414 0.631510 0.398438 0.630208 0.398438 0.627604 0.397461 0.626302 0.397461 0.622396 0.396484 0.621094 0.396484 0.619792 0.395508 0.618490 0.394531 0.618490 0.393555 0.617188 0.392578 0.617188 0.391602 0.615885 0.389648 0.615885 0.388672 0.614583 0.383789 0.614583 0.382812 0.615885 0.380859 0.615885 0.379883 0.617188 0.376953 0.617188 0.375977 0.618490
0 0.373047 0.634115 0.371094 0.634115 0.370117 0.635417 0.367188 0.635417 0.366211 0.636719 0.365234 0.636719 0.361328 0.643229 0.361328 0.644531 0.357422 0.653646 0.357422 0.661458 0.358398 0.662760 0.358398 0.670573 0.357422 0.671875 0.357422 0.673177 0.362305 0.679688 0.362305 0.680990 0.364258 0.684896 0.364258 0.687500 0.366211 0.690104 0.366211 0.692708 0.368164 0.695312 0.372070 0.695312 0.375977 0.690104 0.375977 0.688802 0.379883 0.683594 0.381836 0.677083 0.385742 0.670573 0.385742 0.651042 0.384766 0.649740 0.384766 0.648438 0.381836 0.644531 0.381836 0.643229 0.375977 0.635417 0.374023 0.635417
0 0.384766 0.696615 0.380859 0.701823 0.379883 0.705729 0.378906 0.707031 0.377930 0.707031 0.375977 0.709635 0.375977 0.710938 0.374023 0.714844 0.374023 0.718750 0.373047 0.720052 0.373047 0.723958 0.372070 0.725260 0.372070 0.726562 0.373047 0.727865 0.373047 0.730469 0.375000 0.733073 0.375000 0.734375 0.377930 0.738281 0.378906 0.738281 0.380859 0.740885 0.382812 0.740885 0.383789 0.742188 0.386719 0.742188 0.387695 0.743490 0.390625 0.739583 0.391602 0.739583 0.392578 0.738281 0.395508 0.736979 0.399414 0.731771 0.400391 0.731771 0.403320 0.727865 0.403320 0.725260 0.404297 0.723958 0.404297 0.721354 0.405273 0.720052 0.405273 0.716146 0.406250 0.714844 0.406250 0.710938 0.404297 0.708333 0.403320 0.708333 0.398438 0.701823 0.397461 0.701823 0.395508 0.699219 0.393555 0.699219 0.392578 0.697917 0.389648 0.697917 0.388672 0.699219 0.387695 0.699219
0 0.415039 0.701823 0.415039 0.703125 0.414062 0.704427 0.413086 0.704427 0.409180 0.709635 0.409180 0.712240 0.406250 0.718750 0.406250 0.721354 0.405273 0.722656 0.405273 0.725260 0.404297 0.726562 0.404297 0.736979 0.405273 0.738281 0.405273 0.740885 0.406250 0.742188 0.408203 0.748698 0.411133 0.752604 0.412109 0.756510 0.415039 0.755208 0.416016 0.756510 0.418945 0.756510 0.419922 0.757812 0.421875 0.757812 0.422852 0.759115 0.426758 0.759115 0.427734 0.757812 0.427734 0.752604 0.426758 0.751302 0.426758 0.742188 0.427734 0.740885 0.427734 0.739583 0.429688 0.736979 0.429688 0.735677 0.431641 0.731771 0.431641 0.727865 0.432617 0.726562 0.432617 0.722656 0.433594 0.721354 0.433594 0.714844 0.431641 0.712240 0.431641 0.709635 0.430664 0.708333 0.429688 0.708333 0.428711 0.707031 0.426758 0.707031 0.425781 0.705729 0.422852 0.705729 0.421875 0.704427 0.420898 0.704427 0.418945 0.701823
0 0.416992 0.666667 0.416016 0.667969 0.415039 0.667969 0.413086 0.670573 0.412109 0.670573 0.410156 0.673177 0.410156 0.674479 0.408203 0.678385 0.408203 0.686198 0.409180 0.687500 0.409180 0.690104 0.412109 0.694010 0.413086 0.694010 0.414062 0.695312 0.415039 0.695312 0.416992 0.697917 0.417969 0.697917 0.419922 0.700521 0.420898 0.700521 0.421875 0.701823 0.422852 0.701823 0.425781 0.704427 0.427734 0.704427 0.428711 0.703125 0.429688 0.703125 0.430664 0.701823 0.431641 0.701823 0.433594 0.699219 0.433594 0.696615 0.434570 0.695312 0.434570 0.694010 0.433594 0.692708 0.433594 0.690104 0.432617 0.688802 0.433594 0.687500 0.433594 0.683594 0.435547 0.679688 0.435547 0.674479 0.432617 0.670573 0.431641 0.670573 0.430664 0.669271 0.427734 0.669271 0.426758 0.667969 0.421875 0.667969 0.420898 0.666667
0 0.458984 0.661458 0.456055 0.661458 0.455078 0.662760 0.453125 0.662760 0.451172 0.660156 0.451172 0.658854 0.450195 0.658854 0.448242 0.661458 0.447266 0.661458 0.446289 0.662760 0.445312 0.662760 0.444336 0.664062 0.443359 0.664062 0.442383 0.665365 0.441406 0.665365 0.438477 0.669271 0.437500 0.669271 0.436523 0.670573 0.436523 0.671875 0.435547 0.673177 0.435547 0.674479 0.436523 0.675781 0.436523 0.680990 0.434570 0.684896 0.434570 0.695312 0.437500 0.699219 0.438477 0.699219 0.439453 0.700521 0.440430 0.700521 0.441406 0.701823 0.442383 0.701823 0.443359 0.703125 0.444336 0.703125 0.445312 0.701823 0.447266 0.701823 0.448242 0.700521 0.449219 0.700521 0.454102 0.694010 0.454102 0.692708 0.456055 0.690104 0.456055 0.688802 0.457031 0.687500 0.457031 0.686198 0.458984 0.682292 0.458984 0.679688 0.459961 0.678385 0.459961 0.675781 0.460938 0.674479 0.460938 0.665365
0 0.458984 0.688802 0.447266 0.704427 0.445312 0.704427 0.444336 0.705729 0.444336 0.717448 0.449219 0.723958 0.450195 0.723958 0.452148 0.726562 0.454102 0.726562 0.455078 0.727865 0.456055 0.727865 0.457031 0.729167 0.460938 0.729167 0.461914 0.727865 0.463867 0.727865 0.464844 0.726562 0.466797 0.726562 0.467773 0.725260 0.467773 0.722656 0.468750 0.721354 0.468750 0.720052 0.467773 0.718750 0.467773 0.716146 0.465820 0.713542 0.465820 0.710938 0.464844 0.709635 0.464844 0.695312 0.460938 0.690104 0.459961 0.690104
0 0.443359 0.723958 0.442383 0.725260 0.442383 0.726562 0.440430 0.729167 0.440430 0.733073 0.439453 0.734375 0.439453 0.753906 0.440430 0.755208 0.440430 0.757812 0.442383 0.761719 0.442383 0.764323 0.443359 0.765625 0.443359 0.768229 0.445312 0.770833 0.447266 0.770833 0.448242 0.772135 0.450195 0.772135 0.451172 0.773438 0.459961 0.773438 0.460938 0.772135 0.462891 0.772135 0.462891 0.765625 0.461914 0.764323 0.461914 0.753906 0.460938 0.752604 0.460938 0.750000 0.459961 0.748698 0.459961 0.744792 0.460938 0.743490 0.460938 0.734375 0.459961 0.733073 0.459961 0.731771 0.458984 0.730469 0.457031 0.730469 0.456055 0.729167 0.454102 0.729167 0.452148 0.726562 0.451172 0.726562 0.450195 0.725260 0.446289 0.725260 0.445312 0.723958
0 0.407227 0.626302 0.406250 0.627604 0.405273 0.627604 0.401367 0.632812 0.401367 0.635417 0.399414 0.639323 0.399414 0.643229 0.395508 0.651042 0.395508 0.660156 0.396484 0.661458 0.396484 0.664062 0.400391 0.669271 0.406250 0.669271 0.407227 0.667969 0.410156 0.667969 0.411133 0.666667 0.413086 0.666667 0.414062 0.665365 0.415039 0.665365 0.416992 0.662760 0.417969 0.662760 0.418945 0.661458 0.419922 0.661458 0.422852 0.657552 0.422852 0.652344 0.421875 0.651042 0.421875 0.641927 0.420898 0.640625 0.420898 0.636719 0.416992 0.631510 0.416016 0.631510 0.415039 0.630208 0.413086 0.630208 0.412109 0.628906 0.410156 0.628906
0 0.450195 0.636719 0.449219 0.635417 0.445312 0.635417 0.443359 0.638021 0.439453 0.638021 0.436523 0.640625 0.433594 0.640625 0.432617 0.639323 0.429688 0.639323 0.428711 0.640625 0.425781 0.640625 0.423828 0.638021 0.423828 0.636719 0.423828 0.638021 0.422852 0.639323 0.422852 0.643229 0.423828 0.644531 0.423828 0.657552 0.424805 0.658854 0.424805 0.660156 0.425781 0.661458 0.425781 0.662760 0.426758 0.664062 0.426758 0.665365 0.427734 0.665365 0.429688 0.667969 0.432617 0.667969 0.433594 0.669271 0.435547 0.669271 0.436523 0.667969 0.437500 0.667969 0.438477 0.666667 0.439453 0.666667 0.441406 0.664062 0.442383 0.664062 0.451172 0.652344 0.451172 0.643229 0.450195 0.641927
0 0.404297 0.597656 0.404297 0.600260 0.403320 0.601562 0.403320 0.602865 0.402344 0.604167 0.402344 0.608073 0.401367 0.609375 0.401367 0.611979 0.400391 0.613281 0.400391 0.617188 0.402344 0.619792 0.403320 0.619792 0.407227 0.625000 0.410156 0.625000 0.411133 0.626302 0.413086 0.626302 0.414062 0.627604 0.417969 0.627604 0.418945 0.628906 0.422852 0.628906 0.424805 0.626302 0.425781 0.626302 0.425781 0.625000 0.426758 0.623698 0.426758 0.605469 0.424805 0.605469 0.419922 0.598958 0.418945 0.598958 0.417969 0.597656 0.416992 0.597656 0.415039 0.595052 0.414062 0.596354 0.410156 0.596354 0.409180 0.597656
0 0.426758 0.528646 0.425781 0.529948 0.423828 0.529948 0.422852 0.531250 0.421875 0.531250 0.420898 0.532552 0.420898 0.533854 0.418945 0.536458 0.418945 0.537760 0.417969 0.539062 0.417969 0.541667 0.416992 0.542969 0.416992 0.544271 0.415039 0.548177 0.415039 0.558594 0.416016 0.559896 0.416016 0.561198 0.417969 0.563802 0.417969 0.565104 0.418945 0.566406 0.419922 0.566406 0.421875 0.569010 0.423828 0.569010 0.426758 0.571615 0.429688 0.571615 0.430664 0.572917 0.434570 0.572917 0.435547 0.571615 0.436523 0.571615 0.442383 0.563802 0.442383 0.562500 0.443359 0.561198 0.443359 0.542969 0.442383 0.541667 0.441406 0.537760 0.437500 0.532552 0.436523 0.532552 0.435547 0.531250 0.433594 0.531250 0.432617 0.529948 0.428711 0.529948 0.427734 0.528646
0 0.451172 0.529948 0.448242 0.533854 0.448242 0.535156 0.447266 0.536458 0.447266 0.537760 0.446289 0.539062 0.446289 0.540365 0.444336 0.544271 0.444336 0.558594 0.445312 0.559896 0.445312 0.565104 0.446289 0.566406 0.446289 0.569010 0.448242 0.571615 0.450195 0.571615 0.453125 0.574219 0.459961 0.574219 0.461914 0.571615 0.461914 0.569010 0.463867 0.565104 0.463867 0.562500 0.464844 0.561198 0.464844 0.557292 0.465820 0.555990 0.465820 0.554688 0.469727 0.549479 0.469727 0.545573 0.468750 0.544271 0.468750 0.539062 0.467773 0.537760 0.467773 0.536458 0.465820 0.533854 0.462891 0.533854 0.461914 0.532552 0.458984 0.532552 0.458008 0.531250 0.453125 0.531250 0.452148 0.529948
0 0.443359 0.574219 0.441406 0.576823 0.441406 0.579427 0.440430 0.580729 0.440430 0.587240 0.439453 0.588542 0.439453 0.604167 0.440430 0.605469 0.440430 0.613281 0.442383 0.615885 0.445312 0.617188 0.447266 0.619792 0.451172 0.619792 0.453125 0.617188 0.454102 0.617188 0.457031 0.613281 0.458008 0.609375 0.460938 0.605469 0.460938 0.604167 0.461914 0.602865 0.461914 0.600260 0.462891 0.598958 0.462891 0.596354 0.463867 0.595052 0.463867 0.585938 0.464844 0.584635 0.464844 0.580729 0.461914 0.576823 0.453125 0.576823 0.450195 0.574219
0 0.418945 0.483073 0.414062 0.489583 0.414062 0.490885 0.411133 0.494792 0.411133 0.497396 0.409180 0.501302 0.409180 0.507812 0.416016 0.516927 0.416992 0.516927 0.417969 0.518229 0.419922 0.518229 0.420898 0.519531 0.425781 0.519531 0.426758 0.520833 0.427734 0.520833 0.428711 0.519531 0.429688 0.519531 0.432617 0.515625 0.432617 0.514323 0.435547 0.511719 0.435547 0.510417 0.437500 0.507812 0.437500 0.505208 0.438477 0.503906 0.438477 0.501302 0.437500 0.500000 0.437500 0.498698 0.435547 0.496094 0.434570 0.496094 0.431641 0.492188 0.430664 0.492188 0.425781 0.485677 0.424805 0.485677 0.423828 0.484375 0.421875 0.484375 0.420898 0.483073
0 0.435547 0.459635 0.434570 0.460938 0.433594 0.460938 0.432617 0.462240 0.431641 0.462240 0.430664 0.463542 0.430664 0.464844 0.428711 0.467448 0.428711 0.468750 0.426758 0.471354 0.426758 0.473958 0.425781 0.475260 0.425781 0.483073 0.426758 0.484375 0.426758 0.486979 0.429688 0.490885 0.430664 0.490885 0.432617 0.493490 0.433594 0.493490 0.438477 0.500000 0.441406 0.500000 0.442383 0.501302 0.443359 0.500000 0.447266 0.500000 0.450195 0.496094 0.451172 0.496094 0.453125 0.493490 0.454102 0.493490 0.456055 0.489583 0.456055 0.481771 0.455078 0.480469 0.455078 0.476562 0.454102 0.475260 0.454102 0.471354 0.447266 0.462240 0.443359 0.462240 0.442383 0.460938 0.439453 0.460938 0.438477 0.459635
0 0.457031 0.490885 0.452148 0.497396 0.451172 0.497396 0.448242 0.501302 0.447266 0.501302 0.446289 0.502604 0.446289 0.509115 0.445312 0.510417 0.445312 0.518229 0.448242 0.522135 0.449219 0.522135 0.452148 0.526042 0.453125 0.526042 0.456055 0.529948 0.457031 0.529948 0.458008 0.531250 0.467773 0.531250 0.468750 0.529948 0.469727 0.529948 0.471680 0.527344 0.470703 0.526042 0.470703 0.518229 0.471680 0.516927 0.471680 0.500000 0.470703 0.498698 0.465820 0.498698 0.461914 0.493490 0.460938 0.493490 0.458984 0.490885
0 0.395508 0.446615 0.390625 0.453125 0.390625 0.455729 0.389648 0.457031 0.389648 0.459635 0.388672 0.460938 0.388672 0.472656 0.389648 0.473958 0.389648 0.475260 0.391602 0.477865 0.392578 0.477865 0.395508 0.480469 0.397461 0.480469 0.398438 0.481771 0.402344 0.481771 0.403320 0.483073 0.407227 0.483073 0.408203 0.481771 0.409180 0.481771 0.416992 0.471354 0.416992 0.470052 0.417969 0.468750 0.417969 0.454427 0.416016 0.451823 0.414062 0.451823 0.412109 0.449219 0.411133 0.449219 0.409180 0.446615 0.408203 0.446615 0.405273 0.444010 0.402344 0.444010 0.401367 0.445312 0.399414 0.445312 0.398438 0.446615
0 0.375977 0.436198 0.369141 0.445312 0.369141 0.446615 0.367188 0.449219 0.367188 0.455729 0.366211 0.457031 0.366211 0.462240 0.373047 0.471354 0.374023 0.471354 0.375000 0.472656 0.375977 0.472656 0.378906 0.475260 0.381836 0.475260 0.382812 0.476562 0.387695 0.476562 0.388672 0.475260 0.388672 0.473958 0.387695 0.472656 0.387695 0.464844 0.388672 0.463542 0.388672 0.451823 0.389648 0.450521 0.389648 0.445312 0.388672 0.444010 0.388672 0.440104 0.386719 0.437500 0.385742 0.437500 0.384766 0.436198 0.381836 0.436198 0.380859 0.434896 0.379883 0.434896 0.378906 0.436198
0 0.346680 0.433594 0.345703 0.434896 0.344727 0.434896 0.343750 0.436198 0.342773 0.436198 0.339844 0.440104 0.338867 0.440104 0.336914 0.442708 0.336914 0.444010 0.333984 0.447917 0.333984 0.449219 0.333008 0.450521 0.333008 0.451823 0.331055 0.455729 0.332031 0.457031 0.332031 0.459635 0.333008 0.460938 0.333984 0.460938 0.335938 0.463542 0.335938 0.464844 0.338867 0.468750 0.339844 0.468750 0.340820 0.470052 0.341797 0.470052 0.344727 0.472656 0.346680 0.472656 0.347656 0.473958 0.350586 0.473958 0.351562 0.472656 0.353516 0.472656 0.354492 0.471354 0.355469 0.471354 0.360352 0.464844 0.360352 0.463542 0.362305 0.459635 0.362305 0.453125 0.363281 0.451823 0.363281 0.450521 0.362305 0.449219 0.362305 0.447917 0.361328 0.447917 0.358398 0.444010 0.358398 0.442708 0.355469 0.438802 0.355469 0.437500 0.353516 0.434896 0.351562 0.434896 0.350586 0.433594
0 0.352539 0.388021 0.350586 0.390625 0.349609 0.390625 0.348633 0.391927 0.345703 0.393229 0.343750 0.395833 0.342773 0.395833 0.341797 0.397135 0.341797 0.398438 0.339844 0.402344 0.339844 0.406250 0.340820 0.407552 0.340820 0.415365 0.341797 0.416667 0.341797 0.419271 0.342773 0.420573 0.342773 0.423177 0.344727 0.425781 0.345703 0.425781 0.348633 0.429688 0.350586 0.429688 0.351562 0.430990 0.358398 0.430990 0.359375 0.429688 0.361328 0.429688 0.362305 0.428385 0.365234 0.427083 0.367188 0.424479 0.367188 0.420573 0.366211 0.419271 0.366211 0.416667 0.367188 0.415365 0.367188 0.410156 0.368164 0.408854 0.368164 0.399740 0.367188 0.398438 0.367188 0.395833 0.366211 0.394531 0.366211 0.393229 0.365234 0.393229 0.364258 0.391927 0.361328 0.391927 0.359375 0.389323 0.358398 0.389323 0.357422 0.388021
0 0.390625 0.388021 0.388672 0.388021 0.387695 0.386719 0.384766 0.386719 0.383789 0.388021 0.380859 0.388021 0.377930 0.391927 0.376953 0.391927 0.374023 0.395833 0.374023 0.397135 0.370117 0.402344 0.370117 0.403646 0.369141 0.404948 0.369141 0.408854 0.368164 0.410156 0.368164 0.421875 0.370117 0.425781 0.371094 0.425781 0.372070 0.427083 0.385742 0.427083 0.386719 0.428385 0.387695 0.428385 0.388672 0.427083 0.389648 0.427083 0.390625 0.425781 0.391602 0.425781 0.391602 0.424479 0.392578 0.423177 0.392578 0.416667 0.393555 0.415365 0.393555 0.412760 0.394531 0.411458 0.394531 0.410156 0.395508 0.408854 0.395508 0.407552 0.396484 0.406250 0.396484 0.404948 0.397461 0.403646 0.397461 0.402344 0.396484 0.401042 0.396484 0.398438 0.395508 0.397135 0.395508 0.393229 0.394531 0.391927 0.393555 0.391927
0 0.400391 0.403646 0.396484 0.408854 0.396484 0.411458 0.394531 0.415365 0.394531 0.424479 0.395508 0.425781 0.395508 0.428385 0.399414 0.433594 0.400391 0.437500 0.401367 0.437500 0.402344 0.438802 0.405273 0.438802 0.406250 0.440104 0.417969 0.440104 0.419922 0.437500 0.419922 0.436198 0.420898 0.434896 0.421875 0.430990 0.427734 0.423177 0.427734 0.415365 0.425781 0.411458 0.425781 0.408854 0.424805 0.407552 0.423828 0.403646 0.421875 0.403646 0.420898 0.402344 0.417969 0.402344 0.415039 0.399740 0.407227 0.399740 0.406250 0.401042 0.404297 0.401042 0.403320 0.402344
0 0.427734 0.428385 0.426758 0.429688 0.426758 0.430990 0.425781 0.432292 0.425781 0.433594 0.422852 0.437500 0.422852 0.438802 0.421875 0.440104 0.421875 0.442708 0.420898 0.444010 0.420898 0.446615 0.421875 0.447917 0.421875 0.451823 0.424805 0.454427 0.426758 0.454427 0.427734 0.455729 0.429688 0.455729 0.430664 0.457031 0.434570 0.457031 0.435547 0.458333 0.438477 0.458333 0.439453 0.459635 0.446289 0.459635 0.447266 0.458333 0.448242 0.458333 0.449219 0.457031 0.449219 0.453125 0.450195 0.451823 0.450195 0.449219 0.451172 0.447917 0.451172 0.445312 0.452148 0.444010 0.452148 0.441406 0.453125 0.440104 0.453125 0.436198 0.452148 0.434896 0.451172 0.434896 0.448242 0.430990 0.448242 0.429688 0.447266 0.429688 0.446289 0.428385 0.445312 0.428385 0.443359 0.425781 0.441406 0.425781 0.440430 0.427083 0.436523 0.427083 0.435547 0.428385 0.434570 0.427083 0.432617 0.427083 0.431641 0.425781 0.430664 0.425781 0.428711 0.428385
0 0.368164 0.351562 0.366211 0.354167 0.365234 0.354167 0.364258 0.355469 0.363281 0.355469 0.361328 0.358073 0.360352 0.358073 0.359375 0.359375 0.358398 0.359375 0.356445 0.361979 0.356445 0.363281 0.355469 0.364583 0.355469 0.365885 0.353516 0.368490 0.353516 0.369792 0.352539 0.371094 0.352539 0.375000 0.351562 0.376302 0.351562 0.377604 0.352539 0.378906 0.352539 0.381510 0.354492 0.384115 0.355469 0.384115 0.356445 0.385417 0.357422 0.385417 0.358398 0.386719 0.359375 0.386719 0.360352 0.388021 0.361328 0.388021 0.364258 0.390625 0.374023 0.390625 0.375000 0.389323 0.375977 0.389323 0.378906 0.385417 0.378906 0.384115 0.379883 0.382812 0.379883 0.381510 0.381836 0.377604 0.381836 0.372396 0.382812 0.371094 0.382812 0.368490 0.383789 0.367188 0.383789 0.365885 0.382812 0.365885 0.377930 0.359375 0.377930 0.358073 0.376953 0.356771 0.376953 0.354167 0.375977 0.354167 0.373047 0.351562
0 0.400391 0.355469 0.397461 0.359375 0.397461 0.361979 0.396484 0.363281 0.396484 0.365885 0.394531 0.369792 0.394531 0.373698 0.393555 0.375000 0.393555 0.384115 0.394531 0.385417 0.394531 0.386719 0.401367 0.395833 0.402344 0.395833 0.403320 0.397135 0.408203 0.397135 0.409180 0.395833 0.415039 0.395833 0.416016 0.394531 0.416016 0.393229 0.417969 0.390625 0.417969 0.389323 0.419922 0.386719 0.419922 0.385417 0.420898 0.384115 0.420898 0.381510 0.421875 0.380208 0.421875 0.377604 0.420898 0.376302 0.420898 0.371094 0.418945 0.367188 0.418945 0.364583 0.416992 0.360677 0.416016 0.360677 0.413086 0.358073 0.410156 0.358073 0.409180 0.356771 0.405273 0.356771 0.404297 0.355469
0 0.422852 0.350260 0.420898 0.354167 0.420898 0.358073 0.419922 0.359375 0.419922 0.363281 0.420898 0.364583 0.420898 0.368490 0.421875 0.369792 0.421875 0.372396 0.422852 0.373698 0.422852 0.376302 0.423828 0.377604 0.423828 0.378906 0.426758 0.382812 0.428711 0.382812 0.429688 0.384115 0.433594 0.384115 0.434570 0.385417 0.435547 0.385417 0.436523 0.384115 0.438477 0.384115 0.439453 0.382812 0.440430 0.382812 0.441406 0.381510 0.442383 0.381510 0.444336 0.378906 0.445312 0.378906 0.448242 0.375000 0.448242 0.373698 0.449219 0.372396 0.449219 0.371094 0.452148 0.367188 0.452148 0.365885 0.451172 0.364583 0.451172 0.361979 0.449219 0.359375 0.449219 0.358073 0.448242 0.356771 0.447266 0.356771 0.446289 0.355469 0.445312 0.355469 0.443359 0.352865 0.442383 0.352865 0.441406 0.351562 0.440430 0.351562 0.438477 0.348958 0.437500 0.348958 0.436523 0.347656 0.430664 0.347656 0.429688 0.348958 0.426758 0.348958 0.425781 0.350260
0 0.447266 0.380208 0.444336 0.384115 0.443359 0.384115 0.442383 0.385417 0.441406 0.385417 0.440430 0.386719 0.439453 0.386719 0.438477 0.388021 0.435547 0.389323 0.432617 0.393229 0.431641 0.393229 0.431641 0.399740 0.432617 0.401042 0.432617 0.402344 0.433594 0.403646 0.433594 0.404948 0.434570 0.406250 0.435547 0.410156 0.437500 0.412760 0.438477 0.412760 0.439453 0.414062 0.440430 0.414062 0.442383 0.416667 0.444336 0.416667 0.445312 0.417969 0.454102 0.417969 0.455078 0.416667 0.457031 0.416667 0.459961 0.412760 0.459961 0.411458 0.462891 0.407552 0.462891 0.406250 0.465820 0.402344 0.465820 0.399740 0.466797 0.398438 0.466797 0.397135 0.465820 0.395833 0.465820 0.390625 0.464844 0.389323 0.464844 0.386719 0.462891 0.384115 0.461914 0.384115 0.458984 0.381510 0.456055 0.381510 0.455078 0.380208
0 0.350586 0.324219 0.349609 0.324219 0.348633 0.322917 0.345703 0.322917 0.344727 0.324219 0.343750 0.324219 0.341797 0.326823 0.336914 0.326823 0.333984 0.324219 0.332031 0.324219 0.331055 0.325521 0.330078 0.325521 0.327148 0.329427 0.325195 0.329427 0.322266 0.333333 0.322266 0.335938 0.321289 0.337240 0.321289 0.348958 0.322266 0.350260 0.322266 0.352865 0.324219 0.355469 0.325195 0.355469 0.327148 0.358073 0.328125 0.358073 0.331055 0.361979 0.333008 0.361979 0.333984 0.363281 0.337891 0.363281 0.338867 0.364583 0.342773 0.364583 0.343750 0.363281 0.345703 0.363281 0.347656 0.360677 0.347656 0.359375 0.348633 0.358073 0.348633 0.356771 0.350586 0.354167 0.350586 0.352865 0.351562 0.351562 0.352539 0.351562 0.353516 0.350260 0.353516 0.348958 0.355469 0.346354 0.355469 0.342448 0.356445 0.341146 0.354492 0.337240 0.354492 0.334635 0.352539 0.332031 0.352539 0.330729 0.351562 0.329427 0.351562 0.326823 0.350586 0.325521
0 0.353516 0.320312 0.353516 0.326823 0.355469 0.329427 0.355469 0.330729 0.357422 0.334635 0.357422 0.337240 0.359375 0.339844 0.360352 0.339844 0.361328 0.341146 0.362305 0.341146 0.363281 0.342448 0.364258 0.342448 0.367188 0.345052 0.371094 0.345052 0.372070 0.343750 0.376953 0.343750 0.377930 0.342448 0.380859 0.342448 0.380859 0.341146 0.381836 0.339844 0.381836 0.337240 0.382812 0.335938 0.382812 0.325521 0.380859 0.321615 0.379883 0.321615 0.378906 0.320312 0.377930 0.320312 0.371094 0.311198 0.370117 0.311198 0.369141 0.309896 0.364258 0.309896 0.363281 0.311198 0.362305 0.311198 0.361328 0.312500 0.360352 0.312500 0.359375 0.313802 0.358398 0.313802
0 0.322266 0.287760 0.322266 0.294271 0.321289 0.295573 0.321289 0.302083 0.322266 0.303385 0.322266 0.309896 0.325195 0.313802 0.325195 0.315104 0.326172 0.316406 0.327148 0.316406 0.330078 0.319010 0.335938 0.319010 0.336914 0.317708 0.343750 0.317708 0.344727 0.316406 0.350586 0.316406 0.352539 0.313802 0.352539 0.308594 0.353516 0.307292 0.353516 0.302083 0.354492 0.300781 0.354492 0.290365 0.353516 0.289062 0.353516 0.287760 0.348633 0.281250 0.332031 0.281250 0.331055 0.282552 0.328125 0.282552 0.327148 0.283854 0.325195 0.283854
0 0.301758 0.281250 0.300781 0.282552 0.300781 0.283854 0.297852 0.287760 0.297852 0.295573 0.298828 0.296875 0.298828 0.298177 0.299805 0.299479 0.299805 0.303385 0.302734 0.307292 0.303711 0.307292 0.304688 0.308594 0.304688 0.309896 0.305664 0.309896 0.306641 0.311198 0.309570 0.311198 0.310547 0.312500 0.318359 0.312500 0.321289 0.308594 0.321289 0.290365 0.322266 0.289062 0.321289 0.287760 0.321289 0.286458 0.320312 0.285156 0.316406 0.285156 0.315430 0.286458 0.312500 0.286458 0.311523 0.285156 0.309570 0.285156 0.307617 0.282552 0.306641 0.282552 0.305664 0.281250
0 0.303711 0.246094 0.298828 0.252604 0.298828 0.255208 0.297852 0.256510 0.299805 0.260417 0.299805 0.269531 0.298828 0.270833 0.298828 0.276042 0.300781 0.278646 0.301758 0.278646 0.302734 0.279948 0.304688 0.279948 0.305664 0.281250 0.307617 0.281250 0.310547 0.283854 0.318359 0.283854 0.319336 0.282552 0.322266 0.282552 0.324219 0.279948 0.325195 0.279948 0.327148 0.277344 0.324219 0.273438 0.324219 0.270833 0.326172 0.266927 0.326172 0.264323 0.327148 0.263021 0.327148 0.261719 0.326172 0.260417 0.326172 0.253906 0.324219 0.250000 0.324219 0.246094 0.322266 0.243490 0.309570 0.243490 0.308594 0.244792 0.306641 0.244792 0.305664 0.246094
0 0.294922 0.251302 0.293945 0.252604 0.291016 0.252604 0.290039 0.253906 0.289062 0.253906 0.288086 0.255208 0.287109 0.255208 0.283203 0.260417 0.283203 0.261719 0.280273 0.265625 0.280273 0.268229 0.282227 0.270833 0.283203 0.270833 0.284180 0.272135 0.285156 0.272135 0.286133 0.273438 0.287109 0.273438 0.288086 0.274740 0.289062 0.274740 0.291016 0.277344 0.291992 0.277344 0.292969 0.278646 0.297852 0.278646 0.298828 0.277344 0.301758 0.277344 0.300781 0.276042 0.300781 0.269531 0.301758 0.268229 0.301758 0.266927 0.300781 0.265625 0.300781 0.264323 0.299805 0.263021 0.299805 0.255208 0.298828 0.253906 0.298828 0.252604 0.295898 0.252604
0 0.287109 0.238281 0.282227 0.238281 0.281250 0.239583 0.280273 0.239583 0.275391 0.246094 0.274414 0.246094 0.269531 0.252604 0.269531 0.253906 0.270508 0.255208 0.270508 0.261719 0.271484 0.263021 0.271484 0.266927 0.273438 0.269531 0.276367 0.269531 0.277344 0.268229 0.278320 0.268229 0.280273 0.265625 0.280273 0.264323 0.282227 0.261719 0.282227 0.260417 0.287109 0.253906 0.288086 0.253906 0.289062 0.252604 0.290039 0.252604 0.291016 0.251302 0.291992 0.251302 0.291992 0.247396 0.288086 0.242188 0.288086 0.240885 0.287109 0.239583
0 0.316406 0.213542 0.315430 0.213542 0.314453 0.212240 0.312500 0.212240 0.311523 0.210938 0.305664 0.210938 0.304688 0.212240 0.302734 0.212240 0.296875 0.220052 0.295898 0.220052 0.288086 0.230469 0.288086 0.234375 0.287109 0.235677 0.287109 0.236979 0.288086 0.238281 0.288086 0.242188 0.291992 0.247396 0.291992 0.248698 0.292969 0.250000 0.297852 0.250000 0.298828 0.248698 0.301758 0.247396 0.303711 0.244792 0.304688 0.244792 0.305664 0.243490 0.307617 0.243490 0.308594 0.242188 0.309570 0.242188 0.312500 0.239583 0.314453 0.239583 0.315430 0.238281 0.316406 0.238281 0.320312 0.233073 0.321289 0.233073 0.323242 0.230469 0.323242 0.229167 0.322266 0.227865 0.322266 0.226562 0.321289 0.225260 0.320312 0.221354 0.317383 0.217448
0 0.331055 0.187500 0.330078 0.188802 0.329102 0.188802 0.328125 0.190104 0.327148 0.190104 0.326172 0.191406 0.325195 0.191406 0.324219 0.192708 0.323242 0.192708 0.321289 0.195312 0.321289 0.196615 0.319336 0.199219 0.319336 0.201823 0.318359 0.203125 0.318359 0.217448 0.322266 0.222656 0.323242 0.222656 0.324219 0.223958 0.328125 0.223958 0.329102 0.225260 0.339844 0.225260 0.340820 0.223958 0.341797 0.223958 0.343750 0.221354 0.343750 0.208333 0.344727 0.207031 0.344727 0.204427 0.345703 0.203125 0.345703 0.195312 0.341797 0.190104 0.340820 0.190104 0.337891 0.187500
0 0.338867 0.165365 0.338867 0.166667 0.336914 0.169271 0.336914 0.173177 0.335938 0.174479 0.335938 0.182292 0.336914 0.183594 0.336914 0.184896 0.337891 0.186198 0.338867 0.186198 0.339844 0.187500 0.344727 0.187500 0.345703 0.188802 0.360352 0.188802 0.361328 0.187500 0.361328 0.186198 0.362305 0.184896 0.362305 0.174479 0.361328 0.173177 0.361328 0.167969 0.360352 0.166667 0.360352 0.165365 0.359375 0.164062 0.359375 0.162760 0.355469 0.157552 0.353516 0.157552 0.352539 0.156250 0.348633 0.156250 0.347656 0.157552 0.346680 0.157552 0.344727 0.160156 0.343750 0.160156 0.341797 0.162760 0.340820 0.162760
0 0.352539 0.192708 0.350586 0.195312 0.348633 0.195312 0.346680 0.197917 0.346680 0.200521 0.345703 0.201823 0.345703 0.204427 0.344727 0.205729 0.344727 0.209635 0.343750 0.210938 0.343750 0.216146 0.344727 0.217448 0.344727 0.221354 0.347656 0.225260 0.347656 0.226562 0.349609 0.229167 0.350586 0.229167 0.356445 0.236979 0.357422 0.236979 0.358398 0.238281 0.362305 0.238281 0.363281 0.236979 0.364258 0.236979 0.367188 0.233073 0.367188 0.231771 0.369141 0.229167 0.369141 0.226562 0.370117 0.225260 0.370117 0.223958 0.372070 0.221354 0.373047 0.221354 0.374023 0.220052 0.374023 0.216146 0.373047 0.214844 0.373047 0.213542 0.369141 0.208333 0.368164 0.204427 0.364258 0.197917 0.363281 0.197917 0.362305 0.196615 0.360352 0.196615 0.357422 0.192708
0 0.384766 0.229167 0.377930 0.229167 0.376953 0.230469 0.375000 0.230469 0.374023 0.231771 0.372070 0.231771 0.370117 0.234375 0.369141 0.234375 0.369141 0.235677 0.367188 0.238281 0.366211 0.238281 0.361328 0.243490 0.361328 0.252604 0.362305 0.253906 0.362305 0.256510 0.364258 0.260417 0.364258 0.263021 0.365234 0.264323 0.365234 0.265625 0.368164 0.269531 0.369141 0.269531 0.371094 0.272135 0.380859 0.272135 0.381836 0.270833 0.382812 0.270833 0.384766 0.268229 0.385742 0.264323 0.388672 0.260417 0.388672 0.259115 0.389648 0.257812 0.389648 0.256510 0.391602 0.252604 0.391602 0.250000 0.390625 0.248698 0.390625 0.240885 0.391602 0.239583 0.391602 0.236979 0.386719 0.230469 0.385742 0.230469
0 0.364258 0.266927 0.362305 0.269531 0.362305 0.270833 0.360352 0.273438 0.360352 0.274740 0.358398 0.277344 0.358398 0.285156 0.357422 0.286458 0.357422 0.296875 0.358398 0.298177 0.359375 0.298177 0.365234 0.305990 0.366211 0.305990 0.367188 0.307292 0.372070 0.307292 0.375000 0.303385 0.375000 0.295573 0.375977 0.294271 0.375977 0.286458 0.376953 0.285156 0.376953 0.282552 0.377930 0.281250 0.377930 0.279948 0.379883 0.277344 0.378906 0.276042 0.376953 0.276042 0.375977 0.274740 0.375000 0.274740 0.374023 0.273438 0.371094 0.273438 0.370117 0.272135 0.369141 0.272135 0.365234 0.266927
0 0.384766 0.277344 0.383789 0.278646 0.380859 0.279948 0.377930 0.283854 0.377930 0.285156 0.376953 0.286458 0.376953 0.289062 0.375977 0.290365 0.375977 0.300781 0.375000 0.302083 0.375000 0.307292 0.374023 0.308594 0.374023 0.309896 0.375000 0.311198 0.375000 0.315104 0.378906 0.320312 0.379883 0.320312 0.380859 0.321615 0.381836 0.321615 0.384766 0.324219 0.388672 0.324219 0.389648 0.322917 0.391602 0.322917 0.401367 0.309896 0.401367 0.307292 0.404297 0.303385 0.404297 0.300781 0.405273 0.299479 0.405273 0.296875 0.404297 0.295573 0.404297 0.292969 0.403320 0.291667 0.403320 0.289062 0.402344 0.287760 0.401367 0.287760 0.398438 0.283854 0.397461 0.283854 0.396484 0.282552 0.393555 0.281250 0.391602 0.278646 0.390625 0.278646 0.389648 0.277344
0 0.395508 0.321615 0.394531 0.322917 0.394531 0.324219 0.392578 0.328125 0.392578 0.337240 0.393555 0.338542 0.393555 0.341146 0.394531 0.342448 0.394531 0.343750 0.395508 0.345052 0.396484 0.345052 0.397461 0.346354 0.398438 0.346354 0.400391 0.348958 0.401367 0.348958 0.403320 0.351562 0.404297 0.351562 0.407227 0.354167 0.418945 0.354167 0.420898 0.350260 0.420898 0.346354 0.421875 0.345052 0.421875 0.338542 0.418945 0.334635 0.417969 0.334635 0.416016 0.332031 0.415039 0.332031 0.412109 0.329427 0.410156 0.329427 0.408203 0.326823 0.407227 0.326823 0.403320 0.321615 0.403320 0.320312 0.402344 0.319010 0.398438 0.319010 0.396484 0.321615
0 0.418945 0.289062 0.417969 0.290365 0.416016 0.290365 0.406250 0.303385 0.406250 0.304688 0.404297 0.308594 0.404297 0.312500 0.403320 0.313802 0.403320 0.319010 0.404297 0.320312 0.404297 0.321615 0.407227 0.325521 0.410156 0.326823 0.412109 0.329427 0.414062 0.329427 0.415039 0.330729 0.417969 0.332031 0.419922 0.334635 0.420898 0.334635 0.422852 0.337240 0.423828 0.337240 0.431641 0.326823 0.431641 0.325521 0.432617 0.324219 0.432617 0.322917 0.433594 0.321615 0.433594 0.320312 0.435547 0.316406 0.435547 0.304688 0.433594 0.302083 0.432617 0.298177 0.428711 0.292969 0.426758 0.292969 0.423828 0.290365 0.420898 0.290365 0.419922 0.289062
0 0.447266 0.309896 0.440430 0.317708 0.440430 0.319010 0.436523 0.324219 0.436523 0.325521 0.433594 0.329427 0.433594 0.335938 0.434570 0.337240 0.434570 0.338542 0.435547 0.339844 0.435547 0.341146 0.436523 0.342448 0.437500 0.346354 0.438477 0.347656 0.439453 0.347656 0.442383 0.351562 0.443359 0.351562 0.446289 0.354167 0.451172 0.354167 0.452148 0.352865 0.458008 0.352865 0.458984 0.351562 0.459961 0.351562 0.463867 0.346354 0.463867 0.345052 0.465820 0.341146 0.465820 0.330729 0.466797 0.329427 0.466797 0.324219 0.465820 0.322917 0.465820 0.319010 0.464844 0.317708 0.463867 0.313802 0.460938 0.311198 0.454102 0.311198 0.453125 0.309896
0 0.441406 0.255208 0.435547 0.255208 0.434570 0.256510 0.432617 0.256510 0.429688 0.259115 0.427734 0.259115 0.426758 0.260417 0.425781 0.260417 0.424805 0.261719 0.424805 0.263021 0.422852 0.265625 0.421875 0.269531 0.418945 0.273438 0.418945 0.279948 0.419922 0.281250 0.419922 0.282552 0.425781 0.290365 0.426758 0.290365 0.427734 0.291667 0.428711 0.291667 0.430664 0.294271 0.431641 0.294271 0.435547 0.300781 0.438477 0.300781 0.442383 0.295573 0.444336 0.295573 0.445312 0.294271 0.447266 0.294271 0.447266 0.292969 0.449219 0.290365 0.449219 0.289062 0.451172 0.286458 0.451172 0.285156 0.452148 0.283854 0.452148 0.277344 0.453125 0.276042 0.453125 0.273438 0.454102 0.272135 0.454102 0.268229 0.449219 0.261719 0.448242 0.261719 0.446289 0.259115 0.445312 0.259115 0.443359 0.256510 0.442383 0.256510
0 0.415039 0.240885 0.407227 0.240885 0.406250 0.242188 0.403320 0.242188 0.401367 0.244792 0.400391 0.244792 0.391602 0.256510 0.391602 0.261719 0.392578 0.263021 0.392578 0.268229 0.393555 0.269531 0.393555 0.277344 0.394531 0.277344 0.395508 0.278646 0.396484 0.278646 0.399414 0.281250 0.403320 0.281250 0.404297 0.279948 0.405273 0.279948 0.406250 0.278646 0.407227 0.278646 0.410156 0.276042 0.412109 0.276042 0.413086 0.274740 0.415039 0.274740 0.419922 0.268229 0.419922 0.266927 0.421875 0.263021 0.421875 0.259115 0.420898 0.257812 0.420898 0.253906 0.421875 0.252604 0.420898 0.251302 0.420898 0.247396 0.419922 0.246094 0.418945 0.246094
0 0.399414 0.203125 0.399414 0.208333 0.400391 0.209635 0.400391 0.216146 0.401367 0.217448 0.401367 0.220052 0.407227 0.227865 0.407227 0.229167 0.409180 0.231771 0.410156 0.231771 0.411133 0.233073 0.423828 0.233073 0.424805 0.231771 0.425781 0.231771 0.426758 0.230469 0.427734 0.230469 0.427734 0.225260 0.428711 0.223958 0.428711 0.221354 0.430664 0.217448 0.430664 0.204427 0.429688 0.203125 0.429688 0.201823 0.428711 0.201823 0.427734 0.200521 0.420898 0.200521 0.419922 0.199219 0.412109 0.199219 0.411133 0.200521 0.401367 0.200521
0 0.438477 0.209635 0.435547 0.213542 0.433594 0.213542 0.431641 0.216146 0.431641 0.217448 0.430664 0.218750 0.430664 0.229167 0.431641 0.230469 0.431641 0.233073 0.432617 0.234375 0.432617 0.236979 0.433594 0.238281 0.433594 0.242188 0.434570 0.243490 0.434570 0.248698 0.435547 0.250000 0.437500 0.250000 0.438477 0.251302 0.444336 0.251302 0.445312 0.252604 0.447266 0.252604 0.448242 0.251302 0.451172 0.251302 0.457031 0.243490 0.457031 0.239583 0.458008 0.238281 0.458008 0.235677 0.457031 0.234375 0.457031 0.233073 0.455078 0.229167 0.455078 0.226562 0.454102 0.225260 0.454102 0.223958 0.453125 0.222656 0.453125 0.221354 0.450195 0.217448 0.448242 0.217448 0.447266 0.216146 0.446289 0.216146 0.443359 0.212240 0.442383 0.212240 0.441406 0.210938 0.440430 0.210938 0.439453 0.209635
0 0.450195 0.169271 0.449219 0.170573 0.447266 0.170573 0.446289 0.171875 0.445312 0.171875 0.442383 0.175781 0.441406 0.175781 0.437500 0.180990 0.435547 0.188802 0.436523 0.190104 0.436523 0.194010 0.437500 0.195312 0.437500 0.197917 0.439453 0.201823 0.439453 0.204427 0.440430 0.205729 0.440430 0.207031 0.443359 0.210938 0.444336 0.210938 0.445312 0.212240 0.446289 0.212240 0.449219 0.214844 0.455078 0.214844 0.456055 0.213542 0.458984 0.212240 0.462891 0.205729 0.462891 0.204427 0.463867 0.203125 0.463867 0.199219 0.464844 0.197917 0.464844 0.191406 0.463867 0.190104 0.463867 0.187500 0.461914 0.183594 0.461914 0.177083 0.460938 0.175781 0.460938 0.173177 0.459961 0.173177 0.457031 0.170573 0.455078 0.170573 0.454102 0.169271
0 0.402344 0.147135 0.401367 0.148438 0.400391 0.148438 0.397461 0.152344 0.396484 0.152344 0.392578 0.157552 0.392578 0.162760 0.396484 0.167969 0.396484 0.169271 0.398438 0.171875 0.398438 0.173177 0.399414 0.174479 0.399414 0.178385 0.400391 0.179688 0.400391 0.182292 0.403320 0.186198 0.403320 0.190104 0.404297 0.191406 0.404297 0.194010 0.405273 0.194010 0.406250 0.195312 0.409180 0.195312 0.410156 0.194010 0.411133 0.194010 0.412109 0.192708 0.413086 0.192708 0.414062 0.191406 0.416992 0.190104 0.416992 0.188802 0.418945 0.184896 0.418945 0.178385 0.420898 0.174479 0.420898 0.161458 0.421875 0.160156 0.421875 0.157552 0.420898 0.156250 0.420898 0.152344 0.419922 0.152344 0.418945 0.151042 0.416992 0.151042 0.416016 0.149740 0.411133 0.149740 0.410156 0.148438 0.407227 0.148438 0.406250 0.147135
0 0.383789 0.173177 0.382812 0.174479 0.380859 0.174479 0.379883 0.175781 0.378906 0.175781 0.376953 0.178385 0.375977 0.178385 0.375977 0.179688 0.374023 0.183594 0.374023 0.186198 0.373047 0.187500 0.373047 0.192708 0.374023 0.194010 0.374023 0.204427 0.375000 0.205729 0.375000 0.209635 0.376953 0.212240 0.378906 0.212240 0.379883 0.213542 0.380859 0.213542 0.381836 0.214844 0.383789 0.214844 0.384766 0.216146 0.389648 0.216146 0.390625 0.214844 0.391602 0.214844 0.391602 0.213542 0.393555 0.210938 0.393555 0.209635 0.395508 0.205729 0.395508 0.203125 0.397461 0.199219 0.397461 0.196615 0.398438 0.195312 0.398438 0.191406 0.399414 0.190104 0.399414 0.183594 0.398438 0.182292 0.398438 0.180990 0.396484 0.178385 0.396484 0.177083 0.395508 0.177083 0.392578 0.174479 0.390625 0.174479 0.389648 0.173177
0 0.390625 0.161458 0.383789 0.161458 0.382812 0.162760 0.379883 0.162760 0.378906 0.161458 0.375977 0.161458 0.372070 0.166667 0.372070 0.167969 0.371094 0.169271 0.371094 0.170573 0.370117 0.171875 0.370117 0.173177 0.369141 0.174479 0.369141 0.177083 0.368164 0.178385 0.369141 0.179688 0.369141 0.180990 0.371094 0.183594 0.371094 0.184896 0.372070 0.186198 0.373047 0.184896 0.373047 0.183594 0.379883 0.174479 0.381836 0.174479 0.382812 0.173177 0.390625 0.173177
0 0.379883 0.110677 0.375977 0.115885 0.375977 0.117188 0.375000 0.118490 0.375000 0.121094 0.374023 0.122396 0.374023 0.131510 0.375000 0.132812 0.375977 0.132812 0.376953 0.134115 0.377930 0.134115 0.378906 0.135417 0.379883 0.135417 0.387695 0.145833 0.395508 0.145833 0.396484 0.144531 0.397461 0.144531 0.403320 0.136719 0.403320 0.134115 0.404297 0.132812 0.404297 0.127604 0.405273 0.126302 0.405273 0.119792 0.404297 0.118490 0.404297 0.117188 0.400391 0.111979 0.399414 0.111979 0.397461 0.109375 0.395508 0.109375 0.394531 0.108073 0.387695 0.108073 0.386719 0.109375 0.381836 0.109375 0.380859 0.110677
0 0.320312 0.134115 0.318359 0.136719 0.318359 0.138021 0.317383 0.139323 0.317383 0.145833 0.318359 0.147135 0.318359 0.151042 0.320312 0.154948 0.320312 0.157552 0.321289 0.158854 0.321289 0.160156 0.324219 0.164062 0.325195 0.164062 0.326172 0.165365 0.329102 0.165365 0.330078 0.166667 0.336914 0.166667 0.342773 0.158854 0.343750 0.158854 0.347656 0.153646 0.347656 0.151042 0.346680 0.149740 0.346680 0.147135 0.345703 0.145833 0.345703 0.139323 0.346680 0.138021 0.346680 0.136719 0.344727 0.134115 0.344727 0.132812 0.324219 0.132812 0.323242 0.134115
0 0.314453 0.091146 0.312500 0.093750 0.311523 0.093750 0.307617 0.098958 0.306641 0.098958 0.305664 0.100260 0.304688 0.100260 0.304688 0.101562 0.303711 0.102865 0.303711 0.104167 0.301758 0.106771 0.301758 0.111979 0.312500 0.126302 0.313477 0.126302 0.314453 0.127604 0.315430 0.127604 0.318359 0.130208 0.321289 0.130208 0.324219 0.127604 0.324219 0.126302 0.326172 0.123698 0.326172 0.121094 0.327148 0.119792 0.327148 0.118490 0.329102 0.115885 0.329102 0.114583 0.331055 0.111979 0.331055 0.110677 0.333008 0.106771 0.330078 0.104167 0.330078 0.102865 0.328125 0.098958 0.328125 0.096354 0.327148 0.095052 0.326172 0.095052 0.325195 0.093750 0.323242 0.093750 0.322266 0.092448 0.320312 0.092448 0.319336 0.091146
0 0.473633 0.138021 0.472656 0.139323 0.469727 0.139323 0.466797 0.143229 0.466797 0.144531 0.461914 0.149740 0.461914 0.156250 0.462891 0.157552 0.462891 0.174479 0.464844 0.177083 0.465820 0.177083 0.466797 0.178385 0.468750 0.178385 0.469727 0.179688 0.472656 0.179688 0.473633 0.180990 0.478516 0.180990 0.479492 0.179688 0.480469 0.179688 0.488281 0.169271 0.488281 0.167969 0.489258 0.166667 0.489258 0.164062 0.490234 0.162760 0.490234 0.161458 0.489258 0.160156 0.489258 0.157552 0.490234 0.156250 0.490234 0.152344 0.483398 0.143229 0.483398 0.141927 0.481445 0.139323 0.475586 0.139323 0.474609 0.138021
0 0.477539 0.187500 0.476562 0.188802 0.475586 0.188802 0.473633 0.191406 0.472656 0.191406 0.470703 0.194010 0.470703 0.195312 0.468750 0.199219 0.468750 0.203125 0.467773 0.204427 0.467773 0.212240 0.465820 0.214844 0.465820 0.216146 0.466797 0.217448 0.466797 0.220052 0.469727 0.223958 0.470703 0.223958 0.472656 0.227865 0.473633 0.227865 0.475586 0.230469 0.476562 0.230469 0.477539 0.231771 0.480469 0.231771 0.481445 0.233073 0.482422 0.233073 0.483398 0.231771 0.487305 0.231771 0.488281 0.230469 0.489258 0.230469 0.490234 0.229167 0.493164 0.227865 0.493164 0.226562 0.494141 0.225260 0.494141 0.217448 0.495117 0.216146 0.495117 0.210938 0.496094 0.209635 0.496094 0.207031 0.497070 0.205729 0.497070 0.204427 0.498047 0.203125 0.499023 0.199219 0.495117 0.194010 0.492188 0.192708 0.490234 0.190104 0.489258 0.190104 0.488281 0.188802 0.485352 0.188802 0.484375 0.187500
0 0.506836 0.199219 0.505859 0.200521 0.502930 0.200521 0.501953 0.201823 0.500000 0.201823 0.498047 0.204427 0.498047 0.205729 0.497070 0.207031 0.497070 0.213542 0.496094 0.214844 0.496094 0.220052 0.495117 0.221354 0.495117 0.226562 0.496094 0.227865 0.496094 0.230469 0.497070 0.231771 0.497070 0.234375 0.499023 0.236979 0.499023 0.238281 0.501953 0.242188 0.504883 0.242188 0.505859 0.243490 0.510742 0.243490 0.511719 0.242188 0.513672 0.242188 0.514648 0.240885 0.514648 0.239583 0.515625 0.238281 0.515625 0.236979 0.516602 0.235677 0.517578 0.231771 0.519531 0.229167 0.519531 0.227865 0.522461 0.225260 0.522461 0.223958 0.523438 0.222656 0.523438 0.218750 0.524414 0.217448 0.524414 0.212240 0.523438 0.210938 0.523438 0.209635 0.520508 0.205729 0.520508 0.204427 0.519531 0.204427 0.517578 0.201823 0.516602 0.201823 0.513672 0.199219
0 0.524414 0.161458 0.521484 0.165365 0.521484 0.166667 0.520508 0.167969 0.520508 0.174479 0.521484 0.175781 0.521484 0.190104 0.522461 0.191406 0.522461 0.192708 0.523438 0.194010 0.526367 0.195312 0.528320 0.197917 0.531250 0.197917 0.532227 0.199219 0.536133 0.199219 0.537109 0.197917 0.540039 0.197917 0.541016 0.196615 0.541992 0.197917 0.543945 0.197917 0.544922 0.196615 0.545898 0.196615 0.547852 0.194010 0.547852 0.191406 0.548828 0.190104 0.548828 0.170573 0.547852 0.169271 0.547852 0.167969 0.545898 0.165365 0.544922 0.165365 0.541992 0.162760 0.540039 0.162760 0.537109 0.160156 0.533203 0.160156 0.532227 0.158854 0.531250 0.160156 0.526367 0.160156 0.525391 0.161458
0 0.536133 0.207031 0.535156 0.208333 0.533203 0.208333 0.532227 0.209635 0.529297 0.209635 0.528320 0.210938 0.527344 0.210938 0.525391 0.213542 0.525391 0.218750 0.524414 0.220052 0.524414 0.227865 0.525391 0.229167 0.525391 0.230469 0.528320 0.234375 0.528320 0.235677 0.529297 0.236979 0.529297 0.238281 0.532227 0.242188 0.533203 0.242188 0.534180 0.243490 0.534180 0.244792 0.536133 0.247396 0.536133 0.248698 0.541016 0.248698 0.550781 0.235677 0.550781 0.234375 0.551758 0.233073 0.551758 0.230469 0.552734 0.229167 0.552734 0.223958 0.551758 0.222656 0.551758 0.220052 0.547852 0.214844 0.547852 0.213542 0.545898 0.210938 0.544922 0.210938 0.542969 0.208333 0.541992 0.208333 0.541016 0.207031
0 0.530273 0.240885 0.525391 0.240885 0.524414 0.242188 0.519531 0.242188 0.518555 0.243490 0.514648 0.243490 0.513672 0.244792 0.512695 0.244792 0.511719 0.246094 0.510742 0.246094 0.508789 0.248698 0.508789 0.250000 0.506836 0.253906 0.506836 0.257812 0.507812 0.259115 0.507812 0.261719 0.508789 0.263021 0.508789 0.264323 0.509766 0.265625 0.509766 0.266927 0.510742 0.268229 0.510742 0.269531 0.515625 0.276042 0.516602 0.276042 0.519531 0.278646 0.524414 0.278646 0.525391 0.277344 0.528320 0.277344 0.532227 0.272135 0.532227 0.270833 0.533203 0.269531 0.533203 0.265625 0.534180 0.264323 0.534180 0.263021 0.535156 0.261719 0.535156 0.260417 0.537109 0.257812 0.537109 0.253906 0.538086 0.252604 0.538086 0.251302 0.533203 0.244792 0.533203 0.243490
0 0.479492 0.246094 0.477539 0.248698 0.477539 0.251302 0.475586 0.253906 0.475586 0.255208 0.474609 0.256510 0.474609 0.263021 0.475586 0.264323 0.475586 0.268229 0.476562 0.269531 0.476562 0.272135 0.481445 0.278646 0.481445 0.281250 0.483398 0.283854 0.484375 0.283854 0.485352 0.285156 0.496094 0.285156 0.497070 0.283854 0.498047 0.283854 0.502930 0.277344 0.503906 0.277344 0.505859 0.274740 0.505859 0.272135 0.506836 0.270833 0.506836 0.260417 0.503906 0.256510 0.503906 0.251302 0.502930 0.250000 0.502930 0.247396 0.501953 0.246094 0.501953 0.244792 0.493164 0.244792 0.492188 0.243490 0.484375 0.243490 0.483398 0.244792 0.481445 0.244792 0.480469 0.246094
0 0.513672 0.276042 0.505859 0.276042 0.503906 0.278646 0.502930 0.278646 0.496094 0.287760 0.496094 0.289062 0.495117 0.290365 0.495117 0.292969 0.494141 0.294271 0.494141 0.303385 0.495117 0.304688 0.495117 0.305990 0.496094 0.307292 0.496094 0.308594 0.497070 0.308594 0.498047 0.309896 0.499023 0.309896 0.501953 0.312500 0.504883 0.312500 0.505859 0.313802 0.507812 0.313802 0.508789 0.315104 0.509766 0.315104 0.510742 0.313802 0.511719 0.313802 0.512695 0.312500 0.514648 0.312500 0.516602 0.309896 0.517578 0.309896 0.518555 0.308594 0.520508 0.308594 0.521484 0.307292 0.521484 0.287760 0.519531 0.285156 0.519531 0.283854 0.518555 0.282552 0.518555 0.281250 0.515625 0.277344 0.514648 0.277344
0 0.477539 0.274740 0.470703 0.274740 0.469727 0.276042 0.468750 0.276042 0.465820 0.279948 0.464844 0.279948 0.462891 0.282552 0.461914 0.282552 0.459961 0.285156 0.459961 0.299479 0.460938 0.300781 0.460938 0.303385 0.461914 0.304688 0.461914 0.305990 0.467773 0.313802 0.468750 0.313802 0.469727 0.315104 0.471680 0.315104 0.472656 0.313802 0.475586 0.313802 0.476562 0.312500 0.478516 0.312500 0.479492 0.311198 0.480469 0.311198 0.483398 0.308594 0.485352 0.308594 0.486328 0.307292 0.486328 0.300781 0.485352 0.299479 0.485352 0.296875 0.484375 0.295573 0.484375 0.292969 0.483398 0.291667 0.483398 0.289062 0.482422 0.287760 0.482422 0.285156 0.480469 0.281250 0.480469 0.278646
0 0.576172 0.169271 0.575195 0.169271 0.574219 0.170573 0.572266 0.170573 0.567383 0.177083 0.566406 0.177083 0.562500 0.182292 0.562500 0.183594 0.560547 0.186198 0.560547 0.187500 0.559570 0.188802 0.559570 0.191406 0.558594 0.192708 0.558594 0.205729 0.559570 0.207031 0.559570 0.209635 0.561523 0.212240 0.564453 0.213542 0.566406 0.216146 0.567383 0.216146 0.568359 0.217448 0.575195 0.217448 0.576172 0.216146 0.577148 0.216146 0.579102 0.213542 0.580078 0.213542 0.581055 0.212240 0.583984 0.210938 0.586914 0.207031 0.586914 0.204427 0.587891 0.203125 0.587891 0.200521 0.588867 0.199219 0.588867 0.191406 0.587891 0.190104 0.587891 0.182292 0.586914 0.180990 0.585938 0.177083 0.584961 0.175781 0.583984 0.175781 0.582031 0.173177 0.581055 0.173177 0.580078 0.171875 0.579102 0.171875
0 0.551758 0.239583 0.550781 0.240885 0.548828 0.240885 0.546875 0.243490 0.545898 0.243490 0.542969 0.247396 0.542969 0.248698 0.541992 0.250000 0.541992 0.251302 0.540039 0.255208 0.540039 0.264323 0.541016 0.265625 0.541016 0.268229 0.541992 0.269531 0.541992 0.270833 0.546875 0.277344 0.547852 0.277344 0.550781 0.281250 0.554688 0.281250 0.555664 0.282552 0.559570 0.282552 0.560547 0.281250 0.562500 0.281250 0.563477 0.279948 0.564453 0.279948 0.565430 0.278646 0.565430 0.277344 0.568359 0.273438 0.568359 0.260417 0.569336 0.259115 0.569336 0.253906 0.568359 0.252604 0.568359 0.248698 0.567383 0.247396 0.564453 0.246094 0.560547 0.240885 0.558594 0.240885 0.557617 0.239583
0 0.544922 0.281250 0.543945 0.282552 0.542969 0.282552 0.536133 0.291667 0.535156 0.295573 0.533203 0.298177 0.533203 0.300781 0.532227 0.302083 0.532227 0.309896 0.533203 0.311198 0.533203 0.313802 0.535156 0.316406 0.536133 0.320312 0.537109 0.320312 0.539062 0.322917 0.540039 0.322917 0.541016 0.324219 0.550781 0.324219 0.551758 0.322917 0.552734 0.322917 0.558594 0.315104 0.558594 0.313802 0.563477 0.307292 0.563477 0.299479 0.562500 0.298177 0.562500 0.296875 0.560547 0.292969 0.560547 0.290365 0.556641 0.285156 0.555664 0.285156 0.554688 0.283854 0.552734 0.283854 0.551758 0.282552 0.549805 0.282552 0.548828 0.281250
0 0.513672 0.313802 0.508789 0.320312 0.508789 0.321615 0.506836 0.325521 0.506836 0.334635 0.507812 0.335938 0.507812 0.338542 0.508789 0.339844 0.508789 0.341146 0.511719 0.345052 0.514648 0.345052 0.515625 0.346354 0.517578 0.346354 0.518555 0.347656 0.524414 0.347656 0.525391 0.346354 0.533203 0.346354 0.535156 0.342448 0.535156 0.337240 0.536133 0.335938 0.536133 0.332031 0.537109 0.330729 0.537109 0.322917 0.535156 0.320312 0.535156 0.319010 0.533203 0.316406 0.533203 0.315104 0.529297 0.309896 0.524414 0.309896 0.523438 0.308594 0.521484 0.308594 0.520508 0.309896 0.518555 0.309896 0.517578 0.311198 0.516602 0.311198 0.514648 0.313802
0 0.499023 0.325521 0.490234 0.325521 0.489258 0.326823 0.486328 0.328125 0.485352 0.329427 0.485352 0.330729 0.483398 0.333333 0.483398 0.334635 0.480469 0.338542 0.479492 0.338542 0.477539 0.341146 0.477539 0.342448 0.476562 0.343750 0.476562 0.347656 0.477539 0.348958 0.477539 0.351562 0.478516 0.352865 0.478516 0.354167 0.479492 0.355469 0.480469 0.355469 0.482422 0.358073 0.482422 0.360677 0.483398 0.361979 0.486328 0.363281 0.488281 0.365885 0.488281 0.367188 0.489258 0.368490 0.491211 0.368490 0.492188 0.369792 0.493164 0.369792 0.494141 0.368490 0.496094 0.368490 0.497070 0.367188 0.499023 0.367188 0.500000 0.365885 0.501953 0.365885 0.501953 0.364583 0.502930 0.363281 0.502930 0.356771 0.503906 0.355469 0.503906 0.354167 0.505859 0.351562 0.505859 0.350260 0.507812 0.347656 0.507812 0.341146 0.506836 0.339844 0.506836 0.338542 0.504883 0.335938 0.504883 0.333333 0.503906 0.332031 0.503906 0.330729
0 0.508789 0.347656 0.508789 0.348958 0.505859 0.352865 0.505859 0.354167 0.504883 0.355469 0.504883 0.364583 0.503906 0.365885 0.507812 0.371094 0.507812 0.372396 0.509766 0.375000 0.509766 0.376302 0.512695 0.380208 0.512695 0.381510 0.513672 0.382812 0.520508 0.382812 0.521484 0.381510 0.523438 0.381510 0.524414 0.380208 0.525391 0.380208 0.528320 0.376302 0.528320 0.375000 0.531250 0.371094 0.531250 0.369792 0.533203 0.367188 0.533203 0.360677 0.532227 0.359375 0.532227 0.358073 0.531250 0.356771 0.531250 0.355469 0.530273 0.354167 0.530273 0.352865 0.529297 0.351562 0.528320 0.351562 0.525391 0.348958 0.519531 0.348958 0.518555 0.347656 0.515625 0.347656 0.514648 0.346354 0.510742 0.346354 0.509766 0.347656
0 0.466797 0.343750 0.463867 0.347656 0.463867 0.348958 0.462891 0.350260 0.461914 0.350260 0.458984 0.354167 0.458984 0.355469 0.458008 0.356771 0.458008 0.360677 0.457031 0.361979 0.457031 0.365885 0.458008 0.367188 0.458008 0.371094 0.458984 0.372396 0.458984 0.373698 0.460938 0.376302 0.460938 0.377604 0.464844 0.382812 0.465820 0.382812 0.466797 0.384115 0.478516 0.384115 0.479492 0.382812 0.480469 0.382812 0.483398 0.378906 0.483398 0.377604 0.484375 0.376302 0.484375 0.368490 0.483398 0.367188 0.483398 0.364583 0.481445 0.361979 0.481445 0.360677 0.480469 0.359375 0.480469 0.358073 0.475586 0.351562 0.475586 0.348958 0.474609 0.347656 0.474609 0.346354 0.473633 0.346354 0.472656 0.345052 0.467773 0.345052
0 0.505859 0.371094 0.504883 0.371094 0.501953 0.368490 0.499023 0.368490 0.498047 0.369792 0.496094 0.369792 0.495117 0.371094 0.492188 0.371094 0.491211 0.372396 0.489258 0.372396 0.486328 0.375000 0.486328 0.376302 0.485352 0.377604 0.485352 0.378906 0.483398 0.382812 0.483398 0.393229 0.484375 0.394531 0.484375 0.395833 0.486328 0.399740 0.487305 0.399740 0.489258 0.402344 0.492188 0.402344 0.493164 0.403646 0.502930 0.403646 0.503906 0.402344 0.504883 0.402344 0.505859 0.401042 0.506836 0.401042 0.507812 0.399740 0.508789 0.399740 0.510742 0.397135 0.510742 0.391927 0.511719 0.390625 0.511719 0.381510 0.510742 0.380208 0.510742 0.378906 0.509766 0.377604 0.509766 0.376302
0 0.540039 0.367188 0.538086 0.369792 0.536133 0.369792 0.535156 0.371094 0.534180 0.371094 0.533203 0.372396 0.532227 0.372396 0.530273 0.375000 0.530273 0.376302 0.529297 0.377604 0.529297 0.380208 0.528320 0.381510 0.528320 0.401042 0.530273 0.403646 0.532227 0.403646 0.533203 0.404948 0.535156 0.404948 0.536133 0.406250 0.544922 0.406250 0.545898 0.407552 0.548828 0.407552 0.549805 0.406250 0.550781 0.406250 0.551758 0.404948 0.552734 0.404948 0.555664 0.401042 0.555664 0.399740 0.556641 0.398438 0.556641 0.385417 0.555664 0.384115 0.555664 0.380208 0.554688 0.378906 0.554688 0.377604 0.552734 0.375000 0.551758 0.375000 0.550781 0.373698 0.549805 0.373698 0.548828 0.372396 0.547852 0.372396 0.543945 0.367188
0 0.553711 0.333333 0.552734 0.334635 0.551758 0.334635 0.550781 0.335938 0.549805 0.335938 0.548828 0.337240 0.547852 0.337240 0.543945 0.342448 0.542969 0.342448 0.542969 0.343750 0.541992 0.345052 0.541992 0.351562 0.542969 0.352865 0.542969 0.355469 0.543945 0.356771 0.543945 0.361979 0.546875 0.365885 0.547852 0.365885 0.548828 0.367188 0.549805 0.367188 0.550781 0.368490 0.551758 0.368490 0.552734 0.369792 0.553711 0.369792 0.557617 0.375000 0.565430 0.375000 0.567383 0.372396 0.568359 0.372396 0.571289 0.368490 0.571289 0.367188 0.572266 0.365885 0.571289 0.364583 0.571289 0.360677 0.570312 0.359375 0.570312 0.356771 0.569336 0.355469 0.569336 0.352865 0.568359 0.351562 0.568359 0.347656 0.567383 0.346354 0.567383 0.343750 0.566406 0.342448 0.566406 0.341146 0.564453 0.338542 0.564453 0.337240 0.563477 0.335938 0.563477 0.334635 0.562500 0.334635 0.561523 0.333333
0 0.500000 0.412760 0.500000 0.415365 0.500977 0.416667 0.500977 0.417969 0.501953 0.419271 0.501953 0.420573 0.503906 0.423177 0.503906 0.424479 0.505859 0.427083 0.505859 0.428385 0.506836 0.429688 0.506836 0.430990 0.508789 0.433594 0.509766 0.433594 0.511719 0.436198 0.513672 0.436198 0.514648 0.437500 0.521484 0.437500 0.522461 0.436198 0.523438 0.436198 0.524414 0.434896 0.525391 0.434896 0.527344 0.432292 0.529297 0.432292 0.531250 0.429688 0.531250 0.424479 0.532227 0.423177 0.532227 0.414062 0.531250 0.412760 0.531250 0.411458 0.530273 0.410156 0.530273 0.408854 0.527344 0.404948 0.526367 0.404948 0.525391 0.403646 0.523438 0.403646 0.522461 0.402344 0.513672 0.402344 0.512695 0.403646 0.510742 0.403646 0.509766 0.404948 0.508789 0.404948 0.507812 0.406250 0.506836 0.406250 0.505859 0.407552 0.504883 0.407552 0.500977 0.412760
0 0.486328 0.410156 0.483398 0.410156 0.481445 0.412760 0.481445 0.414062 0.476562 0.420573 0.476562 0.421875 0.474609 0.424479 0.474609 0.425781 0.470703 0.430990 0.470703 0.432292 0.469727 0.433594 0.469727 0.445312 0.472656 0.449219 0.473633 0.449219 0.474609 0.450521 0.475586 0.450521 0.478516 0.453125 0.485352 0.453125 0.486328 0.451823 0.490234 0.451823 0.491211 0.450521 0.494141 0.449219 0.496094 0.446615 0.496094 0.445312 0.500000 0.440104 0.500000 0.438802 0.500977 0.437500 0.500977 0.433594 0.501953 0.432292 0.501953 0.428385 0.500977 0.427083 0.500977 0.424479 0.496094 0.417969 0.496094 0.416667 0.495117 0.415365 0.494141 0.415365 0.493164 0.414062 0.492188 0.414062 0.489258 0.411458 0.487305 0.411458
0 0.469727 0.451823 0.468750 0.453125 0.466797 0.453125 0.465820 0.454427 0.462891 0.455729 0.459961 0.459635 0.459961 0.460938 0.458984 0.462240 0.458984 0.463542 0.458008 0.464844 0.458008 0.466146 0.456055 0.470052 0.456055 0.475260 0.457031 0.476562 0.457031 0.479167 0.458984 0.483073 0.458984 0.486979 0.462891 0.493490 0.463867 0.493490 0.466797 0.496094 0.473633 0.496094 0.475586 0.493490 0.476562 0.493490 0.477539 0.492188 0.478516 0.492188 0.479492 0.490885 0.482422 0.489583 0.484375 0.486979 0.485352 0.486979 0.486328 0.485677 0.486328 0.484375 0.487305 0.483073 0.487305 0.476562 0.486328 0.475260 0.486328 0.471354 0.485352 0.470052 0.485352 0.468750 0.483398 0.464844 0.483398 0.462240 0.482422 0.460938 0.482422 0.459635 0.479492 0.455729 0.478516 0.455729 0.477539 0.454427 0.474609 0.454427 0.473633 0.453125 0.471680 0.453125 0.470703 0.451823
0 0.497070 0.459635 0.492188 0.464844 0.492188 0.466146 0.490234 0.468750 0.490234 0.470052 0.489258 0.471354 0.489258 0.479167 0.490234 0.480469 0.490234 0.492188 0.491211 0.493490 0.491211 0.494792 0.495117 0.500000 0.496094 0.500000 0.498047 0.502604 0.500000 0.502604 0.500977 0.503906 0.503906 0.503906 0.504883 0.505208 0.507812 0.505208 0.509766 0.502604 0.509766 0.500000 0.511719 0.496094 0.511719 0.493490 0.512695 0.492188 0.512695 0.489583 0.513672 0.488281 0.513672 0.485677 0.514648 0.484375 0.514648 0.481771 0.515625 0.480469 0.515625 0.466146 0.513672 0.463542 0.511719 0.463542 0.510742 0.462240 0.509766 0.462240 0.508789 0.460938 0.506836 0.460938 0.505859 0.459635
0 0.525391 0.442708 0.524414 0.444010 0.524414 0.445312 0.523438 0.446615 0.522461 0.446615 0.520508 0.449219 0.520508 0.453125 0.519531 0.454427 0.519531 0.460938 0.518555 0.462240 0.518555 0.468750 0.519531 0.470052 0.519531 0.475260 0.522461 0.479167 0.523438 0.479167 0.524414 0.480469 0.526367 0.480469 0.527344 0.481771 0.534180 0.481771 0.537109 0.479167 0.544922 0.479167 0.546875 0.476562 0.546875 0.473958 0.547852 0.472656 0.547852 0.468750 0.548828 0.467448 0.548828 0.457031 0.547852 0.455729 0.547852 0.453125 0.545898 0.450521 0.545898 0.449219 0.543945 0.446615 0.537109 0.446615 0.535156 0.444010 0.534180 0.440104 0.531250 0.440104 0.528320 0.442708
0 0.551758 0.454427 0.550781 0.455729 0.551758 0.457031 0.551758 0.460938 0.550781 0.462240 0.550781 0.466146 0.549805 0.467448 0.549805 0.471354 0.548828 0.472656 0.548828 0.477865 0.549805 0.479167 0.549805 0.483073 0.550781 0.484375 0.550781 0.486979 0.555664 0.493490 0.564453 0.493490 0.564453 0.492188 0.569336 0.485677 0.571289 0.485677 0.574219 0.481771 0.574219 0.479167 0.575195 0.477865 0.575195 0.472656 0.576172 0.471354 0.575195 0.470052 0.575195 0.467448 0.566406 0.455729 0.561523 0.455729 0.560547 0.454427 0.557617 0.454427 0.556641 0.453125 0.555664 0.453125 0.554688 0.454427
0 0.555664 0.411458 0.551758 0.416667 0.551758 0.417969 0.549805 0.421875 0.549805 0.438802 0.551758 0.441406 0.555664 0.441406 0.556641 0.442708 0.558594 0.442708 0.559570 0.444010 0.561523 0.444010 0.562500 0.445312 0.566406 0.445312 0.567383 0.446615 0.570312 0.446615 0.571289 0.445312 0.573242 0.445312 0.578125 0.438802 0.578125 0.437500 0.579102 0.436198 0.579102 0.432292 0.580078 0.430990 0.580078 0.427083 0.579102 0.425781 0.579102 0.423177 0.578125 0.421875 0.578125 0.419271 0.576172 0.416667 0.576172 0.415365 0.575195 0.415365 0.570312 0.408854 0.569336 0.408854 0.568359 0.407552 0.561523 0.407552 0.560547 0.408854 0.559570 0.408854 0.558594 0.410156 0.557617 0.410156 0.556641 0.411458
0 0.547852 0.490885 0.546875 0.490885 0.545898 0.489583 0.538086 0.489583 0.537109 0.488281 0.533203 0.488281 0.532227 0.489583 0.526367 0.489583 0.525391 0.490885 0.524414 0.490885 0.516602 0.503906 0.516602 0.505208 0.515625 0.506510 0.515625 0.513021 0.520508 0.519531 0.520508 0.520833 0.521484 0.520833 0.524414 0.524740 0.527344 0.524740 0.528320 0.526042 0.532227 0.526042 0.533203 0.524740 0.534180 0.524740 0.535156 0.523438 0.536133 0.523438 0.537109 0.522135 0.538086 0.522135 0.539062 0.520833 0.541992 0.519531 0.545898 0.514323 0.546875 0.510417 0.548828 0.507812 0.548828 0.492188
0 0.567383 0.505208 0.566406 0.505208 0.564453 0.507812 0.563477 0.507812 0.562500 0.506510 0.561523 0.506510 0.559570 0.503906 0.558594 0.503906 0.557617 0.502604 0.556641 0.502604 0.553711 0.506510 0.552734 0.506510 0.551758 0.507812 0.551758 0.509115 0.545898 0.516927 0.545898 0.523438 0.546875 0.524740 0.546875 0.535156 0.547852 0.536458 0.547852 0.539062 0.551758 0.544271 0.553711 0.544271 0.554688 0.545573 0.558594 0.545573 0.559570 0.544271 0.562500 0.544271 0.565430 0.540365 0.566406 0.540365 0.571289 0.533854 0.571289 0.532552 0.573242 0.528646 0.573242 0.518229 0.572266 0.516927 0.572266 0.513021 0.571289 0.511719 0.571289 0.510417
0 0.488281 0.502604 0.488281 0.503906 0.487305 0.505208 0.487305 0.510417 0.486328 0.511719 0.486328 0.514323 0.485352 0.515625 0.485352 0.520833 0.486328 0.522135 0.486328 0.523438 0.489258 0.527344 0.490234 0.527344 0.491211 0.528646 0.500977 0.528646 0.501953 0.527344 0.510742 0.527344 0.511719 0.526042 0.513672 0.526042 0.514648 0.524740 0.514648 0.515625 0.513672 0.514323 0.513672 0.513021 0.512695 0.511719 0.512695 0.510417 0.511719 0.509115 0.510742 0.509115 0.509766 0.507812 0.508789 0.507812 0.507812 0.506510 0.503906 0.506510 0.502930 0.505208 0.500977 0.505208 0.500000 0.503906 0.498047 0.503906 0.497070 0.502604 0.496094 0.502604 0.495117 0.501302 0.489258 0.501302
0 0.474609 0.544271 0.471680 0.548177 0.471680 0.549479 0.469727 0.552083 0.469727 0.553385 0.468750 0.554688 0.468750 0.557292 0.467773 0.558594 0.467773 0.562500 0.466797 0.563802 0.466797 0.565104 0.467773 0.566406 0.467773 0.570312 0.469727 0.572917 0.469727 0.574219 0.470703 0.574219 0.471680 0.575521 0.488281 0.575521 0.489258 0.576823 0.493164 0.576823 0.494141 0.575521 0.494141 0.572917 0.496094 0.569010 0.496094 0.558594 0.497070 0.557292 0.497070 0.552083 0.497070 0.553385 0.495117 0.555990 0.493164 0.555990 0.491211 0.553385 0.491211 0.552083 0.487305 0.546875 0.483398 0.546875 0.482422 0.545573 0.479492 0.545573 0.478516 0.544271
0 0.490234 0.582031 0.489258 0.582031 0.488281 0.580729 0.486328 0.580729 0.485352 0.579427 0.482422 0.579427 0.481445 0.578125 0.480469 0.579427 0.475586 0.579427 0.472656 0.582031 0.470703 0.582031 0.469727 0.583333 0.468750 0.583333 0.468750 0.584635 0.466797 0.587240 0.466797 0.589844 0.465820 0.591146 0.465820 0.592448 0.464844 0.593750 0.464844 0.596354 0.462891 0.600260 0.462891 0.608073 0.463867 0.609375 0.463867 0.613281 0.464844 0.614583 0.464844 0.617188 0.465820 0.618490 0.465820 0.619792 0.468750 0.623698 0.469727 0.623698 0.470703 0.625000 0.482422 0.625000 0.483398 0.623698 0.484375 0.623698 0.485352 0.622396 0.488281 0.621094 0.491211 0.617188 0.492188 0.617188 0.493164 0.615885 0.493164 0.614583 0.494141 0.613281 0.494141 0.595052 0.493164 0.593750 0.493164 0.591146 0.492188 0.589844 0.492188 0.584635
0 0.453125 0.625000 0.453125 0.626302 0.451172 0.630208 0.451172 0.638021 0.453125 0.641927 0.453125 0.644531 0.454102 0.645833 0.454102 0.649740 0.458008 0.654948 0.461914 0.654948 0.462891 0.656250 0.466797 0.656250 0.467773 0.654948 0.469727 0.654948 0.471680 0.652344 0.472656 0.652344 0.474609 0.649740 0.477539 0.649740 0.478516 0.648438 0.479492 0.648438 0.479492 0.647135 0.480469 0.645833 0.480469 0.643229 0.481445 0.641927 0.481445 0.634115 0.480469 0.632812 0.480469 0.630208 0.478516 0.626302 0.458984 0.626302 0.456055 0.623698 0.454102 0.623698
0 0.501953 0.648438 0.500977 0.648438 0.500000 0.649740 0.500000 0.651042 0.498047 0.653646 0.496094 0.653646 0.495117 0.654948 0.493164 0.654948 0.492188 0.656250 0.491211 0.656250 0.491211 0.657552 0.490234 0.658854 0.486328 0.658854 0.484375 0.661458 0.484375 0.667969 0.486328 0.671875 0.486328 0.674479 0.487305 0.675781 0.487305 0.677083 0.492188 0.683594 0.492188 0.684896 0.494141 0.687500 0.495117 0.687500 0.498047 0.690104 0.502930 0.690104 0.503906 0.688802 0.504883 0.688802 0.504883 0.687500 0.510742 0.679688 0.510742 0.678385 0.511719 0.677083 0.511719 0.674479 0.512695 0.673177 0.511719 0.671875 0.511719 0.662760 0.510742 0.661458 0.510742 0.656250 0.509766 0.654948 0.509766 0.652344 0.508789 0.651042 0.503906 0.651042
0 0.503906 0.578125 0.502930 0.579427 0.501953 0.579427 0.501953 0.580729 0.500977 0.582031 0.500977 0.583333 0.500000 0.584635 0.500000 0.585938 0.499023 0.587240 0.499023 0.588542 0.497070 0.592448 0.497070 0.606771 0.496094 0.608073 0.496094 0.611979 0.497070 0.613281 0.497070 0.614583 0.498047 0.614583 0.500977 0.617188 0.507812 0.617188 0.508789 0.615885 0.510742 0.615885 0.511719 0.614583 0.513672 0.614583 0.514648 0.613281 0.515625 0.613281 0.518555 0.609375 0.518555 0.608073 0.520508 0.605469 0.520508 0.604167 0.523438 0.600260 0.523438 0.598958 0.524414 0.597656 0.524414 0.588542 0.522461 0.584635 0.521484 0.584635 0.519531 0.582031 0.518555 0.582031 0.517578 0.580729 0.515625 0.580729 0.514648 0.579427 0.510742 0.579427 0.509766 0.578125
0 0.532227 0.609375 0.530273 0.609375 0.529297 0.610677 0.528320 0.610677 0.527344 0.609375 0.521484 0.609375 0.520508 0.610677 0.519531 0.610677 0.518555 0.611979 0.517578 0.611979 0.515625 0.614583 0.514648 0.614583 0.513672 0.615885 0.511719 0.615885 0.509766 0.618490 0.508789 0.618490 0.506836 0.621094 0.506836 0.622396 0.505859 0.623698 0.505859 0.625000 0.502930 0.628906 0.502930 0.632812 0.503906 0.634115 0.503906 0.635417 0.509766 0.643229 0.510742 0.643229 0.511719 0.644531 0.514648 0.644531 0.515625 0.645833 0.524414 0.645833 0.525391 0.644531 0.526367 0.644531 0.526367 0.643229 0.530273 0.638021 0.530273 0.636719 0.532227 0.632812 0.532227 0.630208 0.533203 0.628906 0.533203 0.626302 0.535156 0.622396 0.535156 0.621094 0.534180 0.619792 0.534180 0.614583 0.533203 0.613281 0.533203 0.610677
0 0.517578 0.652344 0.516602 0.653646 0.516602 0.654948 0.514648 0.658854 0.514648 0.661458 0.513672 0.662760 0.513672 0.675781 0.514648 0.677083 0.514648 0.679688 0.517578 0.683594 0.517578 0.684896 0.520508 0.688802 0.524414 0.688802 0.525391 0.690104 0.526367 0.688802 0.534180 0.688802 0.535156 0.687500 0.537109 0.687500 0.539062 0.684896 0.539062 0.682292 0.540039 0.680990 0.540039 0.678385 0.541016 0.677083 0.541016 0.675781 0.542969 0.671875 0.542969 0.669271 0.541016 0.666667 0.541016 0.665365 0.533203 0.654948 0.533203 0.653646 0.532227 0.652344 0.532227 0.651042 0.519531 0.651042 0.518555 0.652344
0 0.546875 0.625000 0.543945 0.627604 0.541016 0.627604 0.540039 0.628906 0.540039 0.630208 0.535156 0.636719 0.535156 0.639323 0.534180 0.640625 0.534180 0.653646 0.535156 0.654948 0.535156 0.656250 0.543945 0.667969 0.543945 0.670573 0.544922 0.671875 0.553711 0.671875 0.556641 0.669271 0.558594 0.669271 0.560547 0.666667 0.560547 0.664062 0.561523 0.662760 0.561523 0.660156 0.562500 0.658854 0.562500 0.654948 0.563477 0.653646 0.563477 0.643229 0.562500 0.641927 0.562500 0.636719 0.560547 0.634115 0.559570 0.634115 0.553711 0.626302 0.552734 0.626302 0.551758 0.625000
0 0.561523 0.671875 0.556641 0.671875 0.555664 0.673177 0.543945 0.673177 0.541992 0.675781 0.541992 0.677083 0.541016 0.678385 0.541016 0.680990 0.540039 0.682292 0.540039 0.683594 0.539062 0.684896 0.539062 0.687500 0.538086 0.688802 0.538086 0.692708 0.541016 0.696615 0.541016 0.697917 0.547852 0.707031 0.551758 0.707031 0.552734 0.705729 0.554688 0.705729 0.555664 0.704427 0.556641 0.704427 0.558594 0.701823 0.559570 0.701823 0.563477 0.696615 0.563477 0.694010 0.564453 0.692708 0.564453 0.690104 0.565430 0.688802 0.564453 0.687500 0.564453 0.680990 0.563477 0.679688 0.563477 0.674479
0 0.580078 0.638021 0.579102 0.638021 0.578125 0.639323 0.570312 0.639323 0.567383 0.641927 0.565430 0.641927 0.565430 0.648438 0.564453 0.649740 0.564453 0.654948 0.563477 0.656250 0.563477 0.665365 0.562500 0.666667 0.562500 0.669271 0.563477 0.670573 0.563477 0.673177 0.564453 0.674479 0.564453 0.677083 0.565430 0.678385 0.565430 0.679688 0.568359 0.682292 0.576172 0.682292 0.577148 0.680990 0.578125 0.680990 0.579102 0.679688 0.579102 0.678385 0.582031 0.674479 0.582031 0.673177 0.585938 0.667969 0.585938 0.665365 0.586914 0.664062 0.586914 0.649740 0.585938 0.648438 0.585938 0.647135 0.584961 0.645833 0.584961 0.644531
0 0.560547 0.584635 0.556641 0.589844 0.556641 0.592448 0.555664 0.593750 0.555664 0.598958 0.554688 0.600260 0.554688 0.605469 0.553711 0.606771 0.553711 0.611979 0.554688 0.613281 0.554688 0.617188 0.555664 0.618490 0.555664 0.621094 0.556641 0.622396 0.556641 0.626302 0.558594 0.628906 0.558594 0.630208 0.559570 0.631510 0.560547 0.631510 0.561523 0.632812 0.565430 0.632812 0.566406 0.631510 0.570312 0.631510 0.571289 0.630208 0.573242 0.630208 0.574219 0.628906 0.575195 0.628906 0.577148 0.626302 0.577148 0.622396 0.578125 0.621094 0.578125 0.619792 0.580078 0.615885 0.580078 0.613281 0.581055 0.611979 0.581055 0.593750 0.580078 0.592448 0.580078 0.591146 0.578125 0.588542 0.577148 0.588542 0.576172 0.587240 0.574219 0.587240 0.573242 0.585938 0.572266 0.585938 0.572266 0.589844 0.571289 0.591146 0.569336 0.588542 0.566406 0.588542 0.565430 0.587240 0.563477 0.587240
0 0.518555 0.532552 0.513672 0.539062 0.510742 0.539062 0.509766 0.540365 0.509766 0.542969 0.508789 0.544271 0.508789 0.549479 0.507812 0.550781 0.507812 0.553385 0.506836 0.554688 0.506836 0.561198 0.507812 0.562500 0.507812 0.566406 0.508789 0.567708 0.508789 0.570312 0.513672 0.576823 0.514648 0.576823 0.515625 0.578125 0.516602 0.578125 0.517578 0.579427 0.518555 0.579427 0.523438 0.583333 0.527344 0.583333 0.528320 0.584635 0.529297 0.584635 0.535156 0.576823 0.535156 0.575521 0.537109 0.571615 0.537109 0.569010 0.538086 0.567708 0.538086 0.565104 0.539062 0.563802 0.539062 0.553385 0.538086 0.552083 0.538086 0.550781 0.537109 0.549479 0.536133 0.545573 0.532227 0.539062 0.531250 0.539062 0.530273 0.537760 0.527344 0.536458 0.525391 0.532552
0 0.547852 0.548177 0.546875 0.549479 0.540039 0.549479 0.540039 0.562500 0.539062 0.563802 0.539062 0.566406 0.537109 0.570312 0.537109 0.572917 0.536133 0.574219 0.536133 0.575521 0.529297 0.584635 0.529297 0.585938 0.531250 0.588542 0.532227 0.588542 0.535156 0.591146 0.540039 0.591146 0.541016 0.589844 0.541992 0.589844 0.543945 0.587240 0.543945 0.585938 0.552734 0.574219 0.552734 0.572917 0.553711 0.571615 0.553711 0.570312 0.555664 0.566406 0.555664 0.557292 0.554688 0.555990 0.554688 0.554688 0.551758 0.550781 0.550781 0.550781
0 0.489258 0.684896 0.488281 0.686198 0.486328 0.686198 0.485352 0.687500 0.482422 0.687500 0.481445 0.688802 0.480469 0.688802 0.479492 0.687500 0.477539 0.687500 0.476562 0.688802 0.473633 0.688802 0.472656 0.687500 0.470703 0.687500 0.469727 0.688802 0.469727 0.690104 0.468750 0.691406 0.468750 0.694010 0.467773 0.695312 0.467773 0.699219 0.466797 0.700521 0.466797 0.708333 0.467773 0.709635 0.467773 0.712240 0.468750 0.713542 0.468750 0.714844 0.470703 0.717448 0.470703 0.718750 0.472656 0.721354 0.474609 0.721354 0.475586 0.722656 0.479492 0.722656 0.480469 0.723958 0.486328 0.723958 0.488281 0.721354 0.488281 0.720052 0.490234 0.717448 0.490234 0.716146 0.491211 0.714844 0.491211 0.713542 0.492188 0.712240 0.492188 0.710938 0.493164 0.709635 0.493164 0.708333 0.495117 0.704427 0.495117 0.700521 0.496094 0.699219 0.495117 0.697917 0.495117 0.695312 0.494141 0.694010 0.494141 0.692708 0.493164 0.691406 0.493164 0.690104
0 0.473633 0.726562 0.472656 0.727865 0.471680 0.727865 0.463867 0.738281 0.463867 0.739583 0.461914 0.743490 0.461914 0.748698 0.462891 0.750000 0.462891 0.751302 0.464844 0.753906 0.466797 0.753906 0.467773 0.755208 0.469727 0.755208 0.470703 0.756510 0.471680 0.756510 0.472656 0.757812 0.473633 0.757812 0.476562 0.760417 0.478516 0.760417 0.479492 0.761719 0.483398 0.761719 0.484375 0.760417 0.485352 0.760417 0.485352 0.759115 0.488281 0.755208 0.488281 0.753906 0.491211 0.750000 0.491211 0.748698 0.492188 0.747396 0.492188 0.739583 0.490234 0.736979 0.490234 0.735677 0.488281 0.733073 0.488281 0.731771 0.487305 0.730469 0.487305 0.729167 0.485352 0.726562
0 0.482422 0.773438 0.482422 0.776042 0.481445 0.777344 0.481445 0.800781 0.482422 0.802083 0.482422 0.803385 0.483398 0.803385 0.486328 0.805990 0.488281 0.805990 0.489258 0.807292 0.497070 0.807292 0.500000 0.804688 0.502930 0.804688 0.503906 0.803385 0.505859 0.803385 0.508789 0.799479 0.509766 0.799479 0.510742 0.798177 0.510742 0.796875 0.512695 0.794271 0.512695 0.774740 0.511719 0.774740 0.510742 0.773438 0.508789 0.773438 0.507812 0.774740 0.506836 0.774740 0.506836 0.776042 0.504883 0.778646 0.503906 0.777344 0.503906 0.776042 0.501953 0.773438 0.499023 0.777344 0.495117 0.777344 0.492188 0.779948 0.490234 0.779948 0.489258 0.781250 0.488281 0.781250 0.487305 0.779948 0.484375 0.779948 0.483398 0.778646 0.483398 0.774740 0.484375 0.773438 0.485352 0.773438
0 0.540039 0.779948 0.535156 0.785156 0.535156 0.787760 0.534180 0.789062 0.534180 0.816406 0.540039 0.816406 0.541016 0.817708 0.542969 0.817708 0.545898 0.821615 0.545898 0.822917 0.546875 0.824219 0.546875 0.826823 0.544922 0.829427 0.550781 0.829427 0.551758 0.830729 0.552734 0.830729 0.553711 0.829427 0.557617 0.829427 0.557617 0.828125 0.558594 0.826823 0.558594 0.821615 0.557617 0.820312 0.557617 0.813802 0.558594 0.812500 0.558594 0.803385 0.557617 0.802083 0.557617 0.790365 0.555664 0.787760 0.554688 0.787760 0.551758 0.783854 0.550781 0.783854 0.548828 0.781250 0.547852 0.781250 0.544922 0.778646 0.543945 0.778646 0.542969 0.779948
0 0.554688 0.755208 0.553711 0.756510 0.551758 0.756510 0.550781 0.757812 0.549805 0.757812 0.548828 0.759115 0.547852 0.759115 0.545898 0.761719 0.545898 0.763021 0.544922 0.764323 0.544922 0.765625 0.543945 0.766927 0.543945 0.768229 0.544922 0.769531 0.544922 0.772135 0.545898 0.773438 0.545898 0.776042 0.547852 0.778646 0.547852 0.779948 0.548828 0.779948 0.550781 0.782552 0.551758 0.782552 0.553711 0.785156 0.554688 0.785156 0.556641 0.787760 0.560547 0.787760 0.561523 0.786458 0.562500 0.786458 0.563477 0.785156 0.564453 0.785156 0.565430 0.783854 0.566406 0.783854 0.570312 0.778646 0.570312 0.777344 0.571289 0.776042 0.571289 0.774740 0.572266 0.773438 0.572266 0.772135 0.573242 0.770833 0.573242 0.764323 0.572266 0.764323 0.571289 0.763021 0.570312 0.763021 0.569336 0.761719 0.567383 0.761719 0.566406 0.760417 0.564453 0.760417 0.563477 0.759115 0.560547 0.759115 0.557617 0.755208
0 0.517578 0.722656 0.516602 0.722656 0.515625 0.723958 0.512695 0.723958 0.511719 0.725260 0.509766 0.725260 0.508789 0.726562 0.504883 0.726562 0.502930 0.723958 0.500000 0.723958 0.499023 0.725260 0.497070 0.725260 0.497070 0.727865 0.496094 0.729167 0.496094 0.738281 0.497070 0.739583 0.497070 0.742188 0.508789 0.757812 0.514648 0.757812 0.515625 0.756510 0.516602 0.756510 0.521484 0.750000 0.521484 0.747396 0.522461 0.746094 0.522461 0.743490 0.523438 0.742188 0.523438 0.733073 0.522461 0.731771 0.522461 0.729167 0.521484 0.727865 0.521484 0.726562 0.519531 0.723958 0.518555 0.723958
0 0.517578 0.757812 0.517578 0.764323 0.518555 0.765625 0.518555 0.768229 0.519531 0.768229 0.520508 0.769531 0.537109 0.769531 0.538086 0.768229 0.540039 0.768229 0.541016 0.766927 0.541992 0.766927 0.541992 0.765625 0.542969 0.764323 0.542969 0.760417 0.543945 0.759115 0.543945 0.744792 0.542969 0.743490 0.538086 0.743490 0.537109 0.744792 0.535156 0.744792 0.534180 0.743490 0.529297 0.743490 0.528320 0.742188 0.525391 0.742188 0.523438 0.744792 0.523438 0.746094 0.522461 0.747396 0.522461 0.748698 0.521484 0.750000 0.521484 0.751302 0.520508 0.752604 0.520508 0.753906
0 0.530273 0.703125 0.526367 0.708333 0.523438 0.708333 0.521484 0.710938 0.521484 0.723958 0.523438 0.726562 0.523438 0.727865 0.524414 0.729167 0.524414 0.733073 0.525391 0.734375 0.525391 0.739583 0.526367 0.740885 0.528320 0.740885 0.529297 0.742188 0.531250 0.742188 0.532227 0.743490 0.539062 0.743490 0.540039 0.742188 0.541992 0.742188 0.541992 0.740885 0.542969 0.739583 0.542969 0.735677 0.543945 0.734375 0.543945 0.730469 0.547852 0.725260 0.547852 0.723958 0.548828 0.722656 0.548828 0.714844 0.547852 0.713542 0.547852 0.709635 0.544922 0.705729 0.543945 0.705729 0.541016 0.703125
0 0.586914 0.708333 0.581055 0.708333 0.580078 0.709635 0.577148 0.709635 0.576172 0.710938 0.573242 0.710938 0.572266 0.709635 0.563477 0.709635 0.561523 0.712240 0.561523 0.713542 0.560547 0.714844 0.560547 0.718750 0.561523 0.720052 0.561523 0.722656 0.562500 0.723958 0.562500 0.725260 0.563477 0.726562 0.564453 0.730469 0.568359 0.736979 0.569336 0.740885 0.572266 0.744792 0.574219 0.744792 0.575195 0.746094 0.577148 0.746094 0.578125 0.744792 0.580078 0.744792 0.581055 0.743490 0.582031 0.743490 0.584961 0.739583 0.586914 0.739583 0.587891 0.738281 0.588867 0.738281 0.590820 0.735677 0.590820 0.734375 0.591797 0.733073 0.591797 0.729167 0.592773 0.727865 0.592773 0.726562 0.591797 0.725260 0.591797 0.723958 0.590820 0.722656 0.590820 0.721354 0.589844 0.720052 0.589844 0.718750 0.587891 0.714844 0.587891 0.709635
0 0.599609 0.727865 0.598633 0.726562 0.595703 0.726562 0.594727 0.725260 0.591797 0.725260 0.590820 0.726562 0.591797 0.727865 0.591797 0.733073 0.590820 0.734375 0.590820 0.735677 0.588867 0.738281 0.587891 0.738281 0.586914 0.739583 0.585938 0.739583 0.584961 0.740885 0.583984 0.740885 0.582031 0.743490 0.581055 0.743490 0.580078 0.744792 0.579102 0.744792 0.578125 0.746094 0.577148 0.746094 0.577148 0.747396 0.578125 0.748698 0.578125 0.750000 0.579102 0.751302 0.585938 0.751302 0.586914 0.750000 0.595703 0.750000 0.597656 0.747396 0.597656 0.746094 0.598633 0.744792 0.598633 0.743490 0.599609 0.742188
0 0.618164 0.730469 0.614258 0.730469 0.613281 0.731771 0.611328 0.731771 0.610352 0.733073 0.609375 0.733073 0.608398 0.734375 0.607422 0.734375 0.606445 0.735677 0.602539 0.735677 0.599609 0.739583 0.599609 0.740885 0.598633 0.742188 0.598633 0.743490 0.597656 0.744792 0.597656 0.747396 0.596680 0.748698 0.596680 0.755208 0.597656 0.756510 0.597656 0.757812 0.598633 0.759115 0.598633 0.760417 0.599609 0.761719 0.599609 0.763021 0.600586 0.764323 0.601562 0.764323 0.602539 0.765625 0.606445 0.765625 0.607422 0.764323 0.612305 0.764323 0.614258 0.761719 0.615234 0.761719 0.619141 0.756510 0.619141 0.755208 0.620117 0.753906 0.620117 0.751302 0.621094 0.750000 0.621094 0.746094 0.620117 0.744792 0.620117 0.736979 0.619141 0.735677 0.619141 0.733073 0.618164 0.731771
0 0.599609 0.766927 0.598633 0.765625 0.596680 0.765625 0.595703 0.764323 0.595703 0.761719 0.594727 0.763021 0.595703 0.764323 0.595703 0.765625 0.596680 0.766927 0.596680 0.768229 0.593750 0.772135 0.592773 0.772135 0.591797 0.773438 0.589844 0.773438 0.588867 0.772135 0.587891 0.772135 0.584961 0.769531 0.583008 0.769531 0.582031 0.770833 0.578125 0.770833 0.577148 0.772135 0.576172 0.772135 0.572266 0.777344 0.572266 0.779948 0.571289 0.781250 0.571289 0.783854 0.572266 0.785156 0.572266 0.787760 0.573242 0.789062 0.573242 0.790365 0.574219 0.791667 0.578125 0.791667 0.579102 0.792969 0.586914 0.792969 0.587891 0.791667 0.590820 0.791667 0.591797 0.790365 0.593750 0.790365 0.594727 0.789062 0.600586 0.789062 0.600586 0.787760 0.601562 0.786458 0.601562 0.781250 0.600586 0.779948 0.600586 0.773438 0.599609 0.772135
0 0.570312 0.781250 0.568359 0.781250 0.565430 0.785156 0.564453 0.785156 0.563477 0.786458 0.562500 0.786458 0.561523 0.787760 0.559570 0.787760 0.558594 0.789062 0.557617 0.789062 0.557617 0.794271 0.558594 0.795573 0.558594 0.800781 0.560547 0.803385 0.561523 0.803385 0.562500 0.802083 0.568359 0.802083 0.569336 0.800781 0.570312 0.800781 0.572266 0.798177 0.573242 0.798177 0.575195 0.795573 0.575195 0.794271 0.572266 0.790365 0.572266 0.786458 0.571289 0.785156 0.571289 0.782552
0 0.663086 0.727865 0.658203 0.727865 0.657227 0.729167 0.655273 0.729167 0.654297 0.730469 0.653320 0.730469 0.651367 0.733073 0.650391 0.733073 0.645508 0.739583 0.645508 0.740885 0.644531 0.742188 0.644531 0.752604 0.645508 0.753906 0.645508 0.756510 0.646484 0.757812 0.646484 0.759115 0.648438 0.761719 0.648438 0.763021 0.649414 0.764323 0.649414 0.765625 0.653320 0.770833 0.654297 0.770833 0.657227 0.773438 0.658203 0.773438 0.659180 0.772135 0.661133 0.772135 0.662109 0.770833 0.663086 0.770833 0.664062 0.769531 0.665039 0.769531 0.667969 0.765625 0.667969 0.764323 0.668945 0.763021 0.668945 0.756510 0.669922 0.755208 0.669922 0.736979 0.668945 0.735677 0.668945 0.733073 0.666016 0.729167 0.664062 0.729167
0 0.642578 0.699219 0.641602 0.699219 0.640625 0.700521 0.640625 0.701823 0.638672 0.704427 0.637695 0.704427 0.636719 0.705729 0.634766 0.705729 0.633789 0.707031 0.632812 0.707031 0.629883 0.710938 0.628906 0.710938 0.628906 0.713542 0.627930 0.714844 0.627930 0.721354 0.628906 0.722656 0.628906 0.725260 0.629883 0.726562 0.629883 0.729167 0.630859 0.730469 0.630859 0.731771 0.634766 0.736979 0.643555 0.736979 0.644531 0.735677 0.646484 0.735677 0.649414 0.731771 0.650391 0.731771 0.650391 0.730469 0.654297 0.725260 0.654297 0.723958 0.656250 0.721354 0.656250 0.716146 0.648438 0.705729 0.647461 0.705729 0.646484 0.704427 0.646484 0.703125 0.644531 0.700521 0.643555 0.700521
0 0.603516 0.678385 0.602539 0.678385 0.601562 0.679688 0.596680 0.679688 0.595703 0.680990 0.591797 0.680990 0.586914 0.687500 0.586914 0.701823 0.587891 0.703125 0.588867 0.707031 0.590820 0.709635 0.590820 0.710938 0.591797 0.712240 0.591797 0.717448 0.592773 0.718750 0.592773 0.721354 0.594727 0.723958 0.596680 0.723958 0.597656 0.725260 0.599609 0.725260 0.600586 0.723958 0.602539 0.723958 0.603516 0.722656 0.604492 0.722656 0.606445 0.720052 0.607422 0.720052 0.609375 0.717448 0.609375 0.714844 0.610352 0.713542 0.610352 0.704427 0.611328 0.703125 0.611328 0.684896 0.610352 0.683594 0.610352 0.682292 0.608398 0.682292 0.607422 0.680990 0.605469 0.680990
0 0.614258 0.691406 0.613281 0.692708 0.613281 0.696615 0.612305 0.697917 0.612305 0.704427 0.611328 0.705729 0.611328 0.710938 0.610352 0.712240 0.610352 0.716146 0.609375 0.717448 0.609375 0.718750 0.608398 0.720052 0.608398 0.721354 0.610352 0.721354 0.611328 0.722656 0.617188 0.722656 0.618164 0.723958 0.619141 0.723958 0.622070 0.720052 0.623047 0.720052 0.625977 0.716146 0.625977 0.707031 0.625000 0.705729 0.625000 0.697917 0.624023 0.696615 0.624023 0.695312 0.623047 0.694010 0.623047 0.692708 0.621094 0.692708 0.620117 0.694010 0.618164 0.694010 0.616211 0.691406
0 0.657227 0.678385 0.652344 0.684896 0.652344 0.686198 0.650391 0.688802 0.650391 0.696615 0.651367 0.697917 0.651367 0.701823 0.652344 0.703125 0.652344 0.705729 0.653320 0.707031 0.653320 0.708333 0.657227 0.713542 0.659180 0.713542 0.660156 0.712240 0.670898 0.712240 0.671875 0.710938 0.672852 0.710938 0.673828 0.709635 0.673828 0.708333 0.676758 0.704427 0.676758 0.703125 0.679688 0.699219 0.679688 0.697917 0.680664 0.696615 0.680664 0.695312 0.676758 0.690104 0.674805 0.690104 0.673828 0.688802 0.672852 0.688802 0.671875 0.687500 0.669922 0.687500 0.667969 0.684896 0.666992 0.684896 0.661133 0.677083 0.660156 0.678385
0 0.649414 0.653646 0.648438 0.653646 0.647461 0.652344 0.643555 0.652344 0.642578 0.653646 0.641602 0.653646 0.639648 0.656250 0.637695 0.656250 0.636719 0.657552 0.635742 0.657552 0.634766 0.658854 0.633789 0.658854 0.632812 0.660156 0.631836 0.660156 0.630859 0.661458 0.629883 0.661458 0.627930 0.664062 0.627930 0.665365 0.626953 0.666667 0.626953 0.667969 0.625977 0.669271 0.625977 0.671875 0.625000 0.673177 0.625000 0.674479 0.626953 0.677083 0.627930 0.677083 0.629883 0.679688 0.629883 0.680990 0.630859 0.682292 0.631836 0.682292 0.632812 0.683594 0.635742 0.683594 0.636719 0.684896 0.641602 0.684896 0.642578 0.683594 0.645508 0.683594 0.649414 0.678385 0.649414 0.677083 0.651367 0.674479 0.651367 0.673177 0.654297 0.669271 0.654297 0.665365 0.653320 0.664062 0.653320 0.662760 0.652344 0.661458 0.652344 0.660156 0.651367 0.658854 0.651367 0.657552 0.650391 0.656250 0.650391 0.654948
0 0.591797 0.645833 0.590820 0.647135 0.590820 0.648438 0.589844 0.649740 0.589844 0.651042 0.588867 0.652344 0.588867 0.654948 0.587891 0.656250 0.587891 0.669271 0.590820 0.673177 0.590820 0.674479 0.591797 0.674479 0.592773 0.675781 0.593750 0.675781 0.594727 0.677083 0.601562 0.677083 0.602539 0.675781 0.610352 0.675781 0.612305 0.673177 0.612305 0.670573 0.613281 0.669271 0.613281 0.666667 0.614258 0.665365 0.614258 0.661458 0.615234 0.660156 0.615234 0.652344 0.613281 0.649740 0.612305 0.649740 0.611328 0.648438 0.603516 0.648438 0.602539 0.647135 0.597656 0.647135 0.596680 0.645833
0 0.592773 0.622396 0.592773 0.634115 0.593750 0.635417 0.593750 0.638021 0.594727 0.639323 0.594727 0.641927 0.597656 0.645833 0.603516 0.645833 0.604492 0.647135 0.608398 0.647135 0.609375 0.645833 0.612305 0.645833 0.613281 0.647135 0.615234 0.647135 0.616211 0.645833 0.617188 0.645833 0.618164 0.644531 0.619141 0.644531 0.621094 0.641927 0.621094 0.639323 0.622070 0.638021 0.622070 0.636719 0.621094 0.635417 0.621094 0.630208 0.620117 0.628906 0.620117 0.627604 0.619141 0.626302 0.619141 0.625000 0.616211 0.621094 0.616211 0.619792 0.614258 0.617188 0.613281 0.617188 0.612305 0.618490 0.610352 0.618490 0.607422 0.615885 0.602539 0.615885 0.599609 0.619792 0.596680 0.619792 0.595703 0.621094 0.593750 0.621094
0 0.642578 0.630208 0.641602 0.630208 0.640625 0.631510 0.633789 0.631510 0.632812 0.630208 0.631836 0.630208 0.630859 0.628906 0.629883 0.628906 0.628906 0.627604 0.627930 0.627604 0.626953 0.626302 0.625000 0.626302 0.623047 0.628906 0.623047 0.630208 0.622070 0.631510 0.622070 0.641927 0.619141 0.645833 0.619141 0.647135 0.618164 0.648438 0.618164 0.653646 0.620117 0.656250 0.621094 0.656250 0.622070 0.657552 0.623047 0.657552 0.624023 0.658854 0.625000 0.658854 0.626953 0.661458 0.627930 0.660156 0.630859 0.660156 0.631836 0.658854 0.632812 0.658854 0.633789 0.657552 0.635742 0.657552 0.636719 0.656250 0.638672 0.656250 0.640625 0.653646 0.640625 0.651042 0.641602 0.649740 0.641602 0.648438 0.642578 0.647135 0.642578 0.644531 0.643555 0.643229 0.643555 0.632812 0.642578 0.631510
0 0.646484 0.597656 0.645508 0.596354 0.643555 0.596354 0.642578 0.595052 0.640625 0.597656 0.638672 0.597656 0.637695 0.598958 0.630859 0.598958 0.628906 0.601562 0.627930 0.601562 0.622070 0.609375 0.621094 0.609375 0.620117 0.610677 0.620117 0.614583 0.621094 0.615885 0.621094 0.619792 0.622070 0.621094 0.622070 0.623698 0.623047 0.625000 0.625977 0.625000 0.628906 0.627604 0.630859 0.627604 0.632812 0.630208 0.633789 0.630208 0.634766 0.631510 0.635742 0.630208 0.640625 0.630208 0.641602 0.628906 0.642578 0.628906 0.646484 0.623698 0.646484 0.619792 0.647461 0.618490 0.647461 0.614583 0.649414 0.610677 0.649414 0.606771 0.648438 0.605469 0.648438 0.604167 0.646484 0.600260
0 0.650391 0.639323 0.650391 0.641927 0.649414 0.643229 0.649414 0.647135 0.651367 0.649740 0.651367 0.651042 0.652344 0.652344 0.652344 0.657552 0.653320 0.658854 0.653320 0.660156 0.654297 0.661458 0.655273 0.665365 0.661133 0.673177 0.663086 0.673177 0.664062 0.671875 0.666016 0.671875 0.666992 0.670573 0.668945 0.670573 0.669922 0.669271 0.673828 0.669271 0.674805 0.667969 0.675781 0.667969 0.678711 0.664062 0.679688 0.664062 0.679688 0.647135 0.678711 0.645833 0.677734 0.641927 0.673828 0.635417 0.671875 0.635417 0.668945 0.639323 0.666992 0.639323 0.666992 0.641927 0.665039 0.644531 0.660156 0.644531 0.659180 0.643229 0.658203 0.643229 0.657227 0.641927 0.658203 0.640625 0.658203 0.638021 0.656250 0.635417 0.653320 0.635417
0 0.665039 0.674479 0.666016 0.675781 0.666016 0.678385 0.666992 0.678385 0.670898 0.683594 0.673828 0.683594 0.675781 0.686198 0.676758 0.686198 0.677734 0.687500 0.678711 0.687500 0.680664 0.690104 0.692383 0.690104 0.693359 0.688802 0.698242 0.688802 0.698242 0.677083 0.697266 0.675781 0.697266 0.674479 0.695312 0.671875 0.695312 0.670573 0.693359 0.667969 0.693359 0.665365 0.692383 0.664062 0.692383 0.661458 0.691406 0.660156 0.691406 0.658854 0.689453 0.656250 0.686523 0.656250 0.685547 0.654948 0.683594 0.654948 0.682617 0.656250 0.681641 0.656250 0.680664 0.657552 0.680664 0.660156 0.681641 0.661458 0.681641 0.664062 0.678711 0.667969 0.677734 0.667969 0.674805 0.670573 0.672852 0.670573 0.669922 0.673177 0.666016 0.673177
0 0.580078 0.529948 0.579102 0.531250 0.578125 0.531250 0.577148 0.532552 0.576172 0.532552 0.573242 0.536458 0.572266 0.536458 0.571289 0.537760 0.570312 0.537760 0.565430 0.544271 0.565430 0.546875 0.564453 0.548177 0.565430 0.549479 0.565430 0.552083 0.566406 0.553385 0.566406 0.554688 0.567383 0.555990 0.568359 0.555990 0.570312 0.558594 0.571289 0.558594 0.572266 0.559896 0.572266 0.561198 0.574219 0.563802 0.575195 0.563802 0.576172 0.565104 0.577148 0.565104 0.580078 0.567708 0.582031 0.567708 0.583008 0.569010 0.583984 0.567708 0.585938 0.567708 0.586914 0.566406 0.587891 0.566406 0.590820 0.562500 0.591797 0.562500 0.593750 0.559896 0.593750 0.557292 0.594727 0.555990 0.594727 0.553385 0.595703 0.552083 0.595703 0.545573 0.594727 0.544271 0.594727 0.542969 0.591797 0.539062 0.591797 0.537760 0.589844 0.535156 0.589844 0.533854 0.587891 0.531250 0.581055 0.531250
0 0.609375 0.536458 0.606445 0.536458 0.605469 0.537760 0.603516 0.537760 0.602539 0.539062 0.601562 0.539062 0.600586 0.540365 0.600586 0.541667 0.598633 0.544271 0.597656 0.544271 0.597656 0.545573 0.596680 0.546875 0.596680 0.555990 0.595703 0.557292 0.595703 0.559896 0.596680 0.561198 0.596680 0.563802 0.602539 0.571615 0.602539 0.572917 0.605469 0.575521 0.607422 0.575521 0.609375 0.572917 0.610352 0.572917 0.611328 0.571615 0.612305 0.571615 0.613281 0.570312 0.614258 0.570312 0.615234 0.569010 0.616211 0.569010 0.618164 0.566406 0.619141 0.566406 0.623047 0.561198 0.623047 0.559896 0.624023 0.558594 0.624023 0.554688 0.623047 0.553385 0.623047 0.550781 0.621094 0.548177 0.621094 0.546875 0.620117 0.545573 0.620117 0.544271 0.617188 0.540365 0.616211 0.540365 0.615234 0.539062 0.612305 0.539062
0 0.575195 0.501302 0.575195 0.509115 0.574219 0.510417 0.574219 0.518229 0.575195 0.519531 0.575195 0.527344 0.576172 0.528646 0.586914 0.528646 0.588867 0.531250 0.589844 0.531250 0.590820 0.532552 0.595703 0.532552 0.599609 0.527344 0.600586 0.527344 0.602539 0.524740 0.602539 0.522135 0.603516 0.520833 0.603516 0.510417 0.602539 0.509115 0.602539 0.506510 0.600586 0.503906 0.600586 0.502604 0.598633 0.500000 0.596680 0.502604 0.578125 0.502604 0.576172 0.500000
0 0.618164 0.500000 0.615234 0.503906 0.614258 0.503906 0.612305 0.506510 0.612305 0.507812 0.610352 0.510417 0.610352 0.511719 0.609375 0.513021 0.609375 0.527344 0.610352 0.528646 0.610352 0.529948 0.612305 0.532552 0.612305 0.533854 0.615234 0.537760 0.616211 0.537760 0.617188 0.539062 0.622070 0.539062 0.623047 0.537760 0.629883 0.537760 0.630859 0.536458 0.631836 0.536458 0.632812 0.535156 0.633789 0.535156 0.635742 0.532552 0.635742 0.531250 0.636719 0.529948 0.636719 0.527344 0.639648 0.523438 0.639648 0.518229 0.638672 0.516927 0.638672 0.515625 0.637695 0.514323 0.637695 0.513021 0.633789 0.507812 0.633789 0.506510 0.632812 0.505208 0.632812 0.503906 0.629883 0.500000
0 0.650391 0.531250 0.643555 0.531250 0.642578 0.532552 0.640625 0.532552 0.639648 0.533854 0.638672 0.533854 0.635742 0.536458 0.633789 0.536458 0.630859 0.540365 0.630859 0.552083 0.631836 0.553385 0.631836 0.559896 0.633789 0.563802 0.637695 0.563802 0.638672 0.565104 0.645508 0.565104 0.646484 0.563802 0.649414 0.563802 0.650391 0.562500 0.651367 0.562500 0.652344 0.561198 0.653320 0.561198 0.656250 0.558594 0.656250 0.557292 0.657227 0.555990 0.657227 0.550781 0.658203 0.549479 0.658203 0.548177 0.657227 0.546875 0.657227 0.544271 0.655273 0.541667 0.655273 0.540365 0.653320 0.537760 0.653320 0.536458 0.652344 0.535156 0.652344 0.533854
0 0.654297 0.518229 0.654297 0.519531 0.652344 0.523438 0.653320 0.524740 0.653320 0.531250 0.654297 0.532552 0.654297 0.536458 0.655273 0.537760 0.655273 0.539062 0.660156 0.545573 0.662109 0.545573 0.663086 0.546875 0.664062 0.546875 0.665039 0.548177 0.666016 0.548177 0.668945 0.550781 0.675781 0.550781 0.676758 0.549479 0.679688 0.549479 0.680664 0.548177 0.681641 0.548177 0.683594 0.545573 0.683594 0.532552 0.682617 0.531250 0.682617 0.528646 0.681641 0.527344 0.681641 0.523438 0.680664 0.522135 0.680664 0.518229 0.679688 0.518229 0.678711 0.516927 0.675781 0.516927 0.672852 0.514323 0.669922 0.514323 0.668945 0.513021 0.663086 0.513021 0.663086 0.514323 0.661133 0.518229 0.660156 0.516927 0.659180 0.513021 0.658203 0.513021 0.657227 0.514323 0.657227 0.515625 0.655273 0.518229
0 0.583008 0.437500 0.581055 0.440104 0.580078 0.440104 0.579102 0.441406 0.578125 0.441406 0.575195 0.445312 0.575195 0.446615 0.574219 0.447917 0.574219 0.455729 0.575195 0.457031 0.575195 0.460938 0.576172 0.462240 0.576172 0.464844 0.577148 0.466146 0.577148 0.468750 0.578125 0.470052 0.578125 0.472656 0.579102 0.473958 0.581055 0.473958 0.583984 0.476562 0.595703 0.476562 0.596680 0.475260 0.597656 0.475260 0.600586 0.471354 0.600586 0.470052 0.602539 0.467448 0.602539 0.466146 0.603516 0.464844 0.603516 0.462240 0.604492 0.460938 0.604492 0.457031 0.603516 0.455729 0.603516 0.454427 0.601562 0.451823 0.601562 0.450521 0.597656 0.445312 0.597656 0.444010 0.595703 0.440104 0.594727 0.440104 0.593750 0.438802 0.591797 0.438802 0.590820 0.437500
0 0.610352 0.454427 0.609375 0.455729 0.607422 0.455729 0.606445 0.457031 0.606445 0.459635 0.605469 0.460938 0.605469 0.462240 0.604492 0.463542 0.604492 0.464844 0.603516 0.466146 0.603516 0.467448 0.602539 0.468750 0.602539 0.470052 0.601562 0.471354 0.601562 0.472656 0.599609 0.475260 0.599609 0.483073 0.600586 0.484375 0.600586 0.486979 0.601562 0.488281 0.601562 0.489583 0.604492 0.492188 0.606445 0.492188 0.607422 0.493490 0.612305 0.493490 0.613281 0.494792 0.618164 0.494792 0.619141 0.493490 0.620117 0.493490 0.621094 0.492188 0.622070 0.492188 0.623047 0.490885 0.624023 0.490885 0.628906 0.485677 0.628906 0.468750 0.627930 0.467448 0.627930 0.464844 0.626953 0.463542 0.626953 0.462240 0.625000 0.459635 0.625000 0.458333 0.624023 0.457031 0.623047 0.457031 0.622070 0.455729 0.617188 0.455729 0.616211 0.454427
0 0.634766 0.458333 0.630859 0.463542 0.630859 0.464844 0.629883 0.466146 0.629883 0.479167 0.630859 0.480469 0.630859 0.483073 0.631836 0.484375 0.631836 0.485677 0.635742 0.490885 0.636719 0.490885 0.638672 0.493490 0.639648 0.493490 0.641602 0.496094 0.643555 0.496094 0.644531 0.497396 0.646484 0.497396 0.647461 0.496094 0.648438 0.496094 0.649414 0.494792 0.650391 0.494792 0.651367 0.493490 0.652344 0.493490 0.653320 0.492188 0.654297 0.492188 0.657227 0.488281 0.657227 0.484375 0.656250 0.483073 0.656250 0.480469 0.655273 0.479167 0.655273 0.477865 0.654297 0.476562 0.654297 0.475260 0.653320 0.473958 0.653320 0.472656 0.652344 0.471354 0.652344 0.470052 0.648438 0.464844 0.648438 0.463542 0.643555 0.457031 0.637695 0.457031 0.636719 0.458333
0 0.665039 0.475260 0.662109 0.481771 0.662109 0.490885 0.663086 0.492188 0.663086 0.497396 0.664062 0.498698 0.664062 0.502604 0.666016 0.505208 0.666992 0.505208 0.670898 0.510417 0.670898 0.511719 0.671875 0.513021 0.673828 0.513021 0.674805 0.514323 0.680664 0.514323 0.681641 0.515625 0.686523 0.515625 0.687500 0.514323 0.688477 0.514323 0.688477 0.513021 0.692383 0.506510 0.692383 0.503906 0.693359 0.502604 0.693359 0.494792 0.694336 0.493490 0.694336 0.483073 0.693359 0.481771 0.693359 0.480469 0.690430 0.476562 0.687500 0.476562 0.686523 0.475260 0.678711 0.475260 0.677734 0.473958 0.670898 0.473958 0.669922 0.472656 0.668945 0.473958 0.666992 0.473958 0.666016 0.475260
0 0.661133 0.445312 0.661133 0.458333 0.662109 0.459635 0.662109 0.460938 0.663086 0.462240 0.663086 0.463542 0.666016 0.467448 0.666992 0.467448 0.669922 0.471354 0.671875 0.471354 0.672852 0.472656 0.679688 0.472656 0.680664 0.473958 0.690430 0.473958 0.691406 0.472656 0.691406 0.464844 0.692383 0.463542 0.692383 0.453125 0.691406 0.451823 0.691406 0.450521 0.690430 0.449219 0.690430 0.447917 0.689453 0.446615 0.689453 0.445312 0.686523 0.441406 0.671875 0.441406 0.670898 0.440104 0.665039 0.440104
0 0.651367 0.406250 0.647461 0.406250 0.646484 0.407552 0.643555 0.407552 0.637695 0.415365 0.637695 0.416667 0.636719 0.417969 0.636719 0.420573 0.635742 0.421875 0.635742 0.423177 0.636719 0.424479 0.636719 0.432292 0.637695 0.433594 0.637695 0.436198 0.638672 0.437500 0.638672 0.440104 0.639648 0.441406 0.639648 0.442708 0.643555 0.447917 0.644531 0.447917 0.645508 0.449219 0.647461 0.449219 0.648438 0.447917 0.650391 0.447917 0.651367 0.446615 0.654297 0.446615 0.655273 0.445312 0.657227 0.445312 0.658203 0.444010 0.659180 0.444010 0.664062 0.437500 0.664062 0.436198 0.665039 0.434896 0.665039 0.433594 0.666992 0.429688 0.666992 0.427083 0.666016 0.425781 0.666016 0.423177 0.663086 0.419271 0.663086 0.417969 0.662109 0.416667 0.662109 0.414062 0.660156 0.411458 0.659180 0.411458 0.658203 0.410156 0.656250 0.410156 0.655273 0.408854 0.654297 0.408854
0 0.616211 0.416667 0.615234 0.417969 0.614258 0.417969 0.613281 0.419271 0.613281 0.420573 0.611328 0.423177 0.611328 0.425781 0.610352 0.427083 0.610352 0.428385 0.609375 0.429688 0.609375 0.432292 0.608398 0.433594 0.608398 0.441406 0.609375 0.442708 0.609375 0.445312 0.610352 0.446615 0.610352 0.447917 0.612305 0.450521 0.612305 0.451823 0.613281 0.451823 0.614258 0.453125 0.618164 0.453125 0.619141 0.454427 0.621094 0.454427 0.622070 0.455729 0.627930 0.455729 0.628906 0.454427 0.629883 0.454427 0.632812 0.450521 0.633789 0.450521 0.633789 0.449219 0.636719 0.445312 0.636719 0.442708 0.637695 0.441406 0.637695 0.438802 0.636719 0.437500 0.636719 0.433594 0.635742 0.432292 0.635742 0.424479 0.633789 0.420573 0.631836 0.420573 0.630859 0.419271 0.629883 0.419271 0.626953 0.416667 0.625000 0.416667 0.624023 0.415365 0.619141 0.415365 0.618164 0.416667
0 0.598633 0.397135 0.597656 0.398438 0.594727 0.398438 0.593750 0.399740 0.590820 0.399740 0.589844 0.401042 0.587891 0.401042 0.582031 0.408854 0.582031 0.424479 0.583008 0.425781 0.583008 0.427083 0.585938 0.430990 0.586914 0.430990 0.589844 0.433594 0.591797 0.433594 0.592773 0.434896 0.594727 0.434896 0.595703 0.436198 0.599609 0.436198 0.600586 0.434896 0.602539 0.434896 0.603516 0.433594 0.604492 0.433594 0.608398 0.428385 0.608398 0.427083 0.610352 0.423177 0.610352 0.420573 0.611328 0.419271 0.611328 0.410156 0.610352 0.408854 0.610352 0.407552 0.609375 0.406250 0.609375 0.404948 0.608398 0.404948 0.606445 0.402344 0.605469 0.402344 0.604492 0.401042 0.603516 0.401042 0.602539 0.399740 0.601562 0.399740
0 0.580078 0.358073 0.579102 0.359375 0.579102 0.360677 0.574219 0.367188 0.574219 0.368490 0.572266 0.372396 0.572266 0.378906 0.573242 0.380208 0.573242 0.384115 0.574219 0.385417 0.574219 0.386719 0.577148 0.390625 0.578125 0.390625 0.579102 0.391927 0.581055 0.391927 0.582031 0.393229 0.585938 0.393229 0.586914 0.394531 0.587891 0.394531 0.588867 0.393229 0.596680 0.393229 0.600586 0.388021 0.600586 0.386719 0.601562 0.385417 0.601562 0.384115 0.602539 0.382812 0.602539 0.381510 0.604492 0.377604 0.604492 0.372396 0.603516 0.371094 0.603516 0.368490 0.602539 0.367188 0.602539 0.365885 0.601562 0.364583 0.601562 0.363281 0.597656 0.358073 0.595703 0.358073 0.594727 0.356771 0.592773 0.356771 0.591797 0.358073 0.590820 0.356771 0.582031 0.356771 0.581055 0.358073
0 0.635742 0.369792 0.634766 0.369792 0.633789 0.368490 0.627930 0.368490 0.625977 0.371094 0.624023 0.371094 0.623047 0.372396 0.622070 0.372396 0.621094 0.373698 0.620117 0.373698 0.617188 0.377604 0.616211 0.377604 0.615234 0.378906 0.614258 0.378906 0.609375 0.385417 0.609375 0.386719 0.608398 0.388021 0.608398 0.391927 0.609375 0.393229 0.609375 0.394531 0.611328 0.397135 0.611328 0.398438 0.617188 0.406250 0.628906 0.406250 0.629883 0.404948 0.631836 0.404948 0.633789 0.402344 0.633789 0.401042 0.634766 0.399740 0.634766 0.398438 0.635742 0.397135 0.635742 0.395833 0.636719 0.394531 0.636719 0.393229 0.637695 0.391927 0.637695 0.390625 0.639648 0.386719 0.639648 0.384115 0.640625 0.382812 0.640625 0.380208 0.639648 0.378906 0.639648 0.376302 0.636719 0.372396 0.636719 0.371094
0 0.652344 0.363281 0.649414 0.365885 0.647461 0.365885 0.646484 0.367188 0.645508 0.367188 0.643555 0.369792 0.643555 0.372396 0.642578 0.373698 0.642578 0.385417 0.643555 0.386719 0.643555 0.388021 0.645508 0.390625 0.645508 0.391927 0.654297 0.403646 0.655273 0.403646 0.657227 0.406250 0.662109 0.406250 0.663086 0.404948 0.666016 0.403646 0.667969 0.401042 0.667969 0.398438 0.668945 0.397135 0.668945 0.393229 0.669922 0.391927 0.669922 0.388021 0.670898 0.386719 0.670898 0.384115 0.671875 0.382812 0.671875 0.373698 0.670898 0.372396 0.670898 0.369792 0.669922 0.368490 0.668945 0.368490 0.666992 0.365885 0.665039 0.365885 0.664062 0.364583 0.662109 0.364583 0.661133 0.363281
0 0.669922 0.391927 0.669922 0.399740 0.668945 0.401042 0.668945 0.408854 0.669922 0.410156 0.669922 0.411458 0.670898 0.412760 0.670898 0.415365 0.672852 0.419271 0.675781 0.419271 0.676758 0.420573 0.677734 0.420573 0.678711 0.419271 0.690430 0.419271 0.691406 0.417969 0.692383 0.417969 0.693359 0.416667 0.694336 0.416667 0.696289 0.414062 0.697266 0.414062 0.700195 0.410156 0.701172 0.410156 0.702148 0.408854 0.702148 0.402344 0.701172 0.401042 0.701172 0.399740 0.700195 0.398438 0.700195 0.397135 0.697266 0.393229 0.696289 0.393229 0.695312 0.391927 0.694336 0.391927 0.692383 0.389323 0.691406 0.389323 0.688477 0.386719 0.685547 0.386719 0.684570 0.385417 0.672852 0.385417 0.671875 0.386719 0.671875 0.388021
0 0.604492 0.334635 0.604492 0.335938 0.602539 0.338542 0.602539 0.339844 0.601562 0.341146 0.601562 0.342448 0.602539 0.343750 0.602539 0.360677 0.603516 0.361979 0.603516 0.363281 0.604492 0.364583 0.605469 0.364583 0.607422 0.367188 0.609375 0.367188 0.610352 0.368490 0.612305 0.368490 0.615234 0.371094 0.620117 0.371094 0.621094 0.369792 0.623047 0.369792 0.625000 0.367188 0.625977 0.367188 0.625977 0.365885 0.627930 0.361979 0.627930 0.359375 0.629883 0.356771 0.629883 0.355469 0.631836 0.351562 0.631836 0.342448 0.629883 0.339844 0.626953 0.339844 0.625977 0.338542 0.624023 0.338542 0.623047 0.337240 0.620117 0.337240 0.619141 0.335938 0.618164 0.335938 0.615234 0.333333 0.613281 0.333333 0.612305 0.332031 0.608398 0.332031 0.607422 0.333333 0.606445 0.333333 0.605469 0.334635
0 0.572266 0.325521 0.572266 0.329427 0.571289 0.330729 0.571289 0.335938 0.570312 0.337240 0.570312 0.339844 0.569336 0.341146 0.569336 0.345052 0.570312 0.346354 0.570312 0.348958 0.572266 0.351562 0.572266 0.352865 0.573242 0.352865 0.574219 0.354167 0.576172 0.354167 0.577148 0.355469 0.595703 0.355469 0.596680 0.354167 0.597656 0.354167 0.598633 0.352865 0.599609 0.352865 0.599609 0.351562 0.600586 0.350260 0.600586 0.341146 0.599609 0.339844 0.599609 0.333333 0.598633 0.332031 0.598633 0.330729 0.597656 0.329427 0.597656 0.328125 0.594727 0.324219 0.592773 0.324219 0.589844 0.321615 0.587891 0.321615 0.586914 0.320312 0.585938 0.320312 0.584961 0.321615 0.583008 0.321615 0.580078 0.324219 0.576172 0.324219 0.575195 0.325521
0 0.586914 0.279948 0.581055 0.279948 0.580078 0.281250 0.575195 0.281250 0.574219 0.282552 0.573242 0.282552 0.571289 0.285156 0.570312 0.285156 0.567383 0.289062 0.567383 0.290365 0.568359 0.291667 0.568359 0.294271 0.567383 0.295573 0.567383 0.299479 0.566406 0.300781 0.566406 0.308594 0.568359 0.311198 0.568359 0.312500 0.570312 0.315104 0.570312 0.316406 0.572266 0.319010 0.572266 0.320312 0.575195 0.322917 0.577148 0.322917 0.578125 0.321615 0.580078 0.321615 0.581055 0.320312 0.582031 0.320312 0.584961 0.317708 0.586914 0.317708 0.588867 0.315104 0.591797 0.313802 0.594727 0.309896 0.594727 0.308594 0.595703 0.307292 0.595703 0.304688 0.596680 0.303385 0.596680 0.299479 0.595703 0.298177 0.595703 0.294271 0.594727 0.292969 0.594727 0.290365 0.593750 0.289062 0.592773 0.285156 0.591797 0.283854 0.588867 0.282552
0 0.604492 0.290365 0.603516 0.291667 0.602539 0.291667 0.597656 0.298177 0.597656 0.305990 0.595703 0.309896 0.595703 0.312500 0.594727 0.313802 0.594727 0.315104 0.595703 0.316406 0.595703 0.317708 0.596680 0.319010 0.596680 0.320312 0.602539 0.328125 0.603516 0.328125 0.604492 0.329427 0.606445 0.329427 0.607422 0.330729 0.610352 0.330729 0.611328 0.329427 0.613281 0.329427 0.614258 0.328125 0.615234 0.328125 0.622070 0.319010 0.622070 0.316406 0.623047 0.315104 0.623047 0.312500 0.624023 0.311198 0.624023 0.307292 0.623047 0.305990 0.623047 0.303385 0.622070 0.302083 0.622070 0.300781 0.619141 0.296875 0.618164 0.296875 0.616211 0.294271 0.615234 0.294271 0.613281 0.291667 0.612305 0.291667 0.611328 0.290365
0 0.644531 0.286458 0.643555 0.286458 0.640625 0.283854 0.638672 0.283854 0.637695 0.282552 0.634766 0.282552 0.633789 0.281250 0.632812 0.282552 0.626953 0.282552 0.625977 0.283854 0.625977 0.285156 0.622070 0.290365 0.622070 0.298177 0.623047 0.299479 0.623047 0.300781 0.624023 0.302083 0.624023 0.304688 0.625000 0.305990 0.625000 0.316406 0.624023 0.317708 0.624023 0.319010 0.625977 0.321615 0.633789 0.321615 0.634766 0.320312 0.636719 0.320312 0.637695 0.319010 0.639648 0.319010 0.640625 0.317708 0.643555 0.317708 0.644531 0.316406 0.648438 0.316406 0.650391 0.313802 0.650391 0.302083 0.649414 0.300781 0.649414 0.295573 0.648438 0.294271 0.647461 0.290365
0 0.643555 0.319010 0.642578 0.320312 0.640625 0.320312 0.639648 0.321615 0.638672 0.321615 0.636719 0.324219 0.636719 0.325521 0.634766 0.328125 0.634766 0.329427 0.630859 0.334635 0.630859 0.335938 0.631836 0.337240 0.631836 0.338542 0.633789 0.342448 0.633789 0.347656 0.634766 0.348958 0.634766 0.350260 0.637695 0.354167 0.637695 0.355469 0.639648 0.358073 0.640625 0.358073 0.641602 0.359375 0.644531 0.359375 0.645508 0.360677 0.649414 0.360677 0.650391 0.359375 0.652344 0.359375 0.653320 0.358073 0.655273 0.358073 0.656250 0.356771 0.659180 0.355469 0.661133 0.352865 0.661133 0.351562 0.665039 0.346354 0.665039 0.343750 0.666016 0.342448 0.666016 0.339844 0.665039 0.338542 0.664062 0.334635 0.661133 0.330729 0.660156 0.326823 0.656250 0.321615 0.655273 0.321615 0.654297 0.320312 0.651367 0.320312 0.650391 0.319010
0 0.673828 0.305990 0.672852 0.305990 0.669922 0.309896 0.667969 0.309896 0.666992 0.311198 0.665039 0.311198 0.661133 0.316406 0.660156 0.316406 0.658203 0.319010 0.658203 0.322917 0.659180 0.324219 0.659180 0.325521 0.661133 0.328125 0.661133 0.329427 0.666016 0.335938 0.666016 0.342448 0.666992 0.343750 0.666992 0.346354 0.667969 0.346354 0.670898 0.348958 0.673828 0.348958 0.674805 0.347656 0.676758 0.347656 0.677734 0.346354 0.680664 0.345052 0.682617 0.342448 0.683594 0.342448 0.686523 0.339844 0.688477 0.339844 0.690430 0.337240 0.690430 0.330729 0.687500 0.326823 0.686523 0.322917 0.683594 0.319010 0.683594 0.317708 0.678711 0.311198 0.678711 0.309896 0.676758 0.307292 0.674805 0.307292
0 0.688477 0.341146 0.687500 0.342448 0.686523 0.342448 0.685547 0.343750 0.682617 0.345052 0.675781 0.352865 0.675781 0.355469 0.674805 0.356771 0.674805 0.359375 0.673828 0.360677 0.673828 0.364583 0.672852 0.365885 0.672852 0.367188 0.673828 0.368490 0.673828 0.372396 0.675781 0.376302 0.676758 0.376302 0.677734 0.377604 0.680664 0.377604 0.683594 0.380208 0.686523 0.380208 0.687500 0.381510 0.693359 0.381510 0.694336 0.380208 0.696289 0.380208 0.699219 0.377604 0.701172 0.377604 0.704102 0.375000 0.704102 0.373698 0.708008 0.368490 0.708008 0.367188 0.708984 0.365885 0.708984 0.355469 0.708008 0.354167 0.708008 0.350260 0.706055 0.350260 0.703125 0.347656 0.701172 0.347656 0.700195 0.346354 0.699219 0.346354 0.698242 0.345052 0.696289 0.345052 0.693359 0.342448 0.691406 0.342448 0.690430 0.341146
0 0.655273 0.268229 0.652344 0.270833 0.652344 0.272135 0.648438 0.277344 0.648438 0.278646 0.647461 0.279948 0.647461 0.285156 0.648438 0.286458 0.648438 0.291667 0.649414 0.292969 0.649414 0.295573 0.650391 0.296875 0.650391 0.300781 0.651367 0.302083 0.651367 0.305990 0.653320 0.308594 0.667969 0.308594 0.669922 0.305990 0.670898 0.305990 0.674805 0.300781 0.674805 0.299479 0.675781 0.298177 0.675781 0.295573 0.676758 0.294271 0.676758 0.283854 0.672852 0.277344 0.672852 0.274740 0.671875 0.273438 0.671875 0.272135 0.669922 0.269531 0.664062 0.269531 0.663086 0.268229
0 0.623047 0.242188 0.616211 0.242188 0.615234 0.243490 0.607422 0.243490 0.606445 0.244792 0.605469 0.244792 0.600586 0.251302 0.600586 0.252604 0.599609 0.253906 0.599609 0.260417 0.600586 0.261719 0.600586 0.266927 0.601562 0.268229 0.601562 0.272135 0.602539 0.273438 0.602539 0.276042 0.603516 0.277344 0.603516 0.279948 0.604492 0.281250 0.605469 0.285156 0.606445 0.285156 0.607422 0.286458 0.621094 0.286458 0.628906 0.273438 0.628906 0.270833 0.629883 0.269531 0.629883 0.266927 0.630859 0.265625 0.630859 0.261719 0.629883 0.260417 0.629883 0.257812 0.628906 0.256510 0.628906 0.255208 0.626953 0.252604 0.626953 0.251302 0.625977 0.250000 0.625977 0.247396 0.625000 0.246094 0.625000 0.244792
0 0.593750 0.235677 0.591797 0.235677 0.588867 0.233073 0.582031 0.233073 0.581055 0.234375 0.578125 0.234375 0.575195 0.236979 0.574219 0.236979 0.573242 0.235677 0.572266 0.235677 0.571289 0.236979 0.571289 0.238281 0.570312 0.239583 0.570312 0.251302 0.571289 0.252604 0.571289 0.261719 0.572266 0.263021 0.572266 0.266927 0.573242 0.268229 0.573242 0.270833 0.574219 0.272135 0.574219 0.277344 0.576172 0.279948 0.577148 0.279948 0.578125 0.278646 0.583984 0.278646 0.584961 0.277344 0.585938 0.277344 0.586914 0.276042 0.586914 0.274740 0.589844 0.272135 0.593750 0.272135 0.594727 0.270833 0.598633 0.270833 0.600586 0.268229 0.600586 0.265625 0.599609 0.264323 0.599609 0.261719 0.597656 0.257812 0.597656 0.256510 0.599609 0.252604 0.599609 0.247396 0.598633 0.246094 0.598633 0.244792 0.596680 0.242188 0.595703 0.238281
0 0.596680 0.199219 0.595703 0.200521 0.595703 0.201823 0.594727 0.203125 0.594727 0.204427 0.591797 0.210938 0.591797 0.216146 0.590820 0.217448 0.590820 0.221354 0.591797 0.222656 0.591797 0.225260 0.593750 0.227865 0.594727 0.231771 0.596680 0.231771 0.597656 0.233073 0.598633 0.233073 0.600586 0.235677 0.600586 0.236979 0.602539 0.239583 0.603516 0.239583 0.604492 0.240885 0.608398 0.240885 0.609375 0.239583 0.619141 0.239583 0.620117 0.238281 0.621094 0.238281 0.621094 0.236979 0.622070 0.235677 0.622070 0.231771 0.623047 0.230469 0.623047 0.229167 0.625000 0.225260 0.625000 0.222656 0.625977 0.221354 0.625977 0.216146 0.626953 0.214844 0.625977 0.213542 0.625977 0.209635 0.622070 0.204427 0.621094 0.204427 0.618164 0.200521 0.617188 0.200521 0.616211 0.199219 0.600586 0.199219 0.599609 0.197917
0 0.640625 0.174479 0.639648 0.175781 0.636719 0.175781 0.635742 0.177083 0.634766 0.177083 0.628906 0.184896 0.628906 0.186198 0.627930 0.187500 0.627930 0.192708 0.626953 0.194010 0.626953 0.200521 0.627930 0.201823 0.627930 0.209635 0.629883 0.213542 0.630859 0.213542 0.633789 0.216146 0.635742 0.216146 0.636719 0.217448 0.639648 0.217448 0.640625 0.218750 0.645508 0.218750 0.646484 0.217448 0.649414 0.216146 0.651367 0.213542 0.652344 0.213542 0.656250 0.208333 0.656250 0.207031 0.657227 0.205729 0.657227 0.201823 0.658203 0.200521 0.658203 0.195312 0.657227 0.194010 0.657227 0.183594 0.655273 0.179688 0.653320 0.179688 0.651367 0.177083 0.650391 0.177083 0.647461 0.174479
0 0.658203 0.217448 0.649414 0.217448 0.648438 0.218750 0.645508 0.220052 0.640625 0.225260 0.639648 0.225260 0.634766 0.231771 0.634766 0.238281 0.636719 0.242188 0.635742 0.243490 0.635742 0.247396 0.636719 0.248698 0.636719 0.250000 0.637695 0.251302 0.638672 0.255208 0.641602 0.259115 0.646484 0.259115 0.647461 0.260417 0.652344 0.260417 0.653320 0.259115 0.655273 0.259115 0.656250 0.257812 0.657227 0.257812 0.662109 0.251302 0.662109 0.250000 0.666992 0.243490 0.666992 0.235677 0.666016 0.234375 0.666016 0.231771 0.665039 0.230469 0.665039 0.227865 0.664062 0.226562 0.664062 0.225260 0.662109 0.222656 0.662109 0.221354 0.660156 0.218750 0.659180 0.218750
0 0.589844 0.141927 0.587891 0.144531 0.584961 0.145833 0.583008 0.148438 0.583008 0.153646 0.578125 0.160156 0.577148 0.160156 0.575195 0.162760 0.575195 0.165365 0.574219 0.166667 0.574219 0.167969 0.575195 0.169271 0.577148 0.169271 0.578125 0.170573 0.581055 0.171875 0.583008 0.174479 0.583984 0.174479 0.587891 0.179688 0.587891 0.183594 0.589844 0.186198 0.595703 0.186198 0.596680 0.184896 0.598633 0.184896 0.601562 0.180990 0.601562 0.179688 0.602539 0.178385 0.602539 0.171875 0.603516 0.170573 0.603516 0.158854 0.602539 0.157552 0.602539 0.156250 0.599609 0.152344 0.598633 0.152344 0.596680 0.149740 0.596680 0.148438 0.595703 0.147135 0.595703 0.143229 0.594727 0.143229 0.593750 0.141927
0 0.625000 0.152344 0.621094 0.152344 0.620117 0.153646 0.618164 0.153646 0.617188 0.154948 0.614258 0.154948 0.613281 0.156250 0.612305 0.156250 0.611328 0.157552 0.609375 0.157552 0.608398 0.158854 0.607422 0.158854 0.604492 0.161458 0.604492 0.180990 0.609375 0.187500 0.610352 0.187500 0.611328 0.188802 0.613281 0.188802 0.614258 0.190104 0.615234 0.190104 0.616211 0.188802 0.618164 0.188802 0.619141 0.187500 0.623047 0.187500 0.624023 0.186198 0.625000 0.186198 0.629883 0.179688 0.629883 0.175781 0.630859 0.174479 0.630859 0.167969 0.629883 0.166667 0.629883 0.164062 0.628906 0.162760 0.628906 0.158854 0.627930 0.157552 0.627930 0.156250 0.626953 0.154948 0.626953 0.153646 0.625977 0.153646
0 0.655273 0.136719 0.653320 0.136719 0.652344 0.135417 0.651367 0.135417 0.648438 0.132812 0.641602 0.132812 0.640625 0.134115 0.638672 0.134115 0.637695 0.135417 0.634766 0.136719 0.628906 0.144531 0.628906 0.145833 0.627930 0.147135 0.627930 0.153646 0.628906 0.154948 0.628906 0.156250 0.629883 0.157552 0.629883 0.158854 0.631836 0.162760 0.631836 0.165365 0.632812 0.166667 0.632812 0.169271 0.634766 0.171875 0.635742 0.171875 0.636719 0.173177 0.645508 0.173177 0.646484 0.171875 0.650391 0.171875 0.651367 0.170573 0.654297 0.169271 0.658203 0.164062 0.658203 0.162760 0.660156 0.158854 0.660156 0.154948 0.661133 0.153646 0.661133 0.152344 0.659180 0.149740 0.659180 0.148438 0.658203 0.147135 0.658203 0.144531 0.657227 0.143229 0.657227 0.140625
0 0.662109 0.109375 0.660156 0.113281 0.660156 0.118490 0.661133 0.119792 0.661133 0.121094 0.663086 0.123698 0.663086 0.128906 0.662109 0.130208 0.662109 0.132812 0.661133 0.134115 0.660156 0.138021 0.661133 0.139323 0.661133 0.141927 0.662109 0.143229 0.662109 0.148438 0.663086 0.149740 0.663086 0.152344 0.665039 0.154948 0.666992 0.154948 0.667969 0.156250 0.671875 0.156250 0.672852 0.157552 0.677734 0.157552 0.678711 0.158854 0.681641 0.158854 0.682617 0.157552 0.683594 0.157552 0.685547 0.154948 0.685547 0.152344 0.686523 0.151042 0.686523 0.149740 0.690430 0.140625 0.690430 0.138021 0.691406 0.136719 0.691406 0.126302 0.689453 0.123698 0.689453 0.119792 0.690430 0.118490 0.690430 0.115885 0.689453 0.114583 0.686523 0.114583 0.685547 0.113281 0.680664 0.113281 0.679688 0.111979 0.673828 0.111979 0.672852 0.110677 0.664062 0.110677 0.663086 0.109375
0 0.672852 0.162760 0.671875 0.164062 0.670898 0.164062 0.665039 0.171875 0.665039 0.173177 0.663086 0.177083 0.663086 0.182292 0.662109 0.183594 0.662109 0.192708 0.661133 0.194010 0.662109 0.195312 0.663086 0.199219 0.666016 0.200521 0.669922 0.205729 0.670898 0.205729 0.671875 0.207031 0.678711 0.207031 0.679688 0.205729 0.680664 0.205729 0.681641 0.204427 0.682617 0.204427 0.683594 0.203125 0.686523 0.201823 0.690430 0.196615 0.690430 0.195312 0.691406 0.194010 0.691406 0.178385 0.692383 0.177083 0.692383 0.173177 0.691406 0.171875 0.689453 0.171875 0.688477 0.170573 0.685547 0.169271 0.680664 0.162760
0 0.705078 0.170573 0.704102 0.171875 0.704102 0.173177 0.702148 0.175781 0.702148 0.178385 0.701172 0.179688 0.702148 0.180990 0.702148 0.186198 0.704102 0.188802 0.704102 0.194010 0.705078 0.195312 0.705078 0.196615 0.707031 0.199219 0.708984 0.199219 0.709961 0.200521 0.715820 0.200521 0.716797 0.201823 0.717773 0.201823 0.718750 0.203125 0.721680 0.204427 0.723633 0.207031 0.728516 0.207031 0.734375 0.199219 0.734375 0.197917 0.735352 0.196615 0.735352 0.194010 0.737305 0.190104 0.737305 0.182292 0.735352 0.179688 0.735352 0.178385 0.734375 0.177083 0.733398 0.173177 0.731445 0.170573 0.730469 0.170573 0.728516 0.167969 0.726562 0.167969 0.725586 0.166667 0.711914 0.166667 0.710938 0.167969 0.709961 0.167969 0.708008 0.170573
0 0.744141 0.138021 0.742188 0.140625 0.741211 0.140625 0.735352 0.148438 0.734375 0.148438 0.734375 0.154948 0.732422 0.158854 0.732422 0.161458 0.731445 0.162760 0.731445 0.164062 0.732422 0.165365 0.732422 0.166667 0.736328 0.171875 0.736328 0.173177 0.737305 0.174479 0.737305 0.175781 0.739258 0.178385 0.739258 0.179688 0.740234 0.179688 0.743164 0.182292 0.748047 0.182292 0.749023 0.180990 0.750000 0.180990 0.750977 0.179688 0.753906 0.178385 0.755859 0.175781 0.755859 0.174479 0.758789 0.170573 0.758789 0.169271 0.759766 0.167969 0.759766 0.164062 0.760742 0.162760 0.760742 0.161458 0.762695 0.157552 0.762695 0.154948 0.761719 0.153646 0.761719 0.149740 0.760742 0.148438 0.760742 0.147135 0.758789 0.144531 0.757812 0.144531 0.755859 0.141927 0.754883 0.141927 0.751953 0.139323 0.750000 0.139323 0.749023 0.138021
0 0.776367 0.170573 0.773438 0.170573 0.772461 0.169271 0.769531 0.169271 0.768555 0.170573 0.766602 0.170573 0.765625 0.171875 0.764648 0.171875 0.763672 0.173177 0.762695 0.173177 0.761719 0.174479 0.758789 0.175781 0.756836 0.178385 0.755859 0.178385 0.751953 0.186198 0.751953 0.188802 0.750977 0.190104 0.750977 0.192708 0.751953 0.194010 0.751953 0.195312 0.752930 0.195312 0.755859 0.199219 0.755859 0.200521 0.757812 0.203125 0.757812 0.204427 0.758789 0.205729 0.758789 0.208333 0.759766 0.209635 0.759766 0.210938 0.762695 0.213542 0.767578 0.213542 0.768555 0.212240 0.770508 0.212240 0.773438 0.209635 0.775391 0.209635 0.776367 0.208333 0.779297 0.207031 0.782227 0.203125 0.783203 0.203125 0.788086 0.199219 0.790039 0.199219 0.791992 0.195312 0.788086 0.190104 0.788086 0.188802 0.784180 0.183594 0.784180 0.182292 0.780273 0.177083 0.779297 0.177083 0.777344 0.174479
0 0.751953 0.196615 0.747070 0.196615 0.746094 0.197917 0.741211 0.197917 0.740234 0.199219 0.737305 0.199219 0.736328 0.200521 0.735352 0.200521 0.733398 0.203125 0.732422 0.203125 0.728516 0.208333 0.728516 0.209635 0.727539 0.210938 0.728516 0.212240 0.728516 0.216146 0.729492 0.217448 0.729492 0.225260 0.728516 0.226562 0.728516 0.233073 0.729492 0.234375 0.729492 0.235677 0.731445 0.238281 0.743164 0.238281 0.744141 0.236979 0.747070 0.236979 0.748047 0.235677 0.749023 0.235677 0.753906 0.229167 0.753906 0.227865 0.754883 0.226562 0.754883 0.225260 0.755859 0.223958 0.755859 0.222656 0.757812 0.218750 0.757812 0.205729 0.756836 0.204427 0.756836 0.203125
0 0.770508 0.214844 0.769531 0.216146 0.769531 0.218750 0.768555 0.220052 0.768555 0.222656 0.766602 0.225260 0.766602 0.236979 0.768555 0.239583 0.769531 0.239583 0.773438 0.244792 0.774414 0.244792 0.777344 0.248698 0.784180 0.248698 0.785156 0.247396 0.791016 0.247396 0.791992 0.246094 0.792969 0.246094 0.793945 0.244792 0.794922 0.244792 0.795898 0.243490 0.798828 0.242188 0.802734 0.236979 0.802734 0.233073 0.799805 0.229167 0.799805 0.226562 0.798828 0.225260 0.798828 0.221354 0.797852 0.220052 0.797852 0.218750 0.795898 0.216146 0.795898 0.214844 0.792969 0.210938 0.791992 0.210938 0.791016 0.209635 0.789062 0.209635 0.788086 0.208333 0.781250 0.208333 0.780273 0.209635 0.778320 0.209635 0.777344 0.210938 0.776367 0.210938 0.775391 0.212240 0.774414 0.212240 0.773438 0.213542
0 0.799805 0.252604 0.798828 0.252604 0.797852 0.251302 0.794922 0.251302 0.793945 0.250000 0.791992 0.250000 0.791016 0.248698 0.786133 0.248698 0.785156 0.250000 0.783203 0.250000 0.782227 0.251302 0.780273 0.251302 0.779297 0.252604 0.776367 0.252604 0.775391 0.253906 0.772461 0.255208 0.770508 0.257812 0.770508 0.259115 0.769531 0.260417 0.769531 0.270833 0.770508 0.272135 0.770508 0.279948 0.771484 0.281250 0.771484 0.282552 0.775391 0.287760 0.776367 0.287760 0.777344 0.289062 0.781250 0.289062 0.782227 0.290365 0.790039 0.290365 0.791016 0.289062 0.792969 0.289062 0.793945 0.287760 0.794922 0.287760 0.796875 0.285156 0.797852 0.285156 0.797852 0.283854 0.799805 0.281250 0.799805 0.279948 0.801758 0.276042 0.801758 0.257812 0.800781 0.256510
0 0.699219 0.205729 0.699219 0.212240 0.697266 0.214844 0.697266 0.218750 0.696289 0.220052 0.696289 0.229167 0.700195 0.234375 0.700195 0.235677 0.705078 0.242188 0.706055 0.242188 0.707031 0.243490 0.714844 0.243490 0.715820 0.244792 0.716797 0.243490 0.718750 0.243490 0.719727 0.242188 0.720703 0.242188 0.720703 0.240885 0.723633 0.236979 0.723633 0.234375 0.724609 0.233073 0.724609 0.230469 0.725586 0.229167 0.725586 0.227865 0.726562 0.226562 0.726562 0.223958 0.727539 0.222656 0.727539 0.220052 0.724609 0.216146 0.724609 0.213542 0.723633 0.212240 0.723633 0.209635 0.719727 0.204427 0.718750 0.204427 0.717773 0.203125 0.714844 0.203125 0.713867 0.201823 0.708984 0.201823 0.708008 0.203125 0.706055 0.203125 0.705078 0.204427 0.701172 0.204427 0.700195 0.205729
0 0.672852 0.233073 0.671875 0.234375 0.671875 0.235677 0.670898 0.236979 0.670898 0.238281 0.668945 0.242188 0.668945 0.244792 0.667969 0.246094 0.667969 0.250000 0.668945 0.251302 0.668945 0.252604 0.669922 0.252604 0.672852 0.256510 0.672852 0.257812 0.674805 0.260417 0.674805 0.261719 0.677734 0.265625 0.681641 0.265625 0.682617 0.266927 0.687500 0.266927 0.688477 0.265625 0.691406 0.265625 0.696289 0.259115 0.696289 0.257812 0.698242 0.255208 0.698242 0.253906 0.700195 0.251302 0.700195 0.250000 0.702148 0.246094 0.702148 0.240885 0.701172 0.239583 0.701172 0.238281 0.697266 0.233073 0.696289 0.233073 0.695312 0.231771 0.686523 0.231771 0.685547 0.230469 0.677734 0.230469 0.676758 0.231771 0.674805 0.231771 0.673828 0.233073
0 0.697266 0.259115 0.695312 0.261719 0.695312 0.263021 0.692383 0.266927 0.692383 0.268229 0.690430 0.272135 0.690430 0.278646 0.691406 0.279948 0.691406 0.282552 0.692383 0.283854 0.692383 0.285156 0.694336 0.287760 0.695312 0.291667 0.697266 0.294271 0.698242 0.294271 0.699219 0.295573 0.701172 0.295573 0.704102 0.298177 0.708984 0.298177 0.709961 0.296875 0.712891 0.296875 0.713867 0.295573 0.715820 0.295573 0.722656 0.286458 0.722656 0.285156 0.723633 0.283854 0.723633 0.270833 0.722656 0.269531 0.722656 0.268229 0.719727 0.264323 0.718750 0.264323 0.716797 0.261719 0.716797 0.260417 0.714844 0.256510 0.702148 0.256510 0.701172 0.257812 0.699219 0.257812 0.698242 0.259115
0 0.707031 0.302083 0.707031 0.305990 0.706055 0.307292 0.706055 0.309896 0.704102 0.313802 0.706055 0.316406 0.707031 0.316406 0.708008 0.317708 0.709961 0.317708 0.710938 0.319010 0.716797 0.319010 0.717773 0.317708 0.724609 0.317708 0.725586 0.319010 0.727539 0.319010 0.732422 0.324219 0.737305 0.324219 0.738281 0.322917 0.739258 0.322917 0.741211 0.320312 0.742188 0.320312 0.744141 0.316406 0.744141 0.311198 0.743164 0.309896 0.743164 0.305990 0.742188 0.304688 0.742188 0.302083 0.741211 0.300781 0.741211 0.298177 0.738281 0.291667 0.738281 0.289062 0.736328 0.286458 0.734375 0.286458 0.733398 0.285156 0.724609 0.285156 0.721680 0.289062 0.721680 0.290365 0.717773 0.295573 0.716797 0.295573 0.714844 0.298177 0.712891 0.298177 0.711914 0.299479 0.709961 0.299479
0 0.743164 0.264323 0.742188 0.268229 0.738281 0.273438 0.738281 0.274740 0.737305 0.276042 0.737305 0.279948 0.736328 0.281250 0.736328 0.283854 0.738281 0.286458 0.738281 0.287760 0.739258 0.289062 0.739258 0.291667 0.740234 0.292969 0.740234 0.294271 0.741211 0.295573 0.742188 0.299479 0.744141 0.302083 0.748047 0.302083 0.749023 0.303385 0.751953 0.303385 0.752930 0.304688 0.754883 0.304688 0.755859 0.305990 0.759766 0.305990 0.760742 0.304688 0.761719 0.304688 0.763672 0.302083 0.764648 0.302083 0.765625 0.300781 0.765625 0.299479 0.767578 0.295573 0.767578 0.281250 0.766602 0.279948 0.766602 0.278646 0.765625 0.277344 0.764648 0.273438 0.762695 0.270833 0.761719 0.270833 0.759766 0.268229 0.758789 0.268229 0.757812 0.266927 0.753906 0.266927 0.752930 0.265625 0.750000 0.265625 0.749023 0.264323
0 0.695312 0.333333 0.695312 0.341146 0.700195 0.345052 0.702148 0.345052 0.703125 0.346354 0.705078 0.346354 0.706055 0.347656 0.707031 0.347656 0.708984 0.350260 0.708984 0.351562 0.712891 0.356771 0.713867 0.356771 0.714844 0.358073 0.724609 0.358073 0.725586 0.356771 0.726562 0.356771 0.737305 0.342448 0.737305 0.334635 0.738281 0.333333 0.738281 0.329427 0.737305 0.328125 0.736328 0.328125 0.735352 0.326823 0.734375 0.326823 0.733398 0.325521 0.732422 0.325521 0.727539 0.321615 0.725586 0.321615 0.724609 0.320312 0.712891 0.320312 0.711914 0.321615 0.705078 0.321615 0.704102 0.322917 0.703125 0.322917 0.702148 0.324219 0.702148 0.325521 0.700195 0.328125 0.699219 0.328125
0 0.746094 0.308594 0.746094 0.312500 0.745117 0.313802 0.745117 0.316406 0.744141 0.317708 0.744141 0.319010 0.743164 0.320312 0.743164 0.321615 0.740234 0.325521 0.740234 0.332031 0.741211 0.333333 0.741211 0.337240 0.742188 0.338542 0.742188 0.341146 0.743164 0.341146 0.744141 0.342448 0.748047 0.342448 0.749023 0.343750 0.762695 0.343750 0.763672 0.342448 0.766602 0.342448 0.768555 0.338542 0.768555 0.332031 0.766602 0.328125 0.766602 0.319010 0.765625 0.317708 0.765625 0.311198 0.764648 0.309896 0.764648 0.308594 0.762695 0.305990 0.761719 0.307292 0.753906 0.307292 0.752930 0.305990 0.750000 0.305990 0.749023 0.307292 0.748047 0.307292 0.747070 0.308594
0 0.771484 0.298177 0.770508 0.299479 0.770508 0.300781 0.771484 0.302083 0.771484 0.304688 0.770508 0.305990 0.770508 0.309896 0.769531 0.311198 0.769531 0.315104 0.768555 0.316406 0.768555 0.322917 0.769531 0.324219 0.769531 0.326823 0.772461 0.330729 0.772461 0.332031 0.774414 0.334635 0.775391 0.334635 0.776367 0.335938 0.779297 0.335938 0.780273 0.337240 0.788086 0.337240 0.789062 0.338542 0.791016 0.338542 0.791992 0.337240 0.795898 0.337240 0.796875 0.335938 0.797852 0.335938 0.797852 0.334635 0.798828 0.333333 0.798828 0.324219 0.799805 0.322917 0.799805 0.316406 0.800781 0.315104 0.799805 0.313802 0.799805 0.309896 0.798828 0.308594 0.798828 0.307292 0.794922 0.302083 0.793945 0.302083 0.792969 0.300781 0.791016 0.300781 0.790039 0.299479 0.787109 0.299479 0.786133 0.298177 0.783203 0.299479 0.782227 0.298177 0.778320 0.298177 0.777344 0.296875 0.773438 0.296875 0.772461 0.298177
0 0.770508 0.339844 0.770508 0.341146 0.769531 0.342448 0.769531 0.348958 0.770508 0.350260 0.770508 0.351562 0.772461 0.354167 0.772461 0.355469 0.773438 0.356771 0.773438 0.358073 0.774414 0.359375 0.774414 0.360677 0.775391 0.361979 0.775391 0.363281 0.776367 0.364583 0.776367 0.365885 0.778320 0.368490 0.778320 0.369792 0.779297 0.369792 0.780273 0.371094 0.786133 0.371094 0.787109 0.372396 0.791016 0.372396 0.791992 0.371094 0.793945 0.371094 0.794922 0.369792 0.795898 0.369792 0.797852 0.367188 0.797852 0.364583 0.798828 0.363281 0.798828 0.360677 0.797852 0.359375 0.797852 0.358073 0.796875 0.356771 0.796875 0.355469 0.791992 0.348958 0.791992 0.347656 0.790039 0.345052 0.790039 0.342448 0.788086 0.339844 0.786133 0.339844 0.785156 0.338542 0.778320 0.338542 0.777344 0.337240 0.774414 0.337240 0.773438 0.338542 0.771484 0.338542
0 0.742188 0.347656 0.742188 0.351562 0.740234 0.355469 0.740234 0.364583 0.741211 0.365885 0.741211 0.367188 0.742188 0.368490 0.742188 0.371094 0.744141 0.375000 0.744141 0.380208 0.745117 0.381510 0.745117 0.382812 0.746094 0.382812 0.749023 0.385417 0.757812 0.385417 0.758789 0.384115 0.767578 0.384115 0.768555 0.382812 0.769531 0.382812 0.770508 0.381510 0.773438 0.380208 0.775391 0.377604 0.775391 0.376302 0.777344 0.372396 0.777344 0.371094 0.776367 0.369792 0.776367 0.367188 0.774414 0.363281 0.774414 0.360677 0.772461 0.358073 0.772461 0.356771 0.770508 0.354167 0.770508 0.352865 0.768555 0.350260 0.768555 0.348958 0.767578 0.347656 0.766602 0.347656 0.765625 0.346354 0.752930 0.346354 0.751953 0.345052 0.746094 0.345052 0.745117 0.346354 0.743164 0.346354
0 0.724609 0.360677 0.723633 0.361979 0.722656 0.361979 0.720703 0.364583 0.714844 0.364583 0.713867 0.365885 0.712891 0.365885 0.710938 0.368490 0.710938 0.369792 0.709961 0.371094 0.709961 0.386719 0.710938 0.388021 0.710938 0.389323 0.716797 0.397135 0.720703 0.397135 0.721680 0.398438 0.723633 0.398438 0.727539 0.403646 0.728516 0.403646 0.729492 0.402344 0.730469 0.402344 0.733398 0.398438 0.736328 0.397135 0.741211 0.390625 0.741211 0.389323 0.742188 0.388021 0.742188 0.375000 0.741211 0.373698 0.741211 0.372396 0.736328 0.365885 0.733398 0.364583 0.731445 0.361979 0.730469 0.361979 0.729492 0.360677
0 0.719727 0.408854 0.722656 0.412760 0.722656 0.414062 0.720703 0.416667 0.719727 0.416667 0.718750 0.417969 0.718750 0.424479 0.717773 0.425781 0.712891 0.428385 0.712891 0.429688 0.714844 0.432292 0.714844 0.433594 0.715820 0.434896 0.717773 0.434896 0.718750 0.436198 0.719727 0.436198 0.721680 0.438802 0.722656 0.438802 0.726562 0.444010 0.726562 0.445312 0.727539 0.445312 0.730469 0.447917 0.733398 0.447917 0.734375 0.449219 0.739258 0.449219 0.740234 0.447917 0.745117 0.447917 0.747070 0.445312 0.747070 0.442708 0.748047 0.441406 0.748047 0.438802 0.751953 0.429688 0.751953 0.427083 0.752930 0.425781 0.752930 0.423177 0.751953 0.421875 0.751953 0.420573 0.750977 0.419271 0.750000 0.419271 0.748047 0.416667 0.747070 0.416667 0.746094 0.415365 0.745117 0.415365 0.744141 0.414062 0.743164 0.414062 0.736328 0.408854 0.733398 0.408854 0.732422 0.407552 0.725586 0.407552 0.724609 0.408854
0 0.747070 0.397135 0.747070 0.398438 0.748047 0.398438 0.750977 0.402344 0.750977 0.404948 0.750000 0.406250 0.750000 0.414062 0.751953 0.416667 0.751953 0.417969 0.752930 0.417969 0.754883 0.420573 0.755859 0.424479 0.756836 0.424479 0.757812 0.425781 0.761719 0.425781 0.762695 0.427083 0.771484 0.427083 0.772461 0.425781 0.774414 0.425781 0.775391 0.424479 0.777344 0.424479 0.780273 0.421875 0.782227 0.421875 0.785156 0.419271 0.785156 0.407552 0.784180 0.406250 0.784180 0.404948 0.783203 0.404948 0.781250 0.402344 0.780273 0.402344 0.774414 0.394531 0.773438 0.394531 0.770508 0.391927 0.768555 0.391927 0.767578 0.390625 0.760742 0.390625 0.759766 0.391927 0.757812 0.391927 0.756836 0.393229 0.756836 0.397135 0.754883 0.399740 0.753906 0.398438 0.752930 0.394531 0.750977 0.394531 0.750000 0.395833 0.748047 0.395833
0 0.753906 0.429688 0.751953 0.432292 0.751953 0.433594 0.750977 0.434896 0.750977 0.438802 0.750000 0.440104 0.750000 0.441406 0.748047 0.445312 0.748047 0.447917 0.747070 0.449219 0.747070 0.458333 0.748047 0.459635 0.748047 0.460938 0.750000 0.463542 0.752930 0.464844 0.754883 0.467448 0.755859 0.467448 0.758789 0.470052 0.764648 0.470052 0.765625 0.468750 0.771484 0.468750 0.773438 0.466146 0.774414 0.466146 0.778320 0.458333 0.778320 0.450521 0.777344 0.449219 0.777344 0.446615 0.776367 0.445312 0.776367 0.442708 0.775391 0.441406 0.775391 0.440104 0.772461 0.436198 0.771484 0.436198 0.770508 0.434896 0.768555 0.434896 0.766602 0.432292 0.763672 0.432292 0.762695 0.430990 0.758789 0.430990 0.757812 0.429688
0 0.708008 0.446615 0.707031 0.447917 0.703125 0.447917 0.702148 0.449219 0.701172 0.449219 0.700195 0.450521 0.698242 0.450521 0.697266 0.451823 0.694336 0.451823 0.694336 0.453125 0.693359 0.454427 0.693359 0.462240 0.692383 0.463542 0.692383 0.476562 0.696289 0.481771 0.697266 0.481771 0.700195 0.484375 0.702148 0.484375 0.703125 0.485677 0.709961 0.485677 0.710938 0.484375 0.711914 0.484375 0.712891 0.483073 0.712891 0.481771 0.713867 0.480469 0.713867 0.479167 0.715820 0.475260 0.715820 0.470052 0.716797 0.468750 0.716797 0.466146 0.715820 0.464844 0.715820 0.463542 0.713867 0.459635 0.713867 0.457031 0.712891 0.455729 0.712891 0.453125
0 0.715820 0.455729 0.717773 0.459635 0.717773 0.471354 0.716797 0.472656 0.716797 0.481771 0.717773 0.483073 0.718750 0.483073 0.719727 0.484375 0.720703 0.484375 0.722656 0.486979 0.725586 0.486979 0.726562 0.488281 0.728516 0.488281 0.729492 0.486979 0.735352 0.486979 0.738281 0.484375 0.740234 0.484375 0.741211 0.483073 0.742188 0.483073 0.745117 0.479167 0.745117 0.476562 0.746094 0.475260 0.745117 0.473958 0.745117 0.467448 0.744141 0.466146 0.744141 0.462240 0.743164 0.460938 0.743164 0.459635 0.742188 0.459635 0.740234 0.457031 0.739258 0.457031 0.738281 0.455729 0.737305 0.455729 0.736328 0.454427 0.735352 0.454427 0.732422 0.451823 0.722656 0.451823 0.721680 0.450521 0.719727 0.450521
0 0.714844 0.486979 0.711914 0.486979 0.710938 0.488281 0.707031 0.488281 0.706055 0.489583 0.704102 0.489583 0.703125 0.490885 0.702148 0.490885 0.702148 0.492188 0.701172 0.493490 0.700195 0.493490 0.698242 0.496094 0.698242 0.514323 0.699219 0.515625 0.699219 0.518229 0.703125 0.523438 0.704102 0.523438 0.705078 0.524740 0.706055 0.524740 0.708984 0.528646 0.713867 0.528646 0.716797 0.526042 0.718750 0.526042 0.719727 0.524740 0.720703 0.524740 0.723633 0.520833 0.723633 0.519531 0.724609 0.518229 0.724609 0.516927 0.726562 0.513021 0.726562 0.505208 0.724609 0.502604 0.724609 0.501302 0.723633 0.500000 0.723633 0.498698 0.720703 0.494792 0.720703 0.493490 0.716797 0.488281 0.715820 0.488281
0 0.726562 0.497396 0.726562 0.500000 0.725586 0.501302 0.725586 0.502604 0.726562 0.503906 0.726562 0.514323 0.725586 0.515625 0.725586 0.518229 0.724609 0.519531 0.724609 0.526042 0.725586 0.527344 0.725586 0.528646 0.726562 0.528646 0.729492 0.532552 0.730469 0.532552 0.731445 0.533854 0.744141 0.533854 0.748047 0.528646 0.748047 0.527344 0.749023 0.526042 0.749023 0.522135 0.750000 0.520833 0.750000 0.511719 0.748047 0.509115 0.748047 0.507812 0.747070 0.506510 0.747070 0.503906 0.746094 0.502604 0.746094 0.501302 0.744141 0.498698 0.741211 0.498698 0.740234 0.497396 0.734375 0.497396 0.733398 0.496094 0.728516 0.496094 0.727539 0.497396
0 0.751953 0.473958 0.750000 0.476562 0.750000 0.477865 0.747070 0.484375 0.747070 0.486979 0.746094 0.488281 0.746094 0.494792 0.747070 0.496094 0.747070 0.498698 0.748047 0.500000 0.748047 0.506510 0.749023 0.507812 0.749023 0.509115 0.752930 0.514323 0.754883 0.514323 0.755859 0.515625 0.757812 0.515625 0.758789 0.516927 0.760742 0.516927 0.761719 0.518229 0.765625 0.518229 0.766602 0.519531 0.771484 0.519531 0.772461 0.518229 0.772461 0.514323 0.774414 0.511719 0.774414 0.510417 0.776367 0.507812 0.776367 0.506510 0.778320 0.503906 0.778320 0.502604 0.779297 0.501302 0.779297 0.494792 0.778320 0.493490 0.778320 0.490885 0.776367 0.486979 0.776367 0.484375 0.775391 0.483073 0.775391 0.481771 0.771484 0.476562 0.765625 0.476562 0.764648 0.475260 0.758789 0.475260 0.757812 0.473958 0.755859 0.473958 0.754883 0.472656 0.753906 0.473958
0 0.784180 0.494792 0.781250 0.497396 0.781250 0.498698 0.780273 0.500000 0.780273 0.501302 0.778320 0.503906 0.778320 0.505208 0.776367 0.507812 0.776367 0.509115 0.774414 0.511719 0.774414 0.513021 0.772461 0.516927 0.772461 0.520833 0.771484 0.522135 0.772461 0.523438 0.772461 0.524740 0.774414 0.527344 0.774414 0.528646 0.778320 0.533854 0.779297 0.533854 0.782227 0.536458 0.788086 0.536458 0.789062 0.535156 0.791016 0.535156 0.791992 0.533854 0.792969 0.533854 0.797852 0.527344 0.797852 0.526042 0.799805 0.522135 0.798828 0.520833 0.798828 0.507812 0.797852 0.506510 0.797852 0.502604 0.794922 0.498698 0.793945 0.498698 0.791992 0.496094 0.791016 0.496094 0.790039 0.494792
0 0.727539 0.532552 0.723633 0.527344 0.717773 0.527344 0.716797 0.528646 0.714844 0.528646 0.711914 0.531250 0.709961 0.531250 0.708984 0.532552 0.707031 0.532552 0.705078 0.535156 0.702148 0.535156 0.701172 0.536458 0.695312 0.536458 0.694336 0.537760 0.693359 0.537760 0.693359 0.542969 0.694336 0.544271 0.694336 0.546875 0.695312 0.548177 0.695312 0.549479 0.696289 0.550781 0.696289 0.552083 0.699219 0.555990 0.701172 0.555990 0.702148 0.557292 0.703125 0.557292 0.706055 0.559896 0.708008 0.559896 0.708984 0.561198 0.716797 0.561198 0.719727 0.557292 0.720703 0.557292 0.721680 0.555990 0.721680 0.554688 0.722656 0.553385 0.722656 0.552083 0.724609 0.549479 0.724609 0.546875 0.725586 0.545573 0.725586 0.542969 0.727539 0.539062
0 0.728516 0.550781 0.727539 0.552083 0.726562 0.552083 0.720703 0.559896 0.720703 0.561198 0.719727 0.562500 0.719727 0.565104 0.720703 0.566406 0.720703 0.567708 0.730469 0.580729 0.730469 0.582031 0.731445 0.583333 0.732422 0.583333 0.733398 0.582031 0.734375 0.582031 0.736328 0.579427 0.736328 0.578125 0.737305 0.576823 0.737305 0.575521 0.738281 0.574219 0.738281 0.572917 0.739258 0.571615 0.739258 0.570312 0.740234 0.569010 0.740234 0.558594 0.736328 0.553385 0.736328 0.552083 0.735352 0.552083 0.734375 0.550781
0 0.704102 0.563802 0.704102 0.570312 0.702148 0.574219 0.704102 0.576823 0.704102 0.578125 0.705078 0.578125 0.706055 0.579427 0.706055 0.580729 0.702148 0.585938 0.699219 0.585938 0.697266 0.582031 0.697266 0.579427 0.699219 0.575521 0.698242 0.574219 0.697266 0.574219 0.696289 0.575521 0.696289 0.585938 0.697266 0.587240 0.697266 0.591146 0.698242 0.591146 0.706055 0.602865 0.707031 0.602865 0.708008 0.604167 0.709961 0.604167 0.713867 0.608073 0.723633 0.608073 0.724609 0.606771 0.727539 0.605469 0.727539 0.604167 0.731445 0.598958 0.731445 0.597656 0.732422 0.596354 0.732422 0.587240 0.728516 0.582031 0.727539 0.578125 0.722656 0.571615 0.721680 0.571615 0.719727 0.569010 0.718750 0.569010 0.713867 0.565104 0.708008 0.565104 0.707031 0.563802
0 0.675781 0.574219 0.672852 0.570312 0.670898 0.570312 0.669922 0.569010 0.668945 0.569010 0.666016 0.571615 0.655273 0.571615 0.654297 0.570312 0.651367 0.570312 0.650391 0.571615 0.649414 0.571615 0.646484 0.575521 0.646484 0.584635 0.647461 0.585938 0.647461 0.588542 0.648438 0.589844 0.648438 0.591146 0.651367 0.595052 0.651367 0.596354 0.652344 0.597656 0.653320 0.597656 0.655273 0.600260 0.656250 0.600260 0.657227 0.601562 0.663086 0.601562 0.664062 0.602865 0.665039 0.602865 0.666016 0.601562 0.666992 0.601562 0.671875 0.595052 0.671875 0.593750 0.675781 0.588542 0.675781 0.587240 0.676758 0.585938 0.676758 0.576823 0.675781 0.575521
0 0.676758 0.591146 0.674805 0.593750 0.673828 0.593750 0.672852 0.595052 0.672852 0.596354 0.669922 0.600260 0.668945 0.600260 0.667969 0.601562 0.667969 0.602865 0.666992 0.604167 0.666992 0.609375 0.667969 0.610677 0.667969 0.613281 0.668945 0.614583 0.668945 0.617188 0.669922 0.618490 0.669922 0.619792 0.673828 0.625000 0.674805 0.625000 0.675781 0.626302 0.676758 0.626302 0.677734 0.627604 0.678711 0.627604 0.679688 0.628906 0.682617 0.628906 0.683594 0.627604 0.684570 0.627604 0.688477 0.622396 0.688477 0.621094 0.689453 0.619792 0.689453 0.618490 0.692383 0.614583 0.692383 0.613281 0.693359 0.611979 0.693359 0.610677 0.692383 0.609375 0.692383 0.601562 0.690430 0.598958 0.690430 0.597656 0.689453 0.596354 0.689453 0.595052 0.688477 0.595052 0.686523 0.592448 0.684570 0.592448 0.683594 0.591146
0 0.696289 0.592448 0.694336 0.595052 0.694336 0.596354 0.693359 0.597656 0.693359 0.600260 0.692383 0.601562 0.692383 0.606771 0.693359 0.608073 0.693359 0.613281 0.694336 0.614583 0.694336 0.615885 0.695312 0.615885 0.696289 0.617188 0.699219 0.617188 0.700195 0.618490 0.702148 0.618490 0.703125 0.617188 0.706055 0.617188 0.707031 0.615885 0.708008 0.615885 0.708984 0.614583 0.709961 0.614583 0.712891 0.610677 0.712891 0.608073 0.711914 0.606771 0.710938 0.606771 0.709961 0.605469 0.708984 0.605469 0.708008 0.604167 0.707031 0.604167 0.700195 0.595052 0.699219 0.595052 0.697266 0.592448
0 0.704102 0.626302 0.703125 0.627604 0.701172 0.627604 0.699219 0.630208 0.697266 0.630208 0.696289 0.631510 0.696289 0.632812 0.695312 0.634115 0.695312 0.636719 0.693359 0.640625 0.693359 0.644531 0.692383 0.645833 0.692383 0.648438 0.693359 0.649740 0.693359 0.653646 0.694336 0.654948 0.694336 0.658854 0.695312 0.660156 0.695312 0.664062 0.696289 0.665365 0.696289 0.666667 0.698242 0.669271 0.699219 0.669271 0.700195 0.670573 0.705078 0.670573 0.708008 0.673177 0.709961 0.673177 0.710938 0.674479 0.712891 0.674479 0.714844 0.671875 0.714844 0.670573 0.721680 0.661458 0.721680 0.660156 0.723633 0.657552 0.723633 0.648438 0.722656 0.647135 0.722656 0.645833 0.721680 0.644531 0.720703 0.640625 0.716797 0.635417 0.716797 0.634115 0.712891 0.634115 0.708984 0.628906 0.708008 0.628906 0.707031 0.627604 0.705078 0.627604
0 0.726562 0.614583 0.724609 0.617188 0.723633 0.617188 0.721680 0.619792 0.721680 0.621094 0.720703 0.622396 0.720703 0.628906 0.719727 0.630208 0.719727 0.631510 0.721680 0.635417 0.721680 0.638021 0.723633 0.640625 0.723633 0.641927 0.725586 0.644531 0.727539 0.644531 0.728516 0.645833 0.729492 0.645833 0.732422 0.648438 0.741211 0.648438 0.742188 0.647135 0.743164 0.647135 0.744141 0.645833 0.745117 0.645833 0.746094 0.644531 0.747070 0.644531 0.747070 0.643229 0.749023 0.639323 0.749023 0.636719 0.750000 0.635417 0.750000 0.625000 0.746094 0.619792 0.745117 0.619792 0.741211 0.614583 0.740234 0.614583 0.739258 0.613281 0.735352 0.613281 0.734375 0.614583
0 0.754883 0.615885 0.753906 0.617188 0.752930 0.617188 0.750977 0.619792 0.750977 0.623698 0.751953 0.625000 0.751953 0.631510 0.750977 0.632812 0.750977 0.635417 0.750000 0.636719 0.750000 0.641927 0.749023 0.643229 0.750000 0.644531 0.750000 0.645833 0.751953 0.648438 0.752930 0.648438 0.753906 0.649740 0.754883 0.649740 0.755859 0.651042 0.756836 0.651042 0.757812 0.652344 0.758789 0.652344 0.759766 0.653646 0.763672 0.653646 0.765625 0.651042 0.766602 0.651042 0.769531 0.647135 0.769531 0.645833 0.770508 0.644531 0.770508 0.643229 0.771484 0.641927 0.771484 0.640625 0.772461 0.639323 0.772461 0.630208 0.771484 0.628906 0.771484 0.627604 0.770508 0.626302 0.769531 0.626302 0.766602 0.622396 0.765625 0.622396 0.764648 0.621094 0.763672 0.621094 0.762695 0.619792 0.761719 0.619792 0.760742 0.618490 0.758789 0.618490 0.757812 0.617188 0.756836 0.617188 0.755859 0.615885
0 0.774414 0.572917 0.763672 0.572917 0.758789 0.579427 0.758789 0.580729 0.754883 0.585938 0.753906 0.585938 0.753906 0.587240 0.752930 0.588542 0.752930 0.591146 0.750977 0.593750 0.750977 0.597656 0.751953 0.598958 0.751953 0.600260 0.753906 0.602865 0.754883 0.602865 0.759766 0.609375 0.760742 0.609375 0.762695 0.611979 0.763672 0.611979 0.764648 0.613281 0.768555 0.613281 0.770508 0.610677 0.770508 0.609375 0.774414 0.604167 0.775391 0.604167 0.777344 0.601562 0.777344 0.598958 0.778320 0.597656 0.778320 0.595052 0.779297 0.593750 0.779297 0.589844 0.780273 0.588542 0.780273 0.580729 0.779297 0.579427 0.779297 0.578125 0.778320 0.578125
0 0.783203 0.591146 0.782227 0.591146 0.779297 0.595052 0.779297 0.596354 0.778320 0.597656 0.778320 0.600260 0.777344 0.601562 0.777344 0.602865 0.775391 0.605469 0.773438 0.605469 0.770508 0.609375 0.770508 0.610677 0.767578 0.614583 0.766602 0.614583 0.765625 0.615885 0.765625 0.621094 0.767578 0.623698 0.768555 0.623698 0.772461 0.628906 0.772461 0.630208 0.774414 0.634115 0.778320 0.634115 0.779297 0.632812 0.782227 0.632812 0.784180 0.630208 0.785156 0.630208 0.788086 0.626302 0.788086 0.625000 0.790039 0.621094 0.790039 0.618490 0.791016 0.617188 0.791016 0.615885 0.789062 0.613281 0.789062 0.611979 0.787109 0.608073 0.787109 0.604167 0.788086 0.602865 0.788086 0.598958 0.787109 0.597656 0.787109 0.596354
0 0.794922 0.613281 0.793945 0.614583 0.792969 0.614583 0.792969 0.615885 0.791992 0.617188 0.791992 0.621094 0.791016 0.622396 0.791016 0.623698 0.787109 0.628906 0.787109 0.630208 0.785156 0.632812 0.785156 0.635417 0.784180 0.636719 0.784180 0.638021 0.785156 0.639323 0.786133 0.643229 0.790039 0.648438 0.790039 0.649740 0.794922 0.656250 0.795898 0.656250 0.798828 0.658854 0.802734 0.658854 0.803711 0.660156 0.808594 0.660156 0.809570 0.658854 0.810547 0.658854 0.810547 0.634115 0.811523 0.632812 0.811523 0.625000 0.810547 0.623698 0.810547 0.622396 0.809570 0.621094 0.808594 0.621094 0.803711 0.614583 0.802734 0.614583 0.801758 0.613281
0 0.735352 0.673177 0.734375 0.673177 0.733398 0.674479 0.719727 0.674479 0.718750 0.675781 0.716797 0.675781 0.713867 0.679688 0.713867 0.680990 0.711914 0.684896 0.711914 0.692708 0.713867 0.695312 0.713867 0.696615 0.715820 0.699219 0.715820 0.703125 0.717773 0.705729 0.723633 0.705729 0.724609 0.704427 0.728516 0.704427 0.729492 0.703125 0.731445 0.703125 0.734375 0.700521 0.736328 0.700521 0.736328 0.699219 0.737305 0.697917 0.737305 0.694010 0.738281 0.692708 0.738281 0.691406 0.740234 0.688802 0.739258 0.687500 0.739258 0.684896 0.738281 0.683594 0.738281 0.679688 0.736328 0.677083 0.736328 0.674479
0 0.731445 0.656250 0.731445 0.661458 0.734375 0.665365 0.734375 0.666667 0.735352 0.667969 0.735352 0.673177 0.737305 0.675781 0.737305 0.677083 0.738281 0.678385 0.738281 0.679688 0.739258 0.680990 0.739258 0.684896 0.740234 0.686198 0.740234 0.688802 0.741211 0.690104 0.740234 0.691406 0.740234 0.695312 0.741211 0.695312 0.742188 0.696615 0.743164 0.696615 0.746094 0.692708 0.747070 0.692708 0.750000 0.688802 0.750000 0.686198 0.750977 0.684896 0.750977 0.683594 0.750000 0.682292 0.750000 0.674479 0.749023 0.673177 0.749023 0.667969 0.747070 0.665365 0.747070 0.664062 0.746094 0.664062 0.743164 0.660156 0.743164 0.658854 0.742188 0.658854 0.740234 0.656250 0.739258 0.656250 0.736328 0.660156 0.735352 0.660156 0.732422 0.656250
0 0.800781 0.537760 0.798828 0.537760 0.797852 0.536458 0.790039 0.536458 0.789062 0.537760 0.786133 0.537760 0.785156 0.539062 0.782227 0.539062 0.780273 0.541667 0.780273 0.542969 0.778320 0.545573 0.778320 0.546875 0.777344 0.548177 0.777344 0.549479 0.776367 0.550781 0.776367 0.552083 0.775391 0.553385 0.775391 0.555990 0.776367 0.557292 0.776367 0.559896 0.779297 0.563802 0.780273 0.563802 0.781250 0.565104 0.782227 0.565104 0.783203 0.566406 0.784180 0.566406 0.785156 0.567708 0.791016 0.567708 0.791992 0.566406 0.795898 0.566406 0.796875 0.565104 0.798828 0.565104 0.800781 0.562500 0.800781 0.559896 0.801758 0.558594 0.801758 0.555990 0.802734 0.554688 0.802734 0.542969 0.801758 0.541667 0.801758 0.539062
0 0.822266 0.552083 0.819336 0.552083 0.818359 0.553385 0.813477 0.553385 0.812500 0.554688 0.810547 0.554688 0.809570 0.555990 0.804688 0.555990 0.802734 0.558594 0.802734 0.559896 0.801758 0.561198 0.801758 0.562500 0.800781 0.563802 0.800781 0.565104 0.802734 0.567708 0.802734 0.569010 0.806641 0.574219 0.807617 0.574219 0.809570 0.576823 0.810547 0.576823 0.816406 0.584635 0.819336 0.584635 0.822266 0.580729 0.823242 0.580729 0.826172 0.576823 0.826172 0.574219 0.827148 0.572917 0.827148 0.558594 0.826172 0.557292 0.826172 0.555990 0.825195 0.554688 0.824219 0.554688
0 0.825195 0.492188 0.824219 0.493490 0.822266 0.493490 0.820312 0.496094 0.818359 0.496094 0.817383 0.497396 0.815430 0.497396 0.813477 0.500000 0.813477 0.501302 0.812500 0.502604 0.812500 0.505208 0.811523 0.506510 0.811523 0.509115 0.810547 0.510417 0.810547 0.516927 0.811523 0.518229 0.811523 0.519531 0.813477 0.522135 0.813477 0.523438 0.814453 0.524740 0.814453 0.526042 0.815430 0.527344 0.816406 0.531250 0.817383 0.531250 0.818359 0.532552 0.819336 0.532552 0.820312 0.533854 0.821289 0.533854 0.824219 0.536458 0.831055 0.536458 0.832031 0.535156 0.834961 0.533854 0.839844 0.527344 0.839844 0.524740 0.840820 0.523438 0.840820 0.506510 0.838867 0.503906 0.838867 0.502604 0.833984 0.496094 0.831055 0.496094 0.830078 0.494792 0.829102 0.494792 0.828125 0.493490 0.826172 0.493490
0 0.842773 0.509115 0.841797 0.510417 0.841797 0.523438 0.840820 0.524740 0.840820 0.527344 0.839844 0.528646 0.839844 0.529948 0.836914 0.533854 0.837891 0.535156 0.837891 0.537760 0.838867 0.537760 0.841797 0.541667 0.842773 0.541667 0.843750 0.542969 0.844727 0.542969 0.845703 0.544271 0.846680 0.544271 0.849609 0.546875 0.852539 0.546875 0.853516 0.545573 0.857422 0.545573 0.858398 0.544271 0.861328 0.544271 0.868164 0.535156 0.868164 0.533854 0.869141 0.532552 0.869141 0.529948 0.870117 0.528646 0.870117 0.526042 0.869141 0.524740 0.869141 0.522135 0.866211 0.518229 0.866211 0.516927 0.865234 0.515625 0.865234 0.513021 0.863281 0.510417 0.862305 0.510417 0.859375 0.507812 0.856445 0.507812 0.855469 0.506510 0.846680 0.506510 0.845703 0.507812
0 0.863281 0.470052 0.862305 0.471354 0.863281 0.471354 0.864258 0.472656 0.864258 0.473958 0.865234 0.475260 0.865234 0.476562 0.864258 0.477865 0.864258 0.480469 0.863281 0.481771 0.863281 0.483073 0.861328 0.486979 0.861328 0.489583 0.860352 0.490885 0.860352 0.498698 0.859375 0.500000 0.859375 0.501302 0.862305 0.505208 0.862305 0.506510 0.864258 0.509115 0.866211 0.509115 0.867188 0.510417 0.870117 0.510417 0.871094 0.511719 0.874023 0.511719 0.875000 0.510417 0.876953 0.510417 0.877930 0.509115 0.877930 0.505208 0.878906 0.503906 0.878906 0.501302 0.879883 0.500000 0.879883 0.496094 0.880859 0.494792 0.880859 0.490885 0.881836 0.489583 0.881836 0.479167 0.880859 0.477865 0.880859 0.476562 0.878906 0.473958 0.877930 0.473958 0.876953 0.472656 0.876953 0.471354 0.871094 0.471354 0.870117 0.470052
0 0.903320 0.464844 0.902344 0.466146 0.900391 0.466146 0.899414 0.467448 0.898438 0.467448 0.897461 0.468750 0.897461 0.471354 0.895508 0.473958 0.894531 0.473958 0.894531 0.475260 0.891602 0.479167 0.888672 0.479167 0.886719 0.481771 0.886719 0.483073 0.888672 0.485677 0.888672 0.488281 0.887695 0.489583 0.887695 0.490885 0.888672 0.492188 0.888672 0.494792 0.889648 0.496094 0.890625 0.496094 0.891602 0.497396 0.892578 0.497396 0.894531 0.500000 0.895508 0.500000 0.898438 0.502604 0.900391 0.502604 0.901367 0.503906 0.905273 0.503906 0.906250 0.502604 0.908203 0.502604 0.911133 0.498698 0.912109 0.498698 0.915039 0.494792 0.916016 0.494792 0.919922 0.486979 0.919922 0.480469 0.918945 0.479167 0.918945 0.477865 0.916992 0.475260 0.916016 0.475260 0.915039 0.473958 0.915039 0.472656 0.912109 0.468750 0.911133 0.468750 0.908203 0.466146 0.904297 0.466146
0 0.906250 0.506510 0.906250 0.509115 0.907227 0.510417 0.907227 0.513021 0.906250 0.514323 0.906250 0.518229 0.905273 0.519531 0.905273 0.527344 0.906250 0.528646 0.910156 0.528646 0.911133 0.529948 0.926758 0.529948 0.927734 0.528646 0.928711 0.528646 0.930664 0.526042 0.931641 0.526042 0.931641 0.524740 0.933594 0.522135 0.933594 0.519531 0.934570 0.518229 0.934570 0.516927 0.933594 0.515625 0.933594 0.511719 0.930664 0.507812 0.930664 0.506510 0.925781 0.500000 0.924805 0.500000 0.923828 0.498698 0.914062 0.498698 0.913086 0.500000 0.912109 0.500000 0.911133 0.501302 0.910156 0.501302
0 0.915039 0.437500 0.914062 0.438802 0.912109 0.438802 0.911133 0.440104 0.910156 0.440104 0.906250 0.445312 0.906250 0.446615 0.904297 0.449219 0.904297 0.457031 0.905273 0.458333 0.905273 0.462240 0.907227 0.464844 0.909180 0.464844 0.910156 0.466146 0.911133 0.466146 0.916016 0.472656 0.916992 0.472656 0.918945 0.475260 0.922852 0.475260 0.924805 0.472656 0.925781 0.472656 0.927734 0.470052 0.928711 0.470052 0.930664 0.467448 0.931641 0.467448 0.932617 0.466146 0.932617 0.464844 0.933594 0.463542 0.933594 0.462240 0.935547 0.458333 0.935547 0.453125 0.934570 0.451823 0.934570 0.450521 0.933594 0.449219 0.933594 0.447917 0.931641 0.445312 0.931641 0.444010 0.929688 0.441406 0.928711 0.441406 0.926758 0.438802 0.925781 0.438802 0.924805 0.437500
0 0.871094 0.417969 0.865234 0.417969 0.864258 0.419271 0.860352 0.419271 0.859375 0.420573 0.858398 0.420573 0.857422 0.421875 0.854492 0.423177 0.854492 0.424479 0.851562 0.428385 0.851562 0.434896 0.850586 0.436198 0.850586 0.444010 0.851562 0.445312 0.852539 0.449219 0.854492 0.451823 0.855469 0.451823 0.858398 0.455729 0.860352 0.455729 0.861328 0.457031 0.869141 0.457031 0.870117 0.455729 0.872070 0.455729 0.875000 0.453125 0.876953 0.453125 0.877930 0.451823 0.880859 0.450521 0.884766 0.445312 0.884766 0.437500 0.883789 0.436198 0.883789 0.433594 0.882812 0.432292 0.881836 0.428385 0.880859 0.427083 0.879883 0.427083 0.875000 0.420573 0.874023 0.420573
0 0.818359 0.447917 0.818359 0.449219 0.816406 0.451823 0.816406 0.459635 0.818359 0.462240 0.818359 0.463542 0.819336 0.464844 0.819336 0.466146 0.821289 0.468750 0.821289 0.470052 0.823242 0.472656 0.824219 0.472656 0.825195 0.473958 0.828125 0.473958 0.829102 0.475260 0.830078 0.475260 0.831055 0.473958 0.835938 0.473958 0.836914 0.472656 0.841797 0.472656 0.844727 0.468750 0.844727 0.467448 0.846680 0.464844 0.846680 0.463542 0.848633 0.459635 0.848633 0.457031 0.849609 0.455729 0.844727 0.449219 0.843750 0.449219 0.842773 0.447917 0.841797 0.447917 0.840820 0.446615 0.839844 0.446615 0.836914 0.444010 0.834961 0.444010 0.833984 0.442708 0.823242 0.442708 0.822266 0.444010 0.821289 0.444010
0 0.821289 0.470052 0.817383 0.464844 0.816406 0.464844 0.814453 0.462240 0.809570 0.462240 0.808594 0.463542 0.805664 0.464844 0.803711 0.467448 0.799805 0.467448 0.798828 0.468750 0.792969 0.468750 0.791992 0.470052 0.787109 0.470052 0.787109 0.471354 0.786133 0.472656 0.786133 0.477865 0.788086 0.480469 0.788086 0.483073 0.789062 0.484375 0.789062 0.486979 0.792969 0.492188 0.793945 0.492188 0.795898 0.494792 0.799805 0.494792 0.800781 0.496094 0.810547 0.496094 0.811523 0.494792 0.815430 0.494792 0.816406 0.493490 0.819336 0.492188 0.823242 0.486979 0.823242 0.483073 0.824219 0.481771 0.824219 0.480469 0.823242 0.479167 0.823242 0.475260 0.821289 0.472656
0 0.788086 0.427083 0.785156 0.430990 0.784180 0.434896 0.782227 0.437500 0.782227 0.438802 0.781250 0.440104 0.781250 0.445312 0.782227 0.446615 0.782227 0.449219 0.783203 0.450521 0.783203 0.454427 0.784180 0.455729 0.785156 0.459635 0.786133 0.460938 0.787109 0.460938 0.790039 0.463542 0.792969 0.463542 0.793945 0.464844 0.803711 0.464844 0.804688 0.463542 0.805664 0.463542 0.808594 0.460938 0.810547 0.460938 0.813477 0.457031 0.813477 0.451823 0.814453 0.450521 0.814453 0.440104 0.813477 0.438802 0.813477 0.437500 0.811523 0.434896 0.808594 0.434896 0.807617 0.433594 0.804688 0.433594 0.802734 0.430990 0.801758 0.430990 0.798828 0.428385 0.796875 0.428385 0.795898 0.427083 0.793945 0.427083 0.792969 0.425781 0.790039 0.425781 0.789062 0.427083
0 0.801758 0.419271 0.801758 0.421875 0.800781 0.423177 0.800781 0.424479 0.801758 0.425781 0.801758 0.428385 0.802734 0.429688 0.803711 0.429688 0.804688 0.430990 0.806641 0.430990 0.807617 0.432292 0.809570 0.432292 0.810547 0.433594 0.812500 0.433594 0.814453 0.436198 0.815430 0.436198 0.816406 0.437500 0.818359 0.437500 0.819336 0.438802 0.829102 0.438802 0.830078 0.437500 0.831055 0.437500 0.832031 0.436198 0.833008 0.436198 0.834961 0.433594 0.834961 0.432292 0.835938 0.430990 0.835938 0.427083 0.830078 0.419271 0.830078 0.417969 0.820312 0.404948 0.819336 0.404948 0.818359 0.403646 0.815430 0.403646 0.814453 0.402344 0.813477 0.403646 0.812500 0.403646 0.811523 0.404948 0.810547 0.404948 0.809570 0.406250 0.808594 0.406250 0.805664 0.410156 0.805664 0.411458 0.803711 0.414062 0.803711 0.416667
0 0.793945 0.373698 0.792969 0.375000 0.791992 0.375000 0.791016 0.376302 0.790039 0.376302 0.789062 0.377604 0.788086 0.377604 0.785156 0.380208 0.785156 0.381510 0.784180 0.382812 0.784180 0.384115 0.782227 0.388021 0.782227 0.398438 0.786133 0.403646 0.787109 0.403646 0.790039 0.407552 0.791016 0.407552 0.795898 0.414062 0.796875 0.414062 0.799805 0.416667 0.802734 0.416667 0.802734 0.415365 0.803711 0.414062 0.803711 0.412760 0.804688 0.411458 0.804688 0.410156 0.809570 0.403646 0.810547 0.403646 0.811523 0.402344 0.811523 0.398438 0.812500 0.397135 0.812500 0.391927 0.811523 0.390625 0.811523 0.389323 0.809570 0.385417 0.809570 0.382812 0.808594 0.381510 0.807617 0.381510 0.802734 0.375000 0.801758 0.375000 0.800781 0.373698
0 0.834961 0.367188 0.836914 0.369792 0.836914 0.371094 0.834961 0.373698 0.833984 0.373698 0.833008 0.375000 0.832031 0.375000 0.829102 0.377604 0.829102 0.378906 0.828125 0.380208 0.828125 0.382812 0.827148 0.384115 0.827148 0.385417 0.825195 0.389323 0.825195 0.391927 0.824219 0.393229 0.824219 0.398438 0.825195 0.399740 0.826172 0.399740 0.827148 0.401042 0.828125 0.401042 0.829102 0.402344 0.830078 0.402344 0.831055 0.403646 0.832031 0.403646 0.834961 0.406250 0.836914 0.406250 0.839844 0.408854 0.845703 0.408854 0.848633 0.406250 0.848633 0.403646 0.849609 0.402344 0.849609 0.398438 0.850586 0.397135 0.850586 0.386719 0.848633 0.382812 0.848633 0.380208 0.847656 0.378906 0.847656 0.376302 0.845703 0.373698 0.844727 0.373698 0.841797 0.371094 0.839844 0.371094 0.837891 0.368490 0.837891 0.367188
0 0.850586 0.376302 0.850586 0.381510 0.851562 0.382812 0.851562 0.389323 0.852539 0.390625 0.852539 0.394531 0.851562 0.395833 0.851562 0.401042 0.850586 0.402344 0.850586 0.407552 0.851562 0.408854 0.851562 0.410156 0.853516 0.412760 0.854492 0.412760 0.855469 0.414062 0.867188 0.414062 0.868164 0.412760 0.870117 0.412760 0.871094 0.411458 0.874023 0.411458 0.875000 0.410156 0.876953 0.410156 0.878906 0.407552 0.879883 0.407552 0.882812 0.403646 0.882812 0.402344 0.881836 0.401042 0.881836 0.398438 0.880859 0.397135 0.880859 0.395833 0.879883 0.394531 0.879883 0.393229 0.878906 0.391927 0.878906 0.390625 0.877930 0.389323 0.876953 0.385417 0.875000 0.382812 0.875000 0.381510 0.873047 0.378906 0.872070 0.378906 0.869141 0.375000 0.868164 0.375000 0.865234 0.372396 0.862305 0.372396 0.861328 0.371094 0.857422 0.371094 0.855469 0.373698 0.854492 0.373698 0.853516 0.375000 0.851562 0.375000
0 0.892578 0.401042 0.884766 0.401042 0.883789 0.402344 0.883789 0.403646 0.879883 0.408854 0.878906 0.408854 0.875977 0.412760 0.875977 0.415365 0.875000 0.416667 0.875000 0.417969 0.875977 0.419271 0.875977 0.420573 0.883789 0.430990 0.883789 0.432292 0.885742 0.434896 0.884766 0.436198 0.884766 0.440104 0.886719 0.442708 0.888672 0.442708 0.889648 0.441406 0.891602 0.441406 0.892578 0.440104 0.894531 0.440104 0.895508 0.438802 0.896484 0.438802 0.896484 0.437500 0.897461 0.436198 0.897461 0.430990 0.896484 0.429688 0.896484 0.421875 0.897461 0.420573 0.897461 0.412760 0.895508 0.408854 0.895508 0.403646
0 0.901367 0.403646 0.901367 0.406250 0.899414 0.408854 0.899414 0.410156 0.898438 0.411458 0.898438 0.424479 0.899414 0.425781 0.899414 0.430990 0.902344 0.434896 0.910156 0.434896 0.911133 0.436198 0.912109 0.436198 0.913086 0.434896 0.915039 0.434896 0.916016 0.433594 0.925781 0.433594 0.928711 0.430990 0.928711 0.429688 0.931641 0.425781 0.931641 0.424479 0.933594 0.421875 0.933594 0.419271 0.934570 0.417969 0.934570 0.414062 0.935547 0.412760 0.935547 0.408854 0.932617 0.404948 0.930664 0.404948 0.929688 0.403646 0.926758 0.403646 0.925781 0.402344 0.921875 0.402344 0.920898 0.401042 0.916016 0.401042 0.915039 0.399740 0.909180 0.399740 0.908203 0.398438 0.907227 0.398438 0.906250 0.399740 0.904297 0.399740
0 0.876953 0.365885 0.875977 0.367188 0.875977 0.375000 0.876953 0.376302 0.876953 0.378906 0.877930 0.380208 0.877930 0.382812 0.878906 0.384115 0.878906 0.386719 0.879883 0.388021 0.879883 0.390625 0.881836 0.393229 0.881836 0.394531 0.882812 0.395833 0.883789 0.395833 0.886719 0.398438 0.892578 0.398438 0.893555 0.399740 0.898438 0.399740 0.899414 0.398438 0.900391 0.398438 0.900391 0.381510 0.899414 0.380208 0.899414 0.371094 0.898438 0.369792 0.898438 0.368490 0.897461 0.367188 0.897461 0.365885 0.894531 0.361979 0.882812 0.361979 0.881836 0.363281 0.880859 0.363281 0.878906 0.365885
0 0.903320 0.338542 0.902344 0.339844 0.902344 0.350260 0.898438 0.355469 0.898438 0.356771 0.897461 0.358073 0.897461 0.360677 0.900391 0.364583 0.900391 0.365885 0.901367 0.367188 0.901367 0.369792 0.902344 0.371094 0.903320 0.371094 0.904297 0.372396 0.906250 0.372396 0.907227 0.373698 0.917969 0.373698 0.918945 0.372396 0.924805 0.372396 0.925781 0.371094 0.926758 0.371094 0.926758 0.369792 0.929688 0.365885 0.929688 0.363281 0.930664 0.361979 0.930664 0.351562 0.929688 0.350260 0.929688 0.347656 0.928711 0.346354 0.928711 0.345052 0.922852 0.337240 0.919922 0.337240 0.918945 0.335938 0.909180 0.335938 0.908203 0.334635 0.907227 0.335938 0.906250 0.335938 0.904297 0.338542
0 0.861328 0.319010 0.860352 0.319010 0.858398 0.316406 0.857422 0.316406 0.854492 0.313802 0.850586 0.313802 0.847656 0.316406 0.847656 0.317708 0.846680 0.319010 0.846680 0.324219 0.844727 0.326823 0.844727 0.328125 0.843750 0.329427 0.843750 0.330729 0.842773 0.332031 0.841797 0.335938 0.839844 0.338542 0.839844 0.339844 0.838867 0.341146 0.838867 0.343750 0.836914 0.346354 0.836914 0.352865 0.838867 0.356771 0.853516 0.356771 0.854492 0.355469 0.855469 0.355469 0.856445 0.354167 0.857422 0.354167 0.858398 0.352865 0.859375 0.352865 0.860352 0.351562 0.861328 0.351562 0.864258 0.348958 0.864258 0.346354 0.865234 0.345052 0.865234 0.343750 0.867188 0.341146 0.867188 0.338542 0.868164 0.337240 0.868164 0.330729 0.865234 0.326823 0.864258 0.326823 0.863281 0.325521 0.863281 0.324219 0.862305 0.322917
0 0.808594 0.302083 0.807617 0.303385 0.805664 0.303385 0.803711 0.305990 0.803711 0.307292 0.801758 0.309896 0.801758 0.317708 0.800781 0.319010 0.800781 0.322917 0.799805 0.324219 0.799805 0.328125 0.800781 0.329427 0.800781 0.335938 0.801758 0.337240 0.801758 0.339844 0.802734 0.339844 0.805664 0.342448 0.807617 0.342448 0.808594 0.343750 0.810547 0.343750 0.811523 0.345052 0.814453 0.345052 0.817383 0.341146 0.817383 0.339844 0.822266 0.333333 0.822266 0.332031 0.823242 0.330729 0.823242 0.329427 0.824219 0.328125 0.824219 0.326823 0.825195 0.325521 0.825195 0.324219 0.827148 0.321615 0.827148 0.317708 0.826172 0.316406 0.826172 0.315104 0.825195 0.313802 0.825195 0.312500 0.823242 0.309896 0.823242 0.308594 0.822266 0.307292 0.820312 0.307292 0.819336 0.305990 0.816406 0.305990 0.815430 0.304688 0.813477 0.304688 0.810547 0.302083
0 0.848633 0.282552 0.848633 0.292969 0.846680 0.295573 0.845703 0.295573 0.845703 0.299479 0.847656 0.299479 0.848633 0.300781 0.848633 0.302083 0.849609 0.303385 0.849609 0.308594 0.850586 0.309896 0.850586 0.311198 0.851562 0.311198 0.852539 0.312500 0.854492 0.312500 0.855469 0.313802 0.857422 0.313802 0.860352 0.316406 0.864258 0.316406 0.867188 0.313802 0.869141 0.313802 0.871094 0.311198 0.872070 0.311198 0.875977 0.305990 0.876953 0.305990 0.876953 0.304688 0.878906 0.300781 0.878906 0.291667 0.877930 0.290365 0.877930 0.289062 0.876953 0.289062 0.874023 0.286458 0.872070 0.286458 0.871094 0.285156 0.870117 0.285156 0.867188 0.282552 0.865234 0.282552 0.864258 0.281250 0.862305 0.281250 0.859375 0.278646 0.852539 0.278646 0.851562 0.279948 0.850586 0.279948
0 0.879883 0.304688 0.878906 0.305990 0.876953 0.305990 0.872070 0.312500 0.871094 0.312500 0.869141 0.315104 0.867188 0.315104 0.864258 0.319010 0.864258 0.324219 0.869141 0.330729 0.869141 0.337240 0.871094 0.339844 0.873047 0.339844 0.874023 0.341146 0.875977 0.341146 0.878906 0.343750 0.881836 0.343750 0.885742 0.338542 0.885742 0.337240 0.886719 0.335938 0.887695 0.335938 0.890625 0.332031 0.890625 0.330729 0.892578 0.328125 0.892578 0.326823 0.893555 0.325521 0.893555 0.321615 0.892578 0.320312 0.892578 0.317708 0.891602 0.316406 0.891602 0.315104 0.887695 0.309896 0.886719 0.309896 0.885742 0.308594 0.883789 0.308594 0.882812 0.307292 0.881836 0.307292
0 0.856445 0.196615 0.850586 0.196615 0.849609 0.197917 0.845703 0.197917 0.844727 0.199219 0.842773 0.199219 0.841797 0.200521 0.841797 0.203125 0.840820 0.204427 0.840820 0.205729 0.839844 0.207031 0.838867 0.207031 0.835938 0.210938 0.835938 0.216146 0.837891 0.218750 0.838867 0.218750 0.839844 0.220052 0.839844 0.235677 0.840820 0.235677 0.841797 0.236979 0.849609 0.236979 0.850586 0.235677 0.852539 0.235677 0.853516 0.234375 0.856445 0.234375 0.858398 0.231771 0.859375 0.231771 0.860352 0.230469 0.860352 0.229167 0.863281 0.225260 0.863281 0.223958 0.862305 0.222656 0.862305 0.221354 0.864258 0.217448 0.864258 0.208333 0.863281 0.207031 0.863281 0.205729
0 0.872070 0.226562 0.864258 0.226562 0.863281 0.227865 0.862305 0.227865 0.857422 0.234375 0.856445 0.234375 0.855469 0.235677 0.853516 0.235677 0.852539 0.236979 0.851562 0.236979 0.848633 0.239583 0.848633 0.240885 0.847656 0.242188 0.847656 0.244792 0.846680 0.246094 0.846680 0.252604 0.847656 0.253906 0.848633 0.253906 0.851562 0.257812 0.851562 0.263021 0.853516 0.265625 0.861328 0.265625 0.862305 0.266927 0.864258 0.266927 0.865234 0.265625 0.868164 0.265625 0.869141 0.264323 0.870117 0.264323 0.875000 0.257812 0.875000 0.256510 0.876953 0.252604 0.876953 0.246094 0.875977 0.244792 0.875977 0.239583 0.875000 0.238281 0.875000 0.234375 0.874023 0.233073 0.874023 0.231771 0.873047 0.230469 0.873047 0.227865
0 0.876953 0.235677 0.876953 0.248698 0.877930 0.250000 0.877930 0.252604 0.876953 0.253906 0.876953 0.256510 0.875977 0.257812 0.875977 0.260417 0.875000 0.261719 0.875000 0.263021 0.876953 0.266927 0.879883 0.266927 0.881836 0.264323 0.884766 0.264323 0.885742 0.265625 0.886719 0.265625 0.887695 0.266927 0.887695 0.268229 0.885742 0.270833 0.882812 0.272135 0.883789 0.272135 0.884766 0.273438 0.893555 0.273438 0.894531 0.272135 0.895508 0.272135 0.899414 0.266927 0.900391 0.266927 0.902344 0.264323 0.903320 0.264323 0.908203 0.257812 0.908203 0.256510 0.909180 0.255208 0.909180 0.252604 0.910156 0.251302 0.910156 0.247396 0.909180 0.246094 0.907227 0.239583 0.905273 0.236979 0.905273 0.235677 0.902344 0.233073 0.882812 0.233073 0.881836 0.234375 0.879883 0.234375 0.878906 0.235677
0 0.242188 0.186198 0.239258 0.190104 0.239258 0.191406 0.238281 0.192708 0.238281 0.196615 0.240234 0.199219 0.240234 0.204427 0.239258 0.205729 0.239258 0.208333 0.238281 0.209635 0.238281 0.213542 0.239258 0.214844 0.239258 0.216146 0.241211 0.220052 0.241211 0.223958 0.245117 0.223958 0.246094 0.225260 0.256836 0.225260 0.256836 0.217448 0.257812 0.216146 0.257812 0.213542 0.258789 0.212240 0.258789 0.200521 0.259766 0.199219 0.259766 0.190104 0.260742 0.188802 0.259766 0.187500 0.259766 0.184896 0.245117 0.184896 0.244141 0.186198
