0 0.133789 0.790365 0.133789 0.791667 0.130859 0.795573 0.130859 0.796875 0.129883 0.798177 0.129883 0.804688 0.131836 0.807292 0.131836 0.808594 0.133789 0.811198 0.133789 0.812500 0.135742 0.815104 0.136719 0.815104 0.137695 0.816406 0.138672 0.816406 0.139648 0.817708 0.140625 0.817708 0.141602 0.819010 0.142578 0.819010 0.144531 0.821615 0.150391 0.821615 0.152344 0.819010 0.152344 0.817708 0.154297 0.815104 0.153320 0.813802 0.152344 0.813802 0.151367 0.812500 0.151367 0.811198 0.150391 0.809896 0.150391 0.802083 0.152344 0.799479 0.152344 0.794271 0.151367 0.792969 0.149414 0.792969 0.147461 0.795573 0.145508 0.795573 0.143555 0.792969 0.143555 0.791667 0.142578 0.791667 0.141602 0.790365
0 0.115234 0.722656 0.115234 0.723958 0.112305 0.730469 0.112305 0.736979 0.113281 0.738281 0.113281 0.740885 0.114258 0.742188 0.114258 0.743490 0.118164 0.748698 0.119141 0.748698 0.123047 0.753906 0.124023 0.753906 0.125000 0.755208 0.130859 0.755208 0.131836 0.753906 0.133789 0.753906 0.136719 0.751302 0.138672 0.751302 0.139648 0.750000 0.142578 0.750000 0.143555 0.748698 0.144531 0.748698 0.144531 0.747396 0.146484 0.744792 0.146484 0.743490 0.147461 0.742188 0.148438 0.738281 0.150391 0.735677 0.148438 0.731771 0.148438 0.730469 0.149414 0.729167 0.149414 0.725260 0.147461 0.722656 0.147461 0.721354 0.144531 0.720052 0.142578 0.717448 0.141602 0.717448 0.138672 0.714844 0.125977 0.714844 0.125000 0.716146 0.122070 0.717448 0.120117 0.720052 0.119141 0.720052 0.118164 0.721354 0.116211 0.721354
0 0.158203 0.736979 0.158203 0.738281 0.157227 0.739583 0.157227 0.740885 0.156250 0.742188 0.155273 0.742188 0.149414 0.750000 0.148438 0.750000 0.148438 0.752604 0.149414 0.753906 0.149414 0.755208 0.151367 0.757812 0.151367 0.759115 0.154297 0.763021 0.155273 0.763021 0.157227 0.765625 0.158203 0.765625 0.164062 0.773438 0.166016 0.773438 0.171875 0.765625 0.171875 0.764323 0.172852 0.763021 0.172852 0.759115 0.171875 0.757812 0.171875 0.748698 0.170898 0.748698 0.169922 0.747396 0.168945 0.747396 0.167969 0.746094 0.166992 0.746094 0.166016 0.744792 0.162109 0.744792 0.158203 0.739583
0 0.172852 0.766927 0.172852 0.768229 0.167969 0.774740 0.167969 0.776042 0.166016 0.778646 0.166016 0.779948 0.165039 0.781250 0.165039 0.786458 0.164062 0.787760 0.165039 0.789062 0.165039 0.790365 0.166992 0.792969 0.166992 0.794271 0.167969 0.794271 0.168945 0.795573 0.169922 0.795573 0.171875 0.798177 0.172852 0.798177 0.175781 0.800781 0.187500 0.800781 0.188477 0.799479 0.189453 0.799479 0.194336 0.792969 0.194336 0.791667 0.196289 0.789062 0.196289 0.787760 0.195312 0.786458 0.195312 0.783854 0.194336 0.782552 0.194336 0.781250 0.193359 0.779948 0.193359 0.777344 0.192383 0.776042 0.192383 0.772135 0.191406 0.772135 0.190430 0.770833 0.187500 0.770833 0.186523 0.769531 0.179688 0.769531 0.177734 0.766927
0 0.184570 0.808594 0.184570 0.812500 0.186523 0.815104 0.186523 0.816406 0.188477 0.819010 0.188477 0.820312 0.193359 0.826823 0.194336 0.826823 0.197266 0.829427 0.199219 0.829427 0.200195 0.830729 0.201172 0.830729 0.202148 0.829427 0.211914 0.829427 0.213867 0.826823 0.214844 0.826823 0.216797 0.824219 0.216797 0.820312 0.217773 0.819010 0.217773 0.816406 0.218750 0.815104 0.217773 0.813802 0.217773 0.809896 0.213867 0.804688 0.213867 0.803385 0.211914 0.800781 0.211914 0.799479 0.208984 0.795573 0.204102 0.795573 0.203125 0.794271 0.197266 0.794271 0.196289 0.795573 0.195312 0.795573 0.194336 0.796875 0.193359 0.796875
0 0.116211 0.697917 0.116211 0.705729 0.119141 0.709635 0.124023 0.709635 0.125000 0.710938 0.130859 0.710938 0.131836 0.709635 0.146484 0.709635 0.147461 0.708333 0.147461 0.703125 0.148438 0.701823 0.148438 0.697917 0.147461 0.696615 0.147461 0.695312 0.145508 0.692708 0.142578 0.692708 0.138672 0.687500 0.138672 0.686198 0.137695 0.684896 0.137695 0.683594 0.135742 0.679688 0.135742 0.677083 0.134766 0.675781 0.128906 0.675781 0.125977 0.679688 0.125977 0.680990 0.122070 0.686198 0.122070 0.687500 0.120117 0.690104 0.120117 0.691406 0.117188 0.695312 0.117188 0.696615
0 0.150391 0.634115 0.146484 0.634115 0.145508 0.632812 0.139648 0.632812 0.138672 0.631510 0.133789 0.631510 0.132812 0.632812 0.130859 0.632812 0.126953 0.638021 0.126953 0.640625 0.125977 0.641927 0.125977 0.660156 0.126953 0.661458 0.126953 0.664062 0.127930 0.665365 0.127930 0.666667 0.129883 0.669271 0.131836 0.669271 0.132812 0.667969 0.134766 0.667969 0.135742 0.666667 0.135742 0.662760 0.136719 0.661458 0.136719 0.658854 0.137695 0.657552 0.137695 0.656250 0.138672 0.654948 0.138672 0.653646 0.139648 0.652344 0.139648 0.651042 0.142578 0.647135 0.143555 0.647135 0.145508 0.644531 0.146484 0.644531 0.149414 0.641927 0.149414 0.640625 0.151367 0.638021 0.151367 0.635417
0 0.161133 0.645833 0.158203 0.645833 0.157227 0.644531 0.154297 0.651042 0.153320 0.651042 0.151367 0.648438 0.151367 0.647135 0.148438 0.645833 0.147461 0.647135 0.144531 0.647135 0.140625 0.652344 0.140625 0.653646 0.138672 0.657552 0.138672 0.664062 0.137695 0.665365 0.137695 0.669271 0.136719 0.670573 0.136719 0.678385 0.137695 0.679688 0.137695 0.683594 0.138672 0.684896 0.138672 0.686198 0.141602 0.690104 0.148438 0.690104 0.149414 0.691406 0.154297 0.691406 0.155273 0.690104 0.156250 0.690104 0.157227 0.688802 0.157227 0.686198 0.161133 0.680990 0.162109 0.680990 0.163086 0.679688 0.163086 0.677083 0.165039 0.673177 0.165039 0.653646 0.164062 0.652344 0.163086 0.648438
0 0.149414 0.695312 0.149414 0.699219 0.148438 0.700521 0.148438 0.709635 0.154297 0.709635 0.155273 0.710938 0.166992 0.710938 0.167969 0.712240 0.173828 0.712240 0.174805 0.710938 0.175781 0.710938 0.177734 0.708333 0.177734 0.707031 0.178711 0.705729 0.177734 0.704427 0.175781 0.704427 0.172852 0.701823 0.172852 0.700521 0.170898 0.696615 0.170898 0.692708 0.169922 0.691406 0.169922 0.690104 0.165039 0.683594 0.164062 0.683594 0.163086 0.682292 0.161133 0.682292 0.160156 0.683594 0.159180 0.683594 0.158203 0.684896 0.158203 0.687500 0.157227 0.688802 0.157227 0.690104 0.155273 0.692708 0.153320 0.692708 0.152344 0.694010 0.150391 0.694010
0 0.180664 0.667969 0.180664 0.669271 0.179688 0.670573 0.179688 0.671875 0.175781 0.677083 0.175781 0.678385 0.174805 0.679688 0.174805 0.682292 0.172852 0.684896 0.172852 0.687500 0.171875 0.688802 0.171875 0.697917 0.172852 0.699219 0.172852 0.700521 0.173828 0.701823 0.174805 0.701823 0.175781 0.703125 0.177734 0.703125 0.178711 0.704427 0.185547 0.704427 0.186523 0.703125 0.189453 0.703125 0.192383 0.700521 0.195312 0.700521 0.196289 0.699219 0.197266 0.699219 0.201172 0.694010 0.201172 0.690104 0.200195 0.688802 0.197266 0.688802 0.195312 0.686198 0.195312 0.683594 0.198242 0.679688 0.197266 0.678385 0.196289 0.678385 0.193359 0.674479 0.192383 0.674479 0.191406 0.673177 0.190430 0.673177 0.189453 0.671875 0.188477 0.671875 0.186523 0.669271 0.186523 0.667969
0 0.187500 0.707031 0.186523 0.708333 0.185547 0.708333 0.182617 0.712240 0.182617 0.713542 0.181641 0.714844 0.181641 0.727865 0.182617 0.729167 0.182617 0.731771 0.185547 0.735677 0.185547 0.736979 0.187500 0.739583 0.190430 0.740885 0.192383 0.743490 0.193359 0.743490 0.194336 0.744792 0.196289 0.744792 0.197266 0.746094 0.199219 0.746094 0.200195 0.747396 0.201172 0.747396 0.203125 0.744792 0.203125 0.743490 0.204102 0.742188 0.204102 0.740885 0.205078 0.739583 0.205078 0.738281 0.206055 0.736979 0.206055 0.735677 0.208008 0.731771 0.208008 0.729167 0.207031 0.727865 0.207031 0.722656 0.208008 0.721354 0.208008 0.717448 0.207031 0.716146 0.207031 0.714844 0.203125 0.709635 0.205078 0.705729 0.204102 0.705729 0.202148 0.708333 0.201172 0.708333 0.198242 0.705729 0.190430 0.705729 0.189453 0.707031
0 0.234375 0.740885 0.233398 0.739583 0.233398 0.738281 0.232422 0.736979 0.232422 0.735677 0.230469 0.733073 0.229492 0.733073 0.227539 0.730469 0.226562 0.731771 0.225586 0.731771 0.223633 0.734375 0.222656 0.734375 0.221680 0.733073 0.220703 0.733073 0.217773 0.735677 0.214844 0.735677 0.212891 0.733073 0.210938 0.735677 0.209961 0.735677 0.208008 0.738281 0.208008 0.739583 0.207031 0.740885 0.207031 0.742188 0.206055 0.743490 0.206055 0.744792 0.204102 0.747396 0.204102 0.750000 0.203125 0.751302 0.203125 0.752604 0.204102 0.753906 0.204102 0.757812 0.205078 0.757812 0.207031 0.760417 0.208008 0.760417 0.208984 0.761719 0.211914 0.761719 0.212891 0.763021 0.215820 0.763021 0.216797 0.764323 0.217773 0.764323 0.220703 0.766927 0.224609 0.766927 0.224609 0.764323 0.225586 0.763021 0.225586 0.757812 0.231445 0.750000 0.231445 0.748698 0.233398 0.744792 0.233398 0.742188
0 0.235352 0.747396 0.235352 0.748698 0.233398 0.751302 0.232422 0.751302 0.230469 0.753906 0.229492 0.753906 0.226562 0.757812 0.226562 0.765625 0.227539 0.766927 0.227539 0.768229 0.229492 0.770833 0.229492 0.773438 0.230469 0.774740 0.230469 0.777344 0.233398 0.779948 0.236328 0.779948 0.237305 0.781250 0.239258 0.781250 0.240234 0.782552 0.248047 0.782552 0.250000 0.779948 0.250977 0.779948 0.252930 0.777344 0.252930 0.776042 0.254883 0.773438 0.255859 0.773438 0.255859 0.772135 0.254883 0.772135 0.252930 0.768229 0.252930 0.760417 0.251953 0.759115 0.251953 0.756510 0.250000 0.753906 0.250000 0.752604 0.249023 0.751302 0.249023 0.750000 0.247070 0.747396 0.244141 0.747396 0.243164 0.748698 0.237305 0.748698 0.236328 0.747396
0 0.286133 0.736979 0.285156 0.738281 0.281250 0.738281 0.280273 0.736979 0.278320 0.736979 0.277344 0.738281 0.275391 0.738281 0.273438 0.740885 0.272461 0.740885 0.262695 0.753906 0.262695 0.756510 0.260742 0.760417 0.260742 0.768229 0.261719 0.769531 0.261719 0.773438 0.262695 0.774740 0.262695 0.776042 0.263672 0.777344 0.264648 0.781250 0.266602 0.783854 0.267578 0.783854 0.270508 0.787760 0.271484 0.787760 0.275391 0.792969 0.276367 0.791667 0.277344 0.791667 0.277344 0.790365 0.279297 0.787760 0.279297 0.785156 0.282227 0.781250 0.285156 0.779948 0.289062 0.774740 0.289062 0.772135 0.290039 0.770833 0.290039 0.756510 0.289062 0.755208 0.289062 0.748698 0.290039 0.747396 0.290039 0.740885 0.288086 0.738281 0.287109 0.738281
0 0.116211 0.595052 0.113281 0.598958 0.113281 0.600260 0.112305 0.601562 0.113281 0.602865 0.113281 0.609375 0.114258 0.610677 0.114258 0.613281 0.115234 0.614583 0.115234 0.615885 0.117188 0.618490 0.118164 0.618490 0.120117 0.621094 0.121094 0.621094 0.124023 0.625000 0.125000 0.625000 0.127930 0.627604 0.134766 0.627604 0.135742 0.626302 0.135742 0.622396 0.136719 0.621094 0.136719 0.615885 0.137695 0.614583 0.137695 0.611979 0.138672 0.610677 0.138672 0.605469 0.139648 0.604167 0.139648 0.600260 0.137695 0.597656 0.136719 0.597656 0.133789 0.593750 0.132812 0.593750 0.131836 0.592448 0.121094 0.592448 0.120117 0.593750 0.118164 0.593750 0.117188 0.595052
0 0.145508 0.596354 0.144531 0.597656 0.143555 0.597656 0.141602 0.600260 0.141602 0.601562 0.140625 0.602865 0.140625 0.605469 0.139648 0.606771 0.139648 0.609375 0.138672 0.610677 0.138672 0.614583 0.137695 0.615885 0.137695 0.623698 0.136719 0.625000 0.136719 0.627604 0.137695 0.628906 0.137695 0.630208 0.138672 0.631510 0.141602 0.631510 0.142578 0.632812 0.148438 0.632812 0.149414 0.634115 0.157227 0.634115 0.159180 0.631510 0.159180 0.625000 0.160156 0.623698 0.160156 0.619792 0.161133 0.618490 0.161133 0.614583 0.160156 0.613281 0.160156 0.611979 0.154297 0.604167 0.153320 0.604167 0.150391 0.600260 0.150391 0.598958 0.149414 0.597656 0.148438 0.597656 0.147461 0.596354
0 0.180664 0.609375 0.175781 0.609375 0.174805 0.610677 0.173828 0.610677 0.172852 0.611979 0.171875 0.611979 0.169922 0.614583 0.168945 0.614583 0.166992 0.617188 0.166992 0.618490 0.164062 0.622396 0.164062 0.625000 0.163086 0.626302 0.163086 0.634115 0.164062 0.635417 0.164062 0.636719 0.166016 0.640625 0.166016 0.643229 0.166992 0.644531 0.166992 0.645833 0.167969 0.647135 0.167969 0.648438 0.168945 0.649740 0.168945 0.651042 0.169922 0.652344 0.171875 0.652344 0.172852 0.653646 0.176758 0.653646 0.177734 0.654948 0.178711 0.653646 0.181641 0.653646 0.183594 0.651042 0.184570 0.651042 0.185547 0.649740 0.186523 0.649740 0.187500 0.648438 0.188477 0.648438 0.188477 0.645833 0.186523 0.643229 0.186523 0.641927 0.184570 0.639323 0.184570 0.635417 0.183594 0.634115 0.183594 0.628906 0.184570 0.627604 0.184570 0.619792 0.183594 0.618490 0.183594 0.615885 0.182617 0.614583 0.182617 0.613281 0.180664 0.610677
0 0.232422 0.654948 0.227539 0.654948 0.226562 0.656250 0.224609 0.656250 0.223633 0.657552 0.221680 0.657552 0.220703 0.658854 0.219727 0.658854 0.216797 0.662760 0.215820 0.662760 0.210938 0.669271 0.210938 0.670573 0.209961 0.671875 0.209961 0.679688 0.210938 0.680990 0.210938 0.683594 0.211914 0.684896 0.211914 0.686198 0.213867 0.688802 0.213867 0.690104 0.217773 0.695312 0.217773 0.696615 0.218750 0.697917 0.230469 0.697917 0.231445 0.696615 0.234375 0.695312 0.238281 0.690104 0.238281 0.686198 0.236328 0.683594 0.236328 0.682292 0.235352 0.680990 0.235352 0.679688 0.234375 0.678385 0.234375 0.677083 0.232422 0.673177 0.232422 0.667969 0.231445 0.666667 0.231445 0.662760 0.232422 0.661458
0 0.252930 0.686198 0.251953 0.686198 0.249023 0.688802 0.247070 0.688802 0.246094 0.690104 0.243164 0.690104 0.242188 0.691406 0.240234 0.691406 0.239258 0.692708 0.238281 0.692708 0.235352 0.696615 0.234375 0.696615 0.233398 0.697917 0.232422 0.697917 0.230469 0.700521 0.230469 0.701823 0.227539 0.705729 0.227539 0.710938 0.228516 0.710938 0.232422 0.716146 0.233398 0.716146 0.234375 0.717448 0.235352 0.717448 0.236328 0.718750 0.237305 0.718750 0.240234 0.721354 0.242188 0.721354 0.243164 0.722656 0.248047 0.722656 0.249023 0.721354 0.250977 0.721354 0.251953 0.720052 0.252930 0.720052 0.254883 0.716146 0.254883 0.709635 0.253906 0.708333 0.253906 0.699219 0.252930 0.697917 0.252930 0.690104 0.253906 0.688802 0.252930 0.687500
0 0.232422 0.604167 0.227539 0.604167 0.226562 0.605469 0.224609 0.605469 0.223633 0.606771 0.221680 0.606771 0.220703 0.608073 0.214844 0.608073 0.213867 0.609375 0.212891 0.609375 0.207031 0.617188 0.207031 0.631510 0.208008 0.632812 0.208008 0.634115 0.212891 0.640625 0.213867 0.640625 0.215820 0.643229 0.216797 0.643229 0.217773 0.644531 0.219727 0.644531 0.220703 0.645833 0.222656 0.645833 0.223633 0.647135 0.224609 0.645833 0.225586 0.645833 0.226562 0.644531 0.229492 0.643229 0.229492 0.641927 0.231445 0.639323 0.232422 0.639323 0.232422 0.638021 0.236328 0.631510 0.236328 0.628906 0.237305 0.627604 0.237305 0.625000 0.236328 0.623698 0.236328 0.617188 0.235352 0.615885 0.235352 0.611979 0.234375 0.610677 0.234375 0.608073
0 0.240234 0.641927 0.237305 0.645833 0.236328 0.645833 0.235352 0.647135 0.235352 0.649740 0.234375 0.651042 0.234375 0.654948 0.233398 0.656250 0.233398 0.661458 0.232422 0.662760 0.232422 0.669271 0.233398 0.670573 0.233398 0.673177 0.234375 0.674479 0.234375 0.677083 0.235352 0.678385 0.235352 0.679688 0.238281 0.683594 0.238281 0.684896 0.241211 0.687500 0.245117 0.687500 0.246094 0.686198 0.247070 0.686198 0.250000 0.683594 0.251953 0.683594 0.252930 0.682292 0.253906 0.682292 0.254883 0.680990 0.255859 0.680990 0.258789 0.678385 0.258789 0.677083 0.259766 0.675781 0.259766 0.670573 0.260742 0.669271 0.260742 0.661458 0.255859 0.654948 0.254883 0.654948 0.252930 0.652344 0.251953 0.652344 0.250977 0.651042 0.249023 0.651042 0.248047 0.649740 0.242188 0.649740 0.240234 0.647135 0.241211 0.645833 0.241211 0.643229
0 0.262695 0.665365 0.262695 0.667969 0.261719 0.669271 0.261719 0.683594 0.262695 0.684896 0.262695 0.686198 0.263672 0.687500 0.263672 0.688802 0.264648 0.688802 0.267578 0.691406 0.273438 0.691406 0.274414 0.690104 0.282227 0.690104 0.283203 0.688802 0.285156 0.688802 0.286133 0.687500 0.288086 0.687500 0.289062 0.686198 0.290039 0.686198 0.291992 0.683594 0.291992 0.682292 0.293945 0.679688 0.293945 0.678385 0.292969 0.678385 0.291016 0.675781 0.291016 0.671875 0.290039 0.670573 0.290039 0.666667 0.289062 0.665365 0.289062 0.664062 0.287109 0.661458 0.287109 0.660156 0.286133 0.660156 0.285156 0.658854 0.282227 0.658854 0.279297 0.661458 0.270508 0.661458 0.268555 0.658854 0.267578 0.658854
0 0.276367 0.692708 0.270508 0.697917 0.270508 0.701823 0.269531 0.703125 0.269531 0.708333 0.268555 0.709635 0.268555 0.710938 0.269531 0.712240 0.269531 0.713542 0.270508 0.714844 0.271484 0.718750 0.275391 0.723958 0.276367 0.723958 0.279297 0.727865 0.282227 0.729167 0.286133 0.734375 0.290039 0.734375 0.291016 0.733073 0.292969 0.733073 0.296875 0.727865 0.296875 0.726562 0.297852 0.725260 0.297852 0.723958 0.299805 0.720052 0.299805 0.717448 0.300781 0.716146 0.299805 0.714844 0.299805 0.713542 0.297852 0.709635 0.297852 0.701823 0.298828 0.700521 0.297852 0.696615 0.295898 0.694010 0.294922 0.694010 0.293945 0.692708 0.292969 0.692708 0.290039 0.690104 0.286133 0.690104 0.285156 0.691406 0.283203 0.691406 0.282227 0.692708
0 0.326172 0.725260 0.325195 0.725260 0.324219 0.723958 0.322266 0.723958 0.321289 0.722656 0.320312 0.722656 0.319336 0.723958 0.317383 0.723958 0.316406 0.722656 0.311523 0.722656 0.310547 0.723958 0.309570 0.723958 0.305664 0.729167 0.304688 0.729167 0.302734 0.731771 0.301758 0.731771 0.298828 0.735677 0.297852 0.735677 0.294922 0.739583 0.294922 0.740885 0.291016 0.747396 0.291016 0.750000 0.291992 0.751302 0.291992 0.760417 0.292969 0.761719 0.292969 0.763021 0.293945 0.764323 0.298828 0.766927 0.300781 0.769531 0.301758 0.769531 0.304688 0.772135 0.307617 0.772135 0.313477 0.766927 0.317383 0.766927 0.318359 0.765625 0.319336 0.765625 0.321289 0.763021 0.321289 0.744792 0.322266 0.743490 0.322266 0.742188 0.325195 0.738281 0.325195 0.736979 0.328125 0.730469 0.327148 0.729167 0.327148 0.726562
0 0.333984 0.729167 0.333008 0.730469 0.332031 0.730469 0.325195 0.739583 0.324219 0.743490 0.322266 0.746094 0.322266 0.760417 0.324219 0.763021 0.327148 0.764323 0.330078 0.768229 0.331055 0.768229 0.333008 0.770833 0.333984 0.770833 0.341797 0.781250 0.342773 0.779948 0.343750 0.779948 0.345703 0.777344 0.345703 0.776042 0.349609 0.770833 0.349609 0.769531 0.350586 0.768229 0.350586 0.765625 0.351562 0.764323 0.351562 0.763021 0.352539 0.761719 0.352539 0.759115 0.353516 0.757812 0.353516 0.752604 0.352539 0.751302 0.351562 0.747396 0.350586 0.747396 0.345703 0.740885 0.345703 0.739583 0.338867 0.730469 0.337891 0.730469 0.336914 0.729167
0 0.352539 0.707031 0.351562 0.708333 0.349609 0.708333 0.345703 0.713542 0.344727 0.713542 0.338867 0.721354 0.338867 0.722656 0.336914 0.725260 0.336914 0.727865 0.337891 0.729167 0.338867 0.729167 0.340820 0.731771 0.341797 0.731771 0.344727 0.735677 0.344727 0.736979 0.347656 0.740885 0.347656 0.742188 0.349609 0.744792 0.350586 0.744792 0.352539 0.747396 0.353516 0.747396 0.356445 0.751302 0.360352 0.751302 0.362305 0.748698 0.363281 0.748698 0.365234 0.746094 0.366211 0.746094 0.369141 0.742188 0.369141 0.740885 0.371094 0.736979 0.371094 0.734375 0.373047 0.731771 0.373047 0.722656 0.372070 0.721354 0.371094 0.717448 0.368164 0.713542 0.365234 0.713542 0.364258 0.712240 0.363281 0.712240 0.362305 0.710938 0.361328 0.707031
0 0.332031 0.678385 0.331055 0.678385 0.330078 0.677083 0.328125 0.677083 0.325195 0.673177 0.323242 0.673177 0.322266 0.671875 0.320312 0.671875 0.319336 0.670573 0.317383 0.670573 0.314453 0.673177 0.312500 0.673177 0.308594 0.678385 0.308594 0.679688 0.306641 0.682292 0.305664 0.686198 0.303711 0.688802 0.303711 0.690104 0.302734 0.691406 0.302734 0.694010 0.301758 0.695312 0.301758 0.699219 0.299805 0.703125 0.299805 0.709635 0.303711 0.714844 0.303711 0.716146 0.304688 0.716146 0.307617 0.718750 0.319336 0.718750 0.320312 0.717448 0.322266 0.717448 0.323242 0.716146 0.326172 0.714844 0.331055 0.708333 0.331055 0.707031 0.333008 0.704427 0.333008 0.703125 0.334961 0.699219 0.334961 0.694010 0.333008 0.690104 0.333008 0.683594 0.332031 0.682292
0 0.360352 0.658854 0.358398 0.658854 0.357422 0.657552 0.354492 0.657552 0.353516 0.656250 0.350586 0.656250 0.349609 0.654948 0.348633 0.654948 0.345703 0.657552 0.343750 0.657552 0.336914 0.666667 0.336914 0.669271 0.333984 0.675781 0.333984 0.686198 0.334961 0.687500 0.334961 0.691406 0.335938 0.692708 0.335938 0.695312 0.336914 0.696615 0.336914 0.700521 0.338867 0.703125 0.339844 0.703125 0.340820 0.704427 0.342773 0.704427 0.343750 0.705729 0.349609 0.705729 0.356445 0.696615 0.356445 0.695312 0.362305 0.687500 0.362305 0.686198 0.364258 0.683594 0.364258 0.682292 0.366211 0.678385 0.366211 0.677083 0.364258 0.673177 0.364258 0.666667 0.365234 0.665365 0.365234 0.662760 0.362305 0.661458
0 0.245117 0.593750 0.244141 0.595052 0.242188 0.595052 0.241211 0.596354 0.240234 0.596354 0.239258 0.597656 0.238281 0.597656 0.238281 0.598958 0.237305 0.600260 0.237305 0.602865 0.236328 0.604167 0.236328 0.606771 0.237305 0.608073 0.237305 0.613281 0.238281 0.614583 0.238281 0.617188 0.239258 0.618490 0.239258 0.619792 0.240234 0.621094 0.240234 0.622396 0.242188 0.625000 0.242188 0.626302 0.243164 0.627604 0.244141 0.627604 0.245117 0.628906 0.246094 0.628906 0.248047 0.631510 0.250000 0.631510 0.250977 0.632812 0.251953 0.631510 0.252930 0.631510 0.253906 0.630208 0.254883 0.630208 0.255859 0.628906 0.256836 0.628906 0.257812 0.627604 0.258789 0.627604 0.258789 0.626302 0.259766 0.625000 0.259766 0.614583 0.260742 0.613281 0.260742 0.610677 0.259766 0.609375 0.259766 0.606771 0.258789 0.605469 0.258789 0.604167 0.257812 0.602865 0.257812 0.601562 0.256836 0.600260 0.255859 0.600260 0.253906 0.597656 0.252930 0.597656 0.250977 0.595052 0.250000 0.595052 0.249023 0.593750
0 0.286133 0.608073 0.270508 0.608073 0.269531 0.609375 0.267578 0.609375 0.266602 0.610677 0.265625 0.610677 0.263672 0.613281 0.262695 0.613281 0.261719 0.614583 0.261719 0.631510 0.262695 0.632812 0.262695 0.635417 0.263672 0.636719 0.263672 0.638021 0.271484 0.648438 0.272461 0.647135 0.275391 0.647135 0.276367 0.645833 0.277344 0.645833 0.279297 0.643229 0.280273 0.643229 0.283203 0.639323 0.283203 0.638021 0.285156 0.634115 0.285156 0.630208 0.286133 0.628906
0 0.312500 0.595052 0.300781 0.595052 0.299805 0.596354 0.297852 0.596354 0.296875 0.597656 0.295898 0.597656 0.294922 0.598958 0.293945 0.598958 0.292969 0.600260 0.290039 0.601562 0.288086 0.604167 0.288086 0.608073 0.287109 0.609375 0.287109 0.614583 0.286133 0.615885 0.286133 0.618490 0.287109 0.619792 0.287109 0.623698 0.288086 0.625000 0.288086 0.626302 0.289062 0.626302 0.290039 0.627604 0.291016 0.627604 0.291992 0.628906 0.294922 0.630208 0.297852 0.634115 0.298828 0.634115 0.301758 0.636719 0.302734 0.636719 0.304688 0.634115 0.305664 0.634115 0.307617 0.631510 0.308594 0.631510 0.311523 0.627604 0.312500 0.627604 0.312500 0.626302 0.314453 0.623698 0.314453 0.622396 0.315430 0.621094 0.315430 0.618490 0.316406 0.617188 0.316406 0.611979 0.314453 0.608073 0.314453 0.597656
0 0.315430 0.627604 0.314453 0.628906 0.313477 0.628906 0.311523 0.631510 0.310547 0.631510 0.308594 0.634115 0.307617 0.634115 0.306641 0.635417 0.301758 0.638021 0.298828 0.641927 0.298828 0.645833 0.300781 0.648438 0.300781 0.649740 0.302734 0.652344 0.302734 0.653646 0.307617 0.660156 0.308594 0.660156 0.311523 0.662760 0.315430 0.662760 0.316406 0.664062 0.318359 0.664062 0.319336 0.662760 0.320312 0.662760 0.321289 0.661458 0.322266 0.661458 0.323242 0.660156 0.328125 0.657552 0.328125 0.652344 0.329102 0.651042 0.329102 0.643229 0.330078 0.641927 0.331055 0.641927 0.333008 0.644531 0.333008 0.647135 0.332031 0.648438 0.331055 0.648438 0.331055 0.653646 0.333984 0.653646 0.334961 0.652344 0.334961 0.649740 0.333008 0.647135 0.333008 0.641927 0.332031 0.640625 0.332031 0.636719 0.330078 0.632812 0.326172 0.632812 0.325195 0.631510 0.321289 0.631510 0.318359 0.627604
0 0.364258 0.609375 0.363281 0.610677 0.361328 0.610677 0.360352 0.611979 0.359375 0.611979 0.357422 0.614583 0.354492 0.615885 0.351562 0.619792 0.348633 0.621094 0.346680 0.623698 0.345703 0.627604 0.347656 0.631510 0.347656 0.644531 0.348633 0.645833 0.349609 0.649740 0.353516 0.654948 0.355469 0.654948 0.356445 0.656250 0.359375 0.656250 0.360352 0.657552 0.369141 0.657552 0.371094 0.654948 0.371094 0.653646 0.375977 0.647135 0.375977 0.645833 0.380859 0.640625 0.380859 0.634115 0.379883 0.632812 0.379883 0.630208 0.377930 0.638021 0.376953 0.639323 0.375000 0.636719 0.375000 0.631510 0.378906 0.627604 0.377930 0.626302 0.377930 0.621094 0.374023 0.614583 0.371094 0.613281 0.367188 0.609375
0 0.388672 0.709635 0.378906 0.723958 0.378906 0.725260 0.376953 0.729167 0.376953 0.731771 0.375977 0.733073 0.375977 0.739583 0.375000 0.740885 0.375977 0.742188 0.375977 0.743490 0.376953 0.744792 0.377930 0.748698 0.379883 0.751302 0.382812 0.752604 0.384766 0.755208 0.385742 0.755208 0.386719 0.756510 0.387695 0.756510 0.388672 0.757812 0.389648 0.757812 0.394531 0.761719 0.399414 0.761719 0.400391 0.760417 0.401367 0.756510 0.405273 0.750000 0.405273 0.748698 0.408203 0.742188 0.408203 0.739583 0.409180 0.738281 0.409180 0.729167 0.408203 0.727865 0.408203 0.721354 0.406250 0.717448 0.404297 0.717448 0.403320 0.716146 0.401367 0.716146 0.400391 0.714844 0.398438 0.714844 0.396484 0.712240 0.395508 0.712240 0.392578 0.709635
0 0.138672 0.553385 0.134766 0.558594 0.134766 0.559896 0.133789 0.561198 0.133789 0.571615 0.136719 0.575521 0.137695 0.575521 0.139648 0.578125 0.140625 0.578125 0.142578 0.580729 0.143555 0.580729 0.144531 0.582031 0.155273 0.582031 0.158203 0.579427 0.160156 0.579427 0.161133 0.578125 0.162109 0.578125 0.162109 0.576823 0.163086 0.575521 0.163086 0.574219 0.164062 0.572917 0.164062 0.571615 0.166016 0.569010 0.166016 0.558594 0.165039 0.557292 0.165039 0.554688 0.163086 0.552083 0.162109 0.552083 0.160156 0.549479 0.160156 0.546875 0.149414 0.546875 0.148438 0.548177 0.146484 0.548177 0.145508 0.549479 0.144531 0.549479 0.142578 0.552083 0.140625 0.552083 0.139648 0.553385
0 0.142578 0.505208 0.132812 0.505208 0.131836 0.506510 0.130859 0.506510 0.127930 0.509115 0.125977 0.509115 0.125000 0.510417 0.120117 0.510417 0.119141 0.511719 0.118164 0.511719 0.116211 0.514323 0.116211 0.520833 0.115234 0.522135 0.115234 0.531250 0.118164 0.535156 0.119141 0.535156 0.122070 0.539062 0.123047 0.539062 0.124023 0.540365 0.125977 0.540365 0.126953 0.541667 0.128906 0.541667 0.129883 0.542969 0.135742 0.542969 0.136719 0.541667 0.137695 0.541667 0.139648 0.539062 0.139648 0.537760 0.140625 0.536458 0.140625 0.535156 0.142578 0.531250 0.142578 0.528646 0.143555 0.527344 0.143555 0.523438 0.144531 0.522135 0.144531 0.519531 0.145508 0.518229 0.145508 0.510417 0.144531 0.509115 0.144531 0.507812
0 0.155273 0.476562 0.155273 0.477865 0.154297 0.479167 0.154297 0.481771 0.153320 0.483073 0.153320 0.494792 0.152344 0.496094 0.152344 0.501302 0.153320 0.502604 0.153320 0.503906 0.154297 0.503906 0.155273 0.505208 0.159180 0.505208 0.160156 0.503906 0.163086 0.503906 0.164062 0.502604 0.166992 0.502604 0.167969 0.501302 0.176758 0.501302 0.177734 0.500000 0.178711 0.500000 0.180664 0.497396 0.180664 0.488281 0.181641 0.486979 0.181641 0.484375 0.180664 0.483073 0.180664 0.479167 0.179688 0.477865 0.176758 0.477865 0.174805 0.475260 0.174805 0.473958 0.173828 0.472656 0.173828 0.470052 0.161133 0.470052 0.160156 0.471354 0.159180 0.471354
0 0.189453 0.501302 0.188477 0.502604 0.188477 0.503906 0.186523 0.506510 0.186523 0.509115 0.185547 0.510417 0.185547 0.513021 0.184570 0.514323 0.184570 0.516927 0.183594 0.518229 0.184570 0.519531 0.184570 0.529948 0.185547 0.531250 0.185547 0.532552 0.186523 0.533854 0.187500 0.533854 0.189453 0.536458 0.190430 0.536458 0.193359 0.540365 0.204102 0.540365 0.205078 0.541667 0.206055 0.541667 0.208984 0.544271 0.211914 0.544271 0.211914 0.541667 0.209961 0.539062 0.209961 0.533854 0.211914 0.529948 0.211914 0.520833 0.210938 0.519531 0.210938 0.515625 0.209961 0.514323 0.209961 0.511719 0.208984 0.510417 0.208984 0.506510 0.208008 0.505208 0.208008 0.503906 0.204102 0.503906 0.203125 0.502604 0.202148 0.502604 0.201172 0.501302 0.199219 0.501302 0.198242 0.500000 0.191406 0.500000 0.190430 0.501302
0 0.238281 0.518229 0.237305 0.519531 0.235352 0.519531 0.234375 0.520833 0.233398 0.520833 0.232422 0.522135 0.229492 0.523438 0.227539 0.526042 0.226562 0.526042 0.223633 0.529948 0.223633 0.536458 0.224609 0.537760 0.224609 0.539062 0.226562 0.541667 0.228516 0.549479 0.229492 0.549479 0.230469 0.550781 0.230469 0.552083 0.232422 0.554688 0.232422 0.557292 0.233398 0.558594 0.233398 0.559896 0.237305 0.565104 0.240234 0.565104 0.242188 0.562500 0.245117 0.561198 0.248047 0.557292 0.249023 0.557292 0.251953 0.553385 0.250977 0.552083 0.250977 0.546875 0.251953 0.545573 0.251953 0.541667 0.250977 0.540365 0.250977 0.537760 0.249023 0.535156 0.249023 0.533854 0.248047 0.532552 0.247070 0.528646 0.245117 0.526042 0.242188 0.524740 0.240234 0.522135 0.240234 0.518229
0 0.232422 0.555990 0.231445 0.557292 0.230469 0.557292 0.227539 0.561198 0.227539 0.562500 0.225586 0.566406 0.225586 0.578125 0.226562 0.579427 0.226562 0.580729 0.227539 0.582031 0.227539 0.583333 0.229492 0.585938 0.229492 0.587240 0.231445 0.591146 0.231445 0.593750 0.232422 0.595052 0.240234 0.595052 0.241211 0.593750 0.244141 0.593750 0.246094 0.591146 0.247070 0.591146 0.247070 0.589844 0.250000 0.585938 0.250000 0.571615 0.249023 0.570312 0.249023 0.567708 0.245117 0.562500 0.243164 0.562500 0.241211 0.565104 0.238281 0.565104 0.237305 0.563802 0.236328 0.563802 0.235352 0.562500 0.235352 0.561198 0.234375 0.559896 0.234375 0.558594
0 0.263672 0.558594 0.262695 0.559896 0.261719 0.559896 0.260742 0.561198 0.259766 0.561198 0.256836 0.565104 0.255859 0.565104 0.251953 0.570312 0.251953 0.571615 0.250977 0.572917 0.250977 0.592448 0.253906 0.596354 0.254883 0.596354 0.257812 0.600260 0.258789 0.600260 0.259766 0.601562 0.261719 0.601562 0.262695 0.602865 0.268555 0.602865 0.269531 0.601562 0.270508 0.601562 0.270508 0.600260 0.271484 0.598958 0.271484 0.596354 0.272461 0.595052 0.272461 0.592448 0.273438 0.591146 0.273438 0.580729 0.272461 0.579427 0.272461 0.569010 0.270508 0.565104 0.270508 0.559896 0.269531 0.558594
0 0.296875 0.546875 0.291016 0.546875 0.290039 0.548177 0.285156 0.548177 0.284180 0.549479 0.282227 0.549479 0.281250 0.550781 0.279297 0.550781 0.278320 0.552083 0.277344 0.552083 0.275391 0.554688 0.274414 0.554688 0.271484 0.557292 0.271484 0.559896 0.270508 0.561198 0.270508 0.565104 0.272461 0.569010 0.272461 0.575521 0.273438 0.576823 0.273438 0.587240 0.275391 0.591146 0.279297 0.591146 0.280273 0.592448 0.286133 0.592448 0.287109 0.591146 0.288086 0.591146 0.289062 0.589844 0.291992 0.588542 0.295898 0.583333 0.295898 0.574219 0.294922 0.572917 0.294922 0.566406 0.295898 0.565104 0.295898 0.561198 0.297852 0.558594 0.297852 0.557292 0.300781 0.553385 0.300781 0.550781 0.299805 0.550781
0 0.317383 0.549479 0.310547 0.549479 0.309570 0.550781 0.307617 0.550781 0.306641 0.552083 0.305664 0.552083 0.301758 0.557292 0.300781 0.557292 0.297852 0.561198 0.297852 0.562500 0.296875 0.563802 0.296875 0.567708 0.295898 0.569010 0.296875 0.570312 0.296875 0.572917 0.297852 0.574219 0.297852 0.575521 0.298828 0.575521 0.299805 0.576823 0.299805 0.578125 0.301758 0.580729 0.301758 0.582031 0.304688 0.585938 0.305664 0.589844 0.306641 0.591146 0.308594 0.591146 0.309570 0.592448 0.312500 0.592448 0.313477 0.591146 0.318359 0.591146 0.322266 0.585938 0.323242 0.585938 0.325195 0.583333 0.325195 0.580729 0.326172 0.579427 0.326172 0.576823 0.327148 0.575521 0.327148 0.570312 0.326172 0.569010 0.326172 0.565104 0.325195 0.563802 0.325195 0.559896
0 0.256836 0.533854 0.256836 0.540365 0.259766 0.544271 0.259766 0.545573 0.260742 0.546875 0.260742 0.549479 0.262695 0.552083 0.267578 0.552083 0.268555 0.553385 0.270508 0.553385 0.271484 0.554688 0.272461 0.553385 0.275391 0.553385 0.277344 0.550781 0.278320 0.550781 0.279297 0.549479 0.281250 0.549479 0.284180 0.546875 0.286133 0.546875 0.288086 0.544271 0.288086 0.533854 0.287109 0.532552 0.287109 0.529948 0.286133 0.528646 0.286133 0.527344 0.282227 0.522135 0.280273 0.522135 0.279297 0.523438 0.278320 0.522135 0.276367 0.522135 0.273438 0.518229 0.273438 0.516927 0.268555 0.516927 0.267578 0.518229 0.266602 0.518229 0.259766 0.527344 0.259766 0.528646 0.258789 0.529948 0.258789 0.531250
0 0.224609 0.471354 0.222656 0.473958 0.222656 0.475260 0.221680 0.476562 0.221680 0.479167 0.220703 0.480469 0.220703 0.483073 0.219727 0.484375 0.219727 0.488281 0.218750 0.489583 0.218750 0.492188 0.219727 0.493490 0.219727 0.497396 0.222656 0.501302 0.223633 0.501302 0.224609 0.502604 0.225586 0.502604 0.227539 0.505208 0.229492 0.505208 0.230469 0.506510 0.241211 0.506510 0.242188 0.505208 0.243164 0.505208 0.243164 0.503906 0.244141 0.502604 0.244141 0.494792 0.245117 0.493490 0.245117 0.490885 0.244141 0.489583 0.244141 0.488281 0.242188 0.485677 0.242188 0.484375 0.240234 0.480469 0.240234 0.477865 0.239258 0.476562 0.239258 0.475260 0.237305 0.472656 0.236328 0.472656 0.235352 0.471354 0.233398 0.471354 0.232422 0.470052 0.227539 0.470052 0.226562 0.471354
0 0.241211 0.470052 0.241211 0.472656 0.240234 0.473958 0.240234 0.477865 0.241211 0.479167 0.241211 0.481771 0.242188 0.483073 0.243164 0.486979 0.246094 0.490885 0.247070 0.490885 0.249023 0.493490 0.250000 0.493490 0.250977 0.494792 0.253906 0.494792 0.254883 0.496094 0.258789 0.496094 0.259766 0.497396 0.267578 0.497396 0.268555 0.496094 0.270508 0.496094 0.270508 0.494792 0.272461 0.492188 0.272461 0.489583 0.273438 0.488281 0.273438 0.476562 0.272461 0.475260 0.272461 0.472656 0.270508 0.470052 0.270508 0.468750 0.267578 0.464844 0.267578 0.463542 0.266602 0.462240 0.264648 0.462240 0.263672 0.460938 0.260742 0.460938 0.259766 0.459635 0.253906 0.459635 0.250977 0.462240 0.248047 0.462240 0.247070 0.463542 0.246094 0.463542
0 0.305664 0.464844 0.300781 0.464844 0.299805 0.466146 0.297852 0.466146 0.296875 0.467448 0.294922 0.467448 0.293945 0.468750 0.291992 0.468750 0.291016 0.470052 0.290039 0.470052 0.285156 0.476562 0.285156 0.477865 0.283203 0.480469 0.282227 0.480469 0.281250 0.481771 0.281250 0.483073 0.279297 0.485677 0.279297 0.486979 0.281250 0.489583 0.281250 0.490885 0.282227 0.492188 0.282227 0.494792 0.283203 0.496094 0.283203 0.497396 0.284180 0.498698 0.284180 0.500000 0.285156 0.501302 0.286133 0.505208 0.289062 0.509115 0.290039 0.509115 0.291016 0.510417 0.293945 0.510417 0.294922 0.511719 0.301758 0.511719 0.304688 0.507812 0.304688 0.506510 0.308594 0.501302 0.308594 0.498698 0.310547 0.494792 0.310547 0.489583 0.311523 0.488281 0.311523 0.471354 0.308594 0.467448 0.307617 0.467448
0 0.325195 0.470052 0.323242 0.472656 0.322266 0.472656 0.317383 0.479167 0.317383 0.480469 0.316406 0.481771 0.315430 0.485677 0.313477 0.488281 0.312500 0.492188 0.313477 0.493490 0.314453 0.497396 0.316406 0.500000 0.316406 0.501302 0.319336 0.505208 0.320312 0.509115 0.322266 0.511719 0.323242 0.511719 0.324219 0.513021 0.326172 0.513021 0.327148 0.514323 0.332031 0.514323 0.333008 0.513021 0.334961 0.513021 0.335938 0.511719 0.338867 0.510417 0.339844 0.509115 0.339844 0.507812 0.341797 0.505208 0.341797 0.503906 0.343750 0.501302 0.343750 0.500000 0.345703 0.497396 0.346680 0.497396 0.348633 0.494792 0.349609 0.494792 0.352539 0.490885 0.352539 0.488281 0.351562 0.486979 0.351562 0.485677 0.349609 0.483073 0.348633 0.483073 0.347656 0.481771 0.347656 0.479167 0.345703 0.476562 0.344727 0.476562 0.343750 0.475260 0.341797 0.475260 0.340820 0.473958 0.339844 0.473958 0.334961 0.470052
0 0.324219 0.514323 0.323242 0.514323 0.320312 0.511719 0.309570 0.511719 0.308594 0.513021 0.307617 0.513021 0.306641 0.514323 0.305664 0.514323 0.303711 0.516927 0.303711 0.518229 0.302734 0.519531 0.302734 0.522135 0.301758 0.523438 0.301758 0.527344 0.300781 0.528646 0.300781 0.532552 0.299805 0.533854 0.299805 0.542969 0.300781 0.542969 0.301758 0.544271 0.302734 0.544271 0.305664 0.546875 0.307617 0.546875 0.308594 0.548177 0.310547 0.548177 0.311523 0.546875 0.313477 0.546875 0.316406 0.542969 0.316406 0.541667 0.317383 0.540365 0.317383 0.539062 0.319336 0.536458 0.319336 0.535156 0.321289 0.532552 0.321289 0.531250 0.324219 0.527344 0.324219 0.526042 0.326172 0.522135 0.326172 0.519531 0.327148 0.518229
0 0.364258 0.492188 0.363281 0.493490 0.358398 0.493490 0.357422 0.494792 0.354492 0.496094 0.353516 0.497396 0.351562 0.503906 0.350586 0.505208 0.349609 0.505208 0.342773 0.514323 0.341797 0.514323 0.340820 0.515625 0.340820 0.520833 0.339844 0.522135 0.339844 0.523438 0.340820 0.524740 0.340820 0.531250 0.341797 0.532552 0.341797 0.533854 0.346680 0.540365 0.347656 0.540365 0.350586 0.544271 0.350586 0.545573 0.351562 0.546875 0.353516 0.546875 0.355469 0.544271 0.356445 0.544271 0.357422 0.542969 0.357422 0.541667 0.359375 0.539062 0.359375 0.537760 0.361328 0.535156 0.362305 0.535156 0.366211 0.529948 0.367188 0.529948 0.370117 0.526042 0.371094 0.526042 0.374023 0.522135 0.375000 0.522135 0.376953 0.518229 0.376953 0.513021 0.375977 0.511719 0.375977 0.507812 0.375000 0.506510 0.375000 0.505208 0.373047 0.502604 0.373047 0.501302 0.369141 0.496094 0.368164 0.496094 0.366211 0.493490 0.365234 0.493490
0 0.392578 0.523438 0.384766 0.523438 0.383789 0.524740 0.377930 0.524740 0.376953 0.526042 0.375000 0.526042 0.374023 0.527344 0.372070 0.527344 0.371094 0.528646 0.369141 0.528646 0.368164 0.529948 0.367188 0.529948 0.361328 0.537760 0.360352 0.537760 0.359375 0.539062 0.359375 0.545573 0.361328 0.548177 0.361328 0.549479 0.363281 0.552083 0.363281 0.553385 0.365234 0.555990 0.365234 0.557292 0.367188 0.559896 0.367188 0.561198 0.368164 0.562500 0.370117 0.562500 0.371094 0.563802 0.378906 0.563802 0.379883 0.565104 0.385742 0.565104 0.388672 0.562500 0.388672 0.561198 0.390625 0.557292 0.393555 0.555990 0.396484 0.552083 0.396484 0.549479 0.397461 0.548177 0.397461 0.546875 0.396484 0.545573 0.396484 0.539062 0.397461 0.537760 0.397461 0.532552 0.396484 0.531250 0.396484 0.528646
0 0.149414 0.424479 0.147461 0.430990 0.143555 0.437500 0.143555 0.438802 0.142578 0.440104 0.142578 0.444010 0.141602 0.445312 0.141602 0.454427 0.143555 0.457031 0.144531 0.457031 0.147461 0.459635 0.150391 0.459635 0.151367 0.460938 0.167969 0.460938 0.168945 0.459635 0.171875 0.459635 0.172852 0.458333 0.175781 0.457031 0.178711 0.453125 0.178711 0.451823 0.179688 0.450521 0.180664 0.450521 0.180664 0.449219 0.178711 0.446615 0.178711 0.444010 0.180664 0.441406 0.180664 0.433594 0.178711 0.430990 0.178711 0.428385 0.176758 0.425781 0.175781 0.425781 0.170898 0.421875 0.160156 0.421875 0.159180 0.420573 0.154297 0.420573
0 0.170898 0.384115 0.168945 0.386719 0.168945 0.390625 0.167969 0.391927 0.167969 0.394531 0.166992 0.395833 0.166992 0.399740 0.166016 0.401042 0.166016 0.412760 0.166992 0.414062 0.166992 0.417969 0.169922 0.420573 0.172852 0.420573 0.173828 0.421875 0.180664 0.421875 0.181641 0.420573 0.182617 0.420573 0.183594 0.419271 0.184570 0.419271 0.185547 0.417969 0.186523 0.417969 0.187500 0.416667 0.188477 0.416667 0.189453 0.415365 0.189453 0.414062 0.190430 0.412760 0.190430 0.411458 0.192383 0.408854 0.192383 0.407552 0.191406 0.406250 0.191406 0.404948 0.189453 0.402344 0.188477 0.402344 0.186523 0.399740 0.186523 0.398438 0.185547 0.397135 0.185547 0.389323 0.184570 0.388021 0.184570 0.382812 0.175781 0.382812 0.174805 0.384115
0 0.209961 0.419271 0.205078 0.419271 0.204102 0.417969 0.191406 0.417969 0.190430 0.419271 0.188477 0.419271 0.186523 0.421875 0.185547 0.421875 0.182617 0.424479 0.182617 0.425781 0.181641 0.427083 0.181641 0.434896 0.182617 0.436198 0.182617 0.438802 0.183594 0.440104 0.183594 0.441406 0.185547 0.445312 0.185547 0.447917 0.186523 0.449219 0.186523 0.455729 0.188477 0.458333 0.190430 0.458333 0.191406 0.459635 0.197266 0.459635 0.200195 0.457031 0.202148 0.457031 0.203125 0.455729 0.206055 0.454427 0.208984 0.450521 0.210938 0.450521 0.211914 0.449219 0.211914 0.441406 0.212891 0.440104 0.212891 0.437500 0.214844 0.434896 0.214844 0.429688 0.213867 0.428385 0.213867 0.427083 0.211914 0.424479 0.211914 0.423177
0 0.243164 0.429688 0.242188 0.429688 0.241211 0.428385 0.229492 0.428385 0.228516 0.427083 0.227539 0.428385 0.225586 0.428385 0.222656 0.432292 0.221680 0.432292 0.220703 0.433594 0.218750 0.433594 0.215820 0.436198 0.215820 0.437500 0.214844 0.438802 0.214844 0.458333 0.215820 0.459635 0.216797 0.463542 0.218750 0.466146 0.219727 0.466146 0.220703 0.467448 0.222656 0.467448 0.223633 0.468750 0.233398 0.468750 0.234375 0.467448 0.236328 0.467448 0.238281 0.464844 0.239258 0.464844 0.240234 0.463542 0.243164 0.462240 0.247070 0.457031 0.247070 0.449219 0.246094 0.447917 0.246094 0.444010 0.245117 0.442708 0.245117 0.432292
0 0.256836 0.415365 0.255859 0.416667 0.254883 0.416667 0.253906 0.417969 0.253906 0.419271 0.252930 0.420573 0.251953 0.420573 0.249023 0.424479 0.249023 0.425781 0.247070 0.429688 0.247070 0.445312 0.248047 0.446615 0.248047 0.447917 0.249023 0.449219 0.250000 0.453125 0.252930 0.457031 0.253906 0.457031 0.254883 0.458333 0.258789 0.458333 0.259766 0.459635 0.266602 0.459635 0.271484 0.455729 0.273438 0.455729 0.277344 0.450521 0.278320 0.450521 0.279297 0.449219 0.279297 0.447917 0.281250 0.445312 0.281250 0.444010 0.279297 0.440104 0.279297 0.437500 0.277344 0.433594 0.277344 0.430990 0.276367 0.429688 0.276367 0.428385 0.277344 0.427083 0.277344 0.425781 0.280273 0.419271 0.278320 0.416667 0.275391 0.416667 0.274414 0.415365
0 0.301758 0.411458 0.293945 0.411458 0.292969 0.412760 0.290039 0.412760 0.289062 0.414062 0.286133 0.414062 0.285156 0.415365 0.284180 0.415365 0.282227 0.417969 0.282227 0.419271 0.278320 0.425781 0.278320 0.433594 0.280273 0.436198 0.280273 0.438802 0.284180 0.445312 0.284180 0.446615 0.285156 0.447917 0.285156 0.450521 0.286133 0.451823 0.287109 0.451823 0.290039 0.454427 0.297852 0.454427 0.298828 0.453125 0.301758 0.453125 0.302734 0.451823 0.305664 0.451823 0.306641 0.450521 0.309570 0.449219 0.309570 0.447917 0.310547 0.446615 0.310547 0.436198 0.309570 0.434896 0.309570 0.429688 0.308594 0.428385 0.308594 0.424479 0.307617 0.423177 0.307617 0.421875 0.306641 0.420573 0.305664 0.416667
0 0.308594 0.415365 0.308594 0.421875 0.309570 0.423177 0.309570 0.427083 0.310547 0.428385 0.310547 0.432292 0.311523 0.432292 0.312500 0.433594 0.325195 0.433594 0.326172 0.434896 0.327148 0.433594 0.331055 0.433594 0.332031 0.432292 0.333008 0.432292 0.335938 0.429688 0.337891 0.429688 0.339844 0.427083 0.340820 0.427083 0.343750 0.423177 0.343750 0.421875 0.344727 0.420573 0.344727 0.410156 0.343750 0.408854 0.343750 0.406250 0.340820 0.402344 0.337891 0.402344 0.336914 0.401042 0.331055 0.401042 0.330078 0.399740 0.327148 0.399740 0.326172 0.398438 0.323242 0.398438 0.322266 0.397135 0.316406 0.399740 0.313477 0.403646 0.312500 0.407552 0.310547 0.410156 0.310547 0.411458
0 0.360352 0.432292 0.358398 0.432292 0.353516 0.428385 0.341797 0.428385 0.338867 0.430990 0.336914 0.430990 0.333984 0.433594 0.332031 0.433594 0.327148 0.437500 0.327148 0.438802 0.326172 0.440104 0.326172 0.442708 0.323242 0.449219 0.323242 0.453125 0.325195 0.455729 0.326172 0.455729 0.333008 0.464844 0.333008 0.466146 0.333984 0.467448 0.334961 0.467448 0.337891 0.470052 0.344727 0.470052 0.345703 0.468750 0.346680 0.468750 0.348633 0.466146 0.349609 0.466146 0.352539 0.463542 0.352539 0.462240 0.355469 0.455729 0.355469 0.453125 0.362305 0.444010 0.362305 0.434896
0 0.376953 0.440104 0.375977 0.440104 0.375000 0.441406 0.372070 0.441406 0.369141 0.444010 0.367188 0.444010 0.366211 0.445312 0.363281 0.446615 0.357422 0.454427 0.357422 0.455729 0.355469 0.459635 0.355469 0.463542 0.354492 0.464844 0.355469 0.468750 0.362305 0.477865 0.363281 0.477865 0.365234 0.480469 0.366211 0.480469 0.370117 0.485677 0.371094 0.485677 0.372070 0.486979 0.377930 0.486979 0.378906 0.485677 0.379883 0.485677 0.381836 0.483073 0.382812 0.483073 0.388672 0.475260 0.389648 0.475260 0.391602 0.471354 0.391602 0.470052 0.390625 0.468750 0.390625 0.462240 0.391602 0.460938 0.391602 0.458333 0.390625 0.457031 0.390625 0.453125 0.389648 0.451823 0.388672 0.451823 0.387695 0.450521 0.387695 0.449219 0.382812 0.442708 0.381836 0.442708 0.380859 0.441406 0.377930 0.441406
0 0.378906 0.486979 0.378906 0.493490 0.379883 0.494792 0.379883 0.497396 0.380859 0.498698 0.380859 0.502604 0.381836 0.503906 0.381836 0.507812 0.382812 0.509115 0.382812 0.510417 0.385742 0.514323 0.386719 0.514323 0.387695 0.515625 0.390625 0.515625 0.391602 0.516927 0.396484 0.516927 0.400391 0.511719 0.401367 0.511719 0.403320 0.509115 0.405273 0.509115 0.406250 0.507812 0.409180 0.506510 0.409180 0.505208 0.411133 0.502604 0.411133 0.490885 0.410156 0.489583 0.410156 0.485677 0.408203 0.483073 0.406250 0.483073 0.405273 0.481771 0.401367 0.481771 0.400391 0.480469 0.397461 0.480469 0.396484 0.479167 0.387695 0.479167 0.385742 0.481771 0.384766 0.481771 0.382812 0.484375 0.381836 0.484375 0.379883 0.486979
0 0.186523 0.532552 0.186523 0.533854 0.187500 0.533854 0.191406 0.539062 0.191406 0.540365 0.192383 0.541667 0.192383 0.544271 0.196289 0.549479 0.198242 0.549479 0.199219 0.550781 0.201172 0.550781 0.202148 0.549479 0.208984 0.549479 0.209961 0.548177 0.212891 0.548177 0.213867 0.546875 0.213867 0.545573 0.214844 0.544271 0.214844 0.542969 0.213867 0.541667 0.213867 0.540365 0.210938 0.540365 0.209961 0.539062 0.205078 0.539062 0.204102 0.537760 0.202148 0.537760 0.201172 0.536458 0.199219 0.536458 0.198242 0.535156 0.197266 0.535156 0.196289 0.533854 0.194336 0.533854 0.193359 0.532552
0 0.205078 0.361979 0.204102 0.363281 0.201172 0.363281 0.200195 0.364583 0.199219 0.364583 0.198242 0.365885 0.197266 0.365885 0.196289 0.367188 0.193359 0.368490 0.191406 0.371094 0.190430 0.371094 0.188477 0.373698 0.188477 0.375000 0.186523 0.377604 0.186523 0.378906 0.184570 0.382812 0.184570 0.393229 0.185547 0.394531 0.185547 0.397135 0.188477 0.401042 0.189453 0.401042 0.190430 0.402344 0.191406 0.402344 0.192383 0.403646 0.193359 0.403646 0.194336 0.404948 0.195312 0.404948 0.198242 0.407552 0.202148 0.407552 0.203125 0.406250 0.204102 0.406250 0.206055 0.403646 0.207031 0.403646 0.208984 0.401042 0.209961 0.401042 0.212891 0.397135 0.212891 0.394531 0.213867 0.393229 0.213867 0.390625 0.212891 0.389323 0.212891 0.384115 0.213867 0.382812 0.213867 0.378906 0.212891 0.377604 0.212891 0.376302 0.213867 0.375000 0.213867 0.372396 0.208984 0.365885 0.208984 0.364583 0.208008 0.363281 0.206055 0.363281
0 0.240234 0.389323 0.235352 0.389323 0.234375 0.390625 0.231445 0.390625 0.230469 0.391927 0.227539 0.391927 0.226562 0.393229 0.223633 0.393229 0.220703 0.397135 0.220703 0.398438 0.218750 0.401042 0.218750 0.402344 0.217773 0.403646 0.217773 0.406250 0.216797 0.407552 0.216797 0.414062 0.217773 0.415365 0.217773 0.417969 0.219727 0.420573 0.221680 0.420573 0.224609 0.424479 0.225586 0.424479 0.226562 0.425781 0.229492 0.425781 0.230469 0.427083 0.239258 0.427083 0.240234 0.425781 0.241211 0.425781 0.241211 0.423177 0.243164 0.419271 0.243164 0.408854 0.241211 0.404948 0.241211 0.398438 0.242188 0.397135 0.242188 0.391927
0 0.249023 0.369792 0.246094 0.372396 0.246094 0.375000 0.245117 0.376302 0.245117 0.380208 0.244141 0.381510 0.244141 0.384115 0.243164 0.385417 0.243164 0.389323 0.242188 0.390625 0.242188 0.398438 0.241211 0.399740 0.241211 0.403646 0.242188 0.404948 0.242188 0.406250 0.244141 0.410156 0.246094 0.410156 0.247070 0.411458 0.256836 0.411458 0.257812 0.410156 0.259766 0.410156 0.263672 0.404948 0.263672 0.376302 0.262695 0.375000 0.262695 0.373698 0.259766 0.371094 0.255859 0.371094 0.254883 0.369792
0 0.315430 0.381510 0.314453 0.381510 0.312500 0.378906 0.310547 0.378906 0.309570 0.377604 0.307617 0.377604 0.306641 0.376302 0.304688 0.376302 0.303711 0.377604 0.300781 0.377604 0.299805 0.378906 0.297852 0.378906 0.294922 0.381510 0.291992 0.381510 0.291016 0.382812 0.284180 0.382812 0.283203 0.384115 0.282227 0.384115 0.282227 0.385417 0.281250 0.386719 0.281250 0.389323 0.282227 0.390625 0.282227 0.394531 0.284180 0.397135 0.284180 0.398438 0.286133 0.402344 0.286133 0.404948 0.287109 0.406250 0.287109 0.407552 0.289062 0.410156 0.293945 0.410156 0.294922 0.408854 0.304688 0.408854 0.305664 0.410156 0.306641 0.408854 0.308594 0.408854 0.309570 0.407552 0.310547 0.407552 0.311523 0.406250 0.311523 0.404948 0.313477 0.402344 0.313477 0.401042 0.316406 0.397135 0.316406 0.384115 0.315430 0.382812
0 0.299805 0.350260 0.298828 0.348958 0.297852 0.348958 0.294922 0.345052 0.291016 0.345052 0.290039 0.343750 0.287109 0.343750 0.286133 0.342448 0.278320 0.342448 0.277344 0.343750 0.274414 0.345052 0.270508 0.350260 0.270508 0.352865 0.269531 0.354167 0.269531 0.356771 0.268555 0.358073 0.268555 0.361979 0.267578 0.363281 0.267578 0.365885 0.266602 0.367188 0.266602 0.368490 0.264648 0.371094 0.265625 0.375000 0.267578 0.377604 0.268555 0.377604 0.270508 0.380208 0.270508 0.381510 0.271484 0.382812 0.272461 0.382812 0.273438 0.384115 0.275391 0.384115 0.276367 0.382812 0.277344 0.382812 0.277344 0.381510 0.279297 0.378906 0.280273 0.378906 0.281250 0.377604 0.283203 0.377604 0.286133 0.373698 0.287109 0.373698 0.291016 0.368490 0.291992 0.368490 0.293945 0.364583 0.296875 0.364583 0.297852 0.365885 0.298828 0.365885 0.298828 0.359375 0.299805 0.358073
0 0.231445 0.299479 0.228516 0.299479 0.226562 0.296875 0.224609 0.296875 0.223633 0.295573 0.220703 0.295573 0.219727 0.296875 0.215820 0.296875 0.214844 0.298177 0.213867 0.298177 0.210938 0.302083 0.209961 0.302083 0.208008 0.304688 0.208008 0.305990 0.206055 0.309896 0.206055 0.312500 0.205078 0.313802 0.205078 0.320312 0.204102 0.321615 0.204102 0.334635 0.205078 0.335938 0.206055 0.335938 0.208984 0.339844 0.210938 0.339844 0.211914 0.341146 0.218750 0.341146 0.219727 0.339844 0.221680 0.339844 0.223633 0.337240 0.226562 0.335938 0.229492 0.332031 0.229492 0.330729 0.230469 0.329427 0.230469 0.326823 0.231445 0.325521 0.231445 0.315104 0.232422 0.313802 0.232422 0.311198 0.233398 0.309896 0.232422 0.305990 0.230469 0.303385 0.231445 0.302083
0 0.245117 0.316406 0.241211 0.322917 0.241211 0.324219 0.240234 0.325521 0.240234 0.326823 0.238281 0.330729 0.238281 0.333333 0.237305 0.334635 0.237305 0.335938 0.238281 0.337240 0.238281 0.339844 0.242188 0.345052 0.243164 0.345052 0.247070 0.350260 0.248047 0.350260 0.250000 0.352865 0.251953 0.352865 0.252930 0.354167 0.255859 0.354167 0.256836 0.355469 0.263672 0.355469 0.266602 0.351562 0.266602 0.350260 0.267578 0.348958 0.267578 0.346354 0.268555 0.345052 0.268555 0.337240 0.269531 0.335938 0.268555 0.334635 0.268555 0.333333 0.266602 0.329427 0.266602 0.326823 0.265625 0.325521 0.265625 0.320312 0.264648 0.319010 0.264648 0.317708 0.262695 0.315104 0.261719 0.315104 0.260742 0.313802 0.256836 0.313802 0.255859 0.312500 0.251953 0.312500 0.250977 0.313802 0.249023 0.313802 0.248047 0.315104
0 0.256836 0.276042 0.253906 0.279948 0.253906 0.281250 0.252930 0.282552 0.252930 0.285156 0.250977 0.287760 0.250977 0.292969 0.250000 0.294271 0.250977 0.295573 0.250977 0.300781 0.251953 0.302083 0.251953 0.305990 0.252930 0.307292 0.252930 0.308594 0.253906 0.309896 0.253906 0.311198 0.254883 0.311198 0.255859 0.312500 0.263672 0.312500 0.264648 0.311198 0.265625 0.311198 0.268555 0.307292 0.268555 0.305990 0.271484 0.302083 0.272461 0.302083 0.273438 0.300781 0.273438 0.299479 0.274414 0.298177 0.274414 0.296875 0.276367 0.294271 0.276367 0.292969 0.275391 0.291667 0.275391 0.287760 0.274414 0.286458 0.274414 0.282552 0.273438 0.281250 0.273438 0.278646 0.272461 0.278646 0.271484 0.277344 0.266602 0.277344 0.265625 0.276042
0 0.279297 0.294271 0.278320 0.295573 0.277344 0.295573 0.274414 0.299479 0.274414 0.300781 0.272461 0.303385 0.271484 0.303385 0.270508 0.304688 0.270508 0.305990 0.268555 0.308594 0.268555 0.309896 0.267578 0.311198 0.267578 0.313802 0.266602 0.315104 0.266602 0.325521 0.268555 0.329427 0.268555 0.332031 0.271484 0.335938 0.272461 0.335938 0.275391 0.338542 0.277344 0.338542 0.278320 0.339844 0.282227 0.339844 0.283203 0.338542 0.285156 0.338542 0.286133 0.337240 0.287109 0.337240 0.288086 0.335938 0.289062 0.335938 0.290039 0.334635 0.292969 0.333333 0.295898 0.329427 0.295898 0.313802 0.296875 0.312500 0.297852 0.308594 0.296875 0.307292 0.296875 0.305990 0.294922 0.302083 0.293945 0.302083 0.291016 0.299479 0.289062 0.299479 0.288086 0.298177 0.286133 0.298177 0.283203 0.294271
0 0.284180 0.226562 0.283203 0.226562 0.282227 0.225260 0.276367 0.225260 0.275391 0.226562 0.269531 0.226562 0.265625 0.231771 0.264648 0.231771 0.261719 0.235677 0.261719 0.246094 0.260742 0.247396 0.260742 0.255208 0.261719 0.256510 0.261719 0.263021 0.262695 0.264323 0.262695 0.266927 0.271484 0.266927 0.272461 0.265625 0.275391 0.265625 0.279297 0.260417 0.279297 0.257812 0.280273 0.256510 0.280273 0.248698 0.282227 0.246094 0.282227 0.244792 0.285156 0.242188 0.285156 0.234375 0.283203 0.230469 0.284180 0.229167
0 0.318359 0.268229 0.313477 0.263021 0.308594 0.263021 0.307617 0.261719 0.305664 0.261719 0.304688 0.260417 0.300781 0.260417 0.299805 0.261719 0.296875 0.261719 0.295898 0.263021 0.294922 0.263021 0.292969 0.265625 0.291992 0.265625 0.291016 0.266927 0.288086 0.268229 0.286133 0.272135 0.286133 0.276042 0.285156 0.277344 0.285156 0.292969 0.287109 0.295573 0.288086 0.295573 0.289062 0.296875 0.297852 0.296875 0.298828 0.295573 0.312500 0.295573 0.313477 0.294271 0.315430 0.294271 0.318359 0.290365 0.318359 0.286458 0.319336 0.285156 0.319336 0.277344 0.318359 0.276042
0 0.326172 0.247396 0.326172 0.248698 0.324219 0.251302 0.323242 0.251302 0.322266 0.252604 0.322266 0.268229 0.323242 0.269531 0.323242 0.277344 0.324219 0.278646 0.324219 0.279948 0.325195 0.279948 0.326172 0.281250 0.328125 0.281250 0.329102 0.282552 0.333008 0.282552 0.333984 0.283854 0.339844 0.283854 0.340820 0.282552 0.343750 0.282552 0.345703 0.279948 0.345703 0.278646 0.346680 0.277344 0.346680 0.272135 0.343750 0.268229 0.343750 0.266927 0.342773 0.265625 0.342773 0.260417 0.343750 0.259115 0.343750 0.255208 0.342773 0.253906 0.342773 0.248698 0.343750 0.247396 0.342773 0.246094 0.338867 0.246094 0.337891 0.244792 0.332031 0.244792 0.331055 0.246094 0.328125 0.246094 0.327148 0.247396
0 0.375000 0.246094 0.373047 0.243490 0.372070 0.243490 0.368164 0.238281 0.362305 0.238281 0.361328 0.239583 0.356445 0.239583 0.353516 0.242188 0.351562 0.242188 0.350586 0.243490 0.349609 0.243490 0.347656 0.246094 0.344727 0.247396 0.344727 0.248698 0.343750 0.250000 0.343750 0.265625 0.344727 0.266927 0.344727 0.268229 0.347656 0.272135 0.354492 0.272135 0.355469 0.273438 0.371094 0.273438 0.372070 0.272135 0.373047 0.272135 0.374023 0.270833 0.374023 0.268229 0.375000 0.266927 0.375000 0.255208 0.375977 0.253906 0.375977 0.248698 0.375000 0.247396
0 0.345703 0.220052 0.339844 0.220052 0.338867 0.221354 0.336914 0.221354 0.335938 0.222656 0.333984 0.222656 0.333008 0.223958 0.330078 0.223958 0.329102 0.225260 0.323242 0.225260 0.322266 0.226562 0.321289 0.226562 0.321289 0.227865 0.319336 0.230469 0.319336 0.231771 0.318359 0.233073 0.318359 0.235677 0.317383 0.236979 0.317383 0.242188 0.318359 0.243490 0.318359 0.248698 0.320312 0.251302 0.325195 0.251302 0.325195 0.250000 0.326172 0.248698 0.326172 0.247396 0.329102 0.244792 0.338867 0.244792 0.339844 0.246094 0.345703 0.246094 0.347656 0.243490 0.347656 0.242188 0.348633 0.240885 0.348633 0.236979 0.350586 0.233073 0.350586 0.229167 0.349609 0.229167 0.346680 0.225260 0.346680 0.223958 0.345703 0.222656
0 0.327148 0.325521 0.325195 0.325521 0.324219 0.324219 0.316406 0.324219 0.315430 0.325521 0.313477 0.325521 0.312500 0.326823 0.309570 0.328125 0.306641 0.332031 0.306641 0.333333 0.305664 0.334635 0.305664 0.338542 0.304688 0.339844 0.303711 0.343750 0.301758 0.346354 0.301758 0.351562 0.302734 0.352865 0.302734 0.355469 0.303711 0.356771 0.303711 0.359375 0.307617 0.365885 0.308594 0.365885 0.309570 0.367188 0.316406 0.367188 0.317383 0.365885 0.318359 0.365885 0.324219 0.358073 0.325195 0.358073 0.329102 0.352865 0.330078 0.352865 0.331055 0.351562 0.331055 0.348958 0.332031 0.347656 0.332031 0.343750 0.331055 0.342448 0.331055 0.338542 0.330078 0.337240 0.330078 0.334635 0.328125 0.330729 0.328125 0.328125 0.327148 0.326823
0 0.339844 0.302083 0.338867 0.303385 0.337891 0.303385 0.335938 0.305990 0.335938 0.307292 0.334961 0.308594 0.334961 0.309896 0.333984 0.311198 0.333984 0.312500 0.333008 0.313802 0.333008 0.315104 0.332031 0.316406 0.332031 0.317708 0.331055 0.319010 0.331055 0.320312 0.329102 0.324219 0.329102 0.332031 0.330078 0.333333 0.330078 0.334635 0.331055 0.335938 0.332031 0.339844 0.335938 0.345052 0.338867 0.346354 0.341797 0.350260 0.342773 0.350260 0.344727 0.352865 0.345703 0.352865 0.347656 0.350260 0.347656 0.348958 0.348633 0.347656 0.348633 0.343750 0.350586 0.341146 0.350586 0.330729 0.351562 0.329427 0.351562 0.324219 0.352539 0.322917 0.352539 0.321615 0.354492 0.317708 0.354492 0.311198 0.353516 0.309896 0.353516 0.308594 0.348633 0.303385 0.346680 0.303385 0.345703 0.302083
0 0.320312 0.372396 0.320312 0.373698 0.318359 0.377604 0.318359 0.386719 0.321289 0.390625 0.322266 0.390625 0.324219 0.393229 0.325195 0.393229 0.326172 0.394531 0.328125 0.394531 0.329102 0.395833 0.331055 0.395833 0.332031 0.397135 0.338867 0.397135 0.339844 0.398438 0.343750 0.398438 0.344727 0.399740 0.345703 0.399740 0.346680 0.398438 0.348633 0.398438 0.348633 0.397135 0.349609 0.395833 0.349609 0.390625 0.350586 0.389323 0.350586 0.385417 0.351562 0.384115 0.351562 0.378906 0.350586 0.377604 0.350586 0.373698 0.348633 0.371094 0.348633 0.369792 0.345703 0.365885 0.345703 0.364583 0.343750 0.361979 0.338867 0.361979 0.337891 0.363281 0.334961 0.363281 0.333984 0.364583 0.332031 0.364583 0.329102 0.367188 0.327148 0.367188 0.326172 0.368490 0.325195 0.368490 0.324219 0.369792 0.323242 0.369792
0 0.362305 0.345052 0.361328 0.346354 0.360352 0.346354 0.357422 0.350260 0.356445 0.350260 0.352539 0.355469 0.351562 0.355469 0.351562 0.356771 0.349609 0.359375 0.349609 0.360677 0.348633 0.361979 0.348633 0.365885 0.349609 0.367188 0.349609 0.368490 0.352539 0.372396 0.352539 0.375000 0.354492 0.378906 0.354492 0.384115 0.356445 0.388021 0.362305 0.388021 0.363281 0.389323 0.367188 0.389323 0.368164 0.388021 0.371094 0.388021 0.372070 0.386719 0.373047 0.386719 0.373047 0.385417 0.374023 0.384115 0.374023 0.377604 0.373047 0.376302 0.373047 0.369792 0.372070 0.368490 0.372070 0.363281 0.371094 0.361979 0.371094 0.356771 0.370117 0.355469 0.370117 0.350260 0.368164 0.347656 0.368164 0.346354 0.366211 0.346354 0.365234 0.345052
0 0.359375 0.390625 0.358398 0.391927 0.357422 0.391927 0.353516 0.397135 0.353516 0.401042 0.352539 0.402344 0.352539 0.412760 0.353516 0.414062 0.353516 0.424479 0.355469 0.428385 0.357422 0.428385 0.358398 0.429688 0.366211 0.429688 0.367188 0.428385 0.369141 0.428385 0.370117 0.427083 0.371094 0.427083 0.372070 0.425781 0.373047 0.425781 0.373047 0.424479 0.374023 0.423177 0.374023 0.421875 0.375977 0.419271 0.375977 0.417969 0.377930 0.414062 0.377930 0.411458 0.375977 0.407552 0.375977 0.404948 0.375000 0.403646 0.375000 0.399740 0.374023 0.398438 0.374023 0.395833 0.373047 0.394531 0.372070 0.394531 0.371094 0.393229 0.369141 0.393229 0.368164 0.391927 0.365234 0.391927 0.364258 0.390625
0 0.387695 0.403646 0.377930 0.416667 0.377930 0.417969 0.375977 0.421875 0.375977 0.429688 0.376953 0.430990 0.377930 0.434896 0.384766 0.442708 0.386719 0.442708 0.387695 0.444010 0.390625 0.445312 0.392578 0.447917 0.393555 0.447917 0.394531 0.449219 0.396484 0.449219 0.402344 0.441406 0.403320 0.441406 0.408203 0.434896 0.408203 0.433594 0.410156 0.429688 0.410156 0.421875 0.409180 0.420573 0.408203 0.416667 0.403320 0.410156 0.402344 0.410156 0.399414 0.407552 0.397461 0.407552 0.396484 0.406250 0.394531 0.406250 0.391602 0.403646
0 0.415039 0.423177 0.413086 0.425781 0.413086 0.427083 0.412109 0.428385 0.412109 0.429688 0.410156 0.432292 0.409180 0.436198 0.405273 0.442708 0.405273 0.447917 0.406250 0.449219 0.406250 0.450521 0.409180 0.454427 0.410156 0.454427 0.412109 0.457031 0.413086 0.457031 0.417969 0.463542 0.418945 0.463542 0.420898 0.467448 0.421875 0.467448 0.422852 0.468750 0.428711 0.468750 0.430664 0.466146 0.430664 0.464844 0.433594 0.460938 0.433594 0.459635 0.435547 0.455729 0.435547 0.450521 0.436523 0.449219 0.436523 0.434896 0.435547 0.433594 0.435547 0.430990 0.433594 0.428385 0.431641 0.428385 0.430664 0.427083 0.426758 0.427083 0.425781 0.425781 0.423828 0.425781 0.420898 0.421875 0.417969 0.421875 0.416992 0.423177
0 0.377930 0.360677 0.375977 0.363281 0.375977 0.373698 0.376953 0.375000 0.376953 0.377604 0.377930 0.378906 0.377930 0.380208 0.378906 0.381510 0.379883 0.381510 0.388672 0.393229 0.390625 0.393229 0.391602 0.394531 0.399414 0.394531 0.400391 0.393229 0.401367 0.393229 0.404297 0.389323 0.404297 0.388021 0.407227 0.384115 0.408203 0.380208 0.410156 0.377604 0.410156 0.373698 0.409180 0.372396 0.409180 0.368490 0.408203 0.367188 0.408203 0.361979 0.407227 0.360677 0.406250 0.356771 0.405273 0.356771 0.402344 0.352865 0.401367 0.352865 0.400391 0.351562 0.394531 0.351562 0.393555 0.352865 0.391602 0.352865 0.390625 0.354167 0.389648 0.354167 0.386719 0.356771 0.384766 0.356771 0.383789 0.358073 0.381836 0.358073 0.380859 0.359375
0 0.411133 0.378906 0.411133 0.380208 0.409180 0.382812 0.409180 0.384115 0.408203 0.385417 0.408203 0.386719 0.407227 0.388021 0.407227 0.389323 0.405273 0.393229 0.405273 0.395833 0.404297 0.397135 0.404297 0.403646 0.405273 0.403646 0.406250 0.404948 0.409180 0.406250 0.411133 0.408854 0.412109 0.408854 0.418945 0.417969 0.426758 0.417969 0.427734 0.416667 0.430664 0.415365 0.437500 0.406250 0.437500 0.402344 0.438477 0.401042 0.438477 0.395833 0.439453 0.394531 0.439453 0.388021 0.438477 0.386719 0.437500 0.386719 0.435547 0.384115 0.434570 0.384115 0.431641 0.380208 0.430664 0.380208 0.429688 0.378906 0.426758 0.378906 0.425781 0.377604 0.417969 0.377604 0.416992 0.378906
0 0.409180 0.312500 0.407227 0.312500 0.406250 0.311198 0.400391 0.311198 0.399414 0.312500 0.398438 0.312500 0.392578 0.320312 0.391602 0.324219 0.389648 0.326823 0.386719 0.328125 0.384766 0.330729 0.384766 0.333333 0.385742 0.334635 0.385742 0.337240 0.386719 0.338542 0.386719 0.342448 0.387695 0.343750 0.387695 0.346354 0.388672 0.347656 0.389648 0.347656 0.391602 0.350260 0.397461 0.350260 0.398438 0.348958 0.399414 0.348958 0.401367 0.346354 0.402344 0.346354 0.404297 0.343750 0.408203 0.343750 0.411133 0.341146 0.413086 0.341146 0.414062 0.339844 0.415039 0.339844 0.417969 0.335938 0.418945 0.335938 0.418945 0.334635 0.419922 0.333333 0.419922 0.329427 0.416992 0.325521 0.416992 0.324219 0.414062 0.320312 0.414062 0.319010
0 0.449219 0.346354 0.443359 0.338542 0.440430 0.337240 0.438477 0.334635 0.432617 0.334635 0.431641 0.333333 0.423828 0.333333 0.422852 0.334635 0.421875 0.334635 0.416992 0.341146 0.416016 0.341146 0.415039 0.342448 0.415039 0.343750 0.410156 0.350260 0.410156 0.352865 0.411133 0.354167 0.411133 0.358073 0.414062 0.364583 0.414062 0.367188 0.416992 0.371094 0.416992 0.372396 0.417969 0.373698 0.419922 0.373698 0.420898 0.375000 0.423828 0.375000 0.424805 0.373698 0.426758 0.373698 0.429688 0.369792 0.430664 0.369792 0.433594 0.367188 0.435547 0.367188 0.436523 0.365885 0.439453 0.365885 0.441406 0.363281 0.442383 0.363281 0.446289 0.358073 0.447266 0.358073 0.449219 0.355469 0.449219 0.352865 0.450195 0.351562 0.450195 0.350260 0.449219 0.348958
0 0.386719 0.259115 0.385742 0.260417 0.383789 0.260417 0.381836 0.263021 0.381836 0.264323 0.376953 0.270833 0.376953 0.272135 0.375977 0.273438 0.375977 0.282552 0.376953 0.283854 0.376953 0.286458 0.377930 0.287760 0.377930 0.290365 0.378906 0.291667 0.378906 0.292969 0.380859 0.295573 0.380859 0.296875 0.382812 0.300781 0.382812 0.303385 0.384766 0.305990 0.385742 0.305990 0.388672 0.309896 0.394531 0.309896 0.395508 0.308594 0.398438 0.307292 0.402344 0.302083 0.402344 0.300781 0.403320 0.299479 0.403320 0.296875 0.404297 0.295573 0.404297 0.290365 0.405273 0.289062 0.405273 0.286458 0.404297 0.285156 0.404297 0.282552 0.402344 0.278646 0.402344 0.272135 0.401367 0.270833 0.401367 0.266927 0.396484 0.260417 0.390625 0.260417 0.389648 0.259115
0 0.434570 0.261719 0.428711 0.253906 0.427734 0.253906 0.426758 0.252604 0.425781 0.252604 0.422852 0.250000 0.421875 0.251302 0.417969 0.251302 0.416992 0.252604 0.415039 0.252604 0.414062 0.253906 0.407227 0.253906 0.404297 0.256510 0.404297 0.260417 0.403320 0.261719 0.403320 0.266927 0.402344 0.268229 0.402344 0.278646 0.403320 0.279948 0.403320 0.281250 0.405273 0.285156 0.409180 0.285156 0.410156 0.286458 0.423828 0.286458 0.424805 0.285156 0.429688 0.285156 0.430664 0.283854 0.431641 0.283854 0.431641 0.281250 0.432617 0.279948 0.432617 0.274740 0.433594 0.273438 0.433594 0.268229 0.434570 0.266927
0 0.439453 0.289062 0.438477 0.289062 0.435547 0.286458 0.432617 0.286458 0.431641 0.285156 0.430664 0.285156 0.429688 0.286458 0.424805 0.286458 0.423828 0.287760 0.415039 0.287760 0.414062 0.289062 0.413086 0.289062 0.413086 0.290365 0.412109 0.291667 0.412109 0.294271 0.411133 0.295573 0.411133 0.311198 0.412109 0.312500 0.413086 0.316406 0.417969 0.322917 0.418945 0.322917 0.420898 0.325521 0.421875 0.325521 0.422852 0.326823 0.434570 0.326823 0.435547 0.325521 0.438477 0.325521 0.439453 0.324219 0.439453 0.316406 0.440430 0.315104 0.440430 0.313802 0.444336 0.308594 0.444336 0.296875 0.443359 0.295573 0.443359 0.294271 0.442383 0.292969 0.441406 0.292969 0.439453 0.290365
0 0.373047 0.204427 0.370117 0.208333 0.370117 0.210938 0.369141 0.212240 0.369141 0.213542 0.367188 0.217448 0.367188 0.220052 0.366211 0.221354 0.366211 0.233073 0.367188 0.234375 0.367188 0.235677 0.370117 0.239583 0.371094 0.239583 0.375977 0.244792 0.378906 0.244792 0.379883 0.246094 0.380859 0.246094 0.381836 0.244792 0.386719 0.244792 0.387695 0.243490 0.389648 0.243490 0.390625 0.242188 0.390625 0.240885 0.391602 0.239583 0.391602 0.236979 0.393555 0.233073 0.393555 0.229167 0.394531 0.227865 0.394531 0.222656 0.395508 0.221354 0.395508 0.220052 0.394531 0.218750 0.394531 0.216146 0.393555 0.214844 0.393555 0.213542 0.392578 0.212240 0.392578 0.210938 0.390625 0.208333 0.389648 0.208333 0.388672 0.207031 0.385742 0.207031 0.384766 0.205729 0.379883 0.205729 0.378906 0.204427
0 0.391602 0.160156 0.379883 0.160156 0.374023 0.165365 0.374023 0.166667 0.373047 0.167969 0.373047 0.170573 0.372070 0.171875 0.372070 0.174479 0.371094 0.175781 0.371094 0.177083 0.368164 0.180990 0.368164 0.182292 0.367188 0.183594 0.368164 0.184896 0.368164 0.186198 0.371094 0.190104 0.371094 0.191406 0.372070 0.192708 0.372070 0.194010 0.373047 0.195312 0.374023 0.199219 0.375977 0.201823 0.377930 0.201823 0.378906 0.203125 0.384766 0.203125 0.385742 0.201823 0.388672 0.201823 0.395508 0.192708 0.395508 0.191406 0.396484 0.190104 0.396484 0.188802 0.398438 0.186198 0.398438 0.184896 0.402344 0.179688 0.402344 0.178385 0.401367 0.177083 0.401367 0.175781 0.400391 0.174479 0.400391 0.173177 0.398438 0.169271 0.398438 0.166667 0.396484 0.164062 0.393555 0.162760
0 0.395508 0.153646 0.397461 0.157552 0.397461 0.162760 0.399414 0.166667 0.399414 0.169271 0.400391 0.170573 0.401367 0.174479 0.403320 0.177083 0.404297 0.177083 0.405273 0.178385 0.406250 0.178385 0.407227 0.179688 0.408203 0.179688 0.413086 0.183594 0.417969 0.183594 0.418945 0.182292 0.423828 0.182292 0.424805 0.180990 0.425781 0.180990 0.427734 0.178385 0.430664 0.179688 0.431641 0.178385 0.431641 0.177083 0.434570 0.173177 0.434570 0.167969 0.433594 0.166667 0.433594 0.160156 0.432617 0.158854 0.432617 0.153646 0.431641 0.152344 0.430664 0.148438 0.428711 0.145833 0.426758 0.145833 0.423828 0.143229 0.421875 0.143229 0.420898 0.141927 0.412109 0.141927 0.411133 0.143229 0.409180 0.143229 0.408203 0.144531 0.406250 0.144531 0.405273 0.145833 0.404297 0.145833 0.402344 0.148438 0.401367 0.148438 0.398438 0.152344 0.396484 0.152344
0 0.404297 0.195312 0.402344 0.197917 0.402344 0.199219 0.401367 0.200521 0.401367 0.201823 0.399414 0.204427 0.399414 0.205729 0.398438 0.207031 0.398438 0.213542 0.399414 0.214844 0.399414 0.216146 0.400391 0.217448 0.401367 0.217448 0.404297 0.220052 0.416016 0.220052 0.416992 0.221354 0.419922 0.221354 0.420898 0.220052 0.421875 0.220052 0.421875 0.218750 0.422852 0.217448 0.422852 0.210938 0.423828 0.209635 0.423828 0.208333 0.424805 0.207031 0.424805 0.205729 0.429688 0.199219 0.429688 0.197917 0.430664 0.196615 0.430664 0.195312 0.427734 0.191406 0.425781 0.191406 0.424805 0.192708 0.417969 0.192708 0.416992 0.191406 0.413086 0.191406 0.412109 0.192708 0.410156 0.192708 0.409180 0.194010 0.407227 0.194010 0.406250 0.195312
0 0.455078 0.115885 0.454102 0.115885 0.453125 0.117188 0.450195 0.117188 0.449219 0.118490 0.447266 0.118490 0.445312 0.121094 0.444336 0.121094 0.444336 0.122396 0.442383 0.125000 0.442383 0.126302 0.435547 0.135417 0.435547 0.136719 0.434570 0.138021 0.434570 0.140625 0.433594 0.141927 0.433594 0.145833 0.435547 0.148438 0.435547 0.149740 0.439453 0.154948 0.440430 0.154948 0.443359 0.158854 0.443359 0.160156 0.444336 0.160156 0.446289 0.162760 0.448242 0.162760 0.449219 0.161458 0.451172 0.161458 0.452148 0.160156 0.454102 0.160156 0.457031 0.157552 0.458984 0.157552 0.459961 0.156250 0.462891 0.156250 0.463867 0.154948 0.466797 0.153646 0.466797 0.148438 0.467773 0.147135 0.467773 0.136719 0.462891 0.130208 0.462891 0.128906 0.459961 0.125000 0.459961 0.123698 0.456055 0.118490 0.456055 0.117188
0 0.452148 0.177083 0.451172 0.178385 0.450195 0.178385 0.448242 0.180990 0.447266 0.180990 0.444336 0.184896 0.444336 0.187500 0.443359 0.188802 0.443359 0.199219 0.445312 0.203125 0.447266 0.203125 0.448242 0.204427 0.451172 0.204427 0.452148 0.205729 0.453125 0.205729 0.455078 0.208333 0.460938 0.208333 0.461914 0.209635 0.462891 0.209635 0.465820 0.207031 0.465820 0.205729 0.466797 0.204427 0.466797 0.201823 0.467773 0.200521 0.467773 0.199219 0.471680 0.194010 0.471680 0.192708 0.473633 0.190104 0.473633 0.188802 0.474609 0.187500 0.474609 0.179688 0.472656 0.179688 0.471680 0.178385 0.460938 0.178385 0.459961 0.177083
0 0.431641 0.197917 0.426758 0.204427 0.426758 0.205729 0.423828 0.209635 0.423828 0.214844 0.422852 0.216146 0.422852 0.227865 0.423828 0.229167 0.423828 0.231771 0.424805 0.231771 0.426758 0.234375 0.427734 0.234375 0.429688 0.231771 0.432617 0.231771 0.435547 0.234375 0.437500 0.234375 0.438477 0.235677 0.439453 0.235677 0.442383 0.239583 0.446289 0.239583 0.453125 0.230469 0.453125 0.229167 0.455078 0.225260 0.455078 0.210938 0.453125 0.208333 0.453125 0.207031 0.452148 0.207031 0.451172 0.205729 0.445312 0.205729 0.444336 0.204427 0.441406 0.203125 0.437500 0.197917
0 0.456055 0.260417 0.455078 0.261719 0.452148 0.263021 0.447266 0.268229 0.447266 0.291667 0.446289 0.292969 0.446289 0.294271 0.448242 0.298177 0.451172 0.298177 0.452148 0.299479 0.455078 0.300781 0.457031 0.303385 0.458008 0.303385 0.460938 0.305990 0.465820 0.305990 0.468750 0.303385 0.469727 0.299479 0.473633 0.294271 0.473633 0.292969 0.475586 0.289062 0.475586 0.286458 0.476562 0.285156 0.476562 0.282552 0.479492 0.278646 0.478516 0.277344 0.478516 0.276042 0.476562 0.273438 0.475586 0.273438 0.474609 0.272135 0.471680 0.270833 0.468750 0.266927 0.465820 0.265625 0.462891 0.261719 0.461914 0.261719 0.460938 0.260417
0 0.478516 0.230469 0.477539 0.231771 0.477539 0.233073 0.475586 0.235677 0.475586 0.236979 0.473633 0.240885 0.473633 0.243490 0.472656 0.244792 0.472656 0.248698 0.470703 0.252604 0.470703 0.253906 0.471680 0.255208 0.471680 0.257812 0.472656 0.257812 0.478516 0.265625 0.479492 0.265625 0.482422 0.268229 0.488281 0.268229 0.489258 0.269531 0.494141 0.269531 0.495117 0.268229 0.497070 0.268229 0.498047 0.266927 0.500977 0.266927 0.500977 0.264323 0.501953 0.263021 0.501953 0.260417 0.502930 0.259115 0.502930 0.251302 0.504883 0.248698 0.506836 0.248698 0.506836 0.246094 0.504883 0.243490 0.504883 0.240885 0.496094 0.229167 0.495117 0.229167 0.493164 0.226562 0.483398 0.226562 0.482422 0.227865 0.481445 0.227865 0.479492 0.230469
0 0.501953 0.126302 0.497070 0.126302 0.495117 0.128906 0.493164 0.135417 0.488281 0.141927 0.485352 0.141927 0.484375 0.143229 0.482422 0.143229 0.480469 0.147135 0.480469 0.149740 0.479492 0.151042 0.479492 0.157552 0.480469 0.158854 0.480469 0.160156 0.481445 0.160156 0.486328 0.166667 0.487305 0.166667 0.488281 0.167969 0.490234 0.167969 0.493164 0.165365 0.496094 0.165365 0.497070 0.164062 0.500000 0.164062 0.500977 0.162760 0.502930 0.162760 0.503906 0.161458 0.504883 0.161458 0.505859 0.160156 0.505859 0.157552 0.508789 0.153646 0.509766 0.153646 0.511719 0.156250 0.511719 0.157552 0.512695 0.158854 0.511719 0.162760 0.513672 0.162760 0.513672 0.152344 0.512695 0.151042 0.512695 0.148438 0.510742 0.144531 0.510742 0.136719 0.508789 0.134115 0.508789 0.132812 0.507812 0.131510 0.506836 0.131510 0.503906 0.127604 0.502930 0.127604
0 0.513672 0.083333 0.509766 0.083333 0.508789 0.084635 0.507812 0.084635 0.505859 0.087240 0.504883 0.087240 0.499023 0.095052 0.498047 0.095052 0.497070 0.096354 0.497070 0.097656 0.495117 0.100260 0.495117 0.101562 0.494141 0.102865 0.494141 0.105469 0.493164 0.106771 0.493164 0.111979 0.496094 0.115885 0.496094 0.117188 0.499023 0.121094 0.499023 0.122396 0.500000 0.123698 0.500977 0.123698 0.501953 0.125000 0.502930 0.125000 0.505859 0.127604 0.510742 0.127604 0.511719 0.126302 0.516602 0.126302 0.520508 0.121094 0.520508 0.119792 0.521484 0.118490 0.521484 0.113281 0.522461 0.111979 0.522461 0.108073 0.523438 0.106771 0.523438 0.101562 0.522461 0.100260 0.522461 0.097656 0.521484 0.096354 0.521484 0.095052 0.520508 0.093750 0.520508 0.092448
0 0.538086 0.083333 0.537109 0.084635 0.535156 0.084635 0.534180 0.085938 0.533203 0.085938 0.528320 0.092448 0.526367 0.092448 0.525391 0.093750 0.523438 0.093750 0.522461 0.095052 0.522461 0.096354 0.523438 0.097656 0.524414 0.101562 0.526367 0.104167 0.526367 0.106771 0.527344 0.108073 0.527344 0.109375 0.528320 0.110677 0.528320 0.113281 0.529297 0.114583 0.529297 0.119792 0.530273 0.121094 0.530273 0.122396 0.531250 0.123698 0.534180 0.123698 0.535156 0.125000 0.542969 0.125000 0.543945 0.123698 0.546875 0.122396 0.552734 0.114583 0.552734 0.113281 0.553711 0.111979 0.553711 0.100260 0.552734 0.098958 0.552734 0.096354 0.550781 0.093750 0.550781 0.092448 0.549805 0.091146 0.549805 0.089844 0.547852 0.085938 0.546875 0.085938 0.545898 0.084635 0.543945 0.084635 0.542969 0.083333
0 0.544922 0.128906 0.542969 0.128906 0.541992 0.127604 0.534180 0.127604 0.533203 0.126302 0.532227 0.126302 0.531250 0.127604 0.529297 0.127604 0.527344 0.130208 0.526367 0.130208 0.525391 0.131510 0.524414 0.131510 0.521484 0.134115 0.521484 0.135417 0.520508 0.136719 0.520508 0.154948 0.521484 0.156250 0.521484 0.157552 0.527344 0.165365 0.532227 0.165365 0.532227 0.164062 0.533203 0.162760 0.533203 0.157552 0.534180 0.156250 0.534180 0.154948 0.536133 0.151042 0.537109 0.151042 0.538086 0.149740 0.540039 0.149740 0.542969 0.147135 0.544922 0.147135 0.545898 0.145833 0.546875 0.145833 0.548828 0.143229 0.548828 0.139323 0.547852 0.138021 0.547852 0.135417 0.546875 0.134115 0.546875 0.131510
0 0.559570 0.143229 0.557617 0.143229 0.556641 0.141927 0.555664 0.141927 0.554688 0.143229 0.551758 0.143229 0.550781 0.144531 0.549805 0.144531 0.548828 0.145833 0.547852 0.145833 0.546875 0.147135 0.545898 0.147135 0.544922 0.148438 0.543945 0.148438 0.541016 0.151042 0.539062 0.151042 0.538086 0.152344 0.537109 0.152344 0.535156 0.154948 0.535156 0.157552 0.534180 0.158854 0.534180 0.166667 0.533203 0.167969 0.533203 0.169271 0.534180 0.170573 0.535156 0.174479 0.537109 0.177083 0.538086 0.177083 0.539062 0.178385 0.541992 0.178385 0.542969 0.177083 0.552734 0.177083 0.554688 0.179688 0.556641 0.179688 0.557617 0.180990 0.562500 0.180990 0.563477 0.179688 0.565430 0.179688 0.566406 0.178385 0.567383 0.178385 0.567383 0.177083 0.568359 0.175781 0.568359 0.162760 0.567383 0.161458 0.567383 0.158854 0.566406 0.157552 0.566406 0.156250 0.565430 0.154948 0.564453 0.151042 0.561523 0.147135 0.561523 0.145833
0 0.574219 0.121094 0.571289 0.121094 0.571289 0.122396 0.564453 0.131510 0.564453 0.132812 0.563477 0.134115 0.563477 0.136719 0.562500 0.138021 0.562500 0.140625 0.561523 0.141927 0.561523 0.143229 0.562500 0.144531 0.562500 0.145833 0.563477 0.147135 0.563477 0.148438 0.564453 0.149740 0.564453 0.151042 0.566406 0.153646 0.566406 0.154948 0.567383 0.156250 0.567383 0.157552 0.568359 0.158854 0.568359 0.160156 0.569336 0.160156 0.570312 0.161458 0.572266 0.161458 0.573242 0.160156 0.574219 0.160156 0.580078 0.152344 0.582031 0.152344 0.583008 0.151042 0.584961 0.151042 0.585938 0.149740 0.585938 0.148438 0.588867 0.144531 0.588867 0.143229 0.591797 0.139323 0.591797 0.136719 0.589844 0.132812 0.588867 0.132812 0.587891 0.131510 0.586914 0.131510 0.584961 0.128906 0.583984 0.128906 0.581055 0.126302 0.579102 0.126302 0.577148 0.123698 0.576172 0.123698
0 0.526367 0.166667 0.524414 0.166667 0.523438 0.167969 0.521484 0.167969 0.520508 0.169271 0.519531 0.169271 0.511719 0.179688 0.511719 0.180990 0.508789 0.184896 0.508789 0.186198 0.507812 0.187500 0.507812 0.197917 0.508789 0.199219 0.508789 0.200521 0.511719 0.204427 0.512695 0.204427 0.515625 0.207031 0.517578 0.207031 0.521484 0.212240 0.525391 0.212240 0.527344 0.209635 0.530273 0.208333 0.535156 0.201823 0.535156 0.200521 0.538086 0.196615 0.538086 0.195312 0.539062 0.194010 0.539062 0.190104 0.538086 0.188802 0.538086 0.186198 0.537109 0.184896 0.537109 0.180990 0.536133 0.179688 0.536133 0.178385 0.534180 0.175781 0.534180 0.174479 0.530273 0.167969 0.527344 0.167969
0 0.562500 0.197917 0.553711 0.197917 0.552734 0.199219 0.551758 0.199219 0.550781 0.197917 0.542969 0.197917 0.539062 0.203125 0.538086 0.203125 0.536133 0.205729 0.535156 0.205729 0.532227 0.209635 0.532227 0.210938 0.531250 0.212240 0.531250 0.230469 0.532227 0.231771 0.532227 0.233073 0.534180 0.235677 0.536133 0.235677 0.538086 0.238281 0.539062 0.238281 0.540039 0.239583 0.549805 0.239583 0.550781 0.238281 0.551758 0.238281 0.552734 0.236979 0.555664 0.235677 0.557617 0.233073 0.560547 0.231771 0.560547 0.230469 0.561523 0.229167 0.561523 0.207031 0.562500 0.205729 0.562500 0.201823 0.563477 0.200521 0.562500 0.199219
0 0.570312 0.179688 0.570312 0.183594 0.569336 0.184896 0.569336 0.192708 0.570312 0.194010 0.570312 0.196615 0.571289 0.197917 0.572266 0.197917 0.577148 0.191406 0.579102 0.191406 0.580078 0.190104 0.581055 0.191406 0.583984 0.191406 0.584961 0.192708 0.586914 0.192708 0.588867 0.195312 0.591797 0.196615 0.598633 0.205729 0.599609 0.205729 0.600586 0.204427 0.600586 0.186198 0.599609 0.184896 0.599609 0.177083 0.598633 0.175781 0.598633 0.174479 0.597656 0.174479 0.594727 0.171875 0.591797 0.171875 0.590820 0.170573 0.582031 0.170573 0.581055 0.171875 0.580078 0.171875 0.578125 0.174479 0.577148 0.174479 0.576172 0.175781 0.575195 0.175781 0.574219 0.177083 0.573242 0.177083
0 0.594727 0.199219 0.587891 0.195312 0.585938 0.192708 0.583008 0.192708 0.582031 0.191406 0.579102 0.191406 0.578125 0.192708 0.577148 0.192708 0.571289 0.199219 0.571289 0.200521 0.565430 0.210938 0.565430 0.212240 0.564453 0.213542 0.564453 0.217448 0.563477 0.218750 0.563477 0.234375 0.564453 0.235677 0.564453 0.242188 0.565430 0.242188 0.565430 0.234375 0.567383 0.230469 0.568359 0.230469 0.572266 0.234375 0.573242 0.234375 0.575195 0.236979 0.575195 0.238281 0.580078 0.238281 0.581055 0.239583 0.584961 0.239583 0.585938 0.238281 0.587891 0.238281 0.590820 0.235677 0.592773 0.235677 0.593750 0.234375 0.594727 0.234375 0.594727 0.233073 0.595703 0.231771 0.595703 0.229167 0.597656 0.226562 0.597656 0.223958 0.598633 0.222656 0.598633 0.210938 0.596680 0.207031 0.596680 0.204427 0.595703 0.203125 0.595703 0.200521
0 0.519531 0.244792 0.517578 0.247396 0.517578 0.248698 0.516602 0.250000 0.516602 0.251302 0.514648 0.253906 0.514648 0.255208 0.513672 0.256510 0.513672 0.264323 0.516602 0.268229 0.516602 0.269531 0.518555 0.272135 0.518555 0.274740 0.519531 0.274740 0.520508 0.276042 0.527344 0.276042 0.528320 0.277344 0.536133 0.277344 0.538086 0.274740 0.538086 0.273438 0.540039 0.270833 0.540039 0.269531 0.541016 0.268229 0.541016 0.266927 0.542969 0.264323 0.542969 0.257812 0.543945 0.256510 0.543945 0.247396 0.541992 0.244792 0.541016 0.244792 0.540039 0.243490 0.536133 0.243490 0.535156 0.242188 0.524414 0.242188 0.523438 0.243490 0.521484 0.243490 0.520508 0.244792
0 0.516602 0.281250 0.514648 0.283854 0.514648 0.285156 0.511719 0.289062 0.511719 0.290365 0.509766 0.294271 0.509766 0.312500 0.511719 0.315104 0.512695 0.315104 0.514648 0.317708 0.515625 0.317708 0.516602 0.319010 0.522461 0.319010 0.523438 0.317708 0.535156 0.317708 0.536133 0.316406 0.537109 0.316406 0.538086 0.315104 0.539062 0.311198 0.541016 0.308594 0.541016 0.307292 0.541992 0.305990 0.541992 0.295573 0.541016 0.294271 0.541016 0.291667 0.540039 0.290365 0.540039 0.289062 0.534180 0.281250 0.531250 0.281250 0.530273 0.279948 0.525391 0.279948 0.524414 0.278646 0.520508 0.278646 0.519531 0.279948
0 0.559570 0.256510 0.557617 0.259115 0.556641 0.259115 0.555664 0.260417 0.555664 0.261719 0.552734 0.265625 0.551758 0.265625 0.545898 0.273438 0.545898 0.274740 0.544922 0.276042 0.544922 0.282552 0.547852 0.286458 0.548828 0.286458 0.553711 0.291667 0.554688 0.291667 0.555664 0.292969 0.556641 0.292969 0.557617 0.294271 0.560547 0.295573 0.563477 0.299479 0.568359 0.299479 0.571289 0.295573 0.572266 0.295573 0.575195 0.291667 0.576172 0.291667 0.578125 0.289062 0.578125 0.287760 0.579102 0.286458 0.579102 0.276042 0.578125 0.274740 0.578125 0.272135 0.577148 0.270833 0.577148 0.269531 0.576172 0.268229 0.575195 0.268229 0.570312 0.261719 0.569336 0.261719 0.568359 0.260417 0.566406 0.260417 0.565430 0.259115 0.563477 0.259115 0.562500 0.257812
0 0.568359 0.307292 0.567383 0.307292 0.565430 0.304688 0.564453 0.304688 0.563477 0.303385 0.561523 0.303385 0.560547 0.302083 0.557617 0.302083 0.556641 0.300781 0.553711 0.300781 0.552734 0.299479 0.551758 0.300781 0.550781 0.300781 0.549805 0.302083 0.546875 0.303385 0.542969 0.309896 0.541992 0.313802 0.539062 0.317708 0.539062 0.326823 0.541016 0.329427 0.541016 0.330729 0.541992 0.332031 0.541992 0.334635 0.544922 0.338542 0.546875 0.338542 0.547852 0.339844 0.549805 0.339844 0.550781 0.338542 0.555664 0.338542 0.556641 0.337240 0.558594 0.337240 0.559570 0.335938 0.564453 0.335938 0.565430 0.334635 0.566406 0.334635 0.571289 0.328125 0.572266 0.328125 0.573242 0.326823 0.573242 0.322917 0.572266 0.321615 0.572266 0.319010 0.571289 0.317708 0.571289 0.313802 0.570312 0.312500 0.570312 0.311198
0 0.461914 0.316406 0.459961 0.319010 0.458984 0.319010 0.457031 0.321615 0.457031 0.322917 0.456055 0.324219 0.456055 0.326823 0.455078 0.328125 0.455078 0.338542 0.454102 0.339844 0.454102 0.341146 0.455078 0.342448 0.455078 0.345052 0.456055 0.346354 0.457031 0.346354 0.458984 0.348958 0.459961 0.348958 0.460938 0.350260 0.461914 0.350260 0.462891 0.351562 0.469727 0.351562 0.469727 0.350260 0.470703 0.348958 0.470703 0.347656 0.481445 0.333333 0.481445 0.332031 0.482422 0.330729 0.482422 0.329427 0.479492 0.325521 0.478516 0.325521 0.477539 0.324219 0.476562 0.324219 0.475586 0.322917 0.474609 0.322917 0.473633 0.321615 0.471680 0.321615 0.470703 0.320312 0.469727 0.320312 0.468750 0.319010 0.466797 0.319010 0.465820 0.317708 0.463867 0.317708 0.462891 0.316406
0 0.481445 0.332031 0.479492 0.334635 0.479492 0.335938 0.471680 0.346354 0.471680 0.347656 0.470703 0.348958 0.470703 0.351562 0.469727 0.352865 0.469727 0.355469 0.470703 0.356771 0.470703 0.359375 0.471680 0.360677 0.471680 0.363281 0.473633 0.365885 0.473633 0.367188 0.475586 0.369792 0.475586 0.371094 0.477539 0.373698 0.477539 0.375000 0.483398 0.382812 0.485352 0.382812 0.486328 0.384115 0.494141 0.384115 0.500000 0.376302 0.500000 0.375000 0.501953 0.372396 0.504883 0.372396 0.506836 0.368490 0.506836 0.364583 0.505859 0.363281 0.505859 0.360677 0.503906 0.356771 0.503906 0.354167 0.504883 0.352865 0.504883 0.351562 0.498047 0.346354 0.496094 0.346354 0.495117 0.345052 0.493164 0.345052 0.492188 0.343750 0.491211 0.343750 0.484375 0.333333
0 0.452148 0.352865 0.446289 0.360677 0.445312 0.360677 0.442383 0.364583 0.441406 0.364583 0.439453 0.367188 0.439453 0.377604 0.443359 0.382812 0.443359 0.384115 0.454102 0.398438 0.458008 0.398438 0.459961 0.395833 0.460938 0.395833 0.466797 0.388021 0.467773 0.388021 0.469727 0.385417 0.469727 0.384115 0.470703 0.382812 0.470703 0.371094 0.469727 0.369792 0.469727 0.365885 0.468750 0.364583 0.468750 0.361979 0.466797 0.359375 0.465820 0.359375 0.461914 0.354167 0.460938 0.354167 0.459961 0.352865
0 0.573242 0.328125 0.570312 0.332031 0.569336 0.332031 0.566406 0.335938 0.563477 0.337240 0.561523 0.339844 0.561523 0.341146 0.558594 0.345052 0.558594 0.347656 0.557617 0.348958 0.557617 0.352865 0.558594 0.354167 0.558594 0.358073 0.559570 0.359375 0.559570 0.361979 0.560547 0.363281 0.560547 0.365885 0.561523 0.367188 0.561523 0.368490 0.562500 0.368490 0.563477 0.369792 0.566406 0.369792 0.567383 0.371094 0.569336 0.371094 0.570312 0.372396 0.572266 0.372396 0.574219 0.375000 0.578125 0.375000 0.579102 0.373698 0.580078 0.373698 0.581055 0.372396 0.583984 0.371094 0.589844 0.363281 0.589844 0.359375 0.590820 0.358073 0.590820 0.345052 0.587891 0.341146 0.586914 0.341146 0.577148 0.328125
0 0.543945 0.365885 0.542969 0.369792 0.539062 0.375000 0.539062 0.376302 0.538086 0.377604 0.538086 0.380208 0.537109 0.381510 0.537109 0.382812 0.536133 0.384115 0.536133 0.386719 0.535156 0.388021 0.535156 0.403646 0.536133 0.403646 0.539062 0.407552 0.540039 0.407552 0.541016 0.408854 0.546875 0.408854 0.547852 0.407552 0.555664 0.407552 0.556641 0.406250 0.559570 0.404948 0.560547 0.401042 0.562500 0.398438 0.562500 0.397135 0.563477 0.395833 0.563477 0.381510 0.562500 0.380208 0.562500 0.377604 0.561523 0.376302 0.561523 0.372396 0.559570 0.369792 0.558594 0.369792 0.557617 0.368490 0.552734 0.368490 0.551758 0.367188 0.547852 0.367188 0.546875 0.365885
0 0.523438 0.376302 0.518555 0.376302 0.517578 0.377604 0.513672 0.377604 0.512695 0.378906 0.511719 0.378906 0.508789 0.382812 0.508789 0.384115 0.506836 0.386719 0.506836 0.389323 0.505859 0.390625 0.505859 0.393229 0.504883 0.394531 0.504883 0.395833 0.503906 0.397135 0.503906 0.399740 0.502930 0.401042 0.502930 0.404948 0.503906 0.406250 0.503906 0.407552 0.504883 0.407552 0.509766 0.414062 0.509766 0.415365 0.511719 0.417969 0.512695 0.417969 0.515625 0.420573 0.517578 0.420573 0.518555 0.419271 0.521484 0.419271 0.522461 0.417969 0.523438 0.417969 0.524414 0.416667 0.525391 0.416667 0.526367 0.415365 0.529297 0.414062 0.529297 0.412760 0.530273 0.411458 0.530273 0.410156 0.531250 0.408854 0.531250 0.407552 0.533203 0.403646 0.533203 0.401042 0.534180 0.399740 0.534180 0.391927 0.533203 0.390625 0.532227 0.386719 0.525391 0.377604 0.524414 0.377604
0 0.502930 0.407552 0.500977 0.407552 0.498047 0.410156 0.496094 0.410156 0.495117 0.411458 0.492188 0.412760 0.490234 0.415365 0.489258 0.415365 0.486328 0.417969 0.484375 0.417969 0.482422 0.420573 0.481445 0.420573 0.479492 0.423177 0.478516 0.423177 0.477539 0.424479 0.477539 0.429688 0.479492 0.432292 0.479492 0.433594 0.484375 0.440104 0.485352 0.440104 0.486328 0.441406 0.488281 0.441406 0.489258 0.442708 0.490234 0.442708 0.493164 0.445312 0.496094 0.445312 0.497070 0.446615 0.504883 0.446615 0.505859 0.445312 0.507812 0.445312 0.509766 0.442708 0.509766 0.441406 0.511719 0.437500 0.511719 0.433594 0.512695 0.432292 0.512695 0.429688 0.513672 0.428385 0.512695 0.427083 0.512695 0.421875 0.511719 0.420573 0.511719 0.419271 0.508789 0.415365 0.508789 0.414062 0.504883 0.408854 0.503906 0.408854
0 0.456055 0.430990 0.456055 0.432292 0.455078 0.433594 0.455078 0.440104 0.454102 0.441406 0.454102 0.454427 0.455078 0.455729 0.455078 0.457031 0.456055 0.458333 0.456055 0.459635 0.457031 0.459635 0.458008 0.460938 0.458984 0.460938 0.460938 0.463542 0.461914 0.463542 0.464844 0.466146 0.471680 0.466146 0.472656 0.464844 0.474609 0.464844 0.475586 0.463542 0.478516 0.463542 0.479492 0.462240 0.481445 0.462240 0.482422 0.460938 0.482422 0.458333 0.483398 0.457031 0.483398 0.453125 0.484375 0.451823 0.484375 0.444010 0.483398 0.442708 0.483398 0.441406 0.474609 0.429688 0.473633 0.429688 0.472656 0.428385 0.462891 0.428385 0.461914 0.429688 0.458984 0.429688 0.458008 0.430990
0 0.446289 0.471354 0.445312 0.471354 0.444336 0.470052 0.439453 0.470052 0.438477 0.468750 0.435547 0.468750 0.434570 0.470052 0.428711 0.470052 0.427734 0.471354 0.425781 0.471354 0.424805 0.472656 0.421875 0.472656 0.420898 0.473958 0.418945 0.473958 0.417969 0.475260 0.417969 0.479167 0.416992 0.480469 0.416992 0.494792 0.417969 0.496094 0.417969 0.497396 0.424805 0.506510 0.425781 0.506510 0.426758 0.507812 0.428711 0.507812 0.429688 0.509115 0.437500 0.509115 0.438477 0.507812 0.439453 0.507812 0.444336 0.501302 0.445312 0.497396 0.447266 0.494792 0.447266 0.489583 0.448242 0.488281 0.448242 0.483073 0.449219 0.481771 0.449219 0.476562 0.448242 0.475260 0.448242 0.473958
0 0.471680 0.468750 0.469727 0.468750 0.468750 0.470052 0.464844 0.470052 0.463867 0.471354 0.462891 0.471354 0.461914 0.472656 0.458984 0.473958 0.457031 0.476562 0.456055 0.476562 0.451172 0.483073 0.451172 0.484375 0.449219 0.488281 0.449219 0.494792 0.450195 0.496094 0.450195 0.498698 0.451172 0.500000 0.451172 0.502604 0.452148 0.503906 0.452148 0.505208 0.453125 0.506510 0.454102 0.506510 0.457031 0.510417 0.458008 0.510417 0.459961 0.513021 0.460938 0.513021 0.462891 0.515625 0.467773 0.515625 0.468750 0.514323 0.470703 0.514323 0.471680 0.513021 0.472656 0.513021 0.475586 0.509115 0.476562 0.509115 0.480469 0.502604 0.481445 0.502604 0.482422 0.501302 0.482422 0.494792 0.483398 0.493490 0.483398 0.488281 0.482422 0.486979 0.482422 0.484375 0.480469 0.480469 0.480469 0.475260 0.479492 0.473958 0.478516 0.473958 0.476562 0.471354 0.475586 0.471354 0.474609 0.470052 0.472656 0.470052
0 0.398438 0.516927 0.398438 0.520833 0.397461 0.522135 0.397461 0.527344 0.398438 0.528646 0.398438 0.529948 0.399414 0.531250 0.401367 0.537760 0.406250 0.544271 0.406250 0.548177 0.412109 0.554688 0.413086 0.554688 0.414062 0.555990 0.421875 0.555990 0.422852 0.554688 0.425781 0.554688 0.426758 0.553385 0.427734 0.553385 0.428711 0.552083 0.430664 0.552083 0.432617 0.549479 0.433594 0.549479 0.433594 0.548177 0.436523 0.544271 0.436523 0.541667 0.435547 0.540365 0.435547 0.536458 0.434570 0.535156 0.434570 0.524740 0.433594 0.523438 0.433594 0.516927 0.432617 0.515625 0.431641 0.515625 0.428711 0.511719 0.420898 0.511719 0.419922 0.513021 0.415039 0.513021 0.414062 0.511719 0.412109 0.511719 0.411133 0.510417 0.403320 0.510417
0 0.444336 0.507812 0.443359 0.509115 0.442383 0.509115 0.440430 0.511719 0.439453 0.511719 0.435547 0.516927 0.435547 0.526042 0.436523 0.527344 0.436523 0.537760 0.437500 0.539062 0.437500 0.540365 0.439453 0.542969 0.440430 0.542969 0.446289 0.550781 0.457031 0.550781 0.458008 0.549479 0.458984 0.549479 0.459961 0.548177 0.462891 0.546875 0.469727 0.537760 0.469727 0.533854 0.470703 0.532552 0.470703 0.527344 0.468750 0.524740 0.468750 0.523438 0.464844 0.518229 0.461914 0.516927 0.458008 0.511719 0.457031 0.511719 0.454102 0.507812 0.452148 0.507812 0.451172 0.506510 0.447266 0.506510 0.446289 0.507812
0 0.514648 0.496094 0.513672 0.494792 0.512695 0.494792 0.507812 0.490885 0.505859 0.490885 0.504883 0.489583 0.503906 0.490885 0.497070 0.490885 0.494141 0.494792 0.493164 0.494792 0.489258 0.500000 0.488281 0.500000 0.486328 0.502604 0.483398 0.503906 0.478516 0.509115 0.478516 0.510417 0.477539 0.511719 0.477539 0.515625 0.478516 0.516927 0.478516 0.519531 0.479492 0.520833 0.479492 0.522135 0.482422 0.526042 0.483398 0.526042 0.484375 0.527344 0.486328 0.527344 0.487305 0.528646 0.489258 0.528646 0.490234 0.529948 0.492188 0.529948 0.493164 0.531250 0.496094 0.531250 0.497070 0.532552 0.498047 0.531250 0.500000 0.531250 0.500977 0.529948 0.502930 0.529948 0.503906 0.528646 0.504883 0.528646 0.508789 0.523438 0.509766 0.523438 0.510742 0.522135 0.511719 0.518229 0.513672 0.515625 0.514648 0.515625 0.514648 0.514323 0.515625 0.513021 0.515625 0.509115 0.516602 0.507812 0.516602 0.506510 0.515625 0.505208 0.515625 0.502604 0.514648 0.501302
0 0.479492 0.529948 0.479492 0.533854 0.478516 0.535156 0.478516 0.544271 0.477539 0.545573 0.477539 0.550781 0.478516 0.552083 0.478516 0.555990 0.479492 0.555990 0.482422 0.558594 0.484375 0.558594 0.485352 0.559896 0.490234 0.559896 0.493164 0.557292 0.496094 0.557292 0.497070 0.555990 0.499023 0.555990 0.500000 0.554688 0.502930 0.554688 0.503906 0.553385 0.503906 0.550781 0.504883 0.549479 0.504883 0.548177 0.503906 0.546875 0.503906 0.542969 0.504883 0.541667 0.504883 0.537760 0.502930 0.535156 0.499023 0.535156 0.498047 0.533854 0.495117 0.533854 0.494141 0.532552 0.493164 0.532552 0.490234 0.529948 0.488281 0.529948 0.487305 0.528646 0.480469 0.528646
0 0.523438 0.520833 0.522461 0.522135 0.520508 0.522135 0.518555 0.524740 0.517578 0.524740 0.516602 0.526042 0.516602 0.527344 0.514648 0.529948 0.512695 0.529948 0.509766 0.532552 0.509766 0.533854 0.507812 0.536458 0.507812 0.537760 0.505859 0.541667 0.505859 0.553385 0.506836 0.554688 0.506836 0.557292 0.507812 0.558594 0.507812 0.561198 0.511719 0.566406 0.512695 0.566406 0.515625 0.570312 0.516602 0.570312 0.519531 0.572917 0.528320 0.572917 0.529297 0.571615 0.530273 0.571615 0.533203 0.567708 0.533203 0.566406 0.537109 0.559896 0.537109 0.558594 0.539062 0.554688 0.539062 0.544271 0.538086 0.542969 0.538086 0.539062 0.537109 0.537760 0.537109 0.531250 0.536133 0.529948 0.536133 0.527344 0.535156 0.526042 0.535156 0.524740 0.533203 0.522135 0.531250 0.522135 0.530273 0.520833
0 0.499023 0.563802 0.496094 0.566406 0.493164 0.566406 0.488281 0.572917 0.488281 0.574219 0.487305 0.575521 0.487305 0.580729 0.488281 0.582031 0.488281 0.584635 0.489258 0.585938 0.489258 0.596354 0.490234 0.597656 0.490234 0.600260 0.493164 0.604167 0.494141 0.604167 0.496094 0.606771 0.497070 0.606771 0.498047 0.608073 0.504883 0.608073 0.505859 0.606771 0.508789 0.605469 0.510742 0.602865 0.511719 0.602865 0.515625 0.596354 0.515625 0.592448 0.516602 0.591146 0.516602 0.584635 0.515625 0.583333 0.515625 0.576823 0.516602 0.575521 0.515625 0.574219 0.514648 0.570312 0.511719 0.569010 0.507812 0.563802
0 0.482422 0.565104 0.479492 0.565104 0.476562 0.569010 0.470703 0.569010 0.467773 0.571615 0.465820 0.571615 0.463867 0.574219 0.462891 0.574219 0.462891 0.575521 0.454102 0.587240 0.454102 0.588542 0.453125 0.589844 0.453125 0.591146 0.454102 0.592448 0.454102 0.595052 0.457031 0.598958 0.457031 0.600260 0.459961 0.604167 0.459961 0.605469 0.461914 0.608073 0.462891 0.608073 0.466797 0.613281 0.466797 0.614583 0.476562 0.614583 0.487305 0.600260 0.487305 0.585938 0.486328 0.584635 0.486328 0.571615 0.482422 0.566406
0 0.459961 0.558594 0.456055 0.558594 0.455078 0.557292 0.452148 0.557292 0.451172 0.555990 0.449219 0.555990 0.443359 0.550781 0.442383 0.550781 0.441406 0.552083 0.438477 0.552083 0.436523 0.554688 0.436523 0.555990 0.435547 0.557292 0.435547 0.558594 0.434570 0.559896 0.434570 0.561198 0.433594 0.562500 0.432617 0.566406 0.430664 0.569010 0.430664 0.570312 0.427734 0.576823 0.427734 0.579427 0.426758 0.580729 0.426758 0.583333 0.425781 0.584635 0.425781 0.585938 0.426758 0.585938 0.427734 0.587240 0.430664 0.588542 0.432617 0.591146 0.433594 0.591146 0.436523 0.593750 0.438477 0.593750 0.439453 0.595052 0.442383 0.595052 0.443359 0.593750 0.445312 0.593750 0.446289 0.592448 0.448242 0.592448 0.449219 0.591146 0.450195 0.591146 0.451172 0.589844 0.451172 0.588542 0.454102 0.584635 0.454102 0.583333 0.455078 0.582031 0.456055 0.578125 0.458984 0.574219 0.457031 0.571615 0.457031 0.569010 0.461914 0.563802 0.460938 0.562500
0 0.407227 0.552083 0.406250 0.553385 0.404297 0.553385 0.403320 0.557292 0.401367 0.559896 0.401367 0.561198 0.399414 0.563802 0.398438 0.567708 0.396484 0.570312 0.396484 0.572917 0.395508 0.574219 0.395508 0.579427 0.396484 0.580729 0.396484 0.583333 0.399414 0.587240 0.399414 0.588542 0.403320 0.595052 0.404297 0.595052 0.407227 0.597656 0.411133 0.597656 0.412109 0.598958 0.416992 0.598958 0.418945 0.596354 0.418945 0.593750 0.419922 0.592448 0.419922 0.591146 0.420898 0.589844 0.421875 0.585938 0.423828 0.583333 0.423828 0.580729 0.424805 0.579427 0.424805 0.578125 0.425781 0.576823 0.425781 0.574219 0.426758 0.572917 0.426758 0.567708 0.424805 0.563802 0.424805 0.558594 0.423828 0.557292 0.415039 0.557292 0.414062 0.555990 0.413086 0.555990 0.411133 0.553385 0.409180 0.553385 0.408203 0.552083
0 0.389648 0.578125 0.387695 0.578125 0.386719 0.579427 0.385742 0.579427 0.383789 0.582031 0.382812 0.582031 0.376953 0.589844 0.375977 0.589844 0.370117 0.597656 0.369141 0.597656 0.367188 0.600260 0.367188 0.605469 0.373047 0.613281 0.374023 0.613281 0.375977 0.615885 0.378906 0.617188 0.383789 0.623698 0.385742 0.623698 0.386719 0.622396 0.388672 0.622396 0.389648 0.621094 0.391602 0.621094 0.392578 0.619792 0.393555 0.619792 0.396484 0.615885 0.397461 0.615885 0.398438 0.614583 0.401367 0.613281 0.405273 0.608073 0.405273 0.604167 0.404297 0.602865 0.404297 0.600260 0.403320 0.598958 0.402344 0.595052 0.398438 0.589844 0.398438 0.588542
0 0.395508 0.622396 0.392578 0.625000 0.390625 0.632812 0.387695 0.636719 0.387695 0.639323 0.386719 0.640625 0.386719 0.653646 0.388672 0.657552 0.389648 0.657552 0.392578 0.661458 0.393555 0.661458 0.395508 0.664062 0.396484 0.664062 0.399414 0.666667 0.402344 0.666667 0.403320 0.667969 0.410156 0.667969 0.411133 0.666667 0.412109 0.666667 0.412109 0.665365 0.415039 0.661458 0.415039 0.660156 0.416016 0.658854 0.416016 0.656250 0.416992 0.654948 0.416992 0.648438 0.417969 0.647135 0.417969 0.644531 0.418945 0.643229 0.418945 0.631510 0.416992 0.628906 0.416992 0.627604 0.411133 0.619792 0.404297 0.619792 0.403320 0.621094 0.400391 0.621094 0.399414 0.622396
0 0.423828 0.591146 0.422852 0.592448 0.421875 0.592448 0.419922 0.595052 0.419922 0.596354 0.418945 0.597656 0.418945 0.598958 0.417969 0.600260 0.416992 0.600260 0.414062 0.604167 0.414062 0.605469 0.413086 0.606771 0.414062 0.608073 0.414062 0.615885 0.415039 0.617188 0.415039 0.618490 0.416016 0.619792 0.416016 0.621094 0.417969 0.623698 0.417969 0.625000 0.420898 0.628906 0.421875 0.628906 0.422852 0.630208 0.423828 0.630208 0.425781 0.632812 0.432617 0.632812 0.434570 0.630208 0.435547 0.630208 0.438477 0.626302 0.438477 0.625000 0.439453 0.623698 0.439453 0.621094 0.440430 0.619792 0.440430 0.600260 0.438477 0.596354 0.437500 0.596354 0.436523 0.595052 0.435547 0.595052 0.432617 0.592448 0.428711 0.592448 0.427734 0.591146
0 0.418945 0.652344 0.418945 0.656250 0.417969 0.657552 0.419922 0.660156 0.425781 0.660156 0.430664 0.664062 0.433594 0.664062 0.434570 0.662760 0.439453 0.662760 0.441406 0.665365 0.444336 0.666667 0.446289 0.669271 0.451172 0.669271 0.452148 0.667969 0.452148 0.664062 0.453125 0.662760 0.453125 0.657552 0.454102 0.656250 0.454102 0.654948 0.455078 0.653646 0.455078 0.651042 0.457031 0.647135 0.456055 0.645833 0.456055 0.644531 0.454102 0.641927 0.454102 0.639323 0.453125 0.638021 0.453125 0.635417 0.451172 0.632812 0.451172 0.631510 0.446289 0.631510 0.445312 0.630208 0.438477 0.630208 0.437500 0.631510 0.434570 0.632812 0.431641 0.636719 0.427734 0.636719 0.426758 0.638021 0.426758 0.639323 0.422852 0.644531 0.421875 0.648438
0 0.453125 0.628906 0.453125 0.632812 0.454102 0.634115 0.454102 0.636719 0.456055 0.639323 0.457031 0.643229 0.458984 0.645833 0.459961 0.645833 0.463867 0.651042 0.464844 0.651042 0.465820 0.652344 0.467773 0.652344 0.468750 0.653646 0.470703 0.653646 0.471680 0.652344 0.475586 0.652344 0.476562 0.651042 0.478516 0.651042 0.479492 0.649740 0.482422 0.648438 0.484375 0.645833 0.485352 0.645833 0.487305 0.641927 0.487305 0.639323 0.488281 0.638021 0.488281 0.635417 0.489258 0.634115 0.489258 0.628906 0.488281 0.627604 0.488281 0.622396 0.484375 0.617188 0.482422 0.617188 0.481445 0.615885 0.466797 0.615885 0.465820 0.617188 0.464844 0.617188 0.463867 0.618490 0.460938 0.619792 0.458008 0.623698 0.455078 0.625000
0 0.400391 0.670573 0.398438 0.673177 0.397461 0.673177 0.394531 0.677083 0.394531 0.678385 0.392578 0.680990 0.392578 0.682292 0.390625 0.684896 0.390625 0.686198 0.387695 0.690104 0.387695 0.691406 0.386719 0.692708 0.386719 0.696615 0.389648 0.700521 0.389648 0.701823 0.390625 0.703125 0.391602 0.707031 0.393555 0.709635 0.396484 0.710938 0.398438 0.713542 0.399414 0.713542 0.400391 0.714844 0.407227 0.714844 0.408203 0.713542 0.408203 0.712240 0.410156 0.709635 0.410156 0.708333 0.412109 0.705729 0.412109 0.704427 0.417969 0.695312 0.417969 0.694010 0.419922 0.690104 0.419922 0.683594 0.418945 0.683594 0.416016 0.679688 0.416016 0.678385 0.414062 0.675781 0.413086 0.675781 0.410156 0.673177 0.408203 0.673177 0.407227 0.671875 0.404297 0.671875 0.403320 0.670573
0 0.442383 0.697917 0.441406 0.697917 0.438477 0.695312 0.427734 0.695312 0.426758 0.696615 0.421875 0.696615 0.416992 0.703125 0.416016 0.703125 0.415039 0.704427 0.415039 0.705729 0.412109 0.709635 0.412109 0.712240 0.410156 0.716146 0.410156 0.721354 0.411133 0.722656 0.411133 0.727865 0.412109 0.729167 0.412109 0.733073 0.413086 0.734375 0.413086 0.735677 0.414062 0.735677 0.415039 0.736979 0.417969 0.736979 0.418945 0.738281 0.422852 0.738281 0.423828 0.739583 0.428711 0.739583 0.429688 0.738281 0.432617 0.738281 0.435547 0.735677 0.438477 0.735677 0.439453 0.734375 0.442383 0.733073 0.443359 0.731771 0.443359 0.727865 0.444336 0.726562 0.444336 0.718750 0.445312 0.717448 0.445312 0.705729 0.444336 0.704427 0.444336 0.701823
0 0.434570 0.744792 0.433594 0.746094 0.426758 0.746094 0.425781 0.747396 0.424805 0.747396 0.423828 0.748698 0.422852 0.752604 0.417969 0.759115 0.417969 0.760417 0.416992 0.761719 0.416992 0.772135 0.418945 0.774740 0.418945 0.776042 0.420898 0.778646 0.420898 0.779948 0.423828 0.783854 0.424805 0.783854 0.426758 0.786458 0.427734 0.786458 0.430664 0.790365 0.431641 0.790365 0.432617 0.791667 0.436523 0.791667 0.437500 0.790365 0.439453 0.790365 0.440430 0.789062 0.441406 0.789062 0.442383 0.787760 0.443359 0.787760 0.444336 0.786458 0.447266 0.785156 0.448242 0.783854 0.448242 0.782552 0.451172 0.778646 0.451172 0.772135 0.450195 0.770833 0.449219 0.766927 0.446289 0.763021 0.445312 0.763021 0.444336 0.761719 0.444336 0.760417 0.442383 0.757812 0.442383 0.756510 0.441406 0.755208 0.440430 0.751302 0.436523 0.746094 0.435547 0.746094
0 0.444336 0.739583 0.444336 0.740885 0.443359 0.742188 0.443359 0.756510 0.444336 0.757812 0.444336 0.759115 0.446289 0.761719 0.448242 0.761719 0.449219 0.763021 0.451172 0.763021 0.452148 0.761719 0.468750 0.761719 0.469727 0.763021 0.475586 0.763021 0.476562 0.761719 0.476562 0.759115 0.477539 0.757812 0.477539 0.753906 0.478516 0.752604 0.478516 0.750000 0.477539 0.748698 0.477539 0.735677 0.476562 0.734375 0.476562 0.733073 0.474609 0.730469 0.474609 0.729167 0.471680 0.729167 0.470703 0.730469 0.469727 0.729167 0.467773 0.729167 0.464844 0.726562 0.459961 0.726562 0.458984 0.727865 0.458008 0.727865 0.457031 0.729167 0.456055 0.729167 0.455078 0.730469 0.454102 0.730469 0.453125 0.731771 0.452148 0.731771 0.451172 0.733073 0.448242 0.734375
0 0.494141 0.682292 0.492188 0.682292 0.489258 0.684896 0.480469 0.684896 0.479492 0.683594 0.477539 0.683594 0.474609 0.687500 0.473633 0.687500 0.472656 0.688802 0.470703 0.688802 0.468750 0.691406 0.468750 0.692708 0.467773 0.694010 0.467773 0.700521 0.468750 0.701823 0.468750 0.705729 0.469727 0.707031 0.469727 0.712240 0.470703 0.713542 0.470703 0.714844 0.476562 0.722656 0.476562 0.723958 0.478516 0.726562 0.479492 0.726562 0.480469 0.727865 0.482422 0.727865 0.483398 0.726562 0.484375 0.726562 0.487305 0.722656 0.490234 0.721354 0.491211 0.720052 0.491211 0.718750 0.492188 0.717448 0.493164 0.717448 0.495117 0.714844 0.495117 0.707031 0.496094 0.705729 0.496094 0.696615 0.497070 0.695312 0.496094 0.694010 0.496094 0.687500 0.495117 0.686198 0.495117 0.683594
0 0.507812 0.707031 0.506836 0.707031 0.505859 0.705729 0.501953 0.705729 0.500000 0.708333 0.500000 0.709635 0.499023 0.710938 0.498047 0.710938 0.497070 0.712240 0.497070 0.713542 0.491211 0.721354 0.490234 0.721354 0.486328 0.726562 0.485352 0.726562 0.483398 0.729167 0.483398 0.730469 0.481445 0.733073 0.480469 0.733073 0.480469 0.734375 0.479492 0.735677 0.479492 0.738281 0.480469 0.739583 0.480469 0.740885 0.481445 0.742188 0.482422 0.746094 0.484375 0.748698 0.484375 0.750000 0.487305 0.753906 0.490234 0.753906 0.491211 0.755208 0.495117 0.755208 0.496094 0.753906 0.501953 0.753906 0.502930 0.752604 0.503906 0.752604 0.508789 0.748698 0.508789 0.747396 0.509766 0.746094 0.509766 0.743490 0.510742 0.742188 0.510742 0.740885 0.511719 0.739583 0.512695 0.735677 0.514648 0.733073 0.514648 0.731771 0.515625 0.730469 0.514648 0.729167 0.514648 0.720052 0.510742 0.713542 0.510742 0.710938
0 0.502930 0.759115 0.501953 0.759115 0.500977 0.757812 0.500000 0.757812 0.499023 0.759115 0.481445 0.759115 0.479492 0.761719 0.479492 0.763021 0.478516 0.764323 0.477539 0.768229 0.474609 0.772135 0.474609 0.774740 0.473633 0.776042 0.473633 0.785156 0.475586 0.789062 0.475586 0.791667 0.477539 0.794271 0.477539 0.795573 0.481445 0.800781 0.482422 0.800781 0.483398 0.802083 0.486328 0.802083 0.487305 0.803385 0.498047 0.803385 0.501953 0.798177 0.501953 0.796875 0.504883 0.792969 0.504883 0.782552 0.505859 0.781250 0.505859 0.764323 0.504883 0.763021 0.504883 0.761719
0 0.446289 0.787760 0.445312 0.789062 0.442383 0.790365 0.440430 0.792969 0.439453 0.792969 0.437500 0.796875 0.437500 0.803385 0.436523 0.804688 0.436523 0.812500 0.437500 0.813802 0.437500 0.820312 0.443359 0.828125 0.443359 0.829427 0.447266 0.834635 0.448242 0.834635 0.450195 0.837240 0.451172 0.841146 0.454102 0.841146 0.457031 0.837240 0.459961 0.835938 0.459961 0.834635 0.460938 0.833333 0.460938 0.830729 0.461914 0.829427 0.461914 0.822917 0.462891 0.821615 0.462891 0.813802 0.463867 0.812500 0.463867 0.794271 0.462891 0.792969 0.462891 0.791667 0.460938 0.791667 0.456055 0.787760 0.453125 0.787760 0.452148 0.789062 0.449219 0.789062 0.448242 0.787760
0 0.488281 0.807292 0.479492 0.807292 0.476562 0.811198 0.474609 0.811198 0.473633 0.812500 0.468750 0.812500 0.464844 0.817708 0.464844 0.819010 0.463867 0.820312 0.463867 0.824219 0.462891 0.825521 0.462891 0.830729 0.461914 0.832031 0.461914 0.835938 0.460938 0.837240 0.460938 0.841146 0.461914 0.842448 0.462891 0.848958 0.463867 0.850260 0.466797 0.859375 0.469727 0.861979 0.471680 0.861979 0.472656 0.863281 0.475586 0.863281 0.476562 0.864583 0.481445 0.864583 0.483398 0.861979 0.484375 0.861979 0.489258 0.855469 0.489258 0.852865 0.490234 0.851562 0.490234 0.839844 0.491211 0.838542 0.491211 0.835938 0.492188 0.834635 0.492188 0.832031 0.493164 0.830729 0.493164 0.821615 0.494141 0.820312 0.494141 0.812500 0.492188 0.809896 0.491211 0.809896
0 0.500977 0.817708 0.500000 0.819010 0.499023 0.819010 0.495117 0.824219 0.495117 0.828125 0.494141 0.829427 0.494141 0.834635 0.492188 0.838542 0.492188 0.846354 0.493164 0.847656 0.493164 0.848958 0.495117 0.851562 0.498047 0.851562 0.499023 0.852865 0.502930 0.852865 0.503906 0.854167 0.504883 0.854167 0.505859 0.855469 0.507812 0.855469 0.508789 0.856771 0.513672 0.856771 0.514648 0.855469 0.515625 0.855469 0.522461 0.846354 0.522461 0.845052 0.524414 0.841146 0.524414 0.830729 0.523438 0.829427 0.523438 0.825521 0.521484 0.825521 0.519531 0.822917 0.518555 0.819010 0.516602 0.816406 0.515625 0.816406 0.514648 0.815104 0.507812 0.815104 0.506836 0.816406 0.503906 0.816406 0.502930 0.817708
0 0.523438 0.727865 0.522461 0.729167 0.520508 0.729167 0.519531 0.730469 0.518555 0.730469 0.515625 0.734375 0.515625 0.735677 0.512695 0.739583 0.512695 0.742188 0.510742 0.746094 0.510742 0.756510 0.511719 0.757812 0.511719 0.760417 0.515625 0.765625 0.516602 0.765625 0.517578 0.766927 0.518555 0.766927 0.521484 0.769531 0.523438 0.769531 0.524414 0.770833 0.528320 0.770833 0.529297 0.769531 0.531250 0.769531 0.538086 0.760417 0.539062 0.760417 0.541016 0.757812 0.541016 0.742188 0.539062 0.739583 0.538086 0.739583 0.537109 0.738281 0.536133 0.738281 0.535156 0.736979 0.534180 0.736979 0.527344 0.727865
0 0.500977 0.615885 0.500000 0.617188 0.499023 0.617188 0.499023 0.619792 0.500000 0.621094 0.498047 0.623698 0.497070 0.623698 0.493164 0.630208 0.493164 0.635417 0.492188 0.636719 0.492188 0.644531 0.491211 0.645833 0.491211 0.649740 0.492188 0.651042 0.492188 0.653646 0.493164 0.654948 0.493164 0.661458 0.494141 0.662760 0.494141 0.665365 0.496094 0.669271 0.496094 0.671875 0.499023 0.675781 0.505859 0.675781 0.506836 0.674479 0.507812 0.674479 0.511719 0.669271 0.513672 0.669271 0.514648 0.667969 0.515625 0.667969 0.522461 0.660156 0.522461 0.658854 0.523438 0.657552 0.523438 0.648438 0.522461 0.647135 0.522461 0.640625 0.521484 0.639323 0.521484 0.636719 0.519531 0.634115 0.519531 0.632812 0.510742 0.621094 0.510742 0.619792 0.507812 0.617188 0.502930 0.617188 0.501953 0.615885
0 0.499023 0.678385 0.499023 0.682292 0.500000 0.683594 0.500000 0.684896 0.500977 0.686198 0.500977 0.687500 0.501953 0.688802 0.501953 0.690104 0.502930 0.691406 0.502930 0.692708 0.503906 0.694010 0.503906 0.695312 0.505859 0.697917 0.506836 0.697917 0.507812 0.699219 0.513672 0.699219 0.514648 0.700521 0.519531 0.700521 0.520508 0.701823 0.523438 0.701823 0.524414 0.700521 0.525391 0.700521 0.525391 0.699219 0.530273 0.692708 0.530273 0.691406 0.531250 0.690104 0.531250 0.686198 0.532227 0.684896 0.531250 0.683594 0.531250 0.680990 0.530273 0.679688 0.530273 0.678385 0.529297 0.677083 0.528320 0.677083 0.526367 0.674479 0.526367 0.673177 0.524414 0.670573 0.523438 0.670573 0.521484 0.667969 0.521484 0.666667 0.516602 0.666667 0.515625 0.667969 0.514648 0.667969 0.513672 0.669271 0.512695 0.669271 0.509766 0.673177 0.508789 0.673177 0.506836 0.675781 0.500977 0.675781
0 0.533203 0.692708 0.526367 0.701823 0.526367 0.703125 0.524414 0.705729 0.524414 0.720052 0.525391 0.721354 0.525391 0.722656 0.529297 0.727865 0.529297 0.729167 0.533203 0.734375 0.534180 0.734375 0.536133 0.736979 0.539062 0.736979 0.540039 0.738281 0.541992 0.738281 0.542969 0.736979 0.544922 0.736979 0.551758 0.727865 0.551758 0.726562 0.556641 0.720052 0.556641 0.718750 0.557617 0.717448 0.557617 0.712240 0.553711 0.704427 0.553711 0.699219 0.550781 0.695312 0.549805 0.695312 0.548828 0.694010 0.545898 0.694010 0.544922 0.692708
0 0.543945 0.641927 0.541992 0.641927 0.541016 0.643229 0.540039 0.643229 0.537109 0.647135 0.535156 0.647135 0.534180 0.645833 0.531250 0.645833 0.530273 0.647135 0.530273 0.648438 0.529297 0.649740 0.529297 0.652344 0.527344 0.654948 0.527344 0.656250 0.526367 0.657552 0.526367 0.658854 0.522461 0.664062 0.523438 0.665365 0.523438 0.667969 0.526367 0.671875 0.526367 0.673177 0.529297 0.677083 0.530273 0.677083 0.533203 0.680990 0.534180 0.680990 0.535156 0.682292 0.541016 0.682292 0.543945 0.678385 0.543945 0.675781 0.547852 0.667969 0.547852 0.665365 0.548828 0.664062 0.548828 0.660156 0.551758 0.656250 0.551758 0.649740 0.550781 0.649740 0.549805 0.648438 0.548828 0.648438
0 0.528320 0.584635 0.521484 0.595052 0.521484 0.598958 0.520508 0.600260 0.519531 0.606771 0.512695 0.615885 0.512695 0.618490 0.515625 0.622396 0.515625 0.623698 0.518555 0.628906 0.518555 0.630208 0.524414 0.639323 0.527344 0.640625 0.529297 0.643229 0.532227 0.643229 0.533203 0.644531 0.535156 0.644531 0.536133 0.645833 0.537109 0.645833 0.543945 0.636719 0.544922 0.630208 0.546875 0.627604 0.546875 0.626302 0.550781 0.617188 0.550781 0.614583 0.552734 0.610677 0.552734 0.604167 0.551758 0.602865 0.551758 0.601562 0.545898 0.595052 0.543945 0.595052 0.540039 0.591146 0.538086 0.591146 0.537109 0.589844 0.532227 0.589844 0.530273 0.587240 0.530273 0.585938 0.529297 0.584635
0 0.542969 0.550781 0.541992 0.552083 0.541016 0.555990 0.538086 0.559896 0.538086 0.561198 0.536133 0.563802 0.536133 0.566406 0.534180 0.570312 0.534180 0.582031 0.536133 0.585938 0.537109 0.585938 0.540039 0.589844 0.541016 0.589844 0.542969 0.592448 0.543945 0.592448 0.544922 0.593750 0.550781 0.593750 0.551758 0.595052 0.554688 0.591146 0.554688 0.589844 0.562500 0.579427 0.562500 0.578125 0.563477 0.576823 0.563477 0.563802 0.562500 0.562500 0.562500 0.558594 0.560547 0.555990 0.557617 0.555990 0.556641 0.554688 0.553711 0.554688 0.552734 0.553385 0.550781 0.553385 0.549805 0.552083 0.546875 0.552083 0.545898 0.550781
0 0.564453 0.505208 0.563477 0.505208 0.563477 0.507812 0.561523 0.510417 0.559570 0.510417 0.557617 0.507812 0.557617 0.506510 0.556641 0.505208 0.554688 0.507812 0.552734 0.507812 0.551758 0.509115 0.548828 0.510417 0.539062 0.523438 0.539062 0.536458 0.540039 0.537760 0.540039 0.541667 0.541016 0.542969 0.541016 0.545573 0.542969 0.548177 0.543945 0.548177 0.546875 0.550781 0.549805 0.550781 0.550781 0.552083 0.560547 0.552083 0.561523 0.550781 0.563477 0.550781 0.565430 0.548177 0.566406 0.548177 0.568359 0.545573 0.569336 0.545573 0.569336 0.544271 0.571289 0.540365 0.571289 0.537760 0.572266 0.536458 0.572266 0.535156 0.575195 0.531250 0.575195 0.529948 0.576172 0.528646 0.576172 0.516927 0.575195 0.515625 0.574219 0.516927 0.571289 0.518229 0.569336 0.515625 0.568359 0.515625 0.565430 0.511719 0.565430 0.506510
0 0.576172 0.582031 0.575195 0.583333 0.574219 0.583333 0.572266 0.585938 0.572266 0.587240 0.571289 0.588542 0.571289 0.595052 0.570312 0.596354 0.570312 0.598958 0.569336 0.600260 0.569336 0.604167 0.568359 0.605469 0.568359 0.614583 0.569336 0.615885 0.569336 0.621094 0.570312 0.622396 0.570312 0.623698 0.573242 0.626302 0.576172 0.626302 0.577148 0.627604 0.579102 0.627604 0.580078 0.628906 0.583984 0.628906 0.584961 0.630208 0.590820 0.630208 0.591797 0.628906 0.592773 0.628906 0.595703 0.625000 0.595703 0.623698 0.597656 0.621094 0.597656 0.619792 0.598633 0.618490 0.598633 0.615885 0.599609 0.614583 0.599609 0.604167 0.598633 0.602865 0.598633 0.588542 0.596680 0.585938 0.595703 0.585938 0.594727 0.584635 0.592773 0.584635 0.591797 0.583333 0.586914 0.583333 0.585938 0.582031
0 0.569336 0.687500 0.568359 0.688802 0.566406 0.688802 0.565430 0.690104 0.564453 0.690104 0.562500 0.692708 0.561523 0.692708 0.558594 0.696615 0.558594 0.697917 0.557617 0.699219 0.557617 0.708333 0.559570 0.712240 0.559570 0.714844 0.562500 0.718750 0.562500 0.720052 0.567383 0.726562 0.567383 0.727865 0.569336 0.730469 0.569336 0.731771 0.570312 0.733073 0.575195 0.733073 0.576172 0.731771 0.578125 0.731771 0.579102 0.730469 0.581055 0.730469 0.582031 0.729167 0.583984 0.729167 0.585938 0.726562 0.588867 0.725260 0.590820 0.721354 0.590820 0.714844 0.589844 0.713542 0.589844 0.712240 0.587891 0.708333 0.587891 0.705729 0.585938 0.703125 0.585938 0.701823 0.580078 0.694010 0.580078 0.692708 0.579102 0.691406 0.578125 0.691406 0.576172 0.688802 0.575195 0.688802 0.574219 0.687500
0 0.595703 0.654948 0.593750 0.654948 0.592773 0.656250 0.589844 0.656250 0.588867 0.657552 0.585938 0.658854 0.585938 0.661458 0.584961 0.662760 0.584961 0.664062 0.582031 0.666667 0.580078 0.666667 0.580078 0.671875 0.579102 0.673177 0.579102 0.675781 0.577148 0.678385 0.577148 0.679688 0.574219 0.682292 0.574219 0.684896 0.575195 0.686198 0.576172 0.686198 0.577148 0.687500 0.577148 0.688802 0.578125 0.690104 0.579102 0.690104 0.581055 0.692708 0.581055 0.694010 0.586914 0.701823 0.588867 0.701823 0.589844 0.700521 0.592773 0.700521 0.597656 0.696615 0.599609 0.696615 0.602539 0.692708 0.603516 0.692708 0.603516 0.691406 0.605469 0.688802 0.605469 0.684896 0.606445 0.683594 0.606445 0.682292 0.608398 0.679688 0.609375 0.679688 0.611328 0.675781 0.611328 0.674479 0.602539 0.662760 0.602539 0.661458 0.600586 0.658854 0.600586 0.657552 0.599609 0.657552 0.598633 0.656250 0.596680 0.656250
0 0.613281 0.622396 0.610352 0.626302 0.607422 0.625000 0.604492 0.627604 0.605469 0.628906 0.605469 0.632812 0.604492 0.634115 0.604492 0.636719 0.602539 0.639323 0.601562 0.639323 0.600586 0.640625 0.600586 0.649740 0.601562 0.651042 0.601562 0.657552 0.611328 0.670573 0.622070 0.670573 0.623047 0.669271 0.625000 0.669271 0.631836 0.661458 0.631836 0.658854 0.632812 0.657552 0.632812 0.653646 0.633789 0.652344 0.633789 0.648438 0.634766 0.647135 0.634766 0.643229 0.633789 0.641927 0.633789 0.638021 0.632812 0.636719 0.631836 0.632812 0.630859 0.631510 0.629883 0.631510 0.625000 0.625000 0.624023 0.625000 0.623047 0.623698 0.619141 0.623698 0.618164 0.622396
0 0.615234 0.683594 0.611328 0.683594 0.607422 0.688802 0.607422 0.690104 0.599609 0.700521 0.599609 0.707031 0.598633 0.708333 0.598633 0.717448 0.599609 0.718750 0.599609 0.721354 0.600586 0.722656 0.600586 0.723958 0.603516 0.726562 0.611328 0.726562 0.612305 0.725260 0.613281 0.725260 0.614258 0.723958 0.615234 0.723958 0.617188 0.721354 0.618164 0.721354 0.620117 0.718750 0.621094 0.718750 0.622070 0.717448 0.623047 0.717448 0.624023 0.716146 0.625000 0.716146 0.626953 0.713542 0.626953 0.704427 0.625977 0.703125 0.625977 0.700521 0.625000 0.699219 0.625000 0.696615 0.624023 0.695312 0.624023 0.694010 0.623047 0.692708 0.623047 0.691406 0.622070 0.691406 0.621094 0.690104 0.620117 0.690104
0 0.591797 0.723958 0.588867 0.726562 0.586914 0.726562 0.584961 0.729167 0.583984 0.729167 0.579102 0.733073 0.577148 0.733073 0.575195 0.735677 0.575195 0.736979 0.574219 0.738281 0.574219 0.747396 0.575195 0.748698 0.575195 0.750000 0.577148 0.752604 0.577148 0.755208 0.578125 0.756510 0.578125 0.757812 0.581055 0.761719 0.581055 0.763021 0.583008 0.765625 0.583984 0.765625 0.591797 0.776042 0.595703 0.776042 0.598633 0.772135 0.600586 0.772135 0.601562 0.770833 0.604492 0.769531 0.606445 0.766927 0.607422 0.766927 0.609375 0.764323 0.609375 0.759115 0.606445 0.752604 0.606445 0.739583 0.605469 0.738281 0.605469 0.734375 0.604492 0.733073 0.604492 0.731771 0.601562 0.727865 0.600586 0.727865 0.597656 0.725260 0.594727 0.725260 0.593750 0.723958
0 0.561523 0.733073 0.558594 0.733073 0.555664 0.736979 0.553711 0.736979 0.552734 0.738281 0.551758 0.738281 0.550781 0.736979 0.548828 0.736979 0.547852 0.738281 0.547852 0.739583 0.545898 0.742188 0.544922 0.742188 0.544922 0.744792 0.543945 0.746094 0.543945 0.760417 0.544922 0.761719 0.544922 0.765625 0.545898 0.766927 0.545898 0.769531 0.549805 0.778646 0.549805 0.781250 0.550781 0.782552 0.551758 0.786458 0.553711 0.789062 0.555664 0.789062 0.556641 0.790365 0.560547 0.790365 0.564453 0.785156 0.565430 0.785156 0.570312 0.778646 0.570312 0.777344 0.571289 0.776042 0.571289 0.773438 0.572266 0.772135 0.572266 0.769531 0.576172 0.764323 0.577148 0.764323 0.578125 0.763021 0.578125 0.760417 0.574219 0.752604 0.572266 0.739583 0.566406 0.734375 0.562500 0.734375
0 0.583984 0.769531 0.578125 0.769531 0.577148 0.770833 0.575195 0.770833 0.571289 0.776042 0.570312 0.779948 0.564453 0.787760 0.563477 0.787760 0.563477 0.794271 0.565430 0.798177 0.565430 0.800781 0.566406 0.802083 0.566406 0.803385 0.568359 0.805990 0.568359 0.807292 0.569336 0.808594 0.570312 0.808594 0.575195 0.815104 0.581055 0.815104 0.582031 0.813802 0.583008 0.813802 0.585938 0.809896 0.586914 0.809896 0.589844 0.805990 0.589844 0.803385 0.591797 0.799479 0.591797 0.796875 0.592773 0.795573 0.592773 0.792969 0.594727 0.789062 0.594727 0.778646 0.593750 0.778646 0.592773 0.777344 0.589844 0.777344 0.587891 0.774740 0.587891 0.773438 0.585938 0.770833 0.584961 0.770833
0 0.541016 0.792969 0.538086 0.796875 0.538086 0.800781 0.537109 0.802083 0.537109 0.805990 0.536133 0.807292 0.536133 0.811198 0.535156 0.812500 0.535156 0.821615 0.536133 0.822917 0.536133 0.825521 0.539062 0.828125 0.542969 0.828125 0.543945 0.829427 0.556641 0.829427 0.557617 0.830729 0.561523 0.830729 0.562500 0.829427 0.563477 0.829427 0.563477 0.828125 0.564453 0.826823 0.564453 0.817708 0.565430 0.816406 0.565430 0.808594 0.563477 0.804688 0.563477 0.802083 0.562500 0.800781 0.561523 0.796875 0.558594 0.792969 0.556641 0.792969 0.553711 0.790365 0.546875 0.790365 0.545898 0.791667 0.543945 0.791667 0.542969 0.792969
0 0.590820 0.812500 0.588867 0.812500 0.587891 0.811198 0.586914 0.812500 0.583984 0.813802 0.582031 0.816406 0.581055 0.816406 0.580078 0.817708 0.575195 0.817708 0.574219 0.816406 0.571289 0.815104 0.570312 0.816406 0.568359 0.816406 0.565430 0.820312 0.565430 0.832031 0.566406 0.833333 0.566406 0.834635 0.567383 0.835938 0.567383 0.837240 0.568359 0.838542 0.569336 0.842448 0.571289 0.845052 0.571289 0.846354 0.574219 0.850260 0.575195 0.854167 0.577148 0.856771 0.582031 0.856771 0.583008 0.855469 0.584961 0.855469 0.585938 0.854167 0.586914 0.854167 0.587891 0.852865 0.588867 0.852865 0.591797 0.850260 0.591797 0.847656 0.592773 0.846354 0.592773 0.843750 0.591797 0.842448 0.591797 0.813802
0 0.549805 0.833333 0.547852 0.835938 0.544922 0.837240 0.544922 0.838542 0.541992 0.845052 0.541992 0.869792 0.542969 0.871094 0.542969 0.882812 0.544922 0.886719 0.547852 0.886719 0.550781 0.890625 0.553711 0.890625 0.554688 0.891927 0.560547 0.891927 0.561523 0.890625 0.563477 0.890625 0.569336 0.882812 0.569336 0.881510 0.572266 0.875000 0.572266 0.872396 0.573242 0.871094 0.573242 0.868490 0.574219 0.867188 0.574219 0.864583 0.575195 0.863281 0.575195 0.856771 0.566406 0.837240 0.565430 0.837240 0.560547 0.833333
0 0.586914 0.855469 0.583984 0.859375 0.583008 0.859375 0.582031 0.860677 0.582031 0.861979 0.580078 0.865885 0.580078 0.871094 0.579102 0.872396 0.579102 0.875000 0.578125 0.876302 0.578125 0.881510 0.577148 0.882812 0.577148 0.886719 0.576172 0.888021 0.576172 0.890625 0.575195 0.891927 0.575195 0.899740 0.576172 0.901042 0.576172 0.903646 0.580078 0.903646 0.583008 0.906250 0.586914 0.906250 0.587891 0.907552 0.591797 0.907552 0.592773 0.908854 0.599609 0.908854 0.599609 0.907552 0.609375 0.894531 0.609375 0.890625 0.610352 0.889323 0.610352 0.884115 0.609375 0.882812 0.609375 0.873698 0.608398 0.872396 0.608398 0.869792 0.607422 0.868490 0.607422 0.865885 0.606445 0.864583 0.605469 0.860677 0.602539 0.856771 0.601562 0.856771 0.600586 0.855469
0 0.575195 0.936198 0.575195 0.937500 0.572266 0.941406 0.572266 0.942708 0.571289 0.944010 0.571289 0.950521 0.572266 0.951823 0.572266 0.976562 0.573242 0.977865 0.573242 0.980469 0.576172 0.984375 0.581055 0.984375 0.582031 0.983073 0.583984 0.983073 0.584961 0.981771 0.588867 0.981771 0.589844 0.980469 0.591797 0.980469 0.593750 0.977865 0.594727 0.977865 0.596680 0.975260 0.596680 0.973958 0.597656 0.972656 0.598633 0.972656 0.603516 0.967448 0.603516 0.953125 0.602539 0.951823 0.602539 0.945312 0.601562 0.944010 0.601562 0.941406 0.599609 0.937500 0.597656 0.937500 0.596680 0.938802 0.592773 0.938802 0.591797 0.940104 0.589844 0.940104 0.588867 0.938802 0.582031 0.938802 0.581055 0.940104 0.580078 0.940104 0.578125 0.937500
0 0.628906 0.907552 0.625977 0.907552 0.623047 0.911458 0.619141 0.911458 0.618164 0.912760 0.618164 0.914062 0.615234 0.917969 0.614258 0.917969 0.608398 0.925781 0.607422 0.925781 0.606445 0.927083 0.606445 0.946615 0.608398 0.950521 0.609375 0.950521 0.610352 0.951823 0.612305 0.951823 0.613281 0.953125 0.616211 0.953125 0.618164 0.955729 0.620117 0.955729 0.621094 0.954427 0.623047 0.954427 0.625000 0.951823 0.625977 0.951823 0.626953 0.950521 0.629883 0.949219 0.633789 0.944010 0.634766 0.944010 0.636719 0.941406 0.636719 0.940104 0.638672 0.936198 0.638672 0.928385 0.637695 0.927083 0.637695 0.923177 0.635742 0.919271 0.635742 0.916667 0.634766 0.915365 0.634766 0.914062 0.630859 0.908854 0.629883 0.908854
0 0.642578 0.895833 0.640625 0.898438 0.639648 0.898438 0.636719 0.901042 0.636719 0.902344 0.635742 0.903646 0.635742 0.912760 0.636719 0.914062 0.636719 0.919271 0.637695 0.920573 0.637695 0.923177 0.638672 0.924479 0.638672 0.927083 0.639648 0.928385 0.639648 0.934896 0.640625 0.936198 0.640625 0.938802 0.642578 0.941406 0.647461 0.941406 0.648438 0.940104 0.651367 0.940104 0.652344 0.938802 0.653320 0.938802 0.656250 0.936198 0.656250 0.934896 0.657227 0.933594 0.657227 0.932292 0.659180 0.929688 0.659180 0.921875 0.658203 0.920573 0.658203 0.917969 0.657227 0.916667 0.657227 0.912760 0.656250 0.911458 0.656250 0.910156 0.655273 0.908854 0.655273 0.907552 0.654297 0.906250 0.654297 0.904948 0.653320 0.903646 0.653320 0.902344 0.649414 0.897135 0.644531 0.897135 0.643555 0.895833
0 0.626953 0.821615 0.625977 0.822917 0.624023 0.822917 0.623047 0.824219 0.615234 0.824219 0.614258 0.825521 0.611328 0.825521 0.610352 0.826823 0.607422 0.828125 0.603516 0.833333 0.600586 0.834635 0.600586 0.839844 0.601562 0.841146 0.601562 0.847656 0.602539 0.848958 0.602539 0.851562 0.603516 0.852865 0.603516 0.854167 0.604492 0.854167 0.608398 0.859375 0.612305 0.859375 0.613281 0.860677 0.616211 0.860677 0.617188 0.859375 0.620117 0.859375 0.621094 0.860677 0.625000 0.860677 0.625977 0.861979 0.626953 0.860677 0.627930 0.860677 0.629883 0.858073 0.629883 0.845052 0.630859 0.843750 0.630859 0.835938 0.629883 0.834635 0.629883 0.826823 0.628906 0.825521 0.628906 0.824219
0 0.617188 0.733073 0.616211 0.734375 0.611328 0.736979 0.609375 0.740885 0.609375 0.750000 0.611328 0.753906 0.611328 0.778646 0.612305 0.779948 0.612305 0.783854 0.610352 0.786458 0.610352 0.789062 0.612305 0.791667 0.613281 0.791667 0.614258 0.792969 0.622070 0.792969 0.623047 0.791667 0.625000 0.791667 0.626953 0.789062 0.626953 0.787760 0.630859 0.781250 0.630859 0.778646 0.632812 0.774740 0.632812 0.770833 0.635742 0.764323 0.635742 0.756510 0.634766 0.755208 0.634766 0.751302 0.633789 0.750000 0.633789 0.746094 0.632812 0.744792 0.631836 0.740885 0.625977 0.733073
0 0.647461 0.773438 0.644531 0.773438 0.643555 0.774740 0.639648 0.774740 0.638672 0.776042 0.637695 0.776042 0.635742 0.778646 0.635742 0.779948 0.633789 0.783854 0.633789 0.805990 0.634766 0.807292 0.634766 0.809896 0.637695 0.813802 0.640625 0.813802 0.641602 0.812500 0.643555 0.812500 0.644531 0.813802 0.645508 0.813802 0.646484 0.812500 0.647461 0.812500 0.648438 0.811198 0.649414 0.811198 0.657227 0.800781 0.657227 0.798177 0.658203 0.796875 0.658203 0.792969 0.657227 0.791667 0.657227 0.790365 0.655273 0.787760 0.655273 0.786458 0.654297 0.785156 0.654297 0.783854 0.653320 0.782552 0.653320 0.781250 0.652344 0.779948 0.652344 0.778646 0.649414 0.774740 0.648438 0.774740
0 0.528320 0.445312 0.527344 0.446615 0.526367 0.446615 0.522461 0.451823 0.520508 0.451823 0.519531 0.453125 0.516602 0.454427 0.512695 0.459635 0.512695 0.472656 0.513672 0.473958 0.513672 0.476562 0.515625 0.479167 0.515625 0.480469 0.516602 0.481771 0.517578 0.481771 0.520508 0.484375 0.522461 0.484375 0.523438 0.485677 0.524414 0.485677 0.529297 0.490885 0.532227 0.490885 0.534180 0.488281 0.537109 0.486979 0.540039 0.483073 0.541016 0.483073 0.541992 0.481771 0.541992 0.477865 0.542969 0.476562 0.542969 0.472656 0.543945 0.471354 0.543945 0.464844 0.544922 0.463542 0.544922 0.460938 0.545898 0.459635 0.545898 0.455729 0.544922 0.455729 0.543945 0.454427 0.541016 0.454427 0.540039 0.453125 0.538086 0.453125 0.537109 0.451823 0.536133 0.451823 0.533203 0.447917 0.532227 0.447917 0.531250 0.446615
0 0.547852 0.455729 0.546875 0.457031 0.546875 0.458333 0.545898 0.459635 0.545898 0.462240 0.544922 0.463542 0.544922 0.468750 0.543945 0.470052 0.543945 0.475260 0.542969 0.476562 0.542969 0.484375 0.543945 0.485677 0.543945 0.488281 0.544922 0.489583 0.544922 0.490885 0.547852 0.494792 0.549805 0.494792 0.550781 0.496094 0.552734 0.496094 0.553711 0.497396 0.561523 0.497396 0.562500 0.496094 0.567383 0.496094 0.568359 0.494792 0.569336 0.494792 0.570312 0.493490 0.573242 0.492188 0.576172 0.488281 0.576172 0.486979 0.577148 0.485677 0.577148 0.473958 0.576172 0.472656 0.576172 0.470052 0.566406 0.457031 0.565430 0.457031 0.560547 0.453125 0.553711 0.453125 0.552734 0.454427 0.550781 0.454427 0.549805 0.455729
0 0.551758 0.410156 0.548828 0.410156 0.547852 0.411458 0.545898 0.411458 0.544922 0.412760 0.542969 0.412760 0.541992 0.414062 0.538086 0.414062 0.537109 0.415365 0.531250 0.415365 0.530273 0.416667 0.528320 0.416667 0.527344 0.417969 0.526367 0.417969 0.524414 0.420573 0.524414 0.429688 0.525391 0.430990 0.526367 0.434896 0.528320 0.437500 0.529297 0.441406 0.532227 0.445312 0.533203 0.445312 0.536133 0.449219 0.537109 0.449219 0.538086 0.450521 0.548828 0.450521 0.549805 0.449219 0.551758 0.449219 0.554688 0.445312 0.555664 0.445312 0.555664 0.444010 0.556641 0.442708 0.556641 0.434896 0.557617 0.433594 0.557617 0.421875 0.556641 0.420573 0.556641 0.419271 0.555664 0.417969 0.554688 0.414062
0 0.562500 0.417969 0.561523 0.419271 0.561523 0.423177 0.560547 0.424479 0.560547 0.429688 0.559570 0.430990 0.559570 0.447917 0.563477 0.453125 0.564453 0.453125 0.566406 0.455729 0.567383 0.455729 0.570312 0.458333 0.578125 0.458333 0.579102 0.457031 0.581055 0.457031 0.582031 0.455729 0.586914 0.455729 0.587891 0.454427 0.588867 0.454427 0.588867 0.453125 0.590820 0.450521 0.590820 0.446615 0.591797 0.445312 0.591797 0.441406 0.592773 0.440104 0.592773 0.428385 0.591797 0.427083 0.591797 0.424479 0.586914 0.419271 0.573242 0.419271 0.572266 0.420573 0.571289 0.419271 0.569336 0.419271 0.568359 0.417969
0 0.572266 0.385417 0.572266 0.386719 0.570312 0.390625 0.570312 0.394531 0.569336 0.395833 0.569336 0.397135 0.570312 0.398438 0.570312 0.399740 0.573242 0.406250 0.573242 0.408854 0.574219 0.410156 0.574219 0.412760 0.575195 0.414062 0.575195 0.416667 0.585938 0.416667 0.586914 0.415365 0.587891 0.415365 0.590820 0.411458 0.599609 0.411458 0.600586 0.410156 0.602539 0.410156 0.604492 0.407552 0.604492 0.406250 0.607422 0.402344 0.607422 0.394531 0.606445 0.393229 0.606445 0.391927 0.598633 0.381510 0.597656 0.381510 0.594727 0.377604 0.591797 0.377604 0.590820 0.376302 0.582031 0.376302 0.581055 0.377604 0.579102 0.377604 0.577148 0.380208 0.576172 0.380208
0 0.619141 0.399740 0.615234 0.399740 0.614258 0.401042 0.612305 0.401042 0.611328 0.402344 0.610352 0.402344 0.608398 0.404948 0.607422 0.404948 0.605469 0.407552 0.605469 0.408854 0.602539 0.412760 0.602539 0.416667 0.601562 0.417969 0.601562 0.421875 0.600586 0.423177 0.600586 0.427083 0.601562 0.428385 0.601562 0.430990 0.602539 0.432292 0.602539 0.434896 0.609375 0.444010 0.610352 0.444010 0.611328 0.445312 0.614258 0.445312 0.615234 0.444010 0.616211 0.444010 0.617188 0.442708 0.618164 0.442708 0.619141 0.441406 0.620117 0.441406 0.623047 0.438802 0.625000 0.438802 0.625977 0.437500 0.626953 0.437500 0.631836 0.430990 0.631836 0.429688 0.633789 0.425781 0.633789 0.420573 0.634766 0.419271 0.633789 0.417969 0.633789 0.415365 0.632812 0.414062 0.632812 0.412760 0.631836 0.411458 0.630859 0.411458 0.628906 0.408854 0.627930 0.408854 0.624023 0.403646 0.623047 0.403646 0.621094 0.401042 0.620117 0.401042
0 0.568359 0.024740 0.557617 0.024740 0.556641 0.026042 0.554688 0.026042 0.553711 0.027344 0.551758 0.027344 0.547852 0.032552 0.547852 0.033854 0.543945 0.039062 0.543945 0.040365 0.542969 0.041667 0.542969 0.044271 0.541992 0.045573 0.541992 0.053385 0.542969 0.054688 0.542969 0.055990 0.544922 0.058594 0.545898 0.058594 0.546875 0.059896 0.553711 0.059896 0.554688 0.058594 0.555664 0.058594 0.555664 0.054688 0.556641 0.053385 0.556641 0.049479 0.557617 0.048177 0.557617 0.046875 0.558594 0.045573 0.558594 0.044271 0.563477 0.037760 0.564453 0.037760 0.565430 0.036458 0.568359 0.036458 0.569336 0.035156 0.572266 0.035156 0.573242 0.033854 0.573242 0.032552 0.572266 0.031250 0.572266 0.029948
0 0.557617 0.049479 0.557617 0.052083 0.556641 0.053385 0.556641 0.057292 0.555664 0.058594 0.555664 0.059896 0.556641 0.061198 0.556641 0.063802 0.557617 0.065104 0.557617 0.067708 0.559570 0.071615 0.559570 0.074219 0.563477 0.082031 0.565430 0.082031 0.566406 0.080729 0.570312 0.080729 0.571289 0.079427 0.577148 0.079427 0.578125 0.078125 0.581055 0.078125 0.582031 0.076823 0.583984 0.076823 0.584961 0.075521 0.585938 0.075521 0.587891 0.072917 0.589844 0.072917 0.590820 0.071615 0.593750 0.071615 0.594727 0.070312 0.594727 0.067708 0.593750 0.066406 0.593750 0.062500 0.592773 0.061198 0.592773 0.057292 0.591797 0.055990 0.591797 0.054688 0.587891 0.049479 0.587891 0.048177 0.585938 0.044271 0.585938 0.040365 0.584961 0.039062 0.584961 0.037760 0.583984 0.037760 0.583008 0.036458 0.570312 0.036458 0.569336 0.037760 0.567383 0.037760 0.566406 0.039062 0.564453 0.039062 0.563477 0.040365 0.562500 0.040365 0.560547 0.042969 0.560547 0.044271 0.558594 0.046875 0.558594 0.048177
0 0.625000 0.101562 0.624023 0.102865 0.623047 0.102865 0.622070 0.104167 0.621094 0.104167 0.619141 0.106771 0.618164 0.106771 0.617188 0.108073 0.616211 0.108073 0.614258 0.111979 0.615234 0.113281 0.615234 0.130208 0.616211 0.131510 0.616211 0.132812 0.617188 0.134115 0.617188 0.135417 0.618164 0.136719 0.618164 0.138021 0.620117 0.140625 0.621094 0.140625 0.622070 0.141927 0.629883 0.141927 0.630859 0.140625 0.632812 0.140625 0.635742 0.138021 0.638672 0.138021 0.641602 0.135417 0.641602 0.132812 0.642578 0.131510 0.642578 0.127604 0.643555 0.126302 0.643555 0.114583 0.642578 0.113281 0.642578 0.110677 0.637695 0.104167 0.636719 0.104167 0.635742 0.102865 0.633789 0.102865 0.632812 0.101562
0 0.614258 0.195312 0.615234 0.196615 0.615234 0.205729 0.618164 0.209635 0.619141 0.209635 0.620117 0.210938 0.623047 0.210938 0.625977 0.213542 0.631836 0.213542 0.632812 0.212240 0.632812 0.210938 0.637695 0.205729 0.640625 0.205729 0.641602 0.204427 0.644531 0.204427 0.645508 0.203125 0.648438 0.203125 0.649414 0.201823 0.651367 0.201823 0.653320 0.199219 0.652344 0.197917 0.652344 0.195312 0.650391 0.192708 0.650391 0.191406 0.648438 0.187500 0.648438 0.184896 0.646484 0.182292 0.646484 0.180990 0.644531 0.178385 0.643555 0.178385 0.642578 0.177083 0.640625 0.177083 0.637695 0.174479 0.629883 0.174479 0.628906 0.175781 0.627930 0.175781 0.625977 0.178385 0.625000 0.178385 0.625000 0.179688 0.615234 0.192708 0.615234 0.194010
0 0.596680 0.233073 0.596680 0.236979 0.597656 0.238281 0.597656 0.239583 0.599609 0.242188 0.600586 0.242188 0.601562 0.243490 0.603516 0.243490 0.604492 0.244792 0.616211 0.244792 0.617188 0.243490 0.625977 0.243490 0.626953 0.242188 0.627930 0.242188 0.628906 0.240885 0.629883 0.240885 0.629883 0.239583 0.630859 0.238281 0.630859 0.233073 0.629883 0.231771 0.629883 0.229167 0.628906 0.227865 0.628906 0.225260 0.625000 0.220052 0.624023 0.220052 0.623047 0.218750 0.622070 0.218750 0.620117 0.216146 0.619141 0.216146 0.618164 0.214844 0.617188 0.214844 0.616211 0.213542 0.615234 0.213542 0.612305 0.210938 0.609375 0.210938 0.602539 0.220052 0.601562 0.220052 0.601562 0.221354 0.599609 0.223958 0.599609 0.225260 0.597656 0.229167 0.597656 0.231771
0 0.613281 0.246094 0.605469 0.246094 0.604492 0.244792 0.601562 0.244792 0.600586 0.243490 0.599609 0.243490 0.598633 0.242188 0.596680 0.242188 0.595703 0.240885 0.591797 0.246094 0.590820 0.246094 0.588867 0.248698 0.588867 0.250000 0.586914 0.252604 0.586914 0.253906 0.583984 0.260417 0.583984 0.278646 0.584961 0.279948 0.584961 0.281250 0.586914 0.283854 0.586914 0.285156 0.588867 0.287760 0.589844 0.287760 0.590820 0.289062 0.596680 0.289062 0.597656 0.287760 0.603516 0.287760 0.610352 0.278646 0.610352 0.277344 0.614258 0.272135 0.615234 0.272135 0.616211 0.270833 0.616211 0.269531 0.617188 0.268229 0.617188 0.259115 0.616211 0.257812 0.616211 0.253906 0.615234 0.252604 0.615234 0.250000
0 0.619141 0.268229 0.616211 0.272135 0.615234 0.272135 0.613281 0.274740 0.613281 0.276042 0.608398 0.282552 0.608398 0.283854 0.606445 0.287760 0.606445 0.303385 0.609375 0.304688 0.611328 0.307292 0.613281 0.307292 0.615234 0.309896 0.620117 0.309896 0.621094 0.308594 0.623047 0.308594 0.625000 0.312500 0.627930 0.312500 0.628906 0.311198 0.629883 0.311198 0.634766 0.304688 0.634766 0.303385 0.640625 0.295573 0.640625 0.287760 0.639648 0.286458 0.639648 0.282552 0.638672 0.281250 0.638672 0.279948 0.636719 0.277344 0.633789 0.276042 0.631836 0.273438 0.630859 0.273438 0.625977 0.269531 0.624023 0.269531 0.623047 0.268229
0 0.642578 0.234375 0.640625 0.234375 0.639648 0.235677 0.638672 0.235677 0.637695 0.236979 0.636719 0.236979 0.635742 0.238281 0.632812 0.239583 0.630859 0.242188 0.629883 0.242188 0.628906 0.243490 0.627930 0.243490 0.626953 0.244792 0.624023 0.246094 0.623047 0.247396 0.623047 0.250000 0.622070 0.251302 0.622070 0.253906 0.623047 0.255208 0.623047 0.259115 0.622070 0.260417 0.622070 0.263021 0.623047 0.264323 0.623047 0.265625 0.624023 0.265625 0.625000 0.266927 0.625977 0.266927 0.626953 0.268229 0.629883 0.269531 0.631836 0.272135 0.632812 0.272135 0.634766 0.274740 0.635742 0.274740 0.638672 0.278646 0.641602 0.278646 0.642578 0.277344 0.645508 0.277344 0.646484 0.276042 0.649414 0.276042 0.650391 0.274740 0.650391 0.265625 0.651367 0.264323 0.651367 0.261719 0.649414 0.257812 0.649414 0.251302 0.648438 0.250000 0.648438 0.243490 0.647461 0.242188 0.647461 0.240885
0 0.591797 0.302083 0.590820 0.303385 0.590820 0.304688 0.587891 0.308594 0.586914 0.308594 0.583984 0.312500 0.583984 0.313802 0.582031 0.316406 0.582031 0.319010 0.581055 0.320312 0.581055 0.328125 0.582031 0.329427 0.583008 0.333333 0.587891 0.339844 0.589844 0.339844 0.590820 0.341146 0.595703 0.341146 0.596680 0.342448 0.601562 0.342448 0.602539 0.343750 0.603516 0.342448 0.605469 0.342448 0.606445 0.341146 0.607422 0.341146 0.610352 0.337240 0.611328 0.337240 0.611328 0.335938 0.613281 0.333333 0.613281 0.330729 0.614258 0.329427 0.614258 0.315104 0.613281 0.313802 0.613281 0.312500 0.610352 0.308594 0.609375 0.308594 0.608398 0.307292 0.607422 0.307292 0.604492 0.304688 0.602539 0.304688 0.601562 0.303385 0.598633 0.303385 0.597656 0.302083
0 0.623047 0.337240 0.617188 0.337240 0.616211 0.338542 0.614258 0.338542 0.613281 0.339844 0.612305 0.339844 0.611328 0.341146 0.610352 0.341146 0.609375 0.342448 0.608398 0.342448 0.607422 0.343750 0.604492 0.345052 0.603516 0.346354 0.603516 0.348958 0.602539 0.350260 0.602539 0.354167 0.603516 0.355469 0.602539 0.356771 0.602539 0.360677 0.600586 0.364583 0.600586 0.367188 0.603516 0.371094 0.604492 0.371094 0.605469 0.372396 0.605469 0.373698 0.607422 0.376302 0.610352 0.377604 0.612305 0.380208 0.613281 0.380208 0.614258 0.381510 0.617188 0.381510 0.618164 0.382812 0.619141 0.382812 0.620117 0.381510 0.622070 0.381510 0.624023 0.378906 0.626953 0.377604 0.629883 0.373698 0.630859 0.373698 0.632812 0.371094 0.632812 0.368490 0.633789 0.367188 0.633789 0.361979 0.634766 0.360677 0.634766 0.359375 0.636719 0.356771 0.636719 0.351562 0.635742 0.350260 0.632812 0.348958 0.627930 0.342448 0.627930 0.341146 0.626953 0.341146 0.625000 0.338542 0.624023 0.338542
0 0.642578 0.372396 0.638672 0.372396 0.637695 0.373698 0.636719 0.373698 0.634766 0.376302 0.632812 0.376302 0.631836 0.377604 0.629883 0.377604 0.628906 0.378906 0.625977 0.380208 0.624023 0.382812 0.624023 0.385417 0.623047 0.386719 0.623047 0.388021 0.624023 0.389323 0.624023 0.399740 0.625000 0.401042 0.625000 0.403646 0.628906 0.408854 0.629883 0.408854 0.631836 0.411458 0.632812 0.411458 0.633789 0.412760 0.633789 0.414062 0.636719 0.416667 0.638672 0.416667 0.639648 0.415365 0.641602 0.415365 0.644531 0.412760 0.648438 0.412760 0.649414 0.411458 0.650391 0.411458 0.652344 0.408854 0.652344 0.407552 0.653320 0.406250 0.653320 0.399740 0.654297 0.398438 0.654297 0.390625 0.653320 0.389323 0.653320 0.388021 0.651367 0.385417 0.651367 0.384115 0.646484 0.377604 0.646484 0.376302 0.644531 0.373698 0.643555 0.373698
0 0.630859 0.434896 0.629883 0.436198 0.629883 0.437500 0.627930 0.441406 0.627930 0.444010 0.626953 0.445312 0.626953 0.457031 0.627930 0.458333 0.627930 0.459635 0.630859 0.463542 0.633789 0.464844 0.635742 0.467448 0.636719 0.467448 0.637695 0.468750 0.640625 0.468750 0.641602 0.470052 0.642578 0.470052 0.643555 0.468750 0.649414 0.468750 0.650391 0.467448 0.654297 0.467448 0.655273 0.466146 0.656250 0.466146 0.660156 0.460938 0.660156 0.450521 0.659180 0.449219 0.659180 0.447917 0.657227 0.445312 0.657227 0.444010 0.655273 0.441406 0.655273 0.440104 0.653320 0.437500 0.653320 0.436198 0.651367 0.432292 0.650391 0.432292 0.647461 0.429688 0.644531 0.429688 0.643555 0.428385 0.642578 0.428385 0.641602 0.429688 0.640625 0.429688 0.637695 0.432292 0.634766 0.432292 0.633789 0.433594
0 0.606445 0.463542 0.602539 0.468750 0.602539 0.471354 0.601562 0.472656 0.601562 0.481771 0.602539 0.483073 0.602539 0.485677 0.604492 0.488281 0.604492 0.489583 0.608398 0.496094 0.609375 0.500000 0.610352 0.501302 0.612305 0.501302 0.613281 0.502604 0.617188 0.502604 0.618164 0.503906 0.625977 0.503906 0.626953 0.502604 0.627930 0.502604 0.629883 0.500000 0.630859 0.500000 0.631836 0.498698 0.632812 0.494792 0.634766 0.492188 0.634766 0.489583 0.635742 0.488281 0.635742 0.486979 0.639648 0.481771 0.639648 0.479167 0.638672 0.477865 0.638672 0.475260 0.635742 0.471354 0.635742 0.470052 0.632812 0.466146 0.631836 0.466146 0.630859 0.464844 0.628906 0.464844 0.627930 0.463542 0.622070 0.463542 0.621094 0.462240 0.617188 0.462240 0.616211 0.460938 0.610352 0.460938 0.609375 0.462240
0 0.593750 0.496094 0.592773 0.497396 0.590820 0.497396 0.590820 0.498698 0.588867 0.501302 0.587891 0.501302 0.586914 0.502604 0.585938 0.502604 0.583984 0.505208 0.583008 0.505208 0.583008 0.510417 0.586914 0.518229 0.586914 0.520833 0.585938 0.522135 0.585938 0.523438 0.586914 0.524740 0.586914 0.528646 0.587891 0.529948 0.587891 0.531250 0.591797 0.536458 0.594727 0.537760 0.595703 0.539062 0.596680 0.542969 0.598633 0.545573 0.600586 0.545573 0.601562 0.544271 0.603516 0.544271 0.606445 0.540365 0.606445 0.539062 0.607422 0.537760 0.607422 0.535156 0.608398 0.533854 0.609375 0.529948 0.613281 0.524740 0.613281 0.523438 0.614258 0.522135 0.614258 0.515625 0.615234 0.514323 0.615234 0.507812 0.613281 0.505208 0.612305 0.505208 0.611328 0.503906 0.608398 0.502604 0.606445 0.500000 0.603516 0.500000 0.600586 0.497396 0.597656 0.497396 0.596680 0.496094
0 0.598633 0.546875 0.594727 0.552083 0.593750 0.555990 0.591797 0.558594 0.591797 0.571615 0.592773 0.572917 0.592773 0.574219 0.593750 0.575521 0.594727 0.575521 0.597656 0.579427 0.597656 0.580729 0.598633 0.582031 0.599609 0.582031 0.601562 0.584635 0.606445 0.584635 0.607422 0.585938 0.616211 0.585938 0.617188 0.584635 0.618164 0.584635 0.618164 0.583333 0.620117 0.579427 0.620117 0.575521 0.621094 0.574219 0.621094 0.571615 0.622070 0.570312 0.622070 0.561198 0.623047 0.559896 0.622070 0.558594 0.622070 0.554688 0.621094 0.553385 0.621094 0.552083 0.617188 0.546875 0.616211 0.546875 0.615234 0.545573 0.604492 0.545573 0.603516 0.546875
0 0.622070 0.509115 0.621094 0.510417 0.621094 0.511719 0.619141 0.514323 0.619141 0.515625 0.617188 0.519531 0.617188 0.528646 0.618164 0.529948 0.618164 0.531250 0.623047 0.537760 0.624023 0.537760 0.625977 0.540365 0.626953 0.540365 0.629883 0.544271 0.629883 0.545573 0.636719 0.545573 0.637695 0.544271 0.643555 0.544271 0.644531 0.542969 0.646484 0.542969 0.648438 0.540365 0.649414 0.540365 0.651367 0.537760 0.651367 0.536458 0.656250 0.529948 0.656250 0.520833 0.655273 0.519531 0.655273 0.518229 0.654297 0.516927 0.653320 0.516927 0.650391 0.513021 0.650391 0.511719 0.649414 0.511719 0.648438 0.510417 0.646484 0.510417 0.645508 0.509115 0.642578 0.507812 0.639648 0.503906 0.638672 0.503906 0.637695 0.502604 0.633789 0.502604 0.632812 0.503906 0.630859 0.503906 0.627930 0.506510 0.625977 0.506510 0.625000 0.507812
0 0.630859 0.548177 0.626953 0.553385 0.625977 0.553385 0.625977 0.554688 0.625000 0.555990 0.625000 0.566406 0.625977 0.567708 0.625977 0.570312 0.627930 0.572917 0.627930 0.574219 0.630859 0.578125 0.631836 0.578125 0.632812 0.579427 0.633789 0.579427 0.634766 0.580729 0.635742 0.580729 0.636719 0.582031 0.637695 0.582031 0.640625 0.584635 0.643555 0.584635 0.645508 0.582031 0.646484 0.582031 0.648438 0.579427 0.650391 0.579427 0.655273 0.572917 0.655273 0.571615 0.656250 0.570312 0.656250 0.562500 0.655273 0.561198 0.655273 0.555990 0.654297 0.554688 0.654297 0.553385 0.653320 0.552083 0.653320 0.550781 0.651367 0.548177 0.650391 0.548177 0.647461 0.545573 0.638672 0.545573 0.637695 0.546875 0.633789 0.546875 0.632812 0.548177
0 0.631836 0.584635 0.630859 0.585938 0.629883 0.585938 0.625977 0.591146 0.625977 0.592448 0.623047 0.596354 0.623047 0.598958 0.622070 0.600260 0.622070 0.604167 0.621094 0.605469 0.621094 0.610677 0.622070 0.611979 0.622070 0.614583 0.623047 0.615885 0.623047 0.617188 0.625000 0.619792 0.625977 0.623698 0.628906 0.627604 0.629883 0.627604 0.631836 0.630208 0.633789 0.630208 0.634766 0.631510 0.639648 0.631510 0.640625 0.630208 0.641602 0.630208 0.643555 0.627604 0.644531 0.627604 0.649414 0.621094 0.649414 0.619792 0.651367 0.617188 0.651367 0.614583 0.652344 0.613281 0.652344 0.606771 0.653320 0.605469 0.653320 0.598958 0.649414 0.593750 0.648438 0.593750 0.645508 0.589844 0.643555 0.589844 0.640625 0.587240 0.638672 0.587240 0.637695 0.585938 0.635742 0.585938 0.634766 0.584635
0 0.648438 0.661458 0.645508 0.660156 0.644531 0.661458 0.637695 0.661458 0.636719 0.662760 0.633789 0.662760 0.632812 0.664062 0.631836 0.664062 0.627930 0.669271 0.627930 0.680990 0.626953 0.682292 0.626953 0.701823 0.627930 0.701823 0.628906 0.703125 0.645508 0.703125 0.646484 0.701823 0.647461 0.701823 0.650391 0.697917 0.650391 0.696615 0.651367 0.695312 0.651367 0.692708 0.652344 0.691406 0.652344 0.687500 0.653320 0.686198 0.653320 0.677083 0.652344 0.675781 0.652344 0.673177 0.651367 0.671875 0.651367 0.669271 0.650391 0.667969 0.650391 0.665365
0 0.686523 0.902344 0.683594 0.902344 0.679688 0.907552 0.678711 0.907552 0.675781 0.911458 0.673828 0.911458 0.672852 0.912760 0.670898 0.912760 0.669922 0.914062 0.666016 0.914062 0.664062 0.916667 0.663086 0.916667 0.660156 0.919271 0.660156 0.925781 0.661133 0.927083 0.661133 0.928385 0.662109 0.928385 0.665039 0.932292 0.666016 0.936198 0.671875 0.944010 0.674805 0.944010 0.675781 0.945312 0.676758 0.945312 0.677734 0.944010 0.678711 0.944010 0.680664 0.941406 0.683594 0.940104 0.691406 0.929688 0.692383 0.929688 0.694336 0.925781 0.694336 0.923177 0.693359 0.921875 0.693359 0.919271 0.692383 0.917969 0.692383 0.912760 0.691406 0.911458 0.691406 0.910156 0.689453 0.907552 0.689453 0.906250
0 0.695312 0.869792 0.695312 0.876302 0.696289 0.877604 0.696289 0.888021 0.697266 0.889323 0.697266 0.891927 0.705078 0.902344 0.706055 0.902344 0.707031 0.903646 0.709961 0.903646 0.710938 0.902344 0.711914 0.902344 0.715820 0.897135 0.716797 0.897135 0.716797 0.895833 0.717773 0.894531 0.718750 0.894531 0.719727 0.893229 0.720703 0.893229 0.722656 0.890625 0.723633 0.890625 0.726562 0.886719 0.726562 0.885417 0.728516 0.882812 0.728516 0.881510 0.727539 0.880208 0.727539 0.878906 0.726562 0.877604 0.726562 0.876302 0.725586 0.875000 0.724609 0.871094 0.722656 0.868490 0.710938 0.868490 0.709961 0.867188 0.708008 0.867188 0.707031 0.865885 0.699219 0.865885 0.698242 0.867188 0.696289 0.867188 0.696289 0.868490
0 0.649414 0.813802 0.648438 0.815104 0.646484 0.815104 0.645508 0.816406 0.644531 0.816406 0.642578 0.819010 0.638672 0.819010 0.637695 0.820312 0.637695 0.824219 0.636719 0.825521 0.636719 0.829427 0.635742 0.830729 0.635742 0.841146 0.637695 0.843750 0.637695 0.845052 0.641602 0.850260 0.642578 0.850260 0.645508 0.854167 0.646484 0.854167 0.647461 0.855469 0.648438 0.855469 0.651367 0.858073 0.655273 0.858073 0.656250 0.856771 0.658203 0.856771 0.662109 0.851562 0.663086 0.851562 0.667969 0.846354 0.667969 0.843750 0.668945 0.842448 0.668945 0.828125 0.667969 0.826823 0.666992 0.822917 0.663086 0.816406 0.662109 0.816406 0.659180 0.813802
0 0.671875 0.828125 0.669922 0.830729 0.669922 0.839844 0.668945 0.841146 0.668945 0.845052 0.664062 0.851562 0.664062 0.858073 0.665039 0.859375 0.665039 0.860677 0.666992 0.863281 0.667969 0.863281 0.668945 0.864583 0.675781 0.864583 0.676758 0.865885 0.677734 0.865885 0.678711 0.864583 0.679688 0.864583 0.681641 0.861979 0.682617 0.861979 0.685547 0.859375 0.687500 0.859375 0.689453 0.856771 0.689453 0.850260 0.688477 0.848958 0.688477 0.839844 0.687500 0.838542 0.687500 0.837240 0.686523 0.835938 0.685547 0.835938 0.681641 0.830729 0.680664 0.830729 0.677734 0.828125
0 0.692383 0.791667 0.689453 0.794271 0.684570 0.794271 0.683594 0.795573 0.683594 0.796875 0.675781 0.807292 0.675781 0.809896 0.676758 0.811198 0.676758 0.815104 0.677734 0.816406 0.677734 0.819010 0.680664 0.822917 0.680664 0.824219 0.692383 0.839844 0.695312 0.839844 0.696289 0.841146 0.700195 0.835938 0.703125 0.834635 0.706055 0.830729 0.706055 0.829427 0.708008 0.825521 0.708008 0.822917 0.708984 0.821615 0.708984 0.812500 0.708008 0.811198 0.708008 0.808594 0.706055 0.805990 0.706055 0.803385 0.705078 0.802083 0.705078 0.799479 0.700195 0.792969 0.699219 0.792969 0.698242 0.791667
0 0.723633 0.824219 0.721680 0.824219 0.718750 0.821615 0.712891 0.821615 0.708984 0.826823 0.708984 0.828125 0.702148 0.837240 0.701172 0.837240 0.699219 0.839844 0.699219 0.843750 0.700195 0.845052 0.700195 0.846354 0.702148 0.848958 0.702148 0.850260 0.703125 0.851562 0.703125 0.852865 0.704102 0.854167 0.704102 0.855469 0.706055 0.858073 0.706055 0.859375 0.708008 0.863281 0.717773 0.863281 0.718750 0.861979 0.719727 0.861979 0.720703 0.860677 0.721680 0.860677 0.723633 0.858073 0.723633 0.856771 0.725586 0.854167 0.725586 0.852865 0.726562 0.851562 0.726562 0.848958 0.727539 0.847656 0.727539 0.832031 0.726562 0.830729 0.726562 0.829427 0.725586 0.828125 0.725586 0.826823
0 0.739258 0.825521 0.738281 0.826823 0.736328 0.826823 0.735352 0.828125 0.732422 0.828125 0.731445 0.829427 0.731445 0.832031 0.730469 0.833333 0.730469 0.838542 0.729492 0.839844 0.729492 0.843750 0.728516 0.845052 0.728516 0.848958 0.727539 0.850260 0.727539 0.852865 0.726562 0.854167 0.726562 0.855469 0.724609 0.858073 0.723633 0.861979 0.727539 0.868490 0.731445 0.868490 0.732422 0.869792 0.735352 0.869792 0.738281 0.872396 0.743164 0.872396 0.746094 0.868490 0.747070 0.868490 0.748047 0.867188 0.750000 0.867188 0.753906 0.861979 0.753906 0.860677 0.754883 0.859375 0.754883 0.850260 0.751953 0.846354 0.751953 0.845052 0.750000 0.842448 0.749023 0.838542 0.744141 0.832031 0.743164 0.832031 0.739258 0.826823
0 0.771484 0.808594 0.769531 0.808594 0.768555 0.809896 0.764648 0.809896 0.763672 0.811198 0.762695 0.811198 0.760742 0.813802 0.751953 0.813802 0.750977 0.815104 0.750977 0.820312 0.750000 0.821615 0.750000 0.824219 0.749023 0.825521 0.749023 0.829427 0.750000 0.830729 0.750000 0.839844 0.750977 0.841146 0.750977 0.842448 0.753906 0.846354 0.754883 0.846354 0.755859 0.847656 0.759766 0.847656 0.760742 0.848958 0.770508 0.848958 0.771484 0.847656 0.774414 0.847656 0.778320 0.841146 0.778320 0.838542 0.779297 0.837240 0.779297 0.832031 0.780273 0.830729 0.780273 0.829427 0.779297 0.828125 0.779297 0.824219 0.778320 0.822917 0.777344 0.819010 0.772461 0.813802 0.772461 0.809896
0 0.791016 0.846354 0.790039 0.845052 0.790039 0.843750 0.789062 0.842448 0.789062 0.841146 0.787109 0.838542 0.787109 0.837240 0.784180 0.833333 0.783203 0.833333 0.782227 0.832031 0.780273 0.834635 0.780273 0.837240 0.779297 0.838542 0.779297 0.839844 0.778320 0.841146 0.778320 0.842448 0.776367 0.845052 0.776367 0.846354 0.774414 0.848958 0.771484 0.848958 0.770508 0.850260 0.758789 0.850260 0.757812 0.851562 0.757812 0.856771 0.759766 0.859375 0.760742 0.859375 0.764648 0.864583 0.765625 0.864583 0.766602 0.865885 0.785156 0.865885 0.786133 0.864583 0.787109 0.864583 0.787109 0.863281 0.788086 0.861979 0.788086 0.860677 0.790039 0.856771 0.790039 0.854167 0.791016 0.852865
0 0.791016 0.795573 0.786133 0.799479 0.784180 0.799479 0.783203 0.800781 0.781250 0.800781 0.780273 0.802083 0.779297 0.802083 0.778320 0.803385 0.778320 0.805990 0.777344 0.807292 0.777344 0.808594 0.778320 0.809896 0.778320 0.812500 0.779297 0.813802 0.779297 0.820312 0.780273 0.821615 0.780273 0.822917 0.782227 0.825521 0.782227 0.826823 0.784180 0.829427 0.785156 0.833333 0.787109 0.835938 0.787109 0.837240 0.789062 0.839844 0.789062 0.841146 0.791992 0.845052 0.797852 0.845052 0.798828 0.843750 0.799805 0.843750 0.800781 0.842448 0.803711 0.841146 0.806641 0.837240 0.806641 0.822917 0.807617 0.821615 0.807617 0.819010 0.806641 0.817708 0.806641 0.812500 0.804688 0.809896 0.803711 0.805990 0.800781 0.802083 0.800781 0.800781 0.798828 0.798177 0.797852 0.798177 0.796875 0.796875 0.791992 0.796875
0 0.817383 0.778646 0.815430 0.781250 0.813477 0.781250 0.812500 0.782552 0.810547 0.782552 0.809570 0.783854 0.809570 0.786458 0.802734 0.795573 0.802734 0.799479 0.804688 0.802083 0.804688 0.803385 0.806641 0.807292 0.806641 0.809896 0.807617 0.811198 0.807617 0.813802 0.808594 0.815104 0.808594 0.820312 0.811523 0.824219 0.817383 0.824219 0.818359 0.822917 0.819336 0.824219 0.826172 0.824219 0.832031 0.816406 0.833008 0.816406 0.833984 0.815104 0.833984 0.803385 0.833008 0.802083 0.833008 0.798177 0.832031 0.796875 0.832031 0.794271 0.831055 0.792969 0.831055 0.791667 0.829102 0.789062 0.829102 0.786458 0.828125 0.785156 0.827148 0.785156 0.826172 0.783854 0.820312 0.783854 0.819336 0.782552 0.819336 0.778646
0 0.764648 0.751302 0.763672 0.752604 0.763672 0.760417 0.762695 0.761719 0.762695 0.763021 0.763672 0.764323 0.763672 0.768229 0.765625 0.770833 0.765625 0.774740 0.766602 0.776042 0.766602 0.779948 0.767578 0.781250 0.767578 0.782552 0.769531 0.785156 0.769531 0.787760 0.770508 0.789062 0.770508 0.790365 0.774414 0.795573 0.776367 0.795573 0.777344 0.796875 0.782227 0.796875 0.783203 0.795573 0.785156 0.795573 0.786133 0.794271 0.787109 0.794271 0.788086 0.792969 0.792969 0.790365 0.796875 0.785156 0.796875 0.783854 0.797852 0.782552 0.797852 0.779948 0.798828 0.778646 0.798828 0.764323 0.797852 0.763021 0.797852 0.761719 0.793945 0.756510 0.791016 0.756510 0.790039 0.755208 0.785156 0.755208 0.784180 0.756510 0.776367 0.756510 0.772461 0.751302 0.772461 0.750000 0.771484 0.748698 0.769531 0.748698 0.768555 0.750000 0.766602 0.750000 0.765625 0.751302
0 0.719727 0.779948 0.715820 0.785156 0.714844 0.785156 0.714844 0.786458 0.712891 0.790365 0.710938 0.790365 0.708984 0.792969 0.708984 0.796875 0.708008 0.798177 0.708984 0.799479 0.708984 0.803385 0.709961 0.804688 0.709961 0.808594 0.710938 0.809896 0.710938 0.811198 0.716797 0.819010 0.718750 0.819010 0.719727 0.820312 0.728516 0.820312 0.729492 0.821615 0.732422 0.821615 0.733398 0.820312 0.733398 0.819010 0.736328 0.815104 0.736328 0.813802 0.738281 0.809896 0.738281 0.804688 0.739258 0.803385 0.739258 0.790365 0.738281 0.789062 0.738281 0.787760 0.736328 0.785156 0.736328 0.783854 0.726562 0.783854 0.723633 0.781250 0.721680 0.781250 0.720703 0.779948
0 0.662109 0.726562 0.656250 0.726562 0.655273 0.727865 0.652344 0.727865 0.651367 0.729167 0.650391 0.729167 0.647461 0.733073 0.646484 0.733073 0.645508 0.734375 0.644531 0.734375 0.643555 0.735677 0.640625 0.736979 0.638672 0.739583 0.634766 0.739583 0.634766 0.747396 0.635742 0.748698 0.635742 0.750000 0.636719 0.751302 0.636719 0.752604 0.637695 0.753906 0.638672 0.757812 0.645508 0.766927 0.645508 0.768229 0.646484 0.769531 0.652344 0.769531 0.653320 0.768229 0.654297 0.768229 0.657227 0.764323 0.658203 0.764323 0.661133 0.760417 0.662109 0.760417 0.666992 0.753906 0.667969 0.753906 0.669922 0.751302 0.669922 0.750000 0.670898 0.748698 0.670898 0.744792 0.669922 0.743490 0.669922 0.740885 0.668945 0.739583 0.667969 0.735677 0.666016 0.733073 0.666016 0.731771
0 0.680664 0.755208 0.678711 0.755208 0.677734 0.753906 0.675781 0.753906 0.674805 0.752604 0.672852 0.752604 0.671875 0.753906 0.670898 0.753906 0.662109 0.765625 0.661133 0.765625 0.658203 0.769531 0.657227 0.769531 0.655273 0.772135 0.655273 0.773438 0.653320 0.777344 0.653320 0.778646 0.654297 0.779948 0.654297 0.783854 0.656250 0.786458 0.657227 0.786458 0.658203 0.787760 0.659180 0.791667 0.660156 0.791667 0.661133 0.792969 0.665039 0.792969 0.666016 0.794271 0.667969 0.794271 0.668945 0.795573 0.670898 0.795573 0.671875 0.794271 0.672852 0.794271 0.674805 0.791667 0.674805 0.790365 0.675781 0.789062 0.676758 0.789062 0.678711 0.786458 0.679688 0.786458 0.680664 0.785156 0.681641 0.785156 0.682617 0.783854 0.683594 0.783854 0.686523 0.781250 0.686523 0.779948 0.687500 0.778646 0.687500 0.769531 0.686523 0.768229 0.686523 0.765625 0.685547 0.764323 0.684570 0.760417
0 0.666016 0.700521 0.662109 0.708333 0.662109 0.721354 0.665039 0.725260 0.666016 0.729167 0.671875 0.736979 0.672852 0.736979 0.675781 0.740885 0.675781 0.742188 0.679688 0.747396 0.679688 0.748698 0.680664 0.750000 0.685547 0.750000 0.686523 0.748698 0.687500 0.748698 0.689453 0.746094 0.689453 0.744792 0.690430 0.743490 0.690430 0.740885 0.691406 0.739583 0.691406 0.733073 0.692383 0.731771 0.692383 0.718750 0.691406 0.717448 0.691406 0.714844 0.690430 0.713542 0.690430 0.704427 0.688477 0.704427 0.687500 0.703125 0.671875 0.703125 0.668945 0.700521
0 0.699219 0.731771 0.698242 0.733073 0.697266 0.733073 0.694336 0.736979 0.694336 0.738281 0.693359 0.739583 0.693359 0.742188 0.692383 0.743490 0.692383 0.746094 0.691406 0.747396 0.691406 0.751302 0.690430 0.752604 0.690430 0.759115 0.689453 0.760417 0.689453 0.764323 0.688477 0.765625 0.688477 0.768229 0.689453 0.769531 0.690430 0.773438 0.691406 0.773438 0.694336 0.776042 0.696289 0.776042 0.697266 0.777344 0.702148 0.777344 0.703125 0.776042 0.705078 0.776042 0.706055 0.774740 0.707031 0.774740 0.708008 0.773438 0.708008 0.772135 0.715820 0.761719 0.715820 0.760417 0.717773 0.756510 0.717773 0.751302 0.716797 0.750000 0.716797 0.747396 0.715820 0.746094 0.715820 0.744792 0.714844 0.743490 0.714844 0.740885 0.713867 0.739583 0.710938 0.738281 0.708984 0.735677 0.708008 0.735677 0.707031 0.734375 0.706055 0.734375 0.703125 0.731771
0 0.661133 0.667969 0.660156 0.671875 0.658203 0.674479 0.659180 0.675781 0.659180 0.680990 0.660156 0.682292 0.660156 0.684896 0.662109 0.687500 0.663086 0.691406 0.666992 0.696615 0.667969 0.696615 0.668945 0.697917 0.670898 0.697917 0.671875 0.699219 0.674805 0.699219 0.675781 0.700521 0.681641 0.700521 0.682617 0.699219 0.685547 0.699219 0.686523 0.697917 0.689453 0.696615 0.690430 0.695312 0.690430 0.694010 0.693359 0.691406 0.695312 0.683594 0.693359 0.680990 0.693359 0.679688 0.692383 0.678385 0.692383 0.677083 0.691406 0.675781 0.690430 0.671875 0.688477 0.669271 0.687500 0.665365 0.686523 0.665365 0.685547 0.664062 0.683594 0.664062 0.682617 0.662760 0.676758 0.662760 0.675781 0.664062 0.673828 0.664062 0.670898 0.666667 0.665039 0.666667 0.664062 0.667969
0 0.708008 0.636719 0.704102 0.636719 0.704102 0.640625 0.703125 0.641927 0.703125 0.643229 0.701172 0.645833 0.698242 0.647135 0.695312 0.651042 0.694336 0.651042 0.691406 0.654948 0.691406 0.656250 0.689453 0.658854 0.689453 0.667969 0.690430 0.669271 0.690430 0.670573 0.691406 0.671875 0.691406 0.673177 0.692383 0.674479 0.692383 0.675781 0.693359 0.677083 0.694336 0.680990 0.696289 0.683594 0.696289 0.684896 0.699219 0.687500 0.702148 0.687500 0.703125 0.686198 0.706055 0.686198 0.707031 0.684896 0.708984 0.684896 0.709961 0.683594 0.711914 0.683594 0.712891 0.682292 0.713867 0.682292 0.715820 0.679688 0.716797 0.679688 0.718750 0.677083 0.718750 0.675781 0.719727 0.674479 0.719727 0.665365 0.720703 0.664062 0.719727 0.662760 0.719727 0.654948 0.718750 0.653646 0.718750 0.647135 0.712891 0.639323 0.711914 0.639323 0.710938 0.638021 0.708984 0.638021
0 0.723633 0.640625 0.721680 0.643229 0.721680 0.644531 0.720703 0.645833 0.720703 0.651042 0.721680 0.652344 0.721680 0.654948 0.720703 0.656250 0.720703 0.661458 0.721680 0.662760 0.721680 0.675781 0.724609 0.679688 0.725586 0.679688 0.727539 0.682292 0.741211 0.682292 0.744141 0.678385 0.744141 0.675781 0.748047 0.667969 0.747070 0.666667 0.747070 0.664062 0.746094 0.662760 0.746094 0.661458 0.744141 0.658854 0.744141 0.656250 0.742188 0.652344 0.742188 0.649740 0.741211 0.648438 0.741211 0.647135 0.740234 0.647135 0.738281 0.644531 0.737305 0.644531 0.735352 0.641927 0.734375 0.641927 0.733398 0.640625 0.729492 0.640625 0.728516 0.641927 0.726562 0.641927 0.725586 0.640625
0 0.711914 0.686198 0.710938 0.687500 0.707031 0.687500 0.706055 0.688802 0.704102 0.688802 0.703125 0.690104 0.702148 0.690104 0.699219 0.694010 0.699219 0.695312 0.694336 0.701823 0.694336 0.703125 0.693359 0.704427 0.693359 0.717448 0.695312 0.720052 0.695312 0.721354 0.696289 0.721354 0.701172 0.727865 0.702148 0.727865 0.705078 0.730469 0.708008 0.730469 0.708984 0.731771 0.709961 0.731771 0.712891 0.734375 0.714844 0.734375 0.715820 0.735677 0.716797 0.734375 0.719727 0.733073 0.723633 0.726562 0.723633 0.723958 0.724609 0.722656 0.724609 0.718750 0.725586 0.717448 0.725586 0.705729 0.724609 0.704427 0.724609 0.700521 0.723633 0.699219 0.723633 0.696615 0.722656 0.695312 0.721680 0.691406 0.719727 0.688802 0.718750 0.688802 0.717773 0.687500 0.712891 0.687500
0 0.728516 0.690104 0.725586 0.694010 0.725586 0.700521 0.726562 0.701823 0.726562 0.718750 0.725586 0.720052 0.725586 0.721354 0.726562 0.722656 0.726562 0.725260 0.727539 0.726562 0.728516 0.726562 0.730469 0.729167 0.741211 0.729167 0.742188 0.727865 0.746094 0.727865 0.747070 0.726562 0.748047 0.726562 0.751953 0.721354 0.751953 0.720052 0.752930 0.718750 0.752930 0.703125 0.751953 0.701823 0.750977 0.697917 0.749023 0.695312 0.749023 0.694010 0.748047 0.694010 0.747070 0.692708 0.746094 0.692708 0.745117 0.691406 0.744141 0.691406 0.743164 0.690104 0.742188 0.690104 0.739258 0.687500 0.733398 0.687500 0.732422 0.688802 0.730469 0.688802 0.729492 0.690104
0 0.731445 0.731771 0.730469 0.733073 0.730469 0.734375 0.729492 0.735677 0.729492 0.736979 0.727539 0.740885 0.727539 0.747396 0.728516 0.748698 0.728516 0.751302 0.734375 0.759115 0.735352 0.759115 0.736328 0.760417 0.737305 0.760417 0.741211 0.766927 0.742188 0.766927 0.743164 0.768229 0.744141 0.768229 0.745117 0.766927 0.748047 0.766927 0.749023 0.765625 0.750000 0.765625 0.750977 0.764323 0.751953 0.764323 0.752930 0.763021 0.753906 0.763021 0.754883 0.761719 0.755859 0.761719 0.756836 0.760417 0.757812 0.760417 0.757812 0.759115 0.758789 0.757812 0.758789 0.755208 0.759766 0.753906 0.759766 0.743490 0.758789 0.742188 0.758789 0.740885 0.756836 0.738281 0.756836 0.736979 0.754883 0.734375 0.753906 0.734375 0.752930 0.733073 0.751953 0.733073 0.749023 0.729167 0.742188 0.729167 0.741211 0.730469 0.737305 0.730469 0.736328 0.731771
0 0.771484 0.720052 0.770508 0.721354 0.770508 0.725260 0.769531 0.726562 0.769531 0.727865 0.768555 0.729167 0.768555 0.731771 0.767578 0.733073 0.767578 0.736979 0.768555 0.738281 0.768555 0.742188 0.771484 0.746094 0.771484 0.747396 0.774414 0.751302 0.774414 0.752604 0.777344 0.755208 0.783203 0.755208 0.784180 0.753906 0.793945 0.753906 0.795898 0.751302 0.795898 0.744792 0.796875 0.743490 0.796875 0.740885 0.797852 0.739583 0.797852 0.727865 0.796875 0.726562 0.796875 0.725260 0.794922 0.722656 0.794922 0.721354 0.793945 0.721354 0.792969 0.720052 0.784180 0.720052 0.783203 0.718750 0.776367 0.718750 0.775391 0.720052
0 0.799805 0.736979 0.799805 0.738281 0.797852 0.742188 0.797852 0.750000 0.810547 0.766927 0.811523 0.766927 0.818359 0.772135 0.821289 0.772135 0.822266 0.773438 0.830078 0.773438 0.831055 0.772135 0.833984 0.770833 0.835938 0.768229 0.835938 0.766927 0.836914 0.765625 0.836914 0.757812 0.833008 0.751302 0.833008 0.747396 0.832031 0.746094 0.832031 0.743490 0.831055 0.742188 0.831055 0.739583 0.830078 0.738281 0.830078 0.735677 0.828125 0.731771 0.823242 0.729167 0.821289 0.726562 0.820312 0.727865 0.817383 0.727865 0.816406 0.729167 0.814453 0.729167 0.809570 0.733073 0.803711 0.733073 0.802734 0.734375 0.801758 0.734375
0 0.786133 0.674479 0.783203 0.677083 0.781250 0.677083 0.779297 0.679688 0.778320 0.679688 0.777344 0.680990 0.774414 0.682292 0.771484 0.686198 0.770508 0.686198 0.768555 0.688802 0.768555 0.694010 0.769531 0.695312 0.769531 0.696615 0.770508 0.697917 0.770508 0.700521 0.772461 0.703125 0.772461 0.704427 0.781250 0.716146 0.782227 0.716146 0.785156 0.718750 0.791016 0.718750 0.791992 0.717448 0.793945 0.717448 0.799805 0.709635 0.799805 0.708333 0.802734 0.704427 0.802734 0.696615 0.801758 0.695312 0.801758 0.694010 0.799805 0.690104 0.799805 0.687500 0.798828 0.686198 0.798828 0.680990 0.794922 0.675781 0.793945 0.675781 0.792969 0.674479
0 0.711914 0.589844 0.708008 0.589844 0.706055 0.592448 0.702148 0.592448 0.701172 0.591146 0.700195 0.591146 0.700195 0.592448 0.698242 0.596354 0.698242 0.600260 0.696289 0.602865 0.695312 0.602865 0.692383 0.605469 0.690430 0.605469 0.689453 0.604167 0.689453 0.610677 0.690430 0.611979 0.690430 0.613281 0.691406 0.614583 0.691406 0.615885 0.692383 0.617188 0.693359 0.621094 0.698242 0.627604 0.699219 0.627604 0.702148 0.630208 0.709961 0.630208 0.710938 0.628906 0.716797 0.628906 0.717773 0.627604 0.720703 0.626302 0.720703 0.625000 0.725586 0.618490 0.725586 0.614583 0.724609 0.613281 0.724609 0.610677 0.723633 0.609375 0.723633 0.608073 0.722656 0.606771 0.721680 0.602865 0.719727 0.600260 0.719727 0.598958 0.713867 0.591146 0.712891 0.591146
0 0.766602 0.625000 0.766602 0.626302 0.764648 0.630208 0.763672 0.630208 0.762695 0.631510 0.760742 0.631510 0.759766 0.632812 0.758789 0.632812 0.756836 0.630208 0.755859 0.630208 0.750977 0.626302 0.747070 0.626302 0.746094 0.627604 0.746094 0.628906 0.744141 0.631510 0.740234 0.631510 0.739258 0.632812 0.739258 0.634115 0.736328 0.638021 0.738281 0.640625 0.738281 0.641927 0.739258 0.641927 0.741211 0.644531 0.741211 0.645833 0.743164 0.649740 0.743164 0.653646 0.744141 0.654948 0.744141 0.656250 0.746094 0.658854 0.746094 0.660156 0.748047 0.662760 0.749023 0.662760 0.750000 0.664062 0.760742 0.664062 0.763672 0.661458 0.768555 0.661458 0.769531 0.662760 0.772461 0.662760 0.773438 0.661458 0.774414 0.661458 0.774414 0.660156 0.775391 0.658854 0.775391 0.656250 0.777344 0.652344 0.776367 0.651042 0.776367 0.643229 0.775391 0.641927 0.774414 0.638021 0.771484 0.634115 0.771484 0.632812 0.770508 0.632812 0.768555 0.630208 0.768555 0.628906
0 0.791016 0.596354 0.791016 0.600260 0.789062 0.602865 0.788086 0.602865 0.785156 0.605469 0.783203 0.605469 0.783203 0.609375 0.784180 0.610677 0.781250 0.617188 0.780273 0.623698 0.778320 0.626302 0.776367 0.626302 0.775391 0.625000 0.772461 0.627604 0.774414 0.630208 0.774414 0.632812 0.778320 0.638021 0.778320 0.639323 0.784180 0.647135 0.785156 0.647135 0.788086 0.649740 0.798828 0.649740 0.799805 0.648438 0.803711 0.648438 0.804688 0.647135 0.806641 0.647135 0.808594 0.644531 0.809570 0.644531 0.813477 0.639323 0.813477 0.634115 0.812500 0.632812 0.812500 0.631510 0.809570 0.627604 0.806641 0.618490 0.803711 0.614583 0.801758 0.608073 0.793945 0.598958 0.791992 0.598958 0.791016 0.597656
0 0.813477 0.643229 0.803711 0.656250 0.803711 0.657552 0.798828 0.664062 0.798828 0.669271 0.801758 0.673177 0.801758 0.674479 0.802734 0.674479 0.803711 0.675781 0.805664 0.675781 0.806641 0.677083 0.810547 0.677083 0.813477 0.679688 0.817383 0.679688 0.821289 0.674479 0.821289 0.673177 0.822266 0.671875 0.823242 0.671875 0.823242 0.670573 0.826172 0.666667 0.826172 0.665365 0.831055 0.658854 0.831055 0.657552 0.830078 0.656250 0.830078 0.653646 0.827148 0.649740 0.826172 0.649740 0.825195 0.648438 0.824219 0.648438 0.823242 0.647135 0.822266 0.647135 0.821289 0.645833 0.820312 0.645833 0.817383 0.643229
0 0.880859 0.839844 0.880859 0.842448 0.878906 0.846354 0.878906 0.848958 0.879883 0.850260 0.879883 0.852865 0.880859 0.854167 0.880859 0.855469 0.881836 0.856771 0.881836 0.858073 0.883789 0.860677 0.883789 0.861979 0.884766 0.861979 0.887695 0.865885 0.888672 0.865885 0.891602 0.868490 0.893555 0.868490 0.894531 0.869792 0.903320 0.869792 0.903320 0.868490 0.904297 0.867188 0.904297 0.865885 0.905273 0.864583 0.905273 0.863281 0.906250 0.861979 0.906250 0.860677 0.907227 0.859375 0.907227 0.858073 0.909180 0.854167 0.909180 0.848958 0.908203 0.847656 0.908203 0.843750 0.907227 0.842448 0.907227 0.839844 0.903320 0.834635 0.901367 0.834635 0.900391 0.833333 0.898438 0.833333 0.895508 0.835938 0.894531 0.834635 0.887695 0.834635 0.886719 0.835938 0.884766 0.835938 0.881836 0.839844
0 0.819336 0.700521 0.819336 0.704427 0.816406 0.708333 0.816406 0.716146 0.819336 0.720052 0.819336 0.721354 0.822266 0.725260 0.823242 0.725260 0.824219 0.726562 0.825195 0.726562 0.827148 0.729167 0.828125 0.729167 0.832031 0.734375 0.832031 0.735677 0.833008 0.736979 0.835938 0.736979 0.836914 0.735677 0.838867 0.735677 0.841797 0.733073 0.843750 0.733073 0.845703 0.730469 0.845703 0.723958 0.846680 0.722656 0.846680 0.709635 0.845703 0.708333 0.845703 0.707031 0.842773 0.703125 0.841797 0.703125 0.838867 0.700521 0.836914 0.700521 0.835938 0.699219 0.831055 0.699219 0.830078 0.697917 0.827148 0.697917 0.826172 0.696615 0.825195 0.696615 0.824219 0.697917 0.823242 0.697917 0.822266 0.699219 0.821289 0.699219 0.820312 0.700521
0 0.888672 0.716146 0.887695 0.716146 0.884766 0.720052 0.883789 0.720052 0.882812 0.721354 0.883789 0.725260 0.881836 0.727865 0.880859 0.727865 0.879883 0.729167 0.877930 0.729167 0.876953 0.727865 0.875977 0.729167 0.875000 0.729167 0.875000 0.733073 0.877930 0.739583 0.877930 0.744792 0.878906 0.746094 0.878906 0.747396 0.875977 0.751302 0.875977 0.756510 0.877930 0.759115 0.878906 0.759115 0.880859 0.763021 0.881836 0.763021 0.884766 0.765625 0.890625 0.765625 0.891602 0.764323 0.892578 0.764323 0.895508 0.760417 0.895508 0.759115 0.897461 0.756510 0.897461 0.755208 0.899414 0.752604 0.899414 0.751302 0.901367 0.748698 0.901367 0.747396 0.905273 0.742188 0.905273 0.738281 0.906250 0.736979 0.905273 0.735677 0.905273 0.733073 0.900391 0.726562 0.899414 0.726562 0.897461 0.723958 0.896484 0.723958 0.894531 0.721354 0.893555 0.721354
0 0.861328 0.683594 0.858398 0.686198 0.857422 0.690104 0.855469 0.692708 0.854492 0.696615 0.852539 0.699219 0.852539 0.701823 0.851562 0.703125 0.851562 0.708333 0.850586 0.709635 0.850586 0.710938 0.851562 0.712240 0.854492 0.713542 0.856445 0.716146 0.857422 0.716146 0.858398 0.717448 0.861328 0.718750 0.864258 0.722656 0.865234 0.722656 0.866211 0.723958 0.871094 0.723958 0.873047 0.721354 0.874023 0.721354 0.875000 0.720052 0.877930 0.718750 0.879883 0.716146 0.882812 0.714844 0.884766 0.712240 0.884766 0.699219 0.883789 0.697917 0.882812 0.694010 0.877930 0.688802 0.876953 0.688802 0.875977 0.687500 0.874023 0.687500 0.873047 0.686198 0.871094 0.686198 0.870117 0.684896 0.867188 0.684896 0.866211 0.683594
0 0.827148 0.667969 0.827148 0.669271 0.825195 0.673177 0.825195 0.687500 0.824219 0.688802 0.825195 0.690104 0.826172 0.690104 0.829102 0.694010 0.830078 0.694010 0.832031 0.696615 0.833008 0.696615 0.833984 0.697917 0.845703 0.697917 0.846680 0.696615 0.847656 0.696615 0.849609 0.694010 0.851562 0.694010 0.856445 0.687500 0.856445 0.683594 0.858398 0.679688 0.857422 0.678385 0.853516 0.678385 0.852539 0.677083 0.851562 0.677083 0.843750 0.666667 0.842773 0.666667 0.841797 0.665365 0.840820 0.665365 0.837891 0.662760 0.835938 0.662760 0.834961 0.661458 0.833008 0.661458 0.832031 0.662760 0.831055 0.662760
0 0.845703 0.651042 0.845703 0.652344 0.844727 0.653646 0.844727 0.658854 0.843750 0.660156 0.843750 0.664062 0.849609 0.671875 0.849609 0.673177 0.850586 0.673177 0.851562 0.674479 0.853516 0.674479 0.854492 0.675781 0.857422 0.675781 0.861328 0.679688 0.862305 0.679688 0.863281 0.680990 0.865234 0.680990 0.866211 0.682292 0.867188 0.682292 0.870117 0.684896 0.872070 0.684896 0.873047 0.686198 0.877930 0.686198 0.878906 0.687500 0.880859 0.687500 0.882812 0.684896 0.882812 0.682292 0.883789 0.680990 0.883789 0.678385 0.884766 0.677083 0.885742 0.673177 0.889648 0.667969 0.888672 0.661458 0.884766 0.656250 0.884766 0.654948 0.882812 0.652344 0.882812 0.651042 0.879883 0.647135 0.877930 0.640625 0.875000 0.636719 0.871094 0.636719 0.870117 0.635417 0.868164 0.635417 0.867188 0.636719 0.862305 0.639323 0.860352 0.641927 0.857422 0.641927 0.856445 0.643229 0.854492 0.643229 0.853516 0.644531 0.851562 0.644531 0.850586 0.645833 0.849609 0.645833
0 0.845703 0.585938 0.847656 0.588542 0.847656 0.591146 0.844727 0.595052 0.844727 0.602865 0.843750 0.604167 0.843750 0.617188 0.840820 0.621094 0.840820 0.623698 0.842773 0.626302 0.842773 0.627604 0.843750 0.628906 0.843750 0.631510 0.844727 0.632812 0.844727 0.635417 0.847656 0.638021 0.851562 0.638021 0.852539 0.636719 0.863281 0.636719 0.864258 0.635417 0.867188 0.635417 0.868164 0.634115 0.869141 0.634115 0.872070 0.627604 0.872070 0.622396 0.871094 0.621094 0.871094 0.618490 0.870117 0.617188 0.870117 0.615885 0.868164 0.613281 0.868164 0.611979 0.865234 0.608073 0.865234 0.606771 0.864258 0.605469 0.864258 0.601562 0.863281 0.600260 0.863281 0.598958 0.861328 0.596354 0.861328 0.595052 0.860352 0.595052 0.857422 0.591146 0.857422 0.589844 0.856445 0.588542 0.855469 0.588542 0.853516 0.585938
0 0.909180 0.604167 0.906250 0.604167 0.905273 0.605469 0.903320 0.605469 0.902344 0.606771 0.900391 0.606771 0.899414 0.608073 0.897461 0.608073 0.897461 0.609375 0.894531 0.613281 0.892578 0.613281 0.891602 0.614583 0.890625 0.614583 0.888672 0.617188 0.887695 0.617188 0.886719 0.618490 0.885742 0.618490 0.884766 0.619792 0.883789 0.619792 0.882812 0.621094 0.879883 0.622396 0.876953 0.626302 0.876953 0.632812 0.877930 0.634115 0.877930 0.636719 0.879883 0.639323 0.879883 0.640625 0.880859 0.641927 0.880859 0.644531 0.881836 0.645833 0.881836 0.647135 0.883789 0.649740 0.886719 0.649740 0.887695 0.648438 0.888672 0.648438 0.891602 0.652344 0.892578 0.652344 0.895508 0.649740 0.897461 0.649740 0.898438 0.648438 0.900391 0.648438 0.901367 0.647135 0.903320 0.647135 0.907227 0.641927 0.907227 0.640625 0.909180 0.636719 0.909180 0.634115 0.910156 0.632812 0.910156 0.605469
0 0.879883 0.552083 0.875977 0.557292 0.875977 0.559896 0.875000 0.561198 0.875000 0.562500 0.870117 0.569010 0.870117 0.578125 0.871094 0.579427 0.871094 0.580729 0.873047 0.583333 0.875000 0.583333 0.882812 0.593750 0.883789 0.593750 0.884766 0.595052 0.889648 0.595052 0.890625 0.593750 0.894531 0.593750 0.895508 0.592448 0.897461 0.592448 0.898438 0.591146 0.900391 0.591146 0.902344 0.588542 0.903320 0.588542 0.907227 0.583333 0.907227 0.582031 0.908203 0.580729 0.908203 0.574219 0.907227 0.572917 0.906250 0.569010 0.902344 0.563802 0.902344 0.562500 0.901367 0.561198 0.900391 0.557292 0.897461 0.553385 0.896484 0.553385 0.893555 0.549479 0.892578 0.549479 0.891602 0.548177 0.885742 0.548177 0.884766 0.549479 0.883789 0.549479 0.882812 0.550781
0 0.887695 0.484375 0.886719 0.485677 0.886719 0.488281 0.890625 0.492188 0.889648 0.493490 0.886719 0.494792 0.885742 0.498698 0.882812 0.502604 0.882812 0.503906 0.881836 0.505208 0.881836 0.510417 0.882812 0.511719 0.882812 0.513021 0.885742 0.516927 0.885742 0.518229 0.887695 0.520833 0.887695 0.522135 0.889648 0.524740 0.892578 0.533854 0.895508 0.537760 0.897461 0.537760 0.901367 0.541667 0.905273 0.541667 0.910156 0.537760 0.910156 0.536458 0.912109 0.532552 0.912109 0.529948 0.916016 0.524740 0.916992 0.524740 0.917969 0.523438 0.919922 0.523438 0.920898 0.522135 0.920898 0.519531 0.921875 0.518229 0.921875 0.516927 0.920898 0.515625 0.920898 0.513021 0.917969 0.506510 0.917969 0.502604 0.916992 0.501302 0.915039 0.494792 0.912109 0.490885 0.911133 0.490885 0.906250 0.486979 0.903320 0.486979 0.902344 0.485677 0.893555 0.485677 0.892578 0.484375
0 0.842773 0.506510 0.840820 0.506510 0.839844 0.505208 0.833008 0.505208 0.830078 0.507812 0.827148 0.507812 0.826172 0.506510 0.820312 0.510417 0.820312 0.511719 0.817383 0.515625 0.816406 0.518229 0.816406 0.527344 0.820312 0.533854 0.820312 0.536458 0.823242 0.544271 0.822266 0.545573 0.820312 0.545573 0.814453 0.541667 0.813477 0.541667 0.812500 0.544271 0.815430 0.545573 0.817383 0.549479 0.819336 0.549479 0.824219 0.555990 0.824219 0.557292 0.826172 0.559896 0.829102 0.557292 0.831055 0.558594 0.834961 0.558594 0.836914 0.557292 0.837891 0.554688 0.840820 0.550781 0.842773 0.550781 0.844727 0.549479 0.849609 0.542969 0.851562 0.537760 0.851562 0.529948 0.852539 0.528646 0.851562 0.527344 0.851562 0.524740 0.849609 0.520833 0.849609 0.518229 0.846680 0.514323 0.845703 0.510417
0 0.853516 0.528646 0.852539 0.529948 0.852539 0.532552 0.851562 0.533854 0.851562 0.539062 0.850586 0.540365 0.850586 0.541667 0.844727 0.550781 0.843750 0.550781 0.842773 0.552083 0.839844 0.553385 0.839844 0.554688 0.837891 0.557292 0.837891 0.558594 0.836914 0.559896 0.837891 0.561198 0.837891 0.563802 0.838867 0.563802 0.839844 0.565104 0.841797 0.565104 0.842773 0.566406 0.845703 0.567708 0.847656 0.570312 0.848633 0.570312 0.849609 0.571615 0.851562 0.571615 0.856445 0.575521 0.859375 0.575521 0.863281 0.570312 0.869141 0.567708 0.874023 0.561198 0.874023 0.559896 0.875000 0.558594 0.875000 0.552083 0.874023 0.550781 0.874023 0.544271 0.871094 0.540365 0.871094 0.539062 0.870117 0.537760 0.869141 0.537760 0.868164 0.536458 0.867188 0.536458 0.866211 0.535156 0.865234 0.535156 0.864258 0.533854 0.863281 0.533854 0.858398 0.529948 0.854492 0.529948
0 0.816406 0.479167 0.816406 0.480469 0.814453 0.484375 0.814453 0.486979 0.819336 0.493490 0.819336 0.494792 0.820312 0.496094 0.821289 0.496094 0.822266 0.497396 0.824219 0.497396 0.825195 0.498698 0.827148 0.498698 0.832031 0.502604 0.837891 0.502604 0.838867 0.503906 0.845703 0.503906 0.846680 0.502604 0.847656 0.502604 0.856445 0.490885 0.856445 0.489583 0.857422 0.488281 0.857422 0.483073 0.858398 0.481771 0.856445 0.479167 0.855469 0.479167 0.852539 0.475260 0.851562 0.475260 0.847656 0.470052 0.845703 0.470052 0.844727 0.468750 0.843750 0.468750 0.841797 0.466146 0.840820 0.466146 0.837891 0.463542 0.834961 0.464844 0.833008 0.467448 0.831055 0.467448 0.830078 0.468750 0.825195 0.468750 0.824219 0.470052 0.823242 0.470052
0 0.793945 0.540365 0.792969 0.540365 0.791016 0.537760 0.790039 0.537760 0.789062 0.539062 0.788086 0.539062 0.786133 0.541667 0.786133 0.544271 0.784180 0.546875 0.783203 0.546875 0.780273 0.549479 0.773438 0.549479 0.772461 0.550781 0.770508 0.550781 0.769531 0.552083 0.768555 0.555990 0.769531 0.557292 0.769531 0.563802 0.770508 0.565104 0.770508 0.570312 0.771484 0.571615 0.771484 0.572917 0.773438 0.575521 0.774414 0.575521 0.775391 0.576823 0.777344 0.576823 0.778320 0.578125 0.781250 0.578125 0.782227 0.579427 0.785156 0.579427 0.786133 0.578125 0.789062 0.578125 0.790039 0.576823 0.792969 0.575521 0.795898 0.571615 0.795898 0.570312 0.796875 0.569010 0.796875 0.565104 0.798828 0.561198 0.798828 0.557292 0.799805 0.555990 0.799805 0.552083 0.798828 0.550781 0.798828 0.548177 0.795898 0.544271 0.795898 0.542969
0 0.746094 0.540365 0.744141 0.542969 0.744141 0.545573 0.743164 0.546875 0.743164 0.549479 0.741211 0.552083 0.741211 0.553385 0.738281 0.557292 0.737305 0.557292 0.736328 0.558594 0.736328 0.566406 0.737305 0.567708 0.737305 0.569010 0.743164 0.576823 0.745117 0.576823 0.746094 0.578125 0.749023 0.578125 0.750000 0.579427 0.765625 0.579427 0.766602 0.578125 0.767578 0.578125 0.767578 0.576823 0.769531 0.574219 0.769531 0.563802 0.768555 0.562500 0.768555 0.559896 0.767578 0.558594 0.766602 0.554688 0.764648 0.552083 0.764648 0.550781 0.760742 0.545573 0.759766 0.545573 0.755859 0.540365
0 0.714844 0.539062 0.713867 0.540365 0.712891 0.540365 0.710938 0.542969 0.709961 0.542969 0.708984 0.544271 0.708008 0.544271 0.707031 0.545573 0.706055 0.545573 0.705078 0.546875 0.704102 0.546875 0.703125 0.548177 0.700195 0.549479 0.700195 0.550781 0.699219 0.552083 0.699219 0.555990 0.698242 0.557292 0.698242 0.563802 0.699219 0.565104 0.699219 0.567708 0.703125 0.572917 0.703125 0.574219 0.704102 0.575521 0.705078 0.575521 0.706055 0.576823 0.708984 0.576823 0.709961 0.578125 0.710938 0.578125 0.711914 0.579427 0.712891 0.579427 0.715820 0.582031 0.719727 0.582031 0.720703 0.580729 0.721680 0.580729 0.724609 0.578125 0.726562 0.578125 0.727539 0.576823 0.728516 0.576823 0.731445 0.572917 0.732422 0.572917 0.734375 0.570312 0.734375 0.562500 0.732422 0.559896 0.732422 0.558594 0.721680 0.544271 0.721680 0.542969 0.718750 0.539062
0 0.660156 0.536458 0.660156 0.537760 0.658203 0.541667 0.658203 0.545573 0.657227 0.546875 0.657227 0.557292 0.658203 0.558594 0.658203 0.561198 0.659180 0.562500 0.660156 0.562500 0.661133 0.563802 0.662109 0.563802 0.663086 0.562500 0.666992 0.562500 0.667969 0.563802 0.669922 0.563802 0.670898 0.565104 0.672852 0.565104 0.673828 0.566406 0.674805 0.566406 0.677734 0.569010 0.684570 0.569010 0.685547 0.567708 0.686523 0.567708 0.688477 0.565104 0.688477 0.563802 0.689453 0.562500 0.689453 0.557292 0.690430 0.555990 0.690430 0.546875 0.689453 0.545573 0.689453 0.544271 0.681641 0.533854 0.680664 0.533854 0.677734 0.536458 0.675781 0.536458 0.674805 0.535156 0.668945 0.535156 0.667969 0.533854 0.662109 0.533854
0 0.697266 0.503906 0.694336 0.506510 0.692383 0.506510 0.691406 0.507812 0.690430 0.507812 0.689453 0.509115 0.686523 0.510417 0.686523 0.511719 0.685547 0.513021 0.685547 0.516927 0.684570 0.518229 0.685547 0.522135 0.684570 0.523438 0.684570 0.526042 0.683594 0.527344 0.683594 0.528646 0.684570 0.529948 0.684570 0.531250 0.689453 0.537760 0.689453 0.540365 0.691406 0.542969 0.692383 0.542969 0.693359 0.544271 0.695312 0.544271 0.696289 0.545573 0.703125 0.545573 0.704102 0.544271 0.706055 0.544271 0.707031 0.542969 0.708984 0.542969 0.711914 0.539062 0.711914 0.537760 0.712891 0.536458 0.712891 0.533854 0.713867 0.532552 0.713867 0.518229 0.712891 0.516927 0.712891 0.514323 0.711914 0.513021 0.711914 0.511719 0.708008 0.506510 0.707031 0.506510 0.704102 0.503906
0 0.648438 0.483073 0.648438 0.484375 0.647461 0.485677 0.647461 0.489583 0.649414 0.489583 0.651367 0.492188 0.649414 0.494792 0.648438 0.494792 0.648438 0.503906 0.647461 0.505208 0.647461 0.507812 0.651367 0.513021 0.652344 0.513021 0.654297 0.515625 0.654297 0.516927 0.658203 0.522135 0.658203 0.523438 0.661133 0.523438 0.662109 0.524740 0.665039 0.524740 0.666016 0.523438 0.671875 0.523438 0.672852 0.522135 0.674805 0.522135 0.683594 0.513021 0.683594 0.510417 0.684570 0.509115 0.684570 0.503906 0.683594 0.502604 0.683594 0.498698 0.682617 0.497396 0.681641 0.493490 0.675781 0.485677 0.674805 0.485677 0.667969 0.480469 0.656250 0.480469 0.655273 0.481771 0.649414 0.481771
0 0.699219 0.446615 0.698242 0.447917 0.697266 0.447917 0.691406 0.455729 0.691406 0.457031 0.689453 0.459635 0.689453 0.462240 0.688477 0.463542 0.688477 0.481771 0.692383 0.486979 0.693359 0.486979 0.696289 0.489583 0.699219 0.489583 0.700195 0.490885 0.702148 0.490885 0.703125 0.492188 0.705078 0.492188 0.706055 0.490885 0.708008 0.490885 0.708984 0.489583 0.709961 0.489583 0.714844 0.483073 0.717773 0.481771 0.721680 0.476562 0.721680 0.468750 0.720703 0.467448 0.720703 0.460938 0.719727 0.459635 0.719727 0.458333 0.715820 0.453125 0.714844 0.453125 0.712891 0.450521 0.710938 0.450521 0.709961 0.449219 0.707031 0.449219 0.706055 0.447917 0.704102 0.447917 0.703125 0.446615
0 0.727539 0.476562 0.727539 0.483073 0.726562 0.484375 0.726562 0.486979 0.723633 0.489583 0.723633 0.490885 0.722656 0.492188 0.722656 0.494792 0.721680 0.496094 0.720703 0.496094 0.720703 0.500000 0.720703 0.498698 0.722656 0.496094 0.724609 0.496094 0.726562 0.498698 0.726562 0.501302 0.723633 0.505208 0.722656 0.503906 0.720703 0.503906 0.719727 0.505208 0.719727 0.507812 0.721680 0.510417 0.721680 0.513021 0.723633 0.515625 0.723633 0.516927 0.724609 0.518229 0.725586 0.518229 0.728516 0.522135 0.729492 0.522135 0.730469 0.523438 0.732422 0.523438 0.733398 0.524740 0.738281 0.524740 0.739258 0.523438 0.740234 0.523438 0.742188 0.520833 0.742188 0.519531 0.754883 0.502604 0.754883 0.500000 0.755859 0.498698 0.755859 0.494792 0.754883 0.493490 0.754883 0.490885 0.753906 0.489583 0.753906 0.488281 0.750977 0.486979 0.749023 0.484375 0.746094 0.483073 0.744141 0.480469 0.742188 0.480469 0.741211 0.479167 0.738281 0.479167 0.737305 0.477865 0.734375 0.477865 0.733398 0.476562
0 0.759766 0.502604 0.756836 0.506510 0.756836 0.507812 0.750977 0.514323 0.750977 0.519531 0.751953 0.519531 0.754883 0.514323 0.755859 0.514323 0.758789 0.516927 0.758789 0.519531 0.757812 0.520833 0.757812 0.528646 0.761719 0.532552 0.761719 0.533854 0.759766 0.536458 0.759766 0.539062 0.761719 0.541667 0.762695 0.541667 0.764648 0.544271 0.766602 0.544271 0.767578 0.545573 0.768555 0.545573 0.770508 0.548177 0.780273 0.548177 0.783203 0.544271 0.784180 0.544271 0.784180 0.542969 0.787109 0.537760 0.787109 0.532552 0.788086 0.531250 0.788086 0.527344 0.789062 0.526042 0.789062 0.520833 0.790039 0.519531 0.789062 0.513021 0.784180 0.507812 0.783203 0.507812 0.780273 0.505208 0.775391 0.503906 0.774414 0.502604 0.769531 0.502604 0.768555 0.501302 0.762695 0.501302 0.761719 0.502604
0 0.666016 0.412760 0.665039 0.414062 0.663086 0.414062 0.662109 0.415365 0.659180 0.416667 0.657227 0.419271 0.657227 0.420573 0.655273 0.423177 0.655273 0.424479 0.653320 0.428385 0.653320 0.433594 0.654297 0.434896 0.654297 0.437500 0.657227 0.441406 0.657227 0.442708 0.659180 0.445312 0.659180 0.446615 0.661133 0.449219 0.661133 0.450521 0.662109 0.451823 0.663086 0.451823 0.666016 0.454427 0.667969 0.454427 0.668945 0.455729 0.671875 0.455729 0.672852 0.454427 0.674805 0.454427 0.675781 0.453125 0.676758 0.453125 0.679688 0.449219 0.680664 0.449219 0.682617 0.446615 0.685547 0.445312 0.686523 0.444010 0.686523 0.437500 0.685547 0.436198 0.685547 0.432292 0.684570 0.430990 0.684570 0.424479 0.678711 0.415365 0.677734 0.415365 0.676758 0.414062 0.674805 0.414062 0.673828 0.412760
0 0.683594 0.402344 0.681641 0.404948 0.681641 0.406250 0.680664 0.407552 0.680664 0.415365 0.681641 0.416667 0.682617 0.420573 0.684570 0.423177 0.684570 0.425781 0.685547 0.427083 0.685547 0.432292 0.686523 0.433594 0.687500 0.437500 0.688477 0.438802 0.701172 0.438802 0.702148 0.437500 0.704102 0.437500 0.705078 0.436198 0.705078 0.434896 0.708984 0.429688 0.708984 0.428385 0.710938 0.424479 0.710938 0.414062 0.709961 0.412760 0.708984 0.408854 0.707031 0.406250 0.707031 0.404948 0.706055 0.403646 0.706055 0.401042 0.704102 0.398438 0.688477 0.398438 0.687500 0.399740 0.686523 0.399740 0.684570 0.402344
0 0.749023 0.438802 0.748047 0.440104 0.748047 0.445312 0.750000 0.449219 0.750000 0.460938 0.749023 0.462240 0.749023 0.471354 0.747070 0.473958 0.744141 0.475260 0.744141 0.476562 0.746094 0.476562 0.747070 0.477865 0.748047 0.477865 0.750000 0.481771 0.750977 0.481771 0.755859 0.485677 0.759766 0.485677 0.760742 0.484375 0.762695 0.484375 0.763672 0.483073 0.768555 0.481771 0.770508 0.479167 0.771484 0.479167 0.772461 0.477865 0.773438 0.477865 0.775391 0.475260 0.776367 0.475260 0.777344 0.473958 0.777344 0.472656 0.780273 0.470052 0.780273 0.468750 0.782227 0.464844 0.782227 0.459635 0.771484 0.444010 0.769531 0.444010 0.762695 0.438802 0.756836 0.438802 0.755859 0.437500 0.754883 0.437500 0.753906 0.438802
0 0.782227 0.468750 0.780273 0.471354 0.779297 0.471354 0.778320 0.472656 0.778320 0.473958 0.776367 0.476562 0.775391 0.476562 0.772461 0.480469 0.771484 0.480469 0.770508 0.481771 0.769531 0.481771 0.768555 0.483073 0.767578 0.483073 0.766602 0.484375 0.765625 0.484375 0.764648 0.485677 0.761719 0.485677 0.760742 0.486979 0.760742 0.488281 0.761719 0.489583 0.761719 0.492188 0.766602 0.498698 0.767578 0.498698 0.768555 0.500000 0.773438 0.500000 0.774414 0.501302 0.777344 0.501302 0.778320 0.500000 0.780273 0.500000 0.785156 0.493490 0.786133 0.493490 0.788086 0.490885 0.788086 0.489583 0.789062 0.488281 0.789062 0.484375 0.788086 0.483073 0.788086 0.480469 0.787109 0.479167 0.787109 0.477865 0.785156 0.475260 0.785156 0.473958 0.783203 0.471354 0.783203 0.470052
0 0.768555 0.415365 0.766602 0.417969 0.766602 0.423177 0.765625 0.424479 0.765625 0.425781 0.763672 0.429688 0.763672 0.434896 0.764648 0.436198 0.764648 0.438802 0.765625 0.440104 0.766602 0.440104 0.767578 0.441406 0.769531 0.441406 0.770508 0.442708 0.771484 0.442708 0.773438 0.445312 0.774414 0.445312 0.778320 0.450521 0.778320 0.451823 0.780273 0.454427 0.780273 0.455729 0.782227 0.458333 0.782227 0.459635 0.784180 0.459635 0.785156 0.458333 0.786133 0.458333 0.787109 0.457031 0.787109 0.455729 0.789062 0.451823 0.789062 0.449219 0.790039 0.447917 0.790039 0.446615 0.791016 0.445312 0.791016 0.442708 0.792969 0.438802 0.792969 0.434896 0.793945 0.433594 0.793945 0.430990 0.794922 0.429688 0.794922 0.423177 0.791992 0.419271 0.791016 0.419271 0.789062 0.416667 0.788086 0.416667 0.787109 0.415365 0.784180 0.415365 0.783203 0.414062 0.781250 0.414062 0.780273 0.415365
0 0.765625 0.416667 0.764648 0.415365 0.764648 0.414062 0.763672 0.412760 0.762695 0.408854 0.756836 0.401042 0.752930 0.401042 0.751953 0.399740 0.746094 0.399740 0.745117 0.401042 0.743164 0.401042 0.742188 0.402344 0.739258 0.403646 0.738281 0.407552 0.735352 0.411458 0.732422 0.411458 0.731445 0.412760 0.731445 0.414062 0.730469 0.415365 0.730469 0.429688 0.731445 0.430990 0.731445 0.432292 0.733398 0.432292 0.734375 0.433594 0.740234 0.433594 0.741211 0.432292 0.747070 0.432292 0.748047 0.430990 0.755859 0.430990 0.756836 0.429688 0.758789 0.429688 0.760742 0.427083 0.763672 0.425781 0.765625 0.423177
0 0.732422 0.359375 0.731445 0.360677 0.731445 0.368490 0.730469 0.369792 0.730469 0.372396 0.729492 0.373698 0.729492 0.389323 0.730469 0.390625 0.730469 0.391927 0.733398 0.395833 0.734375 0.395833 0.736328 0.398438 0.738281 0.398438 0.739258 0.399740 0.741211 0.399740 0.742188 0.398438 0.754883 0.398438 0.755859 0.399740 0.756836 0.398438 0.758789 0.398438 0.759766 0.397135 0.759766 0.393229 0.760742 0.391927 0.760742 0.389323 0.761719 0.388021 0.761719 0.376302 0.760742 0.375000 0.760742 0.372396 0.759766 0.371094 0.759766 0.367188 0.758789 0.365885 0.758789 0.364583 0.755859 0.360677 0.754883 0.360677 0.751953 0.358073 0.749023 0.358073 0.748047 0.356771 0.737305 0.356771 0.736328 0.358073 0.734375 0.358073 0.733398 0.359375
0 0.652344 0.285156 0.651367 0.286458 0.649414 0.286458 0.637695 0.303385 0.637695 0.305990 0.638672 0.307292 0.638672 0.311198 0.637695 0.312500 0.637695 0.316406 0.638672 0.317708 0.638672 0.321615 0.640625 0.325521 0.643555 0.326823 0.646484 0.330729 0.647461 0.330729 0.649414 0.333333 0.651367 0.333333 0.652344 0.334635 0.656250 0.334635 0.657227 0.335938 0.658203 0.334635 0.660156 0.334635 0.661133 0.333333 0.662109 0.333333 0.662109 0.332031 0.664062 0.329427 0.664062 0.328125 0.667969 0.322917 0.667969 0.321615 0.670898 0.317708 0.670898 0.316406 0.671875 0.315104 0.671875 0.308594 0.670898 0.307292 0.669922 0.303385 0.659180 0.289062 0.658203 0.289062 0.657227 0.287760 0.656250 0.287760 0.655273 0.286458
0 0.652344 0.339844 0.649414 0.342448 0.649414 0.345052 0.648438 0.346354 0.648438 0.347656 0.646484 0.350260 0.646484 0.351562 0.645508 0.352865 0.645508 0.354167 0.644531 0.355469 0.644531 0.356771 0.642578 0.360677 0.642578 0.365885 0.643555 0.367188 0.643555 0.368490 0.648438 0.375000 0.649414 0.375000 0.652344 0.378906 0.653320 0.382812 0.654297 0.382812 0.657227 0.385417 0.660156 0.385417 0.661133 0.386719 0.662109 0.385417 0.665039 0.385417 0.673828 0.373698 0.673828 0.372396 0.674805 0.371094 0.674805 0.369792 0.676758 0.365885 0.676758 0.361979 0.673828 0.358073 0.672852 0.358073 0.668945 0.352865 0.667969 0.352865 0.666992 0.351562 0.666016 0.351562 0.665039 0.350260 0.664062 0.350260 0.663086 0.348958 0.660156 0.347656 0.654297 0.339844
0 0.693359 0.311198 0.690430 0.311198 0.689453 0.309896 0.688477 0.309896 0.687500 0.311198 0.685547 0.311198 0.682617 0.315104 0.681641 0.315104 0.679688 0.317708 0.678711 0.317708 0.673828 0.324219 0.671875 0.330729 0.668945 0.334635 0.668945 0.335938 0.667969 0.337240 0.667969 0.341146 0.669922 0.343750 0.669922 0.345052 0.670898 0.346354 0.669922 0.347656 0.669922 0.350260 0.674805 0.356771 0.675781 0.356771 0.678711 0.360677 0.679688 0.360677 0.680664 0.361979 0.685547 0.361979 0.686523 0.360677 0.687500 0.360677 0.689453 0.358073 0.696289 0.358073 0.697266 0.356771 0.699219 0.356771 0.700195 0.355469 0.701172 0.355469 0.702148 0.354167 0.702148 0.352865 0.707031 0.341146 0.707031 0.337240 0.706055 0.335938 0.706055 0.332031 0.705078 0.330729 0.705078 0.328125 0.704102 0.326823 0.702148 0.320312 0.698242 0.315104 0.697266 0.315104 0.695312 0.312500 0.694336 0.312500
0 0.667969 0.204427 0.661133 0.204427 0.660156 0.205729 0.659180 0.205729 0.656250 0.209635 0.655273 0.209635 0.647461 0.220052 0.647461 0.223958 0.646484 0.225260 0.646484 0.235677 0.650391 0.243490 0.651367 0.243490 0.654297 0.246094 0.656250 0.246094 0.657227 0.247396 0.658203 0.247396 0.659180 0.246094 0.661133 0.246094 0.661133 0.244792 0.663086 0.240885 0.663086 0.238281 0.664062 0.236979 0.664062 0.235677 0.665039 0.234375 0.665039 0.233073 0.666016 0.231771 0.666016 0.230469 0.670898 0.223958 0.671875 0.223958 0.672852 0.222656 0.673828 0.222656 0.675781 0.220052 0.675781 0.214844 0.674805 0.213542 0.674805 0.212240 0.669922 0.205729 0.668945 0.205729
0 0.684570 0.216146 0.682617 0.218750 0.681641 0.218750 0.680664 0.220052 0.676758 0.220052 0.673828 0.223958 0.670898 0.225260 0.666992 0.230469 0.666992 0.231771 0.665039 0.234375 0.665039 0.240885 0.664062 0.242188 0.665039 0.243490 0.665039 0.244792 0.666992 0.247396 0.666992 0.250000 0.667969 0.250000 0.674805 0.259115 0.674805 0.260417 0.678711 0.266927 0.679688 0.266927 0.680664 0.268229 0.689453 0.268229 0.690430 0.266927 0.692383 0.266927 0.699219 0.257812 0.699219 0.256510 0.701172 0.253906 0.701172 0.244792 0.702148 0.243490 0.702148 0.240885 0.701172 0.239583 0.701172 0.236979 0.700195 0.235677 0.700195 0.233073 0.688477 0.217448 0.687500 0.217448 0.686523 0.216146
0 0.707031 0.178385 0.704102 0.180990 0.704102 0.184896 0.700195 0.190104 0.700195 0.191406 0.697266 0.196615 0.696289 0.200521 0.692383 0.205729 0.692383 0.207031 0.690430 0.209635 0.688477 0.216146 0.689453 0.216146 0.691406 0.218750 0.692383 0.222656 0.701172 0.233073 0.702148 0.233073 0.703125 0.234375 0.707031 0.234375 0.708008 0.233073 0.708008 0.230469 0.711914 0.226562 0.712891 0.226562 0.714844 0.229167 0.714844 0.233073 0.715820 0.234375 0.715820 0.235677 0.718750 0.231771 0.719727 0.231771 0.720703 0.230469 0.720703 0.229167 0.722656 0.226562 0.722656 0.225260 0.724609 0.221354 0.724609 0.218750 0.725586 0.217448 0.725586 0.208333 0.724609 0.207031 0.722656 0.200521 0.714844 0.188802 0.714844 0.187500 0.712891 0.184896 0.711914 0.180990 0.709961 0.178385
0 0.733398 0.263021 0.732422 0.261719 0.731445 0.261719 0.730469 0.260417 0.721680 0.260417 0.720703 0.261719 0.718750 0.261719 0.717773 0.263021 0.716797 0.263021 0.709961 0.272135 0.709961 0.285156 0.710938 0.286458 0.710938 0.287760 0.711914 0.289062 0.711914 0.290365 0.712891 0.290365 0.716797 0.285156 0.717773 0.285156 0.718750 0.283854 0.719727 0.283854 0.721680 0.281250 0.721680 0.279948 0.727539 0.272135 0.729492 0.272135 0.730469 0.273438 0.732422 0.273438 0.735352 0.277344 0.738281 0.277344 0.738281 0.273438 0.737305 0.272135 0.737305 0.270833 0.736328 0.269531 0.736328 0.268229 0.733398 0.264323
0 0.735352 0.270833 0.728516 0.270833 0.726562 0.272135 0.726562 0.273438 0.724609 0.276042 0.723633 0.276042 0.722656 0.278646 0.716797 0.285156 0.715820 0.285156 0.712891 0.281250 0.712891 0.278646 0.711914 0.279948 0.711914 0.294271 0.710938 0.295573 0.710938 0.316406 0.708984 0.319010 0.712891 0.324219 0.714844 0.325521 0.721680 0.325521 0.724609 0.330729 0.728516 0.330729 0.729492 0.329427 0.731445 0.329427 0.732422 0.326823 0.735352 0.325521 0.739258 0.320312 0.740234 0.320312 0.742188 0.316406 0.743164 0.316406 0.743164 0.315104 0.745117 0.312500 0.745117 0.311198 0.748047 0.305990 0.748047 0.298177 0.745117 0.291667 0.745117 0.289062 0.744141 0.286458 0.737305 0.276042
0 0.781250 0.289062 0.781250 0.292969 0.782227 0.294271 0.781250 0.295573 0.781250 0.298177 0.782227 0.299479 0.782227 0.304688 0.784180 0.308594 0.784180 0.309896 0.783203 0.311198 0.783203 0.315104 0.784180 0.316406 0.784180 0.319010 0.785156 0.320312 0.786133 0.324219 0.787109 0.324219 0.788086 0.325521 0.791992 0.325521 0.792969 0.324219 0.798828 0.324219 0.799805 0.322917 0.802734 0.322917 0.803711 0.321615 0.805664 0.321615 0.806641 0.320312 0.808594 0.320312 0.809570 0.319010 0.814453 0.317708 0.816406 0.315104 0.821289 0.313802 0.821289 0.312500 0.823242 0.309896 0.822266 0.303385 0.821289 0.302083 0.821289 0.300781 0.818359 0.296875 0.818359 0.295573 0.815430 0.290365 0.815430 0.289062 0.808594 0.279948 0.808594 0.278646 0.804688 0.274740 0.794922 0.274740 0.791992 0.278646 0.791016 0.278646 0.791016 0.279948 0.790039 0.281250 0.784180 0.283854 0.784180 0.285156 0.783203 0.286458 0.782227 0.286458 0.782227 0.287760
0 0.787109 0.330729 0.785156 0.330729 0.784180 0.332031 0.782227 0.332031 0.781250 0.333333 0.777344 0.333333 0.776367 0.334635 0.773438 0.334635 0.772461 0.335938 0.769531 0.335938 0.768555 0.337240 0.766602 0.337240 0.766602 0.338542 0.765625 0.339844 0.765625 0.342448 0.766602 0.343750 0.766602 0.346354 0.767578 0.347656 0.767578 0.350260 0.768555 0.351562 0.768555 0.352865 0.774414 0.360677 0.774414 0.361979 0.775391 0.361979 0.778320 0.365885 0.778320 0.368490 0.781250 0.372396 0.788086 0.372396 0.790039 0.369792 0.791016 0.369792 0.791992 0.368490 0.791992 0.367188 0.792969 0.365885 0.792969 0.364583 0.794922 0.361979 0.794922 0.350260 0.793945 0.348958 0.793945 0.347656 0.791992 0.345052 0.791992 0.343750 0.789062 0.339844 0.789062 0.338542 0.788086 0.337240 0.788086 0.334635 0.787109 0.333333
0 0.801758 0.356771 0.801758 0.358073 0.800781 0.359375 0.800781 0.364583 0.801758 0.365885 0.801758 0.368490 0.802734 0.369792 0.804688 0.369792 0.805664 0.371094 0.808594 0.371094 0.809570 0.372396 0.810547 0.372396 0.812500 0.375000 0.813477 0.375000 0.816406 0.378906 0.817383 0.378906 0.819336 0.381510 0.820312 0.381510 0.821289 0.382812 0.824219 0.382812 0.825195 0.384115 0.827148 0.381510 0.828125 0.381510 0.832031 0.376302 0.831055 0.375000 0.831055 0.372396 0.830078 0.371094 0.830078 0.368490 0.829102 0.367188 0.829102 0.364583 0.828125 0.363281 0.828125 0.360677 0.826172 0.358073 0.826172 0.356771 0.825195 0.355469 0.825195 0.354167 0.823242 0.351562 0.821289 0.351562 0.818359 0.348958 0.813477 0.348958 0.812500 0.350260 0.809570 0.350260 0.808594 0.351562 0.807617 0.351562 0.806641 0.352865 0.805664 0.352865 0.804688 0.354167 0.803711 0.354167
0 0.792969 0.372396 0.792969 0.378906 0.791992 0.380208 0.791992 0.382812 0.790039 0.386719 0.790039 0.393229 0.791992 0.397135 0.791992 0.401042 0.792969 0.402344 0.792969 0.403646 0.794922 0.406250 0.794922 0.407552 0.795898 0.408854 0.795898 0.411458 0.796875 0.412760 0.798828 0.412760 0.799805 0.414062 0.805664 0.414062 0.810547 0.410156 0.812500 0.410156 0.813477 0.408854 0.816406 0.408854 0.819336 0.406250 0.821289 0.406250 0.822266 0.404948 0.825195 0.403646 0.827148 0.401042 0.827148 0.397135 0.828125 0.395833 0.828125 0.391927 0.827148 0.390625 0.827148 0.389323 0.825195 0.386719 0.825195 0.385417 0.824219 0.385417 0.823242 0.384115 0.821289 0.384115 0.820312 0.382812 0.817383 0.381510 0.813477 0.376302 0.812500 0.376302 0.811523 0.375000 0.809570 0.375000 0.807617 0.372396 0.804688 0.372396 0.803711 0.371094 0.796875 0.371094 0.795898 0.372396
0 0.829102 0.407552 0.828125 0.408854 0.829102 0.410156 0.829102 0.411458 0.830078 0.411458 0.831055 0.412760 0.831055 0.417969 0.830078 0.419271 0.830078 0.424479 0.828125 0.428385 0.828125 0.433594 0.831055 0.440104 0.831055 0.444010 0.832031 0.445312 0.833008 0.445312 0.833984 0.446615 0.838867 0.446615 0.839844 0.447917 0.843750 0.447917 0.844727 0.449219 0.855469 0.449219 0.856445 0.447917 0.859375 0.446615 0.859375 0.445312 0.862305 0.441406 0.862305 0.440104 0.865234 0.433594 0.865234 0.428385 0.863281 0.424479 0.863281 0.419271 0.864258 0.417969 0.864258 0.414062 0.860352 0.408854 0.857422 0.408854 0.856445 0.407552 0.851562 0.407552 0.846680 0.403646 0.840820 0.403646 0.839844 0.404948 0.835938 0.404948 0.834961 0.406250 0.831055 0.406250 0.830078 0.407552
0 0.872070 0.430990 0.870117 0.430990 0.869141 0.429688 0.865234 0.429688 0.865234 0.433594 0.864258 0.434896 0.864258 0.437500 0.863281 0.438802 0.863281 0.441406 0.857422 0.449219 0.855469 0.449219 0.854492 0.450521 0.844727 0.450521 0.841797 0.454427 0.841797 0.459635 0.842773 0.460938 0.842773 0.462240 0.845703 0.463542 0.849609 0.468750 0.852539 0.468750 0.853516 0.470052 0.861328 0.470052 0.862305 0.471354 0.869141 0.471354 0.869141 0.470052 0.870117 0.468750 0.871094 0.464844 0.874023 0.460938 0.874023 0.458333 0.875000 0.457031 0.875000 0.434896
