0 0.042969 0.666667 0.042969 0.669271 0.043945 0.670573 0.043945 0.671875 0.052734 0.683594 0.053711 0.683594 0.054688 0.684896 0.057617 0.684896 0.058594 0.686198 0.060547 0.686198 0.061523 0.684896 0.063477 0.684896 0.064453 0.683594 0.067383 0.683594 0.070312 0.680990 0.072266 0.680990 0.074219 0.678385 0.074219 0.675781 0.075195 0.674479 0.075195 0.665365 0.076172 0.664062 0.076172 0.660156 0.077148 0.658854 0.077148 0.657552 0.076172 0.656250 0.074219 0.656250 0.073242 0.657552 0.071289 0.657552 0.068359 0.654948 0.049805 0.654948 0.048828 0.656250 0.046875 0.656250 0.045898 0.657552 0.045898 0.658854 0.044922 0.660156 0.044922 0.662760
0 0.056641 0.696615 0.053711 0.700521 0.053711 0.701823 0.051758 0.704427 0.051758 0.718750 0.052734 0.720052 0.052734 0.721354 0.054688 0.723958 0.054688 0.725260 0.058594 0.730469 0.059570 0.730469 0.060547 0.731771 0.063477 0.731771 0.064453 0.730469 0.069336 0.730469 0.070312 0.729167 0.072266 0.729167 0.074219 0.726562 0.074219 0.723958 0.075195 0.722656 0.075195 0.704427 0.074219 0.703125 0.074219 0.701823 0.073242 0.700521 0.073242 0.699219 0.070312 0.695312 0.058594 0.695312 0.057617 0.696615
0 0.080078 0.730469 0.079102 0.730469 0.078125 0.731771 0.073242 0.731771 0.072266 0.733073 0.069336 0.733073 0.066406 0.736979 0.066406 0.752604 0.067383 0.753906 0.067383 0.763021 0.068359 0.764323 0.068359 0.765625 0.069336 0.766927 0.072266 0.766927 0.073242 0.765625 0.074219 0.765625 0.076172 0.763021 0.077148 0.763021 0.078125 0.761719 0.079102 0.761719 0.081055 0.759115 0.082031 0.759115 0.083008 0.757812 0.083984 0.757812 0.088867 0.751302 0.088867 0.748698 0.087891 0.747396 0.087891 0.744792 0.086914 0.743490 0.086914 0.742188 0.085938 0.740885 0.085938 0.739583 0.084961 0.738281 0.084961 0.736979 0.083984 0.735677 0.083984 0.734375 0.082031 0.731771 0.081055 0.731771
0 0.063477 0.602865 0.063477 0.605469 0.062500 0.606771 0.063477 0.608073 0.063477 0.617188 0.064453 0.618490 0.064453 0.619792 0.068359 0.625000 0.069336 0.625000 0.071289 0.627604 0.079102 0.627604 0.080078 0.626302 0.081055 0.626302 0.082031 0.625000 0.083008 0.625000 0.083984 0.623698 0.084961 0.623698 0.086914 0.621094 0.087891 0.621094 0.088867 0.619792 0.089844 0.619792 0.090820 0.618490 0.090820 0.608073 0.089844 0.606771 0.089844 0.604167 0.087891 0.601562 0.086914 0.601562 0.085938 0.600260 0.083984 0.600260 0.083008 0.598958 0.078125 0.598958 0.077148 0.597656 0.076172 0.597656 0.075195 0.596354 0.070312 0.596354 0.069336 0.597656 0.067383 0.597656
0 0.086914 0.623698 0.084961 0.626302 0.083984 0.626302 0.082031 0.628906 0.081055 0.628906 0.079102 0.631510 0.078125 0.631510 0.076172 0.634115 0.076172 0.635417 0.074219 0.639323 0.074219 0.643229 0.075195 0.644531 0.075195 0.645833 0.077148 0.648438 0.077148 0.649740 0.078125 0.651042 0.078125 0.652344 0.083008 0.658854 0.083008 0.660156 0.084961 0.662760 0.085938 0.662760 0.086914 0.664062 0.094727 0.664062 0.095703 0.662760 0.096680 0.662760 0.100586 0.657552 0.100586 0.656250 0.102539 0.652344 0.102539 0.649740 0.103516 0.648438 0.103516 0.645833 0.102539 0.644531 0.102539 0.643229 0.101562 0.641927 0.101562 0.639323 0.099609 0.636719 0.099609 0.635417 0.098633 0.634115 0.098633 0.632812 0.091797 0.623698
0 0.122070 0.645833 0.118164 0.645833 0.117188 0.647135 0.116211 0.647135 0.112305 0.652344 0.111328 0.652344 0.109375 0.654948 0.109375 0.656250 0.108398 0.657552 0.108398 0.660156 0.106445 0.662760 0.105469 0.666667 0.103516 0.669271 0.103516 0.670573 0.102539 0.671875 0.102539 0.675781 0.103516 0.677083 0.103516 0.684896 0.104492 0.686198 0.104492 0.690104 0.105469 0.691406 0.105469 0.692708 0.108398 0.696615 0.118164 0.696615 0.119141 0.695312 0.120117 0.695312 0.122070 0.692708 0.122070 0.691406 0.124023 0.688802 0.124023 0.687500 0.127930 0.682292 0.127930 0.679688 0.128906 0.678385 0.128906 0.675781 0.129883 0.674479 0.129883 0.671875 0.130859 0.670573 0.130859 0.660156 0.131836 0.658854 0.129883 0.656250 0.129883 0.654948 0.124023 0.647135 0.123047 0.647135
0 0.102539 0.666667 0.101562 0.667969 0.100586 0.667969 0.098633 0.670573 0.097656 0.670573 0.093750 0.675781 0.093750 0.680990 0.094727 0.682292 0.094727 0.683594 0.095703 0.684896 0.095703 0.688802 0.096680 0.690104 0.096680 0.692708 0.097656 0.694010 0.097656 0.695312 0.098633 0.696615 0.098633 0.697917 0.099609 0.699219 0.100586 0.699219 0.101562 0.700521 0.105469 0.700521 0.106445 0.699219 0.108398 0.699219 0.108398 0.696615 0.109375 0.695312 0.108398 0.694010 0.108398 0.692708 0.107422 0.692708 0.105469 0.690104 0.105469 0.688802 0.104492 0.687500 0.104492 0.686198 0.103516 0.684896 0.103516 0.674479 0.104492 0.673177 0.104492 0.667969 0.103516 0.666667
0 0.120117 0.697917 0.112305 0.697917 0.111328 0.699219 0.109375 0.699219 0.107422 0.701823 0.105469 0.701823 0.104492 0.703125 0.103516 0.703125 0.103516 0.704427 0.102539 0.705729 0.102539 0.712240 0.103516 0.713542 0.103516 0.717448 0.104492 0.718750 0.104492 0.721354 0.106445 0.723958 0.106445 0.725260 0.108398 0.727865 0.109375 0.727865 0.110352 0.729167 0.111328 0.727865 0.111328 0.726562 0.112305 0.725260 0.112305 0.723958 0.113281 0.722656 0.113281 0.720052 0.114258 0.718750 0.114258 0.717448 0.115234 0.716146 0.115234 0.714844 0.116211 0.713542 0.116211 0.710938 0.117188 0.709635 0.117188 0.708333 0.118164 0.707031 0.118164 0.705729 0.119141 0.704427 0.119141 0.703125 0.120117 0.701823
0 0.141602 0.723958 0.139648 0.726562 0.138672 0.726562 0.137695 0.727865 0.137695 0.729167 0.135742 0.731771 0.135742 0.733073 0.134766 0.734375 0.134766 0.750000 0.133789 0.751302 0.134766 0.752604 0.134766 0.753906 0.136719 0.756510 0.136719 0.757812 0.139648 0.761719 0.141602 0.761719 0.142578 0.763021 0.144531 0.763021 0.145508 0.764323 0.153320 0.764323 0.154297 0.763021 0.155273 0.763021 0.156250 0.761719 0.157227 0.761719 0.157227 0.760417 0.159180 0.756510 0.159180 0.752604 0.161133 0.748698 0.161133 0.739583 0.160156 0.738281 0.159180 0.738281 0.152344 0.729167 0.151367 0.729167 0.150391 0.727865 0.148438 0.727865 0.146484 0.725260 0.146484 0.723958 0.145508 0.722656 0.144531 0.723958
0 0.133789 0.686198 0.133789 0.687500 0.132812 0.688802 0.132812 0.700521 0.135742 0.704427 0.135742 0.705729 0.139648 0.710938 0.140625 0.710938 0.141602 0.712240 0.142578 0.712240 0.143555 0.713542 0.144531 0.713542 0.145508 0.714844 0.155273 0.714844 0.156250 0.713542 0.158203 0.713542 0.159180 0.712240 0.159180 0.707031 0.158203 0.705729 0.158203 0.703125 0.157227 0.701823 0.155273 0.701823 0.154297 0.700521 0.152344 0.700521 0.151367 0.699219 0.150391 0.699219 0.149414 0.697917 0.148438 0.697917 0.147461 0.696615 0.146484 0.696615 0.145508 0.695312 0.144531 0.695312 0.143555 0.694010 0.141602 0.694010 0.137695 0.688802 0.137695 0.687500 0.136719 0.687500 0.135742 0.686198
0 0.168945 0.674479 0.166992 0.671875 0.164062 0.670573 0.160156 0.665365 0.159180 0.665365 0.157227 0.662760 0.157227 0.661458 0.156250 0.660156 0.153320 0.660156 0.152344 0.661458 0.151367 0.661458 0.147461 0.666667 0.146484 0.666667 0.146484 0.667969 0.143555 0.671875 0.140625 0.673177 0.140625 0.674479 0.137695 0.678385 0.137695 0.679688 0.136719 0.680990 0.136719 0.683594 0.134766 0.687500 0.134766 0.694010 0.134766 0.692708 0.135742 0.691406 0.138672 0.691406 0.141602 0.694010 0.143555 0.694010 0.144531 0.695312 0.146484 0.695312 0.147461 0.696615 0.148438 0.696615 0.149414 0.697917 0.150391 0.697917 0.153320 0.700521 0.158203 0.700521 0.160156 0.697917 0.161133 0.697917 0.162109 0.696615 0.163086 0.696615 0.165039 0.694010 0.166016 0.694010 0.166016 0.692708 0.166992 0.691406 0.166992 0.688802 0.167969 0.687500 0.167969 0.678385 0.168945 0.677083
0 0.129883 0.606771 0.128906 0.608073 0.125977 0.608073 0.125000 0.609375 0.123047 0.609375 0.122070 0.610677 0.121094 0.610677 0.118164 0.614583 0.118164 0.615885 0.116211 0.618490 0.116211 0.619792 0.115234 0.621094 0.115234 0.628906 0.116211 0.630208 0.116211 0.632812 0.117188 0.634115 0.117188 0.635417 0.118164 0.636719 0.118164 0.638021 0.121094 0.641927 0.121094 0.643229 0.122070 0.643229 0.124023 0.645833 0.125000 0.645833 0.126953 0.648438 0.127930 0.648438 0.128906 0.649740 0.134766 0.649740 0.139648 0.643229 0.139648 0.641927 0.141602 0.639323 0.141602 0.638021 0.142578 0.636719 0.142578 0.632812 0.143555 0.631510 0.143555 0.625000 0.142578 0.623698 0.142578 0.619792 0.141602 0.618490 0.141602 0.617188 0.140625 0.615885 0.140625 0.614583 0.136719 0.609375 0.135742 0.609375 0.132812 0.606771
0 0.130859 0.578125 0.129883 0.578125 0.127930 0.575521 0.126953 0.575521 0.125977 0.574219 0.118164 0.574219 0.116211 0.576823 0.114258 0.576823 0.113281 0.578125 0.110352 0.578125 0.109375 0.579427 0.108398 0.579427 0.107422 0.580729 0.106445 0.580729 0.105469 0.582031 0.104492 0.582031 0.104492 0.583333 0.103516 0.584635 0.103516 0.595052 0.104492 0.596354 0.104492 0.600260 0.105469 0.601562 0.105469 0.602865 0.107422 0.605469 0.111328 0.605469 0.112305 0.606771 0.116211 0.606771 0.117188 0.605469 0.121094 0.605469 0.122070 0.604167 0.124023 0.604167 0.125000 0.602865 0.125977 0.602865 0.129883 0.597656 0.129883 0.596354 0.130859 0.595052
0 0.146484 0.531250 0.145508 0.531250 0.144531 0.532552 0.141602 0.532552 0.140625 0.533854 0.136719 0.533854 0.135742 0.535156 0.134766 0.535156 0.129883 0.541667 0.128906 0.541667 0.127930 0.542969 0.127930 0.550781 0.128906 0.552083 0.128906 0.553385 0.129883 0.554688 0.129883 0.555990 0.130859 0.557292 0.130859 0.558594 0.131836 0.559896 0.131836 0.561198 0.132812 0.562500 0.132812 0.563802 0.134766 0.567708 0.134766 0.571615 0.136719 0.574219 0.140625 0.574219 0.143555 0.571615 0.145508 0.571615 0.146484 0.570312 0.147461 0.570312 0.149414 0.567708 0.150391 0.567708 0.151367 0.566406 0.152344 0.566406 0.155273 0.563802 0.155273 0.546875 0.156250 0.545573 0.156250 0.541667 0.153320 0.537760 0.152344 0.537760 0.149414 0.533854 0.148438 0.533854
0 0.163086 0.566406 0.162109 0.565104 0.160156 0.565104 0.159180 0.563802 0.157227 0.563802 0.155273 0.566406 0.154297 0.566406 0.153320 0.567708 0.151367 0.567708 0.150391 0.569010 0.149414 0.569010 0.148438 0.570312 0.147461 0.570312 0.146484 0.571615 0.145508 0.571615 0.144531 0.572917 0.143555 0.572917 0.142578 0.574219 0.141602 0.574219 0.140625 0.575521 0.138672 0.575521 0.138672 0.582031 0.139648 0.583333 0.139648 0.584635 0.140625 0.585938 0.140625 0.587240 0.141602 0.588542 0.145508 0.588542 0.146484 0.587240 0.147461 0.587240 0.148438 0.585938 0.149414 0.585938 0.150391 0.584635 0.152344 0.584635 0.155273 0.580729 0.156250 0.580729 0.161133 0.574219 0.162109 0.574219 0.162109 0.572917 0.163086 0.571615 0.163086 0.570312 0.164062 0.569010 0.163086 0.567708
0 0.155273 0.583333 0.154297 0.584635 0.153320 0.584635 0.153320 0.585938 0.150391 0.589844 0.148438 0.589844 0.147461 0.591146 0.145508 0.591146 0.144531 0.592448 0.144531 0.593750 0.142578 0.597656 0.142578 0.611979 0.148438 0.619792 0.149414 0.619792 0.152344 0.623698 0.153320 0.623698 0.154297 0.625000 0.158203 0.625000 0.159180 0.623698 0.160156 0.623698 0.161133 0.622396 0.162109 0.622396 0.165039 0.618490 0.166016 0.618490 0.169922 0.613281 0.169922 0.611979 0.170898 0.610677 0.170898 0.609375 0.172852 0.605469 0.172852 0.598958 0.171875 0.597656 0.171875 0.596354 0.170898 0.595052 0.170898 0.593750 0.166016 0.587240 0.165039 0.587240 0.164062 0.585938 0.162109 0.585938 0.159180 0.583333
0 0.097656 0.477865 0.097656 0.479167 0.096680 0.480469 0.096680 0.484375 0.095703 0.485677 0.095703 0.486979 0.096680 0.488281 0.096680 0.493490 0.098633 0.497396 0.099609 0.497396 0.103516 0.502604 0.104492 0.502604 0.107422 0.506510 0.108398 0.506510 0.109375 0.507812 0.112305 0.507812 0.113281 0.506510 0.116211 0.506510 0.117188 0.505208 0.118164 0.505208 0.121094 0.502604 0.123047 0.502604 0.124023 0.501302 0.124023 0.497396 0.125000 0.496094 0.125000 0.494792 0.126953 0.492188 0.126953 0.485677 0.125977 0.484375 0.125977 0.483073 0.125000 0.483073 0.121094 0.477865 0.120117 0.477865 0.117188 0.473958 0.117188 0.472656 0.116211 0.471354 0.115234 0.471354 0.114258 0.470052 0.106445 0.470052 0.105469 0.471354 0.102539 0.471354
0 0.170898 0.505208 0.169922 0.505208 0.168945 0.503906 0.166992 0.503906 0.166016 0.502604 0.164062 0.502604 0.163086 0.503906 0.153320 0.503906 0.152344 0.505208 0.149414 0.505208 0.148438 0.506510 0.147461 0.506510 0.146484 0.507812 0.145508 0.507812 0.143555 0.511719 0.143555 0.522135 0.145508 0.524740 0.145508 0.526042 0.146484 0.527344 0.146484 0.528646 0.150391 0.533854 0.151367 0.533854 0.154297 0.536458 0.156250 0.536458 0.157227 0.537760 0.163086 0.537760 0.164062 0.536458 0.165039 0.536458 0.166016 0.535156 0.166992 0.535156 0.168945 0.532552 0.169922 0.532552 0.170898 0.531250 0.171875 0.531250 0.172852 0.529948 0.173828 0.529948 0.173828 0.528646 0.174805 0.527344 0.173828 0.526042 0.173828 0.519531 0.172852 0.518229 0.172852 0.516927 0.173828 0.515625 0.173828 0.511719 0.172852 0.510417 0.172852 0.507812
0 0.191406 0.476562 0.190430 0.477865 0.188477 0.477865 0.186523 0.480469 0.185547 0.480469 0.184570 0.481771 0.183594 0.481771 0.181641 0.484375 0.180664 0.484375 0.179688 0.485677 0.179688 0.486979 0.178711 0.488281 0.178711 0.493490 0.179688 0.494792 0.179688 0.502604 0.180664 0.503906 0.180664 0.506510 0.181641 0.507812 0.181641 0.510417 0.182617 0.511719 0.182617 0.513021 0.184570 0.515625 0.185547 0.515625 0.186523 0.516927 0.191406 0.516927 0.192383 0.518229 0.197266 0.518229 0.199219 0.515625 0.200195 0.515625 0.203125 0.511719 0.203125 0.510417 0.204102 0.509115 0.204102 0.497396 0.203125 0.496094 0.203125 0.488281 0.202148 0.486979 0.202148 0.481771 0.201172 0.481771 0.200195 0.480469 0.199219 0.480469 0.196289 0.477865 0.194336 0.477865 0.193359 0.476562
0 0.205078 0.513021 0.199219 0.518229 0.199219 0.519531 0.198242 0.520833 0.198242 0.522135 0.196289 0.526042 0.196289 0.540365 0.197266 0.541667 0.197266 0.542969 0.200195 0.546875 0.201172 0.546875 0.202148 0.548177 0.204102 0.548177 0.205078 0.549479 0.207031 0.549479 0.209961 0.552083 0.216797 0.552083 0.218750 0.549479 0.218750 0.548177 0.220703 0.545573 0.220703 0.541667 0.219727 0.540365 0.219727 0.535156 0.218750 0.533854 0.218750 0.532552 0.220703 0.528646 0.220703 0.526042 0.221680 0.524740 0.221680 0.522135 0.220703 0.520833 0.219727 0.520833 0.216797 0.518229 0.214844 0.518229 0.212891 0.515625 0.211914 0.515625 0.208984 0.513021
0 0.187500 0.546875 0.186523 0.548177 0.184570 0.548177 0.183594 0.549479 0.181641 0.549479 0.176758 0.554688 0.176758 0.557292 0.175781 0.558594 0.175781 0.559896 0.172852 0.563802 0.172852 0.566406 0.171875 0.567708 0.171875 0.572917 0.172852 0.574219 0.172852 0.578125 0.173828 0.579427 0.173828 0.582031 0.180664 0.591146 0.181641 0.591146 0.184570 0.593750 0.188477 0.593750 0.189453 0.595052 0.190430 0.593750 0.193359 0.593750 0.195312 0.591146 0.195312 0.588542 0.198242 0.584635 0.198242 0.583333 0.200195 0.580729 0.200195 0.578125 0.203125 0.571615 0.203125 0.558594 0.201172 0.558594 0.200195 0.557292 0.196289 0.557292 0.195312 0.555990 0.193359 0.555990 0.192383 0.554688 0.191406 0.554688 0.190430 0.553385 0.191406 0.552083 0.191406 0.548177 0.190430 0.546875
0 0.212891 0.557292 0.209961 0.561198 0.209961 0.562500 0.208984 0.563802 0.208984 0.566406 0.208008 0.567708 0.208008 0.570312 0.207031 0.571615 0.207031 0.574219 0.206055 0.575521 0.206055 0.584635 0.208008 0.587240 0.208008 0.588542 0.208984 0.589844 0.209961 0.589844 0.210938 0.591146 0.211914 0.591146 0.212891 0.592448 0.214844 0.592448 0.215820 0.593750 0.216797 0.593750 0.217773 0.592448 0.218750 0.592448 0.218750 0.584635 0.219727 0.583333 0.219727 0.579427 0.220703 0.578125 0.220703 0.576823 0.223633 0.572917 0.224609 0.572917 0.226562 0.570312 0.227539 0.570312 0.227539 0.569010 0.228516 0.567708 0.228516 0.563802 0.227539 0.562500 0.226562 0.562500 0.225586 0.561198 0.223633 0.561198 0.221680 0.558594 0.219727 0.558594 0.218750 0.557292
0 0.220703 0.576823 0.220703 0.578125 0.219727 0.579427 0.219727 0.593750 0.220703 0.595052 0.220703 0.598958 0.222656 0.601562 0.224609 0.601562 0.225586 0.602865 0.227539 0.602865 0.228516 0.604167 0.229492 0.602865 0.241211 0.602865 0.242188 0.601562 0.245117 0.601562 0.248047 0.598958 0.248047 0.597656 0.249023 0.596354 0.249023 0.595052 0.248047 0.593750 0.248047 0.579427 0.247070 0.578125 0.247070 0.576823 0.246094 0.575521 0.246094 0.574219 0.244141 0.571615 0.243164 0.571615 0.240234 0.567708 0.239258 0.567708 0.237305 0.565104 0.233398 0.565104 0.232422 0.566406 0.230469 0.566406 0.229492 0.567708 0.228516 0.567708 0.223633 0.574219 0.222656 0.574219
0 0.176758 0.613281 0.175781 0.614583 0.174805 0.614583 0.173828 0.615885 0.171875 0.615885 0.170898 0.617188 0.169922 0.617188 0.167969 0.619792 0.166992 0.619792 0.166016 0.621094 0.165039 0.621094 0.165039 0.628906 0.166016 0.630208 0.166016 0.634115 0.166992 0.635417 0.166992 0.638021 0.167969 0.639323 0.167969 0.640625 0.168945 0.641927 0.168945 0.643229 0.169922 0.643229 0.171875 0.645833 0.172852 0.645833 0.173828 0.647135 0.174805 0.647135 0.177734 0.651042 0.178711 0.651042 0.179688 0.652344 0.182617 0.652344 0.188477 0.647135 0.188477 0.643229 0.189453 0.641927 0.189453 0.640625 0.190430 0.639323 0.190430 0.636719 0.191406 0.635417 0.191406 0.625000 0.190430 0.623698 0.190430 0.621094 0.187500 0.617188 0.187500 0.615885 0.186523 0.614583 0.185547 0.614583 0.184570 0.613281
0 0.206055 0.600260 0.205078 0.601562 0.204102 0.601562 0.203125 0.602865 0.202148 0.602865 0.197266 0.609375 0.196289 0.609375 0.190430 0.617188 0.190430 0.618490 0.191406 0.619792 0.191406 0.623698 0.193359 0.627604 0.193359 0.630208 0.197266 0.635417 0.198242 0.635417 0.199219 0.636719 0.201172 0.636719 0.202148 0.638021 0.210938 0.638021 0.211914 0.636719 0.213867 0.636719 0.214844 0.635417 0.216797 0.635417 0.218750 0.632812 0.218750 0.630208 0.217773 0.628906 0.217773 0.625000 0.218750 0.623698 0.218750 0.610677 0.216797 0.608073 0.215820 0.608073 0.213867 0.605469 0.213867 0.604167 0.211914 0.601562 0.210938 0.601562 0.209961 0.600260
0 0.223633 0.611979 0.223633 0.613281 0.222656 0.614583 0.222656 0.621094 0.221680 0.622396 0.221680 0.630208 0.222656 0.631510 0.222656 0.634115 0.223633 0.635417 0.223633 0.636719 0.228516 0.643229 0.229492 0.643229 0.230469 0.644531 0.236328 0.644531 0.237305 0.643229 0.240234 0.643229 0.243164 0.640625 0.246094 0.640625 0.247070 0.639323 0.249023 0.639323 0.252930 0.632812 0.252930 0.623698 0.251953 0.622396 0.251953 0.619792 0.245117 0.610677 0.245117 0.606771 0.244141 0.606771 0.243164 0.605469 0.233398 0.605469 0.232422 0.606771 0.231445 0.606771 0.230469 0.608073 0.228516 0.608073 0.227539 0.609375 0.226562 0.609375 0.224609 0.611979
0 0.219727 0.648438 0.215820 0.653646 0.215820 0.660156 0.216797 0.661458 0.216797 0.667969 0.217773 0.669271 0.217773 0.670573 0.219727 0.673177 0.219727 0.674479 0.223633 0.679688 0.224609 0.679688 0.227539 0.682292 0.237305 0.682292 0.238281 0.680990 0.239258 0.680990 0.243164 0.675781 0.244141 0.671875 0.246094 0.669271 0.246094 0.666667 0.247070 0.665365 0.247070 0.662760 0.250977 0.657552 0.250000 0.656250 0.250000 0.653646 0.248047 0.651042 0.248047 0.648438 0.247070 0.647135 0.245117 0.647135 0.244141 0.645833 0.241211 0.648438 0.242188 0.649740 0.242188 0.651042 0.243164 0.651042 0.245117 0.653646 0.245117 0.654948 0.244141 0.656250 0.241211 0.653646 0.239258 0.653646 0.238281 0.652344 0.238281 0.651042 0.236328 0.651042 0.234375 0.648438 0.232422 0.648438 0.229492 0.645833 0.223633 0.645833 0.222656 0.647135
0 0.199219 0.648438 0.195312 0.648438 0.194336 0.649740 0.189453 0.649740 0.188477 0.651042 0.187500 0.651042 0.182617 0.657552 0.182617 0.658854 0.179688 0.662760 0.179688 0.664062 0.178711 0.665365 0.178711 0.667969 0.176758 0.671875 0.176758 0.675781 0.177734 0.677083 0.177734 0.679688 0.182617 0.686198 0.183594 0.686198 0.184570 0.687500 0.185547 0.687500 0.188477 0.690104 0.193359 0.690104 0.194336 0.688802 0.195312 0.688802 0.196289 0.687500 0.197266 0.687500 0.203125 0.679688 0.203125 0.678385 0.205078 0.675781 0.205078 0.674479 0.207031 0.670573 0.207031 0.666667 0.206055 0.665365 0.206055 0.661458 0.205078 0.660156 0.205078 0.658854 0.204102 0.657552 0.204102 0.656250 0.203125 0.654948 0.201172 0.654948 0.199219 0.652344
0 0.187500 0.697917 0.184570 0.701823 0.184570 0.704427 0.183594 0.705729 0.183594 0.707031 0.184570 0.708333 0.184570 0.713542 0.185547 0.714844 0.185547 0.721354 0.186523 0.722656 0.186523 0.725260 0.188477 0.727865 0.190430 0.727865 0.192383 0.730469 0.194336 0.730469 0.195312 0.731771 0.199219 0.731771 0.200195 0.733073 0.204102 0.733073 0.205078 0.731771 0.207031 0.731771 0.208008 0.730469 0.208984 0.730469 0.211914 0.726562 0.211914 0.725260 0.212891 0.723958 0.212891 0.718750 0.211914 0.717448 0.211914 0.710938 0.210938 0.709635 0.210938 0.708333 0.208984 0.705729 0.208008 0.705729 0.205078 0.703125 0.203125 0.703125 0.202148 0.701823 0.200195 0.701823 0.199219 0.700521 0.196289 0.700521 0.195312 0.699219 0.193359 0.699219 0.192383 0.697917
0 0.217773 0.678385 0.215820 0.680990 0.215820 0.682292 0.214844 0.683594 0.214844 0.686198 0.213867 0.687500 0.213867 0.692708 0.212891 0.694010 0.212891 0.703125 0.213867 0.704427 0.213867 0.707031 0.214844 0.708333 0.215820 0.708333 0.217773 0.710938 0.219727 0.710938 0.220703 0.712240 0.222656 0.712240 0.223633 0.713542 0.229492 0.713542 0.230469 0.712240 0.232422 0.712240 0.233398 0.710938 0.234375 0.710938 0.237305 0.707031 0.237305 0.704427 0.239258 0.700521 0.239258 0.686198 0.236328 0.683594 0.227539 0.683594 0.226562 0.682292 0.225586 0.682292 0.224609 0.680990 0.223633 0.680990 0.221680 0.678385 0.220703 0.678385 0.219727 0.677083 0.218750 0.678385
0 0.235352 0.428385 0.234375 0.429688 0.232422 0.429688 0.231445 0.430990 0.229492 0.430990 0.228516 0.432292 0.227539 0.432292 0.225586 0.434896 0.224609 0.434896 0.224609 0.436198 0.222656 0.440104 0.222656 0.449219 0.221680 0.450521 0.221680 0.454427 0.222656 0.455729 0.222656 0.458333 0.223633 0.459635 0.223633 0.464844 0.224609 0.466146 0.224609 0.467448 0.229492 0.473958 0.230469 0.473958 0.231445 0.475260 0.233398 0.475260 0.234375 0.476562 0.237305 0.477865 0.240234 0.481771 0.241211 0.480469 0.243164 0.480469 0.244141 0.479167 0.245117 0.479167 0.247070 0.476562 0.248047 0.476562 0.250977 0.470052 0.250977 0.464844 0.251953 0.463542 0.251953 0.458333 0.252930 0.457031 0.252930 0.453125 0.253906 0.451823 0.253906 0.442708 0.252930 0.441406 0.252930 0.440104 0.248047 0.433594 0.247070 0.433594 0.244141 0.430990 0.242188 0.430990 0.241211 0.429688 0.237305 0.429688 0.236328 0.428385
0 0.211914 0.475260 0.210938 0.479167 0.209961 0.480469 0.208984 0.480469 0.208984 0.483073 0.210938 0.485677 0.210938 0.492188 0.209961 0.493490 0.209961 0.502604 0.210938 0.503906 0.210938 0.507812 0.213867 0.511719 0.214844 0.511719 0.215820 0.513021 0.216797 0.513021 0.218750 0.515625 0.220703 0.515625 0.221680 0.516927 0.231445 0.516927 0.232422 0.515625 0.233398 0.515625 0.236328 0.511719 0.236328 0.509115 0.237305 0.507812 0.237305 0.483073 0.236328 0.481771 0.236328 0.480469 0.235352 0.479167 0.234375 0.479167 0.232422 0.476562 0.230469 0.476562 0.229492 0.475260 0.228516 0.475260 0.225586 0.472656 0.221680 0.472656 0.220703 0.473958 0.217773 0.473958 0.216797 0.475260
0 0.287109 0.453125 0.285156 0.450521 0.284180 0.450521 0.283203 0.449219 0.282227 0.449219 0.281250 0.450521 0.278320 0.450521 0.277344 0.451823 0.276367 0.451823 0.275391 0.453125 0.273438 0.453125 0.272461 0.454427 0.271484 0.454427 0.270508 0.455729 0.269531 0.455729 0.267578 0.458333 0.266602 0.458333 0.265625 0.459635 0.264648 0.459635 0.263672 0.460938 0.262695 0.460938 0.258789 0.466146 0.258789 0.468750 0.259766 0.470052 0.259766 0.472656 0.262695 0.476562 0.273438 0.476562 0.274414 0.475260 0.277344 0.475260 0.278320 0.473958 0.279297 0.473958 0.280273 0.475260 0.283203 0.475260 0.285156 0.472656 0.286133 0.472656 0.288086 0.470052 0.288086 0.467448 0.289062 0.466146 0.289062 0.462240 0.288086 0.460938 0.288086 0.457031 0.287109 0.455729
0 0.240234 0.519531 0.232422 0.519531 0.231445 0.520833 0.228516 0.520833 0.227539 0.522135 0.226562 0.522135 0.224609 0.524740 0.223633 0.524740 0.221680 0.527344 0.221680 0.528646 0.219727 0.532552 0.219727 0.536458 0.220703 0.537760 0.220703 0.541667 0.221680 0.542969 0.222656 0.546875 0.224609 0.549479 0.224609 0.550781 0.227539 0.554688 0.227539 0.555990 0.231445 0.562500 0.235352 0.562500 0.236328 0.561198 0.238281 0.561198 0.239258 0.559896 0.241211 0.559896 0.242188 0.558594 0.245117 0.557292 0.248047 0.553385 0.248047 0.552083 0.249023 0.550781 0.249023 0.548177 0.250977 0.544271 0.250977 0.539062 0.250000 0.537760 0.250000 0.533854 0.249023 0.532552 0.249023 0.531250 0.248047 0.529948 0.247070 0.529948 0.242188 0.523438 0.242188 0.522135
0 0.260742 0.496094 0.259766 0.497396 0.258789 0.497396 0.250977 0.507812 0.250977 0.509115 0.250000 0.510417 0.250000 0.515625 0.249023 0.516927 0.249023 0.523438 0.250000 0.524740 0.250000 0.527344 0.251953 0.529948 0.252930 0.529948 0.254883 0.533854 0.255859 0.533854 0.260742 0.539062 0.262695 0.539062 0.263672 0.540365 0.267578 0.540365 0.268555 0.539062 0.272461 0.539062 0.273438 0.537760 0.274414 0.537760 0.277344 0.533854 0.278320 0.533854 0.278320 0.532552 0.279297 0.531250 0.279297 0.528646 0.280273 0.527344 0.279297 0.526042 0.279297 0.520833 0.278320 0.519531 0.278320 0.518229 0.277344 0.516927 0.276367 0.513021 0.274414 0.510417 0.274414 0.509115 0.272461 0.506510 0.271484 0.502604 0.269531 0.500000 0.269531 0.498698 0.267578 0.496094
0 0.266602 0.542969 0.266602 0.552083 0.267578 0.553385 0.267578 0.557292 0.268555 0.558594 0.268555 0.561198 0.269531 0.562500 0.269531 0.563802 0.271484 0.563802 0.272461 0.565104 0.273438 0.565104 0.274414 0.566406 0.276367 0.566406 0.277344 0.567708 0.287109 0.567708 0.288086 0.566406 0.289062 0.566406 0.290039 0.565104 0.291016 0.565104 0.293945 0.561198 0.293945 0.559896 0.294922 0.558594 0.294922 0.555990 0.295898 0.554688 0.295898 0.548177 0.294922 0.546875 0.294922 0.545573 0.292969 0.542969 0.291992 0.542969 0.290039 0.539062 0.289062 0.539062 0.288086 0.537760 0.285156 0.537760 0.284180 0.536458 0.281250 0.536458 0.280273 0.535156 0.278320 0.535156 0.276367 0.537760 0.275391 0.537760 0.272461 0.540365 0.270508 0.540365 0.269531 0.541667 0.267578 0.541667
0 0.301758 0.509115 0.300781 0.510417 0.298828 0.510417 0.297852 0.511719 0.296875 0.511719 0.295898 0.513021 0.294922 0.513021 0.291016 0.518229 0.291016 0.519531 0.290039 0.520833 0.290039 0.537760 0.292969 0.541667 0.293945 0.541667 0.296875 0.545573 0.297852 0.545573 0.298828 0.546875 0.299805 0.546875 0.301758 0.549479 0.306641 0.549479 0.309570 0.546875 0.311523 0.546875 0.312500 0.545573 0.313477 0.545573 0.315430 0.542969 0.315430 0.541667 0.317383 0.539062 0.317383 0.537760 0.318359 0.536458 0.318359 0.533854 0.319336 0.532552 0.319336 0.524740 0.315430 0.519531 0.314453 0.519531 0.312500 0.516927 0.311523 0.516927 0.309570 0.514323 0.308594 0.514323 0.305664 0.510417 0.303711 0.510417 0.302734 0.509115
0 0.309570 0.466146 0.301758 0.466146 0.300781 0.467448 0.299805 0.467448 0.297852 0.470052 0.297852 0.471354 0.294922 0.475260 0.293945 0.475260 0.293945 0.476562 0.291992 0.480469 0.291992 0.481771 0.292969 0.483073 0.292969 0.486979 0.294922 0.490885 0.294922 0.493490 0.295898 0.494792 0.295898 0.496094 0.296875 0.497396 0.296875 0.498698 0.297852 0.500000 0.297852 0.501302 0.298828 0.502604 0.298828 0.503906 0.300781 0.506510 0.305664 0.506510 0.306641 0.505208 0.308594 0.505208 0.309570 0.503906 0.310547 0.503906 0.311523 0.502604 0.312500 0.502604 0.316406 0.497396 0.317383 0.497396 0.321289 0.492188 0.321289 0.490885 0.322266 0.489583 0.322266 0.481771 0.321289 0.480469 0.321289 0.477865 0.320312 0.476562 0.320312 0.475260 0.316406 0.470052 0.315430 0.470052 0.312500 0.467448 0.310547 0.467448
0 0.332031 0.484375 0.331055 0.485677 0.329102 0.485677 0.324219 0.492188 0.324219 0.493490 0.323242 0.494792 0.323242 0.500000 0.322266 0.501302 0.322266 0.519531 0.324219 0.522135 0.326172 0.522135 0.327148 0.523438 0.329102 0.523438 0.330078 0.524740 0.333984 0.524740 0.334961 0.526042 0.337891 0.526042 0.338867 0.524740 0.339844 0.524740 0.342773 0.520833 0.342773 0.519531 0.346680 0.513021 0.346680 0.511719 0.347656 0.510417 0.347656 0.509115 0.349609 0.505208 0.349609 0.502604 0.350586 0.501302 0.350586 0.497396 0.351562 0.496094 0.350586 0.494792 0.350586 0.490885 0.349609 0.490885 0.348633 0.489583 0.347656 0.489583 0.346680 0.488281 0.345703 0.488281 0.342773 0.484375
0 0.335938 0.440104 0.334961 0.441406 0.333008 0.441406 0.330078 0.445312 0.329102 0.445312 0.327148 0.447917 0.326172 0.447917 0.325195 0.449219 0.325195 0.450521 0.323242 0.454427 0.323242 0.464844 0.329102 0.472656 0.330078 0.472656 0.331055 0.473958 0.331055 0.475260 0.333008 0.477865 0.333984 0.477865 0.335938 0.480469 0.337891 0.480469 0.338867 0.481771 0.344727 0.481771 0.345703 0.480469 0.348633 0.479167 0.350586 0.476562 0.351562 0.476562 0.352539 0.475260 0.352539 0.473958 0.354492 0.471354 0.355469 0.471354 0.356445 0.470052 0.356445 0.453125 0.354492 0.450521 0.353516 0.450521 0.348633 0.444010 0.346680 0.444010 0.343750 0.441406 0.340820 0.441406 0.339844 0.440104
0 0.352539 0.378906 0.351562 0.380208 0.347656 0.380208 0.346680 0.381510 0.344727 0.381510 0.343750 0.382812 0.341797 0.382812 0.340820 0.384115 0.339844 0.384115 0.336914 0.388021 0.336914 0.390625 0.335938 0.391927 0.335938 0.397135 0.336914 0.398438 0.336914 0.410156 0.337891 0.411458 0.338867 0.415365 0.339844 0.416667 0.340820 0.416667 0.341797 0.417969 0.341797 0.419271 0.342773 0.420573 0.343750 0.420573 0.345703 0.423177 0.348633 0.423177 0.349609 0.424479 0.352539 0.424479 0.353516 0.423177 0.356445 0.423177 0.357422 0.421875 0.361328 0.421875 0.362305 0.420573 0.363281 0.420573 0.365234 0.417969 0.365234 0.415365 0.366211 0.414062 0.366211 0.411458 0.367188 0.410156 0.367188 0.406250 0.368164 0.404948 0.368164 0.398438 0.367188 0.397135 0.367188 0.394531 0.363281 0.389323 0.363281 0.388021 0.358398 0.381510 0.357422 0.381510 0.356445 0.380208 0.353516 0.380208
0 0.372070 0.419271 0.361328 0.433594 0.360352 0.433594 0.360352 0.436198 0.361328 0.437500 0.361328 0.440104 0.359375 0.444010 0.359375 0.450521 0.365234 0.458333 0.366211 0.458333 0.369141 0.460938 0.379883 0.460938 0.380859 0.459635 0.383789 0.459635 0.384766 0.458333 0.385742 0.458333 0.387695 0.455729 0.387695 0.454427 0.388672 0.453125 0.388672 0.450521 0.389648 0.449219 0.389648 0.446615 0.390625 0.445312 0.390625 0.442708 0.391602 0.441406 0.391602 0.436198 0.390625 0.434896 0.390625 0.432292 0.388672 0.429688 0.388672 0.428385 0.381836 0.420573 0.379883 0.420573 0.378906 0.419271
0 0.385742 0.463542 0.379883 0.463542 0.378906 0.464844 0.377930 0.464844 0.375000 0.467448 0.373047 0.467448 0.370117 0.471354 0.369141 0.471354 0.365234 0.476562 0.365234 0.477865 0.364258 0.479167 0.364258 0.488281 0.365234 0.489583 0.365234 0.490885 0.366211 0.492188 0.366211 0.493490 0.371094 0.500000 0.372070 0.500000 0.375000 0.502604 0.384766 0.502604 0.386719 0.500000 0.387695 0.500000 0.388672 0.498698 0.389648 0.498698 0.390625 0.497396 0.391602 0.497396 0.391602 0.496094 0.392578 0.494792 0.392578 0.492188 0.393555 0.490885 0.393555 0.475260 0.392578 0.473958 0.392578 0.472656
0 0.328125 0.527344 0.326172 0.529948 0.325195 0.529948 0.323242 0.532552 0.322266 0.532552 0.317383 0.539062 0.317383 0.540365 0.315430 0.544271 0.315430 0.554688 0.317383 0.557292 0.319336 0.557292 0.320312 0.558594 0.321289 0.558594 0.325195 0.563802 0.332031 0.563802 0.333008 0.565104 0.339844 0.565104 0.340820 0.563802 0.341797 0.563802 0.343750 0.561198 0.343750 0.553385 0.341797 0.550781 0.341797 0.549479 0.340820 0.548177 0.340820 0.544271 0.339844 0.542969 0.339844 0.531250 0.338867 0.529948 0.338867 0.528646 0.336914 0.528646 0.335938 0.527344
0 0.353516 0.511719 0.350586 0.515625 0.349609 0.515625 0.347656 0.518229 0.346680 0.518229 0.342773 0.523438 0.342773 0.524740 0.341797 0.526042 0.341797 0.535156 0.340820 0.536458 0.340820 0.542969 0.341797 0.544271 0.341797 0.548177 0.345703 0.555990 0.346680 0.555990 0.349609 0.558594 0.358398 0.558594 0.359375 0.557292 0.361328 0.557292 0.363281 0.554688 0.364258 0.554688 0.364258 0.553385 0.370117 0.545573 0.371094 0.541667 0.370117 0.540365 0.370117 0.536458 0.369141 0.535156 0.369141 0.529948 0.368164 0.528646 0.368164 0.526042 0.367188 0.524740 0.366211 0.520833 0.364258 0.518229 0.363281 0.518229 0.360352 0.514323 0.360352 0.513021 0.359375 0.513021 0.358398 0.511719
0 0.288086 0.578125 0.282227 0.578125 0.281250 0.579427 0.279297 0.579427 0.271484 0.589844 0.270508 0.589844 0.267578 0.593750 0.267578 0.600260 0.274414 0.609375 0.274414 0.610677 0.275391 0.611979 0.275391 0.613281 0.276367 0.614583 0.277344 0.618490 0.278320 0.618490 0.279297 0.619792 0.281250 0.619792 0.282227 0.621094 0.283203 0.621094 0.284180 0.619792 0.290039 0.619792 0.291016 0.618490 0.293945 0.617188 0.302734 0.605469 0.302734 0.601562 0.303711 0.600260 0.302734 0.598958 0.302734 0.596354 0.301758 0.595052 0.301758 0.593750 0.299805 0.591146 0.298828 0.591146 0.296875 0.588542 0.296875 0.587240 0.295898 0.585938 0.294922 0.585938 0.291016 0.580729 0.290039 0.580729
0 0.261719 0.609375 0.260742 0.610677 0.259766 0.610677 0.259766 0.611979 0.257812 0.615885 0.257812 0.621094 0.256836 0.622396 0.256836 0.632812 0.257812 0.634115 0.257812 0.635417 0.258789 0.636719 0.258789 0.638021 0.261719 0.641927 0.261719 0.643229 0.263672 0.645833 0.264648 0.645833 0.266602 0.648438 0.268555 0.648438 0.269531 0.649740 0.272461 0.649740 0.273438 0.648438 0.275391 0.648438 0.276367 0.647135 0.277344 0.647135 0.279297 0.644531 0.280273 0.644531 0.280273 0.643229 0.281250 0.641927 0.281250 0.639323 0.282227 0.638021 0.282227 0.631510 0.283203 0.630208 0.283203 0.622396 0.282227 0.621094 0.280273 0.621094 0.279297 0.619792 0.278320 0.619792 0.277344 0.618490 0.277344 0.617188 0.276367 0.615885 0.276367 0.614583 0.275391 0.613281 0.275391 0.611979 0.273438 0.609375 0.272461 0.609375 0.271484 0.608073 0.268555 0.608073 0.267578 0.609375
0 0.261719 0.660156 0.260742 0.661458 0.258789 0.661458 0.254883 0.666667 0.254883 0.667969 0.249023 0.675781 0.249023 0.678385 0.247070 0.682292 0.247070 0.686198 0.246094 0.687500 0.246094 0.691406 0.247070 0.692708 0.247070 0.694010 0.248047 0.695312 0.249023 0.695312 0.254883 0.703125 0.255859 0.703125 0.258789 0.705729 0.266602 0.705729 0.267578 0.704427 0.270508 0.703125 0.272461 0.700521 0.272461 0.695312 0.271484 0.694010 0.271484 0.691406 0.270508 0.690104 0.270508 0.688802 0.269531 0.687500 0.268555 0.683594 0.266602 0.680990 0.266602 0.677083 0.268555 0.674479 0.268555 0.673177 0.267578 0.671875 0.267578 0.665365 0.268555 0.664062 0.268555 0.662760 0.267578 0.661458 0.267578 0.660156
0 0.264648 0.674479 0.264648 0.682292 0.265625 0.683594 0.265625 0.686198 0.267578 0.690104 0.267578 0.696615 0.269531 0.699219 0.269531 0.700521 0.279297 0.700521 0.280273 0.699219 0.280273 0.697917 0.278320 0.695312 0.278320 0.694010 0.277344 0.692708 0.277344 0.686198 0.279297 0.682292 0.281250 0.686198 0.284180 0.686198 0.286133 0.690104 0.287109 0.690104 0.290039 0.692708 0.291992 0.690104 0.292969 0.690104 0.297852 0.683594 0.297852 0.678385 0.295898 0.675781 0.294922 0.675781 0.292969 0.673177 0.292969 0.671875 0.290039 0.667969 0.289062 0.667969 0.287109 0.665365 0.286133 0.665365 0.285156 0.664062 0.277344 0.664062 0.276367 0.662760 0.274414 0.662760 0.271484 0.660156 0.269531 0.662760 0.268555 0.666667 0.266602 0.669271 0.266602 0.670573
0 0.327148 0.652344 0.323242 0.652344 0.322266 0.653646 0.318359 0.653646 0.317383 0.654948 0.316406 0.654948 0.315430 0.656250 0.312500 0.657552 0.309570 0.661458 0.309570 0.662760 0.308594 0.664062 0.308594 0.667969 0.307617 0.669271 0.307617 0.671875 0.304688 0.678385 0.304688 0.680990 0.305664 0.682292 0.305664 0.683594 0.307617 0.686198 0.308594 0.690104 0.313477 0.696615 0.314453 0.696615 0.319336 0.700521 0.325195 0.700521 0.326172 0.699219 0.330078 0.699219 0.330078 0.697917 0.331055 0.696615 0.331055 0.694010 0.332031 0.692708 0.332031 0.687500 0.333008 0.686198 0.333008 0.683594 0.333984 0.682292 0.333984 0.678385 0.334961 0.677083 0.334961 0.665365 0.333984 0.664062 0.333984 0.662760 0.333008 0.661458 0.329102 0.661458 0.328125 0.660156 0.325195 0.660156 0.323242 0.657552 0.324219 0.656250 0.327148 0.654948 0.328125 0.653646
0 0.312500 0.610677 0.304688 0.610677 0.302734 0.613281 0.301758 0.613281 0.300781 0.614583 0.299805 0.614583 0.298828 0.615885 0.295898 0.617188 0.293945 0.619792 0.292969 0.619792 0.291016 0.622396 0.290039 0.622396 0.289062 0.623698 0.289062 0.626302 0.288086 0.627604 0.289062 0.628906 0.289062 0.635417 0.290039 0.636719 0.290039 0.640625 0.291992 0.644531 0.292969 0.644531 0.293945 0.645833 0.296875 0.645833 0.297852 0.647135 0.299805 0.647135 0.300781 0.648438 0.302734 0.648438 0.303711 0.649740 0.306641 0.651042 0.307617 0.649740 0.308594 0.649740 0.310547 0.647135 0.313477 0.645833 0.316406 0.641927 0.316406 0.640625 0.318359 0.638021 0.318359 0.636719 0.319336 0.635417 0.319336 0.632812 0.320312 0.631510 0.320312 0.628906 0.321289 0.627604 0.321289 0.619792 0.320312 0.618490 0.320312 0.617188 0.318359 0.614583 0.317383 0.614583 0.316406 0.613281 0.315430 0.613281
0 0.323242 0.570312 0.322266 0.571615 0.321289 0.571615 0.317383 0.576823 0.317383 0.578125 0.316406 0.579427 0.316406 0.580729 0.315430 0.582031 0.315430 0.583333 0.313477 0.587240 0.313477 0.601562 0.314453 0.602865 0.315430 0.602865 0.318359 0.606771 0.319336 0.606771 0.324219 0.613281 0.326172 0.613281 0.327148 0.614583 0.332031 0.614583 0.333008 0.615885 0.333984 0.614583 0.334961 0.614583 0.340820 0.606771 0.340820 0.605469 0.341797 0.604167 0.341797 0.601562 0.342773 0.600260 0.342773 0.596354 0.343750 0.595052 0.343750 0.591146 0.342773 0.589844 0.341797 0.585938 0.339844 0.583333 0.336914 0.582031 0.334961 0.579427 0.334961 0.578125 0.333984 0.578125 0.332031 0.575521 0.331055 0.575521 0.327148 0.570312
0 0.373047 0.565104 0.368164 0.565104 0.367188 0.566406 0.365234 0.566406 0.361328 0.559896 0.358398 0.559896 0.357422 0.561198 0.352539 0.561198 0.351562 0.562500 0.349609 0.562500 0.348633 0.563802 0.347656 0.563802 0.345703 0.566406 0.344727 0.566406 0.343750 0.567708 0.343750 0.571615 0.342773 0.572917 0.342773 0.582031 0.343750 0.583333 0.343750 0.589844 0.344727 0.591146 0.344727 0.596354 0.348633 0.601562 0.355469 0.601562 0.356445 0.600260 0.358398 0.600260 0.359375 0.598958 0.361328 0.598958 0.362305 0.597656 0.363281 0.597656 0.364258 0.596354 0.365234 0.596354 0.366211 0.595052 0.367188 0.595052 0.368164 0.593750 0.371094 0.592448 0.375977 0.585938 0.376953 0.585938 0.377930 0.584635 0.377930 0.582031 0.376953 0.580729 0.376953 0.578125 0.374023 0.574219 0.375000 0.572917 0.375000 0.569010 0.373047 0.566406
0 0.337891 0.615885 0.336914 0.617188 0.333984 0.618490 0.332031 0.621094 0.332031 0.622396 0.329102 0.628906 0.329102 0.634115 0.328125 0.635417 0.328125 0.640625 0.329102 0.641927 0.329102 0.648438 0.330078 0.649740 0.331055 0.653646 0.335938 0.660156 0.345703 0.660156 0.347656 0.657552 0.348633 0.657552 0.349609 0.656250 0.350586 0.656250 0.351562 0.654948 0.352539 0.654948 0.353516 0.653646 0.356445 0.652344 0.360352 0.647135 0.360352 0.643229 0.361328 0.641927 0.361328 0.636719 0.359375 0.634115 0.359375 0.632812 0.354492 0.626302 0.353516 0.626302 0.348633 0.622396 0.344727 0.622396 0.343750 0.621094 0.343750 0.618490 0.344727 0.617188 0.343750 0.615885
0 0.354492 0.654948 0.353516 0.656250 0.352539 0.656250 0.351562 0.657552 0.348633 0.658854 0.344727 0.664062 0.344727 0.670573 0.343750 0.671875 0.343750 0.682292 0.345703 0.686198 0.345703 0.684896 0.347656 0.682292 0.347656 0.679688 0.348633 0.678385 0.349609 0.678385 0.350586 0.679688 0.350586 0.686198 0.351562 0.687500 0.351562 0.690104 0.353516 0.694010 0.355469 0.694010 0.356445 0.695312 0.364258 0.695312 0.364258 0.694010 0.367188 0.690104 0.367188 0.688802 0.369141 0.684896 0.369141 0.680990 0.370117 0.679688 0.370117 0.678385 0.372070 0.674479 0.372070 0.664062 0.371094 0.662760 0.371094 0.661458 0.370117 0.660156 0.369141 0.660156 0.366211 0.656250 0.363281 0.656250 0.362305 0.654948
0 0.378906 0.625000 0.373047 0.632812 0.373047 0.634115 0.371094 0.636719 0.371094 0.638021 0.369141 0.641927 0.369141 0.648438 0.370117 0.649740 0.370117 0.652344 0.371094 0.653646 0.371094 0.654948 0.373047 0.657552 0.373047 0.658854 0.377930 0.665365 0.378906 0.665365 0.380859 0.667969 0.381836 0.667969 0.382812 0.669271 0.389648 0.669271 0.391602 0.666667 0.392578 0.666667 0.397461 0.660156 0.397461 0.658854 0.400391 0.654948 0.400391 0.653646 0.401367 0.652344 0.401367 0.645833 0.400391 0.644531 0.400391 0.641927 0.398438 0.639323 0.398438 0.638021 0.397461 0.636719 0.398438 0.632812 0.396484 0.630208 0.393555 0.630208 0.392578 0.628906 0.388672 0.628906 0.387695 0.627604 0.385742 0.627604 0.382812 0.625000
0 0.406250 0.562500 0.405273 0.561198 0.403320 0.561198 0.400391 0.558594 0.399414 0.558594 0.398438 0.559896 0.395508 0.559896 0.392578 0.562500 0.386719 0.562500 0.385742 0.561198 0.380859 0.561198 0.379883 0.562500 0.379883 0.563802 0.378906 0.565104 0.378906 0.567708 0.377930 0.569010 0.377930 0.574219 0.378906 0.575521 0.378906 0.576823 0.380859 0.580729 0.380859 0.583333 0.381836 0.584635 0.381836 0.585938 0.383789 0.588542 0.384766 0.588542 0.385742 0.589844 0.387695 0.589844 0.388672 0.591146 0.390625 0.591146 0.391602 0.592448 0.394531 0.592448 0.395508 0.593750 0.403320 0.593750 0.410156 0.584635 0.410156 0.578125 0.409180 0.576823 0.409180 0.571615 0.408203 0.570312 0.408203 0.567708 0.407227 0.566406 0.407227 0.565104 0.406250 0.563802
0 0.395508 0.510417 0.392578 0.510417 0.391602 0.511719 0.389648 0.511719 0.388672 0.513021 0.387695 0.513021 0.383789 0.518229 0.382812 0.518229 0.377930 0.524740 0.377930 0.526042 0.375977 0.528646 0.375977 0.531250 0.375000 0.532552 0.375000 0.540365 0.375977 0.541667 0.375977 0.542969 0.378906 0.546875 0.378906 0.548177 0.381836 0.554688 0.381836 0.557292 0.383789 0.559896 0.384766 0.559896 0.385742 0.561198 0.387695 0.561198 0.388672 0.562500 0.389648 0.562500 0.390625 0.561198 0.392578 0.561198 0.393555 0.559896 0.395508 0.559896 0.396484 0.558594 0.397461 0.558594 0.399414 0.555990 0.400391 0.555990 0.401367 0.554688 0.401367 0.553385 0.402344 0.552083 0.403320 0.552083 0.406250 0.548177 0.406250 0.546875 0.408203 0.544271 0.408203 0.531250 0.407227 0.529948 0.406250 0.526042 0.405273 0.526042 0.403320 0.523438 0.402344 0.523438 0.399414 0.519531 0.399414 0.518229 0.396484 0.514323
0 0.365234 0.332031 0.363281 0.332031 0.362305 0.330729 0.358398 0.330729 0.357422 0.332031 0.355469 0.332031 0.354492 0.333333 0.352539 0.333333 0.351562 0.334635 0.349609 0.334635 0.346680 0.337240 0.344727 0.337240 0.343750 0.338542 0.342773 0.338542 0.339844 0.342448 0.339844 0.343750 0.338867 0.345052 0.338867 0.351562 0.339844 0.352865 0.339844 0.356771 0.340820 0.358073 0.340820 0.359375 0.341797 0.360677 0.341797 0.361979 0.342773 0.363281 0.342773 0.364583 0.344727 0.368490 0.345703 0.368490 0.346680 0.369792 0.348633 0.369792 0.349609 0.371094 0.351562 0.371094 0.352539 0.372396 0.359375 0.372396 0.360352 0.371094 0.361328 0.371094 0.362305 0.369792 0.365234 0.368490 0.369141 0.363281 0.369141 0.360677 0.371094 0.356771 0.371094 0.352865 0.372070 0.351562 0.371094 0.350260 0.371094 0.346354 0.370117 0.345052 0.370117 0.342448 0.369141 0.341146 0.369141 0.339844 0.368164 0.338542 0.367188 0.334635
0 0.374023 0.385417 0.374023 0.386719 0.373047 0.388021 0.373047 0.390625 0.372070 0.391927 0.372070 0.395833 0.373047 0.397135 0.373047 0.399740 0.374023 0.401042 0.374023 0.403646 0.375977 0.406250 0.375977 0.407552 0.378906 0.411458 0.380859 0.411458 0.381836 0.412760 0.385742 0.412760 0.386719 0.414062 0.389648 0.414062 0.390625 0.412760 0.396484 0.412760 0.397461 0.411458 0.398438 0.411458 0.399414 0.410156 0.400391 0.410156 0.400391 0.408854 0.401367 0.407552 0.400391 0.406250 0.400391 0.402344 0.399414 0.401042 0.399414 0.397135 0.400391 0.395833 0.400391 0.393229 0.401367 0.391927 0.401367 0.390625 0.403320 0.386719 0.402344 0.385417 0.402344 0.384115 0.400391 0.381510 0.398438 0.381510 0.397461 0.380208 0.390625 0.380208 0.389648 0.378906 0.386719 0.378906 0.385742 0.380208 0.381836 0.380208 0.380859 0.381510 0.379883 0.381510 0.378906 0.382812 0.376953 0.382812
0 0.443359 0.263021 0.438477 0.263021 0.437500 0.264323 0.434570 0.264323 0.433594 0.265625 0.431641 0.265625 0.430664 0.266927 0.427734 0.268229 0.425781 0.270833 0.424805 0.270833 0.421875 0.274740 0.421875 0.276042 0.420898 0.277344 0.420898 0.281250 0.419922 0.282552 0.419922 0.290365 0.420898 0.291667 0.420898 0.294271 0.421875 0.295573 0.422852 0.299479 0.425781 0.303385 0.426758 0.303385 0.429688 0.305990 0.433594 0.305990 0.434570 0.307292 0.435547 0.307292 0.436523 0.305990 0.441406 0.305990 0.442383 0.304688 0.443359 0.304688 0.444336 0.303385 0.445312 0.303385 0.446289 0.302083 0.447266 0.302083 0.448242 0.300781 0.451172 0.299479 0.457031 0.291667 0.457031 0.290365 0.458008 0.289062 0.458008 0.285156 0.457031 0.283854 0.457031 0.281250 0.454102 0.277344 0.453125 0.273438 0.452148 0.273438 0.445312 0.264323 0.444336 0.264323
0 0.451172 0.308594 0.449219 0.311198 0.449219 0.315104 0.448242 0.316406 0.448242 0.319010 0.447266 0.320312 0.447266 0.322917 0.446289 0.324219 0.446289 0.332031 0.447266 0.333333 0.448242 0.337240 0.450195 0.339844 0.450195 0.341146 0.454102 0.346354 0.455078 0.346354 0.457031 0.348958 0.458008 0.348958 0.458984 0.350260 0.469727 0.350260 0.470703 0.348958 0.471680 0.348958 0.476562 0.342448 0.476562 0.337240 0.477539 0.335938 0.477539 0.320312 0.476562 0.319010 0.476562 0.317708 0.470703 0.309896 0.470703 0.308594 0.467773 0.304688 0.458008 0.304688 0.457031 0.305990 0.455078 0.305990 0.454102 0.307292
0 0.429688 0.350260 0.428711 0.351562 0.428711 0.352865 0.424805 0.358073 0.424805 0.359375 0.423828 0.360677 0.423828 0.363281 0.422852 0.364583 0.422852 0.371094 0.425781 0.377604 0.425781 0.380208 0.428711 0.384115 0.429688 0.384115 0.432617 0.386719 0.434570 0.386719 0.437500 0.389323 0.439453 0.389323 0.442383 0.391927 0.452148 0.391927 0.453125 0.390625 0.455078 0.390625 0.456055 0.389323 0.456055 0.388021 0.458984 0.381510 0.458984 0.378906 0.459961 0.377604 0.459961 0.361979 0.458984 0.360677 0.458984 0.358073 0.458008 0.356771 0.458008 0.355469 0.455078 0.351562 0.454102 0.351562 0.452148 0.348958 0.451172 0.348958 0.450195 0.347656 0.446289 0.347656 0.445312 0.346354 0.437500 0.346354 0.436523 0.347656 0.434570 0.347656 0.431641 0.350260
0 0.421875 0.372396 0.418945 0.372396 0.417969 0.373698 0.416016 0.373698 0.410156 0.381510 0.409180 0.381510 0.406250 0.385417 0.405273 0.385417 0.399414 0.397135 0.399414 0.399740 0.400391 0.401042 0.400391 0.404948 0.401367 0.406250 0.402344 0.410156 0.407227 0.415365 0.409180 0.415365 0.410156 0.416667 0.415039 0.416667 0.416016 0.415365 0.423828 0.415365 0.424805 0.414062 0.427734 0.414062 0.428711 0.412760 0.430664 0.412760 0.433594 0.408854 0.433594 0.407552 0.434570 0.406250 0.434570 0.397135 0.433594 0.395833 0.433594 0.393229 0.432617 0.391927 0.432617 0.389323 0.429688 0.385417 0.428711 0.385417 0.424805 0.380208 0.424805 0.378906 0.423828 0.377604 0.423828 0.375000
0 0.462891 0.376302 0.461914 0.377604 0.461914 0.378906 0.460938 0.380208 0.459961 0.384115 0.458008 0.386719 0.458008 0.389323 0.456055 0.393229 0.456055 0.403646 0.457031 0.404948 0.458008 0.408854 0.462891 0.415365 0.464844 0.415365 0.465820 0.416667 0.467773 0.416667 0.468750 0.415365 0.474609 0.415365 0.475586 0.414062 0.478516 0.414062 0.479492 0.412760 0.481445 0.412760 0.482422 0.411458 0.483398 0.411458 0.483398 0.410156 0.484375 0.408854 0.484375 0.407552 0.486328 0.403646 0.486328 0.401042 0.487305 0.399740 0.487305 0.389323 0.486328 0.388021 0.486328 0.386719 0.485352 0.385417 0.484375 0.385417 0.482422 0.382812 0.481445 0.382812 0.480469 0.381510 0.477539 0.380208 0.475586 0.377604 0.474609 0.377604 0.471680 0.375000 0.464844 0.375000 0.463867 0.376302
0 0.498047 0.342448 0.493164 0.342448 0.492188 0.343750 0.486328 0.343750 0.485352 0.345052 0.483398 0.345052 0.481445 0.347656 0.481445 0.348958 0.479492 0.351562 0.479492 0.352865 0.478516 0.354167 0.478516 0.363281 0.479492 0.364583 0.479492 0.368490 0.480469 0.369792 0.480469 0.372396 0.481445 0.373698 0.481445 0.375000 0.483398 0.378906 0.483398 0.381510 0.486328 0.385417 0.487305 0.385417 0.488281 0.386719 0.490234 0.386719 0.491211 0.388021 0.495117 0.388021 0.496094 0.386719 0.499023 0.386719 0.500000 0.385417 0.500977 0.385417 0.502930 0.382812 0.503906 0.378906 0.506836 0.375000 0.506836 0.373698 0.507812 0.372396 0.507812 0.371094 0.509766 0.367188 0.509766 0.355469 0.508789 0.354167 0.508789 0.352865 0.502930 0.345052 0.501953 0.345052 0.500977 0.343750 0.499023 0.343750
0 0.496094 0.289062 0.492188 0.289062 0.491211 0.290365 0.489258 0.290365 0.488281 0.291667 0.488281 0.292969 0.486328 0.296875 0.486328 0.299479 0.482422 0.305990 0.482422 0.307292 0.481445 0.308594 0.481445 0.309896 0.479492 0.313802 0.479492 0.320312 0.480469 0.321615 0.480469 0.322917 0.483398 0.326823 0.483398 0.328125 0.484375 0.328125 0.488281 0.333333 0.489258 0.333333 0.490234 0.334635 0.493164 0.334635 0.494141 0.335938 0.495117 0.334635 0.499023 0.334635 0.500000 0.333333 0.500977 0.333333 0.502930 0.330729 0.503906 0.330729 0.508789 0.324219 0.508789 0.322917 0.511719 0.319010 0.511719 0.316406 0.512695 0.315104 0.512695 0.313802 0.511719 0.312500 0.511719 0.308594 0.510742 0.307292 0.510742 0.304688 0.509766 0.303385 0.509766 0.302083 0.507812 0.299479 0.507812 0.298177 0.502930 0.291667 0.501953 0.291667 0.500977 0.290365 0.497070 0.290365
0 0.480469 0.244792 0.479492 0.246094 0.478516 0.246094 0.474609 0.251302 0.473633 0.251302 0.472656 0.252604 0.472656 0.253906 0.471680 0.255208 0.471680 0.259115 0.470703 0.260417 0.470703 0.269531 0.471680 0.270833 0.471680 0.274740 0.472656 0.276042 0.472656 0.278646 0.474609 0.281250 0.474609 0.282552 0.475586 0.283854 0.476562 0.283854 0.479492 0.286458 0.481445 0.286458 0.482422 0.287760 0.486328 0.287760 0.487305 0.286458 0.489258 0.286458 0.490234 0.285156 0.491211 0.285156 0.492188 0.283854 0.493164 0.283854 0.496094 0.281250 0.498047 0.281250 0.501953 0.276042 0.501953 0.264323 0.500977 0.263021 0.500977 0.257812 0.500000 0.256510 0.500000 0.255208 0.497070 0.251302 0.497070 0.250000 0.496094 0.248698 0.495117 0.248698 0.494141 0.247396 0.493164 0.247396 0.490234 0.244792 0.488281 0.244792 0.487305 0.246094 0.484375 0.246094 0.483398 0.244792
0 0.515625 0.231771 0.514648 0.233073 0.512695 0.233073 0.508789 0.235677 0.506836 0.238281 0.502930 0.240885 0.500000 0.244792 0.499023 0.247396 0.499023 0.251302 0.501953 0.259115 0.501953 0.264323 0.502930 0.265625 0.503906 0.277344 0.505859 0.279948 0.506836 0.283854 0.513672 0.291667 0.517578 0.294271 0.519531 0.294271 0.520508 0.295573 0.524414 0.295573 0.532227 0.290365 0.537109 0.282552 0.541016 0.272135 0.541016 0.260417 0.540039 0.259115 0.540039 0.255208 0.539062 0.253906 0.539062 0.250000 0.538086 0.248698 0.538086 0.246094 0.536133 0.240885 0.531250 0.234375 0.529297 0.233073 0.526367 0.233073 0.525391 0.231771
0 0.568359 0.248698 0.558594 0.248698 0.557617 0.250000 0.555664 0.250000 0.552734 0.253906 0.552734 0.256510 0.551758 0.257812 0.551758 0.259115 0.550781 0.260417 0.550781 0.263021 0.549805 0.264323 0.549805 0.269531 0.548828 0.270833 0.548828 0.272135 0.546875 0.276042 0.546875 0.279948 0.547852 0.281250 0.547852 0.283854 0.549805 0.286458 0.549805 0.287760 0.551758 0.291667 0.553711 0.291667 0.554688 0.292969 0.562500 0.292969 0.563477 0.291667 0.565430 0.291667 0.566406 0.290365 0.567383 0.290365 0.569336 0.287760 0.570312 0.287760 0.573242 0.283854 0.574219 0.279948 0.576172 0.277344 0.576172 0.276042 0.577148 0.274740 0.577148 0.260417 0.576172 0.259115 0.576172 0.257812 0.570312 0.250000 0.569336 0.250000
0 0.550781 0.295573 0.549805 0.296875 0.547852 0.296875 0.545898 0.299479 0.544922 0.299479 0.541992 0.303385 0.541992 0.305990 0.540039 0.309896 0.540039 0.316406 0.539062 0.317708 0.539062 0.325521 0.540039 0.326823 0.540039 0.328125 0.541992 0.330729 0.541992 0.332031 0.544922 0.335938 0.544922 0.337240 0.545898 0.338542 0.557617 0.338542 0.558594 0.337240 0.560547 0.337240 0.561523 0.335938 0.562500 0.335938 0.565430 0.332031 0.565430 0.330729 0.567383 0.328125 0.567383 0.326823 0.568359 0.325521 0.568359 0.322917 0.569336 0.321615 0.569336 0.309896 0.561523 0.299479 0.561523 0.298177 0.560547 0.298177 0.559570 0.296875 0.555664 0.296875 0.554688 0.295573
0 0.530273 0.317708 0.524414 0.317708 0.523438 0.319010 0.520508 0.320312 0.512695 0.330729 0.512695 0.332031 0.510742 0.335938 0.510742 0.341146 0.511719 0.342448 0.511719 0.350260 0.512695 0.351562 0.512695 0.354167 0.513672 0.355469 0.513672 0.358073 0.514648 0.359375 0.514648 0.360677 0.516602 0.363281 0.516602 0.364583 0.519531 0.364583 0.520508 0.365885 0.523438 0.365885 0.524414 0.364583 0.531250 0.364583 0.532227 0.363281 0.535156 0.363281 0.536133 0.361979 0.537109 0.361979 0.539062 0.359375 0.540039 0.359375 0.544922 0.355469 0.544922 0.348958 0.543945 0.347656 0.543945 0.345052 0.542969 0.343750 0.542969 0.337240 0.541992 0.335938 0.541992 0.334635 0.540039 0.332031 0.540039 0.330729 0.539062 0.329427 0.538086 0.325521 0.534180 0.320312 0.533203 0.320312
0 0.519531 0.369792 0.517578 0.372396 0.517578 0.373698 0.516602 0.375000 0.516602 0.378906 0.515625 0.380208 0.515625 0.389323 0.516602 0.390625 0.516602 0.391927 0.520508 0.397135 0.520508 0.398438 0.525391 0.404948 0.526367 0.404948 0.527344 0.406250 0.529297 0.406250 0.530273 0.407552 0.538086 0.407552 0.539062 0.406250 0.541992 0.406250 0.544922 0.402344 0.544922 0.401042 0.546875 0.397135 0.546875 0.394531 0.547852 0.393229 0.547852 0.389323 0.548828 0.388021 0.546875 0.380208 0.542969 0.375000 0.542969 0.373698 0.537109 0.365885 0.530273 0.365885 0.529297 0.367188 0.524414 0.367188 0.523438 0.368490 0.521484 0.368490 0.520508 0.369792
0 0.505859 0.385417 0.497070 0.389323 0.489258 0.399740 0.489258 0.401042 0.488281 0.402344 0.488281 0.403646 0.486328 0.407552 0.486328 0.410156 0.485352 0.411458 0.485352 0.414062 0.487305 0.416667 0.487305 0.417969 0.492188 0.424479 0.492188 0.425781 0.497070 0.430990 0.498047 0.430990 0.499023 0.432292 0.500977 0.432292 0.501953 0.433594 0.502930 0.433594 0.503906 0.432292 0.506836 0.432292 0.507812 0.430990 0.508789 0.430990 0.512695 0.425781 0.513672 0.425781 0.514648 0.424479 0.514648 0.423177 0.515625 0.421875 0.515625 0.419271 0.517578 0.415365 0.517578 0.406250 0.515625 0.402344 0.515625 0.399740 0.514648 0.398438 0.514648 0.397135 0.510742 0.391927 0.509766 0.388021 0.508789 0.386719 0.506836 0.386719
0 0.532227 0.410156 0.531250 0.411458 0.528320 0.412760 0.523438 0.417969 0.522461 0.417969 0.522461 0.419271 0.518555 0.424479 0.518555 0.425781 0.516602 0.429688 0.516602 0.436198 0.517578 0.437500 0.517578 0.440104 0.518555 0.440104 0.523438 0.446615 0.523438 0.447917 0.527344 0.453125 0.529297 0.453125 0.530273 0.454427 0.536133 0.454427 0.537109 0.453125 0.540039 0.453125 0.541016 0.451823 0.541992 0.451823 0.544922 0.447917 0.545898 0.447917 0.547852 0.445312 0.547852 0.444010 0.548828 0.442708 0.548828 0.436198 0.547852 0.434896 0.547852 0.432292 0.546875 0.430990 0.546875 0.428385 0.545898 0.427083 0.545898 0.425781 0.542969 0.421875 0.541992 0.417969 0.536133 0.410156
0 0.500000 0.438802 0.495117 0.445312 0.495117 0.446615 0.492188 0.450521 0.492188 0.458333 0.493164 0.459635 0.493164 0.467448 0.494141 0.468750 0.494141 0.471354 0.504883 0.485677 0.513672 0.485677 0.514648 0.484375 0.515625 0.484375 0.518555 0.480469 0.518555 0.477865 0.519531 0.476562 0.519531 0.475260 0.520508 0.473958 0.520508 0.472656 0.522461 0.468750 0.522461 0.466146 0.523438 0.464844 0.523438 0.460938 0.524414 0.459635 0.524414 0.455729 0.523438 0.454427 0.522461 0.450521 0.515625 0.442708 0.514648 0.442708 0.513672 0.441406 0.512695 0.441406 0.509766 0.438802 0.506836 0.438802 0.505859 0.437500 0.504883 0.437500 0.503906 0.438802
0 0.462891 0.423177 0.458984 0.428385 0.458008 0.428385 0.457031 0.429688 0.457031 0.430990 0.454102 0.434896 0.454102 0.438802 0.453125 0.440104 0.453125 0.454427 0.455078 0.458333 0.456055 0.458333 0.460938 0.463542 0.463867 0.464844 0.465820 0.467448 0.468750 0.468750 0.470703 0.471354 0.474609 0.471354 0.475586 0.470052 0.476562 0.470052 0.483398 0.460938 0.483398 0.459635 0.484375 0.458333 0.484375 0.455729 0.485352 0.454427 0.485352 0.442708 0.484375 0.441406 0.484375 0.432292 0.482422 0.428385 0.480469 0.428385 0.479492 0.427083 0.477539 0.427083 0.474609 0.424479 0.471680 0.424479 0.470703 0.423177
0 0.395508 0.434896 0.395508 0.436198 0.393555 0.440104 0.393555 0.442708 0.392578 0.444010 0.392578 0.446615 0.391602 0.447917 0.391602 0.451823 0.390625 0.453125 0.390625 0.457031 0.393555 0.460938 0.394531 0.460938 0.399414 0.467448 0.400391 0.467448 0.405273 0.472656 0.407227 0.472656 0.408203 0.473958 0.415039 0.473958 0.416016 0.472656 0.416992 0.472656 0.417969 0.471354 0.417969 0.467448 0.418945 0.466146 0.418945 0.464844 0.420898 0.460938 0.420898 0.449219 0.419922 0.447917 0.419922 0.445312 0.418945 0.444010 0.418945 0.442708 0.416992 0.440104 0.416016 0.440104 0.413086 0.436198 0.410156 0.434896 0.407227 0.430990 0.404297 0.430990 0.402344 0.433594 0.399414 0.433594 0.398438 0.434896
0 0.418945 0.479167 0.414062 0.479167 0.413086 0.477865 0.404297 0.477865 0.401367 0.481771 0.401367 0.483073 0.399414 0.485677 0.398438 0.489583 0.396484 0.492188 0.396484 0.493490 0.394531 0.497396 0.395508 0.498698 0.395508 0.503906 0.396484 0.505208 0.396484 0.509115 0.397461 0.510417 0.397461 0.513021 0.403320 0.522135 0.404297 0.522135 0.407227 0.524740 0.408203 0.524740 0.409180 0.523438 0.412109 0.522135 0.414062 0.519531 0.416992 0.518229 0.416992 0.516927 0.417969 0.515625 0.418945 0.515625 0.421875 0.511719 0.422852 0.511719 0.423828 0.510417 0.424805 0.510417 0.426758 0.507812 0.427734 0.507812 0.430664 0.503906 0.430664 0.502604 0.431641 0.501302 0.430664 0.500000 0.430664 0.496094 0.429688 0.494792 0.429688 0.492188 0.428711 0.490885 0.428711 0.489583 0.426758 0.486979 0.425781 0.486979 0.420898 0.480469 0.419922 0.480469
0 0.444336 0.449219 0.438477 0.449219 0.437500 0.450521 0.434570 0.450521 0.433594 0.451823 0.430664 0.453125 0.427734 0.457031 0.426758 0.457031 0.424805 0.459635 0.423828 0.459635 0.419922 0.467448 0.419922 0.473958 0.433594 0.492188 0.434570 0.492188 0.436523 0.494792 0.440430 0.494792 0.441406 0.493490 0.442383 0.493490 0.450195 0.483073 0.451172 0.483073 0.452148 0.481771 0.452148 0.480469 0.453125 0.479167 0.453125 0.477865 0.455078 0.473958 0.455078 0.466146 0.453125 0.462240 0.453125 0.459635
0 0.442383 0.500000 0.437500 0.500000 0.435547 0.502604 0.433594 0.502604 0.432617 0.503906 0.431641 0.503906 0.427734 0.509115 0.426758 0.509115 0.424805 0.511719 0.423828 0.511719 0.418945 0.516927 0.418945 0.519531 0.419922 0.520833 0.419922 0.522135 0.421875 0.524740 0.421875 0.526042 0.426758 0.532552 0.426758 0.533854 0.428711 0.536458 0.429688 0.540365 0.430664 0.541667 0.431641 0.541667 0.434570 0.544271 0.439453 0.544271 0.440430 0.542969 0.442383 0.542969 0.443359 0.541667 0.444336 0.541667 0.450195 0.533854 0.450195 0.532552 0.453125 0.528646 0.453125 0.524740 0.454102 0.523438 0.454102 0.522135 0.452148 0.519531 0.452148 0.518229 0.451172 0.516927 0.451172 0.515625 0.450195 0.514323 0.449219 0.510417 0.446289 0.506510 0.446289 0.505208
0 0.416992 0.540365 0.415039 0.542969 0.415039 0.544271 0.413086 0.548177 0.413086 0.565104 0.415039 0.567708 0.416016 0.567708 0.418945 0.571615 0.419922 0.571615 0.420898 0.572917 0.421875 0.572917 0.424805 0.575521 0.429688 0.575521 0.430664 0.576823 0.431641 0.575521 0.434570 0.575521 0.435547 0.574219 0.436523 0.574219 0.438477 0.571615 0.438477 0.570312 0.440430 0.566406 0.440430 0.562500 0.441406 0.561198 0.441406 0.558594 0.442383 0.557292 0.442383 0.552083 0.443359 0.550781 0.443359 0.548177 0.441406 0.545573 0.434570 0.545573 0.433594 0.544271 0.432617 0.544271 0.430664 0.541667 0.429688 0.541667 0.427734 0.539062 0.427734 0.537760 0.422852 0.537760 0.421875 0.539062 0.418945 0.539062 0.417969 0.540365
0 0.458008 0.536458 0.457031 0.537760 0.454102 0.537760 0.452148 0.540365 0.450195 0.540365 0.445312 0.546875 0.445312 0.549479 0.444336 0.550781 0.444336 0.553385 0.443359 0.554688 0.443359 0.558594 0.442383 0.559896 0.442383 0.565104 0.444336 0.567708 0.444336 0.569010 0.446289 0.571615 0.446289 0.572917 0.449219 0.576823 0.453125 0.576823 0.454102 0.578125 0.455078 0.578125 0.456055 0.579427 0.458008 0.579427 0.458984 0.580729 0.462891 0.580729 0.463867 0.579427 0.466797 0.578125 0.467773 0.576823 0.467773 0.575521 0.471680 0.570312 0.471680 0.569010 0.472656 0.567708 0.472656 0.566406 0.474609 0.562500 0.474609 0.552083 0.472656 0.549479 0.471680 0.549479 0.466797 0.544271 0.466797 0.541667 0.465820 0.540365 0.465820 0.539062 0.463867 0.539062 0.462891 0.537760 0.460938 0.537760 0.459961 0.536458
0 0.413086 0.585938 0.412109 0.587240 0.411133 0.587240 0.403320 0.597656 0.403320 0.598958 0.402344 0.600260 0.402344 0.604167 0.403320 0.605469 0.403320 0.617188 0.405273 0.621094 0.407227 0.621094 0.410156 0.623698 0.413086 0.623698 0.414062 0.625000 0.417969 0.625000 0.418945 0.626302 0.420898 0.626302 0.421875 0.627604 0.426758 0.627604 0.432617 0.619792 0.432617 0.618490 0.434570 0.615885 0.434570 0.611979 0.433594 0.610677 0.433594 0.606771 0.432617 0.605469 0.432617 0.602865 0.431641 0.601562 0.431641 0.598958 0.430664 0.597656 0.430664 0.596354 0.426758 0.591146 0.425781 0.591146 0.423828 0.588542 0.422852 0.588542 0.419922 0.585938 0.416992 0.585938 0.416016 0.584635 0.415039 0.585938
0 0.408203 0.638021 0.407227 0.639323 0.407227 0.641927 0.405273 0.644531 0.405273 0.647135 0.403320 0.651042 0.403320 0.653646 0.402344 0.654948 0.402344 0.657552 0.401367 0.658854 0.401367 0.660156 0.402344 0.661458 0.402344 0.664062 0.403320 0.665365 0.403320 0.666667 0.404297 0.667969 0.405273 0.667969 0.407227 0.670573 0.408203 0.670573 0.411133 0.674479 0.412109 0.674479 0.415039 0.677083 0.416992 0.677083 0.417969 0.678385 0.420898 0.678385 0.421875 0.677083 0.422852 0.677083 0.423828 0.675781 0.424805 0.675781 0.425781 0.674479 0.426758 0.674479 0.427734 0.673177 0.427734 0.671875 0.430664 0.667969 0.430664 0.665365 0.431641 0.664062 0.431641 0.660156 0.432617 0.658854 0.432617 0.653646 0.431641 0.652344 0.431641 0.651042 0.429688 0.648438 0.429688 0.647135 0.426758 0.643229 0.425781 0.643229 0.424805 0.641927 0.423828 0.641927 0.420898 0.639323 0.418945 0.639323 0.416016 0.636719 0.415039 0.636719 0.414062 0.638021
0 0.457031 0.621094 0.456055 0.622396 0.454102 0.622396 0.453125 0.623698 0.451172 0.623698 0.446289 0.628906 0.446289 0.631510 0.445312 0.632812 0.445312 0.634115 0.443359 0.638021 0.443359 0.644531 0.444336 0.645833 0.444336 0.647135 0.445312 0.648438 0.446289 0.652344 0.450195 0.657552 0.450195 0.658854 0.454102 0.664062 0.456055 0.664062 0.457031 0.665365 0.458984 0.665365 0.459961 0.664062 0.461914 0.664062 0.464844 0.661458 0.466797 0.661458 0.472656 0.653646 0.472656 0.652344 0.474609 0.648438 0.474609 0.639323 0.464844 0.626302 0.464844 0.625000 0.463867 0.623698 0.462891 0.623698 0.459961 0.621094
0 0.445312 0.578125 0.444336 0.579427 0.441406 0.580729 0.436523 0.587240 0.436523 0.613281 0.443359 0.622396 0.445312 0.622396 0.446289 0.623698 0.447266 0.623698 0.448242 0.622396 0.449219 0.622396 0.451172 0.619792 0.452148 0.619792 0.453125 0.618490 0.454102 0.618490 0.457031 0.615885 0.458984 0.615885 0.459961 0.614583 0.460938 0.614583 0.460938 0.613281 0.461914 0.611979 0.461914 0.609375 0.463867 0.606771 0.463867 0.604167 0.464844 0.602865 0.464844 0.591146 0.463867 0.589844 0.463867 0.587240 0.462891 0.585938 0.462891 0.584635 0.461914 0.584635 0.460938 0.583333 0.458008 0.583333 0.457031 0.582031 0.455078 0.582031 0.452148 0.579427 0.448242 0.579427 0.447266 0.578125
0 0.474609 0.569010 0.471680 0.572917 0.471680 0.574219 0.470703 0.575521 0.470703 0.576823 0.468750 0.579427 0.468750 0.582031 0.469727 0.583333 0.469727 0.584635 0.472656 0.588542 0.472656 0.589844 0.474609 0.592448 0.475586 0.592448 0.478516 0.596354 0.479492 0.596354 0.483398 0.601562 0.490234 0.601562 0.491211 0.600260 0.492188 0.600260 0.496094 0.595052 0.496094 0.593750 0.497070 0.592448 0.497070 0.591146 0.499023 0.587240 0.499023 0.582031 0.500000 0.580729 0.495117 0.574219 0.494141 0.574219 0.493164 0.572917 0.490234 0.572917 0.489258 0.571615 0.487305 0.571615 0.485352 0.569010 0.484375 0.569010 0.481445 0.566406 0.480469 0.566406 0.479492 0.567708 0.476562 0.567708 0.475586 0.569010
0 0.485352 0.522135 0.484375 0.523438 0.482422 0.523438 0.477539 0.527344 0.477539 0.528646 0.474609 0.535156 0.474609 0.544271 0.475586 0.545573 0.475586 0.548177 0.476562 0.549479 0.476562 0.553385 0.477539 0.554688 0.477539 0.558594 0.484375 0.567708 0.485352 0.567708 0.487305 0.570312 0.488281 0.570312 0.489258 0.571615 0.495117 0.571615 0.497070 0.569010 0.498047 0.569010 0.505859 0.558594 0.505859 0.557292 0.507812 0.553385 0.507812 0.550781 0.509766 0.546875 0.509766 0.541667 0.506836 0.537760 0.505859 0.537760 0.500000 0.529948 0.499023 0.529948 0.498047 0.528646 0.495117 0.528646 0.494141 0.527344 0.492188 0.527344 0.491211 0.526042 0.488281 0.524740 0.486328 0.522135
0 0.510742 0.558594 0.509766 0.559896 0.508789 0.559896 0.507812 0.561198 0.506836 0.561198 0.504883 0.563802 0.504883 0.565104 0.502930 0.569010 0.502930 0.578125 0.504883 0.580729 0.504883 0.582031 0.506836 0.584635 0.506836 0.585938 0.508789 0.588542 0.508789 0.589844 0.510742 0.592448 0.511719 0.592448 0.512695 0.593750 0.515625 0.593750 0.516602 0.595052 0.521484 0.595052 0.522461 0.593750 0.524414 0.593750 0.527344 0.589844 0.527344 0.588542 0.528320 0.587240 0.529297 0.587240 0.529297 0.585938 0.531250 0.582031 0.531250 0.570312 0.530273 0.569010 0.530273 0.566406 0.529297 0.565104 0.529297 0.563802 0.527344 0.561198 0.527344 0.559896 0.526367 0.559896 0.524414 0.557292 0.515625 0.557292 0.514648 0.558594
0 0.504883 0.600260 0.503906 0.601562 0.503906 0.604167 0.502930 0.605469 0.502930 0.606771 0.501953 0.608073 0.500977 0.608073 0.500977 0.609375 0.498047 0.613281 0.498047 0.617188 0.497070 0.618490 0.497070 0.632812 0.498047 0.634115 0.498047 0.638021 0.501953 0.644531 0.502930 0.644531 0.503906 0.645833 0.505859 0.645833 0.506836 0.647135 0.512695 0.647135 0.513672 0.648438 0.519531 0.648438 0.520508 0.647135 0.522461 0.647135 0.526367 0.641927 0.526367 0.615885 0.525391 0.614583 0.525391 0.610677 0.524414 0.609375 0.524414 0.608073 0.519531 0.601562 0.515625 0.601562 0.514648 0.600260 0.512695 0.600260 0.511719 0.601562 0.508789 0.602865 0.506836 0.600260
0 0.498047 0.688802 0.498047 0.697917 0.499023 0.699219 0.499023 0.700521 0.500977 0.703125 0.500977 0.704427 0.501953 0.705729 0.501953 0.708333 0.502930 0.709635 0.502930 0.710938 0.504883 0.713542 0.504883 0.714844 0.505859 0.714844 0.508789 0.717448 0.511719 0.717448 0.512695 0.718750 0.520508 0.718750 0.522461 0.716146 0.523438 0.716146 0.524414 0.714844 0.525391 0.714844 0.527344 0.712240 0.528320 0.712240 0.530273 0.709635 0.530273 0.704427 0.528320 0.700521 0.528320 0.697917 0.527344 0.696615 0.527344 0.695312 0.526367 0.694010 0.526367 0.692708 0.523438 0.690104 0.523438 0.688802 0.521484 0.686198 0.521484 0.684896 0.520508 0.683594 0.517578 0.683594 0.516602 0.682292 0.514648 0.682292 0.513672 0.680990 0.508789 0.680990 0.504883 0.686198 0.503906 0.686198 0.500977 0.688802
0 0.525391 0.648438 0.525391 0.667969 0.526367 0.669271 0.526367 0.670573 0.527344 0.671875 0.527344 0.673177 0.528320 0.674479 0.528320 0.675781 0.529297 0.677083 0.529297 0.678385 0.530273 0.679688 0.531250 0.683594 0.537109 0.691406 0.539062 0.691406 0.540039 0.692708 0.541992 0.692708 0.543945 0.690104 0.546875 0.690104 0.547852 0.688802 0.550781 0.688802 0.553711 0.686198 0.555664 0.686198 0.557617 0.683594 0.560547 0.682292 0.562500 0.679688 0.562500 0.674479 0.561523 0.673177 0.561523 0.671875 0.560547 0.670573 0.559570 0.670573 0.558594 0.669271 0.557617 0.665365 0.553711 0.660156 0.552734 0.660156 0.551758 0.658854 0.551758 0.657552 0.549805 0.654948 0.549805 0.653646 0.548828 0.652344 0.547852 0.652344 0.544922 0.649740 0.542969 0.649740 0.541016 0.647135 0.537109 0.647135 0.536133 0.645833 0.535156 0.647135 0.526367 0.647135
0 0.569336 0.687500 0.564453 0.680990 0.563477 0.680990 0.562500 0.682292 0.561523 0.682292 0.560547 0.683594 0.559570 0.683594 0.558594 0.684896 0.557617 0.684896 0.555664 0.687500 0.554688 0.687500 0.553711 0.688802 0.551758 0.688802 0.550781 0.690104 0.546875 0.690104 0.545898 0.691406 0.544922 0.691406 0.542969 0.694010 0.542969 0.701823 0.543945 0.703125 0.543945 0.707031 0.544922 0.708333 0.544922 0.709635 0.545898 0.710938 0.545898 0.712240 0.546875 0.712240 0.547852 0.713542 0.564453 0.713542 0.565430 0.712240 0.568359 0.712240 0.569336 0.710938 0.570312 0.710938 0.571289 0.709635 0.571289 0.705729 0.572266 0.704427 0.572266 0.694010 0.571289 0.692708 0.571289 0.691406 0.569336 0.688802
0 0.548828 0.723958 0.547852 0.725260 0.547852 0.727865 0.546875 0.729167 0.546875 0.733073 0.545898 0.734375 0.545898 0.736979 0.544922 0.738281 0.544922 0.757812 0.545898 0.759115 0.545898 0.761719 0.546875 0.763021 0.546875 0.764323 0.548828 0.766927 0.548828 0.768229 0.549805 0.768229 0.551758 0.770833 0.552734 0.770833 0.553711 0.772135 0.557617 0.772135 0.558594 0.770833 0.560547 0.770833 0.561523 0.769531 0.563477 0.769531 0.564453 0.768229 0.566406 0.768229 0.569336 0.764323 0.570312 0.764323 0.576172 0.756510 0.576172 0.753906 0.577148 0.752604 0.577148 0.750000 0.576172 0.748698 0.576172 0.743490 0.575195 0.742188 0.575195 0.740885 0.576172 0.739583 0.576172 0.735677 0.575195 0.734375 0.572266 0.734375 0.571289 0.733073 0.571289 0.731771 0.567383 0.726562 0.566406 0.727865 0.553711 0.727865 0.552734 0.729167 0.551758 0.727865 0.550781 0.727865 0.548828 0.725260
0 0.587891 0.736979 0.583984 0.742188 0.583984 0.743490 0.583008 0.744792 0.583008 0.747396 0.582031 0.748698 0.582031 0.750000 0.581055 0.751302 0.581055 0.753906 0.580078 0.755208 0.580078 0.765625 0.581055 0.766927 0.581055 0.772135 0.583008 0.774740 0.583008 0.776042 0.583984 0.777344 0.584961 0.781250 0.589844 0.787760 0.595703 0.787760 0.596680 0.786458 0.599609 0.785156 0.601562 0.782552 0.602539 0.782552 0.603516 0.781250 0.603516 0.779948 0.604492 0.778646 0.604492 0.777344 0.607422 0.770833 0.607422 0.766927 0.608398 0.765625 0.608398 0.761719 0.609375 0.760417 0.609375 0.750000 0.608398 0.748698 0.608398 0.746094 0.606445 0.743490 0.606445 0.742188 0.605469 0.742188 0.602539 0.738281 0.600586 0.738281 0.599609 0.736979
0 0.583008 0.691406 0.578125 0.696615 0.578125 0.697917 0.576172 0.700521 0.576172 0.701823 0.575195 0.703125 0.575195 0.712240 0.576172 0.713542 0.576172 0.714844 0.577148 0.716146 0.577148 0.717448 0.579102 0.721354 0.579102 0.723958 0.580078 0.725260 0.581055 0.729167 0.583008 0.731771 0.587891 0.731771 0.588867 0.733073 0.599609 0.733073 0.600586 0.731771 0.601562 0.731771 0.605469 0.726562 0.605469 0.725260 0.606445 0.723958 0.606445 0.722656 0.608398 0.718750 0.608398 0.712240 0.607422 0.710938 0.607422 0.708333 0.606445 0.707031 0.606445 0.704427 0.605469 0.703125 0.605469 0.700521 0.602539 0.696615 0.600586 0.696615 0.599609 0.695312 0.597656 0.695312 0.596680 0.694010 0.594727 0.694010 0.593750 0.692708 0.591797 0.692708 0.590820 0.691406 0.588867 0.691406 0.587891 0.690104 0.585938 0.690104 0.584961 0.691406
0 0.600586 0.656250 0.599609 0.657552 0.598633 0.657552 0.593750 0.664062 0.593750 0.665365 0.592773 0.666667 0.592773 0.667969 0.590820 0.670573 0.590820 0.671875 0.588867 0.674479 0.588867 0.677083 0.587891 0.678385 0.587891 0.682292 0.588867 0.683594 0.588867 0.686198 0.590820 0.688802 0.592773 0.688802 0.593750 0.690104 0.595703 0.690104 0.596680 0.691406 0.598633 0.691406 0.599609 0.692708 0.600586 0.692708 0.603516 0.695312 0.605469 0.695312 0.606445 0.696615 0.610352 0.696615 0.615234 0.690104 0.615234 0.688802 0.617188 0.684896 0.617188 0.675781 0.618164 0.674479 0.617188 0.673177 0.617188 0.667969 0.615234 0.664062 0.614258 0.664062 0.611328 0.660156 0.610352 0.660156 0.608398 0.657552 0.607422 0.657552 0.606445 0.656250
0 0.588867 0.636719 0.585938 0.635417 0.583984 0.632812 0.583008 0.632812 0.580078 0.635417 0.571289 0.635417 0.570312 0.636719 0.569336 0.636719 0.565430 0.641927 0.564453 0.641927 0.562500 0.644531 0.562500 0.651042 0.561523 0.652344 0.561523 0.656250 0.560547 0.657552 0.560547 0.658854 0.561523 0.660156 0.561523 0.664062 0.562500 0.665365 0.562500 0.666667 0.568359 0.674479 0.570312 0.674479 0.571289 0.675781 0.574219 0.675781 0.575195 0.677083 0.582031 0.677083 0.583008 0.675781 0.586914 0.675781 0.587891 0.674479 0.587891 0.673177 0.591797 0.667969 0.591797 0.666667 0.592773 0.665365 0.592773 0.662760 0.594727 0.658854 0.594727 0.653646 0.591797 0.647135 0.591797 0.644531 0.588867 0.640625
0 0.545898 0.604167 0.544922 0.605469 0.542969 0.605469 0.541992 0.606771 0.541992 0.608073 0.543945 0.610677 0.541016 0.613281 0.540039 0.611979 0.539062 0.611979 0.537109 0.609375 0.536133 0.609375 0.535156 0.610677 0.533203 0.610677 0.533203 0.625000 0.532227 0.626302 0.533203 0.627604 0.533203 0.631510 0.534180 0.632812 0.536133 0.639323 0.539062 0.643229 0.539062 0.644531 0.540039 0.644531 0.544922 0.648438 0.549805 0.648438 0.550781 0.647135 0.553711 0.645833 0.555664 0.643229 0.557617 0.643229 0.562500 0.639323 0.564453 0.639323 0.565430 0.638021 0.566406 0.638021 0.567383 0.636719 0.567383 0.626302 0.565430 0.623698 0.564453 0.619792 0.561523 0.615885 0.561523 0.614583 0.559570 0.611979 0.558594 0.611979 0.556641 0.609375 0.556641 0.608073 0.555664 0.606771 0.554688 0.606771 0.551758 0.604167
0 0.558594 0.569010 0.557617 0.569010 0.556641 0.567708 0.553711 0.567708 0.552734 0.566406 0.551758 0.567708 0.539062 0.567708 0.538086 0.569010 0.537109 0.569010 0.536133 0.570312 0.536133 0.571615 0.534180 0.575521 0.534180 0.578125 0.533203 0.579427 0.533203 0.585938 0.534180 0.587240 0.534180 0.589844 0.535156 0.591146 0.535156 0.592448 0.540039 0.598958 0.541016 0.598958 0.541992 0.600260 0.549805 0.600260 0.550781 0.598958 0.557617 0.598958 0.558594 0.597656 0.562500 0.597656 0.563477 0.596354 0.564453 0.596354 0.564453 0.595052 0.565430 0.593750 0.565430 0.585938 0.564453 0.584635 0.564453 0.579427 0.563477 0.578125 0.563477 0.576823 0.562500 0.575521 0.562500 0.574219
0 0.571289 0.587240 0.570312 0.588542 0.570312 0.589844 0.568359 0.592448 0.568359 0.593750 0.566406 0.596354 0.566406 0.598958 0.565430 0.600260 0.565430 0.606771 0.566406 0.608073 0.566406 0.609375 0.567383 0.610677 0.567383 0.611979 0.570312 0.615885 0.571289 0.615885 0.575195 0.621094 0.576172 0.621094 0.578125 0.623698 0.579102 0.623698 0.582031 0.627604 0.583008 0.627604 0.583984 0.628906 0.584961 0.627604 0.587891 0.627604 0.587891 0.626302 0.588867 0.625000 0.588867 0.623698 0.593750 0.617188 0.593750 0.614583 0.595703 0.610677 0.595703 0.598958 0.589844 0.591146 0.588867 0.591146 0.587891 0.589844 0.585938 0.589844 0.584961 0.588542 0.575195 0.588542 0.574219 0.587240
0 0.617188 0.608073 0.611328 0.608073 0.610352 0.606771 0.606445 0.606771 0.605469 0.608073 0.599609 0.608073 0.598633 0.609375 0.597656 0.609375 0.597656 0.610677 0.596680 0.611979 0.596680 0.613281 0.595703 0.614583 0.595703 0.615885 0.594727 0.617188 0.594727 0.618490 0.592773 0.621094 0.592773 0.623698 0.591797 0.625000 0.591797 0.627604 0.592773 0.628906 0.592773 0.632812 0.593750 0.634115 0.593750 0.635417 0.598633 0.641927 0.599609 0.641927 0.601562 0.644531 0.603516 0.644531 0.604492 0.645833 0.608398 0.645833 0.609375 0.644531 0.610352 0.644531 0.611328 0.643229 0.612305 0.643229 0.615234 0.639323 0.615234 0.638021 0.616211 0.636719 0.616211 0.635417 0.619141 0.631510 0.619141 0.630208 0.621094 0.627604 0.621094 0.623698 0.622070 0.622396 0.621094 0.621094 0.621094 0.617188 0.620117 0.615885 0.620117 0.614583 0.619141 0.613281 0.619141 0.611979
0 0.482422 0.476562 0.480469 0.479167 0.479492 0.479167 0.475586 0.484375 0.474609 0.488281 0.472656 0.490885 0.472656 0.493490 0.473633 0.494792 0.473633 0.502604 0.474609 0.503906 0.474609 0.507812 0.475586 0.509115 0.475586 0.510417 0.478516 0.514323 0.479492 0.514323 0.481445 0.516927 0.482422 0.516927 0.483398 0.518229 0.484375 0.518229 0.489258 0.522135 0.491211 0.522135 0.492188 0.523438 0.496094 0.523438 0.500000 0.518229 0.500000 0.515625 0.500977 0.514323 0.500977 0.511719 0.502930 0.507812 0.502930 0.505208 0.503906 0.503906 0.503906 0.501302 0.505859 0.497396 0.505859 0.489583 0.500000 0.481771 0.498047 0.481771 0.497070 0.480469 0.495117 0.480469 0.494141 0.479167 0.490234 0.479167 0.489258 0.477865 0.487305 0.477865 0.486328 0.476562
0 0.516602 0.497396 0.515625 0.498698 0.514648 0.498698 0.513672 0.500000 0.512695 0.500000 0.511719 0.501302 0.508789 0.502604 0.506836 0.505208 0.506836 0.506510 0.504883 0.509115 0.503906 0.513021 0.501953 0.515625 0.501953 0.518229 0.500977 0.519531 0.500977 0.523438 0.501953 0.524740 0.501953 0.528646 0.506836 0.535156 0.507812 0.535156 0.510742 0.539062 0.511719 0.539062 0.512695 0.540365 0.513672 0.540365 0.516602 0.542969 0.519531 0.542969 0.520508 0.544271 0.522461 0.544271 0.523438 0.542969 0.525391 0.542969 0.526367 0.541667 0.526367 0.540365 0.527344 0.539062 0.527344 0.537760 0.528320 0.536458 0.528320 0.535156 0.529297 0.533854 0.529297 0.532552 0.531250 0.528646 0.531250 0.520833 0.532227 0.519531 0.532227 0.511719 0.531250 0.510417 0.531250 0.507812 0.527344 0.501302 0.526367 0.501302 0.523438 0.498698 0.519531 0.498698 0.518555 0.497396
0 0.541016 0.522135 0.540039 0.523438 0.539062 0.523438 0.537109 0.526042 0.536133 0.526042 0.532227 0.531250 0.532227 0.532552 0.531250 0.533854 0.531250 0.535156 0.530273 0.536458 0.530273 0.537760 0.528320 0.541667 0.528320 0.545573 0.527344 0.546875 0.527344 0.554688 0.528320 0.555990 0.531250 0.557292 0.535156 0.562500 0.538086 0.562500 0.539062 0.563802 0.541016 0.563802 0.541992 0.565104 0.543945 0.565104 0.544922 0.566406 0.548828 0.566406 0.549805 0.565104 0.551758 0.565104 0.552734 0.563802 0.553711 0.563802 0.557617 0.558594 0.557617 0.553385 0.558594 0.552083 0.558594 0.539062 0.557617 0.537760 0.556641 0.533854 0.553711 0.529948 0.553711 0.528646 0.548828 0.522135
0 0.566406 0.544271 0.562500 0.549479 0.562500 0.554688 0.561523 0.555990 0.561523 0.570312 0.564453 0.576823 0.564453 0.579427 0.567383 0.583333 0.571289 0.583333 0.574219 0.585938 0.579102 0.585938 0.580078 0.587240 0.587891 0.587240 0.588867 0.585938 0.590820 0.585938 0.591797 0.584635 0.591797 0.582031 0.590820 0.580729 0.591797 0.579427 0.591797 0.565104 0.590820 0.563802 0.590820 0.558594 0.589844 0.557292 0.589844 0.553385 0.587891 0.550781 0.583984 0.550781 0.583008 0.549479 0.582031 0.549479 0.578125 0.544271 0.574219 0.544271 0.573242 0.542969 0.570312 0.542969 0.569336 0.544271
0 0.556641 0.489583 0.555664 0.490885 0.554688 0.490885 0.547852 0.500000 0.546875 0.500000 0.545898 0.501302 0.545898 0.502604 0.543945 0.505208 0.543945 0.511719 0.548828 0.518229 0.548828 0.519531 0.553711 0.524740 0.553711 0.526042 0.556641 0.529948 0.557617 0.529948 0.559570 0.532552 0.560547 0.532552 0.561523 0.531250 0.564453 0.529948 0.566406 0.527344 0.567383 0.527344 0.572266 0.520833 0.572266 0.519531 0.576172 0.513021 0.576172 0.511719 0.577148 0.510417 0.578125 0.506510 0.577148 0.505208 0.577148 0.501302 0.576172 0.500000 0.576172 0.498698 0.574219 0.496094 0.573242 0.496094 0.570312 0.493490 0.568359 0.493490 0.567383 0.492188 0.564453 0.492188 0.561523 0.489583
0 0.536133 0.458333 0.535156 0.459635 0.533203 0.459635 0.531250 0.462240 0.528320 0.463542 0.525391 0.467448 0.525391 0.468750 0.524414 0.470052 0.524414 0.475260 0.523438 0.476562 0.523438 0.480469 0.522461 0.481771 0.522461 0.486979 0.523438 0.488281 0.523438 0.489583 0.525391 0.492188 0.526367 0.492188 0.527344 0.493490 0.529297 0.493490 0.530273 0.494792 0.532227 0.494792 0.533203 0.496094 0.537109 0.496094 0.538086 0.497396 0.541992 0.497396 0.544922 0.500000 0.545898 0.498698 0.548828 0.497396 0.548828 0.496094 0.552734 0.490885 0.552734 0.489583 0.553711 0.488281 0.553711 0.475260 0.552734 0.473958 0.552734 0.472656 0.550781 0.470052 0.550781 0.468750 0.547852 0.464844 0.547852 0.463542 0.545898 0.460938 0.544922 0.460938 0.543945 0.459635 0.541992 0.459635 0.541016 0.458333
0 0.561523 0.438802 0.560547 0.440104 0.557617 0.441406 0.555664 0.444010 0.554688 0.444010 0.554688 0.445312 0.552734 0.447917 0.552734 0.449219 0.551758 0.450521 0.551758 0.453125 0.550781 0.454427 0.550781 0.463542 0.551758 0.464844 0.551758 0.466146 0.553711 0.468750 0.553711 0.470052 0.563477 0.483073 0.564453 0.483073 0.565430 0.484375 0.572266 0.484375 0.573242 0.483073 0.576172 0.481771 0.581055 0.475260 0.581055 0.473958 0.582031 0.472656 0.582031 0.467448 0.583008 0.466146 0.583008 0.447917 0.582031 0.447917 0.581055 0.446615 0.580078 0.446615 0.577148 0.444010 0.575195 0.444010 0.574219 0.442708 0.572266 0.442708 0.571289 0.441406 0.570312 0.441406 0.567383 0.438802
0 0.594727 0.470052 0.593750 0.471354 0.592773 0.471354 0.589844 0.475260 0.588867 0.475260 0.584961 0.480469 0.583984 0.480469 0.583008 0.481771 0.583008 0.496094 0.583984 0.497396 0.583984 0.500000 0.586914 0.503906 0.586914 0.505208 0.588867 0.507812 0.589844 0.507812 0.590820 0.509115 0.591797 0.509115 0.592773 0.510417 0.593750 0.510417 0.594727 0.511719 0.595703 0.511719 0.598633 0.514323 0.603516 0.514323 0.612305 0.502604 0.613281 0.502604 0.616211 0.498698 0.616211 0.496094 0.617188 0.494792 0.617188 0.485677 0.616211 0.484375 0.616211 0.483073 0.613281 0.479167 0.612305 0.479167 0.609375 0.476562 0.606445 0.476562 0.605469 0.475260 0.602539 0.475260 0.601562 0.473958 0.600586 0.473958 0.599609 0.472656 0.597656 0.472656
0 0.571289 0.395833 0.570312 0.397135 0.569336 0.397135 0.564453 0.403646 0.564453 0.404948 0.563477 0.406250 0.563477 0.407552 0.560547 0.414062 0.560547 0.420573 0.559570 0.421875 0.559570 0.424479 0.560547 0.425781 0.560547 0.430990 0.562500 0.433594 0.563477 0.433594 0.566406 0.436198 0.568359 0.436198 0.571289 0.438802 0.573242 0.438802 0.574219 0.440104 0.576172 0.440104 0.577148 0.441406 0.580078 0.441406 0.581055 0.442708 0.585938 0.442708 0.588867 0.438802 0.588867 0.437500 0.591797 0.433594 0.591797 0.432292 0.593750 0.429688 0.593750 0.427083 0.594727 0.425781 0.594727 0.414062 0.593750 0.412760 0.592773 0.408854 0.590820 0.406250 0.590820 0.404948 0.589844 0.404948 0.586914 0.401042 0.585938 0.401042 0.584961 0.399740 0.583008 0.399740 0.582031 0.398438 0.575195 0.398438 0.574219 0.397135
0 0.556641 0.346354 0.554688 0.348958 0.553711 0.348958 0.546875 0.358073 0.546875 0.361979 0.545898 0.363281 0.545898 0.368490 0.546875 0.369792 0.546875 0.371094 0.548828 0.373698 0.548828 0.375000 0.551758 0.378906 0.551758 0.380208 0.555664 0.385417 0.564453 0.389323 0.565430 0.388021 0.566406 0.388021 0.569336 0.384115 0.572266 0.382812 0.575195 0.378906 0.576172 0.378906 0.577148 0.377604 0.577148 0.376302 0.578125 0.375000 0.578125 0.372396 0.579102 0.371094 0.579102 0.367188 0.580078 0.365885 0.580078 0.360677 0.579102 0.359375 0.579102 0.358073 0.576172 0.354167 0.575195 0.354167 0.574219 0.352865 0.573242 0.352865 0.572266 0.351562 0.571289 0.351562 0.568359 0.348958 0.566406 0.348958 0.563477 0.346354
0 0.583008 0.313802 0.582031 0.315104 0.580078 0.315104 0.579102 0.316406 0.578125 0.316406 0.575195 0.320312 0.575195 0.321615 0.574219 0.322917 0.574219 0.325521 0.573242 0.326823 0.573242 0.329427 0.571289 0.333333 0.571289 0.342448 0.572266 0.343750 0.572266 0.348958 0.575195 0.352865 0.578125 0.354167 0.580078 0.356771 0.581055 0.356771 0.582031 0.358073 0.584961 0.358073 0.585938 0.359375 0.590820 0.359375 0.591797 0.358073 0.592773 0.358073 0.593750 0.356771 0.594727 0.356771 0.595703 0.355469 0.596680 0.355469 0.599609 0.352865 0.599609 0.351562 0.601562 0.347656 0.601562 0.345052 0.602539 0.343750 0.602539 0.328125 0.601562 0.326823 0.601562 0.325521 0.598633 0.324219 0.594727 0.319010 0.593750 0.319010 0.591797 0.316406 0.590820 0.316406 0.589844 0.315104 0.587891 0.315104 0.586914 0.313802
0 0.607422 0.355469 0.605469 0.355469 0.604492 0.356771 0.602539 0.356771 0.601562 0.358073 0.599609 0.358073 0.598633 0.359375 0.596680 0.359375 0.595703 0.360677 0.594727 0.360677 0.593750 0.361979 0.590820 0.363281 0.588867 0.365885 0.588867 0.367188 0.584961 0.372396 0.584961 0.373698 0.583984 0.375000 0.583984 0.377604 0.583008 0.378906 0.583008 0.384115 0.583984 0.385417 0.583984 0.388021 0.589844 0.395833 0.590820 0.395833 0.595703 0.402344 0.597656 0.402344 0.598633 0.403646 0.600586 0.403646 0.601562 0.402344 0.603516 0.402344 0.604492 0.401042 0.605469 0.401042 0.607422 0.398438 0.608398 0.398438 0.609375 0.397135 0.612305 0.395833 0.615234 0.389323 0.615234 0.381510 0.616211 0.380208 0.616211 0.365885 0.615234 0.364583 0.615234 0.363281 0.614258 0.361979 0.613281 0.361979 0.611328 0.359375 0.611328 0.358073 0.610352 0.358073
0 0.607422 0.264323 0.605469 0.264323 0.604492 0.263021 0.600586 0.263021 0.599609 0.264323 0.598633 0.264323 0.597656 0.265625 0.594727 0.266927 0.592773 0.269531 0.591797 0.269531 0.590820 0.270833 0.589844 0.270833 0.588867 0.272135 0.585938 0.273438 0.583984 0.276042 0.583008 0.276042 0.579102 0.283854 0.579102 0.296875 0.580078 0.298177 0.580078 0.299479 0.581055 0.299479 0.583008 0.302083 0.583008 0.303385 0.583984 0.304688 0.584961 0.304688 0.586914 0.307292 0.587891 0.307292 0.589844 0.309896 0.590820 0.309896 0.591797 0.311198 0.595703 0.311198 0.596680 0.309896 0.597656 0.309896 0.599609 0.307292 0.603516 0.307292 0.604492 0.305990 0.607422 0.304688 0.607422 0.303385 0.609375 0.300781 0.609375 0.299479 0.616211 0.290365 0.616211 0.282552 0.615234 0.281250 0.615234 0.279948 0.614258 0.278646 0.614258 0.277344 0.613281 0.276042 0.613281 0.274740 0.612305 0.273438 0.611328 0.269531
0 0.625000 0.283854 0.618164 0.292969 0.618164 0.294271 0.617188 0.295573 0.617188 0.298177 0.613281 0.305990 0.613281 0.311198 0.614258 0.312500 0.614258 0.313802 0.617188 0.317708 0.617188 0.319010 0.619141 0.321615 0.622070 0.321615 0.624023 0.324219 0.625000 0.324219 0.629883 0.328125 0.639648 0.328125 0.643555 0.322917 0.643555 0.321615 0.645508 0.319010 0.647461 0.312500 0.650391 0.308594 0.650391 0.307292 0.652344 0.304688 0.652344 0.287760 0.650391 0.285156 0.644531 0.285156 0.641602 0.282552 0.627930 0.282552 0.626953 0.283854
0 0.634766 0.339844 0.633789 0.339844 0.632812 0.341146 0.628906 0.341146 0.627930 0.342448 0.625000 0.342448 0.624023 0.343750 0.622070 0.343750 0.621094 0.345052 0.620117 0.345052 0.617188 0.348958 0.617188 0.350260 0.616211 0.351562 0.617188 0.352865 0.617188 0.363281 0.618164 0.364583 0.618164 0.368490 0.619141 0.369792 0.619141 0.372396 0.621094 0.375000 0.621094 0.376302 0.625000 0.381510 0.625977 0.381510 0.628906 0.384115 0.633789 0.384115 0.634766 0.382812 0.635742 0.382812 0.640625 0.378906 0.642578 0.378906 0.644531 0.376302 0.647461 0.375000 0.650391 0.371094 0.650391 0.369792 0.651367 0.368490 0.651367 0.355469 0.650391 0.354167 0.650391 0.352865 0.648438 0.350260 0.645508 0.348958 0.640625 0.342448 0.639648 0.342448 0.638672 0.341146 0.635742 0.341146
0 0.685547 0.335938 0.684570 0.335938 0.681641 0.333333 0.678711 0.333333 0.677734 0.332031 0.674805 0.332031 0.673828 0.333333 0.669922 0.333333 0.668945 0.334635 0.666992 0.334635 0.666016 0.335938 0.661133 0.335938 0.660156 0.337240 0.659180 0.337240 0.657227 0.339844 0.656250 0.339844 0.654297 0.342448 0.654297 0.343750 0.653320 0.345052 0.653320 0.348958 0.652344 0.350260 0.652344 0.351562 0.653320 0.352865 0.653320 0.361979 0.654297 0.363281 0.654297 0.367188 0.660156 0.375000 0.661133 0.375000 0.666016 0.378906 0.671875 0.378906 0.672852 0.377604 0.677734 0.377604 0.678711 0.376302 0.680664 0.376302 0.681641 0.375000 0.682617 0.375000 0.684570 0.372396 0.685547 0.372396 0.687500 0.369792 0.688477 0.369792 0.689453 0.368490 0.690430 0.364583 0.692383 0.361979 0.692383 0.359375 0.693359 0.358073 0.693359 0.350260 0.692383 0.348958 0.692383 0.347656 0.690430 0.345052 0.690430 0.343750
0 0.717773 0.338542 0.710938 0.338542 0.709961 0.339844 0.708008 0.339844 0.706055 0.342448 0.705078 0.342448 0.704102 0.343750 0.704102 0.345052 0.702148 0.347656 0.702148 0.351562 0.701172 0.352865 0.701172 0.355469 0.700195 0.356771 0.700195 0.364583 0.699219 0.365885 0.699219 0.375000 0.700195 0.376302 0.702148 0.376302 0.703125 0.377604 0.705078 0.377604 0.707031 0.380208 0.708008 0.380208 0.708984 0.381510 0.712891 0.381510 0.713867 0.380208 0.715820 0.380208 0.716797 0.378906 0.717773 0.378906 0.718750 0.377604 0.721680 0.376302 0.725586 0.371094 0.725586 0.369792 0.726562 0.368490 0.726562 0.367188 0.728516 0.363281 0.728516 0.360677 0.729492 0.359375 0.729492 0.354167 0.728516 0.352865 0.728516 0.350260 0.726562 0.347656 0.726562 0.346354 0.723633 0.342448 0.722656 0.342448 0.721680 0.341146 0.720703 0.341146
0 0.740234 0.372396 0.741211 0.372396 0.743164 0.375000 0.743164 0.377604 0.742188 0.378906 0.742188 0.380208 0.737305 0.386719 0.737305 0.388021 0.736328 0.389323 0.736328 0.394531 0.735352 0.395833 0.736328 0.402344 0.737305 0.403646 0.737305 0.404948 0.740234 0.408854 0.740234 0.412760 0.741211 0.412760 0.742188 0.414062 0.744141 0.414062 0.747070 0.416667 0.759766 0.416667 0.763672 0.412760 0.764648 0.412760 0.766602 0.410156 0.769531 0.408854 0.771484 0.406250 0.773438 0.399740 0.775391 0.397135 0.775391 0.395833 0.777344 0.391927 0.777344 0.386719 0.774414 0.382812 0.773438 0.382812 0.770508 0.378906 0.769531 0.378906 0.767578 0.376302 0.766602 0.376302 0.763672 0.373698 0.759766 0.373698 0.758789 0.372396 0.755859 0.372396 0.754883 0.371094 0.753906 0.372396 0.750000 0.372396 0.749023 0.371094 0.745117 0.371094 0.744141 0.372396
0 0.696289 0.381510 0.694336 0.384115 0.693359 0.384115 0.691406 0.386719 0.690430 0.386719 0.690430 0.388021 0.687500 0.391927 0.686523 0.391927 0.686523 0.394531 0.687500 0.395833 0.687500 0.417969 0.689453 0.420573 0.692383 0.420573 0.693359 0.421875 0.696289 0.421875 0.697266 0.423177 0.699219 0.423177 0.700195 0.424479 0.708008 0.424479 0.712891 0.417969 0.712891 0.416667 0.714844 0.412760 0.714844 0.410156 0.715820 0.408854 0.715820 0.397135 0.714844 0.395833 0.714844 0.391927 0.713867 0.390625 0.713867 0.389323 0.709961 0.384115 0.708008 0.384115 0.707031 0.382812 0.705078 0.382812 0.704102 0.381510
0 0.649414 0.404948 0.649414 0.407552 0.648438 0.408854 0.648438 0.412760 0.649414 0.414062 0.649414 0.417969 0.650391 0.419271 0.651367 0.423177 0.652344 0.424479 0.653320 0.424479 0.655273 0.427083 0.656250 0.427083 0.658203 0.429688 0.665039 0.429688 0.666016 0.430990 0.668945 0.430990 0.669922 0.429688 0.682617 0.429688 0.683594 0.428385 0.683594 0.424479 0.684570 0.423177 0.684570 0.420573 0.685547 0.419271 0.685547 0.407552 0.684570 0.406250 0.684570 0.403646 0.677734 0.395833 0.666992 0.395833 0.666016 0.397135 0.660156 0.397135 0.659180 0.398438 0.657227 0.398438 0.657227 0.399740 0.653320 0.404948
0 0.625000 0.385417 0.624023 0.386719 0.623047 0.386719 0.621094 0.389323 0.620117 0.389323 0.618164 0.391927 0.617188 0.391927 0.613281 0.397135 0.613281 0.398438 0.609375 0.403646 0.609375 0.406250 0.608398 0.407552 0.608398 0.408854 0.609375 0.410156 0.609375 0.414062 0.610352 0.415365 0.610352 0.417969 0.611328 0.419271 0.614258 0.419271 0.616211 0.421875 0.617188 0.421875 0.618164 0.423177 0.619141 0.423177 0.622070 0.425781 0.624023 0.425781 0.625000 0.427083 0.628906 0.427083 0.629883 0.425781 0.631836 0.425781 0.632812 0.424479 0.633789 0.424479 0.635742 0.421875 0.638672 0.420573 0.644531 0.412760 0.644531 0.402344 0.643555 0.401042 0.643555 0.399740 0.637695 0.391927 0.636719 0.391927 0.631836 0.386719 0.630859 0.386719 0.629883 0.385417
0 0.606445 0.425781 0.605469 0.427083 0.603516 0.427083 0.596680 0.436198 0.596680 0.437500 0.595703 0.438802 0.595703 0.442708 0.594727 0.444010 0.594727 0.445312 0.595703 0.446615 0.595703 0.454427 0.596680 0.455729 0.596680 0.458333 0.597656 0.459635 0.598633 0.463542 0.602539 0.470052 0.603516 0.470052 0.604492 0.471354 0.615234 0.471354 0.617188 0.468750 0.618164 0.468750 0.620117 0.466146 0.621094 0.466146 0.625000 0.460938 0.625977 0.460938 0.627930 0.457031 0.627930 0.451823 0.626953 0.450521 0.626953 0.442708 0.625977 0.441406 0.625977 0.437500 0.622070 0.432292 0.621094 0.432292 0.620117 0.430990 0.617188 0.429688 0.615234 0.427083 0.613281 0.427083 0.612305 0.425781
0 0.635742 0.427083 0.632812 0.430990 0.632812 0.433594 0.631836 0.434896 0.631836 0.453125 0.632812 0.454427 0.632812 0.458333 0.633789 0.459635 0.633789 0.460938 0.634766 0.462240 0.635742 0.462240 0.638672 0.464844 0.640625 0.464844 0.641602 0.466146 0.650391 0.466146 0.651367 0.464844 0.653320 0.464844 0.654297 0.463542 0.655273 0.463542 0.657227 0.460938 0.658203 0.460938 0.658203 0.459635 0.660156 0.455729 0.660156 0.450521 0.659180 0.449219 0.659180 0.436198 0.658203 0.434896 0.658203 0.432292 0.656250 0.429688 0.653320 0.428385 0.651367 0.425781 0.650391 0.425781 0.649414 0.424479 0.640625 0.424479 0.639648 0.425781 0.637695 0.425781 0.636719 0.427083
0 0.690430 0.424479 0.689453 0.424479 0.688477 0.423177 0.685547 0.423177 0.685547 0.424479 0.684570 0.425781 0.684570 0.428385 0.682617 0.430990 0.670898 0.430990 0.669922 0.432292 0.667969 0.432292 0.666016 0.434896 0.666016 0.436198 0.664062 0.438802 0.664062 0.444010 0.665039 0.445312 0.665039 0.446615 0.666016 0.447917 0.666016 0.449219 0.666992 0.450521 0.666992 0.451823 0.668945 0.454427 0.668945 0.455729 0.669922 0.457031 0.670898 0.457031 0.672852 0.459635 0.674805 0.459635 0.675781 0.460938 0.680664 0.460938 0.681641 0.459635 0.683594 0.459635 0.684570 0.458333 0.685547 0.458333 0.689453 0.453125 0.689453 0.451823 0.690430 0.450521 0.690430 0.449219 0.691406 0.447917 0.691406 0.446615 0.693359 0.444010 0.693359 0.442708 0.695312 0.438802 0.695312 0.432292 0.694336 0.430990 0.694336 0.429688
0 0.733398 0.414062 0.724609 0.414062 0.723633 0.415365 0.721680 0.415365 0.720703 0.416667 0.715820 0.417969 0.715820 0.420573 0.714844 0.421875 0.712891 0.421875 0.711914 0.423177 0.711914 0.425781 0.713867 0.425781 0.715820 0.421875 0.717773 0.425781 0.717773 0.428385 0.718750 0.429688 0.718750 0.432292 0.719727 0.433594 0.719727 0.434896 0.717773 0.437500 0.717773 0.441406 0.716797 0.442708 0.716797 0.446615 0.715820 0.447917 0.715820 0.450521 0.716797 0.451823 0.716797 0.454427 0.722656 0.462240 0.723633 0.462240 0.724609 0.463542 0.728516 0.463542 0.730469 0.460938 0.735352 0.459635 0.736328 0.458333 0.741211 0.455729 0.745117 0.450521 0.746094 0.450521 0.746094 0.449219 0.748047 0.445312 0.748047 0.430990 0.747070 0.429688 0.747070 0.427083 0.745117 0.424479 0.745117 0.423177 0.741211 0.417969 0.740234 0.417969 0.739258 0.416667 0.737305 0.416667 0.736328 0.415365 0.734375 0.415365
0 0.783203 0.415365 0.782227 0.416667 0.782227 0.420573 0.779297 0.427083 0.779297 0.429688 0.778320 0.430990 0.777344 0.430990 0.777344 0.441406 0.776367 0.442708 0.776367 0.445312 0.777344 0.446615 0.778320 0.450521 0.780273 0.453125 0.781250 0.457031 0.782227 0.457031 0.785156 0.459635 0.787109 0.459635 0.788086 0.460938 0.796875 0.460938 0.797852 0.459635 0.799805 0.459635 0.800781 0.458333 0.803711 0.457031 0.807617 0.451823 0.807617 0.446615 0.808594 0.445312 0.807617 0.444010 0.807617 0.441406 0.806641 0.440104 0.806641 0.436198 0.805664 0.434896 0.805664 0.433594 0.803711 0.430990 0.803711 0.428385 0.802734 0.427083 0.802734 0.425781 0.801758 0.424479 0.801758 0.423177 0.800781 0.421875 0.799805 0.417969 0.797852 0.415365 0.794922 0.415365 0.793945 0.414062 0.787109 0.414062 0.786133 0.415365
0 0.766602 0.460938 0.765625 0.462240 0.764648 0.462240 0.763672 0.463542 0.762695 0.463542 0.758789 0.468750 0.757812 0.468750 0.756836 0.470052 0.756836 0.471354 0.755859 0.472656 0.755859 0.476562 0.753906 0.480469 0.753906 0.490885 0.756836 0.494792 0.757812 0.494792 0.758789 0.496094 0.760742 0.496094 0.761719 0.497396 0.766602 0.497396 0.767578 0.498698 0.771484 0.498698 0.772461 0.497396 0.776367 0.497396 0.777344 0.496094 0.778320 0.496094 0.779297 0.494792 0.780273 0.494792 0.783203 0.490885 0.783203 0.489583 0.785156 0.485677 0.785156 0.468750 0.782227 0.464844 0.780273 0.464844 0.779297 0.463542 0.775391 0.463542 0.774414 0.462240 0.769531 0.462240 0.768555 0.460938
0 0.701172 0.449219 0.700195 0.450521 0.700195 0.451823 0.701172 0.453125 0.701172 0.454427 0.700195 0.455729 0.696289 0.455729 0.693359 0.459635 0.692383 0.459635 0.688477 0.464844 0.688477 0.473958 0.691406 0.480469 0.691406 0.484375 0.692383 0.485677 0.692383 0.486979 0.693359 0.486979 0.700195 0.496094 0.701172 0.496094 0.703125 0.498698 0.705078 0.498698 0.706055 0.500000 0.708984 0.500000 0.710938 0.497396 0.711914 0.497396 0.724609 0.479167 0.724609 0.471354 0.723633 0.470052 0.723633 0.467448 0.718750 0.460938 0.717773 0.460938 0.715820 0.458333 0.714844 0.458333 0.713867 0.457031 0.711914 0.457031 0.710938 0.455729 0.709961 0.455729 0.708008 0.453125 0.707031 0.453125 0.704102 0.449219
0 0.736328 0.485677 0.735352 0.485677 0.732422 0.483073 0.730469 0.483073 0.729492 0.481771 0.724609 0.481771 0.712891 0.497396 0.711914 0.497396 0.711914 0.498698 0.708984 0.502604 0.708984 0.503906 0.709961 0.505208 0.709961 0.507812 0.710938 0.509115 0.711914 0.509115 0.714844 0.513021 0.715820 0.513021 0.718750 0.516927 0.719727 0.516927 0.720703 0.518229 0.724609 0.518229 0.725586 0.516927 0.728516 0.516927 0.729492 0.515625 0.731445 0.515625 0.732422 0.514323 0.734375 0.514323 0.737305 0.510417 0.737305 0.509115 0.738281 0.507812 0.738281 0.505208 0.739258 0.503906 0.739258 0.493490 0.738281 0.492188 0.738281 0.488281
0 0.658203 0.466146 0.656250 0.468750 0.656250 0.470052 0.652344 0.475260 0.652344 0.481771 0.653320 0.483073 0.653320 0.484375 0.655273 0.486979 0.655273 0.488281 0.657227 0.490885 0.657227 0.492188 0.658203 0.492188 0.660156 0.494792 0.660156 0.496094 0.663086 0.500000 0.663086 0.501302 0.666992 0.506510 0.666992 0.507812 0.667969 0.509115 0.668945 0.509115 0.669922 0.510417 0.673828 0.510417 0.674805 0.509115 0.675781 0.509115 0.677734 0.506510 0.678711 0.506510 0.681641 0.502604 0.681641 0.501302 0.683594 0.498698 0.683594 0.497396 0.686523 0.493490 0.686523 0.492188 0.687500 0.490885 0.687500 0.485677 0.685547 0.481771 0.685547 0.479167 0.684570 0.477865 0.684570 0.476562 0.679688 0.470052 0.678711 0.470052 0.675781 0.467448 0.673828 0.467448 0.668945 0.463542 0.667969 0.464844 0.666016 0.464844 0.663086 0.467448 0.659180 0.467448
0 0.622070 0.466146 0.620117 0.468750 0.619141 0.468750 0.617188 0.471354 0.616211 0.471354 0.614258 0.473958 0.614258 0.477865 0.618164 0.485677 0.618164 0.500000 0.619141 0.501302 0.620117 0.501302 0.623047 0.503906 0.625000 0.503906 0.625977 0.505208 0.628906 0.505208 0.629883 0.503906 0.630859 0.503906 0.631836 0.502604 0.632812 0.502604 0.633789 0.501302 0.634766 0.501302 0.640625 0.493490 0.640625 0.492188 0.641602 0.490885 0.641602 0.477865 0.642578 0.476562 0.640625 0.473958 0.639648 0.473958 0.638672 0.472656 0.637695 0.472656 0.635742 0.470052 0.634766 0.470052 0.632812 0.467448 0.631836 0.467448 0.630859 0.466146
0 0.626953 0.507812 0.625000 0.507812 0.622070 0.505208 0.618164 0.505208 0.617188 0.503906 0.614258 0.503906 0.613281 0.505208 0.612305 0.505208 0.611328 0.506510 0.610352 0.506510 0.607422 0.510417 0.606445 0.510417 0.604492 0.514323 0.603516 0.514323 0.602539 0.515625 0.601562 0.515625 0.600586 0.516927 0.599609 0.516927 0.596680 0.520833 0.596680 0.527344 0.597656 0.528646 0.597656 0.529948 0.598633 0.531250 0.598633 0.532552 0.603516 0.539062 0.604492 0.539062 0.606445 0.541667 0.609375 0.541667 0.610352 0.542969 0.615234 0.542969 0.616211 0.541667 0.618164 0.541667 0.623047 0.535156 0.623047 0.533854 0.625000 0.531250 0.625000 0.529948 0.626953 0.527344 0.626953 0.526042 0.628906 0.523438 0.628906 0.510417
0 0.626953 0.533854 0.624023 0.537760 0.623047 0.537760 0.619141 0.544271 0.619141 0.546875 0.618164 0.548177 0.618164 0.549479 0.619141 0.550781 0.619141 0.554688 0.620117 0.555990 0.621094 0.559896 0.623047 0.562500 0.623047 0.563802 0.624023 0.565104 0.625000 0.569010 0.626953 0.571615 0.627930 0.571615 0.629883 0.574219 0.630859 0.574219 0.633789 0.576823 0.638672 0.576823 0.639648 0.575521 0.640625 0.575521 0.641602 0.574219 0.641602 0.572917 0.646484 0.566406 0.647461 0.566406 0.647461 0.565104 0.649414 0.562500 0.649414 0.561198 0.650391 0.559896 0.650391 0.558594 0.649414 0.557292 0.649414 0.552083 0.648438 0.550781 0.647461 0.546875 0.646484 0.545573 0.645508 0.545573 0.641602 0.540365 0.640625 0.540365 0.638672 0.537760 0.637695 0.537760 0.634766 0.533854 0.634766 0.532552 0.630859 0.532552 0.629883 0.533854
0 0.633789 0.511719 0.633789 0.523438 0.634766 0.524740 0.634766 0.528646 0.642578 0.540365 0.643555 0.540365 0.646484 0.544271 0.647461 0.544271 0.648438 0.545573 0.655273 0.545573 0.656250 0.544271 0.662109 0.544271 0.663086 0.542969 0.665039 0.542969 0.669922 0.536458 0.669922 0.535156 0.670898 0.533854 0.670898 0.531250 0.671875 0.529948 0.671875 0.520833 0.666016 0.513021 0.665039 0.513021 0.663086 0.510417 0.662109 0.510417 0.661133 0.509115 0.658203 0.509115 0.657227 0.507812 0.655273 0.507812 0.654297 0.506510 0.653320 0.506510 0.652344 0.507812 0.645508 0.507812 0.642578 0.503906 0.641602 0.503906 0.641602 0.505208 0.639648 0.507812 0.638672 0.507812
0 0.712891 0.514323 0.708984 0.514323 0.706055 0.518229 0.706055 0.520833 0.707031 0.522135 0.706055 0.523438 0.706055 0.524740 0.704102 0.528646 0.702148 0.528646 0.701172 0.529948 0.700195 0.529948 0.697266 0.527344 0.697266 0.528646 0.695312 0.531250 0.695312 0.533854 0.694336 0.535156 0.694336 0.544271 0.695312 0.545573 0.695312 0.548177 0.697266 0.550781 0.698242 0.550781 0.703125 0.555990 0.705078 0.555990 0.706055 0.557292 0.711914 0.557292 0.717773 0.549479 0.718750 0.549479 0.722656 0.544271 0.722656 0.542969 0.723633 0.541667 0.723633 0.539062 0.724609 0.537760 0.724609 0.529948 0.723633 0.528646 0.723633 0.526042 0.719727 0.519531 0.718750 0.519531 0.717773 0.518229 0.714844 0.516927
0 0.599609 0.557292 0.594727 0.563802 0.594727 0.567708 0.593750 0.569010 0.593750 0.575521 0.594727 0.576823 0.594727 0.584635 0.597656 0.588542 0.597656 0.591146 0.601562 0.596354 0.602539 0.596354 0.603516 0.597656 0.614258 0.597656 0.615234 0.598958 0.620117 0.598958 0.621094 0.597656 0.623047 0.597656 0.626953 0.591146 0.626953 0.587240 0.627930 0.585938 0.627930 0.584635 0.626953 0.583333 0.626953 0.576823 0.625977 0.575521 0.625977 0.574219 0.624023 0.571615 0.624023 0.570312 0.623047 0.569010 0.623047 0.567708 0.622070 0.566406 0.621094 0.562500 0.614258 0.553385 0.613281 0.553385 0.612305 0.552083 0.609375 0.552083 0.608398 0.553385 0.606445 0.553385 0.605469 0.554688 0.603516 0.554688 0.602539 0.555990
0 0.633789 0.585938 0.632812 0.587240 0.631836 0.587240 0.627930 0.592448 0.627930 0.593750 0.625977 0.596354 0.625977 0.597656 0.623047 0.601562 0.623047 0.602865 0.622070 0.604167 0.622070 0.608073 0.623047 0.609375 0.623047 0.610677 0.624023 0.611979 0.624023 0.613281 0.625000 0.614583 0.625977 0.618490 0.626953 0.618490 0.627930 0.619792 0.629883 0.619792 0.630859 0.621094 0.633789 0.621094 0.634766 0.622396 0.636719 0.622396 0.637695 0.623698 0.645508 0.623698 0.648438 0.619792 0.649414 0.619792 0.652344 0.615885 0.652344 0.614583 0.653320 0.613281 0.653320 0.611979 0.655273 0.608073 0.655273 0.598958 0.654297 0.597656 0.654297 0.595052 0.648438 0.587240 0.647461 0.587240 0.646484 0.585938 0.643555 0.585938 0.642578 0.584635 0.637695 0.584635 0.636719 0.585938
0 0.687500 0.565104 0.685547 0.565104 0.684570 0.563802 0.682617 0.563802 0.681641 0.562500 0.679688 0.562500 0.676758 0.565104 0.673828 0.565104 0.672852 0.566406 0.671875 0.566406 0.670898 0.567708 0.667969 0.569010 0.663086 0.574219 0.663086 0.578125 0.662109 0.579427 0.662109 0.580729 0.660156 0.583333 0.657227 0.583333 0.657227 0.585938 0.659180 0.588542 0.659180 0.589844 0.665039 0.597656 0.666016 0.597656 0.666992 0.598958 0.667969 0.598958 0.669922 0.601562 0.671875 0.601562 0.672852 0.602865 0.676758 0.602865 0.677734 0.601562 0.680664 0.601562 0.681641 0.600260 0.683594 0.600260 0.684570 0.598958 0.685547 0.598958 0.686523 0.597656 0.689453 0.596354 0.689453 0.595052 0.691406 0.592448 0.691406 0.591146 0.693359 0.587240 0.693359 0.575521 0.692383 0.574219 0.691406 0.570312
0 0.691406 0.565104 0.692383 0.566406 0.692383 0.570312 0.693359 0.571615 0.693359 0.574219 0.694336 0.575521 0.694336 0.584635 0.696289 0.588542 0.698242 0.588542 0.701172 0.591146 0.705078 0.591146 0.706055 0.592448 0.708984 0.592448 0.709961 0.593750 0.714844 0.593750 0.717773 0.591146 0.717773 0.589844 0.720703 0.585938 0.720703 0.584635 0.721680 0.583333 0.721680 0.580729 0.722656 0.579427 0.721680 0.578125 0.721680 0.563802 0.719727 0.561198 0.718750 0.561198 0.717773 0.559896 0.707031 0.559896 0.706055 0.558594 0.702148 0.558594 0.701172 0.557292 0.699219 0.557292 0.698242 0.558594 0.697266 0.558594 0.696289 0.559896 0.695312 0.559896
0 0.668945 0.604167 0.667969 0.605469 0.666992 0.605469 0.663086 0.610677 0.663086 0.611979 0.661133 0.614583 0.660156 0.614583 0.659180 0.615885 0.657227 0.615885 0.657227 0.618490 0.656250 0.619792 0.656250 0.622396 0.657227 0.623698 0.657227 0.627604 0.658203 0.628906 0.658203 0.630208 0.664062 0.638021 0.666992 0.639323 0.668945 0.641927 0.671875 0.643229 0.673828 0.645833 0.674805 0.645833 0.676758 0.648438 0.677734 0.648438 0.678711 0.647135 0.680664 0.647135 0.681641 0.645833 0.684570 0.644531 0.689453 0.638021 0.689453 0.636719 0.691406 0.632812 0.691406 0.625000 0.692383 0.623698 0.692383 0.619792 0.693359 0.618490 0.693359 0.614583 0.692383 0.613281 0.692383 0.610677 0.691406 0.609375 0.690430 0.609375 0.689453 0.608073 0.687500 0.608073 0.682617 0.604167
0 0.626953 0.640625 0.626953 0.641927 0.625977 0.643229 0.625977 0.654948 0.628906 0.658854 0.628906 0.660156 0.629883 0.661458 0.629883 0.664062 0.633789 0.670573 0.634766 0.670573 0.635742 0.671875 0.637695 0.671875 0.640625 0.674479 0.651367 0.674479 0.652344 0.673177 0.653320 0.673177 0.654297 0.671875 0.655273 0.671875 0.656250 0.670573 0.659180 0.669271 0.659180 0.667969 0.660156 0.666667 0.660156 0.656250 0.659180 0.654948 0.659180 0.652344 0.658203 0.651042 0.658203 0.647135 0.657227 0.645833 0.657227 0.641927 0.649414 0.631510 0.647461 0.631510 0.646484 0.630208 0.640625 0.630208 0.638672 0.632812 0.638672 0.634115 0.634766 0.639323 0.631836 0.639323 0.630859 0.640625
0 0.625000 0.677083 0.623047 0.679688 0.623047 0.682292 0.622070 0.683594 0.622070 0.687500 0.621094 0.688802 0.621094 0.694010 0.620117 0.695312 0.620117 0.701823 0.621094 0.703125 0.621094 0.704427 0.622070 0.705729 0.622070 0.707031 0.623047 0.708333 0.624023 0.708333 0.625000 0.709635 0.625977 0.709635 0.628906 0.712240 0.631836 0.712240 0.632812 0.713542 0.635742 0.713542 0.636719 0.712240 0.643555 0.712240 0.645508 0.709635 0.645508 0.708333 0.646484 0.707031 0.646484 0.704427 0.647461 0.703125 0.647461 0.701823 0.649414 0.699219 0.649414 0.696615 0.650391 0.695312 0.650391 0.687500 0.649414 0.686198 0.649414 0.684896 0.646484 0.680990 0.645508 0.680990 0.643555 0.678385 0.642578 0.678385 0.641602 0.677083 0.639648 0.677083 0.638672 0.675781 0.631836 0.675781 0.630859 0.674479 0.629883 0.675781 0.626953 0.675781 0.625977 0.677083
0 0.622070 0.712240 0.621094 0.713542 0.618164 0.714844 0.616211 0.717448 0.615234 0.717448 0.614258 0.718750 0.613281 0.722656 0.611328 0.725260 0.611328 0.726562 0.610352 0.727865 0.610352 0.739583 0.611328 0.740885 0.611328 0.742188 0.612305 0.743490 0.613281 0.747396 0.616211 0.751302 0.616211 0.752604 0.618164 0.755208 0.619141 0.755208 0.622070 0.757812 0.633789 0.757812 0.636719 0.753906 0.636719 0.752604 0.638672 0.750000 0.638672 0.748698 0.639648 0.747396 0.639648 0.746094 0.640625 0.744792 0.640625 0.743490 0.641602 0.742188 0.641602 0.740885 0.643555 0.736979 0.643555 0.734375 0.642578 0.733073 0.642578 0.727865 0.641602 0.726562 0.641602 0.725260 0.635742 0.717448 0.634766 0.717448 0.633789 0.716146 0.630859 0.716146 0.629883 0.714844 0.626953 0.714844 0.624023 0.712240
0 0.663086 0.743490 0.662109 0.743490 0.661133 0.742188 0.660156 0.742188 0.658203 0.739583 0.657227 0.739583 0.654297 0.736979 0.651367 0.736979 0.650391 0.735677 0.644531 0.740885 0.644531 0.742188 0.641602 0.746094 0.641602 0.747396 0.638672 0.751302 0.638672 0.753906 0.636719 0.756510 0.636719 0.763021 0.637695 0.764323 0.637695 0.765625 0.638672 0.766927 0.638672 0.768229 0.641602 0.772135 0.641602 0.773438 0.642578 0.773438 0.643555 0.774740 0.651367 0.774740 0.652344 0.773438 0.654297 0.773438 0.655273 0.772135 0.657227 0.772135 0.661133 0.766927 0.661133 0.765625 0.662109 0.764323 0.662109 0.763021 0.663086 0.761719 0.663086 0.760417 0.665039 0.757812 0.665039 0.755208 0.666992 0.751302 0.666016 0.750000 0.666016 0.748698 0.665039 0.747396 0.665039 0.746094
0 0.629883 0.773438 0.628906 0.773438 0.627930 0.774740 0.627930 0.777344 0.626953 0.778646 0.622070 0.778646 0.619141 0.781250 0.617188 0.781250 0.614258 0.778646 0.613281 0.779948 0.611328 0.779948 0.611328 0.781250 0.610352 0.782552 0.610352 0.794271 0.611328 0.795573 0.611328 0.798177 0.612305 0.799479 0.612305 0.800781 0.614258 0.803385 0.614258 0.804688 0.617188 0.808594 0.617188 0.809896 0.619141 0.812500 0.620117 0.812500 0.621094 0.813802 0.625000 0.813802 0.625977 0.812500 0.626953 0.812500 0.627930 0.811198 0.628906 0.811198 0.631836 0.808594 0.633789 0.808594 0.634766 0.807292 0.635742 0.807292 0.636719 0.805990 0.639648 0.804688 0.641602 0.802083 0.641602 0.800781 0.642578 0.799479 0.642578 0.794271 0.643555 0.792969 0.643555 0.787760 0.642578 0.786458 0.641602 0.782552 0.640625 0.782552 0.639648 0.781250 0.636719 0.779948 0.633789 0.776042 0.631836 0.776042
0 0.655273 0.829427 0.653320 0.826823 0.643555 0.826823 0.642578 0.825521 0.641602 0.825521 0.640625 0.826823 0.636719 0.826823 0.635742 0.828125 0.632812 0.828125 0.631836 0.829427 0.628906 0.829427 0.627930 0.830729 0.626953 0.830729 0.626953 0.833333 0.625977 0.834635 0.625977 0.835938 0.626953 0.837240 0.626953 0.843750 0.627930 0.845052 0.627930 0.847656 0.628906 0.848958 0.628906 0.851562 0.629883 0.852865 0.629883 0.854167 0.631836 0.856771 0.649414 0.856771 0.650391 0.855469 0.652344 0.855469 0.653320 0.854167 0.654297 0.854167 0.660156 0.846354 0.660156 0.845052 0.658203 0.841146 0.658203 0.838542 0.656250 0.834635 0.656250 0.832031 0.655273 0.830729
0 0.680664 0.803385 0.672852 0.803385 0.671875 0.804688 0.670898 0.804688 0.669922 0.805990 0.668945 0.805990 0.667969 0.807292 0.666992 0.807292 0.664062 0.811198 0.663086 0.811198 0.661133 0.813802 0.660156 0.813802 0.660156 0.824219 0.661133 0.825521 0.661133 0.829427 0.662109 0.830729 0.662109 0.832031 0.663086 0.833333 0.663086 0.834635 0.666016 0.838542 0.666992 0.838542 0.669922 0.841146 0.676758 0.841146 0.677734 0.839844 0.678711 0.839844 0.679688 0.838542 0.680664 0.838542 0.684570 0.833333 0.685547 0.833333 0.686523 0.832031 0.686523 0.830729 0.688477 0.828125 0.688477 0.826823 0.689453 0.825521 0.689453 0.819010 0.687500 0.815104 0.687500 0.812500 0.686523 0.811198 0.686523 0.809896 0.685547 0.808594 0.684570 0.808594
0 0.719727 0.822917 0.718750 0.824219 0.713867 0.824219 0.712891 0.825521 0.710938 0.825521 0.710938 0.826823 0.708008 0.830729 0.704102 0.830729 0.701172 0.833333 0.697266 0.833333 0.696289 0.832031 0.696289 0.830729 0.693359 0.826823 0.693359 0.828125 0.692383 0.829427 0.692383 0.835938 0.693359 0.837240 0.693359 0.839844 0.695312 0.843750 0.695312 0.846354 0.696289 0.847656 0.696289 0.848958 0.701172 0.855469 0.702148 0.855469 0.703125 0.856771 0.705078 0.856771 0.708008 0.859375 0.710938 0.859375 0.711914 0.860677 0.715820 0.860677 0.716797 0.859375 0.718750 0.859375 0.719727 0.858073 0.722656 0.856771 0.728516 0.848958 0.728516 0.843750 0.724609 0.835938 0.724609 0.830729 0.721680 0.826823 0.721680 0.825521
0 0.718750 0.796875 0.718750 0.803385 0.719727 0.804688 0.719727 0.811198 0.720703 0.812500 0.720703 0.819010 0.721680 0.820312 0.721680 0.821615 0.724609 0.825521 0.724609 0.826823 0.726562 0.829427 0.734375 0.829427 0.737305 0.826823 0.739258 0.826823 0.740234 0.825521 0.742188 0.825521 0.743164 0.824219 0.745117 0.824219 0.746094 0.822917 0.747070 0.822917 0.748047 0.821615 0.750977 0.820312 0.754883 0.815104 0.755859 0.815104 0.754883 0.811198 0.751953 0.807292 0.751953 0.805990 0.750977 0.804688 0.750977 0.803385 0.750000 0.802083 0.750000 0.800781 0.749023 0.799479 0.748047 0.795573 0.745117 0.791667 0.743164 0.791667 0.742188 0.790365 0.735352 0.790365 0.734375 0.789062 0.731445 0.789062 0.730469 0.790365 0.728516 0.790365 0.727539 0.791667 0.726562 0.791667 0.724609 0.794271 0.721680 0.794271
0 0.674805 0.776042 0.674805 0.777344 0.676758 0.779948 0.676758 0.781250 0.677734 0.782552 0.677734 0.785156 0.678711 0.786458 0.678711 0.787760 0.679688 0.789062 0.679688 0.790365 0.685547 0.798177 0.686523 0.798177 0.687500 0.799479 0.698242 0.799479 0.700195 0.796875 0.701172 0.796875 0.702148 0.795573 0.702148 0.794271 0.703125 0.792969 0.703125 0.791667 0.704102 0.790365 0.704102 0.789062 0.705078 0.787760 0.705078 0.786458 0.707031 0.783854 0.707031 0.777344 0.706055 0.776042 0.706055 0.774740 0.704102 0.772135 0.704102 0.770833 0.700195 0.765625 0.698242 0.765625 0.695312 0.763021 0.688477 0.763021 0.688477 0.764323 0.685547 0.768229 0.684570 0.768229 0.679688 0.774740 0.678711 0.774740 0.677734 0.776042
0 0.718750 0.753906 0.717773 0.755208 0.715820 0.755208 0.714844 0.756510 0.713867 0.756510 0.709961 0.761719 0.708984 0.761719 0.708008 0.763021 0.708008 0.764323 0.707031 0.765625 0.707031 0.770833 0.708008 0.772135 0.708008 0.776042 0.708984 0.777344 0.708984 0.778646 0.709961 0.779948 0.709961 0.781250 0.711914 0.785156 0.711914 0.787760 0.712891 0.789062 0.712891 0.790365 0.725586 0.790365 0.726562 0.789062 0.727539 0.789062 0.728516 0.787760 0.729492 0.787760 0.737305 0.777344 0.737305 0.776042 0.738281 0.774740 0.738281 0.773438 0.737305 0.772135 0.737305 0.768229 0.736328 0.766927 0.736328 0.765625 0.734375 0.761719 0.734375 0.759115 0.732422 0.756510 0.732422 0.755208 0.730469 0.755208 0.729492 0.753906
0 0.657227 0.699219 0.656250 0.700521 0.656250 0.701823 0.654297 0.705729 0.653320 0.705729 0.652344 0.707031 0.650391 0.707031 0.649414 0.708333 0.649414 0.717448 0.650391 0.718750 0.650391 0.726562 0.651367 0.727865 0.651367 0.730469 0.652344 0.731771 0.652344 0.734375 0.655273 0.736979 0.657227 0.736979 0.658203 0.738281 0.659180 0.738281 0.660156 0.739583 0.662109 0.739583 0.663086 0.740885 0.668945 0.740885 0.669922 0.739583 0.673828 0.739583 0.678711 0.733073 0.678711 0.731771 0.679688 0.730469 0.679688 0.729167 0.681641 0.725260 0.681641 0.718750 0.680664 0.717448 0.680664 0.714844 0.679688 0.713542 0.679688 0.712240 0.673828 0.704427 0.672852 0.704427 0.669922 0.701823 0.667969 0.701823 0.665039 0.699219 0.662109 0.699219 0.661133 0.697917 0.660156 0.699219
0 0.677734 0.656250 0.671875 0.656250 0.668945 0.658854 0.665039 0.658854 0.663086 0.661458 0.663086 0.662760 0.662109 0.664062 0.662109 0.666667 0.661133 0.667969 0.661133 0.670573 0.656250 0.677083 0.656250 0.678385 0.655273 0.679688 0.655273 0.684896 0.656250 0.686198 0.659180 0.687500 0.666016 0.696615 0.666992 0.696615 0.669922 0.699219 0.674805 0.699219 0.675781 0.697917 0.678711 0.697917 0.679688 0.696615 0.681641 0.696615 0.685547 0.691406 0.686523 0.691406 0.688477 0.688802 0.688477 0.686198 0.689453 0.684896 0.689453 0.682292 0.690430 0.680990 0.690430 0.677083 0.691406 0.675781 0.691406 0.673177 0.690430 0.671875 0.690430 0.670573 0.689453 0.670573 0.686523 0.666667 0.685547 0.666667
0 0.682617 0.701823 0.682617 0.705729 0.683594 0.707031 0.684570 0.710938 0.686523 0.713542 0.686523 0.714844 0.687500 0.716146 0.688477 0.716146 0.694336 0.723958 0.695312 0.723958 0.698242 0.726562 0.700195 0.726562 0.701172 0.727865 0.705078 0.727865 0.706055 0.726562 0.708984 0.726562 0.709961 0.725260 0.710938 0.725260 0.711914 0.723958 0.714844 0.722656 0.717773 0.718750 0.717773 0.717448 0.720703 0.710938 0.720703 0.708333 0.721680 0.707031 0.721680 0.704427 0.719727 0.701823 0.719727 0.700521 0.718750 0.699219 0.717773 0.699219 0.715820 0.696615 0.714844 0.696615 0.710938 0.691406 0.709961 0.691406 0.708008 0.687500 0.704102 0.687500 0.703125 0.686198 0.694336 0.686198 0.693359 0.687500 0.690430 0.688802 0.690430 0.690104 0.687500 0.694010 0.687500 0.695312
0 0.718750 0.664062 0.717773 0.665365 0.716797 0.665365 0.715820 0.666667 0.714844 0.666667 0.713867 0.667969 0.710938 0.669271 0.708984 0.671875 0.708984 0.679688 0.709961 0.680990 0.710938 0.684896 0.713867 0.688802 0.713867 0.690104 0.715820 0.692708 0.715820 0.694010 0.722656 0.703125 0.723633 0.703125 0.726562 0.705729 0.728516 0.705729 0.729492 0.704427 0.730469 0.704427 0.733398 0.700521 0.734375 0.700521 0.740234 0.692708 0.740234 0.691406 0.741211 0.690104 0.741211 0.687500 0.743164 0.684896 0.743164 0.683594 0.744141 0.682292 0.744141 0.678385 0.742188 0.675781 0.742188 0.674479 0.739258 0.670573 0.735352 0.670573 0.734375 0.669271 0.732422 0.669271 0.731445 0.667969 0.729492 0.667969 0.728516 0.666667 0.727539 0.666667 0.724609 0.664062
0 0.705078 0.627604 0.704102 0.628906 0.701172 0.628906 0.698242 0.631510 0.696289 0.631510 0.692383 0.636719 0.691406 0.640625 0.689453 0.643229 0.688477 0.643229 0.688477 0.645833 0.687500 0.647135 0.687500 0.653646 0.696289 0.665365 0.698242 0.665365 0.700195 0.667969 0.707031 0.667969 0.708008 0.666667 0.709961 0.666667 0.710938 0.665365 0.711914 0.665365 0.712891 0.664062 0.713867 0.664062 0.716797 0.661458 0.718750 0.661458 0.720703 0.658854 0.720703 0.654948 0.721680 0.653646 0.721680 0.645833 0.720703 0.644531 0.720703 0.641927 0.719727 0.640625 0.718750 0.640625 0.710938 0.630208 0.709961 0.630208 0.708984 0.628906 0.706055 0.628906
0 0.721680 0.591146 0.720703 0.592448 0.719727 0.592448 0.716797 0.596354 0.715820 0.596354 0.713867 0.598958 0.710938 0.600260 0.710938 0.601562 0.706055 0.606771 0.706055 0.608073 0.705078 0.609375 0.705078 0.611979 0.706055 0.613281 0.706055 0.615885 0.708008 0.618490 0.708008 0.619792 0.714844 0.628906 0.715820 0.628906 0.718750 0.632812 0.720703 0.632812 0.721680 0.634115 0.729492 0.634115 0.730469 0.632812 0.733398 0.631510 0.736328 0.627604 0.737305 0.627604 0.739258 0.625000 0.739258 0.623698 0.740234 0.622396 0.740234 0.613281 0.739258 0.611979 0.739258 0.610677 0.738281 0.609375 0.738281 0.608073 0.737305 0.606771 0.737305 0.605469 0.736328 0.604167 0.735352 0.600260 0.731445 0.595052 0.730469 0.595052 0.727539 0.591146
0 0.798828 0.509115 0.793945 0.503906 0.791992 0.503906 0.791016 0.502604 0.789062 0.502604 0.788086 0.501302 0.783203 0.501302 0.782227 0.502604 0.780273 0.502604 0.779297 0.503906 0.777344 0.503906 0.776367 0.505208 0.774414 0.505208 0.773438 0.506510 0.772461 0.506510 0.770508 0.509115 0.770508 0.510417 0.769531 0.511719 0.769531 0.516927 0.765625 0.522135 0.765625 0.526042 0.766602 0.527344 0.766602 0.528646 0.768555 0.531250 0.768555 0.532552 0.773438 0.539062 0.777344 0.539062 0.778320 0.540365 0.779297 0.540365 0.780273 0.539062 0.790039 0.539062 0.792969 0.535156 0.793945 0.535156 0.797852 0.529948 0.798828 0.526042 0.800781 0.523438 0.800781 0.519531 0.799805 0.518229 0.799805 0.511719 0.798828 0.510417
0 0.809570 0.515625 0.806641 0.519531 0.805664 0.519531 0.799805 0.527344 0.799805 0.528646 0.797852 0.531250 0.797852 0.532552 0.796875 0.533854 0.796875 0.539062 0.797852 0.540365 0.797852 0.542969 0.798828 0.544271 0.799805 0.544271 0.800781 0.545573 0.801758 0.545573 0.804688 0.549479 0.805664 0.549479 0.808594 0.552083 0.812500 0.552083 0.813477 0.553385 0.814453 0.553385 0.815430 0.552083 0.818359 0.552083 0.819336 0.550781 0.820312 0.550781 0.822266 0.548177 0.823242 0.548177 0.823242 0.546875 0.825195 0.544271 0.825195 0.542969 0.826172 0.541667 0.826172 0.531250 0.827148 0.529948 0.827148 0.528646 0.826172 0.527344 0.826172 0.526042 0.823242 0.522135 0.822266 0.522135 0.820312 0.519531 0.819336 0.519531 0.818359 0.518229 0.816406 0.518229 0.815430 0.516927 0.812500 0.516927 0.811523 0.515625
0 0.748047 0.522135 0.740234 0.532552 0.739258 0.532552 0.738281 0.533854 0.738281 0.535156 0.736328 0.537760 0.736328 0.539062 0.735352 0.540365 0.735352 0.548177 0.737305 0.550781 0.737305 0.552083 0.739258 0.554688 0.739258 0.555990 0.741211 0.558594 0.742188 0.558594 0.743164 0.559896 0.756836 0.559896 0.757812 0.558594 0.759766 0.558594 0.761719 0.555990 0.762695 0.555990 0.765625 0.552083 0.765625 0.550781 0.766602 0.549479 0.766602 0.544271 0.765625 0.542969 0.765625 0.535156 0.764648 0.533854 0.764648 0.532552 0.762695 0.529948 0.762695 0.528646 0.761719 0.527344 0.761719 0.526042 0.758789 0.522135
0 0.789062 0.544271 0.782227 0.553385 0.782227 0.555990 0.781250 0.557292 0.781250 0.559896 0.780273 0.561198 0.780273 0.574219 0.781250 0.575521 0.781250 0.580729 0.782227 0.580729 0.784180 0.583333 0.785156 0.583333 0.786133 0.584635 0.788086 0.584635 0.791016 0.587240 0.795898 0.587240 0.796875 0.585938 0.798828 0.585938 0.801758 0.582031 0.802734 0.582031 0.804688 0.579427 0.804688 0.578125 0.805664 0.576823 0.805664 0.571615 0.806641 0.570312 0.806641 0.558594 0.805664 0.557292 0.805664 0.553385 0.804688 0.552083 0.804688 0.550781 0.803711 0.550781 0.802734 0.549479 0.801758 0.549479 0.799805 0.546875 0.798828 0.546875 0.797852 0.545573 0.795898 0.545573 0.794922 0.544271
0 0.812500 0.566406 0.811523 0.567708 0.809570 0.567708 0.808594 0.569010 0.807617 0.569010 0.807617 0.574219 0.806641 0.575521 0.806641 0.576823 0.805664 0.578125 0.805664 0.579427 0.802734 0.583333 0.801758 0.583333 0.796875 0.589844 0.795898 0.589844 0.795898 0.595052 0.802734 0.604167 0.803711 0.604167 0.804688 0.605469 0.806641 0.605469 0.807617 0.606771 0.819336 0.606771 0.820312 0.605469 0.821289 0.605469 0.824219 0.601562 0.824219 0.598958 0.825195 0.597656 0.825195 0.589844 0.827148 0.585938 0.827148 0.580729 0.817383 0.567708 0.815430 0.567708 0.814453 0.566406
0 0.746094 0.572917 0.745117 0.574219 0.744141 0.574219 0.736328 0.584635 0.735352 0.584635 0.735352 0.589844 0.738281 0.593750 0.738281 0.595052 0.739258 0.596354 0.739258 0.598958 0.740234 0.600260 0.740234 0.601562 0.742188 0.604167 0.742188 0.605469 0.746094 0.610677 0.747070 0.610677 0.748047 0.611979 0.751953 0.611979 0.752930 0.610677 0.754883 0.610677 0.755859 0.609375 0.756836 0.609375 0.764648 0.598958 0.764648 0.597656 0.766602 0.595052 0.766602 0.593750 0.767578 0.592448 0.767578 0.584635 0.766602 0.583333 0.766602 0.582031 0.765625 0.580729 0.765625 0.579427 0.764648 0.578125 0.763672 0.578125 0.762695 0.576823 0.761719 0.576823 0.759766 0.574219 0.757812 0.574219 0.756836 0.572917
0 0.770508 0.595052 0.769531 0.596354 0.769531 0.597656 0.766602 0.600260 0.766602 0.601562 0.764648 0.605469 0.764648 0.611979 0.766602 0.614583 0.766602 0.615885 0.770508 0.621094 0.770508 0.622396 0.773438 0.626302 0.774414 0.626302 0.776367 0.628906 0.778320 0.628906 0.779297 0.630208 0.780273 0.630208 0.781250 0.631510 0.783203 0.631510 0.786133 0.634115 0.791992 0.634115 0.792969 0.632812 0.793945 0.632812 0.799805 0.625000 0.799805 0.623698 0.800781 0.622396 0.800781 0.618490 0.801758 0.617188 0.801758 0.609375 0.800781 0.608073 0.800781 0.606771 0.794922 0.598958 0.793945 0.598958 0.792969 0.597656 0.791016 0.597656 0.788086 0.595052 0.785156 0.595052 0.784180 0.593750 0.782227 0.593750 0.781250 0.595052
0 0.748047 0.615885 0.744141 0.621094 0.743164 0.621094 0.743164 0.622396 0.740234 0.626302 0.740234 0.627604 0.737305 0.631510 0.736328 0.631510 0.734375 0.634115 0.734375 0.643229 0.736328 0.645833 0.737305 0.645833 0.738281 0.647135 0.740234 0.647135 0.745117 0.653646 0.748047 0.653646 0.749023 0.654948 0.753906 0.654948 0.754883 0.656250 0.756836 0.656250 0.757812 0.657552 0.764648 0.657552 0.765625 0.656250 0.766602 0.656250 0.773438 0.647135 0.773438 0.645833 0.775391 0.643229 0.775391 0.632812 0.774414 0.631510 0.773438 0.627604 0.765625 0.617188 0.764648 0.617188 0.762695 0.614583 0.752930 0.614583 0.751953 0.615885
0 0.781250 0.643229 0.779297 0.645833 0.779297 0.649740 0.780273 0.651042 0.780273 0.657552 0.779297 0.658854 0.779297 0.662760 0.777344 0.665365 0.775391 0.665365 0.775391 0.669271 0.779297 0.674479 0.780273 0.674479 0.781250 0.675781 0.783203 0.675781 0.784180 0.677083 0.785156 0.677083 0.786133 0.678385 0.787109 0.678385 0.791992 0.682292 0.795898 0.682292 0.796875 0.680990 0.797852 0.680990 0.798828 0.679688 0.800781 0.679688 0.802734 0.677083 0.803711 0.677083 0.808594 0.670573 0.808594 0.669271 0.812500 0.664062 0.811523 0.660156 0.802734 0.648438 0.802734 0.647135 0.800781 0.644531 0.799805 0.644531 0.796875 0.641927 0.794922 0.641927 0.793945 0.640625 0.792969 0.640625 0.791992 0.641927 0.785156 0.641927 0.784180 0.643229
0 0.771484 0.680990 0.770508 0.680990 0.767578 0.683594 0.763672 0.683594 0.758789 0.687500 0.755859 0.687500 0.754883 0.688802 0.750000 0.688802 0.748047 0.686198 0.746094 0.688802 0.746094 0.694010 0.748047 0.697917 0.748047 0.701823 0.749023 0.703125 0.749023 0.704427 0.751953 0.708333 0.751953 0.709635 0.753906 0.712240 0.754883 0.716146 0.759766 0.722656 0.761719 0.722656 0.762695 0.723958 0.768555 0.723958 0.769531 0.722656 0.771484 0.722656 0.772461 0.721354 0.774414 0.721354 0.775391 0.720052 0.776367 0.720052 0.781250 0.713542 0.781250 0.712240 0.782227 0.710938 0.782227 0.707031 0.783203 0.705729 0.783203 0.704427 0.782227 0.703125 0.782227 0.699219 0.781250 0.697917 0.781250 0.696615 0.780273 0.695312 0.779297 0.691406 0.777344 0.688802 0.777344 0.686198 0.775391 0.683594 0.774414 0.683594
0 0.796875 0.684896 0.798828 0.687500 0.801758 0.687500 0.804688 0.691406 0.805664 0.695312 0.803711 0.697917 0.803711 0.700521 0.801758 0.703125 0.799805 0.703125 0.796875 0.707031 0.796875 0.708333 0.795898 0.709635 0.800781 0.716146 0.803711 0.717448 0.806641 0.721354 0.807617 0.721354 0.808594 0.722656 0.810547 0.722656 0.811523 0.723958 0.818359 0.723958 0.819336 0.722656 0.822266 0.722656 0.823242 0.721354 0.825195 0.721354 0.826172 0.720052 0.827148 0.720052 0.833008 0.712240 0.833008 0.710938 0.834961 0.707031 0.834961 0.703125 0.833984 0.701823 0.833984 0.700521 0.824219 0.687500 0.823242 0.687500 0.821289 0.684896 0.819336 0.684896 0.818359 0.683594 0.813477 0.683594 0.809570 0.679688 0.807617 0.679688 0.806641 0.678385 0.802734 0.682292 0.801758 0.682292 0.800781 0.683594 0.797852 0.683594
0 0.747070 0.725260 0.746094 0.726562 0.743164 0.726562 0.742188 0.727865 0.739258 0.727865 0.738281 0.729167 0.735352 0.729167 0.735352 0.730469 0.732422 0.734375 0.730469 0.734375 0.729492 0.735677 0.729492 0.742188 0.732422 0.746094 0.732422 0.747396 0.735352 0.751302 0.736328 0.751302 0.738281 0.753906 0.738281 0.755208 0.741211 0.759115 0.741211 0.760417 0.744141 0.764323 0.746094 0.764323 0.747070 0.765625 0.748047 0.765625 0.749023 0.764323 0.753906 0.764323 0.754883 0.763021 0.755859 0.763021 0.756836 0.761719 0.756836 0.757812 0.757812 0.756510 0.757812 0.755208 0.760742 0.751302 0.760742 0.748698 0.761719 0.747396 0.760742 0.746094 0.760742 0.743490 0.759766 0.742188 0.759766 0.739583 0.758789 0.738281 0.758789 0.735677 0.757812 0.734375 0.757812 0.731771 0.755859 0.729167 0.754883 0.729167 0.753906 0.727865 0.750000 0.727865
0 0.764648 0.727865 0.764648 0.730469 0.763672 0.731771 0.763672 0.736979 0.765625 0.740885 0.765625 0.743490 0.766602 0.744792 0.766602 0.748698 0.767578 0.750000 0.767578 0.751302 0.768555 0.752604 0.769531 0.756510 0.771484 0.759115 0.784180 0.759115 0.785156 0.757812 0.788086 0.757812 0.790039 0.755208 0.791992 0.755208 0.792969 0.753906 0.794922 0.753906 0.796875 0.751302 0.796875 0.743490 0.795898 0.742188 0.795898 0.739583 0.794922 0.738281 0.794922 0.734375 0.792969 0.731771 0.792969 0.730469 0.787109 0.722656 0.785156 0.722656 0.784180 0.721354 0.778320 0.721354 0.775391 0.723958 0.773438 0.723958 0.772461 0.725260 0.770508 0.725260 0.769531 0.726562 0.766602 0.726562 0.765625 0.727865
0 0.768555 0.768229 0.767578 0.768229 0.766602 0.766927 0.764648 0.766927 0.763672 0.765625 0.757812 0.765625 0.756836 0.766927 0.750000 0.766927 0.749023 0.768229 0.748047 0.768229 0.745117 0.772135 0.745117 0.774740 0.744141 0.776042 0.744141 0.779948 0.745117 0.781250 0.745117 0.783854 0.746094 0.785156 0.746094 0.786458 0.748047 0.790365 0.748047 0.792969 0.749023 0.794271 0.749023 0.795573 0.751953 0.799479 0.751953 0.800781 0.763672 0.800781 0.764648 0.799479 0.765625 0.799479 0.771484 0.791667 0.771484 0.790365 0.773438 0.787760 0.773438 0.786458 0.774414 0.785156 0.774414 0.782552 0.773438 0.781250 0.773438 0.778646 0.772461 0.777344 0.772461 0.774740 0.771484 0.773438 0.771484 0.772135
0 0.899414 0.718750 0.894531 0.722656 0.892578 0.722656 0.891602 0.723958 0.888672 0.725260 0.883789 0.730469 0.883789 0.731771 0.882812 0.733073 0.882812 0.740885 0.881836 0.742188 0.881836 0.743490 0.878906 0.747396 0.877930 0.751302 0.881836 0.756510 0.883789 0.756510 0.884766 0.757812 0.885742 0.757812 0.887695 0.760417 0.889648 0.760417 0.890625 0.761719 0.894531 0.761719 0.895508 0.763021 0.897461 0.763021 0.900391 0.765625 0.904297 0.765625 0.907227 0.763021 0.908203 0.759115 0.910156 0.756510 0.910156 0.753906 0.911133 0.752604 0.911133 0.748698 0.912109 0.747396 0.912109 0.740885 0.913086 0.739583 0.913086 0.730469 0.912109 0.729167 0.912109 0.727865 0.907227 0.722656 0.906250 0.722656 0.905273 0.721354 0.903320 0.721354 0.902344 0.720052
0 0.896484 0.553385 0.893555 0.553385 0.892578 0.552083 0.891602 0.552083 0.890625 0.553385 0.888672 0.553385 0.885742 0.555990 0.883789 0.555990 0.879883 0.561198 0.878906 0.561198 0.878906 0.562500 0.876953 0.565104 0.876953 0.566406 0.875977 0.567708 0.875977 0.579427 0.876953 0.580729 0.876953 0.588542 0.881836 0.595052 0.882812 0.595052 0.885742 0.597656 0.890625 0.597656 0.895508 0.591146 0.896484 0.591146 0.902344 0.583333 0.902344 0.582031 0.904297 0.579427 0.904297 0.578125 0.905273 0.576823 0.905273 0.572917 0.903320 0.570312 0.903320 0.567708 0.902344 0.566406 0.902344 0.561198 0.901367 0.559896 0.900391 0.555990 0.899414 0.555990
0 0.897461 0.509115 0.896484 0.509115 0.893555 0.506510 0.891602 0.506510 0.888672 0.503906 0.886719 0.503906 0.885742 0.502604 0.882812 0.502604 0.879883 0.505208 0.868164 0.505208 0.867188 0.506510 0.864258 0.507812 0.862305 0.510417 0.862305 0.511719 0.860352 0.515625 0.860352 0.529948 0.861328 0.531250 0.861328 0.533854 0.860352 0.535156 0.860352 0.539062 0.861328 0.540365 0.861328 0.542969 0.864258 0.544271 0.866211 0.546875 0.867188 0.546875 0.872070 0.550781 0.877930 0.550781 0.878906 0.549479 0.881836 0.549479 0.882812 0.548177 0.884766 0.548177 0.885742 0.546875 0.886719 0.546875 0.894531 0.536458 0.894531 0.535156 0.896484 0.532552 0.896484 0.531250 0.898438 0.527344 0.898438 0.524740 0.899414 0.523438 0.899414 0.511719
0 0.847656 0.475260 0.847656 0.476562 0.849609 0.476562 0.852539 0.480469 0.853516 0.480469 0.854492 0.481771 0.855469 0.481771 0.856445 0.483073 0.859375 0.483073 0.860352 0.484375 0.862305 0.484375 0.863281 0.485677 0.867188 0.485677 0.868164 0.486979 0.874023 0.486979 0.877930 0.481771 0.877930 0.479167 0.876953 0.477865 0.876953 0.476562 0.870117 0.467448 0.869141 0.467448 0.868164 0.466146 0.866211 0.466146 0.865234 0.464844 0.859375 0.464844 0.858398 0.463542 0.854492 0.463542 0.853516 0.464844 0.851562 0.464844 0.851562 0.470052
