0 0.081055 0.382507 0.081055 0.394256 0.083984 0.398172 0.083984 0.399478 0.085938 0.403394 0.085938 0.406005 0.088867 0.409922 0.092773 0.409922 0.093750 0.411227 0.095703 0.411227 0.096680 0.412533 0.098633 0.412533 0.099609 0.413838 0.119141 0.413838 0.120117 0.412533 0.121094 0.412533 0.124023 0.408616 0.124023 0.407311 0.126953 0.400783 0.126953 0.391645 0.125000 0.389034 0.125000 0.386423 0.124023 0.385117 0.124023 0.381201 0.122070 0.378590 0.119141 0.378590 0.118164 0.377285 0.104492 0.377285 0.103516 0.378590 0.090820 0.378590 0.089844 0.377285 0.086914 0.377285 0.085938 0.378590 0.083984 0.378590
0 0.090820 0.419060 0.085938 0.425587 0.085938 0.426893 0.083008 0.430809 0.083008 0.432115 0.082031 0.433420 0.082031 0.436031 0.081055 0.437337 0.081055 0.446475 0.083008 0.449086 0.087891 0.450392 0.093750 0.458225 0.094727 0.462141 0.096680 0.464752 0.097656 0.464752 0.098633 0.466057 0.105469 0.466057 0.112305 0.460836 0.114258 0.460836 0.121094 0.450392 0.121094 0.449086 0.123047 0.445170 0.123047 0.439948 0.121094 0.436031 0.121094 0.429504 0.120117 0.428198 0.120117 0.426893 0.117188 0.422977 0.116211 0.422977 0.113281 0.419060 0.112305 0.419060 0.111328 0.417755 0.095703 0.417755 0.094727 0.419060
0 0.118164 0.469974 0.118164 0.476501 0.120117 0.479112 0.120117 0.480418 0.121094 0.481723 0.121094 0.484334 0.124023 0.489556 0.125000 0.489556 0.127930 0.492167 0.132812 0.493473 0.133789 0.494778 0.136719 0.494778 0.137695 0.496084 0.139648 0.496084 0.141602 0.498695 0.146484 0.498695 0.148438 0.496084 0.151367 0.494778 0.157227 0.486945 0.158203 0.486945 0.160156 0.484334 0.160156 0.477807 0.157227 0.476501 0.153320 0.472585 0.153320 0.471279 0.155273 0.468668 0.157227 0.468668 0.158203 0.467363 0.159180 0.467363 0.158203 0.466057 0.152344 0.466057 0.151367 0.467363 0.149414 0.467363 0.148438 0.466057 0.145508 0.464752 0.143555 0.462141 0.140625 0.460836 0.138672 0.458225 0.134766 0.458225 0.131836 0.455614 0.125977 0.455614 0.124023 0.458225 0.123047 0.458225 0.122070 0.459530 0.122070 0.462141 0.119141 0.466057 0.119141 0.468668
0 0.144531 0.422977 0.143555 0.424282 0.143555 0.425587 0.140625 0.432115 0.140625 0.434726 0.139648 0.436031 0.139648 0.437337 0.137695 0.439948 0.137695 0.442559 0.135742 0.446475 0.135742 0.451697 0.138672 0.455614 0.139648 0.455614 0.140625 0.456919 0.141602 0.456919 0.146484 0.460836 0.150391 0.460836 0.151367 0.462141 0.166016 0.462141 0.166992 0.460836 0.167969 0.460836 0.173828 0.453003 0.173828 0.451697 0.175781 0.447781 0.175781 0.439948 0.170898 0.433420 0.169922 0.433420 0.168945 0.432115 0.166016 0.430809 0.164062 0.428198 0.163086 0.428198 0.162109 0.426893 0.160156 0.426893 0.159180 0.425587 0.158203 0.425587 0.157227 0.424282 0.155273 0.424282 0.154297 0.422977 0.150391 0.422977 0.149414 0.421671 0.148438 0.421671 0.147461 0.422977
0 0.153320 0.353786 0.150391 0.353786 0.149414 0.352480 0.147461 0.352480 0.146484 0.353786 0.142578 0.353786 0.141602 0.355091 0.139648 0.355091 0.138672 0.356397 0.136719 0.356397 0.133789 0.359008 0.131836 0.359008 0.130859 0.360313 0.128906 0.360313 0.127930 0.361619 0.125000 0.361619 0.124023 0.362924 0.122070 0.362924 0.120117 0.365535 0.120117 0.368146 0.123047 0.372063 0.123047 0.373368 0.132812 0.386423 0.133789 0.386423 0.138672 0.391645 0.139648 0.391645 0.142578 0.394256 0.150391 0.394256 0.151367 0.392950 0.154297 0.392950 0.155273 0.391645 0.157227 0.391645 0.158203 0.390339 0.160156 0.390339 0.166016 0.382507 0.166016 0.379896 0.166992 0.378590 0.165039 0.375979 0.165039 0.374674 0.164062 0.373368 0.164062 0.369452 0.163086 0.368146 0.163086 0.364230 0.162109 0.362924 0.162109 0.361619 0.159180 0.357702 0.158203 0.357702
0 0.167969 0.357702 0.167969 0.360313 0.168945 0.361619 0.168945 0.364230 0.169922 0.365535 0.169922 0.366841 0.170898 0.368146 0.170898 0.369452 0.171875 0.370757 0.171875 0.372063 0.172852 0.373368 0.174805 0.379896 0.176758 0.382507 0.178711 0.389034 0.181641 0.392950 0.181641 0.394256 0.182617 0.395561 0.183594 0.395561 0.184570 0.396867 0.193359 0.396867 0.194336 0.395561 0.197266 0.395561 0.198242 0.394256 0.204102 0.394256 0.205078 0.392950 0.205078 0.390339 0.206055 0.389034 0.206055 0.381201 0.207031 0.379896 0.207031 0.375979 0.205078 0.372063 0.203125 0.372063 0.202148 0.370757 0.201172 0.370757 0.198242 0.366841 0.197266 0.362924 0.193359 0.356397 0.192383 0.352480 0.191406 0.352480 0.190430 0.351175 0.181641 0.351175 0.180664 0.352480 0.176758 0.352480 0.171875 0.356397 0.168945 0.356397
0 0.193359 0.338120 0.193359 0.340731 0.192383 0.342037 0.192383 0.347258 0.193359 0.348564 0.193359 0.353786 0.194336 0.355091 0.194336 0.356397 0.196289 0.359008 0.197266 0.362924 0.200195 0.366841 0.200195 0.368146 0.204102 0.368146 0.205078 0.369452 0.214844 0.369452 0.215820 0.368146 0.221680 0.368146 0.222656 0.366841 0.224609 0.366841 0.225586 0.365535 0.228516 0.365535 0.229492 0.364230 0.230469 0.364230 0.232422 0.360313 0.232422 0.356397 0.233398 0.355091 0.233398 0.352480 0.234375 0.351175 0.234375 0.342037 0.233398 0.340731 0.233398 0.339426 0.231445 0.336815 0.229492 0.336815 0.228516 0.335509 0.227539 0.335509 0.226562 0.334204 0.221680 0.331593 0.218750 0.327676 0.217773 0.327676 0.216797 0.326371 0.204102 0.326371 0.203125 0.327676 0.202148 0.327676 0.200195 0.330287 0.197266 0.331593 0.196289 0.332898 0.196289 0.334204
0 0.214844 0.396867 0.210938 0.396867 0.209961 0.398172 0.206055 0.398172 0.201172 0.404700 0.201172 0.408616 0.199219 0.411227 0.198242 0.415144 0.197266 0.416449 0.194336 0.417755 0.192383 0.421671 0.192383 0.426893 0.193359 0.428198 0.193359 0.429504 0.195312 0.432115 0.195312 0.433420 0.197266 0.436031 0.197266 0.437337 0.204102 0.446475 0.205078 0.446475 0.208008 0.449086 0.209961 0.449086 0.210938 0.450392 0.212891 0.450392 0.215820 0.446475 0.215820 0.445170 0.217773 0.442559 0.217773 0.441253 0.220703 0.437337 0.220703 0.436031 0.221680 0.434726 0.221680 0.433420 0.223633 0.430809 0.223633 0.429504 0.226562 0.425587 0.226562 0.421671 0.227539 0.420366 0.225586 0.416449 0.225586 0.413838 0.224609 0.412533 0.224609 0.411227 0.222656 0.408616 0.222656 0.407311 0.221680 0.406005 0.221680 0.403394 0.217773 0.398172 0.215820 0.398172
0 0.243164 0.395561 0.242188 0.396867 0.239258 0.398172 0.238281 0.399478 0.238281 0.400783 0.235352 0.404700 0.235352 0.406005 0.232422 0.409922 0.232422 0.411227 0.231445 0.412533 0.231445 0.415144 0.230469 0.416449 0.230469 0.424282 0.231445 0.425587 0.233398 0.432115 0.235352 0.434726 0.236328 0.438642 0.238281 0.441253 0.238281 0.442559 0.240234 0.446475 0.250977 0.446475 0.262695 0.430809 0.263672 0.430809 0.263672 0.429504 0.267578 0.424282 0.267578 0.415144 0.266602 0.413838 0.266602 0.412533 0.265625 0.412533 0.263672 0.409922 0.262695 0.409922 0.258789 0.404700 0.257812 0.404700 0.256836 0.403394 0.256836 0.402089 0.255859 0.402089 0.252930 0.399478 0.250977 0.399478 0.250000 0.398172 0.248047 0.398172 0.247070 0.396867 0.245117 0.396867 0.244141 0.395561
0 0.235352 0.455614 0.234375 0.455614 0.232422 0.453003 0.232422 0.451697 0.231445 0.450392 0.229492 0.450392 0.228516 0.449086 0.225586 0.449086 0.224609 0.450392 0.219727 0.450392 0.218750 0.451697 0.215820 0.451697 0.214844 0.453003 0.212891 0.453003 0.211914 0.454308 0.207031 0.454308 0.206055 0.455614 0.199219 0.455614 0.198242 0.456919 0.196289 0.456919 0.193359 0.459530 0.193359 0.469974 0.194336 0.471279 0.194336 0.472585 0.197266 0.476501 0.197266 0.477807 0.200195 0.481723 0.201172 0.481723 0.203125 0.484334 0.206055 0.484334 0.207031 0.485640 0.214844 0.485640 0.215820 0.486945 0.221680 0.486945 0.222656 0.485640 0.224609 0.485640 0.226562 0.483029 0.226562 0.481723 0.230469 0.476501 0.230469 0.473890 0.231445 0.472585 0.231445 0.469974 0.232422 0.468668 0.232422 0.464752 0.233398 0.463446 0.233398 0.460836 0.235352 0.458225
0 0.191406 0.485640 0.190430 0.486945 0.187500 0.486945 0.186523 0.488251 0.184570 0.488251 0.183594 0.489556 0.181641 0.489556 0.178711 0.493473 0.178711 0.494778 0.177734 0.496084 0.177734 0.501305 0.178711 0.502611 0.178711 0.511749 0.179688 0.513055 0.179688 0.516971 0.181641 0.519582 0.181641 0.520888 0.182617 0.522193 0.182617 0.524804 0.183594 0.526110 0.185547 0.526110 0.186523 0.527415 0.188477 0.527415 0.189453 0.528721 0.194336 0.528721 0.195312 0.527415 0.198242 0.527415 0.199219 0.526110 0.202148 0.526110 0.203125 0.524804 0.205078 0.524804 0.206055 0.523499 0.207031 0.523499 0.210938 0.518277 0.210938 0.516971 0.211914 0.515666 0.211914 0.507833 0.210938 0.506527 0.210938 0.493473 0.208984 0.490862 0.207031 0.490862 0.206055 0.489556 0.205078 0.489556 0.204102 0.488251 0.202148 0.488251 0.201172 0.486945 0.195312 0.486945 0.194336 0.485640
0 0.136719 0.519582 0.136719 0.523499 0.135742 0.524804 0.135742 0.528721 0.134766 0.530026 0.134766 0.535248 0.135742 0.536554 0.136719 0.540470 0.139648 0.544386 0.139648 0.545692 0.141602 0.549608 0.142578 0.549608 0.147461 0.553525 0.149414 0.553525 0.150391 0.554830 0.152344 0.554830 0.153320 0.556136 0.156250 0.556136 0.157227 0.557441 0.159180 0.557441 0.160156 0.558747 0.165039 0.558747 0.166016 0.557441 0.167969 0.557441 0.170898 0.554830 0.170898 0.553525 0.172852 0.550914 0.172852 0.545692 0.173828 0.544386 0.173828 0.541775 0.174805 0.540470 0.174805 0.536554 0.173828 0.535248 0.173828 0.532637 0.172852 0.532637 0.171875 0.533943 0.171875 0.535248 0.169922 0.537859 0.168945 0.536554 0.167969 0.536554 0.165039 0.532637 0.163086 0.526110 0.160156 0.522193 0.160156 0.520888 0.159180 0.520888 0.158203 0.519582 0.155273 0.519582 0.154297 0.518277 0.151367 0.518277 0.150391 0.519582 0.146484 0.519582 0.145508 0.520888 0.140625 0.520888 0.138672 0.518277 0.138672 0.516971
0 0.094727 0.507833 0.094727 0.509138 0.093750 0.510444 0.093750 0.515666 0.094727 0.516971 0.096680 0.523499 0.102539 0.532637 0.103516 0.532637 0.107422 0.537859 0.108398 0.537859 0.110352 0.540470 0.111328 0.540470 0.112305 0.541775 0.126953 0.541775 0.127930 0.540470 0.129883 0.540470 0.131836 0.537859 0.131836 0.533943 0.132812 0.532637 0.132812 0.515666 0.131836 0.514360 0.131836 0.509138 0.129883 0.506527 0.127930 0.506527 0.126953 0.505222 0.125977 0.505222 0.125000 0.503916 0.125000 0.502611 0.123047 0.500000 0.120117 0.500000 0.119141 0.501305 0.116211 0.501305 0.115234 0.500000 0.111328 0.500000 0.109375 0.497389 0.104492 0.497389 0.103516 0.498695 0.102539 0.498695 0.100586 0.501305 0.099609 0.501305
0 0.190430 0.541775 0.189453 0.541775 0.188477 0.540470 0.187500 0.541775 0.185547 0.541775 0.184570 0.540470 0.183594 0.540470 0.182617 0.539164 0.181641 0.535248 0.177734 0.541775 0.177734 0.543081 0.176758 0.544386 0.176758 0.546997 0.175781 0.548303 0.175781 0.549608 0.173828 0.552219 0.173828 0.553525 0.169922 0.558747 0.168945 0.558747 0.167969 0.560052 0.164062 0.560052 0.163086 0.561358 0.162109 0.561358 0.162109 0.565274 0.165039 0.569191 0.166016 0.569191 0.166992 0.570496 0.168945 0.570496 0.169922 0.571802 0.172852 0.571802 0.173828 0.573107 0.175781 0.573107 0.176758 0.574413 0.184570 0.574413 0.187500 0.571802 0.189453 0.571802 0.191406 0.569191 0.192383 0.569191 0.194336 0.566580 0.194336 0.565274 0.195312 0.563969 0.195312 0.554830 0.193359 0.552219 0.193359 0.550914 0.192383 0.549608 0.192383 0.546997 0.191406 0.545692
0 0.143555 0.566580 0.141602 0.569191 0.140625 0.569191 0.137695 0.571802 0.137695 0.574413 0.136719 0.575718 0.136719 0.578329 0.135742 0.579634 0.135742 0.582245 0.136719 0.583551 0.136719 0.586162 0.137695 0.587467 0.137695 0.591384 0.138672 0.592689 0.138672 0.595300 0.145508 0.604439 0.146484 0.604439 0.150391 0.609661 0.151367 0.609661 0.152344 0.610966 0.154297 0.610966 0.156250 0.608355 0.158203 0.608355 0.162109 0.603133 0.163086 0.603133 0.165039 0.600522 0.166016 0.600522 0.169922 0.595300 0.169922 0.593995 0.171875 0.591384 0.171875 0.590078 0.172852 0.588773 0.172852 0.584856 0.171875 0.583551 0.171875 0.582245 0.166016 0.574413 0.166016 0.573107 0.163086 0.569191 0.162109 0.569191 0.161133 0.567885 0.154297 0.567885 0.151367 0.571802 0.148438 0.571802 0.147461 0.570496 0.147461 0.567885 0.146484 0.566580
0 0.208008 0.593995 0.207031 0.593995 0.204102 0.591384 0.198242 0.591384 0.197266 0.592689 0.192383 0.592689 0.191406 0.593995 0.189453 0.593995 0.188477 0.595300 0.186523 0.595300 0.183594 0.597911 0.181641 0.597911 0.180664 0.599217 0.178711 0.599217 0.177734 0.600522 0.176758 0.600522 0.175781 0.599217 0.172852 0.599217 0.170898 0.601828 0.170898 0.603133 0.168945 0.607050 0.168945 0.609661 0.169922 0.610966 0.169922 0.613577 0.170898 0.614883 0.170898 0.617493 0.171875 0.618799 0.171875 0.620104 0.176758 0.624021 0.187500 0.624021 0.188477 0.622715 0.193359 0.622715 0.194336 0.621410 0.197266 0.621410 0.198242 0.620104 0.200195 0.620104 0.201172 0.618799 0.203125 0.618799 0.203125 0.617493 0.205078 0.613577 0.205078 0.608355 0.206055 0.607050 0.206055 0.605744 0.208008 0.601828 0.208008 0.599217 0.208984 0.597911
0 0.214844 0.605744 0.214844 0.609661 0.215820 0.610966 0.216797 0.610966 0.224609 0.621410 0.225586 0.621410 0.228516 0.624021 0.237305 0.624021 0.238281 0.622715 0.239258 0.622715 0.242188 0.620104 0.246094 0.620104 0.248047 0.617493 0.249023 0.617493 0.250000 0.616188 0.250000 0.614883 0.251953 0.610966 0.251953 0.604439 0.252930 0.603133 0.251953 0.601828 0.251953 0.600522 0.250977 0.599217 0.250000 0.595300 0.247070 0.592689 0.245117 0.592689 0.244141 0.591384 0.241211 0.591384 0.240234 0.590078 0.232422 0.590078 0.231445 0.591384 0.228516 0.591384 0.227539 0.592689 0.225586 0.592689 0.224609 0.593995 0.223633 0.593995 0.222656 0.595300 0.219727 0.596606 0.215820 0.601828 0.215820 0.604439
0 0.239258 0.549608 0.238281 0.549608 0.236328 0.546997 0.233398 0.546997 0.232422 0.545692 0.231445 0.545692 0.228516 0.543081 0.226562 0.543081 0.225586 0.541775 0.223633 0.541775 0.222656 0.543081 0.221680 0.543081 0.220703 0.544386 0.219727 0.544386 0.217773 0.546997 0.216797 0.546997 0.215820 0.548303 0.214844 0.548303 0.212891 0.550914 0.209961 0.550914 0.208984 0.552219 0.208008 0.552219 0.206055 0.556136 0.206055 0.565274 0.208008 0.567885 0.208008 0.569191 0.208984 0.570496 0.209961 0.570496 0.211914 0.573107 0.212891 0.573107 0.214844 0.575718 0.216797 0.575718 0.219727 0.578329 0.221680 0.578329 0.222656 0.577023 0.224609 0.577023 0.227539 0.573107 0.228516 0.573107 0.230469 0.570496 0.231445 0.570496 0.232422 0.569191 0.233398 0.569191 0.235352 0.566580 0.236328 0.566580 0.237305 0.565274 0.238281 0.565274 0.240234 0.562663 0.240234 0.557441 0.239258 0.556136
0 0.272461 0.530026 0.271484 0.530026 0.270508 0.528721 0.267578 0.528721 0.266602 0.527415 0.259766 0.527415 0.256836 0.531332 0.253906 0.532637 0.247070 0.541775 0.246094 0.541775 0.245117 0.543081 0.245117 0.544386 0.241211 0.549608 0.241211 0.552219 0.240234 0.553525 0.240234 0.554830 0.241211 0.556136 0.242188 0.560052 0.245117 0.562663 0.247070 0.562663 0.248047 0.563969 0.249023 0.563969 0.250977 0.566580 0.251953 0.566580 0.252930 0.567885 0.256836 0.567885 0.257812 0.566580 0.260742 0.565274 0.264648 0.560052 0.266602 0.560052 0.268555 0.557441 0.270508 0.557441 0.271484 0.556136 0.273438 0.556136 0.275391 0.552219 0.275391 0.548303 0.276367 0.546997 0.276367 0.541775 0.277344 0.540470 0.276367 0.539164 0.276367 0.535248
0 0.288086 0.580940 0.287109 0.579634 0.287109 0.578329 0.282227 0.571802 0.281250 0.571802 0.279297 0.569191 0.278320 0.569191 0.277344 0.567885 0.273438 0.567885 0.272461 0.566580 0.270508 0.566580 0.269531 0.567885 0.266602 0.567885 0.265625 0.569191 0.264648 0.569191 0.263672 0.570496 0.262695 0.570496 0.252930 0.583551 0.252930 0.584856 0.251953 0.586162 0.251953 0.587467 0.250000 0.590078 0.250000 0.593995 0.251953 0.596606 0.252930 0.596606 0.253906 0.597911 0.255859 0.597911 0.258789 0.600522 0.261719 0.600522 0.262695 0.601828 0.267578 0.601828 0.268555 0.600522 0.271484 0.600522 0.272461 0.599217 0.274414 0.599217 0.275391 0.597911 0.276367 0.597911 0.277344 0.596606 0.278320 0.596606 0.288086 0.583551
0 0.224609 0.492167 0.223633 0.496084 0.220703 0.500000 0.220703 0.502611 0.219727 0.503916 0.219727 0.507833 0.217773 0.511749 0.217773 0.516971 0.216797 0.518277 0.216797 0.522193 0.217773 0.523499 0.218750 0.527415 0.223633 0.533943 0.224609 0.533943 0.227539 0.536554 0.231445 0.536554 0.232422 0.535248 0.240234 0.535248 0.241211 0.533943 0.243164 0.533943 0.244141 0.532637 0.245117 0.532637 0.247070 0.530026 0.250977 0.530026 0.251953 0.528721 0.252930 0.528721 0.254883 0.526110 0.254883 0.524804 0.255859 0.523499 0.255859 0.510444 0.254883 0.509138 0.252930 0.502611 0.250977 0.500000 0.250000 0.500000 0.243164 0.492167 0.239258 0.492167 0.236328 0.488251 0.231445 0.488251 0.226562 0.492167
0 0.257812 0.498695 0.257812 0.501305 0.256836 0.502611 0.256836 0.507833 0.257812 0.509138 0.257812 0.511749 0.258789 0.513055 0.258789 0.515666 0.259766 0.516971 0.262695 0.516971 0.263672 0.518277 0.264648 0.518277 0.265625 0.519582 0.266602 0.519582 0.268555 0.522193 0.269531 0.522193 0.270508 0.523499 0.272461 0.523499 0.273438 0.524804 0.277344 0.524804 0.278320 0.526110 0.281250 0.526110 0.282227 0.527415 0.284180 0.524804 0.285156 0.524804 0.288086 0.520888 0.289062 0.520888 0.291992 0.516971 0.291992 0.515666 0.292969 0.514360 0.292969 0.509138 0.291016 0.506527 0.291016 0.505222 0.290039 0.505222 0.288086 0.502611 0.287109 0.502611 0.286133 0.501305 0.285156 0.501305 0.283203 0.498695 0.282227 0.498695 0.279297 0.496084 0.276367 0.496084 0.275391 0.494778 0.272461 0.494778 0.271484 0.493473 0.270508 0.494778 0.267578 0.494778 0.266602 0.496084 0.262695 0.496084 0.261719 0.497389 0.258789 0.497389
0 0.262695 0.450392 0.258789 0.450392 0.257812 0.451697 0.255859 0.451697 0.250977 0.455614 0.249023 0.455614 0.248047 0.456919 0.247070 0.456919 0.245117 0.459530 0.245117 0.460836 0.244141 0.462141 0.244141 0.467363 0.245117 0.468668 0.245117 0.471279 0.246094 0.472585 0.246094 0.475196 0.247070 0.476501 0.247070 0.479112 0.248047 0.480418 0.249023 0.484334 0.250977 0.486945 0.250977 0.488251 0.255859 0.494778 0.258789 0.494778 0.259766 0.496084 0.260742 0.494778 0.264648 0.494778 0.265625 0.493473 0.268555 0.493473 0.269531 0.492167 0.270508 0.492167 0.271484 0.490862 0.271484 0.489556 0.276367 0.483029 0.276367 0.481723 0.282227 0.473890 0.282227 0.472585 0.283203 0.471279 0.283203 0.466057 0.282227 0.464752 0.281250 0.464752 0.280273 0.463446 0.278320 0.463446 0.275391 0.459530 0.274414 0.459530 0.273438 0.458225 0.270508 0.456919 0.268555 0.454308 0.267578 0.454308 0.266602 0.453003 0.264648 0.453003
0 0.309570 0.468668 0.304688 0.468668 0.303711 0.467363 0.300781 0.467363 0.299805 0.468668 0.297852 0.468668 0.296875 0.469974 0.295898 0.469974 0.292969 0.473890 0.291992 0.473890 0.288086 0.479112 0.285156 0.480418 0.280273 0.486945 0.280273 0.492167 0.282227 0.494778 0.283203 0.494778 0.285156 0.498695 0.286133 0.498695 0.288086 0.501305 0.289062 0.501305 0.293945 0.507833 0.293945 0.509138 0.294922 0.510444 0.298828 0.510444 0.299805 0.509138 0.300781 0.509138 0.303711 0.505222 0.304688 0.505222 0.306641 0.502611 0.307617 0.502611 0.308594 0.501305 0.311523 0.500000 0.313477 0.497389 0.314453 0.493473 0.316406 0.490862 0.316406 0.489556 0.318359 0.486945 0.318359 0.485640 0.319336 0.484334 0.319336 0.481723 0.318359 0.480418 0.318359 0.479112 0.315430 0.475196 0.315430 0.473890 0.314453 0.473890
0 0.315430 0.502611 0.311523 0.502611 0.310547 0.503916 0.308594 0.503916 0.307617 0.505222 0.306641 0.505222 0.304688 0.507833 0.303711 0.507833 0.301758 0.510444 0.300781 0.510444 0.298828 0.513055 0.297852 0.513055 0.294922 0.516971 0.293945 0.516971 0.291016 0.520888 0.290039 0.520888 0.288086 0.523499 0.288086 0.527415 0.287109 0.528721 0.290039 0.531332 0.292969 0.531332 0.293945 0.532637 0.296875 0.533943 0.304688 0.544386 0.305664 0.544386 0.309570 0.549608 0.311523 0.549608 0.312500 0.548303 0.314453 0.548303 0.315430 0.546997 0.318359 0.545692 0.320312 0.543081 0.321289 0.543081 0.324219 0.539164 0.324219 0.537859 0.326172 0.535248 0.327148 0.535248 0.328125 0.533943 0.328125 0.532637 0.330078 0.530026 0.330078 0.527415 0.329102 0.526110 0.329102 0.522193 0.328125 0.520888 0.327148 0.516971 0.324219 0.513055 0.324219 0.511749 0.319336 0.505222 0.318359 0.505222
0 0.281250 0.549608 0.279297 0.552219 0.279297 0.553525 0.278320 0.554830 0.278320 0.557441 0.277344 0.558747 0.277344 0.565274 0.279297 0.567885 0.280273 0.567885 0.289062 0.579634 0.291016 0.579634 0.293945 0.583551 0.294922 0.583551 0.295898 0.582245 0.301758 0.582245 0.307617 0.577023 0.308594 0.573107 0.310547 0.570496 0.310547 0.566580 0.311523 0.565274 0.311523 0.563969 0.310547 0.562663 0.310547 0.560052 0.311523 0.558747 0.311523 0.553525 0.310547 0.553525 0.303711 0.545692 0.302734 0.545692 0.301758 0.544386 0.297852 0.544386 0.296875 0.543081 0.290039 0.543081 0.289062 0.544386 0.288086 0.544386 0.287109 0.545692 0.284180 0.546997 0.282227 0.549608
0 0.315430 0.574413 0.312500 0.574413 0.311523 0.573107 0.310547 0.573107 0.309570 0.574413 0.309570 0.575718 0.306641 0.579634 0.305664 0.579634 0.303711 0.582245 0.302734 0.582245 0.301758 0.583551 0.296875 0.583551 0.295898 0.584856 0.292969 0.586162 0.292969 0.588773 0.291992 0.590078 0.291992 0.608355 0.292969 0.609661 0.292969 0.612272 0.293945 0.613577 0.293945 0.616188 0.294922 0.617493 0.295898 0.617493 0.298828 0.620104 0.304688 0.620104 0.305664 0.618799 0.307617 0.618799 0.308594 0.617493 0.309570 0.617493 0.310547 0.616188 0.311523 0.616188 0.312500 0.614883 0.315430 0.613577 0.319336 0.608355 0.320312 0.608355 0.320312 0.607050 0.322266 0.604439 0.322266 0.601828 0.323242 0.600522 0.323242 0.593995 0.324219 0.592689 0.324219 0.586162 0.323242 0.584856 0.323242 0.583551 0.319336 0.578329 0.318359 0.578329
0 0.315430 0.616188 0.312500 0.620104 0.311523 0.620104 0.311523 0.621410 0.309570 0.624021 0.309570 0.625326 0.308594 0.626632 0.308594 0.633159 0.311523 0.637076 0.311523 0.638381 0.312500 0.639687 0.315430 0.640992 0.322266 0.648825 0.326172 0.648825 0.327148 0.650131 0.331055 0.650131 0.332031 0.648825 0.333984 0.648825 0.334961 0.647520 0.337891 0.647520 0.343750 0.639687 0.343750 0.638381 0.344727 0.637076 0.344727 0.630548 0.345703 0.629243 0.345703 0.622715 0.343750 0.618799 0.342773 0.618799 0.341797 0.617493 0.339844 0.617493 0.338867 0.616188 0.337891 0.616188 0.334961 0.612272 0.332031 0.612272 0.331055 0.610966 0.328125 0.610966 0.325195 0.613577 0.323242 0.613577 0.322266 0.612272 0.321289 0.613577 0.319336 0.613577 0.318359 0.614883
0 0.329102 0.592689 0.329102 0.599217 0.328125 0.600522 0.328125 0.603133 0.330078 0.605744 0.330078 0.607050 0.332031 0.609661 0.333984 0.609661 0.334961 0.610966 0.335938 0.610966 0.338867 0.613577 0.341797 0.613577 0.342773 0.614883 0.344727 0.614883 0.345703 0.616188 0.356445 0.616188 0.357422 0.614883 0.358398 0.614883 0.361328 0.610966 0.361328 0.609661 0.363281 0.607050 0.363281 0.604439 0.364258 0.603133 0.364258 0.591384 0.363281 0.590078 0.362305 0.590078 0.359375 0.587467 0.353516 0.587467 0.350586 0.584856 0.347656 0.584856 0.346680 0.583551 0.337891 0.583551 0.336914 0.584856 0.334961 0.584856 0.333984 0.586162 0.333008 0.586162
0 0.348633 0.546997 0.347656 0.546997 0.345703 0.544386 0.343750 0.544386 0.342773 0.543081 0.336914 0.543081 0.335938 0.544386 0.333008 0.545692 0.331055 0.548303 0.328125 0.549608 0.326172 0.552219 0.325195 0.552219 0.322266 0.554830 0.322266 0.556136 0.319336 0.560052 0.319336 0.561358 0.317383 0.565274 0.317383 0.571802 0.319336 0.574413 0.319336 0.575718 0.320312 0.575718 0.322266 0.578329 0.323242 0.578329 0.325195 0.580940 0.326172 0.580940 0.327148 0.582245 0.333008 0.582245 0.333984 0.580940 0.334961 0.580940 0.335938 0.579634 0.336914 0.579634 0.337891 0.578329 0.338867 0.578329 0.339844 0.577023 0.342773 0.575718 0.344727 0.573107 0.346680 0.573107 0.347656 0.571802 0.348633 0.571802 0.350586 0.569191 0.350586 0.567885 0.352539 0.563969 0.352539 0.554830 0.351562 0.553525 0.350586 0.549608
0 0.273438 0.420366 0.273438 0.422977 0.272461 0.424282 0.272461 0.428198 0.271484 0.429504 0.271484 0.434726 0.272461 0.436031 0.273438 0.439948 0.276367 0.443864 0.277344 0.443864 0.279297 0.446475 0.279297 0.447781 0.286133 0.455614 0.290039 0.455614 0.291016 0.456919 0.291992 0.455614 0.294922 0.455614 0.295898 0.456919 0.298828 0.456919 0.299805 0.455614 0.300781 0.455614 0.305664 0.451697 0.305664 0.449086 0.306641 0.447781 0.306641 0.438642 0.305664 0.437337 0.305664 0.434726 0.304688 0.433420 0.304688 0.430809 0.303711 0.429504 0.303711 0.428198 0.301758 0.425587 0.300781 0.425587 0.299805 0.424282 0.299805 0.422977 0.298828 0.422977 0.297852 0.421671 0.297852 0.420366 0.295898 0.417755 0.294922 0.417755 0.293945 0.416449 0.291992 0.416449 0.291016 0.415144 0.287109 0.415144 0.286133 0.413838 0.284180 0.413838 0.283203 0.412533 0.282227 0.412533 0.281250 0.413838 0.280273 0.413838 0.279297 0.415144 0.276367 0.416449
0 0.292969 0.361619 0.289062 0.365535 0.288086 0.365535 0.281250 0.373368 0.281250 0.377285 0.280273 0.378590 0.280273 0.392950 0.281250 0.394256 0.281250 0.399478 0.282227 0.400783 0.284180 0.407311 0.286133 0.409922 0.286133 0.411227 0.287109 0.411227 0.291992 0.415144 0.293945 0.415144 0.296875 0.417755 0.311523 0.417755 0.312500 0.416449 0.313477 0.416449 0.318359 0.409922 0.318359 0.407311 0.319336 0.406005 0.319336 0.391645 0.320312 0.390339 0.320312 0.374674 0.319336 0.373368 0.319336 0.368146 0.318359 0.366841 0.316406 0.366841 0.315430 0.365535 0.310547 0.365535 0.309570 0.364230 0.308594 0.364230 0.305664 0.361619 0.303711 0.361619 0.302734 0.360313 0.295898 0.360313 0.294922 0.361619
0 0.302734 0.293734 0.301758 0.298956 0.297852 0.302872 0.296875 0.306789 0.293945 0.309399 0.291992 0.314621 0.291992 0.321149 0.292969 0.322454 0.292969 0.327676 0.293945 0.328982 0.293945 0.335509 0.295898 0.339426 0.295898 0.342037 0.297852 0.344648 0.303711 0.345953 0.304688 0.347258 0.309570 0.347258 0.310547 0.348564 0.323242 0.348564 0.324219 0.349869 0.328125 0.348564 0.336914 0.335509 0.336914 0.330287 0.339844 0.321149 0.339844 0.314621 0.330078 0.302872 0.330078 0.298956 0.328125 0.298956 0.327148 0.300261 0.327148 0.304178 0.326172 0.305483 0.322266 0.305483 0.321289 0.304178 0.320312 0.305483 0.317383 0.305483 0.314453 0.301567 0.313477 0.301567 0.313477 0.302872 0.311523 0.305483 0.307617 0.305483 0.302734 0.300261 0.302734 0.297650 0.304688 0.296345 0.305664 0.293734
0 0.254883 0.265013 0.254883 0.267624 0.253906 0.268930 0.253906 0.283290 0.254883 0.284595 0.254883 0.287206 0.255859 0.288512 0.256836 0.292428 0.260742 0.297650 0.261719 0.297650 0.264648 0.300261 0.266602 0.300261 0.269531 0.302872 0.271484 0.302872 0.272461 0.304178 0.281250 0.304178 0.286133 0.300261 0.289062 0.300261 0.290039 0.298956 0.291016 0.298956 0.291016 0.297650 0.291992 0.296345 0.291992 0.280679 0.292969 0.279373 0.292969 0.272846 0.291992 0.271540 0.291992 0.267624 0.288086 0.262402 0.261719 0.262402 0.260742 0.261097 0.258789 0.261097 0.256836 0.263708 0.255859 0.263708
0 0.210938 0.265013 0.210938 0.266319 0.209961 0.267624 0.209961 0.274151 0.210938 0.275457 0.210938 0.283290 0.211914 0.284595 0.212891 0.291123 0.214844 0.293734 0.214844 0.295039 0.218750 0.300261 0.218750 0.301567 0.222656 0.306789 0.223633 0.306789 0.224609 0.308094 0.236328 0.308094 0.238281 0.305483 0.247070 0.300261 0.250000 0.296345 0.250000 0.288512 0.250977 0.287206 0.250977 0.280679 0.250000 0.279373 0.250000 0.274151 0.250977 0.272846 0.250977 0.267624 0.250000 0.266319 0.233398 0.266319 0.232422 0.265013 0.222656 0.265013 0.221680 0.263708 0.212891 0.263708 0.211914 0.265013
0 0.253906 0.305483 0.252930 0.306789 0.252930 0.308094 0.250000 0.314621 0.250000 0.331593 0.249023 0.332898 0.249023 0.335509 0.250000 0.336815 0.250000 0.338120 0.255859 0.345953 0.256836 0.345953 0.258789 0.348564 0.259766 0.348564 0.262695 0.352480 0.263672 0.352480 0.264648 0.353786 0.269531 0.353786 0.270508 0.352480 0.272461 0.352480 0.273438 0.351175 0.275391 0.351175 0.276367 0.349869 0.279297 0.348564 0.280273 0.347258 0.280273 0.343342 0.281250 0.342037 0.280273 0.340731 0.280273 0.328982 0.279297 0.327676 0.279297 0.322454 0.278320 0.321149 0.278320 0.317232 0.277344 0.315927 0.277344 0.313316 0.271484 0.305483 0.270508 0.305483 0.265625 0.301567 0.258789 0.301567 0.256836 0.304178
0 0.374023 0.248042 0.363281 0.248042 0.362305 0.249347 0.359375 0.249347 0.358398 0.250653 0.355469 0.250653 0.349609 0.258486 0.349609 0.259791 0.347656 0.262402 0.347656 0.267624 0.349609 0.270235 0.349609 0.272846 0.351562 0.276762 0.351562 0.279373 0.356445 0.291123 0.356445 0.296345 0.358398 0.300261 0.360352 0.300261 0.361328 0.301567 0.365234 0.301567 0.366211 0.300261 0.371094 0.300261 0.372070 0.298956 0.376953 0.296345 0.380859 0.291123 0.381836 0.291123 0.381836 0.289817 0.383789 0.285901 0.383789 0.283290 0.385742 0.279373 0.385742 0.276762 0.384766 0.275457 0.384766 0.271540 0.382812 0.267624 0.382812 0.265013 0.380859 0.261097 0.380859 0.258486 0.379883 0.257180 0.378906 0.253264 0.375977 0.249347 0.375000 0.249347
0 0.375000 0.301567 0.370117 0.301567 0.369141 0.302872 0.348633 0.302872 0.348633 0.305483 0.349609 0.306789 0.350586 0.306789 0.352539 0.309399 0.352539 0.310705 0.351562 0.312010 0.350586 0.312010 0.349609 0.313316 0.349609 0.314621 0.345703 0.319843 0.345703 0.321149 0.344727 0.322454 0.343750 0.322454 0.343750 0.323760 0.341797 0.327676 0.341797 0.330287 0.340820 0.331593 0.340820 0.338120 0.341797 0.339426 0.341797 0.342037 0.344727 0.345953 0.351562 0.347258 0.352539 0.348564 0.354492 0.348564 0.355469 0.349869 0.366211 0.349869 0.367188 0.351175 0.368164 0.351175 0.372070 0.347258 0.373047 0.347258 0.375977 0.343342 0.375977 0.342037 0.376953 0.340731 0.376953 0.338120 0.379883 0.332898 0.379883 0.314621 0.377930 0.312010 0.377930 0.309399 0.376953 0.308094
0 0.403320 0.292428 0.402344 0.293734 0.400391 0.293734 0.399414 0.295039 0.401367 0.297650 0.401367 0.298956 0.399414 0.301567 0.396484 0.301567 0.395508 0.302872 0.394531 0.301567 0.392578 0.301567 0.389648 0.304178 0.386719 0.304178 0.386719 0.305483 0.384766 0.308094 0.384766 0.309399 0.383789 0.310705 0.383789 0.313316 0.382812 0.314621 0.382812 0.328982 0.383789 0.330287 0.383789 0.334204 0.384766 0.335509 0.384766 0.336815 0.388672 0.340731 0.392578 0.340731 0.396484 0.344648 0.398438 0.344648 0.399414 0.345953 0.408203 0.340731 0.411133 0.336815 0.413086 0.336815 0.414062 0.335509 0.416992 0.335509 0.422852 0.327676 0.422852 0.325065 0.423828 0.323760 0.423828 0.304178 0.420898 0.301567 0.416016 0.300261 0.412109 0.296345 0.410156 0.296345 0.407227 0.293734 0.404297 0.293734
0 0.435547 0.248042 0.432617 0.248042 0.431641 0.249347 0.428711 0.250653 0.426758 0.253264 0.421875 0.254569 0.413086 0.261097 0.410156 0.261097 0.409180 0.262402 0.407227 0.262402 0.407227 0.263708 0.405273 0.267624 0.405273 0.281984 0.406250 0.283290 0.408203 0.289817 0.411133 0.293734 0.412109 0.293734 0.416992 0.297650 0.427734 0.297650 0.428711 0.296345 0.430664 0.296345 0.431641 0.295039 0.434570 0.293734 0.438477 0.288512 0.439453 0.288512 0.441406 0.285901 0.442383 0.285901 0.443359 0.284595 0.443359 0.283290 0.444336 0.281984 0.444336 0.279373 0.445312 0.278068 0.444336 0.276762 0.444336 0.272846 0.445312 0.271540 0.445312 0.266319 0.444336 0.265013 0.444336 0.262402 0.443359 0.261097 0.443359 0.259791 0.441406 0.257180 0.441406 0.255875
0 0.431641 0.305483 0.430664 0.306789 0.430664 0.308094 0.426758 0.317232 0.426758 0.319843 0.425781 0.321149 0.425781 0.330287 0.428711 0.336815 0.428711 0.340731 0.430664 0.343342 0.430664 0.344648 0.431641 0.345953 0.434570 0.347258 0.438477 0.352480 0.442383 0.352480 0.443359 0.353786 0.450195 0.353786 0.451172 0.352480 0.455078 0.352480 0.456055 0.351175 0.457031 0.351175 0.458984 0.348564 0.459961 0.348564 0.459961 0.347258 0.463867 0.342037 0.463867 0.340731 0.464844 0.339426 0.464844 0.336815 0.465820 0.335509 0.465820 0.331593 0.466797 0.330287 0.465820 0.328982 0.465820 0.325065 0.464844 0.323760 0.463867 0.319843 0.462891 0.318538 0.461914 0.318538 0.458008 0.313316 0.451172 0.313316 0.450195 0.312010 0.448242 0.312010 0.447266 0.310705 0.444336 0.309399 0.442383 0.306789 0.439453 0.306789 0.438477 0.305483
0 0.469727 0.272846 0.468750 0.274151 0.467773 0.274151 0.461914 0.281984 0.461914 0.291123 0.460938 0.292428 0.460938 0.300261 0.459961 0.301567 0.459961 0.306789 0.460938 0.308094 0.460938 0.310705 0.461914 0.312010 0.462891 0.312010 0.464844 0.314621 0.465820 0.314621 0.468750 0.318538 0.473633 0.321149 0.478516 0.326371 0.479492 0.326371 0.480469 0.327676 0.485352 0.327676 0.489258 0.322454 0.490234 0.322454 0.496094 0.314621 0.496094 0.313316 0.498047 0.309399 0.498047 0.297650 0.497070 0.296345 0.496094 0.296345 0.494141 0.293734 0.493164 0.293734 0.490234 0.289817 0.489258 0.289817 0.484375 0.283290 0.484375 0.281984 0.482422 0.279373 0.482422 0.276762 0.481445 0.275457 0.480469 0.275457 0.479492 0.274151 0.477539 0.274151 0.474609 0.271540 0.473633 0.271540 0.472656 0.272846
0 0.466797 0.340731 0.466797 0.342037 0.465820 0.343342 0.465820 0.345953 0.463867 0.349869 0.463867 0.359008 0.464844 0.360313 0.464844 0.362924 0.465820 0.364230 0.465820 0.366841 0.470703 0.370757 0.473633 0.370757 0.474609 0.372063 0.477539 0.372063 0.478516 0.373368 0.481445 0.373368 0.482422 0.374674 0.485352 0.374674 0.486328 0.373368 0.488281 0.373368 0.489258 0.372063 0.490234 0.372063 0.491211 0.370757 0.492188 0.370757 0.493164 0.369452 0.496094 0.368146 0.500977 0.362924 0.500977 0.359008 0.501953 0.357702 0.501953 0.349869 0.500977 0.348564 0.500977 0.347258 0.499023 0.344648 0.498047 0.344648 0.496094 0.342037 0.496094 0.340731 0.492188 0.335509 0.491211 0.335509 0.490234 0.334204 0.489258 0.334204 0.484375 0.330287 0.479492 0.330287 0.478516 0.328982 0.474609 0.328982 0.468750 0.336815 0.468750 0.338120
0 0.419922 0.338120 0.418945 0.338120 0.416992 0.340731 0.416016 0.340731 0.414062 0.343342 0.413086 0.343342 0.412109 0.344648 0.407227 0.345953 0.403320 0.351175 0.403320 0.364230 0.404297 0.365535 0.404297 0.370757 0.405273 0.372063 0.405273 0.378590 0.406250 0.379896 0.406250 0.385117 0.407227 0.386423 0.408203 0.390339 0.410156 0.392950 0.421875 0.392950 0.422852 0.391645 0.427734 0.390339 0.429688 0.387728 0.430664 0.387728 0.431641 0.386423 0.432617 0.386423 0.434570 0.383812 0.435547 0.383812 0.438477 0.377285 0.438477 0.360313 0.437500 0.359008 0.437500 0.356397 0.435547 0.353786 0.434570 0.353786 0.433594 0.352480 0.432617 0.352480 0.430664 0.349869 0.427734 0.348564
0 0.447266 0.359008 0.445312 0.361619 0.444336 0.361619 0.442383 0.364230 0.442383 0.365535 0.441406 0.366841 0.441406 0.372063 0.440430 0.373368 0.440430 0.379896 0.438477 0.383812 0.438477 0.394256 0.439453 0.395561 0.439453 0.398172 0.440430 0.399478 0.440430 0.400783 0.442383 0.403394 0.445312 0.403394 0.446289 0.404700 0.453125 0.404700 0.454102 0.406005 0.460938 0.406005 0.461914 0.407311 0.462891 0.406005 0.466797 0.406005 0.470703 0.400783 0.470703 0.398172 0.471680 0.396867 0.471680 0.394256 0.472656 0.392950 0.472656 0.379896 0.471680 0.378590 0.470703 0.374674 0.468750 0.372063 0.466797 0.372063 0.465820 0.370757 0.463867 0.370757 0.461914 0.368146 0.460938 0.368146 0.458984 0.365535 0.458984 0.364230 0.455078 0.359008 0.455078 0.356397 0.452148 0.356397 0.451172 0.357702 0.449219 0.357702 0.448242 0.359008
0 0.363281 0.357702 0.363281 0.361619 0.361328 0.364230 0.359375 0.364230 0.358398 0.365535 0.356445 0.370757 0.356445 0.373368 0.355469 0.374674 0.355469 0.383812 0.356445 0.385117 0.356445 0.389034 0.357422 0.390339 0.357422 0.392950 0.360352 0.400783 0.364258 0.407311 0.368164 0.409922 0.376953 0.409922 0.379883 0.407311 0.384766 0.407311 0.386719 0.406005 0.393555 0.398172 0.396484 0.390339 0.396484 0.386423 0.395508 0.385117 0.395508 0.375979 0.394531 0.373368 0.392578 0.370757 0.389648 0.370757 0.388672 0.372063 0.384766 0.368146 0.376953 0.362924 0.375000 0.362924 0.373047 0.365535 0.368164 0.365535 0.366211 0.362924 0.366211 0.361619 0.367188 0.360313 0.369141 0.360313 0.371094 0.357702 0.370117 0.356397 0.365234 0.356397
0 0.322266 0.398172 0.322266 0.400783 0.321289 0.402089 0.321289 0.409922 0.322266 0.411227 0.322266 0.413838 0.325195 0.417755 0.325195 0.419060 0.328125 0.422977 0.328125 0.424282 0.330078 0.426893 0.333008 0.428198 0.334961 0.430809 0.335938 0.430809 0.336914 0.432115 0.338867 0.432115 0.339844 0.433420 0.340820 0.433420 0.341797 0.434726 0.343750 0.434726 0.344727 0.436031 0.348633 0.436031 0.349609 0.434726 0.350586 0.434726 0.353516 0.432115 0.355469 0.432115 0.356445 0.430809 0.356445 0.428198 0.357422 0.426893 0.357422 0.424282 0.359375 0.420366 0.359375 0.412533 0.360352 0.411227 0.360352 0.409922 0.359375 0.408616 0.359375 0.406005 0.358398 0.404700 0.358398 0.402089 0.356445 0.399478 0.356445 0.396867 0.355469 0.395561 0.353516 0.395561 0.350586 0.392950 0.347656 0.392950 0.346680 0.394256 0.344727 0.394256 0.342773 0.391645 0.329102 0.391645 0.328125 0.392950 0.327148 0.392950 0.325195 0.395561 0.324219 0.395561
0 0.384766 0.411227 0.377930 0.411227 0.376953 0.412533 0.365234 0.412533 0.362305 0.416449 0.362305 0.417755 0.360352 0.420366 0.360352 0.421671 0.359375 0.422977 0.359375 0.425587 0.358398 0.426893 0.358398 0.429504 0.357422 0.430809 0.357422 0.441253 0.360352 0.447781 0.362305 0.447781 0.363281 0.449086 0.366211 0.449086 0.367188 0.450392 0.372070 0.450392 0.373047 0.451697 0.384766 0.451697 0.385742 0.450392 0.388672 0.450392 0.389648 0.449086 0.390625 0.449086 0.393555 0.445170 0.393555 0.443864 0.394531 0.442559 0.394531 0.434726 0.393555 0.433420 0.393555 0.432115 0.388672 0.425587 0.388672 0.424282 0.387695 0.422977 0.387695 0.416449 0.386719 0.415144 0.386719 0.413838
0 0.423828 0.396867 0.420898 0.396867 0.419922 0.395561 0.402344 0.395561 0.401367 0.396867 0.399414 0.396867 0.398438 0.398172 0.397461 0.398172 0.396484 0.399478 0.396484 0.402089 0.394531 0.404700 0.394531 0.407311 0.393555 0.408616 0.393555 0.412533 0.392578 0.413838 0.392578 0.425587 0.396484 0.434726 0.396484 0.437337 0.397461 0.438642 0.397461 0.439948 0.406250 0.449086 0.410156 0.449086 0.411133 0.447781 0.412109 0.447781 0.412109 0.446475 0.416016 0.441253 0.420898 0.438642 0.428711 0.428198 0.428711 0.426893 0.429688 0.425587 0.429688 0.416449 0.428711 0.415144 0.428711 0.412533 0.427734 0.411227 0.427734 0.400783
0 0.439453 0.407311 0.438477 0.408616 0.437500 0.408616 0.437500 0.409922 0.432617 0.416449 0.432617 0.417755 0.431641 0.419060 0.431641 0.426893 0.429688 0.429504 0.429688 0.430809 0.428711 0.432115 0.428711 0.438642 0.429688 0.439948 0.429688 0.443864 0.433594 0.451697 0.433594 0.455614 0.435547 0.458225 0.438477 0.458225 0.439453 0.459530 0.441406 0.459530 0.442383 0.460836 0.449219 0.460836 0.450195 0.462141 0.455078 0.462141 0.457031 0.459530 0.457031 0.458225 0.458008 0.456919 0.458008 0.419060 0.457031 0.417755 0.457031 0.413838 0.455078 0.409922 0.450195 0.409922 0.449219 0.408616 0.444336 0.408616 0.443359 0.407311
0 0.462891 0.412533 0.462891 0.413838 0.461914 0.415144 0.461914 0.424282 0.462891 0.425587 0.462891 0.426893 0.464844 0.429504 0.462891 0.432115 0.461914 0.432115 0.461914 0.433420 0.460938 0.434726 0.460938 0.443864 0.461914 0.445170 0.461914 0.446475 0.463867 0.449086 0.463867 0.450392 0.468750 0.456919 0.468750 0.458225 0.469727 0.458225 0.470703 0.459530 0.475586 0.459530 0.482422 0.454308 0.484375 0.454308 0.490234 0.446475 0.491211 0.446475 0.492188 0.445170 0.494141 0.445170 0.496094 0.442559 0.496094 0.438642 0.495117 0.437337 0.495117 0.425587 0.494141 0.424282 0.494141 0.420366 0.493164 0.419060 0.493164 0.417755 0.491211 0.415144 0.488281 0.413838 0.486328 0.411227 0.477539 0.411227 0.476562 0.412533 0.470703 0.412533 0.469727 0.411227 0.467773 0.411227 0.466797 0.409922 0.465820 0.409922 0.463867 0.412533
0 0.500977 0.456919 0.500000 0.456919 0.499023 0.455614 0.496094 0.455614 0.495117 0.454308 0.492188 0.454308 0.491211 0.455614 0.488281 0.455614 0.483398 0.459530 0.478516 0.459530 0.477539 0.460836 0.475586 0.460836 0.474609 0.462141 0.472656 0.462141 0.470703 0.464752 0.470703 0.467363 0.469727 0.468668 0.469727 0.473890 0.468750 0.475196 0.468750 0.481723 0.469727 0.483029 0.469727 0.485640 0.470703 0.486945 0.472656 0.486945 0.475586 0.489556 0.477539 0.489556 0.480469 0.492167 0.483398 0.492167 0.484375 0.493473 0.487305 0.493473 0.488281 0.494778 0.495117 0.494778 0.496094 0.493473 0.498047 0.493473 0.499023 0.492167 0.500000 0.492167 0.500977 0.490862 0.500977 0.486945 0.501953 0.485640 0.501953 0.481723 0.500977 0.480418 0.500977 0.464752 0.501953 0.463446 0.501953 0.459530 0.500977 0.458225
0 0.309570 0.441253 0.309570 0.443864 0.308594 0.445170 0.308594 0.454308 0.309570 0.455614 0.309570 0.460836 0.310547 0.462141 0.310547 0.464752 0.311523 0.466057 0.311523 0.467363 0.314453 0.471279 0.320312 0.471279 0.321289 0.472585 0.335938 0.472585 0.336914 0.473890 0.337891 0.472585 0.341797 0.472585 0.344727 0.468668 0.344727 0.467363 0.346680 0.464752 0.346680 0.462141 0.347656 0.460836 0.347656 0.455614 0.346680 0.454308 0.346680 0.449086 0.345703 0.447781 0.345703 0.445170 0.344727 0.443864 0.343750 0.439948 0.341797 0.437337 0.339844 0.437337 0.333008 0.432115 0.331055 0.432115 0.330078 0.430809 0.327148 0.430809 0.325195 0.433420 0.323242 0.433420 0.323242 0.434726 0.320312 0.437337 0.313477 0.437337 0.311523 0.439948 0.310547 0.439948
0 0.349609 0.468668 0.347656 0.471279 0.346680 0.471279 0.345703 0.472585 0.345703 0.476501 0.344727 0.477807 0.344727 0.481723 0.343750 0.483029 0.343750 0.485640 0.342773 0.486945 0.342773 0.489556 0.343750 0.490862 0.343750 0.492167 0.344727 0.493473 0.347656 0.494778 0.349609 0.497389 0.350586 0.497389 0.353516 0.501305 0.354492 0.501305 0.361328 0.510444 0.362305 0.510444 0.363281 0.511749 0.365234 0.511749 0.366211 0.513055 0.369141 0.514360 0.371094 0.511749 0.372070 0.507833 0.375000 0.503916 0.375000 0.502611 0.376953 0.500000 0.376953 0.498695 0.377930 0.497389 0.377930 0.494778 0.378906 0.493473 0.378906 0.490862 0.379883 0.489556 0.379883 0.484334 0.380859 0.483029 0.380859 0.481723 0.375977 0.475196 0.374023 0.475196 0.373047 0.476501 0.372070 0.475196 0.369141 0.473890 0.367188 0.471279 0.365234 0.471279 0.362305 0.468668
0 0.329102 0.498695 0.329102 0.500000 0.328125 0.501305 0.328125 0.513055 0.329102 0.514360 0.330078 0.518277 0.332031 0.520888 0.332031 0.522193 0.335938 0.527415 0.335938 0.528721 0.339844 0.533943 0.341797 0.533943 0.342773 0.535248 0.346680 0.535248 0.347656 0.533943 0.350586 0.533943 0.351562 0.532637 0.353516 0.532637 0.354492 0.531332 0.357422 0.530026 0.362305 0.523499 0.362305 0.522193 0.364258 0.519582 0.364258 0.516971 0.363281 0.515666 0.363281 0.514360 0.361328 0.511749 0.360352 0.511749 0.352539 0.501305 0.351562 0.501305 0.349609 0.498695 0.348633 0.498695 0.345703 0.496084 0.338867 0.496084 0.337891 0.497389 0.333008 0.497389 0.332031 0.498695
0 0.384766 0.531332 0.383789 0.531332 0.381836 0.528721 0.380859 0.528721 0.379883 0.527415 0.377930 0.527415 0.376953 0.526110 0.375000 0.526110 0.374023 0.527415 0.371094 0.528721 0.369141 0.531332 0.367188 0.531332 0.364258 0.535248 0.362305 0.532637 0.362305 0.530026 0.360352 0.530026 0.360352 0.533943 0.358398 0.536554 0.358398 0.537859 0.356445 0.540470 0.353516 0.541775 0.353516 0.543081 0.352539 0.544386 0.352539 0.550914 0.355469 0.554830 0.355469 0.556136 0.361328 0.563969 0.365234 0.563969 0.366211 0.562663 0.367188 0.562663 0.370117 0.558747 0.371094 0.558747 0.372070 0.557441 0.373047 0.557441 0.374023 0.556136 0.375000 0.556136 0.377930 0.553525 0.380859 0.553525 0.381836 0.552219 0.384766 0.552219 0.386719 0.549608 0.386719 0.548303 0.387695 0.546997 0.387695 0.539164 0.386719 0.537859 0.386719 0.535248 0.384766 0.532637
0 0.367188 0.563969 0.364258 0.567885 0.364258 0.570496 0.363281 0.571802 0.364258 0.573107 0.364258 0.577023 0.365234 0.577023 0.366211 0.578329 0.366211 0.579634 0.367188 0.580940 0.367188 0.582245 0.371094 0.587467 0.371094 0.588773 0.373047 0.591384 0.373047 0.593995 0.374023 0.595300 0.375000 0.595300 0.375977 0.596606 0.378906 0.596606 0.379883 0.597911 0.385742 0.597911 0.386719 0.596606 0.388672 0.596606 0.390625 0.593995 0.391602 0.593995 0.392578 0.592689 0.392578 0.582245 0.391602 0.580940 0.391602 0.578329 0.390625 0.577023 0.390625 0.574413 0.388672 0.571802 0.388672 0.570496 0.387695 0.569191 0.387695 0.563969 0.385742 0.561358 0.381836 0.561358 0.380859 0.562663 0.379883 0.561358 0.377930 0.561358 0.376953 0.560052 0.374023 0.560052 0.373047 0.561358 0.371094 0.561358 0.370117 0.562663 0.369141 0.562663 0.368164 0.563969
0 0.392578 0.489556 0.391602 0.490862 0.389648 0.490862 0.386719 0.493473 0.384766 0.493473 0.383789 0.494778 0.382812 0.494778 0.380859 0.497389 0.380859 0.498695 0.376953 0.503916 0.376953 0.505222 0.375977 0.506527 0.375977 0.513055 0.377930 0.515666 0.377930 0.516971 0.382812 0.523499 0.382812 0.524804 0.384766 0.527415 0.384766 0.528721 0.385742 0.530026 0.386719 0.530026 0.388672 0.532637 0.389648 0.532637 0.390625 0.533943 0.392578 0.533943 0.393555 0.535248 0.397461 0.535248 0.398438 0.533943 0.401367 0.533943 0.402344 0.532637 0.403320 0.532637 0.407227 0.527415 0.407227 0.526110 0.408203 0.524804 0.408203 0.511749 0.407227 0.510444 0.407227 0.500000 0.406250 0.498695 0.406250 0.497389 0.405273 0.497389 0.401367 0.492167 0.400391 0.492167 0.399414 0.490862 0.397461 0.490862 0.396484 0.489556
0 0.421875 0.456919 0.417969 0.456919 0.416992 0.455614 0.414062 0.455614 0.413086 0.454308 0.407227 0.454308 0.406250 0.455614 0.405273 0.455614 0.403320 0.458225 0.403320 0.459530 0.400391 0.463446 0.399414 0.463446 0.392578 0.472585 0.392578 0.473890 0.391602 0.475196 0.391602 0.477807 0.395508 0.483029 0.396484 0.483029 0.397461 0.484334 0.397461 0.485640 0.402344 0.492167 0.405273 0.493473 0.408203 0.497389 0.409180 0.496084 0.411133 0.496084 0.417969 0.488251 0.418945 0.488251 0.419922 0.486945 0.420898 0.486945 0.421875 0.485640 0.424805 0.484334 0.427734 0.480418 0.427734 0.479112 0.428711 0.477807 0.428711 0.468668 0.427734 0.467363 0.427734 0.466057 0.424805 0.462141 0.424805 0.459530
0 0.461914 0.462141 0.459961 0.462141 0.458984 0.460836 0.458008 0.460836 0.456055 0.463446 0.447266 0.463446 0.446289 0.462141 0.436523 0.462141 0.431641 0.468668 0.431641 0.469974 0.430664 0.471279 0.430664 0.476501 0.429688 0.477807 0.429688 0.479112 0.427734 0.481723 0.427734 0.486945 0.428711 0.486945 0.429688 0.488251 0.430664 0.488251 0.432617 0.490862 0.433594 0.490862 0.434570 0.492167 0.434570 0.493473 0.435547 0.493473 0.437500 0.496084 0.438477 0.496084 0.442383 0.501305 0.443359 0.501305 0.444336 0.502611 0.452148 0.502611 0.453125 0.501305 0.456055 0.500000 0.460938 0.493473 0.460938 0.492167 0.461914 0.490862 0.461914 0.489556 0.464844 0.483029 0.464844 0.476501 0.463867 0.475196 0.463867 0.471279 0.462891 0.469974 0.462891 0.464752 0.461914 0.463446
0 0.422852 0.488251 0.421875 0.489556 0.420898 0.489556 0.414062 0.498695 0.414062 0.500000 0.413086 0.501305 0.413086 0.519582 0.414062 0.520888 0.414062 0.523499 0.417969 0.528721 0.418945 0.528721 0.420898 0.531332 0.421875 0.531332 0.422852 0.532637 0.424805 0.532637 0.425781 0.533943 0.427734 0.533943 0.428711 0.535248 0.436523 0.535248 0.437500 0.533943 0.438477 0.533943 0.440430 0.531332 0.440430 0.528721 0.441406 0.527415 0.441406 0.523499 0.442383 0.522193 0.442383 0.511749 0.443359 0.510444 0.443359 0.506527 0.442383 0.505222 0.442383 0.503916 0.436523 0.496084 0.435547 0.496084 0.433594 0.493473 0.432617 0.493473 0.427734 0.488251
0 0.434570 0.544386 0.434570 0.546997 0.433594 0.548303 0.433594 0.549608 0.432617 0.550914 0.432617 0.553525 0.431641 0.554830 0.431641 0.558747 0.432617 0.560052 0.433594 0.563969 0.435547 0.566580 0.436523 0.566580 0.441406 0.573107 0.443359 0.573107 0.444336 0.574413 0.447266 0.574413 0.448242 0.575718 0.452148 0.575718 0.453125 0.577023 0.455078 0.577023 0.458008 0.574413 0.459961 0.574413 0.460938 0.573107 0.461914 0.573107 0.466797 0.566580 0.466797 0.561358 0.467773 0.560052 0.466797 0.558747 0.466797 0.554830 0.465820 0.553525 0.465820 0.550914 0.464844 0.549608 0.464844 0.548303 0.460938 0.543081 0.459961 0.543081 0.458984 0.541775 0.452148 0.541775 0.451172 0.540470 0.447266 0.540470 0.446289 0.541775 0.437500 0.541775
0 0.426758 0.548303 0.424805 0.548303 0.423828 0.546997 0.422852 0.546997 0.420898 0.544386 0.420898 0.543081 0.418945 0.540470 0.417969 0.540470 0.416992 0.539164 0.413086 0.539164 0.412109 0.540470 0.408203 0.540470 0.407227 0.541775 0.406250 0.541775 0.403320 0.545692 0.402344 0.549608 0.398438 0.554830 0.398438 0.556136 0.394531 0.561358 0.394531 0.562663 0.393555 0.563969 0.393555 0.566580 0.391602 0.570496 0.391602 0.575718 0.392578 0.577023 0.392578 0.579634 0.393555 0.580940 0.393555 0.582245 0.394531 0.583551 0.402344 0.583551 0.403320 0.584856 0.404297 0.583551 0.408203 0.583551 0.409180 0.582245 0.412109 0.582245 0.414062 0.579634 0.415039 0.575718 0.421875 0.566580 0.421875 0.565274 0.423828 0.562663 0.426758 0.561358 0.426758 0.557441 0.425781 0.556136 0.425781 0.554830 0.426758 0.553525
0 0.431641 0.566580 0.430664 0.566580 0.429688 0.565274 0.424805 0.565274 0.423828 0.566580 0.422852 0.566580 0.421875 0.567885 0.421875 0.569191 0.409180 0.586162 0.409180 0.604439 0.410156 0.605744 0.411133 0.605744 0.412109 0.607050 0.415039 0.607050 0.416016 0.608355 0.422852 0.608355 0.423828 0.607050 0.424805 0.607050 0.426758 0.604439 0.427734 0.604439 0.429688 0.601828 0.430664 0.601828 0.435547 0.595300 0.435547 0.593995 0.436523 0.592689 0.436523 0.588773 0.437500 0.587467 0.437500 0.575718 0.436523 0.574413 0.436523 0.573107
0 0.383789 0.607050 0.380859 0.610966 0.380859 0.612272 0.379883 0.613577 0.379883 0.614883 0.377930 0.618799 0.377930 0.622715 0.378906 0.624021 0.378906 0.625326 0.380859 0.629243 0.380859 0.635770 0.382812 0.638381 0.382812 0.639687 0.383789 0.639687 0.384766 0.640992 0.385742 0.640992 0.388672 0.643603 0.396484 0.643603 0.397461 0.642298 0.400391 0.642298 0.401367 0.640992 0.403320 0.640992 0.404297 0.639687 0.405273 0.639687 0.405273 0.638381 0.406250 0.637076 0.406250 0.622715 0.407227 0.621410 0.407227 0.612272 0.406250 0.610966 0.406250 0.609661 0.403320 0.607050 0.393555 0.607050 0.392578 0.605744 0.390625 0.605744 0.389648 0.607050
0 0.372070 0.622715 0.370117 0.622715 0.369141 0.621410 0.362305 0.621410 0.361328 0.622715 0.357422 0.622715 0.356445 0.624021 0.354492 0.624021 0.353516 0.625326 0.352539 0.625326 0.348633 0.630548 0.348633 0.631854 0.346680 0.635770 0.346680 0.638381 0.345703 0.639687 0.345703 0.650131 0.346680 0.650131 0.348633 0.652742 0.348633 0.654047 0.349609 0.655352 0.349609 0.660574 0.350586 0.661880 0.350586 0.667102 0.351562 0.668407 0.357422 0.668407 0.358398 0.667102 0.361328 0.667102 0.362305 0.665796 0.365234 0.664491 0.368164 0.660574 0.371094 0.659269 0.373047 0.656658 0.374023 0.656658 0.375000 0.655352 0.375000 0.654047 0.376953 0.650131 0.376953 0.646214 0.377930 0.644909 0.377930 0.637076 0.376953 0.635770 0.376953 0.633159 0.371094 0.627937 0.372070 0.626632
0 0.379883 0.639687 0.379883 0.646214 0.378906 0.647520 0.378906 0.652742 0.377930 0.654047 0.377930 0.657963 0.378906 0.659269 0.378906 0.660574 0.380859 0.663185 0.386719 0.663185 0.387695 0.664491 0.389648 0.664491 0.390625 0.665796 0.395508 0.665796 0.396484 0.667102 0.402344 0.667102 0.403320 0.665796 0.405273 0.665796 0.406250 0.664491 0.406250 0.663185 0.407227 0.661880 0.407227 0.656658 0.406250 0.655352 0.406250 0.654047 0.407227 0.652742 0.407227 0.647520 0.408203 0.646214 0.408203 0.643603 0.407227 0.642298 0.407227 0.640992 0.399414 0.640992 0.398438 0.642298 0.396484 0.642298 0.395508 0.643603 0.390625 0.643603 0.389648 0.642298 0.387695 0.642298 0.386719 0.640992 0.385742 0.640992 0.384766 0.639687 0.382812 0.639687 0.381836 0.638381 0.380859 0.638381
0 0.424805 0.614883 0.422852 0.614883 0.421875 0.616188 0.420898 0.616188 0.418945 0.618799 0.417969 0.618799 0.416992 0.620104 0.416016 0.620104 0.412109 0.625326 0.411133 0.625326 0.409180 0.627937 0.409180 0.630548 0.408203 0.631854 0.408203 0.635770 0.410156 0.638381 0.410156 0.639687 0.416992 0.648825 0.417969 0.648825 0.420898 0.651436 0.422852 0.651436 0.423828 0.652742 0.424805 0.651436 0.427734 0.651436 0.428711 0.650131 0.429688 0.650131 0.431641 0.647520 0.432617 0.647520 0.434570 0.644909 0.434570 0.643603 0.436523 0.640992 0.436523 0.639687 0.438477 0.635770 0.438477 0.631854 0.439453 0.630548 0.439453 0.621410 0.438477 0.621410 0.437500 0.620104 0.432617 0.620104 0.430664 0.617493 0.428711 0.617493 0.427734 0.616188 0.425781 0.616188
0 0.442383 0.654047 0.441406 0.654047 0.438477 0.651436 0.431641 0.651436 0.430664 0.652742 0.427734 0.652742 0.426758 0.654047 0.424805 0.654047 0.423828 0.655352 0.420898 0.655352 0.419922 0.654047 0.416992 0.656658 0.416992 0.657963 0.416016 0.659269 0.416016 0.661880 0.415039 0.663185 0.415039 0.668407 0.414062 0.669713 0.414062 0.671018 0.415039 0.672324 0.415039 0.674935 0.416016 0.676240 0.416016 0.677546 0.416992 0.678851 0.416992 0.680157 0.417969 0.681462 0.418945 0.685379 0.422852 0.690601 0.426758 0.690601 0.427734 0.689295 0.429688 0.689295 0.432617 0.686684 0.434570 0.686684 0.437500 0.684073 0.439453 0.684073 0.440430 0.682768 0.443359 0.681462 0.445312 0.678851 0.445312 0.676240 0.446289 0.674935 0.446289 0.659269
0 0.474609 0.659269 0.471680 0.659269 0.470703 0.660574 0.468750 0.657963 0.467773 0.657963 0.466797 0.656658 0.465820 0.657963 0.463867 0.657963 0.462891 0.659269 0.461914 0.659269 0.458008 0.664491 0.457031 0.664491 0.455078 0.667102 0.454102 0.667102 0.453125 0.668407 0.453125 0.669713 0.451172 0.672324 0.450195 0.672324 0.447266 0.676240 0.447266 0.677546 0.446289 0.678851 0.446289 0.682768 0.447266 0.684073 0.447266 0.685379 0.448242 0.686684 0.449219 0.686684 0.452148 0.689295 0.454102 0.689295 0.455078 0.690601 0.458984 0.690601 0.460938 0.687990 0.461914 0.687990 0.462891 0.686684 0.463867 0.686684 0.465820 0.684073 0.469727 0.684073 0.471680 0.681462 0.472656 0.681462 0.475586 0.677546 0.475586 0.674935 0.476562 0.673629 0.476562 0.664491 0.475586 0.663185 0.475586 0.661880 0.474609 0.660574
0 0.469727 0.629243 0.463867 0.629243 0.462891 0.627937 0.458008 0.627937 0.457031 0.629243 0.456055 0.629243 0.455078 0.630548 0.454102 0.630548 0.453125 0.631854 0.452148 0.631854 0.450195 0.634465 0.449219 0.634465 0.448242 0.635770 0.445312 0.635770 0.444336 0.637076 0.443359 0.637076 0.442383 0.638381 0.441406 0.638381 0.440430 0.639687 0.439453 0.639687 0.437500 0.643603 0.437500 0.646214 0.439453 0.648825 0.442383 0.648825 0.446289 0.654047 0.446289 0.655352 0.447266 0.656658 0.449219 0.656658 0.450195 0.657963 0.456055 0.657963 0.457031 0.656658 0.458984 0.656658 0.459961 0.655352 0.461914 0.655352 0.464844 0.651436 0.465820 0.651436 0.466797 0.650131 0.467773 0.650131 0.469727 0.646214 0.469727 0.642298 0.470703 0.640992 0.470703 0.634465 0.469727 0.633159
0 0.449219 0.579634 0.448242 0.580940 0.446289 0.580940 0.440430 0.588773 0.440430 0.590078 0.438477 0.592689 0.438477 0.593995 0.436523 0.597911 0.436523 0.600522 0.435547 0.601828 0.435547 0.603133 0.436523 0.604439 0.436523 0.605744 0.437500 0.607050 0.438477 0.607050 0.443359 0.613577 0.444336 0.613577 0.447266 0.616188 0.449219 0.616188 0.450195 0.617493 0.452148 0.617493 0.453125 0.618799 0.457031 0.618799 0.458008 0.617493 0.458984 0.617493 0.461914 0.613577 0.461914 0.612272 0.463867 0.609661 0.463867 0.608355 0.465820 0.604439 0.465820 0.601828 0.466797 0.600522 0.466797 0.595300 0.465820 0.593995 0.465820 0.592689 0.464844 0.592689 0.462891 0.590078 0.462891 0.588773 0.457031 0.580940 0.455078 0.580940 0.454102 0.579634
0 0.470703 0.562663 0.465820 0.574413 0.465820 0.579634 0.464844 0.580940 0.465820 0.582245 0.465820 0.584856 0.467773 0.588773 0.467773 0.592689 0.468750 0.593995 0.468750 0.595300 0.473633 0.601828 0.473633 0.603133 0.478516 0.601828 0.481445 0.604439 0.486328 0.604439 0.487305 0.603133 0.490234 0.601828 0.491211 0.600522 0.492188 0.596606 0.494141 0.593995 0.497070 0.597911 0.497070 0.599217 0.496094 0.600522 0.496094 0.601828 0.497070 0.603133 0.497070 0.591384 0.498047 0.590078 0.498047 0.580940 0.497070 0.579634 0.496094 0.575718 0.494141 0.573107 0.494141 0.571802 0.493164 0.570496 0.492188 0.566580 0.490234 0.563969 0.490234 0.562663 0.487305 0.561358 0.482422 0.556136 0.481445 0.556136 0.480469 0.557441 0.480469 0.560052 0.478516 0.562663 0.476562 0.562663 0.475586 0.563969 0.471680 0.563969
0 0.466797 0.609661 0.466797 0.613577 0.465820 0.614883 0.465820 0.618799 0.467773 0.621410 0.467773 0.622715 0.468750 0.622715 0.471680 0.626632 0.471680 0.627937 0.476562 0.634465 0.477539 0.634465 0.478516 0.635770 0.479492 0.635770 0.480469 0.637076 0.486328 0.637076 0.487305 0.635770 0.488281 0.635770 0.490234 0.633159 0.491211 0.633159 0.497070 0.625326 0.497070 0.618799 0.496094 0.617493 0.495117 0.617493 0.490234 0.610966 0.490234 0.609661 0.489258 0.608355 0.488281 0.608355 0.487305 0.607050 0.480469 0.607050 0.479492 0.605744 0.474609 0.605744 0.473633 0.607050 0.472656 0.607050 0.470703 0.609661
0 0.500000 0.639687 0.499023 0.638381 0.499023 0.637076 0.495117 0.631854 0.493164 0.631854 0.492188 0.633159 0.491211 0.633159 0.490234 0.634465 0.489258 0.634465 0.487305 0.637076 0.486328 0.637076 0.485352 0.638381 0.480469 0.638381 0.479492 0.639687 0.477539 0.639687 0.476562 0.640992 0.475586 0.640992 0.474609 0.642298 0.473633 0.642298 0.471680 0.644909 0.471680 0.646214 0.470703 0.647520 0.470703 0.650131 0.471680 0.651436 0.471680 0.652742 0.475586 0.657963 0.476562 0.657963 0.477539 0.659269 0.481445 0.659269 0.482422 0.657963 0.484375 0.657963 0.486328 0.655352 0.487305 0.655352 0.490234 0.651436 0.491211 0.651436 0.492188 0.650131 0.494141 0.650131 0.495117 0.648825 0.497070 0.648825 0.500000 0.644909
0 0.530273 0.617493 0.528320 0.614883 0.527344 0.614883 0.526367 0.613577 0.523438 0.613577 0.522461 0.614883 0.521484 0.614883 0.518555 0.617493 0.516602 0.617493 0.515625 0.618799 0.513672 0.618799 0.512695 0.620104 0.508789 0.620104 0.507812 0.621410 0.505859 0.621410 0.502930 0.624021 0.500977 0.624021 0.499023 0.627937 0.499023 0.630548 0.500000 0.631854 0.500000 0.634465 0.500977 0.635770 0.500977 0.637076 0.503906 0.640992 0.504883 0.640992 0.505859 0.642298 0.515625 0.642298 0.516602 0.640992 0.522461 0.640992 0.523438 0.639687 0.524414 0.639687 0.525391 0.638381 0.526367 0.638381 0.526367 0.637076 0.528320 0.634465 0.528320 0.633159 0.529297 0.631854 0.529297 0.629243 0.530273 0.627937
0 0.527344 0.642298 0.523438 0.642298 0.522461 0.643603 0.518555 0.643603 0.517578 0.644909 0.512695 0.644909 0.511719 0.646214 0.510742 0.646214 0.507812 0.650131 0.507812 0.651436 0.506836 0.652742 0.506836 0.668407 0.507812 0.669713 0.507812 0.674935 0.509766 0.678851 0.510742 0.678851 0.511719 0.680157 0.512695 0.680157 0.515625 0.682768 0.518555 0.682768 0.519531 0.681462 0.520508 0.681462 0.521484 0.680157 0.522461 0.680157 0.523438 0.678851 0.524414 0.678851 0.525391 0.677546 0.526367 0.677546 0.531250 0.671018 0.531250 0.669713 0.532227 0.668407 0.532227 0.667102 0.534180 0.663185 0.534180 0.654047 0.533203 0.652742 0.533203 0.651436 0.532227 0.650131 0.532227 0.648825
0 0.480469 0.680157 0.480469 0.693211 0.481445 0.694517 0.481445 0.695822 0.483398 0.698433 0.484375 0.698433 0.485352 0.699739 0.491211 0.699739 0.492188 0.701044 0.493164 0.701044 0.494141 0.702350 0.496094 0.702350 0.498047 0.704961 0.500977 0.704961 0.503906 0.701044 0.504883 0.701044 0.505859 0.699739 0.505859 0.698433 0.509766 0.693211 0.509766 0.690601 0.510742 0.689295 0.510742 0.685379 0.509766 0.684073 0.509766 0.682768 0.507812 0.680157 0.500000 0.680157 0.499023 0.678851 0.492188 0.678851 0.491211 0.677546 0.483398 0.677546 0.482422 0.678851 0.481445 0.678851
0 0.528320 0.694517 0.526367 0.694517 0.525391 0.693211 0.514648 0.693211 0.511719 0.695822 0.509766 0.695822 0.504883 0.702350 0.504883 0.703655 0.503906 0.704961 0.503906 0.716710 0.504883 0.718016 0.504883 0.723238 0.505859 0.724543 0.507812 0.724543 0.508789 0.725849 0.519531 0.725849 0.520508 0.724543 0.522461 0.724543 0.523438 0.723238 0.525391 0.723238 0.526367 0.721932 0.527344 0.721932 0.527344 0.718016 0.529297 0.715405 0.529297 0.712794 0.530273 0.711488 0.530273 0.706266 0.531250 0.704961 0.531250 0.701044 0.530273 0.699739 0.530273 0.697128
0 0.505859 0.575718 0.505859 0.586162 0.506836 0.587467 0.506836 0.588773 0.507812 0.590078 0.507812 0.591384 0.508789 0.592689 0.508789 0.593995 0.512695 0.599217 0.513672 0.599217 0.514648 0.600522 0.526367 0.600522 0.527344 0.599217 0.530273 0.599217 0.533203 0.595300 0.533203 0.588773 0.534180 0.587467 0.533203 0.586162 0.533203 0.580940 0.532227 0.579634 0.532227 0.575718 0.531250 0.574413 0.531250 0.571802 0.528320 0.567885 0.527344 0.567885 0.524414 0.565274 0.515625 0.565274 0.514648 0.566580 0.513672 0.566580 0.512695 0.567885 0.511719 0.567885
0 0.512695 0.533943 0.507812 0.533943 0.506836 0.532637 0.497070 0.532637 0.496094 0.533943 0.493164 0.533943 0.492188 0.535248 0.490234 0.535248 0.490234 0.536554 0.488281 0.540470 0.488281 0.544386 0.487305 0.545692 0.487305 0.548303 0.486328 0.549608 0.486328 0.552219 0.487305 0.553525 0.487305 0.554830 0.490234 0.558747 0.491211 0.562663 0.494141 0.566580 0.494141 0.567885 0.496094 0.570496 0.496094 0.571802 0.498047 0.574413 0.498047 0.575718 0.500977 0.578329 0.503906 0.577023 0.503906 0.575718 0.507812 0.570496 0.507812 0.569191 0.514648 0.560052 0.514648 0.558747 0.516602 0.556136 0.516602 0.544386 0.515625 0.543081 0.515625 0.539164 0.514648 0.537859 0.514648 0.536554
0 0.466797 0.511749 0.465820 0.513055 0.464844 0.513055 0.461914 0.515666 0.461914 0.516971 0.460938 0.518277 0.460938 0.519582 0.458984 0.523499 0.458984 0.530026 0.461914 0.533943 0.461914 0.535248 0.463867 0.537859 0.463867 0.539164 0.467773 0.544386 0.467773 0.546997 0.468750 0.548303 0.477539 0.548303 0.478516 0.546997 0.479492 0.546997 0.480469 0.545692 0.481445 0.545692 0.488281 0.536554 0.488281 0.535248 0.489258 0.533943 0.489258 0.532637 0.491211 0.530026 0.491211 0.526110 0.490234 0.524804 0.490234 0.523499 0.488281 0.520888 0.488281 0.519582 0.487305 0.518277 0.487305 0.515666 0.485352 0.511749 0.479492 0.511749 0.478516 0.510444 0.472656 0.510444 0.471680 0.511749
0 0.506836 0.489556 0.505859 0.490862 0.503906 0.490862 0.502930 0.492167 0.501953 0.492167 0.500977 0.493473 0.500000 0.493473 0.499023 0.494778 0.498047 0.494778 0.497070 0.496084 0.496094 0.496084 0.493164 0.498695 0.493164 0.501305 0.492188 0.502611 0.492188 0.510444 0.491211 0.511749 0.491211 0.518277 0.492188 0.519582 0.492188 0.520888 0.496094 0.526110 0.497070 0.526110 0.498047 0.527415 0.500000 0.527415 0.500977 0.528721 0.503906 0.528721 0.504883 0.530026 0.511719 0.530026 0.512695 0.528721 0.514648 0.528721 0.515625 0.527415 0.516602 0.527415 0.520508 0.522193 0.520508 0.520888 0.522461 0.518277 0.522461 0.516971 0.523438 0.515666 0.523438 0.500000 0.522461 0.498695 0.522461 0.496084 0.520508 0.493473 0.517578 0.493473 0.516602 0.492167 0.515625 0.492167 0.514648 0.490862 0.512695 0.490862 0.511719 0.489556
0 0.534180 0.671018 0.534180 0.673629 0.533203 0.674935 0.533203 0.676240 0.535156 0.678851 0.535156 0.687990 0.536133 0.689295 0.536133 0.697128 0.538086 0.699739 0.538086 0.701044 0.541992 0.707572 0.542969 0.707572 0.543945 0.708877 0.548828 0.708877 0.549805 0.707572 0.552734 0.706266 0.554688 0.703655 0.557617 0.702350 0.563477 0.694517 0.564453 0.694517 0.565430 0.693211 0.565430 0.681462 0.564453 0.680157 0.563477 0.676240 0.561523 0.673629 0.560547 0.669713 0.558594 0.669713 0.556641 0.672324 0.555664 0.672324 0.553711 0.669713 0.552734 0.669713 0.551758 0.668407 0.536133 0.668407
0 0.591797 0.685379 0.589844 0.685379 0.588867 0.684073 0.583984 0.684073 0.582031 0.686684 0.581055 0.686684 0.580078 0.687990 0.579102 0.687990 0.578125 0.689295 0.577148 0.689295 0.576172 0.690601 0.575195 0.690601 0.574219 0.691906 0.573242 0.691906 0.572266 0.693211 0.571289 0.693211 0.569336 0.695822 0.569336 0.699739 0.568359 0.701044 0.568359 0.704961 0.567383 0.706266 0.567383 0.715405 0.568359 0.716710 0.568359 0.719321 0.569336 0.720627 0.572266 0.720627 0.573242 0.721932 0.579102 0.721932 0.580078 0.720627 0.581055 0.720627 0.582031 0.719321 0.583008 0.719321 0.583984 0.718016 0.584961 0.718016 0.586914 0.715405 0.587891 0.715405 0.588867 0.714099 0.589844 0.714099 0.591797 0.711488 0.591797 0.706266 0.592773 0.704961 0.592773 0.701044 0.593750 0.699739 0.593750 0.690601 0.592773 0.689295 0.592773 0.687990 0.591797 0.686684
0 0.595703 0.654047 0.589844 0.654047 0.588867 0.655352 0.584961 0.655352 0.583984 0.656658 0.582031 0.656658 0.581055 0.657963 0.577148 0.657963 0.576172 0.659269 0.571289 0.659269 0.568359 0.663185 0.568359 0.664491 0.567383 0.665796 0.567383 0.667102 0.565430 0.671018 0.566406 0.672324 0.566406 0.676240 0.567383 0.676240 0.568359 0.677546 0.569336 0.677546 0.571289 0.680157 0.573242 0.680157 0.574219 0.678851 0.581055 0.678851 0.582031 0.680157 0.589844 0.680157 0.590820 0.678851 0.591797 0.678851 0.593750 0.676240 0.594727 0.676240 0.596680 0.673629 0.596680 0.672324 0.597656 0.671018 0.597656 0.660574 0.596680 0.659269 0.596680 0.656658 0.595703 0.655352
0 0.561523 0.629243 0.559570 0.626632 0.558594 0.626632 0.557617 0.627937 0.554688 0.627937 0.553711 0.629243 0.546875 0.629243 0.545898 0.630548 0.544922 0.630548 0.543945 0.629243 0.541992 0.629243 0.541016 0.627937 0.537109 0.627937 0.535156 0.630548 0.535156 0.634465 0.534180 0.635770 0.534180 0.647520 0.535156 0.648825 0.535156 0.650131 0.537109 0.652742 0.537109 0.654047 0.538086 0.654047 0.539062 0.655352 0.547852 0.655352 0.548828 0.654047 0.555664 0.654047 0.556641 0.652742 0.559570 0.652742 0.560547 0.651436 0.561523 0.651436 0.562500 0.650131 0.562500 0.634465 0.561523 0.633159
0 0.536133 0.595300 0.532227 0.600522 0.532227 0.604439 0.531250 0.605744 0.531250 0.612272 0.532227 0.613577 0.532227 0.614883 0.535156 0.618799 0.535156 0.620104 0.539062 0.625326 0.540039 0.625326 0.541016 0.626632 0.543945 0.626632 0.544922 0.627937 0.552734 0.627937 0.553711 0.626632 0.554688 0.626632 0.557617 0.622715 0.557617 0.599217 0.556641 0.597911 0.556641 0.596606 0.554688 0.593995 0.549805 0.593995 0.548828 0.592689 0.546875 0.592689 0.545898 0.593995 0.539062 0.593995 0.538086 0.595300
0 0.547852 0.519582 0.545898 0.519582 0.544922 0.518277 0.540039 0.518277 0.537109 0.520888 0.534180 0.520888 0.533203 0.522193 0.530273 0.522193 0.529297 0.523499 0.528320 0.523499 0.527344 0.522193 0.524414 0.522193 0.522461 0.524804 0.521484 0.524804 0.521484 0.526110 0.519531 0.530026 0.519531 0.536554 0.520508 0.537859 0.520508 0.541775 0.521484 0.543081 0.521484 0.545692 0.522461 0.546997 0.522461 0.550914 0.523438 0.552219 0.524414 0.556136 0.527344 0.560052 0.527344 0.561358 0.529297 0.565274 0.530273 0.565274 0.531250 0.566580 0.534180 0.566580 0.536133 0.563969 0.537109 0.563969 0.539062 0.561358 0.540039 0.561358 0.544922 0.554830 0.545898 0.554830 0.549805 0.549608 0.549805 0.548303 0.552734 0.544386 0.552734 0.543081 0.553711 0.541775 0.553711 0.539164 0.552734 0.537859 0.552734 0.536554 0.550781 0.533943 0.550781 0.532637 0.548828 0.530026 0.548828 0.520888
0 0.562500 0.556136 0.558594 0.550914 0.557617 0.550914 0.556641 0.549608 0.551758 0.549608 0.550781 0.550914 0.549805 0.550914 0.545898 0.556136 0.544922 0.556136 0.541016 0.561358 0.540039 0.561358 0.536133 0.566580 0.535156 0.566580 0.535156 0.567885 0.533203 0.570496 0.533203 0.577023 0.535156 0.579634 0.535156 0.580940 0.536133 0.580940 0.537109 0.582245 0.541992 0.582245 0.542969 0.583551 0.547852 0.583551 0.548828 0.582245 0.550781 0.582245 0.551758 0.580940 0.553711 0.580940 0.554688 0.579634 0.555664 0.579634 0.557617 0.577023 0.558594 0.577023 0.561523 0.573107 0.562500 0.573107 0.563477 0.571802 0.563477 0.567885 0.564453 0.566580 0.564453 0.565274 0.563477 0.563969 0.563477 0.558747 0.562500 0.557441
0 0.590820 0.541775 0.583008 0.541775 0.580078 0.544386 0.572266 0.544386 0.571289 0.545692 0.570312 0.545692 0.565430 0.552219 0.565430 0.560052 0.566406 0.561358 0.566406 0.562663 0.567383 0.563969 0.567383 0.565274 0.568359 0.566580 0.568359 0.567885 0.569336 0.569191 0.569336 0.570496 0.570312 0.571802 0.570312 0.573107 0.571289 0.574413 0.571289 0.575718 0.573242 0.578329 0.574219 0.578329 0.575195 0.579634 0.577148 0.579634 0.578125 0.580940 0.581055 0.580940 0.582031 0.579634 0.584961 0.579634 0.585938 0.578329 0.586914 0.578329 0.587891 0.577023 0.588867 0.577023 0.589844 0.575718 0.589844 0.574413 0.591797 0.571802 0.591797 0.570496 0.592773 0.569191 0.592773 0.567885 0.594727 0.563969 0.594727 0.560052 0.595703 0.558747 0.595703 0.550914 0.594727 0.549608 0.594727 0.545692 0.592773 0.543081 0.591797 0.543081
0 0.596680 0.586162 0.593750 0.582245 0.592773 0.582245 0.591797 0.580940 0.588867 0.580940 0.587891 0.579634 0.586914 0.580940 0.583984 0.580940 0.583008 0.582245 0.568359 0.582245 0.568359 0.583551 0.569336 0.584856 0.569336 0.586162 0.564453 0.592689 0.564453 0.593995 0.563477 0.595300 0.563477 0.599217 0.564453 0.600522 0.564453 0.601828 0.565430 0.603133 0.565430 0.604439 0.567383 0.607050 0.569336 0.607050 0.570312 0.608355 0.571289 0.608355 0.572266 0.607050 0.575195 0.607050 0.576172 0.605744 0.587891 0.605744 0.588867 0.604439 0.590820 0.604439 0.591797 0.603133 0.591797 0.601828 0.593750 0.599217 0.593750 0.597911 0.596680 0.593995 0.596680 0.592689 0.597656 0.591384 0.596680 0.590078
0 0.587891 0.617493 0.583984 0.617493 0.583008 0.618799 0.579102 0.618799 0.578125 0.620104 0.576172 0.620104 0.575195 0.621410 0.573242 0.621410 0.569336 0.626632 0.569336 0.627937 0.567383 0.631854 0.567383 0.635770 0.568359 0.637076 0.568359 0.640992 0.569336 0.642298 0.569336 0.646214 0.570312 0.647520 0.570312 0.651436 0.571289 0.652742 0.571289 0.655352 0.573242 0.655352 0.574219 0.656658 0.579102 0.656658 0.580078 0.655352 0.583984 0.655352 0.585938 0.652742 0.587891 0.652742 0.588867 0.651436 0.589844 0.651436 0.591797 0.648825 0.591797 0.644909 0.592773 0.643603 0.592773 0.642298 0.594727 0.638381 0.594727 0.631854 0.593750 0.630548 0.593750 0.627937 0.592773 0.626632 0.592773 0.625326 0.591797 0.624021 0.591797 0.622715
0 0.619141 0.596606 0.617188 0.596606 0.616211 0.597911 0.611328 0.597911 0.610352 0.599217 0.609375 0.599217 0.608398 0.600522 0.608398 0.601828 0.606445 0.604439 0.602539 0.604439 0.598633 0.610966 0.598633 0.612272 0.597656 0.613577 0.597656 0.625326 0.599609 0.629243 0.599609 0.631854 0.600586 0.633159 0.600586 0.634465 0.602539 0.637076 0.603516 0.637076 0.604492 0.638381 0.608398 0.638381 0.611328 0.640992 0.612305 0.639687 0.614258 0.639687 0.623047 0.627937 0.624023 0.627937 0.626953 0.624021 0.626953 0.622715 0.628906 0.620104 0.628906 0.614883 0.627930 0.613577 0.627930 0.609661 0.626953 0.608355 0.626953 0.607050 0.623047 0.601828 0.623047 0.600522 0.622070 0.599217 0.621094 0.599217
0 0.619141 0.635770 0.617188 0.638381 0.616211 0.638381 0.615234 0.639687 0.615234 0.640992 0.613281 0.643603 0.613281 0.644909 0.612305 0.646214 0.612305 0.648825 0.611328 0.650131 0.611328 0.651436 0.609375 0.655352 0.609375 0.659269 0.612305 0.663185 0.612305 0.664491 0.613281 0.665796 0.613281 0.668407 0.614258 0.669713 0.615234 0.669713 0.616211 0.671018 0.618164 0.671018 0.619141 0.672324 0.621094 0.672324 0.622070 0.673629 0.625977 0.673629 0.628906 0.669713 0.629883 0.669713 0.631836 0.667102 0.632812 0.667102 0.633789 0.665796 0.633789 0.664491 0.640625 0.655352 0.640625 0.648825 0.638672 0.644909 0.638672 0.642298 0.637695 0.640992 0.637695 0.639687 0.634766 0.637076 0.622070 0.637076 0.621094 0.635770
0 0.594727 0.681462 0.594727 0.684073 0.595703 0.685379 0.595703 0.687990 0.598633 0.691906 0.602539 0.691906 0.603516 0.693211 0.607422 0.693211 0.608398 0.694517 0.610352 0.694517 0.611328 0.695822 0.620117 0.695822 0.621094 0.694517 0.622070 0.694517 0.624023 0.691906 0.625000 0.691906 0.627930 0.687990 0.627930 0.686684 0.629883 0.682768 0.629883 0.680157 0.628906 0.678851 0.628906 0.677546 0.627930 0.677546 0.625977 0.674935 0.623047 0.674935 0.622070 0.673629 0.620117 0.673629 0.619141 0.672324 0.617188 0.672324 0.616211 0.671018 0.614258 0.671018 0.613281 0.669713 0.609375 0.669713 0.608398 0.668407 0.607422 0.668407 0.606445 0.669713 0.605469 0.669713 0.604492 0.671018 0.603516 0.671018 0.602539 0.672324 0.601562 0.672324 0.598633 0.676240 0.597656 0.676240 0.595703 0.678851 0.595703 0.680157
0 0.599609 0.715405 0.599609 0.721932 0.600586 0.723238 0.600586 0.733681 0.602539 0.736292 0.602539 0.737598 0.603516 0.737598 0.605469 0.740209 0.606445 0.740209 0.607422 0.741514 0.611328 0.741514 0.612305 0.742820 0.616211 0.742820 0.617188 0.741514 0.621094 0.741514 0.622070 0.740209 0.625000 0.740209 0.627930 0.737598 0.627930 0.728460 0.626953 0.727154 0.626953 0.719321 0.627930 0.718016 0.626953 0.716710 0.626953 0.714099 0.625000 0.710183 0.624023 0.710183 0.623047 0.708877 0.615234 0.708877 0.614258 0.707572 0.609375 0.707572 0.605469 0.712794 0.603516 0.712794 0.602539 0.714099 0.600586 0.714099
0 0.630859 0.732376 0.630859 0.734987 0.631836 0.736292 0.631836 0.741514 0.632812 0.742820 0.632812 0.744125 0.633789 0.745431 0.633789 0.746736 0.635742 0.749347 0.636719 0.749347 0.637695 0.750653 0.639648 0.750653 0.640625 0.751958 0.642578 0.751958 0.643555 0.753264 0.650391 0.753264 0.651367 0.751958 0.656250 0.751958 0.657227 0.750653 0.658203 0.750653 0.662109 0.745431 0.662109 0.744125 0.663086 0.742820 0.663086 0.740209 0.664062 0.738903 0.663086 0.737598 0.663086 0.736292 0.661133 0.732376 0.660156 0.732376 0.657227 0.729765 0.655273 0.729765 0.654297 0.728460 0.652344 0.728460 0.651367 0.727154 0.649414 0.727154 0.648438 0.725849 0.646484 0.725849 0.645508 0.724543 0.642578 0.724543 0.641602 0.723238 0.637695 0.723238 0.636719 0.724543 0.635742 0.724543 0.634766 0.725849 0.633789 0.725849 0.633789 0.727154 0.631836 0.729765 0.631836 0.731070
0 0.629883 0.701044 0.629883 0.702350 0.630859 0.703655 0.630859 0.704961 0.632812 0.707572 0.632812 0.708877 0.634766 0.711488 0.635742 0.711488 0.636719 0.712794 0.643555 0.712794 0.644531 0.711488 0.657227 0.711488 0.658203 0.710183 0.658203 0.706266 0.659180 0.704961 0.659180 0.703655 0.660156 0.702350 0.660156 0.695822 0.657227 0.691906 0.637695 0.691906 0.636719 0.693211 0.635742 0.693211 0.634766 0.694517 0.633789 0.694517 0.632812 0.695822 0.631836 0.695822 0.630859 0.697128 0.630859 0.699739
0 0.665039 0.664491 0.662109 0.660574 0.661133 0.660574 0.660156 0.659269 0.658203 0.659269 0.657227 0.657963 0.648438 0.657963 0.647461 0.659269 0.644531 0.659269 0.643555 0.660574 0.641602 0.660574 0.640625 0.661880 0.638672 0.661880 0.636719 0.664491 0.636719 0.665796 0.635742 0.667102 0.635742 0.676240 0.637695 0.680157 0.637695 0.685379 0.638672 0.686684 0.638672 0.689295 0.639648 0.690601 0.643555 0.690601 0.644531 0.691906 0.647461 0.691906 0.648438 0.690601 0.652344 0.690601 0.653320 0.689295 0.655273 0.689295 0.657227 0.686684 0.657227 0.685379 0.660156 0.681462 0.661133 0.681462 0.665039 0.676240 0.665039 0.674935 0.666016 0.673629 0.666016 0.669713 0.665039 0.668407
0 0.671875 0.630548 0.668945 0.626632 0.660156 0.626632 0.659180 0.627937 0.656250 0.627937 0.655273 0.629243 0.650391 0.629243 0.649414 0.630548 0.645508 0.630548 0.643555 0.633159 0.643555 0.635770 0.645508 0.638381 0.645508 0.642298 0.644531 0.643603 0.644531 0.646214 0.643555 0.647520 0.643555 0.654047 0.645508 0.656658 0.656250 0.656658 0.657227 0.657963 0.663086 0.657963 0.664062 0.656658 0.666016 0.656658 0.669922 0.651436 0.669922 0.650131 0.671875 0.647520 0.671875 0.646214 0.672852 0.644909 0.672852 0.640992 0.673828 0.639687 0.673828 0.637076 0.672852 0.635770 0.672852 0.633159 0.671875 0.631854
0 0.631836 0.603133 0.631836 0.605744 0.630859 0.607050 0.630859 0.622715 0.631836 0.624021 0.631836 0.626632 0.633789 0.629243 0.634766 0.629243 0.637695 0.631854 0.638672 0.631854 0.639648 0.630548 0.641602 0.630548 0.642578 0.629243 0.644531 0.629243 0.645508 0.627937 0.648438 0.627937 0.649414 0.626632 0.651367 0.626632 0.653320 0.624021 0.654297 0.624021 0.655273 0.622715 0.656250 0.622715 0.657227 0.621410 0.658203 0.621410 0.661133 0.618799 0.661133 0.608355 0.660156 0.607050 0.660156 0.604439 0.659180 0.603133 0.659180 0.601828 0.657227 0.599217 0.655273 0.599217 0.654297 0.597911 0.653320 0.597911 0.652344 0.599217 0.647461 0.599217 0.646484 0.600522 0.645508 0.600522 0.644531 0.599217 0.641602 0.599217 0.640625 0.597911 0.636719 0.597911 0.635742 0.599217 0.633789 0.599217
0 0.630859 0.571802 0.629883 0.570496 0.629883 0.569191 0.626953 0.565274 0.619141 0.565274 0.618164 0.566580 0.615234 0.566580 0.614258 0.567885 0.605469 0.567885 0.604492 0.569191 0.602539 0.569191 0.598633 0.574413 0.598633 0.575718 0.597656 0.577023 0.597656 0.579634 0.596680 0.580940 0.597656 0.582245 0.597656 0.583551 0.600586 0.587467 0.601562 0.587467 0.604492 0.590078 0.622070 0.590078 0.623047 0.588773 0.625000 0.588773 0.627930 0.586162 0.627930 0.584856 0.629883 0.580940 0.629883 0.578329 0.630859 0.577023
0 0.632812 0.569191 0.632812 0.571802 0.631836 0.573107 0.631836 0.579634 0.630859 0.580940 0.630859 0.582245 0.631836 0.583551 0.631836 0.584856 0.632812 0.586162 0.632812 0.587467 0.637695 0.593995 0.638672 0.593995 0.639648 0.595300 0.641602 0.595300 0.644531 0.597911 0.653320 0.597911 0.656250 0.595300 0.656250 0.593995 0.657227 0.592689 0.657227 0.588773 0.658203 0.587467 0.658203 0.582245 0.659180 0.580940 0.659180 0.569191 0.657227 0.565274 0.648438 0.565274 0.647461 0.566580 0.642578 0.566580 0.641602 0.567885 0.636719 0.567885 0.635742 0.569191
0 0.680664 0.570496 0.677734 0.570496 0.676758 0.569191 0.675781 0.570496 0.672852 0.570496 0.666016 0.579634 0.666016 0.580940 0.662109 0.587467 0.662109 0.590078 0.661133 0.591384 0.661133 0.597911 0.662109 0.599217 0.662109 0.601828 0.666992 0.608355 0.666992 0.609661 0.667969 0.610966 0.668945 0.614883 0.675781 0.614883 0.676758 0.613577 0.679688 0.613577 0.680664 0.612272 0.681641 0.612272 0.689453 0.601828 0.689453 0.597911 0.690430 0.596606 0.690430 0.593995 0.691406 0.592689 0.691406 0.591384 0.693359 0.587467 0.693359 0.582245 0.690430 0.579634 0.688477 0.579634 0.685547 0.575718 0.684570 0.575718
0 0.688477 0.608355 0.687500 0.609661 0.685547 0.609661 0.682617 0.613577 0.681641 0.613577 0.680664 0.614883 0.679688 0.614883 0.677734 0.617493 0.677734 0.620104 0.676758 0.621410 0.676758 0.624021 0.675781 0.625326 0.675781 0.635770 0.677734 0.638381 0.678711 0.638381 0.682617 0.643603 0.684570 0.643603 0.685547 0.644909 0.688477 0.644909 0.689453 0.646214 0.696289 0.646214 0.697266 0.644909 0.698242 0.644909 0.702148 0.639687 0.702148 0.638381 0.703125 0.637076 0.703125 0.631854 0.704102 0.630548 0.704102 0.617493 0.702148 0.613577 0.701172 0.613577 0.700195 0.612272 0.699219 0.612272 0.696289 0.609661 0.694336 0.609661 0.693359 0.608355
0 0.671875 0.656658 0.671875 0.657963 0.669922 0.661880 0.669922 0.672324 0.671875 0.674935 0.672852 0.674935 0.673828 0.676240 0.677734 0.676240 0.678711 0.677546 0.681641 0.677546 0.682617 0.678851 0.690430 0.678851 0.691406 0.680157 0.692383 0.680157 0.693359 0.678851 0.694336 0.678851 0.695312 0.677546 0.696289 0.677546 0.698242 0.674935 0.698242 0.673629 0.700195 0.669713 0.700195 0.663185 0.699219 0.661880 0.699219 0.656658 0.698242 0.655352 0.698242 0.654047 0.696289 0.651436 0.696289 0.650131 0.694336 0.647520 0.688477 0.647520 0.687500 0.646214 0.680664 0.646214 0.676758 0.651436 0.675781 0.651436
0 0.668945 0.697128 0.668945 0.699739 0.667969 0.701044 0.667969 0.702350 0.668945 0.703655 0.668945 0.707572 0.669922 0.708877 0.669922 0.710183 0.670898 0.711488 0.670898 0.712794 0.671875 0.712794 0.672852 0.714099 0.682617 0.714099 0.683594 0.715405 0.689453 0.715405 0.690430 0.714099 0.694336 0.714099 0.695312 0.712794 0.699219 0.712794 0.701172 0.708877 0.701172 0.706266 0.699219 0.703655 0.699219 0.702350 0.698242 0.701044 0.698242 0.699739 0.696289 0.697128 0.696289 0.695822 0.695312 0.694517 0.695312 0.691906 0.693359 0.689295 0.693359 0.687990 0.692383 0.686684 0.688477 0.686684 0.687500 0.685379 0.685547 0.685379 0.684570 0.684073 0.683594 0.685379 0.682617 0.685379 0.681641 0.686684 0.680664 0.686684 0.677734 0.689295 0.673828 0.689295 0.672852 0.690601 0.672852 0.691906
0 0.700195 0.715405 0.699219 0.715405 0.698242 0.714099 0.696289 0.714099 0.695312 0.715405 0.691406 0.715405 0.690430 0.716710 0.680664 0.716710 0.679688 0.718016 0.678711 0.718016 0.676758 0.720627 0.676758 0.724543 0.675781 0.725849 0.675781 0.736292 0.676758 0.737598 0.676758 0.740209 0.678711 0.742820 0.678711 0.744125 0.681641 0.748042 0.685547 0.748042 0.686523 0.746736 0.689453 0.746736 0.690430 0.745431 0.691406 0.745431 0.692383 0.744125 0.693359 0.744125 0.694336 0.742820 0.695312 0.742820 0.696289 0.741514 0.697266 0.741514 0.700195 0.738903 0.702148 0.738903 0.703125 0.737598 0.704102 0.737598 0.704102 0.736292 0.706055 0.733681 0.706055 0.731070 0.704102 0.727154 0.704102 0.721932 0.702148 0.719321 0.702148 0.718016
0 0.732422 0.704961 0.730469 0.702350 0.729492 0.702350 0.727539 0.699739 0.726562 0.699739 0.723633 0.695822 0.722656 0.697128 0.720703 0.697128 0.713867 0.706266 0.712891 0.706266 0.710938 0.708877 0.709961 0.708877 0.708008 0.711488 0.707031 0.711488 0.706055 0.712794 0.706055 0.721932 0.707031 0.723238 0.707031 0.724543 0.708008 0.725849 0.708008 0.727154 0.708984 0.728460 0.709961 0.728460 0.710938 0.729765 0.718750 0.729765 0.719727 0.728460 0.721680 0.728460 0.723633 0.725849 0.723633 0.724543 0.724609 0.723238 0.725586 0.723238 0.726562 0.721932 0.727539 0.721932 0.728516 0.720627 0.730469 0.720627 0.730469 0.719321 0.731445 0.718016 0.731445 0.716710 0.734375 0.712794 0.734375 0.711488 0.733398 0.710183 0.733398 0.707572 0.732422 0.706266
0 0.720703 0.656658 0.717773 0.656658 0.716797 0.657963 0.715820 0.657963 0.714844 0.656658 0.711914 0.656658 0.710938 0.657963 0.708008 0.657963 0.706055 0.660574 0.705078 0.664491 0.702148 0.668407 0.702148 0.669713 0.701172 0.671018 0.701172 0.673629 0.700195 0.674935 0.700195 0.686684 0.701172 0.687990 0.701172 0.690601 0.702148 0.691906 0.702148 0.693211 0.703125 0.694517 0.704102 0.694517 0.708008 0.699739 0.709961 0.699739 0.710938 0.701044 0.713867 0.701044 0.714844 0.699739 0.717773 0.698433 0.720703 0.694517 0.721680 0.694517 0.722656 0.693211 0.722656 0.691906 0.724609 0.689295 0.725586 0.689295 0.731445 0.681462 0.731445 0.674935 0.730469 0.673629 0.730469 0.671018 0.728516 0.667102 0.728516 0.664491 0.725586 0.660574 0.725586 0.659269 0.724609 0.659269 0.723633 0.657963 0.721680 0.657963
0 0.755859 0.671018 0.751953 0.671018 0.750977 0.669713 0.745117 0.669713 0.744141 0.668407 0.743164 0.668407 0.742188 0.669713 0.741211 0.669713 0.737305 0.674935 0.737305 0.676240 0.735352 0.678851 0.734375 0.678851 0.734375 0.680157 0.731445 0.684073 0.731445 0.685379 0.730469 0.686684 0.730469 0.689295 0.729492 0.690601 0.729492 0.693211 0.728516 0.694517 0.728516 0.697128 0.729492 0.698433 0.729492 0.699739 0.730469 0.701044 0.735352 0.701044 0.736328 0.699739 0.739258 0.699739 0.740234 0.698433 0.742188 0.698433 0.743164 0.697128 0.747070 0.697128 0.752930 0.689295 0.752930 0.687990 0.753906 0.686684 0.753906 0.685379 0.754883 0.684073 0.754883 0.682768 0.755859 0.681462
0 0.735352 0.633159 0.733398 0.630548 0.721680 0.630548 0.720703 0.631854 0.717773 0.631854 0.716797 0.633159 0.709961 0.633159 0.708984 0.634465 0.708008 0.634465 0.704102 0.639687 0.704102 0.642298 0.703125 0.643603 0.703125 0.650131 0.704102 0.651436 0.704102 0.652742 0.705078 0.654047 0.715820 0.654047 0.716797 0.652742 0.722656 0.652742 0.723633 0.654047 0.725586 0.651436 0.726562 0.651436 0.730469 0.646214 0.730469 0.644909 0.731445 0.643603 0.732422 0.643603 0.734375 0.640992 0.734375 0.637076 0.735352 0.635770
0 0.700195 0.586162 0.700195 0.590078 0.699219 0.591384 0.699219 0.595300 0.700195 0.596606 0.699219 0.597911 0.699219 0.599217 0.697266 0.601828 0.697266 0.604439 0.701172 0.609661 0.702148 0.609661 0.704102 0.612272 0.705078 0.612272 0.706055 0.610966 0.708984 0.610966 0.709961 0.612272 0.711914 0.612272 0.712891 0.613577 0.717773 0.613577 0.718750 0.612272 0.725586 0.612272 0.727539 0.609661 0.727539 0.607050 0.728516 0.605744 0.728516 0.603133 0.729492 0.601828 0.729492 0.597911 0.723633 0.590078 0.722656 0.590078 0.718750 0.584856 0.717773 0.584856 0.716797 0.583551 0.714844 0.583551 0.713867 0.582245 0.708984 0.582245 0.704102 0.588773 0.703125 0.587467 0.702148 0.587467 0.701172 0.586162
0 0.751953 0.601828 0.750000 0.601828 0.749023 0.600522 0.746094 0.600522 0.745117 0.601828 0.742188 0.601828 0.739258 0.604439 0.737305 0.604439 0.735352 0.607050 0.734375 0.607050 0.727539 0.616188 0.727539 0.618799 0.733398 0.626632 0.733398 0.627937 0.735352 0.630548 0.736328 0.630548 0.737305 0.631854 0.737305 0.633159 0.740234 0.637076 0.745117 0.637076 0.747070 0.634465 0.748047 0.634465 0.749023 0.633159 0.750000 0.633159 0.754883 0.626632 0.756836 0.626632 0.758789 0.624021 0.758789 0.618799 0.757812 0.617493 0.757812 0.616188 0.755859 0.612272 0.755859 0.608355 0.754883 0.607050 0.754883 0.605744
0 0.738281 0.647520 0.738281 0.651436 0.737305 0.652742 0.737305 0.659269 0.740234 0.663185 0.741211 0.663185 0.742188 0.664491 0.743164 0.664491 0.744141 0.665796 0.745117 0.665796 0.748047 0.668407 0.755859 0.668407 0.756836 0.667102 0.759766 0.667102 0.762695 0.663185 0.763672 0.663185 0.763672 0.661880 0.764648 0.660574 0.764648 0.659269 0.766602 0.655352 0.766602 0.647520 0.765625 0.646214 0.765625 0.642298 0.763672 0.638381 0.762695 0.638381 0.759766 0.642298 0.756836 0.638381 0.755859 0.638381 0.752930 0.635770 0.750977 0.635770 0.750000 0.637076 0.748047 0.637076 0.747070 0.638381 0.746094 0.638381 0.745117 0.639687 0.744141 0.639687
0 0.746094 0.561358 0.742188 0.561358 0.741211 0.562663 0.737305 0.562663 0.736328 0.563969 0.734375 0.563969 0.733398 0.565274 0.732422 0.565274 0.730469 0.567885 0.729492 0.567885 0.728516 0.569191 0.728516 0.570496 0.726562 0.573107 0.726562 0.574413 0.725586 0.575718 0.725586 0.578329 0.724609 0.579634 0.724609 0.583551 0.725586 0.584856 0.725586 0.587467 0.727539 0.590078 0.727539 0.591384 0.728516 0.592689 0.729492 0.592689 0.732422 0.596606 0.733398 0.596606 0.734375 0.597911 0.736328 0.597911 0.739258 0.600522 0.745117 0.600522 0.746094 0.599217 0.748047 0.599217 0.749023 0.597911 0.749023 0.596606 0.752930 0.591384 0.752930 0.590078 0.753906 0.588773 0.753906 0.586162 0.754883 0.584856 0.754883 0.579634 0.753906 0.578329 0.753906 0.575718 0.752930 0.574413 0.752930 0.571802 0.751953 0.570496 0.751953 0.569191 0.750000 0.566580 0.750000 0.565274 0.748047 0.562663 0.747070 0.562663
0 0.687500 0.556136 0.687500 0.558747 0.686523 0.560052 0.686523 0.561358 0.688477 0.565274 0.688477 0.571802 0.691406 0.575718 0.693359 0.575718 0.696289 0.578329 0.699219 0.578329 0.700195 0.579634 0.711914 0.579634 0.712891 0.578329 0.714844 0.578329 0.717773 0.574413 0.718750 0.574413 0.721680 0.570496 0.721680 0.569191 0.723633 0.566580 0.723633 0.565274 0.724609 0.563969 0.724609 0.560052 0.723633 0.560052 0.722656 0.558747 0.721680 0.558747 0.718750 0.554830 0.717773 0.554830 0.714844 0.552219 0.712891 0.552219 0.711914 0.550914 0.709961 0.550914 0.708984 0.549608 0.703125 0.549608 0.702148 0.550914 0.697266 0.550914 0.696289 0.552219 0.694336 0.552219 0.693359 0.553525 0.691406 0.553525 0.690430 0.554830 0.688477 0.554830
0 0.728516 0.518277 0.727539 0.519582 0.727539 0.523499 0.725586 0.526110 0.724609 0.526110 0.724609 0.527415 0.720703 0.533943 0.720703 0.552219 0.721680 0.553525 0.721680 0.554830 0.723633 0.557441 0.726562 0.557441 0.727539 0.558747 0.730469 0.558747 0.731445 0.557441 0.733398 0.557441 0.734375 0.558747 0.735352 0.558747 0.736328 0.557441 0.741211 0.557441 0.742188 0.556136 0.744141 0.556136 0.745117 0.554830 0.746094 0.554830 0.749023 0.550914 0.749023 0.549608 0.750977 0.545692 0.750977 0.540470 0.750000 0.539164 0.750000 0.533943 0.748047 0.531332 0.748047 0.530026 0.746094 0.527415 0.746094 0.526110 0.740234 0.518277
0 0.680664 0.530026 0.678711 0.530026 0.677734 0.528721 0.675781 0.528721 0.674805 0.530026 0.671875 0.530026 0.670898 0.531332 0.668945 0.531332 0.665039 0.536554 0.664062 0.536554 0.662109 0.533943 0.662109 0.539164 0.661133 0.540470 0.661133 0.546997 0.662109 0.548303 0.662109 0.565274 0.663086 0.565274 0.664062 0.566580 0.666992 0.566580 0.667969 0.565274 0.671875 0.565274 0.672852 0.563969 0.674805 0.563969 0.675781 0.562663 0.677734 0.562663 0.678711 0.561358 0.679688 0.561358 0.679688 0.560052 0.685547 0.552219 0.685547 0.549608 0.688477 0.545692 0.688477 0.540470 0.687500 0.539164 0.687500 0.537859 0.686523 0.536554 0.685547 0.536554
0 0.656250 0.530026 0.653320 0.528721 0.652344 0.530026 0.648438 0.530026 0.647461 0.531332 0.644531 0.531332 0.643555 0.532637 0.639648 0.532637 0.638672 0.533943 0.635742 0.533943 0.634766 0.535248 0.630859 0.535248 0.627930 0.539164 0.627930 0.541775 0.628906 0.543081 0.628906 0.549608 0.627930 0.550914 0.627930 0.553525 0.626953 0.554830 0.626953 0.560052 0.628906 0.562663 0.628906 0.563969 0.631836 0.567885 0.638672 0.567885 0.639648 0.566580 0.644531 0.566580 0.645508 0.565274 0.649414 0.565274 0.650391 0.563969 0.655273 0.563969 0.657227 0.561358 0.658203 0.561358 0.661133 0.558747 0.661133 0.550914 0.660156 0.549608 0.660156 0.545692 0.658203 0.541775 0.658203 0.537859 0.657227 0.536554 0.657227 0.531332
0 0.516602 0.305483 0.514648 0.308094 0.512695 0.308094 0.510742 0.310705 0.509766 0.310705 0.509766 0.312010 0.504883 0.318538 0.503906 0.318538 0.501953 0.321149 0.501953 0.322454 0.500000 0.326371 0.500000 0.342037 0.503906 0.347258 0.505859 0.347258 0.514648 0.353786 0.516602 0.353786 0.521484 0.357702 0.526367 0.357702 0.527344 0.356397 0.528320 0.356397 0.532227 0.351175 0.533203 0.351175 0.535156 0.348564 0.535156 0.347258 0.537109 0.343342 0.537109 0.340731 0.538086 0.339426 0.538086 0.332898 0.539062 0.331593 0.539062 0.325065 0.538086 0.323760 0.538086 0.322454 0.533203 0.315927 0.533203 0.314621 0.532227 0.313316 0.528320 0.313316 0.527344 0.312010 0.525391 0.312010 0.524414 0.310705 0.523438 0.310705 0.520508 0.306789 0.518555 0.306789 0.517578 0.305483
0 0.503906 0.360313 0.503906 0.361619 0.501953 0.364230 0.501953 0.365535 0.500977 0.366841 0.500000 0.366841 0.498047 0.369452 0.498047 0.379896 0.499023 0.381201 0.499023 0.383812 0.500000 0.385117 0.500977 0.389034 0.504883 0.394256 0.505859 0.394256 0.508789 0.396867 0.510742 0.396867 0.511719 0.398172 0.516602 0.398172 0.517578 0.399478 0.522461 0.399478 0.523438 0.398172 0.524414 0.398172 0.530273 0.390339 0.531250 0.390339 0.533203 0.387728 0.533203 0.385117 0.534180 0.383812 0.534180 0.382507 0.533203 0.381201 0.533203 0.378590 0.531250 0.374674 0.531250 0.372063 0.528320 0.368146 0.528320 0.366841 0.525391 0.360313 0.522461 0.360313 0.521484 0.359008 0.518555 0.359008 0.517578 0.357702 0.514648 0.357702 0.513672 0.356397 0.512695 0.356397 0.511719 0.357702 0.509766 0.357702 0.508789 0.359008 0.505859 0.359008 0.504883 0.360313
0 0.555664 0.345953 0.548828 0.345953 0.547852 0.347258 0.544922 0.347258 0.543945 0.348564 0.541992 0.348564 0.541016 0.349869 0.537109 0.349869 0.536133 0.351175 0.533203 0.352480 0.531250 0.355091 0.531250 0.356397 0.530273 0.357702 0.530273 0.359008 0.531250 0.360313 0.531250 0.364230 0.532227 0.365535 0.532227 0.366841 0.534180 0.369452 0.534180 0.372063 0.535156 0.373368 0.535156 0.374674 0.537109 0.377285 0.538086 0.381201 0.540039 0.383812 0.540039 0.385117 0.542969 0.389034 0.542969 0.390339 0.543945 0.390339 0.544922 0.391645 0.550781 0.391645 0.551758 0.390339 0.554688 0.389034 0.556641 0.386423 0.557617 0.386423 0.559570 0.383812 0.560547 0.383812 0.565430 0.377285 0.565430 0.375979 0.567383 0.373368 0.567383 0.365535 0.566406 0.364230 0.565430 0.360313 0.563477 0.357702 0.563477 0.356397 0.556641 0.348564 0.556641 0.347258
0 0.498047 0.398172 0.497070 0.399478 0.497070 0.400783 0.498047 0.402089 0.499023 0.400783 0.500977 0.400783 0.502930 0.403394 0.502930 0.404700 0.500977 0.407311 0.500000 0.407311 0.500000 0.408616 0.497070 0.412533 0.497070 0.420366 0.499023 0.424282 0.499023 0.430809 0.501953 0.436031 0.501953 0.437337 0.502930 0.438642 0.502930 0.441253 0.505859 0.445170 0.507812 0.445170 0.508789 0.446475 0.510742 0.446475 0.511719 0.447781 0.515625 0.447781 0.516602 0.449086 0.517578 0.447781 0.518555 0.447781 0.526367 0.437337 0.527344 0.433420 0.531250 0.428198 0.531250 0.426893 0.532227 0.425587 0.532227 0.420366 0.530273 0.416449 0.530273 0.413838 0.529297 0.412533 0.529297 0.411227 0.526367 0.407311 0.525391 0.407311 0.524414 0.406005 0.522461 0.406005 0.518555 0.402089 0.515625 0.402089 0.514648 0.400783 0.511719 0.400783 0.510742 0.399478 0.507812 0.399478 0.506836 0.398172
0 0.536133 0.454308 0.534180 0.454308 0.533203 0.453003 0.531250 0.453003 0.530273 0.451697 0.529297 0.451697 0.526367 0.449086 0.522461 0.449086 0.521484 0.450392 0.519531 0.450392 0.518555 0.451697 0.512695 0.451697 0.509766 0.455614 0.509766 0.460836 0.508789 0.462141 0.508789 0.464752 0.507812 0.466057 0.507812 0.467363 0.505859 0.471279 0.505859 0.472585 0.507812 0.476501 0.507812 0.479112 0.508789 0.480418 0.508789 0.481723 0.510742 0.484334 0.510742 0.485640 0.512695 0.488251 0.518555 0.488251 0.519531 0.486945 0.527344 0.486945 0.528320 0.485640 0.530273 0.485640 0.531250 0.484334 0.534180 0.484334 0.537109 0.480418 0.538086 0.476501 0.541016 0.472585 0.541016 0.469974 0.541992 0.468668 0.541992 0.466057 0.541016 0.464752 0.541016 0.463446 0.539062 0.460836 0.539062 0.459530 0.537109 0.456919 0.537109 0.455614
0 0.543945 0.466057 0.541992 0.469974 0.541992 0.472585 0.539062 0.476501 0.539062 0.477807 0.537109 0.480418 0.537109 0.481723 0.535156 0.485640 0.535156 0.489556 0.536133 0.490862 0.536133 0.492167 0.538086 0.494778 0.539062 0.494778 0.540039 0.496084 0.541992 0.496084 0.544922 0.498695 0.548828 0.498695 0.549805 0.500000 0.552734 0.500000 0.553711 0.498695 0.556641 0.498695 0.557617 0.497389 0.558594 0.497389 0.559570 0.496084 0.560547 0.496084 0.561523 0.494778 0.562500 0.494778 0.564453 0.492167 0.564453 0.490862 0.565430 0.489556 0.565430 0.486945 0.567383 0.484334 0.567383 0.483029 0.568359 0.481723 0.567383 0.480418 0.567383 0.479112 0.566406 0.479112 0.565430 0.480418 0.559570 0.480418 0.558594 0.479112 0.557617 0.479112 0.556641 0.477807 0.555664 0.477807 0.552734 0.473890 0.552734 0.472585 0.547852 0.466057
0 0.563477 0.396867 0.559570 0.396867 0.554688 0.392950 0.549805 0.392950 0.548828 0.394256 0.542969 0.394256 0.541016 0.396867 0.540039 0.396867 0.538086 0.399478 0.537109 0.399478 0.536133 0.400783 0.536133 0.402089 0.534180 0.404700 0.534180 0.415144 0.537109 0.421671 0.537109 0.424282 0.538086 0.425587 0.538086 0.426893 0.539062 0.428198 0.539062 0.429504 0.540039 0.430809 0.541016 0.434726 0.542969 0.437337 0.542969 0.438642 0.544922 0.442559 0.545898 0.441253 0.548828 0.441253 0.549805 0.439948 0.550781 0.439948 0.551758 0.438642 0.554688 0.437337 0.557617 0.433420 0.560547 0.432115 0.562500 0.429504 0.562500 0.428198 0.564453 0.424282 0.564453 0.420366 0.567383 0.413838 0.567383 0.406005 0.566406 0.404700 0.566406 0.403394 0.564453 0.400783
0 0.583008 0.443864 0.582031 0.443864 0.579102 0.439948 0.578125 0.439948 0.577148 0.438642 0.575195 0.438642 0.572266 0.436031 0.568359 0.436031 0.565430 0.433420 0.563477 0.433420 0.558594 0.437337 0.556641 0.437337 0.551758 0.443864 0.551758 0.445170 0.549805 0.449086 0.549805 0.451697 0.546875 0.455614 0.546875 0.462141 0.549805 0.466057 0.549805 0.467363 0.551758 0.469974 0.551758 0.471279 0.554688 0.475196 0.555664 0.475196 0.557617 0.477807 0.558594 0.477807 0.559570 0.479112 0.565430 0.479112 0.568359 0.476501 0.570312 0.476501 0.571289 0.475196 0.573242 0.475196 0.574219 0.473890 0.575195 0.473890 0.579102 0.468668 0.581055 0.468668 0.582031 0.467363 0.583008 0.467363 0.584961 0.463446 0.584961 0.458225 0.585938 0.456919 0.585938 0.455614 0.584961 0.454308 0.584961 0.451697 0.583984 0.450392 0.583984 0.445170
0 0.579102 0.395561 0.577148 0.398172 0.577148 0.400783 0.576172 0.402089 0.576172 0.403394 0.573242 0.407311 0.573242 0.408616 0.572266 0.409922 0.572266 0.412533 0.571289 0.413838 0.571289 0.420366 0.572266 0.421671 0.572266 0.426893 0.573242 0.428198 0.573242 0.430809 0.574219 0.432115 0.574219 0.433420 0.578125 0.438642 0.580078 0.438642 0.581055 0.439948 0.582031 0.439948 0.583008 0.441253 0.583984 0.441253 0.584961 0.442559 0.587891 0.443864 0.588867 0.442559 0.590820 0.442559 0.595703 0.436031 0.596680 0.432115 0.600586 0.426893 0.600586 0.425587 0.602539 0.422977 0.603516 0.422977 0.606445 0.419060 0.606445 0.417755 0.608398 0.413838 0.607422 0.412533 0.607422 0.409922 0.606445 0.409922 0.604492 0.407311 0.603516 0.407311 0.600586 0.403394 0.599609 0.403394 0.598633 0.402089 0.595703 0.400783 0.591797 0.395561 0.584961 0.395561 0.583984 0.396867 0.583008 0.396867 0.582031 0.395561
0 0.605469 0.424282 0.602539 0.426893 0.602539 0.428198 0.598633 0.433420 0.597656 0.437337 0.595703 0.439948 0.595703 0.443864 0.594727 0.445170 0.594727 0.446475 0.595703 0.447781 0.595703 0.451697 0.597656 0.455614 0.597656 0.458225 0.600586 0.462141 0.601562 0.462141 0.604492 0.466057 0.605469 0.466057 0.607422 0.468668 0.609375 0.468668 0.610352 0.469974 0.612305 0.469974 0.613281 0.468668 0.617188 0.468668 0.618164 0.467363 0.619141 0.467363 0.621094 0.464752 0.622070 0.464752 0.623047 0.463446 0.625977 0.462141 0.631836 0.454308 0.631836 0.446475 0.630859 0.445170 0.630859 0.443864 0.627930 0.439948 0.627930 0.438642 0.626953 0.437337 0.625977 0.433420 0.623047 0.429504 0.623047 0.428198 0.622070 0.426893 0.621094 0.426893 0.618164 0.424282
0 0.596680 0.467363 0.590820 0.467363 0.589844 0.468668 0.587891 0.468668 0.586914 0.469974 0.584961 0.469974 0.581055 0.475196 0.578125 0.476501 0.578125 0.477807 0.576172 0.480418 0.576172 0.483029 0.574219 0.486945 0.574219 0.489556 0.575195 0.490862 0.575195 0.492167 0.577148 0.494778 0.578125 0.494778 0.581055 0.498695 0.581055 0.500000 0.583008 0.502611 0.583984 0.502611 0.587891 0.507833 0.588867 0.507833 0.589844 0.509138 0.592773 0.509138 0.593750 0.507833 0.595703 0.507833 0.596680 0.506527 0.597656 0.506527 0.600586 0.503916 0.602539 0.503916 0.604492 0.501305 0.604492 0.500000 0.605469 0.498695 0.605469 0.489556 0.606445 0.488251 0.606445 0.479112 0.604492 0.475196 0.604492 0.472585 0.603516 0.472585 0.602539 0.471279 0.600586 0.471279 0.598633 0.468668 0.597656 0.468668
0 0.561523 0.502611 0.556641 0.509138 0.556641 0.510444 0.555664 0.511749 0.555664 0.518277 0.556641 0.519582 0.556641 0.524804 0.557617 0.526110 0.558594 0.530026 0.561523 0.533943 0.561523 0.535248 0.566406 0.541775 0.568359 0.541775 0.569336 0.543081 0.576172 0.543081 0.577148 0.541775 0.581055 0.541775 0.582031 0.540470 0.583008 0.540470 0.585938 0.536554 0.585938 0.535248 0.587891 0.532637 0.587891 0.531332 0.588867 0.530026 0.588867 0.524804 0.589844 0.523499 0.589844 0.515666 0.588867 0.514360 0.587891 0.510444 0.585938 0.507833 0.584961 0.507833 0.582031 0.503916 0.581055 0.503916 0.580078 0.502611 0.578125 0.502611 0.577148 0.501305 0.563477 0.501305 0.562500 0.502611
0 0.626953 0.489556 0.624023 0.489556 0.623047 0.488251 0.622070 0.488251 0.621094 0.489556 0.617188 0.489556 0.616211 0.490862 0.614258 0.490862 0.613281 0.489556 0.610352 0.489556 0.607422 0.492167 0.607422 0.494778 0.606445 0.496084 0.606445 0.501305 0.605469 0.502611 0.605469 0.507833 0.606445 0.509138 0.606445 0.523499 0.607422 0.524804 0.608398 0.528721 0.610352 0.531332 0.616211 0.531332 0.617188 0.530026 0.619141 0.530026 0.620117 0.528721 0.623047 0.527415 0.625000 0.524804 0.625977 0.524804 0.628906 0.520888 0.631836 0.519582 0.633789 0.516971 0.633789 0.502611 0.631836 0.498695 0.631836 0.496084 0.630859 0.494778 0.630859 0.493473 0.629883 0.493473
0 0.603516 0.345953 0.598633 0.345953 0.597656 0.344648 0.589844 0.344648 0.588867 0.345953 0.586914 0.345953 0.585938 0.347258 0.583984 0.347258 0.583008 0.348564 0.582031 0.348564 0.579102 0.352480 0.579102 0.355091 0.578125 0.356397 0.578125 0.359008 0.577148 0.360313 0.577148 0.365535 0.575195 0.369452 0.575195 0.374674 0.582031 0.383812 0.582031 0.385117 0.586914 0.391645 0.588867 0.391645 0.589844 0.392950 0.591797 0.392950 0.592773 0.391645 0.596680 0.391645 0.598633 0.389034 0.598633 0.387728 0.600586 0.385117 0.600586 0.383812 0.603516 0.379896 0.603516 0.378590 0.605469 0.375979 0.606445 0.372063 0.608398 0.369452 0.608398 0.368146 0.610352 0.364230 0.610352 0.355091 0.609375 0.353786 0.609375 0.352480 0.605469 0.347258 0.604492 0.347258
0 0.622070 0.373368 0.621094 0.374674 0.618164 0.375979 0.613281 0.381201 0.613281 0.382507 0.610352 0.386423 0.610352 0.387728 0.605469 0.394256 0.605469 0.396867 0.608398 0.403394 0.608398 0.406005 0.612305 0.411227 0.612305 0.412533 0.616211 0.417755 0.617188 0.417755 0.619141 0.420366 0.621094 0.420366 0.622070 0.421671 0.623047 0.421671 0.625000 0.419060 0.625977 0.419060 0.628906 0.415144 0.629883 0.415144 0.638672 0.403394 0.638672 0.402089 0.639648 0.400783 0.640625 0.400783 0.644531 0.395561 0.644531 0.394256 0.645508 0.392950 0.645508 0.387728 0.643555 0.385117 0.640625 0.383812 0.637695 0.379896 0.635742 0.379896 0.634766 0.378590 0.633789 0.378590 0.631836 0.375979 0.625000 0.375979 0.623047 0.373368
0 0.673828 0.361619 0.672852 0.361619 0.671875 0.360313 0.668945 0.359008 0.667969 0.360313 0.666016 0.360313 0.665039 0.361619 0.661133 0.361619 0.660156 0.362924 0.657227 0.362924 0.656250 0.364230 0.654297 0.364230 0.653320 0.365535 0.652344 0.365535 0.647461 0.370757 0.647461 0.372063 0.646484 0.373368 0.646484 0.378590 0.645508 0.379896 0.645508 0.385117 0.646484 0.386423 0.646484 0.390339 0.647461 0.391645 0.647461 0.392950 0.651367 0.398172 0.652344 0.398172 0.655273 0.400783 0.657227 0.400783 0.658203 0.402089 0.667969 0.402089 0.668945 0.400783 0.671875 0.400783 0.674805 0.398172 0.674805 0.394256 0.675781 0.392950 0.675781 0.366841 0.674805 0.365535 0.674805 0.362924
0 0.660156 0.407311 0.659180 0.407311 0.658203 0.406005 0.656250 0.406005 0.655273 0.404700 0.653320 0.404700 0.650391 0.407311 0.648438 0.407311 0.647461 0.408616 0.645508 0.408616 0.642578 0.412533 0.640625 0.412533 0.637695 0.416449 0.635742 0.413838 0.634766 0.413838 0.632812 0.416449 0.632812 0.417755 0.631836 0.419060 0.630859 0.419060 0.630859 0.421671 0.629883 0.422977 0.629883 0.425587 0.631836 0.429504 0.631836 0.438642 0.632812 0.439948 0.632812 0.445170 0.634766 0.449086 0.635742 0.449086 0.636719 0.450392 0.639648 0.450392 0.640625 0.451697 0.644531 0.451697 0.645508 0.453003 0.651367 0.453003 0.654297 0.450392 0.656250 0.450392 0.659180 0.446475 0.659180 0.445170 0.662109 0.441253 0.662109 0.439948 0.665039 0.433420 0.665039 0.416449
0 0.668945 0.429504 0.665039 0.434726 0.665039 0.437337 0.664062 0.438642 0.664062 0.441253 0.663086 0.442559 0.663086 0.453003 0.665039 0.455614 0.666016 0.455614 0.669922 0.460836 0.670898 0.460836 0.671875 0.462141 0.672852 0.462141 0.675781 0.464752 0.677734 0.464752 0.678711 0.466057 0.684570 0.466057 0.685547 0.464752 0.686523 0.464752 0.687500 0.463446 0.688477 0.463446 0.689453 0.462141 0.690430 0.462141 0.692383 0.459530 0.692383 0.455614 0.693359 0.454308 0.693359 0.438642 0.692383 0.437337 0.692383 0.434726 0.690430 0.432115 0.690430 0.430809 0.689453 0.429504 0.689453 0.428198 0.688477 0.426893 0.679688 0.426893 0.678711 0.428198 0.673828 0.428198 0.672852 0.429504
0 0.720703 0.402089 0.719727 0.403394 0.717773 0.403394 0.716797 0.404700 0.715820 0.404700 0.712891 0.408616 0.711914 0.408616 0.703125 0.420366 0.702148 0.420366 0.702148 0.421671 0.700195 0.425587 0.700195 0.428198 0.699219 0.429504 0.699219 0.432115 0.700195 0.433420 0.700195 0.436031 0.702148 0.438642 0.702148 0.439948 0.708984 0.449086 0.711914 0.450392 0.713867 0.453003 0.714844 0.453003 0.715820 0.454308 0.716797 0.454308 0.723633 0.445170 0.724609 0.445170 0.730469 0.437337 0.730469 0.436031 0.735352 0.429504 0.736328 0.429504 0.738281 0.426893 0.738281 0.424282 0.736328 0.421671 0.736328 0.420366 0.733398 0.416449 0.733398 0.415144 0.732422 0.415144 0.724609 0.403394 0.721680 0.403394
0 0.705078 0.463446 0.694336 0.463446 0.693359 0.464752 0.690430 0.464752 0.689453 0.466057 0.687500 0.466057 0.686523 0.467363 0.684570 0.467363 0.683594 0.468668 0.681641 0.468668 0.678711 0.472585 0.678711 0.475196 0.677734 0.476501 0.677734 0.480418 0.678711 0.481723 0.678711 0.488251 0.679688 0.489556 0.679688 0.490862 0.680664 0.492167 0.681641 0.492167 0.684570 0.496084 0.685547 0.496084 0.688477 0.500000 0.689453 0.500000 0.690430 0.501305 0.698242 0.501305 0.699219 0.500000 0.701172 0.500000 0.702148 0.498695 0.704102 0.498695 0.705078 0.497389 0.708008 0.496084 0.709961 0.493473 0.709961 0.486945 0.708984 0.485640 0.708984 0.479112 0.708008 0.477807 0.708008 0.468668 0.707031 0.467363 0.707031 0.466057
0 0.636719 0.453003 0.635742 0.454308 0.634766 0.454308 0.633789 0.455614 0.630859 0.456919 0.629883 0.458225 0.629883 0.459530 0.625977 0.464752 0.624023 0.464752 0.623047 0.466057 0.620117 0.467363 0.618164 0.471279 0.618164 0.473890 0.619141 0.475196 0.619141 0.477807 0.623047 0.483029 0.624023 0.483029 0.625977 0.485640 0.626953 0.485640 0.629883 0.489556 0.630859 0.489556 0.631836 0.490862 0.632812 0.490862 0.635742 0.493473 0.642578 0.493473 0.643555 0.492167 0.644531 0.492167 0.648438 0.486945 0.648438 0.484334 0.649414 0.483029 0.649414 0.480418 0.651367 0.476501 0.651367 0.473890 0.652344 0.472585 0.652344 0.469974 0.653320 0.468668 0.653320 0.460836 0.649414 0.455614 0.647461 0.455614 0.646484 0.454308 0.642578 0.454308 0.641602 0.453003
0 0.666992 0.477807 0.665039 0.477807 0.664062 0.479112 0.660156 0.479112 0.659180 0.480418 0.657227 0.480418 0.654297 0.484334 0.653320 0.484334 0.646484 0.493473 0.646484 0.500000 0.647461 0.501305 0.647461 0.502611 0.649414 0.506527 0.649414 0.509138 0.650391 0.510444 0.650391 0.511749 0.652344 0.514360 0.652344 0.515666 0.654297 0.518277 0.654297 0.520888 0.658203 0.526110 0.659180 0.524804 0.662109 0.524804 0.664062 0.522193 0.665039 0.522193 0.669922 0.515666 0.670898 0.515666 0.670898 0.514360 0.672852 0.511749 0.672852 0.509138 0.673828 0.507833 0.673828 0.506527 0.675781 0.502611 0.675781 0.500000 0.676758 0.498695 0.676758 0.496084 0.675781 0.494778 0.675781 0.492167 0.673828 0.489556 0.671875 0.481723 0.669922 0.479112 0.667969 0.479112
0 0.712891 0.500000 0.708008 0.500000 0.707031 0.501305 0.705078 0.501305 0.704102 0.502611 0.702148 0.502611 0.701172 0.503916 0.697266 0.503916 0.695312 0.506527 0.693359 0.506527 0.692383 0.507833 0.692383 0.510444 0.690430 0.514360 0.690430 0.520888 0.691406 0.522193 0.691406 0.526110 0.690430 0.527415 0.690430 0.530026 0.691406 0.531332 0.691406 0.535248 0.693359 0.537859 0.694336 0.537859 0.697266 0.540470 0.700195 0.540470 0.701172 0.541775 0.702148 0.541775 0.703125 0.540470 0.706055 0.540470 0.707031 0.539164 0.709961 0.537859 0.711914 0.535248 0.712891 0.535248 0.713867 0.533943 0.716797 0.532637 0.720703 0.527415 0.720703 0.524804 0.722656 0.520888 0.722656 0.516971 0.723633 0.515666 0.723633 0.514360 0.722656 0.513055 0.722656 0.511749 0.716797 0.503916 0.715820 0.503916
0 0.718750 0.497389 0.718750 0.498695 0.719727 0.500000 0.719727 0.502611 0.722656 0.506527 0.723633 0.506527 0.727539 0.511749 0.728516 0.511749 0.729492 0.513055 0.730469 0.513055 0.731445 0.514360 0.733398 0.514360 0.734375 0.515666 0.739258 0.515666 0.740234 0.514360 0.741211 0.514360 0.747070 0.506527 0.747070 0.505222 0.748047 0.503916 0.748047 0.500000 0.742188 0.500000 0.741211 0.498695 0.738281 0.498695 0.736328 0.496084 0.735352 0.496084 0.732422 0.492167 0.731445 0.492167 0.727539 0.486945 0.725586 0.486945 0.724609 0.485640 0.723633 0.485640 0.723633 0.486945 0.721680 0.489556 0.721680 0.490862 0.720703 0.492167 0.720703 0.493473 0.719727 0.494778 0.719727 0.496084
0 0.731445 0.462141 0.731445 0.463446 0.728516 0.467363 0.728516 0.468668 0.727539 0.469974 0.727539 0.472585 0.726562 0.473890 0.726562 0.480418 0.725586 0.481723 0.731445 0.489556 0.731445 0.490862 0.736328 0.496084 0.737305 0.496084 0.740234 0.498695 0.745117 0.498695 0.746094 0.500000 0.750977 0.500000 0.752930 0.497389 0.752930 0.496084 0.753906 0.494778 0.753906 0.493473 0.755859 0.489556 0.755859 0.486945 0.756836 0.485640 0.756836 0.475196 0.757812 0.473890 0.757812 0.460836 0.754883 0.456919 0.742188 0.456919 0.741211 0.458225 0.739258 0.458225 0.736328 0.460836 0.734375 0.460836 0.733398 0.462141
0 0.775391 0.453003 0.765625 0.453003 0.764648 0.454308 0.763672 0.454308 0.762695 0.455614 0.761719 0.455614 0.758789 0.459530 0.758789 0.472585 0.757812 0.473890 0.757812 0.483029 0.758789 0.484334 0.758789 0.485640 0.764648 0.493473 0.769531 0.493473 0.770508 0.492167 0.771484 0.492167 0.772461 0.490862 0.773438 0.490862 0.775391 0.488251 0.776367 0.488251 0.776367 0.486945 0.779297 0.483029 0.779297 0.481723 0.781250 0.479112 0.781250 0.477807 0.782227 0.476501 0.782227 0.466057 0.780273 0.462141 0.780273 0.458225 0.778320 0.454308 0.776367 0.454308
0 0.776367 0.497389 0.770508 0.497389 0.769531 0.498695 0.765625 0.498695 0.762695 0.496084 0.758789 0.496084 0.757812 0.497389 0.756836 0.497389 0.750000 0.506527 0.750000 0.507833 0.749023 0.509138 0.750000 0.510444 0.750000 0.520888 0.749023 0.522193 0.749023 0.530026 0.750000 0.530026 0.750977 0.531332 0.753906 0.532637 0.757812 0.537859 0.758789 0.537859 0.759766 0.539164 0.761719 0.539164 0.762695 0.540470 0.765625 0.540470 0.766602 0.539164 0.768555 0.539164 0.769531 0.537859 0.770508 0.537859 0.772461 0.535248 0.773438 0.535248 0.785156 0.519582 0.785156 0.513055 0.784180 0.511749 0.784180 0.510444 0.779297 0.503916 0.779297 0.502611 0.778320 0.501305 0.778320 0.498695 0.777344 0.498695
0 0.774414 0.540470 0.770508 0.540470 0.769531 0.541775 0.766602 0.541775 0.765625 0.543081 0.764648 0.543081 0.759766 0.549608 0.759766 0.550914 0.757812 0.554830 0.757812 0.565274 0.758789 0.566580 0.758789 0.570496 0.760742 0.573107 0.760742 0.574413 0.761719 0.575718 0.761719 0.579634 0.764648 0.583551 0.765625 0.583551 0.766602 0.584856 0.771484 0.584856 0.772461 0.583551 0.773438 0.583551 0.776367 0.579634 0.777344 0.579634 0.780273 0.577023 0.782227 0.577023 0.783203 0.575718 0.784180 0.575718 0.784180 0.574413 0.786133 0.571802 0.786133 0.569191 0.787109 0.567885 0.787109 0.558747 0.786133 0.557441 0.786133 0.554830 0.785156 0.553525 0.784180 0.549608 0.782227 0.546997 0.781250 0.546997 0.778320 0.543081 0.777344 0.543081
0 0.819336 0.520888 0.817383 0.518277 0.816406 0.518277 0.815430 0.516971 0.811523 0.516971 0.810547 0.518277 0.807617 0.518277 0.804688 0.520888 0.802734 0.520888 0.801758 0.522193 0.799805 0.522193 0.797852 0.524804 0.796875 0.524804 0.793945 0.528721 0.793945 0.530026 0.792969 0.531332 0.791992 0.535248 0.790039 0.537859 0.790039 0.545692 0.791016 0.546997 0.791016 0.548303 0.792969 0.550914 0.793945 0.550914 0.794922 0.552219 0.795898 0.550914 0.803711 0.550914 0.804688 0.552219 0.813477 0.552219 0.814453 0.550914 0.817383 0.550914 0.818359 0.549608 0.820312 0.549608 0.821289 0.548303 0.823242 0.548303 0.824219 0.546997 0.824219 0.537859 0.823242 0.536554 0.823242 0.533943 0.822266 0.532637 0.822266 0.530026 0.821289 0.528721 0.821289 0.526110 0.820312 0.524804
0 0.824219 0.561358 0.820312 0.556136 0.820312 0.553525 0.818359 0.550914 0.817383 0.550914 0.816406 0.552219 0.811523 0.552219 0.810547 0.553525 0.809570 0.553525 0.808594 0.552219 0.797852 0.552219 0.796875 0.553525 0.794922 0.553525 0.793945 0.554830 0.793945 0.557441 0.792969 0.558747 0.792969 0.562663 0.791992 0.563969 0.791992 0.567885 0.791016 0.569191 0.791016 0.571802 0.792969 0.574413 0.796875 0.574413 0.798828 0.577023 0.800781 0.577023 0.801758 0.578329 0.809570 0.578329 0.810547 0.579634 0.815430 0.579634 0.816406 0.578329 0.817383 0.578329 0.818359 0.577023 0.819336 0.577023 0.822266 0.574413 0.822266 0.571802 0.824219 0.567885
0 0.787109 0.578329 0.784180 0.578329 0.783203 0.577023 0.782227 0.578329 0.780273 0.578329 0.779297 0.579634 0.778320 0.579634 0.777344 0.580940 0.776367 0.580940 0.775391 0.582245 0.774414 0.582245 0.771484 0.586162 0.766602 0.586162 0.764648 0.588773 0.763672 0.588773 0.761719 0.591384 0.761719 0.596606 0.762695 0.597911 0.762695 0.603133 0.764648 0.605744 0.764648 0.607050 0.768555 0.612272 0.769531 0.612272 0.770508 0.613577 0.772461 0.613577 0.774414 0.616188 0.778320 0.616188 0.779297 0.614883 0.782227 0.614883 0.783203 0.613577 0.784180 0.613577 0.787109 0.609661 0.787109 0.608355 0.788086 0.607050 0.788086 0.603133 0.789062 0.601828 0.789062 0.599217 0.790039 0.597911 0.790039 0.593995 0.791016 0.592689 0.791016 0.590078 0.790039 0.588773 0.790039 0.582245
0 0.800781 0.583551 0.799805 0.584856 0.799805 0.586162 0.797852 0.588773 0.796875 0.588773 0.791992 0.595300 0.791992 0.596606 0.790039 0.600522 0.790039 0.608355 0.792969 0.612272 0.793945 0.612272 0.794922 0.613577 0.795898 0.613577 0.798828 0.616188 0.800781 0.616188 0.801758 0.617493 0.804688 0.617493 0.805664 0.618799 0.809570 0.618799 0.811523 0.616188 0.812500 0.616188 0.814453 0.613577 0.815430 0.613577 0.817383 0.609661 0.817383 0.605744 0.818359 0.604439 0.818359 0.597911 0.819336 0.596606 0.819336 0.595300 0.818359 0.593995 0.818359 0.590078 0.817383 0.588773 0.817383 0.587467 0.813477 0.582245 0.805664 0.582245 0.804688 0.583551
0 0.809570 0.624021 0.806641 0.621410 0.804688 0.621410 0.803711 0.620104 0.802734 0.620104 0.801758 0.618799 0.799805 0.618799 0.798828 0.617493 0.790039 0.617493 0.784180 0.622715 0.782227 0.622715 0.779297 0.620104 0.777344 0.620104 0.774414 0.622715 0.774414 0.625326 0.773438 0.626632 0.773438 0.627937 0.771484 0.631854 0.771484 0.638381 0.775391 0.644909 0.776367 0.644909 0.779297 0.647520 0.783203 0.647520 0.784180 0.648825 0.787109 0.648825 0.788086 0.650131 0.794922 0.650131 0.795898 0.648825 0.798828 0.647520 0.803711 0.642298 0.804688 0.638381 0.806641 0.635770 0.806641 0.634465 0.808594 0.631854 0.808594 0.630548 0.809570 0.629243
0 0.774414 0.650131 0.773438 0.651436 0.770508 0.651436 0.768555 0.654047 0.768555 0.656658 0.767578 0.657963 0.767578 0.660574 0.761719 0.668407 0.761719 0.672324 0.763672 0.674935 0.763672 0.676240 0.765625 0.678851 0.765625 0.680157 0.770508 0.686684 0.770508 0.687990 0.773438 0.691906 0.777344 0.691906 0.778320 0.690601 0.780273 0.690601 0.791016 0.676240 0.791992 0.676240 0.791992 0.671018 0.791016 0.669713 0.791016 0.668407 0.789062 0.665796 0.789062 0.663185 0.788086 0.661880 0.788086 0.659269 0.787109 0.657963 0.787109 0.656658 0.785156 0.654047 0.784180 0.654047 0.783203 0.652742 0.780273 0.652742 0.779297 0.654047 0.778320 0.652742 0.777344 0.652742
