0 0.331055 0.131510 0.331055 0.132812 0.329102 0.135417 0.329102 0.136719 0.328125 0.138021 0.328125 0.140625 0.327148 0.141927 0.327148 0.148438 0.328125 0.149740 0.328125 0.153646 0.329102 0.154948 0.329102 0.158854 0.332031 0.162760 0.332031 0.164062 0.333984 0.166667 0.337891 0.166667 0.340820 0.169271 0.342773 0.169271 0.344727 0.166667 0.346680 0.166667 0.348633 0.164062 0.354492 0.164062 0.355469 0.162760 0.357422 0.162760 0.358398 0.161458 0.359375 0.157552 0.358398 0.156250 0.358398 0.152344 0.357422 0.151042 0.357422 0.148438 0.356445 0.147135 0.356445 0.141927 0.355469 0.140625 0.355469 0.136719 0.354492 0.136719 0.351562 0.134115 0.348633 0.134115 0.347656 0.132812 0.343750 0.132812 0.342773 0.131510 0.339844 0.131510 0.338867 0.130208 0.334961 0.130208 0.333984 0.128906
0 0.325195 0.178385 0.324219 0.179688 0.324219 0.180990 0.322266 0.183594 0.322266 0.184896 0.321289 0.186198 0.321289 0.188802 0.320312 0.190104 0.320312 0.197917 0.319336 0.199219 0.319336 0.205729 0.320312 0.207031 0.320312 0.208333 0.322266 0.210938 0.323242 0.210938 0.324219 0.212240 0.334961 0.212240 0.335938 0.210938 0.348633 0.210938 0.348633 0.203125 0.347656 0.201823 0.347656 0.199219 0.346680 0.197917 0.346680 0.194010 0.345703 0.192708 0.345703 0.188802 0.344727 0.187500 0.344727 0.186198 0.341797 0.182292 0.340820 0.182292 0.337891 0.178385 0.335938 0.178385 0.334961 0.177083 0.327148 0.177083 0.326172 0.178385
0 0.345703 0.214844 0.333984 0.214844 0.333008 0.216146 0.332031 0.216146 0.331055 0.217448 0.330078 0.217448 0.326172 0.222656 0.326172 0.223958 0.325195 0.225260 0.325195 0.233073 0.324219 0.234375 0.324219 0.243490 0.326172 0.246094 0.327148 0.246094 0.328125 0.247396 0.329102 0.247396 0.331055 0.250000 0.332031 0.250000 0.333008 0.251302 0.337891 0.251302 0.339844 0.248698 0.339844 0.247396 0.342773 0.243490 0.343750 0.243490 0.344727 0.242188 0.345703 0.242188 0.348633 0.239583 0.348633 0.238281 0.349609 0.236979 0.349609 0.234375 0.350586 0.233073 0.350586 0.229167 0.351562 0.227865 0.351562 0.223958 0.350586 0.222656 0.350586 0.220052 0.348633 0.217448 0.347656 0.217448
0 0.355469 0.218750 0.352539 0.222656 0.352539 0.227865 0.351562 0.229167 0.351562 0.233073 0.349609 0.236979 0.350586 0.238281 0.350586 0.252604 0.351562 0.253906 0.358398 0.253906 0.359375 0.252604 0.374023 0.252604 0.375000 0.253906 0.376953 0.253906 0.376953 0.252604 0.377930 0.251302 0.377930 0.248698 0.378906 0.247396 0.378906 0.239583 0.377930 0.238281 0.377930 0.234375 0.376953 0.233073 0.376953 0.227865 0.377930 0.226562 0.376953 0.225260 0.375977 0.221354 0.375000 0.220052 0.374023 0.220052 0.373047 0.218750 0.371094 0.218750 0.370117 0.217448 0.357422 0.217448 0.356445 0.218750
0 0.368164 0.164062 0.362305 0.171875 0.361328 0.171875 0.360352 0.173177 0.360352 0.174479 0.359375 0.175781 0.359375 0.178385 0.358398 0.179688 0.359375 0.180990 0.359375 0.184896 0.360352 0.186198 0.360352 0.188802 0.361328 0.190104 0.361328 0.191406 0.362305 0.192708 0.362305 0.194010 0.365234 0.197917 0.366211 0.197917 0.369141 0.201823 0.371094 0.201823 0.372070 0.203125 0.374023 0.203125 0.375000 0.201823 0.376953 0.201823 0.377930 0.200521 0.379883 0.200521 0.380859 0.199219 0.381836 0.199219 0.387695 0.191406 0.388672 0.191406 0.389648 0.190104 0.389648 0.187500 0.388672 0.186198 0.388672 0.183594 0.386719 0.180990 0.386719 0.179688 0.381836 0.173177 0.380859 0.173177 0.379883 0.171875 0.377930 0.171875 0.372070 0.164062
0 0.409180 0.157552 0.405273 0.162760 0.405273 0.164062 0.399414 0.171875 0.399414 0.179688 0.400391 0.180990 0.400391 0.183594 0.401367 0.184896 0.401367 0.187500 0.402344 0.188802 0.407227 0.188802 0.408203 0.190104 0.414062 0.190104 0.415039 0.191406 0.417969 0.191406 0.418945 0.192708 0.424805 0.192708 0.425781 0.194010 0.426758 0.194010 0.427734 0.192708 0.427734 0.183594 0.425781 0.179688 0.425781 0.173177 0.424805 0.171875 0.424805 0.157552 0.421875 0.154948 0.413086 0.154948 0.412109 0.156250 0.411133 0.156250 0.410156 0.157552
0 0.402344 0.191406 0.401367 0.192708 0.401367 0.194010 0.396484 0.200521 0.396484 0.201823 0.394531 0.205729 0.394531 0.212240 0.395508 0.213542 0.395508 0.216146 0.396484 0.217448 0.396484 0.218750 0.397461 0.220052 0.398438 0.220052 0.401367 0.222656 0.403320 0.222656 0.404297 0.223958 0.408203 0.223958 0.409180 0.225260 0.410156 0.225260 0.411133 0.226562 0.412109 0.226562 0.415039 0.229167 0.416016 0.229167 0.416992 0.227865 0.419922 0.227865 0.420898 0.226562 0.421875 0.226562 0.425781 0.221354 0.425781 0.212240 0.426758 0.210938 0.426758 0.204427 0.423828 0.200521 0.423828 0.199219 0.420898 0.195312 0.419922 0.195312 0.418945 0.194010 0.416016 0.194010 0.413086 0.191406
0 0.410156 0.230469 0.407227 0.226562 0.406250 0.226562 0.405273 0.225260 0.402344 0.225260 0.399414 0.222656 0.392578 0.222656 0.391602 0.223958 0.386719 0.223958 0.385742 0.225260 0.382812 0.225260 0.381836 0.226562 0.380859 0.226562 0.380859 0.239583 0.381836 0.240885 0.381836 0.243490 0.380859 0.244792 0.380859 0.248698 0.379883 0.250000 0.379883 0.253906 0.380859 0.255208 0.384766 0.255208 0.385742 0.256510 0.387695 0.256510 0.388672 0.255208 0.390625 0.255208 0.393555 0.252604 0.396484 0.252604 0.397461 0.251302 0.404297 0.251302 0.405273 0.250000 0.408203 0.250000 0.409180 0.248698 0.409180 0.244792 0.411133 0.240885 0.411133 0.236979 0.410156 0.235677
0 0.408203 0.251302 0.402344 0.251302 0.401367 0.252604 0.395508 0.252604 0.394531 0.253906 0.392578 0.253906 0.388672 0.261719 0.388672 0.264323 0.387695 0.265625 0.387695 0.274740 0.388672 0.276042 0.388672 0.277344 0.394531 0.285156 0.395508 0.285156 0.396484 0.286458 0.397461 0.286458 0.398438 0.285156 0.411133 0.285156 0.412109 0.283854 0.412109 0.281250 0.413086 0.279948 0.413086 0.277344 0.416016 0.273438 0.416016 0.265625 0.415039 0.264323 0.415039 0.260417 0.414062 0.259115 0.414062 0.257812 0.411133 0.253906 0.410156 0.253906
0 0.417969 0.257812 0.417969 0.265625 0.418945 0.266927 0.418945 0.270833 0.419922 0.272135 0.419922 0.274740 0.420898 0.276042 0.420898 0.277344 0.421875 0.278646 0.421875 0.279948 0.422852 0.281250 0.426758 0.276042 0.427734 0.276042 0.429688 0.273438 0.430664 0.273438 0.431641 0.272135 0.432617 0.272135 0.433594 0.270833 0.441406 0.270833 0.442383 0.269531 0.442383 0.263021 0.441406 0.261719 0.441406 0.259115 0.440430 0.257812 0.440430 0.255208 0.439453 0.253906 0.439453 0.252604 0.419922 0.252604 0.419922 0.253906 0.418945 0.255208 0.418945 0.256510
0 0.425781 0.277344 0.423828 0.279948 0.423828 0.285156 0.424805 0.286458 0.424805 0.289062 0.425781 0.290365 0.425781 0.291667 0.427734 0.295573 0.427734 0.298177 0.430664 0.302083 0.432617 0.302083 0.433594 0.303385 0.435547 0.303385 0.436523 0.304688 0.438477 0.304688 0.439453 0.305990 0.440430 0.305990 0.443359 0.308594 0.445312 0.308594 0.446289 0.309896 0.447266 0.309896 0.447266 0.308594 0.452148 0.302083 0.453125 0.302083 0.454102 0.300781 0.454102 0.289062 0.453125 0.287760 0.453125 0.283854 0.452148 0.282552 0.452148 0.281250 0.451172 0.279948 0.451172 0.278646 0.447266 0.273438 0.446289 0.273438 0.443359 0.270833 0.434570 0.270833 0.433594 0.272135 0.431641 0.272135 0.430664 0.273438 0.429688 0.273438 0.426758 0.277344
0 0.440430 0.222656 0.437500 0.226562 0.437500 0.230469 0.438477 0.231771 0.438477 0.240885 0.439453 0.242188 0.439453 0.244792 0.440430 0.246094 0.440430 0.251302 0.441406 0.251302 0.443359 0.253906 0.444336 0.253906 0.447266 0.256510 0.453125 0.256510 0.454102 0.255208 0.456055 0.255208 0.457031 0.253906 0.458008 0.253906 0.458984 0.252604 0.459961 0.252604 0.460938 0.251302 0.460938 0.248698 0.461914 0.247396 0.461914 0.227865 0.460938 0.226562 0.460938 0.222656 0.458984 0.220052 0.446289 0.220052 0.445312 0.221354 0.443359 0.221354 0.442383 0.222656
0 0.433594 0.190104 0.431641 0.192708 0.431641 0.194010 0.430664 0.195312 0.430664 0.197917 0.429688 0.199219 0.429688 0.204427 0.428711 0.205729 0.428711 0.208333 0.429688 0.209635 0.429688 0.210938 0.432617 0.214844 0.433594 0.214844 0.434570 0.216146 0.435547 0.216146 0.436523 0.217448 0.437500 0.217448 0.438477 0.218750 0.441406 0.218750 0.442383 0.220052 0.443359 0.220052 0.444336 0.218750 0.449219 0.218750 0.450195 0.217448 0.452148 0.217448 0.454102 0.214844 0.454102 0.212240 0.455078 0.210938 0.455078 0.205729 0.456055 0.204427 0.456055 0.197917 0.455078 0.196615 0.455078 0.194010 0.449219 0.186198 0.448242 0.186198 0.447266 0.184896 0.439453 0.184896 0.438477 0.186198 0.437500 0.186198 0.434570 0.190104
0 0.464844 0.178385 0.463867 0.179688 0.461914 0.179688 0.460938 0.180990 0.458008 0.182292 0.456055 0.184896 0.456055 0.195312 0.457031 0.196615 0.457031 0.199219 0.458008 0.200521 0.458008 0.201823 0.458984 0.203125 0.458984 0.204427 0.459961 0.205729 0.459961 0.207031 0.460938 0.208333 0.460938 0.209635 0.461914 0.210938 0.461914 0.212240 0.462891 0.213542 0.463867 0.217448 0.465820 0.220052 0.465820 0.221354 0.466797 0.222656 0.466797 0.225260 0.469727 0.225260 0.470703 0.223958 0.473633 0.223958 0.474609 0.222656 0.475586 0.222656 0.478516 0.218750 0.479492 0.218750 0.480469 0.217448 0.480469 0.216146 0.483398 0.212240 0.484375 0.212240 0.485352 0.210938 0.485352 0.207031 0.486328 0.205729 0.486328 0.203125 0.485352 0.201823 0.485352 0.199219 0.480469 0.192708 0.479492 0.192708 0.478516 0.191406 0.478516 0.190104 0.477539 0.190104 0.474609 0.186198 0.474609 0.184896 0.471680 0.180990 0.471680 0.179688 0.470703 0.178385
0 0.469727 0.226562 0.468750 0.227865 0.467773 0.227865 0.465820 0.230469 0.464844 0.230469 0.464844 0.231771 0.462891 0.234375 0.462891 0.235677 0.461914 0.236979 0.461914 0.238281 0.462891 0.239583 0.462891 0.243490 0.464844 0.247396 0.464844 0.251302 0.465820 0.252604 0.465820 0.257812 0.466797 0.259115 0.467773 0.259115 0.470703 0.261719 0.474609 0.261719 0.475586 0.263021 0.476562 0.263021 0.478516 0.265625 0.479492 0.265625 0.480469 0.266927 0.482422 0.266927 0.483398 0.265625 0.486328 0.264323 0.489258 0.260417 0.489258 0.259115 0.490234 0.257812 0.490234 0.248698 0.491211 0.247396 0.491211 0.246094 0.490234 0.244792 0.490234 0.238281 0.489258 0.236979 0.489258 0.235677 0.488281 0.234375 0.487305 0.230469 0.486328 0.230469 0.482422 0.225260 0.481445 0.225260 0.480469 0.223958 0.476562 0.223958 0.475586 0.225260 0.472656 0.225260 0.471680 0.226562
0 0.500977 0.230469 0.500000 0.231771 0.499023 0.231771 0.498047 0.233073 0.497070 0.233073 0.496094 0.234375 0.493164 0.235677 0.491211 0.239583 0.491211 0.243490 0.492188 0.244792 0.492188 0.248698 0.491211 0.250000 0.491211 0.270833 0.492188 0.272135 0.492188 0.276042 0.493164 0.277344 0.493164 0.278646 0.496094 0.278646 0.497070 0.279948 0.498047 0.279948 0.499023 0.278646 0.502930 0.278646 0.503906 0.279948 0.511719 0.279948 0.512695 0.278646 0.514648 0.278646 0.515625 0.277344 0.516602 0.277344 0.519531 0.273438 0.519531 0.260417 0.520508 0.259115 0.520508 0.251302 0.519531 0.250000 0.519531 0.247396 0.516602 0.243490 0.516602 0.242188 0.514648 0.239583 0.513672 0.235677 0.512695 0.235677 0.507812 0.231771 0.505859 0.231771 0.504883 0.230469
0 0.529297 0.252604 0.527344 0.255208 0.526367 0.255208 0.525391 0.256510 0.524414 0.256510 0.523438 0.257812 0.522461 0.257812 0.520508 0.260417 0.520508 0.283854 0.521484 0.285156 0.521484 0.290365 0.522461 0.291667 0.522461 0.292969 0.523438 0.292969 0.524414 0.294271 0.527344 0.294271 0.528320 0.295573 0.531250 0.295573 0.532227 0.294271 0.534180 0.294271 0.535156 0.292969 0.537109 0.292969 0.538086 0.291667 0.538086 0.290365 0.539062 0.289062 0.539062 0.287760 0.541016 0.283854 0.541016 0.266927 0.540039 0.265625 0.540039 0.263021 0.538086 0.260417 0.538086 0.259115 0.535156 0.255208 0.534180 0.255208 0.532227 0.252604
0 0.566406 0.233073 0.565430 0.233073 0.564453 0.231771 0.563477 0.233073 0.560547 0.233073 0.559570 0.234375 0.552734 0.234375 0.548828 0.239583 0.548828 0.240885 0.545898 0.244792 0.544922 0.244792 0.543945 0.246094 0.543945 0.247396 0.542969 0.248698 0.542969 0.270833 0.543945 0.272135 0.543945 0.278646 0.547852 0.278646 0.548828 0.277344 0.557617 0.277344 0.558594 0.276042 0.564453 0.276042 0.566406 0.273438 0.566406 0.272135 0.567383 0.270833 0.567383 0.268229 0.568359 0.266927 0.568359 0.263021 0.569336 0.261719 0.569336 0.243490 0.570312 0.242188 0.570312 0.240885 0.569336 0.239583 0.568359 0.235677
0 0.555664 0.281250 0.545898 0.281250 0.544922 0.282552 0.543945 0.282552 0.541992 0.285156 0.541992 0.286458 0.541016 0.287760 0.541016 0.289062 0.540039 0.290365 0.540039 0.291667 0.538086 0.294271 0.537109 0.294271 0.535156 0.296875 0.535156 0.300781 0.536133 0.302083 0.536133 0.303385 0.539062 0.307292 0.539062 0.309896 0.541992 0.313802 0.541992 0.315104 0.543945 0.317708 0.549805 0.317708 0.550781 0.316406 0.551758 0.316406 0.552734 0.315104 0.553711 0.315104 0.554688 0.313802 0.555664 0.313802 0.556641 0.312500 0.557617 0.312500 0.558594 0.311198 0.559570 0.311198 0.560547 0.309896 0.561523 0.309896 0.563477 0.307292 0.564453 0.307292 0.566406 0.304688 0.566406 0.303385 0.568359 0.299479 0.568359 0.298177 0.566406 0.295573 0.566406 0.294271 0.565430 0.292969 0.565430 0.291667 0.564453 0.290365 0.564453 0.289062 0.560547 0.283854 0.559570 0.283854 0.558594 0.282552 0.556641 0.282552
0 0.469727 0.265625 0.464844 0.272135 0.464844 0.273438 0.462891 0.276042 0.462891 0.277344 0.461914 0.278646 0.461914 0.295573 0.462891 0.296875 0.462891 0.300781 0.463867 0.302083 0.463867 0.303385 0.465820 0.305990 0.465820 0.308594 0.466797 0.309896 0.468750 0.309896 0.469727 0.311198 0.475586 0.311198 0.476562 0.309896 0.477539 0.309896 0.478516 0.311198 0.481445 0.311198 0.484375 0.307292 0.485352 0.307292 0.490234 0.300781 0.490234 0.299479 0.492188 0.295573 0.492188 0.291667 0.491211 0.290365 0.491211 0.283854 0.490234 0.282552 0.490234 0.279948 0.489258 0.278646 0.489258 0.277344 0.486328 0.276042 0.484375 0.273438 0.482422 0.273438 0.481445 0.272135 0.480469 0.272135 0.479492 0.270833 0.478516 0.270833 0.477539 0.269531 0.476562 0.269531 0.473633 0.266927 0.471680 0.266927 0.470703 0.265625
0 0.492188 0.304688 0.490234 0.307292 0.490234 0.308594 0.489258 0.309896 0.489258 0.313802 0.488281 0.315104 0.488281 0.317708 0.486328 0.321615 0.486328 0.328125 0.494141 0.328125 0.495117 0.329427 0.497070 0.329427 0.500000 0.333333 0.500000 0.334635 0.502930 0.338542 0.503906 0.338542 0.504883 0.339844 0.505859 0.339844 0.508789 0.335938 0.508789 0.334635 0.510742 0.330729 0.510742 0.325521 0.511719 0.324219 0.511719 0.320312 0.512695 0.319010 0.512695 0.317708 0.514648 0.315104 0.514648 0.311198 0.515625 0.309896 0.514648 0.308594 0.513672 0.308594 0.512695 0.307292 0.511719 0.307292 0.508789 0.303385 0.499023 0.303385 0.498047 0.304688
0 0.520508 0.307292 0.515625 0.313802 0.515625 0.315104 0.513672 0.317708 0.513672 0.319010 0.512695 0.320312 0.512695 0.322917 0.511719 0.324219 0.511719 0.334635 0.512695 0.335938 0.512695 0.337240 0.515625 0.341146 0.516602 0.341146 0.521484 0.347656 0.522461 0.347656 0.524414 0.350260 0.526367 0.350260 0.527344 0.348958 0.528320 0.348958 0.530273 0.346354 0.531250 0.346354 0.532227 0.345052 0.533203 0.345052 0.536133 0.342448 0.536133 0.341146 0.538086 0.338542 0.538086 0.337240 0.540039 0.333333 0.540039 0.324219 0.539062 0.322917 0.539062 0.320312 0.535156 0.315104 0.534180 0.315104 0.533203 0.313802 0.532227 0.313802 0.531250 0.312500 0.530273 0.312500 0.526367 0.307292
0 0.458008 0.308594 0.457031 0.309896 0.457031 0.311198 0.450195 0.320312 0.450195 0.321615 0.449219 0.322917 0.449219 0.325521 0.448242 0.326823 0.448242 0.335938 0.449219 0.337240 0.449219 0.338542 0.450195 0.339844 0.450195 0.341146 0.455078 0.347656 0.457031 0.347656 0.458008 0.348958 0.464844 0.348958 0.465820 0.347656 0.467773 0.347656 0.468750 0.346354 0.469727 0.346354 0.473633 0.341146 0.473633 0.337240 0.474609 0.335938 0.474609 0.324219 0.473633 0.322917 0.473633 0.321615 0.469727 0.316406 0.468750 0.316406 0.467773 0.315104 0.466797 0.315104 0.463867 0.311198 0.463867 0.309896 0.462891 0.308594
0 0.425781 0.300781 0.424805 0.302083 0.423828 0.302083 0.420898 0.305990 0.420898 0.307292 0.418945 0.309896 0.418945 0.311198 0.417969 0.312500 0.417969 0.315104 0.416992 0.316406 0.416992 0.325521 0.420898 0.330729 0.420898 0.332031 0.421875 0.333333 0.422852 0.337240 0.423828 0.337240 0.426758 0.341146 0.427734 0.341146 0.430664 0.343750 0.432617 0.343750 0.435547 0.346354 0.437500 0.346354 0.438477 0.347656 0.440430 0.347656 0.442383 0.345052 0.442383 0.343750 0.444336 0.341146 0.444336 0.339844 0.446289 0.335938 0.446289 0.324219 0.447266 0.322917 0.447266 0.320312 0.446289 0.319010 0.446289 0.316406 0.445312 0.315104 0.445312 0.313802 0.440430 0.307292 0.439453 0.307292 0.438477 0.305990 0.435547 0.305990 0.434570 0.304688 0.433594 0.304688 0.432617 0.303385 0.431641 0.303385 0.428711 0.300781
0 0.396484 0.287760 0.395508 0.289062 0.395508 0.291667 0.394531 0.292969 0.394531 0.295573 0.393555 0.296875 0.393555 0.298177 0.391602 0.302083 0.391602 0.307292 0.392578 0.308594 0.392578 0.312500 0.393555 0.313802 0.393555 0.315104 0.394531 0.316406 0.394531 0.317708 0.395508 0.319010 0.395508 0.320312 0.398438 0.324219 0.399414 0.324219 0.400391 0.325521 0.401367 0.324219 0.413086 0.324219 0.414062 0.322917 0.415039 0.322917 0.416016 0.321615 0.416016 0.316406 0.416992 0.315104 0.416992 0.305990 0.415039 0.302083 0.415039 0.299479 0.414062 0.298177 0.414062 0.296875 0.412109 0.294271 0.412109 0.291667 0.411133 0.290365 0.411133 0.289062 0.410156 0.287760 0.408203 0.287760 0.407227 0.286458 0.402344 0.286458 0.401367 0.287760
0 0.351562 0.260417 0.351562 0.261719 0.350586 0.263021 0.350586 0.265625 0.349609 0.266927 0.349609 0.283854 0.353516 0.289062 0.354492 0.289062 0.355469 0.290365 0.360352 0.290365 0.361328 0.289062 0.363281 0.289062 0.364258 0.287760 0.374023 0.287760 0.375000 0.286458 0.377930 0.286458 0.377930 0.282552 0.378906 0.281250 0.378906 0.278646 0.381836 0.274740 0.381836 0.272135 0.380859 0.270833 0.380859 0.266927 0.378906 0.264323 0.378906 0.263021 0.376953 0.259115 0.374023 0.257812 0.372070 0.255208 0.371094 0.255208 0.370117 0.253906 0.360352 0.253906 0.357422 0.256510 0.355469 0.256510 0.354492 0.257812 0.353516 0.257812
0 0.336914 0.255208 0.335938 0.256510 0.334961 0.256510 0.333984 0.257812 0.333008 0.257812 0.332031 0.259115 0.331055 0.259115 0.331055 0.260417 0.329102 0.264323 0.329102 0.266927 0.328125 0.268229 0.329102 0.269531 0.329102 0.274740 0.328125 0.276042 0.328125 0.279948 0.327148 0.281250 0.327148 0.282552 0.329102 0.285156 0.331055 0.285156 0.333008 0.287760 0.333984 0.287760 0.335938 0.290365 0.336914 0.290365 0.339844 0.292969 0.345703 0.292969 0.345703 0.287760 0.347656 0.285156 0.347656 0.283854 0.348633 0.282552 0.348633 0.278646 0.349609 0.277344 0.349609 0.266927 0.350586 0.265625 0.350586 0.257812 0.348633 0.255208
0 0.290039 0.188802 0.287109 0.192708 0.287109 0.194010 0.286133 0.195312 0.286133 0.199219 0.287109 0.200521 0.287109 0.208333 0.286133 0.209635 0.286133 0.217448 0.285156 0.218750 0.285156 0.221354 0.286133 0.221354 0.290039 0.226562 0.291016 0.226562 0.291992 0.227865 0.292969 0.227865 0.293945 0.229167 0.296875 0.229167 0.297852 0.230469 0.298828 0.230469 0.299805 0.229167 0.301758 0.229167 0.302734 0.227865 0.302734 0.223958 0.303711 0.222656 0.303711 0.213542 0.302734 0.212240 0.302734 0.209635 0.303711 0.208333 0.303711 0.205729 0.304688 0.204427 0.304688 0.201823 0.305664 0.200521 0.301758 0.195312 0.300781 0.195312 0.299805 0.194010 0.297852 0.194010 0.296875 0.192708 0.295898 0.192708 0.294922 0.191406 0.293945 0.191406 0.292969 0.190104 0.291992 0.190104 0.291016 0.188802
0 0.278320 0.221354 0.273438 0.227865 0.273438 0.229167 0.272461 0.230469 0.272461 0.231771 0.270508 0.235677 0.270508 0.238281 0.269531 0.239583 0.269531 0.240885 0.268555 0.242188 0.268555 0.243490 0.266602 0.246094 0.266602 0.248698 0.265625 0.250000 0.265625 0.251302 0.266602 0.252604 0.270508 0.252604 0.271484 0.253906 0.272461 0.253906 0.273438 0.255208 0.274414 0.255208 0.276367 0.257812 0.277344 0.257812 0.279297 0.260417 0.284180 0.260417 0.286133 0.257812 0.286133 0.252604 0.290039 0.247396 0.290039 0.246094 0.291016 0.244792 0.291016 0.243490 0.292969 0.240885 0.292969 0.238281 0.293945 0.236979 0.292969 0.235677 0.292969 0.234375 0.291992 0.233073 0.291992 0.231771 0.291016 0.230469 0.291016 0.229167 0.287109 0.223958 0.286133 0.223958 0.283203 0.221354
0 0.300781 0.233073 0.295898 0.239583 0.295898 0.240885 0.292969 0.244792 0.292969 0.246094 0.291992 0.247396 0.291992 0.250000 0.292969 0.251302 0.292969 0.252604 0.291992 0.253906 0.291992 0.264323 0.292969 0.265625 0.292969 0.266927 0.294922 0.269531 0.295898 0.269531 0.296875 0.270833 0.299805 0.270833 0.300781 0.272135 0.304688 0.272135 0.305664 0.273438 0.306641 0.273438 0.307617 0.272135 0.312500 0.272135 0.313477 0.273438 0.317383 0.273438 0.319336 0.270833 0.320312 0.270833 0.322266 0.268229 0.323242 0.268229 0.323242 0.266927 0.324219 0.265625 0.325195 0.265625 0.327148 0.263021 0.327148 0.252604 0.326172 0.251302 0.326172 0.250000 0.323242 0.246094 0.322266 0.242188 0.315430 0.234375 0.314453 0.234375 0.313477 0.233073 0.311523 0.233073 0.310547 0.231771 0.302734 0.231771 0.301758 0.233073
0 0.267578 0.252604 0.265625 0.252604 0.264648 0.253906 0.261719 0.253906 0.260742 0.255208 0.258789 0.255208 0.257812 0.256510 0.254883 0.257812 0.253906 0.259115 0.253906 0.260417 0.251953 0.264323 0.251953 0.269531 0.250977 0.270833 0.250977 0.285156 0.251953 0.285156 0.252930 0.286458 0.253906 0.286458 0.254883 0.287760 0.255859 0.287760 0.256836 0.289062 0.257812 0.289062 0.258789 0.290365 0.259766 0.290365 0.262695 0.292969 0.268555 0.292969 0.269531 0.291667 0.272461 0.291667 0.273438 0.290365 0.274414 0.290365 0.280273 0.282552 0.280273 0.281250 0.282227 0.277344 0.282227 0.265625 0.281250 0.264323 0.281250 0.263021 0.280273 0.261719 0.279297 0.261719 0.276367 0.257812 0.275391 0.257812 0.274414 0.256510 0.273438 0.256510 0.270508 0.253906 0.268555 0.253906
0 0.309570 0.276042 0.308594 0.277344 0.307617 0.277344 0.305664 0.279948 0.304688 0.279948 0.303711 0.281250 0.300781 0.282552 0.295898 0.287760 0.295898 0.295573 0.294922 0.296875 0.294922 0.299479 0.295898 0.300781 0.295898 0.307292 0.296875 0.308594 0.296875 0.309896 0.300781 0.315104 0.301758 0.315104 0.305664 0.320312 0.316406 0.320312 0.318359 0.317708 0.319336 0.317708 0.320312 0.316406 0.323242 0.315104 0.323242 0.311198 0.322266 0.309896 0.322266 0.305990 0.323242 0.304688 0.323242 0.298177 0.324219 0.296875 0.325195 0.292969 0.324219 0.291667 0.323242 0.287760 0.321289 0.285156 0.321289 0.283854 0.317383 0.278646 0.316406 0.278646 0.313477 0.276042
0 0.255859 0.299479 0.252930 0.303385 0.252930 0.311198 0.253906 0.312500 0.253906 0.316406 0.254883 0.317708 0.254883 0.320312 0.258789 0.325521 0.258789 0.326823 0.259766 0.326823 0.260742 0.328125 0.263672 0.328125 0.265625 0.330729 0.266602 0.330729 0.267578 0.332031 0.271484 0.332031 0.271484 0.330729 0.272461 0.329427 0.272461 0.328125 0.276367 0.322917 0.277344 0.322917 0.278320 0.321615 0.279297 0.321615 0.281250 0.319010 0.281250 0.313802 0.282227 0.312500 0.282227 0.311198 0.283203 0.309896 0.284180 0.309896 0.284180 0.308594 0.283203 0.307292 0.283203 0.304688 0.279297 0.299479 0.279297 0.298177 0.276367 0.295573 0.266602 0.295573 0.265625 0.296875 0.262695 0.296875 0.261719 0.298177 0.258789 0.298177 0.257812 0.299479
0 0.239258 0.309896 0.238281 0.311198 0.238281 0.312500 0.236328 0.315104 0.236328 0.316406 0.235352 0.317708 0.235352 0.320312 0.234375 0.321615 0.234375 0.326823 0.235352 0.328125 0.235352 0.329427 0.236328 0.330729 0.237305 0.330729 0.239258 0.333333 0.241211 0.333333 0.242188 0.334635 0.243164 0.334635 0.244141 0.335938 0.246094 0.335938 0.248047 0.338542 0.251953 0.338542 0.252930 0.337240 0.253906 0.337240 0.254883 0.335938 0.257812 0.335938 0.258789 0.337240 0.260742 0.334635 0.259766 0.333333 0.259766 0.330729 0.256836 0.326823 0.256836 0.325521 0.254883 0.322917 0.254883 0.320312 0.252930 0.317708 0.252930 0.308594 0.251953 0.307292 0.250977 0.307292 0.250000 0.305990 0.244141 0.305990 0.243164 0.307292 0.242188 0.307292 0.240234 0.309896
0 0.270508 0.335938 0.269531 0.335938 0.268555 0.337240 0.265625 0.337240 0.264648 0.338542 0.263672 0.338542 0.262695 0.339844 0.261719 0.339844 0.255859 0.347656 0.255859 0.348958 0.254883 0.350260 0.254883 0.352865 0.253906 0.354167 0.253906 0.361979 0.254883 0.363281 0.254883 0.364583 0.255859 0.365885 0.255859 0.367188 0.262695 0.376302 0.262695 0.377604 0.263672 0.378906 0.266602 0.378906 0.267578 0.377604 0.270508 0.377604 0.271484 0.376302 0.272461 0.376302 0.272461 0.375000 0.275391 0.371094 0.275391 0.369792 0.278320 0.365885 0.279297 0.365885 0.280273 0.364583 0.281250 0.364583 0.283203 0.361979 0.284180 0.361979 0.284180 0.355469 0.282227 0.352865 0.282227 0.351562 0.279297 0.347656 0.279297 0.346354 0.274414 0.339844 0.274414 0.338542 0.273438 0.338542
0 0.281250 0.365885 0.277344 0.371094 0.277344 0.373698 0.276367 0.375000 0.276367 0.381510 0.277344 0.382812 0.277344 0.386719 0.282227 0.393229 0.282227 0.395833 0.283203 0.397135 0.283203 0.398438 0.287109 0.403646 0.289062 0.403646 0.290039 0.404948 0.291992 0.404948 0.292969 0.406250 0.296875 0.406250 0.297852 0.404948 0.302734 0.404948 0.303711 0.403646 0.304688 0.399740 0.306641 0.397135 0.305664 0.395833 0.305664 0.391927 0.304688 0.390625 0.304688 0.386719 0.303711 0.385417 0.303711 0.381510 0.302734 0.380208 0.302734 0.377604 0.301758 0.376302 0.301758 0.372396 0.300781 0.371094 0.301758 0.369792 0.301758 0.365885 0.300781 0.365885 0.299805 0.364583 0.297852 0.364583 0.296875 0.363281 0.295898 0.363281 0.294922 0.361979 0.292969 0.361979 0.291992 0.360677 0.290039 0.360677 0.289062 0.361979 0.287109 0.361979 0.286133 0.363281 0.285156 0.363281 0.283203 0.365885
0 0.311523 0.360677 0.308594 0.363281 0.306641 0.363281 0.305664 0.364583 0.304688 0.364583 0.302734 0.367188 0.302734 0.369792 0.301758 0.371094 0.301758 0.372396 0.302734 0.373698 0.302734 0.377604 0.303711 0.378906 0.303711 0.381510 0.304688 0.382812 0.304688 0.386719 0.305664 0.388021 0.305664 0.389323 0.306641 0.390625 0.306641 0.391927 0.307617 0.393229 0.307617 0.394531 0.310547 0.398438 0.311523 0.398438 0.312500 0.399740 0.317383 0.399740 0.318359 0.398438 0.320312 0.398438 0.322266 0.395833 0.323242 0.395833 0.325195 0.393229 0.325195 0.391927 0.326172 0.390625 0.326172 0.388021 0.327148 0.386719 0.327148 0.382812 0.328125 0.381510 0.328125 0.365885 0.327148 0.365885 0.326172 0.364583 0.325195 0.364583 0.324219 0.363281 0.323242 0.363281 0.320312 0.360677
0 0.306641 0.324219 0.299805 0.333333 0.299805 0.334635 0.298828 0.335938 0.298828 0.345052 0.299805 0.346354 0.299805 0.350260 0.300781 0.351562 0.300781 0.354167 0.301758 0.355469 0.301758 0.358073 0.303711 0.360677 0.305664 0.360677 0.306641 0.361979 0.307617 0.360677 0.310547 0.360677 0.311523 0.359375 0.319336 0.359375 0.320312 0.358073 0.322266 0.358073 0.323242 0.356771 0.323242 0.355469 0.328125 0.348958 0.328125 0.347656 0.329102 0.346354 0.329102 0.338542 0.328125 0.337240 0.328125 0.334635 0.327148 0.333333 0.327148 0.332031 0.323242 0.326823 0.322266 0.326823 0.321289 0.325521 0.317383 0.325521 0.316406 0.324219 0.312500 0.324219 0.311523 0.322917 0.308594 0.322917 0.307617 0.324219
0 0.343750 0.303385 0.338867 0.309896 0.337891 0.309896 0.335938 0.312500 0.334961 0.312500 0.333984 0.313802 0.333984 0.328125 0.334961 0.329427 0.334961 0.332031 0.335938 0.333333 0.335938 0.334635 0.337891 0.337240 0.338867 0.337240 0.342773 0.342448 0.349609 0.342448 0.350586 0.341146 0.352539 0.341146 0.357422 0.334635 0.359375 0.334635 0.362305 0.332031 0.362305 0.324219 0.361328 0.322917 0.361328 0.319010 0.360352 0.317708 0.360352 0.315104 0.359375 0.313802 0.359375 0.312500 0.357422 0.309896 0.357422 0.308594 0.354492 0.304688 0.353516 0.304688 0.352539 0.303385
0 0.365234 0.289062 0.364258 0.290365 0.361328 0.291667 0.357422 0.299479 0.357422 0.305990 0.358398 0.307292 0.358398 0.308594 0.362305 0.317708 0.362305 0.321615 0.363281 0.322917 0.363281 0.326823 0.364258 0.328125 0.365234 0.332031 0.368164 0.335938 0.371094 0.337240 0.375000 0.342448 0.380859 0.342448 0.381836 0.341146 0.382812 0.341146 0.384766 0.338542 0.385742 0.338542 0.386719 0.337240 0.386719 0.335938 0.391602 0.330729 0.391602 0.325521 0.392578 0.324219 0.392578 0.317708 0.391602 0.316406 0.391602 0.312500 0.390625 0.311198 0.390625 0.308594 0.383789 0.299479 0.382812 0.299479 0.379883 0.296875 0.377930 0.296875 0.376953 0.295573 0.375977 0.295573 0.373047 0.291667 0.372070 0.291667 0.369141 0.289062
0 0.361328 0.342448 0.358398 0.342448 0.357422 0.341146 0.354492 0.341146 0.353516 0.342448 0.350586 0.342448 0.349609 0.343750 0.343750 0.343750 0.342773 0.345052 0.339844 0.345052 0.338867 0.346354 0.335938 0.346354 0.334961 0.347656 0.334961 0.355469 0.335938 0.356771 0.335938 0.363281 0.336914 0.364583 0.336914 0.365885 0.338867 0.368490 0.338867 0.369792 0.344727 0.377604 0.345703 0.377604 0.348633 0.380208 0.353516 0.380208 0.354492 0.378906 0.355469 0.378906 0.356445 0.377604 0.357422 0.377604 0.360352 0.375000 0.362305 0.375000 0.363281 0.373698 0.364258 0.373698 0.364258 0.372396 0.366211 0.368490 0.366211 0.364583 0.365234 0.363281 0.365234 0.360677 0.364258 0.359375 0.364258 0.350260 0.363281 0.348958 0.363281 0.346354
0 0.389648 0.342448 0.383789 0.342448 0.382812 0.343750 0.375977 0.343750 0.375000 0.345052 0.373047 0.345052 0.370117 0.348958 0.370117 0.350260 0.369141 0.351562 0.369141 0.359375 0.368164 0.360677 0.368164 0.376302 0.371094 0.376302 0.372070 0.377604 0.388672 0.377604 0.389648 0.376302 0.392578 0.376302 0.392578 0.375000 0.394531 0.372396 0.394531 0.361979 0.393555 0.360677 0.393555 0.358073 0.392578 0.356771 0.392578 0.350260 0.391602 0.348958 0.391602 0.345052
0 0.399414 0.335938 0.395508 0.341146 0.395508 0.351562 0.396484 0.352865 0.396484 0.354167 0.398438 0.358073 0.398438 0.361979 0.399414 0.363281 0.399414 0.364583 0.402344 0.368490 0.407227 0.368490 0.408203 0.369792 0.412109 0.369792 0.413086 0.368490 0.415039 0.368490 0.421875 0.359375 0.421875 0.358073 0.422852 0.356771 0.422852 0.352865 0.421875 0.351562 0.421875 0.348958 0.420898 0.347656 0.420898 0.345052 0.419922 0.343750 0.419922 0.342448 0.415039 0.335938 0.414062 0.335938 0.411133 0.333333 0.403320 0.333333 0.402344 0.334635 0.401367 0.334635 0.400391 0.335938
0 0.265625 0.385417 0.264648 0.385417 0.263672 0.384115 0.261719 0.384115 0.260742 0.382812 0.257812 0.382812 0.256836 0.381510 0.253906 0.381510 0.252930 0.382812 0.250000 0.382812 0.249023 0.384115 0.247070 0.384115 0.245117 0.386719 0.244141 0.386719 0.243164 0.388021 0.242188 0.388021 0.241211 0.389323 0.241211 0.390625 0.240234 0.391927 0.240234 0.393229 0.241211 0.394531 0.241211 0.398438 0.242188 0.399740 0.242188 0.404948 0.243164 0.406250 0.243164 0.407552 0.247070 0.412760 0.248047 0.412760 0.250977 0.415365 0.252930 0.415365 0.253906 0.414062 0.254883 0.414062 0.257812 0.411458 0.259766 0.411458 0.260742 0.410156 0.262695 0.410156 0.263672 0.408854 0.265625 0.408854 0.266602 0.407552 0.267578 0.407552 0.267578 0.406250 0.268555 0.404948 0.268555 0.394531 0.267578 0.393229 0.267578 0.389323
0 0.250000 0.425781 0.247070 0.429688 0.247070 0.430990 0.244141 0.434896 0.244141 0.436198 0.243164 0.437500 0.243164 0.446615 0.245117 0.449219 0.245117 0.450521 0.250000 0.455729 0.252930 0.457031 0.256836 0.462240 0.257812 0.462240 0.258789 0.463542 0.263672 0.463542 0.264648 0.462240 0.268555 0.462240 0.270508 0.459635 0.271484 0.455729 0.272461 0.454427 0.274414 0.454427 0.275391 0.453125 0.275391 0.451823 0.277344 0.449219 0.277344 0.445312 0.279297 0.442708 0.279297 0.441406 0.280273 0.440104 0.280273 0.437500 0.279297 0.436198 0.279297 0.434896 0.277344 0.432292 0.277344 0.430990 0.275391 0.428385 0.273438 0.428385 0.268555 0.424479 0.265625 0.424479 0.264648 0.423177 0.256836 0.423177 0.255859 0.421875 0.254883 0.423177 0.253906 0.423177 0.251953 0.425781
0 0.247070 0.451823 0.245117 0.454427 0.245117 0.455729 0.244141 0.457031 0.244141 0.459635 0.242188 0.462240 0.242188 0.463542 0.241211 0.464844 0.241211 0.467448 0.240234 0.468750 0.240234 0.472656 0.241211 0.473958 0.244141 0.473958 0.245117 0.475260 0.246094 0.475260 0.247070 0.476562 0.255859 0.476562 0.257812 0.473958 0.257812 0.472656 0.259766 0.470052 0.259766 0.464844 0.257812 0.462240 0.256836 0.462240 0.254883 0.459635 0.253906 0.459635 0.249023 0.453125 0.248047 0.453125
0 0.258789 0.472656 0.258789 0.476562 0.257812 0.477865 0.257812 0.480469 0.258789 0.481771 0.258789 0.485677 0.259766 0.486979 0.260742 0.490885 0.262695 0.493490 0.262695 0.494792 0.263672 0.494792 0.266602 0.498698 0.267578 0.498698 0.268555 0.500000 0.270508 0.500000 0.271484 0.501302 0.272461 0.501302 0.274414 0.503906 0.286133 0.503906 0.287109 0.502604 0.290039 0.502604 0.291016 0.501302 0.292969 0.501302 0.294922 0.498698 0.294922 0.497396 0.295898 0.496094 0.296875 0.496094 0.296875 0.493490 0.297852 0.492188 0.297852 0.485677 0.296875 0.484375 0.296875 0.476562 0.295898 0.475260 0.295898 0.473958 0.293945 0.471354 0.291016 0.471354 0.290039 0.470052 0.289062 0.471354 0.269531 0.471354 0.268555 0.470052 0.260742 0.470052
0 0.294922 0.410156 0.293945 0.411458 0.291992 0.411458 0.289062 0.414062 0.287109 0.414062 0.284180 0.417969 0.284180 0.433594 0.285156 0.434896 0.285156 0.438802 0.290039 0.445312 0.291016 0.445312 0.293945 0.447917 0.299805 0.447917 0.300781 0.446615 0.301758 0.446615 0.304688 0.442708 0.305664 0.442708 0.307617 0.440104 0.308594 0.440104 0.309570 0.438802 0.310547 0.438802 0.310547 0.437500 0.311523 0.436198 0.311523 0.428385 0.310547 0.427083 0.310547 0.421875 0.309570 0.420573 0.309570 0.415365 0.307617 0.412760 0.304688 0.412760 0.303711 0.411458 0.300781 0.411458 0.299805 0.410156
0 0.309570 0.442708 0.308594 0.444010 0.306641 0.444010 0.305664 0.445312 0.304688 0.445312 0.301758 0.449219 0.300781 0.449219 0.300781 0.450521 0.298828 0.454427 0.298828 0.457031 0.297852 0.458333 0.297852 0.470052 0.299805 0.472656 0.299805 0.473958 0.305664 0.481771 0.315430 0.481771 0.316406 0.480469 0.317383 0.480469 0.321289 0.475260 0.321289 0.473958 0.323242 0.471354 0.323242 0.470052 0.325195 0.467448 0.325195 0.466146 0.326172 0.464844 0.326172 0.455729 0.323242 0.451823 0.323242 0.450521 0.321289 0.447917 0.320312 0.447917 0.318359 0.445312 0.316406 0.445312 0.314453 0.442708
0 0.340820 0.385417 0.334961 0.393229 0.334961 0.394531 0.333008 0.397135 0.333008 0.399740 0.332031 0.401042 0.332031 0.411458 0.333008 0.412760 0.333008 0.414062 0.333984 0.414062 0.334961 0.415365 0.336914 0.415365 0.337891 0.416667 0.340820 0.416667 0.341797 0.417969 0.342773 0.417969 0.345703 0.420573 0.347656 0.420573 0.348633 0.421875 0.350586 0.421875 0.351562 0.423177 0.358398 0.423177 0.361328 0.419271 0.361328 0.416667 0.362305 0.415365 0.362305 0.412760 0.364258 0.410156 0.364258 0.406250 0.363281 0.404948 0.363281 0.402344 0.361328 0.398438 0.361328 0.395833 0.360352 0.394531 0.360352 0.390625 0.359375 0.389323 0.359375 0.388021 0.358398 0.388021 0.357422 0.386719 0.343750 0.386719 0.342773 0.385417
0 0.367188 0.377604 0.364258 0.381510 0.364258 0.382812 0.363281 0.384115 0.363281 0.385417 0.361328 0.389323 0.361328 0.395833 0.362305 0.397135 0.362305 0.398438 0.364258 0.402344 0.364258 0.404948 0.365234 0.406250 0.365234 0.410156 0.366211 0.411458 0.366211 0.412760 0.367188 0.414062 0.368164 0.414062 0.371094 0.416667 0.379883 0.416667 0.380859 0.415365 0.382812 0.415365 0.383789 0.414062 0.384766 0.414062 0.386719 0.410156 0.386719 0.407552 0.388672 0.404948 0.389648 0.404948 0.390625 0.403646 0.390625 0.401042 0.391602 0.399740 0.391602 0.391927 0.390625 0.390625 0.390625 0.385417 0.389648 0.384115 0.389648 0.382812 0.386719 0.378906 0.384766 0.378906 0.383789 0.377604 0.382812 0.378906 0.372070 0.378906 0.371094 0.377604
0 0.330078 0.415365 0.329102 0.416667 0.328125 0.416667 0.321289 0.425781 0.321289 0.427083 0.320312 0.428385 0.320312 0.430990 0.319336 0.432292 0.319336 0.436198 0.320312 0.437500 0.320312 0.440104 0.321289 0.441406 0.321289 0.442708 0.322266 0.444010 0.322266 0.445312 0.324219 0.447917 0.325195 0.447917 0.328125 0.450521 0.330078 0.450521 0.333008 0.453125 0.334961 0.453125 0.335938 0.454427 0.338867 0.454427 0.339844 0.455729 0.340820 0.455729 0.346680 0.450521 0.346680 0.449219 0.347656 0.447917 0.347656 0.446615 0.348633 0.445312 0.348633 0.444010 0.350586 0.440104 0.350586 0.432292 0.349609 0.430990 0.349609 0.429688 0.348633 0.428385 0.348633 0.427083 0.346680 0.424479 0.345703 0.424479 0.341797 0.419271 0.339844 0.419271 0.338867 0.417969 0.336914 0.417969 0.335938 0.416667 0.333984 0.416667 0.333008 0.415365
0 0.360352 0.427083 0.359375 0.428385 0.358398 0.428385 0.355469 0.432292 0.355469 0.433594 0.354492 0.434896 0.354492 0.438802 0.353516 0.440104 0.353516 0.442708 0.352539 0.444010 0.352539 0.451823 0.353516 0.453125 0.353516 0.458333 0.352539 0.459635 0.354492 0.462240 0.355469 0.462240 0.356445 0.463542 0.361328 0.463542 0.362305 0.464844 0.369141 0.464844 0.370117 0.463542 0.371094 0.463542 0.373047 0.460938 0.373047 0.459635 0.374023 0.458333 0.374023 0.457031 0.375000 0.455729 0.375000 0.454427 0.376953 0.450521 0.376953 0.442708 0.375977 0.441406 0.375977 0.436198 0.375000 0.434896 0.375000 0.432292 0.374023 0.430990 0.373047 0.430990 0.370117 0.428385 0.368164 0.428385 0.367188 0.427083
0 0.379883 0.450521 0.378906 0.451823 0.377930 0.451823 0.375977 0.454427 0.375977 0.455729 0.375000 0.457031 0.375000 0.459635 0.374023 0.460938 0.374023 0.462240 0.372070 0.466146 0.372070 0.468750 0.371094 0.470052 0.371094 0.472656 0.369141 0.476562 0.369141 0.481771 0.368164 0.483073 0.368164 0.485677 0.370117 0.488281 0.372070 0.488281 0.373047 0.489583 0.375000 0.489583 0.375977 0.490885 0.377930 0.490885 0.378906 0.492188 0.383789 0.492188 0.384766 0.490885 0.388672 0.490885 0.389648 0.489583 0.391602 0.489583 0.394531 0.485677 0.394531 0.484375 0.396484 0.481771 0.396484 0.466146 0.395508 0.464844 0.395508 0.462240 0.394531 0.460938 0.394531 0.459635 0.393555 0.459635 0.391602 0.457031 0.390625 0.457031 0.388672 0.454427 0.387695 0.454427 0.384766 0.451823 0.382812 0.451823 0.381836 0.450521
0 0.398438 0.372396 0.394531 0.377604 0.394531 0.378906 0.392578 0.381510 0.392578 0.397135 0.393555 0.398438 0.393555 0.402344 0.394531 0.403646 0.394531 0.406250 0.395508 0.407552 0.395508 0.408854 0.398438 0.411458 0.414062 0.411458 0.415039 0.410156 0.417969 0.410156 0.422852 0.403646 0.422852 0.402344 0.423828 0.401042 0.423828 0.393229 0.422852 0.391927 0.422852 0.389323 0.421875 0.388021 0.421875 0.385417 0.419922 0.381510 0.419922 0.378906 0.418945 0.377604 0.418945 0.376302 0.416992 0.373698 0.416016 0.373698 0.415039 0.372396 0.411133 0.372396 0.410156 0.371094 0.400391 0.371094 0.399414 0.372396
0 0.406250 0.415365 0.404297 0.417969 0.404297 0.419271 0.401367 0.423177 0.401367 0.425781 0.402344 0.427083 0.402344 0.430990 0.403320 0.432292 0.403320 0.434896 0.404297 0.436198 0.404297 0.437500 0.405273 0.438802 0.405273 0.440104 0.406250 0.441406 0.406250 0.442708 0.409180 0.446615 0.410156 0.446615 0.411133 0.447917 0.417969 0.447917 0.418945 0.446615 0.420898 0.446615 0.427734 0.437500 0.428711 0.437500 0.428711 0.436198 0.429688 0.434896 0.429688 0.427083 0.428711 0.425781 0.428711 0.421875 0.427734 0.420573 0.427734 0.419271 0.426758 0.417969 0.426758 0.416667 0.425781 0.416667 0.424805 0.415365 0.422852 0.415365 0.421875 0.414062 0.408203 0.414062 0.407227 0.415365
0 0.420898 0.363281 0.420898 0.364583 0.419922 0.365885 0.419922 0.376302 0.420898 0.377604 0.420898 0.380208 0.425781 0.386719 0.427734 0.386719 0.428711 0.388021 0.433594 0.388021 0.434570 0.386719 0.436523 0.386719 0.437500 0.385417 0.445312 0.385417 0.446289 0.384115 0.447266 0.384115 0.447266 0.382812 0.448242 0.381510 0.448242 0.369792 0.449219 0.368490 0.449219 0.365885 0.446289 0.361979 0.445312 0.361979 0.443359 0.359375 0.442383 0.359375 0.441406 0.358073 0.439453 0.358073 0.438477 0.356771 0.431641 0.356771 0.430664 0.358073 0.428711 0.358073 0.427734 0.359375 0.425781 0.359375 0.424805 0.360677 0.423828 0.360677
0 0.434570 0.388021 0.434570 0.389323 0.433594 0.390625 0.433594 0.395833 0.432617 0.397135 0.432617 0.411458 0.433594 0.412760 0.433594 0.416667 0.434570 0.417969 0.434570 0.420573 0.435547 0.421875 0.435547 0.423177 0.437500 0.425781 0.439453 0.425781 0.440430 0.427083 0.442383 0.427083 0.443359 0.428385 0.450195 0.428385 0.451172 0.427083 0.457031 0.427083 0.458008 0.425781 0.458984 0.425781 0.458984 0.424479 0.461914 0.420573 0.461914 0.414062 0.460938 0.412760 0.460938 0.407552 0.459961 0.406250 0.459961 0.398438 0.458984 0.397135 0.458984 0.393229 0.458008 0.391927 0.457031 0.391927 0.456055 0.390625 0.455078 0.390625 0.454102 0.389323 0.453125 0.389323 0.450195 0.386719 0.436523 0.386719 0.435547 0.388021
0 0.455078 0.352865 0.454102 0.354167 0.454102 0.358073 0.453125 0.359375 0.453125 0.363281 0.452148 0.364583 0.452148 0.372396 0.453125 0.373698 0.453125 0.378906 0.454102 0.380208 0.454102 0.382812 0.456055 0.385417 0.457031 0.385417 0.458008 0.386719 0.460938 0.386719 0.461914 0.388021 0.464844 0.388021 0.465820 0.386719 0.469727 0.386719 0.470703 0.385417 0.473633 0.385417 0.475586 0.382812 0.475586 0.381510 0.476562 0.380208 0.476562 0.371094 0.477539 0.369792 0.477539 0.359375 0.476562 0.358073 0.476562 0.356771 0.474609 0.354167 0.473633 0.354167 0.472656 0.352865 0.470703 0.352865 0.469727 0.351562 0.460938 0.351562 0.459961 0.352865
0 0.481445 0.384115 0.480469 0.385417 0.479492 0.385417 0.478516 0.386719 0.477539 0.386719 0.474609 0.390625 0.473633 0.390625 0.471680 0.393229 0.471680 0.394531 0.469727 0.397135 0.469727 0.398438 0.467773 0.402344 0.467773 0.410156 0.472656 0.416667 0.472656 0.417969 0.477539 0.424479 0.479492 0.424479 0.480469 0.425781 0.483398 0.425781 0.484375 0.424479 0.486328 0.424479 0.488281 0.421875 0.489258 0.421875 0.491211 0.419271 0.492188 0.419271 0.494141 0.416667 0.494141 0.415365 0.495117 0.414062 0.495117 0.410156 0.496094 0.408854 0.496094 0.407552 0.495117 0.406250 0.495117 0.402344 0.494141 0.401042 0.494141 0.399740 0.492188 0.397135 0.492188 0.395833 0.489258 0.391927 0.488281 0.391927 0.485352 0.388021 0.485352 0.386719 0.484375 0.385417 0.483398 0.385417 0.482422 0.384115
0 0.435547 0.433594 0.431641 0.438802 0.431641 0.440104 0.430664 0.441406 0.430664 0.453125 0.431641 0.454427 0.431641 0.457031 0.433594 0.459635 0.434570 0.459635 0.436523 0.462240 0.438477 0.462240 0.440430 0.464844 0.441406 0.464844 0.444336 0.467448 0.449219 0.467448 0.457031 0.457031 0.457031 0.455729 0.458984 0.451823 0.458984 0.444010 0.457031 0.440104 0.457031 0.437500 0.455078 0.434896 0.455078 0.433594 0.454102 0.433594 0.453125 0.432292 0.451172 0.432292 0.450195 0.430990 0.441406 0.430990 0.440430 0.432292 0.438477 0.432292 0.437500 0.433594
0 0.399414 0.460938 0.397461 0.463542 0.397461 0.470052 0.398438 0.471354 0.398438 0.475260 0.399414 0.476562 0.399414 0.479167 0.400391 0.480469 0.400391 0.481771 0.401367 0.483073 0.401367 0.485677 0.402344 0.486979 0.402344 0.488281 0.404297 0.488281 0.405273 0.489583 0.409180 0.489583 0.410156 0.490885 0.416016 0.490885 0.417969 0.488281 0.417969 0.485677 0.420898 0.481771 0.420898 0.480469 0.422852 0.477865 0.422852 0.475260 0.423828 0.473958 0.423828 0.472656 0.424805 0.471354 0.424805 0.470052 0.423828 0.468750 0.423828 0.467448 0.422852 0.466146 0.422852 0.462240 0.420898 0.459635 0.405273 0.459635 0.404297 0.460938
0 0.433594 0.462240 0.432617 0.463542 0.430664 0.463542 0.425781 0.470052 0.425781 0.471354 0.424805 0.472656 0.423828 0.476562 0.421875 0.479167 0.421875 0.481771 0.419922 0.485677 0.419922 0.492188 0.421875 0.494792 0.422852 0.494792 0.424805 0.497396 0.424805 0.498698 0.425781 0.500000 0.426758 0.500000 0.428711 0.502604 0.429688 0.502604 0.430664 0.503906 0.431641 0.503906 0.434570 0.506510 0.436523 0.506510 0.437500 0.507812 0.440430 0.507812 0.444336 0.502604 0.445312 0.502604 0.449219 0.497396 0.449219 0.486979 0.447266 0.483073 0.447266 0.480469 0.446289 0.479167 0.446289 0.473958 0.445312 0.472656 0.444336 0.468750 0.443359 0.467448 0.442383 0.467448 0.441406 0.466146 0.440430 0.466146 0.439453 0.464844 0.438477 0.464844 0.435547 0.462240
0 0.474609 0.462240 0.473633 0.462240 0.472656 0.460938 0.471680 0.460938 0.470703 0.459635 0.469727 0.459635 0.466797 0.462240 0.463867 0.462240 0.460938 0.464844 0.458984 0.464844 0.458008 0.466146 0.457031 0.466146 0.455078 0.468750 0.454102 0.468750 0.453125 0.470052 0.452148 0.470052 0.451172 0.471354 0.450195 0.471354 0.448242 0.475260 0.448242 0.481771 0.450195 0.485677 0.450195 0.489583 0.453125 0.493490 0.460938 0.493490 0.461914 0.494792 0.467773 0.494792 0.468750 0.493490 0.468750 0.490885 0.469727 0.489583 0.469727 0.486979 0.471680 0.484375 0.472656 0.484375 0.473633 0.483073 0.475586 0.483073 0.476562 0.481771 0.477539 0.481771 0.477539 0.475260 0.476562 0.473958 0.476562 0.470052 0.475586 0.468750 0.475586 0.466146 0.474609 0.464844
0 0.479492 0.427083 0.477539 0.427083 0.476562 0.425781 0.469727 0.425781 0.468750 0.427083 0.464844 0.427083 0.460938 0.432292 0.460938 0.434896 0.459961 0.436198 0.459961 0.455729 0.460938 0.457031 0.460938 0.458333 0.461914 0.459635 0.476562 0.459635 0.477539 0.458333 0.477539 0.455729 0.478516 0.454427 0.478516 0.444010 0.479492 0.442708 0.479492 0.440104 0.480469 0.438802 0.480469 0.428385
0 0.333984 0.458333 0.333008 0.459635 0.332031 0.459635 0.332031 0.460938 0.328125 0.466146 0.328125 0.467448 0.326172 0.470052 0.326172 0.471354 0.324219 0.473958 0.324219 0.475260 0.322266 0.479167 0.322266 0.481771 0.323242 0.483073 0.323242 0.485677 0.327148 0.490885 0.328125 0.490885 0.331055 0.493490 0.333008 0.493490 0.333984 0.494792 0.335938 0.494792 0.336914 0.496094 0.341797 0.496094 0.342773 0.494792 0.344727 0.494792 0.345703 0.493490 0.346680 0.493490 0.348633 0.490885 0.349609 0.490885 0.350586 0.489583 0.350586 0.488281 0.352539 0.485677 0.352539 0.476562 0.351562 0.475260 0.351562 0.473958 0.350586 0.472656 0.350586 0.471354 0.348633 0.468750 0.348633 0.467448 0.345703 0.463542 0.344727 0.463542 0.341797 0.460938 0.339844 0.460938 0.338867 0.459635 0.334961 0.459635
0 0.322266 0.486979 0.320312 0.486979 0.319336 0.485677 0.308594 0.485677 0.300781 0.496094 0.300781 0.500000 0.299805 0.501302 0.299805 0.510417 0.300781 0.511719 0.300781 0.514323 0.301758 0.515625 0.301758 0.516927 0.302734 0.518229 0.302734 0.519531 0.303711 0.520833 0.303711 0.522135 0.304688 0.523438 0.304688 0.524740 0.306641 0.527344 0.307617 0.526042 0.309570 0.526042 0.312500 0.523438 0.314453 0.523438 0.317383 0.520833 0.319336 0.520833 0.320312 0.519531 0.321289 0.519531 0.322266 0.518229 0.323242 0.518229 0.324219 0.516927 0.325195 0.516927 0.327148 0.514323 0.327148 0.513021 0.328125 0.511719 0.328125 0.510417 0.331055 0.506510 0.331055 0.497396 0.327148 0.492188 0.326172 0.492188
0 0.296875 0.509115 0.294922 0.509115 0.293945 0.507812 0.279297 0.507812 0.278320 0.509115 0.271484 0.509115 0.268555 0.513021 0.268555 0.514323 0.267578 0.515625 0.266602 0.519531 0.264648 0.522135 0.264648 0.523438 0.263672 0.524740 0.263672 0.527344 0.262695 0.528646 0.262695 0.535156 0.261719 0.536458 0.261719 0.539062 0.262695 0.540365 0.262695 0.545573 0.263672 0.546875 0.263672 0.548177 0.264648 0.546875 0.268555 0.546875 0.269531 0.545573 0.271484 0.545573 0.272461 0.544271 0.290039 0.544271 0.291016 0.542969 0.293945 0.541667 0.299805 0.533854 0.300781 0.533854 0.300781 0.532552 0.302734 0.529948 0.302734 0.526042 0.301758 0.524740 0.301758 0.522135 0.299805 0.519531 0.299805 0.518229 0.297852 0.514323 0.297852 0.511719 0.296875 0.510417
0 0.234375 0.477865 0.231445 0.481771 0.231445 0.483073 0.229492 0.485677 0.229492 0.486979 0.228516 0.488281 0.228516 0.498698 0.227539 0.500000 0.227539 0.503906 0.228516 0.505208 0.228516 0.511719 0.230469 0.514323 0.237305 0.514323 0.238281 0.515625 0.240234 0.515625 0.243164 0.518229 0.251953 0.518229 0.252930 0.516927 0.254883 0.516927 0.254883 0.515625 0.257812 0.511719 0.258789 0.511719 0.258789 0.501302 0.257812 0.500000 0.257812 0.485677 0.256836 0.484375 0.256836 0.481771 0.255859 0.480469 0.255859 0.477865 0.249023 0.477865 0.248047 0.476562 0.246094 0.476562 0.245117 0.475260 0.239258 0.475260 0.238281 0.476562 0.236328 0.476562 0.235352 0.477865
0 0.240234 0.524740 0.238281 0.527344 0.238281 0.528646 0.237305 0.529948 0.237305 0.531250 0.235352 0.535156 0.235352 0.553385 0.237305 0.555990 0.248047 0.555990 0.249023 0.557292 0.257812 0.557292 0.259766 0.554688 0.259766 0.552083 0.261719 0.548177 0.261719 0.546875 0.260742 0.545573 0.260742 0.531250 0.261719 0.529948 0.261719 0.526042 0.259766 0.523438 0.253906 0.523438 0.252930 0.522135 0.244141 0.522135 0.243164 0.523438 0.242188 0.523438 0.241211 0.524740
0 0.274414 0.561198 0.271484 0.565104 0.271484 0.566406 0.270508 0.567708 0.270508 0.570312 0.267578 0.576823 0.267578 0.593750 0.269531 0.596354 0.270508 0.596354 0.273438 0.598958 0.275391 0.598958 0.276367 0.600260 0.279297 0.600260 0.280273 0.601562 0.289062 0.601562 0.290039 0.600260 0.291016 0.600260 0.294922 0.595052 0.294922 0.593750 0.295898 0.592448 0.295898 0.589844 0.299805 0.584635 0.301758 0.584635 0.301758 0.580729 0.300781 0.579427 0.300781 0.571615 0.299805 0.570312 0.299805 0.569010 0.296875 0.565104 0.296875 0.563802 0.294922 0.561198 0.293945 0.561198 0.291016 0.558594 0.282227 0.558594 0.281250 0.559896 0.277344 0.559896 0.276367 0.561198
0 0.265625 0.574219 0.263672 0.576823 0.262695 0.576823 0.262695 0.578125 0.259766 0.582031 0.259766 0.583333 0.258789 0.584635 0.258789 0.585938 0.256836 0.588542 0.256836 0.596354 0.257812 0.597656 0.257812 0.598958 0.259766 0.601562 0.259766 0.602865 0.260742 0.604167 0.261719 0.604167 0.263672 0.606771 0.264648 0.606771 0.265625 0.608073 0.273438 0.608073 0.274414 0.606771 0.275391 0.606771 0.275391 0.604167 0.276367 0.602865 0.276367 0.600260 0.274414 0.600260 0.273438 0.598958 0.271484 0.598958 0.267578 0.593750 0.267578 0.588542 0.266602 0.587240 0.266602 0.583333 0.267578 0.582031 0.267578 0.574219
0 0.303711 0.596354 0.302734 0.596354 0.301758 0.597656 0.300781 0.597656 0.297852 0.600260 0.292969 0.600260 0.291992 0.601562 0.290039 0.601562 0.289062 0.602865 0.287109 0.602865 0.286133 0.604167 0.285156 0.602865 0.279297 0.602865 0.276367 0.606771 0.276367 0.608073 0.275391 0.609375 0.275391 0.613281 0.276367 0.614583 0.276367 0.617188 0.277344 0.618490 0.277344 0.619792 0.279297 0.623698 0.279297 0.626302 0.280273 0.627604 0.281250 0.631510 0.282227 0.631510 0.285156 0.634115 0.291016 0.634115 0.291992 0.635417 0.295898 0.635417 0.296875 0.634115 0.298828 0.634115 0.300781 0.631510 0.301758 0.631510 0.304688 0.627604 0.304688 0.626302 0.301758 0.622396 0.301758 0.621094 0.300781 0.619792 0.300781 0.604167 0.303711 0.600260
0 0.272461 0.611979 0.264648 0.611979 0.263672 0.610677 0.262695 0.611979 0.261719 0.611979 0.260742 0.613281 0.259766 0.613281 0.256836 0.615885 0.254883 0.615885 0.253906 0.617188 0.252930 0.617188 0.250977 0.619792 0.250000 0.619792 0.249023 0.621094 0.248047 0.621094 0.245117 0.623698 0.245117 0.625000 0.244141 0.626302 0.244141 0.632812 0.245117 0.634115 0.245117 0.636719 0.247070 0.639323 0.247070 0.640625 0.251953 0.647135 0.252930 0.647135 0.253906 0.648438 0.257812 0.648438 0.258789 0.649740 0.266602 0.649740 0.267578 0.648438 0.269531 0.648438 0.270508 0.647135 0.273438 0.647135 0.274414 0.645833 0.276367 0.645833 0.277344 0.644531 0.278320 0.644531 0.281250 0.641927 0.280273 0.640625 0.280273 0.631510 0.279297 0.630208 0.279297 0.628906 0.278320 0.627604 0.278320 0.626302 0.277344 0.625000 0.277344 0.623698 0.276367 0.622396 0.276367 0.621094 0.275391 0.619792 0.275391 0.618490 0.274414 0.617188 0.274414 0.615885
0 0.270508 0.652344 0.268555 0.654948 0.268555 0.657552 0.266602 0.661458 0.266602 0.665365 0.265625 0.666667 0.265625 0.669271 0.266602 0.670573 0.266602 0.671875 0.270508 0.677083 0.270508 0.678385 0.273438 0.682292 0.274414 0.682292 0.275391 0.683594 0.276367 0.683594 0.277344 0.684896 0.278320 0.684896 0.281250 0.687500 0.283203 0.687500 0.284180 0.688802 0.287109 0.688802 0.288086 0.687500 0.289062 0.687500 0.290039 0.686198 0.291016 0.686198 0.291992 0.684896 0.291992 0.683594 0.294922 0.679688 0.294922 0.677083 0.295898 0.675781 0.295898 0.674479 0.293945 0.671875 0.292969 0.671875 0.290039 0.667969 0.290039 0.665365 0.289062 0.664062 0.289062 0.661458 0.288086 0.660156 0.288086 0.658854 0.287109 0.657552 0.285156 0.657552 0.284180 0.656250 0.283203 0.656250 0.282227 0.654948 0.281250 0.654948 0.279297 0.652344 0.276367 0.652344 0.275391 0.651042 0.273438 0.651042 0.272461 0.652344
0 0.292969 0.641927 0.292969 0.643229 0.291992 0.644531 0.291992 0.648438 0.291016 0.649740 0.291016 0.652344 0.290039 0.653646 0.290039 0.656250 0.289062 0.657552 0.289062 0.661458 0.290039 0.662760 0.290039 0.666667 0.291016 0.667969 0.291016 0.669271 0.291992 0.669271 0.293945 0.671875 0.294922 0.671875 0.295898 0.673177 0.302734 0.673177 0.303711 0.671875 0.309570 0.671875 0.310547 0.670573 0.313477 0.670573 0.314453 0.669271 0.316406 0.669271 0.316406 0.667969 0.317383 0.666667 0.317383 0.656250 0.316406 0.654948 0.316406 0.652344 0.314453 0.648438 0.314453 0.645833 0.312500 0.643229 0.312500 0.639323 0.311523 0.638021 0.310547 0.638021 0.309570 0.636719 0.307617 0.636719 0.306641 0.635417 0.301758 0.635417 0.300781 0.636719 0.298828 0.636719 0.297852 0.638021 0.296875 0.638021 0.295898 0.639323 0.294922 0.639323
0 0.336914 0.622396 0.332031 0.622396 0.331055 0.623698 0.322266 0.623698 0.321289 0.625000 0.320312 0.625000 0.315430 0.631510 0.315430 0.632812 0.313477 0.636719 0.313477 0.644531 0.314453 0.645833 0.315430 0.649740 0.317383 0.652344 0.317383 0.653646 0.318359 0.654948 0.318359 0.658854 0.319336 0.660156 0.319336 0.662760 0.320312 0.664062 0.326172 0.664062 0.327148 0.662760 0.330078 0.662760 0.331055 0.661458 0.333008 0.661458 0.333984 0.660156 0.334961 0.660156 0.336914 0.657552 0.337891 0.657552 0.338867 0.656250 0.339844 0.656250 0.342773 0.653646 0.342773 0.652344 0.343750 0.651042 0.343750 0.644531 0.344727 0.643229 0.344727 0.641927 0.343750 0.640625 0.343750 0.638021 0.342773 0.636719 0.342773 0.635417 0.339844 0.631510 0.339844 0.630208 0.338867 0.630208 0.335938 0.626302
0 0.340820 0.583333 0.337891 0.583333 0.336914 0.584635 0.333984 0.584635 0.333008 0.585938 0.331055 0.585938 0.330078 0.587240 0.327148 0.587240 0.326172 0.588542 0.325195 0.588542 0.324219 0.589844 0.323242 0.589844 0.322266 0.591146 0.321289 0.591146 0.321289 0.596354 0.320312 0.597656 0.320312 0.613281 0.321289 0.614583 0.321289 0.615885 0.323242 0.618490 0.323242 0.619792 0.325195 0.622396 0.327148 0.622396 0.328125 0.621094 0.330078 0.621094 0.331055 0.619792 0.332031 0.619792 0.333008 0.618490 0.333984 0.618490 0.334961 0.617188 0.335938 0.617188 0.336914 0.615885 0.337891 0.615885 0.340820 0.611979 0.340820 0.610677 0.342773 0.608073 0.343750 0.608073 0.346680 0.605469 0.346680 0.604167 0.348633 0.600260 0.348633 0.596354 0.347656 0.595052 0.347656 0.593750 0.344727 0.589844 0.344727 0.588542
0 0.323242 0.549479 0.317383 0.549479 0.314453 0.552083 0.312500 0.552083 0.311523 0.553385 0.309570 0.553385 0.305664 0.558594 0.305664 0.562500 0.304688 0.563802 0.304688 0.566406 0.303711 0.567708 0.303711 0.580729 0.304688 0.582031 0.304688 0.584635 0.306641 0.587240 0.307617 0.587240 0.308594 0.588542 0.308594 0.589844 0.310547 0.592448 0.314453 0.592448 0.315430 0.591146 0.316406 0.591146 0.319336 0.588542 0.321289 0.588542 0.322266 0.587240 0.324219 0.587240 0.325195 0.585938 0.326172 0.585938 0.327148 0.584635 0.328125 0.584635 0.330078 0.580729 0.330078 0.579427 0.328125 0.575521 0.328125 0.572917 0.327148 0.571615 0.327148 0.569010 0.326172 0.567708 0.326172 0.565104 0.325195 0.563802 0.325195 0.562500 0.323242 0.558594
0 0.358398 0.505208 0.354492 0.500000 0.348633 0.500000 0.347656 0.501302 0.346680 0.501302 0.345703 0.502604 0.344727 0.502604 0.343750 0.503906 0.342773 0.503906 0.341797 0.505208 0.340820 0.505208 0.339844 0.506510 0.338867 0.506510 0.337891 0.507812 0.336914 0.507812 0.335938 0.509115 0.333984 0.509115 0.332031 0.511719 0.331055 0.511719 0.331055 0.513021 0.329102 0.515625 0.329102 0.518229 0.330078 0.519531 0.330078 0.520833 0.333008 0.524740 0.333008 0.526042 0.335938 0.529948 0.337891 0.529948 0.338867 0.531250 0.342773 0.531250 0.343750 0.529948 0.345703 0.529948 0.353516 0.519531 0.354492 0.519531 0.357422 0.515625 0.358398 0.515625 0.359375 0.514323 0.360352 0.514323 0.361328 0.513021 0.361328 0.511719 0.359375 0.509115 0.359375 0.507812 0.358398 0.506510
0 0.358398 0.516927 0.357422 0.518229 0.356445 0.518229 0.353516 0.522135 0.352539 0.522135 0.345703 0.531250 0.345703 0.532552 0.341797 0.537760 0.341797 0.542969 0.345703 0.548177 0.345703 0.549479 0.349609 0.554688 0.350586 0.554688 0.352539 0.557292 0.357422 0.557292 0.358398 0.555990 0.370117 0.555990 0.374023 0.548177 0.374023 0.542969 0.375977 0.539062 0.375977 0.535156 0.375000 0.533854 0.375000 0.532552 0.374023 0.531250 0.374023 0.529948 0.372070 0.526042 0.372070 0.523438 0.370117 0.520833 0.368164 0.520833 0.365234 0.518229 0.362305 0.518229 0.361328 0.516927
0 0.381836 0.493490 0.380859 0.494792 0.378906 0.494792 0.377930 0.496094 0.376953 0.496094 0.373047 0.501302 0.373047 0.502604 0.372070 0.503906 0.372070 0.506510 0.371094 0.507812 0.372070 0.509115 0.372070 0.515625 0.373047 0.516927 0.373047 0.520833 0.374023 0.522135 0.374023 0.524740 0.376953 0.528646 0.377930 0.528646 0.380859 0.531250 0.389648 0.531250 0.390625 0.529948 0.392578 0.529948 0.395508 0.526042 0.396484 0.526042 0.396484 0.524740 0.397461 0.523438 0.397461 0.520833 0.398438 0.519531 0.398438 0.501302 0.394531 0.496094 0.393555 0.496094 0.391602 0.493490
0 0.405273 0.505208 0.403320 0.507812 0.403320 0.509115 0.401367 0.511719 0.401367 0.513021 0.400391 0.514323 0.400391 0.515625 0.399414 0.516927 0.399414 0.523438 0.400391 0.524740 0.400391 0.526042 0.401367 0.527344 0.401367 0.528646 0.402344 0.529948 0.403320 0.529948 0.404297 0.531250 0.410156 0.531250 0.411133 0.532552 0.422852 0.532552 0.425781 0.528646 0.425781 0.526042 0.426758 0.524740 0.426758 0.516927 0.424805 0.514323 0.424805 0.513021 0.423828 0.511719 0.423828 0.506510 0.422852 0.505208 0.422852 0.503906 0.420898 0.503906 0.419922 0.502604 0.408203 0.502604 0.406250 0.505208
0 0.395508 0.532552 0.392578 0.536458 0.391602 0.536458 0.389648 0.539062 0.389648 0.540365 0.387695 0.544271 0.387695 0.546875 0.386719 0.548177 0.386719 0.552083 0.387695 0.553385 0.387695 0.555990 0.388672 0.557292 0.388672 0.558594 0.389648 0.559896 0.389648 0.561198 0.391602 0.563802 0.391602 0.565104 0.393555 0.569010 0.405273 0.569010 0.406250 0.567708 0.408203 0.567708 0.409180 0.566406 0.410156 0.566406 0.413086 0.562500 0.413086 0.559896 0.414062 0.558594 0.414062 0.548177 0.412109 0.544271 0.412109 0.541667 0.410156 0.537760 0.410156 0.535156 0.407227 0.532552
0 0.427734 0.528646 0.425781 0.531250 0.424805 0.531250 0.423828 0.532552 0.423828 0.533854 0.422852 0.535156 0.422852 0.541667 0.421875 0.542969 0.421875 0.544271 0.422852 0.545573 0.422852 0.550781 0.423828 0.552083 0.423828 0.557292 0.424805 0.558594 0.424805 0.561198 0.426758 0.563802 0.428711 0.563802 0.429688 0.565104 0.433594 0.565104 0.434570 0.566406 0.439453 0.566406 0.440430 0.565104 0.441406 0.565104 0.445312 0.559896 0.445312 0.558594 0.447266 0.555990 0.447266 0.553385 0.448242 0.552083 0.448242 0.548177 0.447266 0.546875 0.447266 0.537760 0.446289 0.536458 0.446289 0.535156 0.445312 0.533854 0.445312 0.532552 0.443359 0.529948 0.443359 0.528646 0.442383 0.528646 0.441406 0.527344 0.430664 0.527344 0.429688 0.528646
0 0.466797 0.501302 0.464844 0.501302 0.463867 0.500000 0.459961 0.500000 0.458984 0.498698 0.456055 0.498698 0.455078 0.500000 0.450195 0.500000 0.448242 0.502604 0.447266 0.502604 0.444336 0.506510 0.443359 0.506510 0.441406 0.510417 0.441406 0.520833 0.442383 0.522135 0.442383 0.524740 0.444336 0.527344 0.444336 0.528646 0.446289 0.531250 0.447266 0.531250 0.448242 0.532552 0.452148 0.532552 0.453125 0.531250 0.455078 0.531250 0.456055 0.529948 0.463867 0.529948 0.464844 0.528646 0.464844 0.527344 0.466797 0.524740 0.467773 0.524740 0.468750 0.523438 0.469727 0.523438 0.473633 0.518229 0.473633 0.515625 0.472656 0.514323 0.472656 0.513021 0.470703 0.509115 0.470703 0.506510
0 0.467773 0.532552 0.464844 0.532552 0.463867 0.531250 0.456055 0.531250 0.455078 0.532552 0.453125 0.532552 0.450195 0.535156 0.450195 0.536458 0.449219 0.537760 0.449219 0.541667 0.450195 0.542969 0.450195 0.571615 0.452148 0.574219 0.459961 0.574219 0.460938 0.572917 0.463867 0.572917 0.464844 0.571615 0.466797 0.571615 0.470703 0.566406 0.473633 0.565104 0.476562 0.561198 0.476562 0.558594 0.477539 0.557292 0.477539 0.554688 0.478516 0.553385 0.477539 0.552083 0.477539 0.548177 0.475586 0.545573 0.475586 0.544271 0.473633 0.541667 0.472656 0.541667 0.471680 0.540365 0.470703 0.536458
0 0.421875 0.563802 0.420898 0.565104 0.417969 0.566406 0.416016 0.569010 0.416016 0.570312 0.414062 0.572917 0.414062 0.574219 0.413086 0.575521 0.413086 0.591146 0.414062 0.592448 0.414062 0.596354 0.416016 0.598958 0.416992 0.598958 0.417969 0.600260 0.419922 0.600260 0.420898 0.601562 0.422852 0.601562 0.423828 0.602865 0.425781 0.602865 0.426758 0.604167 0.431641 0.604167 0.432617 0.602865 0.433594 0.602865 0.434570 0.601562 0.434570 0.600260 0.442383 0.589844 0.442383 0.587240 0.443359 0.585938 0.443359 0.576823 0.442383 0.575521 0.442383 0.570312 0.441406 0.570312 0.440430 0.569010 0.436523 0.569010 0.435547 0.567708 0.432617 0.567708 0.431641 0.566406 0.429688 0.566406 0.426758 0.563802
0 0.458008 0.582031 0.457031 0.582031 0.454102 0.579427 0.452148 0.579427 0.451172 0.578125 0.450195 0.579427 0.449219 0.579427 0.448242 0.580729 0.447266 0.580729 0.447266 0.582031 0.445312 0.584635 0.445312 0.585938 0.444336 0.587240 0.444336 0.588542 0.443359 0.589844 0.443359 0.591146 0.442383 0.592448 0.442383 0.593750 0.440430 0.596354 0.440430 0.597656 0.437500 0.601562 0.436523 0.601562 0.435547 0.602865 0.435547 0.613281 0.436523 0.614583 0.436523 0.615885 0.438477 0.618490 0.439453 0.618490 0.440430 0.619792 0.443359 0.619792 0.444336 0.618490 0.445312 0.618490 0.446289 0.617188 0.447266 0.617188 0.448242 0.615885 0.449219 0.615885 0.451172 0.613281 0.452148 0.613281 0.454102 0.610677 0.455078 0.610677 0.457031 0.608073 0.458008 0.608073 0.458008 0.606771 0.462891 0.600260 0.462891 0.592448 0.461914 0.591146 0.461914 0.588542 0.459961 0.585938 0.459961 0.584635
0 0.400391 0.582031 0.397461 0.582031 0.396484 0.583333 0.396484 0.584635 0.394531 0.587240 0.393555 0.587240 0.392578 0.588542 0.390625 0.588542 0.389648 0.589844 0.388672 0.589844 0.387695 0.591146 0.386719 0.591146 0.385742 0.592448 0.384766 0.592448 0.382812 0.596354 0.382812 0.606771 0.383789 0.608073 0.383789 0.609375 0.384766 0.610677 0.384766 0.611979 0.390625 0.619792 0.391602 0.619792 0.392578 0.621094 0.393555 0.621094 0.396484 0.623698 0.397461 0.622396 0.402344 0.622396 0.403320 0.621094 0.404297 0.621094 0.406250 0.618490 0.406250 0.617188 0.408203 0.614583 0.408203 0.613281 0.409180 0.611979 0.409180 0.609375 0.410156 0.608073 0.410156 0.606771 0.412109 0.602865 0.412109 0.597656 0.411133 0.596354 0.411133 0.595052 0.409180 0.592448 0.409180 0.591146 0.405273 0.585938 0.404297 0.585938 0.402344 0.583333 0.401367 0.583333
0 0.345703 0.567708 0.345703 0.569010 0.344727 0.570312 0.344727 0.574219 0.343750 0.575521 0.343750 0.583333 0.344727 0.584635 0.344727 0.587240 0.350586 0.595052 0.351562 0.595052 0.352539 0.596354 0.356445 0.596354 0.357422 0.597656 0.361328 0.597656 0.362305 0.596354 0.369141 0.596354 0.370117 0.595052 0.372070 0.595052 0.374023 0.592448 0.374023 0.589844 0.375000 0.588542 0.375000 0.582031 0.374023 0.580729 0.374023 0.579427 0.375000 0.578125 0.375000 0.572917 0.374023 0.571615 0.374023 0.566406 0.373047 0.565104 0.373047 0.563802 0.371094 0.561198 0.370117 0.561198 0.369141 0.559896 0.367188 0.559896 0.366211 0.558594 0.362305 0.558594 0.361328 0.557292 0.360352 0.557292 0.359375 0.558594 0.356445 0.558594 0.355469 0.559896 0.353516 0.559896 0.352539 0.561198 0.351562 0.561198 0.349609 0.563802 0.348633 0.563802
0 0.374023 0.600260 0.368164 0.600260 0.367188 0.601562 0.357422 0.601562 0.356445 0.602865 0.355469 0.602865 0.355469 0.604167 0.353516 0.608073 0.353516 0.610677 0.352539 0.611979 0.352539 0.625000 0.353516 0.626302 0.353516 0.627604 0.357422 0.634115 0.358398 0.634115 0.363281 0.639323 0.365234 0.639323 0.366211 0.640625 0.369141 0.640625 0.371094 0.638021 0.372070 0.638021 0.372070 0.636719 0.374023 0.634115 0.375000 0.634115 0.375977 0.632812 0.378906 0.632812 0.379883 0.631510 0.381836 0.631510 0.382812 0.630208 0.383789 0.630208 0.385742 0.626302 0.385742 0.617188 0.384766 0.615885 0.383789 0.611979 0.376953 0.602865 0.375977 0.602865
0 0.374023 0.635417 0.373047 0.639323 0.370117 0.643229 0.370117 0.645833 0.369141 0.647135 0.370117 0.648438 0.370117 0.649740 0.373047 0.656250 0.373047 0.658854 0.374023 0.660156 0.374023 0.661458 0.377930 0.667969 0.378906 0.667969 0.379883 0.669271 0.381836 0.669271 0.382812 0.670573 0.386719 0.670573 0.387695 0.669271 0.390625 0.669271 0.391602 0.670573 0.392578 0.669271 0.395508 0.669271 0.396484 0.667969 0.399414 0.666667 0.401367 0.664062 0.401367 0.662760 0.404297 0.656250 0.404297 0.653646 0.406250 0.649740 0.406250 0.647135 0.405273 0.645833 0.405273 0.644531 0.404297 0.643229 0.403320 0.639323 0.401367 0.636719 0.401367 0.635417 0.400391 0.634115 0.399414 0.634115 0.396484 0.631510 0.383789 0.631510 0.382812 0.632812 0.379883 0.632812 0.378906 0.634115 0.375977 0.634115 0.375000 0.635417
0 0.324219 0.679688 0.322266 0.679688 0.321289 0.678385 0.320312 0.678385 0.318359 0.675781 0.317383 0.675781 0.314453 0.673177 0.311523 0.673177 0.310547 0.674479 0.306641 0.674479 0.305664 0.675781 0.304688 0.675781 0.301758 0.679688 0.301758 0.680990 0.298828 0.684896 0.298828 0.686198 0.297852 0.687500 0.297852 0.690104 0.295898 0.694010 0.295898 0.707031 0.296875 0.708333 0.296875 0.709635 0.303711 0.709635 0.304688 0.708333 0.313477 0.708333 0.314453 0.707031 0.319336 0.707031 0.319336 0.700521 0.320312 0.699219 0.320312 0.695312 0.321289 0.694010 0.321289 0.691406 0.322266 0.690104 0.322266 0.687500 0.323242 0.686198 0.323242 0.683594 0.324219 0.682292
0 0.340820 0.678385 0.334961 0.678385 0.333984 0.679688 0.332031 0.679688 0.331055 0.680990 0.328125 0.680990 0.327148 0.682292 0.326172 0.682292 0.324219 0.684896 0.324219 0.686198 0.322266 0.690104 0.322266 0.692708 0.321289 0.694010 0.321289 0.697917 0.320312 0.699219 0.320312 0.705729 0.321289 0.707031 0.321289 0.708333 0.323242 0.710938 0.323242 0.712240 0.325195 0.714844 0.325195 0.716146 0.327148 0.716146 0.328125 0.714844 0.336914 0.714844 0.337891 0.713542 0.338867 0.713542 0.341797 0.710938 0.344727 0.710938 0.345703 0.709635 0.347656 0.709635 0.350586 0.707031 0.350586 0.694010 0.349609 0.692708 0.349609 0.691406 0.347656 0.688802 0.347656 0.687500 0.345703 0.684896 0.345703 0.683594 0.343750 0.680990 0.342773 0.680990
0 0.362305 0.644531 0.355469 0.644531 0.354492 0.645833 0.353516 0.645833 0.351562 0.649740 0.348633 0.651042 0.343750 0.657552 0.343750 0.658854 0.342773 0.660156 0.342773 0.662760 0.341797 0.664062 0.341797 0.675781 0.346680 0.682292 0.353516 0.682292 0.354492 0.683594 0.356445 0.683594 0.357422 0.684896 0.358398 0.684896 0.359375 0.683594 0.363281 0.683594 0.364258 0.682292 0.365234 0.682292 0.367188 0.679688 0.370117 0.678385 0.373047 0.674479 0.373047 0.664062 0.372070 0.662760 0.372070 0.657552 0.371094 0.656250 0.370117 0.652344 0.366211 0.647135 0.365234 0.647135
0 0.384766 0.679688 0.381836 0.679688 0.380859 0.680990 0.377930 0.678385 0.372070 0.678385 0.371094 0.679688 0.370117 0.679688 0.368164 0.682292 0.367188 0.682292 0.365234 0.684896 0.363281 0.684896 0.362305 0.686198 0.360352 0.686198 0.357422 0.688802 0.357422 0.690104 0.356445 0.691406 0.356445 0.695312 0.359375 0.699219 0.359375 0.700521 0.360352 0.701823 0.360352 0.704427 0.361328 0.705729 0.361328 0.707031 0.367188 0.714844 0.368164 0.714844 0.369141 0.716146 0.371094 0.716146 0.372070 0.717448 0.373047 0.716146 0.374023 0.716146 0.375977 0.713542 0.376953 0.713542 0.377930 0.712240 0.378906 0.712240 0.384766 0.704427 0.384766 0.703125 0.385742 0.701823 0.385742 0.699219 0.389648 0.694010 0.389648 0.692708 0.388672 0.691406 0.388672 0.684896 0.387695 0.683594 0.386719 0.683594 0.384766 0.680990
0 0.360352 0.709635 0.349609 0.709635 0.346680 0.712240 0.344727 0.712240 0.343750 0.713542 0.342773 0.713542 0.340820 0.716146 0.335938 0.718750 0.332031 0.725260 0.332031 0.730469 0.333008 0.731771 0.333008 0.734375 0.333984 0.735677 0.333984 0.736979 0.333008 0.738281 0.333008 0.743490 0.333984 0.744792 0.333984 0.748698 0.334961 0.750000 0.334961 0.751302 0.337891 0.755208 0.339844 0.755208 0.342773 0.757812 0.349609 0.757812 0.350586 0.756510 0.352539 0.756510 0.354492 0.753906 0.355469 0.753906 0.357422 0.751302 0.358398 0.751302 0.362305 0.746094 0.362305 0.744792 0.364258 0.742188 0.364258 0.740885 0.366211 0.736979 0.366211 0.730469 0.367188 0.729167 0.367188 0.723958 0.368164 0.722656 0.368164 0.721354 0.367188 0.720052 0.367188 0.718750
0 0.320312 0.721354 0.319336 0.722656 0.318359 0.722656 0.317383 0.723958 0.317383 0.725260 0.316406 0.726562 0.316406 0.727865 0.315430 0.729167 0.315430 0.730469 0.312500 0.734375 0.312500 0.735677 0.311523 0.736979 0.311523 0.744792 0.312500 0.746094 0.312500 0.750000 0.313477 0.751302 0.313477 0.752604 0.315430 0.755208 0.315430 0.756510 0.317383 0.759115 0.318359 0.759115 0.319336 0.760417 0.320312 0.760417 0.321289 0.761719 0.323242 0.761719 0.324219 0.760417 0.326172 0.760417 0.327148 0.759115 0.328125 0.759115 0.329102 0.757812 0.330078 0.757812 0.331055 0.756510 0.332031 0.756510 0.334961 0.752604 0.334961 0.751302 0.333984 0.750000 0.333984 0.747396 0.333008 0.746094 0.333008 0.743490 0.332031 0.742188 0.333008 0.740885 0.333008 0.734375 0.331055 0.731771 0.331055 0.729167 0.330078 0.727865 0.330078 0.726562 0.328125 0.723958 0.327148 0.723958 0.325195 0.721354
0 0.320312 0.768229 0.320312 0.769531 0.321289 0.770833 0.321289 0.773438 0.324219 0.777344 0.324219 0.778646 0.325195 0.779948 0.325195 0.781250 0.333008 0.791667 0.337891 0.791667 0.338867 0.790365 0.341797 0.790365 0.342773 0.789062 0.345703 0.789062 0.347656 0.786458 0.348633 0.786458 0.350586 0.783854 0.350586 0.760417 0.349609 0.760417 0.348633 0.759115 0.342773 0.759115 0.341797 0.757812 0.338867 0.757812 0.337891 0.756510 0.333008 0.756510 0.332031 0.757812 0.331055 0.757812 0.329102 0.760417 0.328125 0.760417 0.327148 0.761719 0.326172 0.761719 0.323242 0.765625 0.322266 0.765625
0 0.379883 0.751302 0.378906 0.751302 0.377930 0.750000 0.372070 0.750000 0.371094 0.751302 0.367188 0.751302 0.366211 0.750000 0.364258 0.750000 0.363281 0.751302 0.361328 0.751302 0.360352 0.752604 0.357422 0.753906 0.355469 0.756510 0.354492 0.756510 0.353516 0.757812 0.353516 0.760417 0.352539 0.761719 0.352539 0.772135 0.351562 0.773438 0.351562 0.778646 0.352539 0.779948 0.352539 0.782552 0.353516 0.783854 0.353516 0.785156 0.355469 0.787760 0.356445 0.787760 0.357422 0.789062 0.360352 0.789062 0.361328 0.790365 0.362305 0.789062 0.369141 0.789062 0.370117 0.787760 0.374023 0.787760 0.375000 0.786458 0.376953 0.786458 0.377930 0.785156 0.377930 0.783854 0.378906 0.782552 0.378906 0.779948 0.379883 0.778646 0.379883 0.777344 0.381836 0.774740 0.381836 0.773438 0.382812 0.772135 0.382812 0.769531 0.383789 0.768229 0.383789 0.759115 0.382812 0.757812 0.381836 0.753906
0 0.327148 0.804688 0.327148 0.805990 0.325195 0.809896 0.326172 0.811198 0.326172 0.817708 0.327148 0.819010 0.327148 0.821615 0.328125 0.822917 0.328125 0.824219 0.329102 0.825521 0.329102 0.826823 0.332031 0.830729 0.332031 0.832031 0.333008 0.832031 0.333984 0.833333 0.334961 0.832031 0.347656 0.832031 0.348633 0.830729 0.349609 0.830729 0.350586 0.829427 0.351562 0.829427 0.355469 0.824219 0.355469 0.822917 0.357422 0.819010 0.357422 0.813802 0.355469 0.809896 0.355469 0.807292 0.353516 0.804688 0.353516 0.803385 0.350586 0.799479 0.349609 0.799479 0.348633 0.798177 0.339844 0.798177 0.338867 0.796875 0.334961 0.796875 0.333984 0.798177 0.333008 0.798177 0.331055 0.800781 0.330078 0.800781
0 0.383789 0.790365 0.382812 0.790365 0.380859 0.787760 0.379883 0.787760 0.378906 0.789062 0.370117 0.789062 0.369141 0.790365 0.365234 0.790365 0.364258 0.791667 0.362305 0.791667 0.359375 0.795573 0.359375 0.796875 0.358398 0.798177 0.358398 0.802083 0.357422 0.803385 0.357422 0.805990 0.358398 0.807292 0.358398 0.811198 0.359375 0.812500 0.359375 0.813802 0.360352 0.815104 0.360352 0.816406 0.362305 0.819010 0.362305 0.820312 0.364258 0.822917 0.365234 0.822917 0.368164 0.825521 0.379883 0.825521 0.382812 0.821615 0.382812 0.819010 0.383789 0.817708 0.383789 0.813802 0.384766 0.812500 0.384766 0.808594 0.385742 0.807292 0.385742 0.800781 0.386719 0.799479 0.386719 0.798177 0.385742 0.796875 0.385742 0.792969
0 0.387695 0.796875 0.387695 0.799479 0.386719 0.800781 0.386719 0.807292 0.385742 0.808594 0.385742 0.817708 0.384766 0.819010 0.385742 0.820312 0.385742 0.826823 0.386719 0.828125 0.386719 0.829427 0.389648 0.833333 0.393555 0.833333 0.394531 0.834635 0.397461 0.834635 0.398438 0.833333 0.402344 0.833333 0.403320 0.832031 0.405273 0.832031 0.406250 0.830729 0.407227 0.830729 0.408203 0.829427 0.408203 0.826823 0.409180 0.825521 0.409180 0.816406 0.410156 0.815104 0.410156 0.808594 0.409180 0.807292 0.409180 0.803385 0.410156 0.802083 0.410156 0.800781 0.411133 0.799479 0.411133 0.798177 0.408203 0.795573 0.389648 0.795573 0.388672 0.796875
0 0.360352 0.825521 0.359375 0.826823 0.359375 0.828125 0.357422 0.830729 0.357422 0.835938 0.356445 0.837240 0.356445 0.841146 0.355469 0.842448 0.355469 0.843750 0.354492 0.845052 0.354492 0.847656 0.353516 0.848958 0.353516 0.854167 0.354492 0.855469 0.354492 0.856771 0.356445 0.856771 0.357422 0.858073 0.361328 0.858073 0.362305 0.859375 0.363281 0.859375 0.366211 0.861979 0.371094 0.861979 0.372070 0.863281 0.378906 0.863281 0.379883 0.861979 0.380859 0.861979 0.380859 0.859375 0.381836 0.858073 0.381836 0.855469 0.382812 0.854167 0.382812 0.852865 0.383789 0.851562 0.383789 0.848958 0.384766 0.847656 0.384766 0.835938 0.380859 0.830729 0.378906 0.830729 0.377930 0.829427 0.372070 0.829427 0.371094 0.828125 0.368164 0.828125 0.367188 0.826823 0.365234 0.826823 0.364258 0.825521
0 0.411133 0.837240 0.409180 0.837240 0.408203 0.835938 0.400391 0.835938 0.399414 0.837240 0.393555 0.837240 0.392578 0.838542 0.391602 0.838542 0.387695 0.843750 0.387695 0.845052 0.385742 0.848958 0.385742 0.851562 0.384766 0.852865 0.384766 0.855469 0.382812 0.859375 0.382812 0.863281 0.383789 0.864583 0.384766 0.868490 0.386719 0.871094 0.386719 0.872396 0.389648 0.876302 0.390625 0.876302 0.393555 0.878906 0.396484 0.878906 0.397461 0.877604 0.399414 0.877604 0.401367 0.875000 0.402344 0.875000 0.405273 0.871094 0.405273 0.869792 0.412109 0.860677 0.412109 0.859375 0.413086 0.858073 0.413086 0.854167 0.414062 0.852865 0.414062 0.847656 0.415039 0.846354 0.415039 0.845052 0.414062 0.843750 0.414062 0.839844 0.413086 0.839844
0 0.419922 0.847656 0.418945 0.848958 0.418945 0.850260 0.417969 0.851562 0.417969 0.852865 0.416992 0.854167 0.416992 0.856771 0.416016 0.858073 0.416016 0.860677 0.415039 0.861979 0.415039 0.864583 0.414062 0.865885 0.414062 0.873698 0.415039 0.875000 0.415039 0.876302 0.416016 0.877604 0.416016 0.878906 0.419922 0.884115 0.426758 0.884115 0.427734 0.882812 0.430664 0.882812 0.431641 0.881510 0.433594 0.881510 0.434570 0.880208 0.435547 0.880208 0.436523 0.878906 0.437500 0.878906 0.438477 0.877604 0.439453 0.877604 0.439453 0.871094 0.436523 0.867188 0.436523 0.865885 0.435547 0.864583 0.435547 0.863281 0.433594 0.860677 0.433594 0.856771 0.432617 0.855469 0.432617 0.854167 0.431641 0.852865 0.430664 0.852865 0.429688 0.851562 0.428711 0.851562 0.427734 0.850260 0.423828 0.850260 0.422852 0.848958 0.421875 0.848958 0.420898 0.847656
0 0.418945 0.884115 0.416992 0.884115 0.416016 0.882812 0.415039 0.882812 0.414062 0.884115 0.413086 0.884115 0.412109 0.885417 0.411133 0.885417 0.408203 0.889323 0.407227 0.889323 0.406250 0.890625 0.404297 0.890625 0.400391 0.895833 0.400391 0.898438 0.399414 0.899740 0.399414 0.906250 0.400391 0.907552 0.400391 0.915365 0.401367 0.916667 0.401367 0.919271 0.402344 0.920573 0.402344 0.921875 0.404297 0.924479 0.405273 0.924479 0.406250 0.925781 0.410156 0.925781 0.418945 0.914062 0.419922 0.914062 0.423828 0.908854 0.424805 0.908854 0.425781 0.907552 0.425781 0.906250 0.427734 0.903646 0.427734 0.895833 0.426758 0.894531 0.426758 0.893229 0.423828 0.889323 0.423828 0.888021 0.422852 0.888021 0.421875 0.886719 0.420898 0.886719
0 0.439453 0.880208 0.437500 0.882812 0.436523 0.882812 0.434570 0.885417 0.433594 0.885417 0.433594 0.886719 0.431641 0.889323 0.430664 0.889323 0.428711 0.891927 0.428711 0.903646 0.427734 0.904948 0.427734 0.910156 0.428711 0.911458 0.428711 0.914062 0.429688 0.915365 0.429688 0.917969 0.431641 0.921875 0.435547 0.921875 0.436523 0.923177 0.445312 0.923177 0.446289 0.921875 0.447266 0.921875 0.448242 0.920573 0.449219 0.920573 0.451172 0.917969 0.451172 0.894531 0.450195 0.893229 0.450195 0.891927 0.451172 0.890625 0.451172 0.885417 0.450195 0.884115 0.450195 0.881510 0.449219 0.881510 0.448242 0.880208
0 0.458008 0.878906 0.456055 0.881510 0.455078 0.881510 0.455078 0.882812 0.454102 0.884115 0.454102 0.888021 0.453125 0.889323 0.453125 0.891927 0.452148 0.893229 0.452148 0.911458 0.453125 0.912760 0.453125 0.914062 0.455078 0.916667 0.456055 0.916667 0.457031 0.917969 0.463867 0.917969 0.464844 0.919271 0.468750 0.919271 0.469727 0.920573 0.476562 0.920573 0.477539 0.919271 0.478516 0.919271 0.480469 0.916667 0.480469 0.914062 0.481445 0.912760 0.481445 0.885417 0.480469 0.884115 0.480469 0.882812 0.477539 0.881510 0.474609 0.877604 0.470703 0.877604 0.469727 0.876302 0.466797 0.876302 0.465820 0.877604 0.463867 0.877604 0.462891 0.878906
0 0.445312 0.834635 0.444336 0.835938 0.443359 0.835938 0.438477 0.842448 0.438477 0.843750 0.436523 0.846354 0.436523 0.848958 0.434570 0.851562 0.434570 0.854167 0.433594 0.855469 0.433594 0.859375 0.434570 0.860677 0.434570 0.861979 0.436523 0.864583 0.436523 0.865885 0.438477 0.868490 0.438477 0.869792 0.439453 0.871094 0.439453 0.872396 0.440430 0.873698 0.440430 0.875000 0.442383 0.875000 0.443359 0.876302 0.451172 0.876302 0.452148 0.875000 0.453125 0.875000 0.454102 0.873698 0.455078 0.873698 0.455078 0.872396 0.459961 0.865885 0.459961 0.864583 0.462891 0.860677 0.462891 0.856771 0.463867 0.855469 0.463867 0.846354 0.462891 0.845052 0.462891 0.843750 0.460938 0.841146 0.460938 0.839844 0.458008 0.835938 0.454102 0.835938 0.453125 0.834635
0 0.493164 0.835938 0.492188 0.835938 0.491211 0.837240 0.482422 0.837240 0.481445 0.835938 0.476562 0.835938 0.475586 0.834635 0.474609 0.834635 0.473633 0.835938 0.472656 0.835938 0.470703 0.838542 0.469727 0.838542 0.469727 0.839844 0.466797 0.843750 0.466797 0.845052 0.465820 0.846354 0.465820 0.848958 0.464844 0.850260 0.464844 0.858073 0.463867 0.859375 0.463867 0.861979 0.464844 0.863281 0.464844 0.867188 0.466797 0.869792 0.468750 0.869792 0.469727 0.871094 0.472656 0.871094 0.473633 0.872396 0.480469 0.872396 0.481445 0.871094 0.483398 0.871094 0.484375 0.869792 0.485352 0.869792 0.493164 0.859375 0.493164 0.858073 0.494141 0.856771 0.494141 0.854167 0.495117 0.852865 0.495117 0.850260 0.496094 0.848958 0.496094 0.841146 0.495117 0.839844 0.495117 0.838542
0 0.432617 0.787760 0.422852 0.787760 0.421875 0.789062 0.418945 0.790365 0.415039 0.795573 0.414062 0.795573 0.414062 0.796875 0.413086 0.798177 0.413086 0.799479 0.411133 0.803385 0.411133 0.811198 0.412109 0.812500 0.412109 0.813802 0.414062 0.817708 0.414062 0.820312 0.415039 0.821615 0.415039 0.822917 0.416016 0.824219 0.416016 0.825521 0.417969 0.829427 0.417969 0.832031 0.419922 0.834635 0.420898 0.834635 0.421875 0.835938 0.425781 0.835938 0.426758 0.834635 0.427734 0.834635 0.428711 0.833333 0.431641 0.832031 0.436523 0.825521 0.436523 0.824219 0.437500 0.822917 0.437500 0.821615 0.439453 0.817708 0.439453 0.800781 0.433594 0.791667 0.433594 0.789062
0 0.443359 0.804688 0.443359 0.820312 0.445312 0.824219 0.445312 0.826823 0.446289 0.828125 0.446289 0.830729 0.447266 0.832031 0.461914 0.832031 0.462891 0.830729 0.464844 0.830729 0.465820 0.829427 0.466797 0.829427 0.469727 0.825521 0.469727 0.820312 0.470703 0.819010 0.469727 0.817708 0.469727 0.804688 0.468750 0.803385 0.458008 0.803385 0.457031 0.802083 0.446289 0.802083
0 0.409180 0.753906 0.408203 0.753906 0.407227 0.752604 0.397461 0.752604 0.396484 0.753906 0.392578 0.753906 0.389648 0.756510 0.389648 0.757812 0.387695 0.761719 0.387695 0.764323 0.386719 0.765625 0.386719 0.769531 0.385742 0.770833 0.385742 0.772135 0.384766 0.773438 0.384766 0.776042 0.383789 0.777344 0.383789 0.778646 0.384766 0.779948 0.384766 0.782552 0.386719 0.786458 0.386719 0.789062 0.388672 0.791667 0.398438 0.791667 0.399414 0.790365 0.403320 0.790365 0.404297 0.789062 0.408203 0.789062 0.409180 0.787760 0.410156 0.787760 0.413086 0.783854 0.413086 0.782552 0.414062 0.781250 0.414062 0.778646 0.415039 0.777344 0.415039 0.772135 0.413086 0.768229 0.413086 0.764323 0.412109 0.763021 0.412109 0.761719 0.410156 0.757812 0.410156 0.755208
0 0.416992 0.739583 0.416016 0.740885 0.416016 0.742188 0.415039 0.743490 0.415039 0.744792 0.413086 0.748698 0.413086 0.751302 0.412109 0.752604 0.412109 0.759115 0.413086 0.760417 0.413086 0.764323 0.414062 0.765625 0.414062 0.768229 0.415039 0.769531 0.415039 0.770833 0.416016 0.772135 0.416992 0.776042 0.421875 0.781250 0.423828 0.781250 0.424805 0.782552 0.431641 0.782552 0.432617 0.781250 0.434570 0.781250 0.436523 0.777344 0.436523 0.773438 0.437500 0.772135 0.437500 0.769531 0.438477 0.768229 0.438477 0.765625 0.440430 0.761719 0.440430 0.755208 0.439453 0.753906 0.439453 0.751302 0.438477 0.750000 0.437500 0.746094 0.434570 0.742188 0.422852 0.742188 0.421875 0.740885 0.420898 0.740885 0.418945 0.738281 0.417969 0.739583
0 0.469727 0.761719 0.466797 0.757812 0.464844 0.757812 0.463867 0.759115 0.460938 0.759115 0.459961 0.760417 0.457031 0.760417 0.456055 0.761719 0.444336 0.761719 0.443359 0.763021 0.442383 0.763021 0.440430 0.765625 0.440430 0.766927 0.439453 0.768229 0.439453 0.773438 0.440430 0.774740 0.440430 0.778646 0.441406 0.779948 0.441406 0.781250 0.442383 0.782552 0.442383 0.783854 0.446289 0.789062 0.464844 0.789062 0.465820 0.787760 0.466797 0.787760 0.468750 0.783854 0.468750 0.781250 0.469727 0.779948 0.469727 0.777344 0.471680 0.773438 0.471680 0.769531 0.470703 0.768229 0.470703 0.764323 0.469727 0.763021
0 0.462891 0.720052 0.448242 0.720052 0.447266 0.721354 0.446289 0.721354 0.444336 0.723958 0.443359 0.723958 0.441406 0.726562 0.440430 0.726562 0.438477 0.729167 0.438477 0.731771 0.437500 0.733073 0.437500 0.742188 0.438477 0.743490 0.438477 0.746094 0.439453 0.747396 0.439453 0.748698 0.440430 0.750000 0.440430 0.751302 0.441406 0.752604 0.441406 0.753906 0.443359 0.756510 0.443359 0.757812 0.444336 0.759115 0.446289 0.759115 0.447266 0.760417 0.455078 0.760417 0.456055 0.759115 0.458008 0.759115 0.459961 0.756510 0.459961 0.755208 0.460938 0.753906 0.460938 0.752604 0.462891 0.750000 0.462891 0.748698 0.463867 0.747396 0.463867 0.746094 0.464844 0.744792 0.464844 0.743490 0.466797 0.739583 0.466797 0.726562 0.465820 0.725260 0.465820 0.723958
0 0.392578 0.707031 0.385742 0.707031 0.384766 0.708333 0.381836 0.709635 0.377930 0.714844 0.375000 0.716146 0.373047 0.718750 0.373047 0.720052 0.372070 0.721354 0.372070 0.731771 0.373047 0.733073 0.373047 0.734375 0.376953 0.739583 0.377930 0.739583 0.379883 0.742188 0.380859 0.742188 0.384766 0.747396 0.385742 0.747396 0.388672 0.750000 0.389648 0.748698 0.391602 0.748698 0.396484 0.743490 0.398438 0.743490 0.399414 0.742188 0.400391 0.742188 0.403320 0.738281 0.404297 0.738281 0.406250 0.735677 0.406250 0.734375 0.407227 0.733073 0.407227 0.729167 0.408203 0.727865 0.408203 0.725260 0.407227 0.723958 0.407227 0.721354 0.403320 0.716146 0.400391 0.714844 0.397461 0.710938 0.396484 0.710938 0.394531 0.708333 0.393555 0.708333
0 0.404297 0.673177 0.402344 0.675781 0.401367 0.675781 0.399414 0.678385 0.399414 0.679688 0.396484 0.683594 0.396484 0.684896 0.394531 0.688802 0.394531 0.691406 0.393555 0.692708 0.393555 0.697917 0.394531 0.699219 0.394531 0.701823 0.397461 0.705729 0.397461 0.707031 0.401367 0.712240 0.402344 0.712240 0.403320 0.713542 0.407227 0.713542 0.408203 0.714844 0.412109 0.714844 0.413086 0.713542 0.414062 0.713542 0.417969 0.708333 0.417969 0.707031 0.420898 0.703125 0.420898 0.701823 0.422852 0.697917 0.422852 0.691406 0.420898 0.688802 0.419922 0.688802 0.418945 0.687500 0.417969 0.687500 0.410156 0.677083 0.409180 0.677083 0.408203 0.675781 0.407227 0.675781
0 0.426758 0.691406 0.424805 0.694010 0.424805 0.695312 0.423828 0.696615 0.423828 0.697917 0.422852 0.699219 0.422852 0.700521 0.420898 0.704427 0.420898 0.707031 0.419922 0.708333 0.419922 0.710938 0.420898 0.712240 0.420898 0.713542 0.426758 0.721354 0.427734 0.721354 0.428711 0.722656 0.430664 0.722656 0.431641 0.723958 0.436523 0.723958 0.437500 0.725260 0.439453 0.725260 0.440430 0.723958 0.441406 0.723958 0.444336 0.720052 0.445312 0.720052 0.448242 0.716146 0.448242 0.714844 0.450195 0.710938 0.450195 0.708333 0.451172 0.707031 0.451172 0.704427 0.450195 0.703125 0.450195 0.699219 0.449219 0.697917 0.449219 0.696615 0.443359 0.688802 0.435547 0.688802 0.434570 0.690104 0.430664 0.690104 0.429688 0.691406
0 0.421875 0.644531 0.420898 0.645833 0.419922 0.645833 0.417969 0.648438 0.416992 0.648438 0.414062 0.652344 0.413086 0.652344 0.408203 0.657552 0.408203 0.664062 0.409180 0.665365 0.409180 0.667969 0.410156 0.669271 0.410156 0.674479 0.411133 0.675781 0.411133 0.677083 0.416992 0.684896 0.417969 0.684896 0.419922 0.687500 0.420898 0.687500 0.421875 0.688802 0.430664 0.688802 0.431641 0.687500 0.432617 0.687500 0.435547 0.683594 0.436523 0.683594 0.438477 0.679688 0.438477 0.656250 0.437500 0.654948 0.437500 0.651042 0.433594 0.645833 0.432617 0.645833 0.431641 0.644531
0 0.416992 0.604167 0.416016 0.605469 0.413086 0.606771 0.411133 0.609375 0.411133 0.610677 0.410156 0.611979 0.409180 0.615885 0.406250 0.619792 0.406250 0.621094 0.403320 0.625000 0.403320 0.626302 0.402344 0.627604 0.402344 0.632812 0.403320 0.634115 0.403320 0.635417 0.404297 0.635417 0.407227 0.638021 0.415039 0.638021 0.416016 0.639323 0.418945 0.639323 0.419922 0.640625 0.421875 0.640625 0.422852 0.641927 0.428711 0.641927 0.431641 0.638021 0.431641 0.636719 0.432617 0.635417 0.432617 0.632812 0.433594 0.631510 0.433594 0.630208 0.435547 0.626302 0.435547 0.623698 0.436523 0.622396 0.435547 0.621094 0.435547 0.618490 0.434570 0.617188 0.434570 0.615885 0.432617 0.613281 0.432617 0.611979 0.429688 0.608073 0.428711 0.608073 0.427734 0.606771 0.425781 0.606771 0.424805 0.605469 0.422852 0.605469 0.421875 0.604167
0 0.455078 0.630208 0.448242 0.630208 0.447266 0.631510 0.445312 0.631510 0.444336 0.632812 0.443359 0.632812 0.439453 0.638021 0.439453 0.639323 0.438477 0.640625 0.438477 0.656250 0.439453 0.657552 0.439453 0.670573 0.442383 0.674479 0.443359 0.674479 0.444336 0.675781 0.448242 0.675781 0.450195 0.673177 0.451172 0.673177 0.453125 0.670573 0.454102 0.670573 0.458984 0.664062 0.458984 0.662760 0.461914 0.658854 0.461914 0.657552 0.463867 0.653646 0.463867 0.649740 0.464844 0.648438 0.464844 0.647135 0.463867 0.645833 0.463867 0.643229 0.462891 0.641927 0.462891 0.640625
0 0.461914 0.670573 0.460938 0.671875 0.459961 0.671875 0.453125 0.680990 0.453125 0.682292 0.452148 0.683594 0.452148 0.684896 0.450195 0.688802 0.450195 0.696615 0.451172 0.697917 0.451172 0.701823 0.452148 0.703125 0.452148 0.709635 0.453125 0.710938 0.454102 0.710938 0.455078 0.712240 0.457031 0.712240 0.458008 0.713542 0.463867 0.713542 0.464844 0.714844 0.467773 0.714844 0.468750 0.713542 0.470703 0.713542 0.473633 0.709635 0.474609 0.709635 0.475586 0.708333 0.475586 0.707031 0.477539 0.704427 0.477539 0.700521 0.478516 0.699219 0.478516 0.690104 0.477539 0.688802 0.477539 0.684896 0.476562 0.683594 0.475586 0.683594 0.473633 0.680990 0.472656 0.680990 0.468750 0.675781 0.467773 0.675781 0.465820 0.673177 0.464844 0.673177 0.462891 0.670573
0 0.486328 0.636719 0.483398 0.636719 0.482422 0.638021 0.481445 0.638021 0.479492 0.640625 0.478516 0.640625 0.477539 0.641927 0.476562 0.641927 0.475586 0.643229 0.472656 0.644531 0.469727 0.648438 0.468750 0.648438 0.466797 0.651042 0.466797 0.652344 0.464844 0.656250 0.464844 0.658854 0.463867 0.660156 0.463867 0.667969 0.464844 0.669271 0.464844 0.670573 0.468750 0.675781 0.469727 0.675781 0.473633 0.680990 0.475586 0.680990 0.476562 0.682292 0.477539 0.682292 0.479492 0.679688 0.480469 0.679688 0.481445 0.678385 0.483398 0.678385 0.484375 0.677083 0.487305 0.675781 0.489258 0.673177 0.490234 0.673177 0.492188 0.670573 0.492188 0.669271 0.493164 0.667969 0.493164 0.665365 0.494141 0.664062 0.494141 0.652344 0.493164 0.651042 0.493164 0.648438 0.491211 0.645833 0.491211 0.644531 0.486328 0.638021
0 0.464844 0.600260 0.462891 0.602865 0.461914 0.602865 0.458984 0.606771 0.458984 0.608073 0.458008 0.609375 0.458008 0.621094 0.457031 0.622396 0.457031 0.626302 0.458984 0.628906 0.458984 0.630208 0.459961 0.630208 0.462891 0.634115 0.463867 0.634115 0.464844 0.635417 0.467773 0.635417 0.468750 0.636719 0.476562 0.636719 0.477539 0.635417 0.479492 0.635417 0.480469 0.634115 0.481445 0.634115 0.483398 0.631510 0.483398 0.630208 0.484375 0.628906 0.484375 0.605469 0.483398 0.604167 0.482422 0.604167 0.481445 0.602865 0.480469 0.602865 0.477539 0.600260 0.475586 0.600260 0.474609 0.598958 0.467773 0.598958 0.466797 0.600260
0 0.469727 0.571615 0.465820 0.576823 0.465820 0.578125 0.464844 0.579427 0.464844 0.583333 0.463867 0.584635 0.463867 0.593750 0.464844 0.595052 0.464844 0.596354 0.465820 0.597656 0.471680 0.597656 0.472656 0.598958 0.476562 0.598958 0.477539 0.600260 0.478516 0.600260 0.481445 0.602865 0.483398 0.602865 0.484375 0.604167 0.487305 0.604167 0.490234 0.600260 0.490234 0.595052 0.491211 0.593750 0.491211 0.579427 0.490234 0.578125 0.489258 0.578125 0.485352 0.572917 0.485352 0.571615 0.482422 0.567708 0.479492 0.567708 0.478516 0.566406 0.477539 0.566406 0.475586 0.569010 0.474609 0.569010 0.473633 0.570312 0.471680 0.570312 0.470703 0.571615
0 0.509766 0.582031 0.504883 0.582031 0.503906 0.583333 0.501953 0.583333 0.499023 0.587240 0.498047 0.587240 0.496094 0.589844 0.495117 0.589844 0.491211 0.595052 0.491211 0.604167 0.490234 0.605469 0.491211 0.606771 0.491211 0.609375 0.492188 0.610677 0.492188 0.613281 0.493164 0.614583 0.493164 0.615885 0.495117 0.618490 0.495117 0.619792 0.496094 0.619792 0.500000 0.625000 0.505859 0.625000 0.506836 0.623698 0.507812 0.623698 0.508789 0.622396 0.509766 0.622396 0.510742 0.621094 0.511719 0.621094 0.512695 0.619792 0.513672 0.619792 0.515625 0.617188 0.515625 0.615885 0.516602 0.614583 0.516602 0.610677 0.517578 0.609375 0.517578 0.606771 0.518555 0.605469 0.518555 0.597656 0.517578 0.596354 0.517578 0.592448 0.516602 0.591146 0.516602 0.589844 0.512695 0.584635 0.511719 0.584635
0 0.528320 0.591146 0.522461 0.596354 0.522461 0.597656 0.520508 0.601562 0.520508 0.604167 0.518555 0.608073 0.518555 0.611979 0.517578 0.613281 0.517578 0.615885 0.519531 0.619792 0.520508 0.619792 0.524414 0.625000 0.525391 0.625000 0.528320 0.628906 0.529297 0.628906 0.532227 0.631510 0.534180 0.628906 0.535156 0.628906 0.536133 0.627604 0.537109 0.627604 0.538086 0.626302 0.539062 0.626302 0.540039 0.625000 0.540039 0.623698 0.542969 0.619792 0.542969 0.618490 0.544922 0.614583 0.544922 0.606771 0.543945 0.605469 0.543945 0.604167 0.541992 0.601562 0.541992 0.600260 0.541016 0.600260 0.538086 0.596354 0.537109 0.596354 0.535156 0.593750 0.534180 0.593750 0.533203 0.592448 0.531250 0.592448 0.530273 0.591146
0 0.512695 0.632812 0.511719 0.634115 0.509766 0.634115 0.503906 0.641927 0.502930 0.641927 0.500000 0.645833 0.500000 0.653646 0.503906 0.661458 0.503906 0.665365 0.504883 0.666667 0.504883 0.667969 0.512695 0.679688 0.513672 0.679688 0.514648 0.680990 0.521484 0.680990 0.522461 0.679688 0.525391 0.678385 0.529297 0.673177 0.529297 0.671875 0.531250 0.667969 0.531250 0.666667 0.530273 0.665365 0.530273 0.660156 0.529297 0.658854 0.529297 0.647135 0.528320 0.645833 0.527344 0.641927 0.523438 0.636719 0.523438 0.635417 0.522461 0.634115 0.521484 0.634115 0.520508 0.632812 0.519531 0.634115 0.515625 0.634115 0.514648 0.632812
0 0.539062 0.628906 0.538086 0.630208 0.536133 0.630208 0.534180 0.632812 0.533203 0.632812 0.532227 0.634115 0.532227 0.635417 0.531250 0.636719 0.531250 0.638021 0.529297 0.641927 0.529297 0.643229 0.530273 0.644531 0.530273 0.657552 0.531250 0.658854 0.531250 0.661458 0.533203 0.665365 0.534180 0.665365 0.535156 0.666667 0.537109 0.666667 0.538086 0.667969 0.540039 0.667969 0.541016 0.669271 0.546875 0.669271 0.547852 0.667969 0.549805 0.667969 0.553711 0.662760 0.554688 0.662760 0.555664 0.661458 0.555664 0.657552 0.556641 0.656250 0.556641 0.644531 0.555664 0.643229 0.555664 0.639323 0.554688 0.638021 0.554688 0.636719 0.552734 0.634115 0.552734 0.632812 0.551758 0.631510 0.550781 0.631510 0.547852 0.628906
0 0.496094 0.536458 0.495117 0.537760 0.494141 0.537760 0.491211 0.541667 0.490234 0.541667 0.490234 0.542969 0.488281 0.545573 0.488281 0.546875 0.486328 0.550781 0.486328 0.553385 0.485352 0.554688 0.485352 0.557292 0.484375 0.558594 0.484375 0.559896 0.483398 0.561198 0.483398 0.562500 0.482422 0.563802 0.482422 0.565104 0.483398 0.566406 0.483398 0.567708 0.485352 0.570312 0.485352 0.571615 0.487305 0.574219 0.488281 0.574219 0.489258 0.575521 0.490234 0.575521 0.493164 0.578125 0.501953 0.578125 0.502930 0.576823 0.503906 0.576823 0.507812 0.571615 0.507812 0.570312 0.509766 0.567708 0.509766 0.566406 0.510742 0.565104 0.510742 0.562500 0.511719 0.561198 0.511719 0.558594 0.512695 0.557292 0.512695 0.552083 0.508789 0.546875 0.508789 0.545573 0.507812 0.544271 0.507812 0.542969 0.504883 0.539062 0.502930 0.539062 0.500000 0.536458
0 0.498047 0.674479 0.497070 0.675781 0.494141 0.675781 0.493164 0.677083 0.492188 0.677083 0.491211 0.678385 0.491211 0.679688 0.486328 0.686198 0.486328 0.690104 0.485352 0.691406 0.485352 0.704427 0.486328 0.705729 0.486328 0.708333 0.487305 0.709635 0.488281 0.713542 0.495117 0.722656 0.496094 0.722656 0.497070 0.723958 0.500000 0.723958 0.500977 0.725260 0.501953 0.723958 0.502930 0.723958 0.505859 0.720052 0.505859 0.718750 0.507812 0.716146 0.507812 0.714844 0.508789 0.713542 0.508789 0.712240 0.510742 0.708333 0.510742 0.705729 0.511719 0.704427 0.511719 0.703125 0.514648 0.699219 0.514648 0.697917 0.515625 0.696615 0.515625 0.694010 0.506836 0.682292 0.506836 0.680990 0.504883 0.678385 0.504883 0.677083 0.503906 0.675781 0.502930 0.675781 0.501953 0.674479
0 0.476562 0.726562 0.476562 0.729167 0.475586 0.730469 0.475586 0.742188 0.476562 0.743490 0.476562 0.744792 0.477539 0.746094 0.478516 0.746094 0.480469 0.748698 0.482422 0.748698 0.483398 0.750000 0.484375 0.750000 0.487305 0.752604 0.495117 0.752604 0.496094 0.751302 0.497070 0.751302 0.498047 0.750000 0.499023 0.750000 0.500000 0.748698 0.500977 0.748698 0.501953 0.747396 0.502930 0.747396 0.505859 0.743490 0.505859 0.738281 0.506836 0.736979 0.506836 0.729167 0.504883 0.725260 0.496094 0.725260 0.494141 0.722656 0.493164 0.722656 0.492188 0.721354 0.487305 0.721354 0.486328 0.720052 0.485352 0.720052 0.484375 0.721354 0.481445 0.721354 0.479492 0.723958 0.478516 0.723958
0 0.482422 0.756510 0.481445 0.757812 0.481445 0.760417 0.480469 0.761719 0.480469 0.765625 0.479492 0.766927 0.479492 0.773438 0.480469 0.774740 0.480469 0.778646 0.481445 0.779948 0.481445 0.783854 0.483398 0.786458 0.483398 0.787760 0.486328 0.791667 0.486328 0.792969 0.487305 0.792969 0.490234 0.795573 0.492188 0.795573 0.495117 0.798177 0.499023 0.798177 0.500977 0.795573 0.500977 0.792969 0.501953 0.791667 0.501953 0.787760 0.505859 0.779948 0.505859 0.765625 0.503906 0.763021 0.503906 0.761719 0.502930 0.760417 0.501953 0.760417 0.500977 0.759115 0.499023 0.759115 0.498047 0.757812 0.491211 0.757812 0.490234 0.756510
0 0.478516 0.795573 0.477539 0.796875 0.477539 0.798177 0.473633 0.803385 0.473633 0.804688 0.471680 0.808594 0.471680 0.819010 0.472656 0.820312 0.472656 0.822917 0.473633 0.824219 0.473633 0.825521 0.474609 0.826823 0.474609 0.828125 0.475586 0.829427 0.475586 0.830729 0.476562 0.832031 0.476562 0.833333 0.477539 0.833333 0.478516 0.834635 0.481445 0.834635 0.482422 0.835938 0.489258 0.835938 0.490234 0.834635 0.492188 0.834635 0.493164 0.833333 0.495117 0.833333 0.499023 0.828125 0.499023 0.825521 0.500000 0.824219 0.500000 0.816406 0.499023 0.815104 0.499023 0.811198 0.498047 0.809896 0.498047 0.807292 0.496094 0.804688 0.496094 0.803385 0.493164 0.799479 0.491211 0.799479 0.490234 0.798177 0.487305 0.798177 0.486328 0.796875 0.483398 0.796875 0.481445 0.794271 0.480469 0.794271 0.479492 0.795573
0 0.505859 0.790365 0.503906 0.792969 0.503906 0.794271 0.502930 0.795573 0.502930 0.796875 0.500977 0.800781 0.500977 0.803385 0.500000 0.804688 0.500000 0.808594 0.500977 0.809896 0.500977 0.815104 0.501953 0.816406 0.501953 0.821615 0.503906 0.824219 0.504883 0.824219 0.506836 0.826823 0.507812 0.826823 0.508789 0.828125 0.518555 0.828125 0.519531 0.826823 0.521484 0.826823 0.526367 0.820312 0.526367 0.819010 0.527344 0.817708 0.527344 0.811198 0.526367 0.809896 0.526367 0.802083 0.525391 0.800781 0.525391 0.799479 0.524414 0.799479 0.523438 0.798177 0.522461 0.798177 0.520508 0.795573 0.519531 0.795573 0.516602 0.791667 0.514648 0.791667 0.513672 0.790365
0 0.504883 0.851562 0.504883 0.852865 0.503906 0.854167 0.503906 0.855469 0.501953 0.859375 0.501953 0.861979 0.500977 0.863281 0.500977 0.871094 0.501953 0.872396 0.501953 0.878906 0.504883 0.882812 0.506836 0.882812 0.507812 0.884115 0.509766 0.884115 0.510742 0.885417 0.514648 0.885417 0.515625 0.886719 0.521484 0.886719 0.522461 0.888021 0.525391 0.888021 0.530273 0.881510 0.530273 0.878906 0.531250 0.877604 0.531250 0.873698 0.532227 0.872396 0.532227 0.863281 0.531250 0.861979 0.531250 0.860677 0.529297 0.858073 0.528320 0.854167 0.526367 0.856771 0.521484 0.856771 0.520508 0.855469 0.512695 0.855469 0.509766 0.852865 0.507812 0.852865 0.506836 0.851562
0 0.508789 0.886719 0.508789 0.888021 0.507812 0.889323 0.507812 0.891927 0.506836 0.893229 0.506836 0.894531 0.505859 0.895833 0.505859 0.898438 0.504883 0.899740 0.504883 0.910156 0.505859 0.911458 0.505859 0.912760 0.507812 0.915365 0.507812 0.916667 0.508789 0.917969 0.509766 0.917969 0.510742 0.919271 0.511719 0.919271 0.512695 0.920573 0.515625 0.920573 0.516602 0.919271 0.522461 0.919271 0.523438 0.917969 0.525391 0.917969 0.528320 0.914062 0.528320 0.912760 0.529297 0.911458 0.529297 0.910156 0.530273 0.908854 0.530273 0.906250 0.531250 0.904948 0.531250 0.898438 0.530273 0.897135 0.530273 0.895833 0.526367 0.890625 0.525391 0.890625 0.524414 0.889323 0.522461 0.889323 0.521484 0.888021 0.518555 0.888021 0.517578 0.886719
0 0.504883 0.893229 0.503906 0.894531 0.500977 0.894531 0.500977 0.895833 0.497070 0.901042 0.496094 0.901042 0.493164 0.904948 0.491211 0.904948 0.488281 0.907552 0.488281 0.915365 0.489258 0.916667 0.489258 0.919271 0.490234 0.920573 0.490234 0.921875 0.491211 0.923177 0.491211 0.924479 0.493164 0.927083 0.493164 0.928385 0.496094 0.932292 0.497070 0.932292 0.499023 0.934896 0.500000 0.934896 0.500977 0.936198 0.501953 0.936198 0.502930 0.934896 0.503906 0.934896 0.505859 0.932292 0.505859 0.930990 0.511719 0.923177 0.511719 0.921875 0.513672 0.919271 0.510742 0.919271 0.509766 0.917969 0.508789 0.917969 0.507812 0.916667 0.507812 0.915365 0.505859 0.912760 0.505859 0.911458 0.503906 0.908854 0.503906 0.902344 0.504883 0.901042 0.504883 0.898438 0.505859 0.897135 0.504883 0.895833
0 0.545898 0.901042 0.545898 0.910156 0.546875 0.911458 0.546875 0.915365 0.547852 0.916667 0.547852 0.919271 0.548828 0.920573 0.548828 0.921875 0.551758 0.925781 0.552734 0.925781 0.553711 0.927083 0.561523 0.927083 0.562500 0.925781 0.563477 0.925781 0.565430 0.923177 0.566406 0.923177 0.568359 0.920573 0.569336 0.920573 0.574219 0.914062 0.576172 0.914062 0.578125 0.910156 0.578125 0.908854 0.577148 0.907552 0.577148 0.906250 0.575195 0.902344 0.575195 0.899740 0.572266 0.895833 0.562500 0.895833 0.561523 0.894531 0.555664 0.894531 0.554688 0.895833 0.553711 0.895833 0.551758 0.898438 0.548828 0.898438
0 0.565430 0.842448 0.561523 0.842448 0.558594 0.846354 0.558594 0.847656 0.552734 0.855469 0.551758 0.855469 0.550781 0.856771 0.549805 0.856771 0.548828 0.858073 0.547852 0.858073 0.546875 0.859375 0.545898 0.859375 0.542969 0.861979 0.542969 0.868490 0.543945 0.869792 0.543945 0.872396 0.544922 0.873698 0.544922 0.875000 0.546875 0.877604 0.548828 0.877604 0.551758 0.880208 0.559570 0.880208 0.560547 0.878906 0.564453 0.878906 0.565430 0.877604 0.566406 0.877604 0.567383 0.876302 0.568359 0.876302 0.570312 0.873698 0.570312 0.872396 0.571289 0.871094 0.571289 0.863281 0.570312 0.861979 0.570312 0.858073 0.569336 0.856771 0.569336 0.854167 0.567383 0.850260 0.567383 0.847656 0.566406 0.846354 0.566406 0.845052 0.565430 0.843750
0 0.539062 0.813802 0.538086 0.815104 0.537109 0.815104 0.539062 0.817708 0.539062 0.819010 0.537109 0.821615 0.535156 0.821615 0.534180 0.820312 0.532227 0.820312 0.532227 0.821615 0.531250 0.822917 0.531250 0.825521 0.530273 0.826823 0.530273 0.828125 0.529297 0.829427 0.529297 0.832031 0.528320 0.833333 0.528320 0.838542 0.529297 0.839844 0.529297 0.842448 0.530273 0.843750 0.530273 0.845052 0.535156 0.851562 0.536133 0.851562 0.540039 0.856771 0.541992 0.856771 0.542969 0.858073 0.546875 0.858073 0.547852 0.856771 0.549805 0.856771 0.551758 0.854167 0.554688 0.852865 0.556641 0.850260 0.556641 0.848958 0.560547 0.843750 0.560547 0.842448 0.562500 0.839844 0.562500 0.837240 0.563477 0.835938 0.563477 0.834635 0.557617 0.826823 0.556641 0.826823 0.555664 0.825521 0.551758 0.825521 0.550781 0.824219 0.547852 0.824219 0.544922 0.820312 0.543945 0.820312 0.541016 0.816406 0.541016 0.815104 0.540039 0.813802
0 0.560547 0.779948 0.559570 0.779948 0.558594 0.781250 0.555664 0.781250 0.554688 0.782552 0.551758 0.782552 0.550781 0.783854 0.549805 0.783854 0.546875 0.786458 0.544922 0.786458 0.543945 0.787760 0.543945 0.789062 0.541992 0.792969 0.541992 0.805990 0.542969 0.807292 0.542969 0.812500 0.543945 0.813802 0.544922 0.817708 0.547852 0.821615 0.548828 0.821615 0.549805 0.822917 0.552734 0.822917 0.553711 0.824219 0.563477 0.824219 0.564453 0.822917 0.567383 0.821615 0.568359 0.820312 0.568359 0.819010 0.570312 0.815104 0.570312 0.812500 0.571289 0.811198 0.571289 0.800781 0.572266 0.799479 0.572266 0.794271 0.571289 0.792969 0.570312 0.789062 0.568359 0.786458 0.568359 0.785156 0.567383 0.783854 0.566406 0.783854 0.563477 0.781250 0.561523 0.781250
0 0.514648 0.744792 0.512695 0.747396 0.512695 0.750000 0.509766 0.755208 0.509766 0.756510 0.508789 0.757812 0.508789 0.760417 0.507812 0.761719 0.507812 0.774740 0.508789 0.776042 0.508789 0.779948 0.509766 0.781250 0.509766 0.782552 0.515625 0.789062 0.516602 0.789062 0.520508 0.794271 0.521484 0.794271 0.525391 0.798177 0.528320 0.798177 0.529297 0.799479 0.534180 0.799479 0.535156 0.800781 0.537109 0.800781 0.538086 0.799479 0.539062 0.799479 0.539062 0.798177 0.540039 0.796875 0.540039 0.792969 0.541016 0.791667 0.541016 0.789062 0.541992 0.787760 0.541992 0.785156 0.542969 0.783854 0.542969 0.782552 0.541992 0.781250 0.541992 0.778646 0.541016 0.777344 0.541016 0.773438 0.540039 0.772135 0.540039 0.766927 0.539062 0.765625 0.537109 0.759115 0.535156 0.756510 0.532227 0.747396 0.530273 0.747396 0.529297 0.746094 0.526367 0.746094 0.525391 0.744792 0.523438 0.744792 0.522461 0.743490 0.516602 0.743490 0.515625 0.744792
0 0.540039 0.746094 0.538086 0.750000 0.538086 0.753906 0.537109 0.755208 0.537109 0.757812 0.538086 0.759115 0.538086 0.760417 0.540039 0.763021 0.540039 0.765625 0.541016 0.766927 0.541016 0.772135 0.541992 0.773438 0.541992 0.777344 0.544922 0.781250 0.545898 0.781250 0.546875 0.779948 0.552734 0.779948 0.553711 0.778646 0.555664 0.778646 0.556641 0.777344 0.558594 0.777344 0.562500 0.772135 0.562500 0.770833 0.563477 0.769531 0.563477 0.766927 0.565430 0.763021 0.565430 0.756510 0.564453 0.755208 0.564453 0.753906 0.560547 0.748698 0.559570 0.748698 0.558594 0.747396 0.557617 0.747396 0.554688 0.744792 0.544922 0.744792 0.543945 0.746094
0 0.524414 0.695312 0.522461 0.697917 0.521484 0.697917 0.518555 0.700521 0.518555 0.703125 0.517578 0.704427 0.517578 0.707031 0.516602 0.708333 0.516602 0.716146 0.517578 0.717448 0.517578 0.721354 0.518555 0.722656 0.519531 0.726562 0.523438 0.731771 0.524414 0.731771 0.527344 0.734375 0.529297 0.734375 0.530273 0.735677 0.534180 0.735677 0.535156 0.736979 0.538086 0.736979 0.539062 0.735677 0.540039 0.735677 0.540039 0.734375 0.541992 0.731771 0.541992 0.730469 0.546875 0.723958 0.546875 0.722656 0.547852 0.721354 0.547852 0.714844 0.546875 0.713542 0.545898 0.709635 0.541992 0.704427 0.541992 0.703125 0.540039 0.700521 0.540039 0.699219 0.539062 0.697917 0.538086 0.697917 0.537109 0.696615 0.534180 0.696615 0.533203 0.695312
0 0.557617 0.666667 0.556641 0.666667 0.555664 0.667969 0.552734 0.667969 0.550781 0.670573 0.549805 0.670573 0.540039 0.683594 0.539062 0.683594 0.539062 0.692708 0.540039 0.694010 0.540039 0.695312 0.541016 0.696615 0.541016 0.697917 0.541992 0.699219 0.541992 0.700521 0.542969 0.701823 0.543945 0.705729 0.549805 0.713542 0.550781 0.713542 0.551758 0.714844 0.553711 0.714844 0.554688 0.713542 0.557617 0.712240 0.564453 0.703125 0.565430 0.703125 0.566406 0.701823 0.567383 0.697917 0.570312 0.694010 0.570312 0.692708 0.571289 0.691406 0.571289 0.688802 0.570312 0.687500 0.570312 0.686198 0.569336 0.684896 0.569336 0.683594 0.568359 0.682292 0.568359 0.680990 0.567383 0.679688 0.566406 0.675781 0.563477 0.671875 0.563477 0.670573 0.562500 0.670573 0.560547 0.667969 0.558594 0.667969
0 0.560547 0.710938 0.557617 0.714844 0.554688 0.716146 0.553711 0.717448 0.553711 0.718750 0.551758 0.721354 0.551758 0.735677 0.552734 0.736979 0.552734 0.738281 0.554688 0.740885 0.554688 0.742188 0.555664 0.743490 0.556641 0.743490 0.558594 0.746094 0.559570 0.746094 0.562500 0.750000 0.563477 0.750000 0.566406 0.752604 0.568359 0.752604 0.569336 0.753906 0.575195 0.753906 0.576172 0.752604 0.577148 0.752604 0.579102 0.750000 0.579102 0.748698 0.580078 0.747396 0.580078 0.746094 0.582031 0.742188 0.582031 0.738281 0.583008 0.736979 0.583008 0.734375 0.582031 0.733073 0.582031 0.723958 0.581055 0.722656 0.581055 0.720052 0.580078 0.718750 0.579102 0.718750 0.576172 0.714844 0.573242 0.713542 0.571289 0.710938
0 0.599609 0.714844 0.593750 0.714844 0.592773 0.716146 0.590820 0.716146 0.589844 0.717448 0.586914 0.717448 0.585938 0.718750 0.584961 0.718750 0.583008 0.721354 0.583008 0.723958 0.582031 0.725260 0.582031 0.726562 0.583008 0.727865 0.583008 0.740885 0.582031 0.742188 0.582031 0.744792 0.581055 0.746094 0.581055 0.747396 0.582031 0.748698 0.582031 0.750000 0.586914 0.756510 0.591797 0.756510 0.592773 0.755208 0.595703 0.755208 0.596680 0.753906 0.597656 0.753906 0.598633 0.752604 0.599609 0.752604 0.600586 0.751302 0.601562 0.751302 0.604492 0.747396 0.604492 0.744792 0.605469 0.743490 0.605469 0.742188 0.606445 0.740885 0.606445 0.738281 0.607422 0.736979 0.607422 0.727865 0.606445 0.726562 0.606445 0.723958 0.605469 0.722656 0.605469 0.721354 0.602539 0.717448 0.601562 0.717448
0 0.589844 0.757812 0.588867 0.759115 0.586914 0.759115 0.585938 0.760417 0.584961 0.760417 0.583008 0.763021 0.582031 0.763021 0.581055 0.764323 0.581055 0.765625 0.576172 0.772135 0.576172 0.774740 0.575195 0.776042 0.575195 0.787760 0.576172 0.789062 0.576172 0.790365 0.578125 0.794271 0.579102 0.794271 0.582031 0.796875 0.583984 0.796875 0.584961 0.798177 0.586914 0.798177 0.590820 0.803385 0.591797 0.803385 0.592773 0.802083 0.595703 0.800781 0.599609 0.795573 0.600586 0.795573 0.603516 0.791667 0.603516 0.790365 0.605469 0.786458 0.605469 0.776042 0.604492 0.774740 0.604492 0.772135 0.603516 0.770833 0.603516 0.769531 0.600586 0.765625 0.600586 0.764323 0.598633 0.761719 0.597656 0.761719 0.595703 0.759115 0.593750 0.759115 0.592773 0.757812
0 0.610352 0.778646 0.607422 0.781250 0.607422 0.782552 0.606445 0.783854 0.606445 0.786458 0.604492 0.790365 0.604492 0.792969 0.602539 0.795573 0.602539 0.796875 0.601562 0.798177 0.601562 0.804688 0.602539 0.805990 0.602539 0.811198 0.603516 0.812500 0.603516 0.815104 0.605469 0.817708 0.605469 0.819010 0.606445 0.820312 0.607422 0.820312 0.608398 0.821615 0.610352 0.821615 0.613281 0.824219 0.618164 0.824219 0.621094 0.820312 0.621094 0.817708 0.622070 0.816406 0.622070 0.815104 0.624023 0.811198 0.624023 0.808594 0.625000 0.807292 0.625000 0.804688 0.625977 0.803385 0.625977 0.799479 0.626953 0.798177 0.626953 0.791667 0.627930 0.790365 0.627930 0.789062 0.626953 0.787760 0.626953 0.786458 0.625977 0.785156 0.625977 0.783854 0.625000 0.783854 0.624023 0.782552 0.623047 0.782552 0.622070 0.781250 0.621094 0.781250 0.618164 0.778646
0 0.618164 0.841146 0.615234 0.843750 0.610352 0.843750 0.609375 0.845052 0.608398 0.845052 0.606445 0.847656 0.601562 0.847656 0.600586 0.846354 0.598633 0.846354 0.598633 0.848958 0.597656 0.850260 0.597656 0.878906 0.598633 0.880208 0.598633 0.882812 0.600586 0.885417 0.601562 0.885417 0.602539 0.886719 0.617188 0.886719 0.618164 0.888021 0.623047 0.888021 0.624023 0.886719 0.625000 0.886719 0.626953 0.882812 0.626953 0.865885 0.625977 0.864583 0.625977 0.860677 0.625000 0.859375 0.625000 0.855469 0.624023 0.854167 0.624023 0.851562 0.623047 0.850260 0.623047 0.847656 0.622070 0.846354 0.622070 0.845052 0.621094 0.843750 0.620117 0.843750
0 0.583008 0.875000 0.582031 0.876302 0.582031 0.877604 0.579102 0.881510 0.579102 0.882812 0.580078 0.884115 0.580078 0.888021 0.581055 0.889323 0.581055 0.891927 0.582031 0.893229 0.582031 0.894531 0.583008 0.895833 0.583008 0.897135 0.583984 0.898438 0.584961 0.902344 0.586914 0.904948 0.586914 0.906250 0.588867 0.910156 0.588867 0.912760 0.589844 0.914062 0.590820 0.917969 0.591797 0.919271 0.595703 0.919271 0.603516 0.908854 0.606445 0.907552 0.609375 0.903646 0.609375 0.901042 0.610352 0.899740 0.610352 0.894531 0.609375 0.893229 0.609375 0.891927 0.607422 0.889323 0.606445 0.889323 0.605469 0.888021 0.602539 0.888021 0.601562 0.886719 0.600586 0.886719 0.599609 0.885417 0.599609 0.884115 0.595703 0.878906 0.592773 0.878906 0.591797 0.880208 0.588867 0.880208 0.585938 0.876302
0 0.639648 0.845052 0.638672 0.846354 0.636719 0.846354 0.635742 0.847656 0.633789 0.847656 0.632812 0.848958 0.629883 0.848958 0.627930 0.851562 0.626953 0.851562 0.627930 0.852865 0.627930 0.875000 0.628906 0.876302 0.628906 0.878906 0.631836 0.882812 0.631836 0.884115 0.638672 0.893229 0.638672 0.894531 0.642578 0.899740 0.643555 0.898438 0.645508 0.898438 0.650391 0.891927 0.650391 0.890625 0.651367 0.889323 0.651367 0.888021 0.652344 0.886719 0.652344 0.885417 0.655273 0.878906 0.655273 0.871094 0.654297 0.869792 0.654297 0.867188 0.653320 0.865885 0.653320 0.861979 0.652344 0.860677 0.652344 0.858073 0.651367 0.856771 0.651367 0.854167 0.650391 0.852865 0.650391 0.851562 0.647461 0.847656 0.646484 0.847656 0.643555 0.845052
0 0.667969 0.830729 0.665039 0.830729 0.664062 0.832031 0.663086 0.832031 0.661133 0.834635 0.661133 0.835938 0.656250 0.842448 0.656250 0.845052 0.655273 0.846354 0.655273 0.861979 0.656250 0.863281 0.656250 0.864583 0.657227 0.865885 0.657227 0.867188 0.661133 0.872396 0.665039 0.872396 0.666016 0.873698 0.666992 0.872396 0.670898 0.872396 0.671875 0.871094 0.672852 0.871094 0.673828 0.869792 0.674805 0.869792 0.681641 0.860677 0.681641 0.843750 0.680664 0.842448 0.680664 0.841146 0.679688 0.839844 0.679688 0.838542 0.678711 0.837240 0.678711 0.835938 0.677734 0.835938 0.676758 0.834635 0.675781 0.834635 0.672852 0.832031 0.668945 0.832031
0 0.647461 0.796875 0.643555 0.796875 0.642578 0.798177 0.632812 0.798177 0.630859 0.800781 0.629883 0.800781 0.627930 0.803385 0.627930 0.804688 0.626953 0.805990 0.626953 0.815104 0.627930 0.816406 0.627930 0.821615 0.628906 0.822917 0.628906 0.824219 0.629883 0.825521 0.629883 0.826823 0.630859 0.828125 0.631836 0.832031 0.634766 0.835938 0.635742 0.835938 0.637695 0.838542 0.637695 0.839844 0.638672 0.841146 0.640625 0.841146 0.641602 0.842448 0.643555 0.842448 0.644531 0.841146 0.648438 0.841146 0.649414 0.839844 0.651367 0.839844 0.652344 0.838542 0.655273 0.838542 0.658203 0.835938 0.658203 0.834635 0.660156 0.830729 0.660156 0.822917 0.659180 0.821615 0.659180 0.819010 0.658203 0.817708 0.658203 0.815104 0.657227 0.813802 0.657227 0.811198 0.655273 0.808594 0.655273 0.807292
0 0.674805 0.783854 0.672852 0.783854 0.671875 0.785156 0.663086 0.785156 0.660156 0.787760 0.658203 0.787760 0.656250 0.791667 0.656250 0.794271 0.655273 0.795573 0.655273 0.804688 0.657227 0.807292 0.657227 0.809896 0.658203 0.811198 0.658203 0.812500 0.659180 0.813802 0.659180 0.815104 0.660156 0.816406 0.660156 0.817708 0.661133 0.819010 0.661133 0.820312 0.663086 0.822917 0.667969 0.822917 0.668945 0.821615 0.677734 0.821615 0.680664 0.819010 0.680664 0.817708 0.682617 0.813802 0.682617 0.811198 0.683594 0.809896 0.683594 0.808594 0.682617 0.807292 0.682617 0.803385 0.681641 0.802083 0.681641 0.798177 0.680664 0.796875 0.680664 0.791667 0.679688 0.790365 0.679688 0.787760 0.678711 0.786458 0.677734 0.786458
0 0.687500 0.812500 0.683594 0.817708 0.683594 0.819010 0.682617 0.820312 0.682617 0.821615 0.681641 0.822917 0.681641 0.832031 0.682617 0.833333 0.682617 0.834635 0.683594 0.835938 0.683594 0.837240 0.687500 0.842448 0.691406 0.842448 0.692383 0.843750 0.700195 0.843750 0.701172 0.842448 0.702148 0.842448 0.703125 0.841146 0.703125 0.839844 0.704102 0.838542 0.704102 0.837240 0.706055 0.834635 0.706055 0.833333 0.707031 0.832031 0.707031 0.830729 0.708008 0.829427 0.708008 0.828125 0.708984 0.826823 0.708984 0.820312 0.708008 0.819010 0.708008 0.817708 0.704102 0.812500 0.702148 0.812500 0.701172 0.813802 0.699219 0.813802 0.698242 0.812500
0 0.704102 0.770833 0.702148 0.770833 0.701172 0.772135 0.698242 0.772135 0.697266 0.773438 0.689453 0.773438 0.688477 0.774740 0.687500 0.774740 0.681641 0.782552 0.681641 0.783854 0.683594 0.787760 0.683594 0.789062 0.682617 0.790365 0.682617 0.799479 0.683594 0.800781 0.683594 0.802083 0.685547 0.805990 0.685547 0.808594 0.687500 0.811198 0.693359 0.811198 0.694336 0.812500 0.704102 0.812500 0.704102 0.811198 0.705078 0.809896 0.705078 0.808594 0.706055 0.807292 0.706055 0.805990 0.708008 0.802083 0.708008 0.798177 0.708984 0.796875 0.708984 0.791667 0.709961 0.790365 0.709961 0.787760 0.708008 0.783854 0.708008 0.778646 0.707031 0.777344 0.706055 0.773438
0 0.730469 0.787760 0.729492 0.787760 0.728516 0.786458 0.725586 0.786458 0.724609 0.785156 0.719727 0.785156 0.718750 0.786458 0.714844 0.786458 0.713867 0.787760 0.711914 0.787760 0.710938 0.789062 0.710938 0.790365 0.709961 0.791667 0.709961 0.795573 0.708984 0.796875 0.708984 0.808594 0.709961 0.809896 0.709961 0.811198 0.710938 0.812500 0.710938 0.815104 0.712891 0.817708 0.713867 0.817708 0.714844 0.819010 0.723633 0.819010 0.724609 0.817708 0.725586 0.817708 0.726562 0.816406 0.727539 0.816406 0.729492 0.813802 0.729492 0.812500 0.730469 0.811198 0.730469 0.808594 0.731445 0.807292 0.731445 0.804688 0.732422 0.803385 0.732422 0.791667 0.731445 0.790365 0.731445 0.789062
0 0.637695 0.750000 0.636719 0.751302 0.634766 0.751302 0.631836 0.755208 0.630859 0.755208 0.629883 0.756510 0.628906 0.756510 0.627930 0.757812 0.626953 0.757812 0.626953 0.759115 0.625000 0.761719 0.624023 0.761719 0.624023 0.768229 0.625000 0.769531 0.625000 0.777344 0.628906 0.782552 0.628906 0.783854 0.634766 0.791667 0.635742 0.791667 0.636719 0.792969 0.638672 0.792969 0.639648 0.794271 0.642578 0.794271 0.643555 0.792969 0.644531 0.792969 0.647461 0.790365 0.647461 0.789062 0.649414 0.786458 0.649414 0.785156 0.651367 0.781250 0.651367 0.777344 0.652344 0.776042 0.652344 0.765625 0.651367 0.764323 0.651367 0.763021 0.648438 0.759115 0.648438 0.757812 0.646484 0.755208 0.645508 0.755208 0.642578 0.751302 0.639648 0.751302 0.638672 0.750000
0 0.619141 0.708333 0.619141 0.709635 0.618164 0.710938 0.618164 0.712240 0.616211 0.716146 0.616211 0.723958 0.617188 0.725260 0.617188 0.727865 0.618164 0.729167 0.618164 0.733073 0.619141 0.734375 0.619141 0.735677 0.622070 0.739583 0.623047 0.739583 0.625977 0.742188 0.631836 0.742188 0.632812 0.743490 0.638672 0.743490 0.638672 0.742188 0.639648 0.740885 0.639648 0.739583 0.641602 0.736979 0.641602 0.735677 0.642578 0.734375 0.642578 0.731771 0.643555 0.730469 0.643555 0.726562 0.644531 0.725260 0.644531 0.717448 0.643555 0.716146 0.643555 0.714844 0.642578 0.713542 0.642578 0.712240 0.640625 0.709635 0.639648 0.709635 0.638672 0.708333 0.634766 0.708333 0.633789 0.707031 0.626953 0.707031 0.625977 0.705729 0.625000 0.707031 0.621094 0.707031 0.620117 0.708333
0 0.666992 0.726562 0.662109 0.726562 0.661133 0.727865 0.657227 0.727865 0.656250 0.729167 0.654297 0.729167 0.653320 0.730469 0.652344 0.730469 0.651367 0.731771 0.648438 0.733073 0.647461 0.734375 0.647461 0.735677 0.644531 0.739583 0.644531 0.740885 0.643555 0.742188 0.643555 0.744792 0.642578 0.746094 0.643555 0.747396 0.643555 0.750000 0.644531 0.751302 0.644531 0.752604 0.645508 0.752604 0.649414 0.757812 0.649414 0.759115 0.650391 0.760417 0.651367 0.760417 0.653320 0.763021 0.653320 0.764323 0.655273 0.766927 0.656250 0.766927 0.657227 0.768229 0.659180 0.768229 0.660156 0.766927 0.662109 0.766927 0.665039 0.764323 0.666992 0.764323 0.667969 0.763021 0.670898 0.761719 0.673828 0.757812 0.673828 0.746094 0.672852 0.744792 0.672852 0.739583 0.671875 0.738281 0.671875 0.735677 0.670898 0.734375 0.670898 0.733073 0.669922 0.731771 0.668945 0.727865 0.667969 0.727865
0 0.681641 0.708333 0.680664 0.709635 0.679688 0.709635 0.674805 0.716146 0.674805 0.717448 0.672852 0.720052 0.672852 0.721354 0.671875 0.722656 0.671875 0.725260 0.670898 0.726562 0.671875 0.727865 0.671875 0.735677 0.672852 0.736979 0.672852 0.738281 0.673828 0.739583 0.673828 0.740885 0.674805 0.742188 0.674805 0.743490 0.675781 0.744792 0.676758 0.744792 0.680664 0.750000 0.685547 0.750000 0.689453 0.744792 0.690430 0.744792 0.693359 0.742188 0.695312 0.742188 0.698242 0.739583 0.700195 0.739583 0.701172 0.738281 0.702148 0.738281 0.703125 0.736979 0.703125 0.729167 0.702148 0.727865 0.702148 0.726562 0.701172 0.725260 0.701172 0.723958 0.699219 0.721354 0.699219 0.720052 0.696289 0.716146 0.695312 0.716146 0.691406 0.710938 0.690430 0.710938 0.687500 0.708333
0 0.708008 0.730469 0.706055 0.733073 0.706055 0.734375 0.705078 0.735677 0.705078 0.740885 0.706055 0.742188 0.706055 0.748698 0.707031 0.750000 0.707031 0.751302 0.708984 0.755208 0.708984 0.757812 0.709961 0.759115 0.709961 0.760417 0.711914 0.763021 0.711914 0.764323 0.712891 0.764323 0.713867 0.765625 0.713867 0.766927 0.719727 0.774740 0.728516 0.774740 0.729492 0.773438 0.730469 0.773438 0.733398 0.769531 0.733398 0.768229 0.734375 0.766927 0.734375 0.748698 0.733398 0.747396 0.733398 0.743490 0.732422 0.742188 0.732422 0.739583 0.730469 0.736979 0.729492 0.733073 0.726562 0.729167 0.725586 0.729167 0.724609 0.727865 0.722656 0.727865 0.721680 0.729167 0.719727 0.729167 0.716797 0.731771 0.713867 0.731771 0.712891 0.733073 0.711914 0.731771 0.709961 0.731771 0.708984 0.730469
0 0.743164 0.746094 0.742188 0.747396 0.739258 0.748698 0.736328 0.752604 0.736328 0.761719 0.735352 0.763021 0.735352 0.770833 0.734375 0.772135 0.734375 0.776042 0.735352 0.777344 0.735352 0.783854 0.736328 0.785156 0.737305 0.789062 0.738281 0.789062 0.740234 0.791667 0.744141 0.791667 0.745117 0.792969 0.752930 0.792969 0.754883 0.790365 0.755859 0.790365 0.756836 0.786458 0.758789 0.783854 0.758789 0.782552 0.760742 0.779948 0.760742 0.778646 0.762695 0.774740 0.762695 0.772135 0.763672 0.770833 0.763672 0.768229 0.764648 0.766927 0.764648 0.756510 0.763672 0.755208 0.760742 0.753906 0.758789 0.751302 0.753906 0.751302 0.752930 0.750000 0.750977 0.750000 0.750000 0.748698 0.747070 0.748698 0.746094 0.747396 0.744141 0.747396
0 0.765625 0.782552 0.764648 0.783854 0.763672 0.783854 0.761719 0.786458 0.760742 0.786458 0.757812 0.790365 0.757812 0.791667 0.755859 0.794271 0.755859 0.795573 0.754883 0.796875 0.754883 0.798177 0.752930 0.802083 0.752930 0.809896 0.753906 0.811198 0.753906 0.812500 0.754883 0.813802 0.755859 0.813802 0.759766 0.819010 0.760742 0.819010 0.761719 0.820312 0.763672 0.820312 0.766602 0.822917 0.770508 0.822917 0.773438 0.820312 0.776367 0.820312 0.778320 0.817708 0.779297 0.817708 0.780273 0.816406 0.780273 0.815104 0.781250 0.813802 0.781250 0.811198 0.782227 0.809896 0.782227 0.807292 0.783203 0.805990 0.783203 0.802083 0.782227 0.800781 0.782227 0.798177 0.781250 0.796875 0.781250 0.794271 0.780273 0.792969 0.780273 0.790365 0.778320 0.787760 0.777344 0.787760 0.773438 0.782552
0 0.774414 0.761719 0.773438 0.763021 0.773438 0.774740 0.772461 0.776042 0.772461 0.778646 0.773438 0.779948 0.773438 0.781250 0.776367 0.785156 0.777344 0.785156 0.779297 0.787760 0.780273 0.787760 0.781250 0.789062 0.783203 0.789062 0.784180 0.790365 0.791992 0.790365 0.792969 0.791667 0.794922 0.791667 0.796875 0.789062 0.796875 0.765625 0.794922 0.763021 0.793945 0.763021 0.791992 0.765625 0.790039 0.765625 0.789062 0.766927 0.783203 0.766927 0.782227 0.765625 0.781250 0.765625 0.779297 0.763021 0.777344 0.763021 0.776367 0.761719
0 0.774414 0.718750 0.773438 0.720052 0.773438 0.722656 0.771484 0.725260 0.768555 0.726562 0.766602 0.729167 0.766602 0.730469 0.765625 0.731771 0.765625 0.744792 0.766602 0.746094 0.766602 0.747396 0.774414 0.757812 0.775391 0.757812 0.782227 0.765625 0.791992 0.765625 0.792969 0.764323 0.793945 0.764323 0.794922 0.763021 0.794922 0.760417 0.797852 0.753906 0.797852 0.747396 0.798828 0.746094 0.798828 0.740885 0.797852 0.739583 0.797852 0.734375 0.796875 0.733073 0.796875 0.731771 0.793945 0.727865 0.792969 0.727865 0.791016 0.725260 0.790039 0.725260 0.788086 0.722656 0.787109 0.722656 0.785156 0.720052 0.784180 0.720052 0.783203 0.718750
0 0.668945 0.683594 0.661133 0.683594 0.660156 0.684896 0.659180 0.684896 0.658203 0.686198 0.655273 0.686198 0.653320 0.688802 0.653320 0.690104 0.651367 0.692708 0.651367 0.696615 0.650391 0.697917 0.650391 0.708333 0.649414 0.709635 0.652344 0.713542 0.652344 0.714844 0.653320 0.716146 0.654297 0.716146 0.655273 0.717448 0.657227 0.717448 0.658203 0.718750 0.665039 0.718750 0.666016 0.717448 0.667969 0.717448 0.669922 0.714844 0.670898 0.714844 0.673828 0.710938 0.673828 0.688802 0.672852 0.687500 0.672852 0.686198 0.671875 0.686198 0.670898 0.684896 0.669922 0.684896
0 0.596680 0.674479 0.593750 0.678385 0.593750 0.679688 0.592773 0.680990 0.592773 0.687500 0.593750 0.688802 0.593750 0.690104 0.594727 0.691406 0.594727 0.692708 0.595703 0.694010 0.595703 0.695312 0.596680 0.696615 0.596680 0.697917 0.597656 0.699219 0.597656 0.700521 0.601562 0.705729 0.601562 0.707031 0.602539 0.708333 0.607422 0.708333 0.608398 0.707031 0.610352 0.707031 0.611328 0.705729 0.614258 0.705729 0.620117 0.700521 0.620117 0.699219 0.622070 0.695312 0.622070 0.684896 0.621094 0.683594 0.621094 0.682292 0.620117 0.680990 0.620117 0.679688 0.619141 0.678385 0.619141 0.677083 0.616211 0.673177 0.615234 0.673177 0.612305 0.670573 0.602539 0.670573 0.601562 0.671875 0.600586 0.671875 0.599609 0.673177 0.598633 0.673177 0.597656 0.674479
0 0.580078 0.678385 0.579102 0.679688 0.578125 0.679688 0.577148 0.680990 0.576172 0.680990 0.575195 0.682292 0.574219 0.682292 0.571289 0.684896 0.572266 0.686198 0.572266 0.690104 0.571289 0.691406 0.571289 0.692708 0.570312 0.694010 0.570312 0.695312 0.568359 0.697917 0.568359 0.701823 0.567383 0.703125 0.567383 0.705729 0.570312 0.709635 0.572266 0.709635 0.573242 0.710938 0.574219 0.710938 0.577148 0.714844 0.578125 0.714844 0.581055 0.717448 0.583984 0.717448 0.584961 0.716146 0.587891 0.716146 0.588867 0.714844 0.589844 0.714844 0.593750 0.709635 0.593750 0.707031 0.594727 0.705729 0.594727 0.701823 0.595703 0.700521 0.595703 0.699219 0.594727 0.697917 0.594727 0.694010 0.593750 0.692708 0.593750 0.691406 0.589844 0.686198 0.588867 0.686198 0.586914 0.683594 0.586914 0.682292 0.583984 0.678385
0 0.581055 0.636719 0.577148 0.636719 0.576172 0.638021 0.575195 0.638021 0.574219 0.639323 0.573242 0.639323 0.566406 0.648438 0.566406 0.649740 0.565430 0.651042 0.565430 0.653646 0.564453 0.654948 0.564453 0.657552 0.563477 0.658854 0.563477 0.667969 0.569336 0.675781 0.572266 0.675781 0.573242 0.677083 0.576172 0.677083 0.577148 0.675781 0.579102 0.675781 0.580078 0.674479 0.581055 0.674479 0.583984 0.670573 0.584961 0.670573 0.585938 0.669271 0.585938 0.667969 0.587891 0.665365 0.587891 0.647135 0.586914 0.645833 0.586914 0.644531 0.583984 0.640625 0.583984 0.639323
0 0.594727 0.643229 0.594727 0.644531 0.593750 0.645833 0.593750 0.664062 0.594727 0.665365 0.594727 0.666667 0.595703 0.666667 0.596680 0.667969 0.600586 0.667969 0.601562 0.669271 0.613281 0.669271 0.614258 0.670573 0.617188 0.670573 0.618164 0.671875 0.619141 0.671875 0.621094 0.669271 0.622070 0.669271 0.623047 0.667969 0.623047 0.665365 0.624023 0.664062 0.624023 0.661458 0.623047 0.660156 0.623047 0.648438 0.622070 0.647135 0.622070 0.645833 0.621094 0.644531 0.621094 0.643229 0.620117 0.641927 0.620117 0.640625 0.617188 0.636719 0.616211 0.636719 0.613281 0.634115 0.603516 0.634115 0.598633 0.640625 0.597656 0.640625 0.595703 0.643229
0 0.622070 0.627604 0.622070 0.628906 0.621094 0.630208 0.621094 0.632812 0.620117 0.634115 0.620117 0.638021 0.621094 0.639323 0.621094 0.641927 0.623047 0.645833 0.623047 0.651042 0.624023 0.652344 0.624023 0.657552 0.625977 0.661458 0.626953 0.661458 0.627930 0.662760 0.634766 0.662760 0.635742 0.661458 0.642578 0.661458 0.643555 0.660156 0.645508 0.660156 0.647461 0.657552 0.647461 0.656250 0.648438 0.654948 0.648438 0.652344 0.649414 0.651042 0.649414 0.636719 0.645508 0.628906 0.644531 0.628906 0.643555 0.627604 0.639648 0.627604 0.638672 0.626302 0.627930 0.626302 0.626953 0.627604
0 0.658203 0.658854 0.658203 0.665365 0.659180 0.666667 0.659180 0.669271 0.665039 0.677083 0.666992 0.677083 0.667969 0.678385 0.668945 0.678385 0.671875 0.680990 0.673828 0.680990 0.674805 0.682292 0.680664 0.682292 0.681641 0.680990 0.685547 0.680990 0.688477 0.678385 0.690430 0.678385 0.693359 0.675781 0.695312 0.675781 0.698242 0.671875 0.698242 0.669271 0.699219 0.667969 0.699219 0.653646 0.693359 0.645833 0.691406 0.645833 0.690430 0.644531 0.685547 0.644531 0.684570 0.643229 0.672852 0.643229 0.667969 0.647135 0.665039 0.647135 0.664062 0.648438 0.663086 0.648438 0.663086 0.649740 0.662109 0.651042 0.661133 0.654948
0 0.705078 0.674479 0.700195 0.674479 0.699219 0.675781 0.696289 0.675781 0.693359 0.678385 0.691406 0.678385 0.690430 0.679688 0.689453 0.679688 0.688477 0.680990 0.687500 0.680990 0.684570 0.684896 0.684570 0.686198 0.683594 0.687500 0.683594 0.692708 0.682617 0.694010 0.682617 0.695312 0.686523 0.700521 0.686523 0.701823 0.687500 0.703125 0.688477 0.703125 0.690430 0.705729 0.690430 0.707031 0.691406 0.708333 0.692383 0.708333 0.695312 0.712240 0.696289 0.712240 0.697266 0.713542 0.698242 0.712240 0.701172 0.712240 0.702148 0.710938 0.705078 0.710938 0.706055 0.709635 0.707031 0.709635 0.708008 0.708333 0.708984 0.708333 0.711914 0.704427 0.711914 0.703125 0.713867 0.700521 0.713867 0.692708 0.712891 0.691406 0.712891 0.688802 0.711914 0.687500 0.711914 0.684896 0.710938 0.683594 0.710938 0.682292
0 0.711914 0.680990 0.711914 0.687500 0.712891 0.688802 0.712891 0.690104 0.714844 0.692708 0.714844 0.697917 0.715820 0.699219 0.715820 0.700521 0.716797 0.700521 0.717773 0.701823 0.719727 0.701823 0.720703 0.703125 0.722656 0.703125 0.723633 0.704427 0.727539 0.704427 0.730469 0.700521 0.731445 0.700521 0.731445 0.699219 0.734375 0.695312 0.734375 0.692708 0.733398 0.691406 0.733398 0.690104 0.731445 0.690104 0.730469 0.688802 0.729492 0.688802 0.728516 0.687500 0.725586 0.687500 0.724609 0.686198 0.721680 0.686198 0.720703 0.684896 0.719727 0.684896 0.718750 0.683594 0.717773 0.683594 0.716797 0.682292 0.713867 0.682292 0.712891 0.680990
0 0.724609 0.658854 0.724609 0.664062 0.725586 0.665365 0.725586 0.678385 0.726562 0.679688 0.726562 0.682292 0.727539 0.683594 0.727539 0.684896 0.728516 0.684896 0.729492 0.686198 0.732422 0.687500 0.734375 0.690104 0.736328 0.690104 0.737305 0.691406 0.750977 0.691406 0.753906 0.687500 0.753906 0.686198 0.755859 0.683594 0.755859 0.680990 0.757812 0.677083 0.757812 0.669271 0.753906 0.664062 0.752930 0.664062 0.750000 0.660156 0.750000 0.658854 0.748047 0.656250 0.747070 0.656250 0.745117 0.653646 0.744141 0.653646 0.743164 0.652344 0.738281 0.652344 0.737305 0.651042 0.733398 0.651042 0.728516 0.657552 0.726562 0.657552 0.725586 0.658854
0 0.751953 0.628906 0.750977 0.630208 0.750000 0.630208 0.750000 0.645833 0.750977 0.647135 0.750000 0.648438 0.750000 0.651042 0.749023 0.652344 0.750000 0.653646 0.750000 0.654948 0.750977 0.656250 0.750977 0.658854 0.752930 0.661458 0.752930 0.662760 0.754883 0.665365 0.755859 0.665365 0.759766 0.670573 0.760742 0.669271 0.762695 0.669271 0.763672 0.667969 0.763672 0.666667 0.764648 0.665365 0.764648 0.664062 0.765625 0.662760 0.765625 0.643229 0.764648 0.641927 0.764648 0.639323 0.763672 0.638021 0.763672 0.634115 0.762695 0.632812 0.762695 0.630208 0.761719 0.628906
0 0.768555 0.647135 0.766602 0.649740 0.766602 0.651042 0.765625 0.652344 0.765625 0.662760 0.764648 0.664062 0.764648 0.665365 0.761719 0.669271 0.760742 0.673177 0.761719 0.674479 0.761719 0.675781 0.764648 0.679688 0.764648 0.680990 0.765625 0.682292 0.766602 0.686198 0.770508 0.691406 0.772461 0.691406 0.773438 0.692708 0.775391 0.692708 0.778320 0.695312 0.781250 0.692708 0.782227 0.688802 0.785156 0.684896 0.785156 0.683594 0.787109 0.680990 0.787109 0.679688 0.789062 0.675781 0.789062 0.673177 0.788086 0.671875 0.788086 0.669271 0.787109 0.667969 0.787109 0.665365 0.786133 0.664062 0.786133 0.660156 0.785156 0.658854 0.785156 0.656250 0.784180 0.654948 0.784180 0.653646 0.783203 0.653646 0.782227 0.652344 0.781250 0.652344 0.780273 0.651042 0.779297 0.651042 0.778320 0.649740 0.777344 0.649740 0.774414 0.647135
0 0.790039 0.677083 0.789062 0.678385 0.789062 0.679688 0.785156 0.684896 0.785156 0.686198 0.784180 0.687500 0.783203 0.691406 0.781250 0.694010 0.781250 0.696615 0.780273 0.697917 0.780273 0.707031 0.781250 0.708333 0.781250 0.710938 0.786133 0.717448 0.787109 0.717448 0.789062 0.720052 0.790039 0.720052 0.791016 0.721354 0.795898 0.721354 0.796875 0.720052 0.798828 0.720052 0.801758 0.717448 0.811523 0.717448 0.814453 0.713542 0.814453 0.712240 0.815430 0.710938 0.815430 0.708333 0.816406 0.707031 0.816406 0.705729 0.815430 0.704427 0.814453 0.700521 0.812500 0.697917 0.812500 0.696615 0.804688 0.686198 0.803711 0.686198 0.800781 0.682292 0.799805 0.682292 0.797852 0.679688 0.796875 0.679688 0.795898 0.678385 0.792969 0.678385 0.791992 0.677083
0 0.805664 0.649740 0.804688 0.651042 0.802734 0.651042 0.800781 0.653646 0.800781 0.654948 0.799805 0.656250 0.799805 0.657552 0.798828 0.658854 0.798828 0.662760 0.797852 0.664062 0.797852 0.665365 0.796875 0.666667 0.796875 0.674479 0.797852 0.675781 0.797852 0.677083 0.799805 0.679688 0.800781 0.679688 0.805664 0.686198 0.810547 0.686198 0.811523 0.684896 0.812500 0.684896 0.815430 0.680990 0.815430 0.677083 0.814453 0.675781 0.814453 0.673177 0.815430 0.671875 0.815430 0.670573 0.816406 0.669271 0.816406 0.667969 0.818359 0.665365 0.819336 0.665365 0.820312 0.664062 0.821289 0.664062 0.821289 0.658854 0.818359 0.654948 0.817383 0.654948 0.816406 0.653646 0.815430 0.653646 0.814453 0.652344 0.813477 0.652344 0.812500 0.651042 0.811523 0.651042 0.810547 0.649740
0 0.793945 0.610677 0.792969 0.611979 0.793945 0.611979 0.794922 0.613281 0.795898 0.617188 0.794922 0.618490 0.794922 0.621094 0.793945 0.622396 0.793945 0.623698 0.791992 0.626302 0.791016 0.626302 0.791016 0.631510 0.791992 0.632812 0.793945 0.632812 0.796875 0.636719 0.796875 0.644531 0.795898 0.645833 0.795898 0.647135 0.807617 0.647135 0.808594 0.645833 0.814453 0.645833 0.815430 0.644531 0.816406 0.644531 0.819336 0.640625 0.819336 0.639323 0.823242 0.632812 0.823242 0.628906 0.822266 0.627604 0.821289 0.623698 0.816406 0.617188 0.815430 0.617188 0.813477 0.614583 0.812500 0.614583 0.810547 0.611979 0.809570 0.611979 0.806641 0.609375 0.803711 0.609375 0.802734 0.608073 0.797852 0.608073 0.796875 0.609375
0 0.800781 0.572917 0.799805 0.576823 0.797852 0.579427 0.797852 0.582031 0.796875 0.583333 0.796875 0.585938 0.795898 0.587240 0.795898 0.591146 0.794922 0.592448 0.794922 0.597656 0.795898 0.598958 0.795898 0.600260 0.798828 0.604167 0.799805 0.604167 0.800781 0.605469 0.803711 0.605469 0.804688 0.606771 0.806641 0.606771 0.807617 0.608073 0.808594 0.608073 0.810547 0.610677 0.814453 0.610677 0.815430 0.611979 0.824219 0.611979 0.825195 0.610677 0.825195 0.600260 0.826172 0.598958 0.826172 0.593750 0.825195 0.592448 0.825195 0.591146 0.823242 0.587240 0.823242 0.584635 0.822266 0.583333 0.822266 0.575521 0.821289 0.575521 0.818359 0.572917 0.815430 0.572917 0.814453 0.571615 0.810547 0.571615 0.809570 0.570312 0.805664 0.570312 0.804688 0.571615 0.802734 0.571615 0.801758 0.572917
0 0.829102 0.532552 0.828125 0.533854 0.825195 0.533854 0.824219 0.535156 0.823242 0.535156 0.820312 0.539062 0.821289 0.540365 0.821289 0.550781 0.822266 0.552083 0.822266 0.554688 0.823242 0.555990 0.823242 0.566406 0.822266 0.567708 0.822266 0.570312 0.824219 0.572917 0.825195 0.572917 0.826172 0.574219 0.829102 0.574219 0.830078 0.575521 0.833984 0.575521 0.834961 0.574219 0.836914 0.574219 0.840820 0.569010 0.841797 0.569010 0.845703 0.563802 0.845703 0.555990 0.844727 0.554688 0.844727 0.553385 0.843750 0.552083 0.843750 0.550781 0.842773 0.549479 0.842773 0.548177 0.839844 0.544271 0.839844 0.542969 0.837891 0.540365 0.837891 0.539062 0.836914 0.537760 0.835938 0.537760 0.833984 0.535156 0.833984 0.533854 0.832031 0.533854 0.831055 0.532552
0 0.760742 0.552083 0.759766 0.553385 0.759766 0.555990 0.761719 0.558594 0.761719 0.570312 0.762695 0.571615 0.762695 0.575521 0.764648 0.578125 0.765625 0.578125 0.768555 0.580729 0.770508 0.580729 0.771484 0.582031 0.774414 0.582031 0.775391 0.583333 0.778320 0.583333 0.779297 0.582031 0.780273 0.582031 0.781250 0.580729 0.781250 0.579427 0.783203 0.576823 0.783203 0.569010 0.784180 0.567708 0.784180 0.561198 0.785156 0.559896 0.785156 0.552083 0.784180 0.550781 0.784180 0.549479 0.783203 0.548177 0.781250 0.548177 0.780273 0.546875 0.777344 0.546875 0.776367 0.545573 0.773438 0.545573 0.772461 0.546875 0.770508 0.546875 0.767578 0.550781 0.762695 0.550781 0.761719 0.552083
0 0.756836 0.589844 0.755859 0.591146 0.756836 0.592448 0.756836 0.598958 0.757812 0.600260 0.757812 0.601562 0.758789 0.602865 0.758789 0.604167 0.760742 0.606771 0.760742 0.609375 0.761719 0.610677 0.762695 0.610677 0.764648 0.613281 0.764648 0.614583 0.766602 0.617188 0.766602 0.618490 0.769531 0.622396 0.770508 0.622396 0.771484 0.623698 0.776367 0.623698 0.777344 0.622396 0.778320 0.622396 0.779297 0.621094 0.780273 0.621094 0.783203 0.617188 0.783203 0.615885 0.785156 0.613281 0.785156 0.611979 0.786133 0.610677 0.786133 0.605469 0.785156 0.604167 0.785156 0.600260 0.783203 0.597656 0.783203 0.596354 0.781250 0.593750 0.781250 0.592448 0.776367 0.585938 0.766602 0.585938 0.765625 0.587240 0.760742 0.587240 0.759766 0.588542 0.758789 0.588542 0.757812 0.589844
0 0.751953 0.587240 0.744141 0.587240 0.743164 0.588542 0.730469 0.588542 0.729492 0.589844 0.727539 0.589844 0.727539 0.592448 0.726562 0.593750 0.726562 0.602865 0.727539 0.604167 0.727539 0.608073 0.728516 0.609375 0.728516 0.614583 0.729492 0.615885 0.729492 0.618490 0.731445 0.622396 0.733398 0.622396 0.734375 0.623698 0.738281 0.623698 0.739258 0.625000 0.745117 0.625000 0.746094 0.623698 0.748047 0.623698 0.755859 0.613281 0.756836 0.613281 0.756836 0.611979 0.757812 0.610677 0.756836 0.609375 0.756836 0.602865 0.755859 0.601562 0.755859 0.596354 0.754883 0.595052 0.754883 0.592448 0.753906 0.591146 0.753906 0.589844
0 0.692383 0.608073 0.689453 0.611979 0.688477 0.611979 0.687500 0.613281 0.685547 0.613281 0.684570 0.614583 0.683594 0.614583 0.682617 0.615885 0.680664 0.615885 0.679688 0.617188 0.677734 0.617188 0.676758 0.618490 0.676758 0.619792 0.675781 0.621094 0.675781 0.630208 0.676758 0.631510 0.676758 0.632812 0.683594 0.641927 0.685547 0.641927 0.686523 0.643229 0.691406 0.643229 0.692383 0.644531 0.693359 0.643229 0.694336 0.643229 0.695312 0.641927 0.696289 0.641927 0.697266 0.640625 0.698242 0.640625 0.700195 0.638021 0.700195 0.636719 0.701172 0.635417 0.701172 0.634115 0.702148 0.632812 0.702148 0.628906 0.703125 0.627604 0.702148 0.626302 0.702148 0.622396 0.701172 0.621094 0.701172 0.619792
0 0.686523 0.582031 0.685547 0.582031 0.684570 0.580729 0.683594 0.580729 0.682617 0.579427 0.681641 0.579427 0.680664 0.578125 0.679688 0.578125 0.676758 0.575521 0.674805 0.575521 0.673828 0.574219 0.671875 0.574219 0.670898 0.575521 0.668945 0.575521 0.667969 0.579427 0.665039 0.583333 0.664062 0.583333 0.661133 0.585938 0.661133 0.593750 0.662109 0.595052 0.662109 0.598958 0.661133 0.600260 0.662109 0.601562 0.662109 0.604167 0.663086 0.605469 0.663086 0.608073 0.664062 0.609375 0.664062 0.611979 0.665039 0.613281 0.665039 0.617188 0.666016 0.618490 0.666992 0.618490 0.667969 0.617188 0.675781 0.617188 0.676758 0.615885 0.680664 0.615885 0.681641 0.614583 0.683594 0.614583 0.684570 0.613281 0.685547 0.613281 0.686523 0.611979 0.689453 0.610677 0.691406 0.608073 0.691406 0.604167 0.690430 0.602865 0.690430 0.597656 0.688477 0.593750 0.688477 0.591146 0.687500 0.589844 0.687500 0.583333
0 0.708008 0.567708 0.707031 0.569010 0.705078 0.569010 0.704102 0.570312 0.701172 0.571615 0.701172 0.572917 0.696289 0.579427 0.695312 0.579427 0.692383 0.583333 0.692383 0.584635 0.691406 0.585938 0.691406 0.592448 0.692383 0.593750 0.692383 0.595052 0.693359 0.596354 0.693359 0.597656 0.694336 0.598958 0.695312 0.602865 0.697266 0.605469 0.698242 0.605469 0.699219 0.606771 0.702148 0.606771 0.703125 0.608073 0.705078 0.608073 0.706055 0.609375 0.708008 0.609375 0.708984 0.610677 0.711914 0.610677 0.712891 0.609375 0.713867 0.609375 0.718750 0.602865 0.719727 0.602865 0.721680 0.600260 0.721680 0.598958 0.722656 0.597656 0.722656 0.595052 0.723633 0.593750 0.723633 0.583333 0.722656 0.582031 0.722656 0.579427 0.717773 0.572917 0.716797 0.572917 0.715820 0.571615 0.714844 0.571615 0.711914 0.569010 0.709961 0.569010 0.708984 0.567708
0 0.631836 0.589844 0.627930 0.595052 0.627930 0.597656 0.625977 0.601562 0.625977 0.609375 0.626953 0.610677 0.627930 0.614583 0.629883 0.617188 0.629883 0.618490 0.633789 0.623698 0.636719 0.623698 0.637695 0.625000 0.647461 0.625000 0.648438 0.623698 0.650391 0.623698 0.651367 0.622396 0.652344 0.622396 0.654297 0.619792 0.655273 0.619792 0.655273 0.618490 0.656250 0.617188 0.656250 0.615885 0.658203 0.611979 0.658203 0.604167 0.657227 0.602865 0.657227 0.600260 0.655273 0.597656 0.655273 0.596354 0.654297 0.595052 0.654297 0.592448 0.653320 0.591146 0.653320 0.589844 0.651367 0.589844 0.650391 0.588542 0.648438 0.588542 0.647461 0.587240 0.643555 0.587240 0.642578 0.585938 0.638672 0.585938 0.637695 0.587240 0.635742 0.587240 0.634766 0.588542
0 0.628906 0.570312 0.626953 0.570312 0.625977 0.569010 0.625000 0.570312 0.620117 0.570312 0.619141 0.571615 0.618164 0.571615 0.617188 0.572917 0.616211 0.572917 0.614258 0.575521 0.613281 0.575521 0.612305 0.576823 0.610352 0.576823 0.607422 0.579427 0.605469 0.579427 0.604492 0.580729 0.603516 0.580729 0.600586 0.584635 0.600586 0.589844 0.601562 0.591146 0.601562 0.593750 0.603516 0.596354 0.603516 0.597656 0.607422 0.602865 0.608398 0.602865 0.609375 0.604167 0.620117 0.604167 0.621094 0.602865 0.623047 0.602865 0.625000 0.600260 0.625000 0.598958 0.625977 0.597656 0.625977 0.596354 0.626953 0.595052 0.626953 0.593750 0.628906 0.591146 0.628906 0.589844 0.630859 0.585938 0.630859 0.572917
0 0.594727 0.597656 0.589844 0.597656 0.586914 0.600260 0.584961 0.600260 0.583008 0.602865 0.582031 0.602865 0.580078 0.605469 0.580078 0.606771 0.579102 0.608073 0.579102 0.613281 0.578125 0.614583 0.578125 0.623698 0.580078 0.626302 0.580078 0.627604 0.582031 0.630208 0.582031 0.631510 0.583008 0.632812 0.583008 0.634115 0.583984 0.635417 0.583984 0.636719 0.586914 0.640625 0.586914 0.641927 0.589844 0.641927 0.590820 0.640625 0.593750 0.640625 0.594727 0.639323 0.595703 0.639323 0.596680 0.638021 0.597656 0.638021 0.598633 0.636719 0.599609 0.636719 0.599609 0.635417 0.601562 0.631510 0.601562 0.628906 0.603516 0.625000 0.603516 0.618490 0.604492 0.617188 0.603516 0.615885 0.603516 0.613281 0.602539 0.611979 0.602539 0.610677 0.601562 0.609375 0.601562 0.608073 0.599609 0.605469 0.599609 0.604167 0.598633 0.602865 0.597656 0.602865 0.595703 0.600260 0.595703 0.598958
0 0.572266 0.600260 0.570312 0.600260 0.569336 0.598958 0.565430 0.598958 0.564453 0.597656 0.563477 0.597656 0.562500 0.598958 0.557617 0.598958 0.556641 0.600260 0.554688 0.600260 0.553711 0.601562 0.552734 0.601562 0.551758 0.602865 0.550781 0.602865 0.548828 0.605469 0.548828 0.611979 0.547852 0.613281 0.547852 0.618490 0.549805 0.622396 0.549805 0.625000 0.552734 0.628906 0.552734 0.630208 0.554688 0.632812 0.554688 0.634115 0.555664 0.635417 0.560547 0.635417 0.562500 0.632812 0.563477 0.632812 0.564453 0.631510 0.565430 0.631510 0.566406 0.630208 0.567383 0.630208 0.568359 0.628906 0.569336 0.628906 0.570312 0.627604 0.571289 0.627604 0.572266 0.626302 0.573242 0.626302 0.575195 0.623698 0.576172 0.623698 0.577148 0.622396 0.577148 0.619792 0.578125 0.618490 0.578125 0.610677 0.577148 0.609375 0.577148 0.608073 0.574219 0.604167 0.574219 0.602865
0 0.546875 0.562500 0.543945 0.566406 0.543945 0.567708 0.542969 0.569010 0.542969 0.578125 0.543945 0.579427 0.543945 0.582031 0.544922 0.583333 0.544922 0.587240 0.545898 0.588542 0.545898 0.591146 0.546875 0.592448 0.547852 0.592448 0.548828 0.593750 0.550781 0.593750 0.551758 0.595052 0.561523 0.595052 0.562500 0.593750 0.565430 0.593750 0.566406 0.592448 0.567383 0.592448 0.568359 0.591146 0.569336 0.591146 0.569336 0.589844 0.572266 0.585938 0.572266 0.575521 0.571289 0.574219 0.571289 0.569010 0.570312 0.567708 0.570312 0.565104 0.569336 0.563802 0.569336 0.562500 0.567383 0.558594 0.554688 0.558594 0.553711 0.559896 0.551758 0.559896 0.550781 0.561198 0.548828 0.561198 0.547852 0.562500
0 0.583008 0.553385 0.582031 0.554688 0.580078 0.554688 0.579102 0.555990 0.578125 0.555990 0.576172 0.558594 0.574219 0.558594 0.572266 0.561198 0.572266 0.562500 0.571289 0.563802 0.571289 0.565104 0.572266 0.566406 0.572266 0.570312 0.573242 0.571615 0.573242 0.576823 0.574219 0.578125 0.574219 0.583333 0.575195 0.584635 0.575195 0.585938 0.576172 0.587240 0.578125 0.587240 0.579102 0.588542 0.582031 0.588542 0.583008 0.589844 0.584961 0.589844 0.585938 0.591146 0.588867 0.591146 0.589844 0.589844 0.590820 0.589844 0.593750 0.585938 0.594727 0.585938 0.595703 0.584635 0.595703 0.583333 0.599609 0.578125 0.599609 0.575521 0.600586 0.574219 0.600586 0.570312 0.599609 0.569010 0.599609 0.563802 0.598633 0.562500 0.598633 0.559896 0.596680 0.557292 0.595703 0.557292 0.594727 0.555990 0.592773 0.555990 0.591797 0.554688 0.587891 0.554688 0.586914 0.553385
0 0.540039 0.520833 0.531250 0.528646 0.531250 0.529948 0.530273 0.531250 0.530273 0.533854 0.529297 0.535156 0.529297 0.542969 0.530273 0.544271 0.530273 0.545573 0.532227 0.548177 0.532227 0.549479 0.535156 0.553385 0.535156 0.554688 0.537109 0.557292 0.545898 0.557292 0.546875 0.555990 0.548828 0.555990 0.549805 0.554688 0.550781 0.554688 0.558594 0.544271 0.558594 0.533854 0.557617 0.532552 0.557617 0.531250 0.556641 0.529948 0.556641 0.528646 0.551758 0.522135 0.548828 0.522135 0.547852 0.520833
0 0.575195 0.511719 0.571289 0.516927 0.570312 0.516927 0.569336 0.518229 0.569336 0.519531 0.568359 0.520833 0.568359 0.523438 0.567383 0.524740 0.567383 0.527344 0.566406 0.528646 0.566406 0.529948 0.563477 0.533854 0.563477 0.537760 0.564453 0.539062 0.566406 0.539062 0.568359 0.541667 0.570312 0.541667 0.574219 0.546875 0.575195 0.546875 0.577148 0.549479 0.578125 0.549479 0.579102 0.550781 0.582031 0.550781 0.583008 0.552083 0.587891 0.552083 0.589844 0.549479 0.589844 0.548177 0.591797 0.544271 0.591797 0.537760 0.592773 0.536458 0.592773 0.535156 0.594727 0.532552 0.594727 0.524740 0.595703 0.523438 0.595703 0.522135 0.594727 0.520833 0.594727 0.519531 0.591797 0.515625 0.590820 0.515625 0.588867 0.513021 0.587891 0.513021 0.586914 0.511719 0.583984 0.511719 0.583008 0.510417 0.578125 0.510417 0.577148 0.511719
0 0.597656 0.540365 0.597656 0.541667 0.596680 0.542969 0.596680 0.550781 0.597656 0.552083 0.597656 0.554688 0.598633 0.555990 0.599609 0.559896 0.602539 0.563802 0.604492 0.563802 0.605469 0.565104 0.608398 0.565104 0.609375 0.566406 0.625977 0.566406 0.626953 0.565104 0.628906 0.565104 0.629883 0.563802 0.629883 0.562500 0.630859 0.561198 0.630859 0.548177 0.626953 0.541667 0.625977 0.541667 0.622070 0.536458 0.621094 0.536458 0.619141 0.533854 0.618164 0.533854 0.615234 0.531250 0.608398 0.531250 0.607422 0.532552 0.605469 0.532552 0.604492 0.533854 0.601562 0.535156
0 0.640625 0.537760 0.638672 0.540365 0.637695 0.540365 0.632812 0.546875 0.632812 0.548177 0.631836 0.549479 0.631836 0.563802 0.632812 0.565104 0.632812 0.567708 0.633789 0.569010 0.633789 0.570312 0.635742 0.572917 0.636719 0.572917 0.638672 0.575521 0.639648 0.575521 0.644531 0.580729 0.653320 0.580729 0.654297 0.579427 0.655273 0.579427 0.658203 0.576823 0.658203 0.575521 0.663086 0.569010 0.663086 0.567708 0.664062 0.566406 0.664062 0.563802 0.663086 0.562500 0.663086 0.561198 0.661133 0.557292 0.661133 0.554688 0.660156 0.553385 0.660156 0.552083 0.659180 0.550781 0.659180 0.549479 0.657227 0.545573 0.657227 0.542969 0.654297 0.539062 0.653320 0.539062 0.650391 0.536458 0.644531 0.536458 0.643555 0.537760
0 0.684570 0.539062 0.683594 0.540365 0.681641 0.540365 0.679688 0.542969 0.679688 0.544271 0.678711 0.545573 0.678711 0.548177 0.676758 0.550781 0.676758 0.552083 0.675781 0.553385 0.675781 0.554688 0.672852 0.558594 0.672852 0.562500 0.674805 0.566406 0.674805 0.569010 0.675781 0.570312 0.675781 0.571615 0.677734 0.574219 0.678711 0.574219 0.679688 0.575521 0.682617 0.575521 0.688477 0.580729 0.692383 0.580729 0.698242 0.575521 0.698242 0.574219 0.700195 0.571615 0.700195 0.570312 0.702148 0.567708 0.702148 0.562500 0.701172 0.561198 0.701172 0.559896 0.698242 0.555990 0.698242 0.554688 0.695312 0.550781 0.695312 0.549479 0.693359 0.546875 0.693359 0.545573 0.690430 0.541667 0.689453 0.541667 0.688477 0.540365 0.685547 0.540365
0 0.514648 0.496094 0.511719 0.496094 0.510742 0.497396 0.509766 0.497396 0.507812 0.500000 0.506836 0.500000 0.505859 0.501302 0.504883 0.501302 0.503906 0.502604 0.502930 0.502604 0.501953 0.503906 0.500977 0.503906 0.499023 0.506510 0.498047 0.506510 0.494141 0.511719 0.494141 0.514323 0.493164 0.515625 0.493164 0.527344 0.497070 0.532552 0.499023 0.532552 0.500000 0.533854 0.502930 0.533854 0.503906 0.535156 0.504883 0.535156 0.507812 0.537760 0.512695 0.537760 0.513672 0.536458 0.514648 0.536458 0.516602 0.533854 0.517578 0.533854 0.518555 0.532552 0.519531 0.532552 0.524414 0.526042 0.524414 0.523438 0.525391 0.522135 0.525391 0.514323 0.524414 0.513021 0.524414 0.511719 0.521484 0.507812 0.521484 0.506510 0.519531 0.503906 0.519531 0.502604
0 0.538086 0.480469 0.532227 0.480469 0.531250 0.481771 0.529297 0.481771 0.528320 0.483073 0.527344 0.483073 0.523438 0.488281 0.522461 0.488281 0.519531 0.492188 0.519531 0.500000 0.520508 0.501302 0.520508 0.502604 0.521484 0.503906 0.521484 0.505208 0.522461 0.506510 0.522461 0.507812 0.528320 0.515625 0.535156 0.515625 0.536133 0.514323 0.537109 0.514323 0.538086 0.513021 0.539062 0.513021 0.542969 0.507812 0.543945 0.507812 0.544922 0.506510 0.545898 0.506510 0.547852 0.503906 0.547852 0.497396 0.546875 0.496094 0.546875 0.489583 0.543945 0.485677 0.542969 0.485677 0.541016 0.483073 0.540039 0.483073
0 0.556641 0.477865 0.555664 0.479167 0.554688 0.479167 0.549805 0.485677 0.549805 0.489583 0.548828 0.490885 0.548828 0.494792 0.549805 0.496094 0.549805 0.503906 0.550781 0.505208 0.550781 0.507812 0.555664 0.514323 0.557617 0.514323 0.558594 0.515625 0.568359 0.515625 0.573242 0.509115 0.573242 0.507812 0.574219 0.506510 0.574219 0.505208 0.575195 0.503906 0.575195 0.502604 0.577148 0.498698 0.577148 0.496094 0.578125 0.494792 0.578125 0.490885 0.577148 0.489583 0.577148 0.488281 0.576172 0.486979 0.576172 0.485677 0.570312 0.477865 0.568359 0.477865 0.567383 0.476562 0.561523 0.476562 0.560547 0.477865
0 0.573242 0.455729 0.573242 0.459635 0.571289 0.463542 0.571289 0.467448 0.570312 0.468750 0.570312 0.476562 0.574219 0.481771 0.575195 0.481771 0.576172 0.483073 0.576172 0.484375 0.577148 0.485677 0.577148 0.488281 0.579102 0.490885 0.581055 0.490885 0.582031 0.489583 0.587891 0.489583 0.589844 0.486979 0.590820 0.486979 0.594727 0.481771 0.595703 0.481771 0.597656 0.479167 0.597656 0.477865 0.598633 0.476562 0.598633 0.466146 0.597656 0.464844 0.596680 0.464844 0.594727 0.462240 0.594727 0.460938 0.593750 0.460938 0.592773 0.459635 0.591797 0.459635 0.589844 0.457031 0.588867 0.457031 0.585938 0.454427 0.575195 0.454427 0.574219 0.455729
0 0.607422 0.475260 0.606445 0.476562 0.605469 0.476562 0.604492 0.477865 0.603516 0.477865 0.602539 0.479167 0.601562 0.479167 0.600586 0.480469 0.597656 0.481771 0.589844 0.492188 0.589844 0.493490 0.587891 0.496094 0.587891 0.498698 0.586914 0.500000 0.586914 0.502604 0.587891 0.503906 0.587891 0.505208 0.593750 0.513021 0.594727 0.513021 0.595703 0.514323 0.595703 0.515625 0.599609 0.520833 0.605469 0.520833 0.606445 0.519531 0.614258 0.519531 0.621094 0.510417 0.621094 0.509115 0.622070 0.507812 0.622070 0.496094 0.621094 0.494792 0.620117 0.490885 0.618164 0.488281 0.617188 0.484375 0.612305 0.477865 0.611328 0.477865 0.610352 0.476562 0.608398 0.476562
0 0.629883 0.497396 0.625977 0.497396 0.625000 0.498698 0.624023 0.498698 0.623047 0.500000 0.623047 0.507812 0.622070 0.509115 0.622070 0.510417 0.618164 0.515625 0.617188 0.515625 0.614258 0.519531 0.614258 0.523438 0.615234 0.524740 0.615234 0.526042 0.616211 0.527344 0.616211 0.528646 0.619141 0.532552 0.621094 0.532552 0.622070 0.533854 0.627930 0.533854 0.628906 0.532552 0.630859 0.532552 0.631836 0.531250 0.632812 0.531250 0.633789 0.529948 0.634766 0.529948 0.636719 0.527344 0.636719 0.526042 0.637695 0.524740 0.637695 0.520833 0.638672 0.519531 0.638672 0.515625 0.637695 0.514323 0.637695 0.511719 0.636719 0.510417 0.636719 0.509115 0.631836 0.502604 0.631836 0.501302 0.630859 0.500000 0.630859 0.498698
0 0.657227 0.484375 0.655273 0.486979 0.655273 0.488281 0.656250 0.489583 0.656250 0.497396 0.655273 0.498698 0.655273 0.507812 0.657227 0.510417 0.657227 0.515625 0.656250 0.516927 0.657227 0.518229 0.657227 0.519531 0.659180 0.519531 0.660156 0.520833 0.666992 0.520833 0.667969 0.522135 0.672852 0.522135 0.673828 0.520833 0.676758 0.520833 0.677734 0.519531 0.678711 0.519531 0.679688 0.518229 0.679688 0.516927 0.683594 0.511719 0.683594 0.510417 0.685547 0.506510 0.685547 0.497396 0.681641 0.492188 0.681641 0.490885 0.679688 0.488281 0.678711 0.488281 0.677734 0.486979 0.675781 0.486979 0.674805 0.485677 0.673828 0.485677 0.670898 0.483073 0.661133 0.483073 0.660156 0.484375
0 0.663086 0.455729 0.662109 0.457031 0.662109 0.458333 0.660156 0.460938 0.660156 0.463542 0.658203 0.466146 0.658203 0.468750 0.657227 0.470052 0.657227 0.471354 0.659180 0.473958 0.659180 0.475260 0.660156 0.476562 0.660156 0.477865 0.662109 0.480469 0.665039 0.480469 0.666016 0.481771 0.672852 0.481771 0.673828 0.483073 0.675781 0.483073 0.676758 0.484375 0.677734 0.484375 0.679688 0.486979 0.681641 0.486979 0.683594 0.484375 0.683594 0.483073 0.689453 0.475260 0.689453 0.466146 0.687500 0.463542 0.687500 0.462240 0.685547 0.459635 0.684570 0.459635 0.682617 0.457031 0.681641 0.457031 0.678711 0.453125 0.676758 0.453125 0.675781 0.451823 0.672852 0.451823 0.671875 0.453125 0.667969 0.453125 0.666992 0.454427 0.665039 0.454427 0.664062 0.455729
0 0.635742 0.447917 0.633789 0.450521 0.633789 0.451823 0.632812 0.453125 0.632812 0.455729 0.631836 0.457031 0.631836 0.459635 0.630859 0.460938 0.630859 0.464844 0.629883 0.466146 0.629883 0.468750 0.628906 0.470052 0.628906 0.472656 0.633789 0.479167 0.633789 0.480469 0.635742 0.483073 0.636719 0.483073 0.637695 0.484375 0.638672 0.484375 0.639648 0.483073 0.646484 0.483073 0.647461 0.481771 0.650391 0.481771 0.651367 0.480469 0.652344 0.480469 0.652344 0.479167 0.654297 0.476562 0.654297 0.475260 0.656250 0.471354 0.656250 0.468750 0.658203 0.464844 0.658203 0.462240 0.659180 0.460938 0.659180 0.454427 0.658203 0.454427 0.656250 0.451823 0.654297 0.451823 0.653320 0.450521 0.650391 0.450521 0.649414 0.449219 0.648438 0.449219 0.647461 0.447917 0.645508 0.447917 0.644531 0.446615 0.637695 0.446615 0.636719 0.447917
0 0.632812 0.449219 0.628906 0.444010 0.627930 0.444010 0.623047 0.437500 0.622070 0.437500 0.619141 0.434896 0.616211 0.434896 0.615234 0.433594 0.614258 0.434896 0.610352 0.434896 0.609375 0.436198 0.608398 0.436198 0.607422 0.437500 0.604492 0.438802 0.599609 0.445312 0.599609 0.446615 0.597656 0.449219 0.597656 0.459635 0.605469 0.470052 0.606445 0.470052 0.607422 0.471354 0.617188 0.471354 0.618164 0.470052 0.620117 0.470052 0.623047 0.467448 0.625000 0.467448 0.625977 0.466146 0.626953 0.466146 0.629883 0.463542 0.629883 0.462240 0.630859 0.460938 0.630859 0.457031 0.631836 0.455729 0.631836 0.453125 0.632812 0.451823
0 0.535156 0.455729 0.535156 0.462240 0.536133 0.463542 0.537109 0.467448 0.540039 0.471354 0.541016 0.475260 0.541992 0.475260 0.544922 0.477865 0.547852 0.476562 0.548828 0.477865 0.550781 0.477865 0.551758 0.479167 0.552734 0.479167 0.553711 0.477865 0.555664 0.477865 0.556641 0.476562 0.559570 0.476562 0.560547 0.475260 0.561523 0.475260 0.563477 0.472656 0.564453 0.472656 0.568359 0.467448 0.569336 0.467448 0.569336 0.466146 0.570312 0.464844 0.570312 0.463542 0.569336 0.462240 0.569336 0.457031 0.568359 0.455729 0.568359 0.454427 0.565430 0.450521 0.565430 0.449219 0.563477 0.446615 0.560547 0.446615 0.559570 0.445312 0.558594 0.445312 0.555664 0.442708 0.548828 0.442708 0.547852 0.444010 0.545898 0.444010 0.544922 0.445312 0.541992 0.446615 0.540039 0.449219 0.539062 0.449219
0 0.544922 0.417969 0.542969 0.420573 0.542969 0.421875 0.541992 0.423177 0.541992 0.424479 0.541016 0.425781 0.541016 0.437500 0.541992 0.438802 0.541992 0.444010 0.545898 0.444010 0.546875 0.442708 0.549805 0.442708 0.550781 0.441406 0.555664 0.441406 0.556641 0.442708 0.557617 0.442708 0.559570 0.445312 0.563477 0.445312 0.564453 0.444010 0.564453 0.442708 0.566406 0.440104 0.566406 0.432292 0.565430 0.430990 0.565430 0.423177 0.563477 0.420573 0.561523 0.420573 0.560547 0.419271 0.559570 0.419271 0.558594 0.417969 0.555664 0.417969 0.554688 0.416667 0.546875 0.416667 0.545898 0.417969
0 0.519531 0.417969 0.518555 0.419271 0.516602 0.419271 0.515625 0.420573 0.513672 0.420573 0.512695 0.421875 0.511719 0.421875 0.509766 0.424479 0.508789 0.424479 0.504883 0.429688 0.503906 0.429688 0.503906 0.430990 0.502930 0.432292 0.502930 0.436198 0.503906 0.437500 0.503906 0.438802 0.514648 0.453125 0.515625 0.453125 0.519531 0.458333 0.522461 0.458333 0.523438 0.457031 0.524414 0.457031 0.526367 0.454427 0.527344 0.454427 0.528320 0.453125 0.530273 0.453125 0.533203 0.449219 0.533203 0.447917 0.534180 0.446615 0.534180 0.444010 0.535156 0.442708 0.535156 0.433594 0.534180 0.432292 0.534180 0.430990 0.527344 0.421875 0.526367 0.421875 0.525391 0.420573 0.525391 0.419271 0.524414 0.419271 0.523438 0.417969
0 0.490234 0.428385 0.489258 0.429688 0.488281 0.429688 0.487305 0.430990 0.487305 0.432292 0.486328 0.433594 0.486328 0.434896 0.484375 0.437500 0.484375 0.438802 0.483398 0.440104 0.483398 0.442708 0.482422 0.444010 0.482422 0.453125 0.483398 0.454427 0.483398 0.459635 0.485352 0.462240 0.487305 0.462240 0.488281 0.463542 0.498047 0.463542 0.500000 0.460938 0.500977 0.460938 0.501953 0.459635 0.502930 0.459635 0.507812 0.453125 0.507812 0.451823 0.508789 0.450521 0.508789 0.447917 0.507812 0.446615 0.507812 0.445312 0.502930 0.438802 0.502930 0.437500 0.501953 0.436198 0.501953 0.433594 0.500000 0.430990 0.499023 0.430990 0.498047 0.429688 0.495117 0.429688 0.494141 0.428385
0 0.509766 0.453125 0.505859 0.458333 0.504883 0.458333 0.502930 0.460938 0.501953 0.460938 0.499023 0.464844 0.499023 0.473958 0.500000 0.475260 0.500000 0.477865 0.500977 0.479167 0.500977 0.480469 0.503906 0.484375 0.503906 0.485677 0.504883 0.485677 0.507812 0.489583 0.508789 0.489583 0.510742 0.492188 0.511719 0.492188 0.512695 0.493490 0.513672 0.493490 0.514648 0.492188 0.516602 0.492188 0.517578 0.490885 0.518555 0.490885 0.520508 0.488281 0.521484 0.488281 0.527344 0.480469 0.527344 0.477865 0.528320 0.476562 0.528320 0.475260 0.527344 0.473958 0.527344 0.470052 0.524414 0.466146 0.524414 0.464844 0.522461 0.462240 0.521484 0.462240 0.520508 0.460938 0.519531 0.460938 0.517578 0.458333 0.516602 0.458333 0.515625 0.457031 0.515625 0.455729 0.513672 0.453125
0 0.497070 0.330729 0.495117 0.330729 0.494141 0.329427 0.491211 0.329427 0.490234 0.330729 0.486328 0.330729 0.485352 0.332031 0.482422 0.333333 0.478516 0.338542 0.478516 0.339844 0.477539 0.341146 0.477539 0.346354 0.476562 0.347656 0.476562 0.352865 0.477539 0.354167 0.477539 0.358073 0.478516 0.359375 0.478516 0.363281 0.479492 0.364583 0.479492 0.367188 0.480469 0.368490 0.480469 0.369792 0.482422 0.369792 0.484375 0.372396 0.491211 0.372396 0.494141 0.369792 0.497070 0.369792 0.498047 0.368490 0.500977 0.368490 0.504883 0.363281 0.504883 0.361979 0.505859 0.360677 0.505859 0.358073 0.506836 0.356771 0.506836 0.347656 0.505859 0.346354 0.505859 0.343750 0.500000 0.335938 0.500000 0.334635
0 0.512695 0.367188 0.511719 0.368490 0.508789 0.368490 0.507812 0.369792 0.505859 0.369792 0.504883 0.371094 0.503906 0.371094 0.500977 0.373698 0.500977 0.375000 0.500000 0.376302 0.500000 0.378906 0.499023 0.380208 0.499023 0.386719 0.498047 0.388021 0.498047 0.404948 0.499023 0.406250 0.499023 0.408854 0.500977 0.411458 0.504883 0.411458 0.505859 0.412760 0.508789 0.412760 0.509766 0.414062 0.518555 0.414062 0.521484 0.411458 0.522461 0.407552 0.524414 0.404948 0.524414 0.403646 0.525391 0.402344 0.525391 0.384115 0.524414 0.382812 0.524414 0.378906 0.523438 0.377604 0.523438 0.376302 0.521484 0.372396 0.521484 0.369792 0.518555 0.367188
0 0.532227 0.346354 0.529297 0.350260 0.528320 0.350260 0.527344 0.351562 0.526367 0.351562 0.518555 0.361979 0.519531 0.363281 0.519531 0.364583 0.522461 0.368490 0.522461 0.369792 0.523438 0.371094 0.523438 0.373698 0.524414 0.375000 0.524414 0.376302 0.526367 0.380208 0.528320 0.380208 0.529297 0.381510 0.539062 0.381510 0.540039 0.380208 0.541016 0.380208 0.541992 0.378906 0.542969 0.378906 0.543945 0.377604 0.544922 0.377604 0.545898 0.376302 0.546875 0.376302 0.546875 0.375000 0.548828 0.372396 0.548828 0.368490 0.547852 0.367188 0.547852 0.365885 0.545898 0.363281 0.545898 0.361979 0.544922 0.360677 0.544922 0.358073 0.543945 0.356771 0.543945 0.355469 0.542969 0.354167 0.542969 0.352865 0.541992 0.351562 0.541992 0.350260 0.541016 0.348958 0.540039 0.348958 0.538086 0.346354
0 0.575195 0.369792 0.570312 0.363281 0.569336 0.363281 0.568359 0.361979 0.564453 0.361979 0.563477 0.363281 0.561523 0.363281 0.560547 0.364583 0.555664 0.364583 0.554688 0.365885 0.553711 0.365885 0.551758 0.368490 0.551758 0.369792 0.550781 0.371094 0.550781 0.377604 0.549805 0.378906 0.549805 0.382812 0.548828 0.384115 0.548828 0.390625 0.547852 0.391927 0.550781 0.394531 0.553711 0.394531 0.554688 0.395833 0.557617 0.395833 0.558594 0.397135 0.560547 0.397135 0.561523 0.398438 0.568359 0.398438 0.569336 0.397135 0.570312 0.397135 0.571289 0.395833 0.572266 0.395833 0.573242 0.394531 0.573242 0.393229 0.575195 0.390625 0.575195 0.389323 0.577148 0.386719 0.577148 0.384115 0.578125 0.382812 0.578125 0.378906 0.577148 0.377604 0.577148 0.375000 0.576172 0.373698 0.576172 0.372396 0.575195 0.371094
0 0.588867 0.388021 0.587891 0.388021 0.586914 0.386719 0.583008 0.386719 0.580078 0.389323 0.578125 0.389323 0.577148 0.390625 0.576172 0.390625 0.574219 0.393229 0.574219 0.394531 0.572266 0.397135 0.571289 0.397135 0.569336 0.399740 0.568359 0.399740 0.566406 0.402344 0.566406 0.404948 0.565430 0.406250 0.565430 0.415365 0.566406 0.416667 0.566406 0.417969 0.568359 0.420573 0.568359 0.421875 0.570312 0.424479 0.572266 0.424479 0.573242 0.425781 0.576172 0.425781 0.577148 0.424479 0.582031 0.424479 0.583008 0.425781 0.583984 0.424479 0.584961 0.424479 0.585938 0.423177 0.586914 0.423177 0.590820 0.417969 0.590820 0.416667 0.592773 0.412760 0.592773 0.410156 0.593750 0.408854 0.593750 0.404948 0.594727 0.403646 0.594727 0.402344 0.593750 0.401042 0.593750 0.397135 0.592773 0.395833 0.592773 0.393229
0 0.605469 0.371094 0.604492 0.372396 0.602539 0.372396 0.602539 0.373698 0.601562 0.375000 0.600586 0.378906 0.597656 0.382812 0.597656 0.384115 0.594727 0.388021 0.594727 0.389323 0.593750 0.390625 0.593750 0.393229 0.594727 0.394531 0.594727 0.397135 0.596680 0.401042 0.596680 0.403646 0.597656 0.404948 0.597656 0.406250 0.598633 0.406250 0.604492 0.414062 0.606445 0.414062 0.607422 0.415365 0.611328 0.415365 0.612305 0.414062 0.613281 0.414062 0.617188 0.408854 0.617188 0.407552 0.620117 0.403646 0.620117 0.402344 0.621094 0.401042 0.621094 0.398438 0.622070 0.397135 0.622070 0.395833 0.624023 0.391927 0.624023 0.386719 0.623047 0.385417 0.623047 0.384115 0.621094 0.381510 0.621094 0.380208 0.620117 0.378906 0.619141 0.375000 0.617188 0.372396 0.616211 0.372396 0.615234 0.371094
0 0.627930 0.398438 0.626953 0.399740 0.625977 0.399740 0.625000 0.401042 0.624023 0.401042 0.624023 0.402344 0.622070 0.404948 0.622070 0.408854 0.621094 0.410156 0.621094 0.417969 0.620117 0.419271 0.620117 0.421875 0.619141 0.423177 0.619141 0.429688 0.620117 0.429688 0.622070 0.432292 0.623047 0.432292 0.625977 0.436198 0.626953 0.436198 0.627930 0.437500 0.635742 0.437500 0.636719 0.436198 0.637695 0.436198 0.641602 0.430990 0.641602 0.429688 0.642578 0.428385 0.642578 0.417969 0.643555 0.416667 0.643555 0.410156 0.644531 0.408854 0.642578 0.406250 0.641602 0.406250 0.638672 0.402344 0.637695 0.402344 0.636719 0.401042 0.635742 0.401042 0.633789 0.398438
0 0.580078 0.351562 0.579102 0.352865 0.577148 0.352865 0.576172 0.354167 0.575195 0.354167 0.575195 0.355469 0.574219 0.356771 0.574219 0.358073 0.573242 0.359375 0.573242 0.364583 0.574219 0.365885 0.574219 0.367188 0.576172 0.369792 0.576172 0.371094 0.577148 0.372396 0.577148 0.375000 0.578125 0.376302 0.578125 0.377604 0.579102 0.378906 0.579102 0.380208 0.580078 0.381510 0.580078 0.382812 0.581055 0.382812 0.582031 0.384115 0.583984 0.384115 0.584961 0.382812 0.585938 0.382812 0.585938 0.381510 0.589844 0.376302 0.590820 0.376302 0.591797 0.375000 0.592773 0.375000 0.593750 0.373698 0.594727 0.373698 0.595703 0.372396 0.597656 0.372396 0.598633 0.371094 0.599609 0.371094 0.599609 0.369792 0.600586 0.368490 0.600586 0.365885 0.592773 0.355469 0.591797 0.355469 0.590820 0.354167 0.588867 0.354167 0.587891 0.352865 0.581055 0.352865
0 0.566406 0.332031 0.557617 0.332031 0.556641 0.330729 0.555664 0.330729 0.554688 0.332031 0.550781 0.332031 0.549805 0.333333 0.548828 0.333333 0.547852 0.334635 0.546875 0.334635 0.543945 0.338542 0.543945 0.347656 0.544922 0.348958 0.544922 0.350260 0.549805 0.356771 0.549805 0.358073 0.550781 0.359375 0.550781 0.360677 0.551758 0.361979 0.551758 0.364583 0.557617 0.364583 0.558594 0.363281 0.562500 0.363281 0.563477 0.361979 0.564453 0.361979 0.565430 0.360677 0.566406 0.360677 0.570312 0.355469 0.570312 0.352865 0.571289 0.351562 0.571289 0.343750 0.570312 0.342448 0.570312 0.338542 0.569336 0.337240 0.569336 0.335938
0 0.572266 0.296875 0.571289 0.298177 0.571289 0.299479 0.568359 0.303385 0.568359 0.305990 0.567383 0.307292 0.567383 0.309896 0.566406 0.311198 0.566406 0.320312 0.569336 0.324219 0.570312 0.324219 0.571289 0.325521 0.575195 0.325521 0.576172 0.326823 0.585938 0.326823 0.586914 0.325521 0.587891 0.325521 0.588867 0.326823 0.590820 0.326823 0.591797 0.325521 0.592773 0.325521 0.592773 0.324219 0.594727 0.320312 0.594727 0.316406 0.595703 0.315104 0.595703 0.309896 0.594727 0.308594 0.594727 0.305990 0.593750 0.304688 0.593750 0.303385 0.592773 0.303385 0.590820 0.300781 0.589844 0.300781 0.587891 0.298177 0.586914 0.298177 0.585938 0.296875 0.583008 0.296875 0.582031 0.295573 0.577148 0.295573 0.576172 0.296875
0 0.607422 0.320312 0.606445 0.321615 0.605469 0.321615 0.603516 0.324219 0.602539 0.324219 0.602539 0.325521 0.593750 0.337240 0.593750 0.338542 0.592773 0.339844 0.592773 0.346354 0.596680 0.354167 0.597656 0.354167 0.598633 0.355469 0.599609 0.355469 0.602539 0.358073 0.606445 0.358073 0.609375 0.360677 0.613281 0.360677 0.619141 0.352865 0.619141 0.351562 0.621094 0.348958 0.621094 0.347656 0.623047 0.345052 0.623047 0.337240 0.622070 0.335938 0.622070 0.333333 0.621094 0.332031 0.621094 0.330729 0.620117 0.329427 0.620117 0.328125 0.614258 0.320312
0 0.642578 0.334635 0.641602 0.335938 0.641602 0.337240 0.637695 0.342448 0.637695 0.343750 0.632812 0.350260 0.632812 0.351562 0.630859 0.354167 0.629883 0.358073 0.630859 0.359375 0.630859 0.361979 0.631836 0.363281 0.631836 0.367188 0.632812 0.368490 0.632812 0.369792 0.635742 0.373698 0.635742 0.375000 0.637695 0.377604 0.638672 0.377604 0.641602 0.380208 0.644531 0.380208 0.645508 0.378906 0.647461 0.381510 0.649414 0.381510 0.654297 0.375000 0.655273 0.371094 0.657227 0.368490 0.657227 0.365885 0.658203 0.364583 0.658203 0.363281 0.660156 0.360677 0.660156 0.351562 0.659180 0.350260 0.659180 0.347656 0.654297 0.341146 0.654297 0.339844 0.651367 0.335938 0.649414 0.335938 0.648438 0.334635
0 0.644531 0.299479 0.642578 0.302083 0.642578 0.308594 0.641602 0.309896 0.641602 0.312500 0.640625 0.313802 0.640625 0.321615 0.639648 0.322917 0.639648 0.328125 0.640625 0.329427 0.640625 0.332031 0.643555 0.334635 0.652344 0.334635 0.653320 0.335938 0.654297 0.335938 0.657227 0.338542 0.661133 0.338542 0.661133 0.337240 0.663086 0.334635 0.663086 0.333333 0.664062 0.332031 0.664062 0.330729 0.665039 0.329427 0.665039 0.328125 0.666992 0.324219 0.666992 0.319010 0.666016 0.317708 0.666016 0.312500 0.665039 0.311198 0.665039 0.307292 0.664062 0.305990 0.664062 0.303385 0.663086 0.302083 0.663086 0.300781 0.661133 0.298177 0.647461 0.298177 0.646484 0.299479
0 0.632812 0.265625 0.630859 0.265625 0.629883 0.264323 0.626953 0.264323 0.625977 0.265625 0.623047 0.265625 0.622070 0.266927 0.618164 0.266927 0.617188 0.268229 0.615234 0.268229 0.613281 0.270833 0.612305 0.270833 0.610352 0.273438 0.610352 0.274740 0.608398 0.277344 0.608398 0.281250 0.607422 0.282552 0.607422 0.285156 0.608398 0.286458 0.608398 0.294271 0.611328 0.298177 0.614258 0.298177 0.617188 0.302083 0.619141 0.302083 0.620117 0.303385 0.625977 0.303385 0.626953 0.302083 0.628906 0.302083 0.631836 0.298177 0.631836 0.296875 0.633789 0.294271 0.633789 0.292969 0.634766 0.291667 0.634766 0.290365 0.636719 0.287760 0.636719 0.285156 0.637695 0.283854 0.637695 0.270833 0.634766 0.266927 0.633789 0.266927
0 0.583984 0.240885 0.582031 0.244792 0.582031 0.247396 0.581055 0.248698 0.581055 0.253906 0.580078 0.255208 0.580078 0.257812 0.579102 0.259115 0.579102 0.265625 0.581055 0.268229 0.581055 0.269531 0.583984 0.273438 0.584961 0.273438 0.585938 0.274740 0.587891 0.274740 0.588867 0.276042 0.592773 0.276042 0.593750 0.274740 0.595703 0.274740 0.596680 0.273438 0.601562 0.273438 0.602539 0.274740 0.603516 0.274740 0.605469 0.272135 0.605469 0.270833 0.606445 0.269531 0.606445 0.266927 0.607422 0.265625 0.607422 0.253906 0.606445 0.252604 0.606445 0.250000 0.605469 0.248698 0.605469 0.247396 0.604492 0.246094 0.604492 0.244792 0.601562 0.240885 0.598633 0.240885 0.597656 0.239583 0.587891 0.239583 0.586914 0.240885
0 0.609375 0.230469 0.608398 0.229167 0.608398 0.227865 0.607422 0.226562 0.607422 0.225260 0.606445 0.225260 0.600586 0.217448 0.599609 0.217448 0.598633 0.216146 0.590820 0.216146 0.589844 0.217448 0.587891 0.217448 0.586914 0.218750 0.585938 0.218750 0.582031 0.223958 0.582031 0.225260 0.580078 0.227865 0.580078 0.229167 0.578125 0.233073 0.578125 0.239583 0.577148 0.240885 0.577148 0.243490 0.578125 0.244792 0.580078 0.244792 0.583008 0.240885 0.583984 0.240885 0.584961 0.239583 0.587891 0.239583 0.588867 0.238281 0.596680 0.238281 0.597656 0.239583 0.600586 0.239583 0.601562 0.240885 0.603516 0.240885 0.606445 0.238281 0.606445 0.236979 0.608398 0.234375 0.608398 0.233073 0.609375 0.231771
0 0.620117 0.225260 0.617188 0.225260 0.616211 0.226562 0.615234 0.226562 0.611328 0.231771 0.610352 0.231771 0.608398 0.234375 0.608398 0.235677 0.607422 0.236979 0.607422 0.238281 0.605469 0.240885 0.605469 0.242188 0.606445 0.243490 0.606445 0.247396 0.608398 0.251302 0.608398 0.259115 0.609375 0.260417 0.609375 0.263021 0.611328 0.265625 0.613281 0.265625 0.614258 0.266927 0.615234 0.266927 0.616211 0.265625 0.619141 0.265625 0.620117 0.264323 0.624023 0.264323 0.625000 0.263021 0.629883 0.263021 0.630859 0.261719 0.631836 0.261719 0.632812 0.260417 0.632812 0.257812 0.633789 0.256510 0.633789 0.252604 0.634766 0.251302 0.633789 0.250000 0.633789 0.240885 0.632812 0.239583 0.632812 0.236979 0.625977 0.227865 0.624023 0.227865 0.623047 0.226562 0.621094 0.226562
0 0.662109 0.231771 0.659180 0.235677 0.658203 0.235677 0.655273 0.239583 0.654297 0.239583 0.651367 0.243490 0.651367 0.244792 0.649414 0.247396 0.649414 0.251302 0.648438 0.252604 0.648438 0.255208 0.647461 0.256510 0.647461 0.257812 0.650391 0.261719 0.651367 0.261719 0.652344 0.263021 0.653320 0.263021 0.654297 0.264323 0.655273 0.264323 0.658203 0.266927 0.661133 0.266927 0.662109 0.268229 0.663086 0.268229 0.664062 0.266927 0.666016 0.266927 0.666992 0.268229 0.668945 0.268229 0.669922 0.266927 0.670898 0.266927 0.671875 0.265625 0.672852 0.265625 0.675781 0.261719 0.675781 0.260417 0.676758 0.259115 0.676758 0.256510 0.677734 0.255208 0.677734 0.251302 0.676758 0.250000 0.676758 0.248698 0.675781 0.247396 0.675781 0.246094 0.674805 0.244792 0.674805 0.243490 0.673828 0.242188 0.673828 0.240885 0.672852 0.239583 0.672852 0.238281 0.669922 0.234375 0.668945 0.234375 0.666016 0.231771
0 0.638672 0.261719 0.636719 0.264323 0.636719 0.268229 0.638672 0.272135 0.638672 0.277344 0.637695 0.278646 0.637695 0.289062 0.640625 0.292969 0.641602 0.292969 0.643555 0.295573 0.653320 0.295573 0.654297 0.294271 0.655273 0.295573 0.658203 0.295573 0.660156 0.292969 0.660156 0.291667 0.661133 0.290365 0.661133 0.272135 0.659180 0.269531 0.658203 0.269531 0.655273 0.265625 0.654297 0.265625 0.652344 0.263021 0.651367 0.263021 0.649414 0.260417 0.648438 0.260417 0.647461 0.259115 0.643555 0.259115 0.642578 0.260417 0.640625 0.260417 0.639648 0.261719
0 0.687500 0.269531 0.685547 0.266927 0.684570 0.266927 0.683594 0.265625 0.681641 0.265625 0.680664 0.264323 0.676758 0.264323 0.675781 0.265625 0.674805 0.265625 0.672852 0.268229 0.671875 0.268229 0.669922 0.270833 0.666992 0.270833 0.666016 0.272135 0.664062 0.272135 0.663086 0.273438 0.663086 0.276042 0.662109 0.277344 0.662109 0.285156 0.663086 0.286458 0.663086 0.292969 0.665039 0.295573 0.666992 0.295573 0.667969 0.296875 0.670898 0.296875 0.671875 0.295573 0.678711 0.295573 0.679688 0.294271 0.681641 0.294271 0.682617 0.295573 0.685547 0.295573 0.686523 0.294271 0.686523 0.292969 0.688477 0.289062 0.688477 0.272135 0.687500 0.270833
0 0.723633 0.209635 0.722656 0.208333 0.714844 0.208333 0.713867 0.209635 0.710938 0.209635 0.709961 0.210938 0.703125 0.210938 0.702148 0.212240 0.701172 0.212240 0.694336 0.221354 0.694336 0.222656 0.693359 0.223958 0.693359 0.230469 0.695312 0.233073 0.695312 0.234375 0.696289 0.235677 0.696289 0.238281 0.697266 0.239583 0.697266 0.240885 0.698242 0.240885 0.699219 0.242188 0.702148 0.242188 0.703125 0.243490 0.710938 0.243490 0.711914 0.244792 0.713867 0.242188 0.714844 0.242188 0.717773 0.238281 0.718750 0.238281 0.719727 0.236979 0.720703 0.236979 0.721680 0.235677 0.721680 0.234375 0.722656 0.233073 0.722656 0.230469 0.723633 0.229167 0.723633 0.218750 0.724609 0.217448 0.724609 0.214844 0.723633 0.213542
0 0.670898 0.345052 0.666992 0.351562 0.666992 0.363281 0.667969 0.364583 0.667969 0.367188 0.668945 0.368490 0.668945 0.371094 0.669922 0.372396 0.669922 0.373698 0.670898 0.373698 0.672852 0.376302 0.674805 0.376302 0.675781 0.377604 0.679688 0.377604 0.680664 0.378906 0.681641 0.378906 0.682617 0.377604 0.687500 0.377604 0.688477 0.376302 0.690430 0.376302 0.691406 0.375000 0.692383 0.375000 0.694336 0.372396 0.694336 0.371094 0.698242 0.365885 0.698242 0.364583 0.701172 0.360677 0.701172 0.358073 0.702148 0.356771 0.702148 0.355469 0.701172 0.354167 0.700195 0.350260 0.696289 0.345052 0.695312 0.345052 0.692383 0.342448 0.690430 0.342448 0.689453 0.341146 0.686523 0.341146 0.685547 0.339844 0.678711 0.339844 0.677734 0.341146 0.675781 0.341146 0.674805 0.342448 0.673828 0.342448 0.671875 0.345052
0 0.714844 0.332031 0.712891 0.334635 0.711914 0.334635 0.710938 0.335938 0.709961 0.335938 0.708984 0.337240 0.708008 0.337240 0.705078 0.341146 0.704102 0.341146 0.704102 0.342448 0.702148 0.345052 0.702148 0.346354 0.703125 0.347656 0.703125 0.351562 0.704102 0.352865 0.704102 0.359375 0.705078 0.360677 0.705078 0.363281 0.706055 0.364583 0.706055 0.365885 0.708008 0.368490 0.708984 0.368490 0.712891 0.373698 0.714844 0.373698 0.715820 0.375000 0.716797 0.375000 0.717773 0.373698 0.718750 0.373698 0.721680 0.369792 0.722656 0.369792 0.724609 0.367188 0.725586 0.367188 0.728516 0.363281 0.728516 0.361979 0.730469 0.358073 0.730469 0.354167 0.731445 0.352865 0.731445 0.351562 0.730469 0.350260 0.730469 0.348958 0.729492 0.347656 0.729492 0.346354 0.728516 0.345052 0.728516 0.343750 0.726562 0.341146 0.726562 0.339844 0.725586 0.339844 0.724609 0.338542 0.723633 0.338542 0.722656 0.337240 0.721680 0.337240 0.719727 0.334635 0.719727 0.333333 0.718750 0.333333 0.717773 0.332031
0 0.702148 0.375000 0.701172 0.376302 0.699219 0.376302 0.697266 0.378906 0.696289 0.378906 0.690430 0.386719 0.690430 0.397135 0.691406 0.398438 0.691406 0.399740 0.696289 0.406250 0.697266 0.406250 0.698242 0.407552 0.699219 0.407552 0.702148 0.410156 0.708984 0.410156 0.709961 0.408854 0.710938 0.408854 0.711914 0.407552 0.712891 0.407552 0.714844 0.404948 0.714844 0.403646 0.717773 0.399740 0.718750 0.399740 0.719727 0.398438 0.719727 0.397135 0.720703 0.395833 0.720703 0.393229 0.721680 0.391927 0.720703 0.390625 0.720703 0.389323 0.719727 0.388021 0.719727 0.386719 0.718750 0.385417 0.718750 0.384115 0.716797 0.381510 0.716797 0.380208 0.715820 0.380208 0.714844 0.378906 0.713867 0.378906 0.712891 0.377604 0.711914 0.377604 0.708984 0.375000
0 0.677734 0.398438 0.676758 0.399740 0.675781 0.399740 0.673828 0.402344 0.671875 0.402344 0.670898 0.403646 0.668945 0.403646 0.666992 0.406250 0.666016 0.406250 0.665039 0.407552 0.665039 0.412760 0.666016 0.414062 0.665039 0.415365 0.665039 0.424479 0.666016 0.424479 0.666992 0.425781 0.667969 0.425781 0.668945 0.427083 0.668945 0.428385 0.669922 0.428385 0.677734 0.438802 0.682617 0.438802 0.683594 0.437500 0.685547 0.437500 0.687500 0.434896 0.688477 0.434896 0.690430 0.432292 0.690430 0.430990 0.691406 0.429688 0.691406 0.425781 0.692383 0.424479 0.692383 0.417969 0.694336 0.414062 0.694336 0.407552 0.692383 0.404948 0.691406 0.404948 0.690430 0.403646 0.688477 0.403646 0.687500 0.402344 0.685547 0.402344 0.684570 0.401042 0.683594 0.401042 0.680664 0.398438
0 0.721680 0.412760 0.720703 0.412760 0.719727 0.411458 0.713867 0.411458 0.712891 0.410156 0.711914 0.410156 0.710938 0.411458 0.707031 0.411458 0.706055 0.412760 0.704102 0.412760 0.703125 0.414062 0.702148 0.414062 0.700195 0.416667 0.700195 0.419271 0.698242 0.423177 0.698242 0.442708 0.699219 0.444010 0.699219 0.445312 0.701172 0.447917 0.714844 0.447917 0.715820 0.446615 0.716797 0.446615 0.722656 0.438802 0.723633 0.438802 0.724609 0.437500 0.724609 0.436198 0.725586 0.434896 0.725586 0.424479 0.724609 0.423177 0.724609 0.420573 0.723633 0.419271 0.723633 0.416667
0 0.735352 0.424479 0.723633 0.440104 0.723633 0.441406 0.721680 0.445312 0.721680 0.450521 0.722656 0.451823 0.722656 0.453125 0.723633 0.454427 0.723633 0.455729 0.725586 0.458333 0.727539 0.458333 0.728516 0.459635 0.729492 0.459635 0.730469 0.460938 0.731445 0.460938 0.732422 0.462240 0.732422 0.463542 0.735352 0.467448 0.738281 0.467448 0.739258 0.468750 0.740234 0.467448 0.741211 0.467448 0.750000 0.455729 0.750000 0.454427 0.750977 0.453125 0.750977 0.442708 0.750000 0.441406 0.750000 0.438802 0.749023 0.437500 0.749023 0.436198 0.746094 0.432292 0.745117 0.432292 0.742188 0.428385 0.741211 0.428385 0.739258 0.425781 0.738281 0.425781 0.737305 0.424479
0 0.704102 0.466146 0.704102 0.467448 0.703125 0.468750 0.703125 0.480469 0.704102 0.481771 0.705078 0.481771 0.708008 0.479167 0.709961 0.479167 0.710938 0.477865 0.712891 0.477865 0.713867 0.476562 0.714844 0.476562 0.715820 0.475260 0.716797 0.475260 0.719727 0.472656 0.723633 0.472656 0.724609 0.473958 0.725586 0.473958 0.727539 0.476562 0.727539 0.480469 0.728516 0.481771 0.728516 0.483073 0.729492 0.484375 0.729492 0.485677 0.731445 0.489583 0.733398 0.486979 0.733398 0.485677 0.734375 0.484375 0.734375 0.468750 0.733398 0.467448 0.733398 0.466146 0.729492 0.460938 0.727539 0.460938 0.726562 0.459635 0.717773 0.459635 0.716797 0.458333 0.713867 0.458333 0.712891 0.457031 0.711914 0.457031 0.710938 0.458333 0.708984 0.458333 0.708008 0.459635 0.708008 0.460938
0 0.723633 0.475260 0.717773 0.475260 0.716797 0.476562 0.715820 0.476562 0.712891 0.479167 0.709961 0.479167 0.708984 0.480469 0.707031 0.480469 0.703125 0.485677 0.700195 0.486979 0.700195 0.488281 0.699219 0.489583 0.698242 0.489583 0.696289 0.492188 0.697266 0.493490 0.697266 0.496094 0.698242 0.497396 0.698242 0.498698 0.700195 0.501302 0.700195 0.502604 0.702148 0.505208 0.705078 0.505208 0.706055 0.506510 0.706055 0.507812 0.709961 0.513021 0.709961 0.514323 0.712891 0.518229 0.718750 0.518229 0.722656 0.513021 0.723633 0.513021 0.724609 0.511719 0.724609 0.510417 0.726562 0.507812 0.726562 0.506510 0.728516 0.502604 0.728516 0.500000 0.729492 0.498698 0.729492 0.494792 0.730469 0.493490 0.730469 0.490885 0.731445 0.489583 0.732422 0.485677 0.728516 0.485677 0.726562 0.483073 0.726562 0.481771 0.725586 0.480469 0.725586 0.477865
0 0.740234 0.494792 0.739258 0.494792 0.736328 0.497396 0.734375 0.497396 0.727539 0.506510 0.727539 0.507812 0.725586 0.510417 0.725586 0.511719 0.721680 0.516927 0.720703 0.516927 0.720703 0.523438 0.722656 0.526042 0.722656 0.527344 0.723633 0.528646 0.723633 0.531250 0.724609 0.532552 0.724609 0.533854 0.725586 0.533854 0.727539 0.536458 0.729492 0.536458 0.730469 0.537760 0.735352 0.537760 0.739258 0.532552 0.740234 0.532552 0.742188 0.529948 0.742188 0.528646 0.744141 0.526042 0.744141 0.524740 0.746094 0.522135 0.746094 0.519531 0.747070 0.518229 0.747070 0.515625 0.748047 0.514323 0.748047 0.507812 0.744141 0.502604 0.744141 0.501302 0.743164 0.500000 0.743164 0.497396
0 0.752930 0.506510 0.750977 0.509115 0.750977 0.511719 0.750000 0.513021 0.750000 0.516927 0.749023 0.518229 0.749023 0.519531 0.750000 0.520833 0.750000 0.523438 0.753906 0.528646 0.753906 0.533854 0.754883 0.535156 0.754883 0.539062 0.755859 0.539062 0.756836 0.540365 0.758789 0.540365 0.759766 0.541667 0.767578 0.541667 0.768555 0.542969 0.774414 0.542969 0.775391 0.541667 0.776367 0.541667 0.779297 0.537760 0.779297 0.536458 0.781250 0.533854 0.781250 0.515625 0.780273 0.514323 0.780273 0.511719 0.779297 0.510417 0.779297 0.509115 0.774414 0.502604 0.759766 0.502604 0.758789 0.503906 0.756836 0.503906 0.755859 0.505208
0 0.710938 0.565104 0.714844 0.570312 0.715820 0.570312 0.716797 0.571615 0.717773 0.571615 0.719727 0.574219 0.721680 0.574219 0.722656 0.575521 0.725586 0.575521 0.726562 0.574219 0.732422 0.574219 0.733398 0.572917 0.736328 0.572917 0.737305 0.571615 0.739258 0.571615 0.741211 0.569010 0.741211 0.563802 0.743164 0.561198 0.744141 0.561198 0.745117 0.559896 0.747070 0.559896 0.749023 0.557292 0.750977 0.557292 0.751953 0.555990 0.753906 0.555990 0.754883 0.554688 0.755859 0.554688 0.755859 0.553385 0.753906 0.549479 0.751953 0.549479 0.749023 0.546875 0.746094 0.546875 0.745117 0.545573 0.742188 0.545573 0.741211 0.544271 0.738281 0.542969 0.736328 0.540365 0.730469 0.540365 0.729492 0.539062 0.726562 0.539062 0.725586 0.537760 0.719727 0.537760 0.717773 0.540365 0.717773 0.545573 0.716797 0.546875 0.716797 0.550781 0.715820 0.552083 0.715820 0.555990 0.714844 0.557292 0.714844 0.559896 0.713867 0.561198 0.712891 0.561198 0.710938 0.563802
0 0.817383 0.486979 0.816406 0.486979 0.813477 0.483073 0.813477 0.481771 0.812500 0.480469 0.805664 0.480469 0.804688 0.481771 0.802734 0.481771 0.799805 0.484375 0.796875 0.484375 0.795898 0.485677 0.792969 0.485677 0.791992 0.486979 0.790039 0.486979 0.787109 0.490885 0.786133 0.490885 0.786133 0.493490 0.787109 0.493490 0.790039 0.497396 0.790039 0.507812 0.789062 0.509115 0.789062 0.510417 0.787109 0.513021 0.785156 0.513021 0.784180 0.511719 0.783203 0.511719 0.783203 0.518229 0.785156 0.520833 0.786133 0.520833 0.787109 0.522135 0.805664 0.522135 0.806641 0.520833 0.810547 0.520833 0.811523 0.519531 0.812500 0.519531 0.814453 0.516927 0.814453 0.515625 0.818359 0.510417 0.818359 0.507812 0.819336 0.506510 0.819336 0.496094 0.818359 0.494792 0.818359 0.489583 0.817383 0.488281
0 0.833984 0.470052 0.832031 0.470052 0.831055 0.468750 0.828125 0.468750 0.827148 0.467448 0.825195 0.467448 0.824219 0.468750 0.823242 0.468750 0.822266 0.470052 0.821289 0.470052 0.820312 0.471354 0.819336 0.471354 0.818359 0.472656 0.817383 0.472656 0.815430 0.475260 0.814453 0.475260 0.814453 0.476562 0.813477 0.477865 0.813477 0.481771 0.817383 0.486979 0.817383 0.488281 0.819336 0.492188 0.819336 0.498698 0.820312 0.500000 0.820312 0.507812 0.826172 0.507812 0.827148 0.506510 0.829102 0.506510 0.833008 0.501302 0.833008 0.500000 0.833984 0.498698 0.834961 0.498698 0.840820 0.490885 0.840820 0.489583 0.841797 0.488281 0.841797 0.484375 0.839844 0.481771 0.839844 0.480469 0.838867 0.479167 0.838867 0.477865 0.837891 0.476562 0.837891 0.475260
0 0.818359 0.428385 0.815430 0.428385 0.814453 0.427083 0.809570 0.427083 0.808594 0.428385 0.804688 0.428385 0.803711 0.429688 0.801758 0.429688 0.799805 0.432292 0.798828 0.432292 0.797852 0.433594 0.797852 0.434896 0.795898 0.437500 0.795898 0.438802 0.794922 0.440104 0.794922 0.441406 0.795898 0.442708 0.795898 0.449219 0.796875 0.450521 0.796875 0.453125 0.797852 0.454427 0.797852 0.457031 0.798828 0.458333 0.798828 0.459635 0.800781 0.462240 0.813477 0.462240 0.814453 0.460938 0.815430 0.460938 0.818359 0.458333 0.818359 0.457031 0.820312 0.453125 0.820312 0.450521 0.821289 0.449219 0.821289 0.442708 0.820312 0.441406 0.820312 0.436198 0.819336 0.434896 0.819336 0.429688
0 0.767578 0.440104 0.764648 0.444010 0.763672 0.444010 0.761719 0.446615 0.760742 0.446615 0.758789 0.449219 0.757812 0.449219 0.756836 0.450521 0.756836 0.451823 0.755859 0.453125 0.755859 0.460938 0.756836 0.462240 0.756836 0.464844 0.757812 0.466146 0.757812 0.467448 0.758789 0.468750 0.759766 0.472656 0.763672 0.477865 0.765625 0.477865 0.766602 0.479167 0.768555 0.479167 0.771484 0.481771 0.777344 0.481771 0.778320 0.480469 0.779297 0.480469 0.783203 0.475260 0.783203 0.473958 0.787109 0.468750 0.787109 0.467448 0.788086 0.466146 0.788086 0.457031 0.787109 0.455729 0.786133 0.451823 0.783203 0.447917 0.781250 0.447917 0.780273 0.446615 0.778320 0.446615 0.776367 0.444010 0.775391 0.444010 0.773438 0.441406 0.772461 0.441406 0.771484 0.440104
0 0.805664 0.390625 0.799805 0.390625 0.798828 0.391927 0.797852 0.390625 0.795898 0.390625 0.793945 0.388021 0.791992 0.388021 0.791016 0.386719 0.788086 0.386719 0.787109 0.388021 0.785156 0.388021 0.784180 0.389323 0.782227 0.389323 0.781250 0.390625 0.776367 0.393229 0.772461 0.398438 0.772461 0.399740 0.770508 0.402344 0.770508 0.403646 0.771484 0.403646 0.773438 0.406250 0.773438 0.407552 0.774414 0.408854 0.774414 0.415365 0.776367 0.417969 0.777344 0.421875 0.782227 0.429688 0.784180 0.429688 0.787109 0.427083 0.790039 0.427083 0.791016 0.425781 0.799805 0.425781 0.800781 0.424479 0.802734 0.424479 0.803711 0.423177 0.804688 0.423177 0.808594 0.417969 0.806641 0.417969 0.804688 0.414062 0.804688 0.404948 0.803711 0.403646 0.803711 0.399740 0.802734 0.398438 0.802734 0.397135 0.803711 0.395833 0.804688 0.395833 0.806641 0.393229 0.806641 0.391927
0 0.737305 0.364583 0.736328 0.365885 0.736328 0.368490 0.735352 0.369792 0.735352 0.376302 0.736328 0.377604 0.736328 0.381510 0.740234 0.386719 0.740234 0.388021 0.741211 0.389323 0.741211 0.393229 0.743164 0.395833 0.749023 0.395833 0.750000 0.394531 0.752930 0.394531 0.755859 0.397135 0.756836 0.395833 0.757812 0.395833 0.759766 0.393229 0.759766 0.390625 0.761719 0.388021 0.761719 0.385417 0.762695 0.384115 0.762695 0.373698 0.761719 0.372396 0.761719 0.369792 0.760742 0.368490 0.760742 0.367188 0.759766 0.367188 0.758789 0.365885 0.756836 0.365885 0.755859 0.364583 0.752930 0.364583 0.751953 0.363281 0.749023 0.363281 0.748047 0.361979 0.747070 0.361979 0.746094 0.363281 0.742188 0.363281 0.741211 0.364583
0 0.806641 0.388021 0.803711 0.388021 0.802734 0.389323 0.800781 0.389323 0.799805 0.390625 0.797852 0.390625 0.796875 0.391927 0.795898 0.391927 0.795898 0.394531 0.798828 0.398438 0.799805 0.398438 0.803711 0.403646 0.803711 0.407552 0.802734 0.408854 0.802734 0.410156 0.801758 0.411458 0.801758 0.412760 0.800781 0.414062 0.800781 0.415365 0.794922 0.423177 0.793945 0.423177 0.793945 0.424479 0.795898 0.424479 0.796875 0.425781 0.803711 0.425781 0.804688 0.424479 0.806641 0.424479 0.808594 0.421875 0.809570 0.421875 0.810547 0.420573 0.811523 0.420573 0.812500 0.419271 0.813477 0.419271 0.813477 0.417969 0.814453 0.416667 0.814453 0.406250 0.813477 0.404948 0.813477 0.402344 0.812500 0.401042 0.812500 0.399740 0.809570 0.397135 0.809570 0.395833 0.808594 0.394531 0.808594 0.393229 0.807617 0.391927 0.807617 0.390625 0.806641 0.389323
0 0.770508 0.356771 0.770508 0.358073 0.768555 0.361979 0.768555 0.364583 0.767578 0.365885 0.767578 0.369792 0.766602 0.371094 0.766602 0.373698 0.767578 0.375000 0.767578 0.377604 0.768555 0.378906 0.768555 0.380208 0.771484 0.384115 0.772461 0.384115 0.775391 0.386719 0.777344 0.386719 0.778320 0.388021 0.783203 0.388021 0.784180 0.386719 0.786133 0.386719 0.787109 0.385417 0.791992 0.385417 0.792969 0.384115 0.793945 0.384115 0.793945 0.381510 0.794922 0.380208 0.794922 0.378906 0.795898 0.377604 0.795898 0.375000 0.796875 0.373698 0.796875 0.360677 0.791992 0.354167 0.791016 0.354167 0.790039 0.352865 0.780273 0.352865 0.779297 0.354167 0.773438 0.354167
0 0.773438 0.346354 0.772461 0.345052 0.772461 0.343750 0.771484 0.342448 0.771484 0.341146 0.769531 0.337240 0.767578 0.337240 0.766602 0.335938 0.760742 0.335938 0.759766 0.334635 0.758789 0.335938 0.756836 0.335938 0.755859 0.337240 0.753906 0.337240 0.750977 0.339844 0.749023 0.339844 0.748047 0.341146 0.747070 0.341146 0.744141 0.345052 0.743164 0.345052 0.742188 0.346354 0.742188 0.347656 0.743164 0.348958 0.743164 0.352865 0.744141 0.354167 0.744141 0.356771 0.741211 0.360677 0.742188 0.360677 0.743164 0.361979 0.745117 0.361979 0.746094 0.360677 0.748047 0.360677 0.749023 0.361979 0.750977 0.361979 0.751953 0.363281 0.755859 0.363281 0.758789 0.365885 0.762695 0.365885 0.767578 0.359375 0.767578 0.358073 0.771484 0.352865 0.771484 0.351562 0.772461 0.350260 0.772461 0.348958 0.773438 0.347656
0 0.803711 0.342448 0.801758 0.345052 0.801758 0.346354 0.800781 0.347656 0.800781 0.350260 0.796875 0.355469 0.796875 0.358073 0.797852 0.359375 0.797852 0.363281 0.798828 0.364583 0.798828 0.372396 0.800781 0.376302 0.802734 0.376302 0.803711 0.377604 0.806641 0.378906 0.808594 0.381510 0.809570 0.381510 0.810547 0.382812 0.814453 0.382812 0.818359 0.377604 0.818359 0.376302 0.820312 0.373698 0.821289 0.373698 0.822266 0.372396 0.822266 0.371094 0.827148 0.364583 0.827148 0.363281 0.828125 0.361979 0.828125 0.359375 0.829102 0.358073 0.829102 0.354167 0.828125 0.352865 0.828125 0.351562 0.826172 0.348958 0.824219 0.348958 0.821289 0.346354 0.819336 0.346354 0.818359 0.345052 0.815430 0.345052 0.814453 0.343750 0.812500 0.343750 0.811523 0.342448
0 0.868164 0.337240 0.867188 0.337240 0.866211 0.335938 0.861328 0.335938 0.860352 0.337240 0.858398 0.337240 0.857422 0.338542 0.854492 0.338542 0.853516 0.339844 0.852539 0.339844 0.851562 0.341146 0.850586 0.341146 0.848633 0.343750 0.847656 0.343750 0.844727 0.346354 0.844727 0.347656 0.845703 0.348958 0.845703 0.351562 0.846680 0.352865 0.846680 0.354167 0.847656 0.355469 0.847656 0.356771 0.850586 0.360677 0.850586 0.363281 0.851562 0.364583 0.851562 0.375000 0.850586 0.376302 0.850586 0.377604 0.861328 0.377604 0.863281 0.375000 0.863281 0.373698 0.865234 0.369792 0.865234 0.367188 0.866211 0.365885 0.866211 0.364583 0.867188 0.363281 0.867188 0.361979 0.869141 0.358073 0.869141 0.354167 0.870117 0.352865 0.870117 0.342448 0.869141 0.341146 0.869141 0.338542
0 0.787109 0.287760 0.785156 0.287760 0.784180 0.286458 0.778320 0.286458 0.777344 0.287760 0.776367 0.287760 0.772461 0.292969 0.771484 0.292969 0.767578 0.298177 0.766602 0.298177 0.765625 0.299479 0.764648 0.299479 0.763672 0.300781 0.760742 0.302083 0.760742 0.303385 0.759766 0.304688 0.759766 0.307292 0.756836 0.313802 0.756836 0.317708 0.755859 0.319010 0.756836 0.320312 0.756836 0.322917 0.757812 0.324219 0.757812 0.326823 0.759766 0.330729 0.760742 0.330729 0.761719 0.332031 0.763672 0.332031 0.764648 0.333333 0.772461 0.333333 0.773438 0.332031 0.775391 0.332031 0.786133 0.319010 0.786133 0.317708 0.789062 0.311198 0.789062 0.308594 0.790039 0.307292 0.790039 0.300781 0.791016 0.299479 0.790039 0.298177 0.790039 0.291667
0 0.810547 0.260417 0.806641 0.260417 0.805664 0.261719 0.802734 0.263021 0.800781 0.265625 0.797852 0.266927 0.793945 0.272135 0.792969 0.272135 0.790039 0.276042 0.790039 0.277344 0.789062 0.278646 0.790039 0.279948 0.790039 0.287760 0.791016 0.289062 0.791016 0.296875 0.791992 0.298177 0.791992 0.303385 0.792969 0.304688 0.792969 0.305990 0.793945 0.305990 0.796875 0.308594 0.800781 0.308594 0.801758 0.307292 0.802734 0.307292 0.805664 0.304688 0.809570 0.304688 0.810547 0.303385 0.811523 0.303385 0.815430 0.298177 0.815430 0.296875 0.814453 0.295573 0.814453 0.292969 0.815430 0.291667 0.815430 0.287760 0.816406 0.286458 0.816406 0.278646 0.815430 0.277344 0.815430 0.273438 0.814453 0.272135 0.814453 0.268229 0.813477 0.266927 0.813477 0.264323
0 0.718750 0.261719 0.718750 0.264323 0.719727 0.265625 0.719727 0.268229 0.720703 0.269531 0.722656 0.269531 0.724609 0.272135 0.725586 0.276042 0.728516 0.279948 0.729492 0.279948 0.731445 0.282552 0.735352 0.282552 0.736328 0.281250 0.744141 0.281250 0.745117 0.279948 0.747070 0.279948 0.749023 0.277344 0.749023 0.273438 0.750000 0.272135 0.750000 0.269531 0.750977 0.268229 0.750977 0.266927 0.752930 0.263021 0.752930 0.261719 0.751953 0.260417 0.751953 0.248698 0.750977 0.247396 0.749023 0.247396 0.748047 0.246094 0.731445 0.246094 0.728516 0.250000 0.725586 0.251302 0.720703 0.257812 0.720703 0.259115
0 0.753906 0.263021 0.752930 0.264323 0.751953 0.264323 0.751953 0.265625 0.750977 0.266927 0.750977 0.268229 0.750000 0.269531 0.750000 0.272135 0.749023 0.273438 0.749023 0.274740 0.747070 0.277344 0.746094 0.277344 0.746094 0.278646 0.754883 0.290365 0.754883 0.291667 0.759766 0.298177 0.760742 0.296875 0.760742 0.295573 0.761719 0.294271 0.761719 0.292969 0.762695 0.291667 0.762695 0.290365 0.763672 0.289062 0.763672 0.287760 0.764648 0.286458 0.764648 0.283854 0.765625 0.282552 0.764648 0.281250 0.764648 0.276042 0.763672 0.274740 0.763672 0.273438 0.760742 0.269531 0.760742 0.268229 0.759766 0.266927 0.758789 0.266927 0.755859 0.263021
0 0.730469 0.287760 0.730469 0.291667 0.729492 0.292969 0.730469 0.294271 0.730469 0.302083 0.731445 0.303385 0.731445 0.311198 0.734375 0.315104 0.734375 0.319010 0.735352 0.320312 0.735352 0.321615 0.740234 0.321615 0.741211 0.320312 0.750977 0.320312 0.751953 0.319010 0.752930 0.319010 0.754883 0.316406 0.754883 0.313802 0.756836 0.311198 0.756836 0.309896 0.757812 0.308594 0.757812 0.305990 0.758789 0.304688 0.758789 0.303385 0.757812 0.302083 0.757812 0.299479 0.756836 0.298177 0.756836 0.296875 0.755859 0.295573 0.755859 0.294271 0.750000 0.286458 0.750000 0.285156 0.748047 0.282552 0.740234 0.282552 0.739258 0.283854 0.735352 0.283854 0.734375 0.285156 0.733398 0.285156 0.731445 0.287760
