0 0.551758 0.026110 0.549805 0.028721 0.549805 0.030026 0.548828 0.031332 0.548828 0.035248 0.547852 0.036554 0.547852 0.037859 0.544922 0.041775 0.544922 0.043081 0.543945 0.044386 0.543945 0.049608 0.545898 0.052219 0.545898 0.053525 0.548828 0.057441 0.549805 0.057441 0.552734 0.060052 0.556641 0.060052 0.557617 0.061358 0.558594 0.061358 0.559570 0.062663 0.561523 0.062663 0.562500 0.063969 0.568359 0.063969 0.569336 0.062663 0.570312 0.062663 0.570312 0.061358 0.572266 0.058747 0.572266 0.057441 0.573242 0.056136 0.573242 0.053525 0.574219 0.052219 0.574219 0.050914 0.575195 0.049608 0.575195 0.046997 0.576172 0.045692 0.576172 0.033943 0.572266 0.028721 0.571289 0.028721 0.568359 0.026110 0.566406 0.026110 0.563477 0.023499 0.559570 0.023499 0.556641 0.026110
0 0.589844 0.030026 0.589844 0.031332 0.588867 0.032637 0.588867 0.037859 0.589844 0.039164 0.588867 0.040470 0.588867 0.046997 0.589844 0.048303 0.589844 0.050914 0.590820 0.052219 0.590820 0.053525 0.591797 0.054830 0.591797 0.056136 0.592773 0.056136 0.593750 0.057441 0.608398 0.057441 0.609375 0.056136 0.612305 0.056136 0.615234 0.053525 0.615234 0.052219 0.616211 0.050914 0.616211 0.037859 0.615234 0.036554 0.615234 0.033943 0.614258 0.032637 0.613281 0.032637 0.611328 0.030026 0.610352 0.030026 0.607422 0.026110 0.604492 0.026110 0.603516 0.027415 0.601562 0.027415 0.600586 0.026110 0.599609 0.026110 0.598633 0.027415 0.592773 0.027415
0 0.621094 0.048303 0.620117 0.049608 0.619141 0.049608 0.619141 0.050914 0.618164 0.052219 0.618164 0.053525 0.614258 0.058747 0.612305 0.058747 0.611328 0.060052 0.610352 0.060052 0.610352 0.061358 0.609375 0.062663 0.609375 0.065274 0.608398 0.066580 0.608398 0.070496 0.609375 0.071802 0.609375 0.075718 0.611328 0.078329 0.612305 0.078329 0.615234 0.082245 0.616211 0.082245 0.617188 0.083551 0.618164 0.083551 0.619141 0.084856 0.624023 0.084856 0.625000 0.083551 0.627930 0.083551 0.629883 0.080940 0.629883 0.079634 0.630859 0.078329 0.630859 0.065274 0.631836 0.063969 0.631836 0.053525 0.629883 0.050914 0.628906 0.050914 0.627930 0.049608 0.624023 0.049608 0.623047 0.048303
0 0.517578 0.049608 0.517578 0.050914 0.516602 0.052219 0.516602 0.056136 0.518555 0.058747 0.519531 0.058747 0.522461 0.062663 0.522461 0.063969 0.523438 0.065274 0.524414 0.065274 0.526367 0.067885 0.526367 0.069191 0.530273 0.074413 0.530273 0.075718 0.531250 0.077023 0.531250 0.080940 0.533203 0.083551 0.534180 0.083551 0.536133 0.086162 0.537109 0.084856 0.539062 0.084856 0.540039 0.083551 0.541992 0.083551 0.544922 0.079634 0.544922 0.060052 0.543945 0.058747 0.543945 0.057441 0.542969 0.056136 0.542969 0.054830 0.541992 0.053525 0.541992 0.052219 0.539062 0.048303 0.538086 0.048303 0.537109 0.046997 0.535156 0.046997 0.534180 0.045692 0.533203 0.045692 0.532227 0.044386 0.531250 0.044386 0.530273 0.045692 0.524414 0.045692 0.523438 0.046997 0.521484 0.046997 0.520508 0.048303 0.519531 0.048303 0.518555 0.049608
0 0.507812 0.056136 0.505859 0.058747 0.505859 0.060052 0.504883 0.061358 0.504883 0.075718 0.505859 0.075718 0.510742 0.082245 0.513672 0.083551 0.515625 0.086162 0.513672 0.090078 0.515625 0.090078 0.516602 0.091384 0.518555 0.091384 0.519531 0.092689 0.521484 0.092689 0.522461 0.093995 0.524414 0.093995 0.525391 0.095300 0.527344 0.095300 0.528320 0.093995 0.532227 0.093995 0.535156 0.090078 0.535156 0.086162 0.534180 0.086162 0.531250 0.082245 0.531250 0.079634 0.530273 0.078329 0.530273 0.075718 0.529297 0.074413 0.529297 0.073107 0.527344 0.070496 0.527344 0.069191 0.524414 0.065274 0.523438 0.065274 0.521484 0.062663 0.518555 0.061358 0.515625 0.057441 0.514648 0.053525 0.512695 0.053525 0.511719 0.054830 0.509766 0.054830 0.508789 0.056136
0 0.500977 0.086162 0.498047 0.090078 0.498047 0.092689 0.497070 0.093995 0.497070 0.099217 0.496094 0.100522 0.496094 0.103133 0.495117 0.104439 0.495117 0.112272 0.494141 0.113577 0.494141 0.124021 0.493164 0.125326 0.493164 0.126632 0.495117 0.129243 0.498047 0.130548 0.500000 0.133159 0.500000 0.135770 0.500977 0.137076 0.505859 0.137076 0.506836 0.135770 0.509766 0.134465 0.515625 0.126632 0.515625 0.125326 0.516602 0.124021 0.516602 0.121410 0.517578 0.120104 0.517578 0.112272 0.516602 0.110966 0.516602 0.100522 0.515625 0.099217 0.515625 0.096606 0.514648 0.095300 0.514648 0.093995 0.513672 0.093995 0.512695 0.092689 0.509766 0.091384 0.505859 0.086162
0 0.567383 0.069191 0.566406 0.070496 0.566406 0.077023 0.567383 0.078329 0.567383 0.091384 0.569336 0.093995 0.569336 0.096606 0.571289 0.099217 0.571289 0.100522 0.572266 0.101828 0.572266 0.103133 0.575195 0.105744 0.580078 0.105744 0.581055 0.104439 0.586914 0.104439 0.587891 0.103133 0.589844 0.103133 0.591797 0.100522 0.591797 0.091384 0.590820 0.090078 0.590820 0.084856 0.589844 0.083551 0.589844 0.073107 0.588867 0.071802 0.588867 0.070496 0.587891 0.070496 0.586914 0.069191 0.585938 0.069191 0.583008 0.065274 0.582031 0.065274 0.579102 0.062663 0.575195 0.062663 0.573242 0.065274 0.572266 0.065274 0.570312 0.067885 0.569336 0.067885 0.568359 0.069191
0 0.593750 0.067885 0.592773 0.069191 0.592773 0.070496 0.590820 0.074413 0.590820 0.078329 0.589844 0.079634 0.589844 0.080940 0.590820 0.082245 0.590820 0.084856 0.591797 0.086162 0.591797 0.092689 0.592773 0.093995 0.592773 0.099217 0.591797 0.100522 0.595703 0.105744 0.596680 0.105744 0.597656 0.107050 0.600586 0.107050 0.601562 0.108355 0.608398 0.108355 0.609375 0.107050 0.610352 0.107050 0.611328 0.105744 0.611328 0.103133 0.612305 0.101828 0.612305 0.092689 0.611328 0.091384 0.611328 0.086162 0.610352 0.084856 0.610352 0.080940 0.609375 0.079634 0.609375 0.078329 0.608398 0.077023 0.608398 0.075718 0.606445 0.073107 0.605469 0.073107 0.604492 0.071802 0.603516 0.071802 0.602539 0.070496 0.601562 0.070496 0.598633 0.067885
0 0.627930 0.084856 0.626953 0.086162 0.625977 0.086162 0.625000 0.087467 0.624023 0.087467 0.621094 0.090078 0.621094 0.091384 0.619141 0.095300 0.619141 0.097911 0.618164 0.099217 0.618164 0.104439 0.619141 0.105744 0.619141 0.107050 0.620117 0.108355 0.620117 0.109661 0.623047 0.113577 0.623047 0.116188 0.624023 0.117493 0.624023 0.120104 0.626953 0.124021 0.627930 0.124021 0.628906 0.125326 0.630859 0.125326 0.633789 0.127937 0.635742 0.127937 0.636719 0.126632 0.638672 0.126632 0.641602 0.122715 0.642578 0.122715 0.643555 0.121410 0.643555 0.120104 0.644531 0.118799 0.644531 0.117493 0.646484 0.114883 0.646484 0.109661 0.647461 0.108355 0.647461 0.105744 0.646484 0.104439 0.646484 0.103133 0.645508 0.103133 0.643555 0.100522 0.642578 0.100522 0.634766 0.090078 0.634766 0.088773 0.631836 0.084856
0 0.621094 0.127937 0.619141 0.130548 0.618164 0.130548 0.617188 0.131854 0.617188 0.133159 0.616211 0.134465 0.616211 0.143603 0.619141 0.147520 0.619141 0.148825 0.620117 0.150131 0.620117 0.151436 0.624023 0.156658 0.624023 0.157963 0.628906 0.164491 0.628906 0.165796 0.629883 0.167102 0.629883 0.168407 0.631836 0.171018 0.632812 0.171018 0.633789 0.172324 0.634766 0.172324 0.634766 0.171018 0.637695 0.167102 0.637695 0.165796 0.639648 0.163185 0.639648 0.157963 0.638672 0.156658 0.638672 0.154047 0.637695 0.152742 0.637695 0.150131 0.636719 0.148825 0.636719 0.147520 0.635742 0.146214 0.635742 0.144909 0.632812 0.140992 0.632812 0.139687 0.627930 0.133159 0.627930 0.131854 0.625000 0.127937
0 0.597656 0.109661 0.596680 0.110966 0.595703 0.110966 0.593750 0.113577 0.592773 0.113577 0.586914 0.121410 0.586914 0.124021 0.585938 0.125326 0.585938 0.127937 0.586914 0.129243 0.586914 0.130548 0.588867 0.133159 0.588867 0.134465 0.590820 0.137076 0.590820 0.138381 0.592773 0.142298 0.592773 0.144909 0.593750 0.146214 0.593750 0.147520 0.598633 0.154047 0.603516 0.154047 0.604492 0.152742 0.605469 0.152742 0.608398 0.150131 0.611328 0.150131 0.612305 0.148825 0.612305 0.147520 0.614258 0.143603 0.614258 0.133159 0.610352 0.127937 0.610352 0.126632 0.609375 0.125326 0.609375 0.124021 0.603516 0.116188 0.603516 0.114883 0.602539 0.114883 0.601562 0.113577 0.601562 0.112272 0.599609 0.109661
0 0.539062 0.086162 0.539062 0.087467 0.537109 0.090078 0.537109 0.091384 0.536133 0.092689 0.536133 0.097911 0.535156 0.099217 0.535156 0.101828 0.536133 0.103133 0.537109 0.103133 0.542969 0.110966 0.538086 0.116188 0.539062 0.117493 0.540039 0.117493 0.543945 0.122715 0.547852 0.122715 0.548828 0.124021 0.550781 0.124021 0.551758 0.125326 0.558594 0.125326 0.559570 0.124021 0.562500 0.124021 0.563477 0.122715 0.564453 0.122715 0.564453 0.121410 0.565430 0.120104 0.566406 0.116188 0.565430 0.114883 0.565430 0.113577 0.563477 0.109661 0.563477 0.107050 0.562500 0.105744 0.562500 0.104439 0.558594 0.099217 0.558594 0.097911 0.551758 0.088773 0.550781 0.088773 0.547852 0.084856 0.545898 0.084856 0.544922 0.083551 0.543945 0.083551 0.542969 0.084856 0.541016 0.084856 0.540039 0.086162
0 0.522461 0.126632 0.519531 0.130548 0.519531 0.131854 0.518555 0.133159 0.518555 0.135770 0.519531 0.137076 0.519531 0.140992 0.522461 0.144909 0.522461 0.146214 0.523438 0.147520 0.523438 0.150131 0.524414 0.151436 0.524414 0.154047 0.527344 0.157963 0.529297 0.157963 0.530273 0.159269 0.532227 0.159269 0.533203 0.160574 0.536133 0.160574 0.537109 0.161880 0.544922 0.161880 0.545898 0.160574 0.546875 0.160574 0.549805 0.156658 0.549805 0.150131 0.548828 0.148825 0.548828 0.142298 0.547852 0.140992 0.547852 0.135770 0.546875 0.134465 0.546875 0.130548 0.545898 0.129243 0.545898 0.127937 0.541992 0.122715 0.541016 0.122715 0.539062 0.120104 0.538086 0.120104 0.537109 0.118799 0.535156 0.118799 0.534180 0.120104 0.531250 0.120104 0.530273 0.121410 0.527344 0.122715 0.525391 0.125326
0 0.570312 0.124021 0.565430 0.130548 0.565430 0.131854 0.561523 0.137076 0.561523 0.143603 0.559570 0.147520 0.559570 0.150131 0.561523 0.152742 0.561523 0.154047 0.562500 0.155352 0.563477 0.155352 0.564453 0.156658 0.565430 0.156658 0.566406 0.157963 0.567383 0.157963 0.570312 0.161880 0.571289 0.161880 0.572266 0.163185 0.573242 0.163185 0.576172 0.165796 0.580078 0.165796 0.581055 0.164491 0.582031 0.164491 0.583984 0.161880 0.583984 0.160574 0.585938 0.157963 0.585938 0.156658 0.586914 0.155352 0.586914 0.152742 0.587891 0.151436 0.587891 0.146214 0.588867 0.144909 0.588867 0.137076 0.587891 0.135770 0.587891 0.134465 0.585938 0.131854 0.584961 0.131854 0.583984 0.130548 0.583008 0.130548 0.582031 0.129243 0.581055 0.129243 0.580078 0.127937 0.579102 0.127937 0.577148 0.125326 0.575195 0.125326 0.574219 0.124021
0 0.603516 0.157963 0.603516 0.174935 0.604492 0.174935 0.605469 0.176240 0.607422 0.176240 0.610352 0.178851 0.613281 0.178851 0.614258 0.180157 0.615234 0.180157 0.616211 0.181462 0.617188 0.181462 0.618164 0.182768 0.619141 0.182768 0.622070 0.185379 0.624023 0.185379 0.625000 0.186684 0.626953 0.186684 0.627930 0.185379 0.629883 0.185379 0.630859 0.184073 0.630859 0.182768 0.631836 0.181462 0.631836 0.176240 0.632812 0.174935 0.632812 0.173629 0.631836 0.172324 0.631836 0.169713 0.627930 0.164491 0.627930 0.163185 0.625977 0.160574 0.625000 0.160574 0.623047 0.157963 0.622070 0.157963 0.621094 0.156658 0.619141 0.156658 0.615234 0.151436 0.613281 0.151436 0.612305 0.152742 0.609375 0.152742 0.607422 0.155352 0.606445 0.155352
0 0.468750 0.133159 0.468750 0.134465 0.466797 0.138381 0.466797 0.144909 0.467773 0.146214 0.467773 0.147520 0.474609 0.156658 0.476562 0.156658 0.477539 0.157963 0.479492 0.157963 0.480469 0.159269 0.483398 0.159269 0.484375 0.160574 0.489258 0.160574 0.490234 0.161880 0.499023 0.161880 0.500977 0.159269 0.500977 0.157963 0.501953 0.156658 0.501953 0.151436 0.500977 0.150131 0.500977 0.147520 0.500000 0.146214 0.500000 0.144909 0.499023 0.143603 0.499023 0.142298 0.498047 0.140992 0.498047 0.139687 0.492188 0.131854 0.491211 0.131854 0.490234 0.130548 0.486328 0.130548 0.483398 0.127937 0.480469 0.127937 0.479492 0.126632 0.474609 0.126632 0.473633 0.127937 0.472656 0.127937
0 0.489258 0.178851 0.488281 0.180157 0.488281 0.181462 0.486328 0.184073 0.486328 0.195822 0.487305 0.197128 0.487305 0.201044 0.488281 0.202350 0.488281 0.204961 0.489258 0.206266 0.489258 0.207572 0.490234 0.207572 0.491211 0.208877 0.494141 0.210183 0.498047 0.216710 0.500977 0.214099 0.503906 0.214099 0.504883 0.215405 0.507812 0.215405 0.508789 0.216710 0.509766 0.215405 0.509766 0.212794 0.510742 0.211488 0.512695 0.211488 0.513672 0.210183 0.513672 0.207572 0.514648 0.206266 0.514648 0.204961 0.515625 0.203655 0.516602 0.203655 0.518555 0.201044 0.518555 0.194517 0.517578 0.193211 0.517578 0.185379 0.515625 0.182768 0.515625 0.181462 0.513672 0.178851 0.513672 0.177546 0.510742 0.173629 0.500000 0.173629 0.499023 0.174935 0.497070 0.174935 0.496094 0.176240 0.494141 0.176240 0.491211 0.178851
0 0.554688 0.160574 0.553711 0.161880 0.552734 0.161880 0.552734 0.163185 0.551758 0.164491 0.549805 0.164491 0.548828 0.165796 0.547852 0.165796 0.544922 0.168407 0.544922 0.169713 0.543945 0.171018 0.543945 0.173629 0.542969 0.174935 0.542969 0.181462 0.543945 0.182768 0.543945 0.189295 0.545898 0.191906 0.545898 0.193211 0.547852 0.195822 0.547852 0.197128 0.552734 0.203655 0.553711 0.203655 0.554688 0.204961 0.556641 0.204961 0.557617 0.206266 0.562500 0.206266 0.563477 0.207572 0.564453 0.207572 0.565430 0.206266 0.567383 0.206266 0.567383 0.204961 0.568359 0.203655 0.568359 0.202350 0.570312 0.198433 0.570312 0.193211 0.569336 0.191906 0.569336 0.185379 0.568359 0.184073 0.569336 0.182768 0.569336 0.176240 0.568359 0.174935 0.568359 0.173629 0.566406 0.171018 0.566406 0.169713 0.563477 0.165796 0.562500 0.165796 0.559570 0.163185 0.557617 0.163185 0.555664 0.160574
0 0.575195 0.169713 0.571289 0.174935 0.571289 0.177546 0.570312 0.178851 0.570312 0.189295 0.571289 0.190601 0.571289 0.194517 0.572266 0.195822 0.572266 0.201044 0.574219 0.203655 0.575195 0.203655 0.577148 0.206266 0.578125 0.206266 0.579102 0.207572 0.580078 0.207572 0.583008 0.210183 0.585938 0.210183 0.586914 0.211488 0.587891 0.210183 0.589844 0.210183 0.590820 0.208877 0.591797 0.208877 0.594727 0.204961 0.594727 0.203655 0.596680 0.201044 0.596680 0.199739 0.598633 0.197128 0.598633 0.195822 0.599609 0.194517 0.599609 0.187990 0.598633 0.186684 0.598633 0.185379 0.597656 0.185379 0.595703 0.182768 0.594727 0.182768 0.592773 0.180157 0.591797 0.180157 0.587891 0.174935 0.586914 0.174935 0.584961 0.172324 0.583984 0.172324 0.583008 0.171018 0.582031 0.171018 0.579102 0.168407 0.578125 0.169713
0 0.599609 0.204961 0.598633 0.206266 0.597656 0.206266 0.597656 0.207572 0.596680 0.208877 0.596680 0.211488 0.594727 0.215405 0.594727 0.221932 0.595703 0.223238 0.595703 0.225849 0.596680 0.227154 0.596680 0.229765 0.597656 0.231070 0.597656 0.236292 0.599609 0.238903 0.600586 0.238903 0.603516 0.241514 0.605469 0.241514 0.606445 0.242820 0.607422 0.242820 0.610352 0.245431 0.613281 0.245431 0.616211 0.242820 0.616211 0.233681 0.617188 0.232376 0.617188 0.220627 0.616211 0.219321 0.616211 0.212794 0.615234 0.211488 0.615234 0.210183 0.612305 0.207572 0.610352 0.207572 0.609375 0.206266 0.607422 0.206266 0.606445 0.204961
0 0.562500 0.220627 0.562500 0.223238 0.563477 0.224543 0.563477 0.229765 0.564453 0.231070 0.564453 0.232376 0.570312 0.240209 0.572266 0.240209 0.573242 0.241514 0.576172 0.241514 0.579102 0.244125 0.581055 0.244125 0.582031 0.245431 0.584961 0.245431 0.585938 0.246736 0.588867 0.246736 0.589844 0.245431 0.590820 0.245431 0.592773 0.242820 0.593750 0.242820 0.593750 0.241514 0.594727 0.240209 0.594727 0.231070 0.593750 0.229765 0.593750 0.228460 0.591797 0.225849 0.591797 0.224543 0.590820 0.224543 0.587891 0.220627 0.586914 0.220627 0.585938 0.219321 0.583984 0.219321 0.583008 0.218016 0.581055 0.218016 0.580078 0.216710 0.579102 0.216710 0.577148 0.214099 0.576172 0.214099 0.575195 0.212794 0.573242 0.212794 0.572266 0.211488 0.571289 0.211488 0.570312 0.212794 0.567383 0.212794 0.564453 0.216710 0.564453 0.218016
0 0.530273 0.199739 0.527344 0.203655 0.527344 0.204961 0.526367 0.206266 0.526367 0.216710 0.529297 0.223238 0.529297 0.227154 0.528320 0.228460 0.526367 0.225849 0.524414 0.225849 0.524414 0.228460 0.523438 0.229765 0.523438 0.231070 0.526367 0.232376 0.528320 0.234987 0.528320 0.236292 0.529297 0.237598 0.529297 0.240209 0.532227 0.242820 0.538086 0.242820 0.539062 0.244125 0.544922 0.244125 0.545898 0.242820 0.551758 0.242820 0.552734 0.241514 0.553711 0.241514 0.555664 0.237598 0.555664 0.225849 0.556641 0.224543 0.556641 0.220627 0.555664 0.219321 0.555664 0.215405 0.554688 0.214099 0.554688 0.212794 0.553711 0.211488 0.552734 0.211488 0.543945 0.199739 0.542969 0.199739 0.541992 0.198433 0.540039 0.198433 0.539062 0.197128 0.536133 0.197128 0.535156 0.198433 0.533203 0.198433 0.532227 0.199739
0 0.468750 0.216710 0.466797 0.220627 0.466797 0.221932 0.467773 0.223238 0.467773 0.227154 0.468750 0.228460 0.468750 0.229765 0.470703 0.232376 0.470703 0.233681 0.475586 0.240209 0.476562 0.240209 0.478516 0.242820 0.479492 0.242820 0.481445 0.245431 0.482422 0.245431 0.485352 0.249347 0.486328 0.249347 0.490234 0.254569 0.495117 0.254569 0.500000 0.248042 0.500000 0.244125 0.500977 0.242820 0.500977 0.231070 0.499023 0.228460 0.498047 0.228460 0.495117 0.224543 0.494141 0.224543 0.489258 0.218016 0.486328 0.216710 0.484375 0.214099 0.483398 0.214099 0.482422 0.212794 0.473633 0.212794 0.472656 0.214099 0.471680 0.214099 0.469727 0.216710
0 0.523438 0.233681 0.519531 0.233681 0.518555 0.234987 0.514648 0.234987 0.512695 0.237598 0.509766 0.238903 0.503906 0.246736 0.503906 0.248042 0.501953 0.251958 0.501953 0.263708 0.503906 0.263708 0.505859 0.266319 0.505859 0.268930 0.506836 0.270235 0.507812 0.270235 0.509766 0.272846 0.510742 0.272846 0.512695 0.275457 0.513672 0.275457 0.515625 0.278068 0.516602 0.278068 0.518555 0.280679 0.519531 0.280679 0.520508 0.281984 0.526367 0.279373 0.531250 0.272846 0.531250 0.271540 0.532227 0.270235 0.532227 0.266319 0.533203 0.265013 0.533203 0.257180 0.532227 0.255875 0.532227 0.253264 0.531250 0.251958 0.531250 0.248042 0.529297 0.245431 0.527344 0.237598 0.525391 0.234987 0.524414 0.234987
0 0.542969 0.249347 0.542969 0.250653 0.541992 0.251958 0.541992 0.270235 0.542969 0.271540 0.542969 0.274151 0.543945 0.275457 0.547852 0.275457 0.548828 0.274151 0.552734 0.274151 0.553711 0.275457 0.556641 0.275457 0.558594 0.278068 0.564453 0.278068 0.565430 0.276762 0.568359 0.276762 0.571289 0.274151 0.571289 0.272846 0.572266 0.271540 0.572266 0.268930 0.573242 0.267624 0.573242 0.259791 0.574219 0.258486 0.574219 0.257180 0.573242 0.255875 0.573242 0.251958 0.572266 0.250653 0.572266 0.249347 0.570312 0.246736 0.569336 0.246736 0.568359 0.245431 0.567383 0.245431 0.564453 0.242820 0.555664 0.242820 0.552734 0.246736 0.544922 0.246736
0 0.599609 0.240209 0.596680 0.241514 0.592773 0.246736 0.589844 0.248042 0.585938 0.253264 0.585938 0.254569 0.584961 0.255875 0.584961 0.262402 0.585938 0.263708 0.585938 0.266319 0.587891 0.268930 0.585938 0.271540 0.585938 0.279373 0.586914 0.279373 0.589844 0.283290 0.589844 0.284595 0.590820 0.285901 0.590820 0.288512 0.591797 0.289817 0.592773 0.289817 0.593750 0.288512 0.595703 0.288512 0.596680 0.289817 0.599609 0.289817 0.601562 0.287206 0.604492 0.285901 0.605469 0.284595 0.605469 0.281984 0.606445 0.280679 0.606445 0.278068 0.607422 0.276762 0.608398 0.272846 0.612305 0.267624 0.612305 0.265013 0.613281 0.263708 0.613281 0.261097 0.614258 0.259791 0.614258 0.257180 0.613281 0.255875 0.613281 0.253264 0.612305 0.251958 0.611328 0.248042 0.610352 0.248042 0.609375 0.246736 0.608398 0.246736 0.607422 0.245431 0.604492 0.244125 0.602539 0.241514 0.600586 0.241514
0 0.615234 0.263708 0.615234 0.265013 0.613281 0.267624 0.613281 0.268930 0.612305 0.270235 0.612305 0.272846 0.611328 0.274151 0.611328 0.279373 0.610352 0.280679 0.610352 0.281984 0.609375 0.283290 0.609375 0.284595 0.610352 0.285901 0.610352 0.289817 0.611328 0.289817 0.612305 0.291123 0.613281 0.291123 0.614258 0.292428 0.627930 0.292428 0.628906 0.291123 0.630859 0.291123 0.631836 0.289817 0.631836 0.280679 0.630859 0.279373 0.630859 0.276762 0.629883 0.275457 0.629883 0.271540 0.628906 0.270235 0.628906 0.268930 0.625000 0.263708 0.625000 0.262402 0.624023 0.262402 0.623047 0.261097 0.621094 0.261097 0.620117 0.262402 0.617188 0.262402 0.616211 0.263708
0 0.614258 0.300261 0.611328 0.304178 0.611328 0.305483 0.610352 0.306789 0.610352 0.313316 0.611328 0.314621 0.611328 0.315927 0.612305 0.317232 0.612305 0.318538 0.614258 0.322454 0.614258 0.325065 0.615234 0.326371 0.615234 0.327676 0.616211 0.328982 0.616211 0.330287 0.618164 0.332898 0.618164 0.334204 0.619141 0.335509 0.619141 0.336815 0.620117 0.336815 0.621094 0.338120 0.623047 0.338120 0.624023 0.339426 0.627930 0.339426 0.635742 0.328982 0.635742 0.327676 0.636719 0.326371 0.636719 0.325065 0.637695 0.323760 0.637695 0.322454 0.638672 0.321149 0.638672 0.319843 0.640625 0.315927 0.640625 0.314621 0.639648 0.313316 0.639648 0.310705 0.635742 0.305483 0.635742 0.304178 0.634766 0.302872 0.633789 0.302872 0.630859 0.300261
0 0.592773 0.308094 0.590820 0.310705 0.590820 0.322454 0.592773 0.326371 0.592773 0.332898 0.590820 0.335509 0.588867 0.335509 0.587891 0.336815 0.588867 0.338120 0.590820 0.338120 0.592773 0.340731 0.592773 0.345953 0.596680 0.351175 0.597656 0.351175 0.602539 0.355091 0.607422 0.355091 0.608398 0.353786 0.609375 0.353786 0.612305 0.349869 0.612305 0.348564 0.615234 0.345953 0.615234 0.344648 0.617188 0.340731 0.617188 0.335509 0.616211 0.334204 0.616211 0.331593 0.615234 0.330287 0.615234 0.327676 0.614258 0.326371 0.613281 0.322454 0.611328 0.319843 0.610352 0.315927 0.606445 0.310705 0.605469 0.310705 0.602539 0.308094 0.596680 0.308094 0.595703 0.306789 0.594727 0.308094
0 0.571289 0.280679 0.570312 0.281984 0.569336 0.281984 0.567383 0.284595 0.567383 0.285901 0.565430 0.288512 0.565430 0.289817 0.563477 0.293734 0.563477 0.298956 0.562500 0.300261 0.562500 0.302872 0.561523 0.304178 0.561523 0.325065 0.563477 0.327676 0.565430 0.327676 0.567383 0.330287 0.570312 0.330287 0.571289 0.331593 0.574219 0.331593 0.575195 0.332898 0.577148 0.332898 0.578125 0.331593 0.582031 0.331593 0.583008 0.330287 0.583008 0.327676 0.583984 0.326371 0.583984 0.323760 0.584961 0.322454 0.584961 0.319843 0.585938 0.318538 0.585938 0.298956 0.584961 0.297650 0.584961 0.296345 0.583984 0.295039 0.583008 0.291123 0.581055 0.288512 0.581055 0.287206 0.576172 0.280679
0 0.541016 0.279373 0.537109 0.284595 0.536133 0.284595 0.535156 0.285901 0.535156 0.287206 0.534180 0.288512 0.534180 0.295039 0.533203 0.296345 0.533203 0.300261 0.534180 0.301567 0.535156 0.305483 0.537109 0.308094 0.538086 0.308094 0.539062 0.309399 0.541992 0.310705 0.544922 0.314621 0.544922 0.315927 0.547852 0.319843 0.548828 0.319843 0.550781 0.322454 0.551758 0.322454 0.552734 0.323760 0.555664 0.323760 0.556641 0.322454 0.556641 0.318538 0.557617 0.317232 0.557617 0.313316 0.558594 0.312010 0.558594 0.309399 0.559570 0.308094 0.559570 0.305483 0.560547 0.304178 0.560547 0.298956 0.561523 0.297650 0.561523 0.287206 0.560547 0.285901 0.560547 0.284595 0.558594 0.281984 0.557617 0.281984 0.554688 0.279373 0.552734 0.279373 0.551758 0.278068 0.543945 0.278068 0.542969 0.279373
0 0.497070 0.274151 0.496094 0.275457 0.495117 0.275457 0.494141 0.276762 0.491211 0.278068 0.491211 0.279373 0.489258 0.281984 0.488281 0.285901 0.485352 0.289817 0.485352 0.295039 0.486328 0.296345 0.487305 0.300261 0.488281 0.301567 0.489258 0.301567 0.492188 0.305483 0.492188 0.309399 0.496094 0.314621 0.498047 0.314621 0.499023 0.315927 0.502930 0.315927 0.503906 0.317232 0.508789 0.317232 0.510742 0.314621 0.511719 0.314621 0.511719 0.312010 0.512695 0.310705 0.512695 0.305483 0.516602 0.298956 0.516602 0.296345 0.517578 0.295039 0.517578 0.288512 0.516602 0.287206 0.516602 0.281984 0.513672 0.278068 0.512695 0.278068 0.509766 0.275457 0.507812 0.275457 0.506836 0.274151
0 0.473633 0.315927 0.473633 0.317232 0.471680 0.321149 0.471680 0.323760 0.470703 0.325065 0.470703 0.330287 0.471680 0.331593 0.471680 0.340731 0.472656 0.342037 0.472656 0.352480 0.473633 0.353786 0.475586 0.353786 0.477539 0.356397 0.483398 0.356397 0.484375 0.355091 0.493164 0.355091 0.494141 0.353786 0.496094 0.353786 0.499023 0.349869 0.501953 0.348564 0.503906 0.345953 0.503906 0.335509 0.502930 0.334204 0.502930 0.330287 0.494141 0.318538 0.493164 0.318538 0.491211 0.315927 0.490234 0.315927 0.489258 0.314621 0.486328 0.314621 0.485352 0.313316 0.482422 0.313316 0.481445 0.312010 0.477539 0.312010 0.476562 0.313316 0.475586 0.313316
0 0.542969 0.313316 0.541992 0.313316 0.541016 0.312010 0.540039 0.312010 0.539062 0.310705 0.538086 0.310705 0.535156 0.308094 0.532227 0.308094 0.531250 0.306789 0.527344 0.306789 0.524414 0.309399 0.521484 0.309399 0.519531 0.312010 0.518555 0.312010 0.515625 0.315927 0.515625 0.326371 0.514648 0.327676 0.514648 0.340731 0.515625 0.342037 0.516602 0.345953 0.520508 0.351175 0.534180 0.351175 0.535156 0.349869 0.536133 0.349869 0.538086 0.347258 0.539062 0.343342 0.541992 0.339426 0.541992 0.338120 0.542969 0.336815 0.542969 0.335509 0.544922 0.331593 0.544922 0.326371 0.545898 0.325065 0.545898 0.319843 0.544922 0.318538 0.544922 0.317232
0 0.544922 0.340731 0.543945 0.342037 0.543945 0.343342 0.542969 0.344648 0.542969 0.347258 0.541992 0.348564 0.541992 0.356397 0.545898 0.361619 0.546875 0.361619 0.547852 0.362924 0.550781 0.364230 0.553711 0.368146 0.554688 0.368146 0.558594 0.373368 0.558594 0.374674 0.559570 0.374674 0.561523 0.377285 0.568359 0.377285 0.569336 0.375979 0.571289 0.375979 0.573242 0.373368 0.573242 0.370757 0.575195 0.368146 0.575195 0.366841 0.577148 0.362924 0.577148 0.357702 0.576172 0.356397 0.576172 0.353786 0.575195 0.352480 0.574219 0.348564 0.572266 0.345953 0.572266 0.344648 0.568359 0.338120 0.567383 0.338120 0.564453 0.334204 0.560547 0.334204 0.559570 0.332898 0.558594 0.334204 0.554688 0.334204 0.553711 0.335509 0.551758 0.335509 0.549805 0.338120 0.548828 0.338120 0.547852 0.339426
0 0.624023 0.342037 0.621094 0.342037 0.620117 0.343342 0.619141 0.343342 0.615234 0.348564 0.615234 0.349869 0.613281 0.352480 0.613281 0.355091 0.611328 0.357702 0.611328 0.360313 0.610352 0.361619 0.610352 0.364230 0.609375 0.365535 0.609375 0.370757 0.608398 0.372063 0.608398 0.379896 0.609375 0.381201 0.609375 0.385117 0.610352 0.386423 0.610352 0.387728 0.614258 0.392950 0.614258 0.394256 0.615234 0.394256 0.618164 0.396867 0.619141 0.395561 0.622070 0.394256 0.625000 0.390339 0.625000 0.389034 0.627930 0.385117 0.627930 0.383812 0.630859 0.379896 0.630859 0.378590 0.631836 0.377285 0.631836 0.366841 0.630859 0.365535 0.630859 0.361619 0.629883 0.360313 0.629883 0.357702 0.628906 0.356397 0.628906 0.348564 0.627930 0.347258 0.627930 0.345953 0.625977 0.343342 0.625000 0.343342
0 0.581055 0.361619 0.578125 0.364230 0.578125 0.365535 0.576172 0.369452 0.576172 0.372063 0.575195 0.373368 0.577148 0.375979 0.577148 0.377285 0.578125 0.378590 0.578125 0.381201 0.579102 0.382507 0.579102 0.383812 0.580078 0.385117 0.580078 0.386423 0.582031 0.390339 0.582031 0.394256 0.583008 0.395561 0.583008 0.396867 0.584961 0.400783 0.584961 0.403394 0.587891 0.406005 0.590820 0.406005 0.593750 0.408616 0.595703 0.408616 0.596680 0.407311 0.597656 0.407311 0.599609 0.404700 0.600586 0.404700 0.600586 0.402089 0.601562 0.400783 0.601562 0.386423 0.599609 0.382507 0.599609 0.378590 0.598633 0.377285 0.598633 0.375979 0.597656 0.374674 0.597656 0.373368 0.590820 0.364230 0.589844 0.364230 0.588867 0.362924 0.586914 0.362924 0.585938 0.361619
0 0.566406 0.379896 0.565430 0.381201 0.562500 0.382507 0.559570 0.386423 0.558594 0.386423 0.558594 0.387728 0.557617 0.389034 0.557617 0.394256 0.555664 0.398172 0.555664 0.412533 0.554688 0.413838 0.554688 0.415144 0.555664 0.416449 0.555664 0.420366 0.562500 0.429504 0.563477 0.429504 0.564453 0.430809 0.571289 0.430809 0.574219 0.426893 0.575195 0.426893 0.579102 0.420366 0.580078 0.420366 0.581055 0.419060 0.581055 0.415144 0.582031 0.413838 0.582031 0.406005 0.581055 0.404700 0.581055 0.400783 0.580078 0.399478 0.580078 0.394256 0.579102 0.392950 0.579102 0.390339 0.578125 0.389034 0.578125 0.387728 0.573242 0.381201 0.572266 0.381201 0.571289 0.379896
0 0.525391 0.365535 0.525391 0.366841 0.524414 0.368146 0.525391 0.369452 0.525391 0.373368 0.524414 0.374674 0.524414 0.378590 0.525391 0.379896 0.525391 0.381201 0.526367 0.382507 0.526367 0.383812 0.527344 0.385117 0.528320 0.389034 0.530273 0.391645 0.530273 0.392950 0.533203 0.396867 0.533203 0.398172 0.535156 0.400783 0.536133 0.400783 0.537109 0.402089 0.541992 0.402089 0.542969 0.403394 0.543945 0.403394 0.544922 0.402089 0.546875 0.402089 0.550781 0.395561 0.550781 0.394256 0.551758 0.392950 0.551758 0.391645 0.552734 0.390339 0.552734 0.389034 0.553711 0.387728 0.554688 0.383812 0.556641 0.381201 0.556641 0.379896 0.557617 0.378590 0.557617 0.377285 0.556641 0.375979 0.556641 0.372063 0.555664 0.370757 0.554688 0.370757 0.550781 0.365535 0.549805 0.365535 0.548828 0.364230 0.547852 0.364230 0.544922 0.361619 0.541992 0.361619 0.541016 0.360313 0.534180 0.360313 0.533203 0.361619 0.531250 0.361619 0.530273 0.362924 0.528320 0.362924 0.526367 0.365535
0 0.516602 0.352480 0.513672 0.352480 0.512695 0.351175 0.511719 0.351175 0.508789 0.348564 0.504883 0.348564 0.503906 0.349869 0.502930 0.349869 0.500977 0.352480 0.500000 0.352480 0.496094 0.357702 0.496094 0.359008 0.494141 0.361619 0.494141 0.368146 0.495117 0.369452 0.495117 0.373368 0.496094 0.374674 0.496094 0.378590 0.497070 0.379896 0.497070 0.381201 0.498047 0.382507 0.498047 0.383812 0.500977 0.387728 0.500977 0.389034 0.502930 0.389034 0.503906 0.387728 0.505859 0.387728 0.507812 0.385117 0.508789 0.385117 0.511719 0.382507 0.513672 0.382507 0.514648 0.381201 0.515625 0.381201 0.516602 0.379896 0.517578 0.379896 0.519531 0.377285 0.520508 0.377285 0.520508 0.375979 0.521484 0.374674 0.521484 0.364230 0.520508 0.362924 0.520508 0.361619 0.519531 0.360313 0.519531 0.359008 0.518555 0.357702 0.518555 0.356397
0 0.461914 0.365535 0.459961 0.368146 0.459961 0.369452 0.458008 0.373368 0.458008 0.379896 0.458984 0.381201 0.458984 0.383812 0.459961 0.385117 0.459961 0.389034 0.460938 0.390339 0.461914 0.394256 0.467773 0.403394 0.468750 0.403394 0.471680 0.406005 0.473633 0.406005 0.474609 0.407311 0.481445 0.407311 0.482422 0.406005 0.483398 0.406005 0.486328 0.402089 0.486328 0.400783 0.488281 0.398172 0.488281 0.396867 0.491211 0.392950 0.491211 0.390339 0.492188 0.389034 0.492188 0.387728 0.491211 0.386423 0.491211 0.378590 0.490234 0.377285 0.489258 0.373368 0.484375 0.366841 0.482422 0.366841 0.481445 0.365535 0.479492 0.365535 0.478516 0.364230 0.476562 0.364230 0.475586 0.362924 0.467773 0.362924 0.466797 0.364230 0.463867 0.364230 0.462891 0.365535
0 0.521484 0.381201 0.517578 0.381201 0.516602 0.382507 0.513672 0.382507 0.510742 0.385117 0.508789 0.385117 0.505859 0.389034 0.504883 0.389034 0.501953 0.392950 0.501953 0.394256 0.500977 0.395561 0.500977 0.398172 0.500000 0.399478 0.500000 0.408616 0.501953 0.412533 0.501953 0.421671 0.500977 0.422977 0.500977 0.424282 0.505859 0.429504 0.510742 0.429504 0.511719 0.428198 0.512695 0.428198 0.513672 0.426893 0.515625 0.426893 0.518555 0.424282 0.521484 0.424282 0.522461 0.422977 0.522461 0.421671 0.524414 0.419060 0.525391 0.415144 0.530273 0.408616 0.530273 0.398172 0.529297 0.396867 0.529297 0.392950 0.528320 0.391645 0.528320 0.390339 0.526367 0.387728 0.526367 0.386423
0 0.471680 0.416449 0.468750 0.416449 0.467773 0.417755 0.465820 0.417755 0.464844 0.419060 0.463867 0.419060 0.461914 0.421671 0.460938 0.421671 0.459961 0.422977 0.457031 0.424282 0.455078 0.426893 0.454102 0.426893 0.447266 0.434726 0.447266 0.437337 0.446289 0.438642 0.446289 0.443864 0.447266 0.445170 0.447266 0.447781 0.448242 0.449086 0.448242 0.451697 0.450195 0.454308 0.450195 0.455614 0.451172 0.456919 0.451172 0.462141 0.452148 0.463446 0.452148 0.466057 0.454102 0.468668 0.457031 0.468668 0.458008 0.469974 0.458984 0.468668 0.460938 0.468668 0.461914 0.467363 0.463867 0.467363 0.465820 0.464752 0.468750 0.464752 0.469727 0.463446 0.470703 0.463446 0.476562 0.454308 0.476562 0.453003 0.479492 0.446475 0.479492 0.443864 0.480469 0.442559 0.480469 0.432115 0.479492 0.430809 0.477539 0.424282 0.474609 0.420366 0.474609 0.419060
0 0.544922 0.406005 0.542969 0.406005 0.541992 0.404700 0.536133 0.404700 0.533203 0.408616 0.533203 0.409922 0.532227 0.411227 0.532227 0.413838 0.530273 0.416449 0.530273 0.417755 0.527344 0.421671 0.527344 0.422977 0.525391 0.425587 0.525391 0.429504 0.524414 0.430809 0.524414 0.433420 0.523438 0.434726 0.523438 0.437337 0.521484 0.439948 0.521484 0.442559 0.522461 0.443864 0.522461 0.445170 0.525391 0.449086 0.527344 0.449086 0.530273 0.451697 0.539062 0.451697 0.540039 0.450392 0.541016 0.450392 0.544922 0.445170 0.544922 0.443864 0.546875 0.441253 0.546875 0.438642 0.547852 0.437337 0.547852 0.433420 0.548828 0.432115 0.548828 0.429504 0.549805 0.428198 0.549805 0.425587 0.550781 0.424282 0.550781 0.420366 0.549805 0.419060 0.549805 0.416449 0.547852 0.412533 0.547852 0.409922
0 0.599609 0.417755 0.598633 0.417755 0.597656 0.419060 0.596680 0.419060 0.594727 0.421671 0.592773 0.421671 0.589844 0.425587 0.588867 0.425587 0.587891 0.426893 0.586914 0.426893 0.582031 0.433420 0.581055 0.433420 0.581055 0.434726 0.580078 0.436031 0.580078 0.437337 0.581055 0.438642 0.581055 0.442559 0.582031 0.443864 0.582031 0.446475 0.583008 0.447781 0.583008 0.449086 0.586914 0.454308 0.587891 0.454308 0.588867 0.455614 0.588867 0.456919 0.590820 0.459530 0.597656 0.459530 0.598633 0.458225 0.599609 0.458225 0.602539 0.454308 0.603516 0.454308 0.605469 0.451697 0.605469 0.450392 0.610352 0.443864 0.610352 0.442559 0.611328 0.441253 0.611328 0.437337 0.612305 0.436031 0.611328 0.434726 0.611328 0.432115 0.604492 0.422977 0.603516 0.422977
0 0.603516 0.456919 0.600586 0.460836 0.600586 0.462141 0.597656 0.466057 0.597656 0.467363 0.594727 0.471279 0.594727 0.476501 0.595703 0.477807 0.595703 0.479112 0.597656 0.481723 0.597656 0.483029 0.601562 0.488251 0.602539 0.488251 0.605469 0.490862 0.607422 0.490862 0.608398 0.492167 0.616211 0.492167 0.617188 0.490862 0.621094 0.490862 0.622070 0.489556 0.623047 0.489556 0.625977 0.485640 0.625977 0.484334 0.626953 0.483029 0.626953 0.469974 0.625977 0.468668 0.625977 0.464752 0.625000 0.463446 0.625000 0.462141 0.624023 0.460836 0.624023 0.459530 0.622070 0.456919 0.621094 0.456919 0.618164 0.454308 0.611328 0.454308 0.610352 0.455614 0.607422 0.455614 0.606445 0.456919
0 0.566406 0.439948 0.565430 0.441253 0.563477 0.441253 0.558594 0.446475 0.558594 0.449086 0.556641 0.451697 0.556641 0.453003 0.555664 0.454308 0.555664 0.456919 0.557617 0.460836 0.557617 0.464752 0.558594 0.466057 0.558594 0.475196 0.559570 0.476501 0.559570 0.483029 0.560547 0.484334 0.560547 0.485640 0.563477 0.488251 0.571289 0.488251 0.572266 0.486945 0.575195 0.486945 0.579102 0.481723 0.579102 0.480418 0.580078 0.479112 0.580078 0.473890 0.581055 0.472585 0.581055 0.468668 0.582031 0.467363 0.582031 0.463446 0.581055 0.462141 0.581055 0.455614 0.580078 0.454308 0.580078 0.450392 0.578125 0.446475 0.578125 0.443864 0.576172 0.441253 0.575195 0.441253 0.574219 0.439948
0 0.548828 0.453003 0.546875 0.453003 0.545898 0.454308 0.544922 0.454308 0.540039 0.458225 0.538086 0.458225 0.537109 0.459530 0.535156 0.459530 0.530273 0.463446 0.530273 0.466057 0.529297 0.467363 0.529297 0.472585 0.530273 0.473890 0.530273 0.489556 0.532227 0.492167 0.532227 0.497389 0.533203 0.498695 0.534180 0.498695 0.536133 0.501305 0.536133 0.502611 0.548828 0.502611 0.551758 0.500000 0.554688 0.500000 0.555664 0.498695 0.556641 0.498695 0.558594 0.496084 0.558594 0.477807 0.557617 0.476501 0.557617 0.466057 0.556641 0.464752 0.556641 0.463446 0.552734 0.458225 0.551758 0.458225 0.550781 0.456919 0.550781 0.455614
0 0.514648 0.451697 0.513672 0.451697 0.511719 0.454308 0.510742 0.454308 0.509766 0.455614 0.505859 0.455614 0.504883 0.456919 0.502930 0.456919 0.500000 0.460836 0.500000 0.468668 0.500977 0.469974 0.500977 0.472585 0.501953 0.473890 0.501953 0.477807 0.502930 0.479112 0.502930 0.483029 0.503906 0.484334 0.503906 0.486945 0.504883 0.488251 0.504883 0.492167 0.507812 0.498695 0.507812 0.501305 0.508789 0.502611 0.508789 0.503916 0.509766 0.503916 0.510742 0.505222 0.516602 0.505222 0.517578 0.503916 0.519531 0.503916 0.520508 0.502611 0.523438 0.501305 0.525391 0.498695 0.525391 0.497389 0.526367 0.496084 0.526367 0.493473 0.527344 0.492167 0.527344 0.477807 0.526367 0.476501 0.526367 0.472585 0.525391 0.471279 0.525391 0.469974 0.524414 0.468668 0.523438 0.464752 0.521484 0.462141 0.521484 0.460836 0.518555 0.456919 0.518555 0.455614 0.516602 0.453003 0.515625 0.453003
0 0.485352 0.464752 0.484375 0.466057 0.481445 0.466057 0.480469 0.467363 0.479492 0.467363 0.474609 0.473890 0.474609 0.475196 0.471680 0.479112 0.471680 0.494778 0.472656 0.496084 0.472656 0.498695 0.473633 0.500000 0.474609 0.503916 0.476562 0.506527 0.477539 0.510444 0.481445 0.515666 0.482422 0.515666 0.483398 0.516971 0.492188 0.516971 0.493164 0.515666 0.496094 0.515666 0.497070 0.514360 0.499023 0.514360 0.500000 0.513055 0.500000 0.511749 0.501953 0.507833 0.501953 0.492167 0.500977 0.490862 0.500977 0.485640 0.500000 0.484334 0.500000 0.477807 0.499023 0.476501 0.499023 0.472585 0.496094 0.468668 0.494141 0.468668 0.489258 0.464752
0 0.441406 0.485640 0.434570 0.494778 0.434570 0.496084 0.431641 0.502611 0.431641 0.506527 0.430664 0.507833 0.430664 0.515666 0.429688 0.516971 0.429688 0.519582 0.430664 0.520888 0.430664 0.523499 0.436523 0.532637 0.436523 0.533943 0.438477 0.536554 0.438477 0.537859 0.441406 0.540470 0.445312 0.540470 0.446289 0.539164 0.448242 0.539164 0.449219 0.537859 0.452148 0.537859 0.453125 0.536554 0.456055 0.535248 0.458008 0.532637 0.460938 0.531332 0.460938 0.530026 0.462891 0.527415 0.462891 0.526110 0.465820 0.519582 0.465820 0.515666 0.460938 0.509138 0.460938 0.506527 0.459961 0.505222 0.459961 0.503916 0.456055 0.498695 0.455078 0.498695 0.449219 0.490862 0.449219 0.489556 0.446289 0.485640
0 0.457031 0.549608 0.452148 0.549608 0.451172 0.548303 0.441406 0.548303 0.440430 0.549608 0.438477 0.549608 0.437500 0.550914 0.436523 0.550914 0.433594 0.554830 0.433594 0.556136 0.431641 0.560052 0.431641 0.562663 0.430664 0.563969 0.430664 0.578329 0.431641 0.579634 0.431641 0.580940 0.432617 0.582245 0.432617 0.584856 0.433594 0.586162 0.433594 0.587467 0.435547 0.590078 0.435547 0.591384 0.436523 0.591384 0.439453 0.595300 0.440430 0.595300 0.441406 0.596606 0.445312 0.596606 0.446289 0.595300 0.447266 0.595300 0.448242 0.593995 0.449219 0.593995 0.450195 0.592689 0.451172 0.592689 0.452148 0.591384 0.453125 0.591384 0.454102 0.590078 0.457031 0.588773 0.460938 0.583551 0.460938 0.582245 0.465820 0.575718 0.465820 0.574413 0.466797 0.573107 0.466797 0.570496 0.465820 0.569191 0.465820 0.567885 0.464844 0.566580 0.464844 0.565274 0.463867 0.563969 0.463867 0.562663 0.460938 0.556136 0.460938 0.553525 0.458984 0.550914 0.458008 0.550914
0 0.467773 0.524804 0.466797 0.526110 0.465820 0.526110 0.463867 0.528721 0.463867 0.530026 0.462891 0.531332 0.462891 0.533943 0.461914 0.535248 0.461914 0.536554 0.460938 0.537859 0.460938 0.540470 0.459961 0.541775 0.459961 0.549608 0.461914 0.553525 0.461914 0.556136 0.462891 0.557441 0.463867 0.561358 0.465820 0.563969 0.465820 0.565274 0.466797 0.566580 0.466797 0.569191 0.468750 0.571802 0.469727 0.571802 0.470703 0.573107 0.473633 0.573107 0.474609 0.574413 0.478516 0.574413 0.479492 0.573107 0.480469 0.573107 0.483398 0.570496 0.483398 0.567885 0.484375 0.566580 0.484375 0.562663 0.485352 0.561358 0.485352 0.557441 0.486328 0.556136 0.486328 0.552219 0.487305 0.550914 0.487305 0.549608 0.486328 0.548303 0.486328 0.544386 0.485352 0.543081 0.485352 0.541775 0.484375 0.540470 0.483398 0.536554 0.481445 0.533943 0.481445 0.532637 0.478516 0.528721 0.477539 0.528721 0.474609 0.524804
0 0.510742 0.510444 0.507812 0.510444 0.504883 0.513055 0.502930 0.513055 0.500000 0.516971 0.499023 0.516971 0.498047 0.518277 0.494141 0.518277 0.493164 0.519582 0.489258 0.519582 0.488281 0.520888 0.485352 0.522193 0.483398 0.526110 0.483398 0.528721 0.482422 0.530026 0.483398 0.531332 0.483398 0.533943 0.484375 0.535248 0.484375 0.536554 0.485352 0.537859 0.485352 0.539164 0.486328 0.540470 0.486328 0.541775 0.487305 0.543081 0.488281 0.546997 0.490234 0.549608 0.491211 0.549608 0.492188 0.550914 0.492188 0.552219 0.493164 0.553525 0.493164 0.557441 0.494141 0.558747 0.495117 0.558747 0.496094 0.557441 0.498047 0.557441 0.499023 0.556136 0.501953 0.554830 0.506836 0.548303 0.506836 0.546997 0.510742 0.541775 0.510742 0.540470 0.514648 0.533943 0.514648 0.531332 0.515625 0.530026 0.515625 0.527415 0.514648 0.526110 0.514648 0.519582 0.513672 0.518277 0.513672 0.515666 0.512695 0.514360 0.512695 0.513055
0 0.552734 0.502611 0.550781 0.502611 0.549805 0.503916 0.547852 0.503916 0.546875 0.505222 0.541992 0.505222 0.541016 0.506527 0.539062 0.506527 0.538086 0.507833 0.534180 0.507833 0.533203 0.509138 0.531250 0.509138 0.530273 0.510444 0.530273 0.515666 0.529297 0.516971 0.529297 0.518277 0.526367 0.522193 0.525391 0.522193 0.524414 0.523499 0.524414 0.530026 0.525391 0.531332 0.525391 0.532637 0.528320 0.536554 0.529297 0.540470 0.534180 0.546997 0.535156 0.546997 0.536133 0.548303 0.538086 0.548303 0.539062 0.549608 0.547852 0.549608 0.550781 0.545692 0.551758 0.545692 0.553711 0.543081 0.553711 0.541775 0.556641 0.537859 0.557617 0.537859 0.561523 0.531332 0.561523 0.530026 0.563477 0.526110 0.563477 0.520888 0.562500 0.519582 0.562500 0.518277 0.560547 0.515666 0.559570 0.511749 0.556641 0.507833 0.556641 0.506527 0.555664 0.505222 0.554688 0.505222
0 0.569336 0.515666 0.566406 0.519582 0.566406 0.524804 0.565430 0.526110 0.565430 0.530026 0.564453 0.531332 0.564453 0.536554 0.563477 0.537859 0.564453 0.541775 0.566406 0.544386 0.567383 0.544386 0.570312 0.548303 0.571289 0.548303 0.573242 0.550914 0.574219 0.550914 0.575195 0.552219 0.576172 0.552219 0.577148 0.553525 0.578125 0.553525 0.579102 0.554830 0.582031 0.556136 0.583984 0.558747 0.584961 0.558747 0.585938 0.560052 0.587891 0.560052 0.588867 0.558747 0.590820 0.558747 0.592773 0.556136 0.592773 0.554830 0.593750 0.553525 0.593750 0.550914 0.594727 0.549608 0.594727 0.544386 0.593750 0.543081 0.593750 0.539164 0.592773 0.537859 0.592773 0.535248 0.591797 0.533943 0.591797 0.531332 0.590820 0.530026 0.590820 0.528721 0.583008 0.518277 0.582031 0.518277 0.580078 0.514360 0.571289 0.514360 0.570312 0.515666
0 0.595703 0.498695 0.594727 0.500000 0.593750 0.500000 0.589844 0.506527 0.589844 0.509138 0.588867 0.510444 0.588867 0.519582 0.589844 0.520888 0.589844 0.522193 0.591797 0.524804 0.591797 0.527415 0.593750 0.531332 0.593750 0.533943 0.594727 0.535248 0.594727 0.536554 0.595703 0.537859 0.595703 0.539164 0.596680 0.540470 0.596680 0.541775 0.597656 0.541775 0.598633 0.543081 0.601562 0.543081 0.602539 0.544386 0.603516 0.544386 0.604492 0.543081 0.607422 0.543081 0.609375 0.540470 0.610352 0.540470 0.613281 0.536554 0.613281 0.535248 0.616211 0.531332 0.616211 0.528721 0.617188 0.527415 0.617188 0.516971 0.613281 0.510444 0.612305 0.510444 0.608398 0.505222 0.607422 0.505222 0.606445 0.503916 0.605469 0.503916 0.602539 0.500000 0.601562 0.500000 0.600586 0.498695
0 0.624023 0.552219 0.623047 0.553525 0.622070 0.553525 0.621094 0.554830 0.620117 0.554830 0.618164 0.557441 0.618164 0.558747 0.617188 0.560052 0.617188 0.567885 0.616211 0.569191 0.616211 0.577023 0.618164 0.579634 0.618164 0.580940 0.619141 0.582245 0.619141 0.583551 0.621094 0.587467 0.622070 0.587467 0.624023 0.590078 0.625000 0.590078 0.625977 0.591384 0.629883 0.591384 0.630859 0.590078 0.630859 0.588773 0.633789 0.584856 0.638672 0.584856 0.639648 0.583551 0.641602 0.583551 0.643555 0.580940 0.643555 0.579634 0.644531 0.578329 0.644531 0.566580 0.643555 0.565274 0.643555 0.562663 0.642578 0.561358 0.642578 0.560052 0.640625 0.556136 0.639648 0.556136 0.638672 0.554830 0.636719 0.554830 0.633789 0.552219
0 0.578125 0.554830 0.574219 0.554830 0.573242 0.556136 0.572266 0.556136 0.570312 0.558747 0.568359 0.558747 0.565430 0.561358 0.565430 0.563969 0.566406 0.565274 0.566406 0.566580 0.565430 0.567885 0.565430 0.569191 0.564453 0.570496 0.564453 0.573107 0.563477 0.574413 0.563477 0.591384 0.564453 0.592689 0.564453 0.593995 0.566406 0.597911 0.566406 0.600522 0.567383 0.601828 0.567383 0.603133 0.568359 0.603133 0.569336 0.604439 0.575195 0.604439 0.576172 0.603133 0.580078 0.603133 0.583008 0.599217 0.583008 0.597911 0.583984 0.596606 0.583984 0.593995 0.588867 0.587467 0.588867 0.582245 0.589844 0.580940 0.589844 0.575718 0.588867 0.574413 0.588867 0.571802 0.587891 0.570496 0.587891 0.569191 0.585938 0.566580 0.585938 0.565274 0.583984 0.562663 0.583984 0.561358 0.583008 0.560052 0.582031 0.560052
0 0.527344 0.550914 0.526367 0.552219 0.525391 0.552219 0.523438 0.554830 0.523438 0.557441 0.522461 0.558747 0.522461 0.561358 0.521484 0.562663 0.521484 0.580940 0.522461 0.582245 0.522461 0.587467 0.523438 0.588773 0.523438 0.592689 0.524414 0.593995 0.524414 0.595300 0.526367 0.597911 0.527344 0.597911 0.528320 0.599217 0.532227 0.599217 0.533203 0.600522 0.539062 0.600522 0.541992 0.597911 0.541992 0.596606 0.544922 0.592689 0.544922 0.590078 0.545898 0.588773 0.545898 0.582245 0.544922 0.580940 0.544922 0.573107 0.543945 0.571802 0.543945 0.561358 0.539062 0.554830 0.538086 0.554830 0.535156 0.552219 0.531250 0.552219 0.530273 0.550914
0 0.465820 0.578329 0.461914 0.583551 0.461914 0.584856 0.460938 0.586162 0.460938 0.590078 0.459961 0.591384 0.459961 0.592689 0.460938 0.593995 0.460938 0.599217 0.461914 0.600522 0.461914 0.610966 0.462891 0.612272 0.462891 0.613577 0.461914 0.614883 0.461914 0.624021 0.462891 0.625326 0.462891 0.626632 0.465820 0.630548 0.466797 0.630548 0.467773 0.631854 0.470703 0.631854 0.471680 0.633159 0.473633 0.633159 0.474609 0.634465 0.477539 0.634465 0.478516 0.633159 0.480469 0.633159 0.483398 0.629243 0.483398 0.627937 0.485352 0.624021 0.485352 0.621410 0.486328 0.620104 0.486328 0.617493 0.487305 0.616188 0.487305 0.613577 0.488281 0.612272 0.488281 0.607050 0.487305 0.605744 0.487305 0.600522 0.484375 0.593995 0.484375 0.591384 0.483398 0.590078 0.483398 0.587467 0.482422 0.586162 0.482422 0.584856 0.477539 0.578329 0.475586 0.578329 0.474609 0.577023 0.470703 0.577023 0.469727 0.578329
0 0.446289 0.610966 0.445312 0.612272 0.444336 0.612272 0.438477 0.620104 0.437500 0.620104 0.431641 0.627937 0.430664 0.631854 0.428711 0.634465 0.427734 0.640992 0.428711 0.642298 0.428711 0.646214 0.429688 0.647520 0.429688 0.652742 0.430664 0.654047 0.430664 0.656658 0.431641 0.657963 0.431641 0.659269 0.438477 0.668407 0.439453 0.668407 0.440430 0.669713 0.458008 0.669713 0.459961 0.667102 0.459961 0.665796 0.460938 0.664491 0.459961 0.663185 0.459961 0.637076 0.458984 0.635770 0.458984 0.629243 0.456055 0.622715 0.456055 0.618799 0.450195 0.610966
0 0.466797 0.650131 0.464844 0.652742 0.464844 0.654047 0.462891 0.657963 0.462891 0.665796 0.461914 0.667102 0.460938 0.671018 0.458984 0.673629 0.458984 0.674935 0.458008 0.676240 0.458008 0.682768 0.458984 0.682768 0.459961 0.684073 0.463867 0.684073 0.464844 0.685379 0.465820 0.685379 0.467773 0.689295 0.468750 0.689295 0.469727 0.690601 0.474609 0.693211 0.478516 0.698433 0.481445 0.698433 0.482422 0.697128 0.483398 0.697128 0.483398 0.695822 0.487305 0.690601 0.487305 0.689295 0.489258 0.686684 0.490234 0.686684 0.492188 0.684073 0.492188 0.682768 0.493164 0.681462 0.493164 0.677546 0.494141 0.676240 0.494141 0.672324 0.495117 0.671018 0.495117 0.669713 0.494141 0.668407 0.494141 0.660574 0.492188 0.656658 0.491211 0.656658 0.486328 0.652742 0.484375 0.652742 0.483398 0.651436 0.480469 0.651436 0.479492 0.650131 0.473633 0.650131 0.472656 0.648825 0.469727 0.648825 0.468750 0.650131
0 0.511719 0.601828 0.510742 0.603133 0.507812 0.603133 0.506836 0.604439 0.503906 0.605744 0.500977 0.609661 0.500977 0.612272 0.500000 0.613577 0.500000 0.617493 0.499023 0.618799 0.500000 0.620104 0.500000 0.626632 0.499023 0.627937 0.499023 0.630548 0.500000 0.631854 0.500000 0.637076 0.500977 0.638381 0.500977 0.640992 0.503906 0.644909 0.504883 0.644909 0.506836 0.647520 0.507812 0.647520 0.509766 0.650131 0.510742 0.654047 0.517578 0.654047 0.518555 0.652742 0.521484 0.652742 0.524414 0.650131 0.526367 0.650131 0.527344 0.648825 0.528320 0.648825 0.537109 0.634465 0.538086 0.627937 0.537109 0.626632 0.537109 0.625326 0.535156 0.622715 0.534180 0.622715 0.529297 0.616188 0.528320 0.616188 0.526367 0.613577 0.526367 0.612272 0.525391 0.612272 0.520508 0.605744 0.519531 0.605744 0.516602 0.603133
0 0.559570 0.614883 0.553711 0.614883 0.551758 0.617493 0.549805 0.614883 0.549805 0.613577 0.548828 0.613577 0.547852 0.612272 0.545898 0.612272 0.544922 0.613577 0.548828 0.618799 0.548828 0.622715 0.545898 0.625326 0.543945 0.625326 0.543945 0.626632 0.542969 0.627937 0.541992 0.631854 0.540039 0.634465 0.540039 0.635770 0.537109 0.639687 0.537109 0.642298 0.536133 0.643603 0.536133 0.644909 0.537109 0.646214 0.537109 0.651436 0.538086 0.652742 0.538086 0.655352 0.541016 0.659269 0.544922 0.659269 0.545898 0.657963 0.546875 0.657963 0.549805 0.655352 0.551758 0.655352 0.552734 0.654047 0.560547 0.654047 0.562500 0.651436 0.562500 0.650131 0.563477 0.648825 0.563477 0.644909 0.564453 0.643603 0.564453 0.634465 0.563477 0.633159 0.563477 0.630548 0.562500 0.629243 0.562500 0.625326 0.561523 0.624021 0.561523 0.617493
0 0.567383 0.609661 0.562500 0.614883 0.562500 0.624021 0.563477 0.625326 0.563477 0.629243 0.564453 0.630548 0.564453 0.634465 0.565430 0.635770 0.565430 0.648825 0.567383 0.651436 0.568359 0.651436 0.571289 0.654047 0.579102 0.654047 0.581055 0.651436 0.582031 0.651436 0.583984 0.648825 0.584961 0.648825 0.587891 0.644909 0.588867 0.644909 0.588867 0.643603 0.589844 0.642298 0.589844 0.625326 0.588867 0.624021 0.588867 0.622715 0.586914 0.620104 0.586914 0.618799 0.585938 0.617493 0.584961 0.617493 0.583008 0.614883 0.581055 0.614883 0.580078 0.613577 0.578125 0.613577 0.577148 0.612272 0.575195 0.612272 0.574219 0.610966 0.572266 0.610966 0.571289 0.609661
0 0.618164 0.591384 0.617188 0.591384 0.616211 0.590078 0.613281 0.590078 0.612305 0.588773 0.610352 0.588773 0.609375 0.590078 0.606445 0.590078 0.605469 0.591384 0.602539 0.592689 0.597656 0.599217 0.596680 0.599217 0.594727 0.601828 0.593750 0.601828 0.592773 0.603133 0.592773 0.629243 0.594727 0.631854 0.595703 0.631854 0.598633 0.635770 0.604492 0.635770 0.605469 0.634465 0.610352 0.634465 0.611328 0.633159 0.612305 0.633159 0.614258 0.630548 0.615234 0.630548 0.616211 0.629243 0.616211 0.627937 0.619141 0.624021 0.619141 0.622715 0.620117 0.621410 0.620117 0.618799 0.621094 0.617493 0.621094 0.613577 0.622070 0.612272 0.622070 0.600522 0.621094 0.599217 0.621094 0.597911 0.620117 0.596606 0.620117 0.595300
0 0.624023 0.631854 0.623047 0.633159 0.622070 0.633159 0.622070 0.634465 0.619141 0.638381 0.618164 0.638381 0.617188 0.639687 0.617188 0.640992 0.616211 0.642298 0.616211 0.643603 0.614258 0.647520 0.614258 0.656658 0.613281 0.657963 0.613281 0.661880 0.614258 0.663185 0.614258 0.665796 0.623047 0.677546 0.625000 0.677546 0.625977 0.678851 0.631836 0.678851 0.632812 0.677546 0.634766 0.677546 0.636719 0.674935 0.637695 0.671018 0.640625 0.667102 0.640625 0.665796 0.642578 0.663185 0.642578 0.661880 0.643555 0.660574 0.643555 0.657963 0.644531 0.656658 0.644531 0.651436 0.643555 0.650131 0.643555 0.647520 0.641602 0.643603 0.640625 0.643603 0.635742 0.638381 0.634766 0.638381 0.633789 0.637076 0.630859 0.635770 0.628906 0.633159 0.627930 0.633159 0.626953 0.631854
0 0.595703 0.664491 0.594727 0.665796 0.593750 0.665796 0.589844 0.672324 0.589844 0.674935 0.588867 0.676240 0.588867 0.680157 0.587891 0.681462 0.587891 0.689295 0.588867 0.690601 0.588867 0.699739 0.590820 0.702350 0.590820 0.703655 0.595703 0.710183 0.597656 0.710183 0.598633 0.711488 0.599609 0.711488 0.600586 0.710183 0.601562 0.710183 0.602539 0.708877 0.603516 0.708877 0.604492 0.707572 0.605469 0.707572 0.606445 0.706266 0.607422 0.706266 0.608398 0.704961 0.611328 0.703655 0.613281 0.701044 0.613281 0.699739 0.619141 0.691906 0.619141 0.689295 0.620117 0.687990 0.620117 0.680157 0.618164 0.677546 0.618164 0.676240 0.615234 0.672324 0.612305 0.671018 0.610352 0.668407 0.608398 0.668407 0.607422 0.667102 0.604492 0.667102 0.603516 0.665796 0.599609 0.665796 0.598633 0.664491
0 0.556641 0.664491 0.555664 0.665796 0.555664 0.667102 0.553711 0.669713 0.553711 0.671018 0.552734 0.672324 0.552734 0.674935 0.551758 0.676240 0.551758 0.678851 0.550781 0.680157 0.550781 0.687990 0.549805 0.689295 0.549805 0.693211 0.550781 0.694517 0.550781 0.695822 0.553711 0.699739 0.554688 0.699739 0.556641 0.702350 0.558594 0.702350 0.559570 0.703655 0.564453 0.703655 0.565430 0.704961 0.576172 0.704961 0.577148 0.703655 0.579102 0.703655 0.580078 0.702350 0.581055 0.702350 0.581055 0.701044 0.583008 0.698433 0.583008 0.697128 0.583984 0.695822 0.583984 0.682768 0.583008 0.681462 0.583008 0.678851 0.581055 0.676240 0.581055 0.674935 0.579102 0.672324 0.579102 0.671018 0.577148 0.668407 0.577148 0.667102 0.576172 0.665796 0.575195 0.665796 0.570312 0.661880 0.568359 0.661880 0.567383 0.660574 0.560547 0.660574 0.557617 0.664491
0 0.536133 0.657963 0.531250 0.657963 0.530273 0.659269 0.525391 0.659269 0.524414 0.660574 0.523438 0.660574 0.522461 0.661880 0.519531 0.663185 0.514648 0.669713 0.514648 0.671018 0.512695 0.674935 0.512695 0.678851 0.513672 0.680157 0.513672 0.684073 0.514648 0.685379 0.514648 0.694517 0.515625 0.695822 0.517578 0.695822 0.519531 0.698433 0.519531 0.699739 0.520508 0.699739 0.521484 0.701044 0.522461 0.704961 0.523438 0.706266 0.525391 0.706266 0.526367 0.707572 0.531250 0.707572 0.532227 0.706266 0.533203 0.706266 0.536133 0.702350 0.537109 0.702350 0.541016 0.697128 0.541016 0.695822 0.541992 0.694517 0.542969 0.690601 0.544922 0.687990 0.544922 0.686684 0.545898 0.685379 0.545898 0.682768 0.546875 0.681462 0.546875 0.674935 0.545898 0.673629 0.544922 0.669713 0.542969 0.667102 0.542969 0.665796 0.538086 0.659269 0.537109 0.659269
0 0.491211 0.686684 0.490234 0.687990 0.489258 0.687990 0.489258 0.689295 0.484375 0.695822 0.482422 0.702350 0.483398 0.703655 0.484375 0.703655 0.485352 0.704961 0.490234 0.707572 0.493164 0.711488 0.493164 0.721932 0.492188 0.723238 0.492188 0.729765 0.491211 0.731070 0.491211 0.733681 0.490234 0.734987 0.489258 0.738903 0.490234 0.738903 0.491211 0.740209 0.496094 0.740209 0.497070 0.738903 0.499023 0.738903 0.500000 0.737598 0.501953 0.737598 0.503906 0.734987 0.506836 0.733681 0.509766 0.729765 0.509766 0.728460 0.510742 0.727154 0.510742 0.719321 0.509766 0.718016 0.509766 0.712794 0.508789 0.711488 0.508789 0.710183 0.506836 0.707572 0.506836 0.704961 0.503906 0.698433 0.503906 0.695822 0.502930 0.694517 0.501953 0.690601 0.499023 0.686684
0 0.462891 0.697128 0.458984 0.701044 0.458984 0.707572 0.458008 0.708877 0.458008 0.711488 0.457031 0.712794 0.457031 0.721932 0.456055 0.723238 0.457031 0.724543 0.457031 0.728460 0.456055 0.729765 0.456055 0.732376 0.455078 0.733681 0.455078 0.744125 0.454102 0.745431 0.454102 0.749347 0.455078 0.750653 0.455078 0.751958 0.458008 0.754569 0.478516 0.754569 0.479492 0.753264 0.480469 0.753264 0.480469 0.751958 0.483398 0.746736 0.483398 0.745431 0.488281 0.738903 0.488281 0.737598 0.490234 0.734987 0.490234 0.732376 0.491211 0.731070 0.491211 0.728460 0.492188 0.727154 0.492188 0.711488 0.490234 0.708877 0.488281 0.708877 0.487305 0.707572 0.485352 0.707572 0.484375 0.706266 0.482422 0.706266 0.481445 0.704961 0.476562 0.703655 0.470703 0.698433 0.468750 0.698433 0.467773 0.697128
0 0.540039 0.701044 0.539062 0.702350 0.538086 0.702350 0.535156 0.706266 0.534180 0.706266 0.532227 0.708877 0.530273 0.708877 0.528320 0.711488 0.528320 0.714099 0.527344 0.715405 0.526367 0.719321 0.524414 0.721932 0.524414 0.724543 0.525391 0.725849 0.525391 0.727154 0.527344 0.729765 0.527344 0.731070 0.529297 0.733681 0.529297 0.734987 0.532227 0.741514 0.533203 0.741514 0.538086 0.748042 0.539062 0.748042 0.540039 0.749347 0.541992 0.749347 0.542969 0.750653 0.546875 0.750653 0.549805 0.746736 0.549805 0.745431 0.550781 0.744125 0.551758 0.740209 0.553711 0.737598 0.553711 0.736292 0.555664 0.732376 0.555664 0.729765 0.556641 0.728460 0.556641 0.724543 0.557617 0.723238 0.557617 0.718016 0.556641 0.716710 0.556641 0.714099 0.555664 0.712794 0.555664 0.710183 0.553711 0.706266 0.552734 0.706266 0.550781 0.703655 0.549805 0.703655 0.548828 0.702350 0.546875 0.702350 0.545898 0.701044
0 0.583008 0.704961 0.582031 0.706266 0.578125 0.706266 0.577148 0.707572 0.576172 0.707572 0.573242 0.711488 0.573242 0.723238 0.574219 0.724543 0.574219 0.727154 0.573242 0.728460 0.573242 0.736292 0.574219 0.737598 0.574219 0.741514 0.573242 0.742820 0.574219 0.744125 0.574219 0.749347 0.575195 0.750653 0.576172 0.750653 0.583008 0.758486 0.586914 0.758486 0.587891 0.757180 0.588867 0.757180 0.590820 0.754569 0.591797 0.754569 0.594727 0.750653 0.594727 0.749347 0.595703 0.748042 0.595703 0.744125 0.596680 0.742820 0.596680 0.729765 0.595703 0.728460 0.595703 0.720627 0.594727 0.719321 0.594727 0.716710 0.593750 0.715405 0.593750 0.714099 0.590820 0.710183 0.589844 0.710183 0.588867 0.708877 0.585938 0.707572 0.583984 0.704961
0 0.624023 0.694517 0.622070 0.697128 0.620117 0.697128 0.619141 0.698433 0.619141 0.699739 0.618164 0.701044 0.618164 0.706266 0.619141 0.707572 0.619141 0.710183 0.620117 0.711488 0.620117 0.715405 0.621094 0.716710 0.621094 0.720627 0.622070 0.721932 0.622070 0.724543 0.624023 0.727154 0.624023 0.728460 0.625977 0.732376 0.625977 0.737598 0.627930 0.737598 0.628906 0.738903 0.637695 0.738903 0.640625 0.734987 0.641602 0.734987 0.646484 0.728460 0.646484 0.727154 0.648438 0.723238 0.648438 0.720627 0.649414 0.719321 0.649414 0.706266 0.648438 0.704961 0.645508 0.703655 0.643555 0.701044 0.642578 0.701044 0.641602 0.699739 0.640625 0.699739 0.637695 0.697128 0.634766 0.697128 0.631836 0.694517
0 0.435547 0.719321 0.432617 0.720627 0.416992 0.742820 0.416992 0.744125 0.414062 0.748042 0.414062 0.749347 0.412109 0.753264 0.412109 0.757180 0.411133 0.758486 0.411133 0.761097 0.412109 0.762402 0.412109 0.766319 0.414062 0.768930 0.414062 0.770235 0.417969 0.775457 0.417969 0.776762 0.418945 0.778068 0.419922 0.778068 0.421875 0.780679 0.423828 0.780679 0.424805 0.781984 0.428711 0.781984 0.429688 0.780679 0.432617 0.780679 0.433594 0.779373 0.435547 0.779373 0.448242 0.759791 0.448242 0.755875 0.449219 0.754569 0.448242 0.753264 0.448242 0.748042 0.447266 0.746736 0.447266 0.742820 0.445312 0.738903 0.445312 0.736292 0.444336 0.734987 0.444336 0.732376 0.443359 0.731070 0.443359 0.729765 0.441406 0.727154 0.441406 0.725849 0.440430 0.725849
0 0.453125 0.768930 0.451172 0.771540 0.450195 0.771540 0.445312 0.778068 0.445312 0.779373 0.444336 0.780679 0.444336 0.784595 0.443359 0.785901 0.443359 0.789817 0.442383 0.791123 0.442383 0.796345 0.443359 0.797650 0.443359 0.802872 0.444336 0.804178 0.444336 0.806789 0.445312 0.808094 0.446289 0.812010 0.447266 0.813316 0.449219 0.813316 0.450195 0.814621 0.453125 0.814621 0.454102 0.815927 0.458984 0.815927 0.459961 0.817232 0.466797 0.817232 0.467773 0.818538 0.471680 0.818538 0.472656 0.819843 0.474609 0.819843 0.475586 0.818538 0.476562 0.818538 0.477539 0.817232 0.477539 0.814621 0.478516 0.813316 0.478516 0.809399 0.479492 0.808094 0.479492 0.798956 0.478516 0.797650 0.478516 0.793734 0.477539 0.792428 0.477539 0.789817 0.476562 0.788512 0.476562 0.784595 0.473633 0.779373 0.473633 0.776762 0.472656 0.775457 0.472656 0.772846 0.471680 0.771540 0.471680 0.770235 0.467773 0.766319 0.463867 0.766319 0.462891 0.765013 0.461914 0.766319 0.458008 0.766319 0.457031 0.767624 0.455078 0.767624 0.454102 0.768930
0 0.493164 0.748042 0.492188 0.749347 0.490234 0.749347 0.489258 0.750653 0.488281 0.750653 0.485352 0.754569 0.484375 0.754569 0.480469 0.759791 0.480469 0.761097 0.477539 0.765013 0.477539 0.766319 0.475586 0.770235 0.476562 0.771540 0.476562 0.775457 0.477539 0.776762 0.479492 0.783290 0.481445 0.785901 0.481445 0.796345 0.482422 0.797650 0.483398 0.801567 0.486328 0.805483 0.488281 0.805483 0.489258 0.806789 0.500977 0.806789 0.505859 0.802872 0.505859 0.800261 0.508789 0.795039 0.508789 0.792428 0.509766 0.791123 0.509766 0.787206 0.510742 0.785901 0.510742 0.784595 0.509766 0.783290 0.509766 0.781984 0.504883 0.770235 0.504883 0.767624 0.503906 0.766319 0.503906 0.761097 0.504883 0.759791 0.503906 0.753264 0.500977 0.749347 0.499023 0.749347 0.498047 0.748042
0 0.532227 0.745431 0.531250 0.746736 0.528320 0.746736 0.525391 0.749347 0.521484 0.749347 0.520508 0.748042 0.516602 0.748042 0.512695 0.754569 0.514648 0.757180 0.516602 0.757180 0.517578 0.758486 0.517578 0.761097 0.516602 0.762402 0.516602 0.766319 0.515625 0.767624 0.515625 0.775457 0.514648 0.776762 0.514648 0.783290 0.513672 0.784595 0.514648 0.785901 0.514648 0.789817 0.515625 0.791123 0.515625 0.792428 0.524414 0.804178 0.527344 0.804178 0.528320 0.802872 0.530273 0.802872 0.531250 0.801567 0.532227 0.801567 0.535156 0.797650 0.535156 0.796345 0.539062 0.791123 0.539062 0.789817 0.540039 0.788512 0.540039 0.785901 0.541016 0.784595 0.541016 0.783290 0.541992 0.781984 0.541992 0.779373 0.542969 0.778068 0.542969 0.771540 0.543945 0.770235 0.543945 0.766319 0.542969 0.765013 0.542969 0.762402 0.540039 0.757180 0.538086 0.750653 0.537109 0.749347 0.534180 0.748042
0 0.576172 0.753264 0.568359 0.753264 0.567383 0.754569 0.566406 0.753264 0.562500 0.753264 0.561523 0.754569 0.560547 0.754569 0.561523 0.754569 0.564453 0.758486 0.557617 0.767624 0.556641 0.767624 0.555664 0.768930 0.555664 0.770235 0.553711 0.772846 0.553711 0.774151 0.552734 0.775457 0.552734 0.787206 0.551758 0.788512 0.551758 0.789817 0.552734 0.791123 0.553711 0.795039 0.556641 0.798956 0.557617 0.798956 0.559570 0.801567 0.560547 0.801567 0.563477 0.804178 0.568359 0.804178 0.569336 0.802872 0.571289 0.802872 0.573242 0.800261 0.573242 0.798956 0.575195 0.796345 0.576172 0.796345 0.577148 0.795039 0.578125 0.791123 0.580078 0.788512 0.581055 0.784595 0.583008 0.781984 0.583008 0.779373 0.583984 0.778068 0.583984 0.768930 0.583008 0.767624 0.583008 0.763708 0.581055 0.761097 0.581055 0.759791
0 0.595703 0.763708 0.591797 0.763708 0.588867 0.767624 0.588867 0.768930 0.586914 0.771540 0.586914 0.772846 0.585938 0.774151 0.585938 0.784595 0.584961 0.785901 0.584961 0.791123 0.583008 0.793734 0.582031 0.797650 0.580078 0.800261 0.580078 0.801567 0.578125 0.805483 0.578125 0.810705 0.579102 0.812010 0.579102 0.813316 0.580078 0.813316 0.583984 0.818538 0.584961 0.818538 0.586914 0.821149 0.594727 0.821149 0.595703 0.819843 0.600586 0.817232 0.605469 0.812010 0.605469 0.810705 0.607422 0.808094 0.607422 0.806789 0.608398 0.805483 0.607422 0.804178 0.607422 0.781984 0.606445 0.780679 0.606445 0.776762 0.605469 0.775457 0.605469 0.774151 0.603516 0.771540 0.602539 0.767624 0.601562 0.767624 0.598633 0.765013 0.596680 0.765013
0 0.528320 0.809399 0.519531 0.809399 0.518555 0.810705 0.514648 0.810705 0.513672 0.812010 0.510742 0.812010 0.509766 0.813316 0.506836 0.813316 0.502930 0.818538 0.502930 0.822454 0.500977 0.826371 0.500977 0.832898 0.501953 0.834204 0.501953 0.840731 0.502930 0.842037 0.502930 0.845953 0.503906 0.847258 0.503906 0.852480 0.500977 0.857702 0.501953 0.857702 0.502930 0.859008 0.505859 0.859008 0.507812 0.861619 0.508789 0.861619 0.511719 0.864230 0.514648 0.864230 0.522461 0.856397 0.527344 0.853786 0.530273 0.849869 0.530273 0.848564 0.533203 0.844648 0.534180 0.840731 0.537109 0.836815 0.537109 0.818538 0.535156 0.814621 0.534180 0.814621 0.532227 0.812010 0.531250 0.812010
0 0.559570 0.812010 0.558594 0.813316 0.557617 0.813316 0.554688 0.817232 0.553711 0.817232 0.552734 0.818538 0.552734 0.821149 0.549805 0.823760 0.549805 0.830287 0.548828 0.831593 0.548828 0.832898 0.549805 0.834204 0.549805 0.836815 0.550781 0.838120 0.550781 0.839426 0.551758 0.840731 0.552734 0.844648 0.554688 0.847258 0.554688 0.848564 0.556641 0.851175 0.556641 0.852480 0.557617 0.853786 0.557617 0.857702 0.560547 0.861619 0.567383 0.861619 0.572266 0.857702 0.574219 0.857702 0.575195 0.856397 0.576172 0.856397 0.578125 0.853786 0.578125 0.852480 0.581055 0.848564 0.581055 0.839426 0.580078 0.838120 0.580078 0.835509 0.579102 0.834204 0.579102 0.831593 0.578125 0.830287 0.577148 0.826371 0.575195 0.823760 0.575195 0.822454 0.574219 0.821149 0.574219 0.819843 0.571289 0.813316 0.570312 0.813316 0.569336 0.812010
0 0.619141 0.856397 0.618164 0.856397 0.616211 0.853786 0.615234 0.853786 0.610352 0.849869 0.608398 0.849869 0.607422 0.848564 0.604492 0.848564 0.603516 0.847258 0.599609 0.847258 0.598633 0.848564 0.588867 0.848564 0.587891 0.849869 0.585938 0.849869 0.583984 0.852480 0.583984 0.859008 0.583008 0.860313 0.583008 0.864230 0.584961 0.866841 0.584961 0.870757 0.583984 0.872063 0.583984 0.874674 0.585938 0.877285 0.585938 0.879896 0.587891 0.882507 0.587891 0.883812 0.591797 0.889034 0.592773 0.892950 0.594727 0.895561 0.600586 0.895561 0.601562 0.894256 0.603516 0.894256 0.604492 0.892950 0.607422 0.892950 0.608398 0.891645 0.613281 0.889034 0.615234 0.886423 0.615234 0.885117 0.616211 0.883812 0.616211 0.881201 0.617188 0.879896 0.617188 0.875979 0.618164 0.874674 0.618164 0.872063 0.619141 0.870757 0.619141 0.865535 0.620117 0.864230 0.620117 0.860313 0.619141 0.859008
0 0.465820 0.826371 0.463867 0.828982 0.462891 0.828982 0.458008 0.836815 0.458008 0.839426 0.457031 0.840731 0.457031 0.851175 0.458008 0.852480 0.458008 0.855091 0.458984 0.856397 0.458984 0.860313 0.459961 0.861619 0.459961 0.862924 0.460938 0.864230 0.460938 0.865535 0.461914 0.866841 0.461914 0.868146 0.462891 0.869452 0.462891 0.870757 0.463867 0.872063 0.463867 0.873368 0.464844 0.874674 0.466797 0.881201 0.468750 0.883812 0.469727 0.883812 0.474609 0.887728 0.475586 0.886423 0.477539 0.886423 0.478516 0.885117 0.479492 0.885117 0.486328 0.877285 0.486328 0.875979 0.489258 0.869452 0.489258 0.865535 0.490234 0.864230 0.490234 0.862924 0.489258 0.861619 0.488281 0.857702 0.486328 0.855091 0.485352 0.851175 0.481445 0.845953 0.477539 0.832898 0.475586 0.830287 0.474609 0.830287 0.473633 0.828982 0.471680 0.828982 0.470703 0.827676 0.467773 0.827676 0.466797 0.826371
0 0.501953 0.878590 0.500977 0.878590 0.500000 0.879896 0.497070 0.879896 0.496094 0.881201 0.493164 0.882507 0.490234 0.886423 0.490234 0.887728 0.489258 0.889034 0.489258 0.906005 0.488281 0.907311 0.488281 0.909922 0.487305 0.911227 0.487305 0.921671 0.488281 0.922977 0.488281 0.925587 0.490234 0.928198 0.491211 0.932115 0.493164 0.934726 0.495117 0.934726 0.498047 0.937337 0.499023 0.936031 0.504883 0.936031 0.506836 0.933420 0.507812 0.933420 0.508789 0.932115 0.510742 0.932115 0.514648 0.926893 0.517578 0.925587 0.521484 0.920366 0.521484 0.915144 0.523438 0.911227 0.523438 0.904700 0.520508 0.900783 0.520508 0.899478 0.515625 0.891645 0.515625 0.890339 0.513672 0.887728 0.513672 0.886423 0.509766 0.881201 0.508789 0.881201 0.507812 0.879896 0.502930 0.879896
0 0.528320 0.855091 0.528320 0.856397 0.526367 0.859008 0.526367 0.870757 0.525391 0.872063 0.525391 0.881201 0.527344 0.883812 0.528320 0.883812 0.529297 0.885117 0.531250 0.885117 0.532227 0.886423 0.538086 0.886423 0.539062 0.887728 0.554688 0.887728 0.557617 0.885117 0.557617 0.883812 0.558594 0.882507 0.558594 0.868146 0.557617 0.866841 0.557617 0.861619 0.556641 0.860313 0.556641 0.857702 0.554688 0.853786 0.553711 0.853786 0.552734 0.852480 0.545898 0.852480 0.544922 0.851175 0.542969 0.851175 0.541992 0.849869 0.540039 0.849869 0.539062 0.848564 0.534180 0.848564 0.533203 0.849869 0.532227 0.849869
0 0.560547 0.872063 0.560547 0.879896 0.559570 0.881201 0.559570 0.883812 0.555664 0.889034 0.551758 0.889034 0.550781 0.890339 0.551758 0.891645 0.551758 0.894256 0.557617 0.902089 0.558594 0.902089 0.561523 0.906005 0.561523 0.907311 0.565430 0.912533 0.566406 0.916449 0.567383 0.917755 0.571289 0.917755 0.572266 0.916449 0.573242 0.916449 0.575195 0.913838 0.576172 0.913838 0.583984 0.903394 0.583984 0.902089 0.584961 0.900783 0.584961 0.898172 0.585938 0.896867 0.585938 0.889034 0.584961 0.887728 0.584961 0.886423 0.582031 0.882507 0.581055 0.882507 0.577148 0.877285 0.576172 0.877285 0.575195 0.875979 0.574219 0.875979 0.569336 0.872063
0 0.534180 0.900783 0.528320 0.906005 0.528320 0.916449 0.527344 0.917755 0.527344 0.921671 0.526367 0.922977 0.526367 0.926893 0.527344 0.928198 0.527344 0.936031 0.528320 0.937337 0.529297 0.941253 0.538086 0.954308 0.540039 0.954308 0.541016 0.955614 0.543945 0.955614 0.544922 0.956919 0.545898 0.955614 0.547852 0.955614 0.549805 0.953003 0.549805 0.951697 0.556641 0.942559 0.556641 0.941253 0.557617 0.939948 0.557617 0.937337 0.560547 0.932115 0.560547 0.928198 0.561523 0.926893 0.561523 0.922977 0.562500 0.921671 0.562500 0.915144 0.559570 0.909922 0.559570 0.908616 0.555664 0.903394 0.554688 0.903394 0.553711 0.902089 0.550781 0.902089 0.549805 0.900783
0 0.592773 0.908616 0.591797 0.909922 0.588867 0.911227 0.585938 0.915144 0.584961 0.915144 0.583008 0.917755 0.583008 0.919060 0.582031 0.920366 0.582031 0.928198 0.581055 0.929504 0.581055 0.932115 0.582031 0.933420 0.582031 0.939948 0.583008 0.941253 0.583008 0.946475 0.583984 0.947781 0.583984 0.949086 0.584961 0.950392 0.585938 0.954308 0.587891 0.956919 0.587891 0.958225 0.588867 0.958225 0.590820 0.960836 0.591797 0.960836 0.592773 0.962141 0.592773 0.963446 0.595703 0.964752 0.596680 0.963446 0.599609 0.963446 0.600586 0.962141 0.601562 0.962141 0.602539 0.960836 0.605469 0.959530 0.605469 0.958225 0.606445 0.956919 0.606445 0.943864 0.605469 0.942559 0.605469 0.937337 0.604492 0.936031 0.604492 0.932115 0.603516 0.930809 0.603516 0.928198 0.602539 0.926893 0.602539 0.924282 0.601562 0.922977 0.601562 0.919060 0.599609 0.915144 0.599609 0.911227 0.596680 0.908616
0 0.612305 0.895561 0.612305 0.896867 0.614258 0.899478 0.614258 0.903394 0.615234 0.904700 0.613281 0.907311 0.613281 0.911227 0.612305 0.912533 0.612305 0.916449 0.611328 0.917755 0.611328 0.922977 0.610352 0.924282 0.610352 0.926893 0.611328 0.928198 0.611328 0.930809 0.614258 0.933420 0.616211 0.933420 0.617188 0.934726 0.620117 0.936031 0.621094 0.937337 0.621094 0.938642 0.622070 0.938642 0.623047 0.939948 0.627930 0.939948 0.628906 0.941253 0.631836 0.941253 0.632812 0.942559 0.641602 0.942559 0.642578 0.941253 0.642578 0.938642 0.643555 0.937337 0.643555 0.924282 0.642578 0.922977 0.642578 0.913838 0.641602 0.912533 0.641602 0.911227 0.639648 0.908616 0.639648 0.907311 0.638672 0.906005 0.637695 0.906005 0.631836 0.898172 0.630859 0.898172 0.629883 0.896867 0.618164 0.896867 0.617188 0.895561 0.617188 0.894256 0.614258 0.894256 0.613281 0.895561
0 0.648438 0.908616 0.647461 0.909922 0.646484 0.909922 0.646484 0.911227 0.645508 0.912533 0.645508 0.913838 0.644531 0.915144 0.644531 0.919060 0.645508 0.920366 0.644531 0.921671 0.644531 0.934726 0.645508 0.936031 0.644531 0.937337 0.644531 0.938642 0.643555 0.939948 0.643555 0.941253 0.642578 0.942559 0.642578 0.943864 0.643555 0.945170 0.643555 0.946475 0.646484 0.946475 0.647461 0.947781 0.658203 0.947781 0.659180 0.946475 0.660156 0.946475 0.661133 0.945170 0.661133 0.942559 0.662109 0.941253 0.662109 0.922977 0.661133 0.921671 0.661133 0.919060 0.660156 0.917755 0.660156 0.915144 0.658203 0.912533 0.657227 0.912533 0.656250 0.911227 0.655273 0.911227 0.654297 0.909922 0.653320 0.909922 0.652344 0.908616
0 0.650391 0.849869 0.647461 0.852480 0.645508 0.852480 0.644531 0.853786 0.644531 0.856397 0.641602 0.859008 0.641602 0.862924 0.640625 0.864230 0.640625 0.873368 0.639648 0.874674 0.639648 0.877285 0.638672 0.878590 0.638672 0.881201 0.639648 0.882507 0.639648 0.885117 0.644531 0.891645 0.644531 0.892950 0.646484 0.896867 0.646484 0.899478 0.653320 0.904700 0.655273 0.904700 0.656250 0.903394 0.658203 0.903394 0.660156 0.900783 0.661133 0.900783 0.666992 0.892950 0.666992 0.891645 0.667969 0.890339 0.667969 0.887728 0.668945 0.886423 0.668945 0.883812 0.669922 0.882507 0.669922 0.878590 0.671875 0.874674 0.671875 0.868146 0.670898 0.866841 0.669922 0.862924 0.667969 0.860313 0.667969 0.859008 0.662109 0.851175 0.658203 0.851175 0.657227 0.849869
0 0.687500 0.875979 0.677734 0.875979 0.674805 0.878590 0.674805 0.879896 0.673828 0.881201 0.673828 0.883812 0.671875 0.886423 0.670898 0.886423 0.669922 0.887728 0.669922 0.890339 0.666992 0.896867 0.666992 0.909922 0.667969 0.911227 0.667969 0.912533 0.670898 0.916449 0.670898 0.919060 0.668945 0.921671 0.669922 0.922977 0.669922 0.925587 0.669922 0.922977 0.671875 0.920366 0.672852 0.920366 0.675781 0.924282 0.675781 0.925587 0.679688 0.925587 0.680664 0.926893 0.681641 0.926893 0.682617 0.925587 0.685547 0.925587 0.689453 0.920366 0.690430 0.920366 0.692383 0.916449 0.692383 0.913838 0.691406 0.912533 0.691406 0.891645 0.690430 0.890339 0.690430 0.879896 0.689453 0.878590 0.689453 0.877285 0.688477 0.877285
0 0.630859 0.813316 0.627930 0.813316 0.626953 0.814621 0.622070 0.814621 0.621094 0.815927 0.618164 0.815927 0.617188 0.817232 0.612305 0.817232 0.610352 0.819843 0.610352 0.822454 0.609375 0.823760 0.609375 0.826371 0.606445 0.830287 0.606445 0.831593 0.605469 0.832898 0.605469 0.838120 0.607422 0.840731 0.607422 0.842037 0.608398 0.843342 0.609375 0.843342 0.610352 0.844648 0.611328 0.844648 0.612305 0.845953 0.615234 0.847258 0.618164 0.851175 0.619141 0.851175 0.620117 0.852480 0.622070 0.852480 0.623047 0.853786 0.630859 0.853786 0.630859 0.851175 0.631836 0.849869 0.631836 0.848564 0.635742 0.843342 0.635742 0.842037 0.636719 0.840731 0.636719 0.834204 0.637695 0.832898 0.636719 0.831593 0.636719 0.826371 0.634766 0.822454 0.634766 0.819843
0 0.656250 0.784595 0.655273 0.785901 0.652344 0.787206 0.648438 0.792428 0.648438 0.793734 0.647461 0.795039 0.646484 0.798956 0.644531 0.801567 0.644531 0.802872 0.641602 0.806789 0.641602 0.812010 0.640625 0.813316 0.640625 0.823760 0.641602 0.825065 0.641602 0.827676 0.642578 0.828982 0.643555 0.828982 0.645508 0.831593 0.650391 0.831593 0.651367 0.832898 0.654297 0.832898 0.655273 0.834204 0.658203 0.834204 0.659180 0.835509 0.664062 0.835509 0.665039 0.834204 0.666016 0.834204 0.668945 0.830287 0.668945 0.827676 0.669922 0.826371 0.669922 0.822454 0.671875 0.818538 0.671875 0.797650 0.670898 0.796345 0.670898 0.793734 0.667969 0.789817 0.667969 0.788512 0.666992 0.788512 0.665039 0.785901 0.661133 0.785901 0.660156 0.784595
0 0.673828 0.822454 0.671875 0.825065 0.671875 0.828982 0.669922 0.831593 0.669922 0.832898 0.668945 0.834204 0.668945 0.836815 0.667969 0.838120 0.667969 0.847258 0.668945 0.848564 0.668945 0.849869 0.670898 0.852480 0.670898 0.855091 0.672852 0.857702 0.672852 0.859008 0.676758 0.864230 0.677734 0.868146 0.680664 0.870757 0.684570 0.870757 0.685547 0.872063 0.689453 0.872063 0.690430 0.870757 0.693359 0.870757 0.694336 0.869452 0.695312 0.869452 0.696289 0.868146 0.696289 0.862924 0.697266 0.861619 0.697266 0.855091 0.698242 0.853786 0.698242 0.844648 0.697266 0.843342 0.697266 0.831593 0.696289 0.830287 0.696289 0.827676 0.695312 0.826371 0.695312 0.825065 0.692383 0.822454 0.690430 0.822454 0.689453 0.821149 0.685547 0.821149 0.684570 0.819843 0.680664 0.819843 0.679688 0.821149 0.675781 0.821149 0.674805 0.822454
0 0.700195 0.855091 0.698242 0.857702 0.698242 0.860313 0.697266 0.861619 0.697266 0.866841 0.696289 0.868146 0.696289 0.869452 0.695312 0.870757 0.695312 0.872063 0.694336 0.873368 0.694336 0.874674 0.693359 0.875979 0.693359 0.877285 0.692383 0.878590 0.692383 0.883812 0.693359 0.885117 0.693359 0.886423 0.695312 0.886423 0.696289 0.887728 0.698242 0.887728 0.699219 0.889034 0.703125 0.889034 0.704102 0.890339 0.705078 0.890339 0.706055 0.889034 0.707031 0.889034 0.708984 0.886423 0.708984 0.885117 0.709961 0.883812 0.709961 0.882507 0.710938 0.881201 0.710938 0.879896 0.711914 0.878590 0.711914 0.875979 0.712891 0.874674 0.712891 0.872063 0.713867 0.870757 0.713867 0.868146 0.712891 0.866841 0.712891 0.862924 0.711914 0.861619 0.711914 0.859008 0.709961 0.856397 0.708984 0.856397 0.708008 0.855091
0 0.731445 0.836815 0.729492 0.836815 0.728516 0.835509 0.725586 0.835509 0.724609 0.836815 0.720703 0.836815 0.719727 0.838120 0.717773 0.838120 0.716797 0.839426 0.715820 0.839426 0.714844 0.840731 0.713867 0.840731 0.711914 0.844648 0.711914 0.856397 0.712891 0.857702 0.712891 0.862924 0.713867 0.864230 0.713867 0.865535 0.714844 0.866841 0.714844 0.868146 0.719727 0.874674 0.725586 0.874674 0.726562 0.873368 0.728516 0.873368 0.729492 0.872063 0.731445 0.872063 0.732422 0.870757 0.733398 0.870757 0.738281 0.864230 0.738281 0.862924 0.739258 0.861619 0.739258 0.853786 0.738281 0.852480 0.738281 0.848564 0.737305 0.847258 0.737305 0.844648 0.736328 0.843342 0.736328 0.842037 0.733398 0.838120 0.732422 0.838120
0 0.697266 0.788512 0.695312 0.792428 0.695312 0.798956 0.694336 0.800261 0.694336 0.804178 0.693359 0.805483 0.693359 0.806789 0.690430 0.810705 0.689453 0.810705 0.688477 0.812010 0.689453 0.813316 0.689453 0.814621 0.690430 0.815927 0.690430 0.817232 0.691406 0.817232 0.696289 0.823760 0.696289 0.825065 0.698242 0.828982 0.698242 0.832898 0.699219 0.834204 0.699219 0.836815 0.701172 0.836815 0.702148 0.835509 0.703125 0.835509 0.705078 0.832898 0.706055 0.832898 0.708984 0.828982 0.709961 0.828982 0.710938 0.827676 0.710938 0.825065 0.711914 0.823760 0.711914 0.819843 0.710938 0.818538 0.710938 0.814621 0.709961 0.813316 0.709961 0.809399 0.708984 0.808094 0.708984 0.805483 0.708008 0.804178 0.708008 0.802872 0.707031 0.801567 0.707031 0.800261 0.704102 0.796345 0.704102 0.795039 0.703125 0.793734 0.703125 0.792428 0.701172 0.789817 0.698242 0.789817
0 0.677734 0.762402 0.676758 0.763708 0.675781 0.763708 0.675781 0.765013 0.674805 0.766319 0.673828 0.766319 0.669922 0.771540 0.669922 0.772846 0.668945 0.774151 0.668945 0.778068 0.669922 0.779373 0.669922 0.780679 0.668945 0.781984 0.668945 0.785901 0.669922 0.787206 0.669922 0.789817 0.671875 0.792428 0.671875 0.793734 0.673828 0.797650 0.673828 0.802872 0.674805 0.804178 0.674805 0.806789 0.676758 0.809399 0.681641 0.809399 0.682617 0.810705 0.685547 0.810705 0.686523 0.809399 0.689453 0.809399 0.690430 0.808094 0.691406 0.808094 0.693359 0.805483 0.693359 0.802872 0.694336 0.801567 0.694336 0.795039 0.695312 0.793734 0.695312 0.770235 0.692383 0.766319 0.691406 0.766319 0.689453 0.763708 0.686523 0.763708 0.685547 0.762402
0 0.629883 0.757180 0.628906 0.758486 0.625977 0.759791 0.619141 0.767624 0.619141 0.771540 0.618164 0.772846 0.618164 0.775457 0.617188 0.776762 0.617188 0.785901 0.618164 0.787206 0.618164 0.791123 0.619141 0.792428 0.620117 0.796345 0.624023 0.801567 0.625000 0.801567 0.630859 0.809399 0.634766 0.809399 0.639648 0.804178 0.642578 0.802872 0.645508 0.798956 0.645508 0.797650 0.646484 0.796345 0.646484 0.793734 0.647461 0.792428 0.647461 0.785901 0.646484 0.784595 0.646484 0.780679 0.645508 0.779373 0.644531 0.775457 0.642578 0.772846 0.642578 0.771540 0.640625 0.767624 0.640625 0.765013 0.639648 0.763708 0.638672 0.759791 0.635742 0.757180
0 0.658203 0.734987 0.651367 0.734987 0.650391 0.736292 0.647461 0.736292 0.646484 0.737598 0.644531 0.737598 0.643555 0.738903 0.642578 0.738903 0.641602 0.740209 0.640625 0.740209 0.635742 0.746736 0.635742 0.753264 0.636719 0.754569 0.636719 0.755875 0.640625 0.761097 0.640625 0.762402 0.641602 0.763708 0.641602 0.766319 0.645508 0.771540 0.646484 0.771540 0.647461 0.772846 0.653320 0.772846 0.660156 0.763708 0.660156 0.762402 0.661133 0.761097 0.661133 0.755875 0.662109 0.754569 0.662109 0.745431 0.663086 0.744125 0.662109 0.742820 0.662109 0.740209
0 0.681641 0.710183 0.680664 0.711488 0.677734 0.712794 0.674805 0.716710 0.674805 0.718016 0.671875 0.721932 0.671875 0.723238 0.669922 0.727154 0.669922 0.729765 0.668945 0.731070 0.668945 0.737598 0.669922 0.738903 0.669922 0.748042 0.673828 0.748042 0.675781 0.750653 0.676758 0.750653 0.677734 0.751958 0.679688 0.751958 0.680664 0.753264 0.681641 0.753264 0.682617 0.754569 0.684570 0.754569 0.685547 0.755875 0.686523 0.754569 0.688477 0.754569 0.690430 0.751958 0.691406 0.751958 0.694336 0.748042 0.694336 0.746736 0.695312 0.745431 0.696289 0.745431 0.696289 0.744125 0.698242 0.740209 0.698242 0.737598 0.699219 0.736292 0.699219 0.732376 0.698242 0.731070 0.698242 0.728460 0.696289 0.725849 0.696289 0.724543 0.692383 0.719321 0.691406 0.719321 0.685547 0.711488 0.682617 0.711488
0 0.707031 0.748042 0.706055 0.749347 0.705078 0.749347 0.706055 0.750653 0.706055 0.755875 0.707031 0.757180 0.707031 0.767624 0.708008 0.768930 0.708008 0.770235 0.707031 0.771540 0.707031 0.780679 0.706055 0.781984 0.706055 0.785901 0.707031 0.787206 0.707031 0.791123 0.708008 0.792428 0.708984 0.792428 0.709961 0.793734 0.711914 0.793734 0.712891 0.795039 0.717773 0.795039 0.718750 0.793734 0.720703 0.793734 0.722656 0.791123 0.722656 0.789817 0.723633 0.788512 0.723633 0.776762 0.724609 0.775457 0.723633 0.774151 0.723633 0.766319 0.724609 0.765013 0.724609 0.763708 0.723633 0.762402 0.723633 0.758486 0.721680 0.755875 0.721680 0.754569 0.717773 0.749347 0.712891 0.749347 0.711914 0.748042
0 0.739258 0.770235 0.733398 0.770235 0.732422 0.771540 0.731445 0.771540 0.728516 0.775457 0.727539 0.775457 0.727539 0.776762 0.725586 0.780679 0.725586 0.798956 0.726562 0.800261 0.726562 0.808094 0.727539 0.809399 0.727539 0.814621 0.726562 0.815927 0.727539 0.817232 0.727539 0.821149 0.730469 0.823760 0.735352 0.823760 0.736328 0.822454 0.737305 0.822454 0.742188 0.815927 0.742188 0.788512 0.741211 0.787206 0.741211 0.776762 0.740234 0.775457 0.740234 0.771540
0 0.729492 0.723238 0.726562 0.727154 0.726562 0.728460 0.724609 0.732376 0.724609 0.734987 0.723633 0.736292 0.723633 0.737598 0.721680 0.740209 0.721680 0.741514 0.720703 0.742820 0.720703 0.744125 0.722656 0.748042 0.722656 0.750653 0.723633 0.751958 0.723633 0.753264 0.724609 0.754569 0.724609 0.755875 0.725586 0.757180 0.725586 0.758486 0.727539 0.761097 0.728516 0.761097 0.730469 0.763708 0.731445 0.763708 0.733398 0.766319 0.734375 0.766319 0.735352 0.767624 0.739258 0.767624 0.740234 0.766319 0.740234 0.765013 0.741211 0.763708 0.741211 0.762402 0.745117 0.757180 0.745117 0.755875 0.747070 0.753264 0.747070 0.751958 0.749023 0.748042 0.749023 0.745431 0.750000 0.744125 0.750000 0.736292 0.749023 0.734987 0.749023 0.732376 0.745117 0.727154 0.744141 0.727154 0.743164 0.725849 0.741211 0.725849 0.740234 0.724543 0.736328 0.724543 0.735352 0.723238
0 0.731445 0.674935 0.730469 0.676240 0.729492 0.676240 0.726562 0.680157 0.725586 0.680157 0.724609 0.681462 0.723633 0.681462 0.723633 0.684073 0.722656 0.685379 0.722656 0.691906 0.723633 0.693211 0.723633 0.697128 0.724609 0.698433 0.724609 0.701044 0.725586 0.702350 0.725586 0.703655 0.727539 0.707572 0.727539 0.710183 0.729492 0.712794 0.729492 0.714099 0.733398 0.719321 0.734375 0.719321 0.735352 0.720627 0.737305 0.720627 0.738281 0.719321 0.740234 0.719321 0.740234 0.718016 0.743164 0.714099 0.744141 0.714099 0.745117 0.712794 0.745117 0.711488 0.748047 0.707572 0.748047 0.706266 0.750000 0.702350 0.750000 0.693211 0.749023 0.691906 0.749023 0.689295 0.747070 0.686684 0.747070 0.685379 0.746094 0.684073 0.746094 0.682768 0.745117 0.681462 0.745117 0.680157 0.743164 0.677546 0.742188 0.677546 0.741211 0.676240 0.738281 0.676240 0.737305 0.674935
0 0.705078 0.691906 0.704102 0.693211 0.704102 0.694517 0.702148 0.698433 0.702148 0.706266 0.704102 0.710183 0.704102 0.720627 0.703125 0.721932 0.703125 0.724543 0.702148 0.725849 0.702148 0.728460 0.703125 0.729765 0.703125 0.731070 0.704102 0.732376 0.705078 0.736292 0.706055 0.737598 0.708984 0.738903 0.709961 0.737598 0.716797 0.737598 0.717773 0.736292 0.719727 0.736292 0.720703 0.734987 0.722656 0.734987 0.724609 0.732376 0.724609 0.729765 0.725586 0.728460 0.725586 0.727154 0.727539 0.723238 0.727539 0.711488 0.726562 0.710183 0.726562 0.707572 0.725586 0.706266 0.725586 0.703655 0.723633 0.699739 0.723633 0.697128 0.722656 0.695822 0.722656 0.694517 0.720703 0.691906 0.711914 0.691906 0.710938 0.693211 0.708984 0.693211 0.708008 0.694517 0.707031 0.694517
0 0.665039 0.687990 0.659180 0.687990 0.658203 0.689295 0.657227 0.689295 0.656250 0.690601 0.655273 0.690601 0.652344 0.694517 0.651367 0.694517 0.649414 0.697128 0.649414 0.703655 0.650391 0.704961 0.650391 0.721932 0.656250 0.729765 0.661133 0.729765 0.667969 0.720627 0.668945 0.720627 0.670898 0.718016 0.671875 0.718016 0.671875 0.716710 0.674805 0.712794 0.674805 0.707572 0.673828 0.706266 0.673828 0.703655 0.671875 0.699739 0.671875 0.697128
0 0.656250 0.637076 0.655273 0.638381 0.654297 0.638381 0.650391 0.643603 0.649414 0.643603 0.649414 0.644909 0.648438 0.646214 0.648438 0.650131 0.647461 0.651436 0.647461 0.657963 0.646484 0.659269 0.647461 0.660574 0.647461 0.665796 0.648438 0.667102 0.648438 0.669713 0.651367 0.673629 0.652344 0.673629 0.657227 0.680157 0.658203 0.680157 0.661133 0.682768 0.669922 0.682768 0.670898 0.681462 0.673828 0.680157 0.673828 0.678851 0.674805 0.677546 0.674805 0.667102 0.675781 0.665796 0.675781 0.660574 0.674805 0.659269 0.674805 0.652742 0.673828 0.651436 0.673828 0.647520 0.672852 0.646214 0.672852 0.643603 0.671875 0.643603 0.666016 0.635770 0.660156 0.635770 0.659180 0.637076
0 0.694336 0.663185 0.691406 0.663185 0.688477 0.665796 0.686523 0.665796 0.685547 0.667102 0.684570 0.667102 0.682617 0.669713 0.682617 0.671018 0.679688 0.674935 0.679688 0.676240 0.677734 0.678851 0.677734 0.680157 0.675781 0.684073 0.675781 0.689295 0.676758 0.690601 0.676758 0.698433 0.680664 0.703655 0.681641 0.703655 0.683594 0.706266 0.684570 0.706266 0.685547 0.707572 0.689453 0.707572 0.694336 0.701044 0.694336 0.699739 0.696289 0.697128 0.696289 0.695822 0.698242 0.691906 0.698242 0.689295 0.699219 0.687990 0.699219 0.669713 0.698242 0.668407 0.698242 0.667102 0.696289 0.664491 0.695312 0.664491
0 0.701172 0.638381 0.700195 0.639687 0.700195 0.644909 0.699219 0.646214 0.699219 0.651436 0.698242 0.652742 0.698242 0.655352 0.696289 0.659269 0.696289 0.660574 0.697266 0.661880 0.697266 0.663185 0.698242 0.664491 0.698242 0.665796 0.699219 0.665796 0.702148 0.669713 0.703125 0.669713 0.704102 0.671018 0.705078 0.671018 0.706055 0.672324 0.707031 0.672324 0.708008 0.673629 0.708984 0.673629 0.711914 0.676240 0.713867 0.676240 0.714844 0.677546 0.717773 0.677546 0.718750 0.676240 0.719727 0.676240 0.721680 0.673629 0.721680 0.669713 0.722656 0.668407 0.722656 0.657963 0.721680 0.656658 0.721680 0.654047 0.718750 0.650131 0.718750 0.648825 0.717773 0.647520 0.716797 0.647520 0.715820 0.646214 0.714844 0.646214 0.713867 0.644909 0.712891 0.644909 0.709961 0.640992 0.708984 0.640992 0.707031 0.638381 0.706055 0.638381 0.705078 0.637076 0.703125 0.637076 0.702148 0.638381
0 0.676758 0.620104 0.672852 0.625326 0.672852 0.629243 0.671875 0.630548 0.671875 0.634465 0.670898 0.635770 0.670898 0.638381 0.672852 0.640992 0.672852 0.642298 0.674805 0.644909 0.674805 0.646214 0.676758 0.650131 0.676758 0.652742 0.677734 0.654047 0.677734 0.655352 0.679688 0.657963 0.680664 0.657963 0.682617 0.660574 0.682617 0.661880 0.683594 0.661880 0.684570 0.663185 0.688477 0.663185 0.689453 0.661880 0.691406 0.661880 0.696289 0.655352 0.696289 0.652742 0.697266 0.651436 0.697266 0.643603 0.696289 0.642298 0.696289 0.640992 0.695312 0.639687 0.695312 0.638381 0.694336 0.637076 0.694336 0.635770 0.691406 0.631854 0.690430 0.631854 0.686523 0.626632 0.685547 0.626632 0.683594 0.624021 0.682617 0.624021 0.680664 0.621410 0.678711 0.621410 0.677734 0.620104
0 0.637695 0.587467 0.636719 0.588773 0.635742 0.588773 0.633789 0.591384 0.632812 0.591384 0.629883 0.595300 0.629883 0.597911 0.628906 0.599217 0.628906 0.600522 0.626953 0.603133 0.626953 0.605744 0.625977 0.607050 0.625977 0.618799 0.626953 0.620104 0.626953 0.621410 0.628906 0.624021 0.628906 0.625326 0.630859 0.627937 0.630859 0.629243 0.634766 0.634465 0.635742 0.634465 0.637695 0.637076 0.639648 0.637076 0.640625 0.638381 0.642578 0.638381 0.643555 0.637076 0.645508 0.637076 0.650391 0.630548 0.650391 0.629243 0.651367 0.627937 0.651367 0.622715 0.652344 0.621410 0.652344 0.616188 0.651367 0.614883 0.651367 0.612272 0.650391 0.610966 0.650391 0.609661 0.648438 0.605744 0.648438 0.603133 0.647461 0.601828 0.647461 0.600522 0.645508 0.597911 0.645508 0.596606 0.643555 0.593995 0.642578 0.590078 0.639648 0.587467
0 0.648438 0.574413 0.646484 0.577023 0.646484 0.578329 0.644531 0.580940 0.644531 0.583551 0.643555 0.584856 0.643555 0.587467 0.644531 0.588773 0.644531 0.592689 0.645508 0.593995 0.645508 0.595300 0.646484 0.596606 0.646484 0.597911 0.648438 0.600522 0.649414 0.600522 0.650391 0.601828 0.651367 0.601828 0.652344 0.603133 0.653320 0.603133 0.655273 0.605744 0.656250 0.605744 0.658203 0.608355 0.659180 0.608355 0.660156 0.609661 0.662109 0.609661 0.663086 0.608355 0.664062 0.608355 0.665039 0.607050 0.666016 0.607050 0.668945 0.603133 0.668945 0.601828 0.670898 0.599217 0.670898 0.596606 0.672852 0.592689 0.672852 0.590078 0.671875 0.588773 0.671875 0.584856 0.668945 0.580940 0.667969 0.580940 0.666992 0.579634 0.666016 0.579634 0.665039 0.578329 0.664062 0.578329 0.663086 0.577023 0.662109 0.577023 0.659180 0.574413 0.656250 0.574413 0.655273 0.573107 0.650391 0.573107 0.649414 0.574413
0 0.684570 0.574413 0.683594 0.574413 0.682617 0.575718 0.680664 0.575718 0.679688 0.577023 0.678711 0.577023 0.677734 0.578329 0.676758 0.578329 0.675781 0.579634 0.674805 0.579634 0.673828 0.580940 0.672852 0.580940 0.671875 0.582245 0.671875 0.586162 0.672852 0.587467 0.672852 0.595300 0.671875 0.596606 0.671875 0.597911 0.670898 0.599217 0.670898 0.600522 0.669922 0.601828 0.669922 0.607050 0.670898 0.608355 0.670898 0.609661 0.672852 0.612272 0.674805 0.612272 0.675781 0.613577 0.681641 0.613577 0.683594 0.610966 0.683594 0.609661 0.686523 0.605744 0.687500 0.605744 0.688477 0.604439 0.688477 0.603133 0.689453 0.601828 0.689453 0.600522 0.690430 0.599217 0.690430 0.591384 0.691406 0.590078 0.691406 0.588773 0.692383 0.587467 0.692383 0.582245 0.688477 0.577023 0.687500 0.577023 0.686523 0.575718 0.685547 0.575718
0 0.717773 0.584856 0.713867 0.584856 0.712891 0.586162 0.710938 0.586162 0.709961 0.587467 0.708984 0.587467 0.707031 0.590078 0.706055 0.590078 0.704102 0.592689 0.704102 0.593995 0.703125 0.595300 0.703125 0.597911 0.702148 0.599217 0.702148 0.600522 0.701172 0.601828 0.701172 0.604439 0.702148 0.605744 0.702148 0.610966 0.703125 0.612272 0.703125 0.614883 0.705078 0.617493 0.705078 0.618799 0.706055 0.620104 0.706055 0.621410 0.708008 0.624021 0.708008 0.625326 0.708984 0.625326 0.709961 0.626632 0.712891 0.626632 0.713867 0.625326 0.715820 0.625326 0.717773 0.622715 0.717773 0.621410 0.718750 0.620104 0.718750 0.617493 0.720703 0.614883 0.720703 0.613577 0.721680 0.612272 0.721680 0.610966 0.723633 0.608355 0.723633 0.601828 0.722656 0.600522 0.722656 0.597911 0.721680 0.596606 0.721680 0.595300 0.720703 0.593995 0.720703 0.591384 0.719727 0.590078 0.719727 0.588773 0.718750 0.587467 0.718750 0.586162
0 0.739258 0.608355 0.738281 0.609661 0.737305 0.609661 0.733398 0.614883 0.733398 0.617493 0.731445 0.620104 0.730469 0.620104 0.729492 0.621410 0.729492 0.627937 0.730469 0.629243 0.730469 0.633159 0.732422 0.635770 0.732422 0.637076 0.733398 0.638381 0.733398 0.639687 0.734375 0.640992 0.734375 0.642298 0.735352 0.643603 0.735352 0.644909 0.741211 0.652742 0.742188 0.652742 0.743164 0.654047 0.745117 0.654047 0.746094 0.652742 0.748047 0.652742 0.750000 0.650131 0.750977 0.650131 0.753906 0.646214 0.753906 0.644909 0.755859 0.642298 0.755859 0.640992 0.756836 0.639687 0.756836 0.637076 0.757812 0.635770 0.757812 0.633159 0.756836 0.631854 0.756836 0.630548 0.755859 0.629243 0.755859 0.627937 0.754883 0.626632 0.754883 0.625326 0.753906 0.624021 0.753906 0.622715 0.751953 0.620104 0.751953 0.618799 0.746094 0.610966 0.745117 0.610966 0.743164 0.608355
0 0.730469 0.557441 0.729492 0.558747 0.729492 0.560052 0.727539 0.563969 0.727539 0.569191 0.726562 0.570496 0.726562 0.578329 0.725586 0.579634 0.725586 0.582245 0.727539 0.584856 0.727539 0.587467 0.728516 0.588773 0.728516 0.591384 0.731445 0.595300 0.734375 0.595300 0.735352 0.596606 0.744141 0.596606 0.746094 0.593995 0.747070 0.593995 0.748047 0.592689 0.749023 0.592689 0.750977 0.590078 0.750977 0.588773 0.752930 0.584856 0.752930 0.579634 0.751953 0.578329 0.751953 0.575718 0.750977 0.574413 0.750977 0.573107 0.750000 0.571802 0.750000 0.570496 0.747070 0.566580 0.746094 0.566580 0.745117 0.565274 0.744141 0.565274 0.743164 0.563969 0.742188 0.563969 0.741211 0.562663 0.740234 0.562663 0.739258 0.561358 0.738281 0.561358 0.737305 0.560052 0.736328 0.560052 0.733398 0.557441
0 0.693359 0.544386 0.690430 0.548303 0.690430 0.549608 0.689453 0.550914 0.689453 0.563969 0.688477 0.565274 0.688477 0.570496 0.689453 0.571802 0.689453 0.574413 0.691406 0.577023 0.691406 0.578329 0.693359 0.580940 0.693359 0.582245 0.694336 0.582245 0.695312 0.583551 0.699219 0.583551 0.700195 0.584856 0.707031 0.584856 0.708008 0.583551 0.708984 0.583551 0.709961 0.582245 0.710938 0.582245 0.711914 0.580940 0.712891 0.580940 0.712891 0.579634 0.713867 0.578329 0.713867 0.557441 0.712891 0.556136 0.712891 0.550914 0.711914 0.549608 0.711914 0.548303 0.710938 0.548303 0.708984 0.545692 0.707031 0.545692 0.706055 0.544386
0 0.669922 0.527415 0.668945 0.528721 0.666992 0.528721 0.665039 0.531332 0.665039 0.533943 0.664062 0.535248 0.664062 0.537859 0.663086 0.539164 0.663086 0.548303 0.664062 0.549608 0.664062 0.552219 0.665039 0.553525 0.665039 0.556136 0.666016 0.557441 0.666016 0.558747 0.666992 0.560052 0.666992 0.561358 0.667969 0.562663 0.667969 0.563969 0.669922 0.566580 0.669922 0.569191 0.670898 0.570496 0.677734 0.570496 0.679688 0.567885 0.680664 0.567885 0.681641 0.566580 0.681641 0.565274 0.683594 0.562663 0.683594 0.561358 0.685547 0.558747 0.685547 0.557441 0.686523 0.556136 0.686523 0.553525 0.687500 0.552219 0.687500 0.548303 0.688477 0.546997 0.688477 0.544386 0.687500 0.543081 0.687500 0.539164 0.685547 0.536554 0.684570 0.536554 0.680664 0.531332 0.679688 0.531332 0.678711 0.530026 0.676758 0.530026 0.673828 0.527415
0 0.626953 0.528721 0.623047 0.533943 0.623047 0.539164 0.624023 0.540470 0.624023 0.541775 0.625977 0.544386 0.626953 0.544386 0.627930 0.545692 0.629883 0.545692 0.634766 0.552219 0.640625 0.554830 0.644531 0.561358 0.646484 0.569191 0.647461 0.570496 0.650391 0.571802 0.653320 0.567885 0.653320 0.562663 0.654297 0.561358 0.654297 0.546997 0.653320 0.545692 0.653320 0.541775 0.652344 0.540470 0.652344 0.536554 0.653320 0.535248 0.650391 0.531332 0.649414 0.531332 0.647461 0.528721 0.645508 0.528721 0.644531 0.527415 0.643555 0.527415 0.640625 0.524804 0.632812 0.524804 0.631836 0.526110 0.630859 0.526110 0.629883 0.527415
0 0.631836 0.490862 0.629883 0.493473 0.629883 0.496084 0.628906 0.497389 0.628906 0.498695 0.627930 0.500000 0.627930 0.503916 0.626953 0.505222 0.626953 0.509138 0.627930 0.510444 0.627930 0.511749 0.628906 0.513055 0.628906 0.514360 0.633789 0.520888 0.635742 0.520888 0.636719 0.522193 0.638672 0.522193 0.639648 0.523499 0.641602 0.523499 0.642578 0.524804 0.643555 0.524804 0.644531 0.526110 0.645508 0.526110 0.646484 0.527415 0.647461 0.527415 0.648438 0.526110 0.650391 0.526110 0.651367 0.524804 0.651367 0.522193 0.652344 0.520888 0.652344 0.518277 0.653320 0.516971 0.653320 0.515666 0.654297 0.514360 0.654297 0.513055 0.653320 0.511749 0.653320 0.509138 0.652344 0.507833 0.652344 0.506527 0.651367 0.505222 0.651367 0.503916 0.649414 0.501305 0.649414 0.500000 0.648438 0.500000 0.646484 0.497389 0.645508 0.497389 0.644531 0.496084 0.643555 0.496084 0.641602 0.493473 0.640625 0.493473 0.638672 0.490862
0 0.689453 0.490862 0.686523 0.494778 0.686523 0.496084 0.685547 0.497389 0.685547 0.503916 0.686523 0.505222 0.686523 0.513055 0.687500 0.514360 0.687500 0.516971 0.688477 0.518277 0.688477 0.523499 0.689453 0.524804 0.690430 0.524804 0.694336 0.530026 0.695312 0.530026 0.696289 0.531332 0.701172 0.531332 0.702148 0.532637 0.708008 0.532637 0.709961 0.530026 0.709961 0.527415 0.710938 0.526110 0.710938 0.507833 0.709961 0.506527 0.709961 0.502611 0.708984 0.501305 0.708984 0.498695 0.708008 0.497389 0.708008 0.496084 0.707031 0.494778 0.707031 0.493473 0.704102 0.489556 0.703125 0.489556 0.702148 0.488251 0.693359 0.488251 0.692383 0.489556 0.691406 0.489556 0.690430 0.490862
0 0.712891 0.513055 0.712891 0.523499 0.711914 0.524804 0.711914 0.544386 0.716797 0.550914 0.719727 0.550914 0.720703 0.552219 0.726562 0.552219 0.727539 0.553525 0.728516 0.553525 0.729492 0.552219 0.733398 0.552219 0.734375 0.550914 0.736328 0.550914 0.740234 0.545692 0.740234 0.544386 0.741211 0.543081 0.741211 0.537859 0.740234 0.536554 0.740234 0.533943 0.739258 0.532637 0.739258 0.531332 0.738281 0.530026 0.737305 0.526110 0.734375 0.522193 0.733398 0.522193 0.729492 0.516971 0.728516 0.516971 0.724609 0.511749 0.722656 0.511749 0.721680 0.510444 0.717773 0.510444 0.716797 0.511749 0.714844 0.511749 0.713867 0.513055
0 0.708984 0.471279 0.707031 0.473890 0.707031 0.475196 0.706055 0.476501 0.706055 0.488251 0.707031 0.489556 0.707031 0.490862 0.708008 0.492167 0.708008 0.493473 0.708984 0.494778 0.708984 0.496084 0.709961 0.497389 0.709961 0.498695 0.710938 0.500000 0.710938 0.501305 0.712891 0.503916 0.714844 0.503916 0.715820 0.505222 0.716797 0.505222 0.717773 0.503916 0.725586 0.503916 0.726562 0.502611 0.727539 0.502611 0.729492 0.500000 0.729492 0.498695 0.730469 0.497389 0.730469 0.496084 0.731445 0.494778 0.731445 0.490862 0.730469 0.489556 0.730469 0.486945 0.729492 0.485640 0.729492 0.483029 0.726562 0.479112 0.726562 0.477807 0.725586 0.476501 0.725586 0.475196 0.724609 0.473890 0.724609 0.472585 0.723633 0.472585 0.722656 0.471279 0.720703 0.471279 0.719727 0.469974 0.711914 0.469974 0.710938 0.471279
0 0.665039 0.459530 0.662109 0.463446 0.661133 0.463446 0.660156 0.464752 0.660156 0.466057 0.659180 0.467363 0.659180 0.468668 0.657227 0.472585 0.657227 0.475196 0.658203 0.476501 0.658203 0.486945 0.659180 0.488251 0.659180 0.493473 0.660156 0.494778 0.660156 0.497389 0.662109 0.500000 0.663086 0.500000 0.664062 0.501305 0.665039 0.501305 0.666016 0.502611 0.666016 0.503916 0.669922 0.503916 0.670898 0.502611 0.671875 0.502611 0.674805 0.500000 0.676758 0.500000 0.677734 0.498695 0.679688 0.498695 0.680664 0.497389 0.681641 0.497389 0.683594 0.494778 0.684570 0.494778 0.684570 0.493473 0.685547 0.492167 0.685547 0.481723 0.684570 0.480418 0.684570 0.479112 0.682617 0.476501 0.682617 0.475196 0.671875 0.460836 0.670898 0.460836 0.669922 0.459530
0 0.628906 0.438642 0.627930 0.439948 0.625000 0.441253 0.620117 0.447781 0.619141 0.451697 0.624023 0.458225 0.624023 0.459530 0.625977 0.462141 0.625977 0.464752 0.626953 0.466057 0.626953 0.468668 0.627930 0.469974 0.627930 0.479112 0.629883 0.481723 0.642578 0.481723 0.644531 0.479112 0.645508 0.479112 0.650391 0.472585 0.650391 0.463446 0.649414 0.462141 0.649414 0.460836 0.648438 0.459530 0.647461 0.455614 0.643555 0.450392 0.643555 0.449086 0.639648 0.443864 0.638672 0.443864 0.637695 0.442559 0.636719 0.442559 0.635742 0.441253 0.634766 0.441253 0.631836 0.438642
0 0.685547 0.442559 0.683594 0.445170 0.682617 0.445170 0.681641 0.446475 0.680664 0.446475 0.678711 0.449086 0.678711 0.450392 0.677734 0.451697 0.677734 0.455614 0.676758 0.456919 0.676758 0.463446 0.677734 0.464752 0.677734 0.466057 0.679688 0.468668 0.679688 0.469974 0.683594 0.475196 0.683594 0.476501 0.684570 0.477807 0.684570 0.479112 0.685547 0.480418 0.685547 0.481723 0.686523 0.483029 0.686523 0.484334 0.687500 0.485640 0.690430 0.485640 0.691406 0.484334 0.694336 0.484334 0.695312 0.483029 0.697266 0.483029 0.698242 0.481723 0.699219 0.481723 0.701172 0.479112 0.701172 0.471279 0.702148 0.469974 0.702148 0.466057 0.701172 0.464752 0.701172 0.451697 0.699219 0.447781 0.698242 0.447781 0.697266 0.446475 0.696289 0.446475 0.695312 0.445170 0.694336 0.445170 0.691406 0.442559
0 0.708008 0.425587 0.705078 0.429504 0.705078 0.432115 0.704102 0.433420 0.704102 0.434726 0.703125 0.436031 0.703125 0.447781 0.704102 0.449086 0.704102 0.451697 0.708008 0.456919 0.708008 0.458225 0.712891 0.458225 0.713867 0.456919 0.720703 0.456919 0.721680 0.455614 0.723633 0.455614 0.724609 0.454308 0.724609 0.453003 0.726562 0.450392 0.726562 0.447781 0.727539 0.446475 0.727539 0.434726 0.726562 0.433420 0.726562 0.432115 0.725586 0.430809 0.724609 0.430809 0.723633 0.429504 0.722656 0.429504 0.721680 0.428198 0.720703 0.428198 0.719727 0.426893 0.718750 0.426893 0.717773 0.425587 0.714844 0.425587 0.713867 0.424282 0.711914 0.424282 0.710938 0.425587
0 0.656250 0.419060 0.652344 0.424282 0.652344 0.426893 0.651367 0.428198 0.651367 0.434726 0.652344 0.436031 0.652344 0.439948 0.656250 0.445170 0.657227 0.445170 0.659180 0.447781 0.660156 0.447781 0.661133 0.449086 0.662109 0.449086 0.666016 0.454308 0.666992 0.454308 0.668945 0.456919 0.670898 0.456919 0.671875 0.458225 0.673828 0.458225 0.675781 0.455614 0.675781 0.454308 0.676758 0.453003 0.676758 0.450392 0.677734 0.449086 0.677734 0.441253 0.676758 0.439948 0.676758 0.434726 0.674805 0.432115 0.674805 0.430809 0.671875 0.426893 0.670898 0.426893 0.668945 0.424282 0.667969 0.424282 0.666016 0.421671 0.665039 0.421671 0.662109 0.419060
0 0.650391 0.373368 0.649414 0.373368 0.648438 0.374674 0.645508 0.375979 0.641602 0.381201 0.640625 0.381201 0.640625 0.382507 0.637695 0.386423 0.636719 0.390339 0.634766 0.392950 0.634766 0.394256 0.633789 0.395561 0.633789 0.398172 0.632812 0.399478 0.633789 0.400783 0.633789 0.419060 0.634766 0.420366 0.635742 0.424282 0.638672 0.428198 0.639648 0.426893 0.642578 0.426893 0.643555 0.425587 0.644531 0.425587 0.651367 0.416449 0.652344 0.416449 0.655273 0.412533 0.655273 0.411227 0.657227 0.407311 0.657227 0.387728 0.656250 0.386423 0.656250 0.385117 0.655273 0.383812 0.655273 0.381201 0.653320 0.378590 0.652344 0.374674 0.651367 0.374674
0 0.678711 0.373368 0.676758 0.373368 0.675781 0.372063 0.669922 0.372063 0.668945 0.373368 0.666992 0.373368 0.666016 0.374674 0.664062 0.374674 0.661133 0.378590 0.661133 0.379896 0.659180 0.383812 0.659180 0.400783 0.660156 0.402089 0.660156 0.403394 0.661133 0.404700 0.662109 0.404700 0.664062 0.407311 0.666016 0.407311 0.666992 0.408616 0.669922 0.408616 0.670898 0.407311 0.674805 0.407311 0.675781 0.406005 0.678711 0.406005 0.679688 0.404700 0.681641 0.404700 0.682617 0.403394 0.683594 0.403394 0.687500 0.398172 0.687500 0.396867 0.688477 0.395561 0.688477 0.389034 0.686523 0.386423 0.686523 0.385117 0.684570 0.382507 0.684570 0.381201
0 0.697266 0.387728 0.696289 0.389034 0.694336 0.389034 0.693359 0.390339 0.692383 0.390339 0.691406 0.391645 0.691406 0.392950 0.690430 0.394256 0.690430 0.395561 0.688477 0.398172 0.688477 0.399478 0.685547 0.403394 0.685547 0.412533 0.686523 0.413838 0.686523 0.415144 0.687500 0.416449 0.687500 0.417755 0.688477 0.419060 0.688477 0.420366 0.690430 0.422977 0.690430 0.424282 0.695312 0.430809 0.700195 0.430809 0.701172 0.429504 0.702148 0.429504 0.703125 0.428198 0.704102 0.428198 0.706055 0.425587 0.707031 0.425587 0.708008 0.424282 0.708984 0.424282 0.711914 0.420366 0.711914 0.415144 0.710938 0.413838 0.710938 0.408616 0.708984 0.404700 0.708984 0.402089 0.707031 0.399478 0.707031 0.398172 0.705078 0.395561 0.705078 0.394256 0.704102 0.392950 0.704102 0.391645 0.703125 0.390339 0.703125 0.389034 0.702148 0.387728
0 0.708008 0.381201 0.703125 0.387728 0.703125 0.389034 0.704102 0.390339 0.704102 0.391645 0.706055 0.394256 0.706055 0.395561 0.707031 0.396867 0.707031 0.398172 0.708008 0.399478 0.708008 0.400783 0.708984 0.402089 0.708984 0.403394 0.709961 0.404700 0.709961 0.406005 0.710938 0.407311 0.710938 0.408616 0.712891 0.411227 0.713867 0.411227 0.714844 0.412533 0.715820 0.412533 0.716797 0.413838 0.717773 0.413838 0.718750 0.415144 0.719727 0.415144 0.720703 0.416449 0.722656 0.416449 0.723633 0.417755 0.724609 0.417755 0.725586 0.416449 0.727539 0.416449 0.728516 0.415144 0.728516 0.412533 0.729492 0.411227 0.729492 0.400783 0.728516 0.399478 0.728516 0.398172 0.727539 0.396867 0.727539 0.395561 0.726562 0.394256 0.726562 0.392950 0.721680 0.386423 0.720703 0.386423 0.718750 0.383812 0.716797 0.383812 0.715820 0.382507 0.713867 0.382507 0.712891 0.381201
0 0.702148 0.331593 0.699219 0.335509 0.699219 0.339426 0.698242 0.340731 0.702148 0.345953 0.702148 0.348564 0.703125 0.349869 0.703125 0.353786 0.704102 0.355091 0.704102 0.357702 0.705078 0.359008 0.705078 0.362924 0.706055 0.364230 0.706055 0.366841 0.707031 0.368146 0.707031 0.369452 0.708008 0.370757 0.708008 0.372063 0.709961 0.374674 0.712891 0.374674 0.715820 0.372063 0.719727 0.372063 0.721680 0.369452 0.721680 0.356397 0.720703 0.355091 0.720703 0.352480 0.719727 0.351175 0.719727 0.349869 0.718750 0.348564 0.718750 0.347258 0.717773 0.345953 0.717773 0.344648 0.715820 0.342037 0.715820 0.340731 0.714844 0.339426 0.714844 0.338120 0.713867 0.336815 0.713867 0.335509 0.712891 0.334204 0.711914 0.334204 0.708984 0.331593
0 0.686523 0.348564 0.685547 0.349869 0.685547 0.351175 0.684570 0.352480 0.684570 0.355091 0.683594 0.356397 0.683594 0.359008 0.682617 0.360313 0.682617 0.362924 0.683594 0.364230 0.683594 0.365535 0.684570 0.366841 0.684570 0.368146 0.688477 0.373368 0.688477 0.374674 0.692383 0.379896 0.692383 0.381201 0.693359 0.382507 0.693359 0.383812 0.694336 0.385117 0.695312 0.385117 0.696289 0.386423 0.700195 0.386423 0.701172 0.385117 0.702148 0.385117 0.704102 0.382507 0.705078 0.382507 0.707031 0.379896 0.707031 0.378590 0.708008 0.377285 0.708008 0.372063 0.706055 0.369452 0.706055 0.368146 0.705078 0.366841 0.705078 0.365535 0.704102 0.364230 0.704102 0.362924 0.703125 0.361619 0.703125 0.360313 0.700195 0.356397 0.699219 0.356397 0.697266 0.353786 0.696289 0.353786 0.693359 0.349869 0.693359 0.348564
0 0.668945 0.314621 0.667969 0.315927 0.667969 0.317232 0.666016 0.319843 0.665039 0.319843 0.661133 0.325065 0.661133 0.328982 0.660156 0.330287 0.660156 0.336815 0.661133 0.338120 0.661133 0.343342 0.659180 0.347258 0.659180 0.351175 0.660156 0.352480 0.660156 0.356397 0.663086 0.359008 0.666992 0.359008 0.667969 0.357702 0.669922 0.357702 0.670898 0.359008 0.673828 0.359008 0.674805 0.360313 0.679688 0.360313 0.682617 0.356397 0.682617 0.355091 0.683594 0.353786 0.683594 0.351175 0.684570 0.349869 0.684570 0.335509 0.683594 0.334204 0.683594 0.322454 0.682617 0.321149 0.682617 0.319843 0.681641 0.319843 0.680664 0.318538 0.677734 0.317232 0.675781 0.314621 0.674805 0.314621 0.673828 0.313316 0.672852 0.313316 0.671875 0.314621
0 0.697266 0.301567 0.693359 0.301567 0.692383 0.302872 0.690430 0.302872 0.689453 0.304178 0.688477 0.304178 0.685547 0.308094 0.684570 0.308094 0.679688 0.314621 0.678711 0.314621 0.678711 0.315927 0.679688 0.315927 0.683594 0.321149 0.683594 0.332898 0.684570 0.334204 0.684570 0.338120 0.685547 0.339426 0.688477 0.339426 0.689453 0.338120 0.690430 0.338120 0.692383 0.335509 0.693359 0.335509 0.694336 0.334204 0.695312 0.334204 0.696289 0.332898 0.697266 0.332898 0.701172 0.327676 0.701172 0.326371 0.702148 0.325065 0.701172 0.323760 0.701172 0.318538 0.700195 0.317232 0.700195 0.314621 0.699219 0.313316 0.699219 0.310705 0.698242 0.309399 0.698242 0.306789 0.697266 0.305483
0 0.702148 0.289817 0.700195 0.292428 0.700195 0.293734 0.699219 0.295039 0.699219 0.296345 0.697266 0.298956 0.696289 0.298956 0.696289 0.305483 0.697266 0.306789 0.697266 0.308094 0.698242 0.309399 0.698242 0.312010 0.699219 0.313316 0.699219 0.314621 0.700195 0.315927 0.700195 0.318538 0.701172 0.319843 0.701172 0.323760 0.702148 0.325065 0.702148 0.327676 0.703125 0.327676 0.704102 0.328982 0.705078 0.328982 0.706055 0.327676 0.708008 0.327676 0.708984 0.326371 0.708984 0.325065 0.709961 0.323760 0.709961 0.322454 0.710938 0.321149 0.710938 0.319843 0.711914 0.318538 0.711914 0.317232 0.712891 0.315927 0.712891 0.314621 0.713867 0.313316 0.713867 0.298956 0.708008 0.291123 0.706055 0.291123 0.705078 0.289817
0 0.644531 0.265013 0.643555 0.266319 0.642578 0.266319 0.641602 0.267624 0.640625 0.267624 0.638672 0.270235 0.638672 0.271540 0.637695 0.272846 0.637695 0.274151 0.634766 0.278068 0.634766 0.279373 0.633789 0.280679 0.633789 0.284595 0.634766 0.285901 0.634766 0.293734 0.635742 0.295039 0.635742 0.296345 0.636719 0.297650 0.636719 0.298956 0.638672 0.301567 0.638672 0.302872 0.642578 0.308094 0.643555 0.308094 0.644531 0.309399 0.651367 0.309399 0.652344 0.308094 0.655273 0.308094 0.657227 0.305483 0.658203 0.305483 0.661133 0.301567 0.661133 0.300261 0.663086 0.296345 0.663086 0.292428 0.662109 0.291123 0.662109 0.287206 0.661133 0.285901 0.661133 0.284595 0.659180 0.281984 0.659180 0.280679 0.657227 0.276762 0.657227 0.274151 0.656250 0.272846 0.656250 0.271540 0.653320 0.267624 0.652344 0.267624 0.650391 0.265013
0 0.666016 0.263708 0.666992 0.265013 0.666992 0.267624 0.666016 0.268930 0.666016 0.271540 0.665039 0.272846 0.665039 0.274151 0.666016 0.275457 0.666016 0.279373 0.668945 0.283290 0.668945 0.284595 0.671875 0.288512 0.671875 0.289817 0.674805 0.293734 0.674805 0.295039 0.675781 0.296345 0.675781 0.297650 0.676758 0.297650 0.677734 0.298956 0.679688 0.298956 0.680664 0.300261 0.681641 0.300261 0.682617 0.298956 0.684570 0.298956 0.688477 0.293734 0.688477 0.287206 0.687500 0.285901 0.687500 0.284595 0.686523 0.283290 0.686523 0.280679 0.681641 0.274151 0.681641 0.272846 0.680664 0.272846 0.678711 0.270235 0.678711 0.268930 0.675781 0.265013 0.674805 0.265013 0.673828 0.263708
0 0.701172 0.262402 0.698242 0.266319 0.698242 0.267624 0.697266 0.268930 0.697266 0.280679 0.698242 0.281984 0.698242 0.283290 0.699219 0.284595 0.700195 0.284595 0.701172 0.285901 0.703125 0.285901 0.704102 0.287206 0.706055 0.287206 0.707031 0.288512 0.708008 0.288512 0.708984 0.289817 0.709961 0.289817 0.710938 0.291123 0.717773 0.291123 0.719727 0.288512 0.719727 0.287206 0.720703 0.285901 0.720703 0.274151 0.719727 0.272846 0.719727 0.271540 0.717773 0.268930 0.715820 0.268930 0.711914 0.263708 0.710938 0.263708 0.709961 0.262402 0.707031 0.262402 0.706055 0.261097 0.703125 0.261097 0.702148 0.262402
0 0.679688 0.231070 0.678711 0.232376 0.678711 0.234987 0.677734 0.236292 0.677734 0.245431 0.676758 0.246736 0.676758 0.248042 0.674805 0.250653 0.673828 0.250653 0.672852 0.251958 0.672852 0.254569 0.674805 0.257180 0.676758 0.257180 0.677734 0.258486 0.676758 0.259791 0.676758 0.262402 0.677734 0.263708 0.678711 0.263708 0.680664 0.266319 0.680664 0.267624 0.681641 0.268930 0.688477 0.268930 0.689453 0.267624 0.691406 0.267624 0.692383 0.266319 0.696289 0.266319 0.699219 0.262402 0.699219 0.257180 0.698242 0.255875 0.698242 0.253264 0.696289 0.249347 0.696289 0.246736 0.695312 0.245431 0.695312 0.242820 0.691406 0.237598 0.691406 0.236292 0.689453 0.233681 0.689453 0.232376 0.687500 0.229765 0.681641 0.229765 0.680664 0.231070
0 0.701172 0.211488 0.698242 0.215405 0.698242 0.216710 0.696289 0.219321 0.696289 0.220627 0.694336 0.224543 0.694336 0.236292 0.695312 0.237598 0.695312 0.238903 0.698242 0.242820 0.698242 0.244125 0.699219 0.244125 0.701172 0.246736 0.701172 0.248042 0.703125 0.251958 0.706055 0.251958 0.707031 0.250653 0.709961 0.250653 0.710938 0.249347 0.713867 0.249347 0.714844 0.248042 0.718750 0.248042 0.719727 0.246736 0.719727 0.244125 0.720703 0.242820 0.720703 0.237598 0.719727 0.236292 0.719727 0.231070 0.717773 0.228460 0.717773 0.227154 0.713867 0.221932 0.713867 0.220627 0.711914 0.218016 0.711914 0.216710 0.708008 0.211488 0.706055 0.211488 0.705078 0.210183 0.704102 0.210183 0.703125 0.211488
0 0.661133 0.207572 0.660156 0.208877 0.658203 0.208877 0.654297 0.214099 0.654297 0.215405 0.653320 0.216710 0.653320 0.227154 0.654297 0.228460 0.654297 0.233681 0.655273 0.234987 0.655273 0.237598 0.656250 0.238903 0.656250 0.240209 0.657227 0.241514 0.657227 0.242820 0.659180 0.245431 0.659180 0.246736 0.661133 0.249347 0.666992 0.249347 0.668945 0.246736 0.669922 0.246736 0.670898 0.245431 0.671875 0.245431 0.674805 0.241514 0.674805 0.238903 0.675781 0.237598 0.675781 0.234987 0.676758 0.233681 0.676758 0.229765 0.677734 0.228460 0.677734 0.225849 0.676758 0.224543 0.676758 0.220627 0.675781 0.219321 0.675781 0.216710 0.672852 0.212794 0.672852 0.211488 0.670898 0.208877 0.669922 0.208877 0.668945 0.207572
0 0.627930 0.225849 0.626953 0.227154 0.626953 0.228460 0.625977 0.229765 0.625977 0.234987 0.625000 0.236292 0.625000 0.238903 0.624023 0.240209 0.624023 0.246736 0.625000 0.248042 0.625977 0.248042 0.629883 0.253264 0.632812 0.253264 0.633789 0.254569 0.637695 0.254569 0.638672 0.255875 0.642578 0.255875 0.643555 0.257180 0.650391 0.257180 0.650391 0.255875 0.652344 0.253264 0.652344 0.251958 0.651367 0.250653 0.651367 0.246736 0.650391 0.245431 0.650391 0.244125 0.649414 0.242820 0.649414 0.241514 0.648438 0.240209 0.648438 0.238903 0.647461 0.237598 0.647461 0.236292 0.646484 0.234987 0.646484 0.233681 0.644531 0.231070 0.643555 0.231070 0.642578 0.229765 0.635742 0.229765 0.634766 0.228460 0.633789 0.228460 0.632812 0.227154 0.631836 0.227154 0.630859 0.225849
0 0.633789 0.182768 0.631836 0.185379 0.631836 0.186684 0.630859 0.187990 0.630859 0.190601 0.629883 0.191906 0.629883 0.193211 0.628906 0.194517 0.628906 0.198433 0.627930 0.199739 0.627930 0.201044 0.636719 0.212794 0.637695 0.212794 0.639648 0.215405 0.639648 0.216710 0.640625 0.218016 0.642578 0.218016 0.643555 0.219321 0.646484 0.219321 0.647461 0.218016 0.647461 0.216710 0.648438 0.215405 0.648438 0.212794 0.649414 0.211488 0.649414 0.199739 0.644531 0.193211 0.643555 0.193211 0.637695 0.185379 0.636719 0.185379 0.634766 0.182768
0 0.683594 0.182768 0.682617 0.184073 0.681641 0.184073 0.677734 0.189295 0.677734 0.190601 0.675781 0.193211 0.675781 0.194517 0.674805 0.195822 0.674805 0.210183 0.675781 0.211488 0.675781 0.212794 0.676758 0.214099 0.676758 0.215405 0.681641 0.221932 0.682617 0.221932 0.683594 0.223238 0.688477 0.223238 0.691406 0.219321 0.691406 0.218016 0.693359 0.215405 0.693359 0.214099 0.694336 0.212794 0.694336 0.211488 0.695312 0.210183 0.695312 0.206266 0.696289 0.204961 0.695312 0.203655 0.695312 0.198433 0.694336 0.197128 0.694336 0.195822 0.693359 0.194517 0.693359 0.193211 0.692383 0.193211 0.691406 0.191906 0.691406 0.190601 0.690430 0.189295 0.690430 0.187990 0.686523 0.182768
0 0.715820 0.167102 0.711914 0.167102 0.705078 0.176240 0.705078 0.177546 0.704102 0.178851 0.704102 0.193211 0.705078 0.194517 0.705078 0.197128 0.706055 0.198433 0.706055 0.201044 0.707031 0.202350 0.707031 0.203655 0.708984 0.206266 0.711914 0.206266 0.712891 0.204961 0.714844 0.204961 0.721680 0.195822 0.721680 0.194517 0.722656 0.193211 0.722656 0.186684 0.721680 0.185379 0.721680 0.181462 0.720703 0.180157 0.720703 0.174935 0.717773 0.171018 0.717773 0.169713
0 0.683594 0.163185 0.682617 0.163185 0.681641 0.161880 0.679688 0.161880 0.678711 0.160574 0.677734 0.160574 0.675781 0.157963 0.674805 0.157963 0.672852 0.155352 0.671875 0.156658 0.669922 0.156658 0.667969 0.159269 0.666992 0.159269 0.665039 0.161880 0.664062 0.161880 0.663086 0.163185 0.662109 0.163185 0.661133 0.164491 0.660156 0.164491 0.659180 0.165796 0.659180 0.167102 0.658203 0.168407 0.658203 0.169713 0.659180 0.171018 0.659180 0.172324 0.661133 0.174935 0.661133 0.177546 0.662109 0.178851 0.662109 0.180157 0.663086 0.181462 0.663086 0.184073 0.665039 0.186684 0.671875 0.186684 0.672852 0.185379 0.674805 0.185379 0.676758 0.182768 0.677734 0.182768 0.678711 0.181462 0.679688 0.181462 0.683594 0.176240
0 0.676758 0.139687 0.676758 0.140992 0.674805 0.143603 0.674805 0.144909 0.673828 0.146214 0.673828 0.151436 0.672852 0.152742 0.673828 0.154047 0.673828 0.155352 0.674805 0.156658 0.674805 0.157963 0.675781 0.159269 0.676758 0.159269 0.677734 0.160574 0.679688 0.160574 0.680664 0.161880 0.681641 0.161880 0.683594 0.164491 0.683594 0.167102 0.684570 0.168407 0.684570 0.177546 0.685547 0.178851 0.686523 0.178851 0.688477 0.181462 0.689453 0.181462 0.690430 0.180157 0.691406 0.180157 0.692383 0.178851 0.693359 0.178851 0.693359 0.177546 0.694336 0.176240 0.694336 0.167102 0.693359 0.165796 0.693359 0.164491 0.689453 0.159269 0.689453 0.157963 0.688477 0.156658 0.688477 0.154047 0.686523 0.151436 0.686523 0.150131 0.683594 0.146214 0.682617 0.146214 0.677734 0.139687
0 0.693359 0.117493 0.691406 0.120104 0.691406 0.121410 0.688477 0.125326 0.687500 0.125326 0.685547 0.127937 0.685547 0.130548 0.686523 0.131854 0.685547 0.133159 0.685547 0.138381 0.683594 0.142298 0.685547 0.144909 0.685547 0.146214 0.686523 0.147520 0.686523 0.148825 0.688477 0.151436 0.688477 0.152742 0.689453 0.154047 0.689453 0.155352 0.693359 0.160574 0.694336 0.159269 0.698242 0.159269 0.699219 0.157963 0.701172 0.157963 0.702148 0.156658 0.708008 0.156658 0.708984 0.155352 0.710938 0.155352 0.711914 0.154047 0.711914 0.143603 0.710938 0.142298 0.710938 0.138381 0.708984 0.134465 0.708984 0.131854 0.707031 0.127937 0.707031 0.125326 0.706055 0.124021 0.706055 0.122715 0.703125 0.118799 0.702148 0.118799 0.701172 0.117493
0 0.679688 0.091384 0.675781 0.091384 0.674805 0.092689 0.671875 0.092689 0.670898 0.093995 0.669922 0.093995 0.664062 0.101828 0.664062 0.104439 0.663086 0.105744 0.663086 0.107050 0.664062 0.108355 0.664062 0.109661 0.666992 0.113577 0.666992 0.114883 0.668945 0.117493 0.668945 0.120104 0.669922 0.121410 0.669922 0.122715 0.671875 0.125326 0.678711 0.125326 0.679688 0.124021 0.680664 0.124021 0.681641 0.122715 0.682617 0.122715 0.685547 0.118799 0.685547 0.117493 0.688477 0.113577 0.688477 0.107050 0.687500 0.105744 0.687500 0.104439 0.686523 0.103133 0.686523 0.101828 0.685547 0.101828 0.683594 0.099217 0.683594 0.097911 0.682617 0.096606 0.682617 0.095300 0.681641 0.093995 0.681641 0.092689 0.680664 0.092689
0 0.665039 0.117493 0.662109 0.117493 0.661133 0.116188 0.655273 0.116188 0.654297 0.117493 0.652344 0.117493 0.651367 0.118799 0.649414 0.118799 0.648438 0.120104 0.647461 0.120104 0.645508 0.122715 0.645508 0.124021 0.644531 0.125326 0.644531 0.126632 0.643555 0.127937 0.643555 0.129243 0.642578 0.130548 0.642578 0.131854 0.640625 0.135770 0.640625 0.142298 0.641602 0.143603 0.641602 0.144909 0.644531 0.148825 0.656250 0.148825 0.657227 0.147520 0.660156 0.147520 0.661133 0.146214 0.663086 0.146214 0.664062 0.144909 0.666016 0.144909 0.667969 0.142298 0.667969 0.139687 0.668945 0.138381 0.668945 0.125326 0.667969 0.124021 0.667969 0.122715 0.666992 0.121410 0.666992 0.120104
