0 0.096680 0.423177 0.095703 0.424479 0.095703 0.428385 0.094727 0.429688 0.091797 0.429688 0.091797 0.432292 0.090820 0.433594 0.089844 0.455729 0.086914 0.463542 0.086914 0.471354 0.087891 0.471354 0.091797 0.476562 0.095703 0.479167 0.100586 0.479167 0.102539 0.477865 0.105469 0.481771 0.107422 0.481771 0.108398 0.483073 0.114258 0.483073 0.117188 0.480469 0.123047 0.480469 0.129883 0.471354 0.130859 0.468750 0.130859 0.454427 0.129883 0.453125 0.129883 0.447917 0.128906 0.446615 0.128906 0.442708 0.127930 0.441406 0.127930 0.432292 0.126953 0.429688 0.123047 0.428385 0.117188 0.424479 0.112305 0.424479 0.111328 0.423177 0.106445 0.423177 0.105469 0.421875 0.099609 0.421875 0.098633 0.423177
0 0.156250 0.404948 0.152344 0.411458 0.152344 0.415365 0.150391 0.419271 0.150391 0.423177 0.151367 0.424479 0.151367 0.446615 0.152344 0.447917 0.152344 0.451823 0.155273 0.454427 0.160156 0.454427 0.161133 0.455729 0.172852 0.455729 0.174805 0.453125 0.175781 0.453125 0.177734 0.450521 0.178711 0.450521 0.179688 0.449219 0.179688 0.447917 0.182617 0.444010 0.182617 0.438802 0.183594 0.437500 0.183594 0.430990 0.182617 0.429688 0.182617 0.427083 0.179688 0.420573 0.179688 0.417969 0.180664 0.416667 0.180664 0.415365 0.183594 0.412760 0.180664 0.408854 0.179688 0.408854 0.176758 0.406250 0.173828 0.406250 0.172852 0.404948 0.166992 0.404948 0.166016 0.403646 0.160156 0.403646 0.159180 0.404948
0 0.202148 0.270833 0.194336 0.270833 0.193359 0.272135 0.191406 0.272135 0.187500 0.277344 0.184570 0.285156 0.183594 0.294271 0.176758 0.303385 0.174805 0.308594 0.174805 0.313802 0.175781 0.315104 0.175781 0.324219 0.176758 0.325521 0.177734 0.333333 0.180664 0.337240 0.181641 0.341146 0.185547 0.346354 0.186523 0.345052 0.189453 0.345052 0.190430 0.346354 0.190430 0.348958 0.189453 0.350260 0.196289 0.354167 0.200195 0.352865 0.206055 0.345052 0.211914 0.342448 0.214844 0.338542 0.214844 0.303385 0.220703 0.294271 0.220703 0.292969 0.216797 0.292969 0.214844 0.289062 0.215820 0.286458 0.215820 0.281250 0.214844 0.279948 0.214844 0.277344 0.211914 0.273438 0.207031 0.273438
0 0.369141 0.231771 0.368164 0.233073 0.366211 0.233073 0.365234 0.234375 0.364258 0.234375 0.362305 0.236979 0.362305 0.238281 0.361328 0.239583 0.361328 0.251302 0.362305 0.252604 0.362305 0.256510 0.363281 0.257812 0.363281 0.260417 0.364258 0.261719 0.364258 0.263021 0.365234 0.264323 0.366211 0.264323 0.367188 0.265625 0.372070 0.265625 0.373047 0.264323 0.374023 0.264323 0.375000 0.263021 0.375977 0.263021 0.380859 0.256510 0.380859 0.253906 0.381836 0.252604 0.381836 0.242188 0.377930 0.236979 0.376953 0.236979 0.375000 0.234375 0.374023 0.234375 0.373047 0.233073 0.370117 0.233073
0 0.208008 0.493490 0.207031 0.494792 0.206055 0.494792 0.205078 0.496094 0.204102 0.496094 0.202148 0.498698 0.202148 0.500000 0.201172 0.501302 0.201172 0.502604 0.198242 0.506510 0.198242 0.519531 0.202148 0.524740 0.202148 0.526042 0.205078 0.529948 0.206055 0.529948 0.207031 0.531250 0.210938 0.531250 0.211914 0.532552 0.218750 0.532552 0.219727 0.531250 0.220703 0.531250 0.220703 0.529948 0.221680 0.528646 0.221680 0.526042 0.222656 0.524740 0.222656 0.522135 0.224609 0.519531 0.224609 0.518229 0.228516 0.513021 0.228516 0.510417 0.230469 0.507812 0.230469 0.506510 0.229492 0.506510 0.226562 0.502604 0.226562 0.501302 0.222656 0.496094 0.221680 0.496094 0.220703 0.494792 0.217773 0.494792 0.216797 0.493490
0 0.230469 0.509115 0.228516 0.511719 0.228516 0.513021 0.223633 0.519531 0.223633 0.520833 0.222656 0.522135 0.222656 0.526042 0.221680 0.527344 0.221680 0.529948 0.219727 0.532552 0.219727 0.533854 0.220703 0.535156 0.220703 0.537760 0.223633 0.541667 0.223633 0.542969 0.224609 0.544271 0.244141 0.544271 0.245117 0.542969 0.249023 0.542969 0.250977 0.540365 0.250977 0.537760 0.252930 0.535156 0.252930 0.532552 0.253906 0.531250 0.253906 0.526042 0.252930 0.524740 0.252930 0.522135 0.250000 0.518229 0.249023 0.514323 0.243164 0.509115 0.237305 0.509115 0.236328 0.507812 0.233398 0.507812 0.232422 0.509115
0 0.248047 0.467448 0.245117 0.467448 0.244141 0.466146 0.243164 0.466146 0.242188 0.467448 0.237305 0.467448 0.236328 0.468750 0.233398 0.468750 0.231445 0.471354 0.230469 0.471354 0.225586 0.476562 0.225586 0.477865 0.224609 0.479167 0.224609 0.481771 0.223633 0.483073 0.223633 0.486979 0.222656 0.488281 0.222656 0.493490 0.225586 0.497396 0.226562 0.497396 0.232422 0.505208 0.233398 0.505208 0.234375 0.506510 0.237305 0.506510 0.238281 0.507812 0.241211 0.507812 0.242188 0.506510 0.244141 0.506510 0.247070 0.503906 0.249023 0.503906 0.251953 0.501302 0.251953 0.500000 0.253906 0.496094 0.253906 0.492188 0.254883 0.490885 0.253906 0.489583 0.253906 0.473958 0.251953 0.470052 0.250977 0.470052
0 0.201172 0.531250 0.193359 0.531250 0.189453 0.536458 0.188477 0.536458 0.186523 0.539062 0.186523 0.540365 0.184570 0.542969 0.184570 0.544271 0.181641 0.548177 0.181641 0.550781 0.178711 0.554688 0.178711 0.559896 0.179688 0.561198 0.179688 0.563802 0.181641 0.566406 0.182617 0.566406 0.184570 0.569010 0.185547 0.569010 0.189453 0.574219 0.190430 0.574219 0.192383 0.576823 0.197266 0.576823 0.198242 0.575521 0.201172 0.574219 0.203125 0.571615 0.204102 0.571615 0.205078 0.570312 0.205078 0.569010 0.207031 0.566406 0.207031 0.565104 0.208008 0.563802 0.208008 0.553385 0.209961 0.549479 0.209961 0.546875 0.210938 0.545573 0.210938 0.539062 0.211914 0.537760 0.208008 0.537760 0.207031 0.536458 0.204102 0.535156
0 0.214844 0.578125 0.213867 0.578125 0.212891 0.576823 0.210938 0.576823 0.209961 0.575521 0.207031 0.575521 0.206055 0.574219 0.203125 0.574219 0.202148 0.575521 0.200195 0.575521 0.197266 0.578125 0.191406 0.578125 0.189453 0.575521 0.188477 0.575521 0.188477 0.576823 0.185547 0.579427 0.185547 0.587240 0.186523 0.588542 0.186523 0.589844 0.197266 0.604167 0.198242 0.604167 0.199219 0.605469 0.201172 0.605469 0.202148 0.604167 0.204102 0.604167 0.205078 0.602865 0.208984 0.602865 0.211914 0.598958 0.212891 0.598958 0.215820 0.595052 0.215820 0.592448 0.217773 0.588542 0.217773 0.582031
0 0.197266 0.613281 0.196289 0.614583 0.193359 0.614583 0.192383 0.615885 0.189453 0.617188 0.187500 0.619792 0.184570 0.621094 0.181641 0.625000 0.181641 0.626302 0.180664 0.627604 0.180664 0.632812 0.182617 0.636719 0.182617 0.641927 0.184570 0.641927 0.185547 0.643229 0.188477 0.644531 0.193359 0.649740 0.194336 0.649740 0.195312 0.651042 0.196289 0.651042 0.199219 0.653646 0.201172 0.653646 0.204102 0.649740 0.205078 0.649740 0.206055 0.648438 0.208984 0.647135 0.211914 0.643229 0.211914 0.639323 0.212891 0.638021 0.212891 0.622396 0.208008 0.615885 0.207031 0.615885 0.206055 0.614583 0.198242 0.614583
0 0.171875 0.652344 0.171875 0.653646 0.170898 0.654948 0.170898 0.657552 0.169922 0.658854 0.169922 0.660156 0.167969 0.662760 0.167969 0.665365 0.168945 0.666667 0.168945 0.669271 0.169922 0.669271 0.173828 0.674479 0.174805 0.674479 0.177734 0.677083 0.184570 0.677083 0.185547 0.678385 0.192383 0.678385 0.193359 0.677083 0.195312 0.677083 0.196289 0.675781 0.196289 0.674479 0.197266 0.673177 0.197266 0.671875 0.199219 0.669271 0.199219 0.666667 0.198242 0.665365 0.198242 0.661458 0.200195 0.658854 0.200195 0.657552 0.197266 0.653646 0.196289 0.653646 0.195312 0.652344 0.194336 0.652344 0.191406 0.648438 0.190430 0.648438 0.189453 0.647135 0.188477 0.647135 0.185547 0.643229 0.180664 0.643229 0.179688 0.644531 0.178711 0.644531 0.176758 0.647135 0.175781 0.647135 0.174805 0.648438 0.174805 0.649740
0 0.201172 0.684896 0.200195 0.684896 0.199219 0.686198 0.198242 0.686198 0.197266 0.687500 0.196289 0.687500 0.195312 0.688802 0.192383 0.690104 0.192383 0.691406 0.186523 0.699219 0.183594 0.700521 0.183594 0.701823 0.181641 0.705729 0.181641 0.709635 0.180664 0.710938 0.180664 0.718750 0.181641 0.720052 0.182617 0.723958 0.184570 0.726562 0.185547 0.726562 0.186523 0.727865 0.187500 0.727865 0.189453 0.730469 0.191406 0.730469 0.192383 0.731771 0.194336 0.731771 0.195312 0.730469 0.196289 0.730469 0.198242 0.727865 0.198242 0.726562 0.205078 0.717448 0.207031 0.717448 0.211914 0.710938 0.211914 0.709635 0.212891 0.708333 0.212891 0.701823 0.206055 0.694010 0.206055 0.692708 0.202148 0.687500 0.202148 0.686198
0 0.223633 0.707031 0.222656 0.708333 0.220703 0.708333 0.214844 0.716146 0.211914 0.717448 0.209961 0.720052 0.209961 0.721354 0.208984 0.722656 0.208984 0.727865 0.208008 0.729167 0.208008 0.739583 0.207031 0.740885 0.207031 0.742188 0.209961 0.746094 0.210938 0.746094 0.211914 0.747396 0.212891 0.747396 0.215820 0.750000 0.219727 0.750000 0.220703 0.751302 0.221680 0.750000 0.224609 0.750000 0.224609 0.748698 0.226562 0.746094 0.226562 0.744792 0.230469 0.739583 0.230469 0.738281 0.231445 0.736979 0.231445 0.734375 0.232422 0.733073 0.232422 0.731771 0.236328 0.726562 0.236328 0.722656 0.237305 0.721354 0.235352 0.718750 0.233398 0.718750 0.232422 0.717448 0.230469 0.717448 0.229492 0.718750 0.227539 0.718750 0.224609 0.714844 0.224609 0.708333
0 0.268555 0.736979 0.263672 0.730469 0.263672 0.726562 0.262695 0.725260 0.261719 0.725260 0.258789 0.722656 0.255859 0.722656 0.254883 0.723958 0.252930 0.723958 0.251953 0.725260 0.249023 0.725260 0.248047 0.726562 0.246094 0.726562 0.244141 0.729167 0.243164 0.729167 0.239258 0.734375 0.238281 0.734375 0.236328 0.736979 0.235352 0.736979 0.235352 0.738281 0.233398 0.740885 0.233398 0.743490 0.234375 0.744792 0.234375 0.746094 0.235352 0.747396 0.235352 0.748698 0.236328 0.750000 0.236328 0.751302 0.237305 0.751302 0.239258 0.753906 0.240234 0.753906 0.241211 0.752604 0.244141 0.752604 0.245117 0.753906 0.247070 0.753906 0.248047 0.755208 0.250977 0.755208 0.251953 0.756510 0.253906 0.756510 0.254883 0.755208 0.255859 0.755208 0.256836 0.753906 0.257812 0.753906 0.258789 0.752604 0.259766 0.752604 0.265625 0.744792 0.266602 0.744792 0.268555 0.740885
0 0.255859 0.680990 0.254883 0.679688 0.252930 0.679688 0.251953 0.680990 0.250977 0.680990 0.249023 0.683594 0.239258 0.683594 0.238281 0.684896 0.234375 0.684896 0.230469 0.690104 0.230469 0.691406 0.228516 0.694010 0.228516 0.697917 0.227539 0.699219 0.227539 0.704427 0.226562 0.705729 0.226562 0.709635 0.227539 0.710938 0.227539 0.713542 0.228516 0.714844 0.232422 0.714844 0.233398 0.716146 0.236328 0.717448 0.238281 0.720052 0.240234 0.720052 0.241211 0.721354 0.244141 0.721354 0.245117 0.722656 0.248047 0.722656 0.250000 0.720052 0.250977 0.720052 0.251953 0.718750 0.252930 0.718750 0.253906 0.717448 0.254883 0.717448 0.255859 0.716146 0.258789 0.714844 0.258789 0.713542 0.259766 0.712240 0.260742 0.712240 0.261719 0.710938 0.263672 0.710938 0.263672 0.709635 0.260742 0.707031 0.260742 0.705729 0.258789 0.701823 0.258789 0.692708 0.257812 0.691406 0.257812 0.686198 0.256836 0.684896
0 0.247070 0.647135 0.245117 0.647135 0.244141 0.645833 0.237305 0.645833 0.236328 0.644531 0.235352 0.645833 0.231445 0.645833 0.230469 0.647135 0.227539 0.647135 0.223633 0.652344 0.223633 0.654948 0.222656 0.656250 0.222656 0.658854 0.221680 0.660156 0.221680 0.662760 0.220703 0.664062 0.221680 0.665365 0.221680 0.669271 0.223633 0.671875 0.223633 0.674479 0.225586 0.677083 0.225586 0.678385 0.228516 0.682292 0.230469 0.682292 0.231445 0.683594 0.235352 0.683594 0.236328 0.682292 0.240234 0.682292 0.241211 0.680990 0.243164 0.680990 0.244141 0.679688 0.246094 0.679688 0.249023 0.677083 0.249023 0.674479 0.250000 0.673177 0.250000 0.671875 0.249023 0.670573 0.249023 0.651042
0 0.295898 0.705729 0.291016 0.699219 0.290039 0.699219 0.287109 0.696615 0.286133 0.697917 0.285156 0.697917 0.284180 0.699219 0.283203 0.699219 0.281250 0.701823 0.280273 0.701823 0.279297 0.703125 0.278320 0.703125 0.277344 0.704427 0.276367 0.704427 0.274414 0.707031 0.274414 0.708333 0.273438 0.709635 0.273438 0.710938 0.266602 0.720052 0.266602 0.721354 0.265625 0.722656 0.265625 0.725260 0.264648 0.726562 0.265625 0.727865 0.265625 0.730469 0.267578 0.733073 0.268555 0.733073 0.269531 0.734375 0.270508 0.734375 0.273438 0.736979 0.275391 0.736979 0.276367 0.738281 0.281250 0.738281 0.282227 0.736979 0.283203 0.736979 0.286133 0.733073 0.287109 0.733073 0.288086 0.731771 0.288086 0.729167 0.289062 0.727865 0.289062 0.725260 0.290039 0.723958 0.290039 0.722656 0.291016 0.721354 0.291016 0.720052 0.291992 0.718750 0.291992 0.717448 0.292969 0.716146 0.292969 0.714844 0.294922 0.710938 0.294922 0.707031
0 0.271484 0.751302 0.270508 0.752604 0.267578 0.752604 0.266602 0.753906 0.263672 0.753906 0.262695 0.755208 0.261719 0.755208 0.260742 0.756510 0.257812 0.757812 0.253906 0.763021 0.253906 0.764323 0.251953 0.766927 0.250977 0.770833 0.249023 0.773438 0.249023 0.774740 0.247070 0.778646 0.247070 0.781250 0.257812 0.795573 0.257812 0.796875 0.259766 0.799479 0.261719 0.796875 0.262695 0.796875 0.265625 0.794271 0.267578 0.794271 0.270508 0.791667 0.272461 0.791667 0.273438 0.790365 0.276367 0.789062 0.277344 0.787760 0.277344 0.786458 0.279297 0.783854 0.279297 0.781250 0.280273 0.779948 0.280273 0.776042 0.279297 0.774740 0.278320 0.770833 0.275391 0.766927 0.275391 0.765625 0.274414 0.764323 0.273438 0.760417 0.271484 0.757812 0.271484 0.755208 0.272461 0.753906 0.272461 0.752604
0 0.302734 0.748698 0.293945 0.748698 0.293945 0.750000 0.290039 0.755208 0.289062 0.759115 0.286133 0.763021 0.286133 0.764323 0.285156 0.765625 0.285156 0.768229 0.284180 0.769531 0.284180 0.773438 0.283203 0.774740 0.283203 0.783854 0.286133 0.783854 0.288086 0.786458 0.288086 0.789062 0.289062 0.790365 0.289062 0.791667 0.291016 0.794271 0.291992 0.794271 0.292969 0.795573 0.296875 0.795573 0.297852 0.794271 0.298828 0.794271 0.300781 0.791667 0.303711 0.790365 0.308594 0.783854 0.308594 0.782552 0.311523 0.778646 0.311523 0.777344 0.312500 0.776042 0.312500 0.773438 0.313477 0.772135 0.313477 0.769531 0.314453 0.768229 0.314453 0.766927 0.313477 0.765625 0.313477 0.763021 0.312500 0.761719 0.312500 0.760417 0.309570 0.756510 0.309570 0.755208 0.306641 0.751302 0.305664 0.751302
0 0.298828 0.710938 0.295898 0.714844 0.295898 0.716146 0.293945 0.718750 0.293945 0.721354 0.291992 0.723958 0.291992 0.725260 0.291016 0.726562 0.291016 0.729167 0.290039 0.730469 0.290039 0.731771 0.291016 0.733073 0.291016 0.735677 0.291992 0.736979 0.291992 0.738281 0.294922 0.742188 0.294922 0.743490 0.295898 0.743490 0.296875 0.744792 0.299805 0.744792 0.300781 0.746094 0.305664 0.746094 0.306641 0.747396 0.308594 0.747396 0.309570 0.748698 0.313477 0.748698 0.317383 0.742188 0.317383 0.740885 0.319336 0.736979 0.319336 0.734375 0.320312 0.733073 0.320312 0.729167 0.321289 0.727865 0.321289 0.722656 0.320312 0.721354 0.320312 0.717448 0.321289 0.716146 0.317383 0.716146 0.316406 0.714844 0.314453 0.714844 0.312500 0.712240 0.310547 0.712240 0.309570 0.710938 0.306641 0.710938 0.305664 0.709635 0.301758 0.709635 0.300781 0.710938
0 0.223633 0.587240 0.220703 0.591146 0.220703 0.593750 0.219727 0.595052 0.219727 0.601562 0.220703 0.602865 0.220703 0.606771 0.221680 0.608073 0.221680 0.609375 0.222656 0.610677 0.222656 0.613281 0.224609 0.615885 0.224609 0.617188 0.225586 0.617188 0.226562 0.618490 0.229492 0.618490 0.230469 0.619792 0.233398 0.619792 0.234375 0.621094 0.240234 0.621094 0.243164 0.617188 0.243164 0.613281 0.244141 0.611979 0.244141 0.606771 0.243164 0.605469 0.243164 0.604167 0.242188 0.602865 0.242188 0.601562 0.238281 0.596354 0.238281 0.595052 0.237305 0.593750 0.237305 0.591146 0.236328 0.589844 0.236328 0.588542 0.235352 0.587240 0.234375 0.587240 0.233398 0.585938 0.225586 0.585938 0.224609 0.587240
0 0.279297 0.591146 0.278320 0.591146 0.275391 0.588542 0.273438 0.588542 0.270508 0.585938 0.269531 0.585938 0.268555 0.587240 0.264648 0.587240 0.263672 0.588542 0.260742 0.588542 0.259766 0.589844 0.256836 0.591146 0.253906 0.595052 0.252930 0.595052 0.248047 0.600260 0.248047 0.601562 0.246094 0.605469 0.246094 0.608073 0.245117 0.609375 0.245117 0.615885 0.246094 0.617188 0.246094 0.618490 0.247070 0.618490 0.248047 0.619792 0.249023 0.623698 0.250977 0.626302 0.253906 0.627604 0.255859 0.630208 0.265625 0.630208 0.266602 0.628906 0.268555 0.628906 0.269531 0.627604 0.272461 0.626302 0.274414 0.623698 0.275391 0.619792 0.277344 0.617188 0.278320 0.617188 0.279297 0.615885 0.279297 0.611979 0.281250 0.609375 0.281250 0.608073 0.284180 0.601562 0.284180 0.600260 0.282227 0.597656 0.281250 0.593750
0 0.248047 0.626302 0.248047 0.627604 0.247070 0.628906 0.247070 0.630208 0.246094 0.631510 0.246094 0.632812 0.247070 0.634115 0.247070 0.640625 0.248047 0.641927 0.248047 0.644531 0.250000 0.647135 0.250000 0.648438 0.250977 0.648438 0.253906 0.652344 0.253906 0.653646 0.254883 0.654948 0.255859 0.654948 0.256836 0.656250 0.260742 0.656250 0.261719 0.654948 0.263672 0.654948 0.265625 0.652344 0.266602 0.652344 0.270508 0.647135 0.270508 0.644531 0.271484 0.643229 0.271484 0.639323 0.272461 0.638021 0.272461 0.635417 0.273438 0.634115 0.273438 0.628906 0.272461 0.628906 0.271484 0.627604 0.270508 0.628906 0.268555 0.628906 0.266602 0.631510 0.257812 0.631510 0.253906 0.626302 0.252930 0.626302 0.251953 0.625000 0.250000 0.625000 0.249023 0.626302
0 0.278320 0.622396 0.278320 0.623698 0.275391 0.627604 0.275391 0.628906 0.274414 0.630208 0.274414 0.635417 0.273438 0.636719 0.273438 0.647135 0.277344 0.652344 0.278320 0.652344 0.281250 0.654948 0.284180 0.654948 0.285156 0.656250 0.293945 0.656250 0.295898 0.653646 0.295898 0.652344 0.298828 0.648438 0.298828 0.647135 0.300781 0.643229 0.300781 0.636719 0.299805 0.635417 0.299805 0.630208 0.294922 0.623698 0.293945 0.623698 0.291016 0.621094 0.288086 0.621094 0.287109 0.619792 0.283203 0.619792 0.282227 0.621094 0.280273 0.621094 0.279297 0.622396
0 0.296875 0.575521 0.293945 0.578125 0.293945 0.579427 0.291016 0.583333 0.291016 0.584635 0.289062 0.588542 0.289062 0.592448 0.288086 0.593750 0.288086 0.597656 0.289062 0.598958 0.289062 0.601562 0.290039 0.602865 0.290039 0.605469 0.291016 0.606771 0.291016 0.608073 0.293945 0.611979 0.294922 0.611979 0.295898 0.613281 0.298828 0.613281 0.299805 0.614583 0.302734 0.614583 0.303711 0.615885 0.308594 0.615885 0.314453 0.608073 0.314453 0.605469 0.315430 0.604167 0.315430 0.601562 0.316406 0.600260 0.316406 0.589844 0.315430 0.588542 0.315430 0.587240 0.314453 0.585938 0.314453 0.584635 0.313477 0.583333 0.313477 0.582031 0.312500 0.582031 0.310547 0.579427 0.309570 0.579427 0.308594 0.578125 0.306641 0.578125 0.305664 0.576823 0.302734 0.576823 0.301758 0.575521
0 0.243164 0.546875 0.241211 0.546875 0.240234 0.545573 0.235352 0.545573 0.234375 0.546875 0.226562 0.546875 0.223633 0.550781 0.222656 0.550781 0.219727 0.554688 0.219727 0.558594 0.218750 0.559896 0.218750 0.569010 0.219727 0.570312 0.219727 0.574219 0.220703 0.575521 0.220703 0.576823 0.222656 0.580729 0.222656 0.583333 0.223633 0.584635 0.231445 0.584635 0.234375 0.582031 0.234375 0.578125 0.235352 0.576823 0.235352 0.574219 0.236328 0.572917 0.236328 0.570312 0.237305 0.569010 0.237305 0.567708 0.238281 0.566406 0.238281 0.565104 0.240234 0.562500 0.240234 0.561198 0.242188 0.557292 0.242188 0.554688 0.243164 0.553385
0 0.236328 0.572917 0.236328 0.578125 0.237305 0.579427 0.239258 0.579427 0.240234 0.580729 0.241211 0.580729 0.244141 0.583333 0.248047 0.583333 0.249023 0.584635 0.251953 0.584635 0.252930 0.585938 0.259766 0.585938 0.260742 0.584635 0.262695 0.584635 0.263672 0.583333 0.265625 0.583333 0.266602 0.582031 0.267578 0.582031 0.267578 0.580729 0.268555 0.579427 0.268555 0.574219 0.269531 0.572917 0.269531 0.570312 0.267578 0.567708 0.267578 0.558594 0.262695 0.552083 0.261719 0.552083 0.260742 0.550781 0.259766 0.550781 0.256836 0.548177 0.254883 0.548177 0.253906 0.546875 0.250000 0.546875 0.248047 0.549479 0.247070 0.549479 0.245117 0.552083 0.245117 0.553385 0.242188 0.557292 0.242188 0.558594 0.241211 0.559896 0.241211 0.561198 0.239258 0.563802 0.239258 0.565104 0.237305 0.569010 0.237305 0.571615
0 0.303711 0.542969 0.301758 0.540365 0.298828 0.540365 0.296875 0.537760 0.296875 0.536458 0.293945 0.532552 0.292969 0.532552 0.291992 0.531250 0.284180 0.531250 0.283203 0.532552 0.282227 0.532552 0.280273 0.535156 0.279297 0.535156 0.275391 0.540365 0.275391 0.541667 0.274414 0.542969 0.274414 0.544271 0.273438 0.545573 0.273438 0.546875 0.271484 0.550781 0.271484 0.553385 0.270508 0.554688 0.270508 0.559896 0.269531 0.561198 0.269531 0.565104 0.274414 0.571615 0.275391 0.571615 0.276367 0.572917 0.281250 0.572917 0.282227 0.571615 0.284180 0.571615 0.285156 0.570312 0.287109 0.570312 0.288086 0.569010 0.290039 0.569010 0.291016 0.567708 0.292969 0.567708 0.293945 0.566406 0.294922 0.566406 0.296875 0.563802 0.296875 0.562500 0.297852 0.561198 0.297852 0.559896 0.298828 0.558594 0.298828 0.557292 0.299805 0.555990 0.300781 0.552083 0.302734 0.549479 0.302734 0.546875 0.303711 0.545573
0 0.264648 0.492188 0.264648 0.493490 0.263672 0.494792 0.263672 0.497396 0.262695 0.498698 0.262695 0.502604 0.260742 0.505208 0.260742 0.506510 0.255859 0.513021 0.255859 0.518229 0.257812 0.522135 0.258789 0.522135 0.259766 0.523438 0.266602 0.523438 0.267578 0.524740 0.269531 0.524740 0.270508 0.526042 0.284180 0.526042 0.285156 0.524740 0.286133 0.524740 0.288086 0.522135 0.288086 0.520833 0.293945 0.513021 0.293945 0.498698 0.294922 0.497396 0.294922 0.496094 0.292969 0.492188 0.289062 0.492188 0.288086 0.490885 0.266602 0.490885 0.265625 0.492188
0 0.301758 0.494792 0.301758 0.496094 0.299805 0.498698 0.299805 0.510417 0.300781 0.511719 0.300781 0.514323 0.303711 0.518229 0.303711 0.519531 0.304688 0.520833 0.305664 0.520833 0.306641 0.522135 0.307617 0.522135 0.308594 0.523438 0.309570 0.523438 0.312500 0.526042 0.318359 0.526042 0.319336 0.524740 0.320312 0.524740 0.322266 0.522135 0.325195 0.522135 0.326172 0.520833 0.326172 0.519531 0.327148 0.518229 0.327148 0.514323 0.326172 0.513021 0.327148 0.511719 0.327148 0.509115 0.328125 0.507812 0.328125 0.501302 0.326172 0.497396 0.325195 0.497396 0.324219 0.496094 0.321289 0.496094 0.320312 0.494792 0.309570 0.494792 0.308594 0.493490 0.303711 0.493490 0.302734 0.494792
0 0.336914 0.496094 0.335938 0.497396 0.334961 0.497396 0.332031 0.501302 0.332031 0.503906 0.331055 0.505208 0.331055 0.509115 0.330078 0.510417 0.330078 0.514323 0.329102 0.515625 0.329102 0.523438 0.328125 0.524740 0.328125 0.528646 0.331055 0.532552 0.332031 0.532552 0.333008 0.533854 0.333984 0.533854 0.336914 0.536458 0.343750 0.536458 0.344727 0.535156 0.346680 0.535156 0.347656 0.533854 0.349609 0.533854 0.354492 0.528646 0.354492 0.527344 0.355469 0.526042 0.355469 0.523438 0.356445 0.522135 0.356445 0.519531 0.357422 0.518229 0.357422 0.514323 0.358398 0.513021 0.358398 0.506510 0.357422 0.506510 0.356445 0.505208 0.355469 0.505208 0.349609 0.497396 0.346680 0.497396 0.345703 0.496094
0 0.358398 0.531250 0.355469 0.535156 0.355469 0.540365 0.354492 0.541667 0.354492 0.544271 0.355469 0.545573 0.355469 0.550781 0.356445 0.552083 0.356445 0.553385 0.358398 0.555990 0.359375 0.555990 0.362305 0.559896 0.362305 0.561198 0.363281 0.562500 0.376953 0.562500 0.377930 0.561198 0.378906 0.561198 0.381836 0.557292 0.382812 0.557292 0.382812 0.555990 0.384766 0.553385 0.384766 0.546875 0.383789 0.545573 0.383789 0.541667 0.382812 0.540365 0.382812 0.539062 0.377930 0.532552 0.377930 0.531250 0.375000 0.527344 0.374023 0.527344 0.373047 0.526042 0.368164 0.526042 0.367188 0.527344 0.364258 0.527344 0.363281 0.528646 0.362305 0.528646 0.361328 0.529948 0.360352 0.529948 0.359375 0.531250
0 0.374023 0.489583 0.373047 0.490885 0.372070 0.490885 0.370117 0.493490 0.369141 0.493490 0.364258 0.500000 0.364258 0.501302 0.363281 0.502604 0.363281 0.510417 0.364258 0.511719 0.364258 0.513021 0.365234 0.514323 0.365234 0.515625 0.367188 0.518229 0.367188 0.519531 0.370117 0.523438 0.372070 0.523438 0.373047 0.524740 0.377930 0.524740 0.378906 0.523438 0.379883 0.523438 0.380859 0.522135 0.381836 0.522135 0.386719 0.515625 0.387695 0.515625 0.388672 0.514323 0.388672 0.513021 0.389648 0.511719 0.389648 0.510417 0.390625 0.509115 0.390625 0.501302 0.384766 0.493490 0.383789 0.493490 0.381836 0.490885 0.380859 0.490885 0.379883 0.489583
0 0.348633 0.454427 0.346680 0.457031 0.346680 0.460938 0.345703 0.462240 0.345703 0.466146 0.344727 0.467448 0.344727 0.476562 0.345703 0.477865 0.345703 0.479167 0.348633 0.483073 0.349609 0.483073 0.350586 0.484375 0.351562 0.484375 0.354492 0.486979 0.356445 0.486979 0.357422 0.488281 0.361328 0.488281 0.362305 0.486979 0.364258 0.486979 0.365234 0.485677 0.366211 0.485677 0.367188 0.484375 0.368164 0.484375 0.369141 0.483073 0.369141 0.481771 0.370117 0.480469 0.370117 0.479167 0.369141 0.477865 0.369141 0.470052 0.368164 0.468750 0.368164 0.463542 0.367188 0.462240 0.367188 0.457031 0.366211 0.455729 0.366211 0.454427 0.365234 0.453125 0.363281 0.453125 0.362305 0.451823 0.356445 0.451823 0.353516 0.454427
0 0.303711 0.457031 0.300781 0.460938 0.300781 0.462240 0.298828 0.466146 0.298828 0.480469 0.299805 0.481771 0.299805 0.486979 0.302734 0.490885 0.304688 0.490885 0.305664 0.492188 0.323242 0.492188 0.324219 0.490885 0.325195 0.490885 0.328125 0.486979 0.328125 0.459635 0.327148 0.459635 0.324219 0.457031 0.322266 0.457031 0.321289 0.455729 0.317383 0.455729 0.316406 0.454427 0.307617 0.454427 0.306641 0.455729
0 0.260742 0.414062 0.258789 0.417969 0.258789 0.420573 0.257812 0.421875 0.257812 0.424479 0.256836 0.425781 0.256836 0.432292 0.259766 0.436198 0.259766 0.437500 0.261719 0.440104 0.261719 0.441406 0.262695 0.442708 0.262695 0.444010 0.263672 0.444010 0.266602 0.446615 0.268555 0.446615 0.269531 0.447917 0.272461 0.447917 0.273438 0.449219 0.276367 0.449219 0.277344 0.447917 0.278320 0.447917 0.280273 0.445312 0.280273 0.444010 0.282227 0.441406 0.282227 0.440104 0.283203 0.438802 0.283203 0.436198 0.284180 0.434896 0.284180 0.432292 0.285156 0.430990 0.285156 0.425781 0.286133 0.424479 0.285156 0.423177 0.285156 0.421875 0.284180 0.420573 0.283203 0.420573 0.281250 0.417969 0.280273 0.417969 0.277344 0.415365 0.274414 0.415365 0.273438 0.414062 0.271484 0.414062 0.270508 0.412760 0.262695 0.412760 0.261719 0.414062
0 0.299805 0.427083 0.293945 0.427083 0.292969 0.428385 0.290039 0.428385 0.289062 0.429688 0.288086 0.429688 0.285156 0.433594 0.285156 0.436198 0.284180 0.437500 0.284180 0.442708 0.283203 0.444010 0.283203 0.450521 0.282227 0.451823 0.282227 0.455729 0.283203 0.457031 0.283203 0.459635 0.284180 0.460938 0.285156 0.460938 0.288086 0.464844 0.289062 0.464844 0.290039 0.466146 0.292969 0.466146 0.293945 0.467448 0.294922 0.467448 0.295898 0.466146 0.297852 0.466146 0.297852 0.464844 0.298828 0.463542 0.298828 0.462240 0.300781 0.459635 0.300781 0.458333 0.303711 0.454427 0.304688 0.454427 0.305664 0.453125 0.308594 0.453125 0.310547 0.450521 0.310547 0.441406 0.311523 0.440104 0.311523 0.438802 0.310547 0.437500 0.310547 0.434896 0.309570 0.434896 0.307617 0.432292 0.306641 0.432292 0.304688 0.429688 0.302734 0.429688
0 0.344727 0.419271 0.337891 0.419271 0.336914 0.420573 0.330078 0.420573 0.329102 0.421875 0.326172 0.421875 0.325195 0.423177 0.323242 0.423177 0.321289 0.425781 0.321289 0.427083 0.319336 0.430990 0.319336 0.436198 0.320312 0.437500 0.320312 0.438802 0.323242 0.442708 0.323242 0.445312 0.324219 0.446615 0.324219 0.447917 0.325195 0.449219 0.325195 0.450521 0.329102 0.455729 0.335938 0.455729 0.336914 0.454427 0.339844 0.454427 0.340820 0.453125 0.344727 0.453125 0.346680 0.450521 0.346680 0.449219 0.347656 0.447917 0.347656 0.442708 0.348633 0.441406 0.348633 0.429688 0.347656 0.428385 0.347656 0.425781 0.346680 0.424479 0.346680 0.423177
0 0.343750 0.380208 0.342773 0.381510 0.341797 0.381510 0.338867 0.384115 0.336914 0.384115 0.332031 0.389323 0.332031 0.390625 0.331055 0.391927 0.331055 0.393229 0.329102 0.397135 0.329102 0.401042 0.330078 0.402344 0.330078 0.403646 0.333008 0.407552 0.333984 0.407552 0.336914 0.411458 0.337891 0.411458 0.339844 0.414062 0.340820 0.414062 0.341797 0.415365 0.344727 0.416667 0.346680 0.419271 0.348633 0.419271 0.349609 0.420573 0.352539 0.420573 0.353516 0.419271 0.356445 0.417969 0.360352 0.412760 0.360352 0.411458 0.362305 0.408854 0.362305 0.407552 0.363281 0.406250 0.363281 0.393229 0.361328 0.389323 0.360352 0.389323 0.359375 0.388021 0.357422 0.388021 0.356445 0.386719 0.355469 0.386719 0.354492 0.385417 0.353516 0.385417 0.352539 0.384115 0.351562 0.384115 0.350586 0.382812 0.349609 0.382812 0.346680 0.380208
0 0.334961 0.354167 0.333984 0.354167 0.333008 0.352865 0.326172 0.352865 0.325195 0.354167 0.322266 0.354167 0.315430 0.363281 0.314453 0.363281 0.311523 0.365885 0.311523 0.373698 0.312500 0.375000 0.312500 0.381510 0.313477 0.382812 0.313477 0.384115 0.315430 0.386719 0.316406 0.386719 0.319336 0.389323 0.323242 0.389323 0.324219 0.388021 0.328125 0.388021 0.329102 0.386719 0.333008 0.386719 0.333984 0.385417 0.334961 0.385417 0.335938 0.384115 0.336914 0.384115 0.337891 0.382812 0.338867 0.382812 0.339844 0.381510 0.340820 0.381510 0.342773 0.378906 0.342773 0.371094 0.341797 0.369792 0.341797 0.367188 0.340820 0.365885 0.340820 0.363281 0.339844 0.361979 0.339844 0.360677 0.338867 0.360677 0.336914 0.358073 0.336914 0.356771
0 0.355469 0.321615 0.354492 0.322917 0.353516 0.322917 0.352539 0.324219 0.350586 0.324219 0.349609 0.325521 0.348633 0.325521 0.347656 0.326823 0.346680 0.326823 0.344727 0.329427 0.343750 0.329427 0.342773 0.330729 0.341797 0.330729 0.341797 0.346354 0.342773 0.347656 0.342773 0.350260 0.344727 0.354167 0.345703 0.354167 0.347656 0.356771 0.349609 0.356771 0.352539 0.360677 0.354492 0.360677 0.355469 0.361979 0.358398 0.361979 0.359375 0.360677 0.360352 0.360677 0.361328 0.359375 0.362305 0.359375 0.363281 0.358073 0.363281 0.356771 0.366211 0.352865 0.367188 0.352865 0.369141 0.350260 0.370117 0.350260 0.372070 0.347656 0.372070 0.346354 0.373047 0.345052 0.373047 0.339844 0.372070 0.338542 0.372070 0.337240 0.371094 0.335938 0.371094 0.334635 0.369141 0.332031 0.369141 0.330729 0.367188 0.328125 0.366211 0.328125 0.365234 0.326823 0.364258 0.326823 0.363281 0.325521 0.362305 0.325521 0.361328 0.324219 0.360352 0.324219 0.357422 0.321615
0 0.388672 0.294271 0.386719 0.294271 0.385742 0.295573 0.383789 0.295573 0.382812 0.296875 0.380859 0.296875 0.375977 0.300781 0.373047 0.300781 0.372070 0.302083 0.369141 0.302083 0.368164 0.303385 0.366211 0.303385 0.365234 0.304688 0.365234 0.313802 0.366211 0.315104 0.366211 0.321615 0.367188 0.322917 0.367188 0.325521 0.368164 0.326823 0.368164 0.328125 0.376953 0.338542 0.380859 0.338542 0.382812 0.335938 0.387695 0.335938 0.388672 0.334635 0.396484 0.334635 0.397461 0.333333 0.398438 0.333333 0.398438 0.332031 0.399414 0.330729 0.399414 0.328125 0.398438 0.326823 0.398438 0.322917 0.396484 0.319010 0.396484 0.315104 0.395508 0.313802 0.395508 0.307292 0.394531 0.305990 0.394531 0.304688 0.391602 0.300781 0.391602 0.299479 0.389648 0.296875 0.389648 0.295573
0 0.382812 0.338542 0.381836 0.339844 0.381836 0.341146 0.380859 0.342448 0.380859 0.345052 0.379883 0.346354 0.380859 0.347656 0.380859 0.351562 0.381836 0.352865 0.381836 0.355469 0.382812 0.356771 0.382812 0.358073 0.384766 0.360677 0.384766 0.361979 0.387695 0.365885 0.388672 0.365885 0.391602 0.369792 0.400391 0.369792 0.401367 0.368490 0.403320 0.368490 0.406250 0.364583 0.406250 0.363281 0.408203 0.359375 0.408203 0.355469 0.409180 0.354167 0.409180 0.348958 0.408203 0.347656 0.408203 0.345052 0.407227 0.343750 0.407227 0.341146 0.406250 0.339844 0.406250 0.338542 0.404297 0.335938 0.394531 0.335938 0.393555 0.337240 0.388672 0.337240 0.387695 0.338542
0 0.373047 0.355469 0.372070 0.356771 0.370117 0.356771 0.369141 0.358073 0.368164 0.358073 0.366211 0.360677 0.366211 0.361979 0.365234 0.363281 0.364258 0.363281 0.362305 0.365885 0.362305 0.367188 0.360352 0.369792 0.360352 0.375000 0.359375 0.376302 0.360352 0.377604 0.360352 0.378906 0.361328 0.380208 0.361328 0.381510 0.363281 0.384115 0.364258 0.384115 0.366211 0.386719 0.366211 0.388021 0.369141 0.391927 0.370117 0.391927 0.372070 0.394531 0.375000 0.394531 0.375977 0.395833 0.376953 0.394531 0.376953 0.391927 0.381836 0.385417 0.381836 0.380208 0.380859 0.378906 0.380859 0.377604 0.379883 0.376302 0.379883 0.371094 0.378906 0.369792 0.378906 0.367188 0.377930 0.365885 0.377930 0.363281 0.376953 0.361979 0.376953 0.359375 0.375000 0.356771 0.374023 0.356771
0 0.381836 0.386719 0.381836 0.388021 0.380859 0.389323 0.380859 0.390625 0.379883 0.391927 0.379883 0.393229 0.377930 0.397135 0.377930 0.406250 0.378906 0.407552 0.378906 0.408854 0.383789 0.415365 0.383789 0.416667 0.387695 0.421875 0.387695 0.423177 0.388672 0.424479 0.390625 0.424479 0.391602 0.425781 0.398438 0.425781 0.399414 0.424479 0.401367 0.424479 0.404297 0.421875 0.406250 0.421875 0.408203 0.419271 0.408203 0.404948 0.409180 0.403646 0.409180 0.398438 0.408203 0.397135 0.408203 0.394531 0.407227 0.393229 0.407227 0.391927 0.405273 0.389323 0.405273 0.388021 0.402344 0.384115 0.398438 0.384115 0.397461 0.382812 0.391602 0.382812 0.390625 0.384115 0.387695 0.384115 0.386719 0.385417 0.383789 0.385417 0.382812 0.386719
0 0.415039 0.360677 0.413086 0.363281 0.411133 0.363281 0.409180 0.365885 0.408203 0.365885 0.406250 0.368490 0.406250 0.369792 0.404297 0.373698 0.404297 0.385417 0.405273 0.386719 0.405273 0.388021 0.409180 0.393229 0.409180 0.395833 0.411133 0.398438 0.415039 0.398438 0.416016 0.399740 0.417969 0.399740 0.418945 0.401042 0.419922 0.401042 0.420898 0.399740 0.422852 0.399740 0.423828 0.398438 0.425781 0.398438 0.426758 0.397135 0.427734 0.397135 0.431641 0.391927 0.431641 0.390625 0.433594 0.386719 0.433594 0.381510 0.432617 0.380208 0.432617 0.378906 0.431641 0.377604 0.431641 0.376302 0.430664 0.375000 0.430664 0.373698 0.429688 0.372396 0.429688 0.371094 0.424805 0.364583 0.423828 0.364583 0.421875 0.361979 0.420898 0.361979 0.419922 0.360677
0 0.370117 0.408854 0.369141 0.410156 0.367188 0.410156 0.366211 0.411458 0.365234 0.411458 0.364258 0.412760 0.363281 0.412760 0.362305 0.414062 0.362305 0.415365 0.360352 0.417969 0.360352 0.423177 0.359375 0.424479 0.359375 0.430990 0.360352 0.432292 0.360352 0.434896 0.361328 0.436198 0.361328 0.438802 0.363281 0.441406 0.363281 0.442708 0.365234 0.446615 0.367188 0.446615 0.368164 0.447917 0.374023 0.447917 0.375000 0.446615 0.376953 0.446615 0.377930 0.445312 0.378906 0.445312 0.379883 0.444010 0.380859 0.444010 0.382812 0.441406 0.383789 0.441406 0.385742 0.438802 0.385742 0.433594 0.386719 0.432292 0.386719 0.424479 0.385742 0.423177 0.385742 0.421875 0.384766 0.420573 0.384766 0.419271 0.383789 0.417969 0.383789 0.416667 0.380859 0.412760 0.379883 0.412760 0.376953 0.408854
0 0.387695 0.440104 0.386719 0.441406 0.385742 0.441406 0.384766 0.442708 0.383789 0.442708 0.381836 0.445312 0.380859 0.445312 0.379883 0.446615 0.378906 0.446615 0.375977 0.450521 0.375977 0.453125 0.375000 0.454427 0.375000 0.464844 0.375977 0.466146 0.375977 0.467448 0.376953 0.468750 0.376953 0.470052 0.385742 0.481771 0.392578 0.481771 0.395508 0.477865 0.396484 0.477865 0.402344 0.470052 0.402344 0.468750 0.403320 0.467448 0.403320 0.460938 0.401367 0.457031 0.401367 0.454427 0.400391 0.453125 0.400391 0.451823 0.399414 0.450521 0.399414 0.449219 0.398438 0.449219 0.396484 0.446615 0.395508 0.446615 0.393555 0.444010 0.392578 0.444010 0.390625 0.441406 0.389648 0.441406 0.388672 0.440104
0 0.407227 0.436198 0.403320 0.441406 0.403320 0.442708 0.402344 0.444010 0.402344 0.447917 0.401367 0.449219 0.401367 0.450521 0.402344 0.451823 0.402344 0.455729 0.403320 0.457031 0.403320 0.459635 0.404297 0.460938 0.404297 0.464844 0.406250 0.467448 0.408203 0.467448 0.409180 0.468750 0.410156 0.468750 0.411133 0.470052 0.413086 0.470052 0.414062 0.471354 0.423828 0.471354 0.424805 0.470052 0.424805 0.467448 0.425781 0.466146 0.425781 0.464844 0.424805 0.463542 0.424805 0.457031 0.423828 0.455729 0.423828 0.454427 0.424805 0.453125 0.424805 0.449219 0.425781 0.447917 0.425781 0.438802 0.423828 0.436198 0.421875 0.436198 0.420898 0.434896 0.410156 0.434896 0.409180 0.436198
0 0.431641 0.440104 0.426758 0.446615 0.426758 0.447917 0.425781 0.449219 0.425781 0.451823 0.424805 0.453125 0.424805 0.457031 0.425781 0.458333 0.425781 0.470052 0.432617 0.479167 0.433594 0.479167 0.434570 0.480469 0.436523 0.480469 0.437500 0.481771 0.439453 0.481771 0.440430 0.483073 0.446289 0.483073 0.448242 0.480469 0.451172 0.479167 0.454102 0.475260 0.454102 0.468750 0.455078 0.467448 0.455078 0.464844 0.454102 0.463542 0.454102 0.458333 0.453125 0.457031 0.453125 0.454427 0.451172 0.450521 0.451172 0.446615 0.450195 0.445312 0.450195 0.444010 0.447266 0.440104 0.441406 0.440104 0.440430 0.438802 0.435547 0.438802 0.434570 0.440104
0 0.434570 0.489583 0.430664 0.494792 0.430664 0.496094 0.429688 0.497396 0.429688 0.514323 0.430664 0.515625 0.430664 0.519531 0.432617 0.522135 0.434570 0.522135 0.435547 0.523438 0.452148 0.523438 0.453125 0.522135 0.455078 0.522135 0.456055 0.520833 0.456055 0.519531 0.457031 0.518229 0.457031 0.511719 0.453125 0.506510 0.453125 0.505208 0.451172 0.502604 0.451172 0.501302 0.446289 0.494792 0.445312 0.494792 0.444336 0.493490 0.441406 0.493490 0.439453 0.490885 0.437500 0.490885 0.436523 0.489583
0 0.457031 0.475260 0.456055 0.476562 0.455078 0.476562 0.453125 0.479167 0.452148 0.479167 0.447266 0.485677 0.447266 0.494792 0.450195 0.498698 0.450195 0.500000 0.452148 0.502604 0.452148 0.503906 0.457031 0.510417 0.457031 0.511719 0.458984 0.514323 0.459961 0.514323 0.460938 0.515625 0.467773 0.515625 0.469727 0.513021 0.470703 0.513021 0.474609 0.507812 0.475586 0.507812 0.480469 0.501302 0.480469 0.490885 0.479492 0.489583 0.478516 0.485677 0.476562 0.483073 0.476562 0.481771 0.472656 0.475260 0.471680 0.475260 0.470703 0.473958 0.467773 0.473958 0.466797 0.475260 0.464844 0.475260 0.463867 0.473958 0.461914 0.473958 0.460938 0.475260
0 0.402344 0.509115 0.401367 0.510417 0.400391 0.510417 0.399414 0.511719 0.399414 0.513021 0.397461 0.515625 0.397461 0.516927 0.396484 0.518229 0.396484 0.519531 0.394531 0.523438 0.394531 0.526042 0.393555 0.527344 0.393555 0.532552 0.394531 0.533854 0.394531 0.535156 0.396484 0.537760 0.397461 0.537760 0.398438 0.539062 0.398438 0.540365 0.399414 0.541667 0.399414 0.542969 0.400391 0.544271 0.401367 0.548177 0.404297 0.552083 0.405273 0.552083 0.406250 0.553385 0.414062 0.553385 0.416992 0.550781 0.416992 0.545573 0.417969 0.544271 0.417969 0.541667 0.418945 0.540365 0.418945 0.539062 0.420898 0.536458 0.420898 0.535156 0.425781 0.528646 0.425781 0.527344 0.424805 0.526042 0.424805 0.523438 0.417969 0.514323 0.416992 0.514323 0.415039 0.511719 0.414062 0.511719 0.411133 0.509115
0 0.428711 0.527344 0.427734 0.528646 0.426758 0.528646 0.418945 0.539062 0.418945 0.541667 0.417969 0.542969 0.417969 0.552083 0.419922 0.554688 0.419922 0.555990 0.420898 0.555990 0.421875 0.557292 0.422852 0.557292 0.426758 0.562500 0.427734 0.562500 0.428711 0.563802 0.430664 0.563802 0.431641 0.565104 0.435547 0.565104 0.436523 0.563802 0.437500 0.563802 0.438477 0.562500 0.439453 0.562500 0.445312 0.554688 0.445312 0.553385 0.446289 0.552083 0.446289 0.537760 0.444336 0.533854 0.443359 0.533854 0.441406 0.531250 0.440430 0.531250 0.439453 0.529948 0.437500 0.529948 0.436523 0.528646 0.434570 0.528646 0.433594 0.527344
0 0.466797 0.522135 0.463867 0.522135 0.462891 0.523438 0.458008 0.523438 0.457031 0.524740 0.455078 0.524740 0.451172 0.529948 0.450195 0.529948 0.449219 0.531250 0.449219 0.532552 0.448242 0.533854 0.448242 0.536458 0.447266 0.537760 0.447266 0.539062 0.448242 0.540365 0.448242 0.545573 0.449219 0.546875 0.449219 0.557292 0.451172 0.559896 0.454102 0.561198 0.456055 0.563802 0.457031 0.563802 0.458008 0.565104 0.458984 0.565104 0.461914 0.567708 0.465820 0.567708 0.466797 0.566406 0.467773 0.566406 0.469727 0.563802 0.469727 0.562500 0.471680 0.558594 0.471680 0.554688 0.472656 0.553385 0.472656 0.535156 0.473633 0.533854 0.472656 0.532552 0.472656 0.527344 0.469727 0.523438 0.467773 0.523438
0 0.387695 0.553385 0.386719 0.554688 0.385742 0.554688 0.380859 0.561198 0.379883 0.561198 0.376953 0.563802 0.374023 0.563802 0.373047 0.565104 0.372070 0.565104 0.370117 0.569010 0.370117 0.574219 0.371094 0.575521 0.371094 0.576823 0.375000 0.582031 0.375000 0.583333 0.375977 0.583333 0.377930 0.585938 0.378906 0.585938 0.382812 0.591146 0.382812 0.592448 0.383789 0.593750 0.384766 0.593750 0.385742 0.595052 0.390625 0.595052 0.391602 0.593750 0.393555 0.593750 0.394531 0.592448 0.395508 0.592448 0.396484 0.591146 0.397461 0.591146 0.397461 0.588542 0.398438 0.587240 0.398438 0.578125 0.397461 0.576823 0.397461 0.574219 0.398438 0.572917 0.398438 0.563802 0.396484 0.561198 0.396484 0.559896 0.393555 0.555990 0.393555 0.554688 0.392578 0.553385
0 0.409180 0.557292 0.408203 0.558594 0.407227 0.558594 0.401367 0.566406 0.401367 0.567708 0.399414 0.570312 0.399414 0.576823 0.400391 0.578125 0.400391 0.580729 0.401367 0.582031 0.401367 0.584635 0.402344 0.585938 0.402344 0.587240 0.404297 0.591146 0.404297 0.593750 0.408203 0.598958 0.408203 0.600260 0.410156 0.602865 0.411133 0.602865 0.412109 0.604167 0.416016 0.604167 0.418945 0.600260 0.418945 0.598958 0.420898 0.596354 0.420898 0.595052 0.423828 0.591146 0.423828 0.587240 0.424805 0.585938 0.424805 0.576823 0.425781 0.575521 0.425781 0.571615 0.426758 0.570312 0.426758 0.566406 0.425781 0.565104 0.425781 0.563802 0.423828 0.561198 0.421875 0.561198 0.420898 0.559896 0.418945 0.559896 0.416992 0.557292
0 0.436523 0.569010 0.436523 0.570312 0.433594 0.574219 0.433594 0.575521 0.431641 0.579427 0.431641 0.583333 0.430664 0.584635 0.431641 0.585938 0.431641 0.591146 0.432617 0.592448 0.432617 0.593750 0.433594 0.595052 0.433594 0.596354 0.434570 0.597656 0.435547 0.597656 0.438477 0.600260 0.441406 0.600260 0.442383 0.601562 0.454102 0.601562 0.460938 0.592448 0.460938 0.591146 0.461914 0.589844 0.461914 0.585938 0.458984 0.582031 0.458984 0.580729 0.458008 0.579427 0.457031 0.579427 0.456055 0.578125 0.455078 0.578125 0.453125 0.575521 0.453125 0.574219 0.451172 0.571615 0.449219 0.571615 0.448242 0.570312 0.447266 0.570312 0.446289 0.569010 0.445312 0.569010 0.442383 0.566406 0.440430 0.566406 0.439453 0.567708 0.438477 0.567708 0.437500 0.569010
0 0.482422 0.589844 0.476562 0.589844 0.475586 0.591146 0.471680 0.591146 0.470703 0.592448 0.468750 0.592448 0.467773 0.593750 0.466797 0.593750 0.458008 0.605469 0.458008 0.609375 0.458984 0.610677 0.458984 0.614583 0.459961 0.615885 0.459961 0.619792 0.460938 0.621094 0.460938 0.623698 0.461914 0.625000 0.461914 0.627604 0.464844 0.631510 0.464844 0.632812 0.465820 0.632812 0.468750 0.635417 0.475586 0.635417 0.476562 0.634115 0.480469 0.634115 0.481445 0.632812 0.484375 0.631510 0.488281 0.626302 0.489258 0.626302 0.489258 0.625000 0.491211 0.622396 0.491211 0.613281 0.490234 0.611979 0.490234 0.609375 0.489258 0.608073 0.489258 0.605469 0.486328 0.598958 0.486328 0.595052 0.485352 0.593750 0.485352 0.592448
0 0.451172 0.619792 0.449219 0.619792 0.448242 0.618490 0.438477 0.618490 0.437500 0.619792 0.436523 0.619792 0.432617 0.625000 0.432617 0.631510 0.431641 0.632812 0.431641 0.638021 0.432617 0.639323 0.432617 0.645833 0.433594 0.647135 0.433594 0.652344 0.434570 0.653646 0.434570 0.657552 0.435547 0.658854 0.435547 0.661458 0.436523 0.661458 0.437500 0.662760 0.439453 0.662760 0.440430 0.661458 0.444336 0.661458 0.445312 0.660156 0.447266 0.660156 0.448242 0.658854 0.449219 0.658854 0.450195 0.657552 0.451172 0.657552 0.452148 0.656250 0.453125 0.656250 0.454102 0.654948 0.454102 0.653646 0.455078 0.652344 0.455078 0.651042 0.457031 0.647135 0.457031 0.636719 0.456055 0.635417 0.456055 0.632812 0.455078 0.631510 0.455078 0.625000 0.454102 0.623698 0.454102 0.622396
0 0.424805 0.597656 0.421875 0.597656 0.416992 0.604167 0.416016 0.604167 0.415039 0.605469 0.413086 0.605469 0.412109 0.606771 0.412109 0.617188 0.413086 0.618490 0.413086 0.619792 0.414062 0.621094 0.414062 0.627604 0.415039 0.627604 0.416992 0.630208 0.417969 0.630208 0.418945 0.631510 0.420898 0.631510 0.421875 0.630208 0.424805 0.630208 0.425781 0.628906 0.426758 0.628906 0.427734 0.627604 0.428711 0.627604 0.430664 0.625000 0.430664 0.623698 0.431641 0.622396 0.431641 0.621094 0.432617 0.619792 0.432617 0.618490 0.433594 0.617188 0.433594 0.610677 0.431641 0.608073 0.431641 0.606771 0.429688 0.604167 0.429688 0.602865 0.428711 0.601562 0.427734 0.601562 0.426758 0.600260 0.426758 0.598958 0.425781 0.598958
0 0.404297 0.596354 0.403320 0.596354 0.402344 0.595052 0.401367 0.595052 0.400391 0.593750 0.395508 0.593750 0.394531 0.595052 0.390625 0.595052 0.389648 0.596354 0.387695 0.596354 0.386719 0.597656 0.385742 0.597656 0.383789 0.600260 0.383789 0.602865 0.382812 0.604167 0.382812 0.619792 0.384766 0.622396 0.385742 0.622396 0.387695 0.625000 0.389648 0.625000 0.390625 0.626302 0.398438 0.626302 0.399414 0.625000 0.401367 0.625000 0.403320 0.622396 0.404297 0.622396 0.406250 0.619792 0.407227 0.619792 0.407227 0.618490 0.409180 0.615885 0.409180 0.614583 0.410156 0.613281 0.410156 0.606771 0.409180 0.605469 0.409180 0.604167 0.408203 0.602865 0.408203 0.601562
0 0.387695 0.630208 0.383789 0.636719 0.383789 0.640625 0.382812 0.641927 0.382812 0.653646 0.383789 0.654948 0.383789 0.657552 0.384766 0.658854 0.384766 0.660156 0.385742 0.661458 0.386719 0.665365 0.387695 0.666667 0.389648 0.666667 0.390625 0.667969 0.396484 0.667969 0.397461 0.666667 0.401367 0.666667 0.402344 0.665365 0.404297 0.665365 0.405273 0.664062 0.408203 0.662760 0.409180 0.661458 0.409180 0.660156 0.411133 0.656250 0.411133 0.653646 0.412109 0.652344 0.412109 0.645833 0.413086 0.644531 0.413086 0.638021 0.412109 0.636719 0.411133 0.632812 0.410156 0.631510 0.409180 0.631510 0.407227 0.628906 0.403320 0.628906 0.402344 0.627604 0.391602 0.627604 0.390625 0.628906
0 0.303711 0.548177 0.303711 0.549479 0.301758 0.553385 0.301758 0.555990 0.300781 0.557292 0.300781 0.561198 0.301758 0.562500 0.301758 0.563802 0.303711 0.566406 0.303711 0.567708 0.307617 0.572917 0.308594 0.572917 0.311523 0.575521 0.313477 0.575521 0.314453 0.576823 0.315430 0.575521 0.323242 0.575521 0.324219 0.574219 0.325195 0.574219 0.326172 0.572917 0.327148 0.572917 0.330078 0.569010 0.330078 0.567708 0.333984 0.562500 0.333984 0.561198 0.334961 0.559896 0.334961 0.553385 0.333984 0.552083 0.333984 0.550781 0.330078 0.545573 0.329102 0.545573 0.328125 0.544271 0.327148 0.544271 0.324219 0.541667 0.311523 0.541667 0.310547 0.542969 0.308594 0.542969 0.306641 0.545573 0.305664 0.545573
0 0.354492 0.557292 0.348633 0.557292 0.347656 0.558594 0.343750 0.558594 0.342773 0.559896 0.340820 0.559896 0.339844 0.561198 0.338867 0.561198 0.336914 0.563802 0.335938 0.563802 0.333984 0.566406 0.333008 0.566406 0.331055 0.570312 0.331055 0.576823 0.333008 0.579427 0.333008 0.580729 0.339844 0.589844 0.339844 0.591146 0.340820 0.592448 0.340820 0.593750 0.343750 0.597656 0.350586 0.597656 0.352539 0.595052 0.353516 0.595052 0.355469 0.592448 0.356445 0.592448 0.358398 0.589844 0.358398 0.588542 0.360352 0.584635 0.360352 0.580729 0.361328 0.579427 0.361328 0.576823 0.360352 0.575521 0.360352 0.566406 0.359375 0.565104 0.359375 0.563802 0.358398 0.562500 0.358398 0.561198 0.356445 0.558594 0.355469 0.558594
0 0.365234 0.588542 0.362305 0.588542 0.361328 0.587240 0.360352 0.588542 0.360352 0.589844 0.358398 0.592448 0.357422 0.592448 0.347656 0.605469 0.347656 0.606771 0.345703 0.610677 0.345703 0.614583 0.346680 0.615885 0.346680 0.617188 0.347656 0.618490 0.347656 0.619792 0.351562 0.625000 0.351562 0.626302 0.353516 0.628906 0.358398 0.628906 0.359375 0.627604 0.363281 0.627604 0.364258 0.626302 0.367188 0.626302 0.368164 0.625000 0.369141 0.625000 0.370117 0.623698 0.371094 0.623698 0.374023 0.619792 0.374023 0.608073 0.373047 0.606771 0.373047 0.605469 0.369141 0.600260 0.369141 0.596354 0.368164 0.595052 0.368164 0.592448
0 0.375977 0.634115 0.374023 0.631510 0.373047 0.631510 0.372070 0.630208 0.370117 0.630208 0.369141 0.628906 0.367188 0.628906 0.366211 0.630208 0.362305 0.630208 0.361328 0.631510 0.359375 0.631510 0.358398 0.632812 0.357422 0.632812 0.356445 0.634115 0.355469 0.634115 0.355469 0.635417 0.350586 0.641927 0.350586 0.643229 0.349609 0.644531 0.348633 0.644531 0.346680 0.647135 0.346680 0.653646 0.347656 0.654948 0.347656 0.656250 0.348633 0.657552 0.348633 0.658854 0.349609 0.660156 0.350586 0.660156 0.352539 0.662760 0.354492 0.662760 0.355469 0.664062 0.358398 0.664062 0.359375 0.665365 0.365234 0.665365 0.366211 0.664062 0.368164 0.664062 0.369141 0.662760 0.370117 0.662760 0.373047 0.658854 0.374023 0.658854 0.376953 0.654948 0.376953 0.653646 0.377930 0.652344 0.377930 0.640625 0.376953 0.639323 0.376953 0.636719 0.375977 0.635417
0 0.325195 0.582031 0.320312 0.588542 0.320312 0.589844 0.319336 0.591146 0.319336 0.592448 0.318359 0.593750 0.318359 0.598958 0.317383 0.600260 0.317383 0.606771 0.316406 0.608073 0.316406 0.611979 0.317383 0.611979 0.319336 0.614583 0.320312 0.614583 0.322266 0.617188 0.323242 0.617188 0.324219 0.618490 0.325195 0.618490 0.326172 0.619792 0.334961 0.619792 0.336914 0.617188 0.336914 0.615885 0.337891 0.614583 0.337891 0.611979 0.338867 0.610677 0.338867 0.601562 0.339844 0.600260 0.339844 0.593750 0.338867 0.592448 0.338867 0.589844 0.337891 0.588542 0.337891 0.587240 0.335938 0.584635 0.334961 0.584635 0.333984 0.583333 0.329102 0.583333 0.328125 0.582031
0 0.330078 0.622396 0.327148 0.622396 0.326172 0.621094 0.322266 0.621094 0.321289 0.619792 0.320312 0.621094 0.318359 0.621094 0.317383 0.622396 0.314453 0.622396 0.312500 0.625000 0.311523 0.625000 0.308594 0.628906 0.308594 0.631510 0.307617 0.632812 0.307617 0.656250 0.309570 0.658854 0.310547 0.658854 0.311523 0.660156 0.318359 0.660156 0.319336 0.658854 0.320312 0.658854 0.321289 0.657552 0.322266 0.657552 0.325195 0.653646 0.326172 0.653646 0.327148 0.652344 0.330078 0.652344 0.332031 0.649740 0.333008 0.649740 0.333984 0.648438 0.333984 0.647135 0.335938 0.643229 0.335938 0.635417 0.334961 0.634115 0.334961 0.632812 0.333008 0.630208 0.333008 0.628906 0.332031 0.627604 0.332031 0.625000
0 0.297852 0.658854 0.296875 0.660156 0.295898 0.660156 0.294922 0.661458 0.293945 0.661458 0.292969 0.662760 0.292969 0.682292 0.293945 0.683594 0.293945 0.687500 0.294922 0.688802 0.294922 0.691406 0.296875 0.694010 0.297852 0.694010 0.298828 0.695312 0.305664 0.695312 0.307617 0.692708 0.308594 0.692708 0.310547 0.690104 0.312500 0.690104 0.313477 0.688802 0.313477 0.687500 0.314453 0.686198 0.314453 0.675781 0.315430 0.674479 0.315430 0.669271 0.314453 0.667969 0.314453 0.665365 0.311523 0.661458 0.309570 0.661458 0.308594 0.660156 0.306641 0.660156 0.305664 0.658854
0 0.344727 0.658854 0.342773 0.658854 0.341797 0.657552 0.338867 0.657552 0.337891 0.656250 0.334961 0.656250 0.333984 0.654948 0.333008 0.654948 0.332031 0.656250 0.329102 0.656250 0.328125 0.657552 0.326172 0.657552 0.325195 0.658854 0.324219 0.658854 0.323242 0.660156 0.322266 0.660156 0.321289 0.661458 0.320312 0.661458 0.319336 0.662760 0.318359 0.662760 0.317383 0.664062 0.316406 0.664062 0.316406 0.665365 0.315430 0.666667 0.315430 0.687500 0.318359 0.690104 0.320312 0.690104 0.321289 0.691406 0.324219 0.691406 0.325195 0.692708 0.328125 0.692708 0.329102 0.694010 0.330078 0.694010 0.331055 0.692708 0.332031 0.692708 0.340820 0.680990 0.341797 0.680990 0.343750 0.678385 0.343750 0.677083 0.345703 0.673177 0.345703 0.670573 0.346680 0.669271 0.346680 0.664062 0.345703 0.662760 0.345703 0.661458 0.344727 0.660156
0 0.356445 0.678385 0.355469 0.678385 0.354492 0.677083 0.349609 0.677083 0.348633 0.678385 0.346680 0.678385 0.343750 0.682292 0.342773 0.682292 0.340820 0.684896 0.339844 0.684896 0.331055 0.696615 0.331055 0.699219 0.330078 0.700521 0.330078 0.701823 0.327148 0.705729 0.328125 0.707031 0.328125 0.710938 0.331055 0.712240 0.336914 0.720052 0.346680 0.720052 0.347656 0.718750 0.351562 0.718750 0.352539 0.717448 0.353516 0.717448 0.354492 0.716146 0.354492 0.714844 0.355469 0.713542 0.355469 0.712240 0.357422 0.708333 0.357422 0.703125 0.358398 0.701823 0.358398 0.699219 0.359375 0.697917 0.359375 0.692708 0.360352 0.691406 0.360352 0.687500 0.359375 0.686198 0.359375 0.683594 0.358398 0.682292 0.358398 0.680990
0 0.376953 0.697917 0.373047 0.703125 0.372070 0.703125 0.372070 0.704427 0.371094 0.705729 0.371094 0.713542 0.370117 0.714844 0.370117 0.717448 0.369141 0.718750 0.369141 0.722656 0.370117 0.723958 0.370117 0.726562 0.371094 0.727865 0.372070 0.727865 0.376953 0.734375 0.377930 0.734375 0.380859 0.736979 0.386719 0.736979 0.387695 0.735677 0.389648 0.735677 0.390625 0.734375 0.391602 0.734375 0.392578 0.733073 0.393555 0.733073 0.396484 0.729167 0.396484 0.727865 0.397461 0.726562 0.397461 0.722656 0.398438 0.721354 0.398438 0.720052 0.397461 0.718750 0.397461 0.716146 0.396484 0.714844 0.396484 0.713542 0.394531 0.709635 0.394531 0.705729 0.393555 0.704427 0.393555 0.701823 0.392578 0.701823 0.391602 0.700521 0.390625 0.700521 0.388672 0.697917 0.386719 0.697917 0.385742 0.696615 0.382812 0.696615 0.381836 0.697917
0 0.403320 0.684896 0.403320 0.687500 0.402344 0.688802 0.402344 0.691406 0.400391 0.694010 0.400391 0.696615 0.399414 0.697917 0.399414 0.699219 0.398438 0.700521 0.398438 0.703125 0.397461 0.704427 0.397461 0.709635 0.398438 0.710938 0.398438 0.716146 0.401367 0.720052 0.409180 0.720052 0.410156 0.718750 0.412109 0.718750 0.415039 0.716146 0.417969 0.716146 0.418945 0.714844 0.419922 0.714844 0.420898 0.713542 0.421875 0.713542 0.422852 0.712240 0.423828 0.712240 0.426758 0.709635 0.426758 0.699219 0.419922 0.690104 0.418945 0.690104 0.417969 0.688802 0.411133 0.688802 0.410156 0.687500 0.409180 0.687500 0.408203 0.686198 0.407227 0.686198 0.405273 0.683594 0.404297 0.683594
0 0.352539 0.723958 0.352539 0.726562 0.350586 0.729167 0.350586 0.730469 0.349609 0.731771 0.349609 0.734375 0.348633 0.735677 0.348633 0.739583 0.347656 0.740885 0.347656 0.746094 0.348633 0.747396 0.348633 0.751302 0.357422 0.759115 0.368164 0.759115 0.371094 0.755208 0.372070 0.755208 0.375000 0.751302 0.375000 0.739583 0.374023 0.738281 0.374023 0.736979 0.373047 0.735677 0.372070 0.735677 0.369141 0.731771 0.368164 0.731771 0.365234 0.727865 0.364258 0.727865 0.363281 0.726562 0.362305 0.726562 0.359375 0.723958
0 0.329102 0.730469 0.327148 0.733073 0.326172 0.733073 0.322266 0.738281 0.321289 0.738281 0.318359 0.742188 0.318359 0.743490 0.317383 0.744792 0.317383 0.746094 0.316406 0.747396 0.316406 0.748698 0.314453 0.752604 0.314453 0.757812 0.321289 0.766927 0.322266 0.766927 0.325195 0.770833 0.326172 0.770833 0.331055 0.776042 0.332031 0.776042 0.333008 0.777344 0.334961 0.777344 0.335938 0.776042 0.337891 0.776042 0.338867 0.774740 0.339844 0.774740 0.344727 0.768229 0.344727 0.766927 0.346680 0.763021 0.346680 0.760417 0.344727 0.756510 0.345703 0.755208 0.345703 0.748698 0.344727 0.747396 0.344727 0.742188 0.337891 0.733073 0.333008 0.733073 0.332031 0.731771
0 0.357422 0.768229 0.348633 0.768229 0.347656 0.769531 0.344727 0.770833 0.340820 0.776042 0.337891 0.777344 0.333008 0.782552 0.330078 0.783854 0.330078 0.785156 0.329102 0.786458 0.329102 0.789062 0.330078 0.790365 0.330078 0.791667 0.335938 0.799479 0.336914 0.799479 0.339844 0.802083 0.341797 0.802083 0.343750 0.804688 0.344727 0.808594 0.348633 0.808594 0.350586 0.805990 0.351562 0.805990 0.352539 0.804688 0.353516 0.804688 0.355469 0.802083 0.358398 0.800781 0.362305 0.795573 0.362305 0.792969 0.363281 0.791667 0.363281 0.785156 0.362305 0.783854 0.362305 0.782552 0.363281 0.781250 0.363281 0.778646 0.362305 0.777344 0.361328 0.773438
0 0.321289 0.783854 0.319336 0.786458 0.319336 0.787760 0.318359 0.789062 0.318359 0.794271 0.319336 0.795573 0.319336 0.799479 0.321289 0.802083 0.321289 0.812500 0.322266 0.813802 0.324219 0.813802 0.325195 0.815104 0.328125 0.815104 0.329102 0.816406 0.332031 0.816406 0.333008 0.817708 0.334961 0.817708 0.335938 0.819010 0.339844 0.819010 0.340820 0.820312 0.341797 0.820312 0.342773 0.819010 0.343750 0.819010 0.343750 0.815104 0.344727 0.813802 0.344727 0.811198 0.345703 0.809896 0.344727 0.808594 0.344727 0.805990 0.343750 0.804688 0.343750 0.803385 0.341797 0.800781 0.339844 0.800781 0.338867 0.799479 0.337891 0.799479 0.336914 0.798177 0.335938 0.798177 0.333984 0.795573 0.333008 0.795573 0.332031 0.794271 0.332031 0.792969 0.330078 0.789062 0.330078 0.785156 0.329102 0.783854 0.328125 0.783854 0.327148 0.782552 0.323242 0.782552 0.322266 0.783854
0 0.392578 0.782552 0.391602 0.782552 0.388672 0.786458 0.387695 0.786458 0.386719 0.785156 0.386719 0.783854 0.384766 0.781250 0.382812 0.781250 0.381836 0.782552 0.378906 0.782552 0.377930 0.781250 0.376953 0.781250 0.375977 0.782552 0.374023 0.782552 0.373047 0.783854 0.372070 0.783854 0.372070 0.786458 0.371094 0.787760 0.368164 0.787760 0.366211 0.790365 0.366211 0.791667 0.364258 0.795573 0.364258 0.821615 0.365234 0.822917 0.365234 0.825521 0.368164 0.829427 0.369141 0.829427 0.372070 0.826823 0.374023 0.826823 0.375000 0.825521 0.376953 0.825521 0.377930 0.824219 0.379883 0.824219 0.380859 0.822917 0.382812 0.822917 0.383789 0.821615 0.385742 0.821615 0.386719 0.820312 0.389648 0.820312 0.396484 0.809896 0.396484 0.807292 0.397461 0.805990 0.397461 0.798177 0.395508 0.794271 0.395508 0.791667 0.394531 0.790365 0.394531 0.786458
0 0.398438 0.809896 0.395508 0.813802 0.395508 0.815104 0.391602 0.820312 0.391602 0.822917 0.390625 0.824219 0.390625 0.828125 0.391602 0.829427 0.391602 0.838542 0.392578 0.839844 0.392578 0.841146 0.395508 0.845052 0.396484 0.845052 0.398438 0.847656 0.409180 0.847656 0.410156 0.846354 0.412109 0.846354 0.413086 0.847656 0.416992 0.847656 0.417969 0.846354 0.417969 0.845052 0.416992 0.843750 0.416992 0.837240 0.417969 0.835938 0.417969 0.832031 0.418945 0.830729 0.418945 0.829427 0.417969 0.828125 0.417969 0.822917 0.416992 0.821615 0.416992 0.820312 0.411133 0.812500 0.410156 0.812500 0.409180 0.811198 0.407227 0.811198 0.406250 0.809896 0.404297 0.809896 0.403320 0.808594 0.400391 0.808594 0.399414 0.809896
0 0.392578 0.819010 0.391602 0.820312 0.390625 0.820312 0.389648 0.821615 0.386719 0.821615 0.385742 0.822917 0.383789 0.822917 0.382812 0.824219 0.380859 0.824219 0.379883 0.825521 0.377930 0.825521 0.376953 0.826823 0.375977 0.826823 0.375000 0.828125 0.374023 0.828125 0.373047 0.829427 0.372070 0.829427 0.371094 0.830729 0.372070 0.832031 0.372070 0.834635 0.373047 0.835938 0.373047 0.838542 0.374023 0.839844 0.374023 0.841146 0.375000 0.842448 0.375000 0.843750 0.375977 0.845052 0.375977 0.846354 0.378906 0.850260 0.386719 0.850260 0.387695 0.848958 0.391602 0.848958 0.392578 0.847656 0.394531 0.847656 0.395508 0.846354 0.395508 0.842448 0.394531 0.841146 0.394531 0.835938 0.393555 0.834635 0.393555 0.826823 0.392578 0.825521 0.392578 0.822917 0.393555 0.821615 0.393555 0.820312
0 0.387695 0.739583 0.382812 0.746094 0.382812 0.747396 0.379883 0.751302 0.379883 0.755208 0.378906 0.756510 0.378906 0.757812 0.379883 0.759115 0.379883 0.763021 0.383789 0.770833 0.384766 0.770833 0.387695 0.773438 0.389648 0.773438 0.390625 0.774740 0.392578 0.774740 0.395508 0.777344 0.397461 0.777344 0.398438 0.776042 0.399414 0.776042 0.401367 0.773438 0.401367 0.772135 0.402344 0.770833 0.402344 0.769531 0.403320 0.768229 0.403320 0.766927 0.404297 0.765625 0.404297 0.764323 0.405273 0.763021 0.405273 0.761719 0.407227 0.757812 0.407227 0.755208 0.408203 0.753906 0.408203 0.751302 0.407227 0.750000 0.407227 0.747396 0.406250 0.746094 0.406250 0.744792 0.405273 0.744792 0.404297 0.743490 0.403320 0.743490 0.401367 0.740885 0.399414 0.740885 0.398438 0.739583 0.394531 0.739583 0.393555 0.738281 0.391602 0.738281 0.390625 0.739583
0 0.404297 0.770833 0.403320 0.772135 0.403320 0.773438 0.402344 0.774740 0.402344 0.776042 0.400391 0.779948 0.400391 0.786458 0.401367 0.787760 0.401367 0.798177 0.402344 0.799479 0.402344 0.800781 0.406250 0.805990 0.407227 0.805990 0.408203 0.807292 0.409180 0.807292 0.411133 0.809896 0.420898 0.809896 0.421875 0.808594 0.421875 0.807292 0.422852 0.805990 0.422852 0.804688 0.424805 0.800781 0.424805 0.798177 0.425781 0.796875 0.425781 0.794271 0.426758 0.792969 0.426758 0.782552 0.425781 0.781250 0.425781 0.779948 0.422852 0.776042 0.421875 0.776042 0.418945 0.773438 0.412109 0.773438 0.409180 0.770833
0 0.455078 0.792969 0.454102 0.791667 0.453125 0.792969 0.448242 0.792969 0.447266 0.791667 0.444336 0.791667 0.443359 0.792969 0.442383 0.792969 0.441406 0.791667 0.438477 0.791667 0.435547 0.789062 0.432617 0.789062 0.431641 0.790365 0.430664 0.790365 0.429688 0.791667 0.429688 0.794271 0.426758 0.798177 0.426758 0.800781 0.425781 0.802083 0.425781 0.804688 0.422852 0.808594 0.422852 0.809896 0.421875 0.811198 0.421875 0.816406 0.422852 0.817708 0.422852 0.829427 0.423828 0.830729 0.429688 0.830729 0.430664 0.832031 0.431641 0.832031 0.432617 0.830729 0.435547 0.830729 0.436523 0.829427 0.437500 0.829427 0.438477 0.828125 0.439453 0.828125 0.440430 0.826823 0.441406 0.826823 0.442383 0.825521 0.445312 0.824219 0.448242 0.820312 0.449219 0.820312 0.453125 0.815104 0.453125 0.811198 0.452148 0.809896 0.453125 0.808594 0.453125 0.807292 0.455078 0.804688 0.455078 0.800781 0.456055 0.799479 0.455078 0.798177
0 0.512695 0.776042 0.510742 0.778646 0.509766 0.778646 0.507812 0.781250 0.506836 0.781250 0.505859 0.782552 0.504883 0.782552 0.502930 0.785156 0.502930 0.786458 0.500977 0.790365 0.500977 0.794271 0.500000 0.795573 0.500000 0.798177 0.499023 0.799479 0.500000 0.800781 0.500000 0.803385 0.500977 0.804688 0.500977 0.805990 0.502930 0.808594 0.502930 0.809896 0.508789 0.817708 0.509766 0.817708 0.512695 0.820312 0.519531 0.820312 0.520508 0.819010 0.521484 0.819010 0.525391 0.813802 0.525391 0.812500 0.526367 0.811198 0.526367 0.809896 0.528320 0.807292 0.528320 0.794271 0.527344 0.792969 0.527344 0.787760 0.526367 0.786458 0.526367 0.785156 0.525391 0.783854 0.525391 0.782552 0.522461 0.778646 0.521484 0.778646 0.520508 0.777344 0.518555 0.777344 0.517578 0.776042
0 0.476562 0.757812 0.476562 0.759115 0.475586 0.760417 0.475586 0.763021 0.476562 0.764323 0.476562 0.765625 0.477539 0.765625 0.478516 0.766927 0.478516 0.769531 0.477539 0.770833 0.470703 0.770833 0.469727 0.772135 0.469727 0.773438 0.470703 0.774740 0.470703 0.777344 0.473633 0.781250 0.473633 0.782552 0.476562 0.786458 0.476562 0.787760 0.478516 0.790365 0.478516 0.791667 0.479492 0.792969 0.482422 0.792969 0.483398 0.794271 0.490234 0.794271 0.491211 0.792969 0.493164 0.792969 0.494141 0.791667 0.495117 0.791667 0.496094 0.790365 0.499023 0.789062 0.501953 0.785156 0.501953 0.782552 0.502930 0.781250 0.502930 0.770833 0.501953 0.769531 0.501953 0.768229 0.497070 0.761719 0.496094 0.761719 0.494141 0.759115 0.493164 0.759115 0.490234 0.756510 0.480469 0.756510 0.479492 0.757812
0 0.472656 0.716146 0.471680 0.717448 0.469727 0.717448 0.468750 0.718750 0.467773 0.718750 0.465820 0.721354 0.465820 0.723958 0.463867 0.726562 0.462891 0.726562 0.461914 0.727865 0.461914 0.739583 0.462891 0.740885 0.462891 0.743490 0.464844 0.746094 0.464844 0.747396 0.466797 0.750000 0.467773 0.750000 0.468750 0.751302 0.469727 0.751302 0.471680 0.753906 0.472656 0.753906 0.474609 0.756510 0.478516 0.756510 0.479492 0.755208 0.481445 0.755208 0.482422 0.753906 0.484375 0.753906 0.485352 0.752604 0.486328 0.752604 0.488281 0.750000 0.488281 0.748698 0.490234 0.746094 0.490234 0.744792 0.492188 0.742188 0.492188 0.739583 0.493164 0.738281 0.493164 0.736979 0.492188 0.735677 0.492188 0.734375 0.490234 0.730469 0.490234 0.727865 0.489258 0.726562 0.489258 0.725260 0.485352 0.720052 0.484375 0.720052 0.481445 0.717448 0.475586 0.717448 0.474609 0.716146
0 0.439453 0.707031 0.437500 0.707031 0.436523 0.708333 0.429688 0.708333 0.428711 0.709635 0.427734 0.709635 0.423828 0.714844 0.421875 0.714844 0.420898 0.716146 0.419922 0.716146 0.417969 0.720052 0.417969 0.725260 0.416992 0.726562 0.416992 0.733073 0.417969 0.734375 0.417969 0.735677 0.422852 0.742188 0.423828 0.742188 0.424805 0.743490 0.425781 0.743490 0.426758 0.744792 0.427734 0.744792 0.430664 0.747396 0.435547 0.747396 0.437500 0.744792 0.438477 0.744792 0.440430 0.742188 0.440430 0.740885 0.444336 0.735677 0.444336 0.734375 0.446289 0.731771 0.446289 0.730469 0.447266 0.729167 0.447266 0.726562 0.448242 0.725260 0.447266 0.723958 0.447266 0.720052 0.446289 0.718750 0.446289 0.717448 0.445312 0.716146 0.445312 0.714844 0.444336 0.713542 0.444336 0.712240 0.441406 0.708333 0.440430 0.708333
0 0.496094 0.714844 0.495117 0.716146 0.495117 0.721354 0.496094 0.722656 0.496094 0.727865 0.497070 0.729167 0.497070 0.738281 0.498047 0.739583 0.498047 0.742188 0.500000 0.746094 0.502930 0.746094 0.503906 0.747396 0.506836 0.747396 0.507812 0.748698 0.509766 0.748698 0.510742 0.750000 0.514648 0.750000 0.515625 0.748698 0.516602 0.748698 0.517578 0.747396 0.518555 0.747396 0.521484 0.743490 0.522461 0.743490 0.523438 0.742188 0.523438 0.738281 0.524414 0.736979 0.524414 0.725260 0.523438 0.723958 0.523438 0.722656 0.522461 0.721354 0.522461 0.720052 0.521484 0.720052 0.520508 0.718750 0.519531 0.718750 0.518555 0.717448 0.517578 0.717448 0.514648 0.713542 0.513672 0.713542 0.511719 0.710938 0.510742 0.710938 0.509766 0.709635 0.506836 0.709635 0.505859 0.710938 0.503906 0.710938 0.500977 0.713542 0.499023 0.713542 0.498047 0.714844
0 0.522461 0.748698 0.517578 0.755208 0.517578 0.772135 0.519531 0.774740 0.520508 0.774740 0.525391 0.781250 0.526367 0.781250 0.529297 0.783854 0.533203 0.783854 0.534180 0.782552 0.535156 0.782552 0.536133 0.781250 0.537109 0.781250 0.538086 0.779948 0.539062 0.779948 0.541016 0.777344 0.541016 0.776042 0.541992 0.774740 0.541992 0.770833 0.542969 0.769531 0.542969 0.765625 0.543945 0.764323 0.543945 0.761719 0.544922 0.760417 0.544922 0.756510 0.540039 0.750000 0.535156 0.750000 0.534180 0.748698 0.530273 0.748698 0.529297 0.747396 0.525391 0.747396 0.524414 0.748698
0 0.537109 0.709635 0.536133 0.709635 0.535156 0.710938 0.534180 0.710938 0.533203 0.712240 0.530273 0.712240 0.527344 0.716146 0.526367 0.716146 0.526367 0.717448 0.525391 0.718750 0.525391 0.725260 0.526367 0.726562 0.525391 0.727865 0.525391 0.735677 0.526367 0.736979 0.526367 0.743490 0.528320 0.746094 0.530273 0.746094 0.531250 0.747396 0.539062 0.747396 0.543945 0.740885 0.544922 0.740885 0.547852 0.736979 0.547852 0.735677 0.548828 0.734375 0.548828 0.722656 0.547852 0.721354 0.547852 0.718750 0.543945 0.713542 0.542969 0.713542 0.541992 0.712240 0.541016 0.712240 0.540039 0.710938 0.538086 0.710938
0 0.494141 0.661458 0.493164 0.662760 0.490234 0.662760 0.489258 0.664062 0.488281 0.664062 0.484375 0.669271 0.484375 0.671875 0.481445 0.678385 0.481445 0.682292 0.480469 0.683594 0.480469 0.690104 0.479492 0.691406 0.479492 0.695312 0.482422 0.699219 0.482422 0.700521 0.484375 0.703125 0.485352 0.703125 0.487305 0.705729 0.490234 0.707031 0.493164 0.710938 0.500000 0.710938 0.500977 0.709635 0.503906 0.709635 0.506836 0.707031 0.506836 0.701823 0.507812 0.700521 0.507812 0.699219 0.506836 0.697917 0.506836 0.694010 0.507812 0.692708 0.507812 0.687500 0.508789 0.686198 0.508789 0.678385 0.507812 0.677083 0.507812 0.673177 0.506836 0.671875 0.506836 0.669271 0.504883 0.665365 0.500000 0.665365 0.499023 0.664062 0.497070 0.664062 0.495117 0.661458
0 0.520508 0.669271 0.519531 0.670573 0.517578 0.670573 0.516602 0.671875 0.513672 0.671875 0.511719 0.674479 0.511719 0.678385 0.510742 0.679688 0.510742 0.691406 0.511719 0.692708 0.511719 0.694010 0.509766 0.697917 0.509766 0.703125 0.510742 0.704427 0.510742 0.705729 0.512695 0.708333 0.513672 0.708333 0.514648 0.709635 0.515625 0.709635 0.516602 0.710938 0.517578 0.710938 0.519531 0.713542 0.519531 0.714844 0.520508 0.716146 0.525391 0.716146 0.529297 0.710938 0.529297 0.708333 0.530273 0.707031 0.530273 0.704427 0.533203 0.700521 0.533203 0.699219 0.534180 0.697917 0.534180 0.692708 0.533203 0.691406 0.533203 0.686198 0.532227 0.684896 0.532227 0.683594 0.531250 0.682292 0.531250 0.680990 0.530273 0.679688 0.530273 0.678385 0.529297 0.677083 0.529297 0.675781 0.528320 0.674479 0.527344 0.674479 0.526367 0.673177 0.525391 0.673177 0.524414 0.671875 0.523438 0.671875
0 0.468750 0.645833 0.467773 0.647135 0.464844 0.647135 0.462891 0.649740 0.461914 0.649740 0.460938 0.651042 0.459961 0.651042 0.456055 0.656250 0.456055 0.657552 0.455078 0.658854 0.455078 0.679688 0.457031 0.682292 0.458984 0.682292 0.459961 0.683594 0.461914 0.683594 0.464844 0.686198 0.468750 0.686198 0.469727 0.687500 0.470703 0.687500 0.471680 0.686198 0.474609 0.686198 0.477539 0.682292 0.478516 0.682292 0.478516 0.680990 0.480469 0.677083 0.480469 0.674479 0.481445 0.673177 0.481445 0.658854 0.480469 0.657552 0.480469 0.656250 0.473633 0.647135 0.471680 0.647135 0.470703 0.645833
0 0.499023 0.623698 0.498047 0.623698 0.497070 0.622396 0.493164 0.622396 0.492188 0.623698 0.491211 0.623698 0.489258 0.626302 0.489258 0.627604 0.487305 0.630208 0.486328 0.630208 0.484375 0.632812 0.483398 0.632812 0.482422 0.634115 0.478516 0.634115 0.477539 0.635417 0.476562 0.635417 0.475586 0.636719 0.474609 0.636719 0.474609 0.638021 0.473633 0.639323 0.473633 0.644531 0.474609 0.645833 0.474609 0.647135 0.475586 0.648438 0.476562 0.648438 0.477539 0.649740 0.477539 0.651042 0.481445 0.656250 0.484375 0.656250 0.485352 0.657552 0.486328 0.656250 0.488281 0.656250 0.489258 0.654948 0.494141 0.654948 0.495117 0.653646 0.496094 0.653646 0.497070 0.652344 0.498047 0.652344 0.500977 0.648438 0.500977 0.647135 0.501953 0.645833 0.501953 0.639323 0.502930 0.638021 0.502930 0.634115 0.501953 0.632812 0.501953 0.630208 0.500977 0.628906 0.500977 0.627604
0 0.509766 0.585938 0.507812 0.585938 0.506836 0.584635 0.502930 0.584635 0.501953 0.585938 0.499023 0.585938 0.498047 0.587240 0.495117 0.587240 0.494141 0.588542 0.492188 0.588542 0.490234 0.591146 0.486328 0.591146 0.487305 0.592448 0.487305 0.597656 0.488281 0.598958 0.488281 0.601562 0.489258 0.602865 0.489258 0.604167 0.491211 0.608073 0.491211 0.610677 0.493164 0.614583 0.493164 0.617188 0.495117 0.619792 0.496094 0.619792 0.497070 0.621094 0.505859 0.621094 0.506836 0.619792 0.507812 0.619792 0.508789 0.618490 0.509766 0.618490 0.513672 0.613281 0.513672 0.611979 0.514648 0.610677 0.514648 0.604167 0.513672 0.602865 0.513672 0.597656 0.512695 0.596354 0.512695 0.593750 0.511719 0.592448 0.511719 0.591146 0.510742 0.589844 0.510742 0.588542 0.509766 0.587240
0 0.524414 0.548177 0.521484 0.550781 0.521484 0.552083 0.515625 0.559896 0.515625 0.561198 0.512695 0.565104 0.512695 0.566406 0.511719 0.567708 0.511719 0.576823 0.512695 0.578125 0.512695 0.582031 0.514648 0.584635 0.515625 0.584635 0.516602 0.585938 0.519531 0.585938 0.520508 0.587240 0.521484 0.587240 0.524414 0.589844 0.527344 0.589844 0.528320 0.591146 0.531250 0.588542 0.533203 0.588542 0.534180 0.587240 0.535156 0.587240 0.536133 0.585938 0.537109 0.585938 0.539062 0.583333 0.539062 0.576823 0.540039 0.575521 0.540039 0.572917 0.541016 0.571615 0.541016 0.563802 0.540039 0.562500 0.540039 0.559896 0.536133 0.554688 0.535156 0.554688 0.534180 0.553385 0.533203 0.553385 0.532227 0.552083 0.531250 0.552083 0.528320 0.549479 0.526367 0.549479 0.525391 0.548177
0 0.514648 0.588542 0.514648 0.595052 0.515625 0.596354 0.515625 0.601562 0.516602 0.602865 0.516602 0.610677 0.517578 0.611979 0.517578 0.613281 0.521484 0.618490 0.523438 0.618490 0.524414 0.619792 0.533203 0.619792 0.534180 0.618490 0.536133 0.618490 0.537109 0.617188 0.538086 0.617188 0.540039 0.614583 0.540039 0.597656 0.539062 0.596354 0.539062 0.589844 0.537109 0.587240 0.536133 0.587240 0.535156 0.588542 0.533203 0.588542 0.532227 0.589844 0.523438 0.589844 0.522461 0.588542 0.519531 0.588542 0.518555 0.587240 0.515625 0.587240
0 0.476562 0.522135 0.476562 0.524740 0.475586 0.526042 0.475586 0.535156 0.476562 0.536458 0.476562 0.540365 0.478516 0.544271 0.480469 0.544271 0.481445 0.545573 0.488281 0.545573 0.489258 0.546875 0.501953 0.546875 0.502930 0.545573 0.503906 0.545573 0.506836 0.541667 0.506836 0.535156 0.505859 0.533854 0.505859 0.531250 0.504883 0.529948 0.504883 0.527344 0.502930 0.524740 0.502930 0.523438 0.501953 0.522135 0.501953 0.520833 0.500000 0.520833 0.499023 0.519531 0.493164 0.519531 0.490234 0.516927 0.484375 0.516927 0.483398 0.518229 0.481445 0.518229 0.480469 0.519531 0.478516 0.519531
0 0.512695 0.628906 0.512695 0.631510 0.511719 0.632812 0.511719 0.639323 0.510742 0.640625 0.510742 0.643229 0.511719 0.644531 0.511719 0.647135 0.512695 0.648438 0.512695 0.651042 0.513672 0.652344 0.513672 0.653646 0.515625 0.657552 0.515625 0.660156 0.517578 0.662760 0.519531 0.662760 0.520508 0.664062 0.522461 0.664062 0.523438 0.662760 0.526367 0.662760 0.527344 0.661458 0.531250 0.661458 0.532227 0.660156 0.534180 0.660156 0.535156 0.658854 0.537109 0.658854 0.540039 0.654948 0.540039 0.643229 0.539062 0.641927 0.539062 0.636719 0.538086 0.635417 0.538086 0.632812 0.536133 0.630208 0.535156 0.630208 0.533203 0.627604 0.533203 0.626302 0.531250 0.626302 0.530273 0.625000 0.518555 0.625000 0.517578 0.626302 0.515625 0.626302
0 0.534180 0.662760 0.533203 0.664062 0.533203 0.665365 0.532227 0.666667 0.532227 0.667969 0.530273 0.671875 0.530273 0.675781 0.531250 0.677083 0.531250 0.679688 0.533203 0.683594 0.533203 0.686198 0.534180 0.687500 0.534180 0.690104 0.535156 0.691406 0.536133 0.695312 0.540039 0.700521 0.552734 0.700521 0.553711 0.699219 0.556641 0.699219 0.559570 0.695312 0.559570 0.694010 0.560547 0.692708 0.560547 0.687500 0.561523 0.686198 0.561523 0.683594 0.560547 0.682292 0.560547 0.677083 0.554688 0.669271 0.553711 0.665365 0.551758 0.662760 0.550781 0.662760 0.548828 0.660156 0.548828 0.658854 0.540039 0.658854 0.539062 0.660156 0.538086 0.660156 0.537109 0.661458
0 0.550781 0.703125 0.550781 0.704427 0.549805 0.705729 0.549805 0.714844 0.553711 0.720052 0.553711 0.721354 0.554688 0.722656 0.555664 0.722656 0.557617 0.725260 0.558594 0.725260 0.561523 0.727865 0.563477 0.727865 0.564453 0.729167 0.566406 0.729167 0.567383 0.730469 0.570312 0.730469 0.571289 0.731771 0.572266 0.731771 0.573242 0.730469 0.577148 0.730469 0.578125 0.729167 0.579102 0.729167 0.581055 0.726562 0.581055 0.725260 0.582031 0.723958 0.582031 0.716146 0.583008 0.714844 0.583008 0.707031 0.582031 0.705729 0.582031 0.704427 0.579102 0.700521 0.579102 0.699219 0.576172 0.695312 0.574219 0.695312 0.573242 0.694010 0.568359 0.694010 0.567383 0.695312 0.565430 0.695312 0.564453 0.696615 0.561523 0.696615 0.558594 0.700521 0.557617 0.700521 0.556641 0.701823 0.554688 0.701823 0.553711 0.703125
0 0.545898 0.619792 0.543945 0.622396 0.543945 0.628906 0.542969 0.630208 0.542969 0.640625 0.543945 0.641927 0.543945 0.647135 0.544922 0.648438 0.544922 0.651042 0.548828 0.656250 0.549805 0.656250 0.552734 0.660156 0.554688 0.660156 0.555664 0.661458 0.556641 0.661458 0.557617 0.660156 0.564453 0.660156 0.565430 0.658854 0.567383 0.658854 0.569336 0.654948 0.569336 0.649740 0.570312 0.648438 0.570312 0.632812 0.569336 0.631510 0.569336 0.630208 0.567383 0.627604 0.567383 0.626302 0.566406 0.626302 0.560547 0.618490 0.557617 0.618490 0.556641 0.617188 0.555664 0.617188 0.554688 0.618490 0.550781 0.618490 0.549805 0.619792
0 0.573242 0.591146 0.572266 0.592448 0.570312 0.592448 0.569336 0.593750 0.568359 0.593750 0.565430 0.597656 0.565430 0.598958 0.564453 0.600260 0.564453 0.601562 0.562500 0.604167 0.562500 0.605469 0.561523 0.606771 0.561523 0.614583 0.562500 0.615885 0.562500 0.617188 0.563477 0.618490 0.563477 0.619792 0.569336 0.627604 0.569336 0.628906 0.571289 0.631510 0.571289 0.632812 0.572266 0.634115 0.582031 0.634115 0.583008 0.632812 0.583008 0.631510 0.586914 0.626302 0.587891 0.626302 0.589844 0.623698 0.589844 0.622396 0.590820 0.621094 0.590820 0.611979 0.589844 0.610677 0.589844 0.609375 0.588867 0.608073 0.588867 0.606771 0.584961 0.601562 0.584961 0.598958 0.583984 0.597656 0.583984 0.596354 0.582031 0.593750 0.581055 0.593750 0.579102 0.591146
0 0.545898 0.582031 0.543945 0.584635 0.542969 0.584635 0.541016 0.587240 0.541016 0.604167 0.541992 0.605469 0.541992 0.606771 0.542969 0.608073 0.542969 0.609375 0.543945 0.609375 0.544922 0.610677 0.546875 0.610677 0.547852 0.611979 0.558594 0.611979 0.560547 0.609375 0.560547 0.608073 0.561523 0.606771 0.561523 0.605469 0.563477 0.602865 0.563477 0.601562 0.564453 0.600260 0.564453 0.598958 0.565430 0.597656 0.565430 0.596354 0.566406 0.595052 0.566406 0.587240 0.565430 0.585938 0.565430 0.584635 0.562500 0.580729 0.561523 0.580729 0.560547 0.579427 0.551758 0.579427 0.550781 0.580729 0.548828 0.580729 0.547852 0.582031
0 0.547852 0.537760 0.546875 0.539062 0.543945 0.539062 0.541992 0.541667 0.541992 0.542969 0.538086 0.548177 0.538086 0.552083 0.537109 0.553385 0.540039 0.557292 0.540039 0.558594 0.541016 0.559896 0.541016 0.562500 0.541992 0.563802 0.541992 0.567708 0.542969 0.569010 0.542969 0.571615 0.543945 0.572917 0.544922 0.572917 0.547852 0.575521 0.552734 0.575521 0.553711 0.574219 0.556641 0.574219 0.557617 0.572917 0.558594 0.572917 0.563477 0.566406 0.564453 0.566406 0.565430 0.565104 0.565430 0.562500 0.564453 0.561198 0.564453 0.557292 0.563477 0.555990 0.563477 0.552083 0.562500 0.550781 0.562500 0.548177 0.560547 0.545573 0.560547 0.544271 0.557617 0.540365 0.556641 0.540365 0.555664 0.539062 0.550781 0.539062 0.549805 0.537760
0 0.573242 0.524740 0.572266 0.526042 0.570312 0.526042 0.569336 0.527344 0.568359 0.527344 0.567383 0.528646 0.566406 0.528646 0.563477 0.532552 0.563477 0.533854 0.561523 0.537760 0.563477 0.541667 0.563477 0.544271 0.564453 0.545573 0.564453 0.549479 0.565430 0.550781 0.565430 0.552083 0.566406 0.553385 0.566406 0.554688 0.568359 0.557292 0.568359 0.558594 0.569336 0.559896 0.569336 0.561198 0.575195 0.569010 0.579102 0.569010 0.580078 0.567708 0.581055 0.567708 0.584961 0.562500 0.584961 0.561198 0.585938 0.559896 0.585938 0.554688 0.586914 0.553385 0.586914 0.552083 0.589844 0.548177 0.589844 0.546875 0.591797 0.544271 0.591797 0.542969 0.590820 0.541667 0.590820 0.537760 0.589844 0.536458 0.589844 0.535156 0.583008 0.526042 0.579102 0.526042 0.578125 0.524740
0 0.512695 0.501302 0.509766 0.505208 0.508789 0.505208 0.506836 0.507812 0.506836 0.509115 0.505859 0.510417 0.505859 0.516927 0.506836 0.518229 0.506836 0.519531 0.515625 0.531250 0.516602 0.531250 0.518555 0.533854 0.519531 0.533854 0.520508 0.535156 0.521484 0.535156 0.524414 0.537760 0.525391 0.537760 0.526367 0.536458 0.527344 0.536458 0.528320 0.535156 0.529297 0.535156 0.531250 0.532552 0.532227 0.532552 0.532227 0.531250 0.534180 0.528646 0.534180 0.515625 0.533203 0.514323 0.533203 0.507812 0.532227 0.506510 0.532227 0.505208 0.531250 0.503906 0.530273 0.503906 0.529297 0.502604 0.528320 0.502604 0.525391 0.500000 0.522461 0.500000 0.521484 0.498698 0.520508 0.498698 0.519531 0.500000 0.515625 0.500000 0.514648 0.501302
0 0.501953 0.467448 0.497070 0.467448 0.493164 0.472656 0.492188 0.472656 0.489258 0.476562 0.488281 0.476562 0.487305 0.477865 0.486328 0.477865 0.484375 0.480469 0.484375 0.483073 0.483398 0.484375 0.483398 0.494792 0.482422 0.496094 0.482422 0.497396 0.483398 0.498698 0.483398 0.502604 0.485352 0.505208 0.486328 0.505208 0.488281 0.507812 0.490234 0.507812 0.491211 0.509115 0.497070 0.509115 0.498047 0.507812 0.500977 0.507812 0.501953 0.506510 0.503906 0.506510 0.504883 0.505208 0.505859 0.505208 0.509766 0.500000 0.509766 0.498698 0.510742 0.497396 0.510742 0.494792 0.511719 0.493490 0.511719 0.488281 0.512695 0.486979 0.512695 0.485677 0.511719 0.484375 0.511719 0.479167 0.505859 0.471354 0.504883 0.471354
0 0.469727 0.427083 0.466797 0.430990 0.466797 0.432292 0.465820 0.433594 0.465820 0.436198 0.464844 0.437500 0.464844 0.447917 0.465820 0.449219 0.465820 0.451823 0.466797 0.453125 0.466797 0.454427 0.468750 0.457031 0.468750 0.458333 0.475586 0.467448 0.476562 0.467448 0.478516 0.470052 0.480469 0.470052 0.481445 0.471354 0.482422 0.471354 0.484375 0.468750 0.485352 0.468750 0.486328 0.467448 0.489258 0.466146 0.494141 0.459635 0.494141 0.458333 0.495117 0.457031 0.495117 0.454427 0.496094 0.453125 0.496094 0.446615 0.495117 0.445312 0.495117 0.442708 0.494141 0.441406 0.494141 0.438802 0.492188 0.436198 0.491211 0.432292 0.487305 0.427083 0.485352 0.427083 0.484375 0.425781 0.478516 0.425781 0.477539 0.427083
0 0.455078 0.404948 0.452148 0.408854 0.451172 0.408854 0.450195 0.410156 0.449219 0.410156 0.447266 0.412760 0.446289 0.412760 0.445312 0.414062 0.445312 0.416667 0.444336 0.417969 0.444336 0.429688 0.446289 0.432292 0.446289 0.433594 0.447266 0.434896 0.447266 0.436198 0.449219 0.438802 0.450195 0.438802 0.451172 0.440104 0.452148 0.440104 0.454102 0.442708 0.456055 0.442708 0.457031 0.444010 0.460938 0.444010 0.462891 0.441406 0.462891 0.437500 0.463867 0.436198 0.463867 0.433594 0.470703 0.424479 0.470703 0.416667 0.469727 0.415365 0.469727 0.414062 0.465820 0.408854 0.465820 0.407552 0.464844 0.406250 0.463867 0.406250 0.462891 0.404948
0 0.418945 0.404948 0.416992 0.408854 0.416992 0.411458 0.416016 0.412760 0.416016 0.415365 0.415039 0.416667 0.415039 0.424479 0.420898 0.432292 0.422852 0.432292 0.423828 0.433594 0.424805 0.433594 0.425781 0.434896 0.426758 0.434896 0.429688 0.437500 0.436523 0.437500 0.437500 0.436198 0.438477 0.436198 0.439453 0.434896 0.439453 0.433594 0.442383 0.429688 0.442383 0.427083 0.443359 0.425781 0.443359 0.416667 0.444336 0.415365 0.444336 0.412760 0.442383 0.410156 0.442383 0.408854 0.440430 0.406250 0.439453 0.406250 0.437500 0.403646 0.436523 0.403646 0.433594 0.399740 0.432617 0.399740 0.431641 0.398438 0.430664 0.398438 0.427734 0.401042 0.425781 0.401042 0.422852 0.403646 0.420898 0.403646 0.419922 0.404948
0 0.449219 0.363281 0.447266 0.365885 0.446289 0.365885 0.441406 0.372396 0.441406 0.373698 0.439453 0.377604 0.439453 0.386719 0.440430 0.388021 0.440430 0.389323 0.441406 0.390625 0.441406 0.391927 0.446289 0.398438 0.447266 0.398438 0.450195 0.401042 0.453125 0.401042 0.454102 0.402344 0.463867 0.402344 0.464844 0.401042 0.464844 0.399740 0.465820 0.398438 0.465820 0.395833 0.466797 0.394531 0.466797 0.386719 0.467773 0.385417 0.467773 0.380208 0.468750 0.378906 0.468750 0.372396 0.466797 0.369792 0.465820 0.369792 0.462891 0.365885 0.459961 0.365885 0.458984 0.364583 0.457031 0.364583 0.456055 0.363281
0 0.471680 0.377604 0.468750 0.380208 0.468750 0.382812 0.467773 0.384115 0.467773 0.393229 0.466797 0.394531 0.466797 0.398438 0.465820 0.399740 0.465820 0.403646 0.466797 0.404948 0.466797 0.407552 0.468750 0.410156 0.468750 0.411458 0.469727 0.411458 0.471680 0.414062 0.472656 0.414062 0.473633 0.415365 0.479492 0.415365 0.480469 0.414062 0.481445 0.414062 0.482422 0.412760 0.483398 0.412760 0.484375 0.411458 0.485352 0.411458 0.486328 0.410156 0.486328 0.408854 0.490234 0.403646 0.490234 0.394531 0.489258 0.393229 0.489258 0.389323 0.488281 0.388021 0.488281 0.385417 0.486328 0.381510 0.485352 0.381510 0.482422 0.378906 0.480469 0.378906 0.479492 0.377604
0 0.484375 0.337240 0.478516 0.337240 0.477539 0.338542 0.472656 0.338542 0.471680 0.339844 0.470703 0.339844 0.469727 0.341146 0.468750 0.341146 0.462891 0.348958 0.462891 0.350260 0.461914 0.351562 0.461914 0.355469 0.462891 0.356771 0.462891 0.359375 0.463867 0.360677 0.463867 0.361979 0.464844 0.363281 0.464844 0.364583 0.471680 0.373698 0.472656 0.373698 0.473633 0.375000 0.475586 0.375000 0.476562 0.373698 0.479492 0.373698 0.480469 0.372396 0.481445 0.372396 0.484375 0.369792 0.486328 0.369792 0.488281 0.367188 0.489258 0.367188 0.491211 0.364583 0.491211 0.363281 0.493164 0.360677 0.492188 0.359375 0.492188 0.354167 0.491211 0.352865 0.491211 0.350260 0.489258 0.347656 0.489258 0.346354 0.487305 0.343750 0.487305 0.342448 0.486328 0.341146 0.486328 0.339844
0 0.406250 0.316406 0.406250 0.329427 0.405273 0.330729 0.406250 0.332031 0.406250 0.337240 0.408203 0.339844 0.408203 0.342448 0.409180 0.343750 0.409180 0.345052 0.411133 0.347656 0.411133 0.348958 0.412109 0.348958 0.413086 0.350260 0.413086 0.351562 0.415039 0.354167 0.416016 0.354167 0.416992 0.355469 0.417969 0.355469 0.418945 0.356771 0.423828 0.359375 0.424805 0.358073 0.426758 0.358073 0.427734 0.356771 0.431641 0.356771 0.433594 0.354167 0.438477 0.351562 0.438477 0.341146 0.437500 0.339844 0.437500 0.335938 0.436523 0.334635 0.436523 0.332031 0.435547 0.330729 0.435547 0.328125 0.434570 0.326823 0.434570 0.322917 0.433594 0.321615 0.433594 0.320312 0.428711 0.313802 0.428711 0.312500 0.427734 0.312500 0.426758 0.311198 0.424805 0.311198 0.423828 0.312500 0.422852 0.311198 0.421875 0.311198 0.420898 0.309896 0.418945 0.309896 0.417969 0.308594 0.414062 0.308594 0.413086 0.309896 0.412109 0.309896 0.410156 0.312500 0.409180 0.312500
0 0.402344 0.292969 0.402344 0.302083 0.403320 0.303385 0.403320 0.305990 0.404297 0.307292 0.404297 0.309896 0.405273 0.311198 0.405273 0.313802 0.406250 0.313802 0.407227 0.315104 0.412109 0.308594 0.414062 0.308594 0.415039 0.307292 0.418945 0.307292 0.419922 0.308594 0.421875 0.308594 0.422852 0.309896 0.429688 0.309896 0.430664 0.308594 0.430664 0.304688 0.429688 0.303385 0.429688 0.300781 0.428711 0.299479 0.428711 0.298177 0.427734 0.296875 0.426758 0.296875 0.425781 0.295573 0.424805 0.295573 0.423828 0.294271 0.423828 0.291667 0.422852 0.290365 0.417969 0.290365 0.416992 0.289062 0.410156 0.289062 0.409180 0.290365 0.405273 0.290365 0.404297 0.291667 0.403320 0.291667
0 0.424805 0.287760 0.424805 0.292969 0.425781 0.294271 0.426758 0.294271 0.429688 0.298177 0.429688 0.299479 0.430664 0.300781 0.430664 0.302083 0.433594 0.305990 0.433594 0.307292 0.434570 0.308594 0.434570 0.309896 0.436523 0.309896 0.437500 0.308594 0.444336 0.308594 0.445312 0.307292 0.448242 0.307292 0.449219 0.305990 0.450195 0.305990 0.451172 0.304688 0.452148 0.304688 0.454102 0.302083 0.454102 0.296875 0.455078 0.295573 0.455078 0.287760 0.446289 0.276042 0.445312 0.276042 0.444336 0.274740 0.441406 0.274740 0.440430 0.273438 0.437500 0.273438 0.436523 0.274740 0.433594 0.274740 0.432617 0.276042 0.431641 0.276042 0.431641 0.277344 0.427734 0.282552 0.427734 0.283854
0 0.453125 0.307292 0.450195 0.307292 0.449219 0.308594 0.446289 0.308594 0.445312 0.309896 0.443359 0.309896 0.442383 0.311198 0.441406 0.311198 0.438477 0.315104 0.437500 0.315104 0.435547 0.319010 0.435547 0.324219 0.436523 0.325521 0.436523 0.328125 0.437500 0.329427 0.437500 0.332031 0.438477 0.333333 0.438477 0.334635 0.440430 0.338542 0.440430 0.341146 0.441406 0.342448 0.441406 0.343750 0.443359 0.346354 0.445312 0.346354 0.446289 0.347656 0.449219 0.347656 0.450195 0.346354 0.454102 0.346354 0.455078 0.345052 0.456055 0.345052 0.457031 0.343750 0.458008 0.343750 0.460938 0.339844 0.460938 0.338542 0.462891 0.335938 0.462891 0.332031 0.463867 0.330729 0.463867 0.322917 0.462891 0.321615 0.462891 0.320312 0.459961 0.316406 0.459961 0.315104 0.458984 0.313802 0.458008 0.313802
0 0.481445 0.243490 0.478516 0.243490 0.473633 0.250000 0.472656 0.250000 0.466797 0.257812 0.465820 0.257812 0.463867 0.261719 0.463867 0.265625 0.462891 0.266927 0.462891 0.272135 0.463867 0.273438 0.463867 0.276042 0.464844 0.277344 0.464844 0.278646 0.465820 0.279948 0.465820 0.281250 0.468750 0.285156 0.469727 0.285156 0.470703 0.286458 0.472656 0.286458 0.473633 0.285156 0.474609 0.285156 0.476562 0.282552 0.478516 0.282552 0.479492 0.281250 0.481445 0.281250 0.482422 0.279948 0.488281 0.279948 0.489258 0.278646 0.490234 0.278646 0.490234 0.277344 0.491211 0.276042 0.491211 0.272135 0.492188 0.270833 0.492188 0.257812 0.491211 0.256510 0.491211 0.253906 0.490234 0.252604 0.489258 0.252604 0.483398 0.244792 0.482422 0.244792
0 0.490234 0.282552 0.483398 0.282552 0.482422 0.283854 0.480469 0.283854 0.479492 0.285156 0.477539 0.285156 0.474609 0.289062 0.474609 0.290365 0.473633 0.291667 0.473633 0.294271 0.472656 0.295573 0.472656 0.298177 0.471680 0.299479 0.471680 0.302083 0.470703 0.303385 0.470703 0.317708 0.471680 0.319010 0.471680 0.320312 0.476562 0.325521 0.477539 0.325521 0.478516 0.326823 0.480469 0.326823 0.481445 0.328125 0.487305 0.325521 0.489258 0.322917 0.492188 0.321615 0.495117 0.317708 0.495117 0.316406 0.496094 0.315104 0.496094 0.313802 0.498047 0.309896 0.498047 0.305990 0.499023 0.304688 0.499023 0.302083 0.500000 0.300781 0.500000 0.292969 0.496094 0.287760 0.496094 0.286458 0.495117 0.286458 0.493164 0.283854 0.491211 0.283854
0 0.516602 0.315104 0.510742 0.315104 0.509766 0.316406 0.506836 0.317708 0.501953 0.324219 0.501953 0.325521 0.500000 0.329427 0.500000 0.333333 0.499023 0.334635 0.499023 0.347656 0.500977 0.350260 0.500977 0.351562 0.501953 0.352865 0.502930 0.352865 0.504883 0.355469 0.506836 0.355469 0.507812 0.356771 0.511719 0.356771 0.512695 0.358073 0.513672 0.358073 0.514648 0.356771 0.516602 0.356771 0.517578 0.355469 0.519531 0.355469 0.520508 0.354167 0.521484 0.354167 0.528320 0.345052 0.528320 0.342448 0.529297 0.341146 0.529297 0.339844 0.528320 0.338542 0.528320 0.334635 0.527344 0.333333 0.527344 0.329427 0.526367 0.328125 0.526367 0.326823 0.525391 0.325521 0.524414 0.321615 0.521484 0.317708 0.520508 0.317708 0.519531 0.316406 0.517578 0.316406
0 0.523438 0.270833 0.519531 0.270833 0.518555 0.272135 0.514648 0.272135 0.513672 0.273438 0.512695 0.273438 0.508789 0.278646 0.508789 0.279948 0.504883 0.285156 0.504883 0.286458 0.502930 0.289062 0.502930 0.290365 0.501953 0.291667 0.501953 0.304688 0.503906 0.307292 0.504883 0.307292 0.505859 0.308594 0.506836 0.308594 0.508789 0.311198 0.509766 0.311198 0.510742 0.312500 0.516602 0.312500 0.517578 0.313802 0.521484 0.313802 0.522461 0.312500 0.523438 0.312500 0.523438 0.311198 0.524414 0.309896 0.524414 0.308594 0.526367 0.305990 0.526367 0.304688 0.528320 0.300781 0.528320 0.296875 0.529297 0.295573 0.529297 0.291667 0.528320 0.290365 0.528320 0.283854 0.527344 0.282552 0.527344 0.278646 0.526367 0.277344 0.526367 0.276042 0.525391 0.274740 0.525391 0.273438
0 0.530273 0.236979 0.529297 0.236979 0.527344 0.234375 0.526367 0.234375 0.523438 0.231771 0.521484 0.231771 0.520508 0.230469 0.519531 0.231771 0.517578 0.231771 0.515625 0.234375 0.514648 0.234375 0.513672 0.235677 0.512695 0.235677 0.511719 0.236979 0.510742 0.236979 0.509766 0.238281 0.508789 0.238281 0.504883 0.243490 0.504883 0.244792 0.502930 0.247396 0.502930 0.250000 0.501953 0.251302 0.501953 0.259115 0.502930 0.260417 0.502930 0.263021 0.506836 0.268229 0.506836 0.269531 0.509766 0.273438 0.510742 0.272135 0.513672 0.272135 0.516602 0.269531 0.520508 0.269531 0.521484 0.268229 0.522461 0.268229 0.525391 0.264323 0.525391 0.263021 0.526367 0.261719 0.526367 0.260417 0.529297 0.256510 0.529297 0.255208 0.530273 0.253906 0.530273 0.252604 0.532227 0.248698 0.532227 0.240885
0 0.546875 0.251302 0.541016 0.251302 0.540039 0.252604 0.538086 0.252604 0.537109 0.253906 0.533203 0.253906 0.532227 0.255208 0.531250 0.255208 0.528320 0.259115 0.528320 0.260417 0.527344 0.261719 0.527344 0.263021 0.525391 0.265625 0.525391 0.270833 0.526367 0.272135 0.526367 0.274740 0.528320 0.278646 0.528320 0.281250 0.529297 0.282552 0.529297 0.286458 0.532227 0.290365 0.547852 0.290365 0.548828 0.289062 0.549805 0.289062 0.549805 0.286458 0.550781 0.285156 0.550781 0.283854 0.551758 0.282552 0.551758 0.279948 0.552734 0.278646 0.552734 0.272135 0.553711 0.270833 0.553711 0.261719 0.552734 0.261719 0.551758 0.260417 0.550781 0.260417 0.547852 0.257812 0.547852 0.252604
0 0.550781 0.235677 0.549805 0.234375 0.548828 0.234375 0.545898 0.230469 0.541016 0.230469 0.540039 0.231771 0.538086 0.231771 0.537109 0.233073 0.536133 0.233073 0.535156 0.234375 0.533203 0.234375 0.532227 0.235677 0.530273 0.235677 0.530273 0.236979 0.531250 0.238281 0.531250 0.239583 0.532227 0.240885 0.532227 0.243490 0.533203 0.244792 0.533203 0.246094 0.532227 0.247396 0.532227 0.248698 0.531250 0.250000 0.531250 0.252604 0.532227 0.253906 0.533203 0.253906 0.534180 0.252604 0.538086 0.252604 0.539062 0.251302 0.546875 0.251302 0.547852 0.250000 0.547852 0.247396 0.548828 0.246094 0.548828 0.240885 0.549805 0.239583 0.549805 0.238281 0.550781 0.236979
0 0.568359 0.203125 0.567383 0.203125 0.564453 0.200521 0.561523 0.200521 0.560547 0.199219 0.559570 0.199219 0.558594 0.200521 0.554688 0.200521 0.553711 0.201823 0.552734 0.201823 0.550781 0.204427 0.548828 0.204427 0.547852 0.205729 0.546875 0.205729 0.545898 0.207031 0.544922 0.207031 0.544922 0.208333 0.543945 0.209635 0.543945 0.216146 0.544922 0.217448 0.544922 0.229167 0.546875 0.231771 0.547852 0.231771 0.548828 0.233073 0.549805 0.233073 0.552734 0.235677 0.555664 0.235677 0.556641 0.234375 0.558594 0.234375 0.559570 0.233073 0.561523 0.233073 0.562500 0.231771 0.567383 0.231771 0.568359 0.230469 0.570312 0.230469 0.571289 0.229167 0.571289 0.222656 0.572266 0.221354 0.572266 0.214844 0.571289 0.213542 0.571289 0.210938 0.570312 0.209635 0.570312 0.207031
0 0.579102 0.248698 0.578125 0.248698 0.577148 0.247396 0.570312 0.247396 0.567383 0.250000 0.565430 0.250000 0.560547 0.255208 0.560547 0.256510 0.559570 0.257812 0.559570 0.260417 0.558594 0.261719 0.558594 0.264323 0.556641 0.266927 0.556641 0.270833 0.555664 0.272135 0.555664 0.281250 0.556641 0.282552 0.556641 0.283854 0.560547 0.289062 0.562500 0.289062 0.563477 0.287760 0.564453 0.289062 0.566406 0.289062 0.567383 0.290365 0.572266 0.290365 0.572266 0.289062 0.576172 0.283854 0.577148 0.283854 0.579102 0.281250 0.580078 0.281250 0.583008 0.277344 0.583008 0.276042 0.583984 0.274740 0.583984 0.272135 0.584961 0.270833 0.584961 0.259115 0.583984 0.257812 0.583984 0.256510 0.582031 0.253906 0.582031 0.252604
0 0.624023 0.230469 0.623047 0.230469 0.622070 0.229167 0.619141 0.227865 0.614258 0.221354 0.613281 0.221354 0.610352 0.218750 0.608398 0.218750 0.607422 0.217448 0.606445 0.217448 0.603516 0.220052 0.600586 0.220052 0.599609 0.221354 0.598633 0.221354 0.595703 0.225260 0.594727 0.225260 0.586914 0.235677 0.585938 0.239583 0.583984 0.242188 0.583984 0.244792 0.583008 0.246094 0.583008 0.247396 0.588867 0.255208 0.593750 0.255208 0.594727 0.256510 0.603516 0.256510 0.604492 0.255208 0.607422 0.253906 0.611328 0.248698 0.612305 0.248698 0.612305 0.247396 0.615234 0.243490 0.616211 0.243490 0.621094 0.236979 0.621094 0.235677 0.624023 0.231771
0 0.616211 0.252604 0.615234 0.253906 0.614258 0.253906 0.612305 0.256510 0.611328 0.256510 0.607422 0.261719 0.606445 0.261719 0.606445 0.263021 0.602539 0.268229 0.604492 0.270833 0.605469 0.270833 0.606445 0.272135 0.606445 0.278646 0.607422 0.279948 0.607422 0.282552 0.609375 0.286458 0.613281 0.286458 0.614258 0.287760 0.615234 0.287760 0.616211 0.289062 0.618164 0.289062 0.621094 0.291667 0.625977 0.291667 0.627930 0.289062 0.629883 0.289062 0.636719 0.279948 0.636719 0.278646 0.638672 0.274740 0.638672 0.264323 0.639648 0.263021 0.639648 0.261719 0.638672 0.260417 0.638672 0.259115 0.636719 0.256510 0.634766 0.256510 0.633789 0.255208 0.631836 0.255208 0.630859 0.253906 0.628906 0.253906 0.627930 0.252604 0.625977 0.252604 0.625000 0.251302 0.620117 0.251302 0.619141 0.252604
0 0.639648 0.240885 0.637695 0.238281 0.637695 0.236979 0.635742 0.234375 0.634766 0.234375 0.632812 0.231771 0.630859 0.231771 0.629883 0.230469 0.628906 0.231771 0.625977 0.231771 0.624023 0.234375 0.623047 0.234375 0.622070 0.235677 0.622070 0.236979 0.614258 0.247396 0.614258 0.250000 0.613281 0.251302 0.620117 0.251302 0.621094 0.250000 0.625000 0.250000 0.625977 0.251302 0.628906 0.251302 0.629883 0.252604 0.632812 0.252604 0.633789 0.253906 0.634766 0.253906 0.635742 0.255208 0.636719 0.255208 0.637695 0.256510 0.638672 0.256510 0.638672 0.255208 0.639648 0.253906 0.639648 0.250000 0.638672 0.248698 0.638672 0.246094 0.639648 0.244792
0 0.606445 0.205729 0.606445 0.209635 0.607422 0.210938 0.607422 0.214844 0.608398 0.216146 0.609375 0.216146 0.613281 0.221354 0.614258 0.221354 0.615234 0.222656 0.616211 0.222656 0.619141 0.226562 0.620117 0.226562 0.621094 0.227865 0.622070 0.227865 0.623047 0.229167 0.626953 0.229167 0.627930 0.227865 0.627930 0.220052 0.628906 0.218750 0.628906 0.214844 0.627930 0.213542 0.627930 0.212240 0.626953 0.210938 0.625977 0.210938 0.625000 0.209635 0.624023 0.209635 0.623047 0.208333 0.622070 0.208333 0.621094 0.207031 0.620117 0.207031 0.619141 0.205729 0.615234 0.205729 0.614258 0.204427 0.608398 0.204427 0.607422 0.205729
0 0.632812 0.209635 0.632812 0.210938 0.631836 0.212240 0.631836 0.214844 0.630859 0.216146 0.630859 0.229167 0.634766 0.234375 0.635742 0.234375 0.636719 0.235677 0.636719 0.236979 0.638672 0.239583 0.638672 0.240885 0.640625 0.243490 0.646484 0.243490 0.647461 0.242188 0.649414 0.242188 0.650391 0.240885 0.650391 0.239583 0.653320 0.235677 0.653320 0.234375 0.654297 0.233073 0.654297 0.231771 0.655273 0.230469 0.655273 0.226562 0.654297 0.225260 0.654297 0.221354 0.653320 0.220052 0.653320 0.210938 0.652344 0.209635 0.651367 0.209635 0.650391 0.208333 0.642578 0.208333 0.641602 0.207031 0.636719 0.207031 0.635742 0.208333 0.634766 0.208333 0.633789 0.209635
0 0.659180 0.227865 0.658203 0.229167 0.658203 0.230469 0.656250 0.233073 0.656250 0.234375 0.655273 0.235677 0.654297 0.235677 0.654297 0.236979 0.651367 0.240885 0.651367 0.242188 0.650391 0.243490 0.650391 0.244792 0.649414 0.246094 0.649414 0.253906 0.650391 0.253906 0.651367 0.255208 0.655273 0.255208 0.656250 0.256510 0.658203 0.256510 0.659180 0.257812 0.672852 0.257812 0.673828 0.256510 0.674805 0.256510 0.675781 0.255208 0.675781 0.253906 0.676758 0.252604 0.676758 0.243490 0.677734 0.242188 0.677734 0.235677 0.675781 0.233073 0.674805 0.233073 0.673828 0.231771 0.672852 0.231771 0.668945 0.226562 0.662109 0.226562 0.661133 0.227865
0 0.653320 0.240885 0.652344 0.242188 0.652344 0.243490 0.649414 0.246094 0.649414 0.251302 0.648438 0.252604 0.648438 0.253906 0.645508 0.257812 0.645508 0.259115 0.643555 0.261719 0.643555 0.263021 0.642578 0.264323 0.642578 0.270833 0.641602 0.272135 0.641602 0.274740 0.643555 0.277344 0.646484 0.278646 0.648438 0.281250 0.649414 0.281250 0.650391 0.282552 0.653320 0.282552 0.654297 0.283854 0.656250 0.283854 0.657227 0.285156 0.662109 0.285156 0.663086 0.283854 0.665039 0.283854 0.666992 0.281250 0.666992 0.279948 0.669922 0.276042 0.669922 0.274740 0.670898 0.273438 0.670898 0.268229 0.673828 0.264323 0.673828 0.261719 0.674805 0.260417 0.674805 0.250000 0.675781 0.248698 0.675781 0.246094 0.674805 0.244792 0.672852 0.244792 0.669922 0.248698 0.669922 0.250000 0.668945 0.251302 0.666992 0.251302 0.666016 0.252604 0.665039 0.252604 0.663086 0.255208 0.661133 0.255208 0.660156 0.253906 0.659180 0.253906 0.657227 0.251302 0.658203 0.247396 0.657227 0.247396 0.655273 0.244792 0.655273 0.242188 0.654297 0.240885
0 0.660156 0.289062 0.659180 0.289062 0.654297 0.285156 0.652344 0.285156 0.651367 0.283854 0.640625 0.283854 0.639648 0.285156 0.639648 0.286458 0.637695 0.289062 0.634766 0.289062 0.635742 0.292969 0.633789 0.295573 0.631836 0.295573 0.629883 0.298177 0.628906 0.298177 0.627930 0.299479 0.628906 0.299479 0.629883 0.300781 0.629883 0.303385 0.630859 0.304688 0.630859 0.316406 0.631836 0.317708 0.631836 0.319010 0.634766 0.322917 0.636719 0.322917 0.637695 0.324219 0.639648 0.324219 0.640625 0.322917 0.645508 0.322917 0.650391 0.316406 0.650391 0.315104 0.653320 0.311198 0.654297 0.311198 0.655273 0.309896 0.659180 0.309896 0.660156 0.308594 0.662109 0.308594 0.664062 0.304688 0.664062 0.296875 0.663086 0.295573 0.662109 0.291667
0 0.590820 0.309896 0.587891 0.305990 0.587891 0.304688 0.586914 0.304688 0.583008 0.299479 0.582031 0.299479 0.580078 0.296875 0.574219 0.296875 0.573242 0.298177 0.572266 0.298177 0.571289 0.299479 0.570312 0.299479 0.569336 0.300781 0.567383 0.300781 0.563477 0.305990 0.563477 0.324219 0.568359 0.324219 0.569336 0.322917 0.570312 0.322917 0.571289 0.321615 0.577148 0.321615 0.578125 0.322917 0.583984 0.322917 0.584961 0.321615 0.585938 0.321615 0.586914 0.320312 0.587891 0.320312 0.588867 0.319010 0.589844 0.319010 0.589844 0.317708 0.590820 0.316406
0 0.591797 0.317708 0.589844 0.320312 0.586914 0.321615 0.583984 0.325521 0.584961 0.326823 0.584961 0.330729 0.585938 0.332031 0.586914 0.335938 0.585938 0.337240 0.585938 0.341146 0.583984 0.343750 0.583984 0.347656 0.583008 0.348958 0.583008 0.350260 0.584961 0.354167 0.585938 0.354167 0.586914 0.355469 0.590820 0.355469 0.592773 0.358073 0.592773 0.360677 0.594727 0.360677 0.595703 0.361979 0.601562 0.361979 0.602539 0.360677 0.603516 0.360677 0.607422 0.355469 0.607422 0.352865 0.609375 0.348958 0.609375 0.343750 0.610352 0.342448 0.610352 0.339844 0.609375 0.338542 0.609375 0.333333 0.608398 0.332031 0.608398 0.330729 0.607422 0.329427 0.604492 0.328125 0.603516 0.326823 0.603516 0.325521 0.602539 0.325521 0.599609 0.321615 0.599609 0.320312 0.597656 0.317708
0 0.618164 0.322917 0.616211 0.325521 0.615234 0.325521 0.611328 0.330729 0.611328 0.332031 0.610352 0.333333 0.610352 0.337240 0.611328 0.338542 0.611328 0.350260 0.615234 0.355469 0.616211 0.355469 0.617188 0.356771 0.625000 0.356771 0.625977 0.358073 0.631836 0.358073 0.633789 0.355469 0.633789 0.354167 0.636719 0.350260 0.636719 0.347656 0.637695 0.346354 0.637695 0.335938 0.636719 0.334635 0.636719 0.332031 0.635742 0.330729 0.634766 0.330729 0.632812 0.328125 0.631836 0.328125 0.630859 0.326823 0.629883 0.326823 0.627930 0.324219 0.625000 0.324219 0.624023 0.322917
0 0.582031 0.325521 0.581055 0.325521 0.578125 0.322917 0.576172 0.322917 0.575195 0.321615 0.574219 0.321615 0.573242 0.322917 0.570312 0.322917 0.569336 0.324219 0.567383 0.324219 0.564453 0.326823 0.562500 0.326823 0.558594 0.332031 0.557617 0.332031 0.554688 0.335938 0.554688 0.337240 0.553711 0.338542 0.553711 0.341146 0.550781 0.345052 0.550781 0.346354 0.549805 0.347656 0.548828 0.351562 0.549805 0.352865 0.549805 0.355469 0.550781 0.356771 0.550781 0.358073 0.560547 0.372396 0.563477 0.369792 0.566406 0.369792 0.567383 0.368490 0.569336 0.368490 0.570312 0.367188 0.573242 0.365885 0.576172 0.361979 0.576172 0.360677 0.578125 0.358073 0.579102 0.354167 0.581055 0.351562 0.581055 0.350260 0.582031 0.348958 0.583008 0.345052 0.584961 0.342448 0.584961 0.341146 0.585938 0.339844 0.585938 0.333333 0.584961 0.332031 0.583984 0.328125
0 0.554688 0.299479 0.546875 0.299479 0.545898 0.300781 0.543945 0.300781 0.542969 0.302083 0.541016 0.302083 0.540039 0.303385 0.536133 0.303385 0.535156 0.304688 0.534180 0.304688 0.530273 0.309896 0.530273 0.311198 0.528320 0.313802 0.528320 0.316406 0.527344 0.317708 0.527344 0.321615 0.528320 0.322917 0.528320 0.325521 0.530273 0.328125 0.530273 0.329427 0.534180 0.334635 0.535156 0.338542 0.537109 0.341146 0.543945 0.341146 0.544922 0.339844 0.546875 0.339844 0.547852 0.338542 0.548828 0.338542 0.549805 0.337240 0.550781 0.337240 0.551758 0.335938 0.554688 0.334635 0.561523 0.325521 0.561523 0.309896 0.560547 0.308594 0.560547 0.307292
0 0.554688 0.365885 0.547852 0.356771 0.547852 0.355469 0.546875 0.354167 0.545898 0.354167 0.544922 0.352865 0.543945 0.352865 0.541016 0.350260 0.537109 0.350260 0.536133 0.348958 0.535156 0.350260 0.531250 0.350260 0.528320 0.352865 0.528320 0.354167 0.524414 0.359375 0.524414 0.360677 0.520508 0.365885 0.520508 0.372396 0.521484 0.373698 0.521484 0.376302 0.523438 0.378906 0.523438 0.380208 0.525391 0.382812 0.526367 0.382812 0.527344 0.384115 0.531250 0.384115 0.532227 0.382812 0.533203 0.382812 0.534180 0.381510 0.536133 0.381510 0.537109 0.380208 0.540039 0.380208 0.541016 0.378906 0.546875 0.378906 0.547852 0.377604 0.548828 0.377604 0.549805 0.376302 0.550781 0.376302 0.554688 0.371094
0 0.547852 0.384115 0.545898 0.386719 0.544922 0.386719 0.543945 0.388021 0.543945 0.389323 0.541016 0.393229 0.541016 0.394531 0.539062 0.398438 0.539062 0.401042 0.538086 0.402344 0.538086 0.403646 0.539062 0.404948 0.539062 0.411458 0.541992 0.415365 0.542969 0.415365 0.544922 0.417969 0.545898 0.417969 0.546875 0.419271 0.549805 0.419271 0.550781 0.420573 0.552734 0.420573 0.553711 0.421875 0.555664 0.421875 0.556641 0.423177 0.560547 0.423177 0.561523 0.421875 0.562500 0.421875 0.565430 0.417969 0.565430 0.416667 0.567383 0.414062 0.567383 0.412760 0.568359 0.411458 0.568359 0.408854 0.569336 0.407552 0.569336 0.397135 0.568359 0.395833 0.568359 0.391927 0.567383 0.390625 0.567383 0.389323 0.563477 0.384115 0.555664 0.384115 0.554688 0.382812 0.550781 0.382812 0.549805 0.384115
0 0.595703 0.399740 0.581055 0.399740 0.580078 0.401042 0.577148 0.401042 0.576172 0.402344 0.575195 0.402344 0.573242 0.404948 0.572266 0.404948 0.569336 0.408854 0.569336 0.411458 0.568359 0.412760 0.568359 0.414062 0.566406 0.417969 0.566406 0.421875 0.565430 0.423177 0.568359 0.434896 0.569336 0.436198 0.578125 0.436198 0.579102 0.437500 0.581055 0.437500 0.582031 0.438802 0.586914 0.438802 0.587891 0.437500 0.587891 0.436198 0.589844 0.433594 0.589844 0.432292 0.592773 0.429688 0.592773 0.428385 0.596680 0.423177 0.596680 0.421875 0.599609 0.417969 0.599609 0.415365 0.600586 0.414062 0.600586 0.410156 0.599609 0.408854 0.599609 0.406250
0 0.621094 0.408854 0.620117 0.408854 0.617188 0.406250 0.615234 0.406250 0.614258 0.404948 0.606445 0.404948 0.605469 0.406250 0.603516 0.406250 0.601562 0.408854 0.601562 0.414062 0.599609 0.417969 0.599609 0.420573 0.597656 0.423177 0.597656 0.425781 0.595703 0.428385 0.595703 0.432292 0.596680 0.433594 0.596680 0.438802 0.597656 0.438802 0.600586 0.442708 0.610352 0.442708 0.611328 0.441406 0.612305 0.441406 0.613281 0.440104 0.614258 0.440104 0.616211 0.436198 0.616211 0.432292 0.617188 0.430990 0.617188 0.429688 0.618164 0.428385 0.618164 0.427083 0.620117 0.424479 0.620117 0.423177 0.621094 0.421875 0.621094 0.420573 0.623047 0.416667 0.623047 0.411458
0 0.630859 0.360677 0.628906 0.360677 0.627930 0.359375 0.616211 0.359375 0.615234 0.360677 0.614258 0.360677 0.604492 0.373698 0.604492 0.382812 0.605469 0.384115 0.605469 0.385417 0.606445 0.385417 0.607422 0.386719 0.607422 0.388021 0.602539 0.393229 0.602539 0.395833 0.603516 0.397135 0.603516 0.399740 0.606445 0.403646 0.607422 0.403646 0.610352 0.401042 0.611328 0.401042 0.612305 0.402344 0.616211 0.402344 0.617188 0.403646 0.620117 0.403646 0.621094 0.402344 0.624023 0.402344 0.625000 0.401042 0.626953 0.401042 0.637695 0.386719 0.637695 0.385417 0.638672 0.384115 0.638672 0.380208 0.636719 0.376302 0.636719 0.372396 0.635742 0.371094 0.634766 0.367188
0 0.504883 0.359375 0.503906 0.360677 0.498047 0.360677 0.497070 0.361979 0.494141 0.361979 0.490234 0.367188 0.490234 0.369792 0.488281 0.373698 0.488281 0.381510 0.492188 0.386719 0.492188 0.388021 0.495117 0.391927 0.495117 0.393229 0.497070 0.395833 0.497070 0.397135 0.498047 0.398438 0.504883 0.398438 0.505859 0.397135 0.506836 0.397135 0.508789 0.394531 0.509766 0.394531 0.510742 0.393229 0.511719 0.393229 0.511719 0.391927 0.512695 0.390625 0.512695 0.389323 0.513672 0.388021 0.513672 0.386719 0.517578 0.381510 0.517578 0.376302 0.515625 0.373698 0.515625 0.372396 0.511719 0.367188 0.511719 0.365885 0.507812 0.360677 0.505859 0.360677
0 0.512695 0.397135 0.507812 0.397135 0.504883 0.399740 0.501953 0.399740 0.500977 0.401042 0.499023 0.401042 0.496094 0.403646 0.494141 0.403646 0.493164 0.404948 0.490234 0.406250 0.488281 0.408854 0.488281 0.410156 0.487305 0.411458 0.487305 0.416667 0.488281 0.417969 0.488281 0.423177 0.489258 0.424479 0.490234 0.428385 0.494141 0.434896 0.494141 0.436198 0.495117 0.436198 0.496094 0.437500 0.505859 0.437500 0.506836 0.436198 0.508789 0.436198 0.511719 0.433594 0.513672 0.433594 0.514648 0.432292 0.517578 0.430990 0.517578 0.429688 0.518555 0.428385 0.518555 0.410156 0.517578 0.408854 0.517578 0.406250 0.516602 0.404948 0.516602 0.403646 0.513672 0.399740 0.513672 0.398438
0 0.520508 0.406250 0.519531 0.407552 0.519531 0.408854 0.520508 0.410156 0.520508 0.429688 0.522461 0.432292 0.522461 0.433594 0.523438 0.434896 0.523438 0.436198 0.524414 0.437500 0.524414 0.438802 0.528320 0.444010 0.540039 0.444010 0.541992 0.441406 0.541992 0.440104 0.542969 0.438802 0.542969 0.436198 0.543945 0.434896 0.543945 0.433594 0.545898 0.429688 0.545898 0.425781 0.546875 0.424479 0.546875 0.423177 0.545898 0.421875 0.545898 0.420573 0.542969 0.416667 0.541992 0.416667 0.539062 0.412760 0.539062 0.411458 0.538086 0.410156 0.538086 0.404948 0.536133 0.402344 0.531250 0.402344 0.530273 0.403646 0.524414 0.403646 0.523438 0.404948 0.522461 0.404948 0.521484 0.406250
0 0.507812 0.437500 0.504883 0.441406 0.504883 0.442708 0.502930 0.446615 0.502930 0.449219 0.501953 0.450521 0.501953 0.457031 0.502930 0.458333 0.502930 0.464844 0.503906 0.466146 0.503906 0.467448 0.504883 0.468750 0.505859 0.468750 0.508789 0.472656 0.509766 0.472656 0.510742 0.473958 0.512695 0.473958 0.513672 0.475260 0.522461 0.475260 0.523438 0.473958 0.525391 0.473958 0.528320 0.470052 0.529297 0.470052 0.531250 0.466146 0.531250 0.457031 0.530273 0.455729 0.530273 0.454427 0.529297 0.453125 0.529297 0.451823 0.527344 0.449219 0.527344 0.446615 0.525391 0.444010 0.525391 0.442708 0.524414 0.441406 0.524414 0.440104 0.523438 0.438802 0.523438 0.437500 0.521484 0.434896 0.513672 0.434896 0.512695 0.436198 0.510742 0.436198 0.509766 0.437500
0 0.533203 0.464844 0.533203 0.466146 0.526367 0.475260 0.525391 0.475260 0.525391 0.479167 0.524414 0.480469 0.525391 0.481771 0.525391 0.488281 0.526367 0.489583 0.526367 0.496094 0.529297 0.500000 0.531250 0.500000 0.532227 0.501302 0.535156 0.501302 0.536133 0.502604 0.538086 0.502604 0.539062 0.503906 0.541016 0.503906 0.541992 0.505208 0.545898 0.505208 0.546875 0.503906 0.548828 0.503906 0.549805 0.502604 0.550781 0.502604 0.552734 0.500000 0.552734 0.498698 0.553711 0.497396 0.553711 0.496094 0.552734 0.494792 0.552734 0.481771 0.553711 0.480469 0.553711 0.476562 0.554688 0.475260 0.554688 0.467448 0.553711 0.467448 0.552734 0.466146 0.550781 0.466146 0.547852 0.463542 0.544922 0.463542 0.543945 0.462240 0.541016 0.462240 0.540039 0.463542 0.536133 0.463542 0.535156 0.464844
0 0.551758 0.429688 0.549805 0.432292 0.548828 0.432292 0.547852 0.433594 0.546875 0.433594 0.544922 0.436198 0.544922 0.438802 0.541016 0.446615 0.541016 0.458333 0.543945 0.460938 0.545898 0.460938 0.546875 0.462240 0.547852 0.462240 0.548828 0.463542 0.549805 0.463542 0.552734 0.466146 0.554688 0.466146 0.555664 0.467448 0.562500 0.467448 0.564453 0.464844 0.564453 0.460938 0.565430 0.459635 0.565430 0.457031 0.566406 0.455729 0.566406 0.444010 0.565430 0.442708 0.565430 0.440104 0.564453 0.438802 0.564453 0.434896 0.560547 0.434896 0.556641 0.429688
0 0.569336 0.454427 0.568359 0.455729 0.567383 0.455729 0.567383 0.457031 0.566406 0.458333 0.566406 0.462240 0.565430 0.463542 0.565430 0.464844 0.562500 0.468750 0.561523 0.468750 0.560547 0.470052 0.560547 0.471354 0.559570 0.472656 0.559570 0.479167 0.560547 0.480469 0.560547 0.481771 0.563477 0.485677 0.564453 0.485677 0.567383 0.488281 0.571289 0.488281 0.572266 0.489583 0.579102 0.489583 0.584961 0.484375 0.584961 0.483073 0.585938 0.481771 0.585938 0.479167 0.586914 0.477865 0.586914 0.476562 0.591797 0.470052 0.591797 0.468750 0.593750 0.466146 0.593750 0.462240 0.591797 0.458333 0.583984 0.458333 0.583008 0.457031 0.582031 0.457031 0.579102 0.454427
0 0.577148 0.496094 0.576172 0.494792 0.574219 0.494792 0.573242 0.493490 0.567383 0.493490 0.564453 0.490885 0.562500 0.490885 0.561523 0.489583 0.559570 0.489583 0.555664 0.494792 0.555664 0.496094 0.554688 0.497396 0.554688 0.498698 0.547852 0.507812 0.547852 0.509115 0.546875 0.510417 0.546875 0.515625 0.547852 0.516927 0.547852 0.520833 0.548828 0.522135 0.548828 0.523438 0.550781 0.526042 0.551758 0.526042 0.552734 0.527344 0.563477 0.527344 0.564453 0.526042 0.567383 0.526042 0.568359 0.524740 0.569336 0.524740 0.570312 0.523438 0.571289 0.523438 0.572266 0.522135 0.573242 0.522135 0.574219 0.520833 0.574219 0.519531 0.576172 0.516927 0.576172 0.514323 0.577148 0.513021 0.577148 0.509115 0.576172 0.507812 0.577148 0.506510
0 0.619141 0.485677 0.617188 0.483073 0.611328 0.483073 0.610352 0.481771 0.606445 0.481771 0.605469 0.480469 0.597656 0.480469 0.596680 0.481771 0.593750 0.481771 0.592773 0.483073 0.589844 0.484375 0.586914 0.488281 0.585938 0.488281 0.583008 0.490885 0.583008 0.493490 0.582031 0.494792 0.582031 0.497396 0.581055 0.498698 0.581055 0.505208 0.582031 0.506510 0.582031 0.507812 0.581055 0.509115 0.581055 0.514323 0.582031 0.515625 0.582031 0.518229 0.583008 0.518229 0.585938 0.520833 0.600586 0.520833 0.601562 0.519531 0.609375 0.519531 0.610352 0.518229 0.611328 0.518229 0.612305 0.516927 0.612305 0.515625 0.615234 0.511719 0.615234 0.510417 0.617188 0.507812 0.617188 0.505208 0.618164 0.503906 0.618164 0.500000 0.619141 0.498698
0 0.617188 0.510417 0.615234 0.513021 0.614258 0.516927 0.611328 0.520833 0.611328 0.522135 0.610352 0.523438 0.610352 0.526042 0.609375 0.527344 0.609375 0.533854 0.610352 0.535156 0.611328 0.539062 0.612305 0.539062 0.614258 0.541667 0.615234 0.541667 0.616211 0.542969 0.618164 0.542969 0.619141 0.544271 0.620117 0.544271 0.621094 0.545573 0.623047 0.545573 0.624023 0.546875 0.626953 0.546875 0.627930 0.548177 0.632812 0.548177 0.633789 0.546875 0.634766 0.546875 0.636719 0.544271 0.637695 0.544271 0.639648 0.541667 0.640625 0.541667 0.643555 0.537760 0.643555 0.533854 0.644531 0.532552 0.644531 0.523438 0.643555 0.522135 0.643555 0.518229 0.638672 0.511719 0.637695 0.511719 0.635742 0.509115 0.633789 0.509115 0.632812 0.507812 0.624023 0.507812 0.623047 0.509115 0.619141 0.509115 0.618164 0.510417
0 0.631836 0.470052 0.629883 0.472656 0.629883 0.473958 0.628906 0.475260 0.627930 0.475260 0.625000 0.477865 0.625000 0.479167 0.624023 0.480469 0.624023 0.481771 0.622070 0.484375 0.622070 0.485677 0.621094 0.486979 0.622070 0.488281 0.622070 0.490885 0.623047 0.492188 0.623047 0.493490 0.625000 0.497396 0.625000 0.501302 0.626953 0.503906 0.631836 0.503906 0.632812 0.505208 0.635742 0.505208 0.636719 0.506510 0.639648 0.506510 0.640625 0.505208 0.642578 0.505208 0.644531 0.502604 0.644531 0.501302 0.646484 0.497396 0.646484 0.484375 0.647461 0.483073 0.647461 0.479167 0.646484 0.477865 0.646484 0.475260 0.645508 0.473958 0.645508 0.472656 0.644531 0.472656 0.643555 0.471354 0.638672 0.471354 0.637695 0.470052
0 0.620117 0.442708 0.619141 0.442708 0.618164 0.441406 0.615234 0.441406 0.612305 0.444010 0.607422 0.444010 0.606445 0.445312 0.604492 0.445312 0.603516 0.446615 0.601562 0.446615 0.600586 0.447917 0.597656 0.449219 0.593750 0.454427 0.593750 0.459635 0.594727 0.460938 0.594727 0.462240 0.596680 0.466146 0.596680 0.468750 0.601562 0.475260 0.601562 0.476562 0.602539 0.477865 0.604492 0.477865 0.605469 0.479167 0.614258 0.479167 0.615234 0.477865 0.620117 0.477865 0.621094 0.476562 0.624023 0.476562 0.625000 0.475260 0.627930 0.473958 0.627930 0.472656 0.628906 0.471354 0.628906 0.464844 0.627930 0.463542 0.627930 0.460938 0.626953 0.459635 0.626953 0.458333 0.625977 0.457031 0.625977 0.455729 0.625000 0.454427 0.625000 0.453125 0.624023 0.451823 0.624023 0.450521 0.623047 0.449219 0.622070 0.445312
0 0.657227 0.470052 0.652344 0.476562 0.652344 0.484375 0.650391 0.486979 0.651367 0.485677 0.653320 0.485677 0.655273 0.488281 0.655273 0.489583 0.656250 0.490885 0.656250 0.494792 0.655273 0.496094 0.655273 0.497396 0.656250 0.498698 0.656250 0.501302 0.657227 0.502604 0.659180 0.502604 0.662109 0.505208 0.676758 0.505208 0.679688 0.501302 0.680664 0.501302 0.682617 0.498698 0.682617 0.497396 0.686523 0.492188 0.686523 0.490885 0.687500 0.489583 0.687500 0.481771 0.686523 0.480469 0.686523 0.479167 0.685547 0.477865 0.685547 0.476562 0.684570 0.475260 0.683594 0.471354 0.679688 0.466146 0.678711 0.466146 0.675781 0.463542 0.668945 0.463542 0.667969 0.464844 0.665039 0.464844 0.664062 0.466146 0.663086 0.466146 0.662109 0.467448 0.661133 0.467448 0.660156 0.468750
0 0.628906 0.434896 0.625000 0.440104 0.625000 0.446615 0.625977 0.447917 0.625977 0.450521 0.626953 0.451823 0.626953 0.454427 0.628906 0.457031 0.628906 0.458333 0.630859 0.462240 0.630859 0.464844 0.632812 0.467448 0.637695 0.467448 0.638672 0.468750 0.650391 0.468750 0.652344 0.466146 0.653320 0.466146 0.653320 0.464844 0.654297 0.463542 0.654297 0.462240 0.656250 0.458333 0.656250 0.453125 0.657227 0.451823 0.657227 0.432292 0.656250 0.430990 0.656250 0.429688 0.654297 0.429688 0.653320 0.428385 0.641602 0.428385 0.640625 0.429688 0.637695 0.429688 0.636719 0.430990 0.633789 0.430990 0.631836 0.433594
0 0.681641 0.503906 0.679688 0.506510 0.678711 0.506510 0.676758 0.509115 0.676758 0.510417 0.675781 0.511719 0.675781 0.513021 0.672852 0.516927 0.672852 0.518229 0.670898 0.522135 0.670898 0.526042 0.669922 0.527344 0.669922 0.528646 0.670898 0.529948 0.670898 0.531250 0.672852 0.535156 0.672852 0.537760 0.674805 0.541667 0.675781 0.541667 0.676758 0.542969 0.677734 0.542969 0.679688 0.545573 0.686523 0.545573 0.687500 0.544271 0.688477 0.544271 0.691406 0.540365 0.692383 0.540365 0.695312 0.536458 0.695312 0.535156 0.697266 0.532552 0.697266 0.528646 0.698242 0.527344 0.698242 0.515625 0.697266 0.514323 0.697266 0.513021 0.695312 0.510417 0.694336 0.510417 0.690430 0.505208 0.686523 0.505208 0.685547 0.503906
0 0.645508 0.541667 0.643555 0.541667 0.642578 0.542969 0.640625 0.542969 0.639648 0.544271 0.638672 0.544271 0.636719 0.546875 0.635742 0.546875 0.632812 0.549479 0.628906 0.549479 0.627930 0.550781 0.626953 0.550781 0.625000 0.553385 0.625000 0.557292 0.624023 0.558594 0.624023 0.566406 0.625000 0.567708 0.625000 0.570312 0.626953 0.574219 0.626953 0.578125 0.629883 0.582031 0.631836 0.582031 0.632812 0.580729 0.636719 0.580729 0.637695 0.582031 0.638672 0.582031 0.639648 0.580729 0.642578 0.580729 0.643555 0.579427 0.644531 0.579427 0.645508 0.578125 0.646484 0.578125 0.647461 0.576823 0.647461 0.575521 0.649414 0.572917 0.649414 0.571615 0.650391 0.570312 0.650391 0.565104 0.651367 0.563802 0.650391 0.562500 0.650391 0.559896 0.649414 0.558594 0.649414 0.555990 0.648438 0.554688 0.648438 0.552083 0.647461 0.550781 0.647461 0.544271
0 0.592773 0.546875 0.590820 0.549479 0.590820 0.550781 0.588867 0.554688 0.588867 0.557292 0.587891 0.558594 0.587891 0.559896 0.588867 0.561198 0.588867 0.565104 0.589844 0.566406 0.589844 0.567708 0.590820 0.569010 0.590820 0.570312 0.591797 0.571615 0.592773 0.575521 0.593750 0.576823 0.594727 0.576823 0.597656 0.580729 0.598633 0.580729 0.601562 0.583333 0.611328 0.583333 0.612305 0.582031 0.613281 0.582031 0.614258 0.580729 0.614258 0.579427 0.615234 0.578125 0.615234 0.576823 0.616211 0.575521 0.617188 0.571615 0.619141 0.569010 0.619141 0.561198 0.618164 0.559896 0.618164 0.557292 0.617188 0.555990 0.617188 0.554688 0.615234 0.550781 0.615234 0.548177 0.611328 0.542969 0.598633 0.542969 0.597656 0.544271 0.596680 0.544271 0.595703 0.545573
0 0.610352 0.584635 0.609375 0.585938 0.604492 0.585938 0.603516 0.587240 0.598633 0.587240 0.597656 0.588542 0.596680 0.588542 0.591797 0.595052 0.591797 0.596354 0.590820 0.597656 0.590820 0.602865 0.591797 0.604167 0.591797 0.606771 0.592773 0.608073 0.592773 0.610677 0.595703 0.614583 0.596680 0.614583 0.597656 0.615885 0.597656 0.617188 0.601562 0.622396 0.601562 0.623698 0.602539 0.625000 0.603516 0.625000 0.606445 0.627604 0.613281 0.627604 0.614258 0.626302 0.617188 0.625000 0.618164 0.623698 0.618164 0.622396 0.619141 0.621094 0.619141 0.619792 0.621094 0.615885 0.621094 0.613281 0.622070 0.611979 0.622070 0.602865 0.621094 0.601562 0.621094 0.600260 0.619141 0.597656 0.619141 0.596354 0.615234 0.591146 0.615234 0.589844 0.612305 0.585938 0.611328 0.585938
0 0.631836 0.583333 0.630859 0.584635 0.629883 0.584635 0.625977 0.589844 0.625977 0.591146 0.625000 0.592448 0.625000 0.593750 0.623047 0.597656 0.623047 0.601562 0.624023 0.602865 0.624023 0.609375 0.625000 0.610677 0.625000 0.611979 0.629883 0.618490 0.631836 0.618490 0.632812 0.619792 0.638672 0.619792 0.639648 0.618490 0.640625 0.618490 0.641602 0.617188 0.642578 0.617188 0.647461 0.610677 0.648438 0.610677 0.649414 0.609375 0.650391 0.609375 0.650391 0.608073 0.651367 0.606771 0.651367 0.604167 0.650391 0.602865 0.650391 0.598958 0.649414 0.597656 0.649414 0.596354 0.648438 0.595052 0.648438 0.593750 0.647461 0.592448 0.647461 0.591146 0.646484 0.589844 0.646484 0.588542 0.645508 0.588542 0.642578 0.584635 0.639648 0.584635 0.638672 0.583333
0 0.590820 0.625000 0.584961 0.632812 0.584961 0.635417 0.583984 0.636719 0.583984 0.641927 0.584961 0.643229 0.584961 0.651042 0.585938 0.652344 0.585938 0.656250 0.586914 0.657552 0.586914 0.658854 0.591797 0.665365 0.592773 0.665365 0.595703 0.667969 0.597656 0.667969 0.598633 0.669271 0.602539 0.669271 0.603516 0.667969 0.605469 0.667969 0.606445 0.666667 0.607422 0.666667 0.609375 0.664062 0.609375 0.662760 0.611328 0.660156 0.611328 0.658854 0.612305 0.657552 0.612305 0.645833 0.611328 0.644531 0.611328 0.640625 0.610352 0.639323 0.610352 0.638021 0.600586 0.625000
0 0.618164 0.628906 0.616211 0.631510 0.616211 0.632812 0.615234 0.634115 0.615234 0.641927 0.616211 0.643229 0.616211 0.647135 0.617188 0.648438 0.617188 0.651042 0.618164 0.652344 0.618164 0.656250 0.620117 0.658854 0.621094 0.658854 0.622070 0.660156 0.624023 0.660156 0.625000 0.661458 0.625977 0.661458 0.628906 0.664062 0.630859 0.664062 0.631836 0.665365 0.639648 0.665365 0.640625 0.664062 0.641602 0.664062 0.642578 0.662760 0.642578 0.661458 0.644531 0.658854 0.644531 0.657552 0.645508 0.656250 0.645508 0.653646 0.646484 0.652344 0.646484 0.645833 0.645508 0.644531 0.645508 0.641927 0.643555 0.638021 0.643555 0.632812 0.642578 0.631510 0.642578 0.630208 0.640625 0.627604 0.639648 0.627604 0.638672 0.626302 0.636719 0.626302 0.635742 0.625000 0.632812 0.625000 0.631836 0.623698 0.625977 0.623698 0.625000 0.625000 0.623047 0.625000 0.622070 0.626302 0.621094 0.626302 0.619141 0.628906
0 0.589844 0.669271 0.588867 0.670573 0.587891 0.670573 0.587891 0.673177 0.583984 0.678385 0.583984 0.690104 0.583008 0.691406 0.583008 0.695312 0.582031 0.696615 0.582031 0.700521 0.583008 0.701823 0.583008 0.703125 0.583984 0.704427 0.584961 0.708333 0.587891 0.709635 0.589844 0.712240 0.590820 0.712240 0.591797 0.713542 0.592773 0.713542 0.593750 0.714844 0.594727 0.714844 0.599609 0.718750 0.601562 0.718750 0.602539 0.720052 0.603516 0.720052 0.604492 0.718750 0.606445 0.718750 0.608398 0.716146 0.609375 0.716146 0.613281 0.709635 0.613281 0.707031 0.614258 0.705729 0.614258 0.703125 0.615234 0.701823 0.615234 0.692708 0.614258 0.691406 0.614258 0.688802 0.612305 0.686198 0.612305 0.684896 0.607422 0.678385 0.606445 0.678385 0.604492 0.675781 0.603516 0.675781 0.600586 0.673177 0.598633 0.673177 0.597656 0.671875 0.595703 0.671875 0.594727 0.670573 0.592773 0.670573 0.591797 0.669271
0 0.617188 0.660156 0.616211 0.661458 0.614258 0.661458 0.613281 0.662760 0.612305 0.662760 0.608398 0.667969 0.608398 0.669271 0.607422 0.670573 0.607422 0.671875 0.606445 0.673177 0.606445 0.674479 0.615234 0.686198 0.615234 0.687500 0.616211 0.688802 0.616211 0.694010 0.617188 0.695312 0.617188 0.699219 0.618164 0.700521 0.620117 0.700521 0.621094 0.699219 0.622070 0.699219 0.622070 0.697917 0.626953 0.691406 0.626953 0.690104 0.630859 0.684896 0.630859 0.683594 0.633789 0.679688 0.633789 0.674479 0.632812 0.673177 0.632812 0.671875 0.630859 0.669271 0.630859 0.667969 0.628906 0.665365 0.627930 0.665365 0.625000 0.662760 0.623047 0.662760 0.622070 0.661458 0.620117 0.661458 0.619141 0.660156
0 0.583984 0.721354 0.583008 0.722656 0.583008 0.725260 0.582031 0.726562 0.582031 0.729167 0.579102 0.733073 0.579102 0.734375 0.578125 0.735677 0.578125 0.740885 0.579102 0.742188 0.579102 0.747396 0.583008 0.752604 0.584961 0.752604 0.585938 0.753906 0.586914 0.753906 0.589844 0.756510 0.603516 0.756510 0.605469 0.753906 0.605469 0.752604 0.606445 0.751302 0.606445 0.748698 0.607422 0.747396 0.607422 0.744792 0.608398 0.743490 0.608398 0.742188 0.609375 0.740885 0.609375 0.738281 0.610352 0.736979 0.610352 0.734375 0.609375 0.733073 0.609375 0.731771 0.608398 0.730469 0.608398 0.729167 0.607422 0.727865 0.606445 0.727865 0.605469 0.726562 0.605469 0.725260 0.604492 0.725260 0.603516 0.723958 0.602539 0.723958 0.600586 0.721354 0.599609 0.721354 0.596680 0.718750 0.590820 0.718750 0.587891 0.721354
0 0.626953 0.704427 0.625977 0.704427 0.625000 0.703125 0.624023 0.703125 0.623047 0.701823 0.622070 0.701823 0.621094 0.703125 0.618164 0.703125 0.617188 0.704427 0.616211 0.704427 0.615234 0.705729 0.615234 0.707031 0.614258 0.708333 0.614258 0.709635 0.612305 0.712240 0.612305 0.713542 0.611328 0.714844 0.610352 0.714844 0.607422 0.718750 0.606445 0.718750 0.605469 0.720052 0.604492 0.720052 0.604492 0.722656 0.605469 0.723958 0.605469 0.725260 0.611328 0.733073 0.614258 0.733073 0.615234 0.731771 0.616211 0.731771 0.617188 0.730469 0.619141 0.730469 0.620117 0.729167 0.621094 0.729167 0.622070 0.727865 0.623047 0.727865 0.624023 0.726562 0.625000 0.726562 0.625977 0.725260 0.626953 0.725260 0.627930 0.723958 0.628906 0.723958 0.629883 0.722656 0.630859 0.722656 0.630859 0.721354 0.631836 0.720052 0.631836 0.714844 0.630859 0.713542 0.630859 0.712240 0.628906 0.709635 0.628906 0.708333 0.626953 0.705729
0 0.625977 0.697917 0.625977 0.700521 0.626953 0.701823 0.627930 0.705729 0.631836 0.710938 0.632812 0.714844 0.635742 0.718750 0.660156 0.718750 0.661133 0.717448 0.662109 0.717448 0.667969 0.709635 0.667969 0.704427 0.666992 0.704427 0.666016 0.703125 0.665039 0.703125 0.664062 0.701823 0.661133 0.700521 0.656250 0.694010 0.656250 0.692708 0.654297 0.690104 0.653320 0.690104 0.652344 0.688802 0.652344 0.687500 0.651367 0.686198 0.650391 0.686198 0.647461 0.683594 0.636719 0.683594 0.635742 0.684896 0.634766 0.684896 0.632812 0.687500 0.631836 0.687500 0.630859 0.688802 0.630859 0.690104 0.626953 0.695312 0.626953 0.696615
0 0.626953 0.727865 0.625000 0.730469 0.625000 0.731771 0.625977 0.733073 0.625977 0.739583 0.626953 0.740885 0.626953 0.743490 0.627930 0.744792 0.627930 0.746094 0.632812 0.752604 0.633789 0.752604 0.638672 0.759115 0.639648 0.759115 0.641602 0.761719 0.642578 0.761719 0.645508 0.765625 0.646484 0.765625 0.647461 0.766927 0.650391 0.768229 0.653320 0.764323 0.653320 0.760417 0.654297 0.759115 0.654297 0.735677 0.653320 0.734375 0.653320 0.730469 0.652344 0.729167 0.652344 0.727865 0.650391 0.725260 0.649414 0.725260 0.648438 0.723958 0.644531 0.723958 0.643555 0.722656 0.634766 0.722656 0.633789 0.723958 0.632812 0.723958 0.631836 0.725260 0.630859 0.725260 0.629883 0.726562
0 0.627930 0.756510 0.626953 0.757812 0.627930 0.759115 0.627930 0.763021 0.625977 0.765625 0.623047 0.765625 0.622070 0.766927 0.622070 0.768229 0.624023 0.770833 0.624023 0.772135 0.627930 0.777344 0.628906 0.777344 0.629883 0.778646 0.630859 0.778646 0.638672 0.789062 0.644531 0.789062 0.646484 0.786458 0.646484 0.785156 0.647461 0.783854 0.647461 0.782552 0.648438 0.781250 0.648438 0.769531 0.644531 0.764323 0.643555 0.764323 0.641602 0.761719 0.640625 0.761719 0.638672 0.759115 0.637695 0.759115 0.636719 0.757812 0.635742 0.757812 0.634766 0.756510
0 0.628906 0.803385 0.626953 0.805990 0.625977 0.805990 0.620117 0.815104 0.620117 0.821615 0.621094 0.822917 0.621094 0.826823 0.622070 0.828125 0.623047 0.828125 0.625000 0.830729 0.622070 0.833333 0.622070 0.837240 0.623047 0.837240 0.624023 0.835938 0.624023 0.833333 0.625000 0.832031 0.626953 0.832031 0.627930 0.833333 0.628906 0.837240 0.632812 0.837240 0.633789 0.835938 0.634766 0.835938 0.635742 0.837240 0.637695 0.837240 0.640625 0.841146 0.645508 0.841146 0.645508 0.833333 0.646484 0.832031 0.646484 0.815104 0.645508 0.813802 0.645508 0.808594 0.641602 0.802083 0.640625 0.803385 0.634766 0.803385 0.633789 0.802083 0.630859 0.802083 0.629883 0.803385
0 0.611328 0.812500 0.609375 0.812500 0.608398 0.813802 0.606445 0.813802 0.605469 0.815104 0.603516 0.815104 0.602539 0.816406 0.599609 0.816406 0.598633 0.817708 0.593750 0.817708 0.591797 0.815104 0.591797 0.816406 0.590820 0.817708 0.590820 0.821615 0.589844 0.822917 0.589844 0.834635 0.588867 0.835938 0.588867 0.838542 0.586914 0.841146 0.587891 0.845052 0.590820 0.848958 0.590820 0.850260 0.594727 0.850260 0.598633 0.855469 0.600586 0.855469 0.601562 0.854167 0.606445 0.854167 0.607422 0.852865 0.610352 0.851562 0.611328 0.847656 0.613281 0.845052 0.616211 0.843750 0.616211 0.842448 0.617188 0.841146 0.617188 0.832031 0.618164 0.830729 0.618164 0.825521 0.617188 0.824219 0.617188 0.822917 0.616211 0.821615 0.615234 0.817708
0 0.565430 0.802083 0.562500 0.804688 0.562500 0.807292 0.561523 0.808594 0.562500 0.809896 0.562500 0.813802 0.563477 0.815104 0.563477 0.819010 0.564453 0.820312 0.564453 0.821615 0.566406 0.824219 0.566406 0.826823 0.567383 0.828125 0.567383 0.830729 0.569336 0.834635 0.569336 0.835938 0.566406 0.839844 0.568359 0.842448 0.569336 0.842448 0.571289 0.846354 0.579102 0.846354 0.580078 0.845052 0.582031 0.845052 0.583984 0.841146 0.583984 0.838542 0.583008 0.837240 0.583008 0.830729 0.583984 0.829427 0.583984 0.828125 0.585938 0.825521 0.585938 0.822917 0.586914 0.821615 0.586914 0.813802 0.584961 0.811198 0.584961 0.809896 0.583984 0.808594 0.583984 0.804688 0.583008 0.803385 0.581055 0.805990 0.578125 0.805990 0.574219 0.800781 0.570312 0.800781 0.569336 0.802083
0 0.551758 0.756510 0.550781 0.757812 0.548828 0.757812 0.546875 0.760417 0.546875 0.761719 0.544922 0.765625 0.544922 0.768229 0.543945 0.769531 0.543945 0.781250 0.544922 0.782552 0.544922 0.785156 0.545898 0.786458 0.545898 0.789062 0.546875 0.790365 0.546875 0.791667 0.547852 0.792969 0.547852 0.794271 0.548828 0.794271 0.550781 0.796875 0.550781 0.799479 0.552734 0.802083 0.558594 0.802083 0.561523 0.798177 0.561523 0.796875 0.564453 0.792969 0.564453 0.791667 0.565430 0.790365 0.565430 0.789062 0.567383 0.785156 0.567383 0.781250 0.568359 0.779948 0.568359 0.777344 0.567383 0.776042 0.567383 0.769531 0.566406 0.768229 0.566406 0.763021 0.564453 0.760417 0.564453 0.759115 0.563477 0.757812 0.562500 0.757812 0.561523 0.756510
0 0.669922 0.708333 0.667969 0.710938 0.667969 0.712240 0.665039 0.716146 0.665039 0.717448 0.664062 0.718750 0.664062 0.720052 0.660156 0.725260 0.658203 0.725260 0.657227 0.726562 0.657227 0.733073 0.658203 0.734375 0.658203 0.735677 0.659180 0.736979 0.659180 0.738281 0.665039 0.746094 0.666016 0.746094 0.668945 0.748698 0.671875 0.748698 0.676758 0.742188 0.676758 0.740885 0.677734 0.739583 0.677734 0.738281 0.678711 0.736979 0.678711 0.735677 0.680664 0.733073 0.681641 0.733073 0.683594 0.730469 0.683594 0.727865 0.684570 0.726562 0.682617 0.722656 0.682617 0.720052 0.681641 0.718750 0.681641 0.717448 0.680664 0.716146 0.680664 0.714844 0.677734 0.710938 0.676758 0.710938 0.675781 0.709635 0.671875 0.709635 0.670898 0.708333
0 0.685547 0.729167 0.683594 0.731771 0.682617 0.731771 0.678711 0.736979 0.678711 0.738281 0.677734 0.739583 0.677734 0.740885 0.676758 0.742188 0.676758 0.743490 0.673828 0.747396 0.673828 0.753906 0.674805 0.755208 0.674805 0.756510 0.676758 0.759115 0.676758 0.760417 0.682617 0.768229 0.684570 0.768229 0.685547 0.769531 0.693359 0.769531 0.698242 0.763021 0.698242 0.760417 0.699219 0.759115 0.699219 0.755208 0.700195 0.753906 0.700195 0.751302 0.701172 0.750000 0.701172 0.743490 0.700195 0.742188 0.700195 0.740885 0.699219 0.739583 0.699219 0.738281 0.696289 0.734375 0.695312 0.734375 0.694336 0.733073 0.693359 0.733073 0.692383 0.731771 0.691406 0.731771 0.688477 0.729167
0 0.720703 0.748698 0.715820 0.748698 0.714844 0.747396 0.709961 0.747396 0.708984 0.746094 0.708008 0.747396 0.706055 0.747396 0.705078 0.748698 0.703125 0.748698 0.701172 0.751302 0.701172 0.752604 0.700195 0.753906 0.700195 0.756510 0.699219 0.757812 0.699219 0.761719 0.698242 0.763021 0.698242 0.764323 0.696289 0.766927 0.696289 0.772135 0.697266 0.772135 0.700195 0.776042 0.700195 0.777344 0.702148 0.779948 0.703125 0.779948 0.704102 0.781250 0.710938 0.781250 0.712891 0.778646 0.713867 0.778646 0.716797 0.776042 0.718750 0.776042 0.719727 0.774740 0.720703 0.774740 0.720703 0.773438 0.721680 0.772135 0.721680 0.766927 0.722656 0.765625 0.722656 0.760417 0.723633 0.759115 0.723633 0.753906 0.722656 0.752604 0.722656 0.751302
0 0.703125 0.703125 0.700195 0.707031 0.699219 0.707031 0.699219 0.712240 0.700195 0.712240 0.702148 0.714844 0.702148 0.720052 0.701172 0.721354 0.700195 0.721354 0.697266 0.714844 0.697266 0.717448 0.696289 0.718750 0.696289 0.727865 0.701172 0.731771 0.701172 0.734375 0.702148 0.735677 0.702148 0.736979 0.703125 0.736979 0.704102 0.738281 0.707031 0.739583 0.709961 0.743490 0.710938 0.743490 0.712891 0.746094 0.720703 0.746094 0.723633 0.742188 0.723633 0.740885 0.725586 0.736979 0.725586 0.714844 0.721680 0.709635 0.721680 0.708333 0.720703 0.707031 0.719727 0.707031 0.716797 0.704427 0.713867 0.704427 0.711914 0.701823 0.705078 0.701823 0.704102 0.703125
0 0.666016 0.654948 0.662109 0.654948 0.661133 0.656250 0.660156 0.656250 0.657227 0.660156 0.656250 0.660156 0.654297 0.662760 0.654297 0.664062 0.653320 0.665365 0.652344 0.665365 0.651367 0.666667 0.649414 0.666667 0.647461 0.664062 0.645508 0.664062 0.645508 0.665365 0.643555 0.669271 0.644531 0.670573 0.644531 0.674479 0.647461 0.678385 0.647461 0.679688 0.658203 0.694010 0.658203 0.695312 0.661133 0.697917 0.664062 0.697917 0.665039 0.696615 0.666016 0.696615 0.667969 0.694010 0.670898 0.692708 0.672852 0.690104 0.673828 0.686198 0.676758 0.682292 0.676758 0.680990 0.678711 0.678385 0.678711 0.675781 0.677734 0.674479 0.677734 0.670573 0.676758 0.669271 0.676758 0.666667 0.675781 0.665365 0.675781 0.664062 0.671875 0.658854 0.670898 0.658854 0.669922 0.657552 0.668945 0.657552
0 0.701172 0.675781 0.700195 0.674479 0.695312 0.674479 0.694336 0.675781 0.693359 0.675781 0.690430 0.678385 0.684570 0.678385 0.683594 0.679688 0.682617 0.679688 0.681641 0.680990 0.680664 0.680990 0.679688 0.682292 0.678711 0.682292 0.675781 0.686198 0.675781 0.687500 0.674805 0.688802 0.674805 0.690104 0.672852 0.694010 0.672852 0.695312 0.673828 0.696615 0.673828 0.697917 0.674805 0.699219 0.674805 0.700521 0.676758 0.703125 0.676758 0.704427 0.677734 0.705729 0.679688 0.705729 0.680664 0.707031 0.689453 0.707031 0.690430 0.705729 0.692383 0.705729 0.693359 0.704427 0.694336 0.704427 0.696289 0.701823 0.697266 0.701823 0.702148 0.695312 0.702148 0.678385 0.701172 0.677083
0 0.672852 0.638021 0.673828 0.639323 0.676758 0.639323 0.679688 0.641927 0.679688 0.643229 0.678711 0.644531 0.678711 0.647135 0.675781 0.651042 0.673828 0.651042 0.672852 0.652344 0.673828 0.653646 0.673828 0.654948 0.674805 0.656250 0.674805 0.658854 0.676758 0.661458 0.676758 0.662760 0.677734 0.664062 0.677734 0.665365 0.678711 0.666667 0.678711 0.667969 0.679688 0.669271 0.680664 0.673177 0.682617 0.675781 0.683594 0.675781 0.684570 0.677083 0.689453 0.677083 0.690430 0.675781 0.692383 0.675781 0.693359 0.674479 0.695312 0.674479 0.696289 0.673177 0.699219 0.671875 0.701172 0.669271 0.702148 0.669271 0.702148 0.667969 0.703125 0.666667 0.703125 0.664062 0.704102 0.662760 0.704102 0.660156 0.705078 0.658854 0.705078 0.654948 0.704102 0.653646 0.704102 0.651042 0.702148 0.648438 0.702148 0.647135 0.699219 0.643229 0.699219 0.641927 0.698242 0.640625 0.698242 0.638021 0.697266 0.638021 0.694336 0.635417 0.692383 0.635417 0.691406 0.634115 0.685547 0.634115 0.684570 0.635417 0.679688 0.635417 0.678711 0.636719 0.674805 0.636719 0.673828 0.638021
0 0.713867 0.658854 0.708984 0.665365 0.708008 0.665365 0.707031 0.666667 0.706055 0.666667 0.704102 0.670573 0.704102 0.679688 0.705078 0.680990 0.705078 0.690104 0.711914 0.699219 0.712891 0.699219 0.713867 0.700521 0.716797 0.700521 0.717773 0.701823 0.719727 0.701823 0.720703 0.700521 0.721680 0.700521 0.723633 0.697917 0.724609 0.697917 0.726562 0.695312 0.727539 0.695312 0.728516 0.694010 0.729492 0.694010 0.732422 0.690104 0.732422 0.677083 0.731445 0.675781 0.731445 0.673177 0.729492 0.670573 0.729492 0.669271 0.728516 0.667969 0.728516 0.666667 0.726562 0.662760 0.725586 0.662760 0.724609 0.661458 0.723633 0.661458 0.721680 0.658854
0 0.736328 0.686198 0.735352 0.686198 0.734375 0.687500 0.733398 0.687500 0.732422 0.688802 0.732422 0.690104 0.727539 0.696615 0.726562 0.696615 0.725586 0.697917 0.724609 0.697917 0.723633 0.699219 0.722656 0.699219 0.722656 0.700521 0.720703 0.704427 0.721680 0.705729 0.721680 0.707031 0.726562 0.713542 0.726562 0.714844 0.727539 0.716146 0.727539 0.717448 0.729492 0.720052 0.729492 0.721354 0.730469 0.722656 0.730469 0.723958 0.732422 0.727865 0.735352 0.727865 0.736328 0.726562 0.737305 0.726562 0.739258 0.723958 0.740234 0.723958 0.741211 0.722656 0.743164 0.722656 0.745117 0.720052 0.745117 0.717448 0.746094 0.716146 0.746094 0.707031 0.745117 0.705729 0.745117 0.701823 0.744141 0.700521 0.744141 0.699219 0.743164 0.697917 0.743164 0.696615 0.742188 0.695312 0.742188 0.694010
0 0.742188 0.725260 0.741211 0.726562 0.739258 0.726562 0.736328 0.730469 0.735352 0.730469 0.734375 0.731771 0.733398 0.735677 0.730469 0.739583 0.730469 0.740885 0.729492 0.742188 0.729492 0.746094 0.728516 0.747396 0.728516 0.757812 0.729492 0.759115 0.732422 0.760417 0.734375 0.763021 0.735352 0.763021 0.738281 0.765625 0.740234 0.765625 0.743164 0.768229 0.749023 0.768229 0.750000 0.766927 0.751953 0.766927 0.759766 0.756510 0.759766 0.755208 0.761719 0.752604 0.761719 0.744792 0.760742 0.743490 0.760742 0.739583 0.759766 0.738281 0.759766 0.736979 0.757812 0.733073 0.757812 0.730469 0.754883 0.726562 0.751953 0.726562 0.750977 0.725260
0 0.654297 0.608073 0.654297 0.614583 0.655273 0.615885 0.655273 0.619792 0.656250 0.621094 0.656250 0.623698 0.657227 0.625000 0.657227 0.630208 0.656250 0.631510 0.657227 0.632812 0.660156 0.632812 0.661133 0.634115 0.672852 0.634115 0.673828 0.632812 0.675781 0.632812 0.676758 0.631510 0.677734 0.631510 0.683594 0.623698 0.683594 0.622396 0.686523 0.618490 0.686523 0.617188 0.687500 0.615885 0.687500 0.609375 0.685547 0.606771 0.684570 0.606771 0.683594 0.605469 0.679688 0.605469 0.678711 0.604167 0.676758 0.604167 0.675781 0.602865 0.672852 0.602865 0.671875 0.601562 0.666992 0.601562 0.666016 0.600260 0.663086 0.600260 0.662109 0.598958 0.657227 0.598958 0.656250 0.600260 0.656250 0.602865 0.655273 0.604167 0.655273 0.606771
0 0.682617 0.561198 0.681641 0.562500 0.679688 0.562500 0.678711 0.563802 0.678711 0.566406 0.680664 0.569010 0.680664 0.570312 0.679688 0.571615 0.679688 0.572917 0.678711 0.574219 0.678711 0.576823 0.677734 0.578125 0.677734 0.582031 0.676758 0.583333 0.676758 0.589844 0.674805 0.593750 0.674805 0.596354 0.675781 0.597656 0.676758 0.597656 0.678711 0.600260 0.681641 0.601562 0.683594 0.604167 0.689453 0.604167 0.690430 0.602865 0.691406 0.602865 0.692383 0.601562 0.693359 0.601562 0.694336 0.600260 0.695312 0.600260 0.696289 0.598958 0.697266 0.598958 0.698242 0.597656 0.699219 0.597656 0.700195 0.596354 0.703125 0.595052 0.706055 0.591146 0.706055 0.588542 0.705078 0.587240 0.705078 0.582031 0.704102 0.580729 0.704102 0.579427 0.702148 0.576823 0.702148 0.575521 0.701172 0.574219 0.700195 0.574219 0.697266 0.570312 0.696289 0.570312 0.691406 0.563802 0.690430 0.563802 0.689453 0.562500 0.686523 0.562500 0.685547 0.561198
0 0.691406 0.606771 0.691406 0.609375 0.690430 0.610677 0.690430 0.618490 0.689453 0.619792 0.689453 0.626302 0.690430 0.627604 0.690430 0.628906 0.691406 0.630208 0.692383 0.630208 0.694336 0.632812 0.695312 0.632812 0.698242 0.635417 0.700195 0.635417 0.701172 0.636719 0.711914 0.636719 0.713867 0.634115 0.714844 0.634115 0.718750 0.628906 0.718750 0.627604 0.720703 0.623698 0.720703 0.614583 0.719727 0.613281 0.719727 0.610677 0.717773 0.608073 0.715820 0.608073 0.714844 0.606771 0.712891 0.606771 0.711914 0.605469 0.710938 0.605469 0.709961 0.604167 0.708008 0.604167 0.707031 0.602865 0.695312 0.602865 0.693359 0.605469 0.692383 0.605469
0 0.707031 0.566406 0.707031 0.567708 0.704102 0.571615 0.704102 0.572917 0.703125 0.574219 0.704102 0.575521 0.704102 0.576823 0.705078 0.578125 0.705078 0.580729 0.707031 0.584635 0.707031 0.588542 0.708008 0.589844 0.708008 0.592448 0.708984 0.593750 0.708984 0.596354 0.709961 0.597656 0.709961 0.600260 0.712891 0.604167 0.713867 0.604167 0.714844 0.605469 0.718750 0.605469 0.719727 0.606771 0.720703 0.606771 0.721680 0.605469 0.724609 0.605469 0.725586 0.604167 0.727539 0.604167 0.728516 0.602865 0.731445 0.601562 0.735352 0.596354 0.735352 0.593750 0.736328 0.592448 0.736328 0.587240 0.737305 0.585938 0.736328 0.584635 0.736328 0.580729 0.735352 0.579427 0.735352 0.575521 0.734375 0.574219 0.734375 0.571615 0.732422 0.569010 0.729492 0.569010 0.727539 0.566406 0.725586 0.566406 0.724609 0.565104 0.720703 0.565104 0.719727 0.563802 0.710938 0.563802 0.709961 0.565104
0 0.720703 0.626302 0.720703 0.627604 0.719727 0.628906 0.719727 0.631510 0.718750 0.632812 0.718750 0.643229 0.719727 0.644531 0.719727 0.645833 0.721680 0.648438 0.722656 0.648438 0.726562 0.653646 0.727539 0.653646 0.730469 0.656250 0.732422 0.656250 0.733398 0.657552 0.738281 0.657552 0.739258 0.658854 0.740234 0.657552 0.744141 0.657552 0.745117 0.656250 0.747070 0.656250 0.748047 0.654948 0.749023 0.654948 0.750977 0.652344 0.751953 0.652344 0.754883 0.648438 0.754883 0.647135 0.755859 0.645833 0.755859 0.638021 0.754883 0.636719 0.754883 0.634115 0.753906 0.632812 0.753906 0.631510 0.748047 0.622396 0.747070 0.622396 0.746094 0.621094 0.745117 0.621094 0.740234 0.617188 0.737305 0.617188 0.736328 0.615885 0.731445 0.615885 0.730469 0.617188 0.728516 0.617188 0.725586 0.621094 0.724609 0.621094
0 0.778320 0.661458 0.777344 0.660156 0.777344 0.658854 0.773438 0.653646 0.772461 0.653646 0.771484 0.652344 0.770508 0.652344 0.768555 0.649740 0.767578 0.649740 0.766602 0.648438 0.763672 0.648438 0.762695 0.649740 0.758789 0.649740 0.757812 0.651042 0.755859 0.651042 0.753906 0.653646 0.752930 0.653646 0.750000 0.657552 0.749023 0.657552 0.746094 0.660156 0.742188 0.660156 0.741211 0.661458 0.741211 0.665365 0.742188 0.666667 0.742188 0.667969 0.750000 0.678385 0.750977 0.678385 0.751953 0.679688 0.759766 0.679688 0.760742 0.678385 0.764648 0.678385 0.765625 0.677083 0.769531 0.677083 0.770508 0.675781 0.771484 0.675781 0.772461 0.674479 0.773438 0.674479 0.778320 0.667969
0 0.779297 0.670573 0.778320 0.670573 0.776367 0.673177 0.775391 0.673177 0.773438 0.675781 0.772461 0.675781 0.769531 0.678385 0.767578 0.678385 0.764648 0.680990 0.764648 0.682292 0.763672 0.683594 0.763672 0.684896 0.764648 0.686198 0.764648 0.695312 0.761719 0.699219 0.761719 0.708333 0.760742 0.709635 0.760742 0.710938 0.762695 0.713542 0.764648 0.713542 0.765625 0.712240 0.767578 0.712240 0.768555 0.713542 0.773438 0.713542 0.774414 0.712240 0.776367 0.712240 0.777344 0.710938 0.779297 0.710938 0.783203 0.705729 0.783203 0.695312 0.782227 0.694010 0.782227 0.686198 0.781250 0.684896 0.781250 0.679688 0.780273 0.678385 0.780273 0.673177 0.779297 0.671875
0 0.763672 0.714844 0.762695 0.716146 0.760742 0.716146 0.757812 0.720052 0.757812 0.727865 0.758789 0.729167 0.758789 0.731771 0.759766 0.733073 0.759766 0.734375 0.761719 0.736979 0.761719 0.738281 0.762695 0.739583 0.762695 0.757812 0.764648 0.757812 0.765625 0.759115 0.767578 0.759115 0.768555 0.757812 0.769531 0.757812 0.770508 0.756510 0.771484 0.756510 0.774414 0.752604 0.775391 0.752604 0.776367 0.751302 0.776367 0.750000 0.780273 0.744792 0.780273 0.743490 0.782227 0.740885 0.782227 0.739583 0.783203 0.738281 0.783203 0.730469 0.782227 0.729167 0.782227 0.726562 0.781250 0.725260 0.781250 0.723958 0.779297 0.721354 0.778320 0.721354 0.775391 0.717448 0.773438 0.717448 0.772461 0.716146 0.768555 0.716146 0.767578 0.714844
0 0.760742 0.765625 0.759766 0.766927 0.759766 0.768229 0.760742 0.769531 0.760742 0.774740 0.759766 0.776042 0.759766 0.777344 0.758789 0.778646 0.758789 0.781250 0.757812 0.782552 0.757812 0.795573 0.755859 0.798177 0.755859 0.799479 0.756836 0.800781 0.756836 0.802083 0.757812 0.803385 0.758789 0.807292 0.761719 0.811198 0.762695 0.811198 0.763672 0.812500 0.764648 0.811198 0.770508 0.811198 0.771484 0.809896 0.774414 0.809896 0.775391 0.808594 0.778320 0.807292 0.785156 0.798177 0.785156 0.792969 0.786133 0.791667 0.786133 0.783854 0.782227 0.778646 0.780273 0.778646 0.779297 0.777344 0.776367 0.776042 0.774414 0.773438 0.774414 0.772135 0.770508 0.766927 0.765625 0.766927 0.764648 0.765625
0 0.750977 0.566406 0.745117 0.566406 0.742188 0.569010 0.739258 0.569010 0.738281 0.570312 0.737305 0.570312 0.737305 0.571615 0.736328 0.572917 0.736328 0.579427 0.737305 0.580729 0.737305 0.583333 0.738281 0.584635 0.738281 0.587240 0.737305 0.588542 0.737305 0.592448 0.736328 0.593750 0.736328 0.596354 0.734375 0.600260 0.734375 0.604167 0.735352 0.605469 0.735352 0.606771 0.738281 0.606771 0.739258 0.608073 0.750977 0.608073 0.751953 0.606771 0.753906 0.606771 0.756836 0.602865 0.756836 0.601562 0.759766 0.597656 0.759766 0.596354 0.760742 0.595052 0.760742 0.593750 0.762695 0.589844 0.762695 0.585938 0.760742 0.583333 0.759766 0.579427 0.756836 0.575521 0.756836 0.574219 0.755859 0.574219 0.751953 0.569010 0.751953 0.567708
0 0.767578 0.591146 0.764648 0.591146 0.763672 0.592448 0.762695 0.592448 0.761719 0.593750 0.761719 0.595052 0.760742 0.596354 0.760742 0.597656 0.758789 0.600260 0.758789 0.601562 0.753906 0.608073 0.752930 0.608073 0.750977 0.610677 0.750977 0.613281 0.750000 0.614583 0.750000 0.621094 0.751953 0.623698 0.751953 0.626302 0.752930 0.627604 0.753906 0.627604 0.754883 0.628906 0.754883 0.630208 0.756836 0.630208 0.757812 0.631510 0.766602 0.631510 0.768555 0.628906 0.768555 0.627604 0.770508 0.625000 0.770508 0.623698 0.771484 0.622396 0.771484 0.614583 0.772461 0.613281 0.772461 0.610677 0.771484 0.609375 0.771484 0.602865 0.770508 0.601562 0.770508 0.597656 0.769531 0.596354 0.769531 0.593750
0 0.750000 0.558594 0.750000 0.563802 0.753906 0.569010 0.753906 0.570312 0.760742 0.579427 0.760742 0.580729 0.762695 0.583333 0.764648 0.583333 0.765625 0.584635 0.769531 0.584635 0.770508 0.583333 0.775391 0.583333 0.776367 0.582031 0.779297 0.582031 0.782227 0.579427 0.784180 0.579427 0.786133 0.576823 0.786133 0.571615 0.785156 0.570312 0.785156 0.567708 0.784180 0.566406 0.784180 0.563802 0.783203 0.562500 0.782227 0.558594 0.780273 0.555990 0.780273 0.554688 0.778320 0.554688 0.777344 0.553385 0.774414 0.553385 0.773438 0.552083 0.767578 0.552083 0.766602 0.550781 0.754883 0.550781 0.751953 0.553385 0.751953 0.554688
0 0.703125 0.535156 0.696289 0.535156 0.696289 0.536458 0.692383 0.541667 0.691406 0.541667 0.687500 0.546875 0.686523 0.546875 0.685547 0.548177 0.684570 0.548177 0.683594 0.549479 0.683594 0.557292 0.684570 0.558594 0.686523 0.558594 0.687500 0.559896 0.689453 0.559896 0.690430 0.561198 0.691406 0.561198 0.697266 0.569010 0.698242 0.567708 0.699219 0.567708 0.700195 0.566406 0.700195 0.565104 0.701172 0.563802 0.701172 0.562500 0.702148 0.561198 0.702148 0.559896 0.703125 0.558594 0.703125 0.557292 0.704102 0.555990 0.704102 0.554688 0.705078 0.553385 0.705078 0.552083 0.706055 0.550781 0.706055 0.549479 0.707031 0.548177 0.707031 0.546875 0.708008 0.545573 0.708008 0.541667 0.706055 0.539062 0.706055 0.537760 0.705078 0.537760
0 0.700195 0.527344 0.701172 0.528646 0.701172 0.529948 0.709961 0.541667 0.709961 0.542969 0.710938 0.542969 0.712891 0.545573 0.714844 0.545573 0.715820 0.546875 0.717773 0.546875 0.718750 0.545573 0.721680 0.545573 0.724609 0.542969 0.726562 0.542969 0.728516 0.540365 0.732422 0.540365 0.733398 0.539062 0.735352 0.539062 0.738281 0.535156 0.739258 0.535156 0.741211 0.532552 0.741211 0.529948 0.742188 0.528646 0.736328 0.520833 0.735352 0.520833 0.734375 0.519531 0.731445 0.518229 0.727539 0.513021 0.724609 0.513021 0.721680 0.510417 0.718750 0.510417 0.717773 0.509115 0.715820 0.509115 0.714844 0.507812 0.711914 0.507812 0.710938 0.509115 0.709961 0.509115 0.707031 0.513021 0.707031 0.514323 0.704102 0.518229 0.703125 0.518229 0.702148 0.519531 0.702148 0.520833 0.701172 0.522135 0.701172 0.526042
0 0.750000 0.540365 0.749023 0.539062 0.748047 0.539062 0.744141 0.533854 0.742188 0.533854 0.741211 0.535156 0.739258 0.535156 0.737305 0.537760 0.736328 0.537760 0.733398 0.540365 0.731445 0.540365 0.730469 0.541667 0.728516 0.541667 0.726562 0.544271 0.725586 0.544271 0.724609 0.545573 0.722656 0.545573 0.721680 0.546875 0.720703 0.546875 0.719727 0.548177 0.718750 0.548177 0.718750 0.554688 0.720703 0.558594 0.721680 0.558594 0.723633 0.561198 0.724609 0.561198 0.725586 0.562500 0.727539 0.562500 0.728516 0.563802 0.731445 0.563802 0.732422 0.565104 0.737305 0.565104 0.738281 0.563802 0.740234 0.563802 0.741211 0.562500 0.742188 0.562500 0.743164 0.561198 0.745117 0.561198 0.746094 0.559896 0.746094 0.558594 0.748047 0.554688 0.748047 0.552083 0.750000 0.548177
0 0.700195 0.473958 0.699219 0.475260 0.697266 0.475260 0.693359 0.480469 0.692383 0.480469 0.691406 0.481771 0.691406 0.483073 0.689453 0.485677 0.689453 0.490885 0.688477 0.492188 0.688477 0.494792 0.687500 0.496094 0.687500 0.501302 0.688477 0.502604 0.690430 0.502604 0.693359 0.506510 0.694336 0.506510 0.699219 0.513021 0.700195 0.513021 0.701172 0.514323 0.705078 0.514323 0.709961 0.507812 0.710938 0.507812 0.713867 0.505208 0.713867 0.503906 0.714844 0.502604 0.714844 0.501302 0.715820 0.500000 0.715820 0.498698 0.716797 0.497396 0.716797 0.496094 0.718750 0.493490 0.718750 0.489583 0.719727 0.488281 0.719727 0.486979 0.717773 0.483073 0.716797 0.483073 0.712891 0.477865 0.711914 0.477865 0.709961 0.475260 0.708008 0.475260 0.707031 0.473958
0 0.731445 0.471354 0.730469 0.472656 0.727539 0.473958 0.721680 0.481771 0.721680 0.488281 0.720703 0.489583 0.720703 0.498698 0.721680 0.500000 0.721680 0.507812 0.722656 0.509115 0.723633 0.509115 0.724609 0.510417 0.726562 0.510417 0.727539 0.511719 0.728516 0.511719 0.729492 0.513021 0.730469 0.513021 0.733398 0.515625 0.736328 0.515625 0.737305 0.516927 0.741211 0.516927 0.742188 0.515625 0.743164 0.515625 0.745117 0.513021 0.746094 0.513021 0.750000 0.507812 0.750000 0.481771 0.748047 0.477865 0.744141 0.477865 0.743164 0.476562 0.741211 0.476562 0.740234 0.475260 0.739258 0.475260 0.736328 0.472656 0.734375 0.472656 0.733398 0.471354
0 0.647461 0.393229 0.643555 0.398438 0.643555 0.402344 0.644531 0.403646 0.644531 0.406250 0.645508 0.407552 0.645508 0.414062 0.644531 0.415365 0.644531 0.417969 0.643555 0.419271 0.643555 0.420573 0.641602 0.423177 0.642578 0.424479 0.648438 0.424479 0.649414 0.425781 0.655273 0.425781 0.656250 0.427083 0.661133 0.427083 0.664062 0.424479 0.666016 0.424479 0.670898 0.417969 0.670898 0.412760 0.671875 0.411458 0.671875 0.407552 0.672852 0.406250 0.672852 0.399740 0.673828 0.398438 0.670898 0.395833 0.667969 0.395833 0.666992 0.394531 0.665039 0.394531 0.664062 0.393229 0.661133 0.393229 0.660156 0.391927 0.657227 0.391927 0.656250 0.390625 0.651367 0.390625 0.650391 0.391927
0 0.663086 0.430990 0.663086 0.432292 0.662109 0.433594 0.662109 0.436198 0.661133 0.437500 0.661133 0.442708 0.660156 0.444010 0.660156 0.445312 0.661133 0.446615 0.661133 0.449219 0.662109 0.450521 0.662109 0.451823 0.665039 0.455729 0.665039 0.457031 0.666992 0.459635 0.667969 0.459635 0.668945 0.460938 0.682617 0.460938 0.683594 0.459635 0.685547 0.459635 0.686523 0.458333 0.688477 0.458333 0.689453 0.457031 0.692383 0.457031 0.694336 0.454427 0.694336 0.451823 0.695312 0.450521 0.695312 0.447917 0.696289 0.446615 0.696289 0.441406 0.697266 0.440104 0.695312 0.436198 0.694336 0.436198 0.693359 0.434896 0.691406 0.434896 0.690430 0.433594 0.688477 0.433594 0.687500 0.432292 0.685547 0.432292 0.680664 0.425781 0.678711 0.425781 0.677734 0.424479 0.668945 0.424479 0.666992 0.427083 0.666016 0.427083
0 0.716797 0.427083 0.715820 0.428385 0.713867 0.428385 0.712891 0.429688 0.711914 0.433594 0.708008 0.438802 0.707031 0.438802 0.706055 0.440104 0.708008 0.440104 0.710938 0.444010 0.710938 0.447917 0.713867 0.451823 0.713867 0.453125 0.714844 0.454427 0.714844 0.459635 0.713867 0.460938 0.713867 0.463542 0.712891 0.464844 0.712891 0.468750 0.713867 0.470052 0.716797 0.470052 0.719727 0.467448 0.727539 0.467448 0.728516 0.466146 0.730469 0.466146 0.735352 0.459635 0.735352 0.450521 0.734375 0.449219 0.734375 0.445312 0.733398 0.444010 0.733398 0.442708 0.731445 0.440104 0.730469 0.440104 0.726562 0.434896 0.723633 0.433594 0.721680 0.430990 0.721680 0.429688 0.720703 0.429688 0.719727 0.428385 0.717773 0.428385
0 0.729492 0.428385 0.727539 0.430990 0.727539 0.432292 0.726562 0.433594 0.727539 0.434896 0.727539 0.436198 0.728516 0.436198 0.731445 0.440104 0.732422 0.440104 0.733398 0.441406 0.733398 0.442708 0.734375 0.444010 0.734375 0.446615 0.735352 0.447917 0.735352 0.453125 0.736328 0.454427 0.736328 0.458333 0.738281 0.460938 0.738281 0.462240 0.739258 0.462240 0.743164 0.467448 0.750000 0.467448 0.750977 0.466146 0.751953 0.466146 0.754883 0.462240 0.754883 0.460938 0.756836 0.457031 0.756836 0.447917 0.755859 0.446615 0.754883 0.442708 0.751953 0.438802 0.751953 0.437500 0.750000 0.434896 0.750000 0.429688 0.748047 0.427083 0.739258 0.427083 0.738281 0.425781 0.735352 0.425781 0.734375 0.427083 0.731445 0.427083 0.730469 0.428385
0 0.758789 0.464844 0.758789 0.466146 0.756836 0.468750 0.755859 0.472656 0.753906 0.475260 0.753906 0.477865 0.754883 0.479167 0.754883 0.492188 0.755859 0.493490 0.756836 0.497396 0.757812 0.497396 0.760742 0.501302 0.761719 0.501302 0.762695 0.502604 0.766602 0.502604 0.767578 0.503906 0.773438 0.503906 0.774414 0.505208 0.778320 0.505208 0.779297 0.503906 0.780273 0.503906 0.782227 0.501302 0.782227 0.496094 0.783203 0.494792 0.783203 0.490885 0.784180 0.489583 0.784180 0.486979 0.785156 0.485677 0.785156 0.468750 0.783203 0.466146 0.780273 0.466146 0.779297 0.464844 0.778320 0.464844 0.777344 0.466146 0.773438 0.466146 0.772461 0.464844
0 0.718750 0.371094 0.716797 0.371094 0.715820 0.369792 0.708984 0.369792 0.707031 0.372396 0.706055 0.372396 0.702148 0.377604 0.701172 0.377604 0.700195 0.378906 0.700195 0.380208 0.697266 0.382812 0.697266 0.384115 0.694336 0.388021 0.694336 0.389323 0.693359 0.390625 0.693359 0.394531 0.694336 0.395833 0.694336 0.397135 0.696289 0.399740 0.696289 0.401042 0.699219 0.403646 0.701172 0.403646 0.702148 0.404948 0.703125 0.404948 0.705078 0.407552 0.705078 0.408854 0.704102 0.410156 0.704102 0.415365 0.708984 0.415365 0.709961 0.414062 0.712891 0.412760 0.712891 0.411458 0.713867 0.410156 0.716797 0.408854 0.716797 0.407552 0.719727 0.403646 0.720703 0.403646 0.722656 0.399740 0.722656 0.395833 0.723633 0.394531 0.723633 0.388021 0.724609 0.386719 0.723633 0.385417 0.723633 0.381510 0.722656 0.380208 0.721680 0.376302 0.719727 0.373698 0.719727 0.372396
0 0.707031 0.345052 0.706055 0.345052 0.705078 0.343750 0.687500 0.343750 0.686523 0.345052 0.677734 0.345052 0.673828 0.350260 0.672852 0.350260 0.672852 0.351562 0.679688 0.351562 0.680664 0.350260 0.681641 0.350260 0.682617 0.351562 0.682617 0.352865 0.681641 0.354167 0.681641 0.356771 0.683594 0.356771 0.684570 0.355469 0.686523 0.359375 0.686523 0.368490 0.685547 0.369792 0.685547 0.373698 0.687500 0.376302 0.684570 0.380208 0.682617 0.380208 0.681641 0.381510 0.684570 0.385417 0.690430 0.385417 0.691406 0.384115 0.693359 0.384115 0.697266 0.378906 0.698242 0.378906 0.700195 0.376302 0.701172 0.376302 0.703125 0.373698 0.704102 0.373698 0.708008 0.368490 0.708984 0.368490 0.708984 0.367188 0.712891 0.360677 0.711914 0.359375 0.711914 0.355469 0.709961 0.351562 0.709961 0.348958
0 0.683594 0.325521 0.680664 0.321615 0.679688 0.321615 0.678711 0.320312 0.676758 0.320312 0.675781 0.319010 0.674805 0.319010 0.672852 0.316406 0.671875 0.316406 0.670898 0.315104 0.669922 0.315104 0.665039 0.311198 0.663086 0.311198 0.662109 0.309896 0.661133 0.309896 0.658203 0.312500 0.655273 0.312500 0.654297 0.313802 0.653320 0.313802 0.649414 0.319010 0.649414 0.320312 0.646484 0.324219 0.646484 0.329427 0.647461 0.330729 0.647461 0.334635 0.650391 0.341146 0.649414 0.342448 0.649414 0.350260 0.650391 0.351562 0.650391 0.352865 0.653320 0.356771 0.654297 0.356771 0.656250 0.354167 0.657227 0.354167 0.658203 0.352865 0.665039 0.352865 0.667969 0.348958 0.669922 0.348958 0.671875 0.346354 0.672852 0.346354 0.673828 0.345052 0.676758 0.343750 0.682617 0.335938 0.682617 0.333333 0.683594 0.332031
0 0.697266 0.234375 0.696289 0.235677 0.694336 0.235677 0.693359 0.236979 0.692383 0.236979 0.689453 0.239583 0.688477 0.243490 0.685547 0.247396 0.685547 0.248698 0.684570 0.250000 0.683594 0.253906 0.681641 0.256510 0.681641 0.257812 0.682617 0.259115 0.684570 0.259115 0.686523 0.261719 0.686523 0.263021 0.685547 0.264323 0.684570 0.268229 0.685547 0.269531 0.685547 0.270833 0.687500 0.273438 0.691406 0.273438 0.692383 0.274740 0.694336 0.274740 0.696289 0.277344 0.697266 0.277344 0.698242 0.278646 0.702148 0.278646 0.705078 0.274740 0.706055 0.274740 0.709961 0.269531 0.709961 0.268229 0.710938 0.266927 0.710938 0.264323 0.712891 0.260417 0.712891 0.253906 0.711914 0.252604 0.711914 0.251302 0.709961 0.248698 0.708008 0.240885 0.704102 0.235677 0.702148 0.235677 0.701172 0.234375
0 0.670898 0.278646 0.669922 0.279948 0.669922 0.281250 0.667969 0.283854 0.667969 0.289062 0.666992 0.290365 0.666992 0.294271 0.666016 0.295573 0.666016 0.300781 0.665039 0.302083 0.665039 0.304688 0.666016 0.305990 0.666016 0.308594 0.668945 0.312500 0.670898 0.312500 0.671875 0.313802 0.672852 0.313802 0.673828 0.315104 0.675781 0.315104 0.676758 0.316406 0.677734 0.316406 0.678711 0.315104 0.681641 0.315104 0.682617 0.313802 0.689453 0.313802 0.690430 0.312500 0.693359 0.312500 0.695312 0.308594 0.695312 0.304688 0.696289 0.303385 0.696289 0.302083 0.697266 0.300781 0.697266 0.298177 0.698242 0.296875 0.698242 0.285156 0.697266 0.283854 0.697266 0.281250 0.696289 0.279948 0.696289 0.278646 0.695312 0.278646 0.693359 0.276042 0.690430 0.276042 0.689453 0.274740 0.677734 0.274740 0.676758 0.276042 0.673828 0.276042 0.671875 0.278646
0 0.703125 0.207031 0.702148 0.210938 0.705078 0.214844 0.705078 0.218750 0.706055 0.220052 0.706055 0.221354 0.705078 0.222656 0.705078 0.230469 0.707031 0.233073 0.708008 0.233073 0.709961 0.236979 0.710938 0.236979 0.711914 0.238281 0.714844 0.238281 0.715820 0.236979 0.716797 0.236979 0.719727 0.234375 0.722656 0.234375 0.723633 0.235677 0.725586 0.235677 0.726562 0.234375 0.728516 0.234375 0.729492 0.233073 0.732422 0.231771 0.732422 0.213542 0.728516 0.208333 0.728516 0.207031 0.727539 0.205729 0.727539 0.204427 0.726562 0.203125 0.725586 0.199219 0.714844 0.199219 0.713867 0.200521 0.709961 0.200521 0.707031 0.204427 0.705078 0.204427
0 0.747070 0.239583 0.746094 0.239583 0.743164 0.236979 0.738281 0.236979 0.737305 0.238281 0.736328 0.238281 0.735352 0.239583 0.735352 0.240885 0.732422 0.244792 0.731445 0.244792 0.729492 0.247396 0.728516 0.247396 0.726562 0.250000 0.725586 0.250000 0.718750 0.259115 0.718750 0.260417 0.717773 0.261719 0.717773 0.264323 0.715820 0.266927 0.715820 0.276042 0.718750 0.279948 0.718750 0.281250 0.720703 0.285156 0.721680 0.285156 0.723633 0.287760 0.725586 0.287760 0.726562 0.289062 0.730469 0.289062 0.731445 0.287760 0.734375 0.286458 0.737305 0.282552 0.738281 0.282552 0.739258 0.281250 0.742188 0.279948 0.747070 0.273438 0.747070 0.272135 0.750000 0.265625 0.750000 0.260417 0.749023 0.259115 0.749023 0.256510 0.748047 0.255208 0.748047 0.242188 0.747070 0.240885
0 0.777344 0.216146 0.776367 0.214844 0.776367 0.213542 0.774414 0.210938 0.773438 0.210938 0.772461 0.209635 0.764648 0.209635 0.763672 0.210938 0.759766 0.210938 0.758789 0.212240 0.756836 0.212240 0.755859 0.213542 0.752930 0.213542 0.751953 0.214844 0.750000 0.214844 0.749023 0.216146 0.748047 0.216146 0.742188 0.225260 0.742188 0.226562 0.740234 0.230469 0.740234 0.233073 0.742188 0.235677 0.744141 0.235677 0.745117 0.236979 0.746094 0.236979 0.752930 0.246094 0.753906 0.246094 0.754883 0.247396 0.760742 0.247396 0.761719 0.246094 0.764648 0.244792 0.766602 0.242188 0.766602 0.240885 0.769531 0.236979 0.769531 0.235677 0.773438 0.230469 0.773438 0.229167 0.775391 0.226562 0.776367 0.226562 0.777344 0.225260
0 0.728516 0.303385 0.727539 0.304688 0.726562 0.304688 0.725586 0.305990 0.724609 0.305990 0.723633 0.307292 0.722656 0.307292 0.721680 0.308594 0.718750 0.309896 0.717773 0.311198 0.717773 0.313802 0.716797 0.315104 0.715820 0.319010 0.713867 0.321615 0.713867 0.322917 0.712891 0.324219 0.712891 0.325521 0.714844 0.329427 0.714844 0.333333 0.716797 0.335938 0.715820 0.337240 0.714844 0.337240 0.714844 0.342448 0.716797 0.346354 0.724609 0.346354 0.725586 0.347656 0.729492 0.347656 0.730469 0.348958 0.737305 0.348958 0.738281 0.347656 0.740234 0.347656 0.741211 0.346354 0.741211 0.345052 0.742188 0.343750 0.743164 0.339844 0.745117 0.337240 0.745117 0.335938 0.747070 0.332031 0.747070 0.328125 0.743164 0.322917 0.743164 0.321615 0.741211 0.317708 0.741211 0.313802 0.740234 0.312500 0.740234 0.311198 0.734375 0.303385
0 0.715820 0.358073 0.715820 0.361979 0.716797 0.363281 0.716797 0.364583 0.717773 0.365885 0.717773 0.367188 0.718750 0.368490 0.718750 0.369792 0.724609 0.377604 0.724609 0.378906 0.727539 0.381510 0.728516 0.381510 0.729492 0.380208 0.730469 0.380208 0.732422 0.377604 0.733398 0.377604 0.734375 0.376302 0.735352 0.376302 0.736328 0.375000 0.737305 0.375000 0.740234 0.372396 0.743164 0.372396 0.746094 0.369792 0.749023 0.369792 0.750000 0.368490 0.750000 0.365885 0.748047 0.361979 0.748047 0.359375 0.747070 0.358073 0.747070 0.356771 0.746094 0.355469 0.746094 0.354167 0.744141 0.351562 0.744141 0.350260 0.718750 0.350260 0.717773 0.351562 0.717773 0.352865 0.716797 0.354167 0.716797 0.356771
0 0.750977 0.368490 0.749023 0.368490 0.748047 0.367188 0.747070 0.367188 0.742188 0.372396 0.741211 0.372396 0.740234 0.373698 0.739258 0.373698 0.738281 0.375000 0.737305 0.375000 0.736328 0.376302 0.733398 0.377604 0.733398 0.378906 0.731445 0.381510 0.730469 0.381510 0.727539 0.384115 0.727539 0.389323 0.726562 0.390625 0.726562 0.395833 0.725586 0.397135 0.725586 0.402344 0.726562 0.403646 0.726562 0.404948 0.728516 0.407552 0.729492 0.406250 0.731445 0.406250 0.733398 0.408854 0.733398 0.410156 0.737305 0.415365 0.746094 0.415365 0.747070 0.414062 0.748047 0.414062 0.748047 0.412760 0.750977 0.408854 0.751953 0.408854 0.756836 0.403646 0.756836 0.402344 0.758789 0.398438 0.758789 0.393229 0.757812 0.391927 0.757812 0.389323 0.756836 0.388021 0.756836 0.385417 0.753906 0.378906 0.753906 0.376302 0.752930 0.375000 0.752930 0.373698 0.751953 0.372396
0 0.751953 0.285156 0.751953 0.289062 0.754883 0.289062 0.756836 0.292969 0.756836 0.295573 0.757812 0.296875 0.757812 0.304688 0.758789 0.305990 0.758789 0.311198 0.757812 0.312500 0.757812 0.315104 0.758789 0.315104 0.759766 0.316406 0.763672 0.316406 0.766602 0.313802 0.775391 0.313802 0.776367 0.312500 0.780273 0.312500 0.781250 0.311198 0.783203 0.311198 0.784180 0.309896 0.786133 0.309896 0.787109 0.308594 0.791016 0.308594 0.795898 0.303385 0.794922 0.302083 0.794922 0.298177 0.793945 0.296875 0.793945 0.292969 0.795898 0.289062 0.795898 0.287760 0.793945 0.283854 0.793945 0.278646 0.791016 0.277344 0.790039 0.276042 0.790039 0.274740 0.787109 0.272135 0.785156 0.272135 0.784180 0.273438 0.780273 0.273438 0.779297 0.272135 0.776367 0.272135 0.775391 0.270833 0.768555 0.270833 0.767578 0.272135 0.764648 0.272135 0.763672 0.273438 0.760742 0.274740 0.754883 0.282552 0.753906 0.282552
0 0.786133 0.269531 0.785156 0.270833 0.784180 0.270833 0.783203 0.272135 0.781250 0.272135 0.781250 0.273438 0.782227 0.274740 0.782227 0.276042 0.783203 0.277344 0.783203 0.278646 0.787109 0.283854 0.788086 0.283854 0.791016 0.287760 0.791016 0.290365 0.791992 0.291667 0.791992 0.299479 0.789062 0.303385 0.788086 0.303385 0.788086 0.304688 0.787109 0.305990 0.787109 0.308594 0.788086 0.309896 0.791016 0.309896 0.792969 0.307292 0.793945 0.307292 0.794922 0.305990 0.795898 0.305990 0.796875 0.304688 0.797852 0.304688 0.798828 0.303385 0.798828 0.300781 0.799805 0.299479 0.799805 0.290365 0.798828 0.289062 0.798828 0.287760 0.799805 0.286458 0.799805 0.282552 0.795898 0.277344 0.794922 0.277344 0.792969 0.274740 0.791992 0.274740 0.789062 0.270833 0.788086 0.270833 0.787109 0.269531
0 0.799805 0.287760 0.799805 0.289062 0.800781 0.290365 0.800781 0.296875 0.801758 0.298177 0.801758 0.300781 0.803711 0.303385 0.803711 0.304688 0.806641 0.308594 0.807617 0.308594 0.808594 0.309896 0.812500 0.309896 0.813477 0.311198 0.821289 0.311198 0.822266 0.309896 0.824219 0.309896 0.827148 0.307292 0.829102 0.307292 0.830078 0.305990 0.832031 0.305990 0.833008 0.304688 0.833984 0.304688 0.835938 0.302083 0.835938 0.295573 0.834961 0.294271 0.834961 0.292969 0.833008 0.290365 0.833008 0.289062 0.822266 0.274740 0.822266 0.273438 0.814453 0.273438 0.813477 0.274740 0.806641 0.274740 0.803711 0.278646 0.803711 0.279948 0.801758 0.282552 0.801758 0.283854
0 0.851562 0.299479 0.855469 0.304688 0.854492 0.305990 0.854492 0.307292 0.852539 0.309896 0.852539 0.312500 0.851562 0.313802 0.851562 0.319010 0.855469 0.324219 0.855469 0.328125 0.854492 0.329427 0.855469 0.330729 0.872070 0.330729 0.873047 0.329427 0.875000 0.329427 0.875977 0.328125 0.877930 0.328125 0.878906 0.326823 0.878906 0.325521 0.880859 0.322917 0.880859 0.321615 0.882812 0.319010 0.882812 0.316406 0.883789 0.315104 0.883789 0.308594 0.882812 0.308594 0.878906 0.303385 0.878906 0.302083 0.876953 0.299479 0.876953 0.296875 0.875977 0.295573 0.875977 0.292969 0.875000 0.292969 0.874023 0.291667 0.863281 0.291667 0.862305 0.292969 0.859375 0.292969 0.858398 0.294271 0.857422 0.294271 0.856445 0.295573 0.853516 0.296875
0 0.893555 0.338542 0.892578 0.338542 0.887695 0.334635 0.885742 0.334635 0.884766 0.333333 0.882812 0.333333 0.881836 0.332031 0.878906 0.332031 0.877930 0.330729 0.875000 0.330729 0.874023 0.332031 0.871094 0.332031 0.870117 0.333333 0.866211 0.333333 0.865234 0.334635 0.860352 0.334635 0.859375 0.335938 0.860352 0.337240 0.860352 0.345052 0.859375 0.346354 0.859375 0.356771 0.858398 0.358073 0.858398 0.360677 0.862305 0.365885 0.863281 0.365885 0.868164 0.371094 0.870117 0.371094 0.871094 0.372396 0.876953 0.372396 0.877930 0.371094 0.880859 0.371094 0.881836 0.369792 0.884766 0.368490 0.886719 0.365885 0.886719 0.363281 0.889648 0.359375 0.889648 0.358073 0.890625 0.356771 0.891602 0.356771 0.892578 0.352865 0.894531 0.350260 0.894531 0.348958 0.895508 0.347656 0.895508 0.341146
0 0.826172 0.313802 0.818359 0.313802 0.817383 0.315104 0.815430 0.315104 0.814453 0.316406 0.813477 0.316406 0.810547 0.320312 0.809570 0.320312 0.808594 0.321615 0.805664 0.322917 0.803711 0.325521 0.803711 0.328125 0.800781 0.332031 0.800781 0.333333 0.799805 0.334635 0.799805 0.338542 0.798828 0.339844 0.798828 0.346354 0.799805 0.347656 0.800781 0.347656 0.805664 0.351562 0.808594 0.351562 0.809570 0.352865 0.812500 0.352865 0.813477 0.354167 0.816406 0.354167 0.817383 0.355469 0.822266 0.355469 0.823242 0.354167 0.826172 0.354167 0.827148 0.352865 0.829102 0.352865 0.831055 0.350260 0.832031 0.350260 0.834961 0.346354 0.834961 0.345052 0.836914 0.341146 0.836914 0.325521 0.835938 0.324219 0.835938 0.322917 0.831055 0.316406 0.830078 0.316406 0.829102 0.315104 0.827148 0.315104
0 0.787109 0.317708 0.786133 0.317708 0.783203 0.315104 0.775391 0.315104 0.774414 0.316406 0.772461 0.316406 0.771484 0.317708 0.769531 0.317708 0.768555 0.319010 0.767578 0.319010 0.765625 0.321615 0.764648 0.321615 0.763672 0.322917 0.762695 0.322917 0.759766 0.325521 0.759766 0.328125 0.758789 0.329427 0.758789 0.330729 0.760742 0.333333 0.760742 0.334635 0.764648 0.341146 0.764648 0.346354 0.765625 0.347656 0.765625 0.351562 0.766602 0.351562 0.767578 0.352865 0.772461 0.352865 0.773438 0.354167 0.775391 0.354167 0.776367 0.352865 0.780273 0.352865 0.781250 0.351562 0.784180 0.351562 0.785156 0.350260 0.787109 0.350260 0.788086 0.348958 0.789062 0.348958 0.789062 0.347656 0.790039 0.346354 0.790039 0.330729 0.789062 0.329427 0.789062 0.325521 0.788086 0.324219 0.788086 0.320312 0.787109 0.319010
0 0.794922 0.351562 0.795898 0.352865 0.795898 0.359375 0.794922 0.360677 0.794922 0.363281 0.792969 0.365885 0.792969 0.367188 0.793945 0.368490 0.793945 0.372396 0.794922 0.373698 0.794922 0.376302 0.791992 0.380208 0.791992 0.382812 0.792969 0.384115 0.792969 0.386719 0.793945 0.386719 0.795898 0.389323 0.797852 0.389323 0.798828 0.390625 0.801758 0.390625 0.802734 0.391927 0.803711 0.391927 0.804688 0.390625 0.811523 0.390625 0.812500 0.389323 0.814453 0.389323 0.815430 0.388021 0.818359 0.386719 0.821289 0.382812 0.821289 0.381510 0.824219 0.377604 0.824219 0.376302 0.825195 0.375000 0.825195 0.368490 0.824219 0.367188 0.824219 0.365885 0.823242 0.365885 0.822266 0.364583 0.822266 0.363281 0.820312 0.360677 0.819336 0.360677 0.818359 0.359375 0.815430 0.358073 0.813477 0.355469 0.809570 0.355469 0.808594 0.354167 0.806641 0.354167 0.805664 0.352865 0.802734 0.352865 0.801758 0.351562
0 0.851562 0.371094 0.849609 0.368490 0.849609 0.367188 0.848633 0.367188 0.847656 0.365885 0.843750 0.365885 0.842773 0.367188 0.837891 0.367188 0.836914 0.368490 0.832031 0.368490 0.831055 0.367188 0.826172 0.367188 0.826172 0.375000 0.825195 0.376302 0.825195 0.378906 0.823242 0.381510 0.823242 0.382812 0.827148 0.388021 0.828125 0.388021 0.830078 0.390625 0.831055 0.390625 0.833984 0.394531 0.842773 0.394531 0.843750 0.393229 0.844727 0.393229 0.845703 0.391927 0.846680 0.391927 0.847656 0.390625 0.848633 0.390625 0.850586 0.388021 0.850586 0.384115 0.851562 0.382812
0 0.759766 0.382812 0.759766 0.388021 0.761719 0.391927 0.761719 0.399740 0.760742 0.401042 0.760742 0.402344 0.763672 0.406250 0.763672 0.408854 0.764648 0.410156 0.764648 0.411458 0.770508 0.419271 0.772461 0.419271 0.773438 0.417969 0.776367 0.417969 0.777344 0.416667 0.787109 0.416667 0.788086 0.415365 0.789062 0.415365 0.791016 0.412760 0.791016 0.410156 0.791992 0.408854 0.791992 0.394531 0.791016 0.393229 0.790039 0.389323 0.784180 0.381510 0.783203 0.381510 0.782227 0.380208 0.772461 0.380208 0.771484 0.381510 0.764648 0.381510 0.763672 0.382812
0 0.795898 0.421875 0.794922 0.420573 0.793945 0.420573 0.792969 0.419271 0.791016 0.419271 0.790039 0.417969 0.778320 0.417969 0.777344 0.419271 0.774414 0.419271 0.773438 0.420573 0.772461 0.420573 0.770508 0.423177 0.769531 0.423177 0.764648 0.429688 0.764648 0.434896 0.762695 0.437500 0.762695 0.438802 0.760742 0.441406 0.760742 0.442708 0.759766 0.444010 0.759766 0.446615 0.760742 0.447917 0.760742 0.451823 0.761719 0.453125 0.761719 0.457031 0.763672 0.459635 0.769531 0.459635 0.770508 0.460938 0.774414 0.460938 0.775391 0.462240 0.786133 0.462240 0.787109 0.460938 0.790039 0.459635 0.792969 0.455729 0.793945 0.455729 0.795898 0.453125 0.795898 0.451823 0.798828 0.445312 0.798828 0.434896 0.796875 0.430990 0.796875 0.424479 0.795898 0.423177
0 0.830078 0.391927 0.829102 0.391927 0.827148 0.389323 0.826172 0.389323 0.825195 0.388021 0.820312 0.388021 0.818359 0.390625 0.817383 0.390625 0.816406 0.391927 0.813477 0.391927 0.812500 0.393229 0.803711 0.393229 0.802734 0.394531 0.800781 0.394531 0.797852 0.398438 0.797852 0.401042 0.796875 0.402344 0.796875 0.419271 0.797852 0.420573 0.797852 0.423177 0.798828 0.424479 0.798828 0.427083 0.801758 0.427083 0.802734 0.428385 0.810547 0.428385 0.811523 0.429688 0.818359 0.429688 0.820312 0.427083 0.821289 0.427083 0.824219 0.420573 0.824219 0.415365 0.825195 0.414062 0.826172 0.410156 0.829102 0.406250 0.829102 0.404948 0.830078 0.403646 0.830078 0.401042 0.831055 0.399740 0.831055 0.394531 0.830078 0.393229
0 0.835938 0.444010 0.834961 0.442708 0.834961 0.441406 0.833008 0.438802 0.833008 0.437500 0.832031 0.436198 0.832031 0.434896 0.827148 0.428385 0.826172 0.428385 0.825195 0.427083 0.824219 0.428385 0.821289 0.428385 0.819336 0.430990 0.818359 0.430990 0.817383 0.432292 0.812500 0.432292 0.811523 0.430990 0.801758 0.430990 0.799805 0.434896 0.800781 0.436198 0.800781 0.441406 0.801758 0.442708 0.801758 0.445312 0.803711 0.447917 0.803711 0.449219 0.804688 0.450521 0.804688 0.451823 0.806641 0.454427 0.810547 0.454427 0.811523 0.455729 0.813477 0.455729 0.816406 0.458333 0.827148 0.458333 0.828125 0.457031 0.829102 0.457031 0.830078 0.455729 0.831055 0.455729 0.833984 0.451823 0.834961 0.451823 0.835938 0.450521
0 0.795898 0.459635 0.794922 0.460938 0.794922 0.464844 0.793945 0.466146 0.791016 0.466146 0.788086 0.470052 0.788086 0.472656 0.787109 0.473958 0.787109 0.488281 0.788086 0.489583 0.788086 0.490885 0.790039 0.493490 0.790039 0.494792 0.791016 0.496094 0.792969 0.496094 0.793945 0.497396 0.796875 0.497396 0.797852 0.498698 0.799805 0.498698 0.802734 0.501302 0.815430 0.501302 0.816406 0.500000 0.819336 0.498698 0.821289 0.496094 0.821289 0.494792 0.822266 0.493490 0.822266 0.490885 0.823242 0.489583 0.823242 0.486979 0.824219 0.485677 0.824219 0.481771 0.825195 0.480469 0.824219 0.479167 0.824219 0.463542 0.821289 0.460938 0.818359 0.460938 0.817383 0.459635 0.815430 0.459635 0.814453 0.458333 0.812500 0.458333 0.811523 0.457031 0.802734 0.457031 0.801758 0.458333 0.798828 0.458333 0.797852 0.459635
0 0.839844 0.454427 0.839844 0.457031 0.841797 0.459635 0.841797 0.462240 0.842773 0.463542 0.842773 0.476562 0.843750 0.477865 0.843750 0.485677 0.840820 0.489583 0.837891 0.489583 0.836914 0.490885 0.840820 0.490885 0.841797 0.492188 0.843750 0.492188 0.844727 0.493490 0.846680 0.493490 0.847656 0.494792 0.849609 0.494792 0.850586 0.496094 0.853516 0.496094 0.854492 0.497396 0.859375 0.497396 0.861328 0.494792 0.861328 0.493490 0.864258 0.489583 0.864258 0.488281 0.867188 0.484375 0.867188 0.483073 0.868164 0.481771 0.868164 0.479167 0.869141 0.477865 0.869141 0.470052 0.868164 0.468750 0.868164 0.464844 0.867188 0.463542 0.867188 0.462240 0.865234 0.459635 0.865234 0.458333 0.862305 0.454427 0.860352 0.454427 0.859375 0.453125 0.844727 0.453125 0.843750 0.454427
0 0.874023 0.432292 0.873047 0.433594 0.872070 0.433594 0.871094 0.434896 0.870117 0.434896 0.869141 0.436198 0.868164 0.436198 0.865234 0.440104 0.865234 0.441406 0.864258 0.442708 0.863281 0.442708 0.862305 0.444010 0.861328 0.444010 0.861328 0.445312 0.863281 0.447917 0.863281 0.449219 0.865234 0.453125 0.865234 0.455729 0.866211 0.457031 0.866211 0.459635 0.868164 0.462240 0.868164 0.463542 0.869141 0.464844 0.869141 0.467448 0.872070 0.471354 0.879883 0.471354 0.881836 0.468750 0.882812 0.468750 0.884766 0.466146 0.885742 0.466146 0.889648 0.460938 0.889648 0.459635 0.890625 0.458333 0.890625 0.447917 0.879883 0.433594 0.878906 0.433594 0.877930 0.432292
0 0.865234 0.385417 0.861328 0.385417 0.859375 0.388021 0.859375 0.389323 0.858398 0.390625 0.857422 0.390625 0.853516 0.395833 0.847656 0.398438 0.847656 0.399740 0.846680 0.401042 0.844727 0.401042 0.844727 0.403646 0.845703 0.403646 0.847656 0.399740 0.849609 0.399740 0.854492 0.407552 0.854492 0.414062 0.852539 0.417969 0.852539 0.421875 0.853516 0.423177 0.853516 0.424479 0.852539 0.425781 0.852539 0.428385 0.851562 0.429688 0.851562 0.437500 0.852539 0.438802 0.854492 0.438802 0.855469 0.437500 0.859375 0.437500 0.860352 0.436198 0.862305 0.436198 0.863281 0.434896 0.866211 0.434896 0.871094 0.430990 0.873047 0.430990 0.874023 0.429688 0.875000 0.429688 0.876953 0.427083 0.877930 0.423177 0.880859 0.419271 0.880859 0.417969 0.881836 0.416667 0.881836 0.414062 0.882812 0.412760 0.882812 0.410156 0.883789 0.408854 0.882812 0.402344 0.879883 0.397135 0.878906 0.397135 0.875977 0.393229 0.869141 0.391927 0.866211 0.388021 0.866211 0.386719
0 0.869141 0.381510 0.869141 0.384115 0.871094 0.386719 0.872070 0.386719 0.875977 0.391927 0.878906 0.393229 0.881836 0.397135 0.881836 0.398438 0.883789 0.401042 0.883789 0.404948 0.884766 0.406250 0.884766 0.408854 0.883789 0.410156 0.883789 0.415365 0.885742 0.417969 0.887695 0.417969 0.888672 0.419271 0.890625 0.419271 0.891602 0.420573 0.893555 0.420573 0.894531 0.419271 0.895508 0.419271 0.898438 0.415365 0.898438 0.414062 0.900391 0.410156 0.900391 0.386719 0.898438 0.384115 0.897461 0.384115 0.896484 0.382812 0.894531 0.382812 0.893555 0.381510 0.891602 0.381510 0.890625 0.380208 0.886719 0.380208 0.885742 0.378906 0.877930 0.378906 0.876953 0.377604 0.875000 0.377604 0.874023 0.378906 0.872070 0.378906 0.870117 0.381510
0 0.905273 0.404948 0.903320 0.407552 0.903320 0.408854 0.902344 0.410156 0.901367 0.414062 0.896484 0.420573 0.896484 0.421875 0.895508 0.423177 0.895508 0.425781 0.896484 0.427083 0.896484 0.428385 0.900391 0.434896 0.900391 0.437500 0.899414 0.438802 0.896484 0.438802 0.896484 0.440104 0.899414 0.438802 0.901367 0.441406 0.902344 0.441406 0.905273 0.444010 0.907227 0.444010 0.908203 0.445312 0.910156 0.445312 0.911133 0.446615 0.916992 0.446615 0.917969 0.445312 0.918945 0.445312 0.920898 0.442708 0.921875 0.442708 0.928711 0.433594 0.928711 0.432292 0.929688 0.430990 0.929688 0.423177 0.928711 0.421875 0.928711 0.417969 0.925781 0.414062 0.924805 0.414062 0.922852 0.411458 0.921875 0.411458 0.919922 0.408854 0.918945 0.408854 0.917969 0.407552 0.914062 0.407552 0.913086 0.406250 0.910156 0.406250 0.909180 0.404948
0 0.898438 0.446615 0.897461 0.447917 0.896484 0.447917 0.896484 0.449219 0.892578 0.454427 0.892578 0.455729 0.891602 0.457031 0.891602 0.459635 0.890625 0.460938 0.890625 0.463542 0.889648 0.464844 0.889648 0.468750 0.890625 0.470052 0.890625 0.475260 0.893555 0.479167 0.893555 0.480469 0.894531 0.481771 0.892578 0.484375 0.892578 0.485677 0.893555 0.486979 0.897461 0.486979 0.898438 0.488281 0.905273 0.488281 0.906250 0.489583 0.911133 0.489583 0.912109 0.488281 0.913086 0.488281 0.915039 0.485677 0.916016 0.485677 0.916992 0.484375 0.916992 0.483073 0.918945 0.479167 0.918945 0.471354 0.917969 0.470052 0.917969 0.466146 0.916992 0.464844 0.916992 0.460938 0.916016 0.459635 0.916016 0.451823 0.913086 0.447917 0.911133 0.447917 0.910156 0.446615 0.908203 0.446615 0.907227 0.445312 0.903320 0.445312 0.902344 0.446615
0 0.834961 0.502604 0.834961 0.503906 0.832031 0.507812 0.833984 0.510417 0.833984 0.516927 0.833008 0.518229 0.833008 0.524740 0.833984 0.526042 0.833984 0.527344 0.832031 0.529948 0.830078 0.529948 0.830078 0.531250 0.829102 0.532552 0.829102 0.533854 0.830078 0.535156 0.831055 0.535156 0.835938 0.539062 0.837891 0.539062 0.838867 0.540365 0.842773 0.540365 0.843750 0.539062 0.845703 0.539062 0.846680 0.540365 0.848633 0.540365 0.849609 0.541667 0.853516 0.541667 0.854492 0.540365 0.855469 0.540365 0.858398 0.536458 0.859375 0.536458 0.861328 0.533854 0.861328 0.519531 0.860352 0.518229 0.860352 0.513021 0.859375 0.511719 0.858398 0.507812 0.855469 0.503906 0.854492 0.503906 0.852539 0.501302 0.849609 0.501302 0.848633 0.500000 0.840820 0.500000 0.839844 0.501302 0.836914 0.501302 0.835938 0.502604
0 0.780273 0.507812 0.780273 0.511719 0.781250 0.513021 0.781250 0.514323 0.784180 0.518229 0.782227 0.520833 0.782227 0.527344 0.783203 0.528646 0.783203 0.535156 0.785156 0.532552 0.786133 0.532552 0.787109 0.533854 0.787109 0.544271 0.786133 0.545573 0.783203 0.544271 0.781250 0.548177 0.782227 0.549479 0.789062 0.549479 0.790039 0.548177 0.793945 0.548177 0.794922 0.546875 0.797852 0.546875 0.798828 0.545573 0.801758 0.545573 0.802734 0.544271 0.805664 0.542969 0.810547 0.536458 0.810547 0.527344 0.809570 0.526042 0.809570 0.523438 0.808594 0.522135 0.808594 0.520833 0.800781 0.510417 0.799805 0.510417 0.796875 0.507812 0.785156 0.507812 0.784180 0.506510 0.782227 0.506510 0.781250 0.507812
0 0.814453 0.536458 0.811523 0.537760 0.807617 0.542969 0.806641 0.542969 0.804688 0.545573 0.795898 0.549479 0.790039 0.557292 0.787109 0.558594 0.787109 0.567708 0.788086 0.569010 0.789062 0.572917 0.791016 0.575521 0.792969 0.575521 0.793945 0.574219 0.803711 0.574219 0.804688 0.575521 0.809570 0.575521 0.810547 0.574219 0.813477 0.572917 0.815430 0.570312 0.815430 0.569010 0.816406 0.567708 0.816406 0.566406 0.817383 0.565104 0.817383 0.563802 0.819336 0.559896 0.819336 0.555990 0.820312 0.554688 0.819336 0.553385 0.819336 0.549479 0.818359 0.548177 0.818359 0.545573 0.817383 0.544271 0.817383 0.540365
0 0.806641 0.578125 0.804688 0.578125 0.803711 0.576823 0.794922 0.576823 0.793945 0.578125 0.788086 0.578125 0.787109 0.579427 0.784180 0.580729 0.782227 0.583333 0.781250 0.583333 0.780273 0.584635 0.780273 0.595052 0.779297 0.596354 0.779297 0.604167 0.778320 0.605469 0.778320 0.608073 0.779297 0.609375 0.779297 0.611979 0.782227 0.615885 0.784180 0.615885 0.785156 0.617188 0.791016 0.617188 0.791992 0.615885 0.793945 0.615885 0.794922 0.614583 0.799805 0.614583 0.800781 0.613281 0.802734 0.613281 0.803711 0.611979 0.804688 0.611979 0.809570 0.605469 0.809570 0.602865 0.810547 0.601562 0.810547 0.597656 0.811523 0.596354 0.811523 0.591146 0.810547 0.589844 0.810547 0.584635 0.809570 0.583333 0.809570 0.582031
0 0.805664 0.626302 0.804688 0.626302 0.801758 0.623698 0.795898 0.623698 0.794922 0.625000 0.789062 0.625000 0.789062 0.628906 0.790039 0.630208 0.791016 0.630208 0.792969 0.632812 0.790039 0.636719 0.790039 0.640625 0.791016 0.641927 0.790039 0.643229 0.790039 0.644531 0.789062 0.645833 0.788086 0.649740 0.786133 0.652344 0.786133 0.654948 0.784180 0.657552 0.782227 0.657552 0.782227 0.658854 0.783203 0.658854 0.785156 0.661458 0.785156 0.662760 0.786133 0.662760 0.787109 0.664062 0.802734 0.664062 0.803711 0.662760 0.805664 0.662760 0.810547 0.656250 0.810547 0.654948 0.812500 0.652344 0.812500 0.649740 0.813477 0.648438 0.813477 0.641927 0.811523 0.638021 0.811523 0.635417 0.806641 0.628906 0.806641 0.627604
0 0.829102 0.645833 0.828125 0.645833 0.827148 0.644531 0.818359 0.644531 0.817383 0.645833 0.816406 0.645833 0.814453 0.648438 0.814453 0.649740 0.813477 0.651042 0.813477 0.652344 0.811523 0.654948 0.811523 0.656250 0.805664 0.664062 0.806641 0.665365 0.806641 0.667969 0.807617 0.669271 0.807617 0.673177 0.808594 0.674479 0.808594 0.677083 0.809570 0.678385 0.809570 0.682292 0.818359 0.682292 0.819336 0.680990 0.820312 0.680990 0.821289 0.679688 0.822266 0.679688 0.823242 0.678385 0.824219 0.678385 0.826172 0.675781 0.827148 0.675781 0.829102 0.673177 0.830078 0.673177 0.832031 0.670573 0.832031 0.669271 0.833984 0.665365 0.833984 0.661458 0.834961 0.660156 0.834961 0.656250 0.833984 0.654948 0.833984 0.653646 0.830078 0.648438 0.830078 0.647135
0 0.820312 0.720052 0.820312 0.721354 0.821289 0.722656 0.821289 0.723958 0.822266 0.725260 0.822266 0.726562 0.820312 0.729167 0.820312 0.730469 0.818359 0.733073 0.817383 0.733073 0.816406 0.734375 0.815430 0.734375 0.813477 0.736979 0.812500 0.736979 0.808594 0.742188 0.808594 0.746094 0.809570 0.747396 0.809570 0.750000 0.811523 0.752604 0.812500 0.752604 0.815430 0.755208 0.817383 0.755208 0.818359 0.756510 0.820312 0.756510 0.821289 0.757812 0.824219 0.757812 0.825195 0.756510 0.826172 0.756510 0.829102 0.753906 0.834961 0.753906 0.835938 0.752604 0.836914 0.752604 0.837891 0.751302 0.836914 0.750000 0.836914 0.743490 0.835938 0.742188 0.835938 0.739583 0.834961 0.738281 0.834961 0.735677 0.833984 0.734375 0.833984 0.733073 0.833008 0.731771 0.833008 0.730469 0.829102 0.725260 0.828125 0.725260 0.826172 0.722656 0.825195 0.722656 0.822266 0.720052
0 0.799805 0.756510 0.799805 0.757812 0.801758 0.760417 0.802734 0.764323 0.804688 0.766927 0.804688 0.770833 0.803711 0.772135 0.804688 0.773438 0.804688 0.776042 0.805664 0.777344 0.805664 0.778646 0.802734 0.785156 0.799805 0.785156 0.798828 0.786458 0.794922 0.786458 0.793945 0.787760 0.794922 0.789062 0.796875 0.789062 0.798828 0.791667 0.800781 0.791667 0.801758 0.792969 0.805664 0.792969 0.806641 0.794271 0.811523 0.794271 0.812500 0.792969 0.818359 0.792969 0.819336 0.791667 0.821289 0.791667 0.822266 0.790365 0.823242 0.790365 0.827148 0.782552 0.827148 0.768229 0.826172 0.766927 0.826172 0.763021 0.825195 0.761719 0.825195 0.760417 0.822266 0.760417 0.821289 0.759115 0.818359 0.759115 0.817383 0.757812 0.809570 0.757812 0.808594 0.759115 0.805664 0.759115 0.802734 0.756510
0 0.829102 0.790365 0.827148 0.792969 0.827148 0.795573 0.829102 0.798177 0.829102 0.809896 0.827148 0.812500 0.825195 0.812500 0.824219 0.813802 0.824219 0.816406 0.825195 0.817708 0.825195 0.819010 0.830078 0.825521 0.831055 0.825521 0.837891 0.833333 0.838867 0.833333 0.841797 0.835938 0.848633 0.835938 0.851562 0.832031 0.851562 0.830729 0.853516 0.826823 0.853516 0.824219 0.854492 0.822917 0.854492 0.821615 0.857422 0.817708 0.857422 0.815104 0.858398 0.813802 0.858398 0.805990 0.857422 0.804688 0.857422 0.802083 0.853516 0.796875 0.852539 0.796875 0.849609 0.792969 0.848633 0.792969 0.843750 0.789062 0.840820 0.789062 0.839844 0.787760 0.835938 0.787760 0.834961 0.789062 0.831055 0.789062 0.830078 0.790365
0 0.804688 0.807292 0.804688 0.812500 0.805664 0.813802 0.805664 0.816406 0.806641 0.817708 0.806641 0.820312 0.802734 0.825521 0.799805 0.825521 0.798828 0.824219 0.797852 0.825521 0.797852 0.828125 0.795898 0.830729 0.794922 0.830729 0.792969 0.834635 0.792969 0.839844 0.793945 0.841146 0.793945 0.842448 0.794922 0.842448 0.797852 0.846354 0.798828 0.846354 0.799805 0.847656 0.799805 0.848958 0.802734 0.852865 0.803711 0.852865 0.806641 0.855469 0.807617 0.854167 0.810547 0.854167 0.814453 0.848958 0.815430 0.845052 0.817383 0.842448 0.818359 0.838542 0.820312 0.835938 0.820312 0.834635 0.821289 0.833333 0.821289 0.828125 0.820312 0.826823 0.819336 0.822917 0.817383 0.820312 0.816406 0.816406 0.813477 0.812500 0.812500 0.812500 0.810547 0.809896 0.808594 0.809896 0.806641 0.807292
0 0.777344 0.832031 0.776367 0.833333 0.775391 0.837240 0.770508 0.845052 0.770508 0.847656 0.767578 0.851562 0.768555 0.851562 0.769531 0.852865 0.771484 0.852865 0.773438 0.855469 0.773438 0.859375 0.771484 0.861979 0.766602 0.861979 0.765625 0.863281 0.764648 0.863281 0.762695 0.865885 0.762695 0.867188 0.763672 0.867188 0.768555 0.871094 0.770508 0.871094 0.771484 0.872396 0.772461 0.872396 0.777344 0.877604 0.780273 0.878906 0.782227 0.882812 0.785156 0.882812 0.786133 0.881510 0.787109 0.877604 0.790039 0.873698 0.791016 0.869792 0.796875 0.863281 0.796875 0.859375 0.793945 0.855469 0.793945 0.854167 0.792969 0.852865 0.792969 0.846354 0.791016 0.843750 0.791016 0.842448 0.784180 0.834635 0.783203 0.834635 0.782227 0.833333 0.780273 0.833333 0.779297 0.832031
0 0.837891 0.733073 0.836914 0.734375 0.836914 0.739583 0.837891 0.740885 0.837891 0.744792 0.838867 0.746094 0.838867 0.751302 0.836914 0.753906 0.835938 0.753906 0.834961 0.755208 0.831055 0.755208 0.830078 0.756510 0.828125 0.756510 0.827148 0.757812 0.827148 0.763021 0.828125 0.764323 0.828125 0.766927 0.830078 0.769531 0.830078 0.770833 0.831055 0.770833 0.832031 0.772135 0.839844 0.772135 0.840820 0.773438 0.848633 0.773438 0.849609 0.772135 0.850586 0.772135 0.852539 0.769531 0.852539 0.765625 0.853516 0.764323 0.853516 0.761719 0.854492 0.760417 0.854492 0.757812 0.855469 0.756510 0.855469 0.750000 0.851562 0.744792 0.851562 0.743490 0.850586 0.742188 0.849609 0.742188 0.845703 0.736979 0.844727 0.736979 0.841797 0.734375 0.838867 0.734375
0 0.867188 0.747396 0.867188 0.757812 0.865234 0.760417 0.864258 0.760417 0.860352 0.765625 0.859375 0.765625 0.858398 0.766927 0.858398 0.769531 0.860352 0.772135 0.860352 0.773438 0.858398 0.776042 0.858398 0.777344 0.860352 0.779948 0.861328 0.779948 0.864258 0.783854 0.867188 0.783854 0.868164 0.785156 0.873047 0.785156 0.874023 0.786458 0.876953 0.786458 0.877930 0.787760 0.880859 0.787760 0.881836 0.789062 0.884766 0.789062 0.885742 0.787760 0.887695 0.787760 0.891602 0.782552 0.891602 0.781250 0.893555 0.777344 0.893555 0.774740 0.894531 0.773438 0.893555 0.772135 0.893555 0.769531 0.892578 0.768229 0.892578 0.766927 0.891602 0.766927 0.888672 0.763021 0.888672 0.761719 0.887695 0.760417 0.886719 0.760417 0.884766 0.757812 0.881836 0.756510 0.877930 0.751302 0.875977 0.751302 0.873047 0.748698 0.870117 0.748698 0.869141 0.747396
0 0.888672 0.713542 0.887695 0.714844 0.887695 0.718750 0.888672 0.720052 0.888672 0.723958 0.889648 0.725260 0.889648 0.727865 0.888672 0.729167 0.888672 0.733073 0.889648 0.733073 0.891602 0.736979 0.891602 0.744792 0.892578 0.746094 0.893555 0.744792 0.894531 0.744792 0.894531 0.738281 0.893555 0.736979 0.894531 0.735677 0.895508 0.735677 0.896484 0.736979 0.897461 0.740885 0.898438 0.740885 0.900391 0.743490 0.900391 0.748698 0.899414 0.750000 0.899414 0.751302 0.895508 0.756510 0.896484 0.756510 0.897461 0.757812 0.903320 0.757812 0.904297 0.756510 0.906250 0.756510 0.907227 0.755208 0.908203 0.755208 0.910156 0.752604 0.912109 0.752604 0.912109 0.751302 0.914062 0.747396 0.914062 0.738281 0.913086 0.736979 0.913086 0.730469 0.912109 0.729167 0.911133 0.725260 0.909180 0.722656 0.909180 0.721354 0.903320 0.713542 0.894531 0.713542 0.893555 0.712240
0 0.844727 0.678385 0.844727 0.679688 0.850586 0.688802 0.849609 0.692708 0.846680 0.695312 0.846680 0.696615 0.847656 0.697917 0.847656 0.699219 0.846680 0.700521 0.846680 0.707031 0.849609 0.709635 0.849609 0.712240 0.848633 0.713542 0.844727 0.713542 0.844727 0.716146 0.845703 0.717448 0.849609 0.717448 0.850586 0.718750 0.853516 0.718750 0.854492 0.720052 0.867188 0.720052 0.868164 0.718750 0.869141 0.718750 0.871094 0.716146 0.872070 0.716146 0.873047 0.714844 0.873047 0.707031 0.872070 0.705729 0.872070 0.700521 0.871094 0.699219 0.871094 0.696615 0.870117 0.695312 0.870117 0.688802 0.869141 0.687500 0.869141 0.686198 0.867188 0.683594 0.866211 0.683594 0.861328 0.679688 0.855469 0.679688 0.854492 0.678385
0 0.883789 0.653646 0.883789 0.660156 0.881836 0.662760 0.881836 0.664062 0.880859 0.665365 0.880859 0.669271 0.879883 0.670573 0.879883 0.673177 0.878906 0.674479 0.878906 0.675781 0.876953 0.678385 0.875977 0.678385 0.875977 0.679688 0.875000 0.680990 0.875000 0.683594 0.875977 0.684896 0.880859 0.684896 0.881836 0.686198 0.882812 0.686198 0.883789 0.687500 0.884766 0.687500 0.886719 0.690104 0.887695 0.690104 0.888672 0.691406 0.890625 0.691406 0.891602 0.692708 0.895508 0.692708 0.898438 0.690104 0.898438 0.688802 0.899414 0.687500 0.899414 0.684896 0.900391 0.683594 0.900391 0.671875 0.899414 0.670573 0.899414 0.669271 0.898438 0.667969 0.898438 0.666667 0.896484 0.664062 0.896484 0.662760 0.895508 0.661458 0.894531 0.661458 0.892578 0.658854 0.891602 0.658854 0.890625 0.657552 0.888672 0.657552 0.887695 0.656250 0.886719 0.656250 0.884766 0.653646
0 0.873047 0.686198 0.873047 0.691406 0.872070 0.692708 0.872070 0.695312 0.873047 0.696615 0.873047 0.697917 0.874023 0.697917 0.876953 0.701823 0.876953 0.703125 0.877930 0.704427 0.877930 0.707031 0.878906 0.708333 0.878906 0.709635 0.879883 0.710938 0.881836 0.710938 0.882812 0.709635 0.887695 0.709635 0.888672 0.708333 0.892578 0.708333 0.893555 0.707031 0.893555 0.705729 0.897461 0.700521 0.897461 0.697917 0.898438 0.696615 0.898438 0.692708 0.899414 0.691406 0.899414 0.687500 0.897461 0.690104 0.895508 0.690104 0.893555 0.692708 0.890625 0.692708 0.889648 0.691406 0.888672 0.691406 0.887695 0.690104 0.886719 0.690104 0.884766 0.687500 0.883789 0.687500 0.882812 0.686198 0.879883 0.686198 0.878906 0.684896 0.874023 0.684896
0 0.837891 0.614583 0.836914 0.615885 0.835938 0.615885 0.835938 0.617188 0.838867 0.619792 0.838867 0.622396 0.836914 0.625000 0.835938 0.625000 0.834961 0.626302 0.834961 0.638021 0.832031 0.641927 0.832031 0.645833 0.835938 0.653646 0.836914 0.653646 0.839844 0.656250 0.845703 0.656250 0.848633 0.653646 0.850586 0.653646 0.851562 0.652344 0.852539 0.652344 0.854492 0.649740 0.855469 0.649740 0.858398 0.645833 0.859375 0.641927 0.860352 0.640625 0.861328 0.640625 0.861328 0.630208 0.860352 0.628906 0.860352 0.627604 0.858398 0.623698 0.857422 0.623698 0.856445 0.622396 0.854492 0.622396 0.853516 0.621094 0.852539 0.621094 0.851562 0.619792 0.848633 0.618490 0.846680 0.615885 0.839844 0.615885 0.838867 0.614583
0 0.865234 0.591146 0.865234 0.593750 0.864258 0.595052 0.866211 0.598958 0.866211 0.609375 0.867188 0.610677 0.867188 0.614583 0.868164 0.615885 0.868164 0.619792 0.869141 0.621094 0.868164 0.622396 0.866211 0.622396 0.865234 0.623698 0.863281 0.621094 0.862305 0.621094 0.861328 0.619792 0.860352 0.621094 0.860352 0.622396 0.862305 0.625000 0.862305 0.626302 0.863281 0.627604 0.864258 0.627604 0.865234 0.628906 0.867188 0.628906 0.868164 0.630208 0.872070 0.630208 0.873047 0.628906 0.875000 0.628906 0.875977 0.627604 0.880859 0.627604 0.881836 0.626302 0.883789 0.626302 0.884766 0.625000 0.885742 0.625000 0.887695 0.622396 0.888672 0.622396 0.892578 0.617188 0.892578 0.614583 0.893555 0.613281 0.893555 0.608073 0.894531 0.606771 0.894531 0.605469 0.893555 0.604167 0.893555 0.601562 0.891602 0.598958 0.891602 0.597656 0.888672 0.593750 0.887695 0.593750 0.886719 0.592448 0.881836 0.592448 0.880859 0.591146 0.875977 0.591146 0.875000 0.589844 0.867188 0.589844 0.866211 0.591146
0 0.907227 0.619792 0.905273 0.619792 0.904297 0.618490 0.903320 0.618490 0.902344 0.619792 0.896484 0.619792 0.895508 0.621094 0.893555 0.621094 0.892578 0.622396 0.891602 0.622396 0.887695 0.627604 0.887695 0.628906 0.884766 0.632812 0.884766 0.635417 0.883789 0.636719 0.883789 0.638021 0.884766 0.639323 0.884766 0.645833 0.883789 0.647135 0.884766 0.648438 0.887695 0.649740 0.889648 0.653646 0.890625 0.653646 0.895508 0.658854 0.905273 0.658854 0.906250 0.657552 0.909180 0.656250 0.915039 0.648438 0.915039 0.636719 0.914062 0.635417 0.914062 0.632812 0.913086 0.631510 0.913086 0.630208 0.912109 0.628906 0.911133 0.625000
0 0.918945 0.580729 0.918945 0.582031 0.917969 0.583333 0.917969 0.587240 0.916016 0.589844 0.916016 0.592448 0.917969 0.595052 0.917969 0.596354 0.916016 0.598958 0.916016 0.602865 0.916992 0.604167 0.918945 0.604167 0.919922 0.605469 0.919922 0.606771 0.918945 0.608073 0.918945 0.611979 0.917969 0.613281 0.917969 0.618490 0.919922 0.621094 0.932617 0.621094 0.933594 0.619792 0.936523 0.619792 0.937500 0.618490 0.938477 0.618490 0.940430 0.615885 0.941406 0.615885 0.943359 0.613281 0.944336 0.613281 0.946289 0.610677 0.946289 0.609375 0.947266 0.608073 0.947266 0.602865 0.948242 0.601562 0.948242 0.585938 0.947266 0.585938 0.944336 0.583333 0.941406 0.583333 0.940430 0.582031 0.928711 0.582031 0.927734 0.580729
0 0.827148 0.570312 0.826172 0.571615 0.826172 0.575521 0.828125 0.579427 0.828125 0.582031 0.826172 0.584635 0.826172 0.585938 0.825195 0.587240 0.824219 0.587240 0.823242 0.585938 0.822266 0.585938 0.821289 0.587240 0.821289 0.593750 0.818359 0.597656 0.818359 0.598958 0.817383 0.600260 0.818359 0.600260 0.820312 0.602865 0.821289 0.606771 0.822266 0.606771 0.823242 0.608073 0.825195 0.608073 0.828125 0.610677 0.835938 0.610677 0.836914 0.609375 0.839844 0.608073 0.841797 0.605469 0.843750 0.605469 0.844727 0.604167 0.845703 0.604167 0.846680 0.602865 0.849609 0.601562 0.849609 0.600260 0.851562 0.596354 0.851562 0.589844 0.850586 0.588542 0.850586 0.585938 0.842773 0.575521 0.842773 0.574219 0.839844 0.572917 0.837891 0.570312
0 0.856445 0.545573 0.855469 0.545573 0.854492 0.544271 0.853516 0.544271 0.852539 0.542969 0.843750 0.542969 0.842773 0.544271 0.837891 0.544271 0.836914 0.545573 0.833984 0.545573 0.833984 0.548177 0.831055 0.552083 0.831055 0.554688 0.832031 0.555990 0.832031 0.561198 0.833984 0.563802 0.833984 0.565104 0.834961 0.566406 0.835938 0.566406 0.836914 0.567708 0.837891 0.567708 0.841797 0.572917 0.844727 0.572917 0.846680 0.570312 0.847656 0.570312 0.848633 0.569010 0.849609 0.569010 0.850586 0.567708 0.851562 0.567708 0.852539 0.566406 0.853516 0.566406 0.854492 0.565104 0.855469 0.565104 0.860352 0.558594 0.859375 0.557292 0.859375 0.553385 0.858398 0.552083 0.858398 0.549479 0.857422 0.548177 0.857422 0.546875
0 0.867188 0.542969 0.866211 0.544271 0.863281 0.544271 0.862305 0.545573 0.860352 0.545573 0.859375 0.546875 0.859375 0.552083 0.860352 0.553385 0.860352 0.559896 0.858398 0.562500 0.858398 0.563802 0.856445 0.567708 0.856445 0.570312 0.857422 0.571615 0.857422 0.572917 0.858398 0.574219 0.858398 0.575521 0.865234 0.584635 0.866211 0.584635 0.867188 0.585938 0.872070 0.585938 0.873047 0.584635 0.875000 0.584635 0.875977 0.583333 0.876953 0.583333 0.878906 0.580729 0.879883 0.580729 0.879883 0.579427 0.881836 0.575521 0.881836 0.562500 0.880859 0.561198 0.880859 0.557292 0.879883 0.555990 0.879883 0.552083 0.878906 0.550781 0.878906 0.548177 0.877930 0.546875 0.877930 0.545573 0.876953 0.545573 0.875977 0.544271 0.871094 0.544271 0.870117 0.542969
0 0.902344 0.532552 0.901367 0.533854 0.899414 0.533854 0.895508 0.539062 0.895508 0.544271 0.896484 0.545573 0.896484 0.555990 0.895508 0.557292 0.895508 0.559896 0.892578 0.563802 0.892578 0.565104 0.893555 0.565104 0.895508 0.567708 0.896484 0.567708 0.899414 0.570312 0.904297 0.570312 0.905273 0.571615 0.910156 0.571615 0.912109 0.569010 0.912109 0.567708 0.913086 0.566406 0.913086 0.565104 0.914062 0.563802 0.914062 0.562500 0.916016 0.559896 0.916016 0.558594 0.916992 0.557292 0.916992 0.555990 0.917969 0.554688 0.917969 0.553385 0.919922 0.549479 0.919922 0.545573 0.920898 0.544271 0.920898 0.542969 0.919922 0.541667 0.919922 0.537760 0.916992 0.533854 0.915039 0.533854 0.914062 0.532552
0 0.880859 0.492188 0.879883 0.493490 0.879883 0.496094 0.878906 0.497396 0.878906 0.498698 0.876953 0.501302 0.876953 0.505208 0.879883 0.505208 0.881836 0.507812 0.879883 0.511719 0.879883 0.518229 0.880859 0.518229 0.882812 0.520833 0.882812 0.524740 0.881836 0.526042 0.881836 0.527344 0.882812 0.528646 0.884766 0.528646 0.885742 0.529948 0.889648 0.529948 0.890625 0.531250 0.899414 0.531250 0.900391 0.529948 0.904297 0.529948 0.906250 0.527344 0.906250 0.526042 0.907227 0.524740 0.907227 0.520833 0.908203 0.519531 0.908203 0.505208 0.907227 0.503906 0.907227 0.501302 0.906250 0.500000 0.906250 0.498698 0.901367 0.494792 0.899414 0.494792 0.898438 0.493490 0.897461 0.493490 0.896484 0.492188 0.894531 0.492188 0.893555 0.490885 0.882812 0.490885 0.881836 0.492188
0 0.908203 0.492188 0.907227 0.493490 0.907227 0.498698 0.909180 0.502604 0.909180 0.518229 0.908203 0.519531 0.908203 0.523438 0.907227 0.524740 0.907227 0.528646 0.908203 0.529948 0.911133 0.529948 0.912109 0.531250 0.926758 0.531250 0.928711 0.528646 0.928711 0.515625 0.927734 0.514323 0.927734 0.511719 0.926758 0.510417 0.926758 0.509115 0.921875 0.502604 0.921875 0.501302 0.918945 0.497396 0.917969 0.497396 0.916992 0.496094 0.916016 0.496094 0.915039 0.494792 0.914062 0.494792 0.911133 0.492188
