0 0.204102 0.955729 0.204102 0.957031 0.200195 0.962240 0.200195 0.964844 0.199219 0.966146 0.199219 0.972656 0.200195 0.973958 0.202148 0.973958 0.204102 0.976562 0.200195 0.985677 0.200195 0.989583 0.199219 0.990885 0.199219 0.993490 0.197266 0.996094 0.198242 0.997396 0.203125 0.997396 0.204102 0.996094 0.208984 0.996094 0.209961 0.997396 0.225586 0.997396 0.227539 0.996094 0.232422 0.985677 0.232422 0.977865 0.231445 0.975260 0.229492 0.972656 0.227539 0.972656 0.225586 0.970052 0.223633 0.964844 0.221680 0.968750 0.221680 0.971354 0.219727 0.973958 0.219727 0.977865 0.224609 0.977865 0.225586 0.979167 0.225586 0.981771 0.224609 0.983073 0.215820 0.983073 0.213867 0.981771 0.211914 0.979167 0.211914 0.975260 0.209961 0.970052 0.207031 0.966146 0.208008 0.959635 0.207031 0.957031
0 0.237305 0.830729 0.237305 0.835938 0.236328 0.837240 0.236328 0.842448 0.235352 0.843750 0.235352 0.855469 0.236328 0.855469 0.236328 0.854167 0.239258 0.850260 0.240234 0.850260 0.244141 0.855469 0.244141 0.856771 0.245117 0.856771 0.246094 0.858073 0.250000 0.858073 0.250977 0.859375 0.251953 0.859375 0.252930 0.858073 0.262695 0.858073 0.265625 0.855469 0.265625 0.852865 0.266602 0.851562 0.266602 0.847656 0.267578 0.846354 0.267578 0.845052 0.264648 0.842448 0.262695 0.842448 0.260742 0.839844 0.260742 0.838542 0.259766 0.838542 0.256836 0.834635 0.256836 0.832031 0.255859 0.830729 0.252930 0.830729 0.251953 0.829427 0.249023 0.829427 0.248047 0.830729 0.244141 0.825521 0.244141 0.824219 0.243164 0.824219 0.241211 0.826823 0.240234 0.826823
0 0.184570 0.798177 0.184570 0.799479 0.181641 0.803385 0.181641 0.804688 0.180664 0.805990 0.180664 0.808594 0.179688 0.809896 0.180664 0.811198 0.180664 0.813802 0.184570 0.819010 0.184570 0.820312 0.189453 0.826823 0.190430 0.826823 0.192383 0.829427 0.193359 0.829427 0.195312 0.832031 0.196289 0.832031 0.197266 0.833333 0.201172 0.833333 0.204102 0.829427 0.205078 0.829427 0.208008 0.825521 0.208008 0.824219 0.209961 0.821615 0.209961 0.820312 0.210938 0.819010 0.210938 0.817708 0.209961 0.816406 0.209961 0.813802 0.207031 0.811198 0.203125 0.811198 0.202148 0.809896 0.200195 0.809896 0.197266 0.805990 0.197266 0.804688 0.195312 0.804688 0.194336 0.805990 0.193359 0.805990 0.191406 0.803385 0.190430 0.803385 0.186523 0.798177
0 0.298828 0.794271 0.297852 0.795573 0.297852 0.796875 0.293945 0.802083 0.293945 0.804688 0.291016 0.808594 0.290039 0.808594 0.290039 0.809896 0.288086 0.813802 0.288086 0.815104 0.289062 0.816406 0.289062 0.819010 0.290039 0.820312 0.290039 0.821615 0.291016 0.822917 0.291992 0.826823 0.296875 0.833333 0.297852 0.833333 0.302734 0.837240 0.305664 0.837240 0.306641 0.838542 0.310547 0.838542 0.311523 0.837240 0.313477 0.837240 0.314453 0.835938 0.317383 0.834635 0.318359 0.833333 0.318359 0.832031 0.320312 0.829427 0.320312 0.826823 0.321289 0.825521 0.321289 0.822917 0.323242 0.819010 0.322266 0.817708 0.322266 0.816406 0.320312 0.816406 0.319336 0.817708 0.317383 0.817708 0.315430 0.813802 0.315430 0.809896 0.314453 0.808594 0.312500 0.808594 0.307617 0.802083 0.306641 0.802083 0.305664 0.800781 0.301758 0.800781 0.299805 0.798177 0.299805 0.794271
0 0.263672 0.763021 0.261719 0.763021 0.260742 0.764323 0.260742 0.765625 0.258789 0.768229 0.257812 0.768229 0.256836 0.766927 0.256836 0.763021 0.252930 0.763021 0.252930 0.765625 0.253906 0.766927 0.253906 0.772135 0.252930 0.773438 0.252930 0.777344 0.250977 0.779948 0.250000 0.779948 0.249023 0.778646 0.249023 0.777344 0.248047 0.776042 0.248047 0.773438 0.247070 0.772135 0.244141 0.772135 0.243164 0.770833 0.239258 0.770833 0.239258 0.772135 0.238281 0.773438 0.238281 0.779948 0.239258 0.781250 0.239258 0.785156 0.240234 0.786458 0.240234 0.787760 0.241211 0.787760 0.243164 0.790365 0.244141 0.790365 0.245117 0.789062 0.245117 0.785156 0.246094 0.783854 0.246094 0.782552 0.247070 0.781250 0.248047 0.782552 0.248047 0.783854 0.249023 0.785156 0.249023 0.790365 0.248047 0.791667 0.248047 0.794271 0.250977 0.800781 0.251953 0.799479 0.251953 0.798177 0.254883 0.794271 0.255859 0.794271 0.258789 0.790365 0.259766 0.790365 0.259766 0.789062 0.263672 0.783854 0.263672 0.782552 0.267578 0.773438 0.267578 0.770833 0.265625 0.768229 0.265625 0.765625
0 0.337891 0.799479 0.333008 0.805990 0.333008 0.807292 0.331055 0.809896 0.331055 0.811198 0.330078 0.812500 0.330078 0.813802 0.328125 0.816406 0.328125 0.817708 0.327148 0.819010 0.327148 0.820312 0.329102 0.822917 0.331055 0.822917 0.332031 0.824219 0.333984 0.824219 0.334961 0.825521 0.335938 0.825521 0.336914 0.826823 0.341797 0.826823 0.342773 0.825521 0.343750 0.825521 0.345703 0.822917 0.346680 0.822917 0.348633 0.820312 0.348633 0.817708 0.346680 0.815104 0.346680 0.813802 0.345703 0.812500 0.345703 0.811198 0.343750 0.808594 0.343750 0.807292 0.341797 0.804688 0.341797 0.803385 0.340820 0.802083 0.339844 0.802083
0 0.329102 0.820312 0.332031 0.820312 0.333008 0.821615 0.333984 0.821615 0.334961 0.822917 0.334961 0.824219 0.335938 0.824219 0.336914 0.825521 0.340820 0.825521 0.341797 0.824219 0.342773 0.824219 0.343750 0.822917 0.343750 0.821615 0.345703 0.819010 0.349609 0.819010 0.350586 0.820312 0.364258 0.820312 0.366211 0.817708 0.367188 0.817708 0.370117 0.815104 0.370117 0.813802 0.371094 0.812500 0.371094 0.807292 0.372070 0.805990 0.372070 0.799479 0.371094 0.798177 0.365234 0.798177 0.364258 0.796875 0.362305 0.796875 0.361328 0.795573 0.358398 0.795573 0.355469 0.791667 0.354492 0.791667 0.353516 0.790365 0.351562 0.790365 0.350586 0.789062 0.348633 0.789062 0.345703 0.786458 0.344727 0.787760 0.341797 0.789062 0.340820 0.790365 0.339844 0.794271 0.336914 0.798177 0.336914 0.799479 0.335938 0.800781 0.335938 0.802083 0.333984 0.804688 0.332031 0.811198 0.330078 0.813802 0.330078 0.816406 0.329102 0.817708
0 0.384766 0.785156 0.375000 0.798177 0.375000 0.799479 0.373047 0.803385 0.373047 0.817708 0.375000 0.820312 0.380859 0.820312 0.381836 0.821615 0.388672 0.821615 0.389648 0.820312 0.389648 0.812500 0.390625 0.811198 0.390625 0.802083 0.391602 0.800781 0.393555 0.803385 0.393555 0.822917 0.394531 0.822917 0.395508 0.824219 0.396484 0.822917 0.397461 0.822917 0.397461 0.821615 0.400391 0.815104 0.400391 0.807292 0.399414 0.805990 0.399414 0.804688 0.395508 0.799479 0.392578 0.798177 0.387695 0.791667 0.386719 0.787760
0 0.420898 0.803385 0.416992 0.803385 0.416016 0.802083 0.414062 0.802083 0.413086 0.803385 0.410156 0.803385 0.409180 0.804688 0.408203 0.804688 0.408203 0.805990 0.403320 0.812500 0.403320 0.813802 0.401367 0.816406 0.401367 0.817708 0.400391 0.819010 0.400391 0.820312 0.398438 0.824219 0.398438 0.835938 0.399414 0.837240 0.399414 0.843750 0.400391 0.845052 0.401367 0.843750 0.422852 0.843750 0.422852 0.842448 0.423828 0.841146 0.423828 0.837240 0.426758 0.833333 0.427734 0.833333 0.427734 0.832031 0.428711 0.830729 0.428711 0.817708 0.427734 0.816406 0.427734 0.813802 0.426758 0.812500 0.426758 0.811198
0 0.409180 0.877604 0.409180 0.878906 0.408203 0.880208 0.408203 0.888021 0.407227 0.889323 0.407227 0.902344 0.409180 0.904948 0.413086 0.904948 0.419922 0.911458 0.422852 0.911458 0.423828 0.912760 0.426758 0.912760 0.427734 0.914062 0.428711 0.912760 0.431641 0.912760 0.432617 0.914062 0.435547 0.914062 0.437500 0.911458 0.437500 0.908854 0.438477 0.907552 0.438477 0.903646 0.439453 0.902344 0.439453 0.899740 0.440430 0.898438 0.440430 0.894531 0.442383 0.891927 0.442383 0.888021 0.442383 0.889323 0.441406 0.890625 0.438477 0.890625 0.437500 0.889323 0.436523 0.889323 0.435547 0.888021 0.435547 0.881510 0.433594 0.881510 0.431641 0.884115 0.425781 0.884115 0.422852 0.881510 0.420898 0.881510 0.417969 0.878906 0.416016 0.878906 0.415039 0.877604 0.413086 0.877604 0.412109 0.876302
0 0.443359 0.897135 0.443359 0.899740 0.441406 0.904948 0.441406 0.908854 0.440430 0.910156 0.440430 0.919271 0.445312 0.921875 0.446289 0.923177 0.446289 0.927083 0.447266 0.928385 0.446289 0.929688 0.443359 0.929688 0.443359 0.937500 0.444336 0.938802 0.453125 0.938802 0.454102 0.937500 0.456055 0.937500 0.457031 0.938802 0.466797 0.938802 0.468750 0.937500 0.475586 0.921875 0.475586 0.919271 0.476562 0.917969 0.475586 0.911458 0.473633 0.910156 0.471680 0.912760 0.471680 0.919271 0.469727 0.921875 0.466797 0.917969 0.466797 0.915365 0.467773 0.914062 0.465820 0.908854 0.460938 0.904948 0.458984 0.904948 0.454102 0.899740 0.452148 0.902344 0.452148 0.915365 0.454102 0.917969 0.454102 0.919271 0.450195 0.921875 0.449219 0.920573 0.449219 0.914062 0.448242 0.914062 0.444336 0.908854 0.444336 0.899740 0.445312 0.898438 0.447266 0.898438 0.447266 0.897135
0 0.200195 0.713542 0.200195 0.718750 0.201172 0.720052 0.201172 0.722656 0.202148 0.723958 0.202148 0.725260 0.203125 0.726562 0.203125 0.727865 0.204102 0.729167 0.204102 0.730469 0.210938 0.739583 0.211914 0.739583 0.212891 0.740885 0.213867 0.739583 0.221680 0.739583 0.222656 0.738281 0.224609 0.738281 0.225586 0.736979 0.225586 0.735677 0.226562 0.734375 0.226562 0.733073 0.227539 0.731771 0.227539 0.726562 0.226562 0.725260 0.226562 0.722656 0.225586 0.721354 0.225586 0.717448 0.222656 0.713542 0.221680 0.713542 0.220703 0.712240 0.220703 0.710938 0.218750 0.710938 0.217773 0.709635 0.212891 0.709635 0.211914 0.708333 0.208008 0.708333 0.207031 0.707031 0.205078 0.707031
0 0.252930 0.704427 0.251953 0.705729 0.250977 0.705729 0.249023 0.708333 0.248047 0.708333 0.246094 0.710938 0.246094 0.712240 0.245117 0.713542 0.244141 0.713542 0.242188 0.716146 0.242188 0.717448 0.241211 0.718750 0.241211 0.727865 0.242188 0.729167 0.242188 0.735677 0.246094 0.740885 0.249023 0.742188 0.250977 0.744792 0.251953 0.744792 0.252930 0.746094 0.257812 0.746094 0.258789 0.747396 0.259766 0.746094 0.260742 0.746094 0.264648 0.739583 0.264648 0.738281 0.265625 0.736979 0.265625 0.734375 0.266602 0.733073 0.266602 0.730469 0.267578 0.729167 0.267578 0.727865 0.269531 0.725260 0.269531 0.723958 0.271484 0.720052 0.271484 0.713542 0.270508 0.712240 0.270508 0.710938 0.267578 0.707031 0.265625 0.707031 0.264648 0.708333 0.261719 0.708333 0.260742 0.707031 0.258789 0.707031 0.256836 0.704427
0 0.278320 0.716146 0.278320 0.717448 0.276367 0.720052 0.274414 0.720052 0.273438 0.723958 0.272461 0.725260 0.271484 0.725260 0.269531 0.729167 0.269531 0.740885 0.270508 0.742188 0.270508 0.744792 0.271484 0.746094 0.271484 0.747396 0.278320 0.756510 0.279297 0.756510 0.280273 0.757812 0.282227 0.757812 0.283203 0.759115 0.291016 0.759115 0.291992 0.757812 0.294922 0.756510 0.297852 0.752604 0.297852 0.751302 0.298828 0.750000 0.298828 0.748698 0.300781 0.746094 0.301758 0.742188 0.301758 0.743490 0.300781 0.744792 0.297852 0.744792 0.294922 0.740885 0.294922 0.739583 0.291992 0.735677 0.291016 0.731771 0.288086 0.727865 0.286133 0.727865 0.285156 0.726562 0.280273 0.726562 0.279297 0.727865 0.278320 0.726562 0.277344 0.726562 0.276367 0.725260 0.278320 0.722656
0 0.317383 0.720052 0.316406 0.721354 0.316406 0.722656 0.314453 0.726562 0.314453 0.739583 0.315430 0.740885 0.315430 0.744792 0.316406 0.746094 0.316406 0.747396 0.318359 0.750000 0.318359 0.751302 0.321289 0.755208 0.322266 0.755208 0.323242 0.756510 0.325195 0.756510 0.326172 0.757812 0.333008 0.757812 0.333984 0.759115 0.334961 0.757812 0.336914 0.757812 0.338867 0.755208 0.338867 0.753906 0.340820 0.750000 0.340820 0.747396 0.341797 0.746094 0.340820 0.744792 0.340820 0.739583 0.339844 0.738281 0.339844 0.729167 0.341797 0.725260 0.341797 0.721354 0.340820 0.721354 0.340820 0.725260 0.337891 0.727865 0.336914 0.726562 0.333984 0.726562 0.333008 0.725260 0.328125 0.725260 0.327148 0.723958 0.321289 0.723958 0.319336 0.720052
0 0.350586 0.716146 0.350586 0.720052 0.353516 0.723958 0.354492 0.723958 0.355469 0.725260 0.355469 0.727865 0.359375 0.733073 0.361328 0.733073 0.364258 0.736979 0.364258 0.738281 0.367188 0.742188 0.367188 0.743490 0.368164 0.743490 0.370117 0.746094 0.370117 0.747396 0.371094 0.748698 0.371094 0.750000 0.372070 0.750000 0.375000 0.753906 0.378906 0.753906 0.378906 0.752604 0.379883 0.751302 0.379883 0.740885 0.378906 0.739583 0.375977 0.739583 0.373047 0.735677 0.373047 0.734375 0.372070 0.734375 0.368164 0.729167 0.367188 0.729167 0.362305 0.722656 0.361328 0.722656 0.359375 0.720052 0.356445 0.720052 0.355469 0.718750 0.354492 0.718750 0.352539 0.716146
0 0.263672 0.667969 0.263672 0.669271 0.262695 0.670573 0.262695 0.673177 0.261719 0.674479 0.261719 0.678385 0.260742 0.679688 0.260742 0.694010 0.262695 0.696615 0.263672 0.696615 0.266602 0.700521 0.268555 0.700521 0.269531 0.701823 0.276367 0.701823 0.277344 0.703125 0.286133 0.703125 0.289062 0.699219 0.289062 0.697917 0.291016 0.695312 0.291016 0.691406 0.292969 0.688802 0.292969 0.683594 0.295898 0.679688 0.295898 0.678385 0.296875 0.677083 0.296875 0.666667 0.295898 0.665365 0.295898 0.664062 0.294922 0.662760 0.291992 0.662760 0.291016 0.661458 0.278320 0.661458 0.277344 0.662760 0.274414 0.662760 0.273438 0.664062 0.270508 0.664062 0.269531 0.665365 0.267578 0.665365 0.266602 0.666667
0 0.184570 0.645833 0.178711 0.653646 0.178711 0.654948 0.176758 0.658854 0.176758 0.661458 0.175781 0.662760 0.175781 0.664062 0.178711 0.666667 0.180664 0.666667 0.182617 0.669271 0.183594 0.669271 0.186523 0.673177 0.188477 0.673177 0.190430 0.675781 0.191406 0.675781 0.193359 0.678385 0.194336 0.678385 0.196289 0.680990 0.202148 0.680990 0.203125 0.679688 0.204102 0.679688 0.206055 0.675781 0.206055 0.671875 0.205078 0.670573 0.205078 0.667969 0.204102 0.666667 0.204102 0.664062 0.202148 0.660156 0.202148 0.657552 0.201172 0.656250 0.201172 0.654948 0.200195 0.653646 0.200195 0.652344 0.199219 0.652344 0.198242 0.651042 0.197266 0.651042 0.196289 0.649740 0.195312 0.649740 0.193359 0.647135 0.192383 0.647135 0.189453 0.644531 0.188477 0.644531 0.187500 0.645833
0 0.206055 0.644531 0.204102 0.647135 0.204102 0.648438 0.203125 0.649740 0.203125 0.651042 0.201172 0.653646 0.202148 0.654948 0.202148 0.660156 0.203125 0.661458 0.203125 0.662760 0.205078 0.666667 0.205078 0.673177 0.206055 0.674479 0.206055 0.675781 0.208984 0.675781 0.210938 0.678385 0.211914 0.678385 0.212891 0.679688 0.214844 0.679688 0.215820 0.680990 0.220703 0.680990 0.221680 0.682292 0.223633 0.682292 0.225586 0.679688 0.226562 0.679688 0.227539 0.678385 0.227539 0.677083 0.229492 0.673177 0.229492 0.665365 0.228516 0.664062 0.228516 0.654948 0.227539 0.653646 0.225586 0.656250 0.222656 0.656250 0.221680 0.654948 0.220703 0.654948 0.219727 0.653646 0.219727 0.652344 0.218750 0.651042 0.218750 0.649740 0.217773 0.648438 0.217773 0.647135 0.214844 0.644531 0.209961 0.644531 0.208984 0.643229 0.208008 0.643229 0.207031 0.644531
0 0.173828 0.605469 0.172852 0.606771 0.172852 0.608073 0.168945 0.613281 0.168945 0.614583 0.167969 0.615885 0.167969 0.623698 0.166992 0.625000 0.166992 0.627604 0.168945 0.631510 0.169922 0.631510 0.171875 0.634115 0.172852 0.634115 0.175781 0.636719 0.177734 0.636719 0.180664 0.639323 0.182617 0.639323 0.183594 0.640625 0.185547 0.640625 0.186523 0.641927 0.188477 0.641927 0.189453 0.643229 0.192383 0.643229 0.195312 0.639323 0.196289 0.639323 0.198242 0.636719 0.199219 0.636719 0.199219 0.635417 0.201172 0.632812 0.201172 0.627604 0.200195 0.626302 0.200195 0.625000 0.196289 0.619792 0.195312 0.619792 0.193359 0.617188 0.193359 0.615885 0.187500 0.613281 0.186523 0.611979 0.186523 0.610677 0.181641 0.604167 0.177734 0.604167 0.176758 0.605469
0 0.114258 0.513021 0.114258 0.518229 0.116211 0.520833 0.116211 0.524740 0.117188 0.526042 0.117188 0.528646 0.118164 0.529948 0.118164 0.531250 0.121094 0.535156 0.121094 0.536458 0.122070 0.537760 0.123047 0.541667 0.125000 0.544271 0.125977 0.544271 0.126953 0.545573 0.128906 0.545573 0.130859 0.548177 0.131836 0.548177 0.132812 0.549479 0.135742 0.549479 0.136719 0.550781 0.139648 0.550781 0.140625 0.549479 0.142578 0.549479 0.143555 0.548177 0.144531 0.548177 0.147461 0.544271 0.147461 0.541667 0.145508 0.539062 0.145508 0.533854 0.142578 0.527344 0.142578 0.520833 0.136719 0.518229 0.135742 0.516927 0.135742 0.514323 0.134766 0.513021 0.134766 0.511719 0.133789 0.511719 0.130859 0.507812 0.130859 0.506510 0.129883 0.505208 0.123047 0.505208 0.122070 0.506510 0.119141 0.507812
0 0.163086 0.542969 0.163086 0.544271 0.164062 0.545573 0.164062 0.549479 0.167969 0.557292 0.167969 0.561198 0.168945 0.562500 0.168945 0.563802 0.169922 0.565104 0.169922 0.566406 0.170898 0.566406 0.171875 0.567708 0.172852 0.567708 0.175781 0.570312 0.177734 0.570312 0.178711 0.571615 0.181641 0.571615 0.182617 0.570312 0.184570 0.570312 0.185547 0.569010 0.189453 0.569010 0.191406 0.566406 0.192383 0.566406 0.195312 0.563802 0.195312 0.558594 0.194336 0.557292 0.194336 0.555990 0.192383 0.553385 0.192383 0.552083 0.191406 0.550781 0.191406 0.549479 0.189453 0.545573 0.189453 0.542969 0.188477 0.541667 0.187500 0.541667 0.186523 0.542969 0.184570 0.542969 0.180664 0.537760 0.179688 0.537760 0.177734 0.535156 0.176758 0.536458 0.174805 0.536458 0.173828 0.537760 0.170898 0.537760 0.169922 0.539062 0.168945 0.539062 0.167969 0.540365 0.166016 0.540365
0 0.204102 0.555990 0.203125 0.559896 0.204102 0.561198 0.204102 0.563802 0.206055 0.567708 0.206055 0.570312 0.207031 0.571615 0.207031 0.574219 0.210938 0.580729 0.211914 0.584635 0.216797 0.591146 0.223633 0.591146 0.224609 0.589844 0.226562 0.589844 0.227539 0.588542 0.230469 0.588542 0.231445 0.587240 0.233398 0.587240 0.236328 0.584635 0.236328 0.583333 0.238281 0.579427 0.237305 0.578125 0.237305 0.576823 0.235352 0.574219 0.238281 0.570312 0.238281 0.569010 0.227539 0.569010 0.226562 0.567708 0.224609 0.567708 0.223633 0.566406 0.222656 0.566406 0.219727 0.562500 0.218750 0.562500 0.217773 0.561198 0.213867 0.561198 0.210938 0.557292 0.210938 0.555990 0.208984 0.552083 0.206055 0.553385
0 0.235352 0.533854 0.228516 0.532552 0.227539 0.531250 0.226562 0.531250 0.223633 0.527344 0.222656 0.528646 0.220703 0.528646 0.212891 0.537760 0.211914 0.537760 0.208008 0.542969 0.208008 0.545573 0.208984 0.546875 0.208984 0.554688 0.211914 0.558594 0.211914 0.561198 0.209961 0.563802 0.207031 0.563802 0.205078 0.559896 0.205078 0.557292 0.204102 0.558594 0.204102 0.561198 0.205078 0.562500 0.205078 0.565104 0.207031 0.567708 0.207031 0.570312 0.208984 0.572917 0.209961 0.572917 0.210938 0.571615 0.212891 0.571615 0.218750 0.563802 0.220703 0.563802 0.225586 0.567708 0.228516 0.567708 0.229492 0.569010 0.231445 0.569010 0.235352 0.565104 0.237305 0.565104 0.242188 0.559896 0.242188 0.557292 0.238281 0.553385 0.238281 0.552083 0.236328 0.548177 0.236328 0.536458 0.235352 0.535156
0 0.222656 0.595052 0.222656 0.600260 0.223633 0.601562 0.223633 0.604167 0.224609 0.605469 0.224609 0.606771 0.225586 0.608073 0.226562 0.608073 0.230469 0.613281 0.230469 0.614583 0.231445 0.615885 0.232422 0.615885 0.236328 0.621094 0.237305 0.621094 0.240234 0.623698 0.247070 0.623698 0.248047 0.622396 0.250000 0.622396 0.252930 0.619792 0.252930 0.618490 0.253906 0.617188 0.253906 0.614583 0.254883 0.613281 0.254883 0.609375 0.256836 0.606771 0.256836 0.604167 0.255859 0.602865 0.255859 0.598958 0.254883 0.597656 0.254883 0.596354 0.250977 0.591146 0.249023 0.591146 0.248047 0.589844 0.243164 0.589844 0.242188 0.588542 0.232422 0.588542 0.231445 0.589844 0.229492 0.589844 0.228516 0.591146 0.226562 0.591146 0.225586 0.592448 0.224609 0.592448
0 0.253906 0.623698 0.252930 0.625000 0.252930 0.626302 0.250977 0.628906 0.250000 0.628906 0.249023 0.630208 0.249023 0.632812 0.248047 0.634115 0.248047 0.645833 0.249023 0.647135 0.249023 0.651042 0.250000 0.652344 0.250977 0.652344 0.253906 0.656250 0.254883 0.656250 0.256836 0.658854 0.257812 0.658854 0.258789 0.660156 0.259766 0.660156 0.260742 0.661458 0.261719 0.661458 0.264648 0.664062 0.269531 0.664062 0.270508 0.662760 0.271484 0.662760 0.272461 0.661458 0.273438 0.661458 0.276367 0.657552 0.276367 0.649740 0.277344 0.648438 0.276367 0.647135 0.276367 0.645833 0.275391 0.645833 0.272461 0.641927 0.271484 0.641927 0.257812 0.623698
0 0.262695 0.602865 0.262695 0.604167 0.257812 0.610677 0.256836 0.610677 0.256836 0.613281 0.255859 0.614583 0.255859 0.617188 0.256836 0.618490 0.256836 0.619792 0.261719 0.626302 0.261719 0.627604 0.271484 0.640625 0.272461 0.640625 0.274414 0.643229 0.275391 0.643229 0.276367 0.644531 0.279297 0.644531 0.283203 0.639323 0.284180 0.639323 0.287109 0.635417 0.287109 0.634115 0.289062 0.631510 0.289062 0.628906 0.290039 0.627604 0.290039 0.626302 0.289062 0.625000 0.289062 0.623698 0.288086 0.622396 0.288086 0.621094 0.287109 0.619792 0.287109 0.618490 0.286133 0.617188 0.286133 0.615885 0.283203 0.613281 0.281250 0.613281 0.280273 0.611979 0.278320 0.611979 0.277344 0.610677 0.275391 0.610677 0.274414 0.609375 0.273438 0.609375 0.270508 0.605469 0.269531 0.605469 0.267578 0.602865
0 0.258789 0.582031 0.258789 0.583333 0.256836 0.587240 0.256836 0.591146 0.259766 0.595052 0.260742 0.595052 0.265625 0.601562 0.267578 0.601562 0.270508 0.605469 0.271484 0.605469 0.273438 0.608073 0.274414 0.608073 0.275391 0.609375 0.277344 0.609375 0.278320 0.610677 0.281250 0.610677 0.282227 0.611979 0.286133 0.611979 0.290039 0.605469 0.290039 0.601562 0.291016 0.600260 0.291016 0.596354 0.289062 0.592448 0.288086 0.592448 0.285156 0.589844 0.285156 0.588542 0.283203 0.584635 0.283203 0.580729 0.281250 0.578125 0.279297 0.578125 0.278320 0.576823 0.276367 0.576823 0.275391 0.575521 0.274414 0.575521 0.273438 0.574219 0.272461 0.574219 0.271484 0.572917 0.270508 0.572917 0.269531 0.574219 0.266602 0.574219 0.264648 0.576823 0.263672 0.576823
0 0.271484 0.555990 0.270508 0.555990 0.269531 0.554688 0.268555 0.554688 0.267578 0.553385 0.265625 0.553385 0.264648 0.552083 0.255859 0.552083 0.254883 0.553385 0.253906 0.553385 0.252930 0.554688 0.251953 0.554688 0.250000 0.557292 0.249023 0.557292 0.247070 0.559896 0.247070 0.571615 0.248047 0.572917 0.248047 0.575521 0.249023 0.576823 0.250000 0.576823 0.254883 0.583333 0.255859 0.583333 0.256836 0.582031 0.257812 0.582031 0.262695 0.575521 0.263672 0.575521 0.264648 0.574219 0.265625 0.574219 0.267578 0.571615 0.268555 0.571615 0.270508 0.569010 0.270508 0.567708 0.271484 0.566406 0.271484 0.565104 0.272461 0.563802 0.272461 0.557292
0 0.293945 0.626302 0.290039 0.631510 0.290039 0.632812 0.287109 0.636719 0.287109 0.647135 0.291992 0.653646 0.291992 0.654948 0.293945 0.657552 0.293945 0.658854 0.294922 0.660156 0.295898 0.660156 0.297852 0.662760 0.299805 0.662760 0.302734 0.665365 0.303711 0.664062 0.310547 0.664062 0.312500 0.661458 0.313477 0.661458 0.315430 0.658854 0.315430 0.656250 0.316406 0.654948 0.316406 0.649740 0.315430 0.648438 0.315430 0.645833 0.314453 0.644531 0.314453 0.641927 0.313477 0.640625 0.313477 0.634115 0.310547 0.631510 0.306641 0.631510 0.305664 0.630208 0.303711 0.630208 0.302734 0.628906 0.301758 0.628906 0.300781 0.627604 0.299805 0.627604 0.297852 0.625000 0.296875 0.626302
0 0.300781 0.662760 0.299805 0.664062 0.299805 0.666667 0.300781 0.667969 0.300781 0.671875 0.301758 0.673177 0.301758 0.679688 0.302734 0.680990 0.302734 0.683594 0.304688 0.683594 0.305664 0.684896 0.310547 0.684896 0.310547 0.682292 0.311523 0.680990 0.311523 0.675781 0.312500 0.674479 0.312500 0.673177 0.311523 0.671875 0.311523 0.666667 0.312500 0.665365 0.312500 0.664062 0.311523 0.662760
0 0.312500 0.664062 0.312500 0.665365 0.311523 0.666667 0.311523 0.686198 0.312500 0.687500 0.312500 0.688802 0.316406 0.694010 0.317383 0.697917 0.326172 0.697917 0.327148 0.696615 0.329102 0.696615 0.330078 0.695312 0.333008 0.695312 0.335938 0.692708 0.337891 0.692708 0.338867 0.691406 0.339844 0.691406 0.341797 0.688802 0.341797 0.660156 0.340820 0.658854 0.339844 0.660156 0.334961 0.660156 0.333984 0.661458 0.333008 0.661458 0.332031 0.660156 0.329102 0.660156 0.328125 0.658854 0.325195 0.658854 0.324219 0.657552 0.321289 0.657552 0.320312 0.658854 0.319336 0.658854 0.318359 0.660156 0.317383 0.660156 0.316406 0.661458 0.315430 0.661458
0 0.357422 0.673177 0.348633 0.684896 0.347656 0.684896 0.345703 0.687500 0.344727 0.687500 0.343750 0.688802 0.343750 0.690104 0.342773 0.691406 0.342773 0.694010 0.341797 0.695312 0.342773 0.696615 0.342773 0.697917 0.345703 0.701823 0.345703 0.703125 0.349609 0.708333 0.350586 0.708333 0.351562 0.709635 0.352539 0.709635 0.353516 0.710938 0.354492 0.710938 0.356445 0.713542 0.361328 0.713542 0.363281 0.710938 0.367188 0.710938 0.368164 0.709635 0.369141 0.709635 0.373047 0.704427 0.373047 0.703125 0.374023 0.701823 0.374023 0.696615 0.375000 0.695312 0.375000 0.692708 0.374023 0.691406 0.374023 0.688802 0.370117 0.683594 0.370117 0.682292 0.369141 0.680990 0.369141 0.679688 0.367188 0.677083 0.366211 0.677083 0.363281 0.673177
0 0.318359 0.622396 0.315430 0.626302 0.315430 0.628906 0.314453 0.630208 0.314453 0.641927 0.315430 0.643229 0.315430 0.644531 0.317383 0.647135 0.317383 0.648438 0.320312 0.652344 0.320312 0.653646 0.321289 0.654948 0.322266 0.654948 0.323242 0.656250 0.325195 0.656250 0.326172 0.657552 0.328125 0.657552 0.329102 0.658854 0.337891 0.658854 0.338867 0.657552 0.341797 0.656250 0.343750 0.653646 0.344727 0.653646 0.344727 0.652344 0.346680 0.648438 0.346680 0.643229 0.343750 0.639323 0.343750 0.638021 0.342773 0.636719 0.342773 0.632812 0.341797 0.631510 0.341797 0.628906 0.338867 0.625000 0.337891 0.625000 0.335938 0.622396 0.333984 0.622396 0.333008 0.621094 0.332031 0.622396 0.323242 0.622396 0.322266 0.623698 0.321289 0.623698 0.320312 0.622396
0 0.145508 0.445312 0.145508 0.459635 0.146484 0.460938 0.146484 0.462240 0.148438 0.464844 0.148438 0.466146 0.152344 0.471354 0.152344 0.472656 0.154297 0.475260 0.155273 0.475260 0.156250 0.476562 0.157227 0.476562 0.160156 0.479167 0.168945 0.479167 0.169922 0.477865 0.172852 0.477865 0.173828 0.476562 0.175781 0.476562 0.176758 0.475260 0.177734 0.471354 0.176758 0.470052 0.176758 0.468750 0.175781 0.467448 0.175781 0.464844 0.174805 0.463542 0.174805 0.458333 0.173828 0.457031 0.173828 0.454427 0.168945 0.447917 0.167969 0.447917 0.166992 0.446615 0.161133 0.446615 0.159180 0.444010 0.159180 0.440104 0.158203 0.438802 0.157227 0.438802 0.156250 0.440104 0.154297 0.440104 0.152344 0.442708 0.149414 0.442708 0.148438 0.444010 0.146484 0.444010
0 0.133789 0.345052 0.133789 0.346354 0.130859 0.351562 0.130859 0.354167 0.127930 0.360677 0.127930 0.361979 0.129883 0.365885 0.129883 0.368490 0.130859 0.369792 0.130859 0.372396 0.131836 0.373698 0.131836 0.375000 0.133789 0.377604 0.136719 0.378906 0.138672 0.382812 0.140625 0.382812 0.141602 0.384115 0.143555 0.384115 0.144531 0.385417 0.154297 0.385417 0.155273 0.384115 0.157227 0.384115 0.158203 0.382812 0.161133 0.381510 0.161133 0.380208 0.165039 0.373698 0.166016 0.369792 0.168945 0.365885 0.168945 0.364583 0.169922 0.363281 0.169922 0.358073 0.167969 0.358073 0.166016 0.361979 0.164062 0.361979 0.163086 0.360677 0.163086 0.356771 0.164062 0.355469 0.164062 0.350260 0.163086 0.348958 0.163086 0.347656 0.162109 0.346354 0.141602 0.346354 0.140625 0.345052
0 0.132812 0.300781 0.131836 0.302083 0.131836 0.304688 0.130859 0.305990 0.130859 0.309896 0.129883 0.311198 0.129883 0.338542 0.131836 0.341146 0.132812 0.341146 0.135742 0.343750 0.140625 0.343750 0.141602 0.345052 0.150391 0.345052 0.151367 0.343750 0.162109 0.343750 0.164062 0.341146 0.165039 0.341146 0.165039 0.337240 0.163086 0.337240 0.160156 0.334635 0.160156 0.311198 0.159180 0.309896 0.159180 0.305990 0.158203 0.304688 0.158203 0.302083 0.156250 0.299479 0.156250 0.296875 0.154297 0.294271 0.153320 0.294271 0.152344 0.292969 0.146484 0.292969 0.145508 0.294271 0.145508 0.295573 0.141602 0.299479 0.139648 0.299479 0.138672 0.300781 0.136719 0.300781 0.135742 0.299479 0.134766 0.299479 0.133789 0.300781
0 0.181641 0.390625 0.180664 0.390625 0.179688 0.391927 0.177734 0.391927 0.176758 0.393229 0.175781 0.393229 0.173828 0.395833 0.171875 0.395833 0.168945 0.398438 0.166992 0.398438 0.166016 0.399740 0.165039 0.399740 0.161133 0.404948 0.160156 0.404948 0.158203 0.408854 0.158203 0.415365 0.159180 0.416667 0.159180 0.419271 0.161133 0.421875 0.161133 0.423177 0.166016 0.429688 0.166016 0.430990 0.166992 0.430990 0.168945 0.433594 0.170898 0.433594 0.171875 0.434896 0.179688 0.434896 0.180664 0.433594 0.182617 0.433594 0.184570 0.430990 0.185547 0.430990 0.189453 0.425781 0.190430 0.425781 0.191406 0.424479 0.191406 0.423177 0.190430 0.421875 0.190430 0.412760 0.189453 0.411458 0.189453 0.408854 0.188477 0.407552 0.188477 0.406250 0.186523 0.402344 0.186523 0.398438 0.185547 0.397135 0.185547 0.395833
0 0.206055 0.369792 0.204102 0.369792 0.203125 0.371094 0.200195 0.371094 0.199219 0.372396 0.196289 0.372396 0.194336 0.375000 0.192383 0.375000 0.191406 0.376302 0.189453 0.376302 0.186523 0.380208 0.186523 0.385417 0.185547 0.386719 0.185547 0.388021 0.186523 0.389323 0.186523 0.395833 0.187500 0.397135 0.187500 0.401042 0.188477 0.402344 0.188477 0.403646 0.190430 0.406250 0.190430 0.407552 0.193359 0.411458 0.193359 0.412760 0.197266 0.417969 0.206055 0.417969 0.207031 0.416667 0.209961 0.416667 0.210938 0.415365 0.213867 0.415365 0.214844 0.414062 0.215820 0.414062 0.217773 0.411458 0.217773 0.404948 0.218750 0.403646 0.218750 0.389323 0.217773 0.388021 0.217773 0.382812 0.216797 0.381510 0.213867 0.381510 0.212891 0.380208 0.210938 0.382812 0.208008 0.382812 0.206055 0.380208 0.206055 0.378906 0.205078 0.377604 0.205078 0.376302 0.206055 0.375000
0 0.204102 0.420573 0.200195 0.427083 0.200195 0.428385 0.197266 0.434896 0.197266 0.437500 0.196289 0.438802 0.196289 0.445312 0.197266 0.446615 0.198242 0.450521 0.200195 0.453125 0.201172 0.457031 0.203125 0.459635 0.207031 0.459635 0.208008 0.458333 0.209961 0.458333 0.211914 0.462240 0.211914 0.464844 0.223633 0.464844 0.224609 0.463542 0.225586 0.463542 0.231445 0.455729 0.232422 0.455729 0.233398 0.454427 0.233398 0.449219 0.232422 0.449219 0.230469 0.446615 0.230469 0.445312 0.229492 0.444010 0.229492 0.442708 0.228516 0.441406 0.228516 0.440104 0.227539 0.438802 0.226562 0.434896 0.224609 0.432292 0.224609 0.430990 0.222656 0.428385 0.222656 0.427083 0.218750 0.421875 0.215820 0.421875 0.214844 0.420573 0.213867 0.420573 0.211914 0.417969 0.208008 0.417969 0.207031 0.419271
0 0.201172 0.460938 0.201172 0.466146 0.202148 0.467448 0.202148 0.476562 0.203125 0.477865 0.203125 0.480469 0.204102 0.480469 0.205078 0.481771 0.206055 0.481771 0.207031 0.483073 0.208984 0.483073 0.209961 0.484375 0.221680 0.484375 0.223633 0.481771 0.223633 0.477865 0.222656 0.476562 0.226562 0.471354 0.226562 0.467448 0.227539 0.466146 0.227539 0.464844 0.226562 0.463542 0.222656 0.463542 0.221680 0.464844 0.220703 0.464844 0.219727 0.466146 0.218750 0.466146 0.217773 0.464844 0.214844 0.464844 0.213867 0.466146 0.212891 0.466146 0.211914 0.464844 0.210938 0.464844 0.208984 0.462240 0.208984 0.460938 0.208008 0.459635 0.202148 0.459635
0 0.250977 0.458333 0.243164 0.458333 0.242188 0.459635 0.242188 0.460938 0.239258 0.463542 0.236328 0.463542 0.235352 0.464844 0.233398 0.464844 0.232422 0.466146 0.230469 0.466146 0.229492 0.467448 0.228516 0.467448 0.227539 0.471354 0.225586 0.473958 0.225586 0.475260 0.224609 0.476562 0.224609 0.479167 0.223633 0.480469 0.223633 0.486979 0.225586 0.489583 0.226562 0.493490 0.229492 0.497396 0.230469 0.501302 0.235352 0.507812 0.240234 0.507812 0.241211 0.506510 0.243164 0.506510 0.244141 0.505208 0.247070 0.503906 0.249023 0.501302 0.249023 0.500000 0.250000 0.498698 0.252930 0.497396 0.254883 0.493490 0.254883 0.490885 0.255859 0.489583 0.255859 0.486979 0.256836 0.485677 0.256836 0.481771 0.257812 0.480469 0.257812 0.479167 0.256836 0.477865 0.256836 0.472656 0.255859 0.471354 0.255859 0.470052 0.252930 0.463542 0.252930 0.460938
0 0.190430 0.317708 0.189453 0.319010 0.184570 0.320312 0.183594 0.321615 0.178711 0.324219 0.176758 0.326823 0.176758 0.328125 0.174805 0.332031 0.174805 0.335938 0.173828 0.337240 0.173828 0.355469 0.174805 0.356771 0.174805 0.358073 0.175781 0.358073 0.184570 0.364583 0.187500 0.364583 0.188477 0.365885 0.190430 0.365885 0.193359 0.368490 0.195312 0.368490 0.196289 0.369792 0.197266 0.369792 0.198242 0.368490 0.200195 0.368490 0.201172 0.367188 0.202148 0.367188 0.204102 0.363281 0.204102 0.359375 0.205078 0.358073 0.205078 0.351562 0.206055 0.350260 0.205078 0.348958 0.205078 0.343750 0.206055 0.342448 0.206055 0.339844 0.205078 0.338542 0.204102 0.334635 0.205078 0.333333 0.208008 0.333333 0.208984 0.332031 0.208984 0.325521 0.205078 0.325521 0.204102 0.324219 0.203125 0.324219 0.200195 0.319010 0.198242 0.319010 0.197266 0.317708
0 0.193359 0.268229 0.188477 0.273438 0.188477 0.274740 0.183594 0.282552 0.184570 0.285156 0.184570 0.302083 0.185547 0.303385 0.185547 0.305990 0.188477 0.311198 0.194336 0.315104 0.201172 0.316406 0.208008 0.322917 0.208984 0.322917 0.210938 0.320312 0.217773 0.315104 0.217773 0.308594 0.218750 0.307292 0.218750 0.298177 0.217773 0.296875 0.217773 0.292969 0.218750 0.291667 0.218750 0.279948 0.220703 0.277344 0.222656 0.281250 0.222656 0.291667 0.223633 0.292969 0.223633 0.295573 0.223633 0.292969 0.224609 0.291667 0.224609 0.277344 0.223633 0.277344 0.219727 0.270833 0.217773 0.270833 0.216797 0.269531 0.214844 0.269531 0.213867 0.270833 0.208984 0.270833 0.208008 0.272135 0.196289 0.272135
0 0.218750 0.322917 0.215820 0.325521 0.213867 0.332031 0.211914 0.334635 0.211914 0.335938 0.209961 0.339844 0.209961 0.343750 0.208984 0.345052 0.208984 0.350260 0.208008 0.351562 0.208008 0.355469 0.207031 0.356771 0.207031 0.363281 0.209961 0.365885 0.214844 0.365885 0.215820 0.367188 0.216797 0.367188 0.218750 0.369792 0.218750 0.372396 0.220703 0.375000 0.220703 0.376302 0.221680 0.376302 0.222656 0.377604 0.225586 0.377604 0.226562 0.376302 0.228516 0.376302 0.230469 0.373698 0.235352 0.371094 0.236328 0.367188 0.238281 0.364583 0.238281 0.363281 0.239258 0.361979 0.239258 0.355469 0.240234 0.354167 0.240234 0.351562 0.241211 0.350260 0.241211 0.347656 0.242188 0.346354 0.242188 0.338542 0.241211 0.337240 0.241211 0.334635 0.240234 0.333333 0.240234 0.332031 0.239258 0.332031 0.238281 0.330729 0.237305 0.330729 0.228516 0.324219 0.226562 0.324219 0.225586 0.322917
0 0.233398 0.250000 0.230469 0.252604 0.230469 0.253906 0.229492 0.255208 0.229492 0.260417 0.228516 0.261719 0.228516 0.268229 0.229492 0.269531 0.229492 0.273438 0.228516 0.274740 0.228516 0.283854 0.231445 0.287760 0.231445 0.289062 0.232422 0.289062 0.235352 0.292969 0.238281 0.294271 0.240234 0.296875 0.242188 0.296875 0.243164 0.298177 0.248047 0.298177 0.249023 0.296875 0.250000 0.296875 0.251953 0.294271 0.251953 0.292969 0.253906 0.289062 0.253906 0.286458 0.256836 0.279948 0.256836 0.277344 0.257812 0.276042 0.257812 0.273438 0.258789 0.272135 0.258789 0.256510 0.256836 0.253906 0.256836 0.252604 0.254883 0.248698 0.237305 0.248698 0.236328 0.250000
0 0.243164 0.190104 0.242188 0.191406 0.240234 0.191406 0.239258 0.192708 0.238281 0.192708 0.236328 0.195312 0.235352 0.195312 0.233398 0.197917 0.232422 0.197917 0.230469 0.200521 0.230469 0.201823 0.229492 0.203125 0.228516 0.203125 0.228516 0.204427 0.224609 0.213542 0.224609 0.217448 0.221680 0.222656 0.221680 0.226562 0.222656 0.227865 0.222656 0.229167 0.227539 0.234375 0.227539 0.235677 0.229492 0.238281 0.229492 0.239583 0.233398 0.244792 0.234375 0.244792 0.235352 0.246094 0.237305 0.246094 0.238281 0.247396 0.251953 0.247396 0.252930 0.246094 0.253906 0.246094 0.253906 0.244792 0.254883 0.243490 0.254883 0.233073 0.253906 0.231771 0.253906 0.230469 0.254883 0.229167 0.254883 0.217448 0.253906 0.216146 0.253906 0.204427 0.252930 0.203125 0.252930 0.200521 0.251953 0.199219 0.251953 0.195312 0.250977 0.194010 0.250000 0.194010 0.248047 0.191406 0.248047 0.190104
0 0.258789 0.132812 0.255859 0.136719 0.254883 0.136719 0.250977 0.143229 0.250977 0.147135 0.250000 0.148438 0.250000 0.152344 0.249023 0.153646 0.249023 0.169271 0.250000 0.170573 0.250000 0.171875 0.257812 0.180990 0.260742 0.180990 0.261719 0.182292 0.264648 0.182292 0.265625 0.180990 0.268555 0.180990 0.269531 0.182292 0.271484 0.182292 0.272461 0.180990 0.277344 0.180990 0.278320 0.179688 0.279297 0.179688 0.280273 0.178385 0.279297 0.177083 0.279297 0.170573 0.280273 0.169271 0.280273 0.166667 0.281250 0.165365 0.281250 0.141927 0.283203 0.138021 0.284180 0.139323 0.285156 0.143229 0.286133 0.143229 0.287109 0.141927 0.286133 0.138021 0.283203 0.138021 0.279297 0.131510 0.261719 0.131510 0.260742 0.132812
0 0.324219 0.144531 0.323242 0.145833 0.320312 0.145833 0.319336 0.147135 0.318359 0.147135 0.312500 0.154948 0.312500 0.175781 0.311523 0.177083 0.311523 0.179688 0.312500 0.180990 0.312500 0.183594 0.313477 0.184896 0.313477 0.191406 0.316406 0.195312 0.317383 0.195312 0.318359 0.196615 0.322266 0.196615 0.323242 0.197917 0.332031 0.197917 0.333008 0.196615 0.333008 0.191406 0.332031 0.190104 0.332031 0.184896 0.331055 0.183594 0.331055 0.170573 0.332031 0.169271 0.332031 0.158854 0.334961 0.154948 0.334961 0.153646 0.335938 0.152344 0.335938 0.148438 0.333008 0.144531
0 0.343750 0.147135 0.341797 0.149740 0.338867 0.149740 0.337891 0.151042 0.336914 0.154948 0.333984 0.158854 0.333984 0.160156 0.333008 0.161458 0.333008 0.166667 0.332031 0.167969 0.332031 0.186198 0.333008 0.187500 0.333008 0.192708 0.333984 0.194010 0.334961 0.197917 0.336914 0.200521 0.337891 0.200521 0.342773 0.204427 0.344727 0.204427 0.345703 0.205729 0.353516 0.205729 0.356445 0.203125 0.358398 0.203125 0.359375 0.201823 0.360352 0.201823 0.362305 0.197917 0.362305 0.191406 0.361328 0.190104 0.361328 0.173177 0.362305 0.171875 0.362305 0.165365 0.363281 0.164062 0.363281 0.161458 0.362305 0.160156 0.362305 0.157552 0.360352 0.154948 0.359375 0.151042 0.357422 0.148438 0.356445 0.148438 0.355469 0.147135
0 0.292969 0.251302 0.291016 0.251302 0.290039 0.250000 0.280273 0.250000 0.279297 0.251302 0.276367 0.251302 0.275391 0.252604 0.274414 0.252604 0.269531 0.257812 0.269531 0.259115 0.266602 0.263021 0.264648 0.270833 0.262695 0.273438 0.262695 0.283854 0.261719 0.285156 0.261719 0.294271 0.263672 0.296875 0.263672 0.298177 0.265625 0.300781 0.268555 0.302083 0.273438 0.308594 0.273438 0.309896 0.275391 0.312500 0.282227 0.312500 0.283203 0.311198 0.288086 0.309896 0.289062 0.308594 0.290039 0.308594 0.292969 0.304688 0.293945 0.304688 0.296875 0.298177 0.296875 0.286458 0.295898 0.285156 0.295898 0.282552 0.294922 0.281250 0.294922 0.273438 0.295898 0.272135 0.295898 0.269531 0.296875 0.268229 0.296875 0.265625 0.297852 0.264323 0.297852 0.257812 0.296875 0.256510 0.296875 0.255208
0 0.262695 0.300781 0.256836 0.308594 0.256836 0.309896 0.252930 0.316406 0.252930 0.317708 0.250000 0.324219 0.250000 0.330729 0.251953 0.333333 0.251953 0.334635 0.257812 0.342448 0.258789 0.342448 0.261719 0.345052 0.263672 0.345052 0.264648 0.346354 0.279297 0.346354 0.284180 0.341146 0.284180 0.338542 0.287109 0.334635 0.287109 0.321615 0.283203 0.313802 0.275391 0.313802 0.273438 0.311198 0.273438 0.309896 0.267578 0.302083 0.265625 0.302083 0.264648 0.300781
0 0.313477 0.218750 0.312500 0.220052 0.308594 0.220052 0.303711 0.226562 0.302734 0.226562 0.302734 0.227865 0.300781 0.231771 0.300781 0.236979 0.299805 0.238281 0.299805 0.240885 0.300781 0.242188 0.300781 0.248698 0.301758 0.250000 0.301758 0.253906 0.302734 0.255208 0.302734 0.257812 0.303711 0.259115 0.304688 0.263021 0.306641 0.265625 0.307617 0.269531 0.311523 0.273438 0.314453 0.273438 0.315430 0.274740 0.319336 0.274740 0.320312 0.273438 0.324219 0.273438 0.325195 0.272135 0.327148 0.272135 0.330078 0.268229 0.330078 0.266927 0.329102 0.265625 0.329102 0.263021 0.328125 0.261719 0.327148 0.261719 0.326172 0.260417 0.324219 0.260417 0.323242 0.259115 0.321289 0.259115 0.320312 0.257812 0.318359 0.257812 0.317383 0.256510 0.315430 0.256510 0.311523 0.251302 0.311523 0.248698 0.310547 0.247396 0.310547 0.243490 0.309570 0.242188 0.309570 0.240885 0.310547 0.239583 0.310547 0.235677 0.311523 0.234375 0.311523 0.231771 0.312500 0.230469 0.312500 0.229167 0.317383 0.222656 0.317383 0.220052 0.316406 0.218750
0 0.349609 0.216146 0.347656 0.214844 0.341797 0.205729 0.332031 0.205729 0.329102 0.208333 0.325195 0.209635 0.317383 0.218750 0.310547 0.221354 0.312500 0.223958 0.312500 0.227865 0.310547 0.230469 0.309570 0.230469 0.307617 0.226562 0.305664 0.225260 0.303711 0.231771 0.303711 0.234375 0.304688 0.235677 0.302734 0.238281 0.302734 0.242188 0.304688 0.247396 0.306641 0.263021 0.306641 0.261719 0.309570 0.257812 0.311523 0.259115 0.318359 0.257812 0.319336 0.259115 0.326172 0.261719 0.327148 0.264323 0.333984 0.266927 0.334961 0.265625 0.340820 0.265625 0.348633 0.259115 0.351562 0.255208 0.353516 0.247396 0.357422 0.240885 0.356445 0.239583 0.356445 0.234375 0.352539 0.226562
0 0.319336 0.277344 0.319336 0.304688 0.320312 0.305990 0.321289 0.312500 0.322266 0.313802 0.324219 0.320312 0.325195 0.320312 0.328125 0.322917 0.330078 0.322917 0.331055 0.324219 0.337891 0.324219 0.338867 0.322917 0.340820 0.322917 0.341797 0.321615 0.349609 0.321615 0.350586 0.320312 0.352539 0.320312 0.353516 0.319010 0.353516 0.317708 0.355469 0.313802 0.355469 0.307292 0.354492 0.305990 0.354492 0.302083 0.352539 0.299479 0.352539 0.298177 0.351562 0.296875 0.351562 0.294271 0.349609 0.290365 0.349609 0.286458 0.348633 0.285156 0.348633 0.273438 0.346680 0.270833 0.344727 0.270833 0.343750 0.269531 0.333984 0.269531 0.330078 0.274740 0.327148 0.274740 0.326172 0.276042 0.321289 0.276042 0.320312 0.277344
0 0.316406 0.294271 0.310547 0.294271 0.309570 0.295573 0.306641 0.295573 0.305664 0.296875 0.302734 0.298177 0.298828 0.303385 0.297852 0.303385 0.297852 0.304688 0.292969 0.311198 0.291992 0.315104 0.290039 0.317708 0.290039 0.320312 0.289062 0.321615 0.289062 0.328125 0.290039 0.329427 0.290039 0.332031 0.292969 0.337240 0.294922 0.343750 0.300781 0.350260 0.303711 0.350260 0.304688 0.351562 0.306641 0.351562 0.309570 0.347656 0.314453 0.345052 0.319336 0.339844 0.322266 0.338542 0.326172 0.333333 0.326172 0.332031 0.327148 0.330729 0.327148 0.325521 0.322266 0.319010 0.322266 0.317708 0.321289 0.316406 0.321289 0.313802 0.319336 0.309896 0.319336 0.305990 0.318359 0.304688 0.318359 0.298177
0 0.278320 0.354167 0.278320 0.355469 0.277344 0.356771 0.277344 0.372396 0.278320 0.373698 0.278320 0.375000 0.279297 0.376302 0.281250 0.376302 0.282227 0.377604 0.283203 0.377604 0.288086 0.384115 0.289062 0.384115 0.291992 0.388021 0.292969 0.388021 0.293945 0.389323 0.296875 0.389323 0.297852 0.390625 0.298828 0.390625 0.299805 0.389323 0.303711 0.389323 0.304688 0.388021 0.306641 0.388021 0.307617 0.386719 0.310547 0.385417 0.312500 0.382812 0.312500 0.372396 0.311523 0.371094 0.311523 0.364583 0.310547 0.363281 0.310547 0.356771 0.308594 0.352865 0.305664 0.352865 0.304688 0.351562 0.301758 0.351562 0.294922 0.345052 0.290039 0.345052 0.289062 0.346354 0.288086 0.346354 0.286133 0.348958 0.285156 0.348958 0.284180 0.350260 0.283203 0.350260
0 0.262695 0.363281 0.258789 0.363281 0.257812 0.364583 0.254883 0.364583 0.253906 0.365885 0.251953 0.365885 0.250977 0.367188 0.250000 0.367188 0.248047 0.369792 0.246094 0.369792 0.244141 0.372396 0.243164 0.372396 0.243164 0.373698 0.242188 0.375000 0.242188 0.377604 0.241211 0.378906 0.241211 0.380208 0.239258 0.384115 0.239258 0.386719 0.238281 0.388021 0.239258 0.389323 0.239258 0.393229 0.240234 0.394531 0.241211 0.398438 0.243164 0.401042 0.243164 0.402344 0.250000 0.411458 0.250977 0.411458 0.251953 0.412760 0.253906 0.412760 0.254883 0.414062 0.262695 0.414062 0.263672 0.412760 0.263672 0.411458 0.264648 0.410156 0.264648 0.408854 0.265625 0.407552 0.265625 0.406250 0.266602 0.404948 0.266602 0.403646 0.267578 0.402344 0.267578 0.401042 0.268555 0.399740 0.269531 0.395833 0.271484 0.393229 0.271484 0.386719 0.272461 0.385417 0.272461 0.380208 0.273438 0.378906 0.273438 0.377604 0.272461 0.376302 0.272461 0.375000 0.267578 0.368490 0.267578 0.367188
0 0.259766 0.428385 0.257812 0.430990 0.257812 0.433594 0.256836 0.434896 0.256836 0.437500 0.255859 0.438802 0.255859 0.451823 0.254883 0.453125 0.254883 0.463542 0.255859 0.464844 0.255859 0.466146 0.257812 0.468750 0.257812 0.470052 0.259766 0.472656 0.261719 0.472656 0.262695 0.473958 0.264648 0.473958 0.265625 0.475260 0.271484 0.475260 0.272461 0.473958 0.277344 0.473958 0.278320 0.472656 0.281250 0.472656 0.282227 0.471354 0.283203 0.471354 0.284180 0.470052 0.284180 0.463542 0.285156 0.462240 0.285156 0.458333 0.284180 0.457031 0.284180 0.451823 0.282227 0.449219 0.281250 0.449219 0.280273 0.447917 0.277344 0.446615 0.275391 0.444010 0.275391 0.442708 0.272461 0.438802 0.272461 0.437500 0.271484 0.436198 0.269531 0.436198 0.268555 0.434896 0.266602 0.434896 0.265625 0.433594 0.265625 0.429688 0.263672 0.427083 0.262695 0.427083 0.261719 0.428385
0 0.286133 0.475260 0.281250 0.475260 0.280273 0.473958 0.279297 0.473958 0.278320 0.475260 0.272461 0.475260 0.271484 0.476562 0.265625 0.476562 0.264648 0.475260 0.260742 0.475260 0.259766 0.476562 0.259766 0.483073 0.260742 0.484375 0.260742 0.488281 0.261719 0.489583 0.261719 0.492188 0.263672 0.494792 0.263672 0.497396 0.264648 0.498698 0.264648 0.500000 0.266602 0.502604 0.269531 0.502604 0.270508 0.503906 0.271484 0.503906 0.272461 0.505208 0.274414 0.505208 0.275391 0.506510 0.279297 0.506510 0.280273 0.505208 0.281250 0.505208 0.282227 0.503906 0.282227 0.502604 0.290039 0.492188 0.290039 0.490885 0.287109 0.486979 0.287109 0.485677 0.285156 0.481771 0.285156 0.479167 0.286133 0.477865
0 0.312500 0.528646 0.312500 0.516927 0.311523 0.515625 0.311523 0.511719 0.310547 0.510417 0.310547 0.509115 0.305664 0.503906 0.304688 0.505208 0.302734 0.505208 0.300781 0.507812 0.299805 0.507812 0.298828 0.509115 0.276367 0.509115 0.275391 0.510417 0.273438 0.510417 0.272461 0.511719 0.271484 0.511719 0.267578 0.516927 0.267578 0.519531 0.268555 0.520833 0.268555 0.522135 0.269531 0.522135 0.271484 0.524740 0.271484 0.526042 0.284180 0.542969 0.285156 0.542969 0.286133 0.544271 0.291992 0.544271 0.292969 0.542969 0.298828 0.542969 0.299805 0.541667 0.301758 0.541667 0.304688 0.539062 0.306641 0.539062 0.306641 0.537760 0.311523 0.532552 0.311523 0.529948
0 0.358398 0.537760 0.353516 0.531250 0.350586 0.531250 0.349609 0.529948 0.348633 0.529948 0.347656 0.531250 0.342773 0.532552 0.339844 0.536458 0.337891 0.536458 0.336914 0.537760 0.334961 0.537760 0.333984 0.539062 0.329102 0.539062 0.328125 0.537760 0.321289 0.537760 0.320312 0.539062 0.317383 0.540365 0.315430 0.542969 0.315430 0.544271 0.313477 0.546875 0.313477 0.549479 0.314453 0.550781 0.315430 0.554688 0.317383 0.557292 0.317383 0.558594 0.321289 0.563802 0.321289 0.565104 0.322266 0.566406 0.322266 0.569010 0.325195 0.572917 0.326172 0.572917 0.329102 0.575521 0.337891 0.575521 0.338867 0.574219 0.341797 0.572917 0.357422 0.552083 0.357422 0.549479 0.358398 0.548177 0.358398 0.545573 0.359375 0.544271
0 0.345703 0.485677 0.344727 0.485677 0.344727 0.490885 0.341797 0.494792 0.337891 0.490885 0.334961 0.490885 0.331055 0.485677 0.329102 0.485677 0.327148 0.488281 0.324219 0.489583 0.315430 0.501302 0.315430 0.502604 0.314453 0.503906 0.314453 0.511719 0.315430 0.513021 0.315430 0.518229 0.316406 0.519531 0.318359 0.526042 0.324219 0.533854 0.325195 0.533854 0.328125 0.536458 0.334961 0.536458 0.335938 0.535156 0.338867 0.533854 0.343750 0.528646 0.344727 0.528646 0.348633 0.522135 0.348633 0.520833 0.349609 0.519531 0.349609 0.509115 0.350586 0.507812 0.350586 0.493490 0.349609 0.492188 0.349609 0.489583 0.348633 0.489583
0 0.308594 0.451823 0.308594 0.460938 0.309570 0.462240 0.309570 0.463542 0.315430 0.471354 0.316406 0.471354 0.318359 0.473958 0.319336 0.473958 0.320312 0.475260 0.321289 0.475260 0.322266 0.476562 0.323242 0.476562 0.325195 0.479167 0.331055 0.479167 0.332031 0.477865 0.333008 0.477865 0.333984 0.476562 0.334961 0.476562 0.336914 0.473958 0.337891 0.473958 0.337891 0.472656 0.339844 0.468750 0.339844 0.455729 0.338867 0.454427 0.335938 0.454427 0.334961 0.455729 0.333984 0.455729 0.332031 0.458333 0.325195 0.458333 0.324219 0.457031 0.323242 0.457031 0.320312 0.454427 0.317383 0.454427 0.316406 0.453125 0.314453 0.453125 0.313477 0.451823 0.311523 0.451823 0.310547 0.450521 0.309570 0.450521
0 0.325195 0.399740 0.321289 0.402344 0.319336 0.404948 0.318359 0.404948 0.315430 0.408854 0.314453 0.408854 0.313477 0.411458 0.310547 0.414062 0.310547 0.415365 0.305664 0.423177 0.305664 0.425781 0.304688 0.427083 0.304688 0.430990 0.303711 0.432292 0.304688 0.441406 0.305664 0.442708 0.305664 0.445312 0.310547 0.451823 0.310547 0.453125 0.321289 0.454427 0.324219 0.457031 0.327148 0.457031 0.328125 0.458333 0.330078 0.458333 0.331055 0.457031 0.338867 0.457031 0.339844 0.455729 0.339844 0.449219 0.340820 0.447917 0.340820 0.444010 0.341797 0.442708 0.341797 0.434896 0.344727 0.427083 0.346680 0.424479 0.349609 0.423177 0.349609 0.417969 0.350586 0.416667 0.350586 0.412760 0.348633 0.410156 0.342773 0.406250 0.340820 0.406250 0.339844 0.404948 0.336914 0.404948 0.333984 0.401042 0.332031 0.401042 0.331055 0.399740
0 0.327148 0.339844 0.326172 0.341146 0.321289 0.342448 0.318359 0.346354 0.317383 0.346354 0.317383 0.347656 0.314453 0.352865 0.314453 0.355469 0.313477 0.356771 0.313477 0.364583 0.314453 0.365885 0.314453 0.372396 0.315430 0.373698 0.315430 0.378906 0.314453 0.380208 0.314453 0.381510 0.317383 0.385417 0.318359 0.385417 0.320312 0.388021 0.321289 0.388021 0.326172 0.394531 0.328125 0.394531 0.329102 0.395833 0.337891 0.395833 0.338867 0.394531 0.341797 0.393229 0.341797 0.391927 0.342773 0.390625 0.342773 0.388021 0.343750 0.386719 0.343750 0.380208 0.344727 0.378906 0.344727 0.375000 0.345703 0.373698 0.345703 0.360677 0.348633 0.355469 0.352539 0.355469 0.352539 0.350260 0.349609 0.346354 0.348633 0.346354 0.345703 0.343750 0.343750 0.343750 0.340820 0.341146 0.338867 0.341146 0.337891 0.339844
0 0.404297 0.121094 0.402344 0.121094 0.401367 0.122396 0.397461 0.122396 0.391602 0.126302 0.388672 0.126302 0.387695 0.127604 0.382812 0.128906 0.379883 0.131510 0.377930 0.131510 0.375977 0.132812 0.370117 0.141927 0.370117 0.144531 0.369141 0.145833 0.369141 0.153646 0.370117 0.154948 0.370117 0.158854 0.371094 0.161458 0.375977 0.167969 0.376953 0.167969 0.381836 0.173177 0.387695 0.177083 0.398438 0.177083 0.403320 0.173177 0.406250 0.173177 0.408203 0.170573 0.409180 0.164062 0.413086 0.157552 0.413086 0.152344 0.416016 0.149740 0.416016 0.143229 0.414062 0.140625 0.413086 0.134115 0.408203 0.127604 0.406250 0.122396
0 0.409180 0.187500 0.407227 0.187500 0.406250 0.188802 0.406250 0.191406 0.408203 0.191406 0.411133 0.194010 0.409180 0.196615 0.407227 0.196615 0.403320 0.192708 0.399414 0.191406 0.396484 0.187500 0.396484 0.186198 0.394531 0.186198 0.389648 0.190104 0.386719 0.190104 0.385742 0.191406 0.380859 0.192708 0.376953 0.197917 0.375977 0.197917 0.371094 0.205729 0.371094 0.208333 0.370117 0.209635 0.370117 0.214844 0.369141 0.216146 0.370117 0.217448 0.370117 0.222656 0.371094 0.223958 0.371094 0.226562 0.374023 0.231771 0.375000 0.235677 0.378906 0.240885 0.383789 0.251302 0.386719 0.251302 0.388672 0.252604 0.389648 0.251302 0.393555 0.250000 0.400391 0.239583 0.400391 0.238281 0.404297 0.233073 0.408203 0.230469 0.410156 0.227865 0.410156 0.226562 0.415039 0.221354 0.415039 0.218750 0.416016 0.217448 0.416016 0.212240 0.416992 0.209635 0.415039 0.204427 0.415039 0.200521 0.412109 0.196615 0.411133 0.194010 0.411133 0.190104
0 0.374023 0.243490 0.369141 0.243490 0.368164 0.244792 0.359375 0.244792 0.358398 0.246094 0.357422 0.246094 0.355469 0.248698 0.355469 0.250000 0.353516 0.253906 0.352539 0.260417 0.351562 0.261719 0.351562 0.269531 0.350586 0.270833 0.350586 0.287760 0.352539 0.291667 0.353516 0.291667 0.361328 0.299479 0.367188 0.299479 0.368164 0.298177 0.373047 0.298177 0.374023 0.296875 0.378906 0.296875 0.379883 0.298177 0.380859 0.298177 0.381836 0.296875 0.384766 0.295573 0.388672 0.290365 0.388672 0.289062 0.389648 0.287760 0.389648 0.261719 0.388672 0.260417 0.388672 0.259115 0.378906 0.246094 0.376953 0.246094
0 0.384766 0.305990 0.383789 0.305990 0.382812 0.307292 0.379883 0.307292 0.378906 0.308594 0.371094 0.308594 0.370117 0.309896 0.368164 0.309896 0.367188 0.311198 0.366211 0.311198 0.364258 0.313802 0.364258 0.317708 0.363281 0.319010 0.363281 0.321615 0.362305 0.322917 0.362305 0.325521 0.361328 0.326823 0.361328 0.329427 0.360352 0.330729 0.360352 0.333333 0.359375 0.334635 0.359375 0.337240 0.358398 0.338542 0.358398 0.351562 0.360352 0.354167 0.363281 0.354167 0.364258 0.355469 0.369141 0.355469 0.370117 0.356771 0.379883 0.356771 0.380859 0.358073 0.383789 0.358073 0.384766 0.359375 0.390625 0.359375 0.391602 0.358073 0.393555 0.358073 0.394531 0.356771 0.395508 0.356771 0.397461 0.354167 0.397461 0.352865 0.398438 0.351562 0.398438 0.345052 0.393555 0.338542 0.393555 0.337240 0.392578 0.335938 0.391602 0.329427 0.390625 0.328125 0.390625 0.326823 0.389648 0.325521 0.389648 0.322917 0.388672 0.321615 0.388672 0.317708 0.387695 0.316406 0.387695 0.312500 0.386719 0.311198 0.386719 0.308594
0 0.377930 0.363281 0.375000 0.363281 0.374023 0.361979 0.372070 0.361979 0.371094 0.363281 0.366211 0.365885 0.362305 0.371094 0.357422 0.372396 0.349609 0.382812 0.349609 0.389323 0.350586 0.390625 0.350586 0.393229 0.351562 0.394531 0.351562 0.397135 0.352539 0.398438 0.352539 0.399740 0.359375 0.408854 0.360352 0.412760 0.363281 0.415365 0.366211 0.415365 0.367188 0.414062 0.375977 0.414062 0.376953 0.412760 0.380859 0.412760 0.382812 0.410156 0.383789 0.410156 0.384766 0.408854 0.384766 0.407552 0.387695 0.403646 0.388672 0.403646 0.389648 0.402344 0.389648 0.395833 0.390625 0.394531 0.390625 0.386719 0.389648 0.385417 0.389648 0.382812 0.388672 0.381510 0.387695 0.375000 0.386719 0.373698 0.385742 0.369792 0.383789 0.367188 0.380859 0.367188
0 0.347656 0.428385 0.347656 0.429688 0.344727 0.433594 0.344727 0.438802 0.345703 0.440104 0.345703 0.445312 0.350586 0.451823 0.350586 0.453125 0.352539 0.455729 0.352539 0.457031 0.353516 0.458333 0.354492 0.458333 0.357422 0.462240 0.358398 0.462240 0.359375 0.463542 0.361328 0.463542 0.362305 0.464844 0.367188 0.464844 0.368164 0.466146 0.375977 0.466146 0.378906 0.463542 0.378906 0.462240 0.379883 0.460938 0.379883 0.455729 0.382812 0.449219 0.382812 0.446615 0.383789 0.445312 0.383789 0.442708 0.384766 0.441406 0.384766 0.436198 0.383789 0.434896 0.383789 0.432292 0.382812 0.430990 0.382812 0.428385 0.381836 0.427083 0.380859 0.423177 0.376953 0.417969 0.362305 0.417969 0.359375 0.420573 0.357422 0.420573 0.356445 0.421875 0.353516 0.423177 0.350586 0.427083
0 0.375000 0.470052 0.374023 0.471354 0.372070 0.471354 0.371094 0.472656 0.370117 0.472656 0.366211 0.477865 0.365234 0.477865 0.362305 0.480469 0.362305 0.481771 0.360352 0.485677 0.360352 0.489583 0.359375 0.490885 0.359375 0.494792 0.358398 0.496094 0.358398 0.502604 0.359375 0.503906 0.360352 0.510417 0.361328 0.511719 0.362305 0.515625 0.364258 0.518229 0.365234 0.518229 0.366211 0.519531 0.368164 0.519531 0.369141 0.520833 0.372070 0.520833 0.373047 0.522135 0.378906 0.522135 0.379883 0.520833 0.384766 0.518229 0.389648 0.513021 0.389648 0.511719 0.390625 0.510417 0.390625 0.496094 0.392578 0.493490 0.395508 0.492188 0.395508 0.488281 0.394531 0.488281 0.392578 0.485677 0.392578 0.480469 0.390625 0.476562 0.388672 0.476562 0.383789 0.472656 0.379883 0.472656 0.378906 0.471354 0.376953 0.471354 0.375977 0.470052
0 0.392578 0.519531 0.391602 0.519531 0.390625 0.518229 0.384766 0.518229 0.383789 0.519531 0.382812 0.519531 0.379883 0.522135 0.377930 0.522135 0.376953 0.523438 0.375000 0.523438 0.374023 0.522135 0.371094 0.522135 0.370117 0.520833 0.368164 0.520833 0.367188 0.519531 0.363281 0.519531 0.362305 0.520833 0.362305 0.539062 0.363281 0.540365 0.363281 0.541667 0.365234 0.544271 0.365234 0.545573 0.367188 0.548177 0.367188 0.549479 0.368164 0.550781 0.369141 0.550781 0.372070 0.554688 0.373047 0.554688 0.375000 0.557292 0.383789 0.557292 0.386719 0.554688 0.388672 0.554688 0.389648 0.553385 0.392578 0.552083 0.393555 0.550781 0.394531 0.546875 0.396484 0.544271 0.396484 0.526042 0.395508 0.524740 0.395508 0.523438
0 0.384766 0.563802 0.372070 0.563802 0.370117 0.566406 0.369141 0.566406 0.368164 0.567708 0.367188 0.567708 0.365234 0.570312 0.364258 0.570312 0.363281 0.571615 0.363281 0.572917 0.358398 0.579427 0.357422 0.579427 0.357422 0.582031 0.356445 0.583333 0.356445 0.587240 0.357422 0.588542 0.357422 0.591146 0.359375 0.595052 0.359375 0.597656 0.360352 0.598958 0.360352 0.601562 0.361328 0.602865 0.361328 0.605469 0.365234 0.611979 0.366211 0.611979 0.369141 0.614583 0.374023 0.614583 0.375000 0.613281 0.376953 0.613281 0.377930 0.611979 0.379883 0.611979 0.383789 0.606771 0.384766 0.606771 0.386719 0.604167 0.386719 0.602865 0.387695 0.601562 0.387695 0.589844 0.388672 0.588542 0.388672 0.584635 0.389648 0.583333 0.389648 0.582031 0.391602 0.579427 0.391602 0.575521 0.390625 0.574219 0.388672 0.567708 0.386719 0.565104 0.385742 0.565104
0 0.368164 0.618490 0.365234 0.622396 0.364258 0.622396 0.362305 0.626302 0.362305 0.635417 0.363281 0.636719 0.363281 0.639323 0.364258 0.640625 0.364258 0.643229 0.365234 0.644531 0.365234 0.645833 0.368164 0.649740 0.368164 0.651042 0.369141 0.651042 0.372070 0.654948 0.376953 0.654948 0.377930 0.656250 0.380859 0.656250 0.381836 0.654948 0.384766 0.653646 0.384766 0.652344 0.388672 0.647135 0.388672 0.644531 0.389648 0.643229 0.389648 0.641927 0.390625 0.640625 0.390625 0.639323 0.392578 0.635417 0.392578 0.632812 0.393555 0.631510 0.392578 0.630208 0.392578 0.628906 0.390625 0.626302 0.391602 0.625000 0.391602 0.619792 0.389648 0.622396 0.387695 0.622396 0.384766 0.619792 0.379883 0.619792 0.378906 0.618490
0 0.390625 0.652344 0.387695 0.652344 0.386719 0.653646 0.385742 0.653646 0.382812 0.656250 0.380859 0.656250 0.379883 0.657552 0.378906 0.656250 0.374023 0.656250 0.373047 0.654948 0.372070 0.654948 0.368164 0.661458 0.368164 0.662760 0.367188 0.664062 0.367188 0.665365 0.365234 0.669271 0.365234 0.673177 0.370117 0.679688 0.371094 0.683594 0.374023 0.687500 0.375000 0.687500 0.377930 0.690104 0.383789 0.690104 0.384766 0.688802 0.391602 0.688802 0.392578 0.687500 0.393555 0.687500 0.394531 0.686198 0.395508 0.686198 0.398438 0.683594 0.397461 0.682292 0.397461 0.666667 0.396484 0.665365 0.396484 0.660156 0.395508 0.658854 0.395508 0.657552
0 0.378906 0.694010 0.375977 0.697917 0.375977 0.699219 0.375000 0.700521 0.375977 0.701823 0.375977 0.704427 0.376953 0.705729 0.376953 0.708333 0.377930 0.709635 0.377930 0.712240 0.378906 0.713542 0.378906 0.717448 0.379883 0.718750 0.379883 0.720052 0.382812 0.723958 0.383789 0.723958 0.384766 0.725260 0.385742 0.725260 0.388672 0.727865 0.396484 0.727865 0.397461 0.726562 0.399414 0.726562 0.400391 0.725260 0.401367 0.725260 0.402344 0.723958 0.402344 0.722656 0.404297 0.720052 0.404297 0.718750 0.405273 0.717448 0.405273 0.714844 0.406250 0.713542 0.406250 0.710938 0.407227 0.709635 0.407227 0.703125 0.406250 0.701823 0.406250 0.699219 0.401367 0.692708 0.400391 0.692708 0.397461 0.690104 0.388672 0.690104 0.387695 0.691406 0.383789 0.691406 0.380859 0.694010
0 0.387695 0.730469 0.383789 0.735677 0.383789 0.736979 0.381836 0.740885 0.381836 0.757812 0.383789 0.760417 0.383789 0.761719 0.385742 0.764323 0.386719 0.764323 0.387695 0.765625 0.390625 0.765625 0.391602 0.766927 0.392578 0.766927 0.393555 0.765625 0.400391 0.765625 0.401367 0.766927 0.404297 0.766927 0.405273 0.765625 0.408203 0.765625 0.408203 0.764323 0.409180 0.763021 0.409180 0.761719 0.408203 0.760417 0.408203 0.756510 0.407227 0.755208 0.407227 0.750000 0.408203 0.748698 0.408203 0.742188 0.404297 0.736979 0.404297 0.735677 0.403320 0.734375 0.403320 0.733073 0.402344 0.731771 0.402344 0.730469 0.401367 0.729167 0.389648 0.729167 0.388672 0.730469
0 0.387695 0.768229 0.387695 0.782552 0.388672 0.783854 0.388672 0.787760 0.389648 0.789062 0.389648 0.790365 0.390625 0.791667 0.391602 0.791667 0.393555 0.794271 0.393555 0.795573 0.394531 0.796875 0.395508 0.796875 0.397461 0.799479 0.397461 0.800781 0.398438 0.800781 0.399414 0.802083 0.406250 0.802083 0.407227 0.800781 0.410156 0.800781 0.411133 0.799479 0.412109 0.799479 0.413086 0.798177 0.414062 0.798177 0.415039 0.796875 0.416016 0.796875 0.417969 0.794271 0.417969 0.789062 0.416992 0.787760 0.416992 0.785156 0.414062 0.781250 0.414062 0.779948 0.412109 0.777344 0.412109 0.776042 0.410156 0.772135 0.409180 0.772135 0.406250 0.769531 0.404297 0.769531 0.403320 0.768229 0.400391 0.768229 0.399414 0.766927 0.391602 0.766927 0.390625 0.768229
0 0.450195 0.782552 0.447266 0.778646 0.446289 0.778646 0.445312 0.777344 0.444336 0.777344 0.442383 0.774740 0.441406 0.776042 0.430664 0.776042 0.427734 0.778646 0.424805 0.778646 0.423828 0.779948 0.420898 0.779948 0.419922 0.781250 0.418945 0.781250 0.418945 0.782552 0.417969 0.783854 0.417969 0.785156 0.418945 0.786458 0.418945 0.790365 0.419922 0.791667 0.419922 0.794271 0.425781 0.802083 0.427734 0.802083 0.429688 0.804688 0.430664 0.804688 0.433594 0.807292 0.442383 0.807292 0.443359 0.805990 0.444336 0.805990 0.447266 0.802083 0.447266 0.800781 0.448242 0.799479 0.448242 0.796875 0.450195 0.794271
0 0.427734 0.740885 0.426758 0.740885 0.425781 0.742188 0.423828 0.742188 0.420898 0.744792 0.410156 0.744792 0.409180 0.746094 0.409180 0.748698 0.408203 0.750000 0.408203 0.756510 0.409180 0.757812 0.409180 0.764323 0.410156 0.765625 0.410156 0.769531 0.413086 0.773438 0.413086 0.774740 0.414062 0.776042 0.415039 0.779948 0.416992 0.779948 0.417969 0.778646 0.423828 0.778646 0.424805 0.777344 0.427734 0.777344 0.428711 0.776042 0.429688 0.776042 0.437500 0.765625 0.437500 0.764323 0.438477 0.763021 0.438477 0.761719 0.437500 0.760417 0.437500 0.757812 0.436523 0.756510 0.436523 0.753906 0.434570 0.750000 0.433594 0.750000 0.432617 0.748698 0.428711 0.748698 0.427734 0.750000 0.425781 0.747396 0.425781 0.746094 0.426758 0.744792 0.427734 0.744792 0.429688 0.742188 0.428711 0.742188
0 0.436523 0.230469 0.431641 0.230469 0.430664 0.229167 0.416016 0.229167 0.415039 0.230469 0.412109 0.230469 0.409180 0.233073 0.407227 0.233073 0.405273 0.234375 0.396484 0.247396 0.394531 0.252604 0.394531 0.256510 0.393555 0.257812 0.393555 0.270833 0.396484 0.276042 0.396484 0.277344 0.399414 0.281250 0.401367 0.282552 0.403320 0.282552 0.409180 0.286458 0.412109 0.286458 0.413086 0.287760 0.417969 0.287760 0.418945 0.289062 0.423828 0.289062 0.424805 0.286458 0.433594 0.274740 0.434570 0.274740 0.436523 0.272135 0.439453 0.264323 0.439453 0.259115 0.440430 0.257812 0.440430 0.253906 0.435547 0.240885 0.436523 0.239583 0.436523 0.235677 0.437500 0.234375 0.437500 0.231771
0 0.430664 0.292969 0.428711 0.291667 0.419922 0.291667 0.418945 0.290365 0.416016 0.290365 0.415039 0.289062 0.403320 0.289062 0.400391 0.292969 0.396484 0.295573 0.392578 0.300781 0.389648 0.302083 0.387695 0.304688 0.387695 0.308594 0.388672 0.309896 0.388672 0.313802 0.389648 0.315104 0.389648 0.321615 0.392578 0.329427 0.392578 0.332031 0.394531 0.337240 0.396484 0.339844 0.396484 0.341146 0.402344 0.345052 0.408203 0.345052 0.413086 0.341146 0.416016 0.341146 0.416992 0.339844 0.418945 0.339844 0.420898 0.338542 0.426758 0.332031 0.427734 0.332031 0.431641 0.326823 0.433594 0.321615 0.433594 0.319010 0.434570 0.317708 0.434570 0.307292 0.433594 0.305990 0.433594 0.303385 0.432617 0.302083 0.432617 0.299479 0.431641 0.298177 0.431641 0.295573
0 0.400391 0.391927 0.398438 0.394531 0.398438 0.395833 0.395508 0.399740 0.395508 0.401042 0.391602 0.407552 0.391602 0.410156 0.390625 0.411458 0.390625 0.414062 0.391602 0.415365 0.391602 0.417969 0.392578 0.419271 0.392578 0.420573 0.393555 0.420573 0.394531 0.421875 0.394531 0.423177 0.397461 0.427083 0.397461 0.428385 0.404297 0.436198 0.405273 0.436198 0.406250 0.437500 0.408203 0.437500 0.409180 0.438802 0.412109 0.438802 0.413086 0.440104 0.415039 0.440104 0.416016 0.441406 0.419922 0.441406 0.423828 0.434896 0.423828 0.432292 0.424805 0.430990 0.424805 0.427083 0.425781 0.425781 0.425781 0.419271 0.424805 0.417969 0.424805 0.410156 0.425781 0.408854 0.424805 0.407552 0.424805 0.404948 0.418945 0.397135 0.416992 0.397135 0.416016 0.395833 0.414062 0.395833 0.413086 0.394531 0.411133 0.394531 0.408203 0.391927
0 0.392578 0.434896 0.387695 0.441406 0.387695 0.442708 0.386719 0.444010 0.386719 0.446615 0.385742 0.447917 0.385742 0.451823 0.386719 0.453125 0.386719 0.455729 0.389648 0.462240 0.389648 0.464844 0.392578 0.468750 0.394531 0.475260 0.396484 0.477865 0.397461 0.477865 0.398438 0.479167 0.401367 0.479167 0.402344 0.480469 0.404297 0.480469 0.405273 0.481771 0.407227 0.481771 0.408203 0.483073 0.409180 0.481771 0.411133 0.481771 0.412109 0.480469 0.414062 0.480469 0.415039 0.479167 0.416016 0.479167 0.420898 0.472656 0.421875 0.472656 0.422852 0.471354 0.423828 0.467448 0.425781 0.464844 0.425781 0.463542 0.422852 0.460938 0.422852 0.458333 0.423828 0.457031 0.425781 0.457031 0.426758 0.458333 0.426758 0.455729 0.425781 0.454427 0.422852 0.454427 0.419922 0.449219 0.418945 0.445312 0.417969 0.445312 0.411133 0.440104 0.406250 0.438802 0.405273 0.437500 0.402344 0.436198 0.400391 0.433594 0.398438 0.433594 0.397461 0.432292
0 0.407227 0.488281 0.406250 0.489583 0.404297 0.489583 0.403320 0.490885 0.402344 0.490885 0.392578 0.503906 0.392578 0.507812 0.391602 0.509115 0.391602 0.515625 0.396484 0.522135 0.397461 0.522135 0.399414 0.524740 0.401367 0.524740 0.404297 0.528646 0.405273 0.528646 0.407227 0.531250 0.408203 0.531250 0.411133 0.535156 0.416016 0.535156 0.419922 0.529948 0.422852 0.528646 0.426758 0.523438 0.427734 0.523438 0.431641 0.518229 0.432617 0.518229 0.433594 0.516927 0.433594 0.515625 0.434570 0.514323 0.434570 0.505208 0.433594 0.503906 0.430664 0.503906 0.429688 0.502604 0.428711 0.498698 0.420898 0.489583 0.413086 0.489583 0.412109 0.488281
0 0.447266 0.076823 0.436523 0.076823 0.435547 0.075521 0.427734 0.075521 0.421875 0.079427 0.417969 0.084635 0.417969 0.085938 0.415039 0.091146 0.415039 0.093750 0.413086 0.097656 0.413086 0.100260 0.412109 0.101562 0.412109 0.104167 0.411133 0.105469 0.410156 0.111979 0.416016 0.121094 0.416016 0.123698 0.417969 0.126302 0.418945 0.128906 0.418945 0.131510 0.420898 0.134115 0.423828 0.135417 0.426758 0.139323 0.428711 0.139323 0.432617 0.136719 0.435547 0.136719 0.436523 0.135417 0.439453 0.135417 0.443359 0.132812 0.446289 0.128906 0.448242 0.123698 0.448242 0.119792 0.449219 0.118490 0.449219 0.111979 0.448242 0.110677 0.448242 0.105469 0.447266 0.104167 0.447266 0.100260 0.446289 0.098958 0.446289 0.084635 0.448242 0.080729 0.448242 0.078125
0 0.434570 0.148438 0.433594 0.149740 0.429688 0.149740 0.428711 0.151042 0.425781 0.152344 0.422852 0.156250 0.421875 0.156250 0.420898 0.157552 0.418945 0.157552 0.418945 0.158854 0.411133 0.169271 0.411133 0.173177 0.412109 0.174479 0.412109 0.179688 0.413086 0.180990 0.413086 0.183594 0.414062 0.184896 0.414062 0.188802 0.416016 0.192708 0.416016 0.195312 0.416992 0.196615 0.419922 0.205729 0.422852 0.208333 0.426758 0.208333 0.427734 0.207031 0.432617 0.207031 0.433594 0.208333 0.440430 0.208333 0.441406 0.207031 0.443359 0.207031 0.443359 0.205729 0.448242 0.197917 0.448242 0.196615 0.449219 0.195312 0.449219 0.192708 0.451172 0.190104 0.451172 0.187500 0.450195 0.186198 0.449219 0.179688 0.445312 0.173177 0.445312 0.171875 0.444336 0.170573 0.444336 0.167969 0.443359 0.166667 0.443359 0.164062 0.441406 0.161458 0.441406 0.158854 0.440430 0.157552 0.438477 0.151042 0.437500 0.151042
0 0.470703 0.061198 0.469727 0.062500 0.466797 0.062500 0.457031 0.069010 0.450195 0.076823 0.447266 0.084635 0.447266 0.087240 0.446289 0.088542 0.446289 0.095052 0.447266 0.096354 0.447266 0.100260 0.449219 0.105469 0.449219 0.111979 0.450195 0.114583 0.454102 0.117188 0.456055 0.117188 0.460938 0.121094 0.462891 0.121094 0.464844 0.123698 0.468750 0.126302 0.477539 0.126302 0.479492 0.125000 0.482422 0.121094 0.483398 0.121094 0.486328 0.114583 0.486328 0.092448 0.485352 0.091146 0.485352 0.084635 0.483398 0.080729 0.483398 0.078125 0.482422 0.076823 0.482422 0.072917 0.481445 0.071615 0.481445 0.069010 0.480469 0.066406 0.479492 0.066406 0.475586 0.062500
0 0.504883 0.115885 0.502930 0.117188 0.500000 0.117188 0.499023 0.118490 0.494141 0.118490 0.493164 0.119792 0.488281 0.121094 0.477539 0.132812 0.477539 0.149740 0.479492 0.154948 0.480469 0.164062 0.481445 0.166667 0.485352 0.171875 0.487305 0.173177 0.489258 0.173177 0.492188 0.175781 0.496094 0.175781 0.501953 0.171875 0.505859 0.171875 0.507812 0.169271 0.511719 0.166667 0.514648 0.162760 0.515625 0.158854 0.521484 0.152344 0.520508 0.151042 0.520508 0.148438 0.518555 0.145833 0.515625 0.138021 0.513672 0.136719 0.508789 0.130208 0.507812 0.127604 0.507812 0.125000 0.506836 0.123698 0.506836 0.121094 0.505859 0.119792 0.505859 0.117188
0 0.537109 0.075521 0.528320 0.075521 0.527344 0.076823 0.524414 0.076823 0.520508 0.079427 0.513672 0.087240 0.509766 0.089844 0.506836 0.095052 0.506836 0.104167 0.505859 0.105469 0.505859 0.113281 0.506836 0.114583 0.507812 0.123698 0.510742 0.131510 0.513672 0.135417 0.515625 0.135417 0.517578 0.138021 0.519531 0.138021 0.520508 0.139323 0.523438 0.139323 0.524414 0.140625 0.528320 0.140625 0.529297 0.139323 0.531250 0.139323 0.537109 0.135417 0.539062 0.132812 0.544922 0.128906 0.546875 0.126302 0.546875 0.119792 0.547852 0.118490 0.547852 0.102865 0.546875 0.101562 0.546875 0.088542 0.544922 0.083333 0.542969 0.080729 0.542969 0.079427
0 0.545898 0.144531 0.542969 0.144531 0.541992 0.145833 0.538086 0.145833 0.537109 0.147135 0.531250 0.147135 0.523438 0.152344 0.519531 0.157552 0.518555 0.157552 0.516602 0.161458 0.516602 0.166667 0.517578 0.167969 0.517578 0.186198 0.518555 0.187500 0.518555 0.190104 0.520508 0.192708 0.521484 0.196615 0.524414 0.200521 0.532227 0.205729 0.538086 0.205729 0.539062 0.204427 0.541992 0.204427 0.542969 0.203125 0.544922 0.203125 0.546875 0.201823 0.549805 0.197917 0.553711 0.195312 0.557617 0.188802 0.554688 0.183594 0.554688 0.166667 0.552734 0.161458 0.552734 0.157552 0.551758 0.156250 0.551758 0.153646 0.549805 0.151042 0.548828 0.147135
0 0.447266 0.210938 0.444336 0.214844 0.443359 0.214844 0.441406 0.220052 0.441406 0.222656 0.440430 0.223958 0.440430 0.231771 0.444336 0.240885 0.444336 0.243490 0.445312 0.246094 0.448242 0.250000 0.453125 0.252604 0.457031 0.257812 0.462891 0.261719 0.468750 0.261719 0.478516 0.255208 0.480469 0.252604 0.481445 0.252604 0.488281 0.243490 0.490234 0.234375 0.489258 0.233073 0.489258 0.229167 0.484375 0.218750 0.482422 0.218750 0.481445 0.217448 0.476562 0.217448 0.475586 0.216146 0.472656 0.216146 0.471680 0.214844 0.469727 0.214844 0.466797 0.212240 0.464844 0.212240 0.462891 0.210938 0.458984 0.205729
0 0.446289 0.256510 0.446289 0.257812 0.441406 0.265625 0.441406 0.266927 0.440430 0.268229 0.440430 0.270833 0.439453 0.272135 0.439453 0.274740 0.438477 0.276042 0.438477 0.286458 0.437500 0.287760 0.437500 0.290365 0.438477 0.291667 0.438477 0.295573 0.441406 0.299479 0.441406 0.300781 0.443359 0.303385 0.444336 0.303385 0.448242 0.308594 0.449219 0.308594 0.451172 0.311198 0.453125 0.311198 0.454102 0.312500 0.457031 0.312500 0.458008 0.313802 0.458984 0.313802 0.461914 0.311198 0.461914 0.309896 0.466797 0.303385 0.467773 0.299479 0.472656 0.292969 0.472656 0.291667 0.475586 0.289062 0.475586 0.286458 0.477539 0.283854 0.477539 0.274740 0.475586 0.272135 0.475586 0.269531 0.469727 0.264323 0.462891 0.264323 0.458008 0.260417 0.453125 0.259115 0.450195 0.256510
0 0.442383 0.319010 0.441406 0.320312 0.438477 0.321615 0.429688 0.334635 0.429688 0.335938 0.427734 0.339844 0.427734 0.342448 0.426758 0.343750 0.426758 0.355469 0.427734 0.356771 0.429688 0.363281 0.434570 0.368490 0.435547 0.368490 0.438477 0.371094 0.441406 0.371094 0.442383 0.372396 0.447266 0.372396 0.448242 0.373698 0.450195 0.373698 0.451172 0.375000 0.456055 0.375000 0.457031 0.373698 0.458008 0.373698 0.468750 0.359375 0.468750 0.358073 0.470703 0.355469 0.470703 0.350260 0.468750 0.346354 0.468750 0.343750 0.467773 0.342448 0.467773 0.339844 0.466797 0.338542 0.466797 0.333333 0.465820 0.332031 0.465820 0.325521 0.463867 0.322917 0.462891 0.322917 0.459961 0.320312 0.458008 0.320312 0.457031 0.319010 0.451172 0.319010 0.450195 0.317708 0.449219 0.319010
0 0.442383 0.420573 0.440430 0.423177 0.439453 0.423177 0.433594 0.430990 0.433594 0.432292 0.430664 0.436198 0.430664 0.438802 0.427734 0.445312 0.428711 0.446615 0.428711 0.451823 0.434570 0.466146 0.435547 0.466146 0.436523 0.467448 0.438477 0.467448 0.439453 0.468750 0.444336 0.471354 0.446289 0.473958 0.454102 0.473958 0.455078 0.472656 0.458008 0.471354 0.461914 0.466146 0.461914 0.463542 0.462891 0.462240 0.462891 0.459635 0.463867 0.458333 0.463867 0.454427 0.466797 0.450521 0.466797 0.446615 0.467773 0.445312 0.465820 0.442708 0.462891 0.444010 0.459961 0.438802 0.459961 0.433594 0.455078 0.427083 0.454102 0.427083 0.451172 0.423177 0.448242 0.423177 0.445312 0.420573
0 0.429688 0.529948 0.428711 0.531250 0.426758 0.531250 0.425781 0.532552 0.424805 0.532552 0.423828 0.533854 0.418945 0.536458 0.416992 0.539062 0.416992 0.541667 0.416016 0.542969 0.416016 0.546875 0.415039 0.548177 0.415039 0.550781 0.413086 0.553385 0.413086 0.561198 0.416016 0.565104 0.416992 0.565104 0.422852 0.572917 0.423828 0.572917 0.425781 0.575521 0.427734 0.575521 0.428711 0.576823 0.430664 0.576823 0.431641 0.578125 0.438477 0.578125 0.439453 0.576823 0.441406 0.576823 0.443359 0.574219 0.443359 0.572917 0.447266 0.567708 0.447266 0.566406 0.448242 0.565104 0.448242 0.562500 0.447266 0.561198 0.447266 0.554688 0.448242 0.553385 0.448242 0.549479 0.449219 0.548177 0.448242 0.546875 0.448242 0.544271 0.447266 0.542969 0.447266 0.539062 0.446289 0.537760 0.445312 0.537760 0.444336 0.536458 0.444336 0.535156 0.442383 0.532552 0.441406 0.532552 0.439453 0.529948
0 0.408203 0.563802 0.405273 0.567708 0.402344 0.569010 0.400391 0.571615 0.399414 0.571615 0.397461 0.574219 0.396484 0.574219 0.396484 0.575521 0.391602 0.583333 0.391602 0.584635 0.389648 0.588542 0.389648 0.597656 0.390625 0.598958 0.390625 0.605469 0.391602 0.606771 0.393555 0.613281 0.397461 0.618490 0.398438 0.618490 0.400391 0.621094 0.402344 0.621094 0.403320 0.622396 0.405273 0.622396 0.406250 0.623698 0.412109 0.623698 0.413086 0.622396 0.415039 0.622396 0.417969 0.618490 0.420898 0.617188 0.420898 0.614583 0.421875 0.613281 0.421875 0.602865 0.422852 0.601562 0.422852 0.600260 0.421875 0.598958 0.421875 0.593750 0.423828 0.591146 0.424805 0.592448 0.427734 0.592448 0.427734 0.587240 0.424805 0.583333 0.422852 0.576823 0.420898 0.574219 0.419922 0.574219 0.415039 0.570312 0.412109 0.572917 0.410156 0.570312 0.410156 0.569010 0.411133 0.567708 0.411133 0.565104 0.410156 0.563802
0 0.400391 0.622396 0.397461 0.626302 0.397461 0.627604 0.395508 0.630208 0.395508 0.631510 0.394531 0.632812 0.394531 0.634115 0.393555 0.635417 0.393555 0.636719 0.391602 0.639323 0.391602 0.640625 0.390625 0.641927 0.390625 0.644531 0.396484 0.652344 0.397461 0.652344 0.398438 0.653646 0.400391 0.653646 0.403320 0.656250 0.406250 0.656250 0.407227 0.657552 0.416992 0.657552 0.417969 0.656250 0.418945 0.656250 0.420898 0.653646 0.420898 0.652344 0.421875 0.651042 0.421875 0.649740 0.423828 0.647135 0.423828 0.639323 0.424805 0.638021 0.423828 0.636719 0.423828 0.635417 0.422852 0.635417 0.416016 0.626302 0.416016 0.625000 0.406250 0.625000 0.405273 0.623698 0.403320 0.623698 0.402344 0.622396
0 0.410156 0.661458 0.406250 0.666667 0.405273 0.666667 0.400391 0.673177 0.399414 0.673177 0.399414 0.680990 0.400391 0.682292 0.400391 0.683594 0.401367 0.684896 0.401367 0.686198 0.402344 0.687500 0.403320 0.691406 0.407227 0.697917 0.408203 0.697917 0.411133 0.700521 0.413086 0.700521 0.414062 0.701823 0.419922 0.701823 0.420898 0.700521 0.423828 0.700521 0.425781 0.697917 0.426758 0.697917 0.428711 0.695312 0.429688 0.695312 0.432617 0.691406 0.433594 0.691406 0.435547 0.688802 0.435547 0.687500 0.436523 0.686198 0.436523 0.674479 0.437500 0.673177 0.437500 0.667969 0.435547 0.665365 0.429688 0.665365 0.428711 0.664062 0.426758 0.664062 0.425781 0.662760 0.424805 0.662760 0.423828 0.661458 0.421875 0.661458 0.420898 0.660156 0.414062 0.660156 0.413086 0.661458
0 0.429688 0.704427 0.428711 0.704427 0.427734 0.703125 0.419922 0.703125 0.418945 0.704427 0.413086 0.704427 0.412109 0.705729 0.411133 0.705729 0.409180 0.708333 0.409180 0.709635 0.407227 0.712240 0.407227 0.713542 0.406250 0.714844 0.406250 0.717448 0.405273 0.718750 0.405273 0.720052 0.404297 0.721354 0.404297 0.723958 0.403320 0.725260 0.403320 0.730469 0.404297 0.731771 0.404297 0.735677 0.406250 0.739583 0.407227 0.739583 0.409180 0.742188 0.410156 0.742188 0.411133 0.743490 0.417969 0.743490 0.420898 0.740885 0.423828 0.740885 0.428711 0.735677 0.428711 0.733073 0.429688 0.731771 0.429688 0.729167 0.430664 0.727865 0.430664 0.722656 0.428711 0.722656 0.426758 0.720052 0.426758 0.714844 0.425781 0.713542 0.425781 0.709635 0.426758 0.708333 0.428711 0.708333 0.430664 0.705729
0 0.465820 0.750000 0.465820 0.751302 0.464844 0.752604 0.463867 0.756510 0.461914 0.759115 0.461914 0.760417 0.458008 0.765625 0.458008 0.776042 0.458984 0.777344 0.459961 0.781250 0.461914 0.783854 0.462891 0.783854 0.463867 0.785156 0.464844 0.785156 0.465820 0.786458 0.466797 0.786458 0.467773 0.787760 0.468750 0.787760 0.473633 0.791667 0.476562 0.791667 0.477539 0.792969 0.481445 0.792969 0.482422 0.791667 0.484375 0.791667 0.490234 0.783854 0.491211 0.783854 0.492188 0.782552 0.492188 0.772135 0.493164 0.770833 0.494141 0.766927 0.487305 0.757812 0.484375 0.757812 0.483398 0.756510 0.480469 0.756510 0.479492 0.755208 0.478516 0.755208 0.473633 0.751302 0.469727 0.751302 0.468750 0.750000
0 0.466797 0.712240 0.465820 0.713542 0.464844 0.717448 0.461914 0.721354 0.461914 0.725260 0.460938 0.726562 0.460938 0.729167 0.459961 0.730469 0.459961 0.736979 0.460938 0.738281 0.461914 0.742188 0.462891 0.742188 0.466797 0.747396 0.467773 0.747396 0.470703 0.750000 0.475586 0.751302 0.476562 0.752604 0.477539 0.752604 0.478516 0.753906 0.480469 0.753906 0.483398 0.756510 0.489258 0.756510 0.495117 0.742188 0.495117 0.738281 0.496094 0.736979 0.496094 0.726562 0.495117 0.725260 0.495117 0.722656 0.494141 0.721354 0.494141 0.720052 0.489258 0.713542 0.489258 0.710938 0.488281 0.709635 0.485352 0.709635 0.484375 0.710938 0.488281 0.714844 0.488281 0.716146 0.486328 0.718750 0.478516 0.718750 0.477539 0.717448 0.476562 0.718750 0.469727 0.718750 0.467773 0.716146
0 0.447266 0.648438 0.445312 0.651042 0.445312 0.652344 0.444336 0.653646 0.444336 0.654948 0.443359 0.656250 0.443359 0.657552 0.441406 0.661458 0.441406 0.666667 0.442383 0.667969 0.442383 0.669271 0.454102 0.684896 0.455078 0.684896 0.457031 0.687500 0.460938 0.687500 0.461914 0.688802 0.463867 0.688802 0.464844 0.687500 0.468750 0.687500 0.469727 0.686198 0.470703 0.686198 0.470703 0.684896 0.471680 0.683594 0.471680 0.680990 0.472656 0.679688 0.472656 0.653646 0.471680 0.652344 0.471680 0.651042 0.469727 0.648438 0.469727 0.647135 0.468750 0.645833 0.467773 0.645833 0.465820 0.643229 0.455078 0.643229 0.454102 0.644531 0.453125 0.644531 0.452148 0.645833 0.451172 0.645833 0.450195 0.647135
0 0.458008 0.595052 0.451172 0.596354 0.452148 0.596354 0.455078 0.601562 0.452148 0.605469 0.447266 0.602865 0.442383 0.596354 0.441406 0.596354 0.439453 0.593750 0.438477 0.593750 0.437500 0.596354 0.438477 0.597656 0.438477 0.600260 0.436523 0.602865 0.433594 0.602865 0.431641 0.598958 0.431641 0.596354 0.430664 0.600260 0.425781 0.605469 0.425781 0.608073 0.423828 0.610677 0.423828 0.615885 0.424805 0.617188 0.424805 0.621094 0.428711 0.631510 0.433594 0.640625 0.435547 0.641927 0.441406 0.641927 0.442383 0.640625 0.447266 0.639323 0.451172 0.634115 0.453125 0.632812 0.453125 0.631510 0.458984 0.621094 0.455078 0.610677 0.456055 0.608073 0.458008 0.606771 0.458984 0.604167 0.458984 0.601562 0.459961 0.600260
0 0.466797 0.613281 0.465820 0.614583 0.465820 0.617188 0.462891 0.621094 0.461914 0.621094 0.461914 0.622396 0.460938 0.623698 0.460938 0.632812 0.462891 0.635417 0.463867 0.639323 0.464844 0.640625 0.465820 0.640625 0.473633 0.651042 0.474609 0.651042 0.475586 0.652344 0.486328 0.652344 0.488281 0.649740 0.490234 0.649740 0.495117 0.643229 0.495117 0.641927 0.498047 0.638021 0.498047 0.634115 0.497070 0.632812 0.497070 0.631510 0.496094 0.630208 0.494141 0.630208 0.491211 0.626302 0.491211 0.623698 0.490234 0.622396 0.490234 0.621094 0.484375 0.613281 0.483398 0.613281 0.482422 0.611979 0.479492 0.611979 0.478516 0.613281 0.476562 0.613281 0.475586 0.614583 0.473633 0.614583 0.470703 0.611979 0.468750 0.611979 0.467773 0.613281
0 0.504883 0.187500 0.501953 0.191406 0.500977 0.191406 0.500000 0.192708 0.500000 0.194010 0.492188 0.205729 0.492188 0.207031 0.489258 0.213542 0.489258 0.217448 0.488281 0.218750 0.488281 0.221354 0.489258 0.222656 0.490234 0.226562 0.500977 0.238281 0.501953 0.238281 0.508789 0.243490 0.510742 0.243490 0.511719 0.244792 0.513672 0.244792 0.514648 0.246094 0.517578 0.246094 0.518555 0.244792 0.519531 0.244792 0.521484 0.242188 0.521484 0.240885 0.523438 0.238281 0.524414 0.238281 0.528320 0.233073 0.528320 0.231771 0.530273 0.229167 0.530273 0.227865 0.531250 0.226562 0.531250 0.223958 0.532227 0.222656 0.532227 0.213542 0.531250 0.212240 0.530273 0.208333 0.525391 0.201823 0.524414 0.201823 0.516602 0.190104 0.514648 0.190104 0.513672 0.188802 0.511719 0.188802 0.510742 0.187500
0 0.497070 0.243490 0.494141 0.247396 0.491211 0.248698 0.488281 0.252604 0.488281 0.253906 0.486328 0.257812 0.486328 0.276042 0.487305 0.277344 0.487305 0.283854 0.488281 0.285156 0.489258 0.289062 0.491211 0.291667 0.492188 0.291667 0.495117 0.294271 0.499023 0.294271 0.500000 0.295573 0.501953 0.295573 0.504883 0.298177 0.508789 0.298177 0.512695 0.294271 0.514648 0.294271 0.515625 0.292969 0.516602 0.292969 0.520508 0.287760 0.520508 0.286458 0.522461 0.282552 0.522461 0.277344 0.523438 0.276042 0.523438 0.266927 0.522461 0.265625 0.521484 0.261719 0.516602 0.259115 0.511719 0.251302 0.508789 0.250000 0.505859 0.246094 0.504883 0.246094 0.501953 0.243490
0 0.491211 0.295573 0.489258 0.295573 0.488281 0.296875 0.485352 0.296875 0.484375 0.298177 0.475586 0.303385 0.473633 0.305990 0.473633 0.307292 0.471680 0.311198 0.470703 0.317708 0.468750 0.321615 0.468750 0.333333 0.469727 0.334635 0.469727 0.335938 0.477539 0.346354 0.478516 0.346354 0.489258 0.354167 0.490234 0.354167 0.491211 0.352865 0.494141 0.352865 0.495117 0.351562 0.498047 0.350260 0.505859 0.339844 0.505859 0.338542 0.506836 0.337240 0.506836 0.333333 0.507812 0.332031 0.507812 0.325521 0.508789 0.324219 0.508789 0.321615 0.509766 0.320312 0.509766 0.319010 0.507812 0.316406 0.507812 0.315104 0.506836 0.313802 0.506836 0.311198 0.505859 0.309896 0.505859 0.303385 0.502930 0.299479 0.501953 0.299479 0.500977 0.298177 0.494141 0.298177
0 0.485352 0.356771 0.481445 0.360677 0.481445 0.363281 0.478516 0.367188 0.478516 0.369792 0.477539 0.371094 0.477539 0.375000 0.476562 0.376302 0.476562 0.380208 0.473633 0.386719 0.473633 0.391927 0.474609 0.393229 0.474609 0.395833 0.477539 0.397135 0.481445 0.402344 0.481445 0.403646 0.483398 0.406250 0.484375 0.406250 0.486328 0.408854 0.489258 0.410156 0.493164 0.414062 0.498047 0.415365 0.499023 0.414062 0.500000 0.414062 0.505859 0.406250 0.505859 0.404948 0.506836 0.403646 0.506836 0.401042 0.508789 0.397135 0.508789 0.394531 0.509766 0.393229 0.510742 0.389323 0.513672 0.384115 0.513672 0.380208 0.514648 0.378906 0.514648 0.375000 0.513672 0.373698 0.512695 0.373698 0.506836 0.365885 0.504883 0.365885 0.503906 0.364583 0.501953 0.364583 0.500977 0.363281 0.496094 0.363281 0.495117 0.361979 0.493164 0.361979 0.492188 0.360677 0.489258 0.360677
0 0.471680 0.449219 0.469727 0.451823 0.469727 0.453125 0.465820 0.458333 0.464844 0.462240 0.462891 0.464844 0.462891 0.468750 0.461914 0.470052 0.461914 0.476562 0.462891 0.477865 0.462891 0.480469 0.464844 0.483073 0.464844 0.484375 0.466797 0.486979 0.466797 0.488281 0.467773 0.488281 0.470703 0.490885 0.472656 0.490885 0.473633 0.492188 0.475586 0.492188 0.476562 0.493490 0.478516 0.493490 0.481445 0.496094 0.484375 0.496094 0.485352 0.497396 0.486328 0.497396 0.491211 0.493490 0.493164 0.493490 0.495117 0.490885 0.495117 0.488281 0.496094 0.486979 0.495117 0.483073 0.493164 0.480469 0.492188 0.480469 0.490234 0.477865 0.490234 0.476562 0.486328 0.471354 0.485352 0.467448 0.481445 0.460938 0.481445 0.458333 0.473633 0.447917 0.472656 0.449219
0 0.452148 0.489583 0.449219 0.493490 0.448242 0.493490 0.443359 0.500000 0.443359 0.501302 0.442383 0.502604 0.442383 0.505208 0.441406 0.506510 0.441406 0.509115 0.440430 0.510417 0.440430 0.526042 0.441406 0.527344 0.441406 0.528646 0.444336 0.529948 0.452148 0.539062 0.453125 0.539062 0.454102 0.540365 0.456055 0.540365 0.457031 0.541667 0.461914 0.541667 0.462891 0.540365 0.463867 0.540365 0.466797 0.536458 0.467773 0.536458 0.475586 0.526042 0.475586 0.524740 0.477539 0.522135 0.477539 0.519531 0.478516 0.518229 0.478516 0.514323 0.479492 0.513021 0.479492 0.511719 0.478516 0.511719 0.476562 0.509115 0.476562 0.497396 0.475586 0.496094 0.472656 0.494792 0.470703 0.492188 0.465820 0.492188 0.464844 0.490885 0.461914 0.490885 0.460938 0.489583
0 0.474609 0.540365 0.471680 0.541667 0.470703 0.542969 0.470703 0.544271 0.467773 0.546875 0.460938 0.546875 0.458984 0.549479 0.454102 0.552083 0.452148 0.554688 0.451172 0.554688 0.451172 0.555990 0.449219 0.559896 0.450195 0.561198 0.450195 0.570312 0.451172 0.571615 0.451172 0.574219 0.452148 0.575521 0.452148 0.576823 0.460938 0.588542 0.460938 0.589844 0.461914 0.591146 0.468750 0.591146 0.469727 0.589844 0.473633 0.589844 0.475586 0.587240 0.476562 0.587240 0.479492 0.584635 0.480469 0.580729 0.485352 0.574219 0.485352 0.572917 0.486328 0.571615 0.486328 0.558594 0.483398 0.552083 0.483398 0.549479 0.481445 0.546875 0.480469 0.546875 0.478516 0.544271 0.478516 0.542969 0.477539 0.542969
0 0.504883 0.630208 0.503906 0.631510 0.502930 0.631510 0.500000 0.635417 0.499023 0.639323 0.493164 0.647135 0.493164 0.654948 0.494141 0.656250 0.494141 0.657552 0.497070 0.661458 0.497070 0.662760 0.500000 0.666667 0.500977 0.666667 0.501953 0.667969 0.502930 0.667969 0.503906 0.669271 0.504883 0.669271 0.505859 0.670573 0.506836 0.670573 0.507812 0.671875 0.508789 0.671875 0.511719 0.674479 0.513672 0.674479 0.514648 0.673177 0.515625 0.673177 0.516602 0.671875 0.517578 0.671875 0.518555 0.670573 0.519531 0.670573 0.522461 0.667969 0.522461 0.652344 0.523438 0.651042 0.523438 0.643229 0.521484 0.640625 0.520508 0.640625 0.517578 0.638021 0.515625 0.638021 0.514648 0.636719 0.512695 0.636719 0.511719 0.635417 0.508789 0.634115 0.505859 0.630208
0 0.499023 0.671875 0.498047 0.673177 0.497070 0.673177 0.497070 0.675781 0.495117 0.678385 0.494141 0.678385 0.493164 0.679688 0.493164 0.683594 0.489258 0.688802 0.489258 0.691406 0.488281 0.692708 0.488281 0.701823 0.490234 0.704427 0.490234 0.705729 0.491211 0.707031 0.491211 0.708333 0.493164 0.710938 0.493164 0.712240 0.496094 0.716146 0.497070 0.716146 0.501953 0.720052 0.504883 0.720052 0.505859 0.721354 0.509766 0.721354 0.510742 0.720052 0.511719 0.720052 0.514648 0.716146 0.515625 0.716146 0.522461 0.707031 0.522461 0.703125 0.523438 0.701823 0.523438 0.699219 0.522461 0.697917 0.522461 0.695312 0.521484 0.694010 0.521484 0.688802 0.520508 0.687500 0.519531 0.687500 0.514648 0.680990 0.511719 0.679688 0.509766 0.677083 0.508789 0.677083 0.505859 0.674479 0.503906 0.674479 0.500977 0.671875
0 0.508789 0.723958 0.508789 0.729167 0.509766 0.730469 0.509766 0.731771 0.514648 0.738281 0.515625 0.738281 0.516602 0.739583 0.517578 0.739583 0.518555 0.740885 0.519531 0.740885 0.522461 0.743490 0.525391 0.743490 0.526367 0.744792 0.529297 0.744792 0.530273 0.743490 0.535156 0.743490 0.536133 0.742188 0.539062 0.742188 0.540039 0.740885 0.540039 0.738281 0.538086 0.735677 0.537109 0.735677 0.536133 0.734375 0.532227 0.734375 0.531250 0.733073 0.530273 0.733073 0.528320 0.730469 0.528320 0.729167 0.527344 0.727865 0.527344 0.723958 0.526367 0.722656 0.526367 0.716146 0.525391 0.714844 0.525391 0.709635 0.521484 0.709635 0.514648 0.718750 0.513672 0.718750 0.512695 0.720052 0.511719 0.720052
0 0.525391 0.704427 0.525391 0.709635 0.526367 0.710938 0.526367 0.718750 0.527344 0.720052 0.527344 0.726562 0.528320 0.727865 0.528320 0.730469 0.529297 0.731771 0.530273 0.731771 0.532227 0.734375 0.534180 0.734375 0.535156 0.735677 0.537109 0.735677 0.538086 0.736979 0.541016 0.736979 0.541992 0.738281 0.548828 0.738281 0.549805 0.736979 0.551758 0.736979 0.552734 0.735677 0.553711 0.735677 0.553711 0.734375 0.554688 0.733073 0.554688 0.727865 0.555664 0.726562 0.555664 0.722656 0.556641 0.721354 0.556641 0.716146 0.555664 0.714844 0.555664 0.707031 0.549805 0.707031 0.548828 0.708333 0.547852 0.708333 0.544922 0.705729 0.541992 0.705729 0.541016 0.704427 0.538086 0.704427 0.537109 0.705729 0.526367 0.705729
0 0.519531 0.770833 0.518555 0.772135 0.517578 0.772135 0.515625 0.774740 0.514648 0.774740 0.513672 0.776042 0.512695 0.776042 0.512695 0.777344 0.511719 0.778646 0.511719 0.779948 0.510742 0.781250 0.510742 0.790365 0.511719 0.791667 0.511719 0.795573 0.512695 0.796875 0.512695 0.798177 0.513672 0.799479 0.513672 0.800781 0.514648 0.802083 0.514648 0.803385 0.515625 0.804688 0.516602 0.804688 0.517578 0.805990 0.518555 0.805990 0.521484 0.809896 0.526367 0.809896 0.527344 0.808594 0.528320 0.808594 0.528320 0.807292 0.529297 0.805990 0.529297 0.803385 0.530273 0.802083 0.530273 0.796875 0.531250 0.795573 0.531250 0.789062 0.530273 0.787760 0.530273 0.786458 0.528320 0.783854 0.528320 0.782552 0.525391 0.778646 0.525391 0.776042 0.524414 0.774740 0.524414 0.773438 0.522461 0.770833
0 0.528320 0.761719 0.528320 0.763021 0.525391 0.766927 0.525391 0.768229 0.527344 0.770833 0.527344 0.781250 0.528320 0.782552 0.528320 0.786458 0.529297 0.787760 0.530273 0.787760 0.531250 0.789062 0.533203 0.789062 0.534180 0.787760 0.535156 0.787760 0.536133 0.786458 0.539062 0.786458 0.541016 0.789062 0.542969 0.789062 0.543945 0.790365 0.545898 0.790365 0.546875 0.789062 0.546875 0.787760 0.545898 0.786458 0.541016 0.786458 0.540039 0.785156 0.540039 0.772135 0.538086 0.769531 0.538086 0.768229 0.537109 0.766927 0.536133 0.766927 0.535156 0.768229 0.534180 0.768229 0.533203 0.769531 0.532227 0.769531 0.529297 0.765625 0.529297 0.761719
0 0.541016 0.757812 0.541016 0.759115 0.540039 0.760417 0.540039 0.768229 0.539062 0.769531 0.539062 0.772135 0.538086 0.773438 0.538086 0.774740 0.537109 0.776042 0.537109 0.778646 0.536133 0.779948 0.536133 0.783854 0.537109 0.785156 0.538086 0.785156 0.544922 0.790365 0.546875 0.790365 0.551758 0.796875 0.552734 0.796875 0.555664 0.794271 0.558594 0.794271 0.559570 0.792969 0.564453 0.792969 0.565430 0.791667 0.568359 0.790365 0.568359 0.789062 0.569336 0.787760 0.569336 0.785156 0.570312 0.783854 0.570312 0.781250 0.571289 0.779948 0.571289 0.777344 0.572266 0.776042 0.572266 0.773438 0.573242 0.772135 0.573242 0.765625 0.574219 0.764323 0.575195 0.764323 0.575195 0.759115 0.576172 0.757812 0.575195 0.756510 0.574219 0.763021 0.573242 0.764323 0.571289 0.764323 0.570312 0.765625 0.568359 0.765625 0.567383 0.764323 0.565430 0.764323 0.564453 0.763021 0.561523 0.763021 0.560547 0.761719 0.558594 0.761719 0.557617 0.760417 0.554688 0.760417 0.553711 0.759115 0.548828 0.759115 0.547852 0.757812 0.545898 0.757812 0.544922 0.756510 0.543945 0.756510 0.542969 0.757812
0 0.520508 0.813802 0.520508 0.816406 0.519531 0.817708 0.519531 0.820312 0.518555 0.821615 0.518555 0.833333 0.520508 0.837240 0.523438 0.838542 0.525391 0.841146 0.527344 0.841146 0.529297 0.843750 0.530273 0.843750 0.531250 0.845052 0.533203 0.845052 0.534180 0.846354 0.537109 0.846354 0.538086 0.847656 0.544922 0.847656 0.545898 0.846354 0.546875 0.846354 0.548828 0.843750 0.548828 0.839844 0.549805 0.838542 0.549805 0.833333 0.547852 0.829427 0.547852 0.826823 0.546875 0.825521 0.546875 0.824219 0.544922 0.821615 0.540039 0.821615 0.538086 0.824219 0.535156 0.825521 0.534180 0.824219 0.532227 0.824219 0.531250 0.822917 0.531250 0.821615 0.529297 0.817708 0.529297 0.815104 0.528320 0.813802 0.528320 0.812500 0.527344 0.812500 0.526367 0.811198 0.523438 0.811198
0 0.554688 0.798177 0.552734 0.800781 0.551758 0.800781 0.546875 0.807292 0.546875 0.808594 0.545898 0.809896 0.545898 0.815104 0.546875 0.816406 0.546875 0.817708 0.547852 0.817708 0.549805 0.820312 0.548828 0.821615 0.548828 0.826823 0.549805 0.828125 0.550781 0.832031 0.552734 0.834635 0.552734 0.835938 0.553711 0.835938 0.556641 0.838542 0.560547 0.838542 0.561523 0.839844 0.573242 0.839844 0.574219 0.838542 0.575195 0.838542 0.578125 0.834635 0.578125 0.832031 0.579102 0.830729 0.579102 0.824219 0.580078 0.822917 0.580078 0.819010 0.581055 0.817708 0.581055 0.816406 0.583008 0.813802 0.583008 0.807292 0.580078 0.805990 0.578125 0.803385 0.578125 0.802083 0.575195 0.798177 0.574219 0.798177 0.572266 0.795573 0.572266 0.794271 0.571289 0.794271 0.570312 0.792969 0.566406 0.792969 0.563477 0.795573 0.559570 0.795573 0.558594 0.796875 0.556641 0.796875 0.555664 0.798177
0 0.589844 0.785156 0.589844 0.798177 0.593750 0.803385 0.594727 0.803385 0.595703 0.804688 0.600586 0.804688 0.601562 0.805990 0.608398 0.805990 0.609375 0.807292 0.614258 0.807292 0.615234 0.805990 0.616211 0.805990 0.620117 0.800781 0.620117 0.799479 0.621094 0.798177 0.621094 0.790365 0.620117 0.789062 0.619141 0.789062 0.616211 0.785156 0.615234 0.785156 0.613281 0.782552 0.612305 0.782552 0.611328 0.781250 0.608398 0.781250 0.607422 0.779948 0.604492 0.779948 0.603516 0.778646 0.602539 0.778646 0.600586 0.776042 0.595703 0.776042 0.594727 0.777344 0.593750 0.777344 0.591797 0.779948 0.591797 0.781250
0 0.599609 0.738281 0.595703 0.746094 0.595703 0.755208 0.596680 0.756510 0.596680 0.763021 0.597656 0.764323 0.597656 0.765625 0.598633 0.766927 0.598633 0.768229 0.599609 0.769531 0.600586 0.773438 0.602539 0.776042 0.602539 0.777344 0.603516 0.777344 0.604492 0.778646 0.606445 0.778646 0.607422 0.779948 0.613281 0.779948 0.614258 0.781250 0.615234 0.781250 0.616211 0.779948 0.618164 0.779948 0.619141 0.778646 0.621094 0.778646 0.622070 0.777344 0.623047 0.777344 0.625000 0.774740 0.625977 0.774740 0.628906 0.770833 0.628906 0.769531 0.629883 0.768229 0.629883 0.765625 0.631836 0.761719 0.631836 0.755208 0.629883 0.752604 0.629883 0.748698 0.627930 0.746094 0.627930 0.744792 0.626953 0.743490 0.625977 0.743490 0.625000 0.742188 0.618164 0.742188 0.617188 0.740885 0.614258 0.740885 0.613281 0.739583 0.611328 0.739583 0.606445 0.735677 0.602539 0.735677 0.600586 0.738281
0 0.636719 0.759115 0.635742 0.759115 0.634766 0.757812 0.631836 0.761719 0.631836 0.763021 0.630859 0.764323 0.630859 0.766927 0.629883 0.768229 0.629883 0.770833 0.625977 0.776042 0.623047 0.776042 0.622070 0.777344 0.621094 0.777344 0.620117 0.778646 0.619141 0.778646 0.618164 0.779948 0.617188 0.779948 0.615234 0.782552 0.617188 0.785156 0.618164 0.785156 0.619141 0.786458 0.621094 0.786458 0.622070 0.787760 0.624023 0.787760 0.625000 0.789062 0.630859 0.789062 0.631836 0.787760 0.641602 0.787760 0.642578 0.786458 0.642578 0.785156 0.644531 0.782552 0.643555 0.781250 0.643555 0.779948 0.642578 0.778646 0.642578 0.776042 0.641602 0.774740 0.641602 0.773438 0.639648 0.770833 0.639648 0.769531 0.638672 0.769531 0.637695 0.768229 0.637695 0.761719 0.636719 0.760417
0 0.657227 0.743490 0.653320 0.743490 0.652344 0.744792 0.649414 0.744792 0.646484 0.748698 0.641602 0.748698 0.640625 0.750000 0.639648 0.750000 0.636719 0.753906 0.636719 0.755208 0.635742 0.756510 0.635742 0.761719 0.636719 0.763021 0.636719 0.765625 0.637695 0.766927 0.637695 0.768229 0.639648 0.770833 0.639648 0.772135 0.642578 0.776042 0.642578 0.777344 0.643555 0.778646 0.643555 0.781250 0.645508 0.783854 0.661133 0.783854 0.662109 0.782552 0.665039 0.781250 0.668945 0.776042 0.668945 0.774740 0.669922 0.773438 0.669922 0.770833 0.670898 0.769531 0.670898 0.766927 0.668945 0.763021 0.668945 0.756510 0.667969 0.755208 0.667969 0.753906 0.666016 0.751302 0.665039 0.751302 0.662109 0.747396 0.661133 0.747396 0.659180 0.744792 0.658203 0.744792
0 0.594727 0.708333 0.593750 0.708333 0.592773 0.707031 0.589844 0.707031 0.587891 0.704427 0.586914 0.704427 0.585938 0.703125 0.583008 0.703125 0.582031 0.704427 0.580078 0.704427 0.579102 0.705729 0.573242 0.705729 0.572266 0.704427 0.562500 0.704427 0.561523 0.705729 0.561523 0.708333 0.560547 0.709635 0.560547 0.713542 0.559570 0.714844 0.559570 0.716146 0.560547 0.717448 0.560547 0.721354 0.561523 0.722656 0.561523 0.725260 0.562500 0.726562 0.562500 0.727865 0.564453 0.730469 0.564453 0.731771 0.568359 0.736979 0.569336 0.736979 0.570312 0.738281 0.572266 0.738281 0.573242 0.739583 0.577148 0.739583 0.578125 0.738281 0.586914 0.738281 0.587891 0.736979 0.590820 0.735677 0.594727 0.730469 0.594727 0.718750 0.595703 0.717448 0.595703 0.710938 0.594727 0.709635
0 0.607422 0.692708 0.602539 0.696615 0.602539 0.697917 0.601562 0.699219 0.601562 0.705729 0.600586 0.707031 0.600586 0.720052 0.601562 0.721354 0.601562 0.722656 0.603516 0.725260 0.603516 0.726562 0.606445 0.730469 0.606445 0.731771 0.611328 0.736979 0.612305 0.736979 0.613281 0.738281 0.616211 0.738281 0.617188 0.739583 0.622070 0.739583 0.625000 0.736979 0.627930 0.736979 0.628906 0.735677 0.630859 0.735677 0.631836 0.734375 0.632812 0.734375 0.636719 0.729167 0.636719 0.727865 0.638672 0.723958 0.638672 0.708333 0.637695 0.707031 0.637695 0.700521 0.634766 0.697917 0.631836 0.697917 0.630859 0.696615 0.629883 0.696615 0.627930 0.694010 0.626953 0.694010 0.625977 0.692708 0.624023 0.692708 0.623047 0.691406 0.618164 0.691406 0.617188 0.692708
0 0.640625 0.696615 0.638672 0.699219 0.638672 0.708333 0.639648 0.709635 0.639648 0.722656 0.638672 0.723958 0.638672 0.727865 0.639648 0.729167 0.642578 0.729167 0.643555 0.730469 0.645508 0.730469 0.646484 0.731771 0.659180 0.731771 0.660156 0.730469 0.661133 0.730469 0.666016 0.723958 0.666016 0.721354 0.666992 0.720052 0.666992 0.717448 0.667969 0.716146 0.667969 0.712240 0.668945 0.710938 0.667969 0.709635 0.667969 0.704427 0.666992 0.703125 0.666992 0.701823 0.665039 0.699219 0.662109 0.699219 0.661133 0.697917 0.655273 0.697917 0.654297 0.696615 0.653320 0.697917 0.648438 0.697917 0.647461 0.696615
0 0.526367 0.644531 0.524414 0.648438 0.524414 0.669271 0.525391 0.670573 0.525391 0.673177 0.526367 0.673177 0.531250 0.677083 0.533203 0.677083 0.536133 0.679688 0.539062 0.679688 0.540039 0.680990 0.546875 0.680990 0.547852 0.682292 0.549805 0.679688 0.549805 0.677083 0.550781 0.675781 0.550781 0.670573 0.551758 0.669271 0.551758 0.667969 0.552734 0.666667 0.552734 0.664062 0.555664 0.657552 0.555664 0.651042 0.556641 0.649740 0.556641 0.645833 0.555664 0.644531 0.555664 0.643229 0.551758 0.643229 0.549805 0.640625 0.544922 0.640625 0.543945 0.641927 0.541016 0.641927 0.540039 0.643229 0.528320 0.643229 0.527344 0.644531
0 0.553711 0.669271 0.552734 0.670573 0.552734 0.673177 0.551758 0.674479 0.551758 0.678385 0.549805 0.682292 0.549805 0.690104 0.555664 0.697917 0.556641 0.697917 0.558594 0.700521 0.560547 0.700521 0.561523 0.701823 0.564453 0.701823 0.565430 0.703125 0.572266 0.703125 0.573242 0.701823 0.575195 0.701823 0.579102 0.696615 0.580078 0.696615 0.583008 0.692708 0.583008 0.688802 0.583984 0.687500 0.583984 0.670573 0.583008 0.669271 0.580078 0.670573 0.577148 0.667969 0.574219 0.667969 0.573242 0.666667 0.566406 0.666667 0.565430 0.665365 0.563477 0.665365 0.561523 0.667969 0.555664 0.667969 0.554688 0.669271
0 0.594727 0.632812 0.594727 0.635417 0.593750 0.636719 0.593750 0.640625 0.592773 0.641927 0.592773 0.647135 0.591797 0.648438 0.591797 0.652344 0.593750 0.656250 0.593750 0.658854 0.594727 0.660156 0.594727 0.662760 0.595703 0.664062 0.595703 0.665365 0.600586 0.671875 0.601562 0.671875 0.606445 0.675781 0.608398 0.675781 0.609375 0.677083 0.610352 0.677083 0.611328 0.678385 0.613281 0.678385 0.614258 0.679688 0.618164 0.679688 0.620117 0.677083 0.620117 0.675781 0.624023 0.670573 0.624023 0.669271 0.625977 0.665365 0.625977 0.661458 0.626953 0.660156 0.626953 0.648438 0.625977 0.647135 0.625977 0.645833 0.624023 0.643229 0.621094 0.643229 0.620117 0.641927 0.618164 0.641927 0.617188 0.640625 0.616211 0.640625 0.614258 0.638021 0.612305 0.638021 0.611328 0.636719 0.601562 0.636719 0.600586 0.635417 0.598633 0.635417 0.597656 0.634115
0 0.638672 0.651042 0.637695 0.652344 0.634766 0.653646 0.628906 0.662760 0.628906 0.664062 0.627930 0.665365 0.627930 0.675781 0.628906 0.677083 0.628906 0.678385 0.630859 0.680990 0.631836 0.680990 0.634766 0.684896 0.634766 0.686198 0.635742 0.686198 0.638672 0.690104 0.639648 0.690104 0.644531 0.695312 0.647461 0.695312 0.648438 0.696615 0.651367 0.696615 0.652344 0.695312 0.653320 0.695312 0.658203 0.688802 0.658203 0.687500 0.661133 0.683594 0.661133 0.680990 0.662109 0.679688 0.662109 0.677083 0.665039 0.670573 0.665039 0.662760 0.662109 0.662760 0.659180 0.658854 0.653320 0.658854 0.644531 0.651042
0 0.516602 0.609375 0.516602 0.613281 0.515625 0.614583 0.515625 0.634115 0.516602 0.635417 0.516602 0.636719 0.519531 0.636719 0.520508 0.638021 0.522461 0.638021 0.525391 0.640625 0.540039 0.640625 0.541016 0.639323 0.542969 0.639323 0.543945 0.638021 0.544922 0.638021 0.548828 0.632812 0.549805 0.632812 0.552734 0.630208 0.552734 0.628906 0.553711 0.627604 0.553711 0.622396 0.555664 0.619792 0.555664 0.617188 0.556641 0.615885 0.556641 0.610677 0.557617 0.609375 0.557617 0.605469 0.556641 0.604167 0.553711 0.606771 0.553711 0.611979 0.552734 0.613281 0.551758 0.613281 0.550781 0.611979 0.550781 0.610677 0.549805 0.609375 0.549805 0.606771 0.547852 0.606771 0.546875 0.605469 0.543945 0.605469 0.542969 0.604167 0.539062 0.604167 0.538086 0.602865 0.536133 0.602865 0.535156 0.604167 0.532227 0.604167 0.528320 0.608073 0.526367 0.608073 0.525391 0.609375 0.524414 0.609375 0.522461 0.606771 0.521484 0.602865 0.520508 0.602865 0.520508 0.604167
0 0.500000 0.520833 0.499023 0.522135 0.498047 0.522135 0.497070 0.526042 0.494141 0.529948 0.494141 0.531250 0.493164 0.532552 0.493164 0.540365 0.492188 0.541667 0.492188 0.546875 0.491211 0.548177 0.491211 0.552083 0.490234 0.553385 0.490234 0.559896 0.491211 0.561198 0.491211 0.565104 0.495117 0.570312 0.496094 0.570312 0.497070 0.571615 0.499023 0.571615 0.500000 0.572917 0.502930 0.572917 0.503906 0.574219 0.506836 0.574219 0.509766 0.576823 0.516602 0.576823 0.517578 0.575521 0.518555 0.575521 0.521484 0.571615 0.522461 0.571615 0.525391 0.566406 0.525391 0.565104 0.528320 0.558594 0.528320 0.554688 0.529297 0.553385 0.529297 0.548177 0.528320 0.546875 0.524414 0.535156 0.522461 0.532552 0.517578 0.529948 0.513672 0.524740 0.512695 0.524740 0.510742 0.522135 0.508789 0.522135 0.507812 0.520833
0 0.580078 0.542969 0.578125 0.542969 0.577148 0.544271 0.576172 0.544271 0.574219 0.541667 0.573242 0.541667 0.572266 0.540365 0.570312 0.540365 0.569336 0.539062 0.568359 0.539062 0.567383 0.540365 0.564453 0.541667 0.562500 0.545573 0.561523 0.545573 0.559570 0.548177 0.556641 0.549479 0.550781 0.557292 0.550781 0.558594 0.549805 0.559896 0.549805 0.562500 0.548828 0.563802 0.548828 0.566406 0.547852 0.567708 0.547852 0.570312 0.548828 0.571615 0.548828 0.572917 0.553711 0.579427 0.554688 0.579427 0.556641 0.582031 0.557617 0.582031 0.560547 0.584635 0.571289 0.584635 0.572266 0.583333 0.575195 0.582031 0.579102 0.576823 0.579102 0.575521 0.581055 0.572917 0.581055 0.571615 0.582031 0.570312 0.582031 0.563802 0.583984 0.561198 0.584961 0.557292 0.586914 0.554688 0.586914 0.550781 0.583984 0.549479 0.580078 0.544271
0 0.602539 0.584635 0.601562 0.588542 0.599609 0.591146 0.596680 0.587240 0.595703 0.587240 0.593750 0.584635 0.593750 0.583333 0.591797 0.580729 0.591797 0.579427 0.587891 0.574219 0.585938 0.574219 0.584961 0.575521 0.583008 0.575521 0.576172 0.583333 0.575195 0.583333 0.572266 0.585938 0.570312 0.585938 0.569336 0.587240 0.568359 0.587240 0.566406 0.589844 0.566406 0.591146 0.567383 0.592448 0.567383 0.595052 0.568359 0.596354 0.568359 0.598958 0.570312 0.601562 0.570312 0.604167 0.571289 0.605469 0.571289 0.610677 0.574219 0.613281 0.579102 0.613281 0.580078 0.614583 0.587891 0.614583 0.588867 0.613281 0.591797 0.613281 0.592773 0.611979 0.593750 0.611979 0.595703 0.609375 0.599609 0.609375 0.601562 0.606771 0.601562 0.596354 0.602539 0.595052
0 0.634766 0.554688 0.633789 0.554688 0.632812 0.555990 0.630859 0.555990 0.629883 0.557292 0.626953 0.558594 0.624023 0.562500 0.623047 0.562500 0.622070 0.563802 0.620117 0.563802 0.618164 0.567708 0.618164 0.571615 0.617188 0.572917 0.617188 0.576823 0.616211 0.578125 0.616211 0.582031 0.617188 0.583333 0.617188 0.588542 0.618164 0.589844 0.618164 0.592448 0.620117 0.595052 0.620117 0.597656 0.622070 0.600260 0.622070 0.601562 0.625000 0.605469 0.627930 0.605469 0.628906 0.606771 0.634766 0.606771 0.635742 0.605469 0.637695 0.605469 0.640625 0.601562 0.640625 0.600260 0.641602 0.598958 0.642578 0.595052 0.644531 0.592448 0.645508 0.588542 0.647461 0.585938 0.647461 0.584635 0.649414 0.580729 0.649414 0.569010 0.648438 0.567708 0.648438 0.566406 0.646484 0.563802 0.646484 0.562500 0.645508 0.562500 0.644531 0.561198 0.642578 0.561198 0.639648 0.557292 0.637695 0.557292
0 0.654297 0.561198 0.652344 0.563802 0.652344 0.565104 0.650391 0.569010 0.650391 0.570312 0.651367 0.571615 0.651367 0.575521 0.650391 0.576823 0.650391 0.582031 0.654297 0.591146 0.654297 0.593750 0.655273 0.595052 0.655273 0.597656 0.656250 0.598958 0.656250 0.600260 0.657227 0.600260 0.658203 0.601562 0.668945 0.601562 0.669922 0.602865 0.673828 0.602865 0.674805 0.601562 0.678711 0.601562 0.685547 0.595052 0.685547 0.593750 0.687500 0.591146 0.687500 0.589844 0.688477 0.588542 0.688477 0.579427 0.686523 0.575521 0.686523 0.571615 0.685547 0.570312 0.685547 0.567708 0.684570 0.566406 0.683594 0.566406 0.682617 0.565104 0.680664 0.565104 0.678711 0.562500 0.673828 0.562500 0.672852 0.561198 0.670898 0.561198 0.669922 0.559896 0.666016 0.559896 0.665039 0.561198 0.662109 0.561198 0.661133 0.562500 0.655273 0.562500
0 0.666016 0.615885 0.666016 0.619792 0.665039 0.621094 0.665039 0.623698 0.666016 0.625000 0.666016 0.627604 0.666992 0.628906 0.666992 0.632812 0.667969 0.634115 0.668945 0.638021 0.671875 0.641927 0.671875 0.643229 0.675781 0.648438 0.676758 0.648438 0.677734 0.649740 0.694336 0.649740 0.695312 0.648438 0.697266 0.648438 0.699219 0.645833 0.701172 0.638021 0.698242 0.635417 0.696289 0.635417 0.695312 0.634115 0.694336 0.634115 0.692383 0.631510 0.692383 0.628906 0.689453 0.622396 0.689453 0.618490 0.688477 0.617188 0.688477 0.613281 0.687500 0.611979 0.681641 0.611979 0.680664 0.613281 0.670898 0.613281 0.669922 0.611979 0.668945 0.613281 0.667969 0.613281
0 0.690430 0.598958 0.690430 0.600260 0.689453 0.601562 0.689453 0.617188 0.690430 0.618490 0.690430 0.622396 0.692383 0.626302 0.692383 0.628906 0.694336 0.632812 0.695312 0.632812 0.696289 0.634115 0.699219 0.634115 0.700195 0.635417 0.703125 0.635417 0.704102 0.636719 0.716797 0.636719 0.717773 0.635417 0.718750 0.635417 0.723633 0.631510 0.723633 0.630208 0.724609 0.628906 0.724609 0.626302 0.723633 0.625000 0.723633 0.623698 0.722656 0.622396 0.722656 0.621094 0.721680 0.619792 0.720703 0.615885 0.716797 0.610677 0.716797 0.608073 0.715820 0.606771 0.715820 0.605469 0.712891 0.601562 0.711914 0.601562 0.709961 0.598958 0.704102 0.598958 0.703125 0.597656 0.695312 0.597656 0.694336 0.596354 0.693359 0.596354
0 0.758789 0.595052 0.754883 0.595052 0.748047 0.588542 0.744141 0.588542 0.743164 0.589844 0.742188 0.589844 0.739258 0.592448 0.737305 0.592448 0.736328 0.593750 0.734375 0.593750 0.732422 0.591146 0.728516 0.591146 0.724609 0.596354 0.724609 0.600260 0.723633 0.601562 0.716797 0.600260 0.713867 0.605469 0.713867 0.606771 0.714844 0.608073 0.714844 0.609375 0.715820 0.609375 0.720703 0.615885 0.720703 0.617188 0.724609 0.626302 0.724609 0.630208 0.725586 0.631510 0.726562 0.631510 0.727539 0.632812 0.731445 0.632812 0.732422 0.634115 0.738281 0.634115 0.739258 0.632812 0.743164 0.632812 0.744141 0.631510 0.749023 0.628906 0.751953 0.625000 0.751953 0.623698 0.755859 0.617188 0.755859 0.615885 0.757812 0.611979 0.757812 0.609375 0.758789 0.608073 0.758789 0.602865 0.756836 0.600260 0.756836 0.598958 0.758789 0.596354
0 0.501953 0.481771 0.500977 0.483073 0.500977 0.484375 0.499023 0.486979 0.499023 0.488281 0.498047 0.489583 0.498047 0.492188 0.497070 0.493490 0.497070 0.496094 0.496094 0.497396 0.496094 0.503906 0.497070 0.505208 0.497070 0.507812 0.507812 0.519531 0.509766 0.519531 0.510742 0.520833 0.512695 0.520833 0.513672 0.522135 0.516602 0.522135 0.517578 0.523438 0.518555 0.523438 0.519531 0.522135 0.524414 0.522135 0.527344 0.518229 0.527344 0.516927 0.528320 0.515625 0.528320 0.513021 0.529297 0.511719 0.529297 0.505208 0.533203 0.498698 0.533203 0.488281 0.531250 0.485677 0.530273 0.485677 0.529297 0.484375 0.527344 0.484375 0.526367 0.483073 0.525391 0.483073 0.522461 0.480469 0.520508 0.480469 0.519531 0.479167 0.505859 0.479167 0.504883 0.480469
0 0.543945 0.498698 0.541016 0.502604 0.540039 0.502604 0.535156 0.509115 0.535156 0.510417 0.528320 0.518229 0.528320 0.519531 0.527344 0.520833 0.527344 0.527344 0.528320 0.528646 0.528320 0.529948 0.533203 0.536458 0.533203 0.537760 0.538086 0.544271 0.539062 0.544271 0.540039 0.545573 0.541016 0.545573 0.541992 0.546875 0.542969 0.546875 0.549805 0.552083 0.552734 0.552083 0.554688 0.549479 0.555664 0.549479 0.556641 0.548177 0.557617 0.548177 0.559570 0.545573 0.560547 0.545573 0.564453 0.540365 0.564453 0.539062 0.566406 0.535156 0.566406 0.518229 0.563477 0.514323 0.563477 0.513021 0.557617 0.505208 0.556641 0.505208 0.553711 0.501302 0.551758 0.501302 0.550781 0.500000 0.547852 0.500000 0.546875 0.498698
0 0.517578 0.438802 0.516602 0.438802 0.515625 0.437500 0.512695 0.437500 0.511719 0.436198 0.505859 0.436198 0.504883 0.434896 0.497070 0.434896 0.496094 0.436198 0.489258 0.436198 0.484375 0.440104 0.484375 0.441406 0.485352 0.442708 0.485352 0.445312 0.484375 0.446615 0.483398 0.450521 0.481445 0.453125 0.481445 0.457031 0.482422 0.458333 0.482422 0.460938 0.484375 0.463542 0.485352 0.467448 0.489258 0.472656 0.489258 0.473958 0.496094 0.483073 0.497070 0.483073 0.499023 0.480469 0.500000 0.480469 0.502930 0.476562 0.504883 0.476562 0.505859 0.475260 0.507812 0.475260 0.510742 0.472656 0.512695 0.472656 0.513672 0.471354 0.514648 0.471354 0.518555 0.464844 0.518555 0.462240 0.519531 0.460938 0.520508 0.460938 0.520508 0.459635 0.522461 0.455729 0.522461 0.447917 0.521484 0.446615 0.521484 0.445312 0.517578 0.440104
0 0.550781 0.446615 0.549805 0.447917 0.546875 0.447917 0.545898 0.449219 0.544922 0.449219 0.543945 0.450521 0.543945 0.451823 0.540039 0.455729 0.540039 0.457031 0.537109 0.463542 0.537109 0.468750 0.536133 0.470052 0.536133 0.472656 0.537109 0.473958 0.537109 0.477865 0.538086 0.479167 0.538086 0.481771 0.539062 0.483073 0.540039 0.486979 0.541016 0.488281 0.541992 0.488281 0.546875 0.496094 0.547852 0.496094 0.550781 0.498698 0.553711 0.498698 0.554688 0.500000 0.556641 0.500000 0.557617 0.498698 0.559570 0.498698 0.560547 0.497396 0.565430 0.494792 0.576172 0.480469 0.576172 0.475260 0.575195 0.473958 0.575195 0.471354 0.574219 0.470052 0.574219 0.467448 0.573242 0.466146 0.573242 0.462240 0.572266 0.462240 0.568359 0.457031 0.567383 0.453125 0.566406 0.453125 0.564453 0.449219 0.559570 0.449219 0.558594 0.447917 0.556641 0.447917 0.555664 0.446615
0 0.583008 0.447917 0.582031 0.449219 0.582031 0.450521 0.580078 0.453125 0.580078 0.455729 0.579102 0.457031 0.578125 0.460938 0.575195 0.464844 0.575195 0.466146 0.576172 0.467448 0.576172 0.471354 0.578125 0.473958 0.578125 0.479167 0.579102 0.480469 0.581055 0.486979 0.587891 0.496094 0.598633 0.496094 0.599609 0.494792 0.601562 0.494792 0.602539 0.493490 0.603516 0.493490 0.608398 0.486979 0.608398 0.485677 0.610352 0.483073 0.610352 0.481771 0.612305 0.477865 0.612305 0.473958 0.614258 0.471354 0.614258 0.468750 0.613281 0.468750 0.610352 0.466146 0.608398 0.459635 0.603516 0.453125 0.602539 0.453125 0.597656 0.449219 0.593750 0.449219 0.592773 0.450521 0.586914 0.450521 0.584961 0.447917
0 0.570312 0.492188 0.571289 0.493490 0.571289 0.497396 0.572266 0.498698 0.572266 0.502604 0.573242 0.503906 0.573242 0.506510 0.574219 0.507812 0.575195 0.511719 0.577148 0.514323 0.577148 0.515625 0.578125 0.516927 0.580078 0.516927 0.581055 0.518229 0.583008 0.518229 0.583984 0.519531 0.586914 0.519531 0.587891 0.520833 0.594727 0.520833 0.595703 0.519531 0.598633 0.518229 0.604492 0.510417 0.604492 0.509115 0.605469 0.507812 0.605469 0.498698 0.604492 0.497396 0.604492 0.494792 0.603516 0.493490 0.602539 0.494792 0.601562 0.494792 0.600586 0.496094 0.598633 0.496094 0.597656 0.497396 0.586914 0.497396 0.583984 0.493490 0.583984 0.492188 0.579102 0.485677 0.579102 0.484375 0.577148 0.484375 0.576172 0.483073
0 0.605469 0.511719 0.605469 0.513021 0.603516 0.516927 0.603516 0.520833 0.604492 0.522135 0.604492 0.526042 0.605469 0.527344 0.605469 0.529948 0.613281 0.540365 0.614258 0.540365 0.615234 0.541667 0.616211 0.541667 0.619141 0.544271 0.625000 0.544271 0.627930 0.541667 0.630859 0.541667 0.631836 0.540365 0.633789 0.540365 0.634766 0.539062 0.635742 0.539062 0.635742 0.529948 0.634766 0.528646 0.632812 0.528646 0.631836 0.527344 0.629883 0.527344 0.628906 0.526042 0.626953 0.526042 0.625977 0.524740 0.624023 0.524740 0.623047 0.523438 0.621094 0.523438 0.620117 0.522135 0.619141 0.522135 0.615234 0.516927 0.614258 0.516927 0.610352 0.511719 0.609375 0.511719 0.608398 0.510417 0.606445 0.510417
0 0.622070 0.477865 0.621094 0.479167 0.618164 0.480469 0.618164 0.481771 0.615234 0.485677 0.615234 0.486979 0.611328 0.496094 0.611328 0.498698 0.610352 0.500000 0.610352 0.509115 0.616211 0.516927 0.617188 0.516927 0.620117 0.520833 0.621094 0.520833 0.624023 0.523438 0.625977 0.523438 0.626953 0.524740 0.631836 0.526042 0.632812 0.527344 0.635742 0.527344 0.637695 0.524740 0.638672 0.524740 0.642578 0.520833 0.643555 0.520833 0.646484 0.516927 0.646484 0.515625 0.649414 0.510417 0.649414 0.506510 0.650391 0.505208 0.651367 0.498698 0.653320 0.496094 0.653320 0.492188 0.650391 0.488281 0.650391 0.486979 0.649414 0.485677 0.646484 0.488281 0.640625 0.488281 0.636719 0.484375 0.634766 0.484375 0.630859 0.479167 0.624023 0.479167 0.623047 0.477865
0 0.654297 0.501302 0.651367 0.503906 0.651367 0.505208 0.650391 0.506510 0.650391 0.510417 0.649414 0.511719 0.649414 0.513021 0.647461 0.515625 0.647461 0.516927 0.640625 0.526042 0.640625 0.528646 0.641602 0.528646 0.643555 0.531250 0.643555 0.532552 0.644531 0.533854 0.645508 0.537760 0.648438 0.541667 0.662109 0.541667 0.663086 0.540365 0.664062 0.540365 0.665039 0.539062 0.667969 0.537760 0.669922 0.535156 0.670898 0.535156 0.673828 0.531250 0.673828 0.528646 0.674805 0.527344 0.674805 0.524740 0.675781 0.523438 0.675781 0.520833 0.674805 0.519531 0.674805 0.516927 0.673828 0.515625 0.673828 0.511719 0.668945 0.505208 0.667969 0.505208 0.665039 0.502604 0.655273 0.502604
0 0.688477 0.520833 0.688477 0.522135 0.685547 0.526042 0.684570 0.526042 0.683594 0.527344 0.683594 0.528646 0.680664 0.533854 0.680664 0.540365 0.683594 0.545573 0.683594 0.549479 0.684570 0.550781 0.685547 0.554688 0.688477 0.558594 0.688477 0.559896 0.697266 0.571615 0.703125 0.571615 0.704102 0.570312 0.710938 0.570312 0.711914 0.569010 0.712891 0.569010 0.714844 0.566406 0.714844 0.565104 0.716797 0.561198 0.716797 0.558594 0.717773 0.557292 0.717773 0.552083 0.718750 0.550781 0.718750 0.545573 0.719727 0.544271 0.719727 0.527344 0.716797 0.524740 0.713867 0.524740 0.712891 0.526042 0.696289 0.526042 0.692383 0.522135 0.690430 0.522135 0.689453 0.520833
0 0.743164 0.489583 0.742188 0.490885 0.740234 0.490885 0.738281 0.493490 0.735352 0.494792 0.732422 0.498698 0.732422 0.500000 0.730469 0.503906 0.730469 0.507812 0.728516 0.511719 0.728516 0.518229 0.729492 0.519531 0.729492 0.522135 0.731445 0.524740 0.731445 0.526042 0.733398 0.528646 0.733398 0.529948 0.736328 0.533854 0.736328 0.535156 0.737305 0.535156 0.742188 0.541667 0.744141 0.541667 0.745117 0.542969 0.748047 0.542969 0.749023 0.544271 0.754883 0.544271 0.755859 0.542969 0.758789 0.541667 0.760742 0.539062 0.761719 0.539062 0.763672 0.535156 0.763672 0.529948 0.764648 0.528646 0.764648 0.524740 0.765625 0.523438 0.765625 0.522135 0.766602 0.520833 0.766602 0.518229 0.767578 0.516927 0.767578 0.509115 0.766602 0.507812 0.766602 0.501302 0.763672 0.497396 0.762695 0.497396 0.758789 0.492188 0.757812 0.492188 0.755859 0.489583 0.752930 0.489583 0.751953 0.488281 0.748047 0.488281 0.747070 0.489583
0 0.723633 0.480469 0.719727 0.480469 0.716797 0.483073 0.711914 0.483073 0.708984 0.486979 0.708008 0.486979 0.705078 0.489583 0.696289 0.489583 0.695312 0.488281 0.689453 0.488281 0.688477 0.489583 0.687500 0.489583 0.686523 0.490885 0.686523 0.493490 0.685547 0.494792 0.685547 0.498698 0.684570 0.500000 0.684570 0.507812 0.685547 0.509115 0.685547 0.510417 0.686523 0.511719 0.686523 0.514323 0.688477 0.516927 0.688477 0.518229 0.690430 0.520833 0.691406 0.520833 0.696289 0.524740 0.709961 0.524740 0.710938 0.523438 0.715820 0.523438 0.716797 0.522135 0.721680 0.522135 0.723633 0.518229 0.723633 0.514323 0.724609 0.513021 0.724609 0.484375 0.723633 0.483073
0 0.665039 0.441406 0.661133 0.445312 0.660156 0.445312 0.660156 0.446615 0.659180 0.447917 0.658203 0.447917 0.654297 0.453125 0.653320 0.453125 0.650391 0.457031 0.649414 0.457031 0.648438 0.458333 0.648438 0.471354 0.649414 0.472656 0.649414 0.475260 0.650391 0.476562 0.652344 0.483073 0.655273 0.486979 0.655273 0.488281 0.656250 0.489583 0.657227 0.489583 0.659180 0.492188 0.660156 0.492188 0.663086 0.494792 0.670898 0.494792 0.676758 0.489583 0.678711 0.489583 0.679688 0.488281 0.681641 0.488281 0.682617 0.486979 0.683594 0.486979 0.683594 0.485677 0.690430 0.477865 0.690430 0.475260 0.681641 0.464844 0.681641 0.463542 0.679688 0.459635 0.679688 0.450521 0.677734 0.447917 0.676758 0.447917 0.672852 0.442708 0.671875 0.442708 0.670898 0.441406
0 0.697266 0.424479 0.697266 0.425781 0.695312 0.428385 0.692383 0.428385 0.691406 0.432292 0.689453 0.433594 0.685547 0.440104 0.680664 0.453125 0.680664 0.460938 0.684570 0.467448 0.687500 0.468750 0.689453 0.471354 0.689453 0.472656 0.691406 0.475260 0.691406 0.477865 0.693359 0.480469 0.693359 0.483073 0.694336 0.485677 0.696289 0.486979 0.698242 0.486979 0.699219 0.488281 0.702148 0.488281 0.703125 0.486979 0.706055 0.486979 0.708008 0.485677 0.708984 0.483073 0.713867 0.477865 0.713867 0.476562 0.720703 0.466146 0.721680 0.463542 0.721680 0.460938 0.723633 0.457031 0.723633 0.453125 0.724609 0.451823 0.724609 0.444010 0.725586 0.442708 0.725586 0.440104 0.720703 0.433594 0.720703 0.432292 0.718750 0.430990 0.697266 0.430990 0.696289 0.429688 0.696289 0.427083
0 0.735352 0.437500 0.735352 0.438802 0.733398 0.441406 0.729492 0.441406 0.728516 0.442708 0.728516 0.444010 0.727539 0.445312 0.727539 0.447917 0.726562 0.449219 0.726562 0.453125 0.725586 0.454427 0.725586 0.457031 0.724609 0.458333 0.724609 0.460938 0.723633 0.462240 0.723633 0.464844 0.722656 0.466146 0.724609 0.470052 0.724609 0.472656 0.725586 0.473958 0.725586 0.476562 0.726562 0.477865 0.726562 0.480469 0.727539 0.481771 0.727539 0.484375 0.728516 0.485677 0.733398 0.485677 0.734375 0.486979 0.741211 0.486979 0.742188 0.485677 0.745117 0.485677 0.746094 0.484375 0.749023 0.483073 0.750977 0.480469 0.750977 0.479167 0.755859 0.473958 0.755859 0.472656 0.757812 0.470052 0.757812 0.468750 0.759766 0.464844 0.759766 0.458333 0.758789 0.457031 0.758789 0.453125 0.755859 0.449219 0.754883 0.449219 0.750977 0.444010 0.750977 0.442708 0.750000 0.441406 0.747070 0.441406 0.746094 0.440104 0.743164 0.438802 0.743164 0.440104 0.741211 0.442708 0.739258 0.442708 0.737305 0.440104 0.737305 0.438802 0.736328 0.437500
0 0.557617 0.386719 0.556641 0.386719 0.555664 0.385417 0.552734 0.385417 0.551758 0.384115 0.549805 0.384115 0.548828 0.382812 0.545898 0.382812 0.544922 0.381510 0.540039 0.381510 0.539062 0.382812 0.537109 0.382812 0.536133 0.384115 0.534180 0.384115 0.533203 0.385417 0.525391 0.385417 0.524414 0.386719 0.523438 0.386719 0.523438 0.388021 0.521484 0.390625 0.521484 0.412760 0.522461 0.414062 0.524414 0.420573 0.526367 0.423177 0.526367 0.424479 0.531250 0.430990 0.532227 0.430990 0.533203 0.432292 0.535156 0.432292 0.536133 0.433594 0.542969 0.433594 0.543945 0.432292 0.545898 0.432292 0.546875 0.430990 0.547852 0.430990 0.551758 0.425781 0.553711 0.425781 0.556641 0.423177 0.556641 0.421875 0.559570 0.416667 0.559570 0.411458 0.560547 0.410156 0.560547 0.390625
0 0.583984 0.376302 0.583008 0.377604 0.581055 0.377604 0.580078 0.378906 0.579102 0.378906 0.576172 0.382812 0.575195 0.382812 0.570312 0.389323 0.570312 0.390625 0.568359 0.393229 0.568359 0.395833 0.567383 0.397135 0.567383 0.401042 0.566406 0.402344 0.566406 0.410156 0.567383 0.411458 0.567383 0.412760 0.571289 0.417969 0.572266 0.417969 0.574219 0.420573 0.575195 0.420573 0.580078 0.424479 0.582031 0.424479 0.583008 0.425781 0.591797 0.425781 0.594727 0.421875 0.595703 0.421875 0.600586 0.416667 0.600586 0.415365 0.601562 0.414062 0.601562 0.412760 0.603516 0.410156 0.603516 0.408854 0.604492 0.407552 0.604492 0.404948 0.605469 0.403646 0.605469 0.395833 0.604492 0.394531 0.603516 0.390625 0.598633 0.384115 0.597656 0.384115 0.596680 0.382812 0.593750 0.382812 0.592773 0.381510 0.589844 0.380208 0.587891 0.377604 0.584961 0.377604
0 0.637695 0.399740 0.636719 0.401042 0.634766 0.401042 0.633789 0.402344 0.630859 0.403646 0.627930 0.407552 0.626953 0.407552 0.625977 0.408854 0.625977 0.410156 0.624023 0.414062 0.624023 0.416667 0.623047 0.417969 0.623047 0.427083 0.622070 0.428385 0.622070 0.437500 0.623047 0.438802 0.624023 0.442708 0.625000 0.444010 0.627930 0.445312 0.632812 0.451823 0.634766 0.451823 0.635742 0.453125 0.638672 0.453125 0.639648 0.454427 0.646484 0.454427 0.647461 0.453125 0.649414 0.453125 0.650391 0.451823 0.653320 0.450521 0.656250 0.446615 0.656250 0.444010 0.657227 0.442708 0.657227 0.438802 0.658203 0.437500 0.658203 0.433594 0.659180 0.432292 0.659180 0.425781 0.656250 0.419271 0.656250 0.415365 0.655273 0.414062 0.654297 0.410156 0.649414 0.402344 0.646484 0.402344 0.645508 0.401042 0.643555 0.401042 0.642578 0.399740
0 0.660156 0.386719 0.660156 0.388021 0.657227 0.393229 0.657227 0.415365 0.658203 0.416667 0.658203 0.419271 0.659180 0.420573 0.660156 0.424479 0.662109 0.427083 0.663086 0.427083 0.665039 0.429688 0.666016 0.429688 0.668945 0.432292 0.676758 0.432292 0.677734 0.430990 0.678711 0.430990 0.679688 0.429688 0.681641 0.429688 0.684570 0.427083 0.689453 0.427083 0.694336 0.423177 0.694336 0.421875 0.696289 0.419271 0.696289 0.404948 0.697266 0.403646 0.697266 0.394531 0.696289 0.393229 0.696289 0.389323 0.697266 0.388021 0.696289 0.386719 0.696289 0.385417 0.694336 0.385417 0.692383 0.382812 0.691406 0.382812 0.688477 0.380208 0.674805 0.380208 0.672852 0.377604 0.671875 0.377604 0.670898 0.376302 0.668945 0.376302 0.662109 0.385417 0.661133 0.385417
0 0.533203 0.292969 0.529297 0.292969 0.523438 0.296875 0.516602 0.305990 0.513672 0.313802 0.512695 0.320312 0.510742 0.322917 0.510742 0.325521 0.509766 0.326823 0.509766 0.341146 0.513672 0.346354 0.518555 0.348958 0.521484 0.352865 0.523438 0.354167 0.525391 0.354167 0.526367 0.355469 0.532227 0.355469 0.533203 0.354167 0.535156 0.354167 0.539062 0.351562 0.545898 0.342448 0.545898 0.341146 0.549805 0.334635 0.550781 0.332031 0.550781 0.329427 0.553711 0.324219 0.553711 0.319010 0.551758 0.316406 0.551758 0.312500 0.552734 0.311198 0.552734 0.308594 0.550781 0.307292 0.547852 0.303385 0.546875 0.303385 0.544922 0.299479 0.541016 0.299479 0.539062 0.296875
0 0.568359 0.315104 0.566406 0.317708 0.563477 0.319010 0.562500 0.320312 0.562500 0.321615 0.561523 0.322917 0.560547 0.322917 0.555664 0.329427 0.554688 0.333333 0.551758 0.337240 0.551758 0.339844 0.550781 0.341146 0.550781 0.351562 0.551758 0.352865 0.551758 0.358073 0.552734 0.359375 0.552734 0.361979 0.560547 0.373698 0.561523 0.373698 0.562500 0.375000 0.566406 0.375000 0.567383 0.376302 0.575195 0.376302 0.576172 0.375000 0.578125 0.375000 0.581055 0.369792 0.581055 0.367188 0.582031 0.365885 0.582031 0.360677 0.581055 0.359375 0.581055 0.350260 0.582031 0.348958 0.582031 0.347656 0.584961 0.341146 0.584961 0.338542 0.586914 0.334635 0.586914 0.329427 0.583984 0.324219 0.583984 0.322917 0.582031 0.320312 0.581055 0.320312 0.580078 0.319010 0.578125 0.319010 0.577148 0.317708 0.576172 0.317708 0.575195 0.316406 0.573242 0.316406 0.572266 0.315104
0 0.608398 0.325521 0.605469 0.325521 0.603516 0.324219 0.602539 0.325521 0.606445 0.329427 0.603516 0.332031 0.598633 0.332031 0.595703 0.328125 0.591797 0.328125 0.590820 0.330729 0.586914 0.335938 0.584961 0.341146 0.584961 0.343750 0.582031 0.350260 0.582031 0.356771 0.583008 0.358073 0.583008 0.361979 0.583984 0.363281 0.583984 0.365885 0.584961 0.368490 0.586914 0.371094 0.586914 0.373698 0.593750 0.380208 0.601562 0.380208 0.602539 0.378906 0.607422 0.378906 0.608398 0.377604 0.614258 0.377604 0.616211 0.376302 0.618164 0.371094 0.618164 0.368490 0.620117 0.364583 0.620117 0.360677 0.621094 0.359375 0.621094 0.351562 0.612305 0.338542 0.611328 0.335938 0.611328 0.333333 0.607422 0.329427
0 0.637695 0.302083 0.634766 0.302083 0.630859 0.304688 0.626953 0.309896 0.623047 0.312500 0.619141 0.312500 0.616211 0.308594 0.615234 0.308594 0.612305 0.315104 0.612305 0.322917 0.611328 0.324219 0.612305 0.326823 0.612305 0.334635 0.613281 0.337240 0.621094 0.347656 0.623047 0.354167 0.628906 0.356771 0.633789 0.361979 0.635742 0.360677 0.638672 0.360677 0.639648 0.359375 0.641602 0.359375 0.642578 0.358073 0.644531 0.358073 0.646484 0.356771 0.654297 0.347656 0.654297 0.345052 0.656250 0.341146 0.656250 0.337240 0.657227 0.335938 0.657227 0.330729 0.658203 0.329427 0.658203 0.321615 0.659180 0.320312 0.657227 0.315104 0.655273 0.315104 0.654297 0.313802 0.652344 0.313802 0.650391 0.315104 0.648438 0.313802 0.643555 0.307292 0.642578 0.307292
0 0.666016 0.308594 0.666016 0.309896 0.665039 0.311198 0.665039 0.313802 0.662109 0.320312 0.662109 0.325521 0.661133 0.326823 0.661133 0.337240 0.664062 0.342448 0.666016 0.348958 0.668945 0.352865 0.669922 0.352865 0.670898 0.354167 0.680664 0.354167 0.681641 0.352865 0.685547 0.352865 0.686523 0.351562 0.692383 0.351562 0.693359 0.350260 0.697266 0.350260 0.700195 0.346354 0.700195 0.342448 0.703125 0.335938 0.703125 0.332031 0.704102 0.330729 0.704102 0.325521 0.703125 0.324219 0.703125 0.320312 0.700195 0.313802 0.700195 0.311198 0.695312 0.311198 0.693359 0.308594 0.688477 0.308594 0.684570 0.313802 0.680664 0.313802 0.679688 0.315104 0.674805 0.315104 0.673828 0.313802 0.670898 0.313802
0 0.705078 0.337240 0.705078 0.339844 0.703125 0.343750 0.703125 0.356771 0.704102 0.358073 0.706055 0.364583 0.714844 0.375000 0.714844 0.376302 0.716797 0.380208 0.718750 0.380208 0.719727 0.381510 0.720703 0.381510 0.721680 0.380208 0.726562 0.380208 0.727539 0.378906 0.729492 0.378906 0.730469 0.377604 0.737305 0.376302 0.738281 0.375000 0.741211 0.373698 0.742188 0.372396 0.742188 0.371094 0.746094 0.365885 0.746094 0.363281 0.747070 0.361979 0.747070 0.354167 0.748047 0.352865 0.748047 0.350260 0.747070 0.350260 0.743164 0.345052 0.743164 0.343750 0.742188 0.342448 0.742188 0.339844 0.740234 0.337240 0.737305 0.341146 0.734375 0.341146 0.733398 0.342448 0.714844 0.342448 0.713867 0.341146 0.711914 0.341146 0.708984 0.337240
0 0.763672 0.355469 0.755859 0.355469 0.754883 0.354167 0.751953 0.354167 0.750977 0.355469 0.750977 0.358073 0.752930 0.360677 0.750977 0.363281 0.748047 0.364583 0.746094 0.367188 0.746094 0.368490 0.744141 0.371094 0.743164 0.371094 0.743164 0.372396 0.740234 0.376302 0.739258 0.376302 0.738281 0.377604 0.736328 0.377604 0.735352 0.378906 0.731445 0.378906 0.730469 0.380208 0.728516 0.380208 0.727539 0.381510 0.727539 0.384115 0.726562 0.385417 0.726562 0.393229 0.727539 0.394531 0.727539 0.395833 0.730469 0.399740 0.730469 0.401042 0.734375 0.406250 0.735352 0.406250 0.737305 0.408854 0.738281 0.408854 0.743164 0.412760 0.747070 0.412760 0.748047 0.411458 0.751953 0.411458 0.752930 0.410156 0.753906 0.410156 0.759766 0.402344 0.759766 0.401042 0.762695 0.397135 0.762695 0.394531 0.763672 0.393229 0.763672 0.390625 0.765625 0.386719 0.765625 0.384115 0.766602 0.382812 0.766602 0.378906 0.767578 0.377604 0.767578 0.372396 0.766602 0.371094 0.766602 0.364583 0.764648 0.360677 0.764648 0.358073 0.763672 0.356771
0 0.715820 0.278646 0.718750 0.282552 0.715820 0.286458 0.712891 0.281250 0.711914 0.282552 0.711914 0.285156 0.713867 0.287760 0.708008 0.294271 0.704102 0.294271 0.701172 0.299479 0.701172 0.305990 0.703125 0.311198 0.703125 0.315104 0.707031 0.325521 0.707031 0.332031 0.711914 0.339844 0.713867 0.339844 0.714844 0.341146 0.732422 0.341146 0.733398 0.339844 0.736328 0.339844 0.738281 0.337240 0.740234 0.332031 0.740234 0.329427 0.747070 0.317708 0.748047 0.311198 0.750977 0.305990 0.750977 0.299479 0.747070 0.294271 0.746094 0.291667 0.746094 0.287760 0.744141 0.285156 0.744141 0.283854 0.740234 0.281250 0.738281 0.281250 0.737305 0.279948 0.724609 0.279948 0.721680 0.277344
0 0.537109 0.238281 0.536133 0.239583 0.535156 0.239583 0.532227 0.243490 0.531250 0.243490 0.528320 0.247396 0.528320 0.248698 0.527344 0.250000 0.527344 0.252604 0.526367 0.253906 0.526367 0.259115 0.525391 0.260417 0.525391 0.270833 0.526367 0.272135 0.526367 0.274740 0.527344 0.276042 0.527344 0.278646 0.528320 0.279948 0.529297 0.286458 0.530273 0.287760 0.530273 0.289062 0.531250 0.289062 0.534180 0.291667 0.536133 0.291667 0.537109 0.292969 0.541016 0.292969 0.541992 0.294271 0.546875 0.294271 0.547852 0.295573 0.552734 0.295573 0.553711 0.294271 0.556641 0.294271 0.559570 0.291667 0.559570 0.290365 0.561523 0.286458 0.561523 0.283854 0.562500 0.282552 0.562500 0.274740 0.561523 0.273438 0.560547 0.266927 0.558594 0.263021 0.558594 0.256510 0.557617 0.255208 0.557617 0.247396 0.550781 0.239583 0.547852 0.239583 0.546875 0.238281
0 0.583008 0.263021 0.580078 0.266927 0.580078 0.268229 0.578125 0.270833 0.578125 0.272135 0.577148 0.273438 0.577148 0.276042 0.574219 0.282552 0.574219 0.289062 0.573242 0.290365 0.573242 0.294271 0.574219 0.295573 0.574219 0.298177 0.575195 0.299479 0.575195 0.300781 0.577148 0.303385 0.577148 0.304688 0.579102 0.307292 0.580078 0.307292 0.581055 0.308594 0.585938 0.308594 0.586914 0.309896 0.599609 0.309896 0.600586 0.308594 0.603516 0.308594 0.605469 0.305990 0.605469 0.304688 0.607422 0.300781 0.607422 0.296875 0.608398 0.295573 0.608398 0.286458 0.607422 0.285156 0.607422 0.283854 0.603516 0.283854 0.602539 0.282552 0.601562 0.282552 0.600586 0.281250 0.597656 0.279948 0.593750 0.274740 0.592773 0.274740 0.588867 0.269531 0.586914 0.261719 0.585938 0.261719 0.584961 0.263021
0 0.567383 0.190104 0.557617 0.203125 0.556641 0.203125 0.552734 0.208333 0.550781 0.213542 0.550781 0.216146 0.549805 0.217448 0.549805 0.229167 0.550781 0.230469 0.550781 0.234375 0.551758 0.235677 0.551758 0.238281 0.557617 0.244792 0.560547 0.244792 0.561523 0.246094 0.572266 0.246094 0.573242 0.247396 0.575195 0.247396 0.576172 0.248698 0.578125 0.248698 0.580078 0.250000 0.581055 0.248698 0.583008 0.248698 0.584961 0.247396 0.589844 0.240885 0.589844 0.234375 0.593750 0.226562 0.592773 0.223958 0.592773 0.218750 0.591797 0.217448 0.591797 0.210938 0.590820 0.209635 0.590820 0.207031 0.589844 0.204427 0.587891 0.201823 0.583984 0.201823 0.581055 0.197917 0.581055 0.196615 0.580078 0.196615 0.576172 0.192708 0.574219 0.192708 0.572266 0.190104
0 0.621094 0.220052 0.614258 0.220052 0.613281 0.221354 0.611328 0.221354 0.603516 0.226562 0.599609 0.231771 0.596680 0.239583 0.593750 0.243490 0.593750 0.244792 0.589844 0.251302 0.589844 0.255208 0.588867 0.256510 0.588867 0.266927 0.593750 0.274740 0.594727 0.274740 0.598633 0.279948 0.600586 0.281250 0.605469 0.281250 0.606445 0.282552 0.607422 0.281250 0.610352 0.281250 0.614258 0.278646 0.617188 0.278646 0.622070 0.274740 0.625977 0.274740 0.627930 0.273438 0.631836 0.268229 0.633789 0.263021 0.633789 0.259115 0.634766 0.257812 0.634766 0.252604 0.635742 0.251302 0.635742 0.240885 0.633789 0.235677 0.630859 0.231771 0.630859 0.230469
0 0.656250 0.216146 0.648438 0.226562 0.645508 0.227865 0.643555 0.230469 0.641602 0.235677 0.641602 0.238281 0.639648 0.242188 0.639648 0.257812 0.640625 0.259115 0.640625 0.266927 0.643555 0.272135 0.646484 0.273438 0.649414 0.277344 0.654297 0.279948 0.656250 0.282552 0.660156 0.285156 0.669922 0.285156 0.673828 0.281250 0.674805 0.281250 0.682617 0.270833 0.683594 0.266927 0.686523 0.261719 0.686523 0.259115 0.687500 0.257812 0.687500 0.251302 0.686523 0.250000 0.686523 0.246094 0.685547 0.244792 0.685547 0.240885 0.684570 0.239583 0.684570 0.234375 0.683594 0.231771 0.681641 0.230469 0.673828 0.220052 0.671875 0.220052 0.668945 0.217448 0.661133 0.217448 0.660156 0.216146
0 0.638672 0.166667 0.637695 0.167969 0.634766 0.167969 0.628906 0.171875 0.622070 0.179688 0.620117 0.184896 0.620117 0.188802 0.619141 0.190104 0.619141 0.195312 0.617188 0.197917 0.614258 0.205729 0.616211 0.209635 0.616211 0.213542 0.618164 0.216146 0.619141 0.216146 0.621094 0.218750 0.625000 0.221354 0.627930 0.225260 0.631836 0.227865 0.635742 0.227865 0.636719 0.229167 0.641602 0.229167 0.645508 0.225260 0.645508 0.223958 0.649414 0.217448 0.655273 0.213542 0.658203 0.209635 0.660156 0.204427 0.660156 0.201823 0.661133 0.200521 0.662109 0.194010 0.660156 0.191406 0.660156 0.190104 0.656250 0.186198 0.656250 0.184896 0.647461 0.170573 0.643555 0.167969 0.639648 0.167969
0 0.602539 0.076823 0.596680 0.080729 0.588867 0.089844 0.587891 0.089844 0.587891 0.092448 0.586914 0.093750 0.586914 0.097656 0.585938 0.098958 0.585938 0.104167 0.583008 0.109375 0.583008 0.117188 0.590820 0.127604 0.590820 0.128906 0.593750 0.132812 0.599609 0.136719 0.602539 0.136719 0.603516 0.138021 0.607422 0.138021 0.608398 0.136719 0.611328 0.136719 0.612305 0.135417 0.615234 0.135417 0.616211 0.134115 0.618164 0.134115 0.621094 0.130208 0.621094 0.127604 0.623047 0.122396 0.623047 0.118490 0.624023 0.117188 0.624023 0.113281 0.625000 0.111979 0.625000 0.092448 0.623047 0.087240 0.621094 0.084635 0.621094 0.083333 0.618164 0.079427 0.616211 0.078125 0.610352 0.078125 0.609375 0.076823
0 0.663086 0.351562 0.662109 0.351562 0.659180 0.348958 0.655273 0.348958 0.651367 0.354167 0.644531 0.358073 0.642578 0.360677 0.637695 0.360677 0.636719 0.361979 0.631836 0.361979 0.626953 0.356771 0.624023 0.356771 0.623047 0.358073 0.623047 0.359375 0.622070 0.360677 0.622070 0.367188 0.623047 0.368490 0.625977 0.377604 0.628906 0.381510 0.628906 0.382812 0.630859 0.385417 0.631836 0.389323 0.635742 0.395833 0.640625 0.395833 0.641602 0.394531 0.645508 0.394531 0.648438 0.391927 0.650391 0.391927 0.652344 0.389323 0.655273 0.388021 0.657227 0.385417 0.657227 0.384115 0.659180 0.381510 0.660156 0.377604 0.662109 0.375000 0.662109 0.372396 0.664062 0.368490 0.664062 0.359375 0.665039 0.358073 0.665039 0.354167
